ISO-10303-21;
HEADER;
FILE_DESCRIPTION(('FreeCAD Model'),'2;1');
FILE_NAME('Open CASCADE Shape Model','2026-10-08T09:43:51',('FreeCAD'),(
    'FreeCAD'),'Open CASCADE STEP processor 7.8','FreeCAD','Unknown');
FILE_SCHEMA(('AUTOMOTIVE_DESIGN { 1 0 10303 214 1 1 1 1 }'));
ENDSEC;
DATA;
#1 = APPLICATION_PROTOCOL_DEFINITION('international standard',
  'automotive_design',2000,#2);
#2 = APPLICATION_CONTEXT(
  'core data for automotive mechanical design processes');
#3 = SHAPE_DEFINITION_REPRESENTATION(#4,#10);
#4 = PRODUCT_DEFINITION_SHAPE('','',#5);
#5 = PRODUCT_DEFINITION('design','',#6,#9);
#6 = PRODUCT_DEFINITION_FORMATION('','',#7);
#7 = PRODUCT('Open CASCADE STEP translator 7.8 4',
  'Open CASCADE STEP translator 7.8 4','',(#8));
#8 = PRODUCT_CONTEXT('',#2,'mechanical');
#9 = PRODUCT_DEFINITION_CONTEXT('part definition',#2,'design');
#10 = ADVANCED_BREP_SHAPE_REPRESENTATION('',(#11,#15),#5369);
#11 = AXIS2_PLACEMENT_3D('',#12,#13,#14);
#12 = CARTESIAN_POINT('',(0.,0.,0.));
#13 = DIRECTION('',(0.,0.,1.));
#14 = DIRECTION('',(1.,0.,-0.));
#15 = MANIFOLD_SOLID_BREP('',#16);
#16 = CLOSED_SHELL('',(#17,#45,#70,#79,#103,#131,#156,#165,#189,#229,
    #260,#291,#313,#359,#399,#430,#461,#483,#529,#569,#600,#631,#653,
    #699,#739,#770,#801,#823,#869,#1005,#1038,#1903,#1927,#1951,#1982,
    #2009,#2040,#2064,#2081,#2105,#2129,#2146,#2171,#2234,#2288,#2313,
    #2337,#2362,#2418,#2472,#2503,#2548,#2573,#2597,#2615,#2669,#2691,
    #2738,#2763,#2865,#2890,#2962,#3000,#3024,#3055,#3095,#3142,#3173,
    #3197,#3221,#3238,#3269,#3293,#3317,#3334,#3365,#3389,#3413,#3453,
    #3477,#3510,#3550,#3588,#3605,#3622,#3634,#3674,#3705,#3745,#3762,
    #3786,#3810,#3841,#3865,#3896,#3920,#3937,#3961,#3985,#4002,#4026,
    #4050,#4067,#4079,#4091,#4103,#4115,#4139,#4163,#4194,#4218,#4256,
    #4273,#4290,#4302,#4319,#4336,#4353,#4370,#4387,#4404,#4426,#4443,
    #4460,#4472,#4494,#4511,#4528,#4540,#4571,#4611,#4635,#4668,#4699,
    #4739,#4763,#4796,#4808,#4820,#4832,#4844,#4856,#4868,#4883,#4895,
    #4907,#4926,#4943,#4960,#4972,#5026,#5057,#5088,#5110,#5124,#5136,
    #5148,#5165,#5177,#5194,#5211,#5223,#5240,#5257,#5269,#5281));
#17 = ADVANCED_FACE('',(#18,#29),#40,.F.);
#18 = FACE_BOUND('',#19,.F.);
#19 = EDGE_LOOP('',(#20));
#20 = ORIENTED_EDGE('',*,*,#21,.T.);
#21 = EDGE_CURVE('',#22,#22,#24,.T.);
#22 = VERTEX_POINT('',#23);
#23 = CARTESIAN_POINT('',(6.3,26.25,-14.2));
#24 = CIRCLE('',#25,0.6);
#25 = AXIS2_PLACEMENT_3D('',#26,#27,#28);
#26 = CARTESIAN_POINT('',(5.7,26.25,-14.2));
#27 = DIRECTION('',(0.,0.,1.));
#28 = DIRECTION('',(1.,0.,-0.));
#29 = FACE_BOUND('',#30,.F.);
#30 = EDGE_LOOP('',(#31));
#31 = ORIENTED_EDGE('',*,*,#32,.T.);
#32 = EDGE_CURVE('',#33,#33,#35,.T.);
#33 = VERTEX_POINT('',#34);
#34 = CARTESIAN_POINT('',(5.11,26.25,-14.2));
#35 = CIRCLE('',#36,0.59);
#36 = AXIS2_PLACEMENT_3D('',#37,#38,#39);
#37 = CARTESIAN_POINT('',(5.7,26.25,-14.2));
#38 = DIRECTION('',(0.,0.,-1.));
#39 = DIRECTION('',(-1.,0.,-0.));
#40 = PLANE('',#41);
#41 = AXIS2_PLACEMENT_3D('',#42,#43,#44);
#42 = CARTESIAN_POINT('',(5.7,26.25,-14.2));
#43 = DIRECTION('',(0.,0.,1.));
#44 = DIRECTION('',(1.,0.,-0.));
#45 = ADVANCED_FACE('',(#46),#65,.T.);
#46 = FACE_BOUND('',#47,.T.);
#47 = EDGE_LOOP('',(#48,#56,#63,#64));
#48 = ORIENTED_EDGE('',*,*,#49,.T.);
#49 = EDGE_CURVE('',#33,#50,#52,.T.);
#50 = VERTEX_POINT('',#51);
#51 = CARTESIAN_POINT('',(5.4,26.25,-14.49));
#52 = LINE('',#53,#54);
#53 = CARTESIAN_POINT('',(5.1,26.25,-14.19));
#54 = VECTOR('',#55,1.);
#55 = DIRECTION('',(0.707106781187,1.731912112471E-16,-0.707106781187));
#56 = ORIENTED_EDGE('',*,*,#57,.F.);
#57 = EDGE_CURVE('',#50,#50,#58,.T.);
#58 = CIRCLE('',#59,0.3);
#59 = AXIS2_PLACEMENT_3D('',#60,#61,#62);
#60 = CARTESIAN_POINT('',(5.7,26.25,-14.49));
#61 = DIRECTION('',(0.,0.,-1.));
#62 = DIRECTION('',(-1.,0.,-0.));
#63 = ORIENTED_EDGE('',*,*,#49,.F.);
#64 = ORIENTED_EDGE('',*,*,#32,.T.);
#65 = CONICAL_SURFACE('',#66,0.6,0.785398163397);
#66 = AXIS2_PLACEMENT_3D('',#67,#68,#69);
#67 = CARTESIAN_POINT('',(5.7,26.25,-14.19));
#68 = DIRECTION('',(-0.,-0.,1.));
#69 = DIRECTION('',(-1.,0.,-0.));
#70 = ADVANCED_FACE('',(#71),#74,.T.);
#71 = FACE_BOUND('',#72,.T.);
#72 = EDGE_LOOP('',(#73));
#73 = ORIENTED_EDGE('',*,*,#57,.T.);
#74 = PLANE('',#75);
#75 = AXIS2_PLACEMENT_3D('',#76,#77,#78);
#76 = CARTESIAN_POINT('',(5.7,26.25,-14.49));
#77 = DIRECTION('',(0.,0.,-1.));
#78 = DIRECTION('',(-1.,0.,-0.));
#79 = ADVANCED_FACE('',(#80),#98,.T.);
#80 = FACE_BOUND('',#81,.T.);
#81 = EDGE_LOOP('',(#82,#83,#90,#97));
#82 = ORIENTED_EDGE('',*,*,#21,.T.);
#83 = ORIENTED_EDGE('',*,*,#84,.T.);
#84 = EDGE_CURVE('',#22,#85,#87,.T.);
#85 = VERTEX_POINT('',#86);
#86 = CARTESIAN_POINT('',(6.3,26.25,-12.5));
#87 = B_SPLINE_CURVE_WITH_KNOTS('',1,(#88,#89),.UNSPECIFIED.,.F.,.F.,(2,
    2),(0.,1.7),.PIECEWISE_BEZIER_KNOTS.);
#88 = CARTESIAN_POINT('',(6.3,26.25,-14.2));
#89 = CARTESIAN_POINT('',(6.3,26.25,-12.5));
#90 = ORIENTED_EDGE('',*,*,#91,.F.);
#91 = EDGE_CURVE('',#85,#85,#92,.T.);
#92 = CIRCLE('',#93,0.6);
#93 = AXIS2_PLACEMENT_3D('',#94,#95,#96);
#94 = CARTESIAN_POINT('',(5.7,26.25,-12.5));
#95 = DIRECTION('',(0.,0.,1.));
#96 = DIRECTION('',(1.,0.,-0.));
#97 = ORIENTED_EDGE('',*,*,#84,.F.);
#98 = CYLINDRICAL_SURFACE('',#99,0.6);
#99 = AXIS2_PLACEMENT_3D('',#100,#101,#102);
#100 = CARTESIAN_POINT('',(5.7,26.25,-14.2));
#101 = DIRECTION('',(0.,0.,1.));
#102 = DIRECTION('',(1.,0.,-0.));
#103 = ADVANCED_FACE('',(#104,#115),#126,.F.);
#104 = FACE_BOUND('',#105,.F.);
#105 = EDGE_LOOP('',(#106));
#106 = ORIENTED_EDGE('',*,*,#107,.T.);
#107 = EDGE_CURVE('',#108,#108,#110,.T.);
#108 = VERTEX_POINT('',#109);
#109 = CARTESIAN_POINT('',(-5.1,-26.25,-14.2));
#110 = CIRCLE('',#111,0.6);
#111 = AXIS2_PLACEMENT_3D('',#112,#113,#114);
#112 = CARTESIAN_POINT('',(-5.7,-26.25,-14.2));
#113 = DIRECTION('',(0.,0.,1.));
#114 = DIRECTION('',(1.,0.,-0.));
#115 = FACE_BOUND('',#116,.F.);
#116 = EDGE_LOOP('',(#117));
#117 = ORIENTED_EDGE('',*,*,#118,.T.);
#118 = EDGE_CURVE('',#119,#119,#121,.T.);
#119 = VERTEX_POINT('',#120);
#120 = CARTESIAN_POINT('',(-6.29,-26.25,-14.2));
#121 = CIRCLE('',#122,0.59);
#122 = AXIS2_PLACEMENT_3D('',#123,#124,#125);
#123 = CARTESIAN_POINT('',(-5.7,-26.25,-14.2));
#124 = DIRECTION('',(0.,0.,-1.));
#125 = DIRECTION('',(-1.,0.,-0.));
#126 = PLANE('',#127);
#127 = AXIS2_PLACEMENT_3D('',#128,#129,#130);
#128 = CARTESIAN_POINT('',(-5.7,-26.25,-14.2));
#129 = DIRECTION('',(0.,0.,1.));
#130 = DIRECTION('',(1.,0.,-0.));
#131 = ADVANCED_FACE('',(#132),#151,.T.);
#132 = FACE_BOUND('',#133,.T.);
#133 = EDGE_LOOP('',(#134,#142,#149,#150));
#134 = ORIENTED_EDGE('',*,*,#135,.T.);
#135 = EDGE_CURVE('',#119,#136,#138,.T.);
#136 = VERTEX_POINT('',#137);
#137 = CARTESIAN_POINT('',(-6.,-26.25,-14.49));
#138 = LINE('',#139,#140);
#139 = CARTESIAN_POINT('',(-6.3,-26.25,-14.19));
#140 = VECTOR('',#141,1.);
#141 = DIRECTION('',(0.707106781187,1.731912112471E-16,-0.707106781187)
  );
#142 = ORIENTED_EDGE('',*,*,#143,.F.);
#143 = EDGE_CURVE('',#136,#136,#144,.T.);
#144 = CIRCLE('',#145,0.3);
#145 = AXIS2_PLACEMENT_3D('',#146,#147,#148);
#146 = CARTESIAN_POINT('',(-5.7,-26.25,-14.49));
#147 = DIRECTION('',(0.,0.,-1.));
#148 = DIRECTION('',(-1.,0.,-0.));
#149 = ORIENTED_EDGE('',*,*,#135,.F.);
#150 = ORIENTED_EDGE('',*,*,#118,.T.);
#151 = CONICAL_SURFACE('',#152,0.6,0.785398163397);
#152 = AXIS2_PLACEMENT_3D('',#153,#154,#155);
#153 = CARTESIAN_POINT('',(-5.7,-26.25,-14.19));
#154 = DIRECTION('',(-0.,-0.,1.));
#155 = DIRECTION('',(-1.,0.,-0.));
#156 = ADVANCED_FACE('',(#157),#160,.T.);
#157 = FACE_BOUND('',#158,.T.);
#158 = EDGE_LOOP('',(#159));
#159 = ORIENTED_EDGE('',*,*,#143,.T.);
#160 = PLANE('',#161);
#161 = AXIS2_PLACEMENT_3D('',#162,#163,#164);
#162 = CARTESIAN_POINT('',(-5.7,-26.25,-14.49));
#163 = DIRECTION('',(0.,0.,-1.));
#164 = DIRECTION('',(-1.,0.,-0.));
#165 = ADVANCED_FACE('',(#166),#184,.T.);
#166 = FACE_BOUND('',#167,.T.);
#167 = EDGE_LOOP('',(#168,#169,#176,#183));
#168 = ORIENTED_EDGE('',*,*,#107,.T.);
#169 = ORIENTED_EDGE('',*,*,#170,.T.);
#170 = EDGE_CURVE('',#108,#171,#173,.T.);
#171 = VERTEX_POINT('',#172);
#172 = CARTESIAN_POINT('',(-5.1,-26.25,-12.5));
#173 = B_SPLINE_CURVE_WITH_KNOTS('',1,(#174,#175),.UNSPECIFIED.,.F.,.F.,
  (2,2),(0.,1.7),.PIECEWISE_BEZIER_KNOTS.);
#174 = CARTESIAN_POINT('',(-5.1,-26.25,-14.2));
#175 = CARTESIAN_POINT('',(-5.1,-26.25,-12.5));
#176 = ORIENTED_EDGE('',*,*,#177,.F.);
#177 = EDGE_CURVE('',#171,#171,#178,.T.);
#178 = CIRCLE('',#179,0.6);
#179 = AXIS2_PLACEMENT_3D('',#180,#181,#182);
#180 = CARTESIAN_POINT('',(-5.7,-26.25,-12.5));
#181 = DIRECTION('',(0.,0.,1.));
#182 = DIRECTION('',(1.,0.,-0.));
#183 = ORIENTED_EDGE('',*,*,#170,.F.);
#184 = CYLINDRICAL_SURFACE('',#185,0.6);
#185 = AXIS2_PLACEMENT_3D('',#186,#187,#188);
#186 = CARTESIAN_POINT('',(-5.7,-26.25,-14.2));
#187 = DIRECTION('',(0.,0.,1.));
#188 = DIRECTION('',(1.,0.,-0.));
#189 = ADVANCED_FACE('',(#190),#224,.T.);
#190 = FACE_BOUND('',#191,.T.);
#191 = EDGE_LOOP('',(#192,#202,#210,#218));
#192 = ORIENTED_EDGE('',*,*,#193,.F.);
#193 = EDGE_CURVE('',#194,#196,#198,.T.);
#194 = VERTEX_POINT('',#195);
#195 = CARTESIAN_POINT('',(-16.1,16.1,-7.82));
#196 = VERTEX_POINT('',#197);
#197 = CARTESIAN_POINT('',(-16.1,16.1,-7.8));
#198 = LINE('',#199,#200);
#199 = CARTESIAN_POINT('',(-16.1,16.1,-7.82));
#200 = VECTOR('',#201,1.);
#201 = DIRECTION('',(0.,0.,1.));
#202 = ORIENTED_EDGE('',*,*,#203,.F.);
#203 = EDGE_CURVE('',#204,#194,#206,.T.);
#204 = VERTEX_POINT('',#205);
#205 = CARTESIAN_POINT('',(-25.3,16.1,-7.82));
#206 = LINE('',#207,#208);
#207 = CARTESIAN_POINT('',(-25.3,16.1,-7.82));
#208 = VECTOR('',#209,1.);
#209 = DIRECTION('',(1.,0.,-0.));
#210 = ORIENTED_EDGE('',*,*,#211,.T.);
#211 = EDGE_CURVE('',#204,#212,#214,.T.);
#212 = VERTEX_POINT('',#213);
#213 = CARTESIAN_POINT('',(-25.3,16.1,-7.8));
#214 = LINE('',#215,#216);
#215 = CARTESIAN_POINT('',(-25.3,16.1,-7.82));
#216 = VECTOR('',#217,1.);
#217 = DIRECTION('',(0.,0.,1.));
#218 = ORIENTED_EDGE('',*,*,#219,.T.);
#219 = EDGE_CURVE('',#212,#196,#220,.T.);
#220 = LINE('',#221,#222);
#221 = CARTESIAN_POINT('',(-112.65,16.1,-7.8));
#222 = VECTOR('',#223,1.);
#223 = DIRECTION('',(1.,0.,-0.));
#224 = PLANE('',#225);
#225 = AXIS2_PLACEMENT_3D('',#226,#227,#228);
#226 = CARTESIAN_POINT('',(-25.3,16.1,-7.82));
#227 = DIRECTION('',(-0.,1.,0.));
#228 = DIRECTION('',(0.,0.,1.));
#229 = ADVANCED_FACE('',(#230),#255,.F.);
#230 = FACE_BOUND('',#231,.F.);
#231 = EDGE_LOOP('',(#232,#233,#241,#249));
#232 = ORIENTED_EDGE('',*,*,#193,.F.);
#233 = ORIENTED_EDGE('',*,*,#234,.T.);
#234 = EDGE_CURVE('',#194,#235,#237,.T.);
#235 = VERTEX_POINT('',#236);
#236 = CARTESIAN_POINT('',(-16.1,22.9,-7.82));
#237 = LINE('',#238,#239);
#238 = CARTESIAN_POINT('',(-16.1,16.1,-7.82));
#239 = VECTOR('',#240,1.);
#240 = DIRECTION('',(-0.,1.,0.));
#241 = ORIENTED_EDGE('',*,*,#242,.T.);
#242 = EDGE_CURVE('',#235,#243,#245,.T.);
#243 = VERTEX_POINT('',#244);
#244 = CARTESIAN_POINT('',(-16.1,22.9,-7.8));
#245 = LINE('',#246,#247);
#246 = CARTESIAN_POINT('',(-16.1,22.9,-7.82));
#247 = VECTOR('',#248,1.);
#248 = DIRECTION('',(0.,0.,1.));
#249 = ORIENTED_EDGE('',*,*,#250,.T.);
#250 = EDGE_CURVE('',#243,#196,#251,.T.);
#251 = LINE('',#252,#253);
#252 = CARTESIAN_POINT('',(-16.1,-91.95,-7.8));
#253 = VECTOR('',#254,1.);
#254 = DIRECTION('',(0.,-1.,0.));
#255 = PLANE('',#256);
#256 = AXIS2_PLACEMENT_3D('',#257,#258,#259);
#257 = CARTESIAN_POINT('',(-16.1,16.1,-7.82));
#258 = DIRECTION('',(1.,0.,-0.));
#259 = DIRECTION('',(0.,0.,1.));
#260 = ADVANCED_FACE('',(#261),#286,.F.);
#261 = FACE_BOUND('',#262,.F.);
#262 = EDGE_LOOP('',(#263,#264,#272,#280));
#263 = ORIENTED_EDGE('',*,*,#242,.F.);
#264 = ORIENTED_EDGE('',*,*,#265,.F.);
#265 = EDGE_CURVE('',#266,#235,#268,.T.);
#266 = VERTEX_POINT('',#267);
#267 = CARTESIAN_POINT('',(-25.3,22.9,-7.82));
#268 = LINE('',#269,#270);
#269 = CARTESIAN_POINT('',(-25.3,22.9,-7.82));
#270 = VECTOR('',#271,1.);
#271 = DIRECTION('',(1.,0.,-0.));
#272 = ORIENTED_EDGE('',*,*,#273,.T.);
#273 = EDGE_CURVE('',#266,#274,#276,.T.);
#274 = VERTEX_POINT('',#275);
#275 = CARTESIAN_POINT('',(-25.3,22.9,-7.8));
#276 = LINE('',#277,#278);
#277 = CARTESIAN_POINT('',(-25.3,22.9,-7.82));
#278 = VECTOR('',#279,1.);
#279 = DIRECTION('',(0.,0.,1.));
#280 = ORIENTED_EDGE('',*,*,#281,.T.);
#281 = EDGE_CURVE('',#274,#243,#282,.T.);
#282 = LINE('',#283,#284);
#283 = CARTESIAN_POINT('',(-112.65,22.9,-7.8));
#284 = VECTOR('',#285,1.);
#285 = DIRECTION('',(1.,0.,-0.));
#286 = PLANE('',#287);
#287 = AXIS2_PLACEMENT_3D('',#288,#289,#290);
#288 = CARTESIAN_POINT('',(-25.3,22.9,-7.82));
#289 = DIRECTION('',(-0.,1.,0.));
#290 = DIRECTION('',(0.,0.,1.));
#291 = ADVANCED_FACE('',(#292),#308,.T.);
#292 = FACE_BOUND('',#293,.T.);
#293 = EDGE_LOOP('',(#294,#295,#301,#302));
#294 = ORIENTED_EDGE('',*,*,#211,.F.);
#295 = ORIENTED_EDGE('',*,*,#296,.T.);
#296 = EDGE_CURVE('',#204,#266,#297,.T.);
#297 = LINE('',#298,#299);
#298 = CARTESIAN_POINT('',(-25.3,16.1,-7.82));
#299 = VECTOR('',#300,1.);
#300 = DIRECTION('',(-0.,1.,0.));
#301 = ORIENTED_EDGE('',*,*,#273,.T.);
#302 = ORIENTED_EDGE('',*,*,#303,.T.);
#303 = EDGE_CURVE('',#274,#212,#304,.T.);
#304 = LINE('',#305,#306);
#305 = CARTESIAN_POINT('',(-25.3,-91.95,-7.8));
#306 = VECTOR('',#307,1.);
#307 = DIRECTION('',(0.,-1.,0.));
#308 = PLANE('',#309);
#309 = AXIS2_PLACEMENT_3D('',#310,#311,#312);
#310 = CARTESIAN_POINT('',(-25.3,16.1,-7.82));
#311 = DIRECTION('',(1.,0.,-0.));
#312 = DIRECTION('',(0.,0.,1.));
#313 = ADVANCED_FACE('',(#314,#320),#354,.T.);
#314 = FACE_BOUND('',#315,.T.);
#315 = EDGE_LOOP('',(#316,#317,#318,#319));
#316 = ORIENTED_EDGE('',*,*,#296,.F.);
#317 = ORIENTED_EDGE('',*,*,#203,.T.);
#318 = ORIENTED_EDGE('',*,*,#234,.T.);
#319 = ORIENTED_EDGE('',*,*,#265,.F.);
#320 = FACE_BOUND('',#321,.T.);
#321 = EDGE_LOOP('',(#322,#332,#340,#348));
#322 = ORIENTED_EDGE('',*,*,#323,.F.);
#323 = EDGE_CURVE('',#324,#326,#328,.T.);
#324 = VERTEX_POINT('',#325);
#325 = CARTESIAN_POINT('',(-19.5,16.2,-7.82));
#326 = VERTEX_POINT('',#327);
#327 = CARTESIAN_POINT('',(-17.9,16.2,-7.82));
#328 = LINE('',#329,#330);
#329 = CARTESIAN_POINT('',(-22.4,16.2,-7.82));
#330 = VECTOR('',#331,1.);
#331 = DIRECTION('',(1.,0.,-0.));
#332 = ORIENTED_EDGE('',*,*,#333,.F.);
#333 = EDGE_CURVE('',#334,#324,#336,.T.);
#334 = VERTEX_POINT('',#335);
#335 = CARTESIAN_POINT('',(-19.5,18.8,-7.82));
#336 = LINE('',#337,#338);
#337 = CARTESIAN_POINT('',(-19.5,16.15,-7.82));
#338 = VECTOR('',#339,1.);
#339 = DIRECTION('',(0.,-1.,0.));
#340 = ORIENTED_EDGE('',*,*,#341,.T.);
#341 = EDGE_CURVE('',#334,#342,#344,.T.);
#342 = VERTEX_POINT('',#343);
#343 = CARTESIAN_POINT('',(-17.9,18.8,-7.82));
#344 = LINE('',#345,#346);
#345 = CARTESIAN_POINT('',(-22.4,18.8,-7.82));
#346 = VECTOR('',#347,1.);
#347 = DIRECTION('',(1.,0.,-0.));
#348 = ORIENTED_EDGE('',*,*,#349,.T.);
#349 = EDGE_CURVE('',#342,#326,#350,.T.);
#350 = LINE('',#351,#352);
#351 = CARTESIAN_POINT('',(-17.9,16.15,-7.82));
#352 = VECTOR('',#353,1.);
#353 = DIRECTION('',(0.,-1.,0.));
#354 = PLANE('',#355);
#355 = AXIS2_PLACEMENT_3D('',#356,#357,#358);
#356 = CARTESIAN_POINT('',(-25.3,16.1,-7.82));
#357 = DIRECTION('',(0.,0.,1.));
#358 = DIRECTION('',(1.,0.,-0.));
#359 = ADVANCED_FACE('',(#360),#394,.T.);
#360 = FACE_BOUND('',#361,.T.);
#361 = EDGE_LOOP('',(#362,#372,#380,#388));
#362 = ORIENTED_EDGE('',*,*,#363,.F.);
#363 = EDGE_CURVE('',#364,#366,#368,.T.);
#364 = VERTEX_POINT('',#365);
#365 = CARTESIAN_POINT('',(-16.1,-22.9,-7.82));
#366 = VERTEX_POINT('',#367);
#367 = CARTESIAN_POINT('',(-16.1,-22.9,-7.8));
#368 = LINE('',#369,#370);
#369 = CARTESIAN_POINT('',(-16.1,-22.9,-7.82));
#370 = VECTOR('',#371,1.);
#371 = DIRECTION('',(0.,0.,1.));
#372 = ORIENTED_EDGE('',*,*,#373,.F.);
#373 = EDGE_CURVE('',#374,#364,#376,.T.);
#374 = VERTEX_POINT('',#375);
#375 = CARTESIAN_POINT('',(-25.3,-22.9,-7.82));
#376 = LINE('',#377,#378);
#377 = CARTESIAN_POINT('',(-25.3,-22.9,-7.82));
#378 = VECTOR('',#379,1.);
#379 = DIRECTION('',(1.,0.,-0.));
#380 = ORIENTED_EDGE('',*,*,#381,.T.);
#381 = EDGE_CURVE('',#374,#382,#384,.T.);
#382 = VERTEX_POINT('',#383);
#383 = CARTESIAN_POINT('',(-25.3,-22.9,-7.8));
#384 = LINE('',#385,#386);
#385 = CARTESIAN_POINT('',(-25.3,-22.9,-7.82));
#386 = VECTOR('',#387,1.);
#387 = DIRECTION('',(0.,0.,1.));
#388 = ORIENTED_EDGE('',*,*,#389,.T.);
#389 = EDGE_CURVE('',#382,#366,#390,.T.);
#390 = LINE('',#391,#392);
#391 = CARTESIAN_POINT('',(-112.65,-22.9,-7.8));
#392 = VECTOR('',#393,1.);
#393 = DIRECTION('',(1.,0.,-0.));
#394 = PLANE('',#395);
#395 = AXIS2_PLACEMENT_3D('',#396,#397,#398);
#396 = CARTESIAN_POINT('',(-25.3,-22.9,-7.82));
#397 = DIRECTION('',(-0.,1.,0.));
#398 = DIRECTION('',(0.,0.,1.));
#399 = ADVANCED_FACE('',(#400),#425,.F.);
#400 = FACE_BOUND('',#401,.F.);
#401 = EDGE_LOOP('',(#402,#403,#411,#419));
#402 = ORIENTED_EDGE('',*,*,#363,.F.);
#403 = ORIENTED_EDGE('',*,*,#404,.T.);
#404 = EDGE_CURVE('',#364,#405,#407,.T.);
#405 = VERTEX_POINT('',#406);
#406 = CARTESIAN_POINT('',(-16.1,-16.1,-7.82));
#407 = LINE('',#408,#409);
#408 = CARTESIAN_POINT('',(-16.1,-22.9,-7.82));
#409 = VECTOR('',#410,1.);
#410 = DIRECTION('',(-0.,1.,0.));
#411 = ORIENTED_EDGE('',*,*,#412,.T.);
#412 = EDGE_CURVE('',#405,#413,#415,.T.);
#413 = VERTEX_POINT('',#414);
#414 = CARTESIAN_POINT('',(-16.1,-16.1,-7.8));
#415 = LINE('',#416,#417);
#416 = CARTESIAN_POINT('',(-16.1,-16.1,-7.82));
#417 = VECTOR('',#418,1.);
#418 = DIRECTION('',(0.,0.,1.));
#419 = ORIENTED_EDGE('',*,*,#420,.T.);
#420 = EDGE_CURVE('',#413,#366,#421,.T.);
#421 = LINE('',#422,#423);
#422 = CARTESIAN_POINT('',(-16.1,-111.45,-7.8));
#423 = VECTOR('',#424,1.);
#424 = DIRECTION('',(0.,-1.,0.));
#425 = PLANE('',#426);
#426 = AXIS2_PLACEMENT_3D('',#427,#428,#429);
#427 = CARTESIAN_POINT('',(-16.1,-22.9,-7.82));
#428 = DIRECTION('',(1.,0.,-0.));
#429 = DIRECTION('',(0.,0.,1.));
#430 = ADVANCED_FACE('',(#431),#456,.F.);
#431 = FACE_BOUND('',#432,.F.);
#432 = EDGE_LOOP('',(#433,#434,#442,#450));
#433 = ORIENTED_EDGE('',*,*,#412,.F.);
#434 = ORIENTED_EDGE('',*,*,#435,.F.);
#435 = EDGE_CURVE('',#436,#405,#438,.T.);
#436 = VERTEX_POINT('',#437);
#437 = CARTESIAN_POINT('',(-25.3,-16.1,-7.82));
#438 = LINE('',#439,#440);
#439 = CARTESIAN_POINT('',(-25.3,-16.1,-7.82));
#440 = VECTOR('',#441,1.);
#441 = DIRECTION('',(1.,0.,-0.));
#442 = ORIENTED_EDGE('',*,*,#443,.T.);
#443 = EDGE_CURVE('',#436,#444,#446,.T.);
#444 = VERTEX_POINT('',#445);
#445 = CARTESIAN_POINT('',(-25.3,-16.1,-7.8));
#446 = LINE('',#447,#448);
#447 = CARTESIAN_POINT('',(-25.3,-16.1,-7.82));
#448 = VECTOR('',#449,1.);
#449 = DIRECTION('',(0.,0.,1.));
#450 = ORIENTED_EDGE('',*,*,#451,.T.);
#451 = EDGE_CURVE('',#444,#413,#452,.T.);
#452 = LINE('',#453,#454);
#453 = CARTESIAN_POINT('',(-112.65,-16.1,-7.8));
#454 = VECTOR('',#455,1.);
#455 = DIRECTION('',(1.,0.,-0.));
#456 = PLANE('',#457);
#457 = AXIS2_PLACEMENT_3D('',#458,#459,#460);
#458 = CARTESIAN_POINT('',(-25.3,-16.1,-7.82));
#459 = DIRECTION('',(-0.,1.,0.));
#460 = DIRECTION('',(0.,0.,1.));
#461 = ADVANCED_FACE('',(#462),#478,.T.);
#462 = FACE_BOUND('',#463,.T.);
#463 = EDGE_LOOP('',(#464,#465,#471,#472));
#464 = ORIENTED_EDGE('',*,*,#381,.F.);
#465 = ORIENTED_EDGE('',*,*,#466,.T.);
#466 = EDGE_CURVE('',#374,#436,#467,.T.);
#467 = LINE('',#468,#469);
#468 = CARTESIAN_POINT('',(-25.3,-22.9,-7.82));
#469 = VECTOR('',#470,1.);
#470 = DIRECTION('',(-0.,1.,0.));
#471 = ORIENTED_EDGE('',*,*,#443,.T.);
#472 = ORIENTED_EDGE('',*,*,#473,.T.);
#473 = EDGE_CURVE('',#444,#382,#474,.T.);
#474 = LINE('',#475,#476);
#475 = CARTESIAN_POINT('',(-25.3,-111.45,-7.8));
#476 = VECTOR('',#477,1.);
#477 = DIRECTION('',(0.,-1.,0.));
#478 = PLANE('',#479);
#479 = AXIS2_PLACEMENT_3D('',#480,#481,#482);
#480 = CARTESIAN_POINT('',(-25.3,-22.9,-7.82));
#481 = DIRECTION('',(1.,0.,-0.));
#482 = DIRECTION('',(0.,0.,1.));
#483 = ADVANCED_FACE('',(#484,#490),#524,.T.);
#484 = FACE_BOUND('',#485,.T.);
#485 = EDGE_LOOP('',(#486,#487,#488,#489));
#486 = ORIENTED_EDGE('',*,*,#466,.F.);
#487 = ORIENTED_EDGE('',*,*,#373,.T.);
#488 = ORIENTED_EDGE('',*,*,#404,.T.);
#489 = ORIENTED_EDGE('',*,*,#435,.F.);
#490 = FACE_BOUND('',#491,.T.);
#491 = EDGE_LOOP('',(#492,#502,#510,#518));
#492 = ORIENTED_EDGE('',*,*,#493,.F.);
#493 = EDGE_CURVE('',#494,#496,#498,.T.);
#494 = VERTEX_POINT('',#495);
#495 = CARTESIAN_POINT('',(-19.5,-18.8,-7.82));
#496 = VERTEX_POINT('',#497);
#497 = CARTESIAN_POINT('',(-17.9,-18.8,-7.82));
#498 = LINE('',#499,#500);
#499 = CARTESIAN_POINT('',(-22.4,-18.8,-7.82));
#500 = VECTOR('',#501,1.);
#501 = DIRECTION('',(1.,0.,-0.));
#502 = ORIENTED_EDGE('',*,*,#503,.F.);
#503 = EDGE_CURVE('',#504,#494,#506,.T.);
#504 = VERTEX_POINT('',#505);
#505 = CARTESIAN_POINT('',(-19.5,-16.2,-7.82));
#506 = LINE('',#507,#508);
#507 = CARTESIAN_POINT('',(-19.5,-20.85,-7.82));
#508 = VECTOR('',#509,1.);
#509 = DIRECTION('',(0.,-1.,0.));
#510 = ORIENTED_EDGE('',*,*,#511,.T.);
#511 = EDGE_CURVE('',#504,#512,#514,.T.);
#512 = VERTEX_POINT('',#513);
#513 = CARTESIAN_POINT('',(-17.9,-16.2,-7.82));
#514 = LINE('',#515,#516);
#515 = CARTESIAN_POINT('',(-22.4,-16.2,-7.82));
#516 = VECTOR('',#517,1.);
#517 = DIRECTION('',(1.,0.,-0.));
#518 = ORIENTED_EDGE('',*,*,#519,.T.);
#519 = EDGE_CURVE('',#512,#496,#520,.T.);
#520 = LINE('',#521,#522);
#521 = CARTESIAN_POINT('',(-17.9,-20.85,-7.82));
#522 = VECTOR('',#523,1.);
#523 = DIRECTION('',(0.,-1.,0.));
#524 = PLANE('',#525);
#525 = AXIS2_PLACEMENT_3D('',#526,#527,#528);
#526 = CARTESIAN_POINT('',(-25.3,-22.9,-7.82));
#527 = DIRECTION('',(0.,0.,1.));
#528 = DIRECTION('',(1.,0.,-0.));
#529 = ADVANCED_FACE('',(#530),#564,.T.);
#530 = FACE_BOUND('',#531,.T.);
#531 = EDGE_LOOP('',(#532,#542,#550,#558));
#532 = ORIENTED_EDGE('',*,*,#533,.F.);
#533 = EDGE_CURVE('',#534,#536,#538,.T.);
#534 = VERTEX_POINT('',#535);
#535 = CARTESIAN_POINT('',(25.3,-22.9,-7.82));
#536 = VERTEX_POINT('',#537);
#537 = CARTESIAN_POINT('',(25.3,-22.9,-7.8));
#538 = LINE('',#539,#540);
#539 = CARTESIAN_POINT('',(25.3,-22.9,-7.82));
#540 = VECTOR('',#541,1.);
#541 = DIRECTION('',(0.,0.,1.));
#542 = ORIENTED_EDGE('',*,*,#543,.F.);
#543 = EDGE_CURVE('',#544,#534,#546,.T.);
#544 = VERTEX_POINT('',#545);
#545 = CARTESIAN_POINT('',(16.1,-22.9,-7.82));
#546 = LINE('',#547,#548);
#547 = CARTESIAN_POINT('',(16.1,-22.9,-7.82));
#548 = VECTOR('',#549,1.);
#549 = DIRECTION('',(1.,0.,-0.));
#550 = ORIENTED_EDGE('',*,*,#551,.T.);
#551 = EDGE_CURVE('',#544,#552,#554,.T.);
#552 = VERTEX_POINT('',#553);
#553 = CARTESIAN_POINT('',(16.1,-22.9,-7.8));
#554 = LINE('',#555,#556);
#555 = CARTESIAN_POINT('',(16.1,-22.9,-7.82));
#556 = VECTOR('',#557,1.);
#557 = DIRECTION('',(0.,0.,1.));
#558 = ORIENTED_EDGE('',*,*,#559,.T.);
#559 = EDGE_CURVE('',#552,#536,#560,.T.);
#560 = LINE('',#561,#562);
#561 = CARTESIAN_POINT('',(-91.95,-22.9,-7.8));
#562 = VECTOR('',#563,1.);
#563 = DIRECTION('',(1.,0.,-0.));
#564 = PLANE('',#565);
#565 = AXIS2_PLACEMENT_3D('',#566,#567,#568);
#566 = CARTESIAN_POINT('',(16.1,-22.9,-7.82));
#567 = DIRECTION('',(-0.,1.,0.));
#568 = DIRECTION('',(0.,0.,1.));
#569 = ADVANCED_FACE('',(#570),#595,.F.);
#570 = FACE_BOUND('',#571,.F.);
#571 = EDGE_LOOP('',(#572,#573,#581,#589));
#572 = ORIENTED_EDGE('',*,*,#533,.F.);
#573 = ORIENTED_EDGE('',*,*,#574,.T.);
#574 = EDGE_CURVE('',#534,#575,#577,.T.);
#575 = VERTEX_POINT('',#576);
#576 = CARTESIAN_POINT('',(25.3,-16.1,-7.82));
#577 = LINE('',#578,#579);
#578 = CARTESIAN_POINT('',(25.3,-22.9,-7.82));
#579 = VECTOR('',#580,1.);
#580 = DIRECTION('',(-0.,1.,0.));
#581 = ORIENTED_EDGE('',*,*,#582,.T.);
#582 = EDGE_CURVE('',#575,#583,#585,.T.);
#583 = VERTEX_POINT('',#584);
#584 = CARTESIAN_POINT('',(25.3,-16.1,-7.8));
#585 = LINE('',#586,#587);
#586 = CARTESIAN_POINT('',(25.3,-16.1,-7.82));
#587 = VECTOR('',#588,1.);
#588 = DIRECTION('',(0.,0.,1.));
#589 = ORIENTED_EDGE('',*,*,#590,.T.);
#590 = EDGE_CURVE('',#583,#536,#591,.T.);
#591 = LINE('',#592,#593);
#592 = CARTESIAN_POINT('',(25.3,-111.45,-7.8));
#593 = VECTOR('',#594,1.);
#594 = DIRECTION('',(0.,-1.,0.));
#595 = PLANE('',#596);
#596 = AXIS2_PLACEMENT_3D('',#597,#598,#599);
#597 = CARTESIAN_POINT('',(25.3,-22.9,-7.82));
#598 = DIRECTION('',(1.,0.,-0.));
#599 = DIRECTION('',(0.,0.,1.));
#600 = ADVANCED_FACE('',(#601),#626,.F.);
#601 = FACE_BOUND('',#602,.F.);
#602 = EDGE_LOOP('',(#603,#604,#612,#620));
#603 = ORIENTED_EDGE('',*,*,#582,.F.);
#604 = ORIENTED_EDGE('',*,*,#605,.F.);
#605 = EDGE_CURVE('',#606,#575,#608,.T.);
#606 = VERTEX_POINT('',#607);
#607 = CARTESIAN_POINT('',(16.1,-16.1,-7.82));
#608 = LINE('',#609,#610);
#609 = CARTESIAN_POINT('',(16.1,-16.1,-7.82));
#610 = VECTOR('',#611,1.);
#611 = DIRECTION('',(1.,0.,-0.));
#612 = ORIENTED_EDGE('',*,*,#613,.T.);
#613 = EDGE_CURVE('',#606,#614,#616,.T.);
#614 = VERTEX_POINT('',#615);
#615 = CARTESIAN_POINT('',(16.1,-16.1,-7.8));
#616 = LINE('',#617,#618);
#617 = CARTESIAN_POINT('',(16.1,-16.1,-7.82));
#618 = VECTOR('',#619,1.);
#619 = DIRECTION('',(0.,0.,1.));
#620 = ORIENTED_EDGE('',*,*,#621,.T.);
#621 = EDGE_CURVE('',#614,#583,#622,.T.);
#622 = LINE('',#623,#624);
#623 = CARTESIAN_POINT('',(-91.95,-16.1,-7.8));
#624 = VECTOR('',#625,1.);
#625 = DIRECTION('',(1.,0.,-0.));
#626 = PLANE('',#627);
#627 = AXIS2_PLACEMENT_3D('',#628,#629,#630);
#628 = CARTESIAN_POINT('',(16.1,-16.1,-7.82));
#629 = DIRECTION('',(-0.,1.,0.));
#630 = DIRECTION('',(0.,0.,1.));
#631 = ADVANCED_FACE('',(#632),#648,.T.);
#632 = FACE_BOUND('',#633,.T.);
#633 = EDGE_LOOP('',(#634,#635,#641,#642));
#634 = ORIENTED_EDGE('',*,*,#551,.F.);
#635 = ORIENTED_EDGE('',*,*,#636,.T.);
#636 = EDGE_CURVE('',#544,#606,#637,.T.);
#637 = LINE('',#638,#639);
#638 = CARTESIAN_POINT('',(16.1,-22.9,-7.82));
#639 = VECTOR('',#640,1.);
#640 = DIRECTION('',(-0.,1.,0.));
#641 = ORIENTED_EDGE('',*,*,#613,.T.);
#642 = ORIENTED_EDGE('',*,*,#643,.T.);
#643 = EDGE_CURVE('',#614,#552,#644,.T.);
#644 = LINE('',#645,#646);
#645 = CARTESIAN_POINT('',(16.1,-111.45,-7.8));
#646 = VECTOR('',#647,1.);
#647 = DIRECTION('',(0.,-1.,0.));
#648 = PLANE('',#649);
#649 = AXIS2_PLACEMENT_3D('',#650,#651,#652);
#650 = CARTESIAN_POINT('',(16.1,-22.9,-7.82));
#651 = DIRECTION('',(1.,0.,-0.));
#652 = DIRECTION('',(0.,0.,1.));
#653 = ADVANCED_FACE('',(#654,#660),#694,.T.);
#654 = FACE_BOUND('',#655,.T.);
#655 = EDGE_LOOP('',(#656,#657,#658,#659));
#656 = ORIENTED_EDGE('',*,*,#636,.F.);
#657 = ORIENTED_EDGE('',*,*,#543,.T.);
#658 = ORIENTED_EDGE('',*,*,#574,.T.);
#659 = ORIENTED_EDGE('',*,*,#605,.F.);
#660 = FACE_BOUND('',#661,.T.);
#661 = EDGE_LOOP('',(#662,#672,#680,#688));
#662 = ORIENTED_EDGE('',*,*,#663,.F.);
#663 = EDGE_CURVE('',#664,#666,#668,.T.);
#664 = VERTEX_POINT('',#665);
#665 = CARTESIAN_POINT('',(19.5,-16.2,-7.82));
#666 = VERTEX_POINT('',#667);
#667 = CARTESIAN_POINT('',(17.9,-16.2,-7.82));
#668 = LINE('',#669,#670);
#669 = CARTESIAN_POINT('',(16.954380141011,-16.2,-7.82));
#670 = VECTOR('',#671,1.);
#671 = DIRECTION('',(-1.,0.,0.));
#672 = ORIENTED_EDGE('',*,*,#673,.T.);
#673 = EDGE_CURVE('',#664,#674,#676,.T.);
#674 = VERTEX_POINT('',#675);
#675 = CARTESIAN_POINT('',(19.5,-18.8,-7.82));
#676 = LINE('',#677,#678);
#677 = CARTESIAN_POINT('',(19.5,-20.85,-7.82));
#678 = VECTOR('',#679,1.);
#679 = DIRECTION('',(0.,-1.,0.));
#680 = ORIENTED_EDGE('',*,*,#681,.F.);
#681 = EDGE_CURVE('',#682,#674,#684,.T.);
#682 = VERTEX_POINT('',#683);
#683 = CARTESIAN_POINT('',(17.9,-18.8,-7.82));
#684 = LINE('',#685,#686);
#685 = CARTESIAN_POINT('',(17.,-18.8,-7.82));
#686 = VECTOR('',#687,1.);
#687 = DIRECTION('',(1.,0.,-0.));
#688 = ORIENTED_EDGE('',*,*,#689,.F.);
#689 = EDGE_CURVE('',#666,#682,#690,.T.);
#690 = LINE('',#691,#692);
#691 = CARTESIAN_POINT('',(17.9,-20.85,-7.82));
#692 = VECTOR('',#693,1.);
#693 = DIRECTION('',(0.,-1.,0.));
#694 = PLANE('',#695);
#695 = AXIS2_PLACEMENT_3D('',#696,#697,#698);
#696 = CARTESIAN_POINT('',(16.1,-22.9,-7.82));
#697 = DIRECTION('',(0.,0.,1.));
#698 = DIRECTION('',(1.,0.,-0.));
#699 = ADVANCED_FACE('',(#700),#734,.T.);
#700 = FACE_BOUND('',#701,.T.);
#701 = EDGE_LOOP('',(#702,#712,#720,#728));
#702 = ORIENTED_EDGE('',*,*,#703,.F.);
#703 = EDGE_CURVE('',#704,#706,#708,.T.);
#704 = VERTEX_POINT('',#705);
#705 = CARTESIAN_POINT('',(25.3,16.1,-7.82));
#706 = VERTEX_POINT('',#707);
#707 = CARTESIAN_POINT('',(25.3,16.1,-7.8));
#708 = LINE('',#709,#710);
#709 = CARTESIAN_POINT('',(25.3,16.1,-7.82));
#710 = VECTOR('',#711,1.);
#711 = DIRECTION('',(0.,0.,1.));
#712 = ORIENTED_EDGE('',*,*,#713,.F.);
#713 = EDGE_CURVE('',#714,#704,#716,.T.);
#714 = VERTEX_POINT('',#715);
#715 = CARTESIAN_POINT('',(16.1,16.1,-7.82));
#716 = LINE('',#717,#718);
#717 = CARTESIAN_POINT('',(16.1,16.1,-7.82));
#718 = VECTOR('',#719,1.);
#719 = DIRECTION('',(1.,0.,-0.));
#720 = ORIENTED_EDGE('',*,*,#721,.T.);
#721 = EDGE_CURVE('',#714,#722,#724,.T.);
#722 = VERTEX_POINT('',#723);
#723 = CARTESIAN_POINT('',(16.1,16.1,-7.8));
#724 = LINE('',#725,#726);
#725 = CARTESIAN_POINT('',(16.1,16.1,-7.82));
#726 = VECTOR('',#727,1.);
#727 = DIRECTION('',(0.,0.,1.));
#728 = ORIENTED_EDGE('',*,*,#729,.T.);
#729 = EDGE_CURVE('',#722,#706,#730,.T.);
#730 = LINE('',#731,#732);
#731 = CARTESIAN_POINT('',(-91.95,16.1,-7.8));
#732 = VECTOR('',#733,1.);
#733 = DIRECTION('',(1.,0.,-0.));
#734 = PLANE('',#735);
#735 = AXIS2_PLACEMENT_3D('',#736,#737,#738);
#736 = CARTESIAN_POINT('',(16.1,16.1,-7.82));
#737 = DIRECTION('',(-0.,1.,0.));
#738 = DIRECTION('',(0.,0.,1.));
#739 = ADVANCED_FACE('',(#740),#765,.F.);
#740 = FACE_BOUND('',#741,.F.);
#741 = EDGE_LOOP('',(#742,#743,#751,#759));
#742 = ORIENTED_EDGE('',*,*,#703,.F.);
#743 = ORIENTED_EDGE('',*,*,#744,.T.);
#744 = EDGE_CURVE('',#704,#745,#747,.T.);
#745 = VERTEX_POINT('',#746);
#746 = CARTESIAN_POINT('',(25.3,22.9,-7.82));
#747 = LINE('',#748,#749);
#748 = CARTESIAN_POINT('',(25.3,16.1,-7.82));
#749 = VECTOR('',#750,1.);
#750 = DIRECTION('',(-0.,1.,0.));
#751 = ORIENTED_EDGE('',*,*,#752,.T.);
#752 = EDGE_CURVE('',#745,#753,#755,.T.);
#753 = VERTEX_POINT('',#754);
#754 = CARTESIAN_POINT('',(25.3,22.9,-7.8));
#755 = LINE('',#756,#757);
#756 = CARTESIAN_POINT('',(25.3,22.9,-7.82));
#757 = VECTOR('',#758,1.);
#758 = DIRECTION('',(0.,0.,1.));
#759 = ORIENTED_EDGE('',*,*,#760,.T.);
#760 = EDGE_CURVE('',#753,#706,#761,.T.);
#761 = LINE('',#762,#763);
#762 = CARTESIAN_POINT('',(25.3,-91.95,-7.8));
#763 = VECTOR('',#764,1.);
#764 = DIRECTION('',(0.,-1.,0.));
#765 = PLANE('',#766);
#766 = AXIS2_PLACEMENT_3D('',#767,#768,#769);
#767 = CARTESIAN_POINT('',(25.3,16.1,-7.82));
#768 = DIRECTION('',(1.,0.,-0.));
#769 = DIRECTION('',(0.,0.,1.));
#770 = ADVANCED_FACE('',(#771),#796,.F.);
#771 = FACE_BOUND('',#772,.F.);
#772 = EDGE_LOOP('',(#773,#774,#782,#790));
#773 = ORIENTED_EDGE('',*,*,#752,.F.);
#774 = ORIENTED_EDGE('',*,*,#775,.F.);
#775 = EDGE_CURVE('',#776,#745,#778,.T.);
#776 = VERTEX_POINT('',#777);
#777 = CARTESIAN_POINT('',(16.1,22.9,-7.82));
#778 = LINE('',#779,#780);
#779 = CARTESIAN_POINT('',(16.1,22.9,-7.82));
#780 = VECTOR('',#781,1.);
#781 = DIRECTION('',(1.,0.,-0.));
#782 = ORIENTED_EDGE('',*,*,#783,.T.);
#783 = EDGE_CURVE('',#776,#784,#786,.T.);
#784 = VERTEX_POINT('',#785);
#785 = CARTESIAN_POINT('',(16.1,22.9,-7.8));
#786 = LINE('',#787,#788);
#787 = CARTESIAN_POINT('',(16.1,22.9,-7.82));
#788 = VECTOR('',#789,1.);
#789 = DIRECTION('',(0.,0.,1.));
#790 = ORIENTED_EDGE('',*,*,#791,.T.);
#791 = EDGE_CURVE('',#784,#753,#792,.T.);
#792 = LINE('',#793,#794);
#793 = CARTESIAN_POINT('',(-91.95,22.9,-7.8));
#794 = VECTOR('',#795,1.);
#795 = DIRECTION('',(1.,0.,-0.));
#796 = PLANE('',#797);
#797 = AXIS2_PLACEMENT_3D('',#798,#799,#800);
#798 = CARTESIAN_POINT('',(16.1,22.9,-7.82));
#799 = DIRECTION('',(-0.,1.,0.));
#800 = DIRECTION('',(0.,0.,1.));
#801 = ADVANCED_FACE('',(#802),#818,.T.);
#802 = FACE_BOUND('',#803,.T.);
#803 = EDGE_LOOP('',(#804,#805,#811,#812));
#804 = ORIENTED_EDGE('',*,*,#721,.F.);
#805 = ORIENTED_EDGE('',*,*,#806,.T.);
#806 = EDGE_CURVE('',#714,#776,#807,.T.);
#807 = LINE('',#808,#809);
#808 = CARTESIAN_POINT('',(16.1,16.1,-7.82));
#809 = VECTOR('',#810,1.);
#810 = DIRECTION('',(-0.,1.,0.));
#811 = ORIENTED_EDGE('',*,*,#783,.T.);
#812 = ORIENTED_EDGE('',*,*,#813,.T.);
#813 = EDGE_CURVE('',#784,#722,#814,.T.);
#814 = LINE('',#815,#816);
#815 = CARTESIAN_POINT('',(16.1,-91.95,-7.8));
#816 = VECTOR('',#817,1.);
#817 = DIRECTION('',(0.,-1.,0.));
#818 = PLANE('',#819);
#819 = AXIS2_PLACEMENT_3D('',#820,#821,#822);
#820 = CARTESIAN_POINT('',(16.1,16.1,-7.82));
#821 = DIRECTION('',(1.,0.,-0.));
#822 = DIRECTION('',(0.,0.,1.));
#823 = ADVANCED_FACE('',(#824,#830),#864,.T.);
#824 = FACE_BOUND('',#825,.T.);
#825 = EDGE_LOOP('',(#826,#827,#828,#829));
#826 = ORIENTED_EDGE('',*,*,#806,.F.);
#827 = ORIENTED_EDGE('',*,*,#713,.T.);
#828 = ORIENTED_EDGE('',*,*,#744,.T.);
#829 = ORIENTED_EDGE('',*,*,#775,.F.);
#830 = FACE_BOUND('',#831,.T.);
#831 = EDGE_LOOP('',(#832,#842,#850,#858));
#832 = ORIENTED_EDGE('',*,*,#833,.T.);
#833 = EDGE_CURVE('',#834,#836,#838,.T.);
#834 = VERTEX_POINT('',#835);
#835 = CARTESIAN_POINT('',(17.9,18.8,-7.82));
#836 = VERTEX_POINT('',#837);
#837 = CARTESIAN_POINT('',(19.5,18.8,-7.82));
#838 = LINE('',#839,#840);
#839 = CARTESIAN_POINT('',(17.,18.8,-7.82));
#840 = VECTOR('',#841,1.);
#841 = DIRECTION('',(1.,0.,-0.));
#842 = ORIENTED_EDGE('',*,*,#843,.T.);
#843 = EDGE_CURVE('',#836,#844,#846,.T.);
#844 = VERTEX_POINT('',#845);
#845 = CARTESIAN_POINT('',(19.5,16.2,-7.82));
#846 = LINE('',#847,#848);
#847 = CARTESIAN_POINT('',(19.5,16.15,-7.82));
#848 = VECTOR('',#849,1.);
#849 = DIRECTION('',(0.,-1.,0.));
#850 = ORIENTED_EDGE('',*,*,#851,.F.);
#851 = EDGE_CURVE('',#852,#844,#854,.T.);
#852 = VERTEX_POINT('',#853);
#853 = CARTESIAN_POINT('',(17.9,16.2,-7.82));
#854 = LINE('',#855,#856);
#855 = CARTESIAN_POINT('',(17.355346809086,16.2,-7.82));
#856 = VECTOR('',#857,1.);
#857 = DIRECTION('',(1.,0.,0.));
#858 = ORIENTED_EDGE('',*,*,#859,.F.);
#859 = EDGE_CURVE('',#834,#852,#860,.T.);
#860 = LINE('',#861,#862);
#861 = CARTESIAN_POINT('',(17.9,16.15,-7.82));
#862 = VECTOR('',#863,1.);
#863 = DIRECTION('',(0.,-1.,0.));
#864 = PLANE('',#865);
#865 = AXIS2_PLACEMENT_3D('',#866,#867,#868);
#866 = CARTESIAN_POINT('',(16.1,16.1,-7.82));
#867 = DIRECTION('',(0.,0.,1.));
#868 = DIRECTION('',(1.,0.,-0.));
#869 = ADVANCED_FACE('',(#870),#1000,.T.);
#870 = FACE_BOUND('',#871,.T.);
#871 = EDGE_LOOP('',(#872,#882,#890,#898,#906,#914,#922,#930,#938,#946,
    #954,#962,#970,#978,#986,#994));
#872 = ORIENTED_EDGE('',*,*,#873,.F.);
#873 = EDGE_CURVE('',#874,#876,#878,.T.);
#874 = VERTEX_POINT('',#875);
#875 = CARTESIAN_POINT('',(9.875,-24.95,-7.8));
#876 = VERTEX_POINT('',#877);
#877 = CARTESIAN_POINT('',(-9.875,-24.95,-7.8));
#878 = LINE('',#879,#880);
#879 = CARTESIAN_POINT('',(-4.9375,-24.95,-7.8));
#880 = VECTOR('',#881,1.);
#881 = DIRECTION('',(-1.,0.,0.));
#882 = ORIENTED_EDGE('',*,*,#883,.F.);
#883 = EDGE_CURVE('',#884,#874,#886,.T.);
#884 = VERTEX_POINT('',#885);
#885 = CARTESIAN_POINT('',(9.875,-24.95,-9.));
#886 = LINE('',#887,#888);
#887 = CARTESIAN_POINT('',(9.875,-24.95,-10.));
#888 = VECTOR('',#889,1.);
#889 = DIRECTION('',(0.,0.,1.));
#890 = ORIENTED_EDGE('',*,*,#891,.T.);
#891 = EDGE_CURVE('',#884,#892,#894,.T.);
#892 = VERTEX_POINT('',#893);
#893 = CARTESIAN_POINT('',(7.,-24.95,-9.));
#894 = LINE('',#895,#896);
#895 = CARTESIAN_POINT('',(-4.9375,-24.95,-9.));
#896 = VECTOR('',#897,1.);
#897 = DIRECTION('',(-1.,0.,0.));
#898 = ORIENTED_EDGE('',*,*,#899,.F.);
#899 = EDGE_CURVE('',#900,#892,#902,.T.);
#900 = VERTEX_POINT('',#901);
#901 = CARTESIAN_POINT('',(7.,-24.95,-12.5));
#902 = LINE('',#903,#904);
#903 = CARTESIAN_POINT('',(7.,-24.95,-12.00140151515));
#904 = VECTOR('',#905,1.);
#905 = DIRECTION('',(0.,0.,1.));
#906 = ORIENTED_EDGE('',*,*,#907,.F.);
#907 = EDGE_CURVE('',#908,#900,#910,.T.);
#908 = VERTEX_POINT('',#909);
#909 = CARTESIAN_POINT('',(4.5,-24.95,-12.5));
#910 = LINE('',#911,#912);
#911 = CARTESIAN_POINT('',(-9.875,-24.95,-12.5));
#912 = VECTOR('',#913,1.);
#913 = DIRECTION('',(1.,0.,0.));
#914 = ORIENTED_EDGE('',*,*,#915,.T.);
#915 = EDGE_CURVE('',#908,#916,#918,.T.);
#916 = VERTEX_POINT('',#917);
#917 = CARTESIAN_POINT('',(4.5,-24.95,-9.));
#918 = LINE('',#919,#920);
#919 = CARTESIAN_POINT('',(4.5,-24.95,-13.5));
#920 = VECTOR('',#921,1.);
#921 = DIRECTION('',(0.,0.,1.));
#922 = ORIENTED_EDGE('',*,*,#923,.T.);
#923 = EDGE_CURVE('',#916,#924,#926,.T.);
#924 = VERTEX_POINT('',#925);
#925 = CARTESIAN_POINT('',(-4.5,-24.95,-9.));
#926 = LINE('',#927,#928);
#927 = CARTESIAN_POINT('',(-4.9375,-24.95,-9.));
#928 = VECTOR('',#929,1.);
#929 = DIRECTION('',(-1.,0.,0.));
#930 = ORIENTED_EDGE('',*,*,#931,.F.);
#931 = EDGE_CURVE('',#932,#924,#934,.T.);
#932 = VERTEX_POINT('',#933);
#933 = CARTESIAN_POINT('',(-4.5,-24.95,-12.49));
#934 = LINE('',#935,#936);
#935 = CARTESIAN_POINT('',(-4.5,-24.95,-13.5));
#936 = VECTOR('',#937,1.);
#937 = DIRECTION('',(0.,0.,1.));
#938 = ORIENTED_EDGE('',*,*,#939,.F.);
#939 = EDGE_CURVE('',#940,#932,#942,.T.);
#940 = VERTEX_POINT('',#941);
#941 = CARTESIAN_POINT('',(-4.2,-24.95,-12.49));
#942 = LINE('',#943,#944);
#943 = CARTESIAN_POINT('',(-7.789166666667,-24.95,-12.49));
#944 = VECTOR('',#945,1.);
#945 = DIRECTION('',(-1.,0.,0.));
#946 = ORIENTED_EDGE('',*,*,#947,.F.);
#947 = EDGE_CURVE('',#948,#940,#950,.T.);
#948 = VERTEX_POINT('',#949);
#949 = CARTESIAN_POINT('',(-4.2,-24.95,-12.5));
#950 = LINE('',#951,#952);
#951 = CARTESIAN_POINT('',(-4.2,-24.95,-12.35095959596));
#952 = VECTOR('',#953,1.);
#953 = DIRECTION('',(0.,0.,1.));
#954 = ORIENTED_EDGE('',*,*,#955,.F.);
#955 = EDGE_CURVE('',#956,#948,#958,.T.);
#956 = VERTEX_POINT('',#957);
#957 = CARTESIAN_POINT('',(-7.2,-24.95,-12.5));
#958 = LINE('',#959,#960);
#959 = CARTESIAN_POINT('',(-9.875,-24.95,-12.5));
#960 = VECTOR('',#961,1.);
#961 = DIRECTION('',(1.,0.,0.));
#962 = ORIENTED_EDGE('',*,*,#963,.F.);
#963 = EDGE_CURVE('',#964,#956,#966,.T.);
#964 = VERTEX_POINT('',#965);
#965 = CARTESIAN_POINT('',(-7.2,-24.95,-12.49));
#966 = LINE('',#967,#968);
#967 = CARTESIAN_POINT('',(-7.2,-24.95,-12.35095959596));
#968 = VECTOR('',#969,1.);
#969 = DIRECTION('',(0.,0.,-1.));
#970 = ORIENTED_EDGE('',*,*,#971,.F.);
#971 = EDGE_CURVE('',#972,#964,#974,.T.);
#972 = VERTEX_POINT('',#973);
#973 = CARTESIAN_POINT('',(-7.,-24.95,-12.49));
#974 = LINE('',#975,#976);
#975 = CARTESIAN_POINT('',(-7.789166666667,-24.95,-12.49));
#976 = VECTOR('',#977,1.);
#977 = DIRECTION('',(-1.,0.,0.));
#978 = ORIENTED_EDGE('',*,*,#979,.T.);
#979 = EDGE_CURVE('',#972,#980,#982,.T.);
#980 = VERTEX_POINT('',#981);
#981 = CARTESIAN_POINT('',(-7.,-24.95,-9.));
#982 = LINE('',#983,#984);
#983 = CARTESIAN_POINT('',(-7.,-24.95,-13.5));
#984 = VECTOR('',#985,1.);
#985 = DIRECTION('',(0.,0.,1.));
#986 = ORIENTED_EDGE('',*,*,#987,.T.);
#987 = EDGE_CURVE('',#980,#988,#990,.T.);
#988 = VERTEX_POINT('',#989);
#989 = CARTESIAN_POINT('',(-9.875,-24.95,-9.));
#990 = LINE('',#991,#992);
#991 = CARTESIAN_POINT('',(-4.9375,-24.95,-9.));
#992 = VECTOR('',#993,1.);
#993 = DIRECTION('',(-1.,0.,0.));
#994 = ORIENTED_EDGE('',*,*,#995,.T.);
#995 = EDGE_CURVE('',#988,#876,#996,.T.);
#996 = LINE('',#997,#998);
#997 = CARTESIAN_POINT('',(-9.875,-24.95,-10.));
#998 = VECTOR('',#999,1.);
#999 = DIRECTION('',(0.,0.,1.));
#1000 = PLANE('',#1001);
#1001 = AXIS2_PLACEMENT_3D('',#1002,#1003,#1004);
#1002 = CARTESIAN_POINT('',(-9.569722514928E-02,-24.95,-9.355756937127)
  );
#1003 = DIRECTION('',(0.,1.,0.));
#1004 = DIRECTION('',(0.,-0.,1.));
#1005 = ADVANCED_FACE('',(#1006),#1033,.F.);
#1006 = FACE_BOUND('',#1007,.T.);
#1007 = EDGE_LOOP('',(#1008,#1017,#1025,#1032));
#1008 = ORIENTED_EDGE('',*,*,#1009,.T.);
#1009 = EDGE_CURVE('',#988,#1010,#1012,.T.);
#1010 = VERTEX_POINT('',#1011);
#1011 = CARTESIAN_POINT('',(-14.975,-19.85,-9.));
#1012 = CIRCLE('',#1013,5.1);
#1013 = AXIS2_PLACEMENT_3D('',#1014,#1015,#1016);
#1014 = CARTESIAN_POINT('',(-9.875,-19.85,-9.));
#1015 = DIRECTION('',(-0.,0.,-1.));
#1016 = DIRECTION('',(-1.,6.96610525255E-16,0.));
#1017 = ORIENTED_EDGE('',*,*,#1018,.T.);
#1018 = EDGE_CURVE('',#1010,#1019,#1021,.T.);
#1019 = VERTEX_POINT('',#1020);
#1020 = CARTESIAN_POINT('',(-14.975,-19.85,-7.8));
#1021 = LINE('',#1022,#1023);
#1022 = CARTESIAN_POINT('',(-14.975,-19.85,-10.));
#1023 = VECTOR('',#1024,1.);
#1024 = DIRECTION('',(0.,0.,1.));
#1025 = ORIENTED_EDGE('',*,*,#1026,.F.);
#1026 = EDGE_CURVE('',#876,#1019,#1027,.T.);
#1027 = CIRCLE('',#1028,5.1);
#1028 = AXIS2_PLACEMENT_3D('',#1029,#1030,#1031);
#1029 = CARTESIAN_POINT('',(-9.875,-19.85,-7.8));
#1030 = DIRECTION('',(-0.,0.,-1.));
#1031 = DIRECTION('',(-1.,6.96610525255E-16,0.));
#1032 = ORIENTED_EDGE('',*,*,#995,.F.);
#1033 = CYLINDRICAL_SURFACE('',#1034,5.1);
#1034 = AXIS2_PLACEMENT_3D('',#1035,#1036,#1037);
#1035 = CARTESIAN_POINT('',(-9.875,-19.85,-10.));
#1036 = DIRECTION('',(-0.,-0.,-1.));
#1037 = DIRECTION('',(-1.,6.96610525255E-16,0.));
#1038 = ADVANCED_FACE('',(#1039,#1109,#1592,#1626,#1660,#1694,#1728,
    #1762,#1796,#1830,#1864),#1898,.T.);
#1039 = FACE_BOUND('',#1040,.T.);
#1040 = EDGE_LOOP('',(#1041,#1051,#1060,#1068,#1077,#1085,#1094,#1102));
#1041 = ORIENTED_EDGE('',*,*,#1042,.F.);
#1042 = EDGE_CURVE('',#1043,#1045,#1047,.T.);
#1043 = VERTEX_POINT('',#1044);
#1044 = CARTESIAN_POINT('',(-32.5,-35.5,-9.));
#1045 = VERTEX_POINT('',#1046);
#1046 = CARTESIAN_POINT('',(32.5,-35.5,-9.));
#1047 = LINE('',#1048,#1049);
#1048 = CARTESIAN_POINT('',(-32.5,-35.5,-9.));
#1049 = VECTOR('',#1050,1.);
#1050 = DIRECTION('',(1.,0.,0.));
#1051 = ORIENTED_EDGE('',*,*,#1052,.F.);
#1052 = EDGE_CURVE('',#1053,#1043,#1055,.T.);
#1053 = VERTEX_POINT('',#1054);
#1054 = CARTESIAN_POINT('',(-35.5,-32.5,-9.));
#1055 = CIRCLE('',#1056,3.);
#1056 = AXIS2_PLACEMENT_3D('',#1057,#1058,#1059);
#1057 = CARTESIAN_POINT('',(-32.5,-32.5,-9.));
#1058 = DIRECTION('',(0.,0.,1.));
#1059 = DIRECTION('',(-1.,4.736951571734E-15,0.));
#1060 = ORIENTED_EDGE('',*,*,#1061,.F.);
#1061 = EDGE_CURVE('',#1062,#1053,#1064,.T.);
#1062 = VERTEX_POINT('',#1063);
#1063 = CARTESIAN_POINT('',(-35.5,32.5,-9.));
#1064 = LINE('',#1065,#1066);
#1065 = CARTESIAN_POINT('',(-35.5,32.5,-9.));
#1066 = VECTOR('',#1067,1.);
#1067 = DIRECTION('',(0.,-1.,0.));
#1068 = ORIENTED_EDGE('',*,*,#1069,.F.);
#1069 = EDGE_CURVE('',#1070,#1062,#1072,.T.);
#1070 = VERTEX_POINT('',#1071);
#1071 = CARTESIAN_POINT('',(-32.5,35.5,-9.));
#1072 = CIRCLE('',#1073,3.);
#1073 = AXIS2_PLACEMENT_3D('',#1074,#1075,#1076);
#1074 = CARTESIAN_POINT('',(-32.5,32.5,-9.));
#1075 = DIRECTION('',(0.,0.,1.));
#1076 = DIRECTION('',(4.736951571734E-15,1.,-0.));
#1077 = ORIENTED_EDGE('',*,*,#1078,.F.);
#1078 = EDGE_CURVE('',#1079,#1070,#1081,.T.);
#1079 = VERTEX_POINT('',#1080);
#1080 = CARTESIAN_POINT('',(32.5,35.5,-9.));
#1081 = LINE('',#1082,#1083);
#1082 = CARTESIAN_POINT('',(32.5,35.5,-9.));
#1083 = VECTOR('',#1084,1.);
#1084 = DIRECTION('',(-1.,0.,0.));
#1085 = ORIENTED_EDGE('',*,*,#1086,.F.);
#1086 = EDGE_CURVE('',#1087,#1079,#1089,.T.);
#1087 = VERTEX_POINT('',#1088);
#1088 = CARTESIAN_POINT('',(35.5,32.5,-9.));
#1089 = CIRCLE('',#1090,3.);
#1090 = AXIS2_PLACEMENT_3D('',#1091,#1092,#1093);
#1091 = CARTESIAN_POINT('',(32.5,32.5,-9.));
#1092 = DIRECTION('',(0.,0.,1.));
#1093 = DIRECTION('',(1.,-4.736951571734E-15,0.));
#1094 = ORIENTED_EDGE('',*,*,#1095,.F.);
#1095 = EDGE_CURVE('',#1096,#1087,#1098,.T.);
#1096 = VERTEX_POINT('',#1097);
#1097 = CARTESIAN_POINT('',(35.5,-32.5,-9.));
#1098 = LINE('',#1099,#1100);
#1099 = CARTESIAN_POINT('',(35.5,-32.5,-9.));
#1100 = VECTOR('',#1101,1.);
#1101 = DIRECTION('',(0.,1.,0.));
#1102 = ORIENTED_EDGE('',*,*,#1103,.F.);
#1103 = EDGE_CURVE('',#1045,#1096,#1104,.T.);
#1104 = CIRCLE('',#1105,3.);
#1105 = AXIS2_PLACEMENT_3D('',#1106,#1107,#1108);
#1106 = CARTESIAN_POINT('',(32.5,-32.5,-9.));
#1107 = DIRECTION('',(0.,0.,1.));
#1108 = DIRECTION('',(-4.736951571734E-15,-1.,0.));
#1109 = FACE_BOUND('',#1110,.T.);
#1110 = EDGE_LOOP('',(#1111,#1121,#1129,#1137,#1145,#1153,#1161,#1169,
    #1177,#1185,#1193,#1201,#1209,#1217,#1225,#1233,#1241,#1249,#1257,
    #1266,#1274,#1282,#1290,#1298,#1306,#1314,#1322,#1330,#1338,#1346,
    #1354,#1362,#1370,#1379,#1387,#1395,#1403,#1411,#1417,#1418,#1419,
    #1427,#1435,#1443,#1451,#1459,#1467,#1473,#1474,#1482,#1490,#1496,
    #1497,#1506,#1514,#1522,#1530,#1538,#1546,#1554,#1562,#1570,#1578,
    #1586));
#1111 = ORIENTED_EDGE('',*,*,#1112,.F.);
#1112 = EDGE_CURVE('',#1113,#1115,#1117,.T.);
#1113 = VERTEX_POINT('',#1114);
#1114 = CARTESIAN_POINT('',(24.6625,-15.2,-9.));
#1115 = VERTEX_POINT('',#1116);
#1116 = CARTESIAN_POINT('',(20.995,-15.2,-9.));
#1117 = LINE('',#1118,#1119);
#1118 = CARTESIAN_POINT('',(7.2375,-15.2,-9.));
#1119 = VECTOR('',#1120,1.);
#1120 = DIRECTION('',(-1.,-0.,0.));
#1121 = ORIENTED_EDGE('',*,*,#1122,.T.);
#1122 = EDGE_CURVE('',#1113,#1123,#1125,.T.);
#1123 = VERTEX_POINT('',#1124);
#1124 = CARTESIAN_POINT('',(24.6625,-11.2,-9.));
#1125 = LINE('',#1126,#1127);
#1126 = CARTESIAN_POINT('',(24.6625,-7.6,-9.));
#1127 = VECTOR('',#1128,1.);
#1128 = DIRECTION('',(-0.,1.,0.));
#1129 = ORIENTED_EDGE('',*,*,#1130,.F.);
#1130 = EDGE_CURVE('',#1131,#1123,#1133,.T.);
#1131 = VERTEX_POINT('',#1132);
#1132 = CARTESIAN_POINT('',(24.9625,-11.2,-9.));
#1133 = LINE('',#1134,#1135);
#1134 = CARTESIAN_POINT('',(10.1475,-11.2,-9.));
#1135 = VECTOR('',#1136,1.);
#1136 = DIRECTION('',(-1.,-0.,0.));
#1137 = ORIENTED_EDGE('',*,*,#1138,.T.);
#1138 = EDGE_CURVE('',#1131,#1139,#1141,.T.);
#1139 = VERTEX_POINT('',#1140);
#1140 = CARTESIAN_POINT('',(24.9625,11.2,-9.));
#1141 = LINE('',#1142,#1143);
#1142 = CARTESIAN_POINT('',(24.9625,-5.6,-9.));
#1143 = VECTOR('',#1144,1.);
#1144 = DIRECTION('',(-0.,1.,0.));
#1145 = ORIENTED_EDGE('',*,*,#1146,.T.);
#1146 = EDGE_CURVE('',#1139,#1147,#1149,.T.);
#1147 = VERTEX_POINT('',#1148);
#1148 = CARTESIAN_POINT('',(24.6625,11.2,-9.));
#1149 = LINE('',#1150,#1151);
#1150 = CARTESIAN_POINT('',(10.1475,11.2,-9.));
#1151 = VECTOR('',#1152,1.);
#1152 = DIRECTION('',(-1.,-0.,0.));
#1153 = ORIENTED_EDGE('',*,*,#1154,.T.);
#1154 = EDGE_CURVE('',#1147,#1155,#1157,.T.);
#1155 = VERTEX_POINT('',#1156);
#1156 = CARTESIAN_POINT('',(24.6625,15.2,-9.));
#1157 = LINE('',#1158,#1159);
#1158 = CARTESIAN_POINT('',(24.6625,-7.6,-9.));
#1159 = VECTOR('',#1160,1.);
#1160 = DIRECTION('',(-0.,1.,0.));
#1161 = ORIENTED_EDGE('',*,*,#1162,.T.);
#1162 = EDGE_CURVE('',#1155,#1163,#1165,.T.);
#1163 = VERTEX_POINT('',#1164);
#1164 = CARTESIAN_POINT('',(20.995,15.2,-9.));
#1165 = LINE('',#1166,#1167);
#1166 = CARTESIAN_POINT('',(7.2375,15.2,-9.));
#1167 = VECTOR('',#1168,1.);
#1168 = DIRECTION('',(-1.,-0.,0.));
#1169 = ORIENTED_EDGE('',*,*,#1170,.T.);
#1170 = EDGE_CURVE('',#1163,#1171,#1173,.T.);
#1171 = VERTEX_POINT('',#1172);
#1172 = CARTESIAN_POINT('',(20.995,16.2,-9.));
#1173 = LINE('',#1174,#1175);
#1174 = CARTESIAN_POINT('',(20.995,7.6,-9.));
#1175 = VECTOR('',#1176,1.);
#1176 = DIRECTION('',(-0.,1.,0.));
#1177 = ORIENTED_EDGE('',*,*,#1178,.T.);
#1178 = EDGE_CURVE('',#1171,#1179,#1181,.T.);
#1179 = VERTEX_POINT('',#1180);
#1180 = CARTESIAN_POINT('',(19.5,16.2,-9.));
#1181 = LINE('',#1182,#1183);
#1182 = CARTESIAN_POINT('',(7.4875,16.2,-9.));
#1183 = VECTOR('',#1184,1.);
#1184 = DIRECTION('',(-1.,-0.,0.));
#1185 = ORIENTED_EDGE('',*,*,#1186,.T.);
#1186 = EDGE_CURVE('',#1179,#1187,#1189,.T.);
#1187 = VERTEX_POINT('',#1188);
#1188 = CARTESIAN_POINT('',(19.5,18.8,-9.));
#1189 = LINE('',#1190,#1191);
#1190 = CARTESIAN_POINT('',(19.5,8.1,-9.));
#1191 = VECTOR('',#1192,1.);
#1192 = DIRECTION('',(-0.,1.,0.));
#1193 = ORIENTED_EDGE('',*,*,#1194,.T.);
#1194 = EDGE_CURVE('',#1187,#1195,#1197,.T.);
#1195 = VERTEX_POINT('',#1196);
#1196 = CARTESIAN_POINT('',(17.9,18.8,-9.));
#1197 = LINE('',#1198,#1199);
#1198 = CARTESIAN_POINT('',(8.95,18.8,-9.));
#1199 = VECTOR('',#1200,1.);
#1200 = DIRECTION('',(-1.,-0.,0.));
#1201 = ORIENTED_EDGE('',*,*,#1202,.F.);
#1202 = EDGE_CURVE('',#1203,#1195,#1205,.T.);
#1203 = VERTEX_POINT('',#1204);
#1204 = CARTESIAN_POINT('',(17.9,16.2,-9.));
#1205 = LINE('',#1206,#1207);
#1206 = CARTESIAN_POINT('',(17.9,8.1,-9.));
#1207 = VECTOR('',#1208,1.);
#1208 = DIRECTION('',(-0.,1.,0.));
#1209 = ORIENTED_EDGE('',*,*,#1210,.T.);
#1210 = EDGE_CURVE('',#1203,#1211,#1213,.T.);
#1211 = VERTEX_POINT('',#1212);
#1212 = CARTESIAN_POINT('',(16.2,16.2,-9.));
#1213 = LINE('',#1214,#1215);
#1214 = CARTESIAN_POINT('',(7.4875,16.2,-9.));
#1215 = VECTOR('',#1216,1.);
#1216 = DIRECTION('',(-1.,-0.,0.));
#1217 = ORIENTED_EDGE('',*,*,#1218,.F.);
#1218 = EDGE_CURVE('',#1219,#1211,#1221,.T.);
#1219 = VERTEX_POINT('',#1220);
#1220 = CARTESIAN_POINT('',(16.2,17.5,-9.));
#1221 = LINE('',#1222,#1223);
#1222 = CARTESIAN_POINT('',(16.2,8.1,-9.));
#1223 = VECTOR('',#1224,1.);
#1224 = DIRECTION('',(0.,-1.,0.));
#1225 = ORIENTED_EDGE('',*,*,#1226,.F.);
#1226 = EDGE_CURVE('',#1227,#1219,#1229,.T.);
#1227 = VERTEX_POINT('',#1228);
#1228 = CARTESIAN_POINT('',(15.325,17.5,-9.));
#1229 = LINE('',#1230,#1231);
#1230 = CARTESIAN_POINT('',(7.6625,17.5,-9.));
#1231 = VECTOR('',#1232,1.);
#1232 = DIRECTION('',(1.,0.,-0.));
#1233 = ORIENTED_EDGE('',*,*,#1234,.T.);
#1234 = EDGE_CURVE('',#1227,#1235,#1237,.T.);
#1235 = VERTEX_POINT('',#1236);
#1236 = CARTESIAN_POINT('',(15.325,16.2,-9.));
#1237 = LINE('',#1238,#1239);
#1238 = CARTESIAN_POINT('',(15.325,8.1,-9.));
#1239 = VECTOR('',#1240,1.);
#1240 = DIRECTION('',(0.,-1.,0.));
#1241 = ORIENTED_EDGE('',*,*,#1242,.T.);
#1242 = EDGE_CURVE('',#1235,#1243,#1245,.T.);
#1243 = VERTEX_POINT('',#1244);
#1244 = CARTESIAN_POINT('',(14.975,16.2,-9.));
#1245 = LINE('',#1246,#1247);
#1246 = CARTESIAN_POINT('',(7.4875,16.2,-9.));
#1247 = VECTOR('',#1248,1.);
#1248 = DIRECTION('',(-1.,-0.,0.));
#1249 = ORIENTED_EDGE('',*,*,#1250,.F.);
#1250 = EDGE_CURVE('',#1251,#1243,#1253,.T.);
#1251 = VERTEX_POINT('',#1252);
#1252 = CARTESIAN_POINT('',(14.975,19.85,-9.));
#1253 = LINE('',#1254,#1255);
#1254 = CARTESIAN_POINT('',(14.975,-9.925,-9.));
#1255 = VECTOR('',#1256,1.);
#1256 = DIRECTION('',(0.,-1.,0.));
#1257 = ORIENTED_EDGE('',*,*,#1258,.F.);
#1258 = EDGE_CURVE('',#1259,#1251,#1261,.T.);
#1259 = VERTEX_POINT('',#1260);
#1260 = CARTESIAN_POINT('',(9.875,24.95,-9.));
#1261 = CIRCLE('',#1262,5.1);
#1262 = AXIS2_PLACEMENT_3D('',#1263,#1264,#1265);
#1263 = CARTESIAN_POINT('',(9.875,19.85,-9.));
#1264 = DIRECTION('',(0.,-0.,-1.));
#1265 = DIRECTION('',(1.,-6.96610525255E-16,0.));
#1266 = ORIENTED_EDGE('',*,*,#1267,.F.);
#1267 = EDGE_CURVE('',#1268,#1259,#1270,.T.);
#1268 = VERTEX_POINT('',#1269);
#1269 = CARTESIAN_POINT('',(7.,24.95,-9.));
#1270 = LINE('',#1271,#1272);
#1271 = CARTESIAN_POINT('',(4.9375,24.95,-9.));
#1272 = VECTOR('',#1273,1.);
#1273 = DIRECTION('',(1.,0.,-0.));
#1274 = ORIENTED_EDGE('',*,*,#1275,.F.);
#1275 = EDGE_CURVE('',#1276,#1268,#1278,.T.);
#1276 = VERTEX_POINT('',#1277);
#1277 = CARTESIAN_POINT('',(7.,25.05,-9.));
#1278 = LINE('',#1279,#1280);
#1279 = CARTESIAN_POINT('',(7.,12.475,-9.));
#1280 = VECTOR('',#1281,1.);
#1281 = DIRECTION('',(0.,-1.,0.));
#1282 = ORIENTED_EDGE('',*,*,#1283,.F.);
#1283 = EDGE_CURVE('',#1284,#1276,#1286,.T.);
#1284 = VERTEX_POINT('',#1285);
#1285 = CARTESIAN_POINT('',(7.2,25.05,-9.));
#1286 = LINE('',#1287,#1288);
#1287 = CARTESIAN_POINT('',(2.1,25.05,-9.));
#1288 = VECTOR('',#1289,1.);
#1289 = DIRECTION('',(-1.,-0.,0.));
#1290 = ORIENTED_EDGE('',*,*,#1291,.T.);
#1291 = EDGE_CURVE('',#1284,#1292,#1294,.T.);
#1292 = VERTEX_POINT('',#1293);
#1293 = CARTESIAN_POINT('',(7.2,27.45,-9.));
#1294 = LINE('',#1295,#1296);
#1295 = CARTESIAN_POINT('',(7.2,12.525,-9.));
#1296 = VECTOR('',#1297,1.);
#1297 = DIRECTION('',(-0.,1.,0.));
#1298 = ORIENTED_EDGE('',*,*,#1299,.T.);
#1299 = EDGE_CURVE('',#1292,#1300,#1302,.T.);
#1300 = VERTEX_POINT('',#1301);
#1301 = CARTESIAN_POINT('',(4.2,27.45,-9.));
#1302 = LINE('',#1303,#1304);
#1303 = CARTESIAN_POINT('',(2.1,27.45,-9.));
#1304 = VECTOR('',#1305,1.);
#1305 = DIRECTION('',(-1.,-0.,0.));
#1306 = ORIENTED_EDGE('',*,*,#1307,.F.);
#1307 = EDGE_CURVE('',#1308,#1300,#1310,.T.);
#1308 = VERTEX_POINT('',#1309);
#1309 = CARTESIAN_POINT('',(4.2,25.05,-9.));
#1310 = LINE('',#1311,#1312);
#1311 = CARTESIAN_POINT('',(4.2,12.525,-9.));
#1312 = VECTOR('',#1313,1.);
#1313 = DIRECTION('',(-0.,1.,0.));
#1314 = ORIENTED_EDGE('',*,*,#1315,.F.);
#1315 = EDGE_CURVE('',#1316,#1308,#1318,.T.);
#1316 = VERTEX_POINT('',#1317);
#1317 = CARTESIAN_POINT('',(4.5,25.05,-9.));
#1318 = LINE('',#1319,#1320);
#1319 = CARTESIAN_POINT('',(2.1,25.05,-9.));
#1320 = VECTOR('',#1321,1.);
#1321 = DIRECTION('',(-1.,-0.,0.));
#1322 = ORIENTED_EDGE('',*,*,#1323,.T.);
#1323 = EDGE_CURVE('',#1316,#1324,#1326,.T.);
#1324 = VERTEX_POINT('',#1325);
#1325 = CARTESIAN_POINT('',(4.5,24.95,-9.));
#1326 = LINE('',#1327,#1328);
#1327 = CARTESIAN_POINT('',(4.5,12.475,-9.));
#1328 = VECTOR('',#1329,1.);
#1329 = DIRECTION('',(0.,-1.,0.));
#1330 = ORIENTED_EDGE('',*,*,#1331,.F.);
#1331 = EDGE_CURVE('',#1332,#1324,#1334,.T.);
#1332 = VERTEX_POINT('',#1333);
#1333 = CARTESIAN_POINT('',(-4.5,24.95,-9.));
#1334 = LINE('',#1335,#1336);
#1335 = CARTESIAN_POINT('',(4.9375,24.95,-9.));
#1336 = VECTOR('',#1337,1.);
#1337 = DIRECTION('',(1.,0.,-0.));
#1338 = ORIENTED_EDGE('',*,*,#1339,.F.);
#1339 = EDGE_CURVE('',#1340,#1332,#1342,.T.);
#1340 = VERTEX_POINT('',#1341);
#1341 = CARTESIAN_POINT('',(-4.5,25.75,-9.));
#1342 = LINE('',#1343,#1344);
#1343 = CARTESIAN_POINT('',(-4.5,12.475,-9.));
#1344 = VECTOR('',#1345,1.);
#1345 = DIRECTION('',(0.,-1.,0.));
#1346 = ORIENTED_EDGE('',*,*,#1347,.F.);
#1347 = EDGE_CURVE('',#1348,#1340,#1350,.T.);
#1348 = VERTEX_POINT('',#1349);
#1349 = CARTESIAN_POINT('',(-7.,25.75,-9.));
#1350 = LINE('',#1351,#1352);
#1351 = CARTESIAN_POINT('',(-3.5,25.75,-9.));
#1352 = VECTOR('',#1353,1.);
#1353 = DIRECTION('',(1.,0.,-0.));
#1354 = ORIENTED_EDGE('',*,*,#1355,.T.);
#1355 = EDGE_CURVE('',#1348,#1356,#1358,.T.);
#1356 = VERTEX_POINT('',#1357);
#1357 = CARTESIAN_POINT('',(-7.,24.95,-9.));
#1358 = LINE('',#1359,#1360);
#1359 = CARTESIAN_POINT('',(-7.,12.475,-9.));
#1360 = VECTOR('',#1361,1.);
#1361 = DIRECTION('',(0.,-1.,0.));
#1362 = ORIENTED_EDGE('',*,*,#1363,.F.);
#1363 = EDGE_CURVE('',#1364,#1356,#1366,.T.);
#1364 = VERTEX_POINT('',#1365);
#1365 = CARTESIAN_POINT('',(-9.875,24.95,-9.));
#1366 = LINE('',#1367,#1368);
#1367 = CARTESIAN_POINT('',(4.9375,24.95,-9.));
#1368 = VECTOR('',#1369,1.);
#1369 = DIRECTION('',(1.,0.,-0.));
#1370 = ORIENTED_EDGE('',*,*,#1371,.F.);
#1371 = EDGE_CURVE('',#1372,#1364,#1374,.T.);
#1372 = VERTEX_POINT('',#1373);
#1373 = CARTESIAN_POINT('',(-14.975,19.85,-9.));
#1374 = CIRCLE('',#1375,5.1);
#1375 = AXIS2_PLACEMENT_3D('',#1376,#1377,#1378);
#1376 = CARTESIAN_POINT('',(-9.875,19.85,-9.));
#1377 = DIRECTION('',(0.,-0.,-1.));
#1378 = DIRECTION('',(6.96610525255E-16,1.,-0.));
#1379 = ORIENTED_EDGE('',*,*,#1380,.F.);
#1380 = EDGE_CURVE('',#1381,#1372,#1383,.T.);
#1381 = VERTEX_POINT('',#1382);
#1382 = CARTESIAN_POINT('',(-14.975,3.5,-9.));
#1383 = LINE('',#1384,#1385);
#1384 = CARTESIAN_POINT('',(-14.975,9.925,-9.));
#1385 = VECTOR('',#1386,1.);
#1386 = DIRECTION('',(-0.,1.,0.));
#1387 = ORIENTED_EDGE('',*,*,#1388,.F.);
#1388 = EDGE_CURVE('',#1389,#1381,#1391,.T.);
#1389 = VERTEX_POINT('',#1390);
#1390 = CARTESIAN_POINT('',(-16.2,3.5,-9.));
#1391 = LINE('',#1392,#1393);
#1392 = CARTESIAN_POINT('',(-8.1,3.5,-9.));
#1393 = VECTOR('',#1394,1.);
#1394 = DIRECTION('',(1.,0.,-0.));
#1395 = ORIENTED_EDGE('',*,*,#1396,.T.);
#1396 = EDGE_CURVE('',#1389,#1397,#1399,.T.);
#1397 = VERTEX_POINT('',#1398);
#1398 = CARTESIAN_POINT('',(-16.2,-10.,-9.));
#1399 = LINE('',#1400,#1401);
#1400 = CARTESIAN_POINT('',(-16.2,-5.,-9.));
#1401 = VECTOR('',#1402,1.);
#1402 = DIRECTION('',(0.,-1.,0.));
#1403 = ORIENTED_EDGE('',*,*,#1404,.T.);
#1404 = EDGE_CURVE('',#1397,#1405,#1407,.T.);
#1405 = VERTEX_POINT('',#1406);
#1406 = CARTESIAN_POINT('',(-14.975,-10.,-9.));
#1407 = LINE('',#1408,#1409);
#1408 = CARTESIAN_POINT('',(-8.1,-10.,-9.));
#1409 = VECTOR('',#1410,1.);
#1410 = DIRECTION('',(1.,0.,-0.));
#1411 = ORIENTED_EDGE('',*,*,#1412,.F.);
#1412 = EDGE_CURVE('',#1010,#1405,#1413,.T.);
#1413 = LINE('',#1414,#1415);
#1414 = CARTESIAN_POINT('',(-14.975,9.925,-9.));
#1415 = VECTOR('',#1416,1.);
#1416 = DIRECTION('',(-0.,1.,0.));
#1417 = ORIENTED_EDGE('',*,*,#1009,.F.);
#1418 = ORIENTED_EDGE('',*,*,#987,.F.);
#1419 = ORIENTED_EDGE('',*,*,#1420,.T.);
#1420 = EDGE_CURVE('',#980,#1421,#1423,.T.);
#1421 = VERTEX_POINT('',#1422);
#1422 = CARTESIAN_POINT('',(-7.,-25.05,-9.));
#1423 = LINE('',#1424,#1425);
#1424 = CARTESIAN_POINT('',(-7.,-12.875,-9.));
#1425 = VECTOR('',#1426,1.);
#1426 = DIRECTION('',(0.,-1.,0.));
#1427 = ORIENTED_EDGE('',*,*,#1428,.T.);
#1428 = EDGE_CURVE('',#1421,#1429,#1431,.T.);
#1429 = VERTEX_POINT('',#1430);
#1430 = CARTESIAN_POINT('',(-7.2,-25.05,-9.));
#1431 = LINE('',#1432,#1433);
#1432 = CARTESIAN_POINT('',(-3.6,-25.05,-9.));
#1433 = VECTOR('',#1434,1.);
#1434 = DIRECTION('',(-1.,-0.,0.));
#1435 = ORIENTED_EDGE('',*,*,#1436,.F.);
#1436 = EDGE_CURVE('',#1437,#1429,#1439,.T.);
#1437 = VERTEX_POINT('',#1438);
#1438 = CARTESIAN_POINT('',(-7.2,-27.45,-9.));
#1439 = LINE('',#1440,#1441);
#1440 = CARTESIAN_POINT('',(-7.2,-13.725,-9.));
#1441 = VECTOR('',#1442,1.);
#1442 = DIRECTION('',(-0.,1.,0.));
#1443 = ORIENTED_EDGE('',*,*,#1444,.F.);
#1444 = EDGE_CURVE('',#1445,#1437,#1447,.T.);
#1445 = VERTEX_POINT('',#1446);
#1446 = CARTESIAN_POINT('',(-4.2,-27.45,-9.));
#1447 = LINE('',#1448,#1449);
#1448 = CARTESIAN_POINT('',(-3.6,-27.45,-9.));
#1449 = VECTOR('',#1450,1.);
#1450 = DIRECTION('',(-1.,-0.,0.));
#1451 = ORIENTED_EDGE('',*,*,#1452,.T.);
#1452 = EDGE_CURVE('',#1445,#1453,#1455,.T.);
#1453 = VERTEX_POINT('',#1454);
#1454 = CARTESIAN_POINT('',(-4.2,-25.05,-9.));
#1455 = LINE('',#1456,#1457);
#1456 = CARTESIAN_POINT('',(-4.2,-13.725,-9.));
#1457 = VECTOR('',#1458,1.);
#1458 = DIRECTION('',(-0.,1.,0.));
#1459 = ORIENTED_EDGE('',*,*,#1460,.T.);
#1460 = EDGE_CURVE('',#1453,#1461,#1463,.T.);
#1461 = VERTEX_POINT('',#1462);
#1462 = CARTESIAN_POINT('',(-4.5,-25.05,-9.));
#1463 = LINE('',#1464,#1465);
#1464 = CARTESIAN_POINT('',(-3.6,-25.05,-9.));
#1465 = VECTOR('',#1466,1.);
#1466 = DIRECTION('',(-1.,-0.,0.));
#1467 = ORIENTED_EDGE('',*,*,#1468,.F.);
#1468 = EDGE_CURVE('',#924,#1461,#1469,.T.);
#1469 = LINE('',#1470,#1471);
#1470 = CARTESIAN_POINT('',(-4.5,-12.875,-9.));
#1471 = VECTOR('',#1472,1.);
#1472 = DIRECTION('',(0.,-1.,0.));
#1473 = ORIENTED_EDGE('',*,*,#923,.F.);
#1474 = ORIENTED_EDGE('',*,*,#1475,.T.);
#1475 = EDGE_CURVE('',#916,#1476,#1478,.T.);
#1476 = VERTEX_POINT('',#1477);
#1477 = CARTESIAN_POINT('',(4.5,-25.75,-9.));
#1478 = LINE('',#1479,#1480);
#1479 = CARTESIAN_POINT('',(4.5,-12.875,-9.));
#1480 = VECTOR('',#1481,1.);
#1481 = DIRECTION('',(0.,-1.,0.));
#1482 = ORIENTED_EDGE('',*,*,#1483,.T.);
#1483 = EDGE_CURVE('',#1476,#1484,#1486,.T.);
#1484 = VERTEX_POINT('',#1485);
#1485 = CARTESIAN_POINT('',(7.,-25.75,-9.));
#1486 = LINE('',#1487,#1488);
#1487 = CARTESIAN_POINT('',(2.25,-25.75,-9.));
#1488 = VECTOR('',#1489,1.);
#1489 = DIRECTION('',(1.,0.,-0.));
#1490 = ORIENTED_EDGE('',*,*,#1491,.F.);
#1491 = EDGE_CURVE('',#892,#1484,#1492,.T.);
#1492 = LINE('',#1493,#1494);
#1493 = CARTESIAN_POINT('',(7.,-12.875,-9.));
#1494 = VECTOR('',#1495,1.);
#1495 = DIRECTION('',(0.,-1.,0.));
#1496 = ORIENTED_EDGE('',*,*,#891,.F.);
#1497 = ORIENTED_EDGE('',*,*,#1498,.F.);
#1498 = EDGE_CURVE('',#1499,#884,#1501,.T.);
#1499 = VERTEX_POINT('',#1500);
#1500 = CARTESIAN_POINT('',(14.975,-19.85,-9.));
#1501 = CIRCLE('',#1502,5.1);
#1502 = AXIS2_PLACEMENT_3D('',#1503,#1504,#1505);
#1503 = CARTESIAN_POINT('',(9.875,-19.85,-9.));
#1504 = DIRECTION('',(-0.,0.,-1.));
#1505 = DIRECTION('',(-6.96610525255E-16,-1.,0.));
#1506 = ORIENTED_EDGE('',*,*,#1507,.F.);
#1507 = EDGE_CURVE('',#1508,#1499,#1510,.T.);
#1508 = VERTEX_POINT('',#1509);
#1509 = CARTESIAN_POINT('',(14.975,-16.2,-9.));
#1510 = LINE('',#1511,#1512);
#1511 = CARTESIAN_POINT('',(14.975,-9.925,-9.));
#1512 = VECTOR('',#1513,1.);
#1513 = DIRECTION('',(0.,-1.,0.));
#1514 = ORIENTED_EDGE('',*,*,#1515,.F.);
#1515 = EDGE_CURVE('',#1516,#1508,#1518,.T.);
#1516 = VERTEX_POINT('',#1517);
#1517 = CARTESIAN_POINT('',(15.325,-16.2,-9.));
#1518 = LINE('',#1519,#1520);
#1519 = CARTESIAN_POINT('',(7.4875,-16.2,-9.));
#1520 = VECTOR('',#1521,1.);
#1521 = DIRECTION('',(-1.,-0.,0.));
#1522 = ORIENTED_EDGE('',*,*,#1523,.T.);
#1523 = EDGE_CURVE('',#1516,#1524,#1526,.T.);
#1524 = VERTEX_POINT('',#1525);
#1525 = CARTESIAN_POINT('',(15.325,-17.5,-9.));
#1526 = LINE('',#1527,#1528);
#1527 = CARTESIAN_POINT('',(15.325,-8.75,-9.));
#1528 = VECTOR('',#1529,1.);
#1529 = DIRECTION('',(0.,-1.,0.));
#1530 = ORIENTED_EDGE('',*,*,#1531,.T.);
#1531 = EDGE_CURVE('',#1524,#1532,#1534,.T.);
#1532 = VERTEX_POINT('',#1533);
#1533 = CARTESIAN_POINT('',(16.2,-17.5,-9.));
#1534 = LINE('',#1535,#1536);
#1535 = CARTESIAN_POINT('',(7.6625,-17.5,-9.));
#1536 = VECTOR('',#1537,1.);
#1537 = DIRECTION('',(1.,0.,-0.));
#1538 = ORIENTED_EDGE('',*,*,#1539,.F.);
#1539 = EDGE_CURVE('',#1540,#1532,#1542,.T.);
#1540 = VERTEX_POINT('',#1541);
#1541 = CARTESIAN_POINT('',(16.2,-16.2,-9.));
#1542 = LINE('',#1543,#1544);
#1543 = CARTESIAN_POINT('',(16.2,-8.75,-9.));
#1544 = VECTOR('',#1545,1.);
#1545 = DIRECTION('',(0.,-1.,0.));
#1546 = ORIENTED_EDGE('',*,*,#1547,.F.);
#1547 = EDGE_CURVE('',#1548,#1540,#1550,.T.);
#1548 = VERTEX_POINT('',#1549);
#1549 = CARTESIAN_POINT('',(17.9,-16.2,-9.));
#1550 = LINE('',#1551,#1552);
#1551 = CARTESIAN_POINT('',(7.4875,-16.2,-9.));
#1552 = VECTOR('',#1553,1.);
#1553 = DIRECTION('',(-1.,-0.,0.));
#1554 = ORIENTED_EDGE('',*,*,#1555,.F.);
#1555 = EDGE_CURVE('',#1556,#1548,#1558,.T.);
#1556 = VERTEX_POINT('',#1557);
#1557 = CARTESIAN_POINT('',(17.9,-18.8,-9.));
#1558 = LINE('',#1559,#1560);
#1559 = CARTESIAN_POINT('',(17.9,-9.4,-9.));
#1560 = VECTOR('',#1561,1.);
#1561 = DIRECTION('',(-0.,1.,0.));
#1562 = ORIENTED_EDGE('',*,*,#1563,.F.);
#1563 = EDGE_CURVE('',#1564,#1556,#1566,.T.);
#1564 = VERTEX_POINT('',#1565);
#1565 = CARTESIAN_POINT('',(19.5,-18.8,-9.));
#1566 = LINE('',#1567,#1568);
#1567 = CARTESIAN_POINT('',(8.95,-18.8,-9.));
#1568 = VECTOR('',#1569,1.);
#1569 = DIRECTION('',(-1.,-0.,0.));
#1570 = ORIENTED_EDGE('',*,*,#1571,.T.);
#1571 = EDGE_CURVE('',#1564,#1572,#1574,.T.);
#1572 = VERTEX_POINT('',#1573);
#1573 = CARTESIAN_POINT('',(19.5,-16.2,-9.));
#1574 = LINE('',#1575,#1576);
#1575 = CARTESIAN_POINT('',(19.5,-9.4,-9.));
#1576 = VECTOR('',#1577,1.);
#1577 = DIRECTION('',(-0.,1.,0.));
#1578 = ORIENTED_EDGE('',*,*,#1579,.F.);
#1579 = EDGE_CURVE('',#1580,#1572,#1582,.T.);
#1580 = VERTEX_POINT('',#1581);
#1581 = CARTESIAN_POINT('',(20.995,-16.2,-9.));
#1582 = LINE('',#1583,#1584);
#1583 = CARTESIAN_POINT('',(7.4875,-16.2,-9.));
#1584 = VECTOR('',#1585,1.);
#1585 = DIRECTION('',(-1.,-0.,0.));
#1586 = ORIENTED_EDGE('',*,*,#1587,.T.);
#1587 = EDGE_CURVE('',#1580,#1115,#1588,.T.);
#1588 = LINE('',#1589,#1590);
#1589 = CARTESIAN_POINT('',(20.995,-8.1,-9.));
#1590 = VECTOR('',#1591,1.);
#1591 = DIRECTION('',(-0.,1.,0.));
#1592 = FACE_BOUND('',#1593,.T.);
#1593 = EDGE_LOOP('',(#1594,#1604,#1612,#1620));
#1594 = ORIENTED_EDGE('',*,*,#1595,.F.);
#1595 = EDGE_CURVE('',#1596,#1598,#1600,.T.);
#1596 = VERTEX_POINT('',#1597);
#1597 = CARTESIAN_POINT('',(28.2,-4.5,-9.));
#1598 = VERTEX_POINT('',#1599);
#1599 = CARTESIAN_POINT('',(28.2,4.5,-9.));
#1600 = LINE('',#1601,#1602);
#1601 = CARTESIAN_POINT('',(28.2,-2.25,-9.));
#1602 = VECTOR('',#1603,1.);
#1603 = DIRECTION('',(-0.,1.,0.));
#1604 = ORIENTED_EDGE('',*,*,#1605,.F.);
#1605 = EDGE_CURVE('',#1606,#1596,#1608,.T.);
#1606 = VERTEX_POINT('',#1607);
#1607 = CARTESIAN_POINT('',(31.8,-4.5,-9.));
#1608 = LINE('',#1609,#1610);
#1609 = CARTESIAN_POINT('',(14.1,-4.5,-9.));
#1610 = VECTOR('',#1611,1.);
#1611 = DIRECTION('',(-1.,-0.,0.));
#1612 = ORIENTED_EDGE('',*,*,#1613,.T.);
#1613 = EDGE_CURVE('',#1606,#1614,#1616,.T.);
#1614 = VERTEX_POINT('',#1615);
#1615 = CARTESIAN_POINT('',(31.8,4.5,-9.));
#1616 = LINE('',#1617,#1618);
#1617 = CARTESIAN_POINT('',(31.8,-2.25,-9.));
#1618 = VECTOR('',#1619,1.);
#1619 = DIRECTION('',(-0.,1.,0.));
#1620 = ORIENTED_EDGE('',*,*,#1621,.T.);
#1621 = EDGE_CURVE('',#1614,#1598,#1622,.T.);
#1622 = LINE('',#1623,#1624);
#1623 = CARTESIAN_POINT('',(14.1,4.5,-9.));
#1624 = VECTOR('',#1625,1.);
#1625 = DIRECTION('',(-1.,-0.,0.));
#1626 = FACE_BOUND('',#1627,.T.);
#1627 = EDGE_LOOP('',(#1628,#1638,#1646,#1654));
#1628 = ORIENTED_EDGE('',*,*,#1629,.T.);
#1629 = EDGE_CURVE('',#1630,#1632,#1634,.T.);
#1630 = VERTEX_POINT('',#1631);
#1631 = CARTESIAN_POINT('',(-28.2,-4.5,-9.));
#1632 = VERTEX_POINT('',#1633);
#1633 = CARTESIAN_POINT('',(-28.2,4.5,-9.));
#1634 = LINE('',#1635,#1636);
#1635 = CARTESIAN_POINT('',(-28.2,-2.25,-9.));
#1636 = VECTOR('',#1637,1.);
#1637 = DIRECTION('',(-0.,1.,0.));
#1638 = ORIENTED_EDGE('',*,*,#1639,.T.);
#1639 = EDGE_CURVE('',#1632,#1640,#1642,.T.);
#1640 = VERTEX_POINT('',#1641);
#1641 = CARTESIAN_POINT('',(-31.8,4.5,-9.));
#1642 = LINE('',#1643,#1644);
#1643 = CARTESIAN_POINT('',(-15.9,4.5,-9.));
#1644 = VECTOR('',#1645,1.);
#1645 = DIRECTION('',(-1.,-0.,0.));
#1646 = ORIENTED_EDGE('',*,*,#1647,.F.);
#1647 = EDGE_CURVE('',#1648,#1640,#1650,.T.);
#1648 = VERTEX_POINT('',#1649);
#1649 = CARTESIAN_POINT('',(-31.8,-4.5,-9.));
#1650 = LINE('',#1651,#1652);
#1651 = CARTESIAN_POINT('',(-31.8,-2.25,-9.));
#1652 = VECTOR('',#1653,1.);
#1653 = DIRECTION('',(-0.,1.,0.));
#1654 = ORIENTED_EDGE('',*,*,#1655,.F.);
#1655 = EDGE_CURVE('',#1630,#1648,#1656,.T.);
#1656 = LINE('',#1657,#1658);
#1657 = CARTESIAN_POINT('',(-15.9,-4.5,-9.));
#1658 = VECTOR('',#1659,1.);
#1659 = DIRECTION('',(-1.,-0.,0.));
#1660 = FACE_BOUND('',#1661,.T.);
#1661 = EDGE_LOOP('',(#1662,#1672,#1680,#1688));
#1662 = ORIENTED_EDGE('',*,*,#1663,.F.);
#1663 = EDGE_CURVE('',#1664,#1666,#1668,.T.);
#1664 = VERTEX_POINT('',#1665);
#1665 = CARTESIAN_POINT('',(-21.5,-27.8,-9.));
#1666 = VERTEX_POINT('',#1667);
#1667 = CARTESIAN_POINT('',(-27.3,-27.8,-9.));
#1668 = LINE('',#1669,#1670);
#1669 = CARTESIAN_POINT('',(-13.65,-27.8,-9.));
#1670 = VECTOR('',#1671,1.);
#1671 = DIRECTION('',(-1.,-0.,0.));
#1672 = ORIENTED_EDGE('',*,*,#1673,.T.);
#1673 = EDGE_CURVE('',#1664,#1674,#1676,.T.);
#1674 = VERTEX_POINT('',#1675);
#1675 = CARTESIAN_POINT('',(-21.5,-24.,-9.));
#1676 = LINE('',#1677,#1678);
#1677 = CARTESIAN_POINT('',(-21.5,-13.9,-9.));
#1678 = VECTOR('',#1679,1.);
#1679 = DIRECTION('',(-0.,1.,0.));
#1680 = ORIENTED_EDGE('',*,*,#1681,.T.);
#1681 = EDGE_CURVE('',#1674,#1682,#1684,.T.);
#1682 = VERTEX_POINT('',#1683);
#1683 = CARTESIAN_POINT('',(-27.3,-24.,-9.));
#1684 = LINE('',#1685,#1686);
#1685 = CARTESIAN_POINT('',(-13.65,-24.,-9.));
#1686 = VECTOR('',#1687,1.);
#1687 = DIRECTION('',(-1.,-0.,0.));
#1688 = ORIENTED_EDGE('',*,*,#1689,.F.);
#1689 = EDGE_CURVE('',#1666,#1682,#1690,.T.);
#1690 = LINE('',#1691,#1692);
#1691 = CARTESIAN_POINT('',(-27.3,-13.9,-9.));
#1692 = VECTOR('',#1693,1.);
#1693 = DIRECTION('',(-0.,1.,0.));
#1694 = FACE_BOUND('',#1695,.T.);
#1695 = EDGE_LOOP('',(#1696,#1706,#1714,#1722));
#1696 = ORIENTED_EDGE('',*,*,#1697,.F.);
#1697 = EDGE_CURVE('',#1698,#1700,#1702,.T.);
#1698 = VERTEX_POINT('',#1699);
#1699 = CARTESIAN_POINT('',(27.3,-27.8,-9.));
#1700 = VERTEX_POINT('',#1701);
#1701 = CARTESIAN_POINT('',(21.5,-27.8,-9.));
#1702 = LINE('',#1703,#1704);
#1703 = CARTESIAN_POINT('',(10.75,-27.8,-9.));
#1704 = VECTOR('',#1705,1.);
#1705 = DIRECTION('',(-1.,-0.,0.));
#1706 = ORIENTED_EDGE('',*,*,#1707,.T.);
#1707 = EDGE_CURVE('',#1698,#1708,#1710,.T.);
#1708 = VERTEX_POINT('',#1709);
#1709 = CARTESIAN_POINT('',(27.3,-24.,-9.));
#1710 = LINE('',#1711,#1712);
#1711 = CARTESIAN_POINT('',(27.3,-13.9,-9.));
#1712 = VECTOR('',#1713,1.);
#1713 = DIRECTION('',(-0.,1.,0.));
#1714 = ORIENTED_EDGE('',*,*,#1715,.T.);
#1715 = EDGE_CURVE('',#1708,#1716,#1718,.T.);
#1716 = VERTEX_POINT('',#1717);
#1717 = CARTESIAN_POINT('',(21.5,-24.,-9.));
#1718 = LINE('',#1719,#1720);
#1719 = CARTESIAN_POINT('',(10.75,-24.,-9.));
#1720 = VECTOR('',#1721,1.);
#1721 = DIRECTION('',(-1.,-0.,0.));
#1722 = ORIENTED_EDGE('',*,*,#1723,.F.);
#1723 = EDGE_CURVE('',#1700,#1716,#1724,.T.);
#1724 = LINE('',#1725,#1726);
#1725 = CARTESIAN_POINT('',(21.5,-13.9,-9.));
#1726 = VECTOR('',#1727,1.);
#1727 = DIRECTION('',(-0.,1.,0.));
#1728 = FACE_BOUND('',#1729,.T.);
#1729 = EDGE_LOOP('',(#1730,#1740,#1748,#1756));
#1730 = ORIENTED_EDGE('',*,*,#1731,.F.);
#1731 = EDGE_CURVE('',#1732,#1734,#1736,.T.);
#1732 = VERTEX_POINT('',#1733);
#1733 = CARTESIAN_POINT('',(-21.5125,2.25,-9.));
#1734 = VERTEX_POINT('',#1735);
#1735 = CARTESIAN_POINT('',(-24.5125,2.25,-9.));
#1736 = LINE('',#1737,#1738);
#1737 = CARTESIAN_POINT('',(-12.25625,2.25,-9.));
#1738 = VECTOR('',#1739,1.);
#1739 = DIRECTION('',(-1.,-0.,0.));
#1740 = ORIENTED_EDGE('',*,*,#1741,.T.);
#1741 = EDGE_CURVE('',#1732,#1742,#1744,.T.);
#1742 = VERTEX_POINT('',#1743);
#1743 = CARTESIAN_POINT('',(-21.5125,5.26,-9.));
#1744 = LINE('',#1745,#1746);
#1745 = CARTESIAN_POINT('',(-21.5125,1.125,-9.));
#1746 = VECTOR('',#1747,1.);
#1747 = DIRECTION('',(-0.,1.,0.));
#1748 = ORIENTED_EDGE('',*,*,#1749,.T.);
#1749 = EDGE_CURVE('',#1742,#1750,#1752,.T.);
#1750 = VERTEX_POINT('',#1751);
#1751 = CARTESIAN_POINT('',(-24.5125,5.26,-9.));
#1752 = LINE('',#1753,#1754);
#1753 = CARTESIAN_POINT('',(-12.25625,5.26,-9.));
#1754 = VECTOR('',#1755,1.);
#1755 = DIRECTION('',(-1.,-0.,0.));
#1756 = ORIENTED_EDGE('',*,*,#1757,.F.);
#1757 = EDGE_CURVE('',#1734,#1750,#1758,.T.);
#1758 = LINE('',#1759,#1760);
#1759 = CARTESIAN_POINT('',(-24.5125,1.125,-9.));
#1760 = VECTOR('',#1761,1.);
#1761 = DIRECTION('',(-0.,1.,0.));
#1762 = FACE_BOUND('',#1763,.T.);
#1763 = EDGE_LOOP('',(#1764,#1774,#1782,#1790));
#1764 = ORIENTED_EDGE('',*,*,#1765,.F.);
#1765 = EDGE_CURVE('',#1766,#1768,#1770,.T.);
#1766 = VERTEX_POINT('',#1767);
#1767 = CARTESIAN_POINT('',(-17.9,-18.8,-9.));
#1768 = VERTEX_POINT('',#1769);
#1769 = CARTESIAN_POINT('',(-19.5,-18.8,-9.));
#1770 = LINE('',#1771,#1772);
#1771 = CARTESIAN_POINT('',(-9.75,-18.8,-9.));
#1772 = VECTOR('',#1773,1.);
#1773 = DIRECTION('',(-1.,-0.,0.));
#1774 = ORIENTED_EDGE('',*,*,#1775,.T.);
#1775 = EDGE_CURVE('',#1766,#1776,#1778,.T.);
#1776 = VERTEX_POINT('',#1777);
#1777 = CARTESIAN_POINT('',(-17.9,-16.2,-9.));
#1778 = LINE('',#1779,#1780);
#1779 = CARTESIAN_POINT('',(-17.9,-9.4,-9.));
#1780 = VECTOR('',#1781,1.);
#1781 = DIRECTION('',(-0.,1.,0.));
#1782 = ORIENTED_EDGE('',*,*,#1783,.T.);
#1783 = EDGE_CURVE('',#1776,#1784,#1786,.T.);
#1784 = VERTEX_POINT('',#1785);
#1785 = CARTESIAN_POINT('',(-19.5,-16.2,-9.));
#1786 = LINE('',#1787,#1788);
#1787 = CARTESIAN_POINT('',(-9.75,-16.2,-9.));
#1788 = VECTOR('',#1789,1.);
#1789 = DIRECTION('',(-1.,-0.,0.));
#1790 = ORIENTED_EDGE('',*,*,#1791,.F.);
#1791 = EDGE_CURVE('',#1768,#1784,#1792,.T.);
#1792 = LINE('',#1793,#1794);
#1793 = CARTESIAN_POINT('',(-19.5,-9.4,-9.));
#1794 = VECTOR('',#1795,1.);
#1795 = DIRECTION('',(-0.,1.,0.));
#1796 = FACE_BOUND('',#1797,.T.);
#1797 = EDGE_LOOP('',(#1798,#1808,#1816,#1824));
#1798 = ORIENTED_EDGE('',*,*,#1799,.F.);
#1799 = EDGE_CURVE('',#1800,#1802,#1804,.T.);
#1800 = VERTEX_POINT('',#1801);
#1801 = CARTESIAN_POINT('',(-17.9,16.2,-9.));
#1802 = VERTEX_POINT('',#1803);
#1803 = CARTESIAN_POINT('',(-19.5,16.2,-9.));
#1804 = LINE('',#1805,#1806);
#1805 = CARTESIAN_POINT('',(-9.75,16.2,-9.));
#1806 = VECTOR('',#1807,1.);
#1807 = DIRECTION('',(-1.,-0.,0.));
#1808 = ORIENTED_EDGE('',*,*,#1809,.T.);
#1809 = EDGE_CURVE('',#1800,#1810,#1812,.T.);
#1810 = VERTEX_POINT('',#1811);
#1811 = CARTESIAN_POINT('',(-17.9,18.8,-9.));
#1812 = LINE('',#1813,#1814);
#1813 = CARTESIAN_POINT('',(-17.9,8.1,-9.));
#1814 = VECTOR('',#1815,1.);
#1815 = DIRECTION('',(-0.,1.,0.));
#1816 = ORIENTED_EDGE('',*,*,#1817,.T.);
#1817 = EDGE_CURVE('',#1810,#1818,#1820,.T.);
#1818 = VERTEX_POINT('',#1819);
#1819 = CARTESIAN_POINT('',(-19.5,18.8,-9.));
#1820 = LINE('',#1821,#1822);
#1821 = CARTESIAN_POINT('',(-9.75,18.8,-9.));
#1822 = VECTOR('',#1823,1.);
#1823 = DIRECTION('',(-1.,-0.,0.));
#1824 = ORIENTED_EDGE('',*,*,#1825,.F.);
#1825 = EDGE_CURVE('',#1802,#1818,#1826,.T.);
#1826 = LINE('',#1827,#1828);
#1827 = CARTESIAN_POINT('',(-19.5,8.1,-9.));
#1828 = VECTOR('',#1829,1.);
#1829 = DIRECTION('',(-0.,1.,0.));
#1830 = FACE_BOUND('',#1831,.T.);
#1831 = EDGE_LOOP('',(#1832,#1842,#1850,#1858));
#1832 = ORIENTED_EDGE('',*,*,#1833,.T.);
#1833 = EDGE_CURVE('',#1834,#1836,#1838,.T.);
#1834 = VERTEX_POINT('',#1835);
#1835 = CARTESIAN_POINT('',(-16.2,-16.2,-9.));
#1836 = VERTEX_POINT('',#1837);
#1837 = CARTESIAN_POINT('',(-16.2,-17.5,-9.));
#1838 = LINE('',#1839,#1840);
#1839 = CARTESIAN_POINT('',(-16.2,-8.75,-9.));
#1840 = VECTOR('',#1841,1.);
#1841 = DIRECTION('',(0.,-1.,0.));
#1842 = ORIENTED_EDGE('',*,*,#1843,.T.);
#1843 = EDGE_CURVE('',#1836,#1844,#1846,.T.);
#1844 = VERTEX_POINT('',#1845);
#1845 = CARTESIAN_POINT('',(-15.325,-17.5,-9.));
#1846 = LINE('',#1847,#1848);
#1847 = CARTESIAN_POINT('',(-8.1,-17.5,-9.));
#1848 = VECTOR('',#1849,1.);
#1849 = DIRECTION('',(1.,0.,-0.));
#1850 = ORIENTED_EDGE('',*,*,#1851,.F.);
#1851 = EDGE_CURVE('',#1852,#1844,#1854,.T.);
#1852 = VERTEX_POINT('',#1853);
#1853 = CARTESIAN_POINT('',(-15.325,-16.2,-9.));
#1854 = LINE('',#1855,#1856);
#1855 = CARTESIAN_POINT('',(-15.325,-8.75,-9.));
#1856 = VECTOR('',#1857,1.);
#1857 = DIRECTION('',(0.,-1.,0.));
#1858 = ORIENTED_EDGE('',*,*,#1859,.F.);
#1859 = EDGE_CURVE('',#1834,#1852,#1860,.T.);
#1860 = LINE('',#1861,#1862);
#1861 = CARTESIAN_POINT('',(-8.1,-16.2,-9.));
#1862 = VECTOR('',#1863,1.);
#1863 = DIRECTION('',(1.,0.,-0.));
#1864 = FACE_BOUND('',#1865,.T.);
#1865 = EDGE_LOOP('',(#1866,#1876,#1884,#1892));
#1866 = ORIENTED_EDGE('',*,*,#1867,.T.);
#1867 = EDGE_CURVE('',#1868,#1870,#1872,.T.);
#1868 = VERTEX_POINT('',#1869);
#1869 = CARTESIAN_POINT('',(-16.2,17.5,-9.));
#1870 = VERTEX_POINT('',#1871);
#1871 = CARTESIAN_POINT('',(-16.2,16.2,-9.));
#1872 = LINE('',#1873,#1874);
#1873 = CARTESIAN_POINT('',(-16.2,8.1,-9.));
#1874 = VECTOR('',#1875,1.);
#1875 = DIRECTION('',(0.,-1.,0.));
#1876 = ORIENTED_EDGE('',*,*,#1877,.T.);
#1877 = EDGE_CURVE('',#1870,#1878,#1880,.T.);
#1878 = VERTEX_POINT('',#1879);
#1879 = CARTESIAN_POINT('',(-15.325,16.2,-9.));
#1880 = LINE('',#1881,#1882);
#1881 = CARTESIAN_POINT('',(-8.1,16.2,-9.));
#1882 = VECTOR('',#1883,1.);
#1883 = DIRECTION('',(1.,0.,-0.));
#1884 = ORIENTED_EDGE('',*,*,#1885,.F.);
#1885 = EDGE_CURVE('',#1886,#1878,#1888,.T.);
#1886 = VERTEX_POINT('',#1887);
#1887 = CARTESIAN_POINT('',(-15.325,17.5,-9.));
#1888 = LINE('',#1889,#1890);
#1889 = CARTESIAN_POINT('',(-15.325,8.1,-9.));
#1890 = VECTOR('',#1891,1.);
#1891 = DIRECTION('',(0.,-1.,0.));
#1892 = ORIENTED_EDGE('',*,*,#1893,.F.);
#1893 = EDGE_CURVE('',#1868,#1886,#1894,.T.);
#1894 = LINE('',#1895,#1896);
#1895 = CARTESIAN_POINT('',(-8.1,17.5,-9.));
#1896 = VECTOR('',#1897,1.);
#1897 = DIRECTION('',(1.,0.,-0.));
#1898 = PLANE('',#1899);
#1899 = AXIS2_PLACEMENT_3D('',#1900,#1901,#1902);
#1900 = CARTESIAN_POINT('',(-4.207639510416E-16,-3.825126827651E-17,-9.)
  );
#1901 = DIRECTION('',(-0.,-0.,-1.));
#1902 = DIRECTION('',(-1.,0.,0.));
#1903 = ADVANCED_FACE('',(#1904),#1922,.F.);
#1904 = FACE_BOUND('',#1905,.F.);
#1905 = EDGE_LOOP('',(#1906,#1914,#1920,#1921));
#1906 = ORIENTED_EDGE('',*,*,#1907,.F.);
#1907 = EDGE_CURVE('',#1908,#1421,#1910,.T.);
#1908 = VERTEX_POINT('',#1909);
#1909 = CARTESIAN_POINT('',(-7.,-25.05,-12.49));
#1910 = LINE('',#1911,#1912);
#1911 = CARTESIAN_POINT('',(-7.,-25.05,-13.005));
#1912 = VECTOR('',#1913,1.);
#1913 = DIRECTION('',(0.,0.,1.));
#1914 = ORIENTED_EDGE('',*,*,#1915,.T.);
#1915 = EDGE_CURVE('',#1908,#972,#1916,.T.);
#1916 = LINE('',#1917,#1918);
#1917 = CARTESIAN_POINT('',(-7.,-25.75,-12.49));
#1918 = VECTOR('',#1919,1.);
#1919 = DIRECTION('',(-0.,1.,0.));
#1920 = ORIENTED_EDGE('',*,*,#979,.T.);
#1921 = ORIENTED_EDGE('',*,*,#1420,.T.);
#1922 = PLANE('',#1923);
#1923 = AXIS2_PLACEMENT_3D('',#1924,#1925,#1926);
#1924 = CARTESIAN_POINT('',(-7.,-25.75,-13.5));
#1925 = DIRECTION('',(1.,0.,-0.));
#1926 = DIRECTION('',(0.,0.,1.));
#1927 = ADVANCED_FACE('',(#1928),#1946,.T.);
#1928 = FACE_BOUND('',#1929,.T.);
#1929 = EDGE_LOOP('',(#1930,#1938,#1944,#1945));
#1930 = ORIENTED_EDGE('',*,*,#1931,.F.);
#1931 = EDGE_CURVE('',#1932,#964,#1934,.T.);
#1932 = VERTEX_POINT('',#1933);
#1933 = CARTESIAN_POINT('',(-7.2,-25.05,-12.49));
#1934 = LINE('',#1935,#1936);
#1935 = CARTESIAN_POINT('',(-7.2,-26.25,-12.49));
#1936 = VECTOR('',#1937,1.);
#1937 = DIRECTION('',(-0.,1.,0.));
#1938 = ORIENTED_EDGE('',*,*,#1939,.T.);
#1939 = EDGE_CURVE('',#1932,#1908,#1940,.T.);
#1940 = LINE('',#1941,#1942);
#1941 = CARTESIAN_POINT('',(-7.2,-25.05,-12.49));
#1942 = VECTOR('',#1943,1.);
#1943 = DIRECTION('',(1.,0.,-0.));
#1944 = ORIENTED_EDGE('',*,*,#1915,.T.);
#1945 = ORIENTED_EDGE('',*,*,#971,.T.);
#1946 = PLANE('',#1947);
#1947 = AXIS2_PLACEMENT_3D('',#1948,#1949,#1950);
#1948 = CARTESIAN_POINT('',(-5.703333333333,-24.34777777777,-12.49));
#1949 = DIRECTION('',(0.,0.,1.));
#1950 = DIRECTION('',(1.,0.,-0.));
#1951 = ADVANCED_FACE('',(#1952),#1977,.T.);
#1952 = FACE_BOUND('',#1953,.T.);
#1953 = EDGE_LOOP('',(#1954,#1962,#1968,#1969,#1975,#1976));
#1954 = ORIENTED_EDGE('',*,*,#1955,.F.);
#1955 = EDGE_CURVE('',#1956,#956,#1958,.T.);
#1956 = VERTEX_POINT('',#1957);
#1957 = CARTESIAN_POINT('',(-7.2,-27.45,-12.5));
#1958 = LINE('',#1959,#1960);
#1959 = CARTESIAN_POINT('',(-7.2,-113.0105555555,-12.5));
#1960 = VECTOR('',#1961,1.);
#1961 = DIRECTION('',(0.,1.,0.));
#1962 = ORIENTED_EDGE('',*,*,#1963,.T.);
#1963 = EDGE_CURVE('',#1956,#1437,#1964,.T.);
#1964 = LINE('',#1965,#1966);
#1965 = CARTESIAN_POINT('',(-7.2,-27.45,-15.3));
#1966 = VECTOR('',#1967,1.);
#1967 = DIRECTION('',(0.,0.,1.));
#1968 = ORIENTED_EDGE('',*,*,#1436,.T.);
#1969 = ORIENTED_EDGE('',*,*,#1970,.F.);
#1970 = EDGE_CURVE('',#1932,#1429,#1971,.T.);
#1971 = LINE('',#1972,#1973);
#1972 = CARTESIAN_POINT('',(-7.2,-25.05,-12.51));
#1973 = VECTOR('',#1974,1.);
#1974 = DIRECTION('',(0.,0.,1.));
#1975 = ORIENTED_EDGE('',*,*,#1931,.T.);
#1976 = ORIENTED_EDGE('',*,*,#963,.T.);
#1977 = PLANE('',#1978);
#1978 = AXIS2_PLACEMENT_3D('',#1979,#1980,#1981);
#1979 = CARTESIAN_POINT('',(-7.2,-26.02111111111,-12.20191919191));
#1980 = DIRECTION('',(-1.,-0.,-0.));
#1981 = DIRECTION('',(0.,0.,-1.));
#1982 = ADVANCED_FACE('',(#1983,#2001),#2004,.F.);
#1983 = FACE_BOUND('',#1984,.F.);
#1984 = EDGE_LOOP('',(#1985,#1986,#1987,#1995));
#1985 = ORIENTED_EDGE('',*,*,#955,.F.);
#1986 = ORIENTED_EDGE('',*,*,#1955,.F.);
#1987 = ORIENTED_EDGE('',*,*,#1988,.F.);
#1988 = EDGE_CURVE('',#1989,#1956,#1991,.T.);
#1989 = VERTEX_POINT('',#1990);
#1990 = CARTESIAN_POINT('',(-4.2,-27.45,-12.5));
#1991 = LINE('',#1992,#1993);
#1992 = CARTESIAN_POINT('',(-102.85,-27.45,-12.5));
#1993 = VECTOR('',#1994,1.);
#1994 = DIRECTION('',(-1.,0.,0.));
#1995 = ORIENTED_EDGE('',*,*,#1996,.F.);
#1996 = EDGE_CURVE('',#948,#1989,#1997,.T.);
#1997 = LINE('',#1998,#1999);
#1998 = CARTESIAN_POINT('',(-4.2,-113.0105555555,-12.5));
#1999 = VECTOR('',#2000,1.);
#2000 = DIRECTION('',(0.,-1.,0.));
#2001 = FACE_BOUND('',#2002,.F.);
#2002 = EDGE_LOOP('',(#2003));
#2003 = ORIENTED_EDGE('',*,*,#177,.F.);
#2004 = PLANE('',#2005);
#2005 = AXIS2_PLACEMENT_3D('',#2006,#2007,#2008);
#2006 = CARTESIAN_POINT('',(-200.,-200.,-12.5));
#2007 = DIRECTION('',(0.,0.,1.));
#2008 = DIRECTION('',(1.,0.,-0.));
#2009 = ADVANCED_FACE('',(#2010),#2035,.T.);
#2010 = FACE_BOUND('',#2011,.T.);
#2011 = EDGE_LOOP('',(#2012,#2018,#2019,#2020,#2028,#2034));
#2012 = ORIENTED_EDGE('',*,*,#2013,.F.);
#2013 = EDGE_CURVE('',#1989,#1445,#2014,.T.);
#2014 = LINE('',#2015,#2016);
#2015 = CARTESIAN_POINT('',(-4.2,-27.45,-15.3));
#2016 = VECTOR('',#2017,1.);
#2017 = DIRECTION('',(0.,0.,1.));
#2018 = ORIENTED_EDGE('',*,*,#1996,.F.);
#2019 = ORIENTED_EDGE('',*,*,#947,.T.);
#2020 = ORIENTED_EDGE('',*,*,#2021,.F.);
#2021 = EDGE_CURVE('',#2022,#940,#2024,.T.);
#2022 = VERTEX_POINT('',#2023);
#2023 = CARTESIAN_POINT('',(-4.2,-25.05,-12.49));
#2024 = LINE('',#2025,#2026);
#2025 = CARTESIAN_POINT('',(-4.2,-26.25,-12.49));
#2026 = VECTOR('',#2027,1.);
#2027 = DIRECTION('',(-0.,1.,0.));
#2028 = ORIENTED_EDGE('',*,*,#2029,.T.);
#2029 = EDGE_CURVE('',#2022,#1453,#2030,.T.);
#2030 = LINE('',#2031,#2032);
#2031 = CARTESIAN_POINT('',(-4.2,-25.05,-12.51));
#2032 = VECTOR('',#2033,1.);
#2033 = DIRECTION('',(0.,0.,1.));
#2034 = ORIENTED_EDGE('',*,*,#1452,.F.);
#2035 = PLANE('',#2036);
#2036 = AXIS2_PLACEMENT_3D('',#2037,#2038,#2039);
#2037 = CARTESIAN_POINT('',(-4.2,-26.02111111111,-12.20191919191));
#2038 = DIRECTION('',(1.,0.,0.));
#2039 = DIRECTION('',(-0.,0.,1.));
#2040 = ADVANCED_FACE('',(#2041),#2059,.T.);
#2041 = FACE_BOUND('',#2042,.T.);
#2042 = EDGE_LOOP('',(#2043,#2044,#2052,#2058));
#2043 = ORIENTED_EDGE('',*,*,#939,.T.);
#2044 = ORIENTED_EDGE('',*,*,#2045,.F.);
#2045 = EDGE_CURVE('',#2046,#932,#2048,.T.);
#2046 = VERTEX_POINT('',#2047);
#2047 = CARTESIAN_POINT('',(-4.5,-25.05,-12.49));
#2048 = LINE('',#2049,#2050);
#2049 = CARTESIAN_POINT('',(-4.5,-25.75,-12.49));
#2050 = VECTOR('',#2051,1.);
#2051 = DIRECTION('',(-0.,1.,0.));
#2052 = ORIENTED_EDGE('',*,*,#2053,.T.);
#2053 = EDGE_CURVE('',#2046,#2022,#2054,.T.);
#2054 = LINE('',#2055,#2056);
#2055 = CARTESIAN_POINT('',(-7.2,-25.05,-12.49));
#2056 = VECTOR('',#2057,1.);
#2057 = DIRECTION('',(1.,0.,-0.));
#2058 = ORIENTED_EDGE('',*,*,#2021,.T.);
#2059 = PLANE('',#2060);
#2060 = AXIS2_PLACEMENT_3D('',#2061,#2062,#2063);
#2061 = CARTESIAN_POINT('',(-5.703333333333,-24.34777777777,-12.49));
#2062 = DIRECTION('',(0.,0.,1.));
#2063 = DIRECTION('',(1.,0.,-0.));
#2064 = ADVANCED_FACE('',(#2065),#2076,.T.);
#2065 = FACE_BOUND('',#2066,.T.);
#2066 = EDGE_LOOP('',(#2067,#2073,#2074,#2075));
#2067 = ORIENTED_EDGE('',*,*,#2068,.F.);
#2068 = EDGE_CURVE('',#2046,#1461,#2069,.T.);
#2069 = LINE('',#2070,#2071);
#2070 = CARTESIAN_POINT('',(-4.5,-25.05,-13.005));
#2071 = VECTOR('',#2072,1.);
#2072 = DIRECTION('',(0.,0.,1.));
#2073 = ORIENTED_EDGE('',*,*,#2045,.T.);
#2074 = ORIENTED_EDGE('',*,*,#931,.T.);
#2075 = ORIENTED_EDGE('',*,*,#1468,.T.);
#2076 = PLANE('',#2077);
#2077 = AXIS2_PLACEMENT_3D('',#2078,#2079,#2080);
#2078 = CARTESIAN_POINT('',(-4.5,-25.75,-13.5));
#2079 = DIRECTION('',(1.,0.,-0.));
#2080 = DIRECTION('',(0.,0.,1.));
#2081 = ADVANCED_FACE('',(#2082),#2100,.T.);
#2082 = FACE_BOUND('',#2083,.T.);
#2083 = EDGE_LOOP('',(#2084,#2085,#2086,#2094));
#2084 = ORIENTED_EDGE('',*,*,#1475,.F.);
#2085 = ORIENTED_EDGE('',*,*,#915,.F.);
#2086 = ORIENTED_EDGE('',*,*,#2087,.F.);
#2087 = EDGE_CURVE('',#2088,#908,#2090,.T.);
#2088 = VERTEX_POINT('',#2089);
#2089 = CARTESIAN_POINT('',(4.5,-25.75,-12.5));
#2090 = LINE('',#2091,#2092);
#2091 = CARTESIAN_POINT('',(4.5,-112.567310606,-12.5));
#2092 = VECTOR('',#2093,1.);
#2093 = DIRECTION('',(0.,1.,0.));
#2094 = ORIENTED_EDGE('',*,*,#2095,.T.);
#2095 = EDGE_CURVE('',#2088,#1476,#2096,.T.);
#2096 = LINE('',#2097,#2098);
#2097 = CARTESIAN_POINT('',(4.5,-25.75,-13.5));
#2098 = VECTOR('',#2099,1.);
#2099 = DIRECTION('',(0.,0.,1.));
#2100 = PLANE('',#2101);
#2101 = AXIS2_PLACEMENT_3D('',#2102,#2103,#2104);
#2102 = CARTESIAN_POINT('',(4.5,-25.13462121212,-11.5028030303));
#2103 = DIRECTION('',(-1.,-0.,-0.));
#2104 = DIRECTION('',(0.,0.,-1.));
#2105 = ADVANCED_FACE('',(#2106),#2124,.F.);
#2106 = FACE_BOUND('',#2107,.F.);
#2107 = EDGE_LOOP('',(#2108,#2116,#2117,#2118));
#2108 = ORIENTED_EDGE('',*,*,#2109,.F.);
#2109 = EDGE_CURVE('',#900,#2110,#2112,.T.);
#2110 = VERTEX_POINT('',#2111);
#2111 = CARTESIAN_POINT('',(7.,-25.75,-12.5));
#2112 = LINE('',#2113,#2114);
#2113 = CARTESIAN_POINT('',(7.,-112.567310606,-12.5));
#2114 = VECTOR('',#2115,1.);
#2115 = DIRECTION('',(0.,-1.,0.));
#2116 = ORIENTED_EDGE('',*,*,#907,.F.);
#2117 = ORIENTED_EDGE('',*,*,#2087,.F.);
#2118 = ORIENTED_EDGE('',*,*,#2119,.T.);
#2119 = EDGE_CURVE('',#2088,#2110,#2120,.T.);
#2120 = LINE('',#2121,#2122);
#2121 = CARTESIAN_POINT('',(-97.75,-25.75,-12.5));
#2122 = VECTOR('',#2123,1.);
#2123 = DIRECTION('',(1.,0.,-0.));
#2124 = PLANE('',#2125);
#2125 = AXIS2_PLACEMENT_3D('',#2126,#2127,#2128);
#2126 = CARTESIAN_POINT('',(-200.,-200.,-12.5));
#2127 = DIRECTION('',(0.,0.,1.));
#2128 = DIRECTION('',(1.,0.,-0.));
#2129 = ADVANCED_FACE('',(#2130),#2141,.T.);
#2130 = FACE_BOUND('',#2131,.T.);
#2131 = EDGE_LOOP('',(#2132,#2138,#2139,#2140));
#2132 = ORIENTED_EDGE('',*,*,#2133,.F.);
#2133 = EDGE_CURVE('',#2110,#1484,#2134,.T.);
#2134 = LINE('',#2135,#2136);
#2135 = CARTESIAN_POINT('',(7.,-25.75,-13.5));
#2136 = VECTOR('',#2137,1.);
#2137 = DIRECTION('',(0.,0.,1.));
#2138 = ORIENTED_EDGE('',*,*,#2109,.F.);
#2139 = ORIENTED_EDGE('',*,*,#899,.T.);
#2140 = ORIENTED_EDGE('',*,*,#1491,.T.);
#2141 = PLANE('',#2142);
#2142 = AXIS2_PLACEMENT_3D('',#2143,#2144,#2145);
#2143 = CARTESIAN_POINT('',(7.,-25.13462121212,-11.5028030303));
#2144 = DIRECTION('',(1.,0.,0.));
#2145 = DIRECTION('',(-0.,0.,1.));
#2146 = ADVANCED_FACE('',(#2147),#2166,.F.);
#2147 = FACE_BOUND('',#2148,.T.);
#2148 = EDGE_LOOP('',(#2149,#2150,#2151,#2160));
#2149 = ORIENTED_EDGE('',*,*,#1498,.T.);
#2150 = ORIENTED_EDGE('',*,*,#883,.T.);
#2151 = ORIENTED_EDGE('',*,*,#2152,.F.);
#2152 = EDGE_CURVE('',#2153,#874,#2155,.T.);
#2153 = VERTEX_POINT('',#2154);
#2154 = CARTESIAN_POINT('',(14.975,-19.85,-7.8));
#2155 = CIRCLE('',#2156,5.1);
#2156 = AXIS2_PLACEMENT_3D('',#2157,#2158,#2159);
#2157 = CARTESIAN_POINT('',(9.875,-19.85,-7.8));
#2158 = DIRECTION('',(-0.,0.,-1.));
#2159 = DIRECTION('',(-6.96610525255E-16,-1.,0.));
#2160 = ORIENTED_EDGE('',*,*,#2161,.F.);
#2161 = EDGE_CURVE('',#1499,#2153,#2162,.T.);
#2162 = LINE('',#2163,#2164);
#2163 = CARTESIAN_POINT('',(14.975,-19.85,-10.));
#2164 = VECTOR('',#2165,1.);
#2165 = DIRECTION('',(0.,0.,1.));
#2166 = CYLINDRICAL_SURFACE('',#2167,5.1);
#2167 = AXIS2_PLACEMENT_3D('',#2168,#2169,#2170);
#2168 = CARTESIAN_POINT('',(9.875,-19.85,-10.));
#2169 = DIRECTION('',(-0.,-0.,-1.));
#2170 = DIRECTION('',(-6.96610525255E-16,-1.,0.));
#2171 = ADVANCED_FACE('',(#2172),#2229,.T.);
#2172 = FACE_BOUND('',#2173,.T.);
#2173 = EDGE_LOOP('',(#2174,#2184,#2192,#2200,#2206,#2207,#2215,#2223));
#2174 = ORIENTED_EDGE('',*,*,#2175,.F.);
#2175 = EDGE_CURVE('',#2176,#2178,#2180,.T.);
#2176 = VERTEX_POINT('',#2177);
#2177 = CARTESIAN_POINT('',(-25.4,-4.5,-7.8));
#2178 = VERTEX_POINT('',#2179);
#2179 = CARTESIAN_POINT('',(-35.5,-4.5,-7.8));
#2180 = LINE('',#2181,#2182);
#2181 = CARTESIAN_POINT('',(-18.25,-4.5,-7.8));
#2182 = VECTOR('',#2183,1.);
#2183 = DIRECTION('',(-1.,-0.,0.));
#2184 = ORIENTED_EDGE('',*,*,#2185,.F.);
#2185 = EDGE_CURVE('',#2186,#2176,#2188,.T.);
#2186 = VERTEX_POINT('',#2187);
#2187 = CARTESIAN_POINT('',(-25.4,-4.5,-8.3));
#2188 = LINE('',#2189,#2190);
#2189 = CARTESIAN_POINT('',(-25.4,-4.5,-8.3));
#2190 = VECTOR('',#2191,1.);
#2191 = DIRECTION('',(0.,0.,1.));
#2192 = ORIENTED_EDGE('',*,*,#2193,.F.);
#2193 = EDGE_CURVE('',#2194,#2186,#2196,.T.);
#2194 = VERTEX_POINT('',#2195);
#2195 = CARTESIAN_POINT('',(-28.2,-4.5,-8.3));
#2196 = LINE('',#2197,#2198);
#2197 = CARTESIAN_POINT('',(-36.5,-4.5,-8.3));
#2198 = VECTOR('',#2199,1.);
#2199 = DIRECTION('',(1.,0.,-0.));
#2200 = ORIENTED_EDGE('',*,*,#2201,.F.);
#2201 = EDGE_CURVE('',#1630,#2194,#2202,.T.);
#2202 = LINE('',#2203,#2204);
#2203 = CARTESIAN_POINT('',(-28.2,-4.5,-10.));
#2204 = VECTOR('',#2205,1.);
#2205 = DIRECTION('',(0.,0.,1.));
#2206 = ORIENTED_EDGE('',*,*,#1655,.T.);
#2207 = ORIENTED_EDGE('',*,*,#2208,.T.);
#2208 = EDGE_CURVE('',#1648,#2209,#2211,.T.);
#2209 = VERTEX_POINT('',#2210);
#2210 = CARTESIAN_POINT('',(-31.8,-4.5,-8.3));
#2211 = LINE('',#2212,#2213);
#2212 = CARTESIAN_POINT('',(-31.8,-4.5,-10.));
#2213 = VECTOR('',#2214,1.);
#2214 = DIRECTION('',(0.,0.,1.));
#2215 = ORIENTED_EDGE('',*,*,#2216,.F.);
#2216 = EDGE_CURVE('',#2217,#2209,#2219,.T.);
#2217 = VERTEX_POINT('',#2218);
#2218 = CARTESIAN_POINT('',(-35.5,-4.5,-8.3));
#2219 = LINE('',#2220,#2221);
#2220 = CARTESIAN_POINT('',(-36.5,-4.5,-8.3));
#2221 = VECTOR('',#2222,1.);
#2222 = DIRECTION('',(1.,0.,-0.));
#2223 = ORIENTED_EDGE('',*,*,#2224,.T.);
#2224 = EDGE_CURVE('',#2217,#2178,#2225,.T.);
#2225 = LINE('',#2226,#2227);
#2226 = CARTESIAN_POINT('',(-35.5,-4.5,-8.65));
#2227 = VECTOR('',#2228,1.);
#2228 = DIRECTION('',(0.,0.,1.));
#2229 = PLANE('',#2230);
#2230 = AXIS2_PLACEMENT_3D('',#2231,#2232,#2233);
#2231 = CARTESIAN_POINT('',(-29.41490683229,-4.5,-7.261801242236));
#2232 = DIRECTION('',(0.,1.,0.));
#2233 = DIRECTION('',(0.,-0.,1.));
#2234 = ADVANCED_FACE('',(#2235),#2283,.F.);
#2235 = FACE_BOUND('',#2236,.F.);
#2236 = EDGE_LOOP('',(#2237,#2238,#2246,#2254,#2262,#2268,#2269,#2277));
#2237 = ORIENTED_EDGE('',*,*,#1061,.F.);
#2238 = ORIENTED_EDGE('',*,*,#2239,.T.);
#2239 = EDGE_CURVE('',#1062,#2240,#2242,.T.);
#2240 = VERTEX_POINT('',#2241);
#2241 = CARTESIAN_POINT('',(-35.5,32.5,-7.8));
#2242 = LINE('',#2243,#2244);
#2243 = CARTESIAN_POINT('',(-35.5,32.5,-9.));
#2244 = VECTOR('',#2245,1.);
#2245 = DIRECTION('',(0.,0.,1.));
#2246 = ORIENTED_EDGE('',*,*,#2247,.T.);
#2247 = EDGE_CURVE('',#2240,#2248,#2250,.T.);
#2248 = VERTEX_POINT('',#2249);
#2249 = CARTESIAN_POINT('',(-35.5,4.5,-7.8));
#2250 = LINE('',#2251,#2252);
#2251 = CARTESIAN_POINT('',(-35.5,32.5,-7.8));
#2252 = VECTOR('',#2253,1.);
#2253 = DIRECTION('',(0.,-1.,0.));
#2254 = ORIENTED_EDGE('',*,*,#2255,.F.);
#2255 = EDGE_CURVE('',#2256,#2248,#2258,.T.);
#2256 = VERTEX_POINT('',#2257);
#2257 = CARTESIAN_POINT('',(-35.5,4.5,-8.3));
#2258 = LINE('',#2259,#2260);
#2259 = CARTESIAN_POINT('',(-35.5,4.5,-8.65));
#2260 = VECTOR('',#2261,1.);
#2261 = DIRECTION('',(0.,0.,1.));
#2262 = ORIENTED_EDGE('',*,*,#2263,.T.);
#2263 = EDGE_CURVE('',#2256,#2217,#2264,.T.);
#2264 = LINE('',#2265,#2266);
#2265 = CARTESIAN_POINT('',(-35.5,14.,-8.3));
#2266 = VECTOR('',#2267,1.);
#2267 = DIRECTION('',(0.,-1.,0.));
#2268 = ORIENTED_EDGE('',*,*,#2224,.T.);
#2269 = ORIENTED_EDGE('',*,*,#2270,.T.);
#2270 = EDGE_CURVE('',#2178,#2271,#2273,.T.);
#2271 = VERTEX_POINT('',#2272);
#2272 = CARTESIAN_POINT('',(-35.5,-32.5,-7.8));
#2273 = LINE('',#2274,#2275);
#2274 = CARTESIAN_POINT('',(-35.5,32.5,-7.8));
#2275 = VECTOR('',#2276,1.);
#2276 = DIRECTION('',(0.,-1.,0.));
#2277 = ORIENTED_EDGE('',*,*,#2278,.F.);
#2278 = EDGE_CURVE('',#1053,#2271,#2279,.T.);
#2279 = LINE('',#2280,#2281);
#2280 = CARTESIAN_POINT('',(-35.5,-32.5,-9.));
#2281 = VECTOR('',#2282,1.);
#2282 = DIRECTION('',(0.,0.,1.));
#2283 = PLANE('',#2284);
#2284 = AXIS2_PLACEMENT_3D('',#2285,#2286,#2287);
#2285 = CARTESIAN_POINT('',(-35.5,32.5,-9.));
#2286 = DIRECTION('',(1.,0.,-0.));
#2287 = DIRECTION('',(0.,-1.,0.));
#2288 = ADVANCED_FACE('',(#2289),#2308,.T.);
#2289 = FACE_BOUND('',#2290,.F.);
#2290 = EDGE_LOOP('',(#2291,#2292,#2301,#2307));
#2291 = ORIENTED_EDGE('',*,*,#2278,.T.);
#2292 = ORIENTED_EDGE('',*,*,#2293,.T.);
#2293 = EDGE_CURVE('',#2271,#2294,#2296,.T.);
#2294 = VERTEX_POINT('',#2295);
#2295 = CARTESIAN_POINT('',(-32.5,-35.5,-7.8));
#2296 = CIRCLE('',#2297,3.);
#2297 = AXIS2_PLACEMENT_3D('',#2298,#2299,#2300);
#2298 = CARTESIAN_POINT('',(-32.5,-32.5,-7.8));
#2299 = DIRECTION('',(0.,0.,1.));
#2300 = DIRECTION('',(-1.,4.736951571734E-15,0.));
#2301 = ORIENTED_EDGE('',*,*,#2302,.F.);
#2302 = EDGE_CURVE('',#1043,#2294,#2303,.T.);
#2303 = LINE('',#2304,#2305);
#2304 = CARTESIAN_POINT('',(-32.5,-35.5,-9.));
#2305 = VECTOR('',#2306,1.);
#2306 = DIRECTION('',(0.,0.,1.));
#2307 = ORIENTED_EDGE('',*,*,#1052,.F.);
#2308 = CYLINDRICAL_SURFACE('',#2309,3.);
#2309 = AXIS2_PLACEMENT_3D('',#2310,#2311,#2312);
#2310 = CARTESIAN_POINT('',(-32.5,-32.5,-9.));
#2311 = DIRECTION('',(-0.,-0.,-1.));
#2312 = DIRECTION('',(-1.,4.736951571734E-15,0.));
#2313 = ADVANCED_FACE('',(#2314),#2332,.F.);
#2314 = FACE_BOUND('',#2315,.F.);
#2315 = EDGE_LOOP('',(#2316,#2317,#2325,#2331));
#2316 = ORIENTED_EDGE('',*,*,#2302,.T.);
#2317 = ORIENTED_EDGE('',*,*,#2318,.T.);
#2318 = EDGE_CURVE('',#2294,#2319,#2321,.T.);
#2319 = VERTEX_POINT('',#2320);
#2320 = CARTESIAN_POINT('',(32.5,-35.5,-7.8));
#2321 = LINE('',#2322,#2323);
#2322 = CARTESIAN_POINT('',(-32.5,-35.5,-7.8));
#2323 = VECTOR('',#2324,1.);
#2324 = DIRECTION('',(1.,0.,0.));
#2325 = ORIENTED_EDGE('',*,*,#2326,.F.);
#2326 = EDGE_CURVE('',#1045,#2319,#2327,.T.);
#2327 = LINE('',#2328,#2329);
#2328 = CARTESIAN_POINT('',(32.5,-35.5,-9.));
#2329 = VECTOR('',#2330,1.);
#2330 = DIRECTION('',(0.,0.,1.));
#2331 = ORIENTED_EDGE('',*,*,#1042,.F.);
#2332 = PLANE('',#2333);
#2333 = AXIS2_PLACEMENT_3D('',#2334,#2335,#2336);
#2334 = CARTESIAN_POINT('',(-32.5,-35.5,-9.));
#2335 = DIRECTION('',(0.,1.,0.));
#2336 = DIRECTION('',(1.,0.,0.));
#2337 = ADVANCED_FACE('',(#2338),#2357,.T.);
#2338 = FACE_BOUND('',#2339,.F.);
#2339 = EDGE_LOOP('',(#2340,#2341,#2350,#2356));
#2340 = ORIENTED_EDGE('',*,*,#2326,.T.);
#2341 = ORIENTED_EDGE('',*,*,#2342,.T.);
#2342 = EDGE_CURVE('',#2319,#2343,#2345,.T.);
#2343 = VERTEX_POINT('',#2344);
#2344 = CARTESIAN_POINT('',(35.5,-32.5,-7.8));
#2345 = CIRCLE('',#2346,3.);
#2346 = AXIS2_PLACEMENT_3D('',#2347,#2348,#2349);
#2347 = CARTESIAN_POINT('',(32.5,-32.5,-7.8));
#2348 = DIRECTION('',(0.,0.,1.));
#2349 = DIRECTION('',(-4.736951571734E-15,-1.,0.));
#2350 = ORIENTED_EDGE('',*,*,#2351,.F.);
#2351 = EDGE_CURVE('',#1096,#2343,#2352,.T.);
#2352 = LINE('',#2353,#2354);
#2353 = CARTESIAN_POINT('',(35.5,-32.5,-9.));
#2354 = VECTOR('',#2355,1.);
#2355 = DIRECTION('',(0.,0.,1.));
#2356 = ORIENTED_EDGE('',*,*,#1103,.F.);
#2357 = CYLINDRICAL_SURFACE('',#2358,3.);
#2358 = AXIS2_PLACEMENT_3D('',#2359,#2360,#2361);
#2359 = CARTESIAN_POINT('',(32.5,-32.5,-9.));
#2360 = DIRECTION('',(-0.,-0.,-1.));
#2361 = DIRECTION('',(-4.736951571734E-15,-1.,0.));
#2362 = ADVANCED_FACE('',(#2363),#2413,.F.);
#2363 = FACE_BOUND('',#2364,.F.);
#2364 = EDGE_LOOP('',(#2365,#2366,#2367,#2375,#2383,#2391,#2399,#2407));
#2365 = ORIENTED_EDGE('',*,*,#1095,.F.);
#2366 = ORIENTED_EDGE('',*,*,#2351,.T.);
#2367 = ORIENTED_EDGE('',*,*,#2368,.T.);
#2368 = EDGE_CURVE('',#2343,#2369,#2371,.T.);
#2369 = VERTEX_POINT('',#2370);
#2370 = CARTESIAN_POINT('',(35.5,-4.5,-7.8));
#2371 = LINE('',#2372,#2373);
#2372 = CARTESIAN_POINT('',(35.5,-32.5,-7.8));
#2373 = VECTOR('',#2374,1.);
#2374 = DIRECTION('',(0.,1.,0.));
#2375 = ORIENTED_EDGE('',*,*,#2376,.T.);
#2376 = EDGE_CURVE('',#2369,#2377,#2379,.T.);
#2377 = VERTEX_POINT('',#2378);
#2378 = CARTESIAN_POINT('',(35.5,-4.5,-8.3));
#2379 = LINE('',#2380,#2381);
#2380 = CARTESIAN_POINT('',(35.5,-4.5,-8.65));
#2381 = VECTOR('',#2382,1.);
#2382 = DIRECTION('',(0.,0.,-1.));
#2383 = ORIENTED_EDGE('',*,*,#2384,.T.);
#2384 = EDGE_CURVE('',#2377,#2385,#2387,.T.);
#2385 = VERTEX_POINT('',#2386);
#2386 = CARTESIAN_POINT('',(35.5,4.5,-8.3));
#2387 = LINE('',#2388,#2389);
#2388 = CARTESIAN_POINT('',(35.5,-18.5,-8.3));
#2389 = VECTOR('',#2390,1.);
#2390 = DIRECTION('',(0.,1.,-0.));
#2391 = ORIENTED_EDGE('',*,*,#2392,.F.);
#2392 = EDGE_CURVE('',#2393,#2385,#2395,.T.);
#2393 = VERTEX_POINT('',#2394);
#2394 = CARTESIAN_POINT('',(35.5,4.5,-7.8));
#2395 = LINE('',#2396,#2397);
#2396 = CARTESIAN_POINT('',(35.5,4.5,-8.65));
#2397 = VECTOR('',#2398,1.);
#2398 = DIRECTION('',(0.,0.,-1.));
#2399 = ORIENTED_EDGE('',*,*,#2400,.T.);
#2400 = EDGE_CURVE('',#2393,#2401,#2403,.T.);
#2401 = VERTEX_POINT('',#2402);
#2402 = CARTESIAN_POINT('',(35.5,32.5,-7.8));
#2403 = LINE('',#2404,#2405);
#2404 = CARTESIAN_POINT('',(35.5,-32.5,-7.8));
#2405 = VECTOR('',#2406,1.);
#2406 = DIRECTION('',(0.,1.,0.));
#2407 = ORIENTED_EDGE('',*,*,#2408,.F.);
#2408 = EDGE_CURVE('',#1087,#2401,#2409,.T.);
#2409 = LINE('',#2410,#2411);
#2410 = CARTESIAN_POINT('',(35.5,32.5,-9.));
#2411 = VECTOR('',#2412,1.);
#2412 = DIRECTION('',(0.,0.,1.));
#2413 = PLANE('',#2414);
#2414 = AXIS2_PLACEMENT_3D('',#2415,#2416,#2417);
#2415 = CARTESIAN_POINT('',(35.5,-32.5,-9.));
#2416 = DIRECTION('',(-1.,0.,0.));
#2417 = DIRECTION('',(0.,1.,0.));
#2418 = ADVANCED_FACE('',(#2419),#2467,.T.);
#2419 = FACE_BOUND('',#2420,.T.);
#2420 = EDGE_LOOP('',(#2421,#2429,#2430,#2438,#2444,#2445,#2453,#2461));
#2421 = ORIENTED_EDGE('',*,*,#2422,.F.);
#2422 = EDGE_CURVE('',#2369,#2423,#2425,.T.);
#2423 = VERTEX_POINT('',#2424);
#2424 = CARTESIAN_POINT('',(25.4,-4.5,-7.8));
#2425 = LINE('',#2426,#2427);
#2426 = CARTESIAN_POINT('',(12.7,-4.5,-7.8));
#2427 = VECTOR('',#2428,1.);
#2428 = DIRECTION('',(-1.,-0.,0.));
#2429 = ORIENTED_EDGE('',*,*,#2376,.T.);
#2430 = ORIENTED_EDGE('',*,*,#2431,.F.);
#2431 = EDGE_CURVE('',#2432,#2377,#2434,.T.);
#2432 = VERTEX_POINT('',#2433);
#2433 = CARTESIAN_POINT('',(31.8,-4.5,-8.3));
#2434 = LINE('',#2435,#2436);
#2435 = CARTESIAN_POINT('',(25.4,-4.5,-8.3));
#2436 = VECTOR('',#2437,1.);
#2437 = DIRECTION('',(1.,0.,-0.));
#2438 = ORIENTED_EDGE('',*,*,#2439,.F.);
#2439 = EDGE_CURVE('',#1606,#2432,#2440,.T.);
#2440 = LINE('',#2441,#2442);
#2441 = CARTESIAN_POINT('',(31.8,-4.5,-10.));
#2442 = VECTOR('',#2443,1.);
#2443 = DIRECTION('',(0.,0.,1.));
#2444 = ORIENTED_EDGE('',*,*,#1605,.T.);
#2445 = ORIENTED_EDGE('',*,*,#2446,.T.);
#2446 = EDGE_CURVE('',#1596,#2447,#2449,.T.);
#2447 = VERTEX_POINT('',#2448);
#2448 = CARTESIAN_POINT('',(28.2,-4.5,-8.3));
#2449 = LINE('',#2450,#2451);
#2450 = CARTESIAN_POINT('',(28.2,-4.5,-10.));
#2451 = VECTOR('',#2452,1.);
#2452 = DIRECTION('',(0.,0.,1.));
#2453 = ORIENTED_EDGE('',*,*,#2454,.F.);
#2454 = EDGE_CURVE('',#2455,#2447,#2457,.T.);
#2455 = VERTEX_POINT('',#2456);
#2456 = CARTESIAN_POINT('',(25.4,-4.5,-8.3));
#2457 = LINE('',#2458,#2459);
#2458 = CARTESIAN_POINT('',(25.4,-4.5,-8.3));
#2459 = VECTOR('',#2460,1.);
#2460 = DIRECTION('',(1.,0.,-0.));
#2461 = ORIENTED_EDGE('',*,*,#2462,.T.);
#2462 = EDGE_CURVE('',#2455,#2423,#2463,.T.);
#2463 = LINE('',#2464,#2465);
#2464 = CARTESIAN_POINT('',(25.4,-4.5,-8.3));
#2465 = VECTOR('',#2466,1.);
#2466 = DIRECTION('',(0.,0.,1.));
#2467 = PLANE('',#2468);
#2468 = AXIS2_PLACEMENT_3D('',#2469,#2470,#2471);
#2469 = CARTESIAN_POINT('',(29.414906832298,-4.5,-7.261801242236));
#2470 = DIRECTION('',(0.,1.,0.));
#2471 = DIRECTION('',(0.,-0.,1.));
#2472 = ADVANCED_FACE('',(#2473),#2498,.T.);
#2473 = FACE_BOUND('',#2474,.T.);
#2474 = EDGE_LOOP('',(#2475,#2476,#2484,#2492));
#2475 = ORIENTED_EDGE('',*,*,#2462,.F.);
#2476 = ORIENTED_EDGE('',*,*,#2477,.T.);
#2477 = EDGE_CURVE('',#2455,#2478,#2480,.T.);
#2478 = VERTEX_POINT('',#2479);
#2479 = CARTESIAN_POINT('',(25.4,4.5,-8.3));
#2480 = LINE('',#2481,#2482);
#2481 = CARTESIAN_POINT('',(25.4,-4.5,-8.3));
#2482 = VECTOR('',#2483,1.);
#2483 = DIRECTION('',(-0.,1.,0.));
#2484 = ORIENTED_EDGE('',*,*,#2485,.T.);
#2485 = EDGE_CURVE('',#2478,#2486,#2488,.T.);
#2486 = VERTEX_POINT('',#2487);
#2487 = CARTESIAN_POINT('',(25.4,4.5,-7.8));
#2488 = LINE('',#2489,#2490);
#2489 = CARTESIAN_POINT('',(25.4,4.5,-8.3));
#2490 = VECTOR('',#2491,1.);
#2491 = DIRECTION('',(0.,0.,1.));
#2492 = ORIENTED_EDGE('',*,*,#2493,.F.);
#2493 = EDGE_CURVE('',#2423,#2486,#2494,.T.);
#2494 = LINE('',#2495,#2496);
#2495 = CARTESIAN_POINT('',(25.4,-2.25,-7.8));
#2496 = VECTOR('',#2497,1.);
#2497 = DIRECTION('',(-0.,1.,0.));
#2498 = PLANE('',#2499);
#2499 = AXIS2_PLACEMENT_3D('',#2500,#2501,#2502);
#2500 = CARTESIAN_POINT('',(25.4,-4.5,-8.3));
#2501 = DIRECTION('',(1.,0.,-0.));
#2502 = DIRECTION('',(0.,0.,1.));
#2503 = ADVANCED_FACE('',(#2504),#2543,.T.);
#2504 = FACE_BOUND('',#2505,.T.);
#2505 = EDGE_LOOP('',(#2506,#2512,#2513,#2521,#2527,#2528,#2536,#2542));
#2506 = ORIENTED_EDGE('',*,*,#2507,.T.);
#2507 = EDGE_CURVE('',#2393,#2486,#2508,.T.);
#2508 = LINE('',#2509,#2510);
#2509 = CARTESIAN_POINT('',(12.7,4.5,-7.8));
#2510 = VECTOR('',#2511,1.);
#2511 = DIRECTION('',(-1.,-0.,0.));
#2512 = ORIENTED_EDGE('',*,*,#2485,.F.);
#2513 = ORIENTED_EDGE('',*,*,#2514,.T.);
#2514 = EDGE_CURVE('',#2478,#2515,#2517,.T.);
#2515 = VERTEX_POINT('',#2516);
#2516 = CARTESIAN_POINT('',(28.2,4.5,-8.3));
#2517 = LINE('',#2518,#2519);
#2518 = CARTESIAN_POINT('',(25.4,4.5,-8.3));
#2519 = VECTOR('',#2520,1.);
#2520 = DIRECTION('',(1.,0.,-0.));
#2521 = ORIENTED_EDGE('',*,*,#2522,.F.);
#2522 = EDGE_CURVE('',#1598,#2515,#2523,.T.);
#2523 = LINE('',#2524,#2525);
#2524 = CARTESIAN_POINT('',(28.2,4.5,-10.));
#2525 = VECTOR('',#2526,1.);
#2526 = DIRECTION('',(0.,0.,1.));
#2527 = ORIENTED_EDGE('',*,*,#1621,.F.);
#2528 = ORIENTED_EDGE('',*,*,#2529,.T.);
#2529 = EDGE_CURVE('',#1614,#2530,#2532,.T.);
#2530 = VERTEX_POINT('',#2531);
#2531 = CARTESIAN_POINT('',(31.8,4.5,-8.3));
#2532 = LINE('',#2533,#2534);
#2533 = CARTESIAN_POINT('',(31.8,4.5,-10.));
#2534 = VECTOR('',#2535,1.);
#2535 = DIRECTION('',(0.,0.,1.));
#2536 = ORIENTED_EDGE('',*,*,#2537,.T.);
#2537 = EDGE_CURVE('',#2530,#2385,#2538,.T.);
#2538 = LINE('',#2539,#2540);
#2539 = CARTESIAN_POINT('',(25.4,4.5,-8.3));
#2540 = VECTOR('',#2541,1.);
#2541 = DIRECTION('',(1.,0.,-0.));
#2542 = ORIENTED_EDGE('',*,*,#2392,.F.);
#2543 = PLANE('',#2544);
#2544 = AXIS2_PLACEMENT_3D('',#2545,#2546,#2547);
#2545 = CARTESIAN_POINT('',(29.414906832298,4.5,-7.261801242236));
#2546 = DIRECTION('',(-0.,-1.,-0.));
#2547 = DIRECTION('',(0.,0.,-1.));
#2548 = ADVANCED_FACE('',(#2549),#2568,.T.);
#2549 = FACE_BOUND('',#2550,.F.);
#2550 = EDGE_LOOP('',(#2551,#2552,#2561,#2567));
#2551 = ORIENTED_EDGE('',*,*,#2408,.T.);
#2552 = ORIENTED_EDGE('',*,*,#2553,.T.);
#2553 = EDGE_CURVE('',#2401,#2554,#2556,.T.);
#2554 = VERTEX_POINT('',#2555);
#2555 = CARTESIAN_POINT('',(32.5,35.5,-7.8));
#2556 = CIRCLE('',#2557,3.);
#2557 = AXIS2_PLACEMENT_3D('',#2558,#2559,#2560);
#2558 = CARTESIAN_POINT('',(32.5,32.5,-7.8));
#2559 = DIRECTION('',(0.,0.,1.));
#2560 = DIRECTION('',(1.,-4.736951571734E-15,0.));
#2561 = ORIENTED_EDGE('',*,*,#2562,.F.);
#2562 = EDGE_CURVE('',#1079,#2554,#2563,.T.);
#2563 = LINE('',#2564,#2565);
#2564 = CARTESIAN_POINT('',(32.5,35.5,-9.));
#2565 = VECTOR('',#2566,1.);
#2566 = DIRECTION('',(0.,0.,1.));
#2567 = ORIENTED_EDGE('',*,*,#1086,.F.);
#2568 = CYLINDRICAL_SURFACE('',#2569,3.);
#2569 = AXIS2_PLACEMENT_3D('',#2570,#2571,#2572);
#2570 = CARTESIAN_POINT('',(32.5,32.5,-9.));
#2571 = DIRECTION('',(-0.,-0.,-1.));
#2572 = DIRECTION('',(1.,-4.736951571734E-15,0.));
#2573 = ADVANCED_FACE('',(#2574),#2592,.F.);
#2574 = FACE_BOUND('',#2575,.F.);
#2575 = EDGE_LOOP('',(#2576,#2577,#2585,#2591));
#2576 = ORIENTED_EDGE('',*,*,#2562,.T.);
#2577 = ORIENTED_EDGE('',*,*,#2578,.T.);
#2578 = EDGE_CURVE('',#2554,#2579,#2581,.T.);
#2579 = VERTEX_POINT('',#2580);
#2580 = CARTESIAN_POINT('',(-32.5,35.5,-7.8));
#2581 = LINE('',#2582,#2583);
#2582 = CARTESIAN_POINT('',(32.5,35.5,-7.8));
#2583 = VECTOR('',#2584,1.);
#2584 = DIRECTION('',(-1.,0.,0.));
#2585 = ORIENTED_EDGE('',*,*,#2586,.F.);
#2586 = EDGE_CURVE('',#1070,#2579,#2587,.T.);
#2587 = LINE('',#2588,#2589);
#2588 = CARTESIAN_POINT('',(-32.5,35.5,-9.));
#2589 = VECTOR('',#2590,1.);
#2590 = DIRECTION('',(0.,0.,1.));
#2591 = ORIENTED_EDGE('',*,*,#1078,.F.);
#2592 = PLANE('',#2593);
#2593 = AXIS2_PLACEMENT_3D('',#2594,#2595,#2596);
#2594 = CARTESIAN_POINT('',(32.5,35.5,-9.));
#2595 = DIRECTION('',(0.,-1.,0.));
#2596 = DIRECTION('',(-1.,0.,0.));
#2597 = ADVANCED_FACE('',(#2598),#2610,.T.);
#2598 = FACE_BOUND('',#2599,.F.);
#2599 = EDGE_LOOP('',(#2600,#2601,#2608,#2609));
#2600 = ORIENTED_EDGE('',*,*,#2586,.T.);
#2601 = ORIENTED_EDGE('',*,*,#2602,.T.);
#2602 = EDGE_CURVE('',#2579,#2240,#2603,.T.);
#2603 = CIRCLE('',#2604,3.);
#2604 = AXIS2_PLACEMENT_3D('',#2605,#2606,#2607);
#2605 = CARTESIAN_POINT('',(-32.5,32.5,-7.8));
#2606 = DIRECTION('',(0.,0.,1.));
#2607 = DIRECTION('',(4.736951571734E-15,1.,-0.));
#2608 = ORIENTED_EDGE('',*,*,#2239,.F.);
#2609 = ORIENTED_EDGE('',*,*,#1069,.F.);
#2610 = CYLINDRICAL_SURFACE('',#2611,3.);
#2611 = AXIS2_PLACEMENT_3D('',#2612,#2613,#2614);
#2612 = CARTESIAN_POINT('',(-32.5,32.5,-9.));
#2613 = DIRECTION('',(-0.,-0.,-1.));
#2614 = DIRECTION('',(4.736951571734E-15,1.,-0.));
#2615 = ADVANCED_FACE('',(#2616),#2664,.T.);
#2616 = FACE_BOUND('',#2617,.T.);
#2617 = EDGE_LOOP('',(#2618,#2626,#2627,#2635,#2641,#2642,#2650,#2658));
#2618 = ORIENTED_EDGE('',*,*,#2619,.T.);
#2619 = EDGE_CURVE('',#2620,#2248,#2622,.T.);
#2620 = VERTEX_POINT('',#2621);
#2621 = CARTESIAN_POINT('',(-25.4,4.5,-7.8));
#2622 = LINE('',#2623,#2624);
#2623 = CARTESIAN_POINT('',(-18.25,4.5,-7.8));
#2624 = VECTOR('',#2625,1.);
#2625 = DIRECTION('',(-1.,-0.,0.));
#2626 = ORIENTED_EDGE('',*,*,#2255,.F.);
#2627 = ORIENTED_EDGE('',*,*,#2628,.T.);
#2628 = EDGE_CURVE('',#2256,#2629,#2631,.T.);
#2629 = VERTEX_POINT('',#2630);
#2630 = CARTESIAN_POINT('',(-31.8,4.5,-8.3));
#2631 = LINE('',#2632,#2633);
#2632 = CARTESIAN_POINT('',(-36.5,4.5,-8.3));
#2633 = VECTOR('',#2634,1.);
#2634 = DIRECTION('',(1.,0.,-0.));
#2635 = ORIENTED_EDGE('',*,*,#2636,.F.);
#2636 = EDGE_CURVE('',#1640,#2629,#2637,.T.);
#2637 = LINE('',#2638,#2639);
#2638 = CARTESIAN_POINT('',(-31.8,4.5,-10.));
#2639 = VECTOR('',#2640,1.);
#2640 = DIRECTION('',(0.,0.,1.));
#2641 = ORIENTED_EDGE('',*,*,#1639,.F.);
#2642 = ORIENTED_EDGE('',*,*,#2643,.T.);
#2643 = EDGE_CURVE('',#1632,#2644,#2646,.T.);
#2644 = VERTEX_POINT('',#2645);
#2645 = CARTESIAN_POINT('',(-28.2,4.5,-8.3));
#2646 = LINE('',#2647,#2648);
#2647 = CARTESIAN_POINT('',(-28.2,4.5,-10.));
#2648 = VECTOR('',#2649,1.);
#2649 = DIRECTION('',(0.,0.,1.));
#2650 = ORIENTED_EDGE('',*,*,#2651,.T.);
#2651 = EDGE_CURVE('',#2644,#2652,#2654,.T.);
#2652 = VERTEX_POINT('',#2653);
#2653 = CARTESIAN_POINT('',(-25.4,4.5,-8.3));
#2654 = LINE('',#2655,#2656);
#2655 = CARTESIAN_POINT('',(-36.5,4.5,-8.3));
#2656 = VECTOR('',#2657,1.);
#2657 = DIRECTION('',(1.,0.,-0.));
#2658 = ORIENTED_EDGE('',*,*,#2659,.T.);
#2659 = EDGE_CURVE('',#2652,#2620,#2660,.T.);
#2660 = LINE('',#2661,#2662);
#2661 = CARTESIAN_POINT('',(-25.4,4.5,-8.3));
#2662 = VECTOR('',#2663,1.);
#2663 = DIRECTION('',(0.,0.,1.));
#2664 = PLANE('',#2665);
#2665 = AXIS2_PLACEMENT_3D('',#2666,#2667,#2668);
#2666 = CARTESIAN_POINT('',(-29.41490683229,4.5,-7.261801242236));
#2667 = DIRECTION('',(-0.,-1.,-0.));
#2668 = DIRECTION('',(0.,0.,-1.));
#2669 = ADVANCED_FACE('',(#2670),#2686,.F.);
#2670 = FACE_BOUND('',#2671,.F.);
#2671 = EDGE_LOOP('',(#2672,#2673,#2679,#2680));
#2672 = ORIENTED_EDGE('',*,*,#2185,.F.);
#2673 = ORIENTED_EDGE('',*,*,#2674,.T.);
#2674 = EDGE_CURVE('',#2186,#2652,#2675,.T.);
#2675 = LINE('',#2676,#2677);
#2676 = CARTESIAN_POINT('',(-25.4,-4.5,-8.3));
#2677 = VECTOR('',#2678,1.);
#2678 = DIRECTION('',(-0.,1.,0.));
#2679 = ORIENTED_EDGE('',*,*,#2659,.T.);
#2680 = ORIENTED_EDGE('',*,*,#2681,.F.);
#2681 = EDGE_CURVE('',#2176,#2620,#2682,.T.);
#2682 = LINE('',#2683,#2684);
#2683 = CARTESIAN_POINT('',(-25.4,-2.25,-7.8));
#2684 = VECTOR('',#2685,1.);
#2685 = DIRECTION('',(-0.,1.,0.));
#2686 = PLANE('',#2687);
#2687 = AXIS2_PLACEMENT_3D('',#2688,#2689,#2690);
#2688 = CARTESIAN_POINT('',(-25.4,-4.5,-8.3));
#2689 = DIRECTION('',(1.,0.,-0.));
#2690 = DIRECTION('',(0.,0.,1.));
#2691 = ADVANCED_FACE('',(#2692),#2733,.T.);
#2692 = FACE_BOUND('',#2693,.T.);
#2693 = EDGE_LOOP('',(#2694,#2702,#2703,#2704,#2712,#2720,#2726,#2727));
#2694 = ORIENTED_EDGE('',*,*,#2695,.F.);
#2695 = EDGE_CURVE('',#1019,#2696,#2698,.T.);
#2696 = VERTEX_POINT('',#2697);
#2697 = CARTESIAN_POINT('',(-14.975,19.85,-7.8));
#2698 = LINE('',#2699,#2700);
#2699 = CARTESIAN_POINT('',(-14.975,9.925,-7.8));
#2700 = VECTOR('',#2701,1.);
#2701 = DIRECTION('',(-0.,1.,0.));
#2702 = ORIENTED_EDGE('',*,*,#1018,.F.);
#2703 = ORIENTED_EDGE('',*,*,#1412,.T.);
#2704 = ORIENTED_EDGE('',*,*,#2705,.F.);
#2705 = EDGE_CURVE('',#2706,#1405,#2708,.T.);
#2706 = VERTEX_POINT('',#2707);
#2707 = CARTESIAN_POINT('',(-14.975,-10.,-12.5));
#2708 = LINE('',#2709,#2710);
#2709 = CARTESIAN_POINT('',(-14.975,-10.,-11.97899267399));
#2710 = VECTOR('',#2711,1.);
#2711 = DIRECTION('',(0.,-0.,1.));
#2712 = ORIENTED_EDGE('',*,*,#2713,.F.);
#2713 = EDGE_CURVE('',#2714,#2706,#2716,.T.);
#2714 = VERTEX_POINT('',#2715);
#2715 = CARTESIAN_POINT('',(-14.975,3.5,-12.5));
#2716 = LINE('',#2717,#2718);
#2717 = CARTESIAN_POINT('',(-14.975,19.85,-12.5));
#2718 = VECTOR('',#2719,1.);
#2719 = DIRECTION('',(0.,-1.,0.));
#2720 = ORIENTED_EDGE('',*,*,#2721,.T.);
#2721 = EDGE_CURVE('',#2714,#1381,#2722,.T.);
#2722 = LINE('',#2723,#2724);
#2723 = CARTESIAN_POINT('',(-14.975,3.5,-12.51));
#2724 = VECTOR('',#2725,1.);
#2725 = DIRECTION('',(0.,0.,1.));
#2726 = ORIENTED_EDGE('',*,*,#1380,.T.);
#2727 = ORIENTED_EDGE('',*,*,#2728,.T.);
#2728 = EDGE_CURVE('',#1372,#2696,#2729,.T.);
#2729 = LINE('',#2730,#2731);
#2730 = CARTESIAN_POINT('',(-14.975,19.85,-10.));
#2731 = VECTOR('',#2732,1.);
#2732 = DIRECTION('',(0.,0.,1.));
#2733 = PLANE('',#2734);
#2734 = AXIS2_PLACEMENT_3D('',#2735,#2736,#2737);
#2735 = CARTESIAN_POINT('',(-14.975,0.312416555407,-6.828170894526));
#2736 = DIRECTION('',(1.,0.,0.));
#2737 = DIRECTION('',(-0.,0.,1.));
#2738 = ADVANCED_FACE('',(#2739),#2758,.F.);
#2739 = FACE_BOUND('',#2740,.T.);
#2740 = EDGE_LOOP('',(#2741,#2742,#2750,#2757));
#2741 = ORIENTED_EDGE('',*,*,#1371,.T.);
#2742 = ORIENTED_EDGE('',*,*,#2743,.T.);
#2743 = EDGE_CURVE('',#1364,#2744,#2746,.T.);
#2744 = VERTEX_POINT('',#2745);
#2745 = CARTESIAN_POINT('',(-9.875,24.95,-7.8));
#2746 = LINE('',#2747,#2748);
#2747 = CARTESIAN_POINT('',(-9.875,24.95,-10.));
#2748 = VECTOR('',#2749,1.);
#2749 = DIRECTION('',(0.,0.,1.));
#2750 = ORIENTED_EDGE('',*,*,#2751,.F.);
#2751 = EDGE_CURVE('',#2696,#2744,#2752,.T.);
#2752 = CIRCLE('',#2753,5.1);
#2753 = AXIS2_PLACEMENT_3D('',#2754,#2755,#2756);
#2754 = CARTESIAN_POINT('',(-9.875,19.85,-7.8));
#2755 = DIRECTION('',(0.,-0.,-1.));
#2756 = DIRECTION('',(6.96610525255E-16,1.,-0.));
#2757 = ORIENTED_EDGE('',*,*,#2728,.F.);
#2758 = CYLINDRICAL_SURFACE('',#2759,5.1);
#2759 = AXIS2_PLACEMENT_3D('',#2760,#2761,#2762);
#2760 = CARTESIAN_POINT('',(-9.875,19.85,-10.));
#2761 = DIRECTION('',(-0.,-0.,-1.));
#2762 = DIRECTION('',(6.96610525255E-16,1.,-0.));
#2763 = ADVANCED_FACE('',(#2764),#2860,.T.);
#2764 = FACE_BOUND('',#2765,.T.);
#2765 = EDGE_LOOP('',(#2766,#2774,#2775,#2776,#2784,#2792,#2798,#2799,
    #2807,#2815,#2823,#2831,#2839,#2847,#2853,#2854));
#2766 = ORIENTED_EDGE('',*,*,#2767,.F.);
#2767 = EDGE_CURVE('',#2744,#2768,#2770,.T.);
#2768 = VERTEX_POINT('',#2769);
#2769 = CARTESIAN_POINT('',(9.875,24.95,-7.8));
#2770 = LINE('',#2771,#2772);
#2771 = CARTESIAN_POINT('',(4.9375,24.95,-7.8));
#2772 = VECTOR('',#2773,1.);
#2773 = DIRECTION('',(1.,0.,-0.));
#2774 = ORIENTED_EDGE('',*,*,#2743,.F.);
#2775 = ORIENTED_EDGE('',*,*,#1363,.T.);
#2776 = ORIENTED_EDGE('',*,*,#2777,.F.);
#2777 = EDGE_CURVE('',#2778,#1356,#2780,.T.);
#2778 = VERTEX_POINT('',#2779);
#2779 = CARTESIAN_POINT('',(-7.,24.95,-12.5));
#2780 = LINE('',#2781,#2782);
#2781 = CARTESIAN_POINT('',(-7.,24.95,-12.00140151515));
#2782 = VECTOR('',#2783,1.);
#2783 = DIRECTION('',(-0.,0.,1.));
#2784 = ORIENTED_EDGE('',*,*,#2785,.F.);
#2785 = EDGE_CURVE('',#2786,#2778,#2788,.T.);
#2786 = VERTEX_POINT('',#2787);
#2787 = CARTESIAN_POINT('',(-4.5,24.95,-12.5));
#2788 = LINE('',#2789,#2790);
#2789 = CARTESIAN_POINT('',(9.875,24.95,-12.5));
#2790 = VECTOR('',#2791,1.);
#2791 = DIRECTION('',(-1.,0.,0.));
#2792 = ORIENTED_EDGE('',*,*,#2793,.T.);
#2793 = EDGE_CURVE('',#2786,#1332,#2794,.T.);
#2794 = LINE('',#2795,#2796);
#2795 = CARTESIAN_POINT('',(-4.5,24.95,-13.5));
#2796 = VECTOR('',#2797,1.);
#2797 = DIRECTION('',(0.,0.,1.));
#2798 = ORIENTED_EDGE('',*,*,#1331,.T.);
#2799 = ORIENTED_EDGE('',*,*,#2800,.F.);
#2800 = EDGE_CURVE('',#2801,#1324,#2803,.T.);
#2801 = VERTEX_POINT('',#2802);
#2802 = CARTESIAN_POINT('',(4.5,24.95,-12.49));
#2803 = LINE('',#2804,#2805);
#2804 = CARTESIAN_POINT('',(4.5,24.95,-13.5));
#2805 = VECTOR('',#2806,1.);
#2806 = DIRECTION('',(0.,0.,1.));
#2807 = ORIENTED_EDGE('',*,*,#2808,.F.);
#2808 = EDGE_CURVE('',#2809,#2801,#2811,.T.);
#2809 = VERTEX_POINT('',#2810);
#2810 = CARTESIAN_POINT('',(4.2,24.95,-12.49));
#2811 = LINE('',#2812,#2813);
#2812 = CARTESIAN_POINT('',(7.789166666667,24.95,-12.49));
#2813 = VECTOR('',#2814,1.);
#2814 = DIRECTION('',(1.,0.,-0.));
#2815 = ORIENTED_EDGE('',*,*,#2816,.F.);
#2816 = EDGE_CURVE('',#2817,#2809,#2819,.T.);
#2817 = VERTEX_POINT('',#2818);
#2818 = CARTESIAN_POINT('',(4.2,24.95,-12.5));
#2819 = LINE('',#2820,#2821);
#2820 = CARTESIAN_POINT('',(4.2,24.95,-12.35095959596));
#2821 = VECTOR('',#2822,1.);
#2822 = DIRECTION('',(-0.,0.,1.));
#2823 = ORIENTED_EDGE('',*,*,#2824,.F.);
#2824 = EDGE_CURVE('',#2825,#2817,#2827,.T.);
#2825 = VERTEX_POINT('',#2826);
#2826 = CARTESIAN_POINT('',(7.2,24.95,-12.5));
#2827 = LINE('',#2828,#2829);
#2828 = CARTESIAN_POINT('',(9.875,24.95,-12.5));
#2829 = VECTOR('',#2830,1.);
#2830 = DIRECTION('',(-1.,0.,0.));
#2831 = ORIENTED_EDGE('',*,*,#2832,.F.);
#2832 = EDGE_CURVE('',#2833,#2825,#2835,.T.);
#2833 = VERTEX_POINT('',#2834);
#2834 = CARTESIAN_POINT('',(7.2,24.95,-12.49));
#2835 = LINE('',#2836,#2837);
#2836 = CARTESIAN_POINT('',(7.2,24.95,-12.35095959596));
#2837 = VECTOR('',#2838,1.);
#2838 = DIRECTION('',(0.,0.,-1.));
#2839 = ORIENTED_EDGE('',*,*,#2840,.F.);
#2840 = EDGE_CURVE('',#2841,#2833,#2843,.T.);
#2841 = VERTEX_POINT('',#2842);
#2842 = CARTESIAN_POINT('',(7.,24.95,-12.49));
#2843 = LINE('',#2844,#2845);
#2844 = CARTESIAN_POINT('',(7.789166666667,24.95,-12.49));
#2845 = VECTOR('',#2846,1.);
#2846 = DIRECTION('',(1.,0.,-0.));
#2847 = ORIENTED_EDGE('',*,*,#2848,.T.);
#2848 = EDGE_CURVE('',#2841,#1268,#2849,.T.);
#2849 = LINE('',#2850,#2851);
#2850 = CARTESIAN_POINT('',(7.,24.95,-13.5));
#2851 = VECTOR('',#2852,1.);
#2852 = DIRECTION('',(0.,0.,1.));
#2853 = ORIENTED_EDGE('',*,*,#1267,.T.);
#2854 = ORIENTED_EDGE('',*,*,#2855,.T.);
#2855 = EDGE_CURVE('',#1259,#2768,#2856,.T.);
#2856 = LINE('',#2857,#2858);
#2857 = CARTESIAN_POINT('',(9.875,24.95,-10.));
#2858 = VECTOR('',#2859,1.);
#2859 = DIRECTION('',(0.,0.,1.));
#2860 = PLANE('',#2861);
#2861 = AXIS2_PLACEMENT_3D('',#2862,#2863,#2864);
#2862 = CARTESIAN_POINT('',(9.569722514928E-02,24.95,-9.355756937127));
#2863 = DIRECTION('',(-0.,-1.,-0.));
#2864 = DIRECTION('',(0.,0.,-1.));
#2865 = ADVANCED_FACE('',(#2866),#2885,.F.);
#2866 = FACE_BOUND('',#2867,.T.);
#2867 = EDGE_LOOP('',(#2868,#2869,#2877,#2884));
#2868 = ORIENTED_EDGE('',*,*,#1258,.T.);
#2869 = ORIENTED_EDGE('',*,*,#2870,.T.);
#2870 = EDGE_CURVE('',#1251,#2871,#2873,.T.);
#2871 = VERTEX_POINT('',#2872);
#2872 = CARTESIAN_POINT('',(14.975,19.85,-7.8));
#2873 = LINE('',#2874,#2875);
#2874 = CARTESIAN_POINT('',(14.975,19.85,-10.));
#2875 = VECTOR('',#2876,1.);
#2876 = DIRECTION('',(0.,0.,1.));
#2877 = ORIENTED_EDGE('',*,*,#2878,.F.);
#2878 = EDGE_CURVE('',#2768,#2871,#2879,.T.);
#2879 = CIRCLE('',#2880,5.1);
#2880 = AXIS2_PLACEMENT_3D('',#2881,#2882,#2883);
#2881 = CARTESIAN_POINT('',(9.875,19.85,-7.8));
#2882 = DIRECTION('',(0.,-0.,-1.));
#2883 = DIRECTION('',(1.,-6.96610525255E-16,0.));
#2884 = ORIENTED_EDGE('',*,*,#2855,.F.);
#2885 = CYLINDRICAL_SURFACE('',#2886,5.1);
#2886 = AXIS2_PLACEMENT_3D('',#2887,#2888,#2889);
#2887 = CARTESIAN_POINT('',(9.875,19.85,-10.));
#2888 = DIRECTION('',(-0.,-0.,-1.));
#2889 = DIRECTION('',(1.,-6.96610525255E-16,0.));
#2890 = ADVANCED_FACE('',(#2891),#2957,.T.);
#2891 = FACE_BOUND('',#2892,.T.);
#2892 = EDGE_LOOP('',(#2893,#2903,#2909,#2910,#2911,#2919,#2927,#2935,
    #2943,#2951));
#2893 = ORIENTED_EDGE('',*,*,#2894,.F.);
#2894 = EDGE_CURVE('',#2895,#2897,#2899,.T.);
#2895 = VERTEX_POINT('',#2896);
#2896 = CARTESIAN_POINT('',(14.975,15.2,-7.8));
#2897 = VERTEX_POINT('',#2898);
#2898 = CARTESIAN_POINT('',(14.975,15.2,-12.5));
#2899 = LINE('',#2900,#2901);
#2900 = CARTESIAN_POINT('',(14.975,15.2,-13.69994925395));
#2901 = VECTOR('',#2902,1.);
#2902 = DIRECTION('',(0.,0.,-1.));
#2903 = ORIENTED_EDGE('',*,*,#2904,.T.);
#2904 = EDGE_CURVE('',#2895,#2871,#2905,.T.);
#2905 = LINE('',#2906,#2907);
#2906 = CARTESIAN_POINT('',(14.975,-99.99956505295,-7.8));
#2907 = VECTOR('',#2908,1.);
#2908 = DIRECTION('',(0.,1.,0.));
#2909 = ORIENTED_EDGE('',*,*,#2870,.F.);
#2910 = ORIENTED_EDGE('',*,*,#1250,.T.);
#2911 = ORIENTED_EDGE('',*,*,#2912,.F.);
#2912 = EDGE_CURVE('',#2913,#1243,#2915,.T.);
#2913 = VERTEX_POINT('',#2914);
#2914 = CARTESIAN_POINT('',(14.975,16.2,-12.26));
#2915 = LINE('',#2916,#2917);
#2916 = CARTESIAN_POINT('',(14.975,16.2,-24.92));
#2917 = VECTOR('',#2918,1.);
#2918 = DIRECTION('',(0.,0.,1.));
#2919 = ORIENTED_EDGE('',*,*,#2920,.T.);
#2920 = EDGE_CURVE('',#2913,#2921,#2923,.T.);
#2921 = VERTEX_POINT('',#2922);
#2922 = CARTESIAN_POINT('',(14.975,16.7,-12.26));
#2923 = LINE('',#2924,#2925);
#2924 = CARTESIAN_POINT('',(14.975,16.19,-12.26));
#2925 = VECTOR('',#2926,1.);
#2926 = DIRECTION('',(-0.,1.,0.));
#2927 = ORIENTED_EDGE('',*,*,#2928,.F.);
#2928 = EDGE_CURVE('',#2929,#2921,#2931,.T.);
#2929 = VERTEX_POINT('',#2930);
#2930 = CARTESIAN_POINT('',(14.975,16.7,-12.49));
#2931 = LINE('',#2932,#2933);
#2932 = CARTESIAN_POINT('',(14.975,16.7,-26.22));
#2933 = VECTOR('',#2934,1.);
#2934 = DIRECTION('',(0.,0.,1.));
#2935 = ORIENTED_EDGE('',*,*,#2936,.F.);
#2936 = EDGE_CURVE('',#2937,#2929,#2939,.T.);
#2937 = VERTEX_POINT('',#2938);
#2938 = CARTESIAN_POINT('',(14.975,17.5,-12.49));
#2939 = LINE('',#2940,#2941);
#2940 = CARTESIAN_POINT('',(14.975,-1.715,-12.49));
#2941 = VECTOR('',#2942,1.);
#2942 = DIRECTION('',(0.,-1.,0.));
#2943 = ORIENTED_EDGE('',*,*,#2944,.T.);
#2944 = EDGE_CURVE('',#2937,#2945,#2947,.T.);
#2945 = VERTEX_POINT('',#2946);
#2946 = CARTESIAN_POINT('',(14.975,17.5,-12.5));
#2947 = LINE('',#2948,#2949);
#2948 = CARTESIAN_POINT('',(14.975,17.5,-14.125));
#2949 = VECTOR('',#2950,1.);
#2950 = DIRECTION('',(0.,0.,-1.));
#2951 = ORIENTED_EDGE('',*,*,#2952,.F.);
#2952 = EDGE_CURVE('',#2897,#2945,#2953,.T.);
#2953 = LINE('',#2954,#2955);
#2954 = CARTESIAN_POINT('',(14.975,-19.85,-12.5));
#2955 = VECTOR('',#2956,1.);
#2956 = DIRECTION('',(0.,1.,0.));
#2957 = PLANE('',#2958);
#2958 = AXIS2_PLACEMENT_3D('',#2959,#2960,#2961);
#2959 = CARTESIAN_POINT('',(14.975,8.698940998496E-04,-6.166406959153));
#2960 = DIRECTION('',(-1.,-0.,-0.));
#2961 = DIRECTION('',(0.,0.,-1.));
#2962 = ADVANCED_FACE('',(#2963),#2995,.T.);
#2963 = FACE_BOUND('',#2964,.T.);
#2964 = EDGE_LOOP('',(#2965,#2966,#2974,#2980,#2981,#2989));
#2965 = ORIENTED_EDGE('',*,*,#1162,.F.);
#2966 = ORIENTED_EDGE('',*,*,#2967,.T.);
#2967 = EDGE_CURVE('',#1155,#2968,#2970,.T.);
#2968 = VERTEX_POINT('',#2969);
#2969 = CARTESIAN_POINT('',(24.6625,15.2,-7.8));
#2970 = LINE('',#2971,#2972);
#2971 = CARTESIAN_POINT('',(24.6625,15.2,-10.));
#2972 = VECTOR('',#2973,1.);
#2973 = DIRECTION('',(0.,0.,1.));
#2974 = ORIENTED_EDGE('',*,*,#2975,.T.);
#2975 = EDGE_CURVE('',#2968,#2895,#2976,.T.);
#2976 = LINE('',#2977,#2978);
#2977 = CARTESIAN_POINT('',(7.2375,15.2,-7.8));
#2978 = VECTOR('',#2979,1.);
#2979 = DIRECTION('',(-1.,-0.,0.));
#2980 = ORIENTED_EDGE('',*,*,#2894,.T.);
#2981 = ORIENTED_EDGE('',*,*,#2982,.F.);
#2982 = EDGE_CURVE('',#2983,#2897,#2985,.T.);
#2983 = VERTEX_POINT('',#2984);
#2984 = CARTESIAN_POINT('',(20.995,15.2,-12.5));
#2985 = LINE('',#2986,#2987);
#2986 = CARTESIAN_POINT('',(-90.88665528419,15.2,-12.5));
#2987 = VECTOR('',#2988,1.);
#2988 = DIRECTION('',(-1.,0.,0.));
#2989 = ORIENTED_EDGE('',*,*,#2990,.T.);
#2990 = EDGE_CURVE('',#2983,#1163,#2991,.T.);
#2991 = LINE('',#2992,#2993);
#2992 = CARTESIAN_POINT('',(20.995,15.2,-24.92));
#2993 = VECTOR('',#2994,1.);
#2994 = DIRECTION('',(0.,0.,1.));
#2995 = PLANE('',#2996);
#2996 = AXIS2_PLACEMENT_3D('',#2997,#2998,#2999);
#2997 = CARTESIAN_POINT('',(18.226689431606,15.2,-15.39994349963));
#2998 = DIRECTION('',(-0.,-1.,-0.));
#2999 = DIRECTION('',(0.,0.,-1.));
#3000 = ADVANCED_FACE('',(#3001),#3019,.F.);
#3001 = FACE_BOUND('',#3002,.F.);
#3002 = EDGE_LOOP('',(#3003,#3011,#3012,#3013));
#3003 = ORIENTED_EDGE('',*,*,#3004,.F.);
#3004 = EDGE_CURVE('',#1147,#3005,#3007,.T.);
#3005 = VERTEX_POINT('',#3006);
#3006 = CARTESIAN_POINT('',(24.6625,11.2,-7.8));
#3007 = LINE('',#3008,#3009);
#3008 = CARTESIAN_POINT('',(24.6625,11.2,-17.155));
#3009 = VECTOR('',#3010,1.);
#3010 = DIRECTION('',(0.,0.,1.));
#3011 = ORIENTED_EDGE('',*,*,#1154,.T.);
#3012 = ORIENTED_EDGE('',*,*,#2967,.T.);
#3013 = ORIENTED_EDGE('',*,*,#3014,.F.);
#3014 = EDGE_CURVE('',#3005,#2968,#3015,.T.);
#3015 = LINE('',#3016,#3017);
#3016 = CARTESIAN_POINT('',(24.6625,-7.6,-7.8));
#3017 = VECTOR('',#3018,1.);
#3018 = DIRECTION('',(-0.,1.,0.));
#3019 = PLANE('',#3020);
#3020 = AXIS2_PLACEMENT_3D('',#3021,#3022,#3023);
#3021 = CARTESIAN_POINT('',(24.6625,-15.2,-10.));
#3022 = DIRECTION('',(1.,0.,-0.));
#3023 = DIRECTION('',(0.,0.,1.));
#3024 = ADVANCED_FACE('',(#3025),#3050,.F.);
#3025 = FACE_BOUND('',#3026,.F.);
#3026 = EDGE_LOOP('',(#3027,#3035,#3036,#3044));
#3027 = ORIENTED_EDGE('',*,*,#3028,.F.);
#3028 = EDGE_CURVE('',#1113,#3029,#3031,.T.);
#3029 = VERTEX_POINT('',#3030);
#3030 = CARTESIAN_POINT('',(24.6625,-15.2,-7.8));
#3031 = LINE('',#3032,#3033);
#3032 = CARTESIAN_POINT('',(24.6625,-15.2,-10.));
#3033 = VECTOR('',#3034,1.);
#3034 = DIRECTION('',(0.,0.,1.));
#3035 = ORIENTED_EDGE('',*,*,#1122,.T.);
#3036 = ORIENTED_EDGE('',*,*,#3037,.T.);
#3037 = EDGE_CURVE('',#1123,#3038,#3040,.T.);
#3038 = VERTEX_POINT('',#3039);
#3039 = CARTESIAN_POINT('',(24.6625,-11.2,-7.8));
#3040 = LINE('',#3041,#3042);
#3041 = CARTESIAN_POINT('',(24.6625,-11.2,-17.155));
#3042 = VECTOR('',#3043,1.);
#3043 = DIRECTION('',(0.,0.,1.));
#3044 = ORIENTED_EDGE('',*,*,#3045,.F.);
#3045 = EDGE_CURVE('',#3029,#3038,#3046,.T.);
#3046 = LINE('',#3047,#3048);
#3047 = CARTESIAN_POINT('',(24.6625,-7.6,-7.8));
#3048 = VECTOR('',#3049,1.);
#3049 = DIRECTION('',(-0.,1.,0.));
#3050 = PLANE('',#3051);
#3051 = AXIS2_PLACEMENT_3D('',#3052,#3053,#3054);
#3052 = CARTESIAN_POINT('',(24.6625,-15.2,-10.));
#3053 = DIRECTION('',(1.,0.,-0.));
#3054 = DIRECTION('',(0.,0.,1.));
#3055 = ADVANCED_FACE('',(#3056),#3090,.T.);
#3056 = FACE_BOUND('',#3057,.T.);
#3057 = EDGE_LOOP('',(#3058,#3068,#3074,#3075,#3076,#3084));
#3058 = ORIENTED_EDGE('',*,*,#3059,.T.);
#3059 = EDGE_CURVE('',#3060,#3062,#3064,.T.);
#3060 = VERTEX_POINT('',#3061);
#3061 = CARTESIAN_POINT('',(14.975,-15.2,-12.5));
#3062 = VERTEX_POINT('',#3063);
#3063 = CARTESIAN_POINT('',(14.975,-15.2,-7.8));
#3064 = LINE('',#3065,#3066);
#3065 = CARTESIAN_POINT('',(14.975,-15.2,-13.70529402929));
#3066 = VECTOR('',#3067,1.);
#3067 = DIRECTION('',(0.,-0.,1.));
#3068 = ORIENTED_EDGE('',*,*,#3069,.T.);
#3069 = EDGE_CURVE('',#3062,#3029,#3070,.T.);
#3070 = LINE('',#3071,#3072);
#3071 = CARTESIAN_POINT('',(-90.79730018389,-15.2,-7.8));
#3072 = VECTOR('',#3073,1.);
#3073 = DIRECTION('',(1.,0.,0.));
#3074 = ORIENTED_EDGE('',*,*,#3028,.F.);
#3075 = ORIENTED_EDGE('',*,*,#1112,.T.);
#3076 = ORIENTED_EDGE('',*,*,#3077,.F.);
#3077 = EDGE_CURVE('',#3078,#1115,#3080,.T.);
#3078 = VERTEX_POINT('',#3079);
#3079 = CARTESIAN_POINT('',(20.995,-15.2,-12.5));
#3080 = LINE('',#3081,#3082);
#3081 = CARTESIAN_POINT('',(20.995,-15.2,-26.22));
#3082 = VECTOR('',#3083,1.);
#3083 = DIRECTION('',(0.,0.,1.));
#3084 = ORIENTED_EDGE('',*,*,#3085,.F.);
#3085 = EDGE_CURVE('',#3060,#3078,#3086,.T.);
#3086 = LINE('',#3087,#3088);
#3087 = CARTESIAN_POINT('',(-90.79730018389,-15.2,-12.5));
#3088 = VECTOR('',#3089,1.);
#3089 = DIRECTION('',(1.,0.,0.));
#3090 = PLANE('',#3091);
#3091 = AXIS2_PLACEMENT_3D('',#3092,#3093,#3094);
#3092 = CARTESIAN_POINT('',(18.405399632211,-15.2,-14.98541850561));
#3093 = DIRECTION('',(0.,1.,0.));
#3094 = DIRECTION('',(0.,-0.,1.));
#3095 = ADVANCED_FACE('',(#3096),#3137,.T.);
#3096 = FACE_BOUND('',#3097,.T.);
#3097 = EDGE_LOOP('',(#3098,#3104,#3105,#3113,#3121,#3129,#3135,#3136));
#3098 = ORIENTED_EDGE('',*,*,#3099,.F.);
#3099 = EDGE_CURVE('',#3062,#2153,#3100,.T.);
#3100 = LINE('',#3101,#3102);
#3101 = CARTESIAN_POINT('',(14.975,-9.925,-7.8));
#3102 = VECTOR('',#3103,1.);
#3103 = DIRECTION('',(0.,-1.,0.));
#3104 = ORIENTED_EDGE('',*,*,#3059,.F.);
#3105 = ORIENTED_EDGE('',*,*,#3106,.F.);
#3106 = EDGE_CURVE('',#3107,#3060,#3109,.T.);
#3107 = VERTEX_POINT('',#3108);
#3108 = CARTESIAN_POINT('',(14.975,-17.5,-12.5));
#3109 = LINE('',#3110,#3111);
#3110 = CARTESIAN_POINT('',(14.975,-19.85,-12.5));
#3111 = VECTOR('',#3112,1.);
#3112 = DIRECTION('',(0.,1.,0.));
#3113 = ORIENTED_EDGE('',*,*,#3114,.F.);
#3114 = EDGE_CURVE('',#3115,#3107,#3117,.T.);
#3115 = VERTEX_POINT('',#3116);
#3116 = CARTESIAN_POINT('',(14.975,-17.5,-12.49));
#3117 = LINE('',#3118,#3119);
#3118 = CARTESIAN_POINT('',(14.975,-17.5,-14.125));
#3119 = VECTOR('',#3120,1.);
#3120 = DIRECTION('',(0.,0.,-1.));
#3121 = ORIENTED_EDGE('',*,*,#3122,.F.);
#3122 = EDGE_CURVE('',#3123,#3115,#3125,.T.);
#3123 = VERTEX_POINT('',#3124);
#3124 = CARTESIAN_POINT('',(14.975,-16.2,-12.49));
#3125 = LINE('',#3126,#3127);
#3126 = CARTESIAN_POINT('',(14.975,-18.12333333333,-12.49));
#3127 = VECTOR('',#3128,1.);
#3128 = DIRECTION('',(0.,-1.,0.));
#3129 = ORIENTED_EDGE('',*,*,#3130,.T.);
#3130 = EDGE_CURVE('',#3123,#1508,#3131,.T.);
#3131 = LINE('',#3132,#3133);
#3132 = CARTESIAN_POINT('',(14.975,-16.2,-24.92));
#3133 = VECTOR('',#3134,1.);
#3134 = DIRECTION('',(0.,0.,1.));
#3135 = ORIENTED_EDGE('',*,*,#1507,.T.);
#3136 = ORIENTED_EDGE('',*,*,#2161,.T.);
#3137 = PLANE('',#3138);
#3138 = AXIS2_PLACEMENT_3D('',#3139,#3140,#3141);
#3139 = CARTESIAN_POINT('',(14.975,8.698940998496E-04,-6.166406959153));
#3140 = DIRECTION('',(-1.,-0.,-0.));
#3141 = DIRECTION('',(0.,0.,-1.));
#3142 = ADVANCED_FACE('',(#3143),#3168,.T.);
#3143 = FACE_BOUND('',#3144,.T.);
#3144 = EDGE_LOOP('',(#3145,#3153,#3154,#3162));
#3145 = ORIENTED_EDGE('',*,*,#3146,.F.);
#3146 = EDGE_CURVE('',#1666,#3147,#3149,.T.);
#3147 = VERTEX_POINT('',#3148);
#3148 = CARTESIAN_POINT('',(-27.3,-27.8,-7.8));
#3149 = LINE('',#3150,#3151);
#3150 = CARTESIAN_POINT('',(-27.3,-27.8,-10.));
#3151 = VECTOR('',#3152,1.);
#3152 = DIRECTION('',(0.,0.,1.));
#3153 = ORIENTED_EDGE('',*,*,#1689,.T.);
#3154 = ORIENTED_EDGE('',*,*,#3155,.T.);
#3155 = EDGE_CURVE('',#1682,#3156,#3158,.T.);
#3156 = VERTEX_POINT('',#3157);
#3157 = CARTESIAN_POINT('',(-27.3,-24.,-7.8));
#3158 = LINE('',#3159,#3160);
#3159 = CARTESIAN_POINT('',(-27.3,-24.,-10.));
#3160 = VECTOR('',#3161,1.);
#3161 = DIRECTION('',(0.,0.,1.));
#3162 = ORIENTED_EDGE('',*,*,#3163,.F.);
#3163 = EDGE_CURVE('',#3147,#3156,#3164,.T.);
#3164 = LINE('',#3165,#3166);
#3165 = CARTESIAN_POINT('',(-27.3,-13.9,-7.8));
#3166 = VECTOR('',#3167,1.);
#3167 = DIRECTION('',(-0.,1.,0.));
#3168 = PLANE('',#3169);
#3169 = AXIS2_PLACEMENT_3D('',#3170,#3171,#3172);
#3170 = CARTESIAN_POINT('',(-27.3,-27.8,-10.));
#3171 = DIRECTION('',(1.,0.,-0.));
#3172 = DIRECTION('',(0.,0.,1.));
#3173 = ADVANCED_FACE('',(#3174),#3192,.F.);
#3174 = FACE_BOUND('',#3175,.F.);
#3175 = EDGE_LOOP('',(#3176,#3184,#3185,#3186));
#3176 = ORIENTED_EDGE('',*,*,#3177,.F.);
#3177 = EDGE_CURVE('',#1674,#3178,#3180,.T.);
#3178 = VERTEX_POINT('',#3179);
#3179 = CARTESIAN_POINT('',(-21.5,-24.,-7.8));
#3180 = LINE('',#3181,#3182);
#3181 = CARTESIAN_POINT('',(-21.5,-24.,-10.));
#3182 = VECTOR('',#3183,1.);
#3183 = DIRECTION('',(0.,0.,1.));
#3184 = ORIENTED_EDGE('',*,*,#1681,.T.);
#3185 = ORIENTED_EDGE('',*,*,#3155,.T.);
#3186 = ORIENTED_EDGE('',*,*,#3187,.F.);
#3187 = EDGE_CURVE('',#3178,#3156,#3188,.T.);
#3188 = LINE('',#3189,#3190);
#3189 = CARTESIAN_POINT('',(-13.65,-24.,-7.8));
#3190 = VECTOR('',#3191,1.);
#3191 = DIRECTION('',(-1.,-0.,0.));
#3192 = PLANE('',#3193);
#3193 = AXIS2_PLACEMENT_3D('',#3194,#3195,#3196);
#3194 = CARTESIAN_POINT('',(-27.3,-24.,-10.));
#3195 = DIRECTION('',(-0.,1.,0.));
#3196 = DIRECTION('',(0.,0.,1.));
#3197 = ADVANCED_FACE('',(#3198),#3216,.F.);
#3198 = FACE_BOUND('',#3199,.F.);
#3199 = EDGE_LOOP('',(#3200,#3208,#3209,#3210));
#3200 = ORIENTED_EDGE('',*,*,#3201,.F.);
#3201 = EDGE_CURVE('',#1664,#3202,#3204,.T.);
#3202 = VERTEX_POINT('',#3203);
#3203 = CARTESIAN_POINT('',(-21.5,-27.8,-7.8));
#3204 = LINE('',#3205,#3206);
#3205 = CARTESIAN_POINT('',(-21.5,-27.8,-10.));
#3206 = VECTOR('',#3207,1.);
#3207 = DIRECTION('',(0.,0.,1.));
#3208 = ORIENTED_EDGE('',*,*,#1673,.T.);
#3209 = ORIENTED_EDGE('',*,*,#3177,.T.);
#3210 = ORIENTED_EDGE('',*,*,#3211,.F.);
#3211 = EDGE_CURVE('',#3202,#3178,#3212,.T.);
#3212 = LINE('',#3213,#3214);
#3213 = CARTESIAN_POINT('',(-21.5,-13.9,-7.8));
#3214 = VECTOR('',#3215,1.);
#3215 = DIRECTION('',(-0.,1.,0.));
#3216 = PLANE('',#3217);
#3217 = AXIS2_PLACEMENT_3D('',#3218,#3219,#3220);
#3218 = CARTESIAN_POINT('',(-21.5,-27.8,-10.));
#3219 = DIRECTION('',(1.,0.,-0.));
#3220 = DIRECTION('',(0.,0.,1.));
#3221 = ADVANCED_FACE('',(#3222),#3233,.T.);
#3222 = FACE_BOUND('',#3223,.T.);
#3223 = EDGE_LOOP('',(#3224,#3225,#3226,#3227));
#3224 = ORIENTED_EDGE('',*,*,#3201,.F.);
#3225 = ORIENTED_EDGE('',*,*,#1663,.T.);
#3226 = ORIENTED_EDGE('',*,*,#3146,.T.);
#3227 = ORIENTED_EDGE('',*,*,#3228,.F.);
#3228 = EDGE_CURVE('',#3202,#3147,#3229,.T.);
#3229 = LINE('',#3230,#3231);
#3230 = CARTESIAN_POINT('',(-13.65,-27.8,-7.8));
#3231 = VECTOR('',#3232,1.);
#3232 = DIRECTION('',(-1.,-0.,0.));
#3233 = PLANE('',#3234);
#3234 = AXIS2_PLACEMENT_3D('',#3235,#3236,#3237);
#3235 = CARTESIAN_POINT('',(-27.3,-27.8,-10.));
#3236 = DIRECTION('',(-0.,1.,0.));
#3237 = DIRECTION('',(0.,0.,1.));
#3238 = ADVANCED_FACE('',(#3239),#3264,.T.);
#3239 = FACE_BOUND('',#3240,.T.);
#3240 = EDGE_LOOP('',(#3241,#3249,#3250,#3258));
#3241 = ORIENTED_EDGE('',*,*,#3242,.F.);
#3242 = EDGE_CURVE('',#1700,#3243,#3245,.T.);
#3243 = VERTEX_POINT('',#3244);
#3244 = CARTESIAN_POINT('',(21.5,-27.8,-7.8));
#3245 = LINE('',#3246,#3247);
#3246 = CARTESIAN_POINT('',(21.5,-27.8,-10.));
#3247 = VECTOR('',#3248,1.);
#3248 = DIRECTION('',(0.,0.,1.));
#3249 = ORIENTED_EDGE('',*,*,#1723,.T.);
#3250 = ORIENTED_EDGE('',*,*,#3251,.T.);
#3251 = EDGE_CURVE('',#1716,#3252,#3254,.T.);
#3252 = VERTEX_POINT('',#3253);
#3253 = CARTESIAN_POINT('',(21.5,-24.,-7.8));
#3254 = LINE('',#3255,#3256);
#3255 = CARTESIAN_POINT('',(21.5,-24.,-10.));
#3256 = VECTOR('',#3257,1.);
#3257 = DIRECTION('',(0.,0.,1.));
#3258 = ORIENTED_EDGE('',*,*,#3259,.F.);
#3259 = EDGE_CURVE('',#3243,#3252,#3260,.T.);
#3260 = LINE('',#3261,#3262);
#3261 = CARTESIAN_POINT('',(21.5,-13.9,-7.8));
#3262 = VECTOR('',#3263,1.);
#3263 = DIRECTION('',(-0.,1.,0.));
#3264 = PLANE('',#3265);
#3265 = AXIS2_PLACEMENT_3D('',#3266,#3267,#3268);
#3266 = CARTESIAN_POINT('',(21.5,-27.8,-10.));
#3267 = DIRECTION('',(1.,0.,-0.));
#3268 = DIRECTION('',(0.,0.,1.));
#3269 = ADVANCED_FACE('',(#3270),#3288,.F.);
#3270 = FACE_BOUND('',#3271,.F.);
#3271 = EDGE_LOOP('',(#3272,#3280,#3281,#3282));
#3272 = ORIENTED_EDGE('',*,*,#3273,.F.);
#3273 = EDGE_CURVE('',#1708,#3274,#3276,.T.);
#3274 = VERTEX_POINT('',#3275);
#3275 = CARTESIAN_POINT('',(27.3,-24.,-7.8));
#3276 = LINE('',#3277,#3278);
#3277 = CARTESIAN_POINT('',(27.3,-24.,-10.));
#3278 = VECTOR('',#3279,1.);
#3279 = DIRECTION('',(0.,0.,1.));
#3280 = ORIENTED_EDGE('',*,*,#1715,.T.);
#3281 = ORIENTED_EDGE('',*,*,#3251,.T.);
#3282 = ORIENTED_EDGE('',*,*,#3283,.F.);
#3283 = EDGE_CURVE('',#3274,#3252,#3284,.T.);
#3284 = LINE('',#3285,#3286);
#3285 = CARTESIAN_POINT('',(10.75,-24.,-7.8));
#3286 = VECTOR('',#3287,1.);
#3287 = DIRECTION('',(-1.,-0.,0.));
#3288 = PLANE('',#3289);
#3289 = AXIS2_PLACEMENT_3D('',#3290,#3291,#3292);
#3290 = CARTESIAN_POINT('',(21.5,-24.,-10.));
#3291 = DIRECTION('',(-0.,1.,0.));
#3292 = DIRECTION('',(0.,0.,1.));
#3293 = ADVANCED_FACE('',(#3294),#3312,.F.);
#3294 = FACE_BOUND('',#3295,.F.);
#3295 = EDGE_LOOP('',(#3296,#3304,#3305,#3306));
#3296 = ORIENTED_EDGE('',*,*,#3297,.F.);
#3297 = EDGE_CURVE('',#1698,#3298,#3300,.T.);
#3298 = VERTEX_POINT('',#3299);
#3299 = CARTESIAN_POINT('',(27.3,-27.8,-7.8));
#3300 = LINE('',#3301,#3302);
#3301 = CARTESIAN_POINT('',(27.3,-27.8,-10.));
#3302 = VECTOR('',#3303,1.);
#3303 = DIRECTION('',(0.,0.,1.));
#3304 = ORIENTED_EDGE('',*,*,#1707,.T.);
#3305 = ORIENTED_EDGE('',*,*,#3273,.T.);
#3306 = ORIENTED_EDGE('',*,*,#3307,.F.);
#3307 = EDGE_CURVE('',#3298,#3274,#3308,.T.);
#3308 = LINE('',#3309,#3310);
#3309 = CARTESIAN_POINT('',(27.3,-13.9,-7.8));
#3310 = VECTOR('',#3311,1.);
#3311 = DIRECTION('',(-0.,1.,0.));
#3312 = PLANE('',#3313);
#3313 = AXIS2_PLACEMENT_3D('',#3314,#3315,#3316);
#3314 = CARTESIAN_POINT('',(27.3,-27.8,-10.));
#3315 = DIRECTION('',(1.,0.,-0.));
#3316 = DIRECTION('',(0.,0.,1.));
#3317 = ADVANCED_FACE('',(#3318),#3329,.T.);
#3318 = FACE_BOUND('',#3319,.T.);
#3319 = EDGE_LOOP('',(#3320,#3321,#3322,#3323));
#3320 = ORIENTED_EDGE('',*,*,#3297,.F.);
#3321 = ORIENTED_EDGE('',*,*,#1697,.T.);
#3322 = ORIENTED_EDGE('',*,*,#3242,.T.);
#3323 = ORIENTED_EDGE('',*,*,#3324,.F.);
#3324 = EDGE_CURVE('',#3298,#3243,#3325,.T.);
#3325 = LINE('',#3326,#3327);
#3326 = CARTESIAN_POINT('',(10.75,-27.8,-7.8));
#3327 = VECTOR('',#3328,1.);
#3328 = DIRECTION('',(-1.,-0.,0.));
#3329 = PLANE('',#3330);
#3330 = AXIS2_PLACEMENT_3D('',#3331,#3332,#3333);
#3331 = CARTESIAN_POINT('',(21.5,-27.8,-10.));
#3332 = DIRECTION('',(-0.,1.,0.));
#3333 = DIRECTION('',(0.,0.,1.));
#3334 = ADVANCED_FACE('',(#3335),#3360,.T.);
#3335 = FACE_BOUND('',#3336,.T.);
#3336 = EDGE_LOOP('',(#3337,#3345,#3346,#3354));
#3337 = ORIENTED_EDGE('',*,*,#3338,.F.);
#3338 = EDGE_CURVE('',#1734,#3339,#3341,.T.);
#3339 = VERTEX_POINT('',#3340);
#3340 = CARTESIAN_POINT('',(-24.5125,2.25,-7.8));
#3341 = LINE('',#3342,#3343);
#3342 = CARTESIAN_POINT('',(-24.5125,2.25,-10.));
#3343 = VECTOR('',#3344,1.);
#3344 = DIRECTION('',(0.,0.,1.));
#3345 = ORIENTED_EDGE('',*,*,#1757,.T.);
#3346 = ORIENTED_EDGE('',*,*,#3347,.T.);
#3347 = EDGE_CURVE('',#1750,#3348,#3350,.T.);
#3348 = VERTEX_POINT('',#3349);
#3349 = CARTESIAN_POINT('',(-24.5125,5.26,-7.8));
#3350 = LINE('',#3351,#3352);
#3351 = CARTESIAN_POINT('',(-24.5125,5.26,-10.));
#3352 = VECTOR('',#3353,1.);
#3353 = DIRECTION('',(0.,0.,1.));
#3354 = ORIENTED_EDGE('',*,*,#3355,.F.);
#3355 = EDGE_CURVE('',#3339,#3348,#3356,.T.);
#3356 = LINE('',#3357,#3358);
#3357 = CARTESIAN_POINT('',(-24.5125,1.125,-7.8));
#3358 = VECTOR('',#3359,1.);
#3359 = DIRECTION('',(-0.,1.,0.));
#3360 = PLANE('',#3361);
#3361 = AXIS2_PLACEMENT_3D('',#3362,#3363,#3364);
#3362 = CARTESIAN_POINT('',(-24.5125,7.441751888437,-5.594305636258));
#3363 = DIRECTION('',(1.,0.,0.));
#3364 = DIRECTION('',(-0.,0.,1.));
#3365 = ADVANCED_FACE('',(#3366),#3384,.F.);
#3366 = FACE_BOUND('',#3367,.F.);
#3367 = EDGE_LOOP('',(#3368,#3376,#3377,#3378));
#3368 = ORIENTED_EDGE('',*,*,#3369,.F.);
#3369 = EDGE_CURVE('',#1742,#3370,#3372,.T.);
#3370 = VERTEX_POINT('',#3371);
#3371 = CARTESIAN_POINT('',(-21.5125,5.26,-7.8));
#3372 = LINE('',#3373,#3374);
#3373 = CARTESIAN_POINT('',(-21.5125,5.26,-10.));
#3374 = VECTOR('',#3375,1.);
#3375 = DIRECTION('',(0.,0.,1.));
#3376 = ORIENTED_EDGE('',*,*,#1749,.T.);
#3377 = ORIENTED_EDGE('',*,*,#3347,.T.);
#3378 = ORIENTED_EDGE('',*,*,#3379,.F.);
#3379 = EDGE_CURVE('',#3370,#3348,#3380,.T.);
#3380 = LINE('',#3381,#3382);
#3381 = CARTESIAN_POINT('',(-12.25625,5.26,-7.8));
#3382 = VECTOR('',#3383,1.);
#3383 = DIRECTION('',(-1.,-0.,0.));
#3384 = PLANE('',#3385);
#3385 = AXIS2_PLACEMENT_3D('',#3386,#3387,#3388);
#3386 = CARTESIAN_POINT('',(-24.5125,5.26,-10.));
#3387 = DIRECTION('',(-0.,1.,0.));
#3388 = DIRECTION('',(0.,0.,1.));
#3389 = ADVANCED_FACE('',(#3390),#3408,.F.);
#3390 = FACE_BOUND('',#3391,.F.);
#3391 = EDGE_LOOP('',(#3392,#3400,#3401,#3402));
#3392 = ORIENTED_EDGE('',*,*,#3393,.F.);
#3393 = EDGE_CURVE('',#1732,#3394,#3396,.T.);
#3394 = VERTEX_POINT('',#3395);
#3395 = CARTESIAN_POINT('',(-21.5125,2.25,-7.8));
#3396 = LINE('',#3397,#3398);
#3397 = CARTESIAN_POINT('',(-21.5125,2.25,-10.));
#3398 = VECTOR('',#3399,1.);
#3399 = DIRECTION('',(0.,0.,1.));
#3400 = ORIENTED_EDGE('',*,*,#1741,.T.);
#3401 = ORIENTED_EDGE('',*,*,#3369,.T.);
#3402 = ORIENTED_EDGE('',*,*,#3403,.T.);
#3403 = EDGE_CURVE('',#3370,#3394,#3404,.T.);
#3404 = LINE('',#3405,#3406);
#3405 = CARTESIAN_POINT('',(-21.5125,-98.875,-7.8));
#3406 = VECTOR('',#3407,1.);
#3407 = DIRECTION('',(0.,-1.,0.));
#3408 = PLANE('',#3409);
#3409 = AXIS2_PLACEMENT_3D('',#3410,#3411,#3412);
#3410 = CARTESIAN_POINT('',(-21.5125,2.25,-10.));
#3411 = DIRECTION('',(1.,0.,-0.));
#3412 = DIRECTION('',(0.,0.,1.));
#3413 = ADVANCED_FACE('',(#3414),#3448,.T.);
#3414 = FACE_BOUND('',#3415,.T.);
#3415 = EDGE_LOOP('',(#3416,#3424,#3432,#3440,#3446,#3447));
#3416 = ORIENTED_EDGE('',*,*,#3417,.T.);
#3417 = EDGE_CURVE('',#3038,#3418,#3420,.T.);
#3418 = VERTEX_POINT('',#3419);
#3419 = CARTESIAN_POINT('',(20.295,-11.2,-7.8));
#3420 = LINE('',#3421,#3422);
#3421 = CARTESIAN_POINT('',(-88.93652367801,-11.2,-7.8));
#3422 = VECTOR('',#3423,1.);
#3423 = DIRECTION('',(-1.,0.,0.));
#3424 = ORIENTED_EDGE('',*,*,#3425,.F.);
#3425 = EDGE_CURVE('',#3426,#3418,#3428,.T.);
#3426 = VERTEX_POINT('',#3427);
#3427 = CARTESIAN_POINT('',(20.295,-11.2,-24.31));
#3428 = LINE('',#3429,#3430);
#3429 = CARTESIAN_POINT('',(20.295,-11.2,-24.31));
#3430 = VECTOR('',#3431,1.);
#3431 = DIRECTION('',(0.,0.,1.));
#3432 = ORIENTED_EDGE('',*,*,#3433,.T.);
#3433 = EDGE_CURVE('',#3426,#3434,#3436,.T.);
#3434 = VERTEX_POINT('',#3435);
#3435 = CARTESIAN_POINT('',(24.9625,-11.2,-24.31));
#3436 = LINE('',#3437,#3438);
#3437 = CARTESIAN_POINT('',(20.295,-11.2,-24.31));
#3438 = VECTOR('',#3439,1.);
#3439 = DIRECTION('',(1.,0.,-0.));
#3440 = ORIENTED_EDGE('',*,*,#3441,.T.);
#3441 = EDGE_CURVE('',#3434,#1131,#3442,.T.);
#3442 = LINE('',#3443,#3444);
#3443 = CARTESIAN_POINT('',(24.9625,-11.2,-24.31));
#3444 = VECTOR('',#3445,1.);
#3445 = DIRECTION('',(0.,0.,1.));
#3446 = ORIENTED_EDGE('',*,*,#1130,.T.);
#3447 = ORIENTED_EDGE('',*,*,#3037,.T.);
#3448 = PLANE('',#3449);
#3449 = AXIS2_PLACEMENT_3D('',#3450,#3451,#3452);
#3450 = CARTESIAN_POINT('',(22.12695264397,-11.2,-13.4578961427));
#3451 = DIRECTION('',(-0.,-1.,-0.));
#3452 = DIRECTION('',(0.,0.,-1.));
#3453 = ADVANCED_FACE('',(#3454),#3472,.T.);
#3454 = FACE_BOUND('',#3455,.T.);
#3455 = EDGE_LOOP('',(#3456,#3457,#3458,#3466));
#3456 = ORIENTED_EDGE('',*,*,#1138,.F.);
#3457 = ORIENTED_EDGE('',*,*,#3441,.F.);
#3458 = ORIENTED_EDGE('',*,*,#3459,.T.);
#3459 = EDGE_CURVE('',#3434,#3460,#3462,.T.);
#3460 = VERTEX_POINT('',#3461);
#3461 = CARTESIAN_POINT('',(24.9625,11.2,-24.31));
#3462 = LINE('',#3463,#3464);
#3463 = CARTESIAN_POINT('',(24.9625,-11.2,-24.31));
#3464 = VECTOR('',#3465,1.);
#3465 = DIRECTION('',(-0.,1.,0.));
#3466 = ORIENTED_EDGE('',*,*,#3467,.T.);
#3467 = EDGE_CURVE('',#3460,#1139,#3468,.T.);
#3468 = LINE('',#3469,#3470);
#3469 = CARTESIAN_POINT('',(24.9625,11.2,-24.31));
#3470 = VECTOR('',#3471,1.);
#3471 = DIRECTION('',(0.,0.,1.));
#3472 = PLANE('',#3473);
#3473 = AXIS2_PLACEMENT_3D('',#3474,#3475,#3476);
#3474 = CARTESIAN_POINT('',(24.9625,-11.2,-24.31));
#3475 = DIRECTION('',(1.,0.,-0.));
#3476 = DIRECTION('',(0.,0.,1.));
#3477 = ADVANCED_FACE('',(#3478),#3505,.T.);
#3478 = FACE_BOUND('',#3479,.T.);
#3479 = EDGE_LOOP('',(#3480,#3490,#3496,#3497,#3498,#3499));
#3480 = ORIENTED_EDGE('',*,*,#3481,.T.);
#3481 = EDGE_CURVE('',#3482,#3484,#3486,.T.);
#3482 = VERTEX_POINT('',#3483);
#3483 = CARTESIAN_POINT('',(20.295,11.2,-24.31));
#3484 = VERTEX_POINT('',#3485);
#3485 = CARTESIAN_POINT('',(20.295,11.2,-7.8));
#3486 = LINE('',#3487,#3488);
#3487 = CARTESIAN_POINT('',(20.295,11.2,-24.31));
#3488 = VECTOR('',#3489,1.);
#3489 = DIRECTION('',(0.,0.,1.));
#3490 = ORIENTED_EDGE('',*,*,#3491,.T.);
#3491 = EDGE_CURVE('',#3484,#3005,#3492,.T.);
#3492 = LINE('',#3493,#3494);
#3493 = CARTESIAN_POINT('',(-88.93652367801,11.2,-7.8));
#3494 = VECTOR('',#3495,1.);
#3495 = DIRECTION('',(1.,0.,0.));
#3496 = ORIENTED_EDGE('',*,*,#3004,.F.);
#3497 = ORIENTED_EDGE('',*,*,#1146,.F.);
#3498 = ORIENTED_EDGE('',*,*,#3467,.F.);
#3499 = ORIENTED_EDGE('',*,*,#3500,.F.);
#3500 = EDGE_CURVE('',#3482,#3460,#3501,.T.);
#3501 = LINE('',#3502,#3503);
#3502 = CARTESIAN_POINT('',(20.295,11.2,-24.31));
#3503 = VECTOR('',#3504,1.);
#3504 = DIRECTION('',(1.,0.,-0.));
#3505 = PLANE('',#3506);
#3506 = AXIS2_PLACEMENT_3D('',#3507,#3508,#3509);
#3507 = CARTESIAN_POINT('',(22.12695264397,11.2,-13.4578961427));
#3508 = DIRECTION('',(0.,1.,0.));
#3509 = DIRECTION('',(0.,-0.,1.));
#3510 = ADVANCED_FACE('',(#3511),#3545,.T.);
#3511 = FACE_BOUND('',#3512,.T.);
#3512 = EDGE_LOOP('',(#3513,#3514,#3522,#3530,#3538,#3544));
#3513 = ORIENTED_EDGE('',*,*,#2990,.F.);
#3514 = ORIENTED_EDGE('',*,*,#3515,.F.);
#3515 = EDGE_CURVE('',#3516,#2983,#3518,.T.);
#3516 = VERTEX_POINT('',#3517);
#3517 = CARTESIAN_POINT('',(20.995,16.7,-12.5));
#3518 = LINE('',#3519,#3520);
#3519 = CARTESIAN_POINT('',(20.995,-92.04676816239,-12.5));
#3520 = VECTOR('',#3521,1.);
#3521 = DIRECTION('',(0.,-1.,0.));
#3522 = ORIENTED_EDGE('',*,*,#3523,.T.);
#3523 = EDGE_CURVE('',#3516,#3524,#3526,.T.);
#3524 = VERTEX_POINT('',#3525);
#3525 = CARTESIAN_POINT('',(20.995,16.7,-12.26));
#3526 = LINE('',#3527,#3528);
#3527 = CARTESIAN_POINT('',(20.995,16.7,-26.22));
#3528 = VECTOR('',#3529,1.);
#3529 = DIRECTION('',(0.,0.,1.));
#3530 = ORIENTED_EDGE('',*,*,#3531,.F.);
#3531 = EDGE_CURVE('',#3532,#3524,#3534,.T.);
#3532 = VERTEX_POINT('',#3533);
#3533 = CARTESIAN_POINT('',(20.995,16.2,-12.26));
#3534 = LINE('',#3535,#3536);
#3535 = CARTESIAN_POINT('',(20.995,16.19,-12.26));
#3536 = VECTOR('',#3537,1.);
#3537 = DIRECTION('',(-0.,1.,0.));
#3538 = ORIENTED_EDGE('',*,*,#3539,.T.);
#3539 = EDGE_CURVE('',#3532,#1171,#3540,.T.);
#3540 = LINE('',#3541,#3542);
#3541 = CARTESIAN_POINT('',(20.995,16.2,-24.92));
#3542 = VECTOR('',#3543,1.);
#3543 = DIRECTION('',(0.,0.,1.));
#3544 = ORIENTED_EDGE('',*,*,#1170,.F.);
#3545 = PLANE('',#3546);
#3546 = AXIS2_PLACEMENT_3D('',#3547,#3548,#3549);
#3547 = CARTESIAN_POINT('',(20.995,15.906463675214,-17.65353632478));
#3548 = DIRECTION('',(1.,0.,0.));
#3549 = DIRECTION('',(-0.,0.,1.));
#3550 = ADVANCED_FACE('',(#3551),#3583,.T.);
#3551 = FACE_BOUND('',#3552,.T.);
#3552 = EDGE_LOOP('',(#3553,#3554,#3562,#3568,#3569,#3575,#3576,#3582));
#3553 = ORIENTED_EDGE('',*,*,#3539,.F.);
#3554 = ORIENTED_EDGE('',*,*,#3555,.F.);
#3555 = EDGE_CURVE('',#3556,#3532,#3558,.T.);
#3556 = VERTEX_POINT('',#3557);
#3557 = CARTESIAN_POINT('',(16.2,16.2,-12.26));
#3558 = LINE('',#3559,#3560);
#3559 = CARTESIAN_POINT('',(14.975,16.2,-12.26));
#3560 = VECTOR('',#3561,1.);
#3561 = DIRECTION('',(1.,0.,-0.));
#3562 = ORIENTED_EDGE('',*,*,#3563,.T.);
#3563 = EDGE_CURVE('',#3556,#1211,#3564,.T.);
#3564 = LINE('',#3565,#3566);
#3565 = CARTESIAN_POINT('',(16.2,16.2,-12.51));
#3566 = VECTOR('',#3567,1.);
#3567 = DIRECTION('',(0.,0.,1.));
#3568 = ORIENTED_EDGE('',*,*,#1210,.F.);
#3569 = ORIENTED_EDGE('',*,*,#3570,.T.);
#3570 = EDGE_CURVE('',#1203,#852,#3571,.T.);
#3571 = LINE('',#3572,#3573);
#3572 = CARTESIAN_POINT('',(17.9,16.2,-10.));
#3573 = VECTOR('',#3574,1.);
#3574 = DIRECTION('',(0.,0.,1.));
#3575 = ORIENTED_EDGE('',*,*,#851,.T.);
#3576 = ORIENTED_EDGE('',*,*,#3577,.F.);
#3577 = EDGE_CURVE('',#1179,#844,#3578,.T.);
#3578 = LINE('',#3579,#3580);
#3579 = CARTESIAN_POINT('',(19.5,16.2,-10.));
#3580 = VECTOR('',#3581,1.);
#3581 = DIRECTION('',(0.,0.,1.));
#3582 = ORIENTED_EDGE('',*,*,#1178,.F.);
#3583 = PLANE('',#3584);
#3584 = AXIS2_PLACEMENT_3D('',#3585,#3586,#3587);
#3585 = CARTESIAN_POINT('',(18.610693618172,16.2,-10.24062736614));
#3586 = DIRECTION('',(0.,1.,0.));
#3587 = DIRECTION('',(0.,-0.,1.));
#3588 = ADVANCED_FACE('',(#3589),#3600,.F.);
#3589 = FACE_BOUND('',#3590,.F.);
#3590 = EDGE_LOOP('',(#3591,#3592,#3593,#3599));
#3591 = ORIENTED_EDGE('',*,*,#3577,.F.);
#3592 = ORIENTED_EDGE('',*,*,#1186,.T.);
#3593 = ORIENTED_EDGE('',*,*,#3594,.T.);
#3594 = EDGE_CURVE('',#1187,#836,#3595,.T.);
#3595 = LINE('',#3596,#3597);
#3596 = CARTESIAN_POINT('',(19.5,18.8,-10.));
#3597 = VECTOR('',#3598,1.);
#3598 = DIRECTION('',(0.,0.,1.));
#3599 = ORIENTED_EDGE('',*,*,#843,.T.);
#3600 = PLANE('',#3601);
#3601 = AXIS2_PLACEMENT_3D('',#3602,#3603,#3604);
#3602 = CARTESIAN_POINT('',(19.5,16.2,-10.));
#3603 = DIRECTION('',(1.,0.,-0.));
#3604 = DIRECTION('',(0.,0.,1.));
#3605 = ADVANCED_FACE('',(#3606),#3617,.F.);
#3606 = FACE_BOUND('',#3607,.F.);
#3607 = EDGE_LOOP('',(#3608,#3609,#3610,#3616));
#3608 = ORIENTED_EDGE('',*,*,#3594,.F.);
#3609 = ORIENTED_EDGE('',*,*,#1194,.T.);
#3610 = ORIENTED_EDGE('',*,*,#3611,.T.);
#3611 = EDGE_CURVE('',#1195,#834,#3612,.T.);
#3612 = LINE('',#3613,#3614);
#3613 = CARTESIAN_POINT('',(17.9,18.8,-10.));
#3614 = VECTOR('',#3615,1.);
#3615 = DIRECTION('',(0.,0.,1.));
#3616 = ORIENTED_EDGE('',*,*,#833,.T.);
#3617 = PLANE('',#3618);
#3618 = AXIS2_PLACEMENT_3D('',#3619,#3620,#3621);
#3619 = CARTESIAN_POINT('',(17.9,18.8,-10.));
#3620 = DIRECTION('',(-0.,1.,0.));
#3621 = DIRECTION('',(0.,0.,1.));
#3622 = ADVANCED_FACE('',(#3623),#3629,.T.);
#3623 = FACE_BOUND('',#3624,.T.);
#3624 = EDGE_LOOP('',(#3625,#3626,#3627,#3628));
#3625 = ORIENTED_EDGE('',*,*,#3570,.F.);
#3626 = ORIENTED_EDGE('',*,*,#1202,.T.);
#3627 = ORIENTED_EDGE('',*,*,#3611,.T.);
#3628 = ORIENTED_EDGE('',*,*,#859,.T.);
#3629 = PLANE('',#3630);
#3630 = AXIS2_PLACEMENT_3D('',#3631,#3632,#3633);
#3631 = CARTESIAN_POINT('',(17.9,16.2,-10.));
#3632 = DIRECTION('',(1.,0.,-0.));
#3633 = DIRECTION('',(0.,0.,1.));
#3634 = ADVANCED_FACE('',(#3635),#3669,.T.);
#3635 = FACE_BOUND('',#3636,.T.);
#3636 = EDGE_LOOP('',(#3637,#3638,#3646,#3654,#3662,#3668));
#3637 = ORIENTED_EDGE('',*,*,#3563,.F.);
#3638 = ORIENTED_EDGE('',*,*,#3639,.F.);
#3639 = EDGE_CURVE('',#3640,#3556,#3642,.T.);
#3640 = VERTEX_POINT('',#3641);
#3641 = CARTESIAN_POINT('',(16.2,16.7,-12.26));
#3642 = LINE('',#3643,#3644);
#3643 = CARTESIAN_POINT('',(16.2,16.195,-12.26));
#3644 = VECTOR('',#3645,1.);
#3645 = DIRECTION('',(0.,-1.,0.));
#3646 = ORIENTED_EDGE('',*,*,#3647,.F.);
#3647 = EDGE_CURVE('',#3648,#3640,#3650,.T.);
#3648 = VERTEX_POINT('',#3649);
#3649 = CARTESIAN_POINT('',(16.2,16.7,-12.5));
#3650 = LINE('',#3651,#3652);
#3651 = CARTESIAN_POINT('',(16.2,16.7,-19.86));
#3652 = VECTOR('',#3653,1.);
#3653 = DIRECTION('',(0.,0.,1.));
#3654 = ORIENTED_EDGE('',*,*,#3655,.F.);
#3655 = EDGE_CURVE('',#3656,#3648,#3658,.T.);
#3656 = VERTEX_POINT('',#3657);
#3657 = CARTESIAN_POINT('',(16.2,17.5,-12.5));
#3658 = LINE('',#3659,#3660);
#3659 = CARTESIAN_POINT('',(16.2,-91.54827586206,-12.5));
#3660 = VECTOR('',#3661,1.);
#3661 = DIRECTION('',(0.,-1.,0.));
#3662 = ORIENTED_EDGE('',*,*,#3663,.T.);
#3663 = EDGE_CURVE('',#3656,#1219,#3664,.T.);
#3664 = LINE('',#3665,#3666);
#3665 = CARTESIAN_POINT('',(16.2,17.5,-12.51));
#3666 = VECTOR('',#3667,1.);
#3667 = DIRECTION('',(0.,0.,1.));
#3668 = ORIENTED_EDGE('',*,*,#1218,.T.);
#3669 = PLANE('',#3670);
#3670 = AXIS2_PLACEMENT_3D('',#3671,#3672,#3673);
#3671 = CARTESIAN_POINT('',(16.2,16.903448275862,-11.19655172413));
#3672 = DIRECTION('',(1.,0.,0.));
#3673 = DIRECTION('',(-0.,0.,1.));
#3674 = ADVANCED_FACE('',(#3675),#3700,.T.);
#3675 = FACE_BOUND('',#3676,.T.);
#3676 = EDGE_LOOP('',(#3677,#3678,#3684,#3685,#3693,#3699));
#3677 = ORIENTED_EDGE('',*,*,#3663,.F.);
#3678 = ORIENTED_EDGE('',*,*,#3679,.F.);
#3679 = EDGE_CURVE('',#2945,#3656,#3680,.T.);
#3680 = LINE('',#3681,#3682);
#3681 = CARTESIAN_POINT('',(-92.46759562247,17.5,-12.5));
#3682 = VECTOR('',#3683,1.);
#3683 = DIRECTION('',(1.,0.,0.));
#3684 = ORIENTED_EDGE('',*,*,#2944,.F.);
#3685 = ORIENTED_EDGE('',*,*,#3686,.T.);
#3686 = EDGE_CURVE('',#2937,#3687,#3689,.T.);
#3687 = VERTEX_POINT('',#3688);
#3688 = CARTESIAN_POINT('',(15.325,17.5,-12.49));
#3689 = LINE('',#3690,#3691);
#3690 = CARTESIAN_POINT('',(13.875,17.5,-12.49));
#3691 = VECTOR('',#3692,1.);
#3692 = DIRECTION('',(1.,0.,-0.));
#3693 = ORIENTED_EDGE('',*,*,#3694,.T.);
#3694 = EDGE_CURVE('',#3687,#1227,#3695,.T.);
#3695 = LINE('',#3696,#3697);
#3696 = CARTESIAN_POINT('',(15.325,17.5,-12.51));
#3697 = VECTOR('',#3698,1.);
#3698 = DIRECTION('',(0.,0.,1.));
#3699 = ORIENTED_EDGE('',*,*,#1226,.T.);
#3700 = PLANE('',#3701);
#3701 = AXIS2_PLACEMENT_3D('',#3702,#3703,#3704);
#3702 = CARTESIAN_POINT('',(15.064808755058,17.5,-12.5374464696));
#3703 = DIRECTION('',(0.,1.,0.));
#3704 = DIRECTION('',(0.,-0.,1.));
#3705 = ADVANCED_FACE('',(#3706),#3740,.F.);
#3706 = FACE_BOUND('',#3707,.F.);
#3707 = EDGE_LOOP('',(#3708,#3716,#3724,#3732,#3738,#3739));
#3708 = ORIENTED_EDGE('',*,*,#3709,.F.);
#3709 = EDGE_CURVE('',#3710,#1235,#3712,.T.);
#3710 = VERTEX_POINT('',#3711);
#3711 = CARTESIAN_POINT('',(15.325,16.2,-12.26));
#3712 = LINE('',#3713,#3714);
#3713 = CARTESIAN_POINT('',(15.325,16.2,-12.51));
#3714 = VECTOR('',#3715,1.);
#3715 = DIRECTION('',(0.,0.,1.));
#3716 = ORIENTED_EDGE('',*,*,#3717,.F.);
#3717 = EDGE_CURVE('',#3718,#3710,#3720,.T.);
#3718 = VERTEX_POINT('',#3719);
#3719 = CARTESIAN_POINT('',(15.325,16.7,-12.26));
#3720 = LINE('',#3721,#3722);
#3721 = CARTESIAN_POINT('',(15.325,16.195,-12.26));
#3722 = VECTOR('',#3723,1.);
#3723 = DIRECTION('',(0.,-1.,0.));
#3724 = ORIENTED_EDGE('',*,*,#3725,.F.);
#3725 = EDGE_CURVE('',#3726,#3718,#3728,.T.);
#3726 = VERTEX_POINT('',#3727);
#3727 = CARTESIAN_POINT('',(15.325,16.7,-12.49));
#3728 = LINE('',#3729,#3730);
#3729 = CARTESIAN_POINT('',(15.325,16.7,-19.365));
#3730 = VECTOR('',#3731,1.);
#3731 = DIRECTION('',(0.,0.,1.));
#3732 = ORIENTED_EDGE('',*,*,#3733,.F.);
#3733 = EDGE_CURVE('',#3687,#3726,#3734,.T.);
#3734 = LINE('',#3735,#3736);
#3735 = CARTESIAN_POINT('',(15.325,16.2,-12.49));
#3736 = VECTOR('',#3737,1.);
#3737 = DIRECTION('',(0.,-1.,0.));
#3738 = ORIENTED_EDGE('',*,*,#3694,.T.);
#3739 = ORIENTED_EDGE('',*,*,#1234,.T.);
#3740 = PLANE('',#3741);
#3741 = AXIS2_PLACEMENT_3D('',#3742,#3743,#3744);
#3742 = CARTESIAN_POINT('',(15.325,16.2,-12.51));
#3743 = DIRECTION('',(1.,0.,-0.));
#3744 = DIRECTION('',(0.,0.,1.));
#3745 = ADVANCED_FACE('',(#3746),#3757,.T.);
#3746 = FACE_BOUND('',#3747,.T.);
#3747 = EDGE_LOOP('',(#3748,#3754,#3755,#3756));
#3748 = ORIENTED_EDGE('',*,*,#3749,.F.);
#3749 = EDGE_CURVE('',#2913,#3710,#3750,.T.);
#3750 = LINE('',#3751,#3752);
#3751 = CARTESIAN_POINT('',(14.975,16.2,-12.26));
#3752 = VECTOR('',#3753,1.);
#3753 = DIRECTION('',(1.,0.,-0.));
#3754 = ORIENTED_EDGE('',*,*,#2912,.T.);
#3755 = ORIENTED_EDGE('',*,*,#1242,.F.);
#3756 = ORIENTED_EDGE('',*,*,#3709,.F.);
#3757 = PLANE('',#3758);
#3758 = AXIS2_PLACEMENT_3D('',#3759,#3760,#3761);
#3759 = CARTESIAN_POINT('',(14.975,16.2,-24.92));
#3760 = DIRECTION('',(-0.,1.,0.));
#3761 = DIRECTION('',(0.,0.,1.));
#3762 = ADVANCED_FACE('',(#3763),#3781,.T.);
#3763 = FACE_BOUND('',#3764,.T.);
#3764 = EDGE_LOOP('',(#3765,#3766,#3774,#3780));
#3765 = ORIENTED_EDGE('',*,*,#2848,.F.);
#3766 = ORIENTED_EDGE('',*,*,#3767,.T.);
#3767 = EDGE_CURVE('',#2841,#3768,#3770,.T.);
#3768 = VERTEX_POINT('',#3769);
#3769 = CARTESIAN_POINT('',(7.,25.05,-12.49));
#3770 = LINE('',#3771,#3772);
#3771 = CARTESIAN_POINT('',(7.,23.65,-12.49));
#3772 = VECTOR('',#3773,1.);
#3773 = DIRECTION('',(-0.,1.,0.));
#3774 = ORIENTED_EDGE('',*,*,#3775,.T.);
#3775 = EDGE_CURVE('',#3768,#1276,#3776,.T.);
#3776 = LINE('',#3777,#3778);
#3777 = CARTESIAN_POINT('',(7.,25.05,-13.005));
#3778 = VECTOR('',#3779,1.);
#3779 = DIRECTION('',(0.,0.,1.));
#3780 = ORIENTED_EDGE('',*,*,#1275,.T.);
#3781 = PLANE('',#3782);
#3782 = AXIS2_PLACEMENT_3D('',#3783,#3784,#3785);
#3783 = CARTESIAN_POINT('',(7.,24.95,-13.5));
#3784 = DIRECTION('',(1.,0.,-0.));
#3785 = DIRECTION('',(0.,0.,1.));
#3786 = ADVANCED_FACE('',(#3787),#3805,.F.);
#3787 = FACE_BOUND('',#3788,.F.);
#3788 = EDGE_LOOP('',(#3789,#3797,#3798,#3799));
#3789 = ORIENTED_EDGE('',*,*,#3790,.F.);
#3790 = EDGE_CURVE('',#3768,#3791,#3793,.T.);
#3791 = VERTEX_POINT('',#3792);
#3792 = CARTESIAN_POINT('',(7.2,25.05,-12.49));
#3793 = LINE('',#3794,#3795);
#3794 = CARTESIAN_POINT('',(4.2,25.05,-12.49));
#3795 = VECTOR('',#3796,1.);
#3796 = DIRECTION('',(1.,0.,-0.));
#3797 = ORIENTED_EDGE('',*,*,#3775,.T.);
#3798 = ORIENTED_EDGE('',*,*,#1283,.F.);
#3799 = ORIENTED_EDGE('',*,*,#3800,.F.);
#3800 = EDGE_CURVE('',#3791,#1284,#3801,.T.);
#3801 = LINE('',#3802,#3803);
#3802 = CARTESIAN_POINT('',(7.2,25.05,-12.51));
#3803 = VECTOR('',#3804,1.);
#3804 = DIRECTION('',(0.,0.,1.));
#3805 = PLANE('',#3806);
#3806 = AXIS2_PLACEMENT_3D('',#3807,#3808,#3809);
#3807 = CARTESIAN_POINT('',(4.2,25.05,-12.51));
#3808 = DIRECTION('',(-0.,1.,0.));
#3809 = DIRECTION('',(0.,0.,1.));
#3810 = ADVANCED_FACE('',(#3811),#3836,.T.);
#3811 = FACE_BOUND('',#3812,.T.);
#3812 = EDGE_LOOP('',(#3813,#3814,#3820,#3821,#3829,#3835));
#3813 = ORIENTED_EDGE('',*,*,#3800,.F.);
#3814 = ORIENTED_EDGE('',*,*,#3815,.F.);
#3815 = EDGE_CURVE('',#2833,#3791,#3816,.T.);
#3816 = LINE('',#3817,#3818);
#3817 = CARTESIAN_POINT('',(7.2,23.85,-12.49));
#3818 = VECTOR('',#3819,1.);
#3819 = DIRECTION('',(-0.,1.,0.));
#3820 = ORIENTED_EDGE('',*,*,#2832,.T.);
#3821 = ORIENTED_EDGE('',*,*,#3822,.F.);
#3822 = EDGE_CURVE('',#3823,#2825,#3825,.T.);
#3823 = VERTEX_POINT('',#3824);
#3824 = CARTESIAN_POINT('',(7.2,27.45,-12.5));
#3825 = LINE('',#3826,#3827);
#3826 = CARTESIAN_POINT('',(7.2,-86.98944444444,-12.5));
#3827 = VECTOR('',#3828,1.);
#3828 = DIRECTION('',(0.,-1.,0.));
#3829 = ORIENTED_EDGE('',*,*,#3830,.T.);
#3830 = EDGE_CURVE('',#3823,#1292,#3831,.T.);
#3831 = LINE('',#3832,#3833);
#3832 = CARTESIAN_POINT('',(7.2,27.45,-15.3));
#3833 = VECTOR('',#3834,1.);
#3834 = DIRECTION('',(0.,0.,1.));
#3835 = ORIENTED_EDGE('',*,*,#1291,.F.);
#3836 = PLANE('',#3837);
#3837 = AXIS2_PLACEMENT_3D('',#3838,#3839,#3840);
#3838 = CARTESIAN_POINT('',(7.2,26.021111111111,-12.20191919191));
#3839 = DIRECTION('',(1.,0.,0.));
#3840 = DIRECTION('',(-0.,0.,1.));
#3841 = ADVANCED_FACE('',(#3842),#3860,.T.);
#3842 = FACE_BOUND('',#3843,.T.);
#3843 = EDGE_LOOP('',(#3844,#3845,#3853,#3859));
#3844 = ORIENTED_EDGE('',*,*,#3830,.F.);
#3845 = ORIENTED_EDGE('',*,*,#3846,.F.);
#3846 = EDGE_CURVE('',#3847,#3823,#3849,.T.);
#3847 = VERTEX_POINT('',#3848);
#3848 = CARTESIAN_POINT('',(4.2,27.45,-12.5));
#3849 = LINE('',#3850,#3851);
#3850 = CARTESIAN_POINT('',(-97.15,27.45,-12.5));
#3851 = VECTOR('',#3852,1.);
#3852 = DIRECTION('',(1.,0.,0.));
#3853 = ORIENTED_EDGE('',*,*,#3854,.T.);
#3854 = EDGE_CURVE('',#3847,#1300,#3855,.T.);
#3855 = LINE('',#3856,#3857);
#3856 = CARTESIAN_POINT('',(4.2,27.45,-15.3));
#3857 = VECTOR('',#3858,1.);
#3858 = DIRECTION('',(0.,0.,1.));
#3859 = ORIENTED_EDGE('',*,*,#1299,.F.);
#3860 = PLANE('',#3861);
#3861 = AXIS2_PLACEMENT_3D('',#3862,#3863,#3864);
#3862 = CARTESIAN_POINT('',(5.7,27.45,-12.15));
#3863 = DIRECTION('',(0.,1.,0.));
#3864 = DIRECTION('',(0.,-0.,1.));
#3865 = ADVANCED_FACE('',(#3866),#3891,.T.);
#3866 = FACE_BOUND('',#3867,.T.);
#3867 = EDGE_LOOP('',(#3868,#3869,#3877,#3883,#3884,#3885));
#3868 = ORIENTED_EDGE('',*,*,#2816,.T.);
#3869 = ORIENTED_EDGE('',*,*,#3870,.T.);
#3870 = EDGE_CURVE('',#2809,#3871,#3873,.T.);
#3871 = VERTEX_POINT('',#3872);
#3872 = CARTESIAN_POINT('',(4.2,25.05,-12.49));
#3873 = LINE('',#3874,#3875);
#3874 = CARTESIAN_POINT('',(4.2,23.85,-12.49));
#3875 = VECTOR('',#3876,1.);
#3876 = DIRECTION('',(-0.,1.,0.));
#3877 = ORIENTED_EDGE('',*,*,#3878,.T.);
#3878 = EDGE_CURVE('',#3871,#1308,#3879,.T.);
#3879 = LINE('',#3880,#3881);
#3880 = CARTESIAN_POINT('',(4.2,25.05,-12.51));
#3881 = VECTOR('',#3882,1.);
#3882 = DIRECTION('',(0.,0.,1.));
#3883 = ORIENTED_EDGE('',*,*,#1307,.T.);
#3884 = ORIENTED_EDGE('',*,*,#3854,.F.);
#3885 = ORIENTED_EDGE('',*,*,#3886,.F.);
#3886 = EDGE_CURVE('',#2817,#3847,#3887,.T.);
#3887 = LINE('',#3888,#3889);
#3888 = CARTESIAN_POINT('',(4.2,-86.98944444444,-12.5));
#3889 = VECTOR('',#3890,1.);
#3890 = DIRECTION('',(0.,1.,0.));
#3891 = PLANE('',#3892);
#3892 = AXIS2_PLACEMENT_3D('',#3893,#3894,#3895);
#3893 = CARTESIAN_POINT('',(4.2,26.021111111111,-12.20191919191));
#3894 = DIRECTION('',(-1.,-0.,-0.));
#3895 = DIRECTION('',(0.,0.,-1.));
#3896 = ADVANCED_FACE('',(#3897),#3915,.F.);
#3897 = FACE_BOUND('',#3898,.F.);
#3898 = EDGE_LOOP('',(#3899,#3907,#3908,#3909));
#3899 = ORIENTED_EDGE('',*,*,#3900,.F.);
#3900 = EDGE_CURVE('',#3871,#3901,#3903,.T.);
#3901 = VERTEX_POINT('',#3902);
#3902 = CARTESIAN_POINT('',(4.5,25.05,-12.49));
#3903 = LINE('',#3904,#3905);
#3904 = CARTESIAN_POINT('',(4.2,25.05,-12.49));
#3905 = VECTOR('',#3906,1.);
#3906 = DIRECTION('',(1.,0.,-0.));
#3907 = ORIENTED_EDGE('',*,*,#3878,.T.);
#3908 = ORIENTED_EDGE('',*,*,#1315,.F.);
#3909 = ORIENTED_EDGE('',*,*,#3910,.F.);
#3910 = EDGE_CURVE('',#3901,#1316,#3911,.T.);
#3911 = LINE('',#3912,#3913);
#3912 = CARTESIAN_POINT('',(4.5,25.05,-13.005));
#3913 = VECTOR('',#3914,1.);
#3914 = DIRECTION('',(0.,0.,1.));
#3915 = PLANE('',#3916);
#3916 = AXIS2_PLACEMENT_3D('',#3917,#3918,#3919);
#3917 = CARTESIAN_POINT('',(4.2,25.05,-12.51));
#3918 = DIRECTION('',(-0.,1.,0.));
#3919 = DIRECTION('',(0.,0.,1.));
#3920 = ADVANCED_FACE('',(#3921),#3932,.F.);
#3921 = FACE_BOUND('',#3922,.F.);
#3922 = EDGE_LOOP('',(#3923,#3924,#3930,#3931));
#3923 = ORIENTED_EDGE('',*,*,#2800,.F.);
#3924 = ORIENTED_EDGE('',*,*,#3925,.T.);
#3925 = EDGE_CURVE('',#2801,#3901,#3926,.T.);
#3926 = LINE('',#3927,#3928);
#3927 = CARTESIAN_POINT('',(4.5,23.65,-12.49));
#3928 = VECTOR('',#3929,1.);
#3929 = DIRECTION('',(-0.,1.,0.));
#3930 = ORIENTED_EDGE('',*,*,#3910,.T.);
#3931 = ORIENTED_EDGE('',*,*,#1323,.T.);
#3932 = PLANE('',#3933);
#3933 = AXIS2_PLACEMENT_3D('',#3934,#3935,#3936);
#3934 = CARTESIAN_POINT('',(4.5,24.95,-13.5));
#3935 = DIRECTION('',(1.,0.,-0.));
#3936 = DIRECTION('',(0.,0.,1.));
#3937 = ADVANCED_FACE('',(#3938),#3956,.T.);
#3938 = FACE_BOUND('',#3939,.T.);
#3939 = EDGE_LOOP('',(#3940,#3941,#3949,#3955));
#3940 = ORIENTED_EDGE('',*,*,#2793,.F.);
#3941 = ORIENTED_EDGE('',*,*,#3942,.F.);
#3942 = EDGE_CURVE('',#3943,#2786,#3945,.T.);
#3943 = VERTEX_POINT('',#3944);
#3944 = CARTESIAN_POINT('',(-4.5,25.75,-12.5));
#3945 = LINE('',#3946,#3947);
#3946 = CARTESIAN_POINT('',(-4.5,-87.43268939393,-12.5));
#3947 = VECTOR('',#3948,1.);
#3948 = DIRECTION('',(0.,-1.,0.));
#3949 = ORIENTED_EDGE('',*,*,#3950,.T.);
#3950 = EDGE_CURVE('',#3943,#1340,#3951,.T.);
#3951 = LINE('',#3952,#3953);
#3952 = CARTESIAN_POINT('',(-4.5,25.75,-13.5));
#3953 = VECTOR('',#3954,1.);
#3954 = DIRECTION('',(0.,0.,1.));
#3955 = ORIENTED_EDGE('',*,*,#1339,.T.);
#3956 = PLANE('',#3957);
#3957 = AXIS2_PLACEMENT_3D('',#3958,#3959,#3960);
#3958 = CARTESIAN_POINT('',(-4.5,25.134621212121,-11.5028030303));
#3959 = DIRECTION('',(1.,0.,0.));
#3960 = DIRECTION('',(-0.,0.,1.));
#3961 = ADVANCED_FACE('',(#3962),#3980,.T.);
#3962 = FACE_BOUND('',#3963,.T.);
#3963 = EDGE_LOOP('',(#3964,#3965,#3973,#3979));
#3964 = ORIENTED_EDGE('',*,*,#3950,.F.);
#3965 = ORIENTED_EDGE('',*,*,#3966,.F.);
#3966 = EDGE_CURVE('',#3967,#3943,#3969,.T.);
#3967 = VERTEX_POINT('',#3968);
#3968 = CARTESIAN_POINT('',(-7.,25.75,-12.5));
#3969 = LINE('',#3970,#3971);
#3970 = CARTESIAN_POINT('',(-103.5,25.75,-12.5));
#3971 = VECTOR('',#3972,1.);
#3972 = DIRECTION('',(1.,0.,-0.));
#3973 = ORIENTED_EDGE('',*,*,#3974,.T.);
#3974 = EDGE_CURVE('',#3967,#1348,#3975,.T.);
#3975 = LINE('',#3976,#3977);
#3976 = CARTESIAN_POINT('',(-7.,25.75,-13.5));
#3977 = VECTOR('',#3978,1.);
#3978 = DIRECTION('',(0.,0.,1.));
#3979 = ORIENTED_EDGE('',*,*,#1347,.T.);
#3980 = PLANE('',#3981);
#3981 = AXIS2_PLACEMENT_3D('',#3982,#3983,#3984);
#3982 = CARTESIAN_POINT('',(-7.,25.75,-13.5));
#3983 = DIRECTION('',(-0.,1.,0.));
#3984 = DIRECTION('',(0.,0.,1.));
#3985 = ADVANCED_FACE('',(#3986),#3997,.T.);
#3986 = FACE_BOUND('',#3987,.T.);
#3987 = EDGE_LOOP('',(#3988,#3994,#3995,#3996));
#3988 = ORIENTED_EDGE('',*,*,#3989,.F.);
#3989 = EDGE_CURVE('',#2778,#3967,#3990,.T.);
#3990 = LINE('',#3991,#3992);
#3991 = CARTESIAN_POINT('',(-7.,-87.43268939393,-12.5));
#3992 = VECTOR('',#3993,1.);
#3993 = DIRECTION('',(0.,1.,0.));
#3994 = ORIENTED_EDGE('',*,*,#2777,.T.);
#3995 = ORIENTED_EDGE('',*,*,#1355,.F.);
#3996 = ORIENTED_EDGE('',*,*,#3974,.F.);
#3997 = PLANE('',#3998);
#3998 = AXIS2_PLACEMENT_3D('',#3999,#4000,#4001);
#3999 = CARTESIAN_POINT('',(-7.,25.134621212121,-11.5028030303));
#4000 = DIRECTION('',(-1.,-0.,-0.));
#4001 = DIRECTION('',(0.,0.,-1.));
#4002 = ADVANCED_FACE('',(#4003),#4021,.T.);
#4003 = FACE_BOUND('',#4004,.T.);
#4004 = EDGE_LOOP('',(#4005,#4006,#4014,#4020));
#4005 = ORIENTED_EDGE('',*,*,#2721,.F.);
#4006 = ORIENTED_EDGE('',*,*,#4007,.F.);
#4007 = EDGE_CURVE('',#4008,#2714,#4010,.T.);
#4008 = VERTEX_POINT('',#4009);
#4009 = CARTESIAN_POINT('',(-16.2,3.5,-12.5));
#4010 = LINE('',#4011,#4012);
#4011 = CARTESIAN_POINT('',(-107.6960027472,3.5,-12.5));
#4012 = VECTOR('',#4013,1.);
#4013 = DIRECTION('',(1.,0.,0.));
#4014 = ORIENTED_EDGE('',*,*,#4015,.T.);
#4015 = EDGE_CURVE('',#4008,#1389,#4016,.T.);
#4016 = LINE('',#4017,#4018);
#4017 = CARTESIAN_POINT('',(-16.2,3.5,-13.5));
#4018 = VECTOR('',#4019,1.);
#4019 = DIRECTION('',(0.,0.,1.));
#4020 = ORIENTED_EDGE('',*,*,#1388,.T.);
#4021 = PLANE('',#4022);
#4022 = AXIS2_PLACEMENT_3D('',#4023,#4024,#4025);
#4023 = CARTESIAN_POINT('',(-15.3920054945,3.5,-11.45798534798));
#4024 = DIRECTION('',(0.,1.,0.));
#4025 = DIRECTION('',(0.,-0.,1.));
#4026 = ADVANCED_FACE('',(#4027),#4045,.T.);
#4027 = FACE_BOUND('',#4028,.T.);
#4028 = EDGE_LOOP('',(#4029,#4037,#4043,#4044));
#4029 = ORIENTED_EDGE('',*,*,#4030,.F.);
#4030 = EDGE_CURVE('',#4031,#4008,#4033,.T.);
#4031 = VERTEX_POINT('',#4032);
#4032 = CARTESIAN_POINT('',(-16.2,-10.,-12.5));
#4033 = LINE('',#4034,#4035);
#4034 = CARTESIAN_POINT('',(-16.2,-101.625,-12.5));
#4035 = VECTOR('',#4036,1.);
#4036 = DIRECTION('',(0.,1.,0.));
#4037 = ORIENTED_EDGE('',*,*,#4038,.T.);
#4038 = EDGE_CURVE('',#4031,#1397,#4039,.T.);
#4039 = LINE('',#4040,#4041);
#4040 = CARTESIAN_POINT('',(-16.2,-10.,-12.51));
#4041 = VECTOR('',#4042,1.);
#4042 = DIRECTION('',(0.,0.,1.));
#4043 = ORIENTED_EDGE('',*,*,#1396,.F.);
#4044 = ORIENTED_EDGE('',*,*,#4015,.F.);
#4045 = PLANE('',#4046);
#4046 = AXIS2_PLACEMENT_3D('',#4047,#4048,#4049);
#4047 = CARTESIAN_POINT('',(-16.2,-3.25,-11.25));
#4048 = DIRECTION('',(-1.,-0.,-0.));
#4049 = DIRECTION('',(0.,0.,-1.));
#4050 = ADVANCED_FACE('',(#4051),#4062,.T.);
#4051 = FACE_BOUND('',#4052,.T.);
#4052 = EDGE_LOOP('',(#4053,#4059,#4060,#4061));
#4053 = ORIENTED_EDGE('',*,*,#4054,.F.);
#4054 = EDGE_CURVE('',#2706,#4031,#4055,.T.);
#4055 = LINE('',#4056,#4057);
#4056 = CARTESIAN_POINT('',(-107.6960027472,-10.,-12.5));
#4057 = VECTOR('',#4058,1.);
#4058 = DIRECTION('',(-1.,0.,0.));
#4059 = ORIENTED_EDGE('',*,*,#2705,.T.);
#4060 = ORIENTED_EDGE('',*,*,#1404,.F.);
#4061 = ORIENTED_EDGE('',*,*,#4038,.F.);
#4062 = PLANE('',#4063);
#4063 = AXIS2_PLACEMENT_3D('',#4064,#4065,#4066);
#4064 = CARTESIAN_POINT('',(-15.3920054945,-10.,-11.45798534798));
#4065 = DIRECTION('',(-0.,-1.,-0.));
#4066 = DIRECTION('',(0.,0.,-1.));
#4067 = ADVANCED_FACE('',(#4068),#4074,.T.);
#4068 = FACE_BOUND('',#4069,.T.);
#4069 = EDGE_LOOP('',(#4070,#4071,#4072,#4073));
#4070 = ORIENTED_EDGE('',*,*,#1939,.F.);
#4071 = ORIENTED_EDGE('',*,*,#1970,.T.);
#4072 = ORIENTED_EDGE('',*,*,#1428,.F.);
#4073 = ORIENTED_EDGE('',*,*,#1907,.F.);
#4074 = PLANE('',#4075);
#4075 = AXIS2_PLACEMENT_3D('',#4076,#4077,#4078);
#4076 = CARTESIAN_POINT('',(-7.2,-25.05,-12.51));
#4077 = DIRECTION('',(-0.,1.,0.));
#4078 = DIRECTION('',(0.,0.,1.));
#4079 = ADVANCED_FACE('',(#4080),#4086,.T.);
#4080 = FACE_BOUND('',#4081,.T.);
#4081 = EDGE_LOOP('',(#4082,#4083,#4084,#4085));
#4082 = ORIENTED_EDGE('',*,*,#2013,.T.);
#4083 = ORIENTED_EDGE('',*,*,#1444,.T.);
#4084 = ORIENTED_EDGE('',*,*,#1963,.F.);
#4085 = ORIENTED_EDGE('',*,*,#1988,.F.);
#4086 = PLANE('',#4087);
#4087 = AXIS2_PLACEMENT_3D('',#4088,#4089,#4090);
#4088 = CARTESIAN_POINT('',(-5.7,-27.45,-12.15));
#4089 = DIRECTION('',(-0.,-1.,-0.));
#4090 = DIRECTION('',(0.,0.,-1.));
#4091 = ADVANCED_FACE('',(#4092),#4098,.T.);
#4092 = FACE_BOUND('',#4093,.T.);
#4093 = EDGE_LOOP('',(#4094,#4095,#4096,#4097));
#4094 = ORIENTED_EDGE('',*,*,#2053,.F.);
#4095 = ORIENTED_EDGE('',*,*,#2068,.T.);
#4096 = ORIENTED_EDGE('',*,*,#1460,.F.);
#4097 = ORIENTED_EDGE('',*,*,#2029,.F.);
#4098 = PLANE('',#4099);
#4099 = AXIS2_PLACEMENT_3D('',#4100,#4101,#4102);
#4100 = CARTESIAN_POINT('',(-7.2,-25.05,-12.51));
#4101 = DIRECTION('',(-0.,1.,0.));
#4102 = DIRECTION('',(0.,0.,1.));
#4103 = ADVANCED_FACE('',(#4104),#4110,.F.);
#4104 = FACE_BOUND('',#4105,.F.);
#4105 = EDGE_LOOP('',(#4106,#4107,#4108,#4109));
#4106 = ORIENTED_EDGE('',*,*,#2133,.F.);
#4107 = ORIENTED_EDGE('',*,*,#2119,.F.);
#4108 = ORIENTED_EDGE('',*,*,#2095,.T.);
#4109 = ORIENTED_EDGE('',*,*,#1483,.T.);
#4110 = PLANE('',#4111);
#4111 = AXIS2_PLACEMENT_3D('',#4112,#4113,#4114);
#4112 = CARTESIAN_POINT('',(4.5,-25.75,-13.5));
#4113 = DIRECTION('',(-0.,1.,0.));
#4114 = DIRECTION('',(0.,0.,1.));
#4115 = ADVANCED_FACE('',(#4116),#4134,.F.);
#4116 = FACE_BOUND('',#4117,.F.);
#4117 = EDGE_LOOP('',(#4118,#4126,#4127,#4128));
#4118 = ORIENTED_EDGE('',*,*,#4119,.F.);
#4119 = EDGE_CURVE('',#3123,#4120,#4122,.T.);
#4120 = VERTEX_POINT('',#4121);
#4121 = CARTESIAN_POINT('',(15.325,-16.2,-12.49));
#4122 = LINE('',#4123,#4124);
#4123 = CARTESIAN_POINT('',(13.875,-16.2,-12.49));
#4124 = VECTOR('',#4125,1.);
#4125 = DIRECTION('',(1.,0.,-0.));
#4126 = ORIENTED_EDGE('',*,*,#3130,.T.);
#4127 = ORIENTED_EDGE('',*,*,#1515,.F.);
#4128 = ORIENTED_EDGE('',*,*,#4129,.F.);
#4129 = EDGE_CURVE('',#4120,#1516,#4130,.T.);
#4130 = LINE('',#4131,#4132);
#4131 = CARTESIAN_POINT('',(15.325,-16.2,-12.51));
#4132 = VECTOR('',#4133,1.);
#4133 = DIRECTION('',(0.,0.,1.));
#4134 = PLANE('',#4135);
#4135 = AXIS2_PLACEMENT_3D('',#4136,#4137,#4138);
#4136 = CARTESIAN_POINT('',(14.975,-16.2,-24.92));
#4137 = DIRECTION('',(-0.,1.,0.));
#4138 = DIRECTION('',(0.,0.,1.));
#4139 = ADVANCED_FACE('',(#4140),#4158,.F.);
#4140 = FACE_BOUND('',#4141,.F.);
#4141 = EDGE_LOOP('',(#4142,#4150,#4156,#4157));
#4142 = ORIENTED_EDGE('',*,*,#4143,.F.);
#4143 = EDGE_CURVE('',#4144,#1524,#4146,.T.);
#4144 = VERTEX_POINT('',#4145);
#4145 = CARTESIAN_POINT('',(15.325,-17.5,-12.49));
#4146 = LINE('',#4147,#4148);
#4147 = CARTESIAN_POINT('',(15.325,-17.5,-12.51));
#4148 = VECTOR('',#4149,1.);
#4149 = DIRECTION('',(0.,0.,1.));
#4150 = ORIENTED_EDGE('',*,*,#4151,.F.);
#4151 = EDGE_CURVE('',#4120,#4144,#4152,.T.);
#4152 = LINE('',#4153,#4154);
#4153 = CARTESIAN_POINT('',(15.325,-17.5,-12.49));
#4154 = VECTOR('',#4155,1.);
#4155 = DIRECTION('',(0.,-1.,0.));
#4156 = ORIENTED_EDGE('',*,*,#4129,.T.);
#4157 = ORIENTED_EDGE('',*,*,#1523,.T.);
#4158 = PLANE('',#4159);
#4159 = AXIS2_PLACEMENT_3D('',#4160,#4161,#4162);
#4160 = CARTESIAN_POINT('',(15.325,-17.5,-12.51));
#4161 = DIRECTION('',(1.,0.,-0.));
#4162 = DIRECTION('',(0.,0.,1.));
#4163 = ADVANCED_FACE('',(#4164),#4189,.T.);
#4164 = FACE_BOUND('',#4165,.T.);
#4165 = EDGE_LOOP('',(#4166,#4167,#4168,#4174,#4175,#4183));
#4166 = ORIENTED_EDGE('',*,*,#1531,.F.);
#4167 = ORIENTED_EDGE('',*,*,#4143,.F.);
#4168 = ORIENTED_EDGE('',*,*,#4169,.F.);
#4169 = EDGE_CURVE('',#3115,#4144,#4170,.T.);
#4170 = LINE('',#4171,#4172);
#4171 = CARTESIAN_POINT('',(13.875,-17.5,-12.49));
#4172 = VECTOR('',#4173,1.);
#4173 = DIRECTION('',(1.,0.,-0.));
#4174 = ORIENTED_EDGE('',*,*,#3114,.T.);
#4175 = ORIENTED_EDGE('',*,*,#4176,.F.);
#4176 = EDGE_CURVE('',#4177,#3107,#4179,.T.);
#4177 = VERTEX_POINT('',#4178);
#4178 = CARTESIAN_POINT('',(16.2,-17.5,-12.5));
#4179 = LINE('',#4180,#4181);
#4180 = CARTESIAN_POINT('',(-92.46759562247,-17.5,-12.5));
#4181 = VECTOR('',#4182,1.);
#4182 = DIRECTION('',(-1.,0.,0.));
#4183 = ORIENTED_EDGE('',*,*,#4184,.T.);
#4184 = EDGE_CURVE('',#4177,#1532,#4185,.T.);
#4185 = LINE('',#4186,#4187);
#4186 = CARTESIAN_POINT('',(16.2,-17.5,-13.5));
#4187 = VECTOR('',#4188,1.);
#4188 = DIRECTION('',(0.,0.,1.));
#4189 = PLANE('',#4190);
#4190 = AXIS2_PLACEMENT_3D('',#4191,#4192,#4193);
#4191 = CARTESIAN_POINT('',(15.064808755058,-17.5,-12.5374464696));
#4192 = DIRECTION('',(-0.,-1.,-0.));
#4193 = DIRECTION('',(0.,0.,-1.));
#4194 = ADVANCED_FACE('',(#4195),#4213,.T.);
#4195 = FACE_BOUND('',#4196,.T.);
#4196 = EDGE_LOOP('',(#4197,#4198,#4206,#4212));
#4197 = ORIENTED_EDGE('',*,*,#4184,.F.);
#4198 = ORIENTED_EDGE('',*,*,#4199,.F.);
#4199 = EDGE_CURVE('',#4200,#4177,#4202,.T.);
#4200 = VERTEX_POINT('',#4201);
#4201 = CARTESIAN_POINT('',(16.2,-16.2,-12.5));
#4202 = LINE('',#4203,#4204);
#4203 = CARTESIAN_POINT('',(16.2,-108.425,-12.5));
#4204 = VECTOR('',#4205,1.);
#4205 = DIRECTION('',(0.,-1.,0.));
#4206 = ORIENTED_EDGE('',*,*,#4207,.T.);
#4207 = EDGE_CURVE('',#4200,#1540,#4208,.T.);
#4208 = LINE('',#4209,#4210);
#4209 = CARTESIAN_POINT('',(16.2,-16.2,-12.51));
#4210 = VECTOR('',#4211,1.);
#4211 = DIRECTION('',(0.,0.,1.));
#4212 = ORIENTED_EDGE('',*,*,#1539,.T.);
#4213 = PLANE('',#4214);
#4214 = AXIS2_PLACEMENT_3D('',#4215,#4216,#4217);
#4215 = CARTESIAN_POINT('',(16.2,-16.85,-11.25));
#4216 = DIRECTION('',(1.,0.,0.));
#4217 = DIRECTION('',(-0.,0.,1.));
#4218 = ADVANCED_FACE('',(#4219),#4251,.T.);
#4219 = FACE_BOUND('',#4220,.T.);
#4220 = EDGE_LOOP('',(#4221,#4229,#4235,#4236,#4242,#4243,#4249,#4250));
#4221 = ORIENTED_EDGE('',*,*,#4222,.F.);
#4222 = EDGE_CURVE('',#4223,#4200,#4225,.T.);
#4223 = VERTEX_POINT('',#4224);
#4224 = CARTESIAN_POINT('',(20.995,-16.2,-12.5));
#4225 = LINE('',#4226,#4227);
#4226 = CARTESIAN_POINT('',(-91.09561985898,-16.2,-12.5));
#4227 = VECTOR('',#4228,1.);
#4228 = DIRECTION('',(-1.,0.,0.));
#4229 = ORIENTED_EDGE('',*,*,#4230,.T.);
#4230 = EDGE_CURVE('',#4223,#1580,#4231,.T.);
#4231 = LINE('',#4232,#4233);
#4232 = CARTESIAN_POINT('',(20.995,-16.2,-24.92));
#4233 = VECTOR('',#4234,1.);
#4234 = DIRECTION('',(0.,0.,1.));
#4235 = ORIENTED_EDGE('',*,*,#1579,.T.);
#4236 = ORIENTED_EDGE('',*,*,#4237,.T.);
#4237 = EDGE_CURVE('',#1572,#664,#4238,.T.);
#4238 = LINE('',#4239,#4240);
#4239 = CARTESIAN_POINT('',(19.5,-16.2,-10.));
#4240 = VECTOR('',#4241,1.);
#4241 = DIRECTION('',(0.,0.,1.));
#4242 = ORIENTED_EDGE('',*,*,#663,.T.);
#4243 = ORIENTED_EDGE('',*,*,#4244,.F.);
#4244 = EDGE_CURVE('',#1548,#666,#4245,.T.);
#4245 = LINE('',#4246,#4247);
#4246 = CARTESIAN_POINT('',(17.9,-16.2,-10.));
#4247 = VECTOR('',#4248,1.);
#4248 = DIRECTION('',(0.,0.,1.));
#4249 = ORIENTED_EDGE('',*,*,#1547,.T.);
#4250 = ORIENTED_EDGE('',*,*,#4207,.F.);
#4251 = PLANE('',#4252);
#4252 = AXIS2_PLACEMENT_3D('',#4253,#4254,#4255);
#4253 = CARTESIAN_POINT('',(17.808760282021,-16.2,-17.40709361535));
#4254 = DIRECTION('',(-0.,-1.,-0.));
#4255 = DIRECTION('',(0.,0.,-1.));
#4256 = ADVANCED_FACE('',(#4257),#4268,.T.);
#4257 = FACE_BOUND('',#4258,.T.);
#4258 = EDGE_LOOP('',(#4259,#4265,#4266,#4267));
#4259 = ORIENTED_EDGE('',*,*,#4260,.F.);
#4260 = EDGE_CURVE('',#1556,#682,#4261,.T.);
#4261 = LINE('',#4262,#4263);
#4262 = CARTESIAN_POINT('',(17.9,-18.8,-10.));
#4263 = VECTOR('',#4264,1.);
#4264 = DIRECTION('',(0.,0.,1.));
#4265 = ORIENTED_EDGE('',*,*,#1555,.T.);
#4266 = ORIENTED_EDGE('',*,*,#4244,.T.);
#4267 = ORIENTED_EDGE('',*,*,#689,.T.);
#4268 = PLANE('',#4269);
#4269 = AXIS2_PLACEMENT_3D('',#4270,#4271,#4272);
#4270 = CARTESIAN_POINT('',(17.9,-18.8,-10.));
#4271 = DIRECTION('',(1.,0.,-0.));
#4272 = DIRECTION('',(0.,0.,1.));
#4273 = ADVANCED_FACE('',(#4274),#4285,.T.);
#4274 = FACE_BOUND('',#4275,.T.);
#4275 = EDGE_LOOP('',(#4276,#4282,#4283,#4284));
#4276 = ORIENTED_EDGE('',*,*,#4277,.F.);
#4277 = EDGE_CURVE('',#1564,#674,#4278,.T.);
#4278 = LINE('',#4279,#4280);
#4279 = CARTESIAN_POINT('',(19.5,-18.8,-10.));
#4280 = VECTOR('',#4281,1.);
#4281 = DIRECTION('',(0.,0.,1.));
#4282 = ORIENTED_EDGE('',*,*,#1563,.T.);
#4283 = ORIENTED_EDGE('',*,*,#4260,.T.);
#4284 = ORIENTED_EDGE('',*,*,#681,.T.);
#4285 = PLANE('',#4286);
#4286 = AXIS2_PLACEMENT_3D('',#4287,#4288,#4289);
#4287 = CARTESIAN_POINT('',(17.9,-18.8,-10.));
#4288 = DIRECTION('',(-0.,1.,0.));
#4289 = DIRECTION('',(0.,0.,1.));
#4290 = ADVANCED_FACE('',(#4291),#4297,.F.);
#4291 = FACE_BOUND('',#4292,.F.);
#4292 = EDGE_LOOP('',(#4293,#4294,#4295,#4296));
#4293 = ORIENTED_EDGE('',*,*,#4277,.F.);
#4294 = ORIENTED_EDGE('',*,*,#1571,.T.);
#4295 = ORIENTED_EDGE('',*,*,#4237,.T.);
#4296 = ORIENTED_EDGE('',*,*,#673,.T.);
#4297 = PLANE('',#4298);
#4298 = AXIS2_PLACEMENT_3D('',#4299,#4300,#4301);
#4299 = CARTESIAN_POINT('',(19.5,-18.8,-10.));
#4300 = DIRECTION('',(1.,0.,-0.));
#4301 = DIRECTION('',(0.,0.,1.));
#4302 = ADVANCED_FACE('',(#4303),#4314,.T.);
#4303 = FACE_BOUND('',#4304,.T.);
#4304 = EDGE_LOOP('',(#4305,#4306,#4312,#4313));
#4305 = ORIENTED_EDGE('',*,*,#4230,.F.);
#4306 = ORIENTED_EDGE('',*,*,#4307,.F.);
#4307 = EDGE_CURVE('',#3078,#4223,#4308,.T.);
#4308 = LINE('',#4309,#4310);
#4309 = CARTESIAN_POINT('',(20.995,-107.85,-12.5));
#4310 = VECTOR('',#4311,1.);
#4311 = DIRECTION('',(0.,-1.,0.));
#4312 = ORIENTED_EDGE('',*,*,#3077,.T.);
#4313 = ORIENTED_EDGE('',*,*,#1587,.F.);
#4314 = PLANE('',#4315);
#4315 = AXIS2_PLACEMENT_3D('',#4316,#4317,#4318);
#4316 = CARTESIAN_POINT('',(20.995,-15.7,-17.61));
#4317 = DIRECTION('',(1.,0.,0.));
#4318 = DIRECTION('',(-0.,0.,1.));
#4319 = ADVANCED_FACE('',(#4320),#4331,.T.);
#4320 = FACE_BOUND('',#4321,.T.);
#4321 = EDGE_LOOP('',(#4322,#4323,#4324,#4325));
#4322 = ORIENTED_EDGE('',*,*,#2446,.F.);
#4323 = ORIENTED_EDGE('',*,*,#1595,.T.);
#4324 = ORIENTED_EDGE('',*,*,#2522,.T.);
#4325 = ORIENTED_EDGE('',*,*,#4326,.T.);
#4326 = EDGE_CURVE('',#2515,#2447,#4327,.T.);
#4327 = LINE('',#4328,#4329);
#4328 = CARTESIAN_POINT('',(28.2,-4.5,-8.3));
#4329 = VECTOR('',#4330,1.);
#4330 = DIRECTION('',(0.,-1.,0.));
#4331 = PLANE('',#4332);
#4332 = AXIS2_PLACEMENT_3D('',#4333,#4334,#4335);
#4333 = CARTESIAN_POINT('',(28.2,-4.5,-10.));
#4334 = DIRECTION('',(1.,0.,-0.));
#4335 = DIRECTION('',(0.,0.,1.));
#4336 = ADVANCED_FACE('',(#4337),#4348,.F.);
#4337 = FACE_BOUND('',#4338,.F.);
#4338 = EDGE_LOOP('',(#4339,#4340,#4341,#4342));
#4339 = ORIENTED_EDGE('',*,*,#2439,.F.);
#4340 = ORIENTED_EDGE('',*,*,#1613,.T.);
#4341 = ORIENTED_EDGE('',*,*,#2529,.T.);
#4342 = ORIENTED_EDGE('',*,*,#4343,.T.);
#4343 = EDGE_CURVE('',#2530,#2432,#4344,.T.);
#4344 = LINE('',#4345,#4346);
#4345 = CARTESIAN_POINT('',(31.8,-4.5,-8.3));
#4346 = VECTOR('',#4347,1.);
#4347 = DIRECTION('',(0.,-1.,0.));
#4348 = PLANE('',#4349);
#4349 = AXIS2_PLACEMENT_3D('',#4350,#4351,#4352);
#4350 = CARTESIAN_POINT('',(31.8,-4.5,-10.));
#4351 = DIRECTION('',(1.,0.,-0.));
#4352 = DIRECTION('',(0.,0.,1.));
#4353 = ADVANCED_FACE('',(#4354),#4365,.F.);
#4354 = FACE_BOUND('',#4355,.F.);
#4355 = EDGE_LOOP('',(#4356,#4357,#4358,#4359));
#4356 = ORIENTED_EDGE('',*,*,#2201,.F.);
#4357 = ORIENTED_EDGE('',*,*,#1629,.T.);
#4358 = ORIENTED_EDGE('',*,*,#2643,.T.);
#4359 = ORIENTED_EDGE('',*,*,#4360,.T.);
#4360 = EDGE_CURVE('',#2644,#2194,#4361,.T.);
#4361 = LINE('',#4362,#4363);
#4362 = CARTESIAN_POINT('',(-28.2,-4.5,-8.3));
#4363 = VECTOR('',#4364,1.);
#4364 = DIRECTION('',(0.,-1.,0.));
#4365 = PLANE('',#4366);
#4366 = AXIS2_PLACEMENT_3D('',#4367,#4368,#4369);
#4367 = CARTESIAN_POINT('',(-28.2,-4.5,-10.));
#4368 = DIRECTION('',(1.,0.,-0.));
#4369 = DIRECTION('',(0.,0.,1.));
#4370 = ADVANCED_FACE('',(#4371),#4382,.T.);
#4371 = FACE_BOUND('',#4372,.T.);
#4372 = EDGE_LOOP('',(#4373,#4374,#4375,#4376));
#4373 = ORIENTED_EDGE('',*,*,#2208,.F.);
#4374 = ORIENTED_EDGE('',*,*,#1647,.T.);
#4375 = ORIENTED_EDGE('',*,*,#2636,.T.);
#4376 = ORIENTED_EDGE('',*,*,#4377,.T.);
#4377 = EDGE_CURVE('',#2629,#2209,#4378,.T.);
#4378 = LINE('',#4379,#4380);
#4379 = CARTESIAN_POINT('',(-31.8,-4.5,-8.3));
#4380 = VECTOR('',#4381,1.);
#4381 = DIRECTION('',(0.,-1.,0.));
#4382 = PLANE('',#4383);
#4383 = AXIS2_PLACEMENT_3D('',#4384,#4385,#4386);
#4384 = CARTESIAN_POINT('',(-31.8,-4.5,-10.));
#4385 = DIRECTION('',(1.,0.,-0.));
#4386 = DIRECTION('',(0.,0.,1.));
#4387 = ADVANCED_FACE('',(#4388),#4399,.T.);
#4388 = FACE_BOUND('',#4389,.T.);
#4389 = EDGE_LOOP('',(#4390,#4391,#4392,#4393));
#4390 = ORIENTED_EDGE('',*,*,#3393,.F.);
#4391 = ORIENTED_EDGE('',*,*,#1731,.T.);
#4392 = ORIENTED_EDGE('',*,*,#3338,.T.);
#4393 = ORIENTED_EDGE('',*,*,#4394,.T.);
#4394 = EDGE_CURVE('',#3339,#3394,#4395,.T.);
#4395 = LINE('',#4396,#4397);
#4396 = CARTESIAN_POINT('',(-112.25625,2.25,-7.8));
#4397 = VECTOR('',#4398,1.);
#4398 = DIRECTION('',(1.,0.,-0.));
#4399 = PLANE('',#4400);
#4400 = AXIS2_PLACEMENT_3D('',#4401,#4402,#4403);
#4401 = CARTESIAN_POINT('',(-24.5125,2.25,-10.));
#4402 = DIRECTION('',(-0.,1.,0.));
#4403 = DIRECTION('',(0.,0.,1.));
#4404 = ADVANCED_FACE('',(#4405),#4421,.T.);
#4405 = FACE_BOUND('',#4406,.T.);
#4406 = EDGE_LOOP('',(#4407,#4413,#4414,#4420));
#4407 = ORIENTED_EDGE('',*,*,#4408,.F.);
#4408 = EDGE_CURVE('',#1766,#496,#4409,.T.);
#4409 = LINE('',#4410,#4411);
#4410 = CARTESIAN_POINT('',(-17.9,-18.8,-10.));
#4411 = VECTOR('',#4412,1.);
#4412 = DIRECTION('',(0.,0.,1.));
#4413 = ORIENTED_EDGE('',*,*,#1765,.T.);
#4414 = ORIENTED_EDGE('',*,*,#4415,.T.);
#4415 = EDGE_CURVE('',#1768,#494,#4416,.T.);
#4416 = LINE('',#4417,#4418);
#4417 = CARTESIAN_POINT('',(-19.5,-18.8,-10.));
#4418 = VECTOR('',#4419,1.);
#4419 = DIRECTION('',(0.,0.,1.));
#4420 = ORIENTED_EDGE('',*,*,#493,.T.);
#4421 = PLANE('',#4422);
#4422 = AXIS2_PLACEMENT_3D('',#4423,#4424,#4425);
#4423 = CARTESIAN_POINT('',(-19.5,-18.8,-10.));
#4424 = DIRECTION('',(-0.,1.,0.));
#4425 = DIRECTION('',(0.,0.,1.));
#4426 = ADVANCED_FACE('',(#4427),#4438,.F.);
#4427 = FACE_BOUND('',#4428,.F.);
#4428 = EDGE_LOOP('',(#4429,#4430,#4431,#4437));
#4429 = ORIENTED_EDGE('',*,*,#4408,.F.);
#4430 = ORIENTED_EDGE('',*,*,#1775,.T.);
#4431 = ORIENTED_EDGE('',*,*,#4432,.T.);
#4432 = EDGE_CURVE('',#1776,#512,#4433,.T.);
#4433 = LINE('',#4434,#4435);
#4434 = CARTESIAN_POINT('',(-17.9,-16.2,-10.));
#4435 = VECTOR('',#4436,1.);
#4436 = DIRECTION('',(0.,0.,1.));
#4437 = ORIENTED_EDGE('',*,*,#519,.T.);
#4438 = PLANE('',#4439);
#4439 = AXIS2_PLACEMENT_3D('',#4440,#4441,#4442);
#4440 = CARTESIAN_POINT('',(-17.9,-18.8,-10.));
#4441 = DIRECTION('',(1.,0.,-0.));
#4442 = DIRECTION('',(0.,0.,1.));
#4443 = ADVANCED_FACE('',(#4444),#4455,.F.);
#4444 = FACE_BOUND('',#4445,.F.);
#4445 = EDGE_LOOP('',(#4446,#4447,#4448,#4454));
#4446 = ORIENTED_EDGE('',*,*,#4432,.F.);
#4447 = ORIENTED_EDGE('',*,*,#1783,.T.);
#4448 = ORIENTED_EDGE('',*,*,#4449,.T.);
#4449 = EDGE_CURVE('',#1784,#504,#4450,.T.);
#4450 = LINE('',#4451,#4452);
#4451 = CARTESIAN_POINT('',(-19.5,-16.2,-10.));
#4452 = VECTOR('',#4453,1.);
#4453 = DIRECTION('',(0.,0.,1.));
#4454 = ORIENTED_EDGE('',*,*,#511,.T.);
#4455 = PLANE('',#4456);
#4456 = AXIS2_PLACEMENT_3D('',#4457,#4458,#4459);
#4457 = CARTESIAN_POINT('',(-19.5,-16.2,-10.));
#4458 = DIRECTION('',(-0.,1.,0.));
#4459 = DIRECTION('',(0.,0.,1.));
#4460 = ADVANCED_FACE('',(#4461),#4467,.T.);
#4461 = FACE_BOUND('',#4462,.T.);
#4462 = EDGE_LOOP('',(#4463,#4464,#4465,#4466));
#4463 = ORIENTED_EDGE('',*,*,#4415,.F.);
#4464 = ORIENTED_EDGE('',*,*,#1791,.T.);
#4465 = ORIENTED_EDGE('',*,*,#4449,.T.);
#4466 = ORIENTED_EDGE('',*,*,#503,.T.);
#4467 = PLANE('',#4468);
#4468 = AXIS2_PLACEMENT_3D('',#4469,#4470,#4471);
#4469 = CARTESIAN_POINT('',(-19.5,-18.8,-10.));
#4470 = DIRECTION('',(1.,0.,-0.));
#4471 = DIRECTION('',(0.,0.,1.));
#4472 = ADVANCED_FACE('',(#4473),#4489,.T.);
#4473 = FACE_BOUND('',#4474,.T.);
#4474 = EDGE_LOOP('',(#4475,#4481,#4482,#4488));
#4475 = ORIENTED_EDGE('',*,*,#4476,.F.);
#4476 = EDGE_CURVE('',#1800,#326,#4477,.T.);
#4477 = LINE('',#4478,#4479);
#4478 = CARTESIAN_POINT('',(-17.9,16.2,-10.));
#4479 = VECTOR('',#4480,1.);
#4480 = DIRECTION('',(0.,0.,1.));
#4481 = ORIENTED_EDGE('',*,*,#1799,.T.);
#4482 = ORIENTED_EDGE('',*,*,#4483,.T.);
#4483 = EDGE_CURVE('',#1802,#324,#4484,.T.);
#4484 = LINE('',#4485,#4486);
#4485 = CARTESIAN_POINT('',(-19.5,16.2,-10.));
#4486 = VECTOR('',#4487,1.);
#4487 = DIRECTION('',(0.,0.,1.));
#4488 = ORIENTED_EDGE('',*,*,#323,.T.);
#4489 = PLANE('',#4490);
#4490 = AXIS2_PLACEMENT_3D('',#4491,#4492,#4493);
#4491 = CARTESIAN_POINT('',(-19.5,16.2,-10.));
#4492 = DIRECTION('',(-0.,1.,0.));
#4493 = DIRECTION('',(0.,0.,1.));
#4494 = ADVANCED_FACE('',(#4495),#4506,.F.);
#4495 = FACE_BOUND('',#4496,.F.);
#4496 = EDGE_LOOP('',(#4497,#4498,#4499,#4505));
#4497 = ORIENTED_EDGE('',*,*,#4476,.F.);
#4498 = ORIENTED_EDGE('',*,*,#1809,.T.);
#4499 = ORIENTED_EDGE('',*,*,#4500,.T.);
#4500 = EDGE_CURVE('',#1810,#342,#4501,.T.);
#4501 = LINE('',#4502,#4503);
#4502 = CARTESIAN_POINT('',(-17.9,18.8,-10.));
#4503 = VECTOR('',#4504,1.);
#4504 = DIRECTION('',(0.,0.,1.));
#4505 = ORIENTED_EDGE('',*,*,#349,.T.);
#4506 = PLANE('',#4507);
#4507 = AXIS2_PLACEMENT_3D('',#4508,#4509,#4510);
#4508 = CARTESIAN_POINT('',(-17.9,16.2,-10.));
#4509 = DIRECTION('',(1.,0.,-0.));
#4510 = DIRECTION('',(0.,0.,1.));
#4511 = ADVANCED_FACE('',(#4512),#4523,.F.);
#4512 = FACE_BOUND('',#4513,.F.);
#4513 = EDGE_LOOP('',(#4514,#4515,#4516,#4522));
#4514 = ORIENTED_EDGE('',*,*,#4500,.F.);
#4515 = ORIENTED_EDGE('',*,*,#1817,.T.);
#4516 = ORIENTED_EDGE('',*,*,#4517,.T.);
#4517 = EDGE_CURVE('',#1818,#334,#4518,.T.);
#4518 = LINE('',#4519,#4520);
#4519 = CARTESIAN_POINT('',(-19.5,18.8,-10.));
#4520 = VECTOR('',#4521,1.);
#4521 = DIRECTION('',(0.,0.,1.));
#4522 = ORIENTED_EDGE('',*,*,#341,.T.);
#4523 = PLANE('',#4524);
#4524 = AXIS2_PLACEMENT_3D('',#4525,#4526,#4527);
#4525 = CARTESIAN_POINT('',(-19.5,18.8,-10.));
#4526 = DIRECTION('',(-0.,1.,0.));
#4527 = DIRECTION('',(0.,0.,1.));
#4528 = ADVANCED_FACE('',(#4529),#4535,.T.);
#4529 = FACE_BOUND('',#4530,.T.);
#4530 = EDGE_LOOP('',(#4531,#4532,#4533,#4534));
#4531 = ORIENTED_EDGE('',*,*,#4483,.F.);
#4532 = ORIENTED_EDGE('',*,*,#1825,.T.);
#4533 = ORIENTED_EDGE('',*,*,#4517,.T.);
#4534 = ORIENTED_EDGE('',*,*,#333,.T.);
#4535 = PLANE('',#4536);
#4536 = AXIS2_PLACEMENT_3D('',#4537,#4538,#4539);
#4537 = CARTESIAN_POINT('',(-19.5,16.2,-10.));
#4538 = DIRECTION('',(1.,0.,-0.));
#4539 = DIRECTION('',(0.,0.,1.));
#4540 = ADVANCED_FACE('',(#4541),#4566,.T.);
#4541 = FACE_BOUND('',#4542,.T.);
#4542 = EDGE_LOOP('',(#4543,#4544,#4552,#4560));
#4543 = ORIENTED_EDGE('',*,*,#1833,.F.);
#4544 = ORIENTED_EDGE('',*,*,#4545,.F.);
#4545 = EDGE_CURVE('',#4546,#1834,#4548,.T.);
#4546 = VERTEX_POINT('',#4547);
#4547 = CARTESIAN_POINT('',(-16.2,-16.2,-12.5));
#4548 = LINE('',#4549,#4550);
#4549 = CARTESIAN_POINT('',(-16.2,-16.2,-12.51));
#4550 = VECTOR('',#4551,1.);
#4551 = DIRECTION('',(0.,0.,1.));
#4552 = ORIENTED_EDGE('',*,*,#4553,.F.);
#4553 = EDGE_CURVE('',#4554,#4546,#4556,.T.);
#4554 = VERTEX_POINT('',#4555);
#4555 = CARTESIAN_POINT('',(-16.2,-17.5,-12.5));
#4556 = LINE('',#4557,#4558);
#4557 = CARTESIAN_POINT('',(-16.2,-108.425,-12.5));
#4558 = VECTOR('',#4559,1.);
#4559 = DIRECTION('',(0.,1.,0.));
#4560 = ORIENTED_EDGE('',*,*,#4561,.T.);
#4561 = EDGE_CURVE('',#4554,#1836,#4562,.T.);
#4562 = LINE('',#4563,#4564);
#4563 = CARTESIAN_POINT('',(-16.2,-17.5,-13.5));
#4564 = VECTOR('',#4565,1.);
#4565 = DIRECTION('',(0.,0.,1.));
#4566 = PLANE('',#4567);
#4567 = AXIS2_PLACEMENT_3D('',#4568,#4569,#4570);
#4568 = CARTESIAN_POINT('',(-16.2,-16.85,-11.25));
#4569 = DIRECTION('',(-1.,-0.,-0.));
#4570 = DIRECTION('',(0.,0.,-1.));
#4571 = ADVANCED_FACE('',(#4572),#4606,.T.);
#4572 = FACE_BOUND('',#4573,.T.);
#4573 = EDGE_LOOP('',(#4574,#4575,#4583,#4591,#4599,#4605));
#4574 = ORIENTED_EDGE('',*,*,#4561,.F.);
#4575 = ORIENTED_EDGE('',*,*,#4576,.F.);
#4576 = EDGE_CURVE('',#4577,#4554,#4579,.T.);
#4577 = VERTEX_POINT('',#4578);
#4578 = CARTESIAN_POINT('',(-14.975,-17.5,-12.5));
#4579 = LINE('',#4580,#4581);
#4580 = CARTESIAN_POINT('',(-107.5324043775,-17.5,-12.5));
#4581 = VECTOR('',#4582,1.);
#4582 = DIRECTION('',(-1.,0.,0.));
#4583 = ORIENTED_EDGE('',*,*,#4584,.T.);
#4584 = EDGE_CURVE('',#4577,#4585,#4587,.T.);
#4585 = VERTEX_POINT('',#4586);
#4586 = CARTESIAN_POINT('',(-14.975,-17.5,-12.49));
#4587 = LINE('',#4588,#4589);
#4588 = CARTESIAN_POINT('',(-14.975,-17.5,-14.125));
#4589 = VECTOR('',#4590,1.);
#4590 = DIRECTION('',(0.,0.,1.));
#4591 = ORIENTED_EDGE('',*,*,#4592,.F.);
#4592 = EDGE_CURVE('',#4593,#4585,#4595,.T.);
#4593 = VERTEX_POINT('',#4594);
#4594 = CARTESIAN_POINT('',(-15.325,-17.5,-12.49));
#4595 = LINE('',#4596,#4597);
#4596 = CARTESIAN_POINT('',(-16.2,-17.5,-12.49));
#4597 = VECTOR('',#4598,1.);
#4598 = DIRECTION('',(1.,0.,-0.));
#4599 = ORIENTED_EDGE('',*,*,#4600,.T.);
#4600 = EDGE_CURVE('',#4593,#1844,#4601,.T.);
#4601 = LINE('',#4602,#4603);
#4602 = CARTESIAN_POINT('',(-15.325,-17.5,-12.51));
#4603 = VECTOR('',#4604,1.);
#4604 = DIRECTION('',(0.,0.,1.));
#4605 = ORIENTED_EDGE('',*,*,#1843,.F.);
#4606 = PLANE('',#4607);
#4607 = AXIS2_PLACEMENT_3D('',#4608,#4609,#4610);
#4608 = CARTESIAN_POINT('',(-15.06480875505,-17.5,-12.5374464696));
#4609 = DIRECTION('',(-0.,-1.,-0.));
#4610 = DIRECTION('',(0.,0.,-1.));
#4611 = ADVANCED_FACE('',(#4612),#4630,.T.);
#4612 = FACE_BOUND('',#4613,.T.);
#4613 = EDGE_LOOP('',(#4614,#4615,#4623,#4629));
#4614 = ORIENTED_EDGE('',*,*,#4600,.F.);
#4615 = ORIENTED_EDGE('',*,*,#4616,.F.);
#4616 = EDGE_CURVE('',#4617,#4593,#4619,.T.);
#4617 = VERTEX_POINT('',#4618);
#4618 = CARTESIAN_POINT('',(-15.325,-16.2,-12.49));
#4619 = LINE('',#4620,#4621);
#4620 = CARTESIAN_POINT('',(-15.325,-17.5,-12.49));
#4621 = VECTOR('',#4622,1.);
#4622 = DIRECTION('',(0.,-1.,0.));
#4623 = ORIENTED_EDGE('',*,*,#4624,.T.);
#4624 = EDGE_CURVE('',#4617,#1852,#4625,.T.);
#4625 = LINE('',#4626,#4627);
#4626 = CARTESIAN_POINT('',(-15.325,-16.2,-12.51));
#4627 = VECTOR('',#4628,1.);
#4628 = DIRECTION('',(0.,0.,1.));
#4629 = ORIENTED_EDGE('',*,*,#1851,.T.);
#4630 = PLANE('',#4631);
#4631 = AXIS2_PLACEMENT_3D('',#4632,#4633,#4634);
#4632 = CARTESIAN_POINT('',(-15.325,-17.5,-12.51));
#4633 = DIRECTION('',(1.,0.,-0.));
#4634 = DIRECTION('',(0.,0.,1.));
#4635 = ADVANCED_FACE('',(#4636),#4663,.T.);
#4636 = FACE_BOUND('',#4637,.T.);
#4637 = EDGE_LOOP('',(#4638,#4639,#4647,#4655,#4661,#4662));
#4638 = ORIENTED_EDGE('',*,*,#4624,.F.);
#4639 = ORIENTED_EDGE('',*,*,#4640,.T.);
#4640 = EDGE_CURVE('',#4617,#4641,#4643,.T.);
#4641 = VERTEX_POINT('',#4642);
#4642 = CARTESIAN_POINT('',(-14.975,-16.2,-12.49));
#4643 = LINE('',#4644,#4645);
#4644 = CARTESIAN_POINT('',(-16.2,-16.2,-12.49));
#4645 = VECTOR('',#4646,1.);
#4646 = DIRECTION('',(1.,0.,-0.));
#4647 = ORIENTED_EDGE('',*,*,#4648,.T.);
#4648 = EDGE_CURVE('',#4641,#4649,#4651,.T.);
#4649 = VERTEX_POINT('',#4650);
#4650 = CARTESIAN_POINT('',(-14.975,-16.2,-12.5));
#4651 = LINE('',#4652,#4653);
#4652 = CARTESIAN_POINT('',(-14.975,-16.2,-12.02373626373));
#4653 = VECTOR('',#4654,1.);
#4654 = DIRECTION('',(-0.,0.,-1.));
#4655 = ORIENTED_EDGE('',*,*,#4656,.F.);
#4656 = EDGE_CURVE('',#4546,#4649,#4657,.T.);
#4657 = LINE('',#4658,#4659);
#4658 = CARTESIAN_POINT('',(-107.7407463369,-16.2,-12.5));
#4659 = VECTOR('',#4660,1.);
#4660 = DIRECTION('',(1.,0.,0.));
#4661 = ORIENTED_EDGE('',*,*,#4545,.T.);
#4662 = ORIENTED_EDGE('',*,*,#1859,.T.);
#4663 = PLANE('',#4664);
#4664 = AXIS2_PLACEMENT_3D('',#4665,#4666,#4667);
#4665 = CARTESIAN_POINT('',(-15.48149267399,-16.2,-11.54747252747));
#4666 = DIRECTION('',(0.,1.,0.));
#4667 = DIRECTION('',(0.,-0.,1.));
#4668 = ADVANCED_FACE('',(#4669),#4694,.T.);
#4669 = FACE_BOUND('',#4670,.T.);
#4670 = EDGE_LOOP('',(#4671,#4672,#4680,#4688));
#4671 = ORIENTED_EDGE('',*,*,#1867,.F.);
#4672 = ORIENTED_EDGE('',*,*,#4673,.F.);
#4673 = EDGE_CURVE('',#4674,#1868,#4676,.T.);
#4674 = VERTEX_POINT('',#4675);
#4675 = CARTESIAN_POINT('',(-16.2,17.5,-12.5));
#4676 = LINE('',#4677,#4678);
#4677 = CARTESIAN_POINT('',(-16.2,17.5,-12.51));
#4678 = VECTOR('',#4679,1.);
#4679 = DIRECTION('',(0.,0.,1.));
#4680 = ORIENTED_EDGE('',*,*,#4681,.F.);
#4681 = EDGE_CURVE('',#4682,#4674,#4684,.T.);
#4682 = VERTEX_POINT('',#4683);
#4683 = CARTESIAN_POINT('',(-16.2,16.2,-12.5));
#4684 = LINE('',#4685,#4686);
#4685 = CARTESIAN_POINT('',(-16.2,-91.575,-12.5));
#4686 = VECTOR('',#4687,1.);
#4687 = DIRECTION('',(0.,1.,0.));
#4688 = ORIENTED_EDGE('',*,*,#4689,.T.);
#4689 = EDGE_CURVE('',#4682,#1870,#4690,.T.);
#4690 = LINE('',#4691,#4692);
#4691 = CARTESIAN_POINT('',(-16.2,16.2,-13.5));
#4692 = VECTOR('',#4693,1.);
#4693 = DIRECTION('',(0.,0.,1.));
#4694 = PLANE('',#4695);
#4695 = AXIS2_PLACEMENT_3D('',#4696,#4697,#4698);
#4696 = CARTESIAN_POINT('',(-16.2,16.85,-11.25));
#4697 = DIRECTION('',(-1.,-0.,-0.));
#4698 = DIRECTION('',(0.,0.,-1.));
#4699 = ADVANCED_FACE('',(#4700),#4734,.T.);
#4700 = FACE_BOUND('',#4701,.T.);
#4701 = EDGE_LOOP('',(#4702,#4712,#4718,#4719,#4720,#4728));
#4702 = ORIENTED_EDGE('',*,*,#4703,.F.);
#4703 = EDGE_CURVE('',#4704,#4706,#4708,.T.);
#4704 = VERTEX_POINT('',#4705);
#4705 = CARTESIAN_POINT('',(-15.325,16.2,-12.49));
#4706 = VERTEX_POINT('',#4707);
#4707 = CARTESIAN_POINT('',(-14.975,16.2,-12.49));
#4708 = LINE('',#4709,#4710);
#4709 = CARTESIAN_POINT('',(-16.2,16.2,-12.49));
#4710 = VECTOR('',#4711,1.);
#4711 = DIRECTION('',(1.,0.,-0.));
#4712 = ORIENTED_EDGE('',*,*,#4713,.T.);
#4713 = EDGE_CURVE('',#4704,#1878,#4714,.T.);
#4714 = LINE('',#4715,#4716);
#4715 = CARTESIAN_POINT('',(-15.325,16.2,-12.51));
#4716 = VECTOR('',#4717,1.);
#4717 = DIRECTION('',(0.,0.,1.));
#4718 = ORIENTED_EDGE('',*,*,#1877,.F.);
#4719 = ORIENTED_EDGE('',*,*,#4689,.F.);
#4720 = ORIENTED_EDGE('',*,*,#4721,.F.);
#4721 = EDGE_CURVE('',#4722,#4682,#4724,.T.);
#4722 = VERTEX_POINT('',#4723);
#4723 = CARTESIAN_POINT('',(-14.975,16.2,-12.5));
#4724 = LINE('',#4725,#4726);
#4725 = CARTESIAN_POINT('',(-107.7407463369,16.2,-12.5));
#4726 = VECTOR('',#4727,1.);
#4727 = DIRECTION('',(-1.,0.,0.));
#4728 = ORIENTED_EDGE('',*,*,#4729,.T.);
#4729 = EDGE_CURVE('',#4722,#4706,#4730,.T.);
#4730 = LINE('',#4731,#4732);
#4731 = CARTESIAN_POINT('',(-14.975,16.2,-12.02373626373));
#4732 = VECTOR('',#4733,1.);
#4733 = DIRECTION('',(0.,-0.,1.));
#4734 = PLANE('',#4735);
#4735 = AXIS2_PLACEMENT_3D('',#4736,#4737,#4738);
#4736 = CARTESIAN_POINT('',(-15.48149267399,16.2,-11.54747252747));
#4737 = DIRECTION('',(-0.,-1.,-0.));
#4738 = DIRECTION('',(0.,0.,-1.));
#4739 = ADVANCED_FACE('',(#4740),#4758,.T.);
#4740 = FACE_BOUND('',#4741,.T.);
#4741 = EDGE_LOOP('',(#4742,#4743,#4751,#4757));
#4742 = ORIENTED_EDGE('',*,*,#4713,.F.);
#4743 = ORIENTED_EDGE('',*,*,#4744,.F.);
#4744 = EDGE_CURVE('',#4745,#4704,#4747,.T.);
#4745 = VERTEX_POINT('',#4746);
#4746 = CARTESIAN_POINT('',(-15.325,17.5,-12.49));
#4747 = LINE('',#4748,#4749);
#4748 = CARTESIAN_POINT('',(-15.325,16.2,-12.49));
#4749 = VECTOR('',#4750,1.);
#4750 = DIRECTION('',(0.,-1.,0.));
#4751 = ORIENTED_EDGE('',*,*,#4752,.T.);
#4752 = EDGE_CURVE('',#4745,#1886,#4753,.T.);
#4753 = LINE('',#4754,#4755);
#4754 = CARTESIAN_POINT('',(-15.325,17.5,-12.51));
#4755 = VECTOR('',#4756,1.);
#4756 = DIRECTION('',(0.,0.,1.));
#4757 = ORIENTED_EDGE('',*,*,#1885,.T.);
#4758 = PLANE('',#4759);
#4759 = AXIS2_PLACEMENT_3D('',#4760,#4761,#4762);
#4760 = CARTESIAN_POINT('',(-15.325,16.2,-12.51));
#4761 = DIRECTION('',(1.,0.,-0.));
#4762 = DIRECTION('',(0.,0.,1.));
#4763 = ADVANCED_FACE('',(#4764),#4791,.T.);
#4764 = FACE_BOUND('',#4765,.T.);
#4765 = EDGE_LOOP('',(#4766,#4767,#4775,#4783,#4789,#4790));
#4766 = ORIENTED_EDGE('',*,*,#4752,.F.);
#4767 = ORIENTED_EDGE('',*,*,#4768,.T.);
#4768 = EDGE_CURVE('',#4745,#4769,#4771,.T.);
#4769 = VERTEX_POINT('',#4770);
#4770 = CARTESIAN_POINT('',(-14.975,17.5,-12.49));
#4771 = LINE('',#4772,#4773);
#4772 = CARTESIAN_POINT('',(-16.2,17.5,-12.49));
#4773 = VECTOR('',#4774,1.);
#4774 = DIRECTION('',(1.,0.,-0.));
#4775 = ORIENTED_EDGE('',*,*,#4776,.F.);
#4776 = EDGE_CURVE('',#4777,#4769,#4779,.T.);
#4777 = VERTEX_POINT('',#4778);
#4778 = CARTESIAN_POINT('',(-14.975,17.5,-12.5));
#4779 = LINE('',#4780,#4781);
#4780 = CARTESIAN_POINT('',(-14.975,17.5,-14.125));
#4781 = VECTOR('',#4782,1.);
#4782 = DIRECTION('',(0.,0.,1.));
#4783 = ORIENTED_EDGE('',*,*,#4784,.F.);
#4784 = EDGE_CURVE('',#4674,#4777,#4785,.T.);
#4785 = LINE('',#4786,#4787);
#4786 = CARTESIAN_POINT('',(-107.5324043775,17.5,-12.5));
#4787 = VECTOR('',#4788,1.);
#4788 = DIRECTION('',(1.,0.,0.));
#4789 = ORIENTED_EDGE('',*,*,#4673,.T.);
#4790 = ORIENTED_EDGE('',*,*,#1893,.T.);
#4791 = PLANE('',#4792);
#4792 = AXIS2_PLACEMENT_3D('',#4793,#4794,#4795);
#4793 = CARTESIAN_POINT('',(-15.06480875505,17.5,-12.5374464696));
#4794 = DIRECTION('',(0.,1.,0.));
#4795 = DIRECTION('',(0.,-0.,1.));
#4796 = ADVANCED_FACE('',(#4797),#4803,.T.);
#4797 = FACE_BOUND('',#4798,.T.);
#4798 = EDGE_LOOP('',(#4799,#4800,#4801,#4802));
#4799 = ORIENTED_EDGE('',*,*,#2628,.F.);
#4800 = ORIENTED_EDGE('',*,*,#2263,.T.);
#4801 = ORIENTED_EDGE('',*,*,#2216,.T.);
#4802 = ORIENTED_EDGE('',*,*,#4377,.F.);
#4803 = PLANE('',#4804);
#4804 = AXIS2_PLACEMENT_3D('',#4805,#4806,#4807);
#4805 = CARTESIAN_POINT('',(-36.5,-4.5,-8.3));
#4806 = DIRECTION('',(0.,0.,1.));
#4807 = DIRECTION('',(1.,0.,-0.));
#4808 = ADVANCED_FACE('',(#4809),#4815,.T.);
#4809 = FACE_BOUND('',#4810,.T.);
#4810 = EDGE_LOOP('',(#4811,#4812,#4813,#4814));
#4811 = ORIENTED_EDGE('',*,*,#2651,.F.);
#4812 = ORIENTED_EDGE('',*,*,#4360,.T.);
#4813 = ORIENTED_EDGE('',*,*,#2193,.T.);
#4814 = ORIENTED_EDGE('',*,*,#2674,.T.);
#4815 = PLANE('',#4816);
#4816 = AXIS2_PLACEMENT_3D('',#4817,#4818,#4819);
#4817 = CARTESIAN_POINT('',(-36.5,-4.5,-8.3));
#4818 = DIRECTION('',(0.,0.,1.));
#4819 = DIRECTION('',(1.,0.,-0.));
#4820 = ADVANCED_FACE('',(#4821),#4827,.T.);
#4821 = FACE_BOUND('',#4822,.T.);
#4822 = EDGE_LOOP('',(#4823,#4824,#4825,#4826));
#4823 = ORIENTED_EDGE('',*,*,#2537,.F.);
#4824 = ORIENTED_EDGE('',*,*,#4343,.T.);
#4825 = ORIENTED_EDGE('',*,*,#2431,.T.);
#4826 = ORIENTED_EDGE('',*,*,#2384,.T.);
#4827 = PLANE('',#4828);
#4828 = AXIS2_PLACEMENT_3D('',#4829,#4830,#4831);
#4829 = CARTESIAN_POINT('',(25.4,-4.5,-8.3));
#4830 = DIRECTION('',(0.,0.,1.));
#4831 = DIRECTION('',(1.,0.,-0.));
#4832 = ADVANCED_FACE('',(#4833),#4839,.T.);
#4833 = FACE_BOUND('',#4834,.T.);
#4834 = EDGE_LOOP('',(#4835,#4836,#4837,#4838));
#4835 = ORIENTED_EDGE('',*,*,#2514,.F.);
#4836 = ORIENTED_EDGE('',*,*,#2477,.F.);
#4837 = ORIENTED_EDGE('',*,*,#2454,.T.);
#4838 = ORIENTED_EDGE('',*,*,#4326,.F.);
#4839 = PLANE('',#4840);
#4840 = AXIS2_PLACEMENT_3D('',#4841,#4842,#4843);
#4841 = CARTESIAN_POINT('',(25.4,-4.5,-8.3));
#4842 = DIRECTION('',(0.,0.,1.));
#4843 = DIRECTION('',(1.,0.,-0.));
#4844 = ADVANCED_FACE('',(#4845),#4851,.F.);
#4845 = FACE_BOUND('',#4846,.F.);
#4846 = EDGE_LOOP('',(#4847,#4848,#4849,#4850));
#4847 = ORIENTED_EDGE('',*,*,#4054,.F.);
#4848 = ORIENTED_EDGE('',*,*,#2713,.F.);
#4849 = ORIENTED_EDGE('',*,*,#4007,.F.);
#4850 = ORIENTED_EDGE('',*,*,#4030,.F.);
#4851 = PLANE('',#4852);
#4852 = AXIS2_PLACEMENT_3D('',#4853,#4854,#4855);
#4853 = CARTESIAN_POINT('',(-200.,-200.,-12.5));
#4854 = DIRECTION('',(0.,0.,1.));
#4855 = DIRECTION('',(1.,0.,-0.));
#4856 = ADVANCED_FACE('',(#4857),#4863,.T.);
#4857 = FACE_BOUND('',#4858,.T.);
#4858 = EDGE_LOOP('',(#4859,#4860,#4861,#4862));
#4859 = ORIENTED_EDGE('',*,*,#3767,.F.);
#4860 = ORIENTED_EDGE('',*,*,#2840,.T.);
#4861 = ORIENTED_EDGE('',*,*,#3815,.T.);
#4862 = ORIENTED_EDGE('',*,*,#3790,.F.);
#4863 = PLANE('',#4864);
#4864 = AXIS2_PLACEMENT_3D('',#4865,#4866,#4867);
#4865 = CARTESIAN_POINT('',(5.703333333333,24.347777777778,-12.49));
#4866 = DIRECTION('',(0.,0.,1.));
#4867 = DIRECTION('',(1.,0.,-0.));
#4868 = ADVANCED_FACE('',(#4869,#4875),#4878,.F.);
#4869 = FACE_BOUND('',#4870,.F.);
#4870 = EDGE_LOOP('',(#4871,#4872,#4873,#4874));
#4871 = ORIENTED_EDGE('',*,*,#2824,.F.);
#4872 = ORIENTED_EDGE('',*,*,#3822,.F.);
#4873 = ORIENTED_EDGE('',*,*,#3846,.F.);
#4874 = ORIENTED_EDGE('',*,*,#3886,.F.);
#4875 = FACE_BOUND('',#4876,.F.);
#4876 = EDGE_LOOP('',(#4877));
#4877 = ORIENTED_EDGE('',*,*,#91,.F.);
#4878 = PLANE('',#4879);
#4879 = AXIS2_PLACEMENT_3D('',#4880,#4881,#4882);
#4880 = CARTESIAN_POINT('',(-200.,-200.,-12.5));
#4881 = DIRECTION('',(0.,0.,1.));
#4882 = DIRECTION('',(1.,0.,-0.));
#4883 = ADVANCED_FACE('',(#4884),#4890,.T.);
#4884 = FACE_BOUND('',#4885,.T.);
#4885 = EDGE_LOOP('',(#4886,#4887,#4888,#4889));
#4886 = ORIENTED_EDGE('',*,*,#2808,.T.);
#4887 = ORIENTED_EDGE('',*,*,#3925,.T.);
#4888 = ORIENTED_EDGE('',*,*,#3900,.F.);
#4889 = ORIENTED_EDGE('',*,*,#3870,.F.);
#4890 = PLANE('',#4891);
#4891 = AXIS2_PLACEMENT_3D('',#4892,#4893,#4894);
#4892 = CARTESIAN_POINT('',(5.703333333333,24.347777777778,-12.49));
#4893 = DIRECTION('',(0.,0.,1.));
#4894 = DIRECTION('',(1.,0.,-0.));
#4895 = ADVANCED_FACE('',(#4896),#4902,.F.);
#4896 = FACE_BOUND('',#4897,.F.);
#4897 = EDGE_LOOP('',(#4898,#4899,#4900,#4901));
#4898 = ORIENTED_EDGE('',*,*,#3989,.F.);
#4899 = ORIENTED_EDGE('',*,*,#2785,.F.);
#4900 = ORIENTED_EDGE('',*,*,#3942,.F.);
#4901 = ORIENTED_EDGE('',*,*,#3966,.F.);
#4902 = PLANE('',#4903);
#4903 = AXIS2_PLACEMENT_3D('',#4904,#4905,#4906);
#4904 = CARTESIAN_POINT('',(-200.,-200.,-12.5));
#4905 = DIRECTION('',(0.,0.,1.));
#4906 = DIRECTION('',(1.,0.,-0.));
#4907 = ADVANCED_FACE('',(#4908),#4921,.F.);
#4908 = FACE_BOUND('',#4909,.F.);
#4909 = EDGE_LOOP('',(#4910,#4911,#4912,#4913,#4914,#4920));
#4910 = ORIENTED_EDGE('',*,*,#3679,.F.);
#4911 = ORIENTED_EDGE('',*,*,#2952,.F.);
#4912 = ORIENTED_EDGE('',*,*,#2982,.F.);
#4913 = ORIENTED_EDGE('',*,*,#3515,.F.);
#4914 = ORIENTED_EDGE('',*,*,#4915,.F.);
#4915 = EDGE_CURVE('',#3648,#3516,#4916,.T.);
#4916 = LINE('',#4917,#4918);
#4917 = CARTESIAN_POINT('',(-92.5125,16.7,-12.5));
#4918 = VECTOR('',#4919,1.);
#4919 = DIRECTION('',(1.,0.,-0.));
#4920 = ORIENTED_EDGE('',*,*,#3655,.F.);
#4921 = PLANE('',#4922);
#4922 = AXIS2_PLACEMENT_3D('',#4923,#4924,#4925);
#4923 = CARTESIAN_POINT('',(-200.,-200.,-12.5));
#4924 = DIRECTION('',(0.,0.,1.));
#4925 = DIRECTION('',(1.,0.,-0.));
#4926 = ADVANCED_FACE('',(#4927),#4938,.T.);
#4927 = FACE_BOUND('',#4928,.T.);
#4928 = EDGE_LOOP('',(#4929,#4930,#4936,#4937));
#4929 = ORIENTED_EDGE('',*,*,#2936,.T.);
#4930 = ORIENTED_EDGE('',*,*,#4931,.F.);
#4931 = EDGE_CURVE('',#3726,#2929,#4932,.T.);
#4932 = LINE('',#4933,#4934);
#4933 = CARTESIAN_POINT('',(14.425,16.7,-12.49));
#4934 = VECTOR('',#4935,1.);
#4935 = DIRECTION('',(-1.,-0.,0.));
#4936 = ORIENTED_EDGE('',*,*,#3733,.F.);
#4937 = ORIENTED_EDGE('',*,*,#3686,.F.);
#4938 = PLANE('',#4939);
#4939 = AXIS2_PLACEMENT_3D('',#4940,#4941,#4942);
#4940 = CARTESIAN_POINT('',(14.53,16.42,-12.49));
#4941 = DIRECTION('',(0.,0.,1.));
#4942 = DIRECTION('',(1.,0.,-0.));
#4943 = ADVANCED_FACE('',(#4944),#4955,.T.);
#4944 = FACE_BOUND('',#4945,.T.);
#4945 = EDGE_LOOP('',(#4946,#4947,#4948,#4954));
#4946 = ORIENTED_EDGE('',*,*,#4931,.T.);
#4947 = ORIENTED_EDGE('',*,*,#2928,.T.);
#4948 = ORIENTED_EDGE('',*,*,#4949,.T.);
#4949 = EDGE_CURVE('',#2921,#3718,#4950,.T.);
#4950 = LINE('',#4951,#4952);
#4951 = CARTESIAN_POINT('',(14.975,16.7,-12.26));
#4952 = VECTOR('',#4953,1.);
#4953 = DIRECTION('',(1.,0.,-0.));
#4954 = ORIENTED_EDGE('',*,*,#3725,.F.);
#4955 = PLANE('',#4956);
#4956 = AXIS2_PLACEMENT_3D('',#4957,#4958,#4959);
#4957 = CARTESIAN_POINT('',(14.975,16.7,-26.22));
#4958 = DIRECTION('',(-0.,1.,0.));
#4959 = DIRECTION('',(0.,0.,1.));
#4960 = ADVANCED_FACE('',(#4961),#4967,.T.);
#4961 = FACE_BOUND('',#4962,.T.);
#4962 = EDGE_LOOP('',(#4963,#4964,#4965,#4966));
#4963 = ORIENTED_EDGE('',*,*,#2920,.F.);
#4964 = ORIENTED_EDGE('',*,*,#3749,.T.);
#4965 = ORIENTED_EDGE('',*,*,#3717,.F.);
#4966 = ORIENTED_EDGE('',*,*,#4949,.F.);
#4967 = PLANE('',#4968);
#4968 = AXIS2_PLACEMENT_3D('',#4969,#4970,#4971);
#4969 = CARTESIAN_POINT('',(14.975,16.19,-12.26));
#4970 = DIRECTION('',(0.,0.,1.));
#4971 = DIRECTION('',(1.,0.,-0.));
#4972 = ADVANCED_FACE('',(#4973),#5021,.F.);
#4973 = FACE_BOUND('',#4974,.F.);
#4974 = EDGE_LOOP('',(#4975,#4976,#4982,#4983,#4991,#4999,#5007,#5015));
#4975 = ORIENTED_EDGE('',*,*,#3425,.F.);
#4976 = ORIENTED_EDGE('',*,*,#4977,.T.);
#4977 = EDGE_CURVE('',#3426,#3482,#4978,.T.);
#4978 = LINE('',#4979,#4980);
#4979 = CARTESIAN_POINT('',(20.295,-11.2,-24.31));
#4980 = VECTOR('',#4981,1.);
#4981 = DIRECTION('',(-0.,1.,0.));
#4982 = ORIENTED_EDGE('',*,*,#3481,.T.);
#4983 = ORIENTED_EDGE('',*,*,#4984,.T.);
#4984 = EDGE_CURVE('',#3484,#4985,#4987,.T.);
#4985 = VERTEX_POINT('',#4986);
#4986 = CARTESIAN_POINT('',(20.295,10.4,-7.8));
#4987 = LINE('',#4988,#4989);
#4988 = CARTESIAN_POINT('',(20.295,-105.6,-7.8));
#4989 = VECTOR('',#4990,1.);
#4990 = DIRECTION('',(0.,-1.,0.));
#4991 = ORIENTED_EDGE('',*,*,#4992,.T.);
#4992 = EDGE_CURVE('',#4985,#4993,#4995,.T.);
#4993 = VERTEX_POINT('',#4994);
#4994 = CARTESIAN_POINT('',(20.295,10.4,-23.51));
#4995 = LINE('',#4996,#4997);
#4996 = CARTESIAN_POINT('',(20.295,10.4,-24.265));
#4997 = VECTOR('',#4998,1.);
#4998 = DIRECTION('',(-0.,0.,-1.));
#4999 = ORIENTED_EDGE('',*,*,#5000,.F.);
#5000 = EDGE_CURVE('',#5001,#4993,#5003,.T.);
#5001 = VERTEX_POINT('',#5002);
#5002 = CARTESIAN_POINT('',(20.295,-10.4,-23.51));
#5003 = LINE('',#5004,#5005);
#5004 = CARTESIAN_POINT('',(20.295,-12.8,-23.51));
#5005 = VECTOR('',#5006,1.);
#5006 = DIRECTION('',(-0.,1.,0.));
#5007 = ORIENTED_EDGE('',*,*,#5008,.F.);
#5008 = EDGE_CURVE('',#5009,#5001,#5011,.T.);
#5009 = VERTEX_POINT('',#5010);
#5010 = CARTESIAN_POINT('',(20.295,-10.4,-7.8));
#5011 = LINE('',#5012,#5013);
#5012 = CARTESIAN_POINT('',(20.295,-10.4,-24.265));
#5013 = VECTOR('',#5014,1.);
#5014 = DIRECTION('',(-0.,0.,-1.));
#5015 = ORIENTED_EDGE('',*,*,#5016,.T.);
#5016 = EDGE_CURVE('',#5009,#3418,#5017,.T.);
#5017 = LINE('',#5018,#5019);
#5018 = CARTESIAN_POINT('',(20.295,-105.6,-7.8));
#5019 = VECTOR('',#5020,1.);
#5020 = DIRECTION('',(0.,-1.,0.));
#5021 = PLANE('',#5022);
#5022 = AXIS2_PLACEMENT_3D('',#5023,#5024,#5025);
#5023 = CARTESIAN_POINT('',(20.295,-11.2,-24.31));
#5024 = DIRECTION('',(1.,0.,-0.));
#5025 = DIRECTION('',(0.,0.,1.));
#5026 = ADVANCED_FACE('',(#5027),#5052,.T.);
#5027 = FACE_BOUND('',#5028,.T.);
#5028 = EDGE_LOOP('',(#5029,#5037,#5045,#5051));
#5029 = ORIENTED_EDGE('',*,*,#5030,.T.);
#5030 = EDGE_CURVE('',#5009,#5031,#5033,.T.);
#5031 = VERTEX_POINT('',#5032);
#5032 = CARTESIAN_POINT('',(24.1625,-10.4,-7.8));
#5033 = LINE('',#5034,#5035);
#5034 = CARTESIAN_POINT('',(-89.07506791934,-10.4,-7.8));
#5035 = VECTOR('',#5036,1.);
#5036 = DIRECTION('',(1.,0.,0.));
#5037 = ORIENTED_EDGE('',*,*,#5038,.F.);
#5038 = EDGE_CURVE('',#5039,#5031,#5041,.T.);
#5039 = VERTEX_POINT('',#5040);
#5040 = CARTESIAN_POINT('',(24.1625,-10.4,-23.51));
#5041 = LINE('',#5042,#5043);
#5042 = CARTESIAN_POINT('',(24.1625,-10.4,-5.));
#5043 = VECTOR('',#5044,1.);
#5044 = DIRECTION('',(0.,0.,1.));
#5045 = ORIENTED_EDGE('',*,*,#5046,.F.);
#5046 = EDGE_CURVE('',#5001,#5039,#5047,.T.);
#5047 = LINE('',#5048,#5049);
#5048 = CARTESIAN_POINT('',(20.285,-10.4,-23.51));
#5049 = VECTOR('',#5050,1.);
#5050 = DIRECTION('',(1.,0.,-0.));
#5051 = ORIENTED_EDGE('',*,*,#5008,.F.);
#5052 = PLANE('',#5053);
#5053 = AXIS2_PLACEMENT_3D('',#5054,#5055,#5056);
#5054 = CARTESIAN_POINT('',(21.849864161303,-10.4,-12.61763583869));
#5055 = DIRECTION('',(0.,1.,0.));
#5056 = DIRECTION('',(0.,-0.,1.));
#5057 = ADVANCED_FACE('',(#5058),#5083,.T.);
#5058 = FACE_BOUND('',#5059,.T.);
#5059 = EDGE_LOOP('',(#5060,#5068,#5069,#5077));
#5060 = ORIENTED_EDGE('',*,*,#5061,.F.);
#5061 = EDGE_CURVE('',#5039,#5062,#5064,.T.);
#5062 = VERTEX_POINT('',#5063);
#5063 = CARTESIAN_POINT('',(24.1625,10.4,-23.51));
#5064 = LINE('',#5065,#5066);
#5065 = CARTESIAN_POINT('',(24.1625,-10.4,-23.51));
#5066 = VECTOR('',#5067,1.);
#5067 = DIRECTION('',(-0.,1.,0.));
#5068 = ORIENTED_EDGE('',*,*,#5038,.T.);
#5069 = ORIENTED_EDGE('',*,*,#5070,.T.);
#5070 = EDGE_CURVE('',#5031,#5071,#5073,.T.);
#5071 = VERTEX_POINT('',#5072);
#5072 = CARTESIAN_POINT('',(24.1625,10.4,-7.8));
#5073 = LINE('',#5074,#5075);
#5074 = CARTESIAN_POINT('',(24.1625,-100.,-7.8));
#5075 = VECTOR('',#5076,1.);
#5076 = DIRECTION('',(0.,1.,0.));
#5077 = ORIENTED_EDGE('',*,*,#5078,.F.);
#5078 = EDGE_CURVE('',#5062,#5071,#5079,.T.);
#5079 = LINE('',#5080,#5081);
#5080 = CARTESIAN_POINT('',(24.1625,10.4,-5.));
#5081 = VECTOR('',#5082,1.);
#5082 = DIRECTION('',(0.,0.,1.));
#5083 = PLANE('',#5084);
#5084 = AXIS2_PLACEMENT_3D('',#5085,#5086,#5087);
#5085 = CARTESIAN_POINT('',(24.1625,3.434590954642E-17,-13.505));
#5086 = DIRECTION('',(-1.,-0.,-0.));
#5087 = DIRECTION('',(0.,0.,-1.));
#5088 = ADVANCED_FACE('',(#5089),#5105,.T.);
#5089 = FACE_BOUND('',#5090,.T.);
#5090 = EDGE_LOOP('',(#5091,#5092,#5098,#5099));
#5091 = ORIENTED_EDGE('',*,*,#5078,.T.);
#5092 = ORIENTED_EDGE('',*,*,#5093,.T.);
#5093 = EDGE_CURVE('',#5071,#4985,#5094,.T.);
#5094 = LINE('',#5095,#5096);
#5095 = CARTESIAN_POINT('',(-89.07506791934,10.4,-7.8));
#5096 = VECTOR('',#5097,1.);
#5097 = DIRECTION('',(-1.,0.,0.));
#5098 = ORIENTED_EDGE('',*,*,#4992,.T.);
#5099 = ORIENTED_EDGE('',*,*,#5100,.T.);
#5100 = EDGE_CURVE('',#4993,#5062,#5101,.T.);
#5101 = LINE('',#5102,#5103);
#5102 = CARTESIAN_POINT('',(20.285,10.4,-23.51));
#5103 = VECTOR('',#5104,1.);
#5104 = DIRECTION('',(1.,0.,-0.));
#5105 = PLANE('',#5106);
#5106 = AXIS2_PLACEMENT_3D('',#5107,#5108,#5109);
#5107 = CARTESIAN_POINT('',(21.849864161303,10.4,-12.61763583869));
#5108 = DIRECTION('',(-0.,-1.,-0.));
#5109 = DIRECTION('',(0.,0.,-1.));
#5110 = ADVANCED_FACE('',(#5111),#5119,.F.);
#5111 = FACE_BOUND('',#5112,.F.);
#5112 = EDGE_LOOP('',(#5113,#5114,#5115,#5116,#5117,#5118));
#5113 = ORIENTED_EDGE('',*,*,#3106,.F.);
#5114 = ORIENTED_EDGE('',*,*,#4176,.F.);
#5115 = ORIENTED_EDGE('',*,*,#4199,.F.);
#5116 = ORIENTED_EDGE('',*,*,#4222,.F.);
#5117 = ORIENTED_EDGE('',*,*,#4307,.F.);
#5118 = ORIENTED_EDGE('',*,*,#3085,.F.);
#5119 = PLANE('',#5120);
#5120 = AXIS2_PLACEMENT_3D('',#5121,#5122,#5123);
#5121 = CARTESIAN_POINT('',(-200.,-200.,-12.5));
#5122 = DIRECTION('',(0.,0.,1.));
#5123 = DIRECTION('',(1.,0.,-0.));
#5124 = ADVANCED_FACE('',(#5125),#5131,.T.);
#5125 = FACE_BOUND('',#5126,.T.);
#5126 = EDGE_LOOP('',(#5127,#5128,#5129,#5130));
#5127 = ORIENTED_EDGE('',*,*,#3122,.T.);
#5128 = ORIENTED_EDGE('',*,*,#4169,.T.);
#5129 = ORIENTED_EDGE('',*,*,#4151,.F.);
#5130 = ORIENTED_EDGE('',*,*,#4119,.F.);
#5131 = PLANE('',#5132);
#5132 = AXIS2_PLACEMENT_3D('',#5133,#5134,#5135);
#5133 = CARTESIAN_POINT('',(14.553333333333,-16.39666666666,-12.49));
#5134 = DIRECTION('',(0.,0.,1.));
#5135 = DIRECTION('',(1.,0.,-0.));
#5136 = ADVANCED_FACE('',(#5137),#5143,.F.);
#5137 = FACE_BOUND('',#5138,.F.);
#5138 = EDGE_LOOP('',(#5139,#5140,#5141,#5142));
#5139 = ORIENTED_EDGE('',*,*,#4977,.F.);
#5140 = ORIENTED_EDGE('',*,*,#3433,.T.);
#5141 = ORIENTED_EDGE('',*,*,#3459,.T.);
#5142 = ORIENTED_EDGE('',*,*,#3500,.F.);
#5143 = PLANE('',#5144);
#5144 = AXIS2_PLACEMENT_3D('',#5145,#5146,#5147);
#5145 = CARTESIAN_POINT('',(20.295,-11.2,-24.31));
#5146 = DIRECTION('',(0.,0.,1.));
#5147 = DIRECTION('',(1.,0.,-0.));
#5148 = ADVANCED_FACE('',(#5149),#5160,.T.);
#5149 = FACE_BOUND('',#5150,.T.);
#5150 = EDGE_LOOP('',(#5151,#5152,#5153,#5159));
#5151 = ORIENTED_EDGE('',*,*,#3555,.T.);
#5152 = ORIENTED_EDGE('',*,*,#3531,.T.);
#5153 = ORIENTED_EDGE('',*,*,#5154,.F.);
#5154 = EDGE_CURVE('',#3640,#3524,#5155,.T.);
#5155 = LINE('',#5156,#5157);
#5156 = CARTESIAN_POINT('',(14.975,16.7,-12.26));
#5157 = VECTOR('',#5158,1.);
#5158 = DIRECTION('',(1.,0.,-0.));
#5159 = ORIENTED_EDGE('',*,*,#3639,.T.);
#5160 = PLANE('',#5161);
#5161 = AXIS2_PLACEMENT_3D('',#5162,#5163,#5164);
#5162 = CARTESIAN_POINT('',(14.975,16.19,-12.26));
#5163 = DIRECTION('',(0.,0.,1.));
#5164 = DIRECTION('',(1.,0.,-0.));
#5165 = ADVANCED_FACE('',(#5166),#5172,.T.);
#5166 = FACE_BOUND('',#5167,.T.);
#5167 = EDGE_LOOP('',(#5168,#5169,#5170,#5171));
#5168 = ORIENTED_EDGE('',*,*,#3523,.F.);
#5169 = ORIENTED_EDGE('',*,*,#4915,.F.);
#5170 = ORIENTED_EDGE('',*,*,#3647,.T.);
#5171 = ORIENTED_EDGE('',*,*,#5154,.T.);
#5172 = PLANE('',#5173);
#5173 = AXIS2_PLACEMENT_3D('',#5174,#5175,#5176);
#5174 = CARTESIAN_POINT('',(14.975,16.7,-26.22));
#5175 = DIRECTION('',(-0.,1.,0.));
#5176 = DIRECTION('',(0.,0.,1.));
#5177 = ADVANCED_FACE('',(#5178),#5189,.F.);
#5178 = FACE_BOUND('',#5179,.F.);
#5179 = EDGE_LOOP('',(#5180,#5181,#5187,#5188));
#5180 = ORIENTED_EDGE('',*,*,#4576,.F.);
#5181 = ORIENTED_EDGE('',*,*,#5182,.F.);
#5182 = EDGE_CURVE('',#4649,#4577,#5183,.T.);
#5183 = LINE('',#5184,#5185);
#5184 = CARTESIAN_POINT('',(-14.975,19.85,-12.5));
#5185 = VECTOR('',#5186,1.);
#5186 = DIRECTION('',(0.,-1.,0.));
#5187 = ORIENTED_EDGE('',*,*,#4656,.F.);
#5188 = ORIENTED_EDGE('',*,*,#4553,.F.);
#5189 = PLANE('',#5190);
#5190 = AXIS2_PLACEMENT_3D('',#5191,#5192,#5193);
#5191 = CARTESIAN_POINT('',(-200.,-200.,-12.5));
#5192 = DIRECTION('',(0.,0.,1.));
#5193 = DIRECTION('',(1.,0.,-0.));
#5194 = ADVANCED_FACE('',(#5195),#5206,.T.);
#5195 = FACE_BOUND('',#5196,.T.);
#5196 = EDGE_LOOP('',(#5197,#5198,#5199,#5200));
#5197 = ORIENTED_EDGE('',*,*,#4640,.F.);
#5198 = ORIENTED_EDGE('',*,*,#4616,.T.);
#5199 = ORIENTED_EDGE('',*,*,#4592,.T.);
#5200 = ORIENTED_EDGE('',*,*,#5201,.T.);
#5201 = EDGE_CURVE('',#4585,#4641,#5202,.T.);
#5202 = LINE('',#5203,#5204);
#5203 = CARTESIAN_POINT('',(-14.975,1.175,-12.49));
#5204 = VECTOR('',#5205,1.);
#5205 = DIRECTION('',(-0.,1.,0.));
#5206 = PLANE('',#5207);
#5207 = AXIS2_PLACEMENT_3D('',#5208,#5209,#5210);
#5208 = CARTESIAN_POINT('',(-16.2,-17.5,-12.49));
#5209 = DIRECTION('',(0.,0.,1.));
#5210 = DIRECTION('',(1.,0.,-0.));
#5211 = ADVANCED_FACE('',(#5212),#5218,.T.);
#5212 = FACE_BOUND('',#5213,.T.);
#5213 = EDGE_LOOP('',(#5214,#5215,#5216,#5217));
#5214 = ORIENTED_EDGE('',*,*,#5182,.F.);
#5215 = ORIENTED_EDGE('',*,*,#4648,.F.);
#5216 = ORIENTED_EDGE('',*,*,#5201,.F.);
#5217 = ORIENTED_EDGE('',*,*,#4584,.F.);
#5218 = PLANE('',#5219);
#5219 = AXIS2_PLACEMENT_3D('',#5220,#5221,#5222);
#5220 = CARTESIAN_POINT('',(-14.975,19.85,-12.5));
#5221 = DIRECTION('',(1.,0.,-0.));
#5222 = DIRECTION('',(0.,-1.,0.));
#5223 = ADVANCED_FACE('',(#5224),#5235,.F.);
#5224 = FACE_BOUND('',#5225,.F.);
#5225 = EDGE_LOOP('',(#5226,#5232,#5233,#5234));
#5226 = ORIENTED_EDGE('',*,*,#5227,.F.);
#5227 = EDGE_CURVE('',#4777,#4722,#5228,.T.);
#5228 = LINE('',#5229,#5230);
#5229 = CARTESIAN_POINT('',(-14.975,19.85,-12.5));
#5230 = VECTOR('',#5231,1.);
#5231 = DIRECTION('',(0.,-1.,0.));
#5232 = ORIENTED_EDGE('',*,*,#4784,.F.);
#5233 = ORIENTED_EDGE('',*,*,#4681,.F.);
#5234 = ORIENTED_EDGE('',*,*,#4721,.F.);
#5235 = PLANE('',#5236);
#5236 = AXIS2_PLACEMENT_3D('',#5237,#5238,#5239);
#5237 = CARTESIAN_POINT('',(-200.,-200.,-12.5));
#5238 = DIRECTION('',(0.,0.,1.));
#5239 = DIRECTION('',(1.,0.,-0.));
#5240 = ADVANCED_FACE('',(#5241),#5252,.T.);
#5241 = FACE_BOUND('',#5242,.T.);
#5242 = EDGE_LOOP('',(#5243,#5244,#5245,#5246));
#5243 = ORIENTED_EDGE('',*,*,#4768,.F.);
#5244 = ORIENTED_EDGE('',*,*,#4744,.T.);
#5245 = ORIENTED_EDGE('',*,*,#4703,.T.);
#5246 = ORIENTED_EDGE('',*,*,#5247,.T.);
#5247 = EDGE_CURVE('',#4706,#4769,#5248,.T.);
#5248 = LINE('',#5249,#5250);
#5249 = CARTESIAN_POINT('',(-14.975,18.025,-12.49));
#5250 = VECTOR('',#5251,1.);
#5251 = DIRECTION('',(-0.,1.,0.));
#5252 = PLANE('',#5253);
#5253 = AXIS2_PLACEMENT_3D('',#5254,#5255,#5256);
#5254 = CARTESIAN_POINT('',(-16.2,16.2,-12.49));
#5255 = DIRECTION('',(0.,0.,1.));
#5256 = DIRECTION('',(1.,0.,-0.));
#5257 = ADVANCED_FACE('',(#5258),#5264,.T.);
#5258 = FACE_BOUND('',#5259,.T.);
#5259 = EDGE_LOOP('',(#5260,#5261,#5262,#5263));
#5260 = ORIENTED_EDGE('',*,*,#4776,.T.);
#5261 = ORIENTED_EDGE('',*,*,#5247,.F.);
#5262 = ORIENTED_EDGE('',*,*,#4729,.F.);
#5263 = ORIENTED_EDGE('',*,*,#5227,.F.);
#5264 = PLANE('',#5265);
#5265 = AXIS2_PLACEMENT_3D('',#5266,#5267,#5268);
#5266 = CARTESIAN_POINT('',(-14.975,19.85,-12.5));
#5267 = DIRECTION('',(1.,0.,-0.));
#5268 = DIRECTION('',(0.,-1.,0.));
#5269 = ADVANCED_FACE('',(#5270),#5276,.T.);
#5270 = FACE_BOUND('',#5271,.T.);
#5271 = EDGE_LOOP('',(#5272,#5273,#5274,#5275));
#5272 = ORIENTED_EDGE('',*,*,#5100,.F.);
#5273 = ORIENTED_EDGE('',*,*,#5000,.F.);
#5274 = ORIENTED_EDGE('',*,*,#5046,.T.);
#5275 = ORIENTED_EDGE('',*,*,#5061,.T.);
#5276 = PLANE('',#5277);
#5277 = AXIS2_PLACEMENT_3D('',#5278,#5279,#5280);
#5278 = CARTESIAN_POINT('',(20.285,-10.4,-23.51));
#5279 = DIRECTION('',(0.,0.,1.));
#5280 = DIRECTION('',(1.,0.,-0.));
#5281 = ADVANCED_FACE('',(#5282,#5300,#5322,#5328,#5334,#5340,#5346,
    #5352,#5358),#5364,.T.);
#5282 = FACE_BOUND('',#5283,.T.);
#5283 = EDGE_LOOP('',(#5284,#5285,#5286,#5287,#5288,#5289,#5290,#5291,
    #5292,#5293,#5294,#5295,#5296,#5297,#5298,#5299));
#5284 = ORIENTED_EDGE('',*,*,#2175,.T.);
#5285 = ORIENTED_EDGE('',*,*,#2270,.T.);
#5286 = ORIENTED_EDGE('',*,*,#2293,.T.);
#5287 = ORIENTED_EDGE('',*,*,#2318,.T.);
#5288 = ORIENTED_EDGE('',*,*,#2342,.T.);
#5289 = ORIENTED_EDGE('',*,*,#2368,.T.);
#5290 = ORIENTED_EDGE('',*,*,#2422,.T.);
#5291 = ORIENTED_EDGE('',*,*,#2493,.T.);
#5292 = ORIENTED_EDGE('',*,*,#2507,.F.);
#5293 = ORIENTED_EDGE('',*,*,#2400,.T.);
#5294 = ORIENTED_EDGE('',*,*,#2553,.T.);
#5295 = ORIENTED_EDGE('',*,*,#2578,.T.);
#5296 = ORIENTED_EDGE('',*,*,#2602,.T.);
#5297 = ORIENTED_EDGE('',*,*,#2247,.T.);
#5298 = ORIENTED_EDGE('',*,*,#2619,.F.);
#5299 = ORIENTED_EDGE('',*,*,#2681,.F.);
#5300 = FACE_BOUND('',#5301,.T.);
#5301 = EDGE_LOOP('',(#5302,#5303,#5304,#5305,#5306,#5307,#5308,#5309,
    #5310,#5311,#5312,#5313,#5314,#5315,#5316,#5317,#5318,#5319,#5320,
    #5321));
#5302 = ORIENTED_EDGE('',*,*,#873,.T.);
#5303 = ORIENTED_EDGE('',*,*,#1026,.T.);
#5304 = ORIENTED_EDGE('',*,*,#2695,.T.);
#5305 = ORIENTED_EDGE('',*,*,#2751,.T.);
#5306 = ORIENTED_EDGE('',*,*,#2767,.T.);
#5307 = ORIENTED_EDGE('',*,*,#2878,.T.);
#5308 = ORIENTED_EDGE('',*,*,#2904,.F.);
#5309 = ORIENTED_EDGE('',*,*,#2975,.F.);
#5310 = ORIENTED_EDGE('',*,*,#3014,.F.);
#5311 = ORIENTED_EDGE('',*,*,#3491,.F.);
#5312 = ORIENTED_EDGE('',*,*,#4984,.T.);
#5313 = ORIENTED_EDGE('',*,*,#5093,.F.);
#5314 = ORIENTED_EDGE('',*,*,#5070,.F.);
#5315 = ORIENTED_EDGE('',*,*,#5030,.F.);
#5316 = ORIENTED_EDGE('',*,*,#5016,.T.);
#5317 = ORIENTED_EDGE('',*,*,#3417,.F.);
#5318 = ORIENTED_EDGE('',*,*,#3045,.F.);
#5319 = ORIENTED_EDGE('',*,*,#3069,.F.);
#5320 = ORIENTED_EDGE('',*,*,#3099,.T.);
#5321 = ORIENTED_EDGE('',*,*,#2152,.T.);
#5322 = FACE_BOUND('',#5323,.T.);
#5323 = EDGE_LOOP('',(#5324,#5325,#5326,#5327));
#5324 = ORIENTED_EDGE('',*,*,#729,.F.);
#5325 = ORIENTED_EDGE('',*,*,#813,.F.);
#5326 = ORIENTED_EDGE('',*,*,#791,.T.);
#5327 = ORIENTED_EDGE('',*,*,#760,.T.);
#5328 = FACE_BOUND('',#5329,.T.);
#5329 = EDGE_LOOP('',(#5330,#5331,#5332,#5333));
#5330 = ORIENTED_EDGE('',*,*,#559,.F.);
#5331 = ORIENTED_EDGE('',*,*,#643,.F.);
#5332 = ORIENTED_EDGE('',*,*,#621,.T.);
#5333 = ORIENTED_EDGE('',*,*,#590,.T.);
#5334 = FACE_BOUND('',#5335,.T.);
#5335 = EDGE_LOOP('',(#5336,#5337,#5338,#5339));
#5336 = ORIENTED_EDGE('',*,*,#389,.F.);
#5337 = ORIENTED_EDGE('',*,*,#473,.F.);
#5338 = ORIENTED_EDGE('',*,*,#451,.T.);
#5339 = ORIENTED_EDGE('',*,*,#420,.T.);
#5340 = FACE_BOUND('',#5341,.T.);
#5341 = EDGE_LOOP('',(#5342,#5343,#5344,#5345));
#5342 = ORIENTED_EDGE('',*,*,#219,.F.);
#5343 = ORIENTED_EDGE('',*,*,#303,.F.);
#5344 = ORIENTED_EDGE('',*,*,#281,.T.);
#5345 = ORIENTED_EDGE('',*,*,#250,.T.);
#5346 = FACE_BOUND('',#5347,.T.);
#5347 = EDGE_LOOP('',(#5348,#5349,#5350,#5351));
#5348 = ORIENTED_EDGE('',*,*,#3163,.T.);
#5349 = ORIENTED_EDGE('',*,*,#3187,.F.);
#5350 = ORIENTED_EDGE('',*,*,#3211,.F.);
#5351 = ORIENTED_EDGE('',*,*,#3228,.T.);
#5352 = FACE_BOUND('',#5353,.T.);
#5353 = EDGE_LOOP('',(#5354,#5355,#5356,#5357));
#5354 = ORIENTED_EDGE('',*,*,#3259,.T.);
#5355 = ORIENTED_EDGE('',*,*,#3283,.F.);
#5356 = ORIENTED_EDGE('',*,*,#3307,.F.);
#5357 = ORIENTED_EDGE('',*,*,#3324,.T.);
#5358 = FACE_BOUND('',#5359,.T.);
#5359 = EDGE_LOOP('',(#5360,#5361,#5362,#5363));
#5360 = ORIENTED_EDGE('',*,*,#3355,.T.);
#5361 = ORIENTED_EDGE('',*,*,#3379,.F.);
#5362 = ORIENTED_EDGE('',*,*,#3403,.T.);
#5363 = ORIENTED_EDGE('',*,*,#4394,.F.);
#5364 = PLANE('',#5365);
#5365 = AXIS2_PLACEMENT_3D('',#5366,#5367,#5368);
#5366 = CARTESIAN_POINT('',(-1.893088155931E-16,-6.681487609167E-17,-7.8
    ));
#5367 = DIRECTION('',(0.,0.,1.));
#5368 = DIRECTION('',(1.,0.,-0.));
#5369 = ( GEOMETRIC_REPRESENTATION_CONTEXT(3) 
GLOBAL_UNCERTAINTY_ASSIGNED_CONTEXT((#5373)) 
GLOBAL_UNIT_ASSIGNED_CONTEXT((#5370,#5371,#5372)) REPRESENTATION_CONTEXT
('Context #1','3D Context with UNIT and UNCERTAINTY') );
#5370 = ( LENGTH_UNIT() NAMED_UNIT(*) SI_UNIT(.MILLI.,.METRE.) );
#5371 = ( NAMED_UNIT(*) PLANE_ANGLE_UNIT() SI_UNIT($,.RADIAN.) );
#5372 = ( NAMED_UNIT(*) SI_UNIT($,.STERADIAN.) SOLID_ANGLE_UNIT() );
#5373 = UNCERTAINTY_MEASURE_WITH_UNIT(LENGTH_MEASURE(2.E-07),#5370,
  'distance_accuracy_value','confusion accuracy');
#5374 = PRODUCT_RELATED_PRODUCT_CATEGORY('part',$,(#7));
ENDSEC;
END-ISO-10303-21;
