ISO-10303-21;
HEADER;
FILE_DESCRIPTION(('FreeCAD Model'),'2;1');
FILE_NAME('Open CASCADE Shape Model','2026-10-04T02:16:13',('FreeCAD'),(
    'FreeCAD'),'Open CASCADE STEP processor 7.8','FreeCAD','Unknown');
FILE_SCHEMA(('AUTOMOTIVE_DESIGN { 1 0 10303 214 1 1 1 1 }'));
ENDSEC;
DATA;
#1 = APPLICATION_PROTOCOL_DEFINITION('international standard',
  'automotive_design',2000,#2);
#2 = APPLICATION_CONTEXT(
  'core data for automotive mechanical design processes');
#3 = SHAPE_DEFINITION_REPRESENTATION(#4,#10);
#4 = PRODUCT_DEFINITION_SHAPE('','',#5);
#5 = PRODUCT_DEFINITION('design','',#6,#9);
#6 = PRODUCT_DEFINITION_FORMATION('','',#7);
#7 = PRODUCT('Open CASCADE STEP translator 7.8 2',
  'Open CASCADE STEP translator 7.8 2','',(#8));
#8 = PRODUCT_CONTEXT('',#2,'mechanical');
#9 = PRODUCT_DEFINITION_CONTEXT('part definition',#2,'design');
#10 = ADVANCED_BREP_SHAPE_REPRESENTATION('',(#11,#15),#13383);
#11 = AXIS2_PLACEMENT_3D('',#12,#13,#14);
#12 = CARTESIAN_POINT('',(0.,0.,0.));
#13 = DIRECTION('',(0.,0.,1.));
#14 = DIRECTION('',(1.,0.,-0.));
#15 = MANIFOLD_SOLID_BREP('',#16);
#16 = CLOSED_SHELL('',(#17,#89,#184,#217,#248,#279,#310,#343,#365,#428,
    #523,#554,#585,#671,#702,#733,#755,#786,#808,#839,#925,#956,#989,
    #1020,#1051,#1073,#1097,#1119,#1141,#1163,#1185,#1197,#1209,#1221,
    #1233,#1245,#1257,#1269,#1281,#2049,#2080,#2104,#2128,#2145,#2267,
    #2291,#2315,#2332,#2344,#2375,#2406,#2428,#2440,#2562,#2586,#2610,
    #2627,#2639,#2664,#2695,#2719,#2743,#2760,#3247,#3269,#3286,#3303,
    #3320,#3337,#3354,#3376,#3393,#3410,#3427,#3444,#3461,#3483,#3500,
    #3517,#3548,#3611,#3628,#3693,#3717,#3739,#3777,#3801,#3873,#3897,
    #3914,#3945,#3971,#4002,#4024,#4041,#4058,#4070,#4094,#4136,#4695,
    #4719,#4759,#4776,#4793,#4847,#4887,#4899,#4911,#4933,#4950,#4967,
    #4984,#5001,#5018,#5035,#5066,#5161,#5185,#5202,#5224,#5241,#5258,
    #5280,#5297,#5314,#5326,#5342,#5360,#5386,#5410,#5441,#5466,#5483,
    #5494,#5525,#5565,#5596,#5627,#5649,#5686,#5703,#5720,#5732,#5763,
    #5787,#5811,#5828,#5859,#5906,#5937,#5975,#6093,#6131,#6162,#6191,
    #6203,#6215,#6746,#6786,#6888,#6919,#6950,#6972,#7003,#7043,#7074,
    #7176,#7198,#7229,#7260,#7291,#7315,#7339,#7387,#7420,#7459,#7499,
    #7538,#7586,#7610,#7627,#7754,#7794,#7848,#7879,#7896,#7943,#7974,
    #8012,#8052,#8106,#8137,#8168,#8185,#8202,#8226,#8250,#8287,#8327,
    #8344,#8471,#8509,#8540,#8569,#8607,#8638,#8667,#8679,#8725,#8749,
    #8782,#8794,#8806,#8824,#8858,#8882,#8913,#8946,#8958,#8975,#8992,
    #9004,#9035,#9059,#9083,#9100,#9131,#9148,#9165,#9196,#9236,#9267,
    #9298,#9320,#9357,#9374,#9391,#9403,#9434,#9458,#9482,#9499,#9521,
    #9538,#9555,#9567,#9585,#9603,#9690,#9730,#9779,#9818,#9842,#9891,
    #9930,#9970,#10058,#10082,#10122,#10146,#10170,#10254,#10278,#10302,
    #10327,#10351,#10376,#10400,#10424,#10500,#10524,#10548,#10588,
    #10605,#10627,#10644,#10656,#10687,#10718,#10735,#10752,#10769,
    #10803,#10837,#10861,#10885,#10944,#10975,#11025,#11160,#11191,
    #11215,#11239,#11263,#11287,#11304,#11321,#11333,#11345,#11367,
    #11379,#11421,#11438,#11463,#11488,#11502,#11511,#11523,#11533,
    #11542,#11552,#11561,#11587,#11604,#11613,#11642,#11658,#11681,
    #11698,#11716,#11728,#11770,#11787,#11812,#11837,#11846,#11855,
    #11880,#11903,#11944,#12056,#12096,#12118,#12135,#12175,#12197,
    #12214,#12232,#12266,#12291,#12330,#12358,#12386,#12414,#12442,
    #12464,#12482,#12504,#12526,#12542,#12563,#12584,#12601,#12617,
    #12631,#12662,#12686,#12710,#12727,#12739,#12770,#12794,#12818,
    #12835,#12847,#12878,#12902,#12926,#12943,#12955,#12986,#13010,
    #13034,#13051,#13063,#13094,#13118,#13142,#13159,#13190,#13214,
    #13238,#13255));
#17 = ADVANCED_FACE('',(#18),#84,.F.);
#18 = FACE_BOUND('',#19,.F.);
#19 = EDGE_LOOP('',(#20,#30,#38,#46,#54,#62,#70,#78));
#20 = ORIENTED_EDGE('',*,*,#21,.F.);
#21 = EDGE_CURVE('',#22,#24,#26,.T.);
#22 = VERTEX_POINT('',#23);
#23 = CARTESIAN_POINT('',(-35.5,32.5,-9.));
#24 = VERTEX_POINT('',#25);
#25 = CARTESIAN_POINT('',(-35.5,-32.5,-9.));
#26 = LINE('',#27,#28);
#27 = CARTESIAN_POINT('',(-35.5,32.5,-9.));
#28 = VECTOR('',#29,1.);
#29 = DIRECTION('',(0.,-1.,0.));
#30 = ORIENTED_EDGE('',*,*,#31,.T.);
#31 = EDGE_CURVE('',#22,#32,#34,.T.);
#32 = VERTEX_POINT('',#33);
#33 = CARTESIAN_POINT('',(-35.5,32.5,-7.8));
#34 = LINE('',#35,#36);
#35 = CARTESIAN_POINT('',(-35.5,32.5,-9.));
#36 = VECTOR('',#37,1.);
#37 = DIRECTION('',(0.,0.,1.));
#38 = ORIENTED_EDGE('',*,*,#39,.T.);
#39 = EDGE_CURVE('',#32,#40,#42,.T.);
#40 = VERTEX_POINT('',#41);
#41 = CARTESIAN_POINT('',(-35.5,4.5,-7.8));
#42 = LINE('',#43,#44);
#43 = CARTESIAN_POINT('',(-35.5,32.5,-7.8));
#44 = VECTOR('',#45,1.);
#45 = DIRECTION('',(0.,-1.,0.));
#46 = ORIENTED_EDGE('',*,*,#47,.F.);
#47 = EDGE_CURVE('',#48,#40,#50,.T.);
#48 = VERTEX_POINT('',#49);
#49 = CARTESIAN_POINT('',(-35.5,4.5,-8.3));
#50 = LINE('',#51,#52);
#51 = CARTESIAN_POINT('',(-35.5,4.5,-8.65));
#52 = VECTOR('',#53,1.);
#53 = DIRECTION('',(0.,0.,1.));
#54 = ORIENTED_EDGE('',*,*,#55,.T.);
#55 = EDGE_CURVE('',#48,#56,#58,.T.);
#56 = VERTEX_POINT('',#57);
#57 = CARTESIAN_POINT('',(-35.5,-4.5,-8.3));
#58 = LINE('',#59,#60);
#59 = CARTESIAN_POINT('',(-35.5,14.,-8.3));
#60 = VECTOR('',#61,1.);
#61 = DIRECTION('',(0.,-1.,0.));
#62 = ORIENTED_EDGE('',*,*,#63,.T.);
#63 = EDGE_CURVE('',#56,#64,#66,.T.);
#64 = VERTEX_POINT('',#65);
#65 = CARTESIAN_POINT('',(-35.5,-4.5,-7.8));
#66 = LINE('',#67,#68);
#67 = CARTESIAN_POINT('',(-35.5,-4.5,-8.65));
#68 = VECTOR('',#69,1.);
#69 = DIRECTION('',(0.,0.,1.));
#70 = ORIENTED_EDGE('',*,*,#71,.T.);
#71 = EDGE_CURVE('',#64,#72,#74,.T.);
#72 = VERTEX_POINT('',#73);
#73 = CARTESIAN_POINT('',(-35.5,-32.5,-7.8));
#74 = LINE('',#75,#76);
#75 = CARTESIAN_POINT('',(-35.5,32.5,-7.8));
#76 = VECTOR('',#77,1.);
#77 = DIRECTION('',(0.,-1.,0.));
#78 = ORIENTED_EDGE('',*,*,#79,.F.);
#79 = EDGE_CURVE('',#24,#72,#80,.T.);
#80 = LINE('',#81,#82);
#81 = CARTESIAN_POINT('',(-35.5,-32.5,-9.));
#82 = VECTOR('',#83,1.);
#83 = DIRECTION('',(0.,0.,1.));
#84 = PLANE('',#85);
#85 = AXIS2_PLACEMENT_3D('',#86,#87,#88);
#86 = CARTESIAN_POINT('',(-35.5,32.5,-9.));
#87 = DIRECTION('',(1.,0.,-0.));
#88 = DIRECTION('',(0.,-1.,0.));
#89 = ADVANCED_FACE('',(#90),#179,.T.);
#90 = FACE_BOUND('',#91,.T.);
#91 = EDGE_LOOP('',(#92,#102,#110,#118,#124,#125,#133,#141,#149,#157,
    #165,#173));
#92 = ORIENTED_EDGE('',*,*,#93,.F.);
#93 = EDGE_CURVE('',#94,#96,#98,.T.);
#94 = VERTEX_POINT('',#95);
#95 = CARTESIAN_POINT('',(-28.2,-4.5,-9.));
#96 = VERTEX_POINT('',#97);
#97 = CARTESIAN_POINT('',(-28.2,-4.5,-8.3));
#98 = LINE('',#99,#100);
#99 = CARTESIAN_POINT('',(-28.2,-4.5,-10.));
#100 = VECTOR('',#101,1.);
#101 = DIRECTION('',(0.,0.,1.));
#102 = ORIENTED_EDGE('',*,*,#103,.T.);
#103 = EDGE_CURVE('',#94,#104,#106,.T.);
#104 = VERTEX_POINT('',#105);
#105 = CARTESIAN_POINT('',(-31.8,-4.5,-9.));
#106 = LINE('',#107,#108);
#107 = CARTESIAN_POINT('',(-15.9,-4.5,-9.));
#108 = VECTOR('',#109,1.);
#109 = DIRECTION('',(-1.,-0.,0.));
#110 = ORIENTED_EDGE('',*,*,#111,.T.);
#111 = EDGE_CURVE('',#104,#112,#114,.T.);
#112 = VERTEX_POINT('',#113);
#113 = CARTESIAN_POINT('',(-31.8,-4.5,-8.3));
#114 = LINE('',#115,#116);
#115 = CARTESIAN_POINT('',(-31.8,-4.5,-10.));
#116 = VECTOR('',#117,1.);
#117 = DIRECTION('',(0.,0.,1.));
#118 = ORIENTED_EDGE('',*,*,#119,.F.);
#119 = EDGE_CURVE('',#56,#112,#120,.T.);
#120 = LINE('',#121,#122);
#121 = CARTESIAN_POINT('',(-36.5,-4.5,-8.3));
#122 = VECTOR('',#123,1.);
#123 = DIRECTION('',(1.,0.,-0.));
#124 = ORIENTED_EDGE('',*,*,#63,.T.);
#125 = ORIENTED_EDGE('',*,*,#126,.F.);
#126 = EDGE_CURVE('',#127,#64,#129,.T.);
#127 = VERTEX_POINT('',#128);
#128 = CARTESIAN_POINT('',(-27.7,-4.5,-7.8));
#129 = LINE('',#130,#131);
#130 = CARTESIAN_POINT('',(-18.25,-4.5,-7.8));
#131 = VECTOR('',#132,1.);
#132 = DIRECTION('',(-1.,-0.,0.));
#133 = ORIENTED_EDGE('',*,*,#134,.T.);
#134 = EDGE_CURVE('',#127,#135,#137,.T.);
#135 = VERTEX_POINT('',#136);
#136 = CARTESIAN_POINT('',(-27.7,-4.5,-3.5));
#137 = LINE('',#138,#139);
#138 = CARTESIAN_POINT('',(-27.7,-4.5,-7.81));
#139 = VECTOR('',#140,1.);
#140 = DIRECTION('',(0.,0.,1.));
#141 = ORIENTED_EDGE('',*,*,#142,.T.);
#142 = EDGE_CURVE('',#135,#143,#145,.T.);
#143 = VERTEX_POINT('',#144);
#144 = CARTESIAN_POINT('',(-26.7,-4.5,-3.5));
#145 = LINE('',#146,#147);
#146 = CARTESIAN_POINT('',(-27.7,-4.5,-3.5));
#147 = VECTOR('',#148,1.);
#148 = DIRECTION('',(1.,0.,-0.));
#149 = ORIENTED_EDGE('',*,*,#150,.F.);
#150 = EDGE_CURVE('',#151,#143,#153,.T.);
#151 = VERTEX_POINT('',#152);
#152 = CARTESIAN_POINT('',(-26.7,-4.5,-7.8));
#153 = LINE('',#154,#155);
#154 = CARTESIAN_POINT('',(-26.7,-4.5,-7.81));
#155 = VECTOR('',#156,1.);
#156 = DIRECTION('',(0.,0.,1.));
#157 = ORIENTED_EDGE('',*,*,#158,.F.);
#158 = EDGE_CURVE('',#159,#151,#161,.T.);
#159 = VERTEX_POINT('',#160);
#160 = CARTESIAN_POINT('',(-25.4,-4.5,-7.8));
#161 = LINE('',#162,#163);
#162 = CARTESIAN_POINT('',(-18.25,-4.5,-7.8));
#163 = VECTOR('',#164,1.);
#164 = DIRECTION('',(-1.,-0.,0.));
#165 = ORIENTED_EDGE('',*,*,#166,.F.);
#166 = EDGE_CURVE('',#167,#159,#169,.T.);
#167 = VERTEX_POINT('',#168);
#168 = CARTESIAN_POINT('',(-25.4,-4.5,-8.3));
#169 = LINE('',#170,#171);
#170 = CARTESIAN_POINT('',(-25.4,-4.5,-8.3));
#171 = VECTOR('',#172,1.);
#172 = DIRECTION('',(0.,0.,1.));
#173 = ORIENTED_EDGE('',*,*,#174,.F.);
#174 = EDGE_CURVE('',#96,#167,#175,.T.);
#175 = LINE('',#176,#177);
#176 = CARTESIAN_POINT('',(-36.5,-4.5,-8.3));
#177 = VECTOR('',#178,1.);
#178 = DIRECTION('',(1.,0.,-0.));
#179 = PLANE('',#180);
#180 = AXIS2_PLACEMENT_3D('',#181,#182,#183);
#181 = CARTESIAN_POINT('',(-29.53397435897,-4.5,-7.358333333333));
#182 = DIRECTION('',(0.,1.,0.));
#183 = DIRECTION('',(0.,-0.,1.));
#184 = ADVANCED_FACE('',(#185),#212,.T.);
#185 = FACE_BOUND('',#186,.F.);
#186 = EDGE_LOOP('',(#187,#188,#197,#205));
#187 = ORIENTED_EDGE('',*,*,#79,.T.);
#188 = ORIENTED_EDGE('',*,*,#189,.T.);
#189 = EDGE_CURVE('',#72,#190,#192,.T.);
#190 = VERTEX_POINT('',#191);
#191 = CARTESIAN_POINT('',(-32.5,-35.5,-7.8));
#192 = CIRCLE('',#193,3.);
#193 = AXIS2_PLACEMENT_3D('',#194,#195,#196);
#194 = CARTESIAN_POINT('',(-32.5,-32.5,-7.8));
#195 = DIRECTION('',(0.,0.,1.));
#196 = DIRECTION('',(-1.,4.736951571734E-15,0.));
#197 = ORIENTED_EDGE('',*,*,#198,.F.);
#198 = EDGE_CURVE('',#199,#190,#201,.T.);
#199 = VERTEX_POINT('',#200);
#200 = CARTESIAN_POINT('',(-32.5,-35.5,-9.));
#201 = LINE('',#202,#203);
#202 = CARTESIAN_POINT('',(-32.5,-35.5,-9.));
#203 = VECTOR('',#204,1.);
#204 = DIRECTION('',(0.,0.,1.));
#205 = ORIENTED_EDGE('',*,*,#206,.F.);
#206 = EDGE_CURVE('',#24,#199,#207,.T.);
#207 = CIRCLE('',#208,3.);
#208 = AXIS2_PLACEMENT_3D('',#209,#210,#211);
#209 = CARTESIAN_POINT('',(-32.5,-32.5,-9.));
#210 = DIRECTION('',(0.,0.,1.));
#211 = DIRECTION('',(-1.,4.736951571734E-15,0.));
#212 = CYLINDRICAL_SURFACE('',#213,3.);
#213 = AXIS2_PLACEMENT_3D('',#214,#215,#216);
#214 = CARTESIAN_POINT('',(-32.5,-32.5,-9.));
#215 = DIRECTION('',(-0.,-0.,-1.));
#216 = DIRECTION('',(-1.,4.736951571734E-15,0.));
#217 = ADVANCED_FACE('',(#218),#243,.F.);
#218 = FACE_BOUND('',#219,.F.);
#219 = EDGE_LOOP('',(#220,#230,#236,#237));
#220 = ORIENTED_EDGE('',*,*,#221,.F.);
#221 = EDGE_CURVE('',#222,#224,#226,.T.);
#222 = VERTEX_POINT('',#223);
#223 = CARTESIAN_POINT('',(-27.7,-15.,-7.8));
#224 = VERTEX_POINT('',#225);
#225 = CARTESIAN_POINT('',(-27.7,-15.,-3.5));
#226 = LINE('',#227,#228);
#227 = CARTESIAN_POINT('',(-27.7,-15.,-7.81));
#228 = VECTOR('',#229,1.);
#229 = DIRECTION('',(0.,0.,1.));
#230 = ORIENTED_EDGE('',*,*,#231,.T.);
#231 = EDGE_CURVE('',#222,#127,#232,.T.);
#232 = LINE('',#233,#234);
#233 = CARTESIAN_POINT('',(-27.7,-7.5,-7.8));
#234 = VECTOR('',#235,1.);
#235 = DIRECTION('',(-0.,1.,0.));
#236 = ORIENTED_EDGE('',*,*,#134,.T.);
#237 = ORIENTED_EDGE('',*,*,#238,.F.);
#238 = EDGE_CURVE('',#224,#135,#239,.T.);
#239 = LINE('',#240,#241);
#240 = CARTESIAN_POINT('',(-27.7,-15.,-3.5));
#241 = VECTOR('',#242,1.);
#242 = DIRECTION('',(-0.,1.,0.));
#243 = PLANE('',#244);
#244 = AXIS2_PLACEMENT_3D('',#245,#246,#247);
#245 = CARTESIAN_POINT('',(-27.7,-15.,-7.81));
#246 = DIRECTION('',(1.,0.,-0.));
#247 = DIRECTION('',(0.,0.,1.));
#248 = ADVANCED_FACE('',(#249),#274,.F.);
#249 = FACE_BOUND('',#250,.F.);
#250 = EDGE_LOOP('',(#251,#252,#260,#268));
#251 = ORIENTED_EDGE('',*,*,#198,.T.);
#252 = ORIENTED_EDGE('',*,*,#253,.T.);
#253 = EDGE_CURVE('',#190,#254,#256,.T.);
#254 = VERTEX_POINT('',#255);
#255 = CARTESIAN_POINT('',(32.5,-35.5,-7.8));
#256 = LINE('',#257,#258);
#257 = CARTESIAN_POINT('',(-32.5,-35.5,-7.8));
#258 = VECTOR('',#259,1.);
#259 = DIRECTION('',(1.,0.,0.));
#260 = ORIENTED_EDGE('',*,*,#261,.F.);
#261 = EDGE_CURVE('',#262,#254,#264,.T.);
#262 = VERTEX_POINT('',#263);
#263 = CARTESIAN_POINT('',(32.5,-35.5,-9.));
#264 = LINE('',#265,#266);
#265 = CARTESIAN_POINT('',(32.5,-35.5,-9.));
#266 = VECTOR('',#267,1.);
#267 = DIRECTION('',(0.,0.,1.));
#268 = ORIENTED_EDGE('',*,*,#269,.F.);
#269 = EDGE_CURVE('',#199,#262,#270,.T.);
#270 = LINE('',#271,#272);
#271 = CARTESIAN_POINT('',(-32.5,-35.5,-9.));
#272 = VECTOR('',#273,1.);
#273 = DIRECTION('',(1.,0.,0.));
#274 = PLANE('',#275);
#275 = AXIS2_PLACEMENT_3D('',#276,#277,#278);
#276 = CARTESIAN_POINT('',(-32.5,-35.5,-9.));
#277 = DIRECTION('',(0.,1.,0.));
#278 = DIRECTION('',(1.,0.,0.));
#279 = ADVANCED_FACE('',(#280),#305,.F.);
#280 = FACE_BOUND('',#281,.F.);
#281 = EDGE_LOOP('',(#282,#292,#298,#299));
#282 = ORIENTED_EDGE('',*,*,#283,.F.);
#283 = EDGE_CURVE('',#284,#286,#288,.T.);
#284 = VERTEX_POINT('',#285);
#285 = CARTESIAN_POINT('',(-26.7,-15.,-7.8));
#286 = VERTEX_POINT('',#287);
#287 = CARTESIAN_POINT('',(-26.7,-15.,-3.5));
#288 = LINE('',#289,#290);
#289 = CARTESIAN_POINT('',(-26.7,-15.,-7.81));
#290 = VECTOR('',#291,1.);
#291 = DIRECTION('',(0.,0.,1.));
#292 = ORIENTED_EDGE('',*,*,#293,.T.);
#293 = EDGE_CURVE('',#284,#222,#294,.T.);
#294 = LINE('',#295,#296);
#295 = CARTESIAN_POINT('',(-13.85,-15.,-7.8));
#296 = VECTOR('',#297,1.);
#297 = DIRECTION('',(-1.,-0.,0.));
#298 = ORIENTED_EDGE('',*,*,#221,.T.);
#299 = ORIENTED_EDGE('',*,*,#300,.T.);
#300 = EDGE_CURVE('',#224,#286,#301,.T.);
#301 = LINE('',#302,#303);
#302 = CARTESIAN_POINT('',(-27.7,-15.,-3.5));
#303 = VECTOR('',#304,1.);
#304 = DIRECTION('',(1.,0.,-0.));
#305 = PLANE('',#306);
#306 = AXIS2_PLACEMENT_3D('',#307,#308,#309);
#307 = CARTESIAN_POINT('',(-27.7,-15.,-7.81));
#308 = DIRECTION('',(-0.,1.,0.));
#309 = DIRECTION('',(0.,0.,1.));
#310 = ADVANCED_FACE('',(#311),#338,.T.);
#311 = FACE_BOUND('',#312,.F.);
#312 = EDGE_LOOP('',(#313,#314,#323,#331));
#313 = ORIENTED_EDGE('',*,*,#261,.T.);
#314 = ORIENTED_EDGE('',*,*,#315,.T.);
#315 = EDGE_CURVE('',#254,#316,#318,.T.);
#316 = VERTEX_POINT('',#317);
#317 = CARTESIAN_POINT('',(35.5,-32.5,-7.8));
#318 = CIRCLE('',#319,3.);
#319 = AXIS2_PLACEMENT_3D('',#320,#321,#322);
#320 = CARTESIAN_POINT('',(32.5,-32.5,-7.8));
#321 = DIRECTION('',(0.,0.,1.));
#322 = DIRECTION('',(-2.368475785867E-15,-1.,0.));
#323 = ORIENTED_EDGE('',*,*,#324,.F.);
#324 = EDGE_CURVE('',#325,#316,#327,.T.);
#325 = VERTEX_POINT('',#326);
#326 = CARTESIAN_POINT('',(35.5,-32.5,-9.));
#327 = LINE('',#328,#329);
#328 = CARTESIAN_POINT('',(35.5,-32.5,-9.));
#329 = VECTOR('',#330,1.);
#330 = DIRECTION('',(0.,0.,1.));
#331 = ORIENTED_EDGE('',*,*,#332,.F.);
#332 = EDGE_CURVE('',#262,#325,#333,.T.);
#333 = CIRCLE('',#334,3.);
#334 = AXIS2_PLACEMENT_3D('',#335,#336,#337);
#335 = CARTESIAN_POINT('',(32.5,-32.5,-9.));
#336 = DIRECTION('',(0.,0.,1.));
#337 = DIRECTION('',(-2.368475785867E-15,-1.,0.));
#338 = CYLINDRICAL_SURFACE('',#339,3.);
#339 = AXIS2_PLACEMENT_3D('',#340,#341,#342);
#340 = CARTESIAN_POINT('',(32.5,-32.5,-9.));
#341 = DIRECTION('',(-0.,-0.,-1.));
#342 = DIRECTION('',(-2.368475785867E-15,-1.,0.));
#343 = ADVANCED_FACE('',(#344),#360,.T.);
#344 = FACE_BOUND('',#345,.T.);
#345 = EDGE_LOOP('',(#346,#347,#353,#354));
#346 = ORIENTED_EDGE('',*,*,#283,.F.);
#347 = ORIENTED_EDGE('',*,*,#348,.T.);
#348 = EDGE_CURVE('',#284,#151,#349,.T.);
#349 = LINE('',#350,#351);
#350 = CARTESIAN_POINT('',(-26.7,-7.5,-7.8));
#351 = VECTOR('',#352,1.);
#352 = DIRECTION('',(-0.,1.,0.));
#353 = ORIENTED_EDGE('',*,*,#150,.T.);
#354 = ORIENTED_EDGE('',*,*,#355,.F.);
#355 = EDGE_CURVE('',#286,#143,#356,.T.);
#356 = LINE('',#357,#358);
#357 = CARTESIAN_POINT('',(-26.7,-15.,-3.5));
#358 = VECTOR('',#359,1.);
#359 = DIRECTION('',(-0.,1.,0.));
#360 = PLANE('',#361);
#361 = AXIS2_PLACEMENT_3D('',#362,#363,#364);
#362 = CARTESIAN_POINT('',(-26.7,-15.,-7.81));
#363 = DIRECTION('',(1.,0.,-0.));
#364 = DIRECTION('',(0.,0.,1.));
#365 = ADVANCED_FACE('',(#366),#423,.F.);
#366 = FACE_BOUND('',#367,.F.);
#367 = EDGE_LOOP('',(#368,#376,#377,#385,#393,#401,#409,#417));
#368 = ORIENTED_EDGE('',*,*,#369,.F.);
#369 = EDGE_CURVE('',#325,#370,#372,.T.);
#370 = VERTEX_POINT('',#371);
#371 = CARTESIAN_POINT('',(35.5,32.5,-9.));
#372 = LINE('',#373,#374);
#373 = CARTESIAN_POINT('',(35.5,-32.5,-9.));
#374 = VECTOR('',#375,1.);
#375 = DIRECTION('',(0.,1.,0.));
#376 = ORIENTED_EDGE('',*,*,#324,.T.);
#377 = ORIENTED_EDGE('',*,*,#378,.T.);
#378 = EDGE_CURVE('',#316,#379,#381,.T.);
#379 = VERTEX_POINT('',#380);
#380 = CARTESIAN_POINT('',(35.5,-4.5,-7.8));
#381 = LINE('',#382,#383);
#382 = CARTESIAN_POINT('',(35.5,-32.5,-7.8));
#383 = VECTOR('',#384,1.);
#384 = DIRECTION('',(0.,1.,0.));
#385 = ORIENTED_EDGE('',*,*,#386,.T.);
#386 = EDGE_CURVE('',#379,#387,#389,.T.);
#387 = VERTEX_POINT('',#388);
#388 = CARTESIAN_POINT('',(35.5,-4.5,-8.3));
#389 = LINE('',#390,#391);
#390 = CARTESIAN_POINT('',(35.5,-4.5,-8.65));
#391 = VECTOR('',#392,1.);
#392 = DIRECTION('',(0.,0.,-1.));
#393 = ORIENTED_EDGE('',*,*,#394,.T.);
#394 = EDGE_CURVE('',#387,#395,#397,.T.);
#395 = VERTEX_POINT('',#396);
#396 = CARTESIAN_POINT('',(35.5,4.5,-8.3));
#397 = LINE('',#398,#399);
#398 = CARTESIAN_POINT('',(35.5,-18.5,-8.3));
#399 = VECTOR('',#400,1.);
#400 = DIRECTION('',(0.,1.,-0.));
#401 = ORIENTED_EDGE('',*,*,#402,.F.);
#402 = EDGE_CURVE('',#403,#395,#405,.T.);
#403 = VERTEX_POINT('',#404);
#404 = CARTESIAN_POINT('',(35.5,4.5,-7.8));
#405 = LINE('',#406,#407);
#406 = CARTESIAN_POINT('',(35.5,4.5,-8.65));
#407 = VECTOR('',#408,1.);
#408 = DIRECTION('',(0.,0.,-1.));
#409 = ORIENTED_EDGE('',*,*,#410,.T.);
#410 = EDGE_CURVE('',#403,#411,#413,.T.);
#411 = VERTEX_POINT('',#412);
#412 = CARTESIAN_POINT('',(35.5,32.5,-7.8));
#413 = LINE('',#414,#415);
#414 = CARTESIAN_POINT('',(35.5,-32.5,-7.8));
#415 = VECTOR('',#416,1.);
#416 = DIRECTION('',(0.,1.,0.));
#417 = ORIENTED_EDGE('',*,*,#418,.F.);
#418 = EDGE_CURVE('',#370,#411,#419,.T.);
#419 = LINE('',#420,#421);
#420 = CARTESIAN_POINT('',(35.5,32.5,-9.));
#421 = VECTOR('',#422,1.);
#422 = DIRECTION('',(0.,0.,1.));
#423 = PLANE('',#424);
#424 = AXIS2_PLACEMENT_3D('',#425,#426,#427);
#425 = CARTESIAN_POINT('',(35.5,-32.5,-9.));
#426 = DIRECTION('',(-1.,0.,0.));
#427 = DIRECTION('',(0.,1.,0.));
#428 = ADVANCED_FACE('',(#429),#518,.T.);
#429 = FACE_BOUND('',#430,.T.);
#430 = EDGE_LOOP('',(#431,#441,#449,#457,#465,#473,#481,#489,#497,#505,
    #511,#512));
#431 = ORIENTED_EDGE('',*,*,#432,.F.);
#432 = EDGE_CURVE('',#433,#435,#437,.T.);
#433 = VERTEX_POINT('',#434);
#434 = CARTESIAN_POINT('',(31.8,-4.5,-9.));
#435 = VERTEX_POINT('',#436);
#436 = CARTESIAN_POINT('',(31.8,-4.5,-8.3));
#437 = LINE('',#438,#439);
#438 = CARTESIAN_POINT('',(31.8,-4.5,-10.));
#439 = VECTOR('',#440,1.);
#440 = DIRECTION('',(0.,0.,1.));
#441 = ORIENTED_EDGE('',*,*,#442,.T.);
#442 = EDGE_CURVE('',#433,#443,#445,.T.);
#443 = VERTEX_POINT('',#444);
#444 = CARTESIAN_POINT('',(28.2,-4.5,-9.));
#445 = LINE('',#446,#447);
#446 = CARTESIAN_POINT('',(14.1,-4.5,-9.));
#447 = VECTOR('',#448,1.);
#448 = DIRECTION('',(-1.,-0.,0.));
#449 = ORIENTED_EDGE('',*,*,#450,.T.);
#450 = EDGE_CURVE('',#443,#451,#453,.T.);
#451 = VERTEX_POINT('',#452);
#452 = CARTESIAN_POINT('',(28.2,-4.5,-8.3));
#453 = LINE('',#454,#455);
#454 = CARTESIAN_POINT('',(28.2,-4.5,-10.));
#455 = VECTOR('',#456,1.);
#456 = DIRECTION('',(0.,0.,1.));
#457 = ORIENTED_EDGE('',*,*,#458,.F.);
#458 = EDGE_CURVE('',#459,#451,#461,.T.);
#459 = VERTEX_POINT('',#460);
#460 = CARTESIAN_POINT('',(25.4,-4.5,-8.3));
#461 = LINE('',#462,#463);
#462 = CARTESIAN_POINT('',(25.4,-4.5,-8.3));
#463 = VECTOR('',#464,1.);
#464 = DIRECTION('',(1.,0.,-0.));
#465 = ORIENTED_EDGE('',*,*,#466,.T.);
#466 = EDGE_CURVE('',#459,#467,#469,.T.);
#467 = VERTEX_POINT('',#468);
#468 = CARTESIAN_POINT('',(25.4,-4.5,-7.8));
#469 = LINE('',#470,#471);
#470 = CARTESIAN_POINT('',(25.4,-4.5,-8.3));
#471 = VECTOR('',#472,1.);
#472 = DIRECTION('',(0.,0.,1.));
#473 = ORIENTED_EDGE('',*,*,#474,.F.);
#474 = EDGE_CURVE('',#475,#467,#477,.T.);
#475 = VERTEX_POINT('',#476);
#476 = CARTESIAN_POINT('',(26.7,-4.5,-7.8));
#477 = LINE('',#478,#479);
#478 = CARTESIAN_POINT('',(12.7,-4.5,-7.8));
#479 = VECTOR('',#480,1.);
#480 = DIRECTION('',(-1.,-0.,0.));
#481 = ORIENTED_EDGE('',*,*,#482,.T.);
#482 = EDGE_CURVE('',#475,#483,#485,.T.);
#483 = VERTEX_POINT('',#484);
#484 = CARTESIAN_POINT('',(26.7,-4.5,-3.5));
#485 = LINE('',#486,#487);
#486 = CARTESIAN_POINT('',(26.7,-4.5,-7.81));
#487 = VECTOR('',#488,1.);
#488 = DIRECTION('',(0.,0.,1.));
#489 = ORIENTED_EDGE('',*,*,#490,.T.);
#490 = EDGE_CURVE('',#483,#491,#493,.T.);
#491 = VERTEX_POINT('',#492);
#492 = CARTESIAN_POINT('',(27.7,-4.5,-3.5));
#493 = LINE('',#494,#495);
#494 = CARTESIAN_POINT('',(26.7,-4.5,-3.5));
#495 = VECTOR('',#496,1.);
#496 = DIRECTION('',(1.,0.,-0.));
#497 = ORIENTED_EDGE('',*,*,#498,.F.);
#498 = EDGE_CURVE('',#499,#491,#501,.T.);
#499 = VERTEX_POINT('',#500);
#500 = CARTESIAN_POINT('',(27.7,-4.5,-7.8));
#501 = LINE('',#502,#503);
#502 = CARTESIAN_POINT('',(27.7,-4.5,-7.81));
#503 = VECTOR('',#504,1.);
#504 = DIRECTION('',(0.,0.,1.));
#505 = ORIENTED_EDGE('',*,*,#506,.F.);
#506 = EDGE_CURVE('',#379,#499,#507,.T.);
#507 = LINE('',#508,#509);
#508 = CARTESIAN_POINT('',(12.7,-4.5,-7.8));
#509 = VECTOR('',#510,1.);
#510 = DIRECTION('',(-1.,-0.,0.));
#511 = ORIENTED_EDGE('',*,*,#386,.T.);
#512 = ORIENTED_EDGE('',*,*,#513,.F.);
#513 = EDGE_CURVE('',#435,#387,#514,.T.);
#514 = LINE('',#515,#516);
#515 = CARTESIAN_POINT('',(25.4,-4.5,-8.3));
#516 = VECTOR('',#517,1.);
#517 = DIRECTION('',(1.,0.,-0.));
#518 = PLANE('',#519);
#519 = AXIS2_PLACEMENT_3D('',#520,#521,#522);
#520 = CARTESIAN_POINT('',(29.533974358974,-4.5,-7.358333333333));
#521 = DIRECTION('',(0.,1.,0.));
#522 = DIRECTION('',(0.,-0.,1.));
#523 = ADVANCED_FACE('',(#524),#549,.F.);
#524 = FACE_BOUND('',#525,.F.);
#525 = EDGE_LOOP('',(#526,#527,#535,#543));
#526 = ORIENTED_EDGE('',*,*,#166,.F.);
#527 = ORIENTED_EDGE('',*,*,#528,.T.);
#528 = EDGE_CURVE('',#167,#529,#531,.T.);
#529 = VERTEX_POINT('',#530);
#530 = CARTESIAN_POINT('',(-25.4,4.5,-8.3));
#531 = LINE('',#532,#533);
#532 = CARTESIAN_POINT('',(-25.4,-4.5,-8.3));
#533 = VECTOR('',#534,1.);
#534 = DIRECTION('',(-0.,1.,0.));
#535 = ORIENTED_EDGE('',*,*,#536,.T.);
#536 = EDGE_CURVE('',#529,#537,#539,.T.);
#537 = VERTEX_POINT('',#538);
#538 = CARTESIAN_POINT('',(-25.4,4.5,-7.8));
#539 = LINE('',#540,#541);
#540 = CARTESIAN_POINT('',(-25.4,4.5,-8.3));
#541 = VECTOR('',#542,1.);
#542 = DIRECTION('',(0.,0.,1.));
#543 = ORIENTED_EDGE('',*,*,#544,.F.);
#544 = EDGE_CURVE('',#159,#537,#545,.T.);
#545 = LINE('',#546,#547);
#546 = CARTESIAN_POINT('',(-25.4,-2.25,-7.8));
#547 = VECTOR('',#548,1.);
#548 = DIRECTION('',(-0.,1.,0.));
#549 = PLANE('',#550);
#550 = AXIS2_PLACEMENT_3D('',#551,#552,#553);
#551 = CARTESIAN_POINT('',(-25.4,-4.5,-8.3));
#552 = DIRECTION('',(1.,0.,-0.));
#553 = DIRECTION('',(0.,0.,1.));
#554 = ADVANCED_FACE('',(#555),#580,.T.);
#555 = FACE_BOUND('',#556,.T.);
#556 = EDGE_LOOP('',(#557,#567,#573,#574));
#557 = ORIENTED_EDGE('',*,*,#558,.F.);
#558 = EDGE_CURVE('',#559,#561,#563,.T.);
#559 = VERTEX_POINT('',#560);
#560 = CARTESIAN_POINT('',(27.7,-15.,-7.8));
#561 = VERTEX_POINT('',#562);
#562 = CARTESIAN_POINT('',(27.7,-15.,-3.5));
#563 = LINE('',#564,#565);
#564 = CARTESIAN_POINT('',(27.7,-15.,-7.81));
#565 = VECTOR('',#566,1.);
#566 = DIRECTION('',(0.,0.,1.));
#567 = ORIENTED_EDGE('',*,*,#568,.T.);
#568 = EDGE_CURVE('',#559,#499,#569,.T.);
#569 = LINE('',#570,#571);
#570 = CARTESIAN_POINT('',(27.7,-7.5,-7.8));
#571 = VECTOR('',#572,1.);
#572 = DIRECTION('',(-0.,1.,0.));
#573 = ORIENTED_EDGE('',*,*,#498,.T.);
#574 = ORIENTED_EDGE('',*,*,#575,.F.);
#575 = EDGE_CURVE('',#561,#491,#576,.T.);
#576 = LINE('',#577,#578);
#577 = CARTESIAN_POINT('',(27.7,-15.,-3.5));
#578 = VECTOR('',#579,1.);
#579 = DIRECTION('',(-0.,1.,0.));
#580 = PLANE('',#581);
#581 = AXIS2_PLACEMENT_3D('',#582,#583,#584);
#582 = CARTESIAN_POINT('',(27.7,-15.,-7.81));
#583 = DIRECTION('',(1.,0.,-0.));
#584 = DIRECTION('',(0.,0.,1.));
#585 = ADVANCED_FACE('',(#586),#666,.T.);
#586 = FACE_BOUND('',#587,.T.);
#587 = EDGE_LOOP('',(#588,#598,#606,#612,#613,#621,#629,#637,#645,#651,
    #652,#660));
#588 = ORIENTED_EDGE('',*,*,#589,.F.);
#589 = EDGE_CURVE('',#590,#592,#594,.T.);
#590 = VERTEX_POINT('',#591);
#591 = CARTESIAN_POINT('',(-28.2,4.5,-9.));
#592 = VERTEX_POINT('',#593);
#593 = CARTESIAN_POINT('',(-31.8,4.5,-9.));
#594 = LINE('',#595,#596);
#595 = CARTESIAN_POINT('',(-15.9,4.5,-9.));
#596 = VECTOR('',#597,1.);
#597 = DIRECTION('',(-1.,-0.,0.));
#598 = ORIENTED_EDGE('',*,*,#599,.T.);
#599 = EDGE_CURVE('',#590,#600,#602,.T.);
#600 = VERTEX_POINT('',#601);
#601 = CARTESIAN_POINT('',(-28.2,4.5,-8.3));
#602 = LINE('',#603,#604);
#603 = CARTESIAN_POINT('',(-28.2,4.5,-10.));
#604 = VECTOR('',#605,1.);
#605 = DIRECTION('',(0.,0.,1.));
#606 = ORIENTED_EDGE('',*,*,#607,.T.);
#607 = EDGE_CURVE('',#600,#529,#608,.T.);
#608 = LINE('',#609,#610);
#609 = CARTESIAN_POINT('',(-36.5,4.5,-8.3));
#610 = VECTOR('',#611,1.);
#611 = DIRECTION('',(1.,0.,-0.));
#612 = ORIENTED_EDGE('',*,*,#536,.T.);
#613 = ORIENTED_EDGE('',*,*,#614,.T.);
#614 = EDGE_CURVE('',#537,#615,#617,.T.);
#615 = VERTEX_POINT('',#616);
#616 = CARTESIAN_POINT('',(-26.7,4.5,-7.8));
#617 = LINE('',#618,#619);
#618 = CARTESIAN_POINT('',(-18.25,4.5,-7.8));
#619 = VECTOR('',#620,1.);
#620 = DIRECTION('',(-1.,-0.,0.));
#621 = ORIENTED_EDGE('',*,*,#622,.T.);
#622 = EDGE_CURVE('',#615,#623,#625,.T.);
#623 = VERTEX_POINT('',#624);
#624 = CARTESIAN_POINT('',(-26.7,4.5,-3.5));
#625 = LINE('',#626,#627);
#626 = CARTESIAN_POINT('',(-26.7,4.5,-7.81));
#627 = VECTOR('',#628,1.);
#628 = DIRECTION('',(0.,0.,1.));
#629 = ORIENTED_EDGE('',*,*,#630,.F.);
#630 = EDGE_CURVE('',#631,#623,#633,.T.);
#631 = VERTEX_POINT('',#632);
#632 = CARTESIAN_POINT('',(-27.7,4.5,-3.5));
#633 = LINE('',#634,#635);
#634 = CARTESIAN_POINT('',(-27.7,4.5,-3.5));
#635 = VECTOR('',#636,1.);
#636 = DIRECTION('',(1.,0.,-0.));
#637 = ORIENTED_EDGE('',*,*,#638,.F.);
#638 = EDGE_CURVE('',#639,#631,#641,.T.);
#639 = VERTEX_POINT('',#640);
#640 = CARTESIAN_POINT('',(-27.7,4.5,-7.8));
#641 = LINE('',#642,#643);
#642 = CARTESIAN_POINT('',(-27.7,4.5,-7.81));
#643 = VECTOR('',#644,1.);
#644 = DIRECTION('',(0.,0.,1.));
#645 = ORIENTED_EDGE('',*,*,#646,.T.);
#646 = EDGE_CURVE('',#639,#40,#647,.T.);
#647 = LINE('',#648,#649);
#648 = CARTESIAN_POINT('',(-18.25,4.5,-7.8));
#649 = VECTOR('',#650,1.);
#650 = DIRECTION('',(-1.,-0.,0.));
#651 = ORIENTED_EDGE('',*,*,#47,.F.);
#652 = ORIENTED_EDGE('',*,*,#653,.T.);
#653 = EDGE_CURVE('',#48,#654,#656,.T.);
#654 = VERTEX_POINT('',#655);
#655 = CARTESIAN_POINT('',(-31.8,4.5,-8.3));
#656 = LINE('',#657,#658);
#657 = CARTESIAN_POINT('',(-36.5,4.5,-8.3));
#658 = VECTOR('',#659,1.);
#659 = DIRECTION('',(1.,0.,-0.));
#660 = ORIENTED_EDGE('',*,*,#661,.F.);
#661 = EDGE_CURVE('',#592,#654,#662,.T.);
#662 = LINE('',#663,#664);
#663 = CARTESIAN_POINT('',(-31.8,4.5,-10.));
#664 = VECTOR('',#665,1.);
#665 = DIRECTION('',(0.,0.,1.));
#666 = PLANE('',#667);
#667 = AXIS2_PLACEMENT_3D('',#668,#669,#670);
#668 = CARTESIAN_POINT('',(-29.53397435897,4.5,-7.358333333333));
#669 = DIRECTION('',(-0.,-1.,-0.));
#670 = DIRECTION('',(0.,0.,-1.));
#671 = ADVANCED_FACE('',(#672),#697,.F.);
#672 = FACE_BOUND('',#673,.F.);
#673 = EDGE_LOOP('',(#674,#675,#683,#691));
#674 = ORIENTED_EDGE('',*,*,#558,.F.);
#675 = ORIENTED_EDGE('',*,*,#676,.T.);
#676 = EDGE_CURVE('',#559,#677,#679,.T.);
#677 = VERTEX_POINT('',#678);
#678 = CARTESIAN_POINT('',(26.7,-15.,-7.8));
#679 = LINE('',#680,#681);
#680 = CARTESIAN_POINT('',(13.35,-15.,-7.8));
#681 = VECTOR('',#682,1.);
#682 = DIRECTION('',(-1.,-0.,0.));
#683 = ORIENTED_EDGE('',*,*,#684,.T.);
#684 = EDGE_CURVE('',#677,#685,#687,.T.);
#685 = VERTEX_POINT('',#686);
#686 = CARTESIAN_POINT('',(26.7,-15.,-3.5));
#687 = LINE('',#688,#689);
#688 = CARTESIAN_POINT('',(26.7,-15.,-7.81));
#689 = VECTOR('',#690,1.);
#690 = DIRECTION('',(0.,0.,1.));
#691 = ORIENTED_EDGE('',*,*,#692,.T.);
#692 = EDGE_CURVE('',#685,#561,#693,.T.);
#693 = LINE('',#694,#695);
#694 = CARTESIAN_POINT('',(26.7,-15.,-3.5));
#695 = VECTOR('',#696,1.);
#696 = DIRECTION('',(1.,0.,-0.));
#697 = PLANE('',#698);
#698 = AXIS2_PLACEMENT_3D('',#699,#700,#701);
#699 = CARTESIAN_POINT('',(26.7,-15.,-7.81));
#700 = DIRECTION('',(-0.,1.,0.));
#701 = DIRECTION('',(0.,0.,1.));
#702 = ADVANCED_FACE('',(#703),#728,.T.);
#703 = FACE_BOUND('',#704,.T.);
#704 = EDGE_LOOP('',(#705,#706,#714,#722));
#705 = ORIENTED_EDGE('',*,*,#622,.F.);
#706 = ORIENTED_EDGE('',*,*,#707,.T.);
#707 = EDGE_CURVE('',#615,#708,#710,.T.);
#708 = VERTEX_POINT('',#709);
#709 = CARTESIAN_POINT('',(-26.7,15.,-7.8));
#710 = LINE('',#711,#712);
#711 = CARTESIAN_POINT('',(-26.7,2.25,-7.8));
#712 = VECTOR('',#713,1.);
#713 = DIRECTION('',(-0.,1.,0.));
#714 = ORIENTED_EDGE('',*,*,#715,.T.);
#715 = EDGE_CURVE('',#708,#716,#718,.T.);
#716 = VERTEX_POINT('',#717);
#717 = CARTESIAN_POINT('',(-26.7,15.,-3.5));
#718 = LINE('',#719,#720);
#719 = CARTESIAN_POINT('',(-26.7,15.,-7.81));
#720 = VECTOR('',#721,1.);
#721 = DIRECTION('',(0.,0.,1.));
#722 = ORIENTED_EDGE('',*,*,#723,.F.);
#723 = EDGE_CURVE('',#623,#716,#724,.T.);
#724 = LINE('',#725,#726);
#725 = CARTESIAN_POINT('',(-26.7,4.5,-3.5));
#726 = VECTOR('',#727,1.);
#727 = DIRECTION('',(-0.,1.,0.));
#728 = PLANE('',#729);
#729 = AXIS2_PLACEMENT_3D('',#730,#731,#732);
#730 = CARTESIAN_POINT('',(-26.7,4.5,-7.81));
#731 = DIRECTION('',(1.,0.,-0.));
#732 = DIRECTION('',(0.,0.,1.));
#733 = ADVANCED_FACE('',(#734),#750,.F.);
#734 = FACE_BOUND('',#735,.F.);
#735 = EDGE_LOOP('',(#736,#737,#743,#744));
#736 = ORIENTED_EDGE('',*,*,#684,.F.);
#737 = ORIENTED_EDGE('',*,*,#738,.T.);
#738 = EDGE_CURVE('',#677,#475,#739,.T.);
#739 = LINE('',#740,#741);
#740 = CARTESIAN_POINT('',(26.7,-7.5,-7.8));
#741 = VECTOR('',#742,1.);
#742 = DIRECTION('',(-0.,1.,0.));
#743 = ORIENTED_EDGE('',*,*,#482,.T.);
#744 = ORIENTED_EDGE('',*,*,#745,.F.);
#745 = EDGE_CURVE('',#685,#483,#746,.T.);
#746 = LINE('',#747,#748);
#747 = CARTESIAN_POINT('',(26.7,-15.,-3.5));
#748 = VECTOR('',#749,1.);
#749 = DIRECTION('',(-0.,1.,0.));
#750 = PLANE('',#751);
#751 = AXIS2_PLACEMENT_3D('',#752,#753,#754);
#752 = CARTESIAN_POINT('',(26.7,-15.,-7.81));
#753 = DIRECTION('',(1.,0.,-0.));
#754 = DIRECTION('',(0.,0.,1.));
#755 = ADVANCED_FACE('',(#756),#781,.T.);
#756 = FACE_BOUND('',#757,.T.);
#757 = EDGE_LOOP('',(#758,#759,#767,#775));
#758 = ORIENTED_EDGE('',*,*,#715,.F.);
#759 = ORIENTED_EDGE('',*,*,#760,.T.);
#760 = EDGE_CURVE('',#708,#761,#763,.T.);
#761 = VERTEX_POINT('',#762);
#762 = CARTESIAN_POINT('',(-27.7,15.,-7.8));
#763 = LINE('',#764,#765);
#764 = CARTESIAN_POINT('',(-13.85,15.,-7.8));
#765 = VECTOR('',#766,1.);
#766 = DIRECTION('',(-1.,-0.,0.));
#767 = ORIENTED_EDGE('',*,*,#768,.T.);
#768 = EDGE_CURVE('',#761,#769,#771,.T.);
#769 = VERTEX_POINT('',#770);
#770 = CARTESIAN_POINT('',(-27.7,15.,-3.5));
#771 = LINE('',#772,#773);
#772 = CARTESIAN_POINT('',(-27.7,15.,-7.81));
#773 = VECTOR('',#774,1.);
#774 = DIRECTION('',(0.,0.,1.));
#775 = ORIENTED_EDGE('',*,*,#776,.T.);
#776 = EDGE_CURVE('',#769,#716,#777,.T.);
#777 = LINE('',#778,#779);
#778 = CARTESIAN_POINT('',(-27.7,15.,-3.5));
#779 = VECTOR('',#780,1.);
#780 = DIRECTION('',(1.,0.,-0.));
#781 = PLANE('',#782);
#782 = AXIS2_PLACEMENT_3D('',#783,#784,#785);
#783 = CARTESIAN_POINT('',(-27.7,15.,-7.81));
#784 = DIRECTION('',(-0.,1.,0.));
#785 = DIRECTION('',(0.,0.,1.));
#786 = ADVANCED_FACE('',(#787),#803,.F.);
#787 = FACE_BOUND('',#788,.F.);
#788 = EDGE_LOOP('',(#789,#790,#796,#797));
#789 = ORIENTED_EDGE('',*,*,#638,.F.);
#790 = ORIENTED_EDGE('',*,*,#791,.T.);
#791 = EDGE_CURVE('',#639,#761,#792,.T.);
#792 = LINE('',#793,#794);
#793 = CARTESIAN_POINT('',(-27.7,2.25,-7.8));
#794 = VECTOR('',#795,1.);
#795 = DIRECTION('',(-0.,1.,0.));
#796 = ORIENTED_EDGE('',*,*,#768,.T.);
#797 = ORIENTED_EDGE('',*,*,#798,.F.);
#798 = EDGE_CURVE('',#631,#769,#799,.T.);
#799 = LINE('',#800,#801);
#800 = CARTESIAN_POINT('',(-27.7,4.5,-3.5));
#801 = VECTOR('',#802,1.);
#802 = DIRECTION('',(-0.,1.,0.));
#803 = PLANE('',#804);
#804 = AXIS2_PLACEMENT_3D('',#805,#806,#807);
#805 = CARTESIAN_POINT('',(-27.7,4.5,-7.81));
#806 = DIRECTION('',(1.,0.,-0.));
#807 = DIRECTION('',(0.,0.,1.));
#808 = ADVANCED_FACE('',(#809),#834,.T.);
#809 = FACE_BOUND('',#810,.T.);
#810 = EDGE_LOOP('',(#811,#812,#820,#828));
#811 = ORIENTED_EDGE('',*,*,#466,.F.);
#812 = ORIENTED_EDGE('',*,*,#813,.T.);
#813 = EDGE_CURVE('',#459,#814,#816,.T.);
#814 = VERTEX_POINT('',#815);
#815 = CARTESIAN_POINT('',(25.4,4.5,-8.3));
#816 = LINE('',#817,#818);
#817 = CARTESIAN_POINT('',(25.4,-4.5,-8.3));
#818 = VECTOR('',#819,1.);
#819 = DIRECTION('',(-0.,1.,0.));
#820 = ORIENTED_EDGE('',*,*,#821,.T.);
#821 = EDGE_CURVE('',#814,#822,#824,.T.);
#822 = VERTEX_POINT('',#823);
#823 = CARTESIAN_POINT('',(25.4,4.5,-7.8));
#824 = LINE('',#825,#826);
#825 = CARTESIAN_POINT('',(25.4,4.5,-8.3));
#826 = VECTOR('',#827,1.);
#827 = DIRECTION('',(0.,0.,1.));
#828 = ORIENTED_EDGE('',*,*,#829,.F.);
#829 = EDGE_CURVE('',#467,#822,#830,.T.);
#830 = LINE('',#831,#832);
#831 = CARTESIAN_POINT('',(25.4,-2.25,-7.8));
#832 = VECTOR('',#833,1.);
#833 = DIRECTION('',(-0.,1.,0.));
#834 = PLANE('',#835);
#835 = AXIS2_PLACEMENT_3D('',#836,#837,#838);
#836 = CARTESIAN_POINT('',(25.4,-4.5,-8.3));
#837 = DIRECTION('',(1.,0.,-0.));
#838 = DIRECTION('',(0.,0.,1.));
#839 = ADVANCED_FACE('',(#840),#920,.T.);
#840 = FACE_BOUND('',#841,.T.);
#841 = EDGE_LOOP('',(#842,#852,#860,#866,#867,#875,#883,#891,#899,#905,
    #906,#914));
#842 = ORIENTED_EDGE('',*,*,#843,.F.);
#843 = EDGE_CURVE('',#844,#846,#848,.T.);
#844 = VERTEX_POINT('',#845);
#845 = CARTESIAN_POINT('',(31.8,4.5,-9.));
#846 = VERTEX_POINT('',#847);
#847 = CARTESIAN_POINT('',(28.2,4.5,-9.));
#848 = LINE('',#849,#850);
#849 = CARTESIAN_POINT('',(14.1,4.5,-9.));
#850 = VECTOR('',#851,1.);
#851 = DIRECTION('',(-1.,-0.,0.));
#852 = ORIENTED_EDGE('',*,*,#853,.T.);
#853 = EDGE_CURVE('',#844,#854,#856,.T.);
#854 = VERTEX_POINT('',#855);
#855 = CARTESIAN_POINT('',(31.8,4.5,-8.3));
#856 = LINE('',#857,#858);
#857 = CARTESIAN_POINT('',(31.8,4.5,-10.));
#858 = VECTOR('',#859,1.);
#859 = DIRECTION('',(0.,0.,1.));
#860 = ORIENTED_EDGE('',*,*,#861,.T.);
#861 = EDGE_CURVE('',#854,#395,#862,.T.);
#862 = LINE('',#863,#864);
#863 = CARTESIAN_POINT('',(25.4,4.5,-8.3));
#864 = VECTOR('',#865,1.);
#865 = DIRECTION('',(1.,0.,-0.));
#866 = ORIENTED_EDGE('',*,*,#402,.F.);
#867 = ORIENTED_EDGE('',*,*,#868,.T.);
#868 = EDGE_CURVE('',#403,#869,#871,.T.);
#869 = VERTEX_POINT('',#870);
#870 = CARTESIAN_POINT('',(27.7,4.5,-7.8));
#871 = LINE('',#872,#873);
#872 = CARTESIAN_POINT('',(12.7,4.5,-7.8));
#873 = VECTOR('',#874,1.);
#874 = DIRECTION('',(-1.,-0.,0.));
#875 = ORIENTED_EDGE('',*,*,#876,.T.);
#876 = EDGE_CURVE('',#869,#877,#879,.T.);
#877 = VERTEX_POINT('',#878);
#878 = CARTESIAN_POINT('',(27.7,4.5,-3.5));
#879 = LINE('',#880,#881);
#880 = CARTESIAN_POINT('',(27.7,4.5,-7.81));
#881 = VECTOR('',#882,1.);
#882 = DIRECTION('',(0.,0.,1.));
#883 = ORIENTED_EDGE('',*,*,#884,.F.);
#884 = EDGE_CURVE('',#885,#877,#887,.T.);
#885 = VERTEX_POINT('',#886);
#886 = CARTESIAN_POINT('',(26.7,4.5,-3.5));
#887 = LINE('',#888,#889);
#888 = CARTESIAN_POINT('',(26.7,4.5,-3.5));
#889 = VECTOR('',#890,1.);
#890 = DIRECTION('',(1.,0.,-0.));
#891 = ORIENTED_EDGE('',*,*,#892,.F.);
#892 = EDGE_CURVE('',#893,#885,#895,.T.);
#893 = VERTEX_POINT('',#894);
#894 = CARTESIAN_POINT('',(26.7,4.5,-7.8));
#895 = LINE('',#896,#897);
#896 = CARTESIAN_POINT('',(26.7,4.5,-7.81));
#897 = VECTOR('',#898,1.);
#898 = DIRECTION('',(0.,0.,1.));
#899 = ORIENTED_EDGE('',*,*,#900,.T.);
#900 = EDGE_CURVE('',#893,#822,#901,.T.);
#901 = LINE('',#902,#903);
#902 = CARTESIAN_POINT('',(12.7,4.5,-7.8));
#903 = VECTOR('',#904,1.);
#904 = DIRECTION('',(-1.,-0.,0.));
#905 = ORIENTED_EDGE('',*,*,#821,.F.);
#906 = ORIENTED_EDGE('',*,*,#907,.T.);
#907 = EDGE_CURVE('',#814,#908,#910,.T.);
#908 = VERTEX_POINT('',#909);
#909 = CARTESIAN_POINT('',(28.2,4.5,-8.3));
#910 = LINE('',#911,#912);
#911 = CARTESIAN_POINT('',(25.4,4.5,-8.3));
#912 = VECTOR('',#913,1.);
#913 = DIRECTION('',(1.,0.,-0.));
#914 = ORIENTED_EDGE('',*,*,#915,.F.);
#915 = EDGE_CURVE('',#846,#908,#916,.T.);
#916 = LINE('',#917,#918);
#917 = CARTESIAN_POINT('',(28.2,4.5,-10.));
#918 = VECTOR('',#919,1.);
#919 = DIRECTION('',(0.,0.,1.));
#920 = PLANE('',#921);
#921 = AXIS2_PLACEMENT_3D('',#922,#923,#924);
#922 = CARTESIAN_POINT('',(29.533974358974,4.5,-7.358333333333));
#923 = DIRECTION('',(-0.,-1.,-0.));
#924 = DIRECTION('',(0.,0.,-1.));
#925 = ADVANCED_FACE('',(#926),#951,.F.);
#926 = FACE_BOUND('',#927,.F.);
#927 = EDGE_LOOP('',(#928,#929,#937,#945));
#928 = ORIENTED_EDGE('',*,*,#892,.F.);
#929 = ORIENTED_EDGE('',*,*,#930,.T.);
#930 = EDGE_CURVE('',#893,#931,#933,.T.);
#931 = VERTEX_POINT('',#932);
#932 = CARTESIAN_POINT('',(26.7,15.,-7.8));
#933 = LINE('',#934,#935);
#934 = CARTESIAN_POINT('',(26.7,2.25,-7.8));
#935 = VECTOR('',#936,1.);
#936 = DIRECTION('',(-0.,1.,0.));
#937 = ORIENTED_EDGE('',*,*,#938,.T.);
#938 = EDGE_CURVE('',#931,#939,#941,.T.);
#939 = VERTEX_POINT('',#940);
#940 = CARTESIAN_POINT('',(26.7,15.,-3.5));
#941 = LINE('',#942,#943);
#942 = CARTESIAN_POINT('',(26.7,15.,-7.81));
#943 = VECTOR('',#944,1.);
#944 = DIRECTION('',(0.,0.,1.));
#945 = ORIENTED_EDGE('',*,*,#946,.F.);
#946 = EDGE_CURVE('',#885,#939,#947,.T.);
#947 = LINE('',#948,#949);
#948 = CARTESIAN_POINT('',(26.7,4.5,-3.5));
#949 = VECTOR('',#950,1.);
#950 = DIRECTION('',(-0.,1.,0.));
#951 = PLANE('',#952);
#952 = AXIS2_PLACEMENT_3D('',#953,#954,#955);
#953 = CARTESIAN_POINT('',(26.7,4.5,-7.81));
#954 = DIRECTION('',(1.,0.,-0.));
#955 = DIRECTION('',(0.,0.,1.));
#956 = ADVANCED_FACE('',(#957),#984,.T.);
#957 = FACE_BOUND('',#958,.F.);
#958 = EDGE_LOOP('',(#959,#969,#976,#977));
#959 = ORIENTED_EDGE('',*,*,#960,.T.);
#960 = EDGE_CURVE('',#961,#963,#965,.T.);
#961 = VERTEX_POINT('',#962);
#962 = CARTESIAN_POINT('',(-32.5,35.5,-9.));
#963 = VERTEX_POINT('',#964);
#964 = CARTESIAN_POINT('',(-32.5,35.5,-7.8));
#965 = LINE('',#966,#967);
#966 = CARTESIAN_POINT('',(-32.5,35.5,-9.));
#967 = VECTOR('',#968,1.);
#968 = DIRECTION('',(0.,0.,1.));
#969 = ORIENTED_EDGE('',*,*,#970,.T.);
#970 = EDGE_CURVE('',#963,#32,#971,.T.);
#971 = CIRCLE('',#972,3.);
#972 = AXIS2_PLACEMENT_3D('',#973,#974,#975);
#973 = CARTESIAN_POINT('',(-32.5,32.5,-7.8));
#974 = DIRECTION('',(0.,0.,1.));
#975 = DIRECTION('',(2.368475785867E-15,1.,-0.));
#976 = ORIENTED_EDGE('',*,*,#31,.F.);
#977 = ORIENTED_EDGE('',*,*,#978,.F.);
#978 = EDGE_CURVE('',#961,#22,#979,.T.);
#979 = CIRCLE('',#980,3.);
#980 = AXIS2_PLACEMENT_3D('',#981,#982,#983);
#981 = CARTESIAN_POINT('',(-32.5,32.5,-9.));
#982 = DIRECTION('',(0.,0.,1.));
#983 = DIRECTION('',(2.368475785867E-15,1.,-0.));
#984 = CYLINDRICAL_SURFACE('',#985,3.);
#985 = AXIS2_PLACEMENT_3D('',#986,#987,#988);
#986 = CARTESIAN_POINT('',(-32.5,32.5,-9.));
#987 = DIRECTION('',(-0.,-0.,-1.));
#988 = DIRECTION('',(2.368475785867E-15,1.,-0.));
#989 = ADVANCED_FACE('',(#990),#1015,.T.);
#990 = FACE_BOUND('',#991,.T.);
#991 = EDGE_LOOP('',(#992,#1002,#1008,#1009));
#992 = ORIENTED_EDGE('',*,*,#993,.F.);
#993 = EDGE_CURVE('',#994,#996,#998,.T.);
#994 = VERTEX_POINT('',#995);
#995 = CARTESIAN_POINT('',(27.7,15.,-7.8));
#996 = VERTEX_POINT('',#997);
#997 = CARTESIAN_POINT('',(27.7,15.,-3.5));
#998 = LINE('',#999,#1000);
#999 = CARTESIAN_POINT('',(27.7,15.,-7.81));
#1000 = VECTOR('',#1001,1.);
#1001 = DIRECTION('',(0.,0.,1.));
#1002 = ORIENTED_EDGE('',*,*,#1003,.T.);
#1003 = EDGE_CURVE('',#994,#931,#1004,.T.);
#1004 = LINE('',#1005,#1006);
#1005 = CARTESIAN_POINT('',(13.35,15.,-7.8));
#1006 = VECTOR('',#1007,1.);
#1007 = DIRECTION('',(-1.,-0.,0.));
#1008 = ORIENTED_EDGE('',*,*,#938,.T.);
#1009 = ORIENTED_EDGE('',*,*,#1010,.T.);
#1010 = EDGE_CURVE('',#939,#996,#1011,.T.);
#1011 = LINE('',#1012,#1013);
#1012 = CARTESIAN_POINT('',(26.7,15.,-3.5));
#1013 = VECTOR('',#1014,1.);
#1014 = DIRECTION('',(1.,0.,-0.));
#1015 = PLANE('',#1016);
#1016 = AXIS2_PLACEMENT_3D('',#1017,#1018,#1019);
#1017 = CARTESIAN_POINT('',(26.7,15.,-7.81));
#1018 = DIRECTION('',(-0.,1.,0.));
#1019 = DIRECTION('',(0.,0.,1.));
#1020 = ADVANCED_FACE('',(#1021),#1046,.F.);
#1021 = FACE_BOUND('',#1022,.F.);
#1022 = EDGE_LOOP('',(#1023,#1033,#1039,#1040));
#1023 = ORIENTED_EDGE('',*,*,#1024,.T.);
#1024 = EDGE_CURVE('',#1025,#1027,#1029,.T.);
#1025 = VERTEX_POINT('',#1026);
#1026 = CARTESIAN_POINT('',(32.5,35.5,-9.));
#1027 = VERTEX_POINT('',#1028);
#1028 = CARTESIAN_POINT('',(32.5,35.5,-7.8));
#1029 = LINE('',#1030,#1031);
#1030 = CARTESIAN_POINT('',(32.5,35.5,-9.));
#1031 = VECTOR('',#1032,1.);
#1032 = DIRECTION('',(0.,0.,1.));
#1033 = ORIENTED_EDGE('',*,*,#1034,.T.);
#1034 = EDGE_CURVE('',#1027,#963,#1035,.T.);
#1035 = LINE('',#1036,#1037);
#1036 = CARTESIAN_POINT('',(32.5,35.5,-7.8));
#1037 = VECTOR('',#1038,1.);
#1038 = DIRECTION('',(-1.,0.,0.));
#1039 = ORIENTED_EDGE('',*,*,#960,.F.);
#1040 = ORIENTED_EDGE('',*,*,#1041,.F.);
#1041 = EDGE_CURVE('',#1025,#961,#1042,.T.);
#1042 = LINE('',#1043,#1044);
#1043 = CARTESIAN_POINT('',(32.5,35.5,-9.));
#1044 = VECTOR('',#1045,1.);
#1045 = DIRECTION('',(-1.,0.,0.));
#1046 = PLANE('',#1047);
#1047 = AXIS2_PLACEMENT_3D('',#1048,#1049,#1050);
#1048 = CARTESIAN_POINT('',(32.5,35.5,-9.));
#1049 = DIRECTION('',(0.,-1.,0.));
#1050 = DIRECTION('',(-1.,0.,0.));
#1051 = ADVANCED_FACE('',(#1052),#1068,.T.);
#1052 = FACE_BOUND('',#1053,.T.);
#1053 = EDGE_LOOP('',(#1054,#1055,#1061,#1062));
#1054 = ORIENTED_EDGE('',*,*,#876,.F.);
#1055 = ORIENTED_EDGE('',*,*,#1056,.T.);
#1056 = EDGE_CURVE('',#869,#994,#1057,.T.);
#1057 = LINE('',#1058,#1059);
#1058 = CARTESIAN_POINT('',(27.7,2.25,-7.8));
#1059 = VECTOR('',#1060,1.);
#1060 = DIRECTION('',(-0.,1.,0.));
#1061 = ORIENTED_EDGE('',*,*,#993,.T.);
#1062 = ORIENTED_EDGE('',*,*,#1063,.F.);
#1063 = EDGE_CURVE('',#877,#996,#1064,.T.);
#1064 = LINE('',#1065,#1066);
#1065 = CARTESIAN_POINT('',(27.7,4.5,-3.5));
#1066 = VECTOR('',#1067,1.);
#1067 = DIRECTION('',(-0.,1.,0.));
#1068 = PLANE('',#1069);
#1069 = AXIS2_PLACEMENT_3D('',#1070,#1071,#1072);
#1070 = CARTESIAN_POINT('',(27.7,4.5,-7.81));
#1071 = DIRECTION('',(1.,0.,-0.));
#1072 = DIRECTION('',(0.,0.,1.));
#1073 = ADVANCED_FACE('',(#1074),#1092,.T.);
#1074 = FACE_BOUND('',#1075,.F.);
#1075 = EDGE_LOOP('',(#1076,#1077,#1084,#1085));
#1076 = ORIENTED_EDGE('',*,*,#418,.T.);
#1077 = ORIENTED_EDGE('',*,*,#1078,.T.);
#1078 = EDGE_CURVE('',#411,#1027,#1079,.T.);
#1079 = CIRCLE('',#1080,3.);
#1080 = AXIS2_PLACEMENT_3D('',#1081,#1082,#1083);
#1081 = CARTESIAN_POINT('',(32.5,32.5,-7.8));
#1082 = DIRECTION('',(0.,0.,1.));
#1083 = DIRECTION('',(1.,-4.736951571734E-15,0.));
#1084 = ORIENTED_EDGE('',*,*,#1024,.F.);
#1085 = ORIENTED_EDGE('',*,*,#1086,.F.);
#1086 = EDGE_CURVE('',#370,#1025,#1087,.T.);
#1087 = CIRCLE('',#1088,3.);
#1088 = AXIS2_PLACEMENT_3D('',#1089,#1090,#1091);
#1089 = CARTESIAN_POINT('',(32.5,32.5,-9.));
#1090 = DIRECTION('',(0.,0.,1.));
#1091 = DIRECTION('',(1.,-4.736951571734E-15,0.));
#1092 = CYLINDRICAL_SURFACE('',#1093,3.);
#1093 = AXIS2_PLACEMENT_3D('',#1094,#1095,#1096);
#1094 = CARTESIAN_POINT('',(32.5,32.5,-9.));
#1095 = DIRECTION('',(-0.,-0.,-1.));
#1096 = DIRECTION('',(1.,-4.736951571734E-15,0.));
#1097 = ADVANCED_FACE('',(#1098),#1114,.F.);
#1098 = FACE_BOUND('',#1099,.F.);
#1099 = EDGE_LOOP('',(#1100,#1101,#1107,#1108));
#1100 = ORIENTED_EDGE('',*,*,#93,.F.);
#1101 = ORIENTED_EDGE('',*,*,#1102,.T.);
#1102 = EDGE_CURVE('',#94,#590,#1103,.T.);
#1103 = LINE('',#1104,#1105);
#1104 = CARTESIAN_POINT('',(-28.2,-2.25,-9.));
#1105 = VECTOR('',#1106,1.);
#1106 = DIRECTION('',(-0.,1.,0.));
#1107 = ORIENTED_EDGE('',*,*,#599,.T.);
#1108 = ORIENTED_EDGE('',*,*,#1109,.T.);
#1109 = EDGE_CURVE('',#600,#96,#1110,.T.);
#1110 = LINE('',#1111,#1112);
#1111 = CARTESIAN_POINT('',(-28.2,-4.5,-8.3));
#1112 = VECTOR('',#1113,1.);
#1113 = DIRECTION('',(0.,-1.,0.));
#1114 = PLANE('',#1115);
#1115 = AXIS2_PLACEMENT_3D('',#1116,#1117,#1118);
#1116 = CARTESIAN_POINT('',(-28.2,-4.5,-10.));
#1117 = DIRECTION('',(1.,0.,-0.));
#1118 = DIRECTION('',(0.,0.,1.));
#1119 = ADVANCED_FACE('',(#1120),#1136,.T.);
#1120 = FACE_BOUND('',#1121,.T.);
#1121 = EDGE_LOOP('',(#1122,#1123,#1129,#1130));
#1122 = ORIENTED_EDGE('',*,*,#111,.F.);
#1123 = ORIENTED_EDGE('',*,*,#1124,.T.);
#1124 = EDGE_CURVE('',#104,#592,#1125,.T.);
#1125 = LINE('',#1126,#1127);
#1126 = CARTESIAN_POINT('',(-31.8,-2.25,-9.));
#1127 = VECTOR('',#1128,1.);
#1128 = DIRECTION('',(-0.,1.,0.));
#1129 = ORIENTED_EDGE('',*,*,#661,.T.);
#1130 = ORIENTED_EDGE('',*,*,#1131,.T.);
#1131 = EDGE_CURVE('',#654,#112,#1132,.T.);
#1132 = LINE('',#1133,#1134);
#1133 = CARTESIAN_POINT('',(-31.8,-4.5,-8.3));
#1134 = VECTOR('',#1135,1.);
#1135 = DIRECTION('',(0.,-1.,0.));
#1136 = PLANE('',#1137);
#1137 = AXIS2_PLACEMENT_3D('',#1138,#1139,#1140);
#1138 = CARTESIAN_POINT('',(-31.8,-4.5,-10.));
#1139 = DIRECTION('',(1.,0.,-0.));
#1140 = DIRECTION('',(0.,0.,1.));
#1141 = ADVANCED_FACE('',(#1142),#1158,.F.);
#1142 = FACE_BOUND('',#1143,.F.);
#1143 = EDGE_LOOP('',(#1144,#1145,#1151,#1152));
#1144 = ORIENTED_EDGE('',*,*,#432,.F.);
#1145 = ORIENTED_EDGE('',*,*,#1146,.T.);
#1146 = EDGE_CURVE('',#433,#844,#1147,.T.);
#1147 = LINE('',#1148,#1149);
#1148 = CARTESIAN_POINT('',(31.8,-2.25,-9.));
#1149 = VECTOR('',#1150,1.);
#1150 = DIRECTION('',(-0.,1.,0.));
#1151 = ORIENTED_EDGE('',*,*,#853,.T.);
#1152 = ORIENTED_EDGE('',*,*,#1153,.T.);
#1153 = EDGE_CURVE('',#854,#435,#1154,.T.);
#1154 = LINE('',#1155,#1156);
#1155 = CARTESIAN_POINT('',(31.8,-4.5,-8.3));
#1156 = VECTOR('',#1157,1.);
#1157 = DIRECTION('',(0.,-1.,0.));
#1158 = PLANE('',#1159);
#1159 = AXIS2_PLACEMENT_3D('',#1160,#1161,#1162);
#1160 = CARTESIAN_POINT('',(31.8,-4.5,-10.));
#1161 = DIRECTION('',(1.,0.,-0.));
#1162 = DIRECTION('',(0.,0.,1.));
#1163 = ADVANCED_FACE('',(#1164),#1180,.T.);
#1164 = FACE_BOUND('',#1165,.T.);
#1165 = EDGE_LOOP('',(#1166,#1167,#1173,#1174));
#1166 = ORIENTED_EDGE('',*,*,#450,.F.);
#1167 = ORIENTED_EDGE('',*,*,#1168,.T.);
#1168 = EDGE_CURVE('',#443,#846,#1169,.T.);
#1169 = LINE('',#1170,#1171);
#1170 = CARTESIAN_POINT('',(28.2,-2.25,-9.));
#1171 = VECTOR('',#1172,1.);
#1172 = DIRECTION('',(-0.,1.,0.));
#1173 = ORIENTED_EDGE('',*,*,#915,.T.);
#1174 = ORIENTED_EDGE('',*,*,#1175,.T.);
#1175 = EDGE_CURVE('',#908,#451,#1176,.T.);
#1176 = LINE('',#1177,#1178);
#1177 = CARTESIAN_POINT('',(28.2,-4.5,-8.3));
#1178 = VECTOR('',#1179,1.);
#1179 = DIRECTION('',(0.,-1.,0.));
#1180 = PLANE('',#1181);
#1181 = AXIS2_PLACEMENT_3D('',#1182,#1183,#1184);
#1182 = CARTESIAN_POINT('',(28.2,-4.5,-10.));
#1183 = DIRECTION('',(1.,0.,-0.));
#1184 = DIRECTION('',(0.,0.,1.));
#1185 = ADVANCED_FACE('',(#1186),#1192,.T.);
#1186 = FACE_BOUND('',#1187,.T.);
#1187 = EDGE_LOOP('',(#1188,#1189,#1190,#1191));
#1188 = ORIENTED_EDGE('',*,*,#653,.F.);
#1189 = ORIENTED_EDGE('',*,*,#55,.T.);
#1190 = ORIENTED_EDGE('',*,*,#119,.T.);
#1191 = ORIENTED_EDGE('',*,*,#1131,.F.);
#1192 = PLANE('',#1193);
#1193 = AXIS2_PLACEMENT_3D('',#1194,#1195,#1196);
#1194 = CARTESIAN_POINT('',(-36.5,-4.5,-8.3));
#1195 = DIRECTION('',(0.,0.,1.));
#1196 = DIRECTION('',(1.,0.,-0.));
#1197 = ADVANCED_FACE('',(#1198),#1204,.T.);
#1198 = FACE_BOUND('',#1199,.T.);
#1199 = EDGE_LOOP('',(#1200,#1201,#1202,#1203));
#1200 = ORIENTED_EDGE('',*,*,#238,.F.);
#1201 = ORIENTED_EDGE('',*,*,#300,.T.);
#1202 = ORIENTED_EDGE('',*,*,#355,.T.);
#1203 = ORIENTED_EDGE('',*,*,#142,.F.);
#1204 = PLANE('',#1205);
#1205 = AXIS2_PLACEMENT_3D('',#1206,#1207,#1208);
#1206 = CARTESIAN_POINT('',(-27.7,-15.,-3.5));
#1207 = DIRECTION('',(0.,0.,1.));
#1208 = DIRECTION('',(1.,0.,-0.));
#1209 = ADVANCED_FACE('',(#1210),#1216,.T.);
#1210 = FACE_BOUND('',#1211,.T.);
#1211 = EDGE_LOOP('',(#1212,#1213,#1214,#1215));
#1212 = ORIENTED_EDGE('',*,*,#607,.F.);
#1213 = ORIENTED_EDGE('',*,*,#1109,.T.);
#1214 = ORIENTED_EDGE('',*,*,#174,.T.);
#1215 = ORIENTED_EDGE('',*,*,#528,.T.);
#1216 = PLANE('',#1217);
#1217 = AXIS2_PLACEMENT_3D('',#1218,#1219,#1220);
#1218 = CARTESIAN_POINT('',(-36.5,-4.5,-8.3));
#1219 = DIRECTION('',(0.,0.,1.));
#1220 = DIRECTION('',(1.,0.,-0.));
#1221 = ADVANCED_FACE('',(#1222),#1228,.T.);
#1222 = FACE_BOUND('',#1223,.T.);
#1223 = EDGE_LOOP('',(#1224,#1225,#1226,#1227));
#1224 = ORIENTED_EDGE('',*,*,#861,.F.);
#1225 = ORIENTED_EDGE('',*,*,#1153,.T.);
#1226 = ORIENTED_EDGE('',*,*,#513,.T.);
#1227 = ORIENTED_EDGE('',*,*,#394,.T.);
#1228 = PLANE('',#1229);
#1229 = AXIS2_PLACEMENT_3D('',#1230,#1231,#1232);
#1230 = CARTESIAN_POINT('',(25.4,-4.5,-8.3));
#1231 = DIRECTION('',(0.,0.,1.));
#1232 = DIRECTION('',(1.,0.,-0.));
#1233 = ADVANCED_FACE('',(#1234),#1240,.T.);
#1234 = FACE_BOUND('',#1235,.T.);
#1235 = EDGE_LOOP('',(#1236,#1237,#1238,#1239));
#1236 = ORIENTED_EDGE('',*,*,#907,.F.);
#1237 = ORIENTED_EDGE('',*,*,#813,.F.);
#1238 = ORIENTED_EDGE('',*,*,#458,.T.);
#1239 = ORIENTED_EDGE('',*,*,#1175,.F.);
#1240 = PLANE('',#1241);
#1241 = AXIS2_PLACEMENT_3D('',#1242,#1243,#1244);
#1242 = CARTESIAN_POINT('',(25.4,-4.5,-8.3));
#1243 = DIRECTION('',(0.,0.,1.));
#1244 = DIRECTION('',(1.,0.,-0.));
#1245 = ADVANCED_FACE('',(#1246),#1252,.T.);
#1246 = FACE_BOUND('',#1247,.T.);
#1247 = EDGE_LOOP('',(#1248,#1249,#1250,#1251));
#1248 = ORIENTED_EDGE('',*,*,#745,.F.);
#1249 = ORIENTED_EDGE('',*,*,#692,.T.);
#1250 = ORIENTED_EDGE('',*,*,#575,.T.);
#1251 = ORIENTED_EDGE('',*,*,#490,.F.);
#1252 = PLANE('',#1253);
#1253 = AXIS2_PLACEMENT_3D('',#1254,#1255,#1256);
#1254 = CARTESIAN_POINT('',(26.7,-15.,-3.5));
#1255 = DIRECTION('',(0.,0.,1.));
#1256 = DIRECTION('',(1.,0.,-0.));
#1257 = ADVANCED_FACE('',(#1258),#1264,.T.);
#1258 = FACE_BOUND('',#1259,.T.);
#1259 = EDGE_LOOP('',(#1260,#1261,#1262,#1263));
#1260 = ORIENTED_EDGE('',*,*,#798,.F.);
#1261 = ORIENTED_EDGE('',*,*,#630,.T.);
#1262 = ORIENTED_EDGE('',*,*,#723,.T.);
#1263 = ORIENTED_EDGE('',*,*,#776,.F.);
#1264 = PLANE('',#1265);
#1265 = AXIS2_PLACEMENT_3D('',#1266,#1267,#1268);
#1266 = CARTESIAN_POINT('',(-27.7,4.5,-3.5));
#1267 = DIRECTION('',(0.,0.,1.));
#1268 = DIRECTION('',(1.,0.,-0.));
#1269 = ADVANCED_FACE('',(#1270),#1276,.T.);
#1270 = FACE_BOUND('',#1271,.T.);
#1271 = EDGE_LOOP('',(#1272,#1273,#1274,#1275));
#1272 = ORIENTED_EDGE('',*,*,#946,.F.);
#1273 = ORIENTED_EDGE('',*,*,#884,.T.);
#1274 = ORIENTED_EDGE('',*,*,#1063,.T.);
#1275 = ORIENTED_EDGE('',*,*,#1010,.F.);
#1276 = PLANE('',#1277);
#1277 = AXIS2_PLACEMENT_3D('',#1278,#1279,#1280);
#1278 = CARTESIAN_POINT('',(26.7,4.5,-3.5));
#1279 = DIRECTION('',(0.,0.,1.));
#1280 = DIRECTION('',(1.,0.,-0.));
#1281 = ADVANCED_FACE('',(#1282,#1316,#1706,#1740,#1774,#1808,#1842,
    #1876,#1910,#1944,#1978),#2044,.T.);
#1282 = FACE_BOUND('',#1283,.T.);
#1283 = EDGE_LOOP('',(#1284,#1285,#1286,#1287,#1288,#1289,#1290,#1291,
    #1292,#1293,#1294,#1295,#1296,#1297,#1298,#1299,#1300,#1301,#1302,
    #1303,#1304,#1305,#1306,#1307,#1308,#1309,#1310,#1311,#1312,#1313,
    #1314,#1315));
#1284 = ORIENTED_EDGE('',*,*,#126,.T.);
#1285 = ORIENTED_EDGE('',*,*,#71,.T.);
#1286 = ORIENTED_EDGE('',*,*,#189,.T.);
#1287 = ORIENTED_EDGE('',*,*,#253,.T.);
#1288 = ORIENTED_EDGE('',*,*,#315,.T.);
#1289 = ORIENTED_EDGE('',*,*,#378,.T.);
#1290 = ORIENTED_EDGE('',*,*,#506,.T.);
#1291 = ORIENTED_EDGE('',*,*,#568,.F.);
#1292 = ORIENTED_EDGE('',*,*,#676,.T.);
#1293 = ORIENTED_EDGE('',*,*,#738,.T.);
#1294 = ORIENTED_EDGE('',*,*,#474,.T.);
#1295 = ORIENTED_EDGE('',*,*,#829,.T.);
#1296 = ORIENTED_EDGE('',*,*,#900,.F.);
#1297 = ORIENTED_EDGE('',*,*,#930,.T.);
#1298 = ORIENTED_EDGE('',*,*,#1003,.F.);
#1299 = ORIENTED_EDGE('',*,*,#1056,.F.);
#1300 = ORIENTED_EDGE('',*,*,#868,.F.);
#1301 = ORIENTED_EDGE('',*,*,#410,.T.);
#1302 = ORIENTED_EDGE('',*,*,#1078,.T.);
#1303 = ORIENTED_EDGE('',*,*,#1034,.T.);
#1304 = ORIENTED_EDGE('',*,*,#970,.T.);
#1305 = ORIENTED_EDGE('',*,*,#39,.T.);
#1306 = ORIENTED_EDGE('',*,*,#646,.F.);
#1307 = ORIENTED_EDGE('',*,*,#791,.T.);
#1308 = ORIENTED_EDGE('',*,*,#760,.F.);
#1309 = ORIENTED_EDGE('',*,*,#707,.F.);
#1310 = ORIENTED_EDGE('',*,*,#614,.F.);
#1311 = ORIENTED_EDGE('',*,*,#544,.F.);
#1312 = ORIENTED_EDGE('',*,*,#158,.T.);
#1313 = ORIENTED_EDGE('',*,*,#348,.F.);
#1314 = ORIENTED_EDGE('',*,*,#293,.T.);
#1315 = ORIENTED_EDGE('',*,*,#231,.T.);
#1316 = FACE_BOUND('',#1317,.T.);
#1317 = EDGE_LOOP('',(#1318,#1328,#1336,#1344,#1352,#1360,#1368,#1376,
    #1385,#1393,#1401,#1409,#1417,#1425,#1433,#1441,#1449,#1457,#1466,
    #1474,#1482,#1490,#1498,#1506,#1515,#1523,#1531,#1539,#1547,#1555,
    #1563,#1571,#1579,#1587,#1596,#1604,#1612,#1620,#1628,#1636,#1644,
    #1652,#1660,#1668,#1676,#1684,#1692,#1700));
#1318 = ORIENTED_EDGE('',*,*,#1319,.F.);
#1319 = EDGE_CURVE('',#1320,#1322,#1324,.T.);
#1320 = VERTEX_POINT('',#1321);
#1321 = CARTESIAN_POINT('',(20.995,-15.3,-7.8));
#1322 = VERTEX_POINT('',#1323);
#1323 = CARTESIAN_POINT('',(20.995,-15.2,-7.8));
#1324 = LINE('',#1325,#1326);
#1325 = CARTESIAN_POINT('',(20.995,-8.1,-7.8));
#1326 = VECTOR('',#1327,1.);
#1327 = DIRECTION('',(-0.,1.,0.));
#1328 = ORIENTED_EDGE('',*,*,#1329,.F.);
#1329 = EDGE_CURVE('',#1330,#1320,#1332,.T.);
#1330 = VERTEX_POINT('',#1331);
#1331 = CARTESIAN_POINT('',(26.1,-15.3,-7.8));
#1332 = LINE('',#1333,#1334);
#1333 = CARTESIAN_POINT('',(7.65,-15.3,-7.8));
#1334 = VECTOR('',#1335,1.);
#1335 = DIRECTION('',(-1.,-0.,0.));
#1336 = ORIENTED_EDGE('',*,*,#1337,.F.);
#1337 = EDGE_CURVE('',#1338,#1330,#1340,.T.);
#1338 = VERTEX_POINT('',#1339);
#1339 = CARTESIAN_POINT('',(26.1,-23.7,-7.8));
#1340 = LINE('',#1341,#1342);
#1341 = CARTESIAN_POINT('',(26.1,-11.85,-7.8));
#1342 = VECTOR('',#1343,1.);
#1343 = DIRECTION('',(-0.,1.,0.));
#1344 = ORIENTED_EDGE('',*,*,#1345,.T.);
#1345 = EDGE_CURVE('',#1338,#1346,#1348,.T.);
#1346 = VERTEX_POINT('',#1347);
#1347 = CARTESIAN_POINT('',(15.3,-23.7,-7.8));
#1348 = LINE('',#1349,#1350);
#1349 = CARTESIAN_POINT('',(7.65,-23.7,-7.8));
#1350 = VECTOR('',#1351,1.);
#1351 = DIRECTION('',(-1.,-0.,0.));
#1352 = ORIENTED_EDGE('',*,*,#1353,.T.);
#1353 = EDGE_CURVE('',#1346,#1354,#1356,.T.);
#1354 = VERTEX_POINT('',#1355);
#1355 = CARTESIAN_POINT('',(15.3,-16.2,-7.8));
#1356 = LINE('',#1357,#1358);
#1357 = CARTESIAN_POINT('',(15.3,-11.85,-7.8));
#1358 = VECTOR('',#1359,1.);
#1359 = DIRECTION('',(-0.,1.,0.));
#1360 = ORIENTED_EDGE('',*,*,#1361,.T.);
#1361 = EDGE_CURVE('',#1354,#1362,#1364,.T.);
#1362 = VERTEX_POINT('',#1363);
#1363 = CARTESIAN_POINT('',(14.975,-16.2,-7.8));
#1364 = LINE('',#1365,#1366);
#1365 = CARTESIAN_POINT('',(7.4875,-16.2,-7.8));
#1366 = VECTOR('',#1367,1.);
#1367 = DIRECTION('',(-1.,-0.,0.));
#1368 = ORIENTED_EDGE('',*,*,#1369,.T.);
#1369 = EDGE_CURVE('',#1362,#1370,#1372,.T.);
#1370 = VERTEX_POINT('',#1371);
#1371 = CARTESIAN_POINT('',(14.975,-19.85,-7.8));
#1372 = LINE('',#1373,#1374);
#1373 = CARTESIAN_POINT('',(14.975,-9.925,-7.8));
#1374 = VECTOR('',#1375,1.);
#1375 = DIRECTION('',(0.,-1.,0.));
#1376 = ORIENTED_EDGE('',*,*,#1377,.T.);
#1377 = EDGE_CURVE('',#1370,#1378,#1380,.T.);
#1378 = VERTEX_POINT('',#1379);
#1379 = CARTESIAN_POINT('',(9.875,-24.95,-7.8));
#1380 = CIRCLE('',#1381,5.1);
#1381 = AXIS2_PLACEMENT_3D('',#1382,#1383,#1384);
#1382 = CARTESIAN_POINT('',(9.875,-19.85,-7.8));
#1383 = DIRECTION('',(-0.,0.,-1.));
#1384 = DIRECTION('',(-6.96610525255E-16,-1.,0.));
#1385 = ORIENTED_EDGE('',*,*,#1386,.T.);
#1386 = EDGE_CURVE('',#1378,#1387,#1389,.T.);
#1387 = VERTEX_POINT('',#1388);
#1388 = CARTESIAN_POINT('',(7.,-24.95,-7.8));
#1389 = LINE('',#1390,#1391);
#1390 = CARTESIAN_POINT('',(-4.9375,-24.95,-7.8));
#1391 = VECTOR('',#1392,1.);
#1392 = DIRECTION('',(-1.,0.,0.));
#1393 = ORIENTED_EDGE('',*,*,#1394,.T.);
#1394 = EDGE_CURVE('',#1387,#1395,#1397,.T.);
#1395 = VERTEX_POINT('',#1396);
#1396 = CARTESIAN_POINT('',(7.,-25.75,-7.8));
#1397 = LINE('',#1398,#1399);
#1398 = CARTESIAN_POINT('',(7.,-12.875,-7.8));
#1399 = VECTOR('',#1400,1.);
#1400 = DIRECTION('',(0.,-1.,0.));
#1401 = ORIENTED_EDGE('',*,*,#1402,.F.);
#1402 = EDGE_CURVE('',#1403,#1395,#1405,.T.);
#1403 = VERTEX_POINT('',#1404);
#1404 = CARTESIAN_POINT('',(4.5,-25.75,-7.8));
#1405 = LINE('',#1406,#1407);
#1406 = CARTESIAN_POINT('',(2.25,-25.75,-7.8));
#1407 = VECTOR('',#1408,1.);
#1408 = DIRECTION('',(1.,0.,-0.));
#1409 = ORIENTED_EDGE('',*,*,#1410,.F.);
#1410 = EDGE_CURVE('',#1411,#1403,#1413,.T.);
#1411 = VERTEX_POINT('',#1412);
#1412 = CARTESIAN_POINT('',(4.5,-24.95,-7.8));
#1413 = LINE('',#1414,#1415);
#1414 = CARTESIAN_POINT('',(4.5,-12.875,-7.8));
#1415 = VECTOR('',#1416,1.);
#1416 = DIRECTION('',(0.,-1.,0.));
#1417 = ORIENTED_EDGE('',*,*,#1418,.T.);
#1418 = EDGE_CURVE('',#1411,#1419,#1421,.T.);
#1419 = VERTEX_POINT('',#1420);
#1420 = CARTESIAN_POINT('',(-4.5,-24.95,-7.8));
#1421 = LINE('',#1422,#1423);
#1422 = CARTESIAN_POINT('',(-4.9375,-24.95,-7.8));
#1423 = VECTOR('',#1424,1.);
#1424 = DIRECTION('',(-1.,0.,0.));
#1425 = ORIENTED_EDGE('',*,*,#1426,.T.);
#1426 = EDGE_CURVE('',#1419,#1427,#1429,.T.);
#1427 = VERTEX_POINT('',#1428);
#1428 = CARTESIAN_POINT('',(-4.5,-25.75,-7.8));
#1429 = LINE('',#1430,#1431);
#1430 = CARTESIAN_POINT('',(-4.5,-12.875,-7.8));
#1431 = VECTOR('',#1432,1.);
#1432 = DIRECTION('',(0.,-1.,0.));
#1433 = ORIENTED_EDGE('',*,*,#1434,.F.);
#1434 = EDGE_CURVE('',#1435,#1427,#1437,.T.);
#1435 = VERTEX_POINT('',#1436);
#1436 = CARTESIAN_POINT('',(-7.,-25.75,-7.8));
#1437 = LINE('',#1438,#1439);
#1438 = CARTESIAN_POINT('',(-3.5,-25.75,-7.8));
#1439 = VECTOR('',#1440,1.);
#1440 = DIRECTION('',(1.,0.,-0.));
#1441 = ORIENTED_EDGE('',*,*,#1442,.F.);
#1442 = EDGE_CURVE('',#1443,#1435,#1445,.T.);
#1443 = VERTEX_POINT('',#1444);
#1444 = CARTESIAN_POINT('',(-7.,-24.95,-7.8));
#1445 = LINE('',#1446,#1447);
#1446 = CARTESIAN_POINT('',(-7.,-12.875,-7.8));
#1447 = VECTOR('',#1448,1.);
#1448 = DIRECTION('',(0.,-1.,0.));
#1449 = ORIENTED_EDGE('',*,*,#1450,.T.);
#1450 = EDGE_CURVE('',#1443,#1451,#1453,.T.);
#1451 = VERTEX_POINT('',#1452);
#1452 = CARTESIAN_POINT('',(-9.875,-24.95,-7.8));
#1453 = LINE('',#1454,#1455);
#1454 = CARTESIAN_POINT('',(-4.9375,-24.95,-7.8));
#1455 = VECTOR('',#1456,1.);
#1456 = DIRECTION('',(-1.,0.,0.));
#1457 = ORIENTED_EDGE('',*,*,#1458,.T.);
#1458 = EDGE_CURVE('',#1451,#1459,#1461,.T.);
#1459 = VERTEX_POINT('',#1460);
#1460 = CARTESIAN_POINT('',(-14.975,-19.85,-7.8));
#1461 = CIRCLE('',#1462,5.1);
#1462 = AXIS2_PLACEMENT_3D('',#1463,#1464,#1465);
#1463 = CARTESIAN_POINT('',(-9.875,-19.85,-7.8));
#1464 = DIRECTION('',(-0.,0.,-1.));
#1465 = DIRECTION('',(-1.,6.96610525255E-16,0.));
#1466 = ORIENTED_EDGE('',*,*,#1467,.T.);
#1467 = EDGE_CURVE('',#1459,#1468,#1470,.T.);
#1468 = VERTEX_POINT('',#1469);
#1469 = CARTESIAN_POINT('',(-14.975,-10.,-7.8));
#1470 = LINE('',#1471,#1472);
#1471 = CARTESIAN_POINT('',(-14.975,9.925,-7.8));
#1472 = VECTOR('',#1473,1.);
#1473 = DIRECTION('',(-0.,1.,0.));
#1474 = ORIENTED_EDGE('',*,*,#1475,.F.);
#1475 = EDGE_CURVE('',#1476,#1468,#1478,.T.);
#1476 = VERTEX_POINT('',#1477);
#1477 = CARTESIAN_POINT('',(-16.2,-10.,-7.8));
#1478 = LINE('',#1479,#1480);
#1479 = CARTESIAN_POINT('',(-8.1,-10.,-7.8));
#1480 = VECTOR('',#1481,1.);
#1481 = DIRECTION('',(1.,0.,-0.));
#1482 = ORIENTED_EDGE('',*,*,#1483,.F.);
#1483 = EDGE_CURVE('',#1484,#1476,#1486,.T.);
#1484 = VERTEX_POINT('',#1485);
#1485 = CARTESIAN_POINT('',(-16.2,3.5,-7.8));
#1486 = LINE('',#1487,#1488);
#1487 = CARTESIAN_POINT('',(-16.2,-5.,-7.8));
#1488 = VECTOR('',#1489,1.);
#1489 = DIRECTION('',(0.,-1.,0.));
#1490 = ORIENTED_EDGE('',*,*,#1491,.T.);
#1491 = EDGE_CURVE('',#1484,#1492,#1494,.T.);
#1492 = VERTEX_POINT('',#1493);
#1493 = CARTESIAN_POINT('',(-14.975,3.5,-7.8));
#1494 = LINE('',#1495,#1496);
#1495 = CARTESIAN_POINT('',(-8.1,3.5,-7.8));
#1496 = VECTOR('',#1497,1.);
#1497 = DIRECTION('',(1.,0.,-0.));
#1498 = ORIENTED_EDGE('',*,*,#1499,.T.);
#1499 = EDGE_CURVE('',#1492,#1500,#1502,.T.);
#1500 = VERTEX_POINT('',#1501);
#1501 = CARTESIAN_POINT('',(-14.975,19.85,-7.8));
#1502 = LINE('',#1503,#1504);
#1503 = CARTESIAN_POINT('',(-14.975,9.925,-7.8));
#1504 = VECTOR('',#1505,1.);
#1505 = DIRECTION('',(-0.,1.,0.));
#1506 = ORIENTED_EDGE('',*,*,#1507,.T.);
#1507 = EDGE_CURVE('',#1500,#1508,#1510,.T.);
#1508 = VERTEX_POINT('',#1509);
#1509 = CARTESIAN_POINT('',(-9.875,24.95,-7.8));
#1510 = CIRCLE('',#1511,5.1);
#1511 = AXIS2_PLACEMENT_3D('',#1512,#1513,#1514);
#1512 = CARTESIAN_POINT('',(-9.875,19.85,-7.8));
#1513 = DIRECTION('',(0.,-0.,-1.));
#1514 = DIRECTION('',(6.96610525255E-16,1.,-0.));
#1515 = ORIENTED_EDGE('',*,*,#1516,.T.);
#1516 = EDGE_CURVE('',#1508,#1517,#1519,.T.);
#1517 = VERTEX_POINT('',#1518);
#1518 = CARTESIAN_POINT('',(-7.,24.95,-7.8));
#1519 = LINE('',#1520,#1521);
#1520 = CARTESIAN_POINT('',(4.9375,24.95,-7.8));
#1521 = VECTOR('',#1522,1.);
#1522 = DIRECTION('',(1.,0.,-0.));
#1523 = ORIENTED_EDGE('',*,*,#1524,.F.);
#1524 = EDGE_CURVE('',#1525,#1517,#1527,.T.);
#1525 = VERTEX_POINT('',#1526);
#1526 = CARTESIAN_POINT('',(-7.,25.75,-7.8));
#1527 = LINE('',#1528,#1529);
#1528 = CARTESIAN_POINT('',(-7.,12.475,-7.8));
#1529 = VECTOR('',#1530,1.);
#1530 = DIRECTION('',(0.,-1.,0.));
#1531 = ORIENTED_EDGE('',*,*,#1532,.T.);
#1532 = EDGE_CURVE('',#1525,#1533,#1535,.T.);
#1533 = VERTEX_POINT('',#1534);
#1534 = CARTESIAN_POINT('',(-4.5,25.75,-7.8));
#1535 = LINE('',#1536,#1537);
#1536 = CARTESIAN_POINT('',(-3.5,25.75,-7.8));
#1537 = VECTOR('',#1538,1.);
#1538 = DIRECTION('',(1.,0.,-0.));
#1539 = ORIENTED_EDGE('',*,*,#1540,.T.);
#1540 = EDGE_CURVE('',#1533,#1541,#1543,.T.);
#1541 = VERTEX_POINT('',#1542);
#1542 = CARTESIAN_POINT('',(-4.5,24.95,-7.8));
#1543 = LINE('',#1544,#1545);
#1544 = CARTESIAN_POINT('',(-4.5,12.475,-7.8));
#1545 = VECTOR('',#1546,1.);
#1546 = DIRECTION('',(0.,-1.,0.));
#1547 = ORIENTED_EDGE('',*,*,#1548,.T.);
#1548 = EDGE_CURVE('',#1541,#1549,#1551,.T.);
#1549 = VERTEX_POINT('',#1550);
#1550 = CARTESIAN_POINT('',(4.5,24.95,-7.8));
#1551 = LINE('',#1552,#1553);
#1552 = CARTESIAN_POINT('',(4.9375,24.95,-7.8));
#1553 = VECTOR('',#1554,1.);
#1554 = DIRECTION('',(1.,0.,-0.));
#1555 = ORIENTED_EDGE('',*,*,#1556,.F.);
#1556 = EDGE_CURVE('',#1557,#1549,#1559,.T.);
#1557 = VERTEX_POINT('',#1558);
#1558 = CARTESIAN_POINT('',(4.5,25.75,-7.8));
#1559 = LINE('',#1560,#1561);
#1560 = CARTESIAN_POINT('',(4.5,12.475,-7.8));
#1561 = VECTOR('',#1562,1.);
#1562 = DIRECTION('',(0.,-1.,0.));
#1563 = ORIENTED_EDGE('',*,*,#1564,.T.);
#1564 = EDGE_CURVE('',#1557,#1565,#1567,.T.);
#1565 = VERTEX_POINT('',#1566);
#1566 = CARTESIAN_POINT('',(7.,25.75,-7.8));
#1567 = LINE('',#1568,#1569);
#1568 = CARTESIAN_POINT('',(2.25,25.75,-7.8));
#1569 = VECTOR('',#1570,1.);
#1570 = DIRECTION('',(1.,0.,-0.));
#1571 = ORIENTED_EDGE('',*,*,#1572,.T.);
#1572 = EDGE_CURVE('',#1565,#1573,#1575,.T.);
#1573 = VERTEX_POINT('',#1574);
#1574 = CARTESIAN_POINT('',(7.,24.95,-7.8));
#1575 = LINE('',#1576,#1577);
#1576 = CARTESIAN_POINT('',(7.,12.475,-7.8));
#1577 = VECTOR('',#1578,1.);
#1578 = DIRECTION('',(0.,-1.,0.));
#1579 = ORIENTED_EDGE('',*,*,#1580,.T.);
#1580 = EDGE_CURVE('',#1573,#1581,#1583,.T.);
#1581 = VERTEX_POINT('',#1582);
#1582 = CARTESIAN_POINT('',(9.875,24.95,-7.8));
#1583 = LINE('',#1584,#1585);
#1584 = CARTESIAN_POINT('',(4.9375,24.95,-7.8));
#1585 = VECTOR('',#1586,1.);
#1586 = DIRECTION('',(1.,0.,-0.));
#1587 = ORIENTED_EDGE('',*,*,#1588,.T.);
#1588 = EDGE_CURVE('',#1581,#1589,#1591,.T.);
#1589 = VERTEX_POINT('',#1590);
#1590 = CARTESIAN_POINT('',(14.975,19.85,-7.8));
#1591 = CIRCLE('',#1592,5.1);
#1592 = AXIS2_PLACEMENT_3D('',#1593,#1594,#1595);
#1593 = CARTESIAN_POINT('',(9.875,19.85,-7.8));
#1594 = DIRECTION('',(0.,-0.,-1.));
#1595 = DIRECTION('',(1.,-6.96610525255E-16,0.));
#1596 = ORIENTED_EDGE('',*,*,#1597,.T.);
#1597 = EDGE_CURVE('',#1589,#1598,#1600,.T.);
#1598 = VERTEX_POINT('',#1599);
#1599 = CARTESIAN_POINT('',(14.975,16.2,-7.8));
#1600 = LINE('',#1601,#1602);
#1601 = CARTESIAN_POINT('',(14.975,-9.925,-7.8));
#1602 = VECTOR('',#1603,1.);
#1603 = DIRECTION('',(0.,-1.,0.));
#1604 = ORIENTED_EDGE('',*,*,#1605,.F.);
#1605 = EDGE_CURVE('',#1606,#1598,#1608,.T.);
#1606 = VERTEX_POINT('',#1607);
#1607 = CARTESIAN_POINT('',(15.3,16.2,-7.8));
#1608 = LINE('',#1609,#1610);
#1609 = CARTESIAN_POINT('',(7.4875,16.2,-7.8));
#1610 = VECTOR('',#1611,1.);
#1611 = DIRECTION('',(-1.,-0.,0.));
#1612 = ORIENTED_EDGE('',*,*,#1613,.T.);
#1613 = EDGE_CURVE('',#1606,#1614,#1616,.T.);
#1614 = VERTEX_POINT('',#1615);
#1615 = CARTESIAN_POINT('',(15.3,23.7,-7.8));
#1616 = LINE('',#1617,#1618);
#1617 = CARTESIAN_POINT('',(15.3,7.65,-7.8));
#1618 = VECTOR('',#1619,1.);
#1619 = DIRECTION('',(-0.,1.,0.));
#1620 = ORIENTED_EDGE('',*,*,#1621,.F.);
#1621 = EDGE_CURVE('',#1622,#1614,#1624,.T.);
#1622 = VERTEX_POINT('',#1623);
#1623 = CARTESIAN_POINT('',(26.1,23.7,-7.8));
#1624 = LINE('',#1625,#1626);
#1625 = CARTESIAN_POINT('',(7.65,23.7,-7.8));
#1626 = VECTOR('',#1627,1.);
#1627 = DIRECTION('',(-1.,-0.,0.));
#1628 = ORIENTED_EDGE('',*,*,#1629,.F.);
#1629 = EDGE_CURVE('',#1630,#1622,#1632,.T.);
#1630 = VERTEX_POINT('',#1631);
#1631 = CARTESIAN_POINT('',(26.1,15.3,-7.8));
#1632 = LINE('',#1633,#1634);
#1633 = CARTESIAN_POINT('',(26.1,7.65,-7.8));
#1634 = VECTOR('',#1635,1.);
#1635 = DIRECTION('',(-0.,1.,0.));
#1636 = ORIENTED_EDGE('',*,*,#1637,.T.);
#1637 = EDGE_CURVE('',#1630,#1638,#1640,.T.);
#1638 = VERTEX_POINT('',#1639);
#1639 = CARTESIAN_POINT('',(20.995,15.3,-7.8));
#1640 = LINE('',#1641,#1642);
#1641 = CARTESIAN_POINT('',(7.65,15.3,-7.8));
#1642 = VECTOR('',#1643,1.);
#1643 = DIRECTION('',(-1.,-0.,0.));
#1644 = ORIENTED_EDGE('',*,*,#1645,.F.);
#1645 = EDGE_CURVE('',#1646,#1638,#1648,.T.);
#1646 = VERTEX_POINT('',#1647);
#1647 = CARTESIAN_POINT('',(20.995,15.2,-7.8));
#1648 = LINE('',#1649,#1650);
#1649 = CARTESIAN_POINT('',(20.995,7.6,-7.8));
#1650 = VECTOR('',#1651,1.);
#1651 = DIRECTION('',(-0.,1.,0.));
#1652 = ORIENTED_EDGE('',*,*,#1653,.F.);
#1653 = EDGE_CURVE('',#1654,#1646,#1656,.T.);
#1654 = VERTEX_POINT('',#1655);
#1655 = CARTESIAN_POINT('',(24.6625,15.2,-7.8));
#1656 = LINE('',#1657,#1658);
#1657 = CARTESIAN_POINT('',(7.2375,15.2,-7.8));
#1658 = VECTOR('',#1659,1.);
#1659 = DIRECTION('',(-1.,-0.,0.));
#1660 = ORIENTED_EDGE('',*,*,#1661,.F.);
#1661 = EDGE_CURVE('',#1662,#1654,#1664,.T.);
#1662 = VERTEX_POINT('',#1663);
#1663 = CARTESIAN_POINT('',(24.6625,11.2,-7.8));
#1664 = LINE('',#1665,#1666);
#1665 = CARTESIAN_POINT('',(24.6625,-7.6,-7.8));
#1666 = VECTOR('',#1667,1.);
#1667 = DIRECTION('',(-0.,1.,0.));
#1668 = ORIENTED_EDGE('',*,*,#1669,.F.);
#1669 = EDGE_CURVE('',#1670,#1662,#1672,.T.);
#1670 = VERTEX_POINT('',#1671);
#1671 = CARTESIAN_POINT('',(24.9625,11.2,-7.8));
#1672 = LINE('',#1673,#1674);
#1673 = CARTESIAN_POINT('',(10.1475,11.2,-7.8));
#1674 = VECTOR('',#1675,1.);
#1675 = DIRECTION('',(-1.,-0.,0.));
#1676 = ORIENTED_EDGE('',*,*,#1677,.F.);
#1677 = EDGE_CURVE('',#1678,#1670,#1680,.T.);
#1678 = VERTEX_POINT('',#1679);
#1679 = CARTESIAN_POINT('',(24.9625,-11.2,-7.8));
#1680 = LINE('',#1681,#1682);
#1681 = CARTESIAN_POINT('',(24.9625,-5.6,-7.8));
#1682 = VECTOR('',#1683,1.);
#1683 = DIRECTION('',(-0.,1.,0.));
#1684 = ORIENTED_EDGE('',*,*,#1685,.T.);
#1685 = EDGE_CURVE('',#1678,#1686,#1688,.T.);
#1686 = VERTEX_POINT('',#1687);
#1687 = CARTESIAN_POINT('',(24.6625,-11.2,-7.8));
#1688 = LINE('',#1689,#1690);
#1689 = CARTESIAN_POINT('',(10.1475,-11.2,-7.8));
#1690 = VECTOR('',#1691,1.);
#1691 = DIRECTION('',(-1.,-0.,0.));
#1692 = ORIENTED_EDGE('',*,*,#1693,.F.);
#1693 = EDGE_CURVE('',#1694,#1686,#1696,.T.);
#1694 = VERTEX_POINT('',#1695);
#1695 = CARTESIAN_POINT('',(24.6625,-15.2,-7.8));
#1696 = LINE('',#1697,#1698);
#1697 = CARTESIAN_POINT('',(24.6625,-7.6,-7.8));
#1698 = VECTOR('',#1699,1.);
#1699 = DIRECTION('',(-0.,1.,0.));
#1700 = ORIENTED_EDGE('',*,*,#1701,.T.);
#1701 = EDGE_CURVE('',#1694,#1322,#1702,.T.);
#1702 = LINE('',#1703,#1704);
#1703 = CARTESIAN_POINT('',(7.2375,-15.2,-7.8));
#1704 = VECTOR('',#1705,1.);
#1705 = DIRECTION('',(-1.,-0.,0.));
#1706 = FACE_BOUND('',#1707,.T.);
#1707 = EDGE_LOOP('',(#1708,#1718,#1726,#1734));
#1708 = ORIENTED_EDGE('',*,*,#1709,.T.);
#1709 = EDGE_CURVE('',#1710,#1712,#1714,.T.);
#1710 = VERTEX_POINT('',#1711);
#1711 = CARTESIAN_POINT('',(-15.3,-23.7,-7.8));
#1712 = VERTEX_POINT('',#1713);
#1713 = CARTESIAN_POINT('',(-26.1,-23.7,-7.8));
#1714 = LINE('',#1715,#1716);
#1715 = CARTESIAN_POINT('',(-13.05,-23.7,-7.8));
#1716 = VECTOR('',#1717,1.);
#1717 = DIRECTION('',(-1.,-0.,0.));
#1718 = ORIENTED_EDGE('',*,*,#1719,.T.);
#1719 = EDGE_CURVE('',#1712,#1720,#1722,.T.);
#1720 = VERTEX_POINT('',#1721);
#1721 = CARTESIAN_POINT('',(-26.1,-15.3,-7.8));
#1722 = LINE('',#1723,#1724);
#1723 = CARTESIAN_POINT('',(-26.1,-11.85,-7.8));
#1724 = VECTOR('',#1725,1.);
#1725 = DIRECTION('',(-0.,1.,0.));
#1726 = ORIENTED_EDGE('',*,*,#1727,.F.);
#1727 = EDGE_CURVE('',#1728,#1720,#1730,.T.);
#1728 = VERTEX_POINT('',#1729);
#1729 = CARTESIAN_POINT('',(-15.3,-15.3,-7.8));
#1730 = LINE('',#1731,#1732);
#1731 = CARTESIAN_POINT('',(-13.05,-15.3,-7.8));
#1732 = VECTOR('',#1733,1.);
#1733 = DIRECTION('',(-1.,-0.,0.));
#1734 = ORIENTED_EDGE('',*,*,#1735,.F.);
#1735 = EDGE_CURVE('',#1710,#1728,#1736,.T.);
#1736 = LINE('',#1737,#1738);
#1737 = CARTESIAN_POINT('',(-15.3,-11.85,-7.8));
#1738 = VECTOR('',#1739,1.);
#1739 = DIRECTION('',(-0.,1.,0.));
#1740 = FACE_BOUND('',#1741,.T.);
#1741 = EDGE_LOOP('',(#1742,#1752,#1760,#1768));
#1742 = ORIENTED_EDGE('',*,*,#1743,.T.);
#1743 = EDGE_CURVE('',#1744,#1746,#1748,.T.);
#1744 = VERTEX_POINT('',#1745);
#1745 = CARTESIAN_POINT('',(-15.3,15.3,-7.8));
#1746 = VERTEX_POINT('',#1747);
#1747 = CARTESIAN_POINT('',(-26.1,15.3,-7.8));
#1748 = LINE('',#1749,#1750);
#1749 = CARTESIAN_POINT('',(-13.05,15.3,-7.8));
#1750 = VECTOR('',#1751,1.);
#1751 = DIRECTION('',(-1.,-0.,0.));
#1752 = ORIENTED_EDGE('',*,*,#1753,.T.);
#1753 = EDGE_CURVE('',#1746,#1754,#1756,.T.);
#1754 = VERTEX_POINT('',#1755);
#1755 = CARTESIAN_POINT('',(-26.1,23.7,-7.8));
#1756 = LINE('',#1757,#1758);
#1757 = CARTESIAN_POINT('',(-26.1,7.65,-7.8));
#1758 = VECTOR('',#1759,1.);
#1759 = DIRECTION('',(-0.,1.,0.));
#1760 = ORIENTED_EDGE('',*,*,#1761,.F.);
#1761 = EDGE_CURVE('',#1762,#1754,#1764,.T.);
#1762 = VERTEX_POINT('',#1763);
#1763 = CARTESIAN_POINT('',(-15.3,23.7,-7.8));
#1764 = LINE('',#1765,#1766);
#1765 = CARTESIAN_POINT('',(-13.05,23.7,-7.8));
#1766 = VECTOR('',#1767,1.);
#1767 = DIRECTION('',(-1.,-0.,0.));
#1768 = ORIENTED_EDGE('',*,*,#1769,.F.);
#1769 = EDGE_CURVE('',#1744,#1762,#1770,.T.);
#1770 = LINE('',#1771,#1772);
#1771 = CARTESIAN_POINT('',(-15.3,7.65,-7.8));
#1772 = VECTOR('',#1773,1.);
#1773 = DIRECTION('',(-0.,1.,0.));
#1774 = FACE_BOUND('',#1775,.T.);
#1775 = EDGE_LOOP('',(#1776,#1786,#1794,#1802));
#1776 = ORIENTED_EDGE('',*,*,#1777,.T.);
#1777 = EDGE_CURVE('',#1778,#1780,#1782,.T.);
#1778 = VERTEX_POINT('',#1779);
#1779 = CARTESIAN_POINT('',(15.,-27.7,-7.8));
#1780 = VERTEX_POINT('',#1781);
#1781 = CARTESIAN_POINT('',(4.5,-27.7,-7.8));
#1782 = LINE('',#1783,#1784);
#1783 = CARTESIAN_POINT('',(2.25,-27.7,-7.8));
#1784 = VECTOR('',#1785,1.);
#1785 = DIRECTION('',(-1.,-0.,0.));
#1786 = ORIENTED_EDGE('',*,*,#1787,.T.);
#1787 = EDGE_CURVE('',#1780,#1788,#1790,.T.);
#1788 = VERTEX_POINT('',#1789);
#1789 = CARTESIAN_POINT('',(4.5,-26.7,-7.8));
#1790 = LINE('',#1791,#1792);
#1791 = CARTESIAN_POINT('',(4.5,-13.85,-7.8));
#1792 = VECTOR('',#1793,1.);
#1793 = DIRECTION('',(-0.,1.,0.));
#1794 = ORIENTED_EDGE('',*,*,#1795,.F.);
#1795 = EDGE_CURVE('',#1796,#1788,#1798,.T.);
#1796 = VERTEX_POINT('',#1797);
#1797 = CARTESIAN_POINT('',(15.,-26.7,-7.8));
#1798 = LINE('',#1799,#1800);
#1799 = CARTESIAN_POINT('',(2.25,-26.7,-7.8));
#1800 = VECTOR('',#1801,1.);
#1801 = DIRECTION('',(-1.,-0.,0.));
#1802 = ORIENTED_EDGE('',*,*,#1803,.F.);
#1803 = EDGE_CURVE('',#1778,#1796,#1804,.T.);
#1804 = LINE('',#1805,#1806);
#1805 = CARTESIAN_POINT('',(15.,-13.85,-7.8));
#1806 = VECTOR('',#1807,1.);
#1807 = DIRECTION('',(-0.,1.,0.));
#1808 = FACE_BOUND('',#1809,.T.);
#1809 = EDGE_LOOP('',(#1810,#1820,#1828,#1836));
#1810 = ORIENTED_EDGE('',*,*,#1811,.T.);
#1811 = EDGE_CURVE('',#1812,#1814,#1816,.T.);
#1812 = VERTEX_POINT('',#1813);
#1813 = CARTESIAN_POINT('',(4.5,26.7,-7.8));
#1814 = VERTEX_POINT('',#1815);
#1815 = CARTESIAN_POINT('',(4.5,27.7,-7.8));
#1816 = LINE('',#1817,#1818);
#1817 = CARTESIAN_POINT('',(4.5,13.35,-7.8));
#1818 = VECTOR('',#1819,1.);
#1819 = DIRECTION('',(-0.,1.,0.));
#1820 = ORIENTED_EDGE('',*,*,#1821,.F.);
#1821 = EDGE_CURVE('',#1822,#1814,#1824,.T.);
#1822 = VERTEX_POINT('',#1823);
#1823 = CARTESIAN_POINT('',(15.,27.7,-7.8));
#1824 = LINE('',#1825,#1826);
#1825 = CARTESIAN_POINT('',(2.25,27.7,-7.8));
#1826 = VECTOR('',#1827,1.);
#1827 = DIRECTION('',(-1.,-0.,0.));
#1828 = ORIENTED_EDGE('',*,*,#1829,.F.);
#1829 = EDGE_CURVE('',#1830,#1822,#1832,.T.);
#1830 = VERTEX_POINT('',#1831);
#1831 = CARTESIAN_POINT('',(15.,26.7,-7.8));
#1832 = LINE('',#1833,#1834);
#1833 = CARTESIAN_POINT('',(15.,13.35,-7.8));
#1834 = VECTOR('',#1835,1.);
#1835 = DIRECTION('',(-0.,1.,0.));
#1836 = ORIENTED_EDGE('',*,*,#1837,.T.);
#1837 = EDGE_CURVE('',#1830,#1812,#1838,.T.);
#1838 = LINE('',#1839,#1840);
#1839 = CARTESIAN_POINT('',(2.25,26.7,-7.8));
#1840 = VECTOR('',#1841,1.);
#1841 = DIRECTION('',(-1.,-0.,0.));
#1842 = FACE_BOUND('',#1843,.T.);
#1843 = EDGE_LOOP('',(#1844,#1854,#1862,#1870));
#1844 = ORIENTED_EDGE('',*,*,#1845,.T.);
#1845 = EDGE_CURVE('',#1846,#1848,#1850,.T.);
#1846 = VERTEX_POINT('',#1847);
#1847 = CARTESIAN_POINT('',(-4.5,-27.7,-7.8));
#1848 = VERTEX_POINT('',#1849);
#1849 = CARTESIAN_POINT('',(-15.,-27.7,-7.8));
#1850 = LINE('',#1851,#1852);
#1851 = CARTESIAN_POINT('',(-7.5,-27.7,-7.8));
#1852 = VECTOR('',#1853,1.);
#1853 = DIRECTION('',(-1.,-0.,0.));
#1854 = ORIENTED_EDGE('',*,*,#1855,.T.);
#1855 = EDGE_CURVE('',#1848,#1856,#1858,.T.);
#1856 = VERTEX_POINT('',#1857);
#1857 = CARTESIAN_POINT('',(-15.,-26.7,-7.8));
#1858 = LINE('',#1859,#1860);
#1859 = CARTESIAN_POINT('',(-15.,-13.85,-7.8));
#1860 = VECTOR('',#1861,1.);
#1861 = DIRECTION('',(-0.,1.,0.));
#1862 = ORIENTED_EDGE('',*,*,#1863,.F.);
#1863 = EDGE_CURVE('',#1864,#1856,#1866,.T.);
#1864 = VERTEX_POINT('',#1865);
#1865 = CARTESIAN_POINT('',(-4.5,-26.7,-7.8));
#1866 = LINE('',#1867,#1868);
#1867 = CARTESIAN_POINT('',(-7.5,-26.7,-7.8));
#1868 = VECTOR('',#1869,1.);
#1869 = DIRECTION('',(-1.,-0.,0.));
#1870 = ORIENTED_EDGE('',*,*,#1871,.F.);
#1871 = EDGE_CURVE('',#1846,#1864,#1872,.T.);
#1872 = LINE('',#1873,#1874);
#1873 = CARTESIAN_POINT('',(-4.5,-13.85,-7.8));
#1874 = VECTOR('',#1875,1.);
#1875 = DIRECTION('',(-0.,1.,0.));
#1876 = FACE_BOUND('',#1877,.T.);
#1877 = EDGE_LOOP('',(#1878,#1888,#1896,#1904));
#1878 = ORIENTED_EDGE('',*,*,#1879,.T.);
#1879 = EDGE_CURVE('',#1880,#1882,#1884,.T.);
#1880 = VERTEX_POINT('',#1881);
#1881 = CARTESIAN_POINT('',(-15.,26.7,-7.8));
#1882 = VERTEX_POINT('',#1883);
#1883 = CARTESIAN_POINT('',(-15.,27.7,-7.8));
#1884 = LINE('',#1885,#1886);
#1885 = CARTESIAN_POINT('',(-15.,13.35,-7.8));
#1886 = VECTOR('',#1887,1.);
#1887 = DIRECTION('',(-0.,1.,0.));
#1888 = ORIENTED_EDGE('',*,*,#1889,.F.);
#1889 = EDGE_CURVE('',#1890,#1882,#1892,.T.);
#1890 = VERTEX_POINT('',#1891);
#1891 = CARTESIAN_POINT('',(-4.5,27.7,-7.8));
#1892 = LINE('',#1893,#1894);
#1893 = CARTESIAN_POINT('',(-7.5,27.7,-7.8));
#1894 = VECTOR('',#1895,1.);
#1895 = DIRECTION('',(-1.,-0.,0.));
#1896 = ORIENTED_EDGE('',*,*,#1897,.F.);
#1897 = EDGE_CURVE('',#1898,#1890,#1900,.T.);
#1898 = VERTEX_POINT('',#1899);
#1899 = CARTESIAN_POINT('',(-4.5,26.7,-7.8));
#1900 = LINE('',#1901,#1902);
#1901 = CARTESIAN_POINT('',(-4.5,13.35,-7.8));
#1902 = VECTOR('',#1903,1.);
#1903 = DIRECTION('',(-0.,1.,0.));
#1904 = ORIENTED_EDGE('',*,*,#1905,.T.);
#1905 = EDGE_CURVE('',#1898,#1880,#1906,.T.);
#1906 = LINE('',#1907,#1908);
#1907 = CARTESIAN_POINT('',(-7.5,26.7,-7.8));
#1908 = VECTOR('',#1909,1.);
#1909 = DIRECTION('',(-1.,-0.,0.));
#1910 = FACE_BOUND('',#1911,.T.);
#1911 = EDGE_LOOP('',(#1912,#1922,#1930,#1938));
#1912 = ORIENTED_EDGE('',*,*,#1913,.T.);
#1913 = EDGE_CURVE('',#1914,#1916,#1918,.T.);
#1914 = VERTEX_POINT('',#1915);
#1915 = CARTESIAN_POINT('',(-27.3,-27.8,-7.8));
#1916 = VERTEX_POINT('',#1917);
#1917 = CARTESIAN_POINT('',(-27.3,-24.,-7.8));
#1918 = LINE('',#1919,#1920);
#1919 = CARTESIAN_POINT('',(-27.3,-13.9,-7.8));
#1920 = VECTOR('',#1921,1.);
#1921 = DIRECTION('',(-0.,1.,0.));
#1922 = ORIENTED_EDGE('',*,*,#1923,.F.);
#1923 = EDGE_CURVE('',#1924,#1916,#1926,.T.);
#1924 = VERTEX_POINT('',#1925);
#1925 = CARTESIAN_POINT('',(-21.5,-24.,-7.8));
#1926 = LINE('',#1927,#1928);
#1927 = CARTESIAN_POINT('',(-13.65,-24.,-7.8));
#1928 = VECTOR('',#1929,1.);
#1929 = DIRECTION('',(-1.,-0.,0.));
#1930 = ORIENTED_EDGE('',*,*,#1931,.F.);
#1931 = EDGE_CURVE('',#1932,#1924,#1934,.T.);
#1932 = VERTEX_POINT('',#1933);
#1933 = CARTESIAN_POINT('',(-21.5,-27.8,-7.8));
#1934 = LINE('',#1935,#1936);
#1935 = CARTESIAN_POINT('',(-21.5,-13.9,-7.8));
#1936 = VECTOR('',#1937,1.);
#1937 = DIRECTION('',(-0.,1.,0.));
#1938 = ORIENTED_EDGE('',*,*,#1939,.T.);
#1939 = EDGE_CURVE('',#1932,#1914,#1940,.T.);
#1940 = LINE('',#1941,#1942);
#1941 = CARTESIAN_POINT('',(-13.65,-27.8,-7.8));
#1942 = VECTOR('',#1943,1.);
#1943 = DIRECTION('',(-1.,-0.,0.));
#1944 = FACE_BOUND('',#1945,.T.);
#1945 = EDGE_LOOP('',(#1946,#1956,#1964,#1972));
#1946 = ORIENTED_EDGE('',*,*,#1947,.T.);
#1947 = EDGE_CURVE('',#1948,#1950,#1952,.T.);
#1948 = VERTEX_POINT('',#1949);
#1949 = CARTESIAN_POINT('',(21.5,-27.8,-7.8));
#1950 = VERTEX_POINT('',#1951);
#1951 = CARTESIAN_POINT('',(21.5,-24.,-7.8));
#1952 = LINE('',#1953,#1954);
#1953 = CARTESIAN_POINT('',(21.5,-13.9,-7.8));
#1954 = VECTOR('',#1955,1.);
#1955 = DIRECTION('',(-0.,1.,0.));
#1956 = ORIENTED_EDGE('',*,*,#1957,.F.);
#1957 = EDGE_CURVE('',#1958,#1950,#1960,.T.);
#1958 = VERTEX_POINT('',#1959);
#1959 = CARTESIAN_POINT('',(27.3,-24.,-7.8));
#1960 = LINE('',#1961,#1962);
#1961 = CARTESIAN_POINT('',(10.75,-24.,-7.8));
#1962 = VECTOR('',#1963,1.);
#1963 = DIRECTION('',(-1.,-0.,0.));
#1964 = ORIENTED_EDGE('',*,*,#1965,.F.);
#1965 = EDGE_CURVE('',#1966,#1958,#1968,.T.);
#1966 = VERTEX_POINT('',#1967);
#1967 = CARTESIAN_POINT('',(27.3,-27.8,-7.8));
#1968 = LINE('',#1969,#1970);
#1969 = CARTESIAN_POINT('',(27.3,-13.9,-7.8));
#1970 = VECTOR('',#1971,1.);
#1971 = DIRECTION('',(-0.,1.,0.));
#1972 = ORIENTED_EDGE('',*,*,#1973,.T.);
#1973 = EDGE_CURVE('',#1966,#1948,#1974,.T.);
#1974 = LINE('',#1975,#1976);
#1975 = CARTESIAN_POINT('',(10.75,-27.8,-7.8));
#1976 = VECTOR('',#1977,1.);
#1977 = DIRECTION('',(-1.,-0.,0.));
#1978 = FACE_BOUND('',#1979,.T.);
#1979 = EDGE_LOOP('',(#1980,#1990,#1998,#2006,#2014,#2022,#2030,#2038));
#1980 = ORIENTED_EDGE('',*,*,#1981,.F.);
#1981 = EDGE_CURVE('',#1982,#1984,#1986,.T.);
#1982 = VERTEX_POINT('',#1983);
#1983 = CARTESIAN_POINT('',(-20.7125,1.45,-7.8));
#1984 = VERTEX_POINT('',#1985);
#1985 = CARTESIAN_POINT('',(-20.7125,5.25,-7.8));
#1986 = LINE('',#1987,#1988);
#1987 = CARTESIAN_POINT('',(-20.7125,0.725,-7.8));
#1988 = VECTOR('',#1989,1.);
#1989 = DIRECTION('',(-0.,1.,0.));
#1990 = ORIENTED_EDGE('',*,*,#1991,.T.);
#1991 = EDGE_CURVE('',#1982,#1992,#1994,.T.);
#1992 = VERTEX_POINT('',#1993);
#1993 = CARTESIAN_POINT('',(-25.3125,1.45,-7.8));
#1994 = LINE('',#1995,#1996);
#1995 = CARTESIAN_POINT('',(-12.65625,1.45,-7.8));
#1996 = VECTOR('',#1997,1.);
#1997 = DIRECTION('',(-1.,-0.,0.));
#1998 = ORIENTED_EDGE('',*,*,#1999,.T.);
#1999 = EDGE_CURVE('',#1992,#2000,#2002,.T.);
#2000 = VERTEX_POINT('',#2001);
#2001 = CARTESIAN_POINT('',(-25.3125,5.25,-7.8));
#2002 = LINE('',#2003,#2004);
#2003 = CARTESIAN_POINT('',(-25.3125,0.725,-7.8));
#2004 = VECTOR('',#2005,1.);
#2005 = DIRECTION('',(-0.,1.,0.));
#2006 = ORIENTED_EDGE('',*,*,#2007,.F.);
#2007 = EDGE_CURVE('',#2008,#2000,#2010,.T.);
#2008 = VERTEX_POINT('',#2009);
#2009 = CARTESIAN_POINT('',(-24.5125,5.25,-7.8));
#2010 = LINE('',#2011,#2012);
#2011 = CARTESIAN_POINT('',(-12.65625,5.25,-7.8));
#2012 = VECTOR('',#2013,1.);
#2013 = DIRECTION('',(-1.,-0.,0.));
#2014 = ORIENTED_EDGE('',*,*,#2015,.T.);
#2015 = EDGE_CURVE('',#2008,#2016,#2018,.T.);
#2016 = VERTEX_POINT('',#2017);
#2017 = CARTESIAN_POINT('',(-24.5125,5.26,-7.8));
#2018 = LINE('',#2019,#2020);
#2019 = CARTESIAN_POINT('',(-24.5125,1.125,-7.8));
#2020 = VECTOR('',#2021,1.);
#2021 = DIRECTION('',(-0.,1.,0.));
#2022 = ORIENTED_EDGE('',*,*,#2023,.F.);
#2023 = EDGE_CURVE('',#2024,#2016,#2026,.T.);
#2024 = VERTEX_POINT('',#2025);
#2025 = CARTESIAN_POINT('',(-21.5125,5.26,-7.8));
#2026 = LINE('',#2027,#2028);
#2027 = CARTESIAN_POINT('',(-12.25625,5.26,-7.8));
#2028 = VECTOR('',#2029,1.);
#2029 = DIRECTION('',(-1.,-0.,0.));
#2030 = ORIENTED_EDGE('',*,*,#2031,.F.);
#2031 = EDGE_CURVE('',#2032,#2024,#2034,.T.);
#2032 = VERTEX_POINT('',#2033);
#2033 = CARTESIAN_POINT('',(-21.5125,5.25,-7.8));
#2034 = LINE('',#2035,#2036);
#2035 = CARTESIAN_POINT('',(-21.5125,1.125,-7.8));
#2036 = VECTOR('',#2037,1.);
#2037 = DIRECTION('',(-0.,1.,0.));
#2038 = ORIENTED_EDGE('',*,*,#2039,.F.);
#2039 = EDGE_CURVE('',#1984,#2032,#2040,.T.);
#2040 = LINE('',#2041,#2042);
#2041 = CARTESIAN_POINT('',(-12.65625,5.25,-7.8));
#2042 = VECTOR('',#2043,1.);
#2043 = DIRECTION('',(-1.,-0.,0.));
#2044 = PLANE('',#2045);
#2045 = AXIS2_PLACEMENT_3D('',#2046,#2047,#2048);
#2046 = CARTESIAN_POINT('',(4.23115284648E-16,-6.34672926972E-16,-7.8));
#2047 = DIRECTION('',(0.,0.,1.));
#2048 = DIRECTION('',(1.,0.,-0.));
#2049 = ADVANCED_FACE('',(#2050),#2075,.T.);
#2050 = FACE_BOUND('',#2051,.T.);
#2051 = EDGE_LOOP('',(#2052,#2060,#2061,#2069));
#2052 = ORIENTED_EDGE('',*,*,#2053,.F.);
#2053 = EDGE_CURVE('',#1427,#2054,#2056,.T.);
#2054 = VERTEX_POINT('',#2055);
#2055 = CARTESIAN_POINT('',(-4.5,-25.75,-7.79));
#2056 = LINE('',#2057,#2058);
#2057 = CARTESIAN_POINT('',(-4.5,-25.75,-13.5));
#2058 = VECTOR('',#2059,1.);
#2059 = DIRECTION('',(0.,0.,1.));
#2060 = ORIENTED_EDGE('',*,*,#1426,.F.);
#2061 = ORIENTED_EDGE('',*,*,#2062,.T.);
#2062 = EDGE_CURVE('',#1419,#2063,#2065,.T.);
#2063 = VERTEX_POINT('',#2064);
#2064 = CARTESIAN_POINT('',(-4.5,-24.95,-7.79));
#2065 = LINE('',#2066,#2067);
#2066 = CARTESIAN_POINT('',(-4.5,-24.95,-13.5));
#2067 = VECTOR('',#2068,1.);
#2068 = DIRECTION('',(0.,0.,1.));
#2069 = ORIENTED_EDGE('',*,*,#2070,.F.);
#2070 = EDGE_CURVE('',#2054,#2063,#2071,.T.);
#2071 = LINE('',#2072,#2073);
#2072 = CARTESIAN_POINT('',(-4.5,-25.75,-7.79));
#2073 = VECTOR('',#2074,1.);
#2074 = DIRECTION('',(-0.,1.,0.));
#2075 = PLANE('',#2076);
#2076 = AXIS2_PLACEMENT_3D('',#2077,#2078,#2079);
#2077 = CARTESIAN_POINT('',(-4.5,-25.75,-13.5));
#2078 = DIRECTION('',(1.,0.,-0.));
#2079 = DIRECTION('',(0.,0.,1.));
#2080 = ADVANCED_FACE('',(#2081),#2099,.F.);
#2081 = FACE_BOUND('',#2082,.F.);
#2082 = EDGE_LOOP('',(#2083,#2084,#2092,#2098));
#2083 = ORIENTED_EDGE('',*,*,#1434,.F.);
#2084 = ORIENTED_EDGE('',*,*,#2085,.T.);
#2085 = EDGE_CURVE('',#1435,#2086,#2088,.T.);
#2086 = VERTEX_POINT('',#2087);
#2087 = CARTESIAN_POINT('',(-7.,-25.75,-7.79));
#2088 = LINE('',#2089,#2090);
#2089 = CARTESIAN_POINT('',(-7.,-25.75,-13.5));
#2090 = VECTOR('',#2091,1.);
#2091 = DIRECTION('',(0.,0.,1.));
#2092 = ORIENTED_EDGE('',*,*,#2093,.T.);
#2093 = EDGE_CURVE('',#2086,#2054,#2094,.T.);
#2094 = LINE('',#2095,#2096);
#2095 = CARTESIAN_POINT('',(-7.,-25.75,-7.79));
#2096 = VECTOR('',#2097,1.);
#2097 = DIRECTION('',(1.,0.,-0.));
#2098 = ORIENTED_EDGE('',*,*,#2053,.F.);
#2099 = PLANE('',#2100);
#2100 = AXIS2_PLACEMENT_3D('',#2101,#2102,#2103);
#2101 = CARTESIAN_POINT('',(-7.,-25.75,-13.5));
#2102 = DIRECTION('',(-0.,1.,0.));
#2103 = DIRECTION('',(0.,0.,1.));
#2104 = ADVANCED_FACE('',(#2105),#2123,.F.);
#2105 = FACE_BOUND('',#2106,.F.);
#2106 = EDGE_LOOP('',(#2107,#2108,#2109,#2117));
#2107 = ORIENTED_EDGE('',*,*,#2085,.F.);
#2108 = ORIENTED_EDGE('',*,*,#1442,.F.);
#2109 = ORIENTED_EDGE('',*,*,#2110,.T.);
#2110 = EDGE_CURVE('',#1443,#2111,#2113,.T.);
#2111 = VERTEX_POINT('',#2112);
#2112 = CARTESIAN_POINT('',(-7.,-24.95,-7.79));
#2113 = LINE('',#2114,#2115);
#2114 = CARTESIAN_POINT('',(-7.,-24.95,-13.5));
#2115 = VECTOR('',#2116,1.);
#2116 = DIRECTION('',(0.,0.,1.));
#2117 = ORIENTED_EDGE('',*,*,#2118,.F.);
#2118 = EDGE_CURVE('',#2086,#2111,#2119,.T.);
#2119 = LINE('',#2120,#2121);
#2120 = CARTESIAN_POINT('',(-7.,-25.75,-7.79));
#2121 = VECTOR('',#2122,1.);
#2122 = DIRECTION('',(-0.,1.,0.));
#2123 = PLANE('',#2124);
#2124 = AXIS2_PLACEMENT_3D('',#2125,#2126,#2127);
#2125 = CARTESIAN_POINT('',(-7.,-25.75,-13.5));
#2126 = DIRECTION('',(1.,0.,-0.));
#2127 = DIRECTION('',(0.,0.,1.));
#2128 = ADVANCED_FACE('',(#2129),#2140,.T.);
#2129 = FACE_BOUND('',#2130,.T.);
#2130 = EDGE_LOOP('',(#2131,#2132,#2133,#2134));
#2131 = ORIENTED_EDGE('',*,*,#2118,.F.);
#2132 = ORIENTED_EDGE('',*,*,#2093,.T.);
#2133 = ORIENTED_EDGE('',*,*,#2070,.T.);
#2134 = ORIENTED_EDGE('',*,*,#2135,.F.);
#2135 = EDGE_CURVE('',#2111,#2063,#2136,.T.);
#2136 = LINE('',#2137,#2138);
#2137 = CARTESIAN_POINT('',(-7.,-24.95,-7.79));
#2138 = VECTOR('',#2139,1.);
#2139 = DIRECTION('',(1.,0.,-0.));
#2140 = PLANE('',#2141);
#2141 = AXIS2_PLACEMENT_3D('',#2142,#2143,#2144);
#2142 = CARTESIAN_POINT('',(-7.,-25.75,-7.79));
#2143 = DIRECTION('',(0.,0.,1.));
#2144 = DIRECTION('',(1.,0.,-0.));
#2145 = ADVANCED_FACE('',(#2146),#2262,.T.);
#2146 = FACE_BOUND('',#2147,.T.);
#2147 = EDGE_LOOP('',(#2148,#2149,#2150,#2151,#2152,#2153,#2161,#2169,
    #2175,#2176,#2184,#2192,#2200,#2208,#2216,#2224,#2232,#2240,#2248,
    #2256));
#2148 = ORIENTED_EDGE('',*,*,#1450,.F.);
#2149 = ORIENTED_EDGE('',*,*,#2110,.T.);
#2150 = ORIENTED_EDGE('',*,*,#2135,.T.);
#2151 = ORIENTED_EDGE('',*,*,#2062,.F.);
#2152 = ORIENTED_EDGE('',*,*,#1418,.F.);
#2153 = ORIENTED_EDGE('',*,*,#2154,.T.);
#2154 = EDGE_CURVE('',#1411,#2155,#2157,.T.);
#2155 = VERTEX_POINT('',#2156);
#2156 = CARTESIAN_POINT('',(4.5,-24.95,-7.79));
#2157 = LINE('',#2158,#2159);
#2158 = CARTESIAN_POINT('',(4.5,-24.95,-13.5));
#2159 = VECTOR('',#2160,1.);
#2160 = DIRECTION('',(0.,0.,1.));
#2161 = ORIENTED_EDGE('',*,*,#2162,.T.);
#2162 = EDGE_CURVE('',#2155,#2163,#2165,.T.);
#2163 = VERTEX_POINT('',#2164);
#2164 = CARTESIAN_POINT('',(7.,-24.95,-7.79));
#2165 = LINE('',#2166,#2167);
#2166 = CARTESIAN_POINT('',(4.5,-24.95,-7.79));
#2167 = VECTOR('',#2168,1.);
#2168 = DIRECTION('',(1.,0.,-0.));
#2169 = ORIENTED_EDGE('',*,*,#2170,.F.);
#2170 = EDGE_CURVE('',#1387,#2163,#2171,.T.);
#2171 = LINE('',#2172,#2173);
#2172 = CARTESIAN_POINT('',(7.,-24.95,-13.5));
#2173 = VECTOR('',#2174,1.);
#2174 = DIRECTION('',(0.,0.,1.));
#2175 = ORIENTED_EDGE('',*,*,#1386,.F.);
#2176 = ORIENTED_EDGE('',*,*,#2177,.F.);
#2177 = EDGE_CURVE('',#2178,#1378,#2180,.T.);
#2178 = VERTEX_POINT('',#2179);
#2179 = CARTESIAN_POINT('',(9.875,-24.95,-9.));
#2180 = LINE('',#2181,#2182);
#2181 = CARTESIAN_POINT('',(9.875,-24.95,-10.));
#2182 = VECTOR('',#2183,1.);
#2183 = DIRECTION('',(0.,0.,1.));
#2184 = ORIENTED_EDGE('',*,*,#2185,.T.);
#2185 = EDGE_CURVE('',#2178,#2186,#2188,.T.);
#2186 = VERTEX_POINT('',#2187);
#2187 = CARTESIAN_POINT('',(7.,-24.95,-9.));
#2188 = LINE('',#2189,#2190);
#2189 = CARTESIAN_POINT('',(-4.9375,-24.95,-9.));
#2190 = VECTOR('',#2191,1.);
#2191 = DIRECTION('',(-1.,0.,0.));
#2192 = ORIENTED_EDGE('',*,*,#2193,.F.);
#2193 = EDGE_CURVE('',#2194,#2186,#2196,.T.);
#2194 = VERTEX_POINT('',#2195);
#2195 = CARTESIAN_POINT('',(7.,-24.95,-12.5));
#2196 = LINE('',#2197,#2198);
#2197 = CARTESIAN_POINT('',(7.,-24.95,-12.00140151515));
#2198 = VECTOR('',#2199,1.);
#2199 = DIRECTION('',(0.,0.,1.));
#2200 = ORIENTED_EDGE('',*,*,#2201,.F.);
#2201 = EDGE_CURVE('',#2202,#2194,#2204,.T.);
#2202 = VERTEX_POINT('',#2203);
#2203 = CARTESIAN_POINT('',(4.5,-24.95,-12.5));
#2204 = LINE('',#2205,#2206);
#2205 = CARTESIAN_POINT('',(-9.875,-24.95,-12.5));
#2206 = VECTOR('',#2207,1.);
#2207 = DIRECTION('',(1.,0.,0.));
#2208 = ORIENTED_EDGE('',*,*,#2209,.T.);
#2209 = EDGE_CURVE('',#2202,#2210,#2212,.T.);
#2210 = VERTEX_POINT('',#2211);
#2211 = CARTESIAN_POINT('',(4.5,-24.95,-9.));
#2212 = LINE('',#2213,#2214);
#2213 = CARTESIAN_POINT('',(4.5,-24.95,-13.5));
#2214 = VECTOR('',#2215,1.);
#2215 = DIRECTION('',(0.,0.,1.));
#2216 = ORIENTED_EDGE('',*,*,#2217,.T.);
#2217 = EDGE_CURVE('',#2210,#2218,#2220,.T.);
#2218 = VERTEX_POINT('',#2219);
#2219 = CARTESIAN_POINT('',(-4.5,-24.95,-9.));
#2220 = LINE('',#2221,#2222);
#2221 = CARTESIAN_POINT('',(-4.9375,-24.95,-9.));
#2222 = VECTOR('',#2223,1.);
#2223 = DIRECTION('',(-1.,0.,0.));
#2224 = ORIENTED_EDGE('',*,*,#2225,.F.);
#2225 = EDGE_CURVE('',#2226,#2218,#2228,.T.);
#2226 = VERTEX_POINT('',#2227);
#2227 = CARTESIAN_POINT('',(-4.5,-24.95,-12.5));
#2228 = LINE('',#2229,#2230);
#2229 = CARTESIAN_POINT('',(-4.5,-24.95,-12.00140151515));
#2230 = VECTOR('',#2231,1.);
#2231 = DIRECTION('',(0.,0.,1.));
#2232 = ORIENTED_EDGE('',*,*,#2233,.F.);
#2233 = EDGE_CURVE('',#2234,#2226,#2236,.T.);
#2234 = VERTEX_POINT('',#2235);
#2235 = CARTESIAN_POINT('',(-7.,-24.95,-12.5));
#2236 = LINE('',#2237,#2238);
#2237 = CARTESIAN_POINT('',(-9.875,-24.95,-12.5));
#2238 = VECTOR('',#2239,1.);
#2239 = DIRECTION('',(1.,0.,0.));
#2240 = ORIENTED_EDGE('',*,*,#2241,.T.);
#2241 = EDGE_CURVE('',#2234,#2242,#2244,.T.);
#2242 = VERTEX_POINT('',#2243);
#2243 = CARTESIAN_POINT('',(-7.,-24.95,-9.));
#2244 = LINE('',#2245,#2246);
#2245 = CARTESIAN_POINT('',(-7.,-24.95,-13.5));
#2246 = VECTOR('',#2247,1.);
#2247 = DIRECTION('',(0.,0.,1.));
#2248 = ORIENTED_EDGE('',*,*,#2249,.T.);
#2249 = EDGE_CURVE('',#2242,#2250,#2252,.T.);
#2250 = VERTEX_POINT('',#2251);
#2251 = CARTESIAN_POINT('',(-9.875,-24.95,-9.));
#2252 = LINE('',#2253,#2254);
#2253 = CARTESIAN_POINT('',(-4.9375,-24.95,-9.));
#2254 = VECTOR('',#2255,1.);
#2255 = DIRECTION('',(-1.,0.,0.));
#2256 = ORIENTED_EDGE('',*,*,#2257,.T.);
#2257 = EDGE_CURVE('',#2250,#1451,#2258,.T.);
#2258 = LINE('',#2259,#2260);
#2259 = CARTESIAN_POINT('',(-9.875,-24.95,-10.));
#2260 = VECTOR('',#2261,1.);
#2261 = DIRECTION('',(0.,0.,1.));
#2262 = PLANE('',#2263);
#2263 = AXIS2_PLACEMENT_3D('',#2264,#2265,#2266);
#2264 = CARTESIAN_POINT('',(-1.270187228745E-16,-24.95,-9.29963889882));
#2265 = DIRECTION('',(0.,1.,0.));
#2266 = DIRECTION('',(0.,-0.,1.));
#2267 = ADVANCED_FACE('',(#2268),#2286,.T.);
#2268 = FACE_BOUND('',#2269,.T.);
#2269 = EDGE_LOOP('',(#2270,#2278,#2279,#2280));
#2270 = ORIENTED_EDGE('',*,*,#2271,.F.);
#2271 = EDGE_CURVE('',#1395,#2272,#2274,.T.);
#2272 = VERTEX_POINT('',#2273);
#2273 = CARTESIAN_POINT('',(7.,-25.75,-7.79));
#2274 = LINE('',#2275,#2276);
#2275 = CARTESIAN_POINT('',(7.,-25.75,-13.5));
#2276 = VECTOR('',#2277,1.);
#2277 = DIRECTION('',(0.,0.,1.));
#2278 = ORIENTED_EDGE('',*,*,#1394,.F.);
#2279 = ORIENTED_EDGE('',*,*,#2170,.T.);
#2280 = ORIENTED_EDGE('',*,*,#2281,.F.);
#2281 = EDGE_CURVE('',#2272,#2163,#2282,.T.);
#2282 = LINE('',#2283,#2284);
#2283 = CARTESIAN_POINT('',(7.,-25.75,-7.79));
#2284 = VECTOR('',#2285,1.);
#2285 = DIRECTION('',(-0.,1.,0.));
#2286 = PLANE('',#2287);
#2287 = AXIS2_PLACEMENT_3D('',#2288,#2289,#2290);
#2288 = CARTESIAN_POINT('',(7.,-25.75,-13.5));
#2289 = DIRECTION('',(1.,0.,-0.));
#2290 = DIRECTION('',(0.,0.,1.));
#2291 = ADVANCED_FACE('',(#2292),#2310,.F.);
#2292 = FACE_BOUND('',#2293,.F.);
#2293 = EDGE_LOOP('',(#2294,#2295,#2303,#2309));
#2294 = ORIENTED_EDGE('',*,*,#1402,.F.);
#2295 = ORIENTED_EDGE('',*,*,#2296,.T.);
#2296 = EDGE_CURVE('',#1403,#2297,#2299,.T.);
#2297 = VERTEX_POINT('',#2298);
#2298 = CARTESIAN_POINT('',(4.5,-25.75,-7.79));
#2299 = LINE('',#2300,#2301);
#2300 = CARTESIAN_POINT('',(4.5,-25.75,-13.5));
#2301 = VECTOR('',#2302,1.);
#2302 = DIRECTION('',(0.,0.,1.));
#2303 = ORIENTED_EDGE('',*,*,#2304,.T.);
#2304 = EDGE_CURVE('',#2297,#2272,#2305,.T.);
#2305 = LINE('',#2306,#2307);
#2306 = CARTESIAN_POINT('',(4.5,-25.75,-7.79));
#2307 = VECTOR('',#2308,1.);
#2308 = DIRECTION('',(1.,0.,-0.));
#2309 = ORIENTED_EDGE('',*,*,#2271,.F.);
#2310 = PLANE('',#2311);
#2311 = AXIS2_PLACEMENT_3D('',#2312,#2313,#2314);
#2312 = CARTESIAN_POINT('',(4.5,-25.75,-13.5));
#2313 = DIRECTION('',(-0.,1.,0.));
#2314 = DIRECTION('',(0.,0.,1.));
#2315 = ADVANCED_FACE('',(#2316),#2327,.F.);
#2316 = FACE_BOUND('',#2317,.F.);
#2317 = EDGE_LOOP('',(#2318,#2319,#2320,#2321));
#2318 = ORIENTED_EDGE('',*,*,#2296,.F.);
#2319 = ORIENTED_EDGE('',*,*,#1410,.F.);
#2320 = ORIENTED_EDGE('',*,*,#2154,.T.);
#2321 = ORIENTED_EDGE('',*,*,#2322,.F.);
#2322 = EDGE_CURVE('',#2297,#2155,#2323,.T.);
#2323 = LINE('',#2324,#2325);
#2324 = CARTESIAN_POINT('',(4.5,-25.75,-7.79));
#2325 = VECTOR('',#2326,1.);
#2326 = DIRECTION('',(-0.,1.,0.));
#2327 = PLANE('',#2328);
#2328 = AXIS2_PLACEMENT_3D('',#2329,#2330,#2331);
#2329 = CARTESIAN_POINT('',(4.5,-25.75,-13.5));
#2330 = DIRECTION('',(1.,0.,-0.));
#2331 = DIRECTION('',(0.,0.,1.));
#2332 = ADVANCED_FACE('',(#2333),#2339,.T.);
#2333 = FACE_BOUND('',#2334,.T.);
#2334 = EDGE_LOOP('',(#2335,#2336,#2337,#2338));
#2335 = ORIENTED_EDGE('',*,*,#2322,.F.);
#2336 = ORIENTED_EDGE('',*,*,#2304,.T.);
#2337 = ORIENTED_EDGE('',*,*,#2281,.T.);
#2338 = ORIENTED_EDGE('',*,*,#2162,.F.);
#2339 = PLANE('',#2340);
#2340 = AXIS2_PLACEMENT_3D('',#2341,#2342,#2343);
#2341 = CARTESIAN_POINT('',(4.5,-25.75,-7.79));
#2342 = DIRECTION('',(0.,0.,1.));
#2343 = DIRECTION('',(1.,0.,-0.));
#2344 = ADVANCED_FACE('',(#2345),#2370,.T.);
#2345 = FACE_BOUND('',#2346,.T.);
#2346 = EDGE_LOOP('',(#2347,#2355,#2356,#2364));
#2347 = ORIENTED_EDGE('',*,*,#2348,.F.);
#2348 = EDGE_CURVE('',#1573,#2349,#2351,.T.);
#2349 = VERTEX_POINT('',#2350);
#2350 = CARTESIAN_POINT('',(7.,24.95,-7.79));
#2351 = LINE('',#2352,#2353);
#2352 = CARTESIAN_POINT('',(7.,24.95,-13.5));
#2353 = VECTOR('',#2354,1.);
#2354 = DIRECTION('',(0.,0.,1.));
#2355 = ORIENTED_EDGE('',*,*,#1572,.F.);
#2356 = ORIENTED_EDGE('',*,*,#2357,.T.);
#2357 = EDGE_CURVE('',#1565,#2358,#2360,.T.);
#2358 = VERTEX_POINT('',#2359);
#2359 = CARTESIAN_POINT('',(7.,25.75,-7.79));
#2360 = LINE('',#2361,#2362);
#2361 = CARTESIAN_POINT('',(7.,25.75,-13.5));
#2362 = VECTOR('',#2363,1.);
#2363 = DIRECTION('',(0.,0.,1.));
#2364 = ORIENTED_EDGE('',*,*,#2365,.F.);
#2365 = EDGE_CURVE('',#2349,#2358,#2366,.T.);
#2366 = LINE('',#2367,#2368);
#2367 = CARTESIAN_POINT('',(7.,24.95,-7.79));
#2368 = VECTOR('',#2369,1.);
#2369 = DIRECTION('',(-0.,1.,0.));
#2370 = PLANE('',#2371);
#2371 = AXIS2_PLACEMENT_3D('',#2372,#2373,#2374);
#2372 = CARTESIAN_POINT('',(7.,24.95,-13.5));
#2373 = DIRECTION('',(1.,0.,-0.));
#2374 = DIRECTION('',(0.,0.,1.));
#2375 = ADVANCED_FACE('',(#2376),#2401,.T.);
#2376 = FACE_BOUND('',#2377,.T.);
#2377 = EDGE_LOOP('',(#2378,#2388,#2394,#2395));
#2378 = ORIENTED_EDGE('',*,*,#2379,.F.);
#2379 = EDGE_CURVE('',#2380,#2382,#2384,.T.);
#2380 = VERTEX_POINT('',#2381);
#2381 = CARTESIAN_POINT('',(4.5,24.95,-7.79));
#2382 = VERTEX_POINT('',#2383);
#2383 = CARTESIAN_POINT('',(4.5,25.75,-7.79));
#2384 = LINE('',#2385,#2386);
#2385 = CARTESIAN_POINT('',(4.5,24.95,-7.79));
#2386 = VECTOR('',#2387,1.);
#2387 = DIRECTION('',(-0.,1.,0.));
#2388 = ORIENTED_EDGE('',*,*,#2389,.T.);
#2389 = EDGE_CURVE('',#2380,#2349,#2390,.T.);
#2390 = LINE('',#2391,#2392);
#2391 = CARTESIAN_POINT('',(4.5,24.95,-7.79));
#2392 = VECTOR('',#2393,1.);
#2393 = DIRECTION('',(1.,0.,-0.));
#2394 = ORIENTED_EDGE('',*,*,#2365,.T.);
#2395 = ORIENTED_EDGE('',*,*,#2396,.F.);
#2396 = EDGE_CURVE('',#2382,#2358,#2397,.T.);
#2397 = LINE('',#2398,#2399);
#2398 = CARTESIAN_POINT('',(4.5,25.75,-7.79));
#2399 = VECTOR('',#2400,1.);
#2400 = DIRECTION('',(1.,0.,-0.));
#2401 = PLANE('',#2402);
#2402 = AXIS2_PLACEMENT_3D('',#2403,#2404,#2405);
#2403 = CARTESIAN_POINT('',(4.5,24.95,-7.79));
#2404 = DIRECTION('',(0.,0.,1.));
#2405 = DIRECTION('',(1.,0.,-0.));
#2406 = ADVANCED_FACE('',(#2407),#2423,.F.);
#2407 = FACE_BOUND('',#2408,.F.);
#2408 = EDGE_LOOP('',(#2409,#2415,#2416,#2422));
#2409 = ORIENTED_EDGE('',*,*,#2410,.F.);
#2410 = EDGE_CURVE('',#1549,#2380,#2411,.T.);
#2411 = LINE('',#2412,#2413);
#2412 = CARTESIAN_POINT('',(4.5,24.95,-13.5));
#2413 = VECTOR('',#2414,1.);
#2414 = DIRECTION('',(0.,0.,1.));
#2415 = ORIENTED_EDGE('',*,*,#1556,.F.);
#2416 = ORIENTED_EDGE('',*,*,#2417,.T.);
#2417 = EDGE_CURVE('',#1557,#2382,#2418,.T.);
#2418 = LINE('',#2419,#2420);
#2419 = CARTESIAN_POINT('',(4.5,25.75,-13.5));
#2420 = VECTOR('',#2421,1.);
#2421 = DIRECTION('',(0.,0.,1.));
#2422 = ORIENTED_EDGE('',*,*,#2379,.F.);
#2423 = PLANE('',#2424);
#2424 = AXIS2_PLACEMENT_3D('',#2425,#2426,#2427);
#2425 = CARTESIAN_POINT('',(4.5,24.95,-13.5));
#2426 = DIRECTION('',(1.,0.,-0.));
#2427 = DIRECTION('',(0.,0.,1.));
#2428 = ADVANCED_FACE('',(#2429),#2435,.T.);
#2429 = FACE_BOUND('',#2430,.T.);
#2430 = EDGE_LOOP('',(#2431,#2432,#2433,#2434));
#2431 = ORIENTED_EDGE('',*,*,#1564,.F.);
#2432 = ORIENTED_EDGE('',*,*,#2417,.T.);
#2433 = ORIENTED_EDGE('',*,*,#2396,.T.);
#2434 = ORIENTED_EDGE('',*,*,#2357,.F.);
#2435 = PLANE('',#2436);
#2436 = AXIS2_PLACEMENT_3D('',#2437,#2438,#2439);
#2437 = CARTESIAN_POINT('',(4.5,25.75,-13.5));
#2438 = DIRECTION('',(-0.,1.,0.));
#2439 = DIRECTION('',(0.,0.,1.));
#2440 = ADVANCED_FACE('',(#2441),#2557,.T.);
#2441 = FACE_BOUND('',#2442,.T.);
#2442 = EDGE_LOOP('',(#2443,#2444,#2445,#2446,#2447,#2448,#2456,#2464,
    #2470,#2471,#2479,#2487,#2495,#2503,#2511,#2519,#2527,#2535,#2543,
    #2551));
#2443 = ORIENTED_EDGE('',*,*,#1580,.F.);
#2444 = ORIENTED_EDGE('',*,*,#2348,.T.);
#2445 = ORIENTED_EDGE('',*,*,#2389,.F.);
#2446 = ORIENTED_EDGE('',*,*,#2410,.F.);
#2447 = ORIENTED_EDGE('',*,*,#1548,.F.);
#2448 = ORIENTED_EDGE('',*,*,#2449,.T.);
#2449 = EDGE_CURVE('',#1541,#2450,#2452,.T.);
#2450 = VERTEX_POINT('',#2451);
#2451 = CARTESIAN_POINT('',(-4.5,24.95,-7.79));
#2452 = LINE('',#2453,#2454);
#2453 = CARTESIAN_POINT('',(-4.5,24.95,-13.5));
#2454 = VECTOR('',#2455,1.);
#2455 = DIRECTION('',(0.,0.,1.));
#2456 = ORIENTED_EDGE('',*,*,#2457,.F.);
#2457 = EDGE_CURVE('',#2458,#2450,#2460,.T.);
#2458 = VERTEX_POINT('',#2459);
#2459 = CARTESIAN_POINT('',(-7.,24.95,-7.79));
#2460 = LINE('',#2461,#2462);
#2461 = CARTESIAN_POINT('',(-7.,24.95,-7.79));
#2462 = VECTOR('',#2463,1.);
#2463 = DIRECTION('',(1.,0.,-0.));
#2464 = ORIENTED_EDGE('',*,*,#2465,.F.);
#2465 = EDGE_CURVE('',#1517,#2458,#2466,.T.);
#2466 = LINE('',#2467,#2468);
#2467 = CARTESIAN_POINT('',(-7.,24.95,-13.5));
#2468 = VECTOR('',#2469,1.);
#2469 = DIRECTION('',(0.,0.,1.));
#2470 = ORIENTED_EDGE('',*,*,#1516,.F.);
#2471 = ORIENTED_EDGE('',*,*,#2472,.F.);
#2472 = EDGE_CURVE('',#2473,#1508,#2475,.T.);
#2473 = VERTEX_POINT('',#2474);
#2474 = CARTESIAN_POINT('',(-9.875,24.95,-9.));
#2475 = LINE('',#2476,#2477);
#2476 = CARTESIAN_POINT('',(-9.875,24.95,-10.));
#2477 = VECTOR('',#2478,1.);
#2478 = DIRECTION('',(0.,0.,1.));
#2479 = ORIENTED_EDGE('',*,*,#2480,.T.);
#2480 = EDGE_CURVE('',#2473,#2481,#2483,.T.);
#2481 = VERTEX_POINT('',#2482);
#2482 = CARTESIAN_POINT('',(-7.,24.95,-9.));
#2483 = LINE('',#2484,#2485);
#2484 = CARTESIAN_POINT('',(4.9375,24.95,-9.));
#2485 = VECTOR('',#2486,1.);
#2486 = DIRECTION('',(1.,0.,-0.));
#2487 = ORIENTED_EDGE('',*,*,#2488,.F.);
#2488 = EDGE_CURVE('',#2489,#2481,#2491,.T.);
#2489 = VERTEX_POINT('',#2490);
#2490 = CARTESIAN_POINT('',(-7.,24.95,-12.5));
#2491 = LINE('',#2492,#2493);
#2492 = CARTESIAN_POINT('',(-7.,24.95,-12.00140151515));
#2493 = VECTOR('',#2494,1.);
#2494 = DIRECTION('',(-0.,0.,1.));
#2495 = ORIENTED_EDGE('',*,*,#2496,.F.);
#2496 = EDGE_CURVE('',#2497,#2489,#2499,.T.);
#2497 = VERTEX_POINT('',#2498);
#2498 = CARTESIAN_POINT('',(-4.5,24.95,-12.5));
#2499 = LINE('',#2500,#2501);
#2500 = CARTESIAN_POINT('',(9.875,24.95,-12.5));
#2501 = VECTOR('',#2502,1.);
#2502 = DIRECTION('',(-1.,0.,0.));
#2503 = ORIENTED_EDGE('',*,*,#2504,.T.);
#2504 = EDGE_CURVE('',#2497,#2505,#2507,.T.);
#2505 = VERTEX_POINT('',#2506);
#2506 = CARTESIAN_POINT('',(-4.5,24.95,-9.));
#2507 = LINE('',#2508,#2509);
#2508 = CARTESIAN_POINT('',(-4.5,24.95,-13.5));
#2509 = VECTOR('',#2510,1.);
#2510 = DIRECTION('',(0.,0.,1.));
#2511 = ORIENTED_EDGE('',*,*,#2512,.T.);
#2512 = EDGE_CURVE('',#2505,#2513,#2515,.T.);
#2513 = VERTEX_POINT('',#2514);
#2514 = CARTESIAN_POINT('',(4.5,24.95,-9.));
#2515 = LINE('',#2516,#2517);
#2516 = CARTESIAN_POINT('',(4.9375,24.95,-9.));
#2517 = VECTOR('',#2518,1.);
#2518 = DIRECTION('',(1.,0.,-0.));
#2519 = ORIENTED_EDGE('',*,*,#2520,.F.);
#2520 = EDGE_CURVE('',#2521,#2513,#2523,.T.);
#2521 = VERTEX_POINT('',#2522);
#2522 = CARTESIAN_POINT('',(4.5,24.95,-12.5));
#2523 = LINE('',#2524,#2525);
#2524 = CARTESIAN_POINT('',(4.5,24.95,-12.00140151515));
#2525 = VECTOR('',#2526,1.);
#2526 = DIRECTION('',(-0.,0.,1.));
#2527 = ORIENTED_EDGE('',*,*,#2528,.F.);
#2528 = EDGE_CURVE('',#2529,#2521,#2531,.T.);
#2529 = VERTEX_POINT('',#2530);
#2530 = CARTESIAN_POINT('',(7.,24.95,-12.5));
#2531 = LINE('',#2532,#2533);
#2532 = CARTESIAN_POINT('',(9.875,24.95,-12.5));
#2533 = VECTOR('',#2534,1.);
#2534 = DIRECTION('',(-1.,0.,0.));
#2535 = ORIENTED_EDGE('',*,*,#2536,.T.);
#2536 = EDGE_CURVE('',#2529,#2537,#2539,.T.);
#2537 = VERTEX_POINT('',#2538);
#2538 = CARTESIAN_POINT('',(7.,24.95,-9.));
#2539 = LINE('',#2540,#2541);
#2540 = CARTESIAN_POINT('',(7.,24.95,-13.5));
#2541 = VECTOR('',#2542,1.);
#2542 = DIRECTION('',(0.,0.,1.));
#2543 = ORIENTED_EDGE('',*,*,#2544,.T.);
#2544 = EDGE_CURVE('',#2537,#2545,#2547,.T.);
#2545 = VERTEX_POINT('',#2546);
#2546 = CARTESIAN_POINT('',(9.875,24.95,-9.));
#2547 = LINE('',#2548,#2549);
#2548 = CARTESIAN_POINT('',(4.9375,24.95,-9.));
#2549 = VECTOR('',#2550,1.);
#2550 = DIRECTION('',(1.,0.,-0.));
#2551 = ORIENTED_EDGE('',*,*,#2552,.T.);
#2552 = EDGE_CURVE('',#2545,#1581,#2553,.T.);
#2553 = LINE('',#2554,#2555);
#2554 = CARTESIAN_POINT('',(9.875,24.95,-10.));
#2555 = VECTOR('',#2556,1.);
#2556 = DIRECTION('',(0.,0.,1.));
#2557 = PLANE('',#2558);
#2558 = AXIS2_PLACEMENT_3D('',#2559,#2560,#2561);
#2559 = CARTESIAN_POINT('',(3.810561686236E-16,24.95,-9.29963889882));
#2560 = DIRECTION('',(-0.,-1.,-0.));
#2561 = DIRECTION('',(0.,0.,-1.));
#2562 = ADVANCED_FACE('',(#2563),#2581,.T.);
#2563 = FACE_BOUND('',#2564,.T.);
#2564 = EDGE_LOOP('',(#2565,#2566,#2567,#2575));
#2565 = ORIENTED_EDGE('',*,*,#2449,.F.);
#2566 = ORIENTED_EDGE('',*,*,#1540,.F.);
#2567 = ORIENTED_EDGE('',*,*,#2568,.T.);
#2568 = EDGE_CURVE('',#1533,#2569,#2571,.T.);
#2569 = VERTEX_POINT('',#2570);
#2570 = CARTESIAN_POINT('',(-4.5,25.75,-7.79));
#2571 = LINE('',#2572,#2573);
#2572 = CARTESIAN_POINT('',(-4.5,25.75,-13.5));
#2573 = VECTOR('',#2574,1.);
#2574 = DIRECTION('',(0.,0.,1.));
#2575 = ORIENTED_EDGE('',*,*,#2576,.F.);
#2576 = EDGE_CURVE('',#2450,#2569,#2577,.T.);
#2577 = LINE('',#2578,#2579);
#2578 = CARTESIAN_POINT('',(-4.5,24.95,-7.79));
#2579 = VECTOR('',#2580,1.);
#2580 = DIRECTION('',(-0.,1.,0.));
#2581 = PLANE('',#2582);
#2582 = AXIS2_PLACEMENT_3D('',#2583,#2584,#2585);
#2583 = CARTESIAN_POINT('',(-4.5,24.95,-13.5));
#2584 = DIRECTION('',(1.,0.,-0.));
#2585 = DIRECTION('',(0.,0.,1.));
#2586 = ADVANCED_FACE('',(#2587),#2605,.T.);
#2587 = FACE_BOUND('',#2588,.T.);
#2588 = EDGE_LOOP('',(#2589,#2597,#2598,#2599));
#2589 = ORIENTED_EDGE('',*,*,#2590,.F.);
#2590 = EDGE_CURVE('',#2458,#2591,#2593,.T.);
#2591 = VERTEX_POINT('',#2592);
#2592 = CARTESIAN_POINT('',(-7.,25.75,-7.79));
#2593 = LINE('',#2594,#2595);
#2594 = CARTESIAN_POINT('',(-7.,24.95,-7.79));
#2595 = VECTOR('',#2596,1.);
#2596 = DIRECTION('',(-0.,1.,0.));
#2597 = ORIENTED_EDGE('',*,*,#2457,.T.);
#2598 = ORIENTED_EDGE('',*,*,#2576,.T.);
#2599 = ORIENTED_EDGE('',*,*,#2600,.F.);
#2600 = EDGE_CURVE('',#2591,#2569,#2601,.T.);
#2601 = LINE('',#2602,#2603);
#2602 = CARTESIAN_POINT('',(-7.,25.75,-7.79));
#2603 = VECTOR('',#2604,1.);
#2604 = DIRECTION('',(1.,0.,-0.));
#2605 = PLANE('',#2606);
#2606 = AXIS2_PLACEMENT_3D('',#2607,#2608,#2609);
#2607 = CARTESIAN_POINT('',(-7.,24.95,-7.79));
#2608 = DIRECTION('',(0.,0.,1.));
#2609 = DIRECTION('',(1.,0.,-0.));
#2610 = ADVANCED_FACE('',(#2611),#2622,.F.);
#2611 = FACE_BOUND('',#2612,.F.);
#2612 = EDGE_LOOP('',(#2613,#2614,#2615,#2621));
#2613 = ORIENTED_EDGE('',*,*,#2465,.F.);
#2614 = ORIENTED_EDGE('',*,*,#1524,.F.);
#2615 = ORIENTED_EDGE('',*,*,#2616,.T.);
#2616 = EDGE_CURVE('',#1525,#2591,#2617,.T.);
#2617 = LINE('',#2618,#2619);
#2618 = CARTESIAN_POINT('',(-7.,25.75,-13.5));
#2619 = VECTOR('',#2620,1.);
#2620 = DIRECTION('',(0.,0.,1.));
#2621 = ORIENTED_EDGE('',*,*,#2590,.F.);
#2622 = PLANE('',#2623);
#2623 = AXIS2_PLACEMENT_3D('',#2624,#2625,#2626);
#2624 = CARTESIAN_POINT('',(-7.,24.95,-13.5));
#2625 = DIRECTION('',(1.,0.,-0.));
#2626 = DIRECTION('',(0.,0.,1.));
#2627 = ADVANCED_FACE('',(#2628),#2634,.T.);
#2628 = FACE_BOUND('',#2629,.T.);
#2629 = EDGE_LOOP('',(#2630,#2631,#2632,#2633));
#2630 = ORIENTED_EDGE('',*,*,#1532,.F.);
#2631 = ORIENTED_EDGE('',*,*,#2616,.T.);
#2632 = ORIENTED_EDGE('',*,*,#2600,.T.);
#2633 = ORIENTED_EDGE('',*,*,#2568,.F.);
#2634 = PLANE('',#2635);
#2635 = AXIS2_PLACEMENT_3D('',#2636,#2637,#2638);
#2636 = CARTESIAN_POINT('',(-7.,25.75,-13.5));
#2637 = DIRECTION('',(-0.,1.,0.));
#2638 = DIRECTION('',(0.,0.,1.));
#2639 = ADVANCED_FACE('',(#2640),#2659,.F.);
#2640 = FACE_BOUND('',#2641,.T.);
#2641 = EDGE_LOOP('',(#2642,#2651,#2652,#2653));
#2642 = ORIENTED_EDGE('',*,*,#2643,.T.);
#2643 = EDGE_CURVE('',#2644,#2473,#2646,.T.);
#2644 = VERTEX_POINT('',#2645);
#2645 = CARTESIAN_POINT('',(-14.975,19.85,-9.));
#2646 = CIRCLE('',#2647,5.1);
#2647 = AXIS2_PLACEMENT_3D('',#2648,#2649,#2650);
#2648 = CARTESIAN_POINT('',(-9.875,19.85,-9.));
#2649 = DIRECTION('',(0.,-0.,-1.));
#2650 = DIRECTION('',(6.96610525255E-16,1.,-0.));
#2651 = ORIENTED_EDGE('',*,*,#2472,.T.);
#2652 = ORIENTED_EDGE('',*,*,#1507,.F.);
#2653 = ORIENTED_EDGE('',*,*,#2654,.F.);
#2654 = EDGE_CURVE('',#2644,#1500,#2655,.T.);
#2655 = LINE('',#2656,#2657);
#2656 = CARTESIAN_POINT('',(-14.975,19.85,-10.));
#2657 = VECTOR('',#2658,1.);
#2658 = DIRECTION('',(0.,0.,1.));
#2659 = CYLINDRICAL_SURFACE('',#2660,5.1);
#2660 = AXIS2_PLACEMENT_3D('',#2661,#2662,#2663);
#2661 = CARTESIAN_POINT('',(-9.875,19.85,-10.));
#2662 = DIRECTION('',(-0.,-0.,-1.));
#2663 = DIRECTION('',(6.96610525255E-16,1.,-0.));
#2664 = ADVANCED_FACE('',(#2665),#2690,.F.);
#2665 = FACE_BOUND('',#2666,.F.);
#2666 = EDGE_LOOP('',(#2667,#2675,#2676,#2684));
#2667 = ORIENTED_EDGE('',*,*,#2668,.F.);
#2668 = EDGE_CURVE('',#1710,#2669,#2671,.T.);
#2669 = VERTEX_POINT('',#2670);
#2670 = CARTESIAN_POINT('',(-15.3,-23.7,-5.));
#2671 = LINE('',#2672,#2673);
#2672 = CARTESIAN_POINT('',(-15.3,-23.7,-7.81));
#2673 = VECTOR('',#2674,1.);
#2674 = DIRECTION('',(0.,0.,1.));
#2675 = ORIENTED_EDGE('',*,*,#1709,.T.);
#2676 = ORIENTED_EDGE('',*,*,#2677,.T.);
#2677 = EDGE_CURVE('',#1712,#2678,#2680,.T.);
#2678 = VERTEX_POINT('',#2679);
#2679 = CARTESIAN_POINT('',(-26.1,-23.7,-5.));
#2680 = LINE('',#2681,#2682);
#2681 = CARTESIAN_POINT('',(-26.1,-23.7,-7.81));
#2682 = VECTOR('',#2683,1.);
#2683 = DIRECTION('',(0.,0.,1.));
#2684 = ORIENTED_EDGE('',*,*,#2685,.F.);
#2685 = EDGE_CURVE('',#2669,#2678,#2686,.T.);
#2686 = LINE('',#2687,#2688);
#2687 = CARTESIAN_POINT('',(-13.05,-23.7,-5.));
#2688 = VECTOR('',#2689,1.);
#2689 = DIRECTION('',(-1.,-0.,0.));
#2690 = PLANE('',#2691);
#2691 = AXIS2_PLACEMENT_3D('',#2692,#2693,#2694);
#2692 = CARTESIAN_POINT('',(-26.1,-23.7,-7.81));
#2693 = DIRECTION('',(-0.,1.,0.));
#2694 = DIRECTION('',(0.,0.,1.));
#2695 = ADVANCED_FACE('',(#2696),#2714,.T.);
#2696 = FACE_BOUND('',#2697,.T.);
#2697 = EDGE_LOOP('',(#2698,#2699,#2700,#2708));
#2698 = ORIENTED_EDGE('',*,*,#2668,.F.);
#2699 = ORIENTED_EDGE('',*,*,#1735,.T.);
#2700 = ORIENTED_EDGE('',*,*,#2701,.T.);
#2701 = EDGE_CURVE('',#1728,#2702,#2704,.T.);
#2702 = VERTEX_POINT('',#2703);
#2703 = CARTESIAN_POINT('',(-15.3,-15.3,-5.));
#2704 = LINE('',#2705,#2706);
#2705 = CARTESIAN_POINT('',(-15.3,-15.3,-7.81));
#2706 = VECTOR('',#2707,1.);
#2707 = DIRECTION('',(0.,0.,1.));
#2708 = ORIENTED_EDGE('',*,*,#2709,.F.);
#2709 = EDGE_CURVE('',#2669,#2702,#2710,.T.);
#2710 = LINE('',#2711,#2712);
#2711 = CARTESIAN_POINT('',(-15.3,-11.85,-5.));
#2712 = VECTOR('',#2713,1.);
#2713 = DIRECTION('',(-0.,1.,0.));
#2714 = PLANE('',#2715);
#2715 = AXIS2_PLACEMENT_3D('',#2716,#2717,#2718);
#2716 = CARTESIAN_POINT('',(-15.3,-23.7,-7.81));
#2717 = DIRECTION('',(1.,0.,-0.));
#2718 = DIRECTION('',(0.,0.,1.));
#2719 = ADVANCED_FACE('',(#2720),#2738,.F.);
#2720 = FACE_BOUND('',#2721,.F.);
#2721 = EDGE_LOOP('',(#2722,#2723,#2724,#2732));
#2722 = ORIENTED_EDGE('',*,*,#2677,.F.);
#2723 = ORIENTED_EDGE('',*,*,#1719,.T.);
#2724 = ORIENTED_EDGE('',*,*,#2725,.T.);
#2725 = EDGE_CURVE('',#1720,#2726,#2728,.T.);
#2726 = VERTEX_POINT('',#2727);
#2727 = CARTESIAN_POINT('',(-26.1,-15.3,-5.));
#2728 = LINE('',#2729,#2730);
#2729 = CARTESIAN_POINT('',(-26.1,-15.3,-7.81));
#2730 = VECTOR('',#2731,1.);
#2731 = DIRECTION('',(0.,0.,1.));
#2732 = ORIENTED_EDGE('',*,*,#2733,.F.);
#2733 = EDGE_CURVE('',#2678,#2726,#2734,.T.);
#2734 = LINE('',#2735,#2736);
#2735 = CARTESIAN_POINT('',(-26.1,-11.85,-5.));
#2736 = VECTOR('',#2737,1.);
#2737 = DIRECTION('',(-0.,1.,0.));
#2738 = PLANE('',#2739);
#2739 = AXIS2_PLACEMENT_3D('',#2740,#2741,#2742);
#2740 = CARTESIAN_POINT('',(-26.1,-23.7,-7.81));
#2741 = DIRECTION('',(1.,0.,-0.));
#2742 = DIRECTION('',(0.,0.,1.));
#2743 = ADVANCED_FACE('',(#2744),#2755,.T.);
#2744 = FACE_BOUND('',#2745,.T.);
#2745 = EDGE_LOOP('',(#2746,#2747,#2748,#2749));
#2746 = ORIENTED_EDGE('',*,*,#2701,.F.);
#2747 = ORIENTED_EDGE('',*,*,#1727,.T.);
#2748 = ORIENTED_EDGE('',*,*,#2725,.T.);
#2749 = ORIENTED_EDGE('',*,*,#2750,.F.);
#2750 = EDGE_CURVE('',#2702,#2726,#2751,.T.);
#2751 = LINE('',#2752,#2753);
#2752 = CARTESIAN_POINT('',(-13.05,-15.3,-5.));
#2753 = VECTOR('',#2754,1.);
#2754 = DIRECTION('',(-1.,-0.,0.));
#2755 = PLANE('',#2756);
#2756 = AXIS2_PLACEMENT_3D('',#2757,#2758,#2759);
#2757 = CARTESIAN_POINT('',(-26.1,-15.3,-7.81));
#2758 = DIRECTION('',(-0.,1.,0.));
#2759 = DIRECTION('',(0.,0.,1.));
#2760 = ADVANCED_FACE('',(#2761,#2888,#2894,#3124,#3158,#3208),#3242,.F.
  );
#2761 = FACE_BOUND('',#2762,.F.);
#2762 = EDGE_LOOP('',(#2763,#2773,#2781,#2790,#2799,#2807,#2815,#2823,
    #2831,#2839,#2848,#2856,#2864,#2873,#2881));
#2763 = ORIENTED_EDGE('',*,*,#2764,.T.);
#2764 = EDGE_CURVE('',#2765,#2767,#2769,.T.);
#2765 = VERTEX_POINT('',#2766);
#2766 = CARTESIAN_POINT('',(-26.2,25.7,-5.));
#2767 = VERTEX_POINT('',#2768);
#2768 = CARTESIAN_POINT('',(-26.2,-24.1,-5.));
#2769 = LINE('',#2770,#2771);
#2770 = CARTESIAN_POINT('',(-26.2,25.7,-5.));
#2771 = VECTOR('',#2772,1.);
#2772 = DIRECTION('',(0.,-1.,0.));
#2773 = ORIENTED_EDGE('',*,*,#2774,.F.);
#2774 = EDGE_CURVE('',#2775,#2767,#2777,.T.);
#2775 = VERTEX_POINT('',#2776);
#2776 = CARTESIAN_POINT('',(-14.65,-24.1,-5.));
#2777 = LINE('',#2778,#2779);
#2778 = CARTESIAN_POINT('',(-13.6,-24.1,-5.));
#2779 = VECTOR('',#2780,1.);
#2780 = DIRECTION('',(-1.,-0.,0.));
#2781 = ORIENTED_EDGE('',*,*,#2782,.F.);
#2782 = EDGE_CURVE('',#2783,#2775,#2785,.T.);
#2783 = VERTEX_POINT('',#2784);
#2784 = CARTESIAN_POINT('',(-14.,-24.75,-5.));
#2785 = CIRCLE('',#2786,0.65);
#2786 = AXIS2_PLACEMENT_3D('',#2787,#2788,#2789);
#2787 = CARTESIAN_POINT('',(-14.65,-24.75,-5.));
#2788 = DIRECTION('',(0.,0.,1.));
#2789 = DIRECTION('',(1.,0.,-0.));
#2790 = ORIENTED_EDGE('',*,*,#2791,.F.);
#2791 = EDGE_CURVE('',#2792,#2783,#2794,.T.);
#2792 = VERTEX_POINT('',#2793);
#2793 = CARTESIAN_POINT('',(-14.65,-25.4,-5.));
#2794 = CIRCLE('',#2795,0.65);
#2795 = AXIS2_PLACEMENT_3D('',#2796,#2797,#2798);
#2796 = CARTESIAN_POINT('',(-14.65,-24.75,-5.));
#2797 = DIRECTION('',(0.,0.,1.));
#2798 = DIRECTION('',(1.,0.,-0.));
#2799 = ORIENTED_EDGE('',*,*,#2800,.F.);
#2800 = EDGE_CURVE('',#2801,#2792,#2803,.T.);
#2801 = VERTEX_POINT('',#2802);
#2802 = CARTESIAN_POINT('',(-13.,-25.4,-5.));
#2803 = LINE('',#2804,#2805);
#2804 = CARTESIAN_POINT('',(-12.85,-25.4,-5.));
#2805 = VECTOR('',#2806,1.);
#2806 = DIRECTION('',(-1.,-0.,0.));
#2807 = ORIENTED_EDGE('',*,*,#2808,.F.);
#2808 = EDGE_CURVE('',#2809,#2801,#2811,.T.);
#2809 = VERTEX_POINT('',#2810);
#2810 = CARTESIAN_POINT('',(-13.,-26.2,-5.));
#2811 = LINE('',#2812,#2813);
#2812 = CARTESIAN_POINT('',(-13.,-13.1,-5.));
#2813 = VECTOR('',#2814,1.);
#2814 = DIRECTION('',(-0.,1.,0.));
#2815 = ORIENTED_EDGE('',*,*,#2816,.T.);
#2816 = EDGE_CURVE('',#2809,#2817,#2819,.T.);
#2817 = VERTEX_POINT('',#2818);
#2818 = CARTESIAN_POINT('',(13.,-26.2,-5.));
#2819 = LINE('',#2820,#2821);
#2820 = CARTESIAN_POINT('',(-25.7,-26.2,-5.));
#2821 = VECTOR('',#2822,1.);
#2822 = DIRECTION('',(1.,0.,0.));
#2823 = ORIENTED_EDGE('',*,*,#2824,.T.);
#2824 = EDGE_CURVE('',#2817,#2825,#2827,.T.);
#2825 = VERTEX_POINT('',#2826);
#2826 = CARTESIAN_POINT('',(13.,-25.4,-5.));
#2827 = LINE('',#2828,#2829);
#2828 = CARTESIAN_POINT('',(13.,-13.1,-5.));
#2829 = VECTOR('',#2830,1.);
#2830 = DIRECTION('',(-0.,1.,0.));
#2831 = ORIENTED_EDGE('',*,*,#2832,.F.);
#2832 = EDGE_CURVE('',#2833,#2825,#2835,.T.);
#2833 = VERTEX_POINT('',#2834);
#2834 = CARTESIAN_POINT('',(14.65,-25.4,-5.));
#2835 = LINE('',#2836,#2837);
#2836 = CARTESIAN_POINT('',(6.5,-25.4,-5.));
#2837 = VECTOR('',#2838,1.);
#2838 = DIRECTION('',(-1.,-0.,0.));
#2839 = ORIENTED_EDGE('',*,*,#2840,.F.);
#2840 = EDGE_CURVE('',#2841,#2833,#2843,.T.);
#2841 = VERTEX_POINT('',#2842);
#2842 = CARTESIAN_POINT('',(14.65,-24.1,-5.));
#2843 = CIRCLE('',#2844,0.65);
#2844 = AXIS2_PLACEMENT_3D('',#2845,#2846,#2847);
#2845 = CARTESIAN_POINT('',(14.65,-24.75,-5.));
#2846 = DIRECTION('',(0.,0.,1.));
#2847 = DIRECTION('',(1.,0.,-0.));
#2848 = ORIENTED_EDGE('',*,*,#2849,.F.);
#2849 = EDGE_CURVE('',#2850,#2841,#2852,.T.);
#2850 = VERTEX_POINT('',#2851);
#2851 = CARTESIAN_POINT('',(26.2,-24.1,-5.));
#2852 = LINE('',#2853,#2854);
#2853 = CARTESIAN_POINT('',(7.325,-24.1,-5.));
#2854 = VECTOR('',#2855,1.);
#2855 = DIRECTION('',(-1.,-0.,0.));
#2856 = ORIENTED_EDGE('',*,*,#2857,.T.);
#2857 = EDGE_CURVE('',#2850,#2858,#2860,.T.);
#2858 = VERTEX_POINT('',#2859);
#2859 = CARTESIAN_POINT('',(26.2,25.7,-5.));
#2860 = LINE('',#2861,#2862);
#2861 = CARTESIAN_POINT('',(26.2,-25.7,-5.));
#2862 = VECTOR('',#2863,1.);
#2863 = DIRECTION('',(0.,1.,0.));
#2864 = ORIENTED_EDGE('',*,*,#2865,.T.);
#2865 = EDGE_CURVE('',#2858,#2866,#2868,.T.);
#2866 = VERTEX_POINT('',#2867);
#2867 = CARTESIAN_POINT('',(25.7,26.2,-5.));
#2868 = CIRCLE('',#2869,0.5);
#2869 = AXIS2_PLACEMENT_3D('',#2870,#2871,#2872);
#2870 = CARTESIAN_POINT('',(25.7,25.7,-5.));
#2871 = DIRECTION('',(0.,0.,1.));
#2872 = DIRECTION('',(1.,7.105427357601E-15,-0.));
#2873 = ORIENTED_EDGE('',*,*,#2874,.T.);
#2874 = EDGE_CURVE('',#2866,#2875,#2877,.T.);
#2875 = VERTEX_POINT('',#2876);
#2876 = CARTESIAN_POINT('',(-25.7,26.2,-5.));
#2877 = LINE('',#2878,#2879);
#2878 = CARTESIAN_POINT('',(25.7,26.2,-5.));
#2879 = VECTOR('',#2880,1.);
#2880 = DIRECTION('',(-1.,0.,0.));
#2881 = ORIENTED_EDGE('',*,*,#2882,.T.);
#2882 = EDGE_CURVE('',#2875,#2765,#2883,.T.);
#2883 = CIRCLE('',#2884,0.5);
#2884 = AXIS2_PLACEMENT_3D('',#2885,#2886,#2887);
#2885 = CARTESIAN_POINT('',(-25.7,25.7,-5.));
#2886 = DIRECTION('',(0.,0.,1.));
#2887 = DIRECTION('',(-7.105427357601E-15,1.,0.));
#2888 = FACE_BOUND('',#2889,.F.);
#2889 = EDGE_LOOP('',(#2890,#2891,#2892,#2893));
#2890 = ORIENTED_EDGE('',*,*,#2685,.T.);
#2891 = ORIENTED_EDGE('',*,*,#2733,.T.);
#2892 = ORIENTED_EDGE('',*,*,#2750,.F.);
#2893 = ORIENTED_EDGE('',*,*,#2709,.F.);
#2894 = FACE_BOUND('',#2895,.F.);
#2895 = EDGE_LOOP('',(#2896,#2906,#2914,#2922,#2930,#2938,#2947,#2955,
    #2964,#2972,#2980,#2988,#2996,#3004,#3012,#3020,#3028,#3036,#3044,
    #3052,#3060,#3068,#3076,#3084,#3092,#3100,#3109,#3117));
#2896 = ORIENTED_EDGE('',*,*,#2897,.T.);
#2897 = EDGE_CURVE('',#2898,#2900,#2902,.T.);
#2898 = VERTEX_POINT('',#2899);
#2899 = CARTESIAN_POINT('',(-14.975,-19.85,-5.));
#2900 = VERTEX_POINT('',#2901);
#2901 = CARTESIAN_POINT('',(-14.975,-10.,-5.));
#2902 = LINE('',#2903,#2904);
#2903 = CARTESIAN_POINT('',(-14.975,9.925,-5.));
#2904 = VECTOR('',#2905,1.);
#2905 = DIRECTION('',(-0.,1.,0.));
#2906 = ORIENTED_EDGE('',*,*,#2907,.T.);
#2907 = EDGE_CURVE('',#2900,#2908,#2910,.T.);
#2908 = VERTEX_POINT('',#2909);
#2909 = CARTESIAN_POINT('',(-16.2,-10.,-5.));
#2910 = LINE('',#2911,#2912);
#2911 = CARTESIAN_POINT('',(-8.1,-10.,-5.));
#2912 = VECTOR('',#2913,1.);
#2913 = DIRECTION('',(-1.,-0.,0.));
#2914 = ORIENTED_EDGE('',*,*,#2915,.T.);
#2915 = EDGE_CURVE('',#2908,#2916,#2918,.T.);
#2916 = VERTEX_POINT('',#2917);
#2917 = CARTESIAN_POINT('',(-16.2,3.5,-5.));
#2918 = LINE('',#2919,#2920);
#2919 = CARTESIAN_POINT('',(-16.2,-5.,-5.));
#2920 = VECTOR('',#2921,1.);
#2921 = DIRECTION('',(-0.,1.,0.));
#2922 = ORIENTED_EDGE('',*,*,#2923,.F.);
#2923 = EDGE_CURVE('',#2924,#2916,#2926,.T.);
#2924 = VERTEX_POINT('',#2925);
#2925 = CARTESIAN_POINT('',(-14.975,3.5,-5.));
#2926 = LINE('',#2927,#2928);
#2927 = CARTESIAN_POINT('',(-8.1,3.5,-5.));
#2928 = VECTOR('',#2929,1.);
#2929 = DIRECTION('',(-1.,-0.,0.));
#2930 = ORIENTED_EDGE('',*,*,#2931,.T.);
#2931 = EDGE_CURVE('',#2924,#2932,#2934,.T.);
#2932 = VERTEX_POINT('',#2933);
#2933 = CARTESIAN_POINT('',(-14.975,19.85,-5.));
#2934 = LINE('',#2935,#2936);
#2935 = CARTESIAN_POINT('',(-14.975,9.925,-5.));
#2936 = VECTOR('',#2937,1.);
#2937 = DIRECTION('',(-0.,1.,0.));
#2938 = ORIENTED_EDGE('',*,*,#2939,.T.);
#2939 = EDGE_CURVE('',#2932,#2940,#2942,.T.);
#2940 = VERTEX_POINT('',#2941);
#2941 = CARTESIAN_POINT('',(-9.875,24.95,-5.));
#2942 = CIRCLE('',#2943,5.1);
#2943 = AXIS2_PLACEMENT_3D('',#2944,#2945,#2946);
#2944 = CARTESIAN_POINT('',(-9.875,19.85,-5.));
#2945 = DIRECTION('',(0.,-0.,-1.));
#2946 = DIRECTION('',(6.96610525255E-16,1.,-0.));
#2947 = ORIENTED_EDGE('',*,*,#2948,.T.);
#2948 = EDGE_CURVE('',#2940,#2949,#2951,.T.);
#2949 = VERTEX_POINT('',#2950);
#2950 = CARTESIAN_POINT('',(9.875,24.95,-5.));
#2951 = LINE('',#2952,#2953);
#2952 = CARTESIAN_POINT('',(4.9375,24.95,-5.));
#2953 = VECTOR('',#2954,1.);
#2954 = DIRECTION('',(1.,0.,-0.));
#2955 = ORIENTED_EDGE('',*,*,#2956,.T.);
#2956 = EDGE_CURVE('',#2949,#2957,#2959,.T.);
#2957 = VERTEX_POINT('',#2958);
#2958 = CARTESIAN_POINT('',(14.975,19.85,-5.));
#2959 = CIRCLE('',#2960,5.1);
#2960 = AXIS2_PLACEMENT_3D('',#2961,#2962,#2963);
#2961 = CARTESIAN_POINT('',(9.875,19.85,-5.));
#2962 = DIRECTION('',(0.,-0.,-1.));
#2963 = DIRECTION('',(1.,-6.96610525255E-16,0.));
#2964 = ORIENTED_EDGE('',*,*,#2965,.T.);
#2965 = EDGE_CURVE('',#2957,#2966,#2968,.T.);
#2966 = VERTEX_POINT('',#2967);
#2967 = CARTESIAN_POINT('',(14.975,16.2,-5.));
#2968 = LINE('',#2969,#2970);
#2969 = CARTESIAN_POINT('',(14.975,-9.925,-5.));
#2970 = VECTOR('',#2971,1.);
#2971 = DIRECTION('',(0.,-1.,0.));
#2972 = ORIENTED_EDGE('',*,*,#2973,.F.);
#2973 = EDGE_CURVE('',#2974,#2966,#2976,.T.);
#2974 = VERTEX_POINT('',#2975);
#2975 = CARTESIAN_POINT('',(15.3,16.2,-5.));
#2976 = LINE('',#2977,#2978);
#2977 = CARTESIAN_POINT('',(7.4875,16.2,-5.));
#2978 = VECTOR('',#2979,1.);
#2979 = DIRECTION('',(-1.,-0.,0.));
#2980 = ORIENTED_EDGE('',*,*,#2981,.T.);
#2981 = EDGE_CURVE('',#2974,#2982,#2984,.T.);
#2982 = VERTEX_POINT('',#2983);
#2983 = CARTESIAN_POINT('',(15.3,23.7,-5.));
#2984 = LINE('',#2985,#2986);
#2985 = CARTESIAN_POINT('',(15.3,7.65,-5.));
#2986 = VECTOR('',#2987,1.);
#2987 = DIRECTION('',(-0.,1.,0.));
#2988 = ORIENTED_EDGE('',*,*,#2989,.F.);
#2989 = EDGE_CURVE('',#2990,#2982,#2992,.T.);
#2990 = VERTEX_POINT('',#2991);
#2991 = CARTESIAN_POINT('',(26.1,23.7,-5.));
#2992 = LINE('',#2993,#2994);
#2993 = CARTESIAN_POINT('',(7.65,23.7,-5.));
#2994 = VECTOR('',#2995,1.);
#2995 = DIRECTION('',(-1.,-0.,0.));
#2996 = ORIENTED_EDGE('',*,*,#2997,.F.);
#2997 = EDGE_CURVE('',#2998,#2990,#3000,.T.);
#2998 = VERTEX_POINT('',#2999);
#2999 = CARTESIAN_POINT('',(26.1,15.3,-5.));
#3000 = LINE('',#3001,#3002);
#3001 = CARTESIAN_POINT('',(26.1,7.65,-5.));
#3002 = VECTOR('',#3003,1.);
#3003 = DIRECTION('',(-0.,1.,0.));
#3004 = ORIENTED_EDGE('',*,*,#3005,.T.);
#3005 = EDGE_CURVE('',#2998,#3006,#3008,.T.);
#3006 = VERTEX_POINT('',#3007);
#3007 = CARTESIAN_POINT('',(20.995,15.3,-5.));
#3008 = LINE('',#3009,#3010);
#3009 = CARTESIAN_POINT('',(7.65,15.3,-5.));
#3010 = VECTOR('',#3011,1.);
#3011 = DIRECTION('',(-1.,-0.,0.));
#3012 = ORIENTED_EDGE('',*,*,#3013,.F.);
#3013 = EDGE_CURVE('',#3014,#3006,#3016,.T.);
#3014 = VERTEX_POINT('',#3015);
#3015 = CARTESIAN_POINT('',(20.995,15.2,-5.));
#3016 = LINE('',#3017,#3018);
#3017 = CARTESIAN_POINT('',(20.995,7.6,-5.));
#3018 = VECTOR('',#3019,1.);
#3019 = DIRECTION('',(-0.,1.,0.));
#3020 = ORIENTED_EDGE('',*,*,#3021,.T.);
#3021 = EDGE_CURVE('',#3014,#3022,#3024,.T.);
#3022 = VERTEX_POINT('',#3023);
#3023 = CARTESIAN_POINT('',(14.975,15.2,-5.));
#3024 = LINE('',#3025,#3026);
#3025 = CARTESIAN_POINT('',(7.4875,15.2,-5.));
#3026 = VECTOR('',#3027,1.);
#3027 = DIRECTION('',(-1.,-0.,0.));
#3028 = ORIENTED_EDGE('',*,*,#3029,.T.);
#3029 = EDGE_CURVE('',#3022,#3030,#3032,.T.);
#3030 = VERTEX_POINT('',#3031);
#3031 = CARTESIAN_POINT('',(14.975,-15.2,-5.));
#3032 = LINE('',#3033,#3034);
#3033 = CARTESIAN_POINT('',(14.975,-9.925,-5.));
#3034 = VECTOR('',#3035,1.);
#3035 = DIRECTION('',(0.,-1.,0.));
#3036 = ORIENTED_EDGE('',*,*,#3037,.F.);
#3037 = EDGE_CURVE('',#3038,#3030,#3040,.T.);
#3038 = VERTEX_POINT('',#3039);
#3039 = CARTESIAN_POINT('',(20.995,-15.2,-5.));
#3040 = LINE('',#3041,#3042);
#3041 = CARTESIAN_POINT('',(7.4875,-15.2,-5.));
#3042 = VECTOR('',#3043,1.);
#3043 = DIRECTION('',(-1.,-0.,0.));
#3044 = ORIENTED_EDGE('',*,*,#3045,.F.);
#3045 = EDGE_CURVE('',#3046,#3038,#3048,.T.);
#3046 = VERTEX_POINT('',#3047);
#3047 = CARTESIAN_POINT('',(20.995,-15.3,-5.));
#3048 = LINE('',#3049,#3050);
#3049 = CARTESIAN_POINT('',(20.995,-8.1,-5.));
#3050 = VECTOR('',#3051,1.);
#3051 = DIRECTION('',(-0.,1.,0.));
#3052 = ORIENTED_EDGE('',*,*,#3053,.F.);
#3053 = EDGE_CURVE('',#3054,#3046,#3056,.T.);
#3054 = VERTEX_POINT('',#3055);
#3055 = CARTESIAN_POINT('',(26.1,-15.3,-5.));
#3056 = LINE('',#3057,#3058);
#3057 = CARTESIAN_POINT('',(7.65,-15.3,-5.));
#3058 = VECTOR('',#3059,1.);
#3059 = DIRECTION('',(-1.,-0.,0.));
#3060 = ORIENTED_EDGE('',*,*,#3061,.F.);
#3061 = EDGE_CURVE('',#3062,#3054,#3064,.T.);
#3062 = VERTEX_POINT('',#3063);
#3063 = CARTESIAN_POINT('',(26.1,-23.7,-5.));
#3064 = LINE('',#3065,#3066);
#3065 = CARTESIAN_POINT('',(26.1,-11.85,-5.));
#3066 = VECTOR('',#3067,1.);
#3067 = DIRECTION('',(-0.,1.,0.));
#3068 = ORIENTED_EDGE('',*,*,#3069,.T.);
#3069 = EDGE_CURVE('',#3062,#3070,#3072,.T.);
#3070 = VERTEX_POINT('',#3071);
#3071 = CARTESIAN_POINT('',(15.3,-23.7,-5.));
#3072 = LINE('',#3073,#3074);
#3073 = CARTESIAN_POINT('',(7.65,-23.7,-5.));
#3074 = VECTOR('',#3075,1.);
#3075 = DIRECTION('',(-1.,-0.,0.));
#3076 = ORIENTED_EDGE('',*,*,#3077,.T.);
#3077 = EDGE_CURVE('',#3070,#3078,#3080,.T.);
#3078 = VERTEX_POINT('',#3079);
#3079 = CARTESIAN_POINT('',(15.3,-16.2,-5.));
#3080 = LINE('',#3081,#3082);
#3081 = CARTESIAN_POINT('',(15.3,-11.85,-5.));
#3082 = VECTOR('',#3083,1.);
#3083 = DIRECTION('',(-0.,1.,0.));
#3084 = ORIENTED_EDGE('',*,*,#3085,.T.);
#3085 = EDGE_CURVE('',#3078,#3086,#3088,.T.);
#3086 = VERTEX_POINT('',#3087);
#3087 = CARTESIAN_POINT('',(14.975,-16.2,-5.));
#3088 = LINE('',#3089,#3090);
#3089 = CARTESIAN_POINT('',(7.4875,-16.2,-5.));
#3090 = VECTOR('',#3091,1.);
#3091 = DIRECTION('',(-1.,-0.,0.));
#3092 = ORIENTED_EDGE('',*,*,#3093,.T.);
#3093 = EDGE_CURVE('',#3086,#3094,#3096,.T.);
#3094 = VERTEX_POINT('',#3095);
#3095 = CARTESIAN_POINT('',(14.975,-19.85,-5.));
#3096 = LINE('',#3097,#3098);
#3097 = CARTESIAN_POINT('',(14.975,-9.925,-5.));
#3098 = VECTOR('',#3099,1.);
#3099 = DIRECTION('',(0.,-1.,0.));
#3100 = ORIENTED_EDGE('',*,*,#3101,.T.);
#3101 = EDGE_CURVE('',#3094,#3102,#3104,.T.);
#3102 = VERTEX_POINT('',#3103);
#3103 = CARTESIAN_POINT('',(9.875,-24.95,-5.));
#3104 = CIRCLE('',#3105,5.1);
#3105 = AXIS2_PLACEMENT_3D('',#3106,#3107,#3108);
#3106 = CARTESIAN_POINT('',(9.875,-19.85,-5.));
#3107 = DIRECTION('',(-0.,0.,-1.));
#3108 = DIRECTION('',(-6.96610525255E-16,-1.,0.));
#3109 = ORIENTED_EDGE('',*,*,#3110,.T.);
#3110 = EDGE_CURVE('',#3102,#3111,#3113,.T.);
#3111 = VERTEX_POINT('',#3112);
#3112 = CARTESIAN_POINT('',(-9.875,-24.95,-5.));
#3113 = LINE('',#3114,#3115);
#3114 = CARTESIAN_POINT('',(-4.9375,-24.95,-5.));
#3115 = VECTOR('',#3116,1.);
#3116 = DIRECTION('',(-1.,0.,0.));
#3117 = ORIENTED_EDGE('',*,*,#3118,.T.);
#3118 = EDGE_CURVE('',#3111,#2898,#3119,.T.);
#3119 = CIRCLE('',#3120,5.1);
#3120 = AXIS2_PLACEMENT_3D('',#3121,#3122,#3123);
#3121 = CARTESIAN_POINT('',(-9.875,-19.85,-5.));
#3122 = DIRECTION('',(-0.,0.,-1.));
#3123 = DIRECTION('',(-1.,6.96610525255E-16,0.));
#3124 = FACE_BOUND('',#3125,.F.);
#3125 = EDGE_LOOP('',(#3126,#3136,#3144,#3152));
#3126 = ORIENTED_EDGE('',*,*,#3127,.T.);
#3127 = EDGE_CURVE('',#3128,#3130,#3132,.T.);
#3128 = VERTEX_POINT('',#3129);
#3129 = CARTESIAN_POINT('',(24.9625,-11.2,-5.));
#3130 = VERTEX_POINT('',#3131);
#3131 = CARTESIAN_POINT('',(16.9625,-11.2,-5.));
#3132 = LINE('',#3133,#3134);
#3133 = CARTESIAN_POINT('',(8.48125,-11.2,-5.));
#3134 = VECTOR('',#3135,1.);
#3135 = DIRECTION('',(-1.,-0.,0.));
#3136 = ORIENTED_EDGE('',*,*,#3137,.T.);
#3137 = EDGE_CURVE('',#3130,#3138,#3140,.T.);
#3138 = VERTEX_POINT('',#3139);
#3139 = CARTESIAN_POINT('',(16.9625,11.2,-5.));
#3140 = LINE('',#3141,#3142);
#3141 = CARTESIAN_POINT('',(16.9625,-5.6,-5.));
#3142 = VECTOR('',#3143,1.);
#3143 = DIRECTION('',(-0.,1.,0.));
#3144 = ORIENTED_EDGE('',*,*,#3145,.F.);
#3145 = EDGE_CURVE('',#3146,#3138,#3148,.T.);
#3146 = VERTEX_POINT('',#3147);
#3147 = CARTESIAN_POINT('',(24.9625,11.2,-5.));
#3148 = LINE('',#3149,#3150);
#3149 = CARTESIAN_POINT('',(8.48125,11.2,-5.));
#3150 = VECTOR('',#3151,1.);
#3151 = DIRECTION('',(-1.,-0.,0.));
#3152 = ORIENTED_EDGE('',*,*,#3153,.F.);
#3153 = EDGE_CURVE('',#3128,#3146,#3154,.T.);
#3154 = LINE('',#3155,#3156);
#3155 = CARTESIAN_POINT('',(24.9625,-5.6,-5.));
#3156 = VECTOR('',#3157,1.);
#3157 = DIRECTION('',(-0.,1.,0.));
#3158 = FACE_BOUND('',#3159,.F.);
#3159 = EDGE_LOOP('',(#3160,#3170,#3178,#3186,#3194,#3202));
#3160 = ORIENTED_EDGE('',*,*,#3161,.T.);
#3161 = EDGE_CURVE('',#3162,#3164,#3166,.T.);
#3162 = VERTEX_POINT('',#3163);
#3163 = CARTESIAN_POINT('',(-20.7125,1.45,-5.));
#3164 = VERTEX_POINT('',#3165);
#3165 = CARTESIAN_POINT('',(-25.3125,1.45,-5.));
#3166 = LINE('',#3167,#3168);
#3167 = CARTESIAN_POINT('',(-12.65625,1.45,-5.));
#3168 = VECTOR('',#3169,1.);
#3169 = DIRECTION('',(-1.,-0.,0.));
#3170 = ORIENTED_EDGE('',*,*,#3171,.T.);
#3171 = EDGE_CURVE('',#3164,#3172,#3174,.T.);
#3172 = VERTEX_POINT('',#3173);
#3173 = CARTESIAN_POINT('',(-25.3125,14.75,-5.));
#3174 = LINE('',#3175,#3176);
#3175 = CARTESIAN_POINT('',(-25.3125,2.225,-5.));
#3176 = VECTOR('',#3177,1.);
#3177 = DIRECTION('',(-0.,1.,0.));
#3178 = ORIENTED_EDGE('',*,*,#3179,.F.);
#3179 = EDGE_CURVE('',#3180,#3172,#3182,.T.);
#3180 = VERTEX_POINT('',#3181);
#3181 = CARTESIAN_POINT('',(-15.0125,14.75,-5.));
#3182 = LINE('',#3183,#3184);
#3183 = CARTESIAN_POINT('',(-12.65625,14.75,-5.));
#3184 = VECTOR('',#3185,1.);
#3185 = DIRECTION('',(-1.,-0.,0.));
#3186 = ORIENTED_EDGE('',*,*,#3187,.F.);
#3187 = EDGE_CURVE('',#3188,#3180,#3190,.T.);
#3188 = VERTEX_POINT('',#3189);
#3189 = CARTESIAN_POINT('',(-15.0125,4.45,-5.));
#3190 = LINE('',#3191,#3192);
#3191 = CARTESIAN_POINT('',(-15.0125,2.225,-5.));
#3192 = VECTOR('',#3193,1.);
#3193 = DIRECTION('',(-0.,1.,0.));
#3194 = ORIENTED_EDGE('',*,*,#3195,.T.);
#3195 = EDGE_CURVE('',#3188,#3196,#3198,.T.);
#3196 = VERTEX_POINT('',#3197);
#3197 = CARTESIAN_POINT('',(-20.7125,4.45,-5.));
#3198 = LINE('',#3199,#3200);
#3199 = CARTESIAN_POINT('',(-12.65625,4.45,-5.));
#3200 = VECTOR('',#3201,1.);
#3201 = DIRECTION('',(-1.,-0.,0.));
#3202 = ORIENTED_EDGE('',*,*,#3203,.F.);
#3203 = EDGE_CURVE('',#3162,#3196,#3204,.T.);
#3204 = LINE('',#3205,#3206);
#3205 = CARTESIAN_POINT('',(-20.7125,0.725,-5.));
#3206 = VECTOR('',#3207,1.);
#3207 = DIRECTION('',(-0.,1.,0.));
#3208 = FACE_BOUND('',#3209,.F.);
#3209 = EDGE_LOOP('',(#3210,#3220,#3228,#3236));
#3210 = ORIENTED_EDGE('',*,*,#3211,.T.);
#3211 = EDGE_CURVE('',#3212,#3214,#3216,.T.);
#3212 = VERTEX_POINT('',#3213);
#3213 = CARTESIAN_POINT('',(-15.3,15.3,-5.));
#3214 = VERTEX_POINT('',#3215);
#3215 = CARTESIAN_POINT('',(-26.1,15.3,-5.));
#3216 = LINE('',#3217,#3218);
#3217 = CARTESIAN_POINT('',(-13.05,15.3,-5.));
#3218 = VECTOR('',#3219,1.);
#3219 = DIRECTION('',(-1.,-0.,0.));
#3220 = ORIENTED_EDGE('',*,*,#3221,.T.);
#3221 = EDGE_CURVE('',#3214,#3222,#3224,.T.);
#3222 = VERTEX_POINT('',#3223);
#3223 = CARTESIAN_POINT('',(-26.1,23.7,-5.));
#3224 = LINE('',#3225,#3226);
#3225 = CARTESIAN_POINT('',(-26.1,7.65,-5.));
#3226 = VECTOR('',#3227,1.);
#3227 = DIRECTION('',(-0.,1.,0.));
#3228 = ORIENTED_EDGE('',*,*,#3229,.F.);
#3229 = EDGE_CURVE('',#3230,#3222,#3232,.T.);
#3230 = VERTEX_POINT('',#3231);
#3231 = CARTESIAN_POINT('',(-15.3,23.7,-5.));
#3232 = LINE('',#3233,#3234);
#3233 = CARTESIAN_POINT('',(-13.05,23.7,-5.));
#3234 = VECTOR('',#3235,1.);
#3235 = DIRECTION('',(-1.,-0.,0.));
#3236 = ORIENTED_EDGE('',*,*,#3237,.F.);
#3237 = EDGE_CURVE('',#3212,#3230,#3238,.T.);
#3238 = LINE('',#3239,#3240);
#3239 = CARTESIAN_POINT('',(-15.3,7.65,-5.));
#3240 = VECTOR('',#3241,1.);
#3241 = DIRECTION('',(-0.,1.,0.));
#3242 = PLANE('',#3243);
#3243 = AXIS2_PLACEMENT_3D('',#3244,#3245,#3246);
#3244 = CARTESIAN_POINT('',(6.979261760389E-16,1.468198358131E-16,-5.));
#3245 = DIRECTION('',(0.,0.,1.));
#3246 = DIRECTION('',(1.,0.,-0.));
#3247 = ADVANCED_FACE('',(#3248),#3264,.T.);
#3248 = FACE_BOUND('',#3249,.T.);
#3249 = EDGE_LOOP('',(#3250,#3251,#3257,#3258));
#3250 = ORIENTED_EDGE('',*,*,#1319,.T.);
#3251 = ORIENTED_EDGE('',*,*,#3252,.T.);
#3252 = EDGE_CURVE('',#1322,#3038,#3253,.T.);
#3253 = LINE('',#3254,#3255);
#3254 = CARTESIAN_POINT('',(20.995,-15.2,-24.92));
#3255 = VECTOR('',#3256,1.);
#3256 = DIRECTION('',(0.,0.,1.));
#3257 = ORIENTED_EDGE('',*,*,#3045,.F.);
#3258 = ORIENTED_EDGE('',*,*,#3259,.T.);
#3259 = EDGE_CURVE('',#3046,#1320,#3260,.T.);
#3260 = LINE('',#3261,#3262);
#3261 = CARTESIAN_POINT('',(20.995,-15.3,-16.365));
#3262 = VECTOR('',#3263,1.);
#3263 = DIRECTION('',(-0.,0.,-1.));
#3264 = PLANE('',#3265);
#3265 = AXIS2_PLACEMENT_3D('',#3266,#3267,#3268);
#3266 = CARTESIAN_POINT('',(20.995,-16.2,-24.92));
#3267 = DIRECTION('',(1.,0.,-0.));
#3268 = DIRECTION('',(0.,0.,1.));
#3269 = ADVANCED_FACE('',(#3270),#3281,.T.);
#3270 = FACE_BOUND('',#3271,.T.);
#3271 = EDGE_LOOP('',(#3272,#3273,#3274,#3275));
#3272 = ORIENTED_EDGE('',*,*,#1329,.T.);
#3273 = ORIENTED_EDGE('',*,*,#3259,.F.);
#3274 = ORIENTED_EDGE('',*,*,#3053,.F.);
#3275 = ORIENTED_EDGE('',*,*,#3276,.F.);
#3276 = EDGE_CURVE('',#1330,#3054,#3277,.T.);
#3277 = LINE('',#3278,#3279);
#3278 = CARTESIAN_POINT('',(26.1,-15.3,-7.81));
#3279 = VECTOR('',#3280,1.);
#3280 = DIRECTION('',(0.,0.,1.));
#3281 = PLANE('',#3282);
#3282 = AXIS2_PLACEMENT_3D('',#3283,#3284,#3285);
#3283 = CARTESIAN_POINT('',(15.3,-15.3,-7.81));
#3284 = DIRECTION('',(-0.,1.,0.));
#3285 = DIRECTION('',(0.,0.,1.));
#3286 = ADVANCED_FACE('',(#3287),#3298,.T.);
#3287 = FACE_BOUND('',#3288,.T.);
#3288 = EDGE_LOOP('',(#3289,#3295,#3296,#3297));
#3289 = ORIENTED_EDGE('',*,*,#3290,.F.);
#3290 = EDGE_CURVE('',#1338,#3062,#3291,.T.);
#3291 = LINE('',#3292,#3293);
#3292 = CARTESIAN_POINT('',(26.1,-23.7,-7.81));
#3293 = VECTOR('',#3294,1.);
#3294 = DIRECTION('',(0.,0.,1.));
#3295 = ORIENTED_EDGE('',*,*,#1337,.T.);
#3296 = ORIENTED_EDGE('',*,*,#3276,.T.);
#3297 = ORIENTED_EDGE('',*,*,#3061,.F.);
#3298 = PLANE('',#3299);
#3299 = AXIS2_PLACEMENT_3D('',#3300,#3301,#3302);
#3300 = CARTESIAN_POINT('',(26.1,-23.7,-7.81));
#3301 = DIRECTION('',(1.,0.,-0.));
#3302 = DIRECTION('',(0.,0.,1.));
#3303 = ADVANCED_FACE('',(#3304),#3315,.F.);
#3304 = FACE_BOUND('',#3305,.F.);
#3305 = EDGE_LOOP('',(#3306,#3307,#3308,#3314));
#3306 = ORIENTED_EDGE('',*,*,#3290,.F.);
#3307 = ORIENTED_EDGE('',*,*,#1345,.T.);
#3308 = ORIENTED_EDGE('',*,*,#3309,.T.);
#3309 = EDGE_CURVE('',#1346,#3070,#3310,.T.);
#3310 = LINE('',#3311,#3312);
#3311 = CARTESIAN_POINT('',(15.3,-23.7,-7.81));
#3312 = VECTOR('',#3313,1.);
#3313 = DIRECTION('',(0.,0.,1.));
#3314 = ORIENTED_EDGE('',*,*,#3069,.F.);
#3315 = PLANE('',#3316);
#3316 = AXIS2_PLACEMENT_3D('',#3317,#3318,#3319);
#3317 = CARTESIAN_POINT('',(15.3,-23.7,-7.81));
#3318 = DIRECTION('',(-0.,1.,0.));
#3319 = DIRECTION('',(0.,0.,1.));
#3320 = ADVANCED_FACE('',(#3321),#3332,.F.);
#3321 = FACE_BOUND('',#3322,.F.);
#3322 = EDGE_LOOP('',(#3323,#3324,#3325,#3331));
#3323 = ORIENTED_EDGE('',*,*,#3309,.F.);
#3324 = ORIENTED_EDGE('',*,*,#1353,.T.);
#3325 = ORIENTED_EDGE('',*,*,#3326,.T.);
#3326 = EDGE_CURVE('',#1354,#3078,#3327,.T.);
#3327 = LINE('',#3328,#3329);
#3328 = CARTESIAN_POINT('',(15.3,-16.2,-16.365));
#3329 = VECTOR('',#3330,1.);
#3330 = DIRECTION('',(0.,0.,1.));
#3331 = ORIENTED_EDGE('',*,*,#3077,.F.);
#3332 = PLANE('',#3333);
#3333 = AXIS2_PLACEMENT_3D('',#3334,#3335,#3336);
#3334 = CARTESIAN_POINT('',(15.3,-23.7,-7.81));
#3335 = DIRECTION('',(1.,0.,-0.));
#3336 = DIRECTION('',(0.,0.,1.));
#3337 = ADVANCED_FACE('',(#3338),#3349,.F.);
#3338 = FACE_BOUND('',#3339,.F.);
#3339 = EDGE_LOOP('',(#3340,#3341,#3347,#3348));
#3340 = ORIENTED_EDGE('',*,*,#1361,.T.);
#3341 = ORIENTED_EDGE('',*,*,#3342,.T.);
#3342 = EDGE_CURVE('',#1362,#3086,#3343,.T.);
#3343 = LINE('',#3344,#3345);
#3344 = CARTESIAN_POINT('',(14.975,-16.2,-24.92));
#3345 = VECTOR('',#3346,1.);
#3346 = DIRECTION('',(0.,0.,1.));
#3347 = ORIENTED_EDGE('',*,*,#3085,.F.);
#3348 = ORIENTED_EDGE('',*,*,#3326,.F.);
#3349 = PLANE('',#3350);
#3350 = AXIS2_PLACEMENT_3D('',#3351,#3352,#3353);
#3351 = CARTESIAN_POINT('',(14.975,-16.2,-24.92));
#3352 = DIRECTION('',(-0.,1.,0.));
#3353 = DIRECTION('',(0.,0.,1.));
#3354 = ADVANCED_FACE('',(#3355),#3371,.T.);
#3355 = FACE_BOUND('',#3356,.T.);
#3356 = EDGE_LOOP('',(#3357,#3363,#3364,#3370));
#3357 = ORIENTED_EDGE('',*,*,#3358,.F.);
#3358 = EDGE_CURVE('',#1646,#3014,#3359,.T.);
#3359 = LINE('',#3360,#3361);
#3360 = CARTESIAN_POINT('',(20.995,15.2,-24.92));
#3361 = VECTOR('',#3362,1.);
#3362 = DIRECTION('',(0.,0.,1.));
#3363 = ORIENTED_EDGE('',*,*,#1645,.T.);
#3364 = ORIENTED_EDGE('',*,*,#3365,.F.);
#3365 = EDGE_CURVE('',#3006,#1638,#3366,.T.);
#3366 = LINE('',#3367,#3368);
#3367 = CARTESIAN_POINT('',(20.995,15.3,-16.365));
#3368 = VECTOR('',#3369,1.);
#3369 = DIRECTION('',(-0.,0.,-1.));
#3370 = ORIENTED_EDGE('',*,*,#3013,.F.);
#3371 = PLANE('',#3372);
#3372 = AXIS2_PLACEMENT_3D('',#3373,#3374,#3375);
#3373 = CARTESIAN_POINT('',(20.995,15.2,-24.92));
#3374 = DIRECTION('',(1.,0.,-0.));
#3375 = DIRECTION('',(0.,0.,1.));
#3376 = ADVANCED_FACE('',(#3377),#3388,.F.);
#3377 = FACE_BOUND('',#3378,.F.);
#3378 = EDGE_LOOP('',(#3379,#3380,#3381,#3382));
#3379 = ORIENTED_EDGE('',*,*,#1637,.T.);
#3380 = ORIENTED_EDGE('',*,*,#3365,.F.);
#3381 = ORIENTED_EDGE('',*,*,#3005,.F.);
#3382 = ORIENTED_EDGE('',*,*,#3383,.F.);
#3383 = EDGE_CURVE('',#1630,#2998,#3384,.T.);
#3384 = LINE('',#3385,#3386);
#3385 = CARTESIAN_POINT('',(26.1,15.3,-7.81));
#3386 = VECTOR('',#3387,1.);
#3387 = DIRECTION('',(0.,0.,1.));
#3388 = PLANE('',#3389);
#3389 = AXIS2_PLACEMENT_3D('',#3390,#3391,#3392);
#3390 = CARTESIAN_POINT('',(15.3,15.3,-7.81));
#3391 = DIRECTION('',(-0.,1.,0.));
#3392 = DIRECTION('',(0.,0.,1.));
#3393 = ADVANCED_FACE('',(#3394),#3405,.T.);
#3394 = FACE_BOUND('',#3395,.T.);
#3395 = EDGE_LOOP('',(#3396,#3397,#3398,#3404));
#3396 = ORIENTED_EDGE('',*,*,#3383,.F.);
#3397 = ORIENTED_EDGE('',*,*,#1629,.T.);
#3398 = ORIENTED_EDGE('',*,*,#3399,.T.);
#3399 = EDGE_CURVE('',#1622,#2990,#3400,.T.);
#3400 = LINE('',#3401,#3402);
#3401 = CARTESIAN_POINT('',(26.1,23.7,-7.81));
#3402 = VECTOR('',#3403,1.);
#3403 = DIRECTION('',(0.,0.,1.));
#3404 = ORIENTED_EDGE('',*,*,#2997,.F.);
#3405 = PLANE('',#3406);
#3406 = AXIS2_PLACEMENT_3D('',#3407,#3408,#3409);
#3407 = CARTESIAN_POINT('',(26.1,15.3,-7.81));
#3408 = DIRECTION('',(1.,0.,-0.));
#3409 = DIRECTION('',(0.,0.,1.));
#3410 = ADVANCED_FACE('',(#3411),#3422,.T.);
#3411 = FACE_BOUND('',#3412,.T.);
#3412 = EDGE_LOOP('',(#3413,#3414,#3415,#3421));
#3413 = ORIENTED_EDGE('',*,*,#3399,.F.);
#3414 = ORIENTED_EDGE('',*,*,#1621,.T.);
#3415 = ORIENTED_EDGE('',*,*,#3416,.T.);
#3416 = EDGE_CURVE('',#1614,#2982,#3417,.T.);
#3417 = LINE('',#3418,#3419);
#3418 = CARTESIAN_POINT('',(15.3,23.7,-7.81));
#3419 = VECTOR('',#3420,1.);
#3420 = DIRECTION('',(0.,0.,1.));
#3421 = ORIENTED_EDGE('',*,*,#2989,.F.);
#3422 = PLANE('',#3423);
#3423 = AXIS2_PLACEMENT_3D('',#3424,#3425,#3426);
#3424 = CARTESIAN_POINT('',(15.3,23.7,-7.81));
#3425 = DIRECTION('',(-0.,1.,0.));
#3426 = DIRECTION('',(0.,0.,1.));
#3427 = ADVANCED_FACE('',(#3428),#3439,.F.);
#3428 = FACE_BOUND('',#3429,.F.);
#3429 = EDGE_LOOP('',(#3430,#3436,#3437,#3438));
#3430 = ORIENTED_EDGE('',*,*,#3431,.F.);
#3431 = EDGE_CURVE('',#1606,#2974,#3432,.T.);
#3432 = LINE('',#3433,#3434);
#3433 = CARTESIAN_POINT('',(15.3,16.2,-16.365));
#3434 = VECTOR('',#3435,1.);
#3435 = DIRECTION('',(0.,0.,1.));
#3436 = ORIENTED_EDGE('',*,*,#1613,.T.);
#3437 = ORIENTED_EDGE('',*,*,#3416,.T.);
#3438 = ORIENTED_EDGE('',*,*,#2981,.F.);
#3439 = PLANE('',#3440);
#3440 = AXIS2_PLACEMENT_3D('',#3441,#3442,#3443);
#3441 = CARTESIAN_POINT('',(15.3,15.3,-7.81));
#3442 = DIRECTION('',(1.,0.,-0.));
#3443 = DIRECTION('',(0.,0.,1.));
#3444 = ADVANCED_FACE('',(#3445),#3456,.T.);
#3445 = FACE_BOUND('',#3446,.T.);
#3446 = EDGE_LOOP('',(#3447,#3448,#3454,#3455));
#3447 = ORIENTED_EDGE('',*,*,#1605,.T.);
#3448 = ORIENTED_EDGE('',*,*,#3449,.T.);
#3449 = EDGE_CURVE('',#1598,#2966,#3450,.T.);
#3450 = LINE('',#3451,#3452);
#3451 = CARTESIAN_POINT('',(14.975,16.2,-24.92));
#3452 = VECTOR('',#3453,1.);
#3453 = DIRECTION('',(0.,0.,1.));
#3454 = ORIENTED_EDGE('',*,*,#2973,.F.);
#3455 = ORIENTED_EDGE('',*,*,#3431,.F.);
#3456 = PLANE('',#3457);
#3457 = AXIS2_PLACEMENT_3D('',#3458,#3459,#3460);
#3458 = CARTESIAN_POINT('',(14.975,16.2,-24.92));
#3459 = DIRECTION('',(-0.,1.,0.));
#3460 = DIRECTION('',(0.,0.,1.));
#3461 = ADVANCED_FACE('',(#3462),#3478,.F.);
#3462 = FACE_BOUND('',#3463,.F.);
#3463 = EDGE_LOOP('',(#3464,#3465,#3471,#3472));
#3464 = ORIENTED_EDGE('',*,*,#1475,.F.);
#3465 = ORIENTED_EDGE('',*,*,#3466,.T.);
#3466 = EDGE_CURVE('',#1476,#2908,#3467,.T.);
#3467 = LINE('',#3468,#3469);
#3468 = CARTESIAN_POINT('',(-16.2,-10.,-12.51));
#3469 = VECTOR('',#3470,1.);
#3470 = DIRECTION('',(0.,0.,1.));
#3471 = ORIENTED_EDGE('',*,*,#2907,.F.);
#3472 = ORIENTED_EDGE('',*,*,#3473,.F.);
#3473 = EDGE_CURVE('',#1468,#2900,#3474,.T.);
#3474 = LINE('',#3475,#3476);
#3475 = CARTESIAN_POINT('',(-14.975,-10.,-12.51));
#3476 = VECTOR('',#3477,1.);
#3477 = DIRECTION('',(0.,0.,1.));
#3478 = PLANE('',#3479);
#3479 = AXIS2_PLACEMENT_3D('',#3480,#3481,#3482);
#3480 = CARTESIAN_POINT('',(-16.2,-10.,-12.51));
#3481 = DIRECTION('',(-0.,1.,0.));
#3482 = DIRECTION('',(0.,0.,1.));
#3483 = ADVANCED_FACE('',(#3484),#3495,.F.);
#3484 = FACE_BOUND('',#3485,.F.);
#3485 = EDGE_LOOP('',(#3486,#3487,#3488,#3494));
#3486 = ORIENTED_EDGE('',*,*,#3466,.F.);
#3487 = ORIENTED_EDGE('',*,*,#1483,.F.);
#3488 = ORIENTED_EDGE('',*,*,#3489,.T.);
#3489 = EDGE_CURVE('',#1484,#2916,#3490,.T.);
#3490 = LINE('',#3491,#3492);
#3491 = CARTESIAN_POINT('',(-16.2,3.5,-12.51));
#3492 = VECTOR('',#3493,1.);
#3493 = DIRECTION('',(0.,0.,1.));
#3494 = ORIENTED_EDGE('',*,*,#2915,.F.);
#3495 = PLANE('',#3496);
#3496 = AXIS2_PLACEMENT_3D('',#3497,#3498,#3499);
#3497 = CARTESIAN_POINT('',(-16.2,-10.,-12.51));
#3498 = DIRECTION('',(1.,0.,-0.));
#3499 = DIRECTION('',(0.,0.,1.));
#3500 = ADVANCED_FACE('',(#3501),#3512,.T.);
#3501 = FACE_BOUND('',#3502,.T.);
#3502 = EDGE_LOOP('',(#3503,#3504,#3505,#3506));
#3503 = ORIENTED_EDGE('',*,*,#1491,.F.);
#3504 = ORIENTED_EDGE('',*,*,#3489,.T.);
#3505 = ORIENTED_EDGE('',*,*,#2923,.F.);
#3506 = ORIENTED_EDGE('',*,*,#3507,.F.);
#3507 = EDGE_CURVE('',#1492,#2924,#3508,.T.);
#3508 = LINE('',#3509,#3510);
#3509 = CARTESIAN_POINT('',(-14.975,3.5,-12.51));
#3510 = VECTOR('',#3511,1.);
#3511 = DIRECTION('',(0.,0.,1.));
#3512 = PLANE('',#3513);
#3513 = AXIS2_PLACEMENT_3D('',#3514,#3515,#3516);
#3514 = CARTESIAN_POINT('',(-16.2,3.5,-12.51));
#3515 = DIRECTION('',(-0.,1.,0.));
#3516 = DIRECTION('',(0.,0.,1.));
#3517 = ADVANCED_FACE('',(#3518),#3543,.F.);
#3518 = FACE_BOUND('',#3519,.F.);
#3519 = EDGE_LOOP('',(#3520,#3528,#3536,#3542));
#3520 = ORIENTED_EDGE('',*,*,#3521,.F.);
#3521 = EDGE_CURVE('',#3522,#1694,#3524,.T.);
#3522 = VERTEX_POINT('',#3523);
#3523 = CARTESIAN_POINT('',(24.6625,-15.2,-9.));
#3524 = LINE('',#3525,#3526);
#3525 = CARTESIAN_POINT('',(24.6625,-15.2,-10.));
#3526 = VECTOR('',#3527,1.);
#3527 = DIRECTION('',(0.,0.,1.));
#3528 = ORIENTED_EDGE('',*,*,#3529,.T.);
#3529 = EDGE_CURVE('',#3522,#3530,#3532,.T.);
#3530 = VERTEX_POINT('',#3531);
#3531 = CARTESIAN_POINT('',(24.6625,-11.2,-9.));
#3532 = LINE('',#3533,#3534);
#3533 = CARTESIAN_POINT('',(24.6625,-7.6,-9.));
#3534 = VECTOR('',#3535,1.);
#3535 = DIRECTION('',(-0.,1.,0.));
#3536 = ORIENTED_EDGE('',*,*,#3537,.T.);
#3537 = EDGE_CURVE('',#3530,#1686,#3538,.T.);
#3538 = LINE('',#3539,#3540);
#3539 = CARTESIAN_POINT('',(24.6625,-11.2,-17.155));
#3540 = VECTOR('',#3541,1.);
#3541 = DIRECTION('',(0.,0.,1.));
#3542 = ORIENTED_EDGE('',*,*,#1693,.F.);
#3543 = PLANE('',#3544);
#3544 = AXIS2_PLACEMENT_3D('',#3545,#3546,#3547);
#3545 = CARTESIAN_POINT('',(24.6625,-15.2,-10.));
#3546 = DIRECTION('',(1.,0.,-0.));
#3547 = DIRECTION('',(0.,0.,1.));
#3548 = ADVANCED_FACE('',(#3549),#3606,.T.);
#3549 = FACE_BOUND('',#3550,.T.);
#3550 = EDGE_LOOP('',(#3551,#3561,#3569,#3577,#3585,#3591,#3592,#3593,
    #3599,#3600));
#3551 = ORIENTED_EDGE('',*,*,#3552,.T.);
#3552 = EDGE_CURVE('',#3553,#3555,#3557,.T.);
#3553 = VERTEX_POINT('',#3554);
#3554 = CARTESIAN_POINT('',(16.9625,-11.2,-5.6));
#3555 = VERTEX_POINT('',#3556);
#3556 = CARTESIAN_POINT('',(20.295,-11.2,-5.6));
#3557 = LINE('',#3558,#3559);
#3558 = CARTESIAN_POINT('',(16.9625,-11.2,-5.6));
#3559 = VECTOR('',#3560,1.);
#3560 = DIRECTION('',(1.,0.,-0.));
#3561 = ORIENTED_EDGE('',*,*,#3562,.F.);
#3562 = EDGE_CURVE('',#3563,#3555,#3565,.T.);
#3563 = VERTEX_POINT('',#3564);
#3564 = CARTESIAN_POINT('',(20.295,-11.2,-24.31));
#3565 = LINE('',#3566,#3567);
#3566 = CARTESIAN_POINT('',(20.295,-11.2,-24.31));
#3567 = VECTOR('',#3568,1.);
#3568 = DIRECTION('',(0.,0.,1.));
#3569 = ORIENTED_EDGE('',*,*,#3570,.T.);
#3570 = EDGE_CURVE('',#3563,#3571,#3573,.T.);
#3571 = VERTEX_POINT('',#3572);
#3572 = CARTESIAN_POINT('',(24.9625,-11.2,-24.31));
#3573 = LINE('',#3574,#3575);
#3574 = CARTESIAN_POINT('',(20.295,-11.2,-24.31));
#3575 = VECTOR('',#3576,1.);
#3576 = DIRECTION('',(1.,0.,-0.));
#3577 = ORIENTED_EDGE('',*,*,#3578,.T.);
#3578 = EDGE_CURVE('',#3571,#3579,#3581,.T.);
#3579 = VERTEX_POINT('',#3580);
#3580 = CARTESIAN_POINT('',(24.9625,-11.2,-9.));
#3581 = LINE('',#3582,#3583);
#3582 = CARTESIAN_POINT('',(24.9625,-11.2,-24.31));
#3583 = VECTOR('',#3584,1.);
#3584 = DIRECTION('',(0.,0.,1.));
#3585 = ORIENTED_EDGE('',*,*,#3586,.T.);
#3586 = EDGE_CURVE('',#3579,#3530,#3587,.T.);
#3587 = LINE('',#3588,#3589);
#3588 = CARTESIAN_POINT('',(10.1475,-11.2,-9.));
#3589 = VECTOR('',#3590,1.);
#3590 = DIRECTION('',(-1.,-0.,0.));
#3591 = ORIENTED_EDGE('',*,*,#3537,.T.);
#3592 = ORIENTED_EDGE('',*,*,#1685,.F.);
#3593 = ORIENTED_EDGE('',*,*,#3594,.T.);
#3594 = EDGE_CURVE('',#1678,#3128,#3595,.T.);
#3595 = LINE('',#3596,#3597);
#3596 = CARTESIAN_POINT('',(24.9625,-11.2,-24.31));
#3597 = VECTOR('',#3598,1.);
#3598 = DIRECTION('',(0.,0.,1.));
#3599 = ORIENTED_EDGE('',*,*,#3127,.T.);
#3600 = ORIENTED_EDGE('',*,*,#3601,.F.);
#3601 = EDGE_CURVE('',#3553,#3130,#3602,.T.);
#3602 = LINE('',#3603,#3604);
#3603 = CARTESIAN_POINT('',(16.9625,-11.2,-5.6));
#3604 = VECTOR('',#3605,1.);
#3605 = DIRECTION('',(0.,0.,1.));
#3606 = PLANE('',#3607);
#3607 = AXIS2_PLACEMENT_3D('',#3608,#3609,#3610);
#3608 = CARTESIAN_POINT('',(22.12695264397,-11.2,-13.4578961427));
#3609 = DIRECTION('',(-0.,-1.,-0.));
#3610 = DIRECTION('',(0.,0.,-1.));
#3611 = ADVANCED_FACE('',(#3612),#3623,.T.);
#3612 = FACE_BOUND('',#3613,.T.);
#3613 = EDGE_LOOP('',(#3614,#3615,#3616,#3622));
#3614 = ORIENTED_EDGE('',*,*,#3594,.F.);
#3615 = ORIENTED_EDGE('',*,*,#1677,.T.);
#3616 = ORIENTED_EDGE('',*,*,#3617,.T.);
#3617 = EDGE_CURVE('',#1670,#3146,#3618,.T.);
#3618 = LINE('',#3619,#3620);
#3619 = CARTESIAN_POINT('',(24.9625,11.2,-24.31));
#3620 = VECTOR('',#3621,1.);
#3621 = DIRECTION('',(0.,0.,1.));
#3622 = ORIENTED_EDGE('',*,*,#3153,.F.);
#3623 = PLANE('',#3624);
#3624 = AXIS2_PLACEMENT_3D('',#3625,#3626,#3627);
#3625 = CARTESIAN_POINT('',(24.9625,0.,-6.4));
#3626 = DIRECTION('',(1.,0.,0.));
#3627 = DIRECTION('',(-0.,0.,1.));
#3628 = ADVANCED_FACE('',(#3629),#3688,.T.);
#3629 = FACE_BOUND('',#3630,.T.);
#3630 = EDGE_LOOP('',(#3631,#3641,#3647,#3648,#3649,#3650,#3658,#3666,
    #3674,#3682));
#3631 = ORIENTED_EDGE('',*,*,#3632,.F.);
#3632 = EDGE_CURVE('',#3633,#3635,#3637,.T.);
#3633 = VERTEX_POINT('',#3634);
#3634 = CARTESIAN_POINT('',(16.9625,11.2,-5.6));
#3635 = VERTEX_POINT('',#3636);
#3636 = CARTESIAN_POINT('',(20.295,11.2,-5.6));
#3637 = LINE('',#3638,#3639);
#3638 = CARTESIAN_POINT('',(16.9625,11.2,-5.6));
#3639 = VECTOR('',#3640,1.);
#3640 = DIRECTION('',(1.,0.,-0.));
#3641 = ORIENTED_EDGE('',*,*,#3642,.T.);
#3642 = EDGE_CURVE('',#3633,#3138,#3643,.T.);
#3643 = LINE('',#3644,#3645);
#3644 = CARTESIAN_POINT('',(16.9625,11.2,-5.6));
#3645 = VECTOR('',#3646,1.);
#3646 = DIRECTION('',(0.,0.,1.));
#3647 = ORIENTED_EDGE('',*,*,#3145,.F.);
#3648 = ORIENTED_EDGE('',*,*,#3617,.F.);
#3649 = ORIENTED_EDGE('',*,*,#1669,.T.);
#3650 = ORIENTED_EDGE('',*,*,#3651,.F.);
#3651 = EDGE_CURVE('',#3652,#1662,#3654,.T.);
#3652 = VERTEX_POINT('',#3653);
#3653 = CARTESIAN_POINT('',(24.6625,11.2,-9.));
#3654 = LINE('',#3655,#3656);
#3655 = CARTESIAN_POINT('',(24.6625,11.2,-17.155));
#3656 = VECTOR('',#3657,1.);
#3657 = DIRECTION('',(0.,0.,1.));
#3658 = ORIENTED_EDGE('',*,*,#3659,.F.);
#3659 = EDGE_CURVE('',#3660,#3652,#3662,.T.);
#3660 = VERTEX_POINT('',#3661);
#3661 = CARTESIAN_POINT('',(24.9625,11.2,-9.));
#3662 = LINE('',#3663,#3664);
#3663 = CARTESIAN_POINT('',(10.1475,11.2,-9.));
#3664 = VECTOR('',#3665,1.);
#3665 = DIRECTION('',(-1.,-0.,0.));
#3666 = ORIENTED_EDGE('',*,*,#3667,.F.);
#3667 = EDGE_CURVE('',#3668,#3660,#3670,.T.);
#3668 = VERTEX_POINT('',#3669);
#3669 = CARTESIAN_POINT('',(24.9625,11.2,-24.31));
#3670 = LINE('',#3671,#3672);
#3671 = CARTESIAN_POINT('',(24.9625,11.2,-24.31));
#3672 = VECTOR('',#3673,1.);
#3673 = DIRECTION('',(0.,0.,1.));
#3674 = ORIENTED_EDGE('',*,*,#3675,.F.);
#3675 = EDGE_CURVE('',#3676,#3668,#3678,.T.);
#3676 = VERTEX_POINT('',#3677);
#3677 = CARTESIAN_POINT('',(20.295,11.2,-24.31));
#3678 = LINE('',#3679,#3680);
#3679 = CARTESIAN_POINT('',(20.295,11.2,-24.31));
#3680 = VECTOR('',#3681,1.);
#3681 = DIRECTION('',(1.,0.,-0.));
#3682 = ORIENTED_EDGE('',*,*,#3683,.T.);
#3683 = EDGE_CURVE('',#3676,#3635,#3684,.T.);
#3684 = LINE('',#3685,#3686);
#3685 = CARTESIAN_POINT('',(20.295,11.2,-24.31));
#3686 = VECTOR('',#3687,1.);
#3687 = DIRECTION('',(0.,0.,1.));
#3688 = PLANE('',#3689);
#3689 = AXIS2_PLACEMENT_3D('',#3690,#3691,#3692);
#3690 = CARTESIAN_POINT('',(22.12695264397,11.2,-13.4578961427));
#3691 = DIRECTION('',(0.,1.,0.));
#3692 = DIRECTION('',(0.,-0.,1.));
#3693 = ADVANCED_FACE('',(#3694),#3712,.F.);
#3694 = FACE_BOUND('',#3695,.F.);
#3695 = EDGE_LOOP('',(#3696,#3697,#3705,#3711));
#3696 = ORIENTED_EDGE('',*,*,#3651,.F.);
#3697 = ORIENTED_EDGE('',*,*,#3698,.T.);
#3698 = EDGE_CURVE('',#3652,#3699,#3701,.T.);
#3699 = VERTEX_POINT('',#3700);
#3700 = CARTESIAN_POINT('',(24.6625,15.2,-9.));
#3701 = LINE('',#3702,#3703);
#3702 = CARTESIAN_POINT('',(24.6625,-7.6,-9.));
#3703 = VECTOR('',#3704,1.);
#3704 = DIRECTION('',(-0.,1.,0.));
#3705 = ORIENTED_EDGE('',*,*,#3706,.T.);
#3706 = EDGE_CURVE('',#3699,#1654,#3707,.T.);
#3707 = LINE('',#3708,#3709);
#3708 = CARTESIAN_POINT('',(24.6625,15.2,-10.));
#3709 = VECTOR('',#3710,1.);
#3710 = DIRECTION('',(0.,0.,1.));
#3711 = ORIENTED_EDGE('',*,*,#1661,.F.);
#3712 = PLANE('',#3713);
#3713 = AXIS2_PLACEMENT_3D('',#3714,#3715,#3716);
#3714 = CARTESIAN_POINT('',(24.6625,-15.2,-10.));
#3715 = DIRECTION('',(1.,0.,-0.));
#3716 = DIRECTION('',(0.,0.,1.));
#3717 = ADVANCED_FACE('',(#3718),#3734,.T.);
#3718 = FACE_BOUND('',#3719,.T.);
#3719 = EDGE_LOOP('',(#3720,#3726,#3727,#3733));
#3720 = ORIENTED_EDGE('',*,*,#3721,.F.);
#3721 = EDGE_CURVE('',#3579,#3660,#3722,.T.);
#3722 = LINE('',#3723,#3724);
#3723 = CARTESIAN_POINT('',(24.9625,-5.6,-9.));
#3724 = VECTOR('',#3725,1.);
#3725 = DIRECTION('',(-0.,1.,0.));
#3726 = ORIENTED_EDGE('',*,*,#3578,.F.);
#3727 = ORIENTED_EDGE('',*,*,#3728,.T.);
#3728 = EDGE_CURVE('',#3571,#3668,#3729,.T.);
#3729 = LINE('',#3730,#3731);
#3730 = CARTESIAN_POINT('',(24.9625,-11.2,-24.31));
#3731 = VECTOR('',#3732,1.);
#3732 = DIRECTION('',(-0.,1.,0.));
#3733 = ORIENTED_EDGE('',*,*,#3667,.T.);
#3734 = PLANE('',#3735);
#3735 = AXIS2_PLACEMENT_3D('',#3736,#3737,#3738);
#3736 = CARTESIAN_POINT('',(24.9625,-11.2,-24.31));
#3737 = DIRECTION('',(1.,0.,-0.));
#3738 = DIRECTION('',(0.,0.,1.));
#3739 = ADVANCED_FACE('',(#3740),#3772,.T.);
#3740 = FACE_BOUND('',#3741,.T.);
#3741 = EDGE_LOOP('',(#3742,#3748,#3749,#3757,#3765,#3771));
#3742 = ORIENTED_EDGE('',*,*,#3743,.F.);
#3743 = EDGE_CURVE('',#1982,#3162,#3744,.T.);
#3744 = LINE('',#3745,#3746);
#3745 = CARTESIAN_POINT('',(-20.7125,1.45,-7.81));
#3746 = VECTOR('',#3747,1.);
#3747 = DIRECTION('',(0.,0.,1.));
#3748 = ORIENTED_EDGE('',*,*,#1981,.T.);
#3749 = ORIENTED_EDGE('',*,*,#3750,.T.);
#3750 = EDGE_CURVE('',#1984,#3751,#3753,.T.);
#3751 = VERTEX_POINT('',#3752);
#3752 = CARTESIAN_POINT('',(-20.7125,5.25,-7.2));
#3753 = LINE('',#3754,#3755);
#3754 = CARTESIAN_POINT('',(-20.7125,5.25,-7.81));
#3755 = VECTOR('',#3756,1.);
#3756 = DIRECTION('',(0.,0.,1.));
#3757 = ORIENTED_EDGE('',*,*,#3758,.F.);
#3758 = EDGE_CURVE('',#3759,#3751,#3761,.T.);
#3759 = VERTEX_POINT('',#3760);
#3760 = CARTESIAN_POINT('',(-20.7125,4.45,-7.2));
#3761 = LINE('',#3762,#3763);
#3762 = CARTESIAN_POINT('',(-20.7125,2.95,-7.2));
#3763 = VECTOR('',#3764,1.);
#3764 = DIRECTION('',(-0.,1.,0.));
#3765 = ORIENTED_EDGE('',*,*,#3766,.F.);
#3766 = EDGE_CURVE('',#3196,#3759,#3767,.T.);
#3767 = LINE('',#3768,#3769);
#3768 = CARTESIAN_POINT('',(-20.7125,4.45,-7.505));
#3769 = VECTOR('',#3770,1.);
#3770 = DIRECTION('',(-0.,0.,-1.));
#3771 = ORIENTED_EDGE('',*,*,#3203,.F.);
#3772 = PLANE('',#3773);
#3773 = AXIS2_PLACEMENT_3D('',#3774,#3775,#3776);
#3774 = CARTESIAN_POINT('',(-20.7125,1.45,-7.81));
#3775 = DIRECTION('',(1.,0.,-0.));
#3776 = DIRECTION('',(0.,0.,1.));
#3777 = ADVANCED_FACE('',(#3778),#3796,.T.);
#3778 = FACE_BOUND('',#3779,.T.);
#3779 = EDGE_LOOP('',(#3780,#3781,#3782,#3790));
#3780 = ORIENTED_EDGE('',*,*,#3750,.F.);
#3781 = ORIENTED_EDGE('',*,*,#2039,.T.);
#3782 = ORIENTED_EDGE('',*,*,#3783,.F.);
#3783 = EDGE_CURVE('',#3784,#2032,#3786,.T.);
#3784 = VERTEX_POINT('',#3785);
#3785 = CARTESIAN_POINT('',(-21.5125,5.25,-7.2));
#3786 = LINE('',#3787,#3788);
#3787 = CARTESIAN_POINT('',(-21.5125,5.25,-8.905));
#3788 = VECTOR('',#3789,1.);
#3789 = DIRECTION('',(-0.,0.,-1.));
#3790 = ORIENTED_EDGE('',*,*,#3791,.F.);
#3791 = EDGE_CURVE('',#3751,#3784,#3792,.T.);
#3792 = LINE('',#3793,#3794);
#3793 = CARTESIAN_POINT('',(-25.3125,5.25,-7.2));
#3794 = VECTOR('',#3795,1.);
#3795 = DIRECTION('',(-1.,-0.,0.));
#3796 = PLANE('',#3797);
#3797 = AXIS2_PLACEMENT_3D('',#3798,#3799,#3800);
#3798 = CARTESIAN_POINT('',(-25.3125,5.25,-7.81));
#3799 = DIRECTION('',(-0.,1.,0.));
#3800 = DIRECTION('',(0.,0.,1.));
#3801 = ADVANCED_FACE('',(#3802),#3868,.F.);
#3802 = FACE_BOUND('',#3803,.F.);
#3803 = EDGE_LOOP('',(#3804,#3814,#3822,#3828,#3829,#3830,#3838,#3846,
    #3854,#3862));
#3804 = ORIENTED_EDGE('',*,*,#3805,.F.);
#3805 = EDGE_CURVE('',#3806,#3808,#3810,.T.);
#3806 = VERTEX_POINT('',#3807);
#3807 = CARTESIAN_POINT('',(-21.5125,2.25,-9.));
#3808 = VERTEX_POINT('',#3809);
#3809 = CARTESIAN_POINT('',(-21.5125,2.25,-3.5));
#3810 = LINE('',#3811,#3812);
#3811 = CARTESIAN_POINT('',(-21.5125,2.25,-10.));
#3812 = VECTOR('',#3813,1.);
#3813 = DIRECTION('',(0.,0.,1.));
#3814 = ORIENTED_EDGE('',*,*,#3815,.T.);
#3815 = EDGE_CURVE('',#3806,#3816,#3818,.T.);
#3816 = VERTEX_POINT('',#3817);
#3817 = CARTESIAN_POINT('',(-21.5125,5.26,-9.));
#3818 = LINE('',#3819,#3820);
#3819 = CARTESIAN_POINT('',(-21.5125,1.125,-9.));
#3820 = VECTOR('',#3821,1.);
#3821 = DIRECTION('',(-0.,1.,0.));
#3822 = ORIENTED_EDGE('',*,*,#3823,.T.);
#3823 = EDGE_CURVE('',#3816,#2024,#3824,.T.);
#3824 = LINE('',#3825,#3826);
#3825 = CARTESIAN_POINT('',(-21.5125,5.26,-10.));
#3826 = VECTOR('',#3827,1.);
#3827 = DIRECTION('',(0.,0.,1.));
#3828 = ORIENTED_EDGE('',*,*,#2031,.F.);
#3829 = ORIENTED_EDGE('',*,*,#3783,.F.);
#3830 = ORIENTED_EDGE('',*,*,#3831,.T.);
#3831 = EDGE_CURVE('',#3784,#3832,#3834,.T.);
#3832 = VERTEX_POINT('',#3833);
#3833 = CARTESIAN_POINT('',(-21.5125,5.26,-7.2));
#3834 = LINE('',#3835,#3836);
#3835 = CARTESIAN_POINT('',(-21.5125,3.35,-7.2));
#3836 = VECTOR('',#3837,1.);
#3837 = DIRECTION('',(-0.,1.,0.));
#3838 = ORIENTED_EDGE('',*,*,#3839,.T.);
#3839 = EDGE_CURVE('',#3832,#3840,#3842,.T.);
#3840 = VERTEX_POINT('',#3841);
#3841 = CARTESIAN_POINT('',(-21.5125,5.26,-6.4));
#3842 = LINE('',#3843,#3844);
#3843 = CARTESIAN_POINT('',(-21.5125,5.26,-10.));
#3844 = VECTOR('',#3845,1.);
#3845 = DIRECTION('',(0.,0.,1.));
#3846 = ORIENTED_EDGE('',*,*,#3847,.F.);
#3847 = EDGE_CURVE('',#3848,#3840,#3850,.T.);
#3848 = VERTEX_POINT('',#3849);
#3849 = CARTESIAN_POINT('',(-21.5125,5.25,-6.4));
#3850 = LINE('',#3851,#3852);
#3851 = CARTESIAN_POINT('',(-21.5125,3.75,-6.4));
#3852 = VECTOR('',#3853,1.);
#3853 = DIRECTION('',(-0.,1.,0.));
#3854 = ORIENTED_EDGE('',*,*,#3855,.F.);
#3855 = EDGE_CURVE('',#3856,#3848,#3858,.T.);
#3856 = VERTEX_POINT('',#3857);
#3857 = CARTESIAN_POINT('',(-21.5125,5.25,-3.5));
#3858 = LINE('',#3859,#3860);
#3859 = CARTESIAN_POINT('',(-21.5125,5.25,-8.2));
#3860 = VECTOR('',#3861,1.);
#3861 = DIRECTION('',(-0.,0.,-1.));
#3862 = ORIENTED_EDGE('',*,*,#3863,.F.);
#3863 = EDGE_CURVE('',#3808,#3856,#3864,.T.);
#3864 = LINE('',#3865,#3866);
#3865 = CARTESIAN_POINT('',(-21.5125,1.125,-3.5));
#3866 = VECTOR('',#3867,1.);
#3867 = DIRECTION('',(-0.,1.,0.));
#3868 = PLANE('',#3869);
#3869 = AXIS2_PLACEMENT_3D('',#3870,#3871,#3872);
#3870 = CARTESIAN_POINT('',(-21.5125,2.25,-10.));
#3871 = DIRECTION('',(1.,0.,-0.));
#3872 = DIRECTION('',(0.,0.,1.));
#3873 = ADVANCED_FACE('',(#3874),#3892,.F.);
#3874 = FACE_BOUND('',#3875,.F.);
#3875 = EDGE_LOOP('',(#3876,#3877,#3885,#3891));
#3876 = ORIENTED_EDGE('',*,*,#3823,.F.);
#3877 = ORIENTED_EDGE('',*,*,#3878,.T.);
#3878 = EDGE_CURVE('',#3816,#3879,#3881,.T.);
#3879 = VERTEX_POINT('',#3880);
#3880 = CARTESIAN_POINT('',(-24.5125,5.26,-9.));
#3881 = LINE('',#3882,#3883);
#3882 = CARTESIAN_POINT('',(-12.25625,5.26,-9.));
#3883 = VECTOR('',#3884,1.);
#3884 = DIRECTION('',(-1.,-0.,0.));
#3885 = ORIENTED_EDGE('',*,*,#3886,.T.);
#3886 = EDGE_CURVE('',#3879,#2016,#3887,.T.);
#3887 = LINE('',#3888,#3889);
#3888 = CARTESIAN_POINT('',(-24.5125,5.26,-10.));
#3889 = VECTOR('',#3890,1.);
#3890 = DIRECTION('',(0.,0.,1.));
#3891 = ORIENTED_EDGE('',*,*,#2023,.F.);
#3892 = PLANE('',#3893);
#3893 = AXIS2_PLACEMENT_3D('',#3894,#3895,#3896);
#3894 = CARTESIAN_POINT('',(-24.5125,5.26,-10.));
#3895 = DIRECTION('',(-0.,1.,0.));
#3896 = DIRECTION('',(0.,0.,1.));
#3897 = ADVANCED_FACE('',(#3898),#3909,.F.);
#3898 = FACE_BOUND('',#3899,.F.);
#3899 = EDGE_LOOP('',(#3900,#3901,#3902,#3908));
#3900 = ORIENTED_EDGE('',*,*,#3743,.F.);
#3901 = ORIENTED_EDGE('',*,*,#1991,.T.);
#3902 = ORIENTED_EDGE('',*,*,#3903,.T.);
#3903 = EDGE_CURVE('',#1992,#3164,#3904,.T.);
#3904 = LINE('',#3905,#3906);
#3905 = CARTESIAN_POINT('',(-25.3125,1.45,-7.81));
#3906 = VECTOR('',#3907,1.);
#3907 = DIRECTION('',(0.,0.,1.));
#3908 = ORIENTED_EDGE('',*,*,#3161,.F.);
#3909 = PLANE('',#3910);
#3910 = AXIS2_PLACEMENT_3D('',#3911,#3912,#3913);
#3911 = CARTESIAN_POINT('',(-25.3125,1.45,-7.81));
#3912 = DIRECTION('',(-0.,1.,0.));
#3913 = DIRECTION('',(0.,0.,1.));
#3914 = ADVANCED_FACE('',(#3915),#3940,.T.);
#3915 = FACE_BOUND('',#3916,.T.);
#3916 = EDGE_LOOP('',(#3917,#3925,#3926,#3934));
#3917 = ORIENTED_EDGE('',*,*,#3918,.T.);
#3918 = EDGE_CURVE('',#3919,#2008,#3921,.T.);
#3919 = VERTEX_POINT('',#3920);
#3920 = CARTESIAN_POINT('',(-24.5125,5.25,-7.2));
#3921 = LINE('',#3922,#3923);
#3922 = CARTESIAN_POINT('',(-24.5125,5.25,-8.905));
#3923 = VECTOR('',#3924,1.);
#3924 = DIRECTION('',(-0.,0.,-1.));
#3925 = ORIENTED_EDGE('',*,*,#2007,.T.);
#3926 = ORIENTED_EDGE('',*,*,#3927,.T.);
#3927 = EDGE_CURVE('',#2000,#3928,#3930,.T.);
#3928 = VERTEX_POINT('',#3929);
#3929 = CARTESIAN_POINT('',(-25.3125,5.25,-7.2));
#3930 = LINE('',#3931,#3932);
#3931 = CARTESIAN_POINT('',(-25.3125,5.25,-7.81));
#3932 = VECTOR('',#3933,1.);
#3933 = DIRECTION('',(0.,0.,1.));
#3934 = ORIENTED_EDGE('',*,*,#3935,.F.);
#3935 = EDGE_CURVE('',#3919,#3928,#3936,.T.);
#3936 = LINE('',#3937,#3938);
#3937 = CARTESIAN_POINT('',(-25.3125,5.25,-7.2));
#3938 = VECTOR('',#3939,1.);
#3939 = DIRECTION('',(-1.,-0.,0.));
#3940 = PLANE('',#3941);
#3941 = AXIS2_PLACEMENT_3D('',#3942,#3943,#3944);
#3942 = CARTESIAN_POINT('',(-25.3125,5.25,-7.81));
#3943 = DIRECTION('',(-0.,1.,0.));
#3944 = DIRECTION('',(0.,0.,1.));
#3945 = ADVANCED_FACE('',(#3946),#3966,.T.);
#3946 = FACE_BOUND('',#3947,.T.);
#3947 = EDGE_LOOP('',(#3948,#3949,#3957,#3963,#3964,#3965));
#3948 = ORIENTED_EDGE('',*,*,#3171,.T.);
#3949 = ORIENTED_EDGE('',*,*,#3950,.F.);
#3950 = EDGE_CURVE('',#3951,#3172,#3953,.T.);
#3951 = VERTEX_POINT('',#3952);
#3952 = CARTESIAN_POINT('',(-25.3125,14.75,-7.2));
#3953 = LINE('',#3954,#3955);
#3954 = CARTESIAN_POINT('',(-25.3125,14.75,-7.2));
#3955 = VECTOR('',#3956,1.);
#3956 = DIRECTION('',(0.,0.,1.));
#3957 = ORIENTED_EDGE('',*,*,#3958,.F.);
#3958 = EDGE_CURVE('',#3928,#3951,#3959,.T.);
#3959 = LINE('',#3960,#3961);
#3960 = CARTESIAN_POINT('',(-25.3125,4.45,-7.2));
#3961 = VECTOR('',#3962,1.);
#3962 = DIRECTION('',(-0.,1.,0.));
#3963 = ORIENTED_EDGE('',*,*,#3927,.F.);
#3964 = ORIENTED_EDGE('',*,*,#1999,.F.);
#3965 = ORIENTED_EDGE('',*,*,#3903,.T.);
#3966 = PLANE('',#3967);
#3967 = AXIS2_PLACEMENT_3D('',#3968,#3969,#3970);
#3968 = CARTESIAN_POINT('',(-25.3125,7.92298136646,-6.22298136646));
#3969 = DIRECTION('',(-1.,-0.,-0.));
#3970 = DIRECTION('',(0.,0.,-1.));
#3971 = ADVANCED_FACE('',(#3972),#3997,.T.);
#3972 = FACE_BOUND('',#3973,.T.);
#3973 = EDGE_LOOP('',(#3974,#3975,#3983,#3991));
#3974 = ORIENTED_EDGE('',*,*,#3805,.F.);
#3975 = ORIENTED_EDGE('',*,*,#3976,.T.);
#3976 = EDGE_CURVE('',#3806,#3977,#3979,.T.);
#3977 = VERTEX_POINT('',#3978);
#3978 = CARTESIAN_POINT('',(-24.5125,2.25,-9.));
#3979 = LINE('',#3980,#3981);
#3980 = CARTESIAN_POINT('',(-12.25625,2.25,-9.));
#3981 = VECTOR('',#3982,1.);
#3982 = DIRECTION('',(-1.,-0.,0.));
#3983 = ORIENTED_EDGE('',*,*,#3984,.T.);
#3984 = EDGE_CURVE('',#3977,#3985,#3987,.T.);
#3985 = VERTEX_POINT('',#3986);
#3986 = CARTESIAN_POINT('',(-24.5125,2.25,-3.5));
#3987 = LINE('',#3988,#3989);
#3988 = CARTESIAN_POINT('',(-24.5125,2.25,-10.));
#3989 = VECTOR('',#3990,1.);
#3990 = DIRECTION('',(0.,0.,1.));
#3991 = ORIENTED_EDGE('',*,*,#3992,.F.);
#3992 = EDGE_CURVE('',#3808,#3985,#3993,.T.);
#3993 = LINE('',#3994,#3995);
#3994 = CARTESIAN_POINT('',(-12.25625,2.25,-3.5));
#3995 = VECTOR('',#3996,1.);
#3996 = DIRECTION('',(-1.,-0.,0.));
#3997 = PLANE('',#3998);
#3998 = AXIS2_PLACEMENT_3D('',#3999,#4000,#4001);
#3999 = CARTESIAN_POINT('',(-24.5125,2.25,-10.));
#4000 = DIRECTION('',(-0.,1.,0.));
#4001 = DIRECTION('',(0.,0.,1.));
#4002 = ADVANCED_FACE('',(#4003),#4019,.F.);
#4003 = FACE_BOUND('',#4004,.F.);
#4004 = EDGE_LOOP('',(#4005,#4011,#4012,#4018));
#4005 = ORIENTED_EDGE('',*,*,#4006,.F.);
#4006 = EDGE_CURVE('',#1744,#3212,#4007,.T.);
#4007 = LINE('',#4008,#4009);
#4008 = CARTESIAN_POINT('',(-15.3,15.3,-7.81));
#4009 = VECTOR('',#4010,1.);
#4010 = DIRECTION('',(0.,0.,1.));
#4011 = ORIENTED_EDGE('',*,*,#1743,.T.);
#4012 = ORIENTED_EDGE('',*,*,#4013,.T.);
#4013 = EDGE_CURVE('',#1746,#3214,#4014,.T.);
#4014 = LINE('',#4015,#4016);
#4015 = CARTESIAN_POINT('',(-26.1,15.3,-7.81));
#4016 = VECTOR('',#4017,1.);
#4017 = DIRECTION('',(0.,0.,1.));
#4018 = ORIENTED_EDGE('',*,*,#3211,.F.);
#4019 = PLANE('',#4020);
#4020 = AXIS2_PLACEMENT_3D('',#4021,#4022,#4023);
#4021 = CARTESIAN_POINT('',(-26.1,15.3,-7.81));
#4022 = DIRECTION('',(-0.,1.,0.));
#4023 = DIRECTION('',(0.,0.,1.));
#4024 = ADVANCED_FACE('',(#4025),#4036,.T.);
#4025 = FACE_BOUND('',#4026,.T.);
#4026 = EDGE_LOOP('',(#4027,#4028,#4029,#4035));
#4027 = ORIENTED_EDGE('',*,*,#4006,.F.);
#4028 = ORIENTED_EDGE('',*,*,#1769,.T.);
#4029 = ORIENTED_EDGE('',*,*,#4030,.T.);
#4030 = EDGE_CURVE('',#1762,#3230,#4031,.T.);
#4031 = LINE('',#4032,#4033);
#4032 = CARTESIAN_POINT('',(-15.3,23.7,-7.81));
#4033 = VECTOR('',#4034,1.);
#4034 = DIRECTION('',(0.,0.,1.));
#4035 = ORIENTED_EDGE('',*,*,#3237,.F.);
#4036 = PLANE('',#4037);
#4037 = AXIS2_PLACEMENT_3D('',#4038,#4039,#4040);
#4038 = CARTESIAN_POINT('',(-15.3,15.3,-7.81));
#4039 = DIRECTION('',(1.,0.,-0.));
#4040 = DIRECTION('',(0.,0.,1.));
#4041 = ADVANCED_FACE('',(#4042),#4053,.F.);
#4042 = FACE_BOUND('',#4043,.F.);
#4043 = EDGE_LOOP('',(#4044,#4045,#4046,#4052));
#4044 = ORIENTED_EDGE('',*,*,#4013,.F.);
#4045 = ORIENTED_EDGE('',*,*,#1753,.T.);
#4046 = ORIENTED_EDGE('',*,*,#4047,.T.);
#4047 = EDGE_CURVE('',#1754,#3222,#4048,.T.);
#4048 = LINE('',#4049,#4050);
#4049 = CARTESIAN_POINT('',(-26.1,23.7,-7.81));
#4050 = VECTOR('',#4051,1.);
#4051 = DIRECTION('',(0.,0.,1.));
#4052 = ORIENTED_EDGE('',*,*,#3221,.F.);
#4053 = PLANE('',#4054);
#4054 = AXIS2_PLACEMENT_3D('',#4055,#4056,#4057);
#4055 = CARTESIAN_POINT('',(-26.1,15.3,-7.81));
#4056 = DIRECTION('',(1.,0.,-0.));
#4057 = DIRECTION('',(0.,0.,1.));
#4058 = ADVANCED_FACE('',(#4059),#4065,.T.);
#4059 = FACE_BOUND('',#4060,.T.);
#4060 = EDGE_LOOP('',(#4061,#4062,#4063,#4064));
#4061 = ORIENTED_EDGE('',*,*,#4030,.F.);
#4062 = ORIENTED_EDGE('',*,*,#1761,.T.);
#4063 = ORIENTED_EDGE('',*,*,#4047,.T.);
#4064 = ORIENTED_EDGE('',*,*,#3229,.F.);
#4065 = PLANE('',#4066);
#4066 = AXIS2_PLACEMENT_3D('',#4067,#4068,#4069);
#4067 = CARTESIAN_POINT('',(-26.1,23.7,-7.81));
#4068 = DIRECTION('',(-0.,1.,0.));
#4069 = DIRECTION('',(0.,0.,1.));
#4070 = ADVANCED_FACE('',(#4071),#4089,.F.);
#4071 = FACE_BOUND('',#4072,.F.);
#4072 = EDGE_LOOP('',(#4073,#4081,#4082,#4083));
#4073 = ORIENTED_EDGE('',*,*,#4074,.F.);
#4074 = EDGE_CURVE('',#3759,#4075,#4077,.T.);
#4075 = VERTEX_POINT('',#4076);
#4076 = CARTESIAN_POINT('',(-15.0125,4.45,-7.2));
#4077 = LINE('',#4078,#4079);
#4078 = CARTESIAN_POINT('',(-25.3125,4.45,-7.2));
#4079 = VECTOR('',#4080,1.);
#4080 = DIRECTION('',(1.,0.,-0.));
#4081 = ORIENTED_EDGE('',*,*,#3766,.F.);
#4082 = ORIENTED_EDGE('',*,*,#3195,.F.);
#4083 = ORIENTED_EDGE('',*,*,#4084,.F.);
#4084 = EDGE_CURVE('',#4075,#3188,#4085,.T.);
#4085 = LINE('',#4086,#4087);
#4086 = CARTESIAN_POINT('',(-15.0125,4.45,-7.2));
#4087 = VECTOR('',#4088,1.);
#4088 = DIRECTION('',(0.,0.,1.));
#4089 = PLANE('',#4090);
#4090 = AXIS2_PLACEMENT_3D('',#4091,#4092,#4093);
#4091 = CARTESIAN_POINT('',(-25.3125,4.45,-7.2));
#4092 = DIRECTION('',(-0.,1.,0.));
#4093 = DIRECTION('',(0.,0.,1.));
#4094 = ADVANCED_FACE('',(#4095),#4131,.F.);
#4095 = FACE_BOUND('',#4096,.F.);
#4096 = EDGE_LOOP('',(#4097,#4098,#4099,#4107,#4113,#4114,#4115,#4116,
    #4117,#4125));
#4097 = ORIENTED_EDGE('',*,*,#3958,.F.);
#4098 = ORIENTED_EDGE('',*,*,#3935,.F.);
#4099 = ORIENTED_EDGE('',*,*,#4100,.T.);
#4100 = EDGE_CURVE('',#3919,#4101,#4103,.T.);
#4101 = VERTEX_POINT('',#4102);
#4102 = CARTESIAN_POINT('',(-24.5125,5.26,-7.2));
#4103 = LINE('',#4104,#4105);
#4104 = CARTESIAN_POINT('',(-24.5125,3.35,-7.2));
#4105 = VECTOR('',#4106,1.);
#4106 = DIRECTION('',(-0.,1.,0.));
#4107 = ORIENTED_EDGE('',*,*,#4108,.F.);
#4108 = EDGE_CURVE('',#3832,#4101,#4109,.T.);
#4109 = LINE('',#4110,#4111);
#4110 = CARTESIAN_POINT('',(-24.9125,5.26,-7.2));
#4111 = VECTOR('',#4112,1.);
#4112 = DIRECTION('',(-1.,-0.,0.));
#4113 = ORIENTED_EDGE('',*,*,#3831,.F.);
#4114 = ORIENTED_EDGE('',*,*,#3791,.F.);
#4115 = ORIENTED_EDGE('',*,*,#3758,.F.);
#4116 = ORIENTED_EDGE('',*,*,#4074,.T.);
#4117 = ORIENTED_EDGE('',*,*,#4118,.T.);
#4118 = EDGE_CURVE('',#4075,#4119,#4121,.T.);
#4119 = VERTEX_POINT('',#4120);
#4120 = CARTESIAN_POINT('',(-15.0125,14.75,-7.2));
#4121 = LINE('',#4122,#4123);
#4122 = CARTESIAN_POINT('',(-15.0125,4.45,-7.2));
#4123 = VECTOR('',#4124,1.);
#4124 = DIRECTION('',(-0.,1.,0.));
#4125 = ORIENTED_EDGE('',*,*,#4126,.F.);
#4126 = EDGE_CURVE('',#3951,#4119,#4127,.T.);
#4127 = LINE('',#4128,#4129);
#4128 = CARTESIAN_POINT('',(-25.3125,14.75,-7.2));
#4129 = VECTOR('',#4130,1.);
#4130 = DIRECTION('',(1.,0.,-0.));
#4131 = PLANE('',#4132);
#4132 = AXIS2_PLACEMENT_3D('',#4133,#4134,#4135);
#4133 = CARTESIAN_POINT('',(-25.3125,4.45,-7.2));
#4134 = DIRECTION('',(0.,0.,1.));
#4135 = DIRECTION('',(1.,0.,-0.));
#4136 = ADVANCED_FACE('',(#4137,#4314,#4348,#4382,#4416,#4450,#4520,
    #4554,#4588,#4622,#4656),#4690,.T.);
#4137 = FACE_BOUND('',#4138,.T.);
#4138 = EDGE_LOOP('',(#4139,#4149,#4157,#4165,#4173,#4182,#4190,#4198,
    #4207,#4215,#4223,#4232,#4240,#4249,#4257,#4265,#4274,#4283,#4291,
    #4299,#4308));
#4139 = ORIENTED_EDGE('',*,*,#4140,.F.);
#4140 = EDGE_CURVE('',#4141,#4143,#4145,.T.);
#4141 = VERTEX_POINT('',#4142);
#4142 = CARTESIAN_POINT('',(-14.,-26.2,-3.5));
#4143 = VERTEX_POINT('',#4144);
#4144 = CARTESIAN_POINT('',(-14.,-25.96,-3.5));
#4145 = LINE('',#4146,#4147);
#4146 = CARTESIAN_POINT('',(-14.,-13.05903805922,-3.5));
#4147 = VECTOR('',#4148,1.);
#4148 = DIRECTION('',(0.,1.,0.));
#4149 = ORIENTED_EDGE('',*,*,#4150,.T.);
#4150 = EDGE_CURVE('',#4141,#4151,#4153,.T.);
#4151 = VERTEX_POINT('',#4152);
#4152 = CARTESIAN_POINT('',(14.,-26.2,-3.5));
#4153 = LINE('',#4154,#4155);
#4154 = CARTESIAN_POINT('',(-25.7,-26.2,-3.5));
#4155 = VECTOR('',#4156,1.);
#4156 = DIRECTION('',(1.,0.,0.));
#4157 = ORIENTED_EDGE('',*,*,#4158,.T.);
#4158 = EDGE_CURVE('',#4151,#4159,#4161,.T.);
#4159 = VERTEX_POINT('',#4160);
#4160 = CARTESIAN_POINT('',(14.,-25.96,-3.5));
#4161 = LINE('',#4162,#4163);
#4162 = CARTESIAN_POINT('',(14.,-13.05903805922,-3.5));
#4163 = VECTOR('',#4164,1.);
#4164 = DIRECTION('',(0.,1.,0.));
#4165 = ORIENTED_EDGE('',*,*,#4166,.T.);
#4166 = EDGE_CURVE('',#4159,#4167,#4169,.T.);
#4167 = VERTEX_POINT('',#4168);
#4168 = CARTESIAN_POINT('',(26.127083130081,-25.96,-3.5));
#4169 = LINE('',#4170,#4171);
#4170 = CARTESIAN_POINT('',(7.,-25.96,-3.5));
#4171 = VECTOR('',#4172,1.);
#4172 = DIRECTION('',(1.,0.,-0.));
#4173 = ORIENTED_EDGE('',*,*,#4174,.T.);
#4174 = EDGE_CURVE('',#4167,#4175,#4177,.T.);
#4175 = VERTEX_POINT('',#4176);
#4176 = CARTESIAN_POINT('',(26.2,-25.7,-3.5));
#4177 = CIRCLE('',#4178,0.5);
#4178 = AXIS2_PLACEMENT_3D('',#4179,#4180,#4181);
#4179 = CARTESIAN_POINT('',(25.7,-25.7,-3.5));
#4180 = DIRECTION('',(0.,0.,1.));
#4181 = DIRECTION('',(7.105427357601E-15,-1.,0.));
#4182 = ORIENTED_EDGE('',*,*,#4183,.T.);
#4183 = EDGE_CURVE('',#4175,#4184,#4186,.T.);
#4184 = VERTEX_POINT('',#4185);
#4185 = CARTESIAN_POINT('',(26.2,-25.4,-3.5));
#4186 = LINE('',#4187,#4188);
#4187 = CARTESIAN_POINT('',(26.2,-25.7,-3.5));
#4188 = VECTOR('',#4189,1.);
#4189 = DIRECTION('',(0.,1.,0.));
#4190 = ORIENTED_EDGE('',*,*,#4191,.T.);
#4191 = EDGE_CURVE('',#4184,#4192,#4194,.T.);
#4192 = VERTEX_POINT('',#4193);
#4193 = CARTESIAN_POINT('',(14.65,-25.4,-3.5));
#4194 = LINE('',#4195,#4196);
#4195 = CARTESIAN_POINT('',(7.325,-25.4,-3.5));
#4196 = VECTOR('',#4197,1.);
#4197 = DIRECTION('',(-1.,-0.,0.));
#4198 = ORIENTED_EDGE('',*,*,#4199,.F.);
#4199 = EDGE_CURVE('',#4200,#4192,#4202,.T.);
#4200 = VERTEX_POINT('',#4201);
#4201 = CARTESIAN_POINT('',(14.65,-24.1,-3.5));
#4202 = CIRCLE('',#4203,0.65);
#4203 = AXIS2_PLACEMENT_3D('',#4204,#4205,#4206);
#4204 = CARTESIAN_POINT('',(14.65,-24.75,-3.5));
#4205 = DIRECTION('',(0.,0.,1.));
#4206 = DIRECTION('',(1.,0.,-0.));
#4207 = ORIENTED_EDGE('',*,*,#4208,.F.);
#4208 = EDGE_CURVE('',#4209,#4200,#4211,.T.);
#4209 = VERTEX_POINT('',#4210);
#4210 = CARTESIAN_POINT('',(26.2,-24.1,-3.5));
#4211 = LINE('',#4212,#4213);
#4212 = CARTESIAN_POINT('',(7.325,-24.1,-3.5));
#4213 = VECTOR('',#4214,1.);
#4214 = DIRECTION('',(-1.,-0.,0.));
#4215 = ORIENTED_EDGE('',*,*,#4216,.T.);
#4216 = EDGE_CURVE('',#4209,#4217,#4219,.T.);
#4217 = VERTEX_POINT('',#4218);
#4218 = CARTESIAN_POINT('',(26.2,25.7,-3.5));
#4219 = LINE('',#4220,#4221);
#4220 = CARTESIAN_POINT('',(26.2,-25.7,-3.5));
#4221 = VECTOR('',#4222,1.);
#4222 = DIRECTION('',(0.,1.,0.));
#4223 = ORIENTED_EDGE('',*,*,#4224,.T.);
#4224 = EDGE_CURVE('',#4217,#4225,#4227,.T.);
#4225 = VERTEX_POINT('',#4226);
#4226 = CARTESIAN_POINT('',(25.7,26.2,-3.5));
#4227 = CIRCLE('',#4228,0.5);
#4228 = AXIS2_PLACEMENT_3D('',#4229,#4230,#4231);
#4229 = CARTESIAN_POINT('',(25.7,25.7,-3.5));
#4230 = DIRECTION('',(0.,0.,1.));
#4231 = DIRECTION('',(1.,7.105427357601E-15,-0.));
#4232 = ORIENTED_EDGE('',*,*,#4233,.T.);
#4233 = EDGE_CURVE('',#4225,#4234,#4236,.T.);
#4234 = VERTEX_POINT('',#4235);
#4235 = CARTESIAN_POINT('',(-25.7,26.2,-3.5));
#4236 = LINE('',#4237,#4238);
#4237 = CARTESIAN_POINT('',(25.7,26.2,-3.5));
#4238 = VECTOR('',#4239,1.);
#4239 = DIRECTION('',(-1.,0.,0.));
#4240 = ORIENTED_EDGE('',*,*,#4241,.T.);
#4241 = EDGE_CURVE('',#4234,#4242,#4244,.T.);
#4242 = VERTEX_POINT('',#4243);
#4243 = CARTESIAN_POINT('',(-26.2,25.7,-3.5));
#4244 = CIRCLE('',#4245,0.5);
#4245 = AXIS2_PLACEMENT_3D('',#4246,#4247,#4248);
#4246 = CARTESIAN_POINT('',(-25.7,25.7,-3.5));
#4247 = DIRECTION('',(0.,0.,1.));
#4248 = DIRECTION('',(-7.105427357601E-15,1.,0.));
#4249 = ORIENTED_EDGE('',*,*,#4250,.T.);
#4250 = EDGE_CURVE('',#4242,#4251,#4253,.T.);
#4251 = VERTEX_POINT('',#4252);
#4252 = CARTESIAN_POINT('',(-26.2,-24.1,-3.5));
#4253 = LINE('',#4254,#4255);
#4254 = CARTESIAN_POINT('',(-26.2,25.7,-3.5));
#4255 = VECTOR('',#4256,1.);
#4256 = DIRECTION('',(0.,-1.,0.));
#4257 = ORIENTED_EDGE('',*,*,#4258,.F.);
#4258 = EDGE_CURVE('',#4259,#4251,#4261,.T.);
#4259 = VERTEX_POINT('',#4260);
#4260 = CARTESIAN_POINT('',(-14.65,-24.1,-3.5));
#4261 = LINE('',#4262,#4263);
#4262 = CARTESIAN_POINT('',(-13.6,-24.1,-3.5));
#4263 = VECTOR('',#4264,1.);
#4264 = DIRECTION('',(-1.,-0.,0.));
#4265 = ORIENTED_EDGE('',*,*,#4266,.F.);
#4266 = EDGE_CURVE('',#4267,#4259,#4269,.T.);
#4267 = VERTEX_POINT('',#4268);
#4268 = CARTESIAN_POINT('',(-14.,-24.75,-3.5));
#4269 = CIRCLE('',#4270,0.65);
#4270 = AXIS2_PLACEMENT_3D('',#4271,#4272,#4273);
#4271 = CARTESIAN_POINT('',(-14.65,-24.75,-3.5));
#4272 = DIRECTION('',(0.,0.,1.));
#4273 = DIRECTION('',(1.,0.,-0.));
#4274 = ORIENTED_EDGE('',*,*,#4275,.F.);
#4275 = EDGE_CURVE('',#4276,#4267,#4278,.T.);
#4276 = VERTEX_POINT('',#4277);
#4277 = CARTESIAN_POINT('',(-14.65,-25.4,-3.5));
#4278 = CIRCLE('',#4279,0.65);
#4279 = AXIS2_PLACEMENT_3D('',#4280,#4281,#4282);
#4280 = CARTESIAN_POINT('',(-14.65,-24.75,-3.5));
#4281 = DIRECTION('',(0.,0.,1.));
#4282 = DIRECTION('',(1.,0.,-0.));
#4283 = ORIENTED_EDGE('',*,*,#4284,.T.);
#4284 = EDGE_CURVE('',#4276,#4285,#4287,.T.);
#4285 = VERTEX_POINT('',#4286);
#4286 = CARTESIAN_POINT('',(-26.2,-25.4,-3.5));
#4287 = LINE('',#4288,#4289);
#4288 = CARTESIAN_POINT('',(-13.6,-25.4,-3.5));
#4289 = VECTOR('',#4290,1.);
#4290 = DIRECTION('',(-1.,-0.,0.));
#4291 = ORIENTED_EDGE('',*,*,#4292,.T.);
#4292 = EDGE_CURVE('',#4285,#4293,#4295,.T.);
#4293 = VERTEX_POINT('',#4294);
#4294 = CARTESIAN_POINT('',(-26.2,-25.7,-3.5));
#4295 = LINE('',#4296,#4297);
#4296 = CARTESIAN_POINT('',(-26.2,25.7,-3.5));
#4297 = VECTOR('',#4298,1.);
#4298 = DIRECTION('',(0.,-1.,0.));
#4299 = ORIENTED_EDGE('',*,*,#4300,.T.);
#4300 = EDGE_CURVE('',#4293,#4301,#4303,.T.);
#4301 = VERTEX_POINT('',#4302);
#4302 = CARTESIAN_POINT('',(-26.12708313008,-25.96,-3.5));
#4303 = CIRCLE('',#4304,0.5);
#4304 = AXIS2_PLACEMENT_3D('',#4305,#4306,#4307);
#4305 = CARTESIAN_POINT('',(-25.7,-25.7,-3.5));
#4306 = DIRECTION('',(0.,0.,1.));
#4307 = DIRECTION('',(-1.,-7.105427357601E-15,0.));
#4308 = ORIENTED_EDGE('',*,*,#4309,.T.);
#4309 = EDGE_CURVE('',#4301,#4143,#4310,.T.);
#4310 = LINE('',#4311,#4312);
#4311 = CARTESIAN_POINT('',(-13.6,-25.96,-3.5));
#4312 = VECTOR('',#4313,1.);
#4313 = DIRECTION('',(1.,0.,-0.));
#4314 = FACE_BOUND('',#4315,.T.);
#4315 = EDGE_LOOP('',(#4316,#4326,#4334,#4342));
#4316 = ORIENTED_EDGE('',*,*,#4317,.T.);
#4317 = EDGE_CURVE('',#4318,#4320,#4322,.T.);
#4318 = VERTEX_POINT('',#4319);
#4319 = CARTESIAN_POINT('',(-16.1,-22.9,-3.5));
#4320 = VERTEX_POINT('',#4321);
#4321 = CARTESIAN_POINT('',(-25.3,-22.9,-3.5));
#4322 = LINE('',#4323,#4324);
#4323 = CARTESIAN_POINT('',(-12.65,-22.9,-3.5));
#4324 = VECTOR('',#4325,1.);
#4325 = DIRECTION('',(-1.,-0.,0.));
#4326 = ORIENTED_EDGE('',*,*,#4327,.T.);
#4327 = EDGE_CURVE('',#4320,#4328,#4330,.T.);
#4328 = VERTEX_POINT('',#4329);
#4329 = CARTESIAN_POINT('',(-25.3,-16.1,-3.5));
#4330 = LINE('',#4331,#4332);
#4331 = CARTESIAN_POINT('',(-25.3,-11.45,-3.5));
#4332 = VECTOR('',#4333,1.);
#4333 = DIRECTION('',(-0.,1.,0.));
#4334 = ORIENTED_EDGE('',*,*,#4335,.F.);
#4335 = EDGE_CURVE('',#4336,#4328,#4338,.T.);
#4336 = VERTEX_POINT('',#4337);
#4337 = CARTESIAN_POINT('',(-16.1,-16.1,-3.5));
#4338 = LINE('',#4339,#4340);
#4339 = CARTESIAN_POINT('',(-12.65,-16.1,-3.5));
#4340 = VECTOR('',#4341,1.);
#4341 = DIRECTION('',(-1.,-0.,0.));
#4342 = ORIENTED_EDGE('',*,*,#4343,.F.);
#4343 = EDGE_CURVE('',#4318,#4336,#4344,.T.);
#4344 = LINE('',#4345,#4346);
#4345 = CARTESIAN_POINT('',(-16.1,-11.45,-3.5));
#4346 = VECTOR('',#4347,1.);
#4347 = DIRECTION('',(-0.,1.,0.));
#4348 = FACE_BOUND('',#4349,.T.);
#4349 = EDGE_LOOP('',(#4350,#4360,#4368,#4376));
#4350 = ORIENTED_EDGE('',*,*,#4351,.T.);
#4351 = EDGE_CURVE('',#4352,#4354,#4356,.T.);
#4352 = VERTEX_POINT('',#4353);
#4353 = CARTESIAN_POINT('',(-18.4,-14.5,-3.5));
#4354 = VERTEX_POINT('',#4355);
#4355 = CARTESIAN_POINT('',(-23.6,-14.5,-3.5));
#4356 = LINE('',#4357,#4358);
#4357 = CARTESIAN_POINT('',(-11.8,-14.5,-3.5));
#4358 = VECTOR('',#4359,1.);
#4359 = DIRECTION('',(-1.,-0.,0.));
#4360 = ORIENTED_EDGE('',*,*,#4361,.T.);
#4361 = EDGE_CURVE('',#4354,#4362,#4364,.T.);
#4362 = VERTEX_POINT('',#4363);
#4363 = CARTESIAN_POINT('',(-23.6,-11.3,-3.5));
#4364 = LINE('',#4365,#4366);
#4365 = CARTESIAN_POINT('',(-23.6,-7.25,-3.5));
#4366 = VECTOR('',#4367,1.);
#4367 = DIRECTION('',(-0.,1.,0.));
#4368 = ORIENTED_EDGE('',*,*,#4369,.F.);
#4369 = EDGE_CURVE('',#4370,#4362,#4372,.T.);
#4370 = VERTEX_POINT('',#4371);
#4371 = CARTESIAN_POINT('',(-18.4,-11.3,-3.5));
#4372 = LINE('',#4373,#4374);
#4373 = CARTESIAN_POINT('',(-11.8,-11.3,-3.5));
#4374 = VECTOR('',#4375,1.);
#4375 = DIRECTION('',(-1.,-0.,0.));
#4376 = ORIENTED_EDGE('',*,*,#4377,.F.);
#4377 = EDGE_CURVE('',#4352,#4370,#4378,.T.);
#4378 = LINE('',#4379,#4380);
#4379 = CARTESIAN_POINT('',(-18.4,-7.25,-3.5));
#4380 = VECTOR('',#4381,1.);
#4381 = DIRECTION('',(-0.,1.,0.));
#4382 = FACE_BOUND('',#4383,.T.);
#4383 = EDGE_LOOP('',(#4384,#4394,#4402,#4410));
#4384 = ORIENTED_EDGE('',*,*,#4385,.T.);
#4385 = EDGE_CURVE('',#4386,#4388,#4390,.T.);
#4386 = VERTEX_POINT('',#4387);
#4387 = CARTESIAN_POINT('',(25.3,-22.9,-3.5));
#4388 = VERTEX_POINT('',#4389);
#4389 = CARTESIAN_POINT('',(16.1,-22.9,-3.5));
#4390 = LINE('',#4391,#4392);
#4391 = CARTESIAN_POINT('',(8.05,-22.9,-3.5));
#4392 = VECTOR('',#4393,1.);
#4393 = DIRECTION('',(-1.,-0.,0.));
#4394 = ORIENTED_EDGE('',*,*,#4395,.T.);
#4395 = EDGE_CURVE('',#4388,#4396,#4398,.T.);
#4396 = VERTEX_POINT('',#4397);
#4397 = CARTESIAN_POINT('',(16.1,-16.1,-3.5));
#4398 = LINE('',#4399,#4400);
#4399 = CARTESIAN_POINT('',(16.1,-11.45,-3.5));
#4400 = VECTOR('',#4401,1.);
#4401 = DIRECTION('',(-0.,1.,0.));
#4402 = ORIENTED_EDGE('',*,*,#4403,.F.);
#4403 = EDGE_CURVE('',#4404,#4396,#4406,.T.);
#4404 = VERTEX_POINT('',#4405);
#4405 = CARTESIAN_POINT('',(25.3,-16.1,-3.5));
#4406 = LINE('',#4407,#4408);
#4407 = CARTESIAN_POINT('',(8.05,-16.1,-3.5));
#4408 = VECTOR('',#4409,1.);
#4409 = DIRECTION('',(-1.,-0.,0.));
#4410 = ORIENTED_EDGE('',*,*,#4411,.F.);
#4411 = EDGE_CURVE('',#4386,#4404,#4412,.T.);
#4412 = LINE('',#4413,#4414);
#4413 = CARTESIAN_POINT('',(25.3,-11.45,-3.5));
#4414 = VECTOR('',#4415,1.);
#4415 = DIRECTION('',(-0.,1.,0.));
#4416 = FACE_BOUND('',#4417,.T.);
#4417 = EDGE_LOOP('',(#4418,#4428,#4436,#4444));
#4418 = ORIENTED_EDGE('',*,*,#4419,.T.);
#4419 = EDGE_CURVE('',#4420,#4422,#4424,.T.);
#4420 = VERTEX_POINT('',#4421);
#4421 = CARTESIAN_POINT('',(23.6,-14.5,-3.5));
#4422 = VERTEX_POINT('',#4423);
#4423 = CARTESIAN_POINT('',(18.4,-14.5,-3.5));
#4424 = LINE('',#4425,#4426);
#4425 = CARTESIAN_POINT('',(9.2,-14.5,-3.5));
#4426 = VECTOR('',#4427,1.);
#4427 = DIRECTION('',(-1.,-0.,0.));
#4428 = ORIENTED_EDGE('',*,*,#4429,.T.);
#4429 = EDGE_CURVE('',#4422,#4430,#4432,.T.);
#4430 = VERTEX_POINT('',#4431);
#4431 = CARTESIAN_POINT('',(18.4,-11.3,-3.5));
#4432 = LINE('',#4433,#4434);
#4433 = CARTESIAN_POINT('',(18.4,-7.25,-3.5));
#4434 = VECTOR('',#4435,1.);
#4435 = DIRECTION('',(-0.,1.,0.));
#4436 = ORIENTED_EDGE('',*,*,#4437,.F.);
#4437 = EDGE_CURVE('',#4438,#4430,#4440,.T.);
#4438 = VERTEX_POINT('',#4439);
#4439 = CARTESIAN_POINT('',(23.6,-11.3,-3.5));
#4440 = LINE('',#4441,#4442);
#4441 = CARTESIAN_POINT('',(9.2,-11.3,-3.5));
#4442 = VECTOR('',#4443,1.);
#4443 = DIRECTION('',(-1.,-0.,0.));
#4444 = ORIENTED_EDGE('',*,*,#4445,.F.);
#4445 = EDGE_CURVE('',#4420,#4438,#4446,.T.);
#4446 = LINE('',#4447,#4448);
#4447 = CARTESIAN_POINT('',(23.6,-7.25,-3.5));
#4448 = VECTOR('',#4449,1.);
#4449 = DIRECTION('',(-0.,1.,0.));
#4450 = FACE_BOUND('',#4451,.T.);
#4451 = EDGE_LOOP('',(#4452,#4463,#4471,#4480,#4488,#4497,#4505,#4514));
#4452 = ORIENTED_EDGE('',*,*,#4453,.T.);
#4453 = EDGE_CURVE('',#4454,#4456,#4458,.T.);
#4454 = VERTEX_POINT('',#4455);
#4455 = CARTESIAN_POINT('',(14.975,-19.85,-3.5));
#4456 = VERTEX_POINT('',#4457);
#4457 = CARTESIAN_POINT('',(9.875,-24.95,-3.5));
#4458 = CIRCLE('',#4459,5.1);
#4459 = AXIS2_PLACEMENT_3D('',#4460,#4461,#4462);
#4460 = CARTESIAN_POINT('',(9.875,-19.85,-3.5));
#4461 = DIRECTION('',(-0.,0.,-1.));
#4462 = DIRECTION('',(-6.96610525255E-16,-1.,0.));
#4463 = ORIENTED_EDGE('',*,*,#4464,.T.);
#4464 = EDGE_CURVE('',#4456,#4465,#4467,.T.);
#4465 = VERTEX_POINT('',#4466);
#4466 = CARTESIAN_POINT('',(-9.875,-24.95,-3.5));
#4467 = LINE('',#4468,#4469);
#4468 = CARTESIAN_POINT('',(-4.9375,-24.95,-3.5));
#4469 = VECTOR('',#4470,1.);
#4470 = DIRECTION('',(-1.,0.,0.));
#4471 = ORIENTED_EDGE('',*,*,#4472,.T.);
#4472 = EDGE_CURVE('',#4465,#4473,#4475,.T.);
#4473 = VERTEX_POINT('',#4474);
#4474 = CARTESIAN_POINT('',(-14.975,-19.85,-3.5));
#4475 = CIRCLE('',#4476,5.1);
#4476 = AXIS2_PLACEMENT_3D('',#4477,#4478,#4479);
#4477 = CARTESIAN_POINT('',(-9.875,-19.85,-3.5));
#4478 = DIRECTION('',(-0.,0.,-1.));
#4479 = DIRECTION('',(-1.,6.96610525255E-16,0.));
#4480 = ORIENTED_EDGE('',*,*,#4481,.T.);
#4481 = EDGE_CURVE('',#4473,#4482,#4484,.T.);
#4482 = VERTEX_POINT('',#4483);
#4483 = CARTESIAN_POINT('',(-14.975,19.85,-3.5));
#4484 = LINE('',#4485,#4486);
#4485 = CARTESIAN_POINT('',(-14.975,9.925,-3.5));
#4486 = VECTOR('',#4487,1.);
#4487 = DIRECTION('',(-0.,1.,0.));
#4488 = ORIENTED_EDGE('',*,*,#4489,.T.);
#4489 = EDGE_CURVE('',#4482,#4490,#4492,.T.);
#4490 = VERTEX_POINT('',#4491);
#4491 = CARTESIAN_POINT('',(-9.875,24.95,-3.5));
#4492 = CIRCLE('',#4493,5.1);
#4493 = AXIS2_PLACEMENT_3D('',#4494,#4495,#4496);
#4494 = CARTESIAN_POINT('',(-9.875,19.85,-3.5));
#4495 = DIRECTION('',(0.,-0.,-1.));
#4496 = DIRECTION('',(6.96610525255E-16,1.,-0.));
#4497 = ORIENTED_EDGE('',*,*,#4498,.T.);
#4498 = EDGE_CURVE('',#4490,#4499,#4501,.T.);
#4499 = VERTEX_POINT('',#4500);
#4500 = CARTESIAN_POINT('',(9.875,24.95,-3.5));
#4501 = LINE('',#4502,#4503);
#4502 = CARTESIAN_POINT('',(4.9375,24.95,-3.5));
#4503 = VECTOR('',#4504,1.);
#4504 = DIRECTION('',(1.,0.,-0.));
#4505 = ORIENTED_EDGE('',*,*,#4506,.T.);
#4506 = EDGE_CURVE('',#4499,#4507,#4509,.T.);
#4507 = VERTEX_POINT('',#4508);
#4508 = CARTESIAN_POINT('',(14.975,19.85,-3.5));
#4509 = CIRCLE('',#4510,5.1);
#4510 = AXIS2_PLACEMENT_3D('',#4511,#4512,#4513);
#4511 = CARTESIAN_POINT('',(9.875,19.85,-3.5));
#4512 = DIRECTION('',(0.,-0.,-1.));
#4513 = DIRECTION('',(1.,-6.96610525255E-16,0.));
#4514 = ORIENTED_EDGE('',*,*,#4515,.T.);
#4515 = EDGE_CURVE('',#4507,#4454,#4516,.T.);
#4516 = LINE('',#4517,#4518);
#4517 = CARTESIAN_POINT('',(14.975,-9.925,-3.5));
#4518 = VECTOR('',#4519,1.);
#4519 = DIRECTION('',(0.,-1.,0.));
#4520 = FACE_BOUND('',#4521,.T.);
#4521 = EDGE_LOOP('',(#4522,#4532,#4540,#4548));
#4522 = ORIENTED_EDGE('',*,*,#4523,.T.);
#4523 = EDGE_CURVE('',#4524,#4526,#4528,.T.);
#4524 = VERTEX_POINT('',#4525);
#4525 = CARTESIAN_POINT('',(24.1625,-10.4,-3.5));
#4526 = VERTEX_POINT('',#4527);
#4527 = CARTESIAN_POINT('',(17.7625,-10.4,-3.5));
#4528 = LINE('',#4529,#4530);
#4529 = CARTESIAN_POINT('',(8.88125,-10.4,-3.5));
#4530 = VECTOR('',#4531,1.);
#4531 = DIRECTION('',(-1.,-0.,0.));
#4532 = ORIENTED_EDGE('',*,*,#4533,.T.);
#4533 = EDGE_CURVE('',#4526,#4534,#4536,.T.);
#4534 = VERTEX_POINT('',#4535);
#4535 = CARTESIAN_POINT('',(17.7625,10.4,-3.5));
#4536 = LINE('',#4537,#4538);
#4537 = CARTESIAN_POINT('',(17.7625,-5.2,-3.5));
#4538 = VECTOR('',#4539,1.);
#4539 = DIRECTION('',(-0.,1.,0.));
#4540 = ORIENTED_EDGE('',*,*,#4541,.F.);
#4541 = EDGE_CURVE('',#4542,#4534,#4544,.T.);
#4542 = VERTEX_POINT('',#4543);
#4543 = CARTESIAN_POINT('',(24.1625,10.4,-3.5));
#4544 = LINE('',#4545,#4546);
#4545 = CARTESIAN_POINT('',(8.88125,10.4,-3.5));
#4546 = VECTOR('',#4547,1.);
#4547 = DIRECTION('',(-1.,-0.,0.));
#4548 = ORIENTED_EDGE('',*,*,#4549,.F.);
#4549 = EDGE_CURVE('',#4524,#4542,#4550,.T.);
#4550 = LINE('',#4551,#4552);
#4551 = CARTESIAN_POINT('',(24.1625,-5.2,-3.5));
#4552 = VECTOR('',#4553,1.);
#4553 = DIRECTION('',(-0.,1.,0.));
#4554 = FACE_BOUND('',#4555,.T.);
#4555 = EDGE_LOOP('',(#4556,#4564,#4572,#4580,#4586,#4587));
#4556 = ORIENTED_EDGE('',*,*,#4557,.T.);
#4557 = EDGE_CURVE('',#3985,#4558,#4560,.T.);
#4558 = VERTEX_POINT('',#4559);
#4559 = CARTESIAN_POINT('',(-24.5125,13.95,-3.5));
#4560 = LINE('',#4561,#4562);
#4561 = CARTESIAN_POINT('',(-24.5125,1.125,-3.5));
#4562 = VECTOR('',#4563,1.);
#4563 = DIRECTION('',(-0.,1.,0.));
#4564 = ORIENTED_EDGE('',*,*,#4565,.F.);
#4565 = EDGE_CURVE('',#4566,#4558,#4568,.T.);
#4566 = VERTEX_POINT('',#4567);
#4567 = CARTESIAN_POINT('',(-15.8125,13.95,-3.5));
#4568 = LINE('',#4569,#4570);
#4569 = CARTESIAN_POINT('',(-12.25625,13.95,-3.5));
#4570 = VECTOR('',#4571,1.);
#4571 = DIRECTION('',(-1.,-0.,0.));
#4572 = ORIENTED_EDGE('',*,*,#4573,.F.);
#4573 = EDGE_CURVE('',#4574,#4566,#4576,.T.);
#4574 = VERTEX_POINT('',#4575);
#4575 = CARTESIAN_POINT('',(-15.8125,5.25,-3.5));
#4576 = LINE('',#4577,#4578);
#4577 = CARTESIAN_POINT('',(-15.8125,2.625,-3.5));
#4578 = VECTOR('',#4579,1.);
#4579 = DIRECTION('',(-0.,1.,0.));
#4580 = ORIENTED_EDGE('',*,*,#4581,.T.);
#4581 = EDGE_CURVE('',#4574,#3856,#4582,.T.);
#4582 = LINE('',#4583,#4584);
#4583 = CARTESIAN_POINT('',(-12.25625,5.25,-3.5));
#4584 = VECTOR('',#4585,1.);
#4585 = DIRECTION('',(-1.,-0.,0.));
#4586 = ORIENTED_EDGE('',*,*,#3863,.F.);
#4587 = ORIENTED_EDGE('',*,*,#3992,.T.);
#4588 = FACE_BOUND('',#4589,.T.);
#4589 = EDGE_LOOP('',(#4590,#4600,#4608,#4616));
#4590 = ORIENTED_EDGE('',*,*,#4591,.T.);
#4591 = EDGE_CURVE('',#4592,#4594,#4596,.T.);
#4592 = VERTEX_POINT('',#4593);
#4593 = CARTESIAN_POINT('',(-16.1,16.1,-3.5));
#4594 = VERTEX_POINT('',#4595);
#4595 = CARTESIAN_POINT('',(-25.3,16.1,-3.5));
#4596 = LINE('',#4597,#4598);
#4597 = CARTESIAN_POINT('',(-12.65,16.1,-3.5));
#4598 = VECTOR('',#4599,1.);
#4599 = DIRECTION('',(-1.,-0.,0.));
#4600 = ORIENTED_EDGE('',*,*,#4601,.T.);
#4601 = EDGE_CURVE('',#4594,#4602,#4604,.T.);
#4602 = VERTEX_POINT('',#4603);
#4603 = CARTESIAN_POINT('',(-25.3,22.9,-3.5));
#4604 = LINE('',#4605,#4606);
#4605 = CARTESIAN_POINT('',(-25.3,8.05,-3.5));
#4606 = VECTOR('',#4607,1.);
#4607 = DIRECTION('',(-0.,1.,0.));
#4608 = ORIENTED_EDGE('',*,*,#4609,.F.);
#4609 = EDGE_CURVE('',#4610,#4602,#4612,.T.);
#4610 = VERTEX_POINT('',#4611);
#4611 = CARTESIAN_POINT('',(-16.1,22.9,-3.5));
#4612 = LINE('',#4613,#4614);
#4613 = CARTESIAN_POINT('',(-12.65,22.9,-3.5));
#4614 = VECTOR('',#4615,1.);
#4615 = DIRECTION('',(-1.,-0.,0.));
#4616 = ORIENTED_EDGE('',*,*,#4617,.F.);
#4617 = EDGE_CURVE('',#4592,#4610,#4618,.T.);
#4618 = LINE('',#4619,#4620);
#4619 = CARTESIAN_POINT('',(-16.1,8.05,-3.5));
#4620 = VECTOR('',#4621,1.);
#4621 = DIRECTION('',(-0.,1.,0.));
#4622 = FACE_BOUND('',#4623,.T.);
#4623 = EDGE_LOOP('',(#4624,#4634,#4642,#4650));
#4624 = ORIENTED_EDGE('',*,*,#4625,.T.);
#4625 = EDGE_CURVE('',#4626,#4628,#4630,.T.);
#4626 = VERTEX_POINT('',#4627);
#4627 = CARTESIAN_POINT('',(23.6,11.3,-3.5));
#4628 = VERTEX_POINT('',#4629);
#4629 = CARTESIAN_POINT('',(18.4,11.3,-3.5));
#4630 = LINE('',#4631,#4632);
#4631 = CARTESIAN_POINT('',(9.2,11.3,-3.5));
#4632 = VECTOR('',#4633,1.);
#4633 = DIRECTION('',(-1.,-0.,0.));
#4634 = ORIENTED_EDGE('',*,*,#4635,.T.);
#4635 = EDGE_CURVE('',#4628,#4636,#4638,.T.);
#4636 = VERTEX_POINT('',#4637);
#4637 = CARTESIAN_POINT('',(18.4,14.5,-3.5));
#4638 = LINE('',#4639,#4640);
#4639 = CARTESIAN_POINT('',(18.4,5.65,-3.5));
#4640 = VECTOR('',#4641,1.);
#4641 = DIRECTION('',(-0.,1.,0.));
#4642 = ORIENTED_EDGE('',*,*,#4643,.F.);
#4643 = EDGE_CURVE('',#4644,#4636,#4646,.T.);
#4644 = VERTEX_POINT('',#4645);
#4645 = CARTESIAN_POINT('',(23.6,14.5,-3.5));
#4646 = LINE('',#4647,#4648);
#4647 = CARTESIAN_POINT('',(9.2,14.5,-3.5));
#4648 = VECTOR('',#4649,1.);
#4649 = DIRECTION('',(-1.,-0.,0.));
#4650 = ORIENTED_EDGE('',*,*,#4651,.F.);
#4651 = EDGE_CURVE('',#4626,#4644,#4652,.T.);
#4652 = LINE('',#4653,#4654);
#4653 = CARTESIAN_POINT('',(23.6,5.65,-3.5));
#4654 = VECTOR('',#4655,1.);
#4655 = DIRECTION('',(-0.,1.,0.));
#4656 = FACE_BOUND('',#4657,.T.);
#4657 = EDGE_LOOP('',(#4658,#4668,#4676,#4684));
#4658 = ORIENTED_EDGE('',*,*,#4659,.T.);
#4659 = EDGE_CURVE('',#4660,#4662,#4664,.T.);
#4660 = VERTEX_POINT('',#4661);
#4661 = CARTESIAN_POINT('',(25.3,16.1,-3.5));
#4662 = VERTEX_POINT('',#4663);
#4663 = CARTESIAN_POINT('',(16.1,16.1,-3.5));
#4664 = LINE('',#4665,#4666);
#4665 = CARTESIAN_POINT('',(8.05,16.1,-3.5));
#4666 = VECTOR('',#4667,1.);
#4667 = DIRECTION('',(-1.,-0.,0.));
#4668 = ORIENTED_EDGE('',*,*,#4669,.T.);
#4669 = EDGE_CURVE('',#4662,#4670,#4672,.T.);
#4670 = VERTEX_POINT('',#4671);
#4671 = CARTESIAN_POINT('',(16.1,22.9,-3.5));
#4672 = LINE('',#4673,#4674);
#4673 = CARTESIAN_POINT('',(16.1,8.05,-3.5));
#4674 = VECTOR('',#4675,1.);
#4675 = DIRECTION('',(-0.,1.,0.));
#4676 = ORIENTED_EDGE('',*,*,#4677,.F.);
#4677 = EDGE_CURVE('',#4678,#4670,#4680,.T.);
#4678 = VERTEX_POINT('',#4679);
#4679 = CARTESIAN_POINT('',(25.3,22.9,-3.5));
#4680 = LINE('',#4681,#4682);
#4681 = CARTESIAN_POINT('',(8.05,22.9,-3.5));
#4682 = VECTOR('',#4683,1.);
#4683 = DIRECTION('',(-1.,-0.,0.));
#4684 = ORIENTED_EDGE('',*,*,#4685,.F.);
#4685 = EDGE_CURVE('',#4660,#4678,#4686,.T.);
#4686 = LINE('',#4687,#4688);
#4687 = CARTESIAN_POINT('',(25.3,8.05,-3.5));
#4688 = VECTOR('',#4689,1.);
#4689 = DIRECTION('',(-0.,1.,0.));
#4690 = PLANE('',#4691);
#4691 = AXIS2_PLACEMENT_3D('',#4692,#4693,#4694);
#4692 = CARTESIAN_POINT('',(6.979261760389E-16,1.468198358131E-16,-3.5)
  );
#4693 = DIRECTION('',(0.,0.,1.));
#4694 = DIRECTION('',(1.,0.,-0.));
#4695 = ADVANCED_FACE('',(#4696),#4714,.T.);
#4696 = FACE_BOUND('',#4697,.T.);
#4697 = EDGE_LOOP('',(#4698,#4706,#4707,#4708));
#4698 = ORIENTED_EDGE('',*,*,#4699,.F.);
#4699 = EDGE_CURVE('',#3848,#4700,#4702,.T.);
#4700 = VERTEX_POINT('',#4701);
#4701 = CARTESIAN_POINT('',(-15.8125,5.25,-6.4));
#4702 = LINE('',#4703,#4704);
#4703 = CARTESIAN_POINT('',(-24.5125,5.25,-6.4));
#4704 = VECTOR('',#4705,1.);
#4705 = DIRECTION('',(1.,0.,-0.));
#4706 = ORIENTED_EDGE('',*,*,#3855,.F.);
#4707 = ORIENTED_EDGE('',*,*,#4581,.F.);
#4708 = ORIENTED_EDGE('',*,*,#4709,.F.);
#4709 = EDGE_CURVE('',#4700,#4574,#4710,.T.);
#4710 = LINE('',#4711,#4712);
#4711 = CARTESIAN_POINT('',(-15.8125,5.25,-6.4));
#4712 = VECTOR('',#4713,1.);
#4713 = DIRECTION('',(0.,0.,1.));
#4714 = PLANE('',#4715);
#4715 = AXIS2_PLACEMENT_3D('',#4716,#4717,#4718);
#4716 = CARTESIAN_POINT('',(-24.5125,5.25,-6.4));
#4717 = DIRECTION('',(-0.,1.,0.));
#4718 = DIRECTION('',(0.,0.,1.));
#4719 = ADVANCED_FACE('',(#4720),#4754,.T.);
#4720 = FACE_BOUND('',#4721,.T.);
#4721 = EDGE_LOOP('',(#4722,#4732,#4738,#4739,#4740,#4748));
#4722 = ORIENTED_EDGE('',*,*,#4723,.F.);
#4723 = EDGE_CURVE('',#4724,#4726,#4728,.T.);
#4724 = VERTEX_POINT('',#4725);
#4725 = CARTESIAN_POINT('',(-24.5125,5.26,-6.4));
#4726 = VERTEX_POINT('',#4727);
#4727 = CARTESIAN_POINT('',(-24.5125,13.95,-6.4));
#4728 = LINE('',#4729,#4730);
#4729 = CARTESIAN_POINT('',(-24.5125,5.25,-6.4));
#4730 = VECTOR('',#4731,1.);
#4731 = DIRECTION('',(-0.,1.,0.));
#4732 = ORIENTED_EDGE('',*,*,#4733,.F.);
#4733 = EDGE_CURVE('',#3840,#4724,#4734,.T.);
#4734 = LINE('',#4735,#4736);
#4735 = CARTESIAN_POINT('',(-24.5125,5.26,-6.4));
#4736 = VECTOR('',#4737,1.);
#4737 = DIRECTION('',(-1.,-0.,0.));
#4738 = ORIENTED_EDGE('',*,*,#3847,.F.);
#4739 = ORIENTED_EDGE('',*,*,#4699,.T.);
#4740 = ORIENTED_EDGE('',*,*,#4741,.T.);
#4741 = EDGE_CURVE('',#4700,#4742,#4744,.T.);
#4742 = VERTEX_POINT('',#4743);
#4743 = CARTESIAN_POINT('',(-15.8125,13.95,-6.4));
#4744 = LINE('',#4745,#4746);
#4745 = CARTESIAN_POINT('',(-15.8125,5.25,-6.4));
#4746 = VECTOR('',#4747,1.);
#4747 = DIRECTION('',(-0.,1.,0.));
#4748 = ORIENTED_EDGE('',*,*,#4749,.F.);
#4749 = EDGE_CURVE('',#4726,#4742,#4750,.T.);
#4750 = LINE('',#4751,#4752);
#4751 = CARTESIAN_POINT('',(-24.5125,13.95,-6.4));
#4752 = VECTOR('',#4753,1.);
#4753 = DIRECTION('',(1.,0.,-0.));
#4754 = PLANE('',#4755);
#4755 = AXIS2_PLACEMENT_3D('',#4756,#4757,#4758);
#4756 = CARTESIAN_POINT('',(-24.5125,5.25,-6.4));
#4757 = DIRECTION('',(0.,0.,1.));
#4758 = DIRECTION('',(1.,0.,-0.));
#4759 = ADVANCED_FACE('',(#4760),#4771,.F.);
#4760 = FACE_BOUND('',#4761,.F.);
#4761 = EDGE_LOOP('',(#4762,#4763,#4764,#4770));
#4762 = ORIENTED_EDGE('',*,*,#3839,.F.);
#4763 = ORIENTED_EDGE('',*,*,#4108,.T.);
#4764 = ORIENTED_EDGE('',*,*,#4765,.T.);
#4765 = EDGE_CURVE('',#4101,#4724,#4766,.T.);
#4766 = LINE('',#4767,#4768);
#4767 = CARTESIAN_POINT('',(-24.5125,5.26,-10.));
#4768 = VECTOR('',#4769,1.);
#4769 = DIRECTION('',(0.,0.,1.));
#4770 = ORIENTED_EDGE('',*,*,#4733,.F.);
#4771 = PLANE('',#4772);
#4772 = AXIS2_PLACEMENT_3D('',#4773,#4774,#4775);
#4773 = CARTESIAN_POINT('',(-24.5125,5.26,-10.));
#4774 = DIRECTION('',(-0.,1.,0.));
#4775 = DIRECTION('',(0.,0.,1.));
#4776 = ADVANCED_FACE('',(#4777),#4788,.T.);
#4777 = FACE_BOUND('',#4778,.T.);
#4778 = EDGE_LOOP('',(#4779,#4785,#4786,#4787));
#4779 = ORIENTED_EDGE('',*,*,#4780,.F.);
#4780 = EDGE_CURVE('',#4119,#3180,#4781,.T.);
#4781 = LINE('',#4782,#4783);
#4782 = CARTESIAN_POINT('',(-15.0125,14.75,-7.2));
#4783 = VECTOR('',#4784,1.);
#4784 = DIRECTION('',(0.,0.,1.));
#4785 = ORIENTED_EDGE('',*,*,#4126,.F.);
#4786 = ORIENTED_EDGE('',*,*,#3950,.T.);
#4787 = ORIENTED_EDGE('',*,*,#3179,.F.);
#4788 = PLANE('',#4789);
#4789 = AXIS2_PLACEMENT_3D('',#4790,#4791,#4792);
#4790 = CARTESIAN_POINT('',(-25.3125,14.75,-7.2));
#4791 = DIRECTION('',(-0.,1.,0.));
#4792 = DIRECTION('',(0.,0.,1.));
#4793 = ADVANCED_FACE('',(#4794),#4842,.F.);
#4794 = FACE_BOUND('',#4795,.F.);
#4795 = EDGE_LOOP('',(#4796,#4797,#4803,#4804,#4812,#4820,#4828,#4836));
#4796 = ORIENTED_EDGE('',*,*,#3632,.F.);
#4797 = ORIENTED_EDGE('',*,*,#4798,.F.);
#4798 = EDGE_CURVE('',#3553,#3633,#4799,.T.);
#4799 = LINE('',#4800,#4801);
#4800 = CARTESIAN_POINT('',(16.9625,-11.2,-5.6));
#4801 = VECTOR('',#4802,1.);
#4802 = DIRECTION('',(-0.,1.,0.));
#4803 = ORIENTED_EDGE('',*,*,#3552,.T.);
#4804 = ORIENTED_EDGE('',*,*,#4805,.T.);
#4805 = EDGE_CURVE('',#3555,#4806,#4808,.T.);
#4806 = VERTEX_POINT('',#4807);
#4807 = CARTESIAN_POINT('',(20.295,-10.4,-5.6));
#4808 = LINE('',#4809,#4810);
#4809 = CARTESIAN_POINT('',(20.295,-11.2,-5.6));
#4810 = VECTOR('',#4811,1.);
#4811 = DIRECTION('',(-0.,1.,0.));
#4812 = ORIENTED_EDGE('',*,*,#4813,.F.);
#4813 = EDGE_CURVE('',#4814,#4806,#4816,.T.);
#4814 = VERTEX_POINT('',#4815);
#4815 = CARTESIAN_POINT('',(20.285,-10.4,-5.6));
#4816 = LINE('',#4817,#4818);
#4817 = CARTESIAN_POINT('',(17.755,-10.4,-5.6));
#4818 = VECTOR('',#4819,1.);
#4819 = DIRECTION('',(1.,0.,-0.));
#4820 = ORIENTED_EDGE('',*,*,#4821,.F.);
#4821 = EDGE_CURVE('',#4822,#4814,#4824,.T.);
#4822 = VERTEX_POINT('',#4823);
#4823 = CARTESIAN_POINT('',(20.285,10.4,-5.6));
#4824 = LINE('',#4825,#4826);
#4825 = CARTESIAN_POINT('',(20.285,-12.8,-5.6));
#4826 = VECTOR('',#4827,1.);
#4827 = DIRECTION('',(0.,-1.,0.));
#4828 = ORIENTED_EDGE('',*,*,#4829,.T.);
#4829 = EDGE_CURVE('',#4822,#4830,#4832,.T.);
#4830 = VERTEX_POINT('',#4831);
#4831 = CARTESIAN_POINT('',(20.295,10.4,-5.6));
#4832 = LINE('',#4833,#4834);
#4833 = CARTESIAN_POINT('',(17.755,10.4,-5.6));
#4834 = VECTOR('',#4835,1.);
#4835 = DIRECTION('',(1.,0.,-0.));
#4836 = ORIENTED_EDGE('',*,*,#4837,.T.);
#4837 = EDGE_CURVE('',#4830,#3635,#4838,.T.);
#4838 = LINE('',#4839,#4840);
#4839 = CARTESIAN_POINT('',(20.295,-11.2,-5.6));
#4840 = VECTOR('',#4841,1.);
#4841 = DIRECTION('',(-0.,1.,0.));
#4842 = PLANE('',#4843);
#4843 = AXIS2_PLACEMENT_3D('',#4844,#4845,#4846);
#4844 = CARTESIAN_POINT('',(16.9625,-11.2,-5.6));
#4845 = DIRECTION('',(0.,0.,1.));
#4846 = DIRECTION('',(1.,0.,-0.));
#4847 = ADVANCED_FACE('',(#4848),#4882,.F.);
#4848 = FACE_BOUND('',#4849,.F.);
#4849 = EDGE_LOOP('',(#4850,#4851,#4857,#4858,#4859,#4867,#4875,#4881));
#4850 = ORIENTED_EDGE('',*,*,#3562,.F.);
#4851 = ORIENTED_EDGE('',*,*,#4852,.T.);
#4852 = EDGE_CURVE('',#3563,#3676,#4853,.T.);
#4853 = LINE('',#4854,#4855);
#4854 = CARTESIAN_POINT('',(20.295,-11.2,-24.31));
#4855 = VECTOR('',#4856,1.);
#4856 = DIRECTION('',(-0.,1.,0.));
#4857 = ORIENTED_EDGE('',*,*,#3683,.T.);
#4858 = ORIENTED_EDGE('',*,*,#4837,.F.);
#4859 = ORIENTED_EDGE('',*,*,#4860,.T.);
#4860 = EDGE_CURVE('',#4830,#4861,#4863,.T.);
#4861 = VERTEX_POINT('',#4862);
#4862 = CARTESIAN_POINT('',(20.295,10.4,-23.51));
#4863 = LINE('',#4864,#4865);
#4864 = CARTESIAN_POINT('',(20.295,10.4,-24.265));
#4865 = VECTOR('',#4866,1.);
#4866 = DIRECTION('',(-0.,0.,-1.));
#4867 = ORIENTED_EDGE('',*,*,#4868,.F.);
#4868 = EDGE_CURVE('',#4869,#4861,#4871,.T.);
#4869 = VERTEX_POINT('',#4870);
#4870 = CARTESIAN_POINT('',(20.295,-10.4,-23.51));
#4871 = LINE('',#4872,#4873);
#4872 = CARTESIAN_POINT('',(20.295,-12.8,-23.51));
#4873 = VECTOR('',#4874,1.);
#4874 = DIRECTION('',(-0.,1.,0.));
#4875 = ORIENTED_EDGE('',*,*,#4876,.F.);
#4876 = EDGE_CURVE('',#4806,#4869,#4877,.T.);
#4877 = LINE('',#4878,#4879);
#4878 = CARTESIAN_POINT('',(20.295,-10.4,-24.265));
#4879 = VECTOR('',#4880,1.);
#4880 = DIRECTION('',(-0.,0.,-1.));
#4881 = ORIENTED_EDGE('',*,*,#4805,.F.);
#4882 = PLANE('',#4883);
#4883 = AXIS2_PLACEMENT_3D('',#4884,#4885,#4886);
#4884 = CARTESIAN_POINT('',(20.295,-11.2,-24.31));
#4885 = DIRECTION('',(1.,0.,-0.));
#4886 = DIRECTION('',(0.,0.,1.));
#4887 = ADVANCED_FACE('',(#4888),#4894,.F.);
#4888 = FACE_BOUND('',#4889,.F.);
#4889 = EDGE_LOOP('',(#4890,#4891,#4892,#4893));
#4890 = ORIENTED_EDGE('',*,*,#4852,.F.);
#4891 = ORIENTED_EDGE('',*,*,#3570,.T.);
#4892 = ORIENTED_EDGE('',*,*,#3728,.T.);
#4893 = ORIENTED_EDGE('',*,*,#3675,.F.);
#4894 = PLANE('',#4895);
#4895 = AXIS2_PLACEMENT_3D('',#4896,#4897,#4898);
#4896 = CARTESIAN_POINT('',(20.295,-11.2,-24.31));
#4897 = DIRECTION('',(0.,0.,1.));
#4898 = DIRECTION('',(1.,0.,-0.));
#4899 = ADVANCED_FACE('',(#4900),#4906,.F.);
#4900 = FACE_BOUND('',#4901,.F.);
#4901 = EDGE_LOOP('',(#4902,#4903,#4904,#4905));
#4902 = ORIENTED_EDGE('',*,*,#3601,.F.);
#4903 = ORIENTED_EDGE('',*,*,#4798,.T.);
#4904 = ORIENTED_EDGE('',*,*,#3642,.T.);
#4905 = ORIENTED_EDGE('',*,*,#3137,.F.);
#4906 = PLANE('',#4907);
#4907 = AXIS2_PLACEMENT_3D('',#4908,#4909,#4910);
#4908 = CARTESIAN_POINT('',(16.9625,-11.2,-5.6));
#4909 = DIRECTION('',(1.,0.,-0.));
#4910 = DIRECTION('',(0.,0.,1.));
#4911 = ADVANCED_FACE('',(#4912),#4928,.F.);
#4912 = FACE_BOUND('',#4913,.F.);
#4913 = EDGE_LOOP('',(#4914,#4915,#4921,#4922));
#4914 = ORIENTED_EDGE('',*,*,#2764,.F.);
#4915 = ORIENTED_EDGE('',*,*,#4916,.T.);
#4916 = EDGE_CURVE('',#2765,#4242,#4917,.T.);
#4917 = LINE('',#4918,#4919);
#4918 = CARTESIAN_POINT('',(-26.2,25.7,-5.));
#4919 = VECTOR('',#4920,1.);
#4920 = DIRECTION('',(0.,0.,1.));
#4921 = ORIENTED_EDGE('',*,*,#4250,.T.);
#4922 = ORIENTED_EDGE('',*,*,#4923,.F.);
#4923 = EDGE_CURVE('',#2767,#4251,#4924,.T.);
#4924 = LINE('',#4925,#4926);
#4925 = CARTESIAN_POINT('',(-26.2,-24.1,-5.755));
#4926 = VECTOR('',#4927,1.);
#4927 = DIRECTION('',(0.,0.,1.));
#4928 = PLANE('',#4929);
#4929 = AXIS2_PLACEMENT_3D('',#4930,#4931,#4932);
#4930 = CARTESIAN_POINT('',(-26.2,25.7,-5.));
#4931 = DIRECTION('',(1.,0.,-0.));
#4932 = DIRECTION('',(0.,-1.,0.));
#4933 = ADVANCED_FACE('',(#4934),#4945,.T.);
#4934 = FACE_BOUND('',#4935,.F.);
#4935 = EDGE_LOOP('',(#4936,#4942,#4943,#4944));
#4936 = ORIENTED_EDGE('',*,*,#4937,.T.);
#4937 = EDGE_CURVE('',#2875,#4234,#4938,.T.);
#4938 = LINE('',#4939,#4940);
#4939 = CARTESIAN_POINT('',(-25.7,26.2,-5.));
#4940 = VECTOR('',#4941,1.);
#4941 = DIRECTION('',(0.,0.,1.));
#4942 = ORIENTED_EDGE('',*,*,#4241,.T.);
#4943 = ORIENTED_EDGE('',*,*,#4916,.F.);
#4944 = ORIENTED_EDGE('',*,*,#2882,.F.);
#4945 = CYLINDRICAL_SURFACE('',#4946,0.5);
#4946 = AXIS2_PLACEMENT_3D('',#4947,#4948,#4949);
#4947 = CARTESIAN_POINT('',(-25.7,25.7,-5.));
#4948 = DIRECTION('',(-0.,-0.,-1.));
#4949 = DIRECTION('',(-7.105427357601E-15,1.,0.));
#4950 = ADVANCED_FACE('',(#4951),#4962,.F.);
#4951 = FACE_BOUND('',#4952,.F.);
#4952 = EDGE_LOOP('',(#4953,#4959,#4960,#4961));
#4953 = ORIENTED_EDGE('',*,*,#4954,.T.);
#4954 = EDGE_CURVE('',#2866,#4225,#4955,.T.);
#4955 = LINE('',#4956,#4957);
#4956 = CARTESIAN_POINT('',(25.7,26.2,-5.));
#4957 = VECTOR('',#4958,1.);
#4958 = DIRECTION('',(0.,0.,1.));
#4959 = ORIENTED_EDGE('',*,*,#4233,.T.);
#4960 = ORIENTED_EDGE('',*,*,#4937,.F.);
#4961 = ORIENTED_EDGE('',*,*,#2874,.F.);
#4962 = PLANE('',#4963);
#4963 = AXIS2_PLACEMENT_3D('',#4964,#4965,#4966);
#4964 = CARTESIAN_POINT('',(25.7,26.2,-5.));
#4965 = DIRECTION('',(0.,-1.,0.));
#4966 = DIRECTION('',(-1.,0.,0.));
#4967 = ADVANCED_FACE('',(#4968),#4979,.T.);
#4968 = FACE_BOUND('',#4969,.F.);
#4969 = EDGE_LOOP('',(#4970,#4976,#4977,#4978));
#4970 = ORIENTED_EDGE('',*,*,#4971,.T.);
#4971 = EDGE_CURVE('',#2858,#4217,#4972,.T.);
#4972 = LINE('',#4973,#4974);
#4973 = CARTESIAN_POINT('',(26.2,25.7,-5.));
#4974 = VECTOR('',#4975,1.);
#4975 = DIRECTION('',(0.,0.,1.));
#4976 = ORIENTED_EDGE('',*,*,#4224,.T.);
#4977 = ORIENTED_EDGE('',*,*,#4954,.F.);
#4978 = ORIENTED_EDGE('',*,*,#2865,.F.);
#4979 = CYLINDRICAL_SURFACE('',#4980,0.5);
#4980 = AXIS2_PLACEMENT_3D('',#4981,#4982,#4983);
#4981 = CARTESIAN_POINT('',(25.7,25.7,-5.));
#4982 = DIRECTION('',(-0.,-0.,-1.));
#4983 = DIRECTION('',(1.,7.105427357601E-15,-0.));
#4984 = ADVANCED_FACE('',(#4985),#4996,.F.);
#4985 = FACE_BOUND('',#4986,.F.);
#4986 = EDGE_LOOP('',(#4987,#4988,#4994,#4995));
#4987 = ORIENTED_EDGE('',*,*,#2857,.F.);
#4988 = ORIENTED_EDGE('',*,*,#4989,.F.);
#4989 = EDGE_CURVE('',#4209,#2850,#4990,.T.);
#4990 = LINE('',#4991,#4992);
#4991 = CARTESIAN_POINT('',(26.2,-24.1,-5.755));
#4992 = VECTOR('',#4993,1.);
#4993 = DIRECTION('',(0.,0.,-1.));
#4994 = ORIENTED_EDGE('',*,*,#4216,.T.);
#4995 = ORIENTED_EDGE('',*,*,#4971,.F.);
#4996 = PLANE('',#4997);
#4997 = AXIS2_PLACEMENT_3D('',#4998,#4999,#5000);
#4998 = CARTESIAN_POINT('',(26.2,-25.7,-5.));
#4999 = DIRECTION('',(-1.,0.,0.));
#5000 = DIRECTION('',(0.,1.,0.));
#5001 = ADVANCED_FACE('',(#5002),#5013,.F.);
#5002 = FACE_BOUND('',#5003,.F.);
#5003 = EDGE_LOOP('',(#5004,#5005,#5011,#5012));
#5004 = ORIENTED_EDGE('',*,*,#2849,.T.);
#5005 = ORIENTED_EDGE('',*,*,#5006,.T.);
#5006 = EDGE_CURVE('',#2841,#4200,#5007,.T.);
#5007 = LINE('',#5008,#5009);
#5008 = CARTESIAN_POINT('',(14.65,-24.1,-6.51));
#5009 = VECTOR('',#5010,1.);
#5010 = DIRECTION('',(0.,0.,1.));
#5011 = ORIENTED_EDGE('',*,*,#4208,.F.);
#5012 = ORIENTED_EDGE('',*,*,#4989,.T.);
#5013 = PLANE('',#5014);
#5014 = AXIS2_PLACEMENT_3D('',#5015,#5016,#5017);
#5015 = CARTESIAN_POINT('',(14.65,-24.1,-6.51));
#5016 = DIRECTION('',(-0.,1.,0.));
#5017 = DIRECTION('',(0.,0.,1.));
#5018 = ADVANCED_FACE('',(#5019),#5030,.F.);
#5019 = FACE_BOUND('',#5020,.F.);
#5020 = EDGE_LOOP('',(#5021,#5022,#5023,#5024));
#5021 = ORIENTED_EDGE('',*,*,#4199,.F.);
#5022 = ORIENTED_EDGE('',*,*,#5006,.F.);
#5023 = ORIENTED_EDGE('',*,*,#2840,.T.);
#5024 = ORIENTED_EDGE('',*,*,#5025,.T.);
#5025 = EDGE_CURVE('',#2833,#4192,#5026,.T.);
#5026 = LINE('',#5027,#5028);
#5027 = CARTESIAN_POINT('',(14.65,-25.4,-6.51));
#5028 = VECTOR('',#5029,1.);
#5029 = DIRECTION('',(0.,0.,1.));
#5030 = CYLINDRICAL_SURFACE('',#5031,0.65);
#5031 = AXIS2_PLACEMENT_3D('',#5032,#5033,#5034);
#5032 = CARTESIAN_POINT('',(14.65,-24.75,-6.51));
#5033 = DIRECTION('',(0.,0.,1.));
#5034 = DIRECTION('',(1.,0.,-0.));
#5035 = ADVANCED_FACE('',(#5036),#5061,.F.);
#5036 = FACE_BOUND('',#5037,.F.);
#5037 = EDGE_LOOP('',(#5038,#5046,#5054,#5060));
#5038 = ORIENTED_EDGE('',*,*,#5039,.F.);
#5039 = EDGE_CURVE('',#5040,#2817,#5042,.T.);
#5040 = VERTEX_POINT('',#5041);
#5041 = CARTESIAN_POINT('',(13.,-26.2,-6.5));
#5042 = LINE('',#5043,#5044);
#5043 = CARTESIAN_POINT('',(13.,-26.2,-6.5));
#5044 = VECTOR('',#5045,1.);
#5045 = DIRECTION('',(0.,0.,1.));
#5046 = ORIENTED_EDGE('',*,*,#5047,.T.);
#5047 = EDGE_CURVE('',#5040,#5048,#5050,.T.);
#5048 = VERTEX_POINT('',#5049);
#5049 = CARTESIAN_POINT('',(13.,-25.4,-6.5));
#5050 = LINE('',#5051,#5052);
#5051 = CARTESIAN_POINT('',(13.,-26.2,-6.5));
#5052 = VECTOR('',#5053,1.);
#5053 = DIRECTION('',(-0.,1.,0.));
#5054 = ORIENTED_EDGE('',*,*,#5055,.T.);
#5055 = EDGE_CURVE('',#5048,#2825,#5056,.T.);
#5056 = LINE('',#5057,#5058);
#5057 = CARTESIAN_POINT('',(13.,-25.4,-6.5));
#5058 = VECTOR('',#5059,1.);
#5059 = DIRECTION('',(0.,0.,1.));
#5060 = ORIENTED_EDGE('',*,*,#2824,.F.);
#5061 = PLANE('',#5062);
#5062 = AXIS2_PLACEMENT_3D('',#5063,#5064,#5065);
#5063 = CARTESIAN_POINT('',(13.,-26.2,-6.5));
#5064 = DIRECTION('',(1.,0.,-0.));
#5065 = DIRECTION('',(0.,0.,1.));
#5066 = ADVANCED_FACE('',(#5067),#5156,.T.);
#5067 = FACE_BOUND('',#5068,.T.);
#5068 = EDGE_LOOP('',(#5069,#5079,#5087,#5095,#5101,#5102,#5103,#5111,
    #5119,#5127,#5135,#5141,#5142,#5150));
#5069 = ORIENTED_EDGE('',*,*,#5070,.F.);
#5070 = EDGE_CURVE('',#5071,#5073,#5075,.T.);
#5071 = VERTEX_POINT('',#5072);
#5072 = CARTESIAN_POINT('',(-25.7,-26.2,-5.));
#5073 = VERTEX_POINT('',#5074);
#5074 = CARTESIAN_POINT('',(-25.7,-26.2,-3.74));
#5075 = LINE('',#5076,#5077);
#5076 = CARTESIAN_POINT('',(-25.7,-26.2,-5.));
#5077 = VECTOR('',#5078,1.);
#5078 = DIRECTION('',(0.,0.,1.));
#5079 = ORIENTED_EDGE('',*,*,#5080,.F.);
#5080 = EDGE_CURVE('',#5081,#5071,#5083,.T.);
#5081 = VERTEX_POINT('',#5082);
#5082 = CARTESIAN_POINT('',(-25.7,-26.2,-6.5));
#5083 = LINE('',#5084,#5085);
#5084 = CARTESIAN_POINT('',(-25.7,-26.2,-6.5));
#5085 = VECTOR('',#5086,1.);
#5086 = DIRECTION('',(0.,0.,1.));
#5087 = ORIENTED_EDGE('',*,*,#5088,.T.);
#5088 = EDGE_CURVE('',#5081,#5089,#5091,.T.);
#5089 = VERTEX_POINT('',#5090);
#5090 = CARTESIAN_POINT('',(-13.,-26.2,-6.5));
#5091 = LINE('',#5092,#5093);
#5092 = CARTESIAN_POINT('',(-25.7,-26.2,-6.5));
#5093 = VECTOR('',#5094,1.);
#5094 = DIRECTION('',(1.,0.,-0.));
#5095 = ORIENTED_EDGE('',*,*,#5096,.T.);
#5096 = EDGE_CURVE('',#5089,#2809,#5097,.T.);
#5097 = LINE('',#5098,#5099);
#5098 = CARTESIAN_POINT('',(-13.,-26.2,-6.5));
#5099 = VECTOR('',#5100,1.);
#5100 = DIRECTION('',(0.,0.,1.));
#5101 = ORIENTED_EDGE('',*,*,#2816,.T.);
#5102 = ORIENTED_EDGE('',*,*,#5039,.F.);
#5103 = ORIENTED_EDGE('',*,*,#5104,.T.);
#5104 = EDGE_CURVE('',#5040,#5105,#5107,.T.);
#5105 = VERTEX_POINT('',#5106);
#5106 = CARTESIAN_POINT('',(25.7,-26.2,-6.5));
#5107 = LINE('',#5108,#5109);
#5108 = CARTESIAN_POINT('',(13.,-26.2,-6.5));
#5109 = VECTOR('',#5110,1.);
#5110 = DIRECTION('',(1.,0.,-0.));
#5111 = ORIENTED_EDGE('',*,*,#5112,.T.);
#5112 = EDGE_CURVE('',#5105,#5113,#5115,.T.);
#5113 = VERTEX_POINT('',#5114);
#5114 = CARTESIAN_POINT('',(25.7,-26.2,-5.));
#5115 = LINE('',#5116,#5117);
#5116 = CARTESIAN_POINT('',(25.7,-26.2,-6.5));
#5117 = VECTOR('',#5118,1.);
#5118 = DIRECTION('',(0.,0.,1.));
#5119 = ORIENTED_EDGE('',*,*,#5120,.T.);
#5120 = EDGE_CURVE('',#5113,#5121,#5123,.T.);
#5121 = VERTEX_POINT('',#5122);
#5122 = CARTESIAN_POINT('',(25.7,-26.2,-3.74));
#5123 = LINE('',#5124,#5125);
#5124 = CARTESIAN_POINT('',(25.7,-26.2,-5.));
#5125 = VECTOR('',#5126,1.);
#5126 = DIRECTION('',(0.,0.,1.));
#5127 = ORIENTED_EDGE('',*,*,#5128,.T.);
#5128 = EDGE_CURVE('',#5121,#5129,#5131,.T.);
#5129 = VERTEX_POINT('',#5130);
#5130 = CARTESIAN_POINT('',(14.,-26.2,-3.74));
#5131 = LINE('',#5132,#5133);
#5132 = CARTESIAN_POINT('',(7.,-26.2,-3.74));
#5133 = VECTOR('',#5134,1.);
#5134 = DIRECTION('',(-1.,0.,0.));
#5135 = ORIENTED_EDGE('',*,*,#5136,.T.);
#5136 = EDGE_CURVE('',#5129,#4151,#5137,.T.);
#5137 = LINE('',#5138,#5139);
#5138 = CARTESIAN_POINT('',(14.,-26.2,-4.126605947933));
#5139 = VECTOR('',#5140,1.);
#5140 = DIRECTION('',(0.,0.,1.));
#5141 = ORIENTED_EDGE('',*,*,#4150,.F.);
#5142 = ORIENTED_EDGE('',*,*,#5143,.F.);
#5143 = EDGE_CURVE('',#5144,#4141,#5146,.T.);
#5144 = VERTEX_POINT('',#5145);
#5145 = CARTESIAN_POINT('',(-14.,-26.2,-3.74));
#5146 = LINE('',#5147,#5148);
#5147 = CARTESIAN_POINT('',(-14.,-26.2,-4.126605947933));
#5148 = VECTOR('',#5149,1.);
#5149 = DIRECTION('',(0.,0.,1.));
#5150 = ORIENTED_EDGE('',*,*,#5151,.T.);
#5151 = EDGE_CURVE('',#5144,#5073,#5152,.T.);
#5152 = LINE('',#5153,#5154);
#5153 = CARTESIAN_POINT('',(-13.6,-26.2,-3.74));
#5154 = VECTOR('',#5155,1.);
#5155 = DIRECTION('',(-1.,0.,0.));
#5156 = PLANE('',#5157);
#5157 = AXIS2_PLACEMENT_3D('',#5158,#5159,#5160);
#5158 = CARTESIAN_POINT('',(0.,-26.2,-4.671288014311));
#5159 = DIRECTION('',(-0.,-1.,-0.));
#5160 = DIRECTION('',(0.,0.,-1.));
#5161 = ADVANCED_FACE('',(#5162),#5180,.T.);
#5162 = FACE_BOUND('',#5163,.T.);
#5163 = EDGE_LOOP('',(#5164,#5165,#5173,#5179));
#5164 = ORIENTED_EDGE('',*,*,#5096,.F.);
#5165 = ORIENTED_EDGE('',*,*,#5166,.T.);
#5166 = EDGE_CURVE('',#5089,#5167,#5169,.T.);
#5167 = VERTEX_POINT('',#5168);
#5168 = CARTESIAN_POINT('',(-13.,-25.4,-6.5));
#5169 = LINE('',#5170,#5171);
#5170 = CARTESIAN_POINT('',(-13.,-26.2,-6.5));
#5171 = VECTOR('',#5172,1.);
#5172 = DIRECTION('',(-0.,1.,0.));
#5173 = ORIENTED_EDGE('',*,*,#5174,.T.);
#5174 = EDGE_CURVE('',#5167,#2801,#5175,.T.);
#5175 = LINE('',#5176,#5177);
#5176 = CARTESIAN_POINT('',(-13.,-25.4,-6.5));
#5177 = VECTOR('',#5178,1.);
#5178 = DIRECTION('',(0.,0.,1.));
#5179 = ORIENTED_EDGE('',*,*,#2808,.F.);
#5180 = PLANE('',#5181);
#5181 = AXIS2_PLACEMENT_3D('',#5182,#5183,#5184);
#5182 = CARTESIAN_POINT('',(-13.,-26.2,-6.5));
#5183 = DIRECTION('',(1.,0.,-0.));
#5184 = DIRECTION('',(0.,0.,1.));
#5185 = ADVANCED_FACE('',(#5186),#5197,.F.);
#5186 = FACE_BOUND('',#5187,.F.);
#5187 = EDGE_LOOP('',(#5188,#5194,#5195,#5196));
#5188 = ORIENTED_EDGE('',*,*,#5189,.F.);
#5189 = EDGE_CURVE('',#2775,#4259,#5190,.T.);
#5190 = LINE('',#5191,#5192);
#5191 = CARTESIAN_POINT('',(-14.65,-24.1,-6.51));
#5192 = VECTOR('',#5193,1.);
#5193 = DIRECTION('',(0.,0.,1.));
#5194 = ORIENTED_EDGE('',*,*,#2774,.T.);
#5195 = ORIENTED_EDGE('',*,*,#4923,.T.);
#5196 = ORIENTED_EDGE('',*,*,#4258,.F.);
#5197 = PLANE('',#5198);
#5198 = AXIS2_PLACEMENT_3D('',#5199,#5200,#5201);
#5199 = CARTESIAN_POINT('',(-27.2,-24.1,-6.51));
#5200 = DIRECTION('',(-0.,1.,0.));
#5201 = DIRECTION('',(0.,0.,1.));
#5202 = ADVANCED_FACE('',(#5203),#5219,.F.);
#5203 = FACE_BOUND('',#5204,.T.);
#5204 = EDGE_LOOP('',(#5205,#5206,#5212,#5213));
#5205 = ORIENTED_EDGE('',*,*,#3118,.T.);
#5206 = ORIENTED_EDGE('',*,*,#5207,.T.);
#5207 = EDGE_CURVE('',#2898,#4473,#5208,.T.);
#5208 = LINE('',#5209,#5210);
#5209 = CARTESIAN_POINT('',(-14.975,-19.85,-12.5));
#5210 = VECTOR('',#5211,1.);
#5211 = DIRECTION('',(0.,0.,1.));
#5212 = ORIENTED_EDGE('',*,*,#4472,.F.);
#5213 = ORIENTED_EDGE('',*,*,#5214,.F.);
#5214 = EDGE_CURVE('',#3111,#4465,#5215,.T.);
#5215 = LINE('',#5216,#5217);
#5216 = CARTESIAN_POINT('',(-9.875,-24.95,-12.5));
#5217 = VECTOR('',#5218,1.);
#5218 = DIRECTION('',(0.,0.,1.));
#5219 = CYLINDRICAL_SURFACE('',#5220,5.1);
#5220 = AXIS2_PLACEMENT_3D('',#5221,#5222,#5223);
#5221 = CARTESIAN_POINT('',(-9.875,-19.85,-12.5));
#5222 = DIRECTION('',(-0.,-0.,-1.));
#5223 = DIRECTION('',(-1.,6.96610525255E-16,0.));
#5224 = ADVANCED_FACE('',(#5225),#5236,.T.);
#5225 = FACE_BOUND('',#5226,.T.);
#5226 = EDGE_LOOP('',(#5227,#5228,#5229,#5230));
#5227 = ORIENTED_EDGE('',*,*,#3110,.T.);
#5228 = ORIENTED_EDGE('',*,*,#5214,.T.);
#5229 = ORIENTED_EDGE('',*,*,#4464,.F.);
#5230 = ORIENTED_EDGE('',*,*,#5231,.F.);
#5231 = EDGE_CURVE('',#3102,#4456,#5232,.T.);
#5232 = LINE('',#5233,#5234);
#5233 = CARTESIAN_POINT('',(9.875,-24.95,-12.5));
#5234 = VECTOR('',#5235,1.);
#5235 = DIRECTION('',(0.,0.,1.));
#5236 = PLANE('',#5237);
#5237 = AXIS2_PLACEMENT_3D('',#5238,#5239,#5240);
#5238 = CARTESIAN_POINT('',(-9.875,-24.95,-12.5));
#5239 = DIRECTION('',(0.,1.,0.));
#5240 = DIRECTION('',(1.,0.,0.));
#5241 = ADVANCED_FACE('',(#5242),#5253,.F.);
#5242 = FACE_BOUND('',#5243,.T.);
#5243 = EDGE_LOOP('',(#5244,#5245,#5246,#5247));
#5244 = ORIENTED_EDGE('',*,*,#3101,.T.);
#5245 = ORIENTED_EDGE('',*,*,#5231,.T.);
#5246 = ORIENTED_EDGE('',*,*,#4453,.F.);
#5247 = ORIENTED_EDGE('',*,*,#5248,.F.);
#5248 = EDGE_CURVE('',#3094,#4454,#5249,.T.);
#5249 = LINE('',#5250,#5251);
#5250 = CARTESIAN_POINT('',(14.975,-19.85,-12.5));
#5251 = VECTOR('',#5252,1.);
#5252 = DIRECTION('',(0.,0.,1.));
#5253 = CYLINDRICAL_SURFACE('',#5254,5.1);
#5254 = AXIS2_PLACEMENT_3D('',#5255,#5256,#5257);
#5255 = CARTESIAN_POINT('',(9.875,-19.85,-12.5));
#5256 = DIRECTION('',(-0.,-0.,-1.));
#5257 = DIRECTION('',(-6.96610525255E-16,-1.,0.));
#5258 = ADVANCED_FACE('',(#5259),#5275,.F.);
#5259 = FACE_BOUND('',#5260,.T.);
#5260 = EDGE_LOOP('',(#5261,#5262,#5268,#5269));
#5261 = ORIENTED_EDGE('',*,*,#2956,.T.);
#5262 = ORIENTED_EDGE('',*,*,#5263,.T.);
#5263 = EDGE_CURVE('',#2957,#4507,#5264,.T.);
#5264 = LINE('',#5265,#5266);
#5265 = CARTESIAN_POINT('',(14.975,19.85,-12.5));
#5266 = VECTOR('',#5267,1.);
#5267 = DIRECTION('',(0.,0.,1.));
#5268 = ORIENTED_EDGE('',*,*,#4506,.F.);
#5269 = ORIENTED_EDGE('',*,*,#5270,.F.);
#5270 = EDGE_CURVE('',#2949,#4499,#5271,.T.);
#5271 = LINE('',#5272,#5273);
#5272 = CARTESIAN_POINT('',(9.875,24.95,-12.5));
#5273 = VECTOR('',#5274,1.);
#5274 = DIRECTION('',(0.,0.,1.));
#5275 = CYLINDRICAL_SURFACE('',#5276,5.1);
#5276 = AXIS2_PLACEMENT_3D('',#5277,#5278,#5279);
#5277 = CARTESIAN_POINT('',(9.875,19.85,-12.5));
#5278 = DIRECTION('',(-0.,-0.,-1.));
#5279 = DIRECTION('',(1.,-6.96610525255E-16,0.));
#5280 = ADVANCED_FACE('',(#5281),#5292,.T.);
#5281 = FACE_BOUND('',#5282,.T.);
#5282 = EDGE_LOOP('',(#5283,#5284,#5285,#5286));
#5283 = ORIENTED_EDGE('',*,*,#2948,.T.);
#5284 = ORIENTED_EDGE('',*,*,#5270,.T.);
#5285 = ORIENTED_EDGE('',*,*,#4498,.F.);
#5286 = ORIENTED_EDGE('',*,*,#5287,.F.);
#5287 = EDGE_CURVE('',#2940,#4490,#5288,.T.);
#5288 = LINE('',#5289,#5290);
#5289 = CARTESIAN_POINT('',(-9.875,24.95,-12.5));
#5290 = VECTOR('',#5291,1.);
#5291 = DIRECTION('',(0.,0.,1.));
#5292 = PLANE('',#5293);
#5293 = AXIS2_PLACEMENT_3D('',#5294,#5295,#5296);
#5294 = CARTESIAN_POINT('',(9.875,24.95,-12.5));
#5295 = DIRECTION('',(0.,-1.,0.));
#5296 = DIRECTION('',(-1.,0.,0.));
#5297 = ADVANCED_FACE('',(#5298),#5309,.F.);
#5298 = FACE_BOUND('',#5299,.T.);
#5299 = EDGE_LOOP('',(#5300,#5301,#5302,#5303));
#5300 = ORIENTED_EDGE('',*,*,#2939,.T.);
#5301 = ORIENTED_EDGE('',*,*,#5287,.T.);
#5302 = ORIENTED_EDGE('',*,*,#4489,.F.);
#5303 = ORIENTED_EDGE('',*,*,#5304,.F.);
#5304 = EDGE_CURVE('',#2932,#4482,#5305,.T.);
#5305 = LINE('',#5306,#5307);
#5306 = CARTESIAN_POINT('',(-14.975,19.85,-12.5));
#5307 = VECTOR('',#5308,1.);
#5308 = DIRECTION('',(0.,0.,1.));
#5309 = CYLINDRICAL_SURFACE('',#5310,5.1);
#5310 = AXIS2_PLACEMENT_3D('',#5311,#5312,#5313);
#5311 = CARTESIAN_POINT('',(-9.875,19.85,-12.5));
#5312 = DIRECTION('',(-0.,-0.,-1.));
#5313 = DIRECTION('',(6.96610525255E-16,1.,-0.));
#5314 = ADVANCED_FACE('',(#5315),#5321,.T.);
#5315 = FACE_BOUND('',#5316,.T.);
#5316 = EDGE_LOOP('',(#5317,#5318,#5319,#5320));
#5317 = ORIENTED_EDGE('',*,*,#4084,.F.);
#5318 = ORIENTED_EDGE('',*,*,#4118,.T.);
#5319 = ORIENTED_EDGE('',*,*,#4780,.T.);
#5320 = ORIENTED_EDGE('',*,*,#3187,.F.);
#5321 = PLANE('',#5322);
#5322 = AXIS2_PLACEMENT_3D('',#5323,#5324,#5325);
#5323 = CARTESIAN_POINT('',(-15.0125,4.45,-7.2));
#5324 = DIRECTION('',(1.,0.,-0.));
#5325 = DIRECTION('',(0.,0.,1.));
#5326 = ADVANCED_FACE('',(#5327),#5337,.F.);
#5327 = FACE_BOUND('',#5328,.F.);
#5328 = EDGE_LOOP('',(#5329,#5335,#5336));
#5329 = ORIENTED_EDGE('',*,*,#5330,.T.);
#5330 = EDGE_CURVE('',#5144,#4143,#5331,.T.);
#5331 = LINE('',#5332,#5333);
#5332 = CARTESIAN_POINT('',(-14.,-26.21,-3.75));
#5333 = VECTOR('',#5334,1.);
#5334 = DIRECTION('',(0.,0.707106781187,0.707106781187));
#5335 = ORIENTED_EDGE('',*,*,#4140,.F.);
#5336 = ORIENTED_EDGE('',*,*,#5143,.F.);
#5337 = PLANE('',#5338);
#5338 = AXIS2_PLACEMENT_3D('',#5339,#5340,#5341);
#5339 = CARTESIAN_POINT('',(-14.,-26.11807611844,-3.581923881554));
#5340 = DIRECTION('',(1.,0.,0.));
#5341 = DIRECTION('',(-0.,0.,1.));
#5342 = ADVANCED_FACE('',(#5343),#5355,.T.);
#5343 = FACE_BOUND('',#5344,.T.);
#5344 = EDGE_LOOP('',(#5345,#5346,#5347,#5348));
#5345 = ORIENTED_EDGE('',*,*,#5151,.F.);
#5346 = ORIENTED_EDGE('',*,*,#5330,.T.);
#5347 = ORIENTED_EDGE('',*,*,#4309,.F.);
#5348 = ORIENTED_EDGE('',*,*,#5349,.T.);
#5349 = EDGE_CURVE('',#4301,#5073,#5350,.T.);
#5350 = ELLIPSE('',#5351,0.707106781187,0.5);
#5351 = AXIS2_PLACEMENT_3D('',#5352,#5353,#5354);
#5352 = CARTESIAN_POINT('',(-25.7,-25.7,-3.24));
#5353 = DIRECTION('',(0.,-0.707106781187,0.707106781187));
#5354 = DIRECTION('',(0.,-0.707106781187,-0.707106781187));
#5355 = PLANE('',#5356);
#5356 = AXIS2_PLACEMENT_3D('',#5357,#5358,#5359);
#5357 = CARTESIAN_POINT('',(-27.2,-26.21,-3.75));
#5358 = DIRECTION('',(0.,-0.707106781187,0.707106781187));
#5359 = DIRECTION('',(0.,0.707106781187,0.707106781187));
#5360 = ADVANCED_FACE('',(#5361),#5381,.T.);
#5361 = FACE_BOUND('',#5362,.F.);
#5362 = EDGE_LOOP('',(#5363,#5372,#5378,#5379,#5380));
#5363 = ORIENTED_EDGE('',*,*,#5364,.F.);
#5364 = EDGE_CURVE('',#5365,#5071,#5367,.T.);
#5365 = VERTEX_POINT('',#5366);
#5366 = CARTESIAN_POINT('',(-26.2,-25.7,-5.));
#5367 = CIRCLE('',#5368,0.5);
#5368 = AXIS2_PLACEMENT_3D('',#5369,#5370,#5371);
#5369 = CARTESIAN_POINT('',(-25.7,-25.7,-5.));
#5370 = DIRECTION('',(0.,0.,1.));
#5371 = DIRECTION('',(-1.,-7.105427357601E-15,0.));
#5372 = ORIENTED_EDGE('',*,*,#5373,.T.);
#5373 = EDGE_CURVE('',#5365,#4293,#5374,.T.);
#5374 = LINE('',#5375,#5376);
#5375 = CARTESIAN_POINT('',(-26.2,-25.7,-5.));
#5376 = VECTOR('',#5377,1.);
#5377 = DIRECTION('',(0.,0.,1.));
#5378 = ORIENTED_EDGE('',*,*,#4300,.T.);
#5379 = ORIENTED_EDGE('',*,*,#5349,.T.);
#5380 = ORIENTED_EDGE('',*,*,#5070,.F.);
#5381 = CYLINDRICAL_SURFACE('',#5382,0.5);
#5382 = AXIS2_PLACEMENT_3D('',#5383,#5384,#5385);
#5383 = CARTESIAN_POINT('',(-25.7,-25.7,-5.));
#5384 = DIRECTION('',(-0.,-0.,-1.));
#5385 = DIRECTION('',(-1.,-7.105427357601E-15,0.));
#5386 = ADVANCED_FACE('',(#5387),#5405,.F.);
#5387 = FACE_BOUND('',#5388,.F.);
#5388 = EDGE_LOOP('',(#5389,#5397,#5403,#5404));
#5389 = ORIENTED_EDGE('',*,*,#5390,.F.);
#5390 = EDGE_CURVE('',#5391,#5365,#5393,.T.);
#5391 = VERTEX_POINT('',#5392);
#5392 = CARTESIAN_POINT('',(-26.2,-25.4,-5.));
#5393 = LINE('',#5394,#5395);
#5394 = CARTESIAN_POINT('',(-26.2,25.7,-5.));
#5395 = VECTOR('',#5396,1.);
#5396 = DIRECTION('',(0.,-1.,0.));
#5397 = ORIENTED_EDGE('',*,*,#5398,.T.);
#5398 = EDGE_CURVE('',#5391,#4285,#5399,.T.);
#5399 = LINE('',#5400,#5401);
#5400 = CARTESIAN_POINT('',(-26.2,-25.4,-5.755));
#5401 = VECTOR('',#5402,1.);
#5402 = DIRECTION('',(0.,0.,1.));
#5403 = ORIENTED_EDGE('',*,*,#4292,.T.);
#5404 = ORIENTED_EDGE('',*,*,#5373,.F.);
#5405 = PLANE('',#5406);
#5406 = AXIS2_PLACEMENT_3D('',#5407,#5408,#5409);
#5407 = CARTESIAN_POINT('',(-26.2,25.7,-5.));
#5408 = DIRECTION('',(1.,0.,-0.));
#5409 = DIRECTION('',(0.,-1.,0.));
#5410 = ADVANCED_FACE('',(#5411),#5436,.F.);
#5411 = FACE_BOUND('',#5412,.F.);
#5412 = EDGE_LOOP('',(#5413,#5423,#5429,#5430));
#5413 = ORIENTED_EDGE('',*,*,#5414,.F.);
#5414 = EDGE_CURVE('',#5415,#5417,#5419,.T.);
#5415 = VERTEX_POINT('',#5416);
#5416 = CARTESIAN_POINT('',(26.2,-25.7,-5.));
#5417 = VERTEX_POINT('',#5418);
#5418 = CARTESIAN_POINT('',(26.2,-25.4,-5.));
#5419 = LINE('',#5420,#5421);
#5420 = CARTESIAN_POINT('',(26.2,-25.7,-5.));
#5421 = VECTOR('',#5422,1.);
#5422 = DIRECTION('',(0.,1.,0.));
#5423 = ORIENTED_EDGE('',*,*,#5424,.T.);
#5424 = EDGE_CURVE('',#5415,#4175,#5425,.T.);
#5425 = LINE('',#5426,#5427);
#5426 = CARTESIAN_POINT('',(26.2,-25.7,-5.));
#5427 = VECTOR('',#5428,1.);
#5428 = DIRECTION('',(0.,0.,1.));
#5429 = ORIENTED_EDGE('',*,*,#4183,.T.);
#5430 = ORIENTED_EDGE('',*,*,#5431,.T.);
#5431 = EDGE_CURVE('',#4184,#5417,#5432,.T.);
#5432 = LINE('',#5433,#5434);
#5433 = CARTESIAN_POINT('',(26.2,-25.4,-5.755));
#5434 = VECTOR('',#5435,1.);
#5435 = DIRECTION('',(0.,0.,-1.));
#5436 = PLANE('',#5437);
#5437 = AXIS2_PLACEMENT_3D('',#5438,#5439,#5440);
#5438 = CARTESIAN_POINT('',(26.2,-25.7,-5.));
#5439 = DIRECTION('',(-1.,0.,0.));
#5440 = DIRECTION('',(0.,1.,0.));
#5441 = ADVANCED_FACE('',(#5442),#5461,.T.);
#5442 = FACE_BOUND('',#5443,.F.);
#5443 = EDGE_LOOP('',(#5444,#5451,#5452,#5459,#5460));
#5444 = ORIENTED_EDGE('',*,*,#5445,.F.);
#5445 = EDGE_CURVE('',#5113,#5415,#5446,.T.);
#5446 = CIRCLE('',#5447,0.5);
#5447 = AXIS2_PLACEMENT_3D('',#5448,#5449,#5450);
#5448 = CARTESIAN_POINT('',(25.7,-25.7,-5.));
#5449 = DIRECTION('',(0.,0.,1.));
#5450 = DIRECTION('',(7.105427357601E-15,-1.,0.));
#5451 = ORIENTED_EDGE('',*,*,#5120,.T.);
#5452 = ORIENTED_EDGE('',*,*,#5453,.T.);
#5453 = EDGE_CURVE('',#5121,#4167,#5454,.T.);
#5454 = ELLIPSE('',#5455,0.707106781187,0.5);
#5455 = AXIS2_PLACEMENT_3D('',#5456,#5457,#5458);
#5456 = CARTESIAN_POINT('',(25.7,-25.7,-3.24));
#5457 = DIRECTION('',(0.,-0.707106781187,0.707106781187));
#5458 = DIRECTION('',(0.,-0.707106781187,-0.707106781187));
#5459 = ORIENTED_EDGE('',*,*,#4174,.T.);
#5460 = ORIENTED_EDGE('',*,*,#5424,.F.);
#5461 = CYLINDRICAL_SURFACE('',#5462,0.5);
#5462 = AXIS2_PLACEMENT_3D('',#5463,#5464,#5465);
#5463 = CARTESIAN_POINT('',(25.7,-25.7,-5.));
#5464 = DIRECTION('',(-0.,-0.,-1.));
#5465 = DIRECTION('',(7.105427357601E-15,-1.,0.));
#5466 = ADVANCED_FACE('',(#5467),#5478,.T.);
#5467 = FACE_BOUND('',#5468,.T.);
#5468 = EDGE_LOOP('',(#5469,#5475,#5476,#5477));
#5469 = ORIENTED_EDGE('',*,*,#5470,.F.);
#5470 = EDGE_CURVE('',#5129,#4159,#5471,.T.);
#5471 = LINE('',#5472,#5473);
#5472 = CARTESIAN_POINT('',(14.,-26.21,-3.75));
#5473 = VECTOR('',#5474,1.);
#5474 = DIRECTION('',(0.,0.707106781187,0.707106781187));
#5475 = ORIENTED_EDGE('',*,*,#5128,.F.);
#5476 = ORIENTED_EDGE('',*,*,#5453,.T.);
#5477 = ORIENTED_EDGE('',*,*,#4166,.F.);
#5478 = PLANE('',#5479);
#5479 = AXIS2_PLACEMENT_3D('',#5480,#5481,#5482);
#5480 = CARTESIAN_POINT('',(14.,-26.21,-3.75));
#5481 = DIRECTION('',(0.,-0.707106781187,0.707106781187));
#5482 = DIRECTION('',(0.,0.707106781187,0.707106781187));
#5483 = ADVANCED_FACE('',(#5484),#5489,.T.);
#5484 = FACE_BOUND('',#5485,.T.);
#5485 = EDGE_LOOP('',(#5486,#5487,#5488));
#5486 = ORIENTED_EDGE('',*,*,#5470,.T.);
#5487 = ORIENTED_EDGE('',*,*,#4158,.F.);
#5488 = ORIENTED_EDGE('',*,*,#5136,.F.);
#5489 = PLANE('',#5490);
#5490 = AXIS2_PLACEMENT_3D('',#5491,#5492,#5493);
#5491 = CARTESIAN_POINT('',(14.,-26.11807611844,-3.581923881554));
#5492 = DIRECTION('',(1.,0.,0.));
#5493 = DIRECTION('',(-0.,0.,1.));
#5494 = ADVANCED_FACE('',(#5495),#5520,.T.);
#5495 = FACE_BOUND('',#5496,.T.);
#5496 = EDGE_LOOP('',(#5497,#5505,#5513,#5519));
#5497 = ORIENTED_EDGE('',*,*,#5498,.F.);
#5498 = EDGE_CURVE('',#5499,#4318,#5501,.T.);
#5499 = VERTEX_POINT('',#5500);
#5500 = CARTESIAN_POINT('',(-16.1,-22.9,-7.82));
#5501 = LINE('',#5502,#5503);
#5502 = CARTESIAN_POINT('',(-16.1,-22.9,-7.82));
#5503 = VECTOR('',#5504,1.);
#5504 = DIRECTION('',(0.,0.,1.));
#5505 = ORIENTED_EDGE('',*,*,#5506,.F.);
#5506 = EDGE_CURVE('',#5507,#5499,#5509,.T.);
#5507 = VERTEX_POINT('',#5508);
#5508 = CARTESIAN_POINT('',(-25.3,-22.9,-7.82));
#5509 = LINE('',#5510,#5511);
#5510 = CARTESIAN_POINT('',(-25.3,-22.9,-7.82));
#5511 = VECTOR('',#5512,1.);
#5512 = DIRECTION('',(1.,0.,-0.));
#5513 = ORIENTED_EDGE('',*,*,#5514,.T.);
#5514 = EDGE_CURVE('',#5507,#4320,#5515,.T.);
#5515 = LINE('',#5516,#5517);
#5516 = CARTESIAN_POINT('',(-25.3,-22.9,-7.82));
#5517 = VECTOR('',#5518,1.);
#5518 = DIRECTION('',(0.,0.,1.));
#5519 = ORIENTED_EDGE('',*,*,#4317,.F.);
#5520 = PLANE('',#5521);
#5521 = AXIS2_PLACEMENT_3D('',#5522,#5523,#5524);
#5522 = CARTESIAN_POINT('',(-25.3,-22.9,-7.82));
#5523 = DIRECTION('',(-0.,1.,0.));
#5524 = DIRECTION('',(0.,0.,1.));
#5525 = ADVANCED_FACE('',(#5526),#5560,.T.);
#5526 = FACE_BOUND('',#5527,.T.);
#5527 = EDGE_LOOP('',(#5528,#5538,#5546,#5554));
#5528 = ORIENTED_EDGE('',*,*,#5529,.F.);
#5529 = EDGE_CURVE('',#5530,#5532,#5534,.T.);
#5530 = VERTEX_POINT('',#5531);
#5531 = CARTESIAN_POINT('',(-17.9,-18.8,-9.));
#5532 = VERTEX_POINT('',#5533);
#5533 = CARTESIAN_POINT('',(-17.9,-18.8,-7.82));
#5534 = LINE('',#5535,#5536);
#5535 = CARTESIAN_POINT('',(-17.9,-18.8,-10.));
#5536 = VECTOR('',#5537,1.);
#5537 = DIRECTION('',(0.,0.,1.));
#5538 = ORIENTED_EDGE('',*,*,#5539,.T.);
#5539 = EDGE_CURVE('',#5530,#5540,#5542,.T.);
#5540 = VERTEX_POINT('',#5541);
#5541 = CARTESIAN_POINT('',(-19.5,-18.8,-9.));
#5542 = LINE('',#5543,#5544);
#5543 = CARTESIAN_POINT('',(-9.75,-18.8,-9.));
#5544 = VECTOR('',#5545,1.);
#5545 = DIRECTION('',(-1.,-0.,0.));
#5546 = ORIENTED_EDGE('',*,*,#5547,.T.);
#5547 = EDGE_CURVE('',#5540,#5548,#5550,.T.);
#5548 = VERTEX_POINT('',#5549);
#5549 = CARTESIAN_POINT('',(-19.5,-18.8,-7.82));
#5550 = LINE('',#5551,#5552);
#5551 = CARTESIAN_POINT('',(-19.5,-18.8,-10.));
#5552 = VECTOR('',#5553,1.);
#5553 = DIRECTION('',(0.,0.,1.));
#5554 = ORIENTED_EDGE('',*,*,#5555,.T.);
#5555 = EDGE_CURVE('',#5548,#5532,#5556,.T.);
#5556 = LINE('',#5557,#5558);
#5557 = CARTESIAN_POINT('',(-22.4,-18.8,-7.82));
#5558 = VECTOR('',#5559,1.);
#5559 = DIRECTION('',(1.,0.,-0.));
#5560 = PLANE('',#5561);
#5561 = AXIS2_PLACEMENT_3D('',#5562,#5563,#5564);
#5562 = CARTESIAN_POINT('',(-19.5,-18.8,-10.));
#5563 = DIRECTION('',(-0.,1.,0.));
#5564 = DIRECTION('',(0.,0.,1.));
#5565 = ADVANCED_FACE('',(#5566),#5591,.F.);
#5566 = FACE_BOUND('',#5567,.F.);
#5567 = EDGE_LOOP('',(#5568,#5569,#5577,#5585));
#5568 = ORIENTED_EDGE('',*,*,#5529,.F.);
#5569 = ORIENTED_EDGE('',*,*,#5570,.T.);
#5570 = EDGE_CURVE('',#5530,#5571,#5573,.T.);
#5571 = VERTEX_POINT('',#5572);
#5572 = CARTESIAN_POINT('',(-17.9,-16.2,-9.));
#5573 = LINE('',#5574,#5575);
#5574 = CARTESIAN_POINT('',(-17.9,-9.4,-9.));
#5575 = VECTOR('',#5576,1.);
#5576 = DIRECTION('',(-0.,1.,0.));
#5577 = ORIENTED_EDGE('',*,*,#5578,.T.);
#5578 = EDGE_CURVE('',#5571,#5579,#5581,.T.);
#5579 = VERTEX_POINT('',#5580);
#5580 = CARTESIAN_POINT('',(-17.9,-16.2,-7.82));
#5581 = LINE('',#5582,#5583);
#5582 = CARTESIAN_POINT('',(-17.9,-16.2,-10.));
#5583 = VECTOR('',#5584,1.);
#5584 = DIRECTION('',(0.,0.,1.));
#5585 = ORIENTED_EDGE('',*,*,#5586,.T.);
#5586 = EDGE_CURVE('',#5579,#5532,#5587,.T.);
#5587 = LINE('',#5588,#5589);
#5588 = CARTESIAN_POINT('',(-17.9,-20.85,-7.82));
#5589 = VECTOR('',#5590,1.);
#5590 = DIRECTION('',(0.,-1.,0.));
#5591 = PLANE('',#5592);
#5592 = AXIS2_PLACEMENT_3D('',#5593,#5594,#5595);
#5593 = CARTESIAN_POINT('',(-17.9,-18.8,-10.));
#5594 = DIRECTION('',(1.,0.,-0.));
#5595 = DIRECTION('',(0.,0.,1.));
#5596 = ADVANCED_FACE('',(#5597),#5622,.T.);
#5597 = FACE_BOUND('',#5598,.T.);
#5598 = EDGE_LOOP('',(#5599,#5600,#5608,#5616));
#5599 = ORIENTED_EDGE('',*,*,#5547,.F.);
#5600 = ORIENTED_EDGE('',*,*,#5601,.T.);
#5601 = EDGE_CURVE('',#5540,#5602,#5604,.T.);
#5602 = VERTEX_POINT('',#5603);
#5603 = CARTESIAN_POINT('',(-19.5,-16.2,-9.));
#5604 = LINE('',#5605,#5606);
#5605 = CARTESIAN_POINT('',(-19.5,-9.4,-9.));
#5606 = VECTOR('',#5607,1.);
#5607 = DIRECTION('',(-0.,1.,0.));
#5608 = ORIENTED_EDGE('',*,*,#5609,.T.);
#5609 = EDGE_CURVE('',#5602,#5610,#5612,.T.);
#5610 = VERTEX_POINT('',#5611);
#5611 = CARTESIAN_POINT('',(-19.5,-16.2,-7.82));
#5612 = LINE('',#5613,#5614);
#5613 = CARTESIAN_POINT('',(-19.5,-16.2,-10.));
#5614 = VECTOR('',#5615,1.);
#5615 = DIRECTION('',(0.,0.,1.));
#5616 = ORIENTED_EDGE('',*,*,#5617,.T.);
#5617 = EDGE_CURVE('',#5610,#5548,#5618,.T.);
#5618 = LINE('',#5619,#5620);
#5619 = CARTESIAN_POINT('',(-19.5,-20.85,-7.82));
#5620 = VECTOR('',#5621,1.);
#5621 = DIRECTION('',(0.,-1.,0.));
#5622 = PLANE('',#5623);
#5623 = AXIS2_PLACEMENT_3D('',#5624,#5625,#5626);
#5624 = CARTESIAN_POINT('',(-19.5,-18.8,-10.));
#5625 = DIRECTION('',(1.,0.,-0.));
#5626 = DIRECTION('',(0.,0.,1.));
#5627 = ADVANCED_FACE('',(#5628),#5644,.F.);
#5628 = FACE_BOUND('',#5629,.F.);
#5629 = EDGE_LOOP('',(#5630,#5631,#5637,#5638));
#5630 = ORIENTED_EDGE('',*,*,#5578,.F.);
#5631 = ORIENTED_EDGE('',*,*,#5632,.T.);
#5632 = EDGE_CURVE('',#5571,#5602,#5633,.T.);
#5633 = LINE('',#5634,#5635);
#5634 = CARTESIAN_POINT('',(-9.75,-16.2,-9.));
#5635 = VECTOR('',#5636,1.);
#5636 = DIRECTION('',(-1.,-0.,0.));
#5637 = ORIENTED_EDGE('',*,*,#5609,.T.);
#5638 = ORIENTED_EDGE('',*,*,#5639,.T.);
#5639 = EDGE_CURVE('',#5610,#5579,#5640,.T.);
#5640 = LINE('',#5641,#5642);
#5641 = CARTESIAN_POINT('',(-22.4,-16.2,-7.82));
#5642 = VECTOR('',#5643,1.);
#5643 = DIRECTION('',(1.,0.,-0.));
#5644 = PLANE('',#5645);
#5645 = AXIS2_PLACEMENT_3D('',#5646,#5647,#5648);
#5646 = CARTESIAN_POINT('',(-19.5,-16.2,-10.));
#5647 = DIRECTION('',(-0.,1.,0.));
#5648 = DIRECTION('',(0.,0.,1.));
#5649 = ADVANCED_FACE('',(#5650,#5675),#5681,.T.);
#5650 = FACE_BOUND('',#5651,.T.);
#5651 = EDGE_LOOP('',(#5652,#5660,#5661,#5669));
#5652 = ORIENTED_EDGE('',*,*,#5653,.F.);
#5653 = EDGE_CURVE('',#5507,#5654,#5656,.T.);
#5654 = VERTEX_POINT('',#5655);
#5655 = CARTESIAN_POINT('',(-25.3,-16.1,-7.82));
#5656 = LINE('',#5657,#5658);
#5657 = CARTESIAN_POINT('',(-25.3,-22.9,-7.82));
#5658 = VECTOR('',#5659,1.);
#5659 = DIRECTION('',(-0.,1.,0.));
#5660 = ORIENTED_EDGE('',*,*,#5506,.T.);
#5661 = ORIENTED_EDGE('',*,*,#5662,.T.);
#5662 = EDGE_CURVE('',#5499,#5663,#5665,.T.);
#5663 = VERTEX_POINT('',#5664);
#5664 = CARTESIAN_POINT('',(-16.1,-16.1,-7.82));
#5665 = LINE('',#5666,#5667);
#5666 = CARTESIAN_POINT('',(-16.1,-22.9,-7.82));
#5667 = VECTOR('',#5668,1.);
#5668 = DIRECTION('',(-0.,1.,0.));
#5669 = ORIENTED_EDGE('',*,*,#5670,.F.);
#5670 = EDGE_CURVE('',#5654,#5663,#5671,.T.);
#5671 = LINE('',#5672,#5673);
#5672 = CARTESIAN_POINT('',(-25.3,-16.1,-7.82));
#5673 = VECTOR('',#5674,1.);
#5674 = DIRECTION('',(1.,0.,-0.));
#5675 = FACE_BOUND('',#5676,.T.);
#5676 = EDGE_LOOP('',(#5677,#5678,#5679,#5680));
#5677 = ORIENTED_EDGE('',*,*,#5555,.F.);
#5678 = ORIENTED_EDGE('',*,*,#5617,.F.);
#5679 = ORIENTED_EDGE('',*,*,#5639,.T.);
#5680 = ORIENTED_EDGE('',*,*,#5586,.T.);
#5681 = PLANE('',#5682);
#5682 = AXIS2_PLACEMENT_3D('',#5683,#5684,#5685);
#5683 = CARTESIAN_POINT('',(-25.3,-22.9,-7.82));
#5684 = DIRECTION('',(0.,0.,1.));
#5685 = DIRECTION('',(1.,0.,-0.));
#5686 = ADVANCED_FACE('',(#5687),#5698,.F.);
#5687 = FACE_BOUND('',#5688,.F.);
#5688 = EDGE_LOOP('',(#5689,#5690,#5691,#5697));
#5689 = ORIENTED_EDGE('',*,*,#5498,.F.);
#5690 = ORIENTED_EDGE('',*,*,#5662,.T.);
#5691 = ORIENTED_EDGE('',*,*,#5692,.T.);
#5692 = EDGE_CURVE('',#5663,#4336,#5693,.T.);
#5693 = LINE('',#5694,#5695);
#5694 = CARTESIAN_POINT('',(-16.1,-16.1,-7.82));
#5695 = VECTOR('',#5696,1.);
#5696 = DIRECTION('',(0.,0.,1.));
#5697 = ORIENTED_EDGE('',*,*,#4343,.F.);
#5698 = PLANE('',#5699);
#5699 = AXIS2_PLACEMENT_3D('',#5700,#5701,#5702);
#5700 = CARTESIAN_POINT('',(-16.1,-22.9,-7.82));
#5701 = DIRECTION('',(1.,0.,-0.));
#5702 = DIRECTION('',(0.,0.,1.));
#5703 = ADVANCED_FACE('',(#5704),#5715,.F.);
#5704 = FACE_BOUND('',#5705,.F.);
#5705 = EDGE_LOOP('',(#5706,#5707,#5708,#5714));
#5706 = ORIENTED_EDGE('',*,*,#5692,.F.);
#5707 = ORIENTED_EDGE('',*,*,#5670,.F.);
#5708 = ORIENTED_EDGE('',*,*,#5709,.T.);
#5709 = EDGE_CURVE('',#5654,#4328,#5710,.T.);
#5710 = LINE('',#5711,#5712);
#5711 = CARTESIAN_POINT('',(-25.3,-16.1,-7.82));
#5712 = VECTOR('',#5713,1.);
#5713 = DIRECTION('',(0.,0.,1.));
#5714 = ORIENTED_EDGE('',*,*,#4335,.F.);
#5715 = PLANE('',#5716);
#5716 = AXIS2_PLACEMENT_3D('',#5717,#5718,#5719);
#5717 = CARTESIAN_POINT('',(-25.3,-16.1,-7.82));
#5718 = DIRECTION('',(-0.,1.,0.));
#5719 = DIRECTION('',(0.,0.,1.));
#5720 = ADVANCED_FACE('',(#5721),#5727,.T.);
#5721 = FACE_BOUND('',#5722,.T.);
#5722 = EDGE_LOOP('',(#5723,#5724,#5725,#5726));
#5723 = ORIENTED_EDGE('',*,*,#5514,.F.);
#5724 = ORIENTED_EDGE('',*,*,#5653,.T.);
#5725 = ORIENTED_EDGE('',*,*,#5709,.T.);
#5726 = ORIENTED_EDGE('',*,*,#4327,.F.);
#5727 = PLANE('',#5728);
#5728 = AXIS2_PLACEMENT_3D('',#5729,#5730,#5731);
#5729 = CARTESIAN_POINT('',(-25.3,-22.9,-7.82));
#5730 = DIRECTION('',(1.,0.,-0.));
#5731 = DIRECTION('',(0.,0.,1.));
#5732 = ADVANCED_FACE('',(#5733),#5758,.T.);
#5733 = FACE_BOUND('',#5734,.T.);
#5734 = EDGE_LOOP('',(#5735,#5743,#5751,#5757));
#5735 = ORIENTED_EDGE('',*,*,#5736,.F.);
#5736 = EDGE_CURVE('',#5737,#4352,#5739,.T.);
#5737 = VERTEX_POINT('',#5738);
#5738 = CARTESIAN_POINT('',(-18.4,-14.5,-4.));
#5739 = LINE('',#5740,#5741);
#5740 = CARTESIAN_POINT('',(-18.4,-14.5,-4.));
#5741 = VECTOR('',#5742,1.);
#5742 = DIRECTION('',(0.,0.,1.));
#5743 = ORIENTED_EDGE('',*,*,#5744,.F.);
#5744 = EDGE_CURVE('',#5745,#5737,#5747,.T.);
#5745 = VERTEX_POINT('',#5746);
#5746 = CARTESIAN_POINT('',(-23.6,-14.5,-4.));
#5747 = LINE('',#5748,#5749);
#5748 = CARTESIAN_POINT('',(-23.6,-14.5,-4.));
#5749 = VECTOR('',#5750,1.);
#5750 = DIRECTION('',(1.,0.,-0.));
#5751 = ORIENTED_EDGE('',*,*,#5752,.T.);
#5752 = EDGE_CURVE('',#5745,#4354,#5753,.T.);
#5753 = LINE('',#5754,#5755);
#5754 = CARTESIAN_POINT('',(-23.6,-14.5,-4.));
#5755 = VECTOR('',#5756,1.);
#5756 = DIRECTION('',(0.,0.,1.));
#5757 = ORIENTED_EDGE('',*,*,#4351,.F.);
#5758 = PLANE('',#5759);
#5759 = AXIS2_PLACEMENT_3D('',#5760,#5761,#5762);
#5760 = CARTESIAN_POINT('',(-23.6,-14.5,-4.));
#5761 = DIRECTION('',(-0.,1.,0.));
#5762 = DIRECTION('',(0.,0.,1.));
#5763 = ADVANCED_FACE('',(#5764),#5782,.F.);
#5764 = FACE_BOUND('',#5765,.F.);
#5765 = EDGE_LOOP('',(#5766,#5767,#5775,#5781));
#5766 = ORIENTED_EDGE('',*,*,#5736,.F.);
#5767 = ORIENTED_EDGE('',*,*,#5768,.T.);
#5768 = EDGE_CURVE('',#5737,#5769,#5771,.T.);
#5769 = VERTEX_POINT('',#5770);
#5770 = CARTESIAN_POINT('',(-18.4,-11.3,-4.));
#5771 = LINE('',#5772,#5773);
#5772 = CARTESIAN_POINT('',(-18.4,-14.5,-4.));
#5773 = VECTOR('',#5774,1.);
#5774 = DIRECTION('',(-0.,1.,0.));
#5775 = ORIENTED_EDGE('',*,*,#5776,.T.);
#5776 = EDGE_CURVE('',#5769,#4370,#5777,.T.);
#5777 = LINE('',#5778,#5779);
#5778 = CARTESIAN_POINT('',(-18.4,-11.3,-4.));
#5779 = VECTOR('',#5780,1.);
#5780 = DIRECTION('',(0.,0.,1.));
#5781 = ORIENTED_EDGE('',*,*,#4377,.F.);
#5782 = PLANE('',#5783);
#5783 = AXIS2_PLACEMENT_3D('',#5784,#5785,#5786);
#5784 = CARTESIAN_POINT('',(-18.4,-14.5,-4.));
#5785 = DIRECTION('',(1.,0.,-0.));
#5786 = DIRECTION('',(0.,0.,1.));
#5787 = ADVANCED_FACE('',(#5788),#5806,.F.);
#5788 = FACE_BOUND('',#5789,.F.);
#5789 = EDGE_LOOP('',(#5790,#5791,#5799,#5805));
#5790 = ORIENTED_EDGE('',*,*,#5776,.F.);
#5791 = ORIENTED_EDGE('',*,*,#5792,.F.);
#5792 = EDGE_CURVE('',#5793,#5769,#5795,.T.);
#5793 = VERTEX_POINT('',#5794);
#5794 = CARTESIAN_POINT('',(-23.6,-11.3,-4.));
#5795 = LINE('',#5796,#5797);
#5796 = CARTESIAN_POINT('',(-23.6,-11.3,-4.));
#5797 = VECTOR('',#5798,1.);
#5798 = DIRECTION('',(1.,0.,-0.));
#5799 = ORIENTED_EDGE('',*,*,#5800,.T.);
#5800 = EDGE_CURVE('',#5793,#4362,#5801,.T.);
#5801 = LINE('',#5802,#5803);
#5802 = CARTESIAN_POINT('',(-23.6,-11.3,-4.));
#5803 = VECTOR('',#5804,1.);
#5804 = DIRECTION('',(0.,0.,1.));
#5805 = ORIENTED_EDGE('',*,*,#4369,.F.);
#5806 = PLANE('',#5807);
#5807 = AXIS2_PLACEMENT_3D('',#5808,#5809,#5810);
#5808 = CARTESIAN_POINT('',(-23.6,-11.3,-4.));
#5809 = DIRECTION('',(-0.,1.,0.));
#5810 = DIRECTION('',(0.,0.,1.));
#5811 = ADVANCED_FACE('',(#5812),#5823,.T.);
#5812 = FACE_BOUND('',#5813,.T.);
#5813 = EDGE_LOOP('',(#5814,#5815,#5821,#5822));
#5814 = ORIENTED_EDGE('',*,*,#5752,.F.);
#5815 = ORIENTED_EDGE('',*,*,#5816,.T.);
#5816 = EDGE_CURVE('',#5745,#5793,#5817,.T.);
#5817 = LINE('',#5818,#5819);
#5818 = CARTESIAN_POINT('',(-23.6,-14.5,-4.));
#5819 = VECTOR('',#5820,1.);
#5820 = DIRECTION('',(-0.,1.,0.));
#5821 = ORIENTED_EDGE('',*,*,#5800,.T.);
#5822 = ORIENTED_EDGE('',*,*,#4361,.F.);
#5823 = PLANE('',#5824);
#5824 = AXIS2_PLACEMENT_3D('',#5825,#5826,#5827);
#5825 = CARTESIAN_POINT('',(-23.6,-14.5,-4.));
#5826 = DIRECTION('',(1.,0.,-0.));
#5827 = DIRECTION('',(0.,0.,1.));
#5828 = ADVANCED_FACE('',(#5829),#5854,.T.);
#5829 = FACE_BOUND('',#5830,.T.);
#5830 = EDGE_LOOP('',(#5831,#5839,#5847,#5853));
#5831 = ORIENTED_EDGE('',*,*,#5832,.F.);
#5832 = EDGE_CURVE('',#5833,#4386,#5835,.T.);
#5833 = VERTEX_POINT('',#5834);
#5834 = CARTESIAN_POINT('',(25.3,-22.9,-7.82));
#5835 = LINE('',#5836,#5837);
#5836 = CARTESIAN_POINT('',(25.3,-22.9,-7.82));
#5837 = VECTOR('',#5838,1.);
#5838 = DIRECTION('',(0.,0.,1.));
#5839 = ORIENTED_EDGE('',*,*,#5840,.F.);
#5840 = EDGE_CURVE('',#5841,#5833,#5843,.T.);
#5841 = VERTEX_POINT('',#5842);
#5842 = CARTESIAN_POINT('',(16.1,-22.9,-7.82));
#5843 = LINE('',#5844,#5845);
#5844 = CARTESIAN_POINT('',(16.1,-22.9,-7.82));
#5845 = VECTOR('',#5846,1.);
#5846 = DIRECTION('',(1.,0.,-0.));
#5847 = ORIENTED_EDGE('',*,*,#5848,.T.);
#5848 = EDGE_CURVE('',#5841,#4388,#5849,.T.);
#5849 = LINE('',#5850,#5851);
#5850 = CARTESIAN_POINT('',(16.1,-22.9,-7.82));
#5851 = VECTOR('',#5852,1.);
#5852 = DIRECTION('',(0.,0.,1.));
#5853 = ORIENTED_EDGE('',*,*,#4385,.F.);
#5854 = PLANE('',#5855);
#5855 = AXIS2_PLACEMENT_3D('',#5856,#5857,#5858);
#5856 = CARTESIAN_POINT('',(16.1,-22.9,-7.82));
#5857 = DIRECTION('',(-0.,1.,0.));
#5858 = DIRECTION('',(0.,0.,1.));
#5859 = ADVANCED_FACE('',(#5860),#5901,.T.);
#5860 = FACE_BOUND('',#5861,.T.);
#5861 = EDGE_LOOP('',(#5862,#5863,#5871,#5879,#5887,#5895));
#5862 = ORIENTED_EDGE('',*,*,#2504,.F.);
#5863 = ORIENTED_EDGE('',*,*,#5864,.T.);
#5864 = EDGE_CURVE('',#2497,#5865,#5867,.T.);
#5865 = VERTEX_POINT('',#5866);
#5866 = CARTESIAN_POINT('',(-4.5,24.85,-12.5));
#5867 = LINE('',#5868,#5869);
#5868 = CARTESIAN_POINT('',(-4.5,12.567310606061,-12.5));
#5869 = VECTOR('',#5870,1.);
#5870 = DIRECTION('',(0.,-1.,0.));
#5871 = ORIENTED_EDGE('',*,*,#5872,.F.);
#5872 = EDGE_CURVE('',#5873,#5865,#5875,.T.);
#5873 = VERTEX_POINT('',#5874);
#5874 = CARTESIAN_POINT('',(-4.5,24.85,-13.5));
#5875 = LINE('',#5876,#5877);
#5876 = CARTESIAN_POINT('',(-4.5,24.85,-15.65));
#5877 = VECTOR('',#5878,1.);
#5878 = DIRECTION('',(0.,0.,1.));
#5879 = ORIENTED_EDGE('',*,*,#5880,.T.);
#5880 = EDGE_CURVE('',#5873,#5881,#5883,.T.);
#5881 = VERTEX_POINT('',#5882);
#5882 = CARTESIAN_POINT('',(-4.5,25.75,-13.5));
#5883 = LINE('',#5884,#5885);
#5884 = CARTESIAN_POINT('',(-4.5,23.65,-13.5));
#5885 = VECTOR('',#5886,1.);
#5886 = DIRECTION('',(-0.,1.,0.));
#5887 = ORIENTED_EDGE('',*,*,#5888,.T.);
#5888 = EDGE_CURVE('',#5881,#5889,#5891,.T.);
#5889 = VERTEX_POINT('',#5890);
#5890 = CARTESIAN_POINT('',(-4.5,25.75,-9.));
#5891 = LINE('',#5892,#5893);
#5892 = CARTESIAN_POINT('',(-4.5,25.75,-13.5));
#5893 = VECTOR('',#5894,1.);
#5894 = DIRECTION('',(0.,0.,1.));
#5895 = ORIENTED_EDGE('',*,*,#5896,.T.);
#5896 = EDGE_CURVE('',#5889,#2505,#5897,.T.);
#5897 = LINE('',#5898,#5899);
#5898 = CARTESIAN_POINT('',(-4.5,12.475,-9.));
#5899 = VECTOR('',#5900,1.);
#5900 = DIRECTION('',(0.,-1.,0.));
#5901 = PLANE('',#5902);
#5902 = AXIS2_PLACEMENT_3D('',#5903,#5904,#5905);
#5903 = CARTESIAN_POINT('',(-4.5,25.134621212121,-11.5028030303));
#5904 = DIRECTION('',(1.,0.,0.));
#5905 = DIRECTION('',(-0.,0.,1.));
#5906 = ADVANCED_FACE('',(#5907),#5932,.T.);
#5907 = FACE_BOUND('',#5908,.T.);
#5908 = EDGE_LOOP('',(#5909,#5910,#5918,#5926));
#5909 = ORIENTED_EDGE('',*,*,#5888,.F.);
#5910 = ORIENTED_EDGE('',*,*,#5911,.F.);
#5911 = EDGE_CURVE('',#5912,#5881,#5914,.T.);
#5912 = VERTEX_POINT('',#5913);
#5913 = CARTESIAN_POINT('',(-7.,25.75,-13.5));
#5914 = LINE('',#5915,#5916);
#5915 = CARTESIAN_POINT('',(-7.,25.75,-13.5));
#5916 = VECTOR('',#5917,1.);
#5917 = DIRECTION('',(1.,0.,-0.));
#5918 = ORIENTED_EDGE('',*,*,#5919,.T.);
#5919 = EDGE_CURVE('',#5912,#5920,#5922,.T.);
#5920 = VERTEX_POINT('',#5921);
#5921 = CARTESIAN_POINT('',(-7.,25.75,-9.));
#5922 = LINE('',#5923,#5924);
#5923 = CARTESIAN_POINT('',(-7.,25.75,-13.5));
#5924 = VECTOR('',#5925,1.);
#5925 = DIRECTION('',(0.,0.,1.));
#5926 = ORIENTED_EDGE('',*,*,#5927,.T.);
#5927 = EDGE_CURVE('',#5920,#5889,#5928,.T.);
#5928 = LINE('',#5929,#5930);
#5929 = CARTESIAN_POINT('',(-3.5,25.75,-9.));
#5930 = VECTOR('',#5931,1.);
#5931 = DIRECTION('',(1.,0.,-0.));
#5932 = PLANE('',#5933);
#5933 = AXIS2_PLACEMENT_3D('',#5934,#5935,#5936);
#5934 = CARTESIAN_POINT('',(-7.,25.75,-13.5));
#5935 = DIRECTION('',(-0.,1.,0.));
#5936 = DIRECTION('',(0.,0.,1.));
#5937 = ADVANCED_FACE('',(#5938),#5970,.T.);
#5938 = FACE_BOUND('',#5939,.T.);
#5939 = EDGE_LOOP('',(#5940,#5941,#5947,#5948,#5956,#5964));
#5940 = ORIENTED_EDGE('',*,*,#2488,.T.);
#5941 = ORIENTED_EDGE('',*,*,#5942,.F.);
#5942 = EDGE_CURVE('',#5920,#2481,#5943,.T.);
#5943 = LINE('',#5944,#5945);
#5944 = CARTESIAN_POINT('',(-7.,12.475,-9.));
#5945 = VECTOR('',#5946,1.);
#5946 = DIRECTION('',(0.,-1.,0.));
#5947 = ORIENTED_EDGE('',*,*,#5919,.F.);
#5948 = ORIENTED_EDGE('',*,*,#5949,.F.);
#5949 = EDGE_CURVE('',#5950,#5912,#5952,.T.);
#5950 = VERTEX_POINT('',#5951);
#5951 = CARTESIAN_POINT('',(-7.,24.85,-13.5));
#5952 = LINE('',#5953,#5954);
#5953 = CARTESIAN_POINT('',(-7.,24.95,-13.5));
#5954 = VECTOR('',#5955,1.);
#5955 = DIRECTION('',(-0.,1.,0.));
#5956 = ORIENTED_EDGE('',*,*,#5957,.T.);
#5957 = EDGE_CURVE('',#5950,#5958,#5960,.T.);
#5958 = VERTEX_POINT('',#5959);
#5959 = CARTESIAN_POINT('',(-7.,24.85,-12.5));
#5960 = LINE('',#5961,#5962);
#5961 = CARTESIAN_POINT('',(-7.,24.85,-15.65));
#5962 = VECTOR('',#5963,1.);
#5963 = DIRECTION('',(0.,0.,1.));
#5964 = ORIENTED_EDGE('',*,*,#5965,.T.);
#5965 = EDGE_CURVE('',#5958,#2489,#5966,.T.);
#5966 = LINE('',#5967,#5968);
#5967 = CARTESIAN_POINT('',(-7.,12.567310606061,-12.5));
#5968 = VECTOR('',#5969,1.);
#5969 = DIRECTION('',(0.,1.,0.));
#5970 = PLANE('',#5971);
#5971 = AXIS2_PLACEMENT_3D('',#5972,#5973,#5974);
#5972 = CARTESIAN_POINT('',(-7.,25.134621212121,-11.5028030303));
#5973 = DIRECTION('',(-1.,-0.,-0.));
#5974 = DIRECTION('',(0.,0.,-1.));
#5975 = ADVANCED_FACE('',(#5976),#6088,.F.);
#5976 = FACE_BOUND('',#5977,.F.);
#5977 = EDGE_LOOP('',(#5978,#5988,#5996,#6004,#6012,#6020,#6028,#6036,
    #6044,#6050,#6051,#6057,#6058,#6066,#6074,#6082));
#5978 = ORIENTED_EDGE('',*,*,#5979,.F.);
#5979 = EDGE_CURVE('',#5980,#5982,#5984,.T.);
#5980 = VERTEX_POINT('',#5981);
#5981 = CARTESIAN_POINT('',(9.875,24.85,-17.8));
#5982 = VERTEX_POINT('',#5983);
#5983 = CARTESIAN_POINT('',(-9.875,24.85,-17.8));
#5984 = LINE('',#5985,#5986);
#5985 = CARTESIAN_POINT('',(9.875,24.85,-17.8));
#5986 = VECTOR('',#5987,1.);
#5987 = DIRECTION('',(-1.,0.,0.));
#5988 = ORIENTED_EDGE('',*,*,#5989,.T.);
#5989 = EDGE_CURVE('',#5980,#5990,#5992,.T.);
#5990 = VERTEX_POINT('',#5991);
#5991 = CARTESIAN_POINT('',(9.875,24.85,-15.75));
#5992 = LINE('',#5993,#5994);
#5993 = CARTESIAN_POINT('',(9.875,24.85,-17.8));
#5994 = VECTOR('',#5995,1.);
#5995 = DIRECTION('',(0.,0.,1.));
#5996 = ORIENTED_EDGE('',*,*,#5997,.T.);
#5997 = EDGE_CURVE('',#5990,#5998,#6000,.T.);
#5998 = VERTEX_POINT('',#5999);
#5999 = CARTESIAN_POINT('',(7.525,24.85,-15.75));
#6000 = LINE('',#6001,#6002);
#6001 = CARTESIAN_POINT('',(8.7,24.85,-15.75));
#6002 = VECTOR('',#6003,1.);
#6003 = DIRECTION('',(-1.,0.,0.));
#6004 = ORIENTED_EDGE('',*,*,#6005,.T.);
#6005 = EDGE_CURVE('',#5998,#6006,#6008,.T.);
#6006 = VERTEX_POINT('',#6007);
#6007 = CARTESIAN_POINT('',(7.525,24.85,-12.5));
#6008 = LINE('',#6009,#6010);
#6009 = CARTESIAN_POINT('',(7.525,24.85,-16.775));
#6010 = VECTOR('',#6011,1.);
#6011 = DIRECTION('',(0.,0.,1.));
#6012 = ORIENTED_EDGE('',*,*,#6013,.T.);
#6013 = EDGE_CURVE('',#6006,#6014,#6016,.T.);
#6014 = VERTEX_POINT('',#6015);
#6015 = CARTESIAN_POINT('',(7.,24.85,-12.5));
#6016 = LINE('',#6017,#6018);
#6017 = CARTESIAN_POINT('',(9.875,24.85,-12.5));
#6018 = VECTOR('',#6019,1.);
#6019 = DIRECTION('',(-1.,0.,0.));
#6020 = ORIENTED_EDGE('',*,*,#6021,.F.);
#6021 = EDGE_CURVE('',#6022,#6014,#6024,.T.);
#6022 = VERTEX_POINT('',#6023);
#6023 = CARTESIAN_POINT('',(7.,24.85,-13.5));
#6024 = LINE('',#6025,#6026);
#6025 = CARTESIAN_POINT('',(7.,24.85,-15.65));
#6026 = VECTOR('',#6027,1.);
#6027 = DIRECTION('',(0.,0.,1.));
#6028 = ORIENTED_EDGE('',*,*,#6029,.T.);
#6029 = EDGE_CURVE('',#6022,#6030,#6032,.T.);
#6030 = VERTEX_POINT('',#6031);
#6031 = CARTESIAN_POINT('',(4.5,24.85,-13.5));
#6032 = LINE('',#6033,#6034);
#6033 = CARTESIAN_POINT('',(7.1875,24.85,-13.5));
#6034 = VECTOR('',#6035,1.);
#6035 = DIRECTION('',(-1.,0.,0.));
#6036 = ORIENTED_EDGE('',*,*,#6037,.T.);
#6037 = EDGE_CURVE('',#6030,#6038,#6040,.T.);
#6038 = VERTEX_POINT('',#6039);
#6039 = CARTESIAN_POINT('',(4.5,24.85,-12.5));
#6040 = LINE('',#6041,#6042);
#6041 = CARTESIAN_POINT('',(4.5,24.85,-15.65));
#6042 = VECTOR('',#6043,1.);
#6043 = DIRECTION('',(0.,0.,1.));
#6044 = ORIENTED_EDGE('',*,*,#6045,.T.);
#6045 = EDGE_CURVE('',#6038,#5865,#6046,.T.);
#6046 = LINE('',#6047,#6048);
#6047 = CARTESIAN_POINT('',(9.875,24.85,-12.5));
#6048 = VECTOR('',#6049,1.);
#6049 = DIRECTION('',(-1.,0.,0.));
#6050 = ORIENTED_EDGE('',*,*,#5872,.F.);
#6051 = ORIENTED_EDGE('',*,*,#6052,.T.);
#6052 = EDGE_CURVE('',#5873,#5950,#6053,.T.);
#6053 = LINE('',#6054,#6055);
#6054 = CARTESIAN_POINT('',(1.4375,24.85,-13.5));
#6055 = VECTOR('',#6056,1.);
#6056 = DIRECTION('',(-1.,0.,0.));
#6057 = ORIENTED_EDGE('',*,*,#5957,.T.);
#6058 = ORIENTED_EDGE('',*,*,#6059,.T.);
#6059 = EDGE_CURVE('',#5958,#6060,#6062,.T.);
#6060 = VERTEX_POINT('',#6061);
#6061 = CARTESIAN_POINT('',(-7.525,24.85,-12.5));
#6062 = LINE('',#6063,#6064);
#6063 = CARTESIAN_POINT('',(9.875,24.85,-12.5));
#6064 = VECTOR('',#6065,1.);
#6065 = DIRECTION('',(-1.,0.,0.));
#6066 = ORIENTED_EDGE('',*,*,#6067,.F.);
#6067 = EDGE_CURVE('',#6068,#6060,#6070,.T.);
#6068 = VERTEX_POINT('',#6069);
#6069 = CARTESIAN_POINT('',(-7.525,24.85,-15.75));
#6070 = LINE('',#6071,#6072);
#6071 = CARTESIAN_POINT('',(-7.525,24.85,-16.775));
#6072 = VECTOR('',#6073,1.);
#6073 = DIRECTION('',(0.,0.,1.));
#6074 = ORIENTED_EDGE('',*,*,#6075,.T.);
#6075 = EDGE_CURVE('',#6068,#6076,#6078,.T.);
#6076 = VERTEX_POINT('',#6077);
#6077 = CARTESIAN_POINT('',(-9.875,24.85,-15.75));
#6078 = LINE('',#6079,#6080);
#6079 = CARTESIAN_POINT('',(-3.,24.85,-15.75));
#6080 = VECTOR('',#6081,1.);
#6081 = DIRECTION('',(-1.,0.,0.));
#6082 = ORIENTED_EDGE('',*,*,#6083,.F.);
#6083 = EDGE_CURVE('',#5982,#6076,#6084,.T.);
#6084 = LINE('',#6085,#6086);
#6085 = CARTESIAN_POINT('',(-9.875,24.85,-17.8));
#6086 = VECTOR('',#6087,1.);
#6087 = DIRECTION('',(0.,0.,1.));
#6088 = PLANE('',#6089);
#6089 = AXIS2_PLACEMENT_3D('',#6090,#6091,#6092);
#6090 = CARTESIAN_POINT('',(9.875,24.85,-17.8));
#6091 = DIRECTION('',(0.,-1.,0.));
#6092 = DIRECTION('',(-1.,0.,0.));
#6093 = ADVANCED_FACE('',(#6094),#6126,.T.);
#6094 = FACE_BOUND('',#6095,.T.);
#6095 = EDGE_LOOP('',(#6096,#6097,#6103,#6104,#6112,#6120));
#6096 = ORIENTED_EDGE('',*,*,#2536,.F.);
#6097 = ORIENTED_EDGE('',*,*,#6098,.T.);
#6098 = EDGE_CURVE('',#2529,#6014,#6099,.T.);
#6099 = LINE('',#6100,#6101);
#6100 = CARTESIAN_POINT('',(7.,12.567310606061,-12.5));
#6101 = VECTOR('',#6102,1.);
#6102 = DIRECTION('',(0.,-1.,0.));
#6103 = ORIENTED_EDGE('',*,*,#6021,.F.);
#6104 = ORIENTED_EDGE('',*,*,#6105,.T.);
#6105 = EDGE_CURVE('',#6022,#6106,#6108,.T.);
#6106 = VERTEX_POINT('',#6107);
#6107 = CARTESIAN_POINT('',(7.,25.75,-13.5));
#6108 = LINE('',#6109,#6110);
#6109 = CARTESIAN_POINT('',(7.,23.65,-13.5));
#6110 = VECTOR('',#6111,1.);
#6111 = DIRECTION('',(-0.,1.,0.));
#6112 = ORIENTED_EDGE('',*,*,#6113,.T.);
#6113 = EDGE_CURVE('',#6106,#6114,#6116,.T.);
#6114 = VERTEX_POINT('',#6115);
#6115 = CARTESIAN_POINT('',(7.,25.75,-9.));
#6116 = LINE('',#6117,#6118);
#6117 = CARTESIAN_POINT('',(7.,25.75,-13.5));
#6118 = VECTOR('',#6119,1.);
#6119 = DIRECTION('',(0.,0.,1.));
#6120 = ORIENTED_EDGE('',*,*,#6121,.T.);
#6121 = EDGE_CURVE('',#6114,#2537,#6122,.T.);
#6122 = LINE('',#6123,#6124);
#6123 = CARTESIAN_POINT('',(7.,12.475,-9.));
#6124 = VECTOR('',#6125,1.);
#6125 = DIRECTION('',(0.,-1.,0.));
#6126 = PLANE('',#6127);
#6127 = AXIS2_PLACEMENT_3D('',#6128,#6129,#6130);
#6128 = CARTESIAN_POINT('',(7.,25.134621212121,-11.5028030303));
#6129 = DIRECTION('',(1.,0.,0.));
#6130 = DIRECTION('',(-0.,0.,1.));
#6131 = ADVANCED_FACE('',(#6132),#6157,.T.);
#6132 = FACE_BOUND('',#6133,.T.);
#6133 = EDGE_LOOP('',(#6134,#6135,#6143,#6151));
#6134 = ORIENTED_EDGE('',*,*,#6113,.F.);
#6135 = ORIENTED_EDGE('',*,*,#6136,.F.);
#6136 = EDGE_CURVE('',#6137,#6106,#6139,.T.);
#6137 = VERTEX_POINT('',#6138);
#6138 = CARTESIAN_POINT('',(4.5,25.75,-13.5));
#6139 = LINE('',#6140,#6141);
#6140 = CARTESIAN_POINT('',(4.5,25.75,-13.5));
#6141 = VECTOR('',#6142,1.);
#6142 = DIRECTION('',(1.,0.,-0.));
#6143 = ORIENTED_EDGE('',*,*,#6144,.T.);
#6144 = EDGE_CURVE('',#6137,#6145,#6147,.T.);
#6145 = VERTEX_POINT('',#6146);
#6146 = CARTESIAN_POINT('',(4.5,25.75,-9.));
#6147 = LINE('',#6148,#6149);
#6148 = CARTESIAN_POINT('',(4.5,25.75,-13.5));
#6149 = VECTOR('',#6150,1.);
#6150 = DIRECTION('',(0.,0.,1.));
#6151 = ORIENTED_EDGE('',*,*,#6152,.T.);
#6152 = EDGE_CURVE('',#6145,#6114,#6153,.T.);
#6153 = LINE('',#6154,#6155);
#6154 = CARTESIAN_POINT('',(2.25,25.75,-9.));
#6155 = VECTOR('',#6156,1.);
#6156 = DIRECTION('',(1.,0.,-0.));
#6157 = PLANE('',#6158);
#6158 = AXIS2_PLACEMENT_3D('',#6159,#6160,#6161);
#6159 = CARTESIAN_POINT('',(4.5,25.75,-13.5));
#6160 = DIRECTION('',(-0.,1.,0.));
#6161 = DIRECTION('',(0.,0.,1.));
#6162 = ADVANCED_FACE('',(#6163),#6186,.T.);
#6163 = FACE_BOUND('',#6164,.T.);
#6164 = EDGE_LOOP('',(#6165,#6166,#6172,#6173,#6179,#6180));
#6165 = ORIENTED_EDGE('',*,*,#2520,.T.);
#6166 = ORIENTED_EDGE('',*,*,#6167,.F.);
#6167 = EDGE_CURVE('',#6145,#2513,#6168,.T.);
#6168 = LINE('',#6169,#6170);
#6169 = CARTESIAN_POINT('',(4.5,12.475,-9.));
#6170 = VECTOR('',#6171,1.);
#6171 = DIRECTION('',(0.,-1.,0.));
#6172 = ORIENTED_EDGE('',*,*,#6144,.F.);
#6173 = ORIENTED_EDGE('',*,*,#6174,.F.);
#6174 = EDGE_CURVE('',#6030,#6137,#6175,.T.);
#6175 = LINE('',#6176,#6177);
#6176 = CARTESIAN_POINT('',(4.5,24.95,-13.5));
#6177 = VECTOR('',#6178,1.);
#6178 = DIRECTION('',(-0.,1.,0.));
#6179 = ORIENTED_EDGE('',*,*,#6037,.T.);
#6180 = ORIENTED_EDGE('',*,*,#6181,.T.);
#6181 = EDGE_CURVE('',#6038,#2521,#6182,.T.);
#6182 = LINE('',#6183,#6184);
#6183 = CARTESIAN_POINT('',(4.5,12.567310606061,-12.5));
#6184 = VECTOR('',#6185,1.);
#6185 = DIRECTION('',(0.,1.,0.));
#6186 = PLANE('',#6187);
#6187 = AXIS2_PLACEMENT_3D('',#6188,#6189,#6190);
#6188 = CARTESIAN_POINT('',(4.5,25.134621212121,-11.5028030303));
#6189 = DIRECTION('',(-1.,-0.,-0.));
#6190 = DIRECTION('',(0.,0.,-1.));
#6191 = ADVANCED_FACE('',(#6192),#6198,.T.);
#6192 = FACE_BOUND('',#6193,.T.);
#6193 = EDGE_LOOP('',(#6194,#6195,#6196,#6197));
#6194 = ORIENTED_EDGE('',*,*,#5949,.T.);
#6195 = ORIENTED_EDGE('',*,*,#5911,.T.);
#6196 = ORIENTED_EDGE('',*,*,#5880,.F.);
#6197 = ORIENTED_EDGE('',*,*,#6052,.T.);
#6198 = PLANE('',#6199);
#6199 = AXIS2_PLACEMENT_3D('',#6200,#6201,#6202);
#6200 = CARTESIAN_POINT('',(-5.75,25.3,-13.5));
#6201 = DIRECTION('',(-0.,-0.,-1.));
#6202 = DIRECTION('',(-1.,0.,0.));
#6203 = ADVANCED_FACE('',(#6204),#6210,.T.);
#6204 = FACE_BOUND('',#6205,.T.);
#6205 = EDGE_LOOP('',(#6206,#6207,#6208,#6209));
#6206 = ORIENTED_EDGE('',*,*,#6174,.T.);
#6207 = ORIENTED_EDGE('',*,*,#6136,.T.);
#6208 = ORIENTED_EDGE('',*,*,#6105,.F.);
#6209 = ORIENTED_EDGE('',*,*,#6029,.T.);
#6210 = PLANE('',#6211);
#6211 = AXIS2_PLACEMENT_3D('',#6212,#6213,#6214);
#6212 = CARTESIAN_POINT('',(5.75,25.3,-13.5));
#6213 = DIRECTION('',(-0.,-0.,-1.));
#6214 = DIRECTION('',(-1.,0.,0.));
#6215 = ADVANCED_FACE('',(#6216,#6341),#6741,.T.);
#6216 = FACE_BOUND('',#6217,.T.);
#6217 = EDGE_LOOP('',(#6218,#6229,#6237,#6244,#6245,#6254,#6262,#6270,
    #6278,#6286,#6294,#6302,#6310,#6318,#6326,#6335));
#6218 = ORIENTED_EDGE('',*,*,#6219,.F.);
#6219 = EDGE_CURVE('',#6220,#6222,#6224,.T.);
#6220 = VERTEX_POINT('',#6221);
#6221 = CARTESIAN_POINT('',(-14.875,-19.85,-17.8));
#6222 = VERTEX_POINT('',#6223);
#6223 = CARTESIAN_POINT('',(-9.875,-24.85,-17.8));
#6224 = CIRCLE('',#6225,5.);
#6225 = AXIS2_PLACEMENT_3D('',#6226,#6227,#6228);
#6226 = CARTESIAN_POINT('',(-9.875,-19.85,-17.8));
#6227 = DIRECTION('',(0.,0.,1.));
#6228 = DIRECTION('',(-1.,0.,0.));
#6229 = ORIENTED_EDGE('',*,*,#6230,.F.);
#6230 = EDGE_CURVE('',#6231,#6220,#6233,.T.);
#6231 = VERTEX_POINT('',#6232);
#6232 = CARTESIAN_POINT('',(-14.875,19.85,-17.8));
#6233 = LINE('',#6234,#6235);
#6234 = CARTESIAN_POINT('',(-14.875,19.85,-17.8));
#6235 = VECTOR('',#6236,1.);
#6236 = DIRECTION('',(0.,-1.,0.));
#6237 = ORIENTED_EDGE('',*,*,#6238,.F.);
#6238 = EDGE_CURVE('',#5982,#6231,#6239,.T.);
#6239 = CIRCLE('',#6240,5.);
#6240 = AXIS2_PLACEMENT_3D('',#6241,#6242,#6243);
#6241 = CARTESIAN_POINT('',(-9.875,19.85,-17.8));
#6242 = DIRECTION('',(0.,-0.,1.));
#6243 = DIRECTION('',(0.,1.,0.));
#6244 = ORIENTED_EDGE('',*,*,#5979,.F.);
#6245 = ORIENTED_EDGE('',*,*,#6246,.F.);
#6246 = EDGE_CURVE('',#6247,#5980,#6249,.T.);
#6247 = VERTEX_POINT('',#6248);
#6248 = CARTESIAN_POINT('',(14.875,19.85,-17.8));
#6249 = CIRCLE('',#6250,5.);
#6250 = AXIS2_PLACEMENT_3D('',#6251,#6252,#6253);
#6251 = CARTESIAN_POINT('',(9.875,19.85,-17.8));
#6252 = DIRECTION('',(0.,0.,1.));
#6253 = DIRECTION('',(1.,0.,-0.));
#6254 = ORIENTED_EDGE('',*,*,#6255,.F.);
#6255 = EDGE_CURVE('',#6256,#6247,#6258,.T.);
#6256 = VERTEX_POINT('',#6257);
#6257 = CARTESIAN_POINT('',(14.875,16.2,-17.8));
#6258 = LINE('',#6259,#6260);
#6259 = CARTESIAN_POINT('',(14.875,-19.85,-17.8));
#6260 = VECTOR('',#6261,1.);
#6261 = DIRECTION('',(0.,1.,0.));
#6262 = ORIENTED_EDGE('',*,*,#6263,.T.);
#6263 = EDGE_CURVE('',#6256,#6264,#6266,.T.);
#6264 = VERTEX_POINT('',#6265);
#6265 = CARTESIAN_POINT('',(13.875,16.2,-17.8));
#6266 = LINE('',#6267,#6268);
#6267 = CARTESIAN_POINT('',(6.9375,16.2,-17.8));
#6268 = VECTOR('',#6269,1.);
#6269 = DIRECTION('',(-1.,-0.,0.));
#6270 = ORIENTED_EDGE('',*,*,#6271,.F.);
#6271 = EDGE_CURVE('',#6272,#6264,#6274,.T.);
#6272 = VERTEX_POINT('',#6273);
#6273 = CARTESIAN_POINT('',(13.875,15.2,-17.8));
#6274 = LINE('',#6275,#6276);
#6275 = CARTESIAN_POINT('',(13.875,7.6,-17.8));
#6276 = VECTOR('',#6277,1.);
#6277 = DIRECTION('',(-0.,1.,0.));
#6278 = ORIENTED_EDGE('',*,*,#6279,.F.);
#6279 = EDGE_CURVE('',#6280,#6272,#6282,.T.);
#6280 = VERTEX_POINT('',#6281);
#6281 = CARTESIAN_POINT('',(14.875,15.2,-17.8));
#6282 = LINE('',#6283,#6284);
#6283 = CARTESIAN_POINT('',(6.9375,15.2,-17.8));
#6284 = VECTOR('',#6285,1.);
#6285 = DIRECTION('',(-1.,-0.,0.));
#6286 = ORIENTED_EDGE('',*,*,#6287,.F.);
#6287 = EDGE_CURVE('',#6288,#6280,#6290,.T.);
#6288 = VERTEX_POINT('',#6289);
#6289 = CARTESIAN_POINT('',(14.875,-15.2,-17.8));
#6290 = LINE('',#6291,#6292);
#6291 = CARTESIAN_POINT('',(14.875,-19.85,-17.8));
#6292 = VECTOR('',#6293,1.);
#6293 = DIRECTION('',(0.,1.,0.));
#6294 = ORIENTED_EDGE('',*,*,#6295,.T.);
#6295 = EDGE_CURVE('',#6288,#6296,#6298,.T.);
#6296 = VERTEX_POINT('',#6297);
#6297 = CARTESIAN_POINT('',(13.875,-15.2,-17.8));
#6298 = LINE('',#6299,#6300);
#6299 = CARTESIAN_POINT('',(6.9375,-15.2,-17.8));
#6300 = VECTOR('',#6301,1.);
#6301 = DIRECTION('',(-1.,-0.,0.));
#6302 = ORIENTED_EDGE('',*,*,#6303,.F.);
#6303 = EDGE_CURVE('',#6304,#6296,#6306,.T.);
#6304 = VERTEX_POINT('',#6305);
#6305 = CARTESIAN_POINT('',(13.875,-16.2,-17.8));
#6306 = LINE('',#6307,#6308);
#6307 = CARTESIAN_POINT('',(13.875,-8.1,-17.8));
#6308 = VECTOR('',#6309,1.);
#6309 = DIRECTION('',(-0.,1.,0.));
#6310 = ORIENTED_EDGE('',*,*,#6311,.F.);
#6311 = EDGE_CURVE('',#6312,#6304,#6314,.T.);
#6312 = VERTEX_POINT('',#6313);
#6313 = CARTESIAN_POINT('',(14.875,-16.2,-17.8));
#6314 = LINE('',#6315,#6316);
#6315 = CARTESIAN_POINT('',(6.9375,-16.2,-17.8));
#6316 = VECTOR('',#6317,1.);
#6317 = DIRECTION('',(-1.,-0.,0.));
#6318 = ORIENTED_EDGE('',*,*,#6319,.F.);
#6319 = EDGE_CURVE('',#6320,#6312,#6322,.T.);
#6320 = VERTEX_POINT('',#6321);
#6321 = CARTESIAN_POINT('',(14.875,-19.85,-17.8));
#6322 = LINE('',#6323,#6324);
#6323 = CARTESIAN_POINT('',(14.875,-19.85,-17.8));
#6324 = VECTOR('',#6325,1.);
#6325 = DIRECTION('',(0.,1.,0.));
#6326 = ORIENTED_EDGE('',*,*,#6327,.F.);
#6327 = EDGE_CURVE('',#6328,#6320,#6330,.T.);
#6328 = VERTEX_POINT('',#6329);
#6329 = CARTESIAN_POINT('',(9.875,-24.85,-17.8));
#6330 = CIRCLE('',#6331,5.);
#6331 = AXIS2_PLACEMENT_3D('',#6332,#6333,#6334);
#6332 = CARTESIAN_POINT('',(9.875,-19.85,-17.8));
#6333 = DIRECTION('',(0.,0.,1.));
#6334 = DIRECTION('',(0.,-1.,0.));
#6335 = ORIENTED_EDGE('',*,*,#6336,.F.);
#6336 = EDGE_CURVE('',#6222,#6328,#6337,.T.);
#6337 = LINE('',#6338,#6339);
#6338 = CARTESIAN_POINT('',(-9.875,-24.85,-17.8));
#6339 = VECTOR('',#6340,1.);
#6340 = DIRECTION('',(1.,0.,0.));
#6341 = FACE_BOUND('',#6342,.T.);
#6342 = EDGE_LOOP('',(#6343,#6354,#6363,#6372,#6381,#6389,#6398,#6407,
    #6416,#6425,#6434,#6443,#6452,#6461,#6469,#6478,#6487,#6496,#6505,
    #6514,#6523,#6532,#6541,#6549,#6558,#6567,#6576,#6585,#6593,#6601,
    #6609,#6617,#6626,#6634,#6642,#6651,#6659,#6668,#6676,#6684,#6693,
    #6702,#6710,#6718,#6726,#6734));
#6343 = ORIENTED_EDGE('',*,*,#6344,.T.);
#6344 = EDGE_CURVE('',#6345,#6347,#6349,.T.);
#6345 = VERTEX_POINT('',#6346);
#6346 = CARTESIAN_POINT('',(13.775,2.61458489975,-17.8));
#6347 = VERTEX_POINT('',#6348);
#6348 = CARTESIAN_POINT('',(14.7,4.,-17.8));
#6349 = CIRCLE('',#6350,1.5);
#6350 = AXIS2_PLACEMENT_3D('',#6351,#6352,#6353);
#6351 = CARTESIAN_POINT('',(13.2,4.,-17.8));
#6352 = DIRECTION('',(0.,0.,1.));
#6353 = DIRECTION('',(1.,0.,-0.));
#6354 = ORIENTED_EDGE('',*,*,#6355,.T.);
#6355 = EDGE_CURVE('',#6347,#6356,#6358,.T.);
#6356 = VERTEX_POINT('',#6357);
#6357 = CARTESIAN_POINT('',(13.775,5.38541510025,-17.8));
#6358 = CIRCLE('',#6359,1.5);
#6359 = AXIS2_PLACEMENT_3D('',#6360,#6361,#6362);
#6360 = CARTESIAN_POINT('',(13.2,4.,-17.8));
#6361 = DIRECTION('',(0.,0.,1.));
#6362 = DIRECTION('',(1.,0.,-0.));
#6363 = ORIENTED_EDGE('',*,*,#6364,.T.);
#6364 = EDGE_CURVE('',#6356,#6365,#6367,.T.);
#6365 = VERTEX_POINT('',#6366);
#6366 = CARTESIAN_POINT('',(13.675,5.422805327513,-17.8));
#6367 = CIRCLE('',#6368,1.5);
#6368 = AXIS2_PLACEMENT_3D('',#6369,#6370,#6371);
#6369 = CARTESIAN_POINT('',(13.2,4.,-17.8));
#6370 = DIRECTION('',(0.,0.,1.));
#6371 = DIRECTION('',(1.,0.,-0.));
#6372 = ORIENTED_EDGE('',*,*,#6373,.T.);
#6373 = EDGE_CURVE('',#6365,#6374,#6376,.T.);
#6374 = VERTEX_POINT('',#6375);
#6375 = CARTESIAN_POINT('',(12.675,5.40512454964,-17.8));
#6376 = CIRCLE('',#6377,1.5);
#6377 = AXIS2_PLACEMENT_3D('',#6378,#6379,#6380);
#6378 = CARTESIAN_POINT('',(13.2,4.,-17.8));
#6379 = DIRECTION('',(0.,0.,1.));
#6380 = DIRECTION('',(1.,0.,-0.));
#6381 = ORIENTED_EDGE('',*,*,#6382,.F.);
#6382 = EDGE_CURVE('',#6383,#6374,#6385,.T.);
#6383 = VERTEX_POINT('',#6384);
#6384 = CARTESIAN_POINT('',(12.675,16.5,-17.8));
#6385 = LINE('',#6386,#6387);
#6386 = CARTESIAN_POINT('',(12.675,-8.25,-17.8));
#6387 = VECTOR('',#6388,1.);
#6388 = DIRECTION('',(0.,-1.,0.));
#6389 = ORIENTED_EDGE('',*,*,#6390,.F.);
#6390 = EDGE_CURVE('',#6391,#6383,#6393,.T.);
#6391 = VERTEX_POINT('',#6392);
#6392 = CARTESIAN_POINT('',(12.191923120631,18.889243048511,-17.8));
#6393 = CIRCLE('',#6394,6.15);
#6394 = AXIS2_PLACEMENT_3D('',#6395,#6396,#6397);
#6395 = CARTESIAN_POINT('',(6.525,16.5,-17.8));
#6396 = DIRECTION('',(0.,-0.,-1.));
#6397 = DIRECTION('',(1.,-1.155354041886E-15,0.));
#6398 = ORIENTED_EDGE('',*,*,#6399,.T.);
#6399 = EDGE_CURVE('',#6391,#6400,#6402,.T.);
#6400 = VERTEX_POINT('',#6401);
#6401 = CARTESIAN_POINT('',(13.386192495435,18.511600740848,-17.8));
#6402 = CIRCLE('',#6403,1.5);
#6403 = AXIS2_PLACEMENT_3D('',#6404,#6405,#6406);
#6404 = CARTESIAN_POINT('',(13.2,20.,-17.8));
#6405 = DIRECTION('',(0.,0.,1.));
#6406 = DIRECTION('',(1.,0.,-0.));
#6407 = ORIENTED_EDGE('',*,*,#6408,.T.);
#6408 = EDGE_CURVE('',#6400,#6409,#6411,.T.);
#6409 = VERTEX_POINT('',#6410);
#6410 = CARTESIAN_POINT('',(13.485738309616,18.52746693809,-17.8));
#6411 = CIRCLE('',#6412,1.5);
#6412 = AXIS2_PLACEMENT_3D('',#6413,#6414,#6415);
#6413 = CARTESIAN_POINT('',(13.2,20.,-17.8));
#6414 = DIRECTION('',(0.,0.,1.));
#6415 = DIRECTION('',(1.,0.,-0.));
#6416 = ORIENTED_EDGE('',*,*,#6417,.T.);
#6417 = EDGE_CURVE('',#6409,#6418,#6420,.T.);
#6418 = VERTEX_POINT('',#6419);
#6419 = CARTESIAN_POINT('',(14.7,20.,-17.8));
#6420 = CIRCLE('',#6421,1.5);
#6421 = AXIS2_PLACEMENT_3D('',#6422,#6423,#6424);
#6422 = CARTESIAN_POINT('',(13.2,20.,-17.8));
#6423 = DIRECTION('',(0.,0.,1.));
#6424 = DIRECTION('',(1.,0.,-0.));
#6425 = ORIENTED_EDGE('',*,*,#6426,.T.);
#6426 = EDGE_CURVE('',#6418,#6427,#6429,.T.);
#6427 = VERTEX_POINT('',#6428);
#6428 = CARTESIAN_POINT('',(12.151280746596,21.072468147564,-17.8));
#6429 = CIRCLE('',#6430,1.5);
#6430 = AXIS2_PLACEMENT_3D('',#6431,#6432,#6433);
#6431 = CARTESIAN_POINT('',(13.2,20.,-17.8));
#6432 = DIRECTION('',(0.,0.,1.));
#6433 = DIRECTION('',(1.,0.,-0.));
#6434 = ORIENTED_EDGE('',*,*,#6435,.T.);
#6435 = EDGE_CURVE('',#6427,#6436,#6438,.T.);
#6436 = VERTEX_POINT('',#6437);
#6437 = CARTESIAN_POINT('',(12.081617965677,20.999610736888,-17.8));
#6438 = CIRCLE('',#6439,1.5);
#6439 = AXIS2_PLACEMENT_3D('',#6440,#6441,#6442);
#6440 = CARTESIAN_POINT('',(13.2,20.,-17.8));
#6441 = DIRECTION('',(0.,0.,1.));
#6442 = DIRECTION('',(1.,0.,-0.));
#6443 = ORIENTED_EDGE('',*,*,#6444,.T.);
#6444 = EDGE_CURVE('',#6436,#6445,#6447,.T.);
#6445 = VERTEX_POINT('',#6446);
#6446 = CARTESIAN_POINT('',(11.713057955187,19.802507328323,-17.8));
#6447 = CIRCLE('',#6448,1.5);
#6448 = AXIS2_PLACEMENT_3D('',#6449,#6450,#6451);
#6449 = CARTESIAN_POINT('',(13.2,20.,-17.8));
#6450 = DIRECTION('',(0.,0.,1.));
#6451 = DIRECTION('',(1.,0.,-0.));
#6452 = ORIENTED_EDGE('',*,*,#6453,.F.);
#6453 = EDGE_CURVE('',#6454,#6445,#6456,.T.);
#6454 = VERTEX_POINT('',#6455);
#6455 = CARTESIAN_POINT('',(6.525,22.65,-17.8));
#6456 = CIRCLE('',#6457,6.15);
#6457 = AXIS2_PLACEMENT_3D('',#6458,#6459,#6460);
#6458 = CARTESIAN_POINT('',(6.525,16.5,-17.8));
#6459 = DIRECTION('',(0.,-0.,-1.));
#6460 = DIRECTION('',(1.,-1.155354041886E-15,0.));
#6461 = ORIENTED_EDGE('',*,*,#6462,.F.);
#6462 = EDGE_CURVE('',#6463,#6454,#6465,.T.);
#6463 = VERTEX_POINT('',#6464);
#6464 = CARTESIAN_POINT('',(-6.525,22.65,-17.8));
#6465 = LINE('',#6466,#6467);
#6466 = CARTESIAN_POINT('',(3.2625,22.65,-17.8));
#6467 = VECTOR('',#6468,1.);
#6468 = DIRECTION('',(1.,0.,-0.));
#6469 = ORIENTED_EDGE('',*,*,#6470,.F.);
#6470 = EDGE_CURVE('',#6471,#6463,#6473,.T.);
#6471 = VERTEX_POINT('',#6472);
#6472 = CARTESIAN_POINT('',(-11.71305795518,19.802507328323,-17.8));
#6473 = CIRCLE('',#6474,6.15);
#6474 = AXIS2_PLACEMENT_3D('',#6475,#6476,#6477);
#6475 = CARTESIAN_POINT('',(-6.525,16.5,-17.8));
#6476 = DIRECTION('',(0.,-0.,-1.));
#6477 = DIRECTION('',(1.010934786651E-15,1.,-0.));
#6478 = ORIENTED_EDGE('',*,*,#6479,.T.);
#6479 = EDGE_CURVE('',#6471,#6480,#6482,.T.);
#6480 = VERTEX_POINT('',#6481);
#6481 = CARTESIAN_POINT('',(-11.7,20.,-17.8));
#6482 = CIRCLE('',#6483,1.5);
#6483 = AXIS2_PLACEMENT_3D('',#6484,#6485,#6486);
#6484 = CARTESIAN_POINT('',(-13.2,20.,-17.8));
#6485 = DIRECTION('',(0.,0.,1.));
#6486 = DIRECTION('',(1.,0.,-0.));
#6487 = ORIENTED_EDGE('',*,*,#6488,.T.);
#6488 = EDGE_CURVE('',#6480,#6489,#6491,.T.);
#6489 = VERTEX_POINT('',#6490);
#6490 = CARTESIAN_POINT('',(-12.08161796567,20.999610736888,-17.8));
#6491 = CIRCLE('',#6492,1.5);
#6492 = AXIS2_PLACEMENT_3D('',#6493,#6494,#6495);
#6493 = CARTESIAN_POINT('',(-13.2,20.,-17.8));
#6494 = DIRECTION('',(0.,0.,1.));
#6495 = DIRECTION('',(1.,0.,-0.));
#6496 = ORIENTED_EDGE('',*,*,#6497,.T.);
#6497 = EDGE_CURVE('',#6489,#6498,#6500,.T.);
#6498 = VERTEX_POINT('',#6499);
#6499 = CARTESIAN_POINT('',(-12.15128074659,21.072468147564,-17.8));
#6500 = CIRCLE('',#6501,1.5);
#6501 = AXIS2_PLACEMENT_3D('',#6502,#6503,#6504);
#6502 = CARTESIAN_POINT('',(-13.2,20.,-17.8));
#6503 = DIRECTION('',(0.,0.,1.));
#6504 = DIRECTION('',(1.,0.,-0.));
#6505 = ORIENTED_EDGE('',*,*,#6506,.T.);
#6506 = EDGE_CURVE('',#6498,#6507,#6509,.T.);
#6507 = VERTEX_POINT('',#6508);
#6508 = CARTESIAN_POINT('',(-13.48573830961,18.52746693809,-17.8));
#6509 = CIRCLE('',#6510,1.5);
#6510 = AXIS2_PLACEMENT_3D('',#6511,#6512,#6513);
#6511 = CARTESIAN_POINT('',(-13.2,20.,-17.8));
#6512 = DIRECTION('',(0.,0.,1.));
#6513 = DIRECTION('',(1.,0.,-0.));
#6514 = ORIENTED_EDGE('',*,*,#6515,.T.);
#6515 = EDGE_CURVE('',#6507,#6516,#6518,.T.);
#6516 = VERTEX_POINT('',#6517);
#6517 = CARTESIAN_POINT('',(-13.38619249543,18.511600740848,-17.8));
#6518 = CIRCLE('',#6519,1.5);
#6519 = AXIS2_PLACEMENT_3D('',#6520,#6521,#6522);
#6520 = CARTESIAN_POINT('',(-13.2,20.,-17.8));
#6521 = DIRECTION('',(0.,0.,1.));
#6522 = DIRECTION('',(1.,0.,-0.));
#6523 = ORIENTED_EDGE('',*,*,#6524,.T.);
#6524 = EDGE_CURVE('',#6516,#6525,#6527,.T.);
#6525 = VERTEX_POINT('',#6526);
#6526 = CARTESIAN_POINT('',(-12.19192312063,18.889243048511,-17.8));
#6527 = CIRCLE('',#6528,1.5);
#6528 = AXIS2_PLACEMENT_3D('',#6529,#6530,#6531);
#6529 = CARTESIAN_POINT('',(-13.2,20.,-17.8));
#6530 = DIRECTION('',(0.,0.,1.));
#6531 = DIRECTION('',(1.,0.,-0.));
#6532 = ORIENTED_EDGE('',*,*,#6533,.F.);
#6533 = EDGE_CURVE('',#6534,#6525,#6536,.T.);
#6534 = VERTEX_POINT('',#6535);
#6535 = CARTESIAN_POINT('',(-12.675,16.5,-17.8));
#6536 = CIRCLE('',#6537,6.15);
#6537 = AXIS2_PLACEMENT_3D('',#6538,#6539,#6540);
#6538 = CARTESIAN_POINT('',(-6.525,16.5,-17.8));
#6539 = DIRECTION('',(0.,-0.,-1.));
#6540 = DIRECTION('',(1.010934786651E-15,1.,-0.));
#6541 = ORIENTED_EDGE('',*,*,#6542,.F.);
#6542 = EDGE_CURVE('',#6543,#6534,#6545,.T.);
#6543 = VERTEX_POINT('',#6544);
#6544 = CARTESIAN_POINT('',(-12.675,5.40512454964,-17.8));
#6545 = LINE('',#6546,#6547);
#6546 = CARTESIAN_POINT('',(-12.675,8.25,-17.8));
#6547 = VECTOR('',#6548,1.);
#6548 = DIRECTION('',(-0.,1.,0.));
#6549 = ORIENTED_EDGE('',*,*,#6550,.T.);
#6550 = EDGE_CURVE('',#6543,#6551,#6553,.T.);
#6551 = VERTEX_POINT('',#6552);
#6552 = CARTESIAN_POINT('',(-13.675,5.422805327513,-17.8));
#6553 = CIRCLE('',#6554,1.5);
#6554 = AXIS2_PLACEMENT_3D('',#6555,#6556,#6557);
#6555 = CARTESIAN_POINT('',(-13.2,4.,-17.8));
#6556 = DIRECTION('',(0.,0.,1.));
#6557 = DIRECTION('',(1.,0.,-0.));
#6558 = ORIENTED_EDGE('',*,*,#6559,.T.);
#6559 = EDGE_CURVE('',#6551,#6560,#6562,.T.);
#6560 = VERTEX_POINT('',#6561);
#6561 = CARTESIAN_POINT('',(-13.775,5.38541510025,-17.8));
#6562 = CIRCLE('',#6563,1.5);
#6563 = AXIS2_PLACEMENT_3D('',#6564,#6565,#6566);
#6564 = CARTESIAN_POINT('',(-13.2,4.,-17.8));
#6565 = DIRECTION('',(0.,0.,1.));
#6566 = DIRECTION('',(1.,0.,-0.));
#6567 = ORIENTED_EDGE('',*,*,#6568,.T.);
#6568 = EDGE_CURVE('',#6560,#6569,#6571,.T.);
#6569 = VERTEX_POINT('',#6570);
#6570 = CARTESIAN_POINT('',(-13.775,2.61458489975,-17.8));
#6571 = CIRCLE('',#6572,1.5);
#6572 = AXIS2_PLACEMENT_3D('',#6573,#6574,#6575);
#6573 = CARTESIAN_POINT('',(-13.2,4.,-17.8));
#6574 = DIRECTION('',(0.,0.,1.));
#6575 = DIRECTION('',(1.,0.,-0.));
#6576 = ORIENTED_EDGE('',*,*,#6577,.T.);
#6577 = EDGE_CURVE('',#6569,#6578,#6580,.T.);
#6578 = VERTEX_POINT('',#6579);
#6579 = CARTESIAN_POINT('',(-13.675,2.577194672487,-17.8));
#6580 = CIRCLE('',#6581,1.5);
#6581 = AXIS2_PLACEMENT_3D('',#6582,#6583,#6584);
#6582 = CARTESIAN_POINT('',(-13.2,4.,-17.8));
#6583 = DIRECTION('',(0.,0.,1.));
#6584 = DIRECTION('',(1.,0.,-0.));
#6585 = ORIENTED_EDGE('',*,*,#6586,.F.);
#6586 = EDGE_CURVE('',#6587,#6578,#6589,.T.);
#6587 = VERTEX_POINT('',#6588);
#6588 = CARTESIAN_POINT('',(-13.675,0.,-17.8));
#6589 = LINE('',#6590,#6591);
#6590 = CARTESIAN_POINT('',(-13.675,8.25,-17.8));
#6591 = VECTOR('',#6592,1.);
#6592 = DIRECTION('',(-0.,1.,0.));
#6593 = ORIENTED_EDGE('',*,*,#6594,.F.);
#6594 = EDGE_CURVE('',#6595,#6587,#6597,.T.);
#6595 = VERTEX_POINT('',#6596);
#6596 = CARTESIAN_POINT('',(-12.675,0.,-17.8));
#6597 = LINE('',#6598,#6599);
#6598 = CARTESIAN_POINT('',(-6.8375,0.,-17.8));
#6599 = VECTOR('',#6600,1.);
#6600 = DIRECTION('',(-1.,-0.,0.));
#6601 = ORIENTED_EDGE('',*,*,#6602,.F.);
#6602 = EDGE_CURVE('',#6603,#6595,#6605,.T.);
#6603 = VERTEX_POINT('',#6604);
#6604 = CARTESIAN_POINT('',(-12.675,-6.9,-17.8));
#6605 = LINE('',#6606,#6607);
#6606 = CARTESIAN_POINT('',(-12.675,8.25,-17.8));
#6607 = VECTOR('',#6608,1.);
#6608 = DIRECTION('',(-0.,1.,0.));
#6609 = ORIENTED_EDGE('',*,*,#6610,.T.);
#6610 = EDGE_CURVE('',#6603,#6611,#6613,.T.);
#6611 = VERTEX_POINT('',#6612);
#6612 = CARTESIAN_POINT('',(-11.16332495807,-6.9,-17.8));
#6613 = LINE('',#6614,#6615);
#6614 = CARTESIAN_POINT('',(-13.675,-6.9,-17.8));
#6615 = VECTOR('',#6616,1.);
#6616 = DIRECTION('',(1.,0.,-0.));
#6617 = ORIENTED_EDGE('',*,*,#6618,.T.);
#6618 = EDGE_CURVE('',#6611,#6619,#6621,.T.);
#6619 = VERTEX_POINT('',#6620);
#6620 = CARTESIAN_POINT('',(-11.16332495807,-8.9,-17.8));
#6621 = CIRCLE('',#6622,1.2);
#6622 = AXIS2_PLACEMENT_3D('',#6623,#6624,#6625);
#6623 = CARTESIAN_POINT('',(-10.5,-7.9,-17.8));
#6624 = DIRECTION('',(0.,0.,1.));
#6625 = DIRECTION('',(1.,0.,-0.));
#6626 = ORIENTED_EDGE('',*,*,#6627,.F.);
#6627 = EDGE_CURVE('',#6628,#6619,#6630,.T.);
#6628 = VERTEX_POINT('',#6629);
#6629 = CARTESIAN_POINT('',(-12.675,-8.9,-17.8));
#6630 = LINE('',#6631,#6632);
#6631 = CARTESIAN_POINT('',(-13.675,-8.9,-17.8));
#6632 = VECTOR('',#6633,1.);
#6633 = DIRECTION('',(1.,0.,-0.));
#6634 = ORIENTED_EDGE('',*,*,#6635,.F.);
#6635 = EDGE_CURVE('',#6636,#6628,#6638,.T.);
#6636 = VERTEX_POINT('',#6637);
#6637 = CARTESIAN_POINT('',(-12.675,-16.5,-17.8));
#6638 = LINE('',#6639,#6640);
#6639 = CARTESIAN_POINT('',(-12.675,8.25,-17.8));
#6640 = VECTOR('',#6641,1.);
#6641 = DIRECTION('',(-0.,1.,0.));
#6642 = ORIENTED_EDGE('',*,*,#6643,.F.);
#6643 = EDGE_CURVE('',#6644,#6636,#6646,.T.);
#6644 = VERTEX_POINT('',#6645);
#6645 = CARTESIAN_POINT('',(-6.525,-22.65,-17.8));
#6646 = CIRCLE('',#6647,6.15);
#6647 = AXIS2_PLACEMENT_3D('',#6648,#6649,#6650);
#6648 = CARTESIAN_POINT('',(-6.525,-16.5,-17.8));
#6649 = DIRECTION('',(-0.,0.,-1.));
#6650 = DIRECTION('',(-1.,1.155354041886E-15,0.));
#6651 = ORIENTED_EDGE('',*,*,#6652,.F.);
#6652 = EDGE_CURVE('',#6653,#6644,#6655,.T.);
#6653 = VERTEX_POINT('',#6654);
#6654 = CARTESIAN_POINT('',(6.525,-22.65,-17.8));
#6655 = LINE('',#6656,#6657);
#6656 = CARTESIAN_POINT('',(-3.2625,-22.65,-17.8));
#6657 = VECTOR('',#6658,1.);
#6658 = DIRECTION('',(-1.,0.,0.));
#6659 = ORIENTED_EDGE('',*,*,#6660,.F.);
#6660 = EDGE_CURVE('',#6661,#6653,#6663,.T.);
#6661 = VERTEX_POINT('',#6662);
#6662 = CARTESIAN_POINT('',(12.675,-16.5,-17.8));
#6663 = CIRCLE('',#6664,6.15);
#6664 = AXIS2_PLACEMENT_3D('',#6665,#6666,#6667);
#6665 = CARTESIAN_POINT('',(6.525,-16.5,-17.8));
#6666 = DIRECTION('',(-0.,0.,-1.));
#6667 = DIRECTION('',(-1.010934786651E-15,-1.,0.));
#6668 = ORIENTED_EDGE('',*,*,#6669,.F.);
#6669 = EDGE_CURVE('',#6670,#6661,#6672,.T.);
#6670 = VERTEX_POINT('',#6671);
#6671 = CARTESIAN_POINT('',(12.675,-8.9,-17.8));
#6672 = LINE('',#6673,#6674);
#6673 = CARTESIAN_POINT('',(12.675,-8.25,-17.8));
#6674 = VECTOR('',#6675,1.);
#6675 = DIRECTION('',(0.,-1.,0.));
#6676 = ORIENTED_EDGE('',*,*,#6677,.F.);
#6677 = EDGE_CURVE('',#6678,#6670,#6680,.T.);
#6678 = VERTEX_POINT('',#6679);
#6679 = CARTESIAN_POINT('',(11.163324958071,-8.9,-17.8));
#6680 = LINE('',#6681,#6682);
#6681 = CARTESIAN_POINT('',(10.5,-8.9,-17.8));
#6682 = VECTOR('',#6683,1.);
#6683 = DIRECTION('',(1.,0.,-0.));
#6684 = ORIENTED_EDGE('',*,*,#6685,.T.);
#6685 = EDGE_CURVE('',#6678,#6686,#6688,.T.);
#6686 = VERTEX_POINT('',#6687);
#6687 = CARTESIAN_POINT('',(11.7,-7.9,-17.8));
#6688 = CIRCLE('',#6689,1.2);
#6689 = AXIS2_PLACEMENT_3D('',#6690,#6691,#6692);
#6690 = CARTESIAN_POINT('',(10.5,-7.9,-17.8));
#6691 = DIRECTION('',(0.,0.,1.));
#6692 = DIRECTION('',(1.,0.,-0.));
#6693 = ORIENTED_EDGE('',*,*,#6694,.T.);
#6694 = EDGE_CURVE('',#6686,#6695,#6697,.T.);
#6695 = VERTEX_POINT('',#6696);
#6696 = CARTESIAN_POINT('',(11.163324958071,-6.9,-17.8));
#6697 = CIRCLE('',#6698,1.2);
#6698 = AXIS2_PLACEMENT_3D('',#6699,#6700,#6701);
#6699 = CARTESIAN_POINT('',(10.5,-7.9,-17.8));
#6700 = DIRECTION('',(0.,0.,1.));
#6701 = DIRECTION('',(1.,0.,-0.));
#6702 = ORIENTED_EDGE('',*,*,#6703,.T.);
#6703 = EDGE_CURVE('',#6695,#6704,#6706,.T.);
#6704 = VERTEX_POINT('',#6705);
#6705 = CARTESIAN_POINT('',(12.675,-6.9,-17.8));
#6706 = LINE('',#6707,#6708);
#6707 = CARTESIAN_POINT('',(10.5,-6.9,-17.8));
#6708 = VECTOR('',#6709,1.);
#6709 = DIRECTION('',(1.,0.,-0.));
#6710 = ORIENTED_EDGE('',*,*,#6711,.F.);
#6711 = EDGE_CURVE('',#6712,#6704,#6714,.T.);
#6712 = VERTEX_POINT('',#6713);
#6713 = CARTESIAN_POINT('',(12.675,0.,-17.8));
#6714 = LINE('',#6715,#6716);
#6715 = CARTESIAN_POINT('',(12.675,-8.25,-17.8));
#6716 = VECTOR('',#6717,1.);
#6717 = DIRECTION('',(0.,-1.,0.));
#6718 = ORIENTED_EDGE('',*,*,#6719,.F.);
#6719 = EDGE_CURVE('',#6720,#6712,#6722,.T.);
#6720 = VERTEX_POINT('',#6721);
#6721 = CARTESIAN_POINT('',(13.675,0.,-17.8));
#6722 = LINE('',#6723,#6724);
#6723 = CARTESIAN_POINT('',(5.25,0.,-17.8));
#6724 = VECTOR('',#6725,1.);
#6725 = DIRECTION('',(-1.,-0.,0.));
#6726 = ORIENTED_EDGE('',*,*,#6727,.F.);
#6727 = EDGE_CURVE('',#6728,#6720,#6730,.T.);
#6728 = VERTEX_POINT('',#6729);
#6729 = CARTESIAN_POINT('',(13.675,2.577194672487,-17.8));
#6730 = LINE('',#6731,#6732);
#6731 = CARTESIAN_POINT('',(13.675,-8.25,-17.8));
#6732 = VECTOR('',#6733,1.);
#6733 = DIRECTION('',(0.,-1.,0.));
#6734 = ORIENTED_EDGE('',*,*,#6735,.T.);
#6735 = EDGE_CURVE('',#6728,#6345,#6736,.T.);
#6736 = CIRCLE('',#6737,1.5);
#6737 = AXIS2_PLACEMENT_3D('',#6738,#6739,#6740);
#6738 = CARTESIAN_POINT('',(13.2,4.,-17.8));
#6739 = DIRECTION('',(0.,0.,1.));
#6740 = DIRECTION('',(1.,0.,-0.));
#6741 = PLANE('',#6742);
#6742 = AXIS2_PLACEMENT_3D('',#6743,#6744,#6745);
#6743 = CARTESIAN_POINT('',(0.360487256995,0.,-17.8));
#6744 = DIRECTION('',(-0.,-0.,-1.));
#6745 = DIRECTION('',(-1.,0.,0.));
#6746 = ADVANCED_FACE('',(#6747),#6781,.T.);
#6747 = FACE_BOUND('',#6748,.T.);
#6748 = EDGE_LOOP('',(#6749,#6759,#6767,#6775));
#6749 = ORIENTED_EDGE('',*,*,#6750,.F.);
#6750 = EDGE_CURVE('',#6751,#6753,#6755,.T.);
#6751 = VERTEX_POINT('',#6752);
#6752 = CARTESIAN_POINT('',(20.995,15.2,-26.22));
#6753 = VERTEX_POINT('',#6754);
#6754 = CARTESIAN_POINT('',(20.995,15.2,-9.));
#6755 = LINE('',#6756,#6757);
#6756 = CARTESIAN_POINT('',(20.995,15.2,-24.92));
#6757 = VECTOR('',#6758,1.);
#6758 = DIRECTION('',(0.,0.,1.));
#6759 = ORIENTED_EDGE('',*,*,#6760,.T.);
#6760 = EDGE_CURVE('',#6751,#6761,#6763,.T.);
#6761 = VERTEX_POINT('',#6762);
#6762 = CARTESIAN_POINT('',(20.995,16.2,-26.22));
#6763 = LINE('',#6764,#6765);
#6764 = CARTESIAN_POINT('',(20.995,15.2,-26.22));
#6765 = VECTOR('',#6766,1.);
#6766 = DIRECTION('',(-0.,1.,0.));
#6767 = ORIENTED_EDGE('',*,*,#6768,.T.);
#6768 = EDGE_CURVE('',#6761,#6769,#6771,.T.);
#6769 = VERTEX_POINT('',#6770);
#6770 = CARTESIAN_POINT('',(20.995,16.2,-9.));
#6771 = LINE('',#6772,#6773);
#6772 = CARTESIAN_POINT('',(20.995,16.2,-26.22));
#6773 = VECTOR('',#6774,1.);
#6774 = DIRECTION('',(0.,0.,1.));
#6775 = ORIENTED_EDGE('',*,*,#6776,.F.);
#6776 = EDGE_CURVE('',#6753,#6769,#6777,.T.);
#6777 = LINE('',#6778,#6779);
#6778 = CARTESIAN_POINT('',(20.995,7.6,-9.));
#6779 = VECTOR('',#6780,1.);
#6780 = DIRECTION('',(-0.,1.,0.));
#6781 = PLANE('',#6782);
#6782 = AXIS2_PLACEMENT_3D('',#6783,#6784,#6785);
#6783 = CARTESIAN_POINT('',(20.995,15.7,-17.61));
#6784 = DIRECTION('',(1.,0.,0.));
#6785 = DIRECTION('',(-0.,0.,1.));
#6786 = ADVANCED_FACE('',(#6787),#6883,.T.);
#6787 = FACE_BOUND('',#6788,.T.);
#6788 = EDGE_LOOP('',(#6789,#6790,#6798,#6806,#6814,#6820,#6821,#6829,
    #6837,#6845,#6853,#6861,#6869,#6877));
#6789 = ORIENTED_EDGE('',*,*,#6768,.F.);
#6790 = ORIENTED_EDGE('',*,*,#6791,.F.);
#6791 = EDGE_CURVE('',#6792,#6761,#6794,.T.);
#6792 = VERTEX_POINT('',#6793);
#6793 = CARTESIAN_POINT('',(15.3,16.2,-26.22));
#6794 = LINE('',#6795,#6796);
#6795 = CARTESIAN_POINT('',(15.3,16.2,-26.22));
#6796 = VECTOR('',#6797,1.);
#6797 = DIRECTION('',(1.,0.,-0.));
#6798 = ORIENTED_EDGE('',*,*,#6799,.T.);
#6799 = EDGE_CURVE('',#6792,#6800,#6802,.T.);
#6800 = VERTEX_POINT('',#6801);
#6801 = CARTESIAN_POINT('',(15.3,16.2,-25.3));
#6802 = LINE('',#6803,#6804);
#6803 = CARTESIAN_POINT('',(15.3,16.2,-26.22));
#6804 = VECTOR('',#6805,1.);
#6805 = DIRECTION('',(0.,0.,1.));
#6806 = ORIENTED_EDGE('',*,*,#6807,.F.);
#6807 = EDGE_CURVE('',#6808,#6800,#6810,.T.);
#6808 = VERTEX_POINT('',#6809);
#6809 = CARTESIAN_POINT('',(13.875,16.2,-25.3));
#6810 = LINE('',#6811,#6812);
#6811 = CARTESIAN_POINT('',(13.875,16.2,-25.3));
#6812 = VECTOR('',#6813,1.);
#6813 = DIRECTION('',(1.,0.,-0.));
#6814 = ORIENTED_EDGE('',*,*,#6815,.T.);
#6815 = EDGE_CURVE('',#6808,#6264,#6816,.T.);
#6816 = LINE('',#6817,#6818);
#6817 = CARTESIAN_POINT('',(13.875,16.2,-25.3));
#6818 = VECTOR('',#6819,1.);
#6819 = DIRECTION('',(0.,0.,1.));
#6820 = ORIENTED_EDGE('',*,*,#6263,.F.);
#6821 = ORIENTED_EDGE('',*,*,#6822,.F.);
#6822 = EDGE_CURVE('',#6823,#6256,#6825,.T.);
#6823 = VERTEX_POINT('',#6824);
#6824 = CARTESIAN_POINT('',(14.875,16.2,-13.5));
#6825 = LINE('',#6826,#6827);
#6826 = CARTESIAN_POINT('',(14.875,16.2,-21.55));
#6827 = VECTOR('',#6828,1.);
#6828 = DIRECTION('',(0.,0.,-1.));
#6829 = ORIENTED_EDGE('',*,*,#6830,.T.);
#6830 = EDGE_CURVE('',#6823,#6831,#6833,.T.);
#6831 = VERTEX_POINT('',#6832);
#6832 = CARTESIAN_POINT('',(16.2,16.2,-13.5));
#6833 = LINE('',#6834,#6835);
#6834 = CARTESIAN_POINT('',(13.875,16.2,-13.5));
#6835 = VECTOR('',#6836,1.);
#6836 = DIRECTION('',(1.,0.,-0.));
#6837 = ORIENTED_EDGE('',*,*,#6838,.T.);
#6838 = EDGE_CURVE('',#6831,#6839,#6841,.T.);
#6839 = VERTEX_POINT('',#6840);
#6840 = CARTESIAN_POINT('',(16.2,16.2,-9.));
#6841 = LINE('',#6842,#6843);
#6842 = CARTESIAN_POINT('',(16.2,16.2,-13.5));
#6843 = VECTOR('',#6844,1.);
#6844 = DIRECTION('',(0.,0.,1.));
#6845 = ORIENTED_EDGE('',*,*,#6846,.F.);
#6846 = EDGE_CURVE('',#6847,#6839,#6849,.T.);
#6847 = VERTEX_POINT('',#6848);
#6848 = CARTESIAN_POINT('',(17.9,16.2,-9.));
#6849 = LINE('',#6850,#6851);
#6850 = CARTESIAN_POINT('',(7.4875,16.2,-9.));
#6851 = VECTOR('',#6852,1.);
#6852 = DIRECTION('',(-1.,-0.,0.));
#6853 = ORIENTED_EDGE('',*,*,#6854,.T.);
#6854 = EDGE_CURVE('',#6847,#6855,#6857,.T.);
#6855 = VERTEX_POINT('',#6856);
#6856 = CARTESIAN_POINT('',(17.9,16.2,-7.82));
#6857 = LINE('',#6858,#6859);
#6858 = CARTESIAN_POINT('',(17.9,16.2,-10.));
#6859 = VECTOR('',#6860,1.);
#6860 = DIRECTION('',(0.,0.,1.));
#6861 = ORIENTED_EDGE('',*,*,#6862,.T.);
#6862 = EDGE_CURVE('',#6855,#6863,#6865,.T.);
#6863 = VERTEX_POINT('',#6864);
#6864 = CARTESIAN_POINT('',(19.5,16.2,-7.82));
#6865 = LINE('',#6866,#6867);
#6866 = CARTESIAN_POINT('',(16.954380141011,16.2,-7.82));
#6867 = VECTOR('',#6868,1.);
#6868 = DIRECTION('',(1.,0.,0.));
#6869 = ORIENTED_EDGE('',*,*,#6870,.F.);
#6870 = EDGE_CURVE('',#6871,#6863,#6873,.T.);
#6871 = VERTEX_POINT('',#6872);
#6872 = CARTESIAN_POINT('',(19.5,16.2,-9.));
#6873 = LINE('',#6874,#6875);
#6874 = CARTESIAN_POINT('',(19.5,16.2,-10.));
#6875 = VECTOR('',#6876,1.);
#6876 = DIRECTION('',(0.,0.,1.));
#6877 = ORIENTED_EDGE('',*,*,#6878,.F.);
#6878 = EDGE_CURVE('',#6769,#6871,#6879,.T.);
#6879 = LINE('',#6880,#6881);
#6880 = CARTESIAN_POINT('',(7.4875,16.2,-9.));
#6881 = VECTOR('',#6882,1.);
#6882 = DIRECTION('',(-1.,-0.,0.));
#6883 = PLANE('',#6884);
#6884 = AXIS2_PLACEMENT_3D('',#6885,#6886,#6887);
#6885 = CARTESIAN_POINT('',(17.808760282021,16.2,-17.40709361535));
#6886 = DIRECTION('',(0.,1.,0.));
#6887 = DIRECTION('',(0.,-0.,1.));
#6888 = ADVANCED_FACE('',(#6889),#6914,.F.);
#6889 = FACE_BOUND('',#6890,.F.);
#6890 = EDGE_LOOP('',(#6891,#6892,#6900,#6908));
#6891 = ORIENTED_EDGE('',*,*,#6870,.F.);
#6892 = ORIENTED_EDGE('',*,*,#6893,.T.);
#6893 = EDGE_CURVE('',#6871,#6894,#6896,.T.);
#6894 = VERTEX_POINT('',#6895);
#6895 = CARTESIAN_POINT('',(19.5,18.8,-9.));
#6896 = LINE('',#6897,#6898);
#6897 = CARTESIAN_POINT('',(19.5,8.1,-9.));
#6898 = VECTOR('',#6899,1.);
#6899 = DIRECTION('',(-0.,1.,0.));
#6900 = ORIENTED_EDGE('',*,*,#6901,.T.);
#6901 = EDGE_CURVE('',#6894,#6902,#6904,.T.);
#6902 = VERTEX_POINT('',#6903);
#6903 = CARTESIAN_POINT('',(19.5,18.8,-7.82));
#6904 = LINE('',#6905,#6906);
#6905 = CARTESIAN_POINT('',(19.5,18.8,-10.));
#6906 = VECTOR('',#6907,1.);
#6907 = DIRECTION('',(0.,0.,1.));
#6908 = ORIENTED_EDGE('',*,*,#6909,.T.);
#6909 = EDGE_CURVE('',#6902,#6863,#6910,.T.);
#6910 = LINE('',#6911,#6912);
#6911 = CARTESIAN_POINT('',(19.5,16.15,-7.82));
#6912 = VECTOR('',#6913,1.);
#6913 = DIRECTION('',(0.,-1.,0.));
#6914 = PLANE('',#6915);
#6915 = AXIS2_PLACEMENT_3D('',#6916,#6917,#6918);
#6916 = CARTESIAN_POINT('',(19.5,16.2,-10.));
#6917 = DIRECTION('',(1.,0.,-0.));
#6918 = DIRECTION('',(0.,0.,1.));
#6919 = ADVANCED_FACE('',(#6920),#6945,.F.);
#6920 = FACE_BOUND('',#6921,.F.);
#6921 = EDGE_LOOP('',(#6922,#6923,#6931,#6939));
#6922 = ORIENTED_EDGE('',*,*,#6901,.F.);
#6923 = ORIENTED_EDGE('',*,*,#6924,.T.);
#6924 = EDGE_CURVE('',#6894,#6925,#6927,.T.);
#6925 = VERTEX_POINT('',#6926);
#6926 = CARTESIAN_POINT('',(17.9,18.8,-9.));
#6927 = LINE('',#6928,#6929);
#6928 = CARTESIAN_POINT('',(8.95,18.8,-9.));
#6929 = VECTOR('',#6930,1.);
#6930 = DIRECTION('',(-1.,-0.,0.));
#6931 = ORIENTED_EDGE('',*,*,#6932,.T.);
#6932 = EDGE_CURVE('',#6925,#6933,#6935,.T.);
#6933 = VERTEX_POINT('',#6934);
#6934 = CARTESIAN_POINT('',(17.9,18.8,-7.82));
#6935 = LINE('',#6936,#6937);
#6936 = CARTESIAN_POINT('',(17.9,18.8,-10.));
#6937 = VECTOR('',#6938,1.);
#6938 = DIRECTION('',(0.,0.,1.));
#6939 = ORIENTED_EDGE('',*,*,#6940,.T.);
#6940 = EDGE_CURVE('',#6933,#6902,#6941,.T.);
#6941 = LINE('',#6942,#6943);
#6942 = CARTESIAN_POINT('',(17.,18.8,-7.82));
#6943 = VECTOR('',#6944,1.);
#6944 = DIRECTION('',(1.,0.,-0.));
#6945 = PLANE('',#6946);
#6946 = AXIS2_PLACEMENT_3D('',#6947,#6948,#6949);
#6947 = CARTESIAN_POINT('',(17.9,18.8,-10.));
#6948 = DIRECTION('',(-0.,1.,0.));
#6949 = DIRECTION('',(0.,0.,1.));
#6950 = ADVANCED_FACE('',(#6951),#6967,.T.);
#6951 = FACE_BOUND('',#6952,.T.);
#6952 = EDGE_LOOP('',(#6953,#6954,#6960,#6961));
#6953 = ORIENTED_EDGE('',*,*,#6854,.F.);
#6954 = ORIENTED_EDGE('',*,*,#6955,.T.);
#6955 = EDGE_CURVE('',#6847,#6925,#6956,.T.);
#6956 = LINE('',#6957,#6958);
#6957 = CARTESIAN_POINT('',(17.9,8.1,-9.));
#6958 = VECTOR('',#6959,1.);
#6959 = DIRECTION('',(-0.,1.,0.));
#6960 = ORIENTED_EDGE('',*,*,#6932,.T.);
#6961 = ORIENTED_EDGE('',*,*,#6962,.T.);
#6962 = EDGE_CURVE('',#6933,#6855,#6963,.T.);
#6963 = LINE('',#6964,#6965);
#6964 = CARTESIAN_POINT('',(17.9,16.15,-7.82));
#6965 = VECTOR('',#6966,1.);
#6966 = DIRECTION('',(0.,-1.,0.));
#6967 = PLANE('',#6968);
#6968 = AXIS2_PLACEMENT_3D('',#6969,#6970,#6971);
#6969 = CARTESIAN_POINT('',(17.9,16.2,-10.));
#6970 = DIRECTION('',(1.,0.,-0.));
#6971 = DIRECTION('',(0.,0.,1.));
#6972 = ADVANCED_FACE('',(#6973),#6998,.T.);
#6973 = FACE_BOUND('',#6974,.T.);
#6974 = EDGE_LOOP('',(#6975,#6976,#6984,#6992));
#6975 = ORIENTED_EDGE('',*,*,#6838,.F.);
#6976 = ORIENTED_EDGE('',*,*,#6977,.T.);
#6977 = EDGE_CURVE('',#6831,#6978,#6980,.T.);
#6978 = VERTEX_POINT('',#6979);
#6979 = CARTESIAN_POINT('',(16.2,17.5,-13.5));
#6980 = LINE('',#6981,#6982);
#6981 = CARTESIAN_POINT('',(16.2,16.2,-13.5));
#6982 = VECTOR('',#6983,1.);
#6983 = DIRECTION('',(-0.,1.,0.));
#6984 = ORIENTED_EDGE('',*,*,#6985,.T.);
#6985 = EDGE_CURVE('',#6978,#6986,#6988,.T.);
#6986 = VERTEX_POINT('',#6987);
#6987 = CARTESIAN_POINT('',(16.2,17.5,-9.));
#6988 = LINE('',#6989,#6990);
#6989 = CARTESIAN_POINT('',(16.2,17.5,-12.51));
#6990 = VECTOR('',#6991,1.);
#6991 = DIRECTION('',(0.,0.,1.));
#6992 = ORIENTED_EDGE('',*,*,#6993,.T.);
#6993 = EDGE_CURVE('',#6986,#6839,#6994,.T.);
#6994 = LINE('',#6995,#6996);
#6995 = CARTESIAN_POINT('',(16.2,8.1,-9.));
#6996 = VECTOR('',#6997,1.);
#6997 = DIRECTION('',(0.,-1.,0.));
#6998 = PLANE('',#6999);
#6999 = AXIS2_PLACEMENT_3D('',#7000,#7001,#7002);
#7000 = CARTESIAN_POINT('',(16.2,16.85,-11.25));
#7001 = DIRECTION('',(1.,0.,0.));
#7002 = DIRECTION('',(-0.,0.,1.));
#7003 = ADVANCED_FACE('',(#7004),#7038,.F.);
#7004 = FACE_BOUND('',#7005,.F.);
#7005 = EDGE_LOOP('',(#7006,#7016,#7024,#7032));
#7006 = ORIENTED_EDGE('',*,*,#7007,.F.);
#7007 = EDGE_CURVE('',#7008,#7010,#7012,.T.);
#7008 = VERTEX_POINT('',#7009);
#7009 = CARTESIAN_POINT('',(19.5,-18.8,-9.));
#7010 = VERTEX_POINT('',#7011);
#7011 = CARTESIAN_POINT('',(19.5,-18.8,-7.82));
#7012 = LINE('',#7013,#7014);
#7013 = CARTESIAN_POINT('',(19.5,-18.8,-10.));
#7014 = VECTOR('',#7015,1.);
#7015 = DIRECTION('',(0.,0.,1.));
#7016 = ORIENTED_EDGE('',*,*,#7017,.T.);
#7017 = EDGE_CURVE('',#7008,#7018,#7020,.T.);
#7018 = VERTEX_POINT('',#7019);
#7019 = CARTESIAN_POINT('',(19.5,-16.2,-9.));
#7020 = LINE('',#7021,#7022);
#7021 = CARTESIAN_POINT('',(19.5,-9.4,-9.));
#7022 = VECTOR('',#7023,1.);
#7023 = DIRECTION('',(-0.,1.,0.));
#7024 = ORIENTED_EDGE('',*,*,#7025,.T.);
#7025 = EDGE_CURVE('',#7018,#7026,#7028,.T.);
#7026 = VERTEX_POINT('',#7027);
#7027 = CARTESIAN_POINT('',(19.5,-16.2,-7.82));
#7028 = LINE('',#7029,#7030);
#7029 = CARTESIAN_POINT('',(19.5,-16.2,-10.));
#7030 = VECTOR('',#7031,1.);
#7031 = DIRECTION('',(0.,0.,1.));
#7032 = ORIENTED_EDGE('',*,*,#7033,.T.);
#7033 = EDGE_CURVE('',#7026,#7010,#7034,.T.);
#7034 = LINE('',#7035,#7036);
#7035 = CARTESIAN_POINT('',(19.5,-20.85,-7.82));
#7036 = VECTOR('',#7037,1.);
#7037 = DIRECTION('',(0.,-1.,0.));
#7038 = PLANE('',#7039);
#7039 = AXIS2_PLACEMENT_3D('',#7040,#7041,#7042);
#7040 = CARTESIAN_POINT('',(19.5,-18.8,-10.));
#7041 = DIRECTION('',(1.,0.,-0.));
#7042 = DIRECTION('',(0.,0.,1.));
#7043 = ADVANCED_FACE('',(#7044),#7069,.T.);
#7044 = FACE_BOUND('',#7045,.T.);
#7045 = EDGE_LOOP('',(#7046,#7047,#7055,#7063));
#7046 = ORIENTED_EDGE('',*,*,#7007,.F.);
#7047 = ORIENTED_EDGE('',*,*,#7048,.T.);
#7048 = EDGE_CURVE('',#7008,#7049,#7051,.T.);
#7049 = VERTEX_POINT('',#7050);
#7050 = CARTESIAN_POINT('',(17.9,-18.8,-9.));
#7051 = LINE('',#7052,#7053);
#7052 = CARTESIAN_POINT('',(8.95,-18.8,-9.));
#7053 = VECTOR('',#7054,1.);
#7054 = DIRECTION('',(-1.,-0.,0.));
#7055 = ORIENTED_EDGE('',*,*,#7056,.T.);
#7056 = EDGE_CURVE('',#7049,#7057,#7059,.T.);
#7057 = VERTEX_POINT('',#7058);
#7058 = CARTESIAN_POINT('',(17.9,-18.8,-7.82));
#7059 = LINE('',#7060,#7061);
#7060 = CARTESIAN_POINT('',(17.9,-18.8,-10.));
#7061 = VECTOR('',#7062,1.);
#7062 = DIRECTION('',(0.,0.,1.));
#7063 = ORIENTED_EDGE('',*,*,#7064,.T.);
#7064 = EDGE_CURVE('',#7057,#7010,#7065,.T.);
#7065 = LINE('',#7066,#7067);
#7066 = CARTESIAN_POINT('',(17.,-18.8,-7.82));
#7067 = VECTOR('',#7068,1.);
#7068 = DIRECTION('',(1.,0.,-0.));
#7069 = PLANE('',#7070);
#7070 = AXIS2_PLACEMENT_3D('',#7071,#7072,#7073);
#7071 = CARTESIAN_POINT('',(17.9,-18.8,-10.));
#7072 = DIRECTION('',(-0.,1.,0.));
#7073 = DIRECTION('',(0.,0.,1.));
#7074 = ADVANCED_FACE('',(#7075),#7171,.T.);
#7075 = FACE_BOUND('',#7076,.T.);
#7076 = EDGE_LOOP('',(#7077,#7087,#7095,#7101,#7102,#7110,#7118,#7126,
    #7134,#7142,#7148,#7149,#7157,#7165));
#7077 = ORIENTED_EDGE('',*,*,#7078,.T.);
#7078 = EDGE_CURVE('',#7079,#7081,#7083,.T.);
#7079 = VERTEX_POINT('',#7080);
#7080 = CARTESIAN_POINT('',(15.3,-16.2,-26.22));
#7081 = VERTEX_POINT('',#7082);
#7082 = CARTESIAN_POINT('',(20.995,-16.2,-26.22));
#7083 = LINE('',#7084,#7085);
#7084 = CARTESIAN_POINT('',(15.3,-16.2,-26.22));
#7085 = VECTOR('',#7086,1.);
#7086 = DIRECTION('',(1.,0.,-0.));
#7087 = ORIENTED_EDGE('',*,*,#7088,.T.);
#7088 = EDGE_CURVE('',#7081,#7089,#7091,.T.);
#7089 = VERTEX_POINT('',#7090);
#7090 = CARTESIAN_POINT('',(20.995,-16.2,-9.));
#7091 = LINE('',#7092,#7093);
#7092 = CARTESIAN_POINT('',(20.995,-16.2,-24.92));
#7093 = VECTOR('',#7094,1.);
#7094 = DIRECTION('',(0.,0.,1.));
#7095 = ORIENTED_EDGE('',*,*,#7096,.T.);
#7096 = EDGE_CURVE('',#7089,#7018,#7097,.T.);
#7097 = LINE('',#7098,#7099);
#7098 = CARTESIAN_POINT('',(7.4875,-16.2,-9.));
#7099 = VECTOR('',#7100,1.);
#7100 = DIRECTION('',(-1.,-0.,0.));
#7101 = ORIENTED_EDGE('',*,*,#7025,.T.);
#7102 = ORIENTED_EDGE('',*,*,#7103,.T.);
#7103 = EDGE_CURVE('',#7026,#7104,#7106,.T.);
#7104 = VERTEX_POINT('',#7105);
#7105 = CARTESIAN_POINT('',(17.9,-16.2,-7.82));
#7106 = LINE('',#7107,#7108);
#7107 = CARTESIAN_POINT('',(16.954380141011,-16.2,-7.82));
#7108 = VECTOR('',#7109,1.);
#7109 = DIRECTION('',(-1.,0.,0.));
#7110 = ORIENTED_EDGE('',*,*,#7111,.F.);
#7111 = EDGE_CURVE('',#7112,#7104,#7114,.T.);
#7112 = VERTEX_POINT('',#7113);
#7113 = CARTESIAN_POINT('',(17.9,-16.2,-9.));
#7114 = LINE('',#7115,#7116);
#7115 = CARTESIAN_POINT('',(17.9,-16.2,-10.));
#7116 = VECTOR('',#7117,1.);
#7117 = DIRECTION('',(0.,0.,1.));
#7118 = ORIENTED_EDGE('',*,*,#7119,.T.);
#7119 = EDGE_CURVE('',#7112,#7120,#7122,.T.);
#7120 = VERTEX_POINT('',#7121);
#7121 = CARTESIAN_POINT('',(16.2,-16.2,-9.));
#7122 = LINE('',#7123,#7124);
#7123 = CARTESIAN_POINT('',(7.4875,-16.2,-9.));
#7124 = VECTOR('',#7125,1.);
#7125 = DIRECTION('',(-1.,-0.,0.));
#7126 = ORIENTED_EDGE('',*,*,#7127,.F.);
#7127 = EDGE_CURVE('',#7128,#7120,#7130,.T.);
#7128 = VERTEX_POINT('',#7129);
#7129 = CARTESIAN_POINT('',(16.2,-16.2,-13.5));
#7130 = LINE('',#7131,#7132);
#7131 = CARTESIAN_POINT('',(16.2,-16.2,-12.51));
#7132 = VECTOR('',#7133,1.);
#7133 = DIRECTION('',(0.,0.,1.));
#7134 = ORIENTED_EDGE('',*,*,#7135,.F.);
#7135 = EDGE_CURVE('',#7136,#7128,#7138,.T.);
#7136 = VERTEX_POINT('',#7137);
#7137 = CARTESIAN_POINT('',(14.875,-16.2,-13.5));
#7138 = LINE('',#7139,#7140);
#7139 = CARTESIAN_POINT('',(13.875,-16.2,-13.5));
#7140 = VECTOR('',#7141,1.);
#7141 = DIRECTION('',(1.,0.,-0.));
#7142 = ORIENTED_EDGE('',*,*,#7143,.T.);
#7143 = EDGE_CURVE('',#7136,#6312,#7144,.T.);
#7144 = LINE('',#7145,#7146);
#7145 = CARTESIAN_POINT('',(14.875,-16.2,-21.55));
#7146 = VECTOR('',#7147,1.);
#7147 = DIRECTION('',(0.,0.,-1.));
#7148 = ORIENTED_EDGE('',*,*,#6311,.T.);
#7149 = ORIENTED_EDGE('',*,*,#7150,.F.);
#7150 = EDGE_CURVE('',#7151,#6304,#7153,.T.);
#7151 = VERTEX_POINT('',#7152);
#7152 = CARTESIAN_POINT('',(13.875,-16.2,-25.3));
#7153 = LINE('',#7154,#7155);
#7154 = CARTESIAN_POINT('',(13.875,-16.2,-25.3));
#7155 = VECTOR('',#7156,1.);
#7156 = DIRECTION('',(0.,0.,1.));
#7157 = ORIENTED_EDGE('',*,*,#7158,.T.);
#7158 = EDGE_CURVE('',#7151,#7159,#7161,.T.);
#7159 = VERTEX_POINT('',#7160);
#7160 = CARTESIAN_POINT('',(15.3,-16.2,-25.3));
#7161 = LINE('',#7162,#7163);
#7162 = CARTESIAN_POINT('',(13.875,-16.2,-25.3));
#7163 = VECTOR('',#7164,1.);
#7164 = DIRECTION('',(1.,0.,-0.));
#7165 = ORIENTED_EDGE('',*,*,#7166,.F.);
#7166 = EDGE_CURVE('',#7079,#7159,#7167,.T.);
#7167 = LINE('',#7168,#7169);
#7168 = CARTESIAN_POINT('',(15.3,-16.2,-26.22));
#7169 = VECTOR('',#7170,1.);
#7170 = DIRECTION('',(0.,0.,1.));
#7171 = PLANE('',#7172);
#7172 = AXIS2_PLACEMENT_3D('',#7173,#7174,#7175);
#7173 = CARTESIAN_POINT('',(17.808760282021,-16.2,-17.40709361535));
#7174 = DIRECTION('',(-0.,-1.,-0.));
#7175 = DIRECTION('',(0.,0.,-1.));
#7176 = ADVANCED_FACE('',(#7177),#7193,.T.);
#7177 = FACE_BOUND('',#7178,.T.);
#7178 = EDGE_LOOP('',(#7179,#7180,#7186,#7187));
#7179 = ORIENTED_EDGE('',*,*,#7056,.F.);
#7180 = ORIENTED_EDGE('',*,*,#7181,.T.);
#7181 = EDGE_CURVE('',#7049,#7112,#7182,.T.);
#7182 = LINE('',#7183,#7184);
#7183 = CARTESIAN_POINT('',(17.9,-9.4,-9.));
#7184 = VECTOR('',#7185,1.);
#7185 = DIRECTION('',(-0.,1.,0.));
#7186 = ORIENTED_EDGE('',*,*,#7111,.T.);
#7187 = ORIENTED_EDGE('',*,*,#7188,.T.);
#7188 = EDGE_CURVE('',#7104,#7057,#7189,.T.);
#7189 = LINE('',#7190,#7191);
#7190 = CARTESIAN_POINT('',(17.9,-20.85,-7.82));
#7191 = VECTOR('',#7192,1.);
#7192 = DIRECTION('',(0.,-1.,0.));
#7193 = PLANE('',#7194);
#7194 = AXIS2_PLACEMENT_3D('',#7195,#7196,#7197);
#7195 = CARTESIAN_POINT('',(17.9,-18.8,-10.));
#7196 = DIRECTION('',(1.,0.,-0.));
#7197 = DIRECTION('',(0.,0.,1.));
#7198 = ADVANCED_FACE('',(#7199),#7224,.T.);
#7199 = FACE_BOUND('',#7200,.T.);
#7200 = EDGE_LOOP('',(#7201,#7202,#7210,#7218));
#7201 = ORIENTED_EDGE('',*,*,#7088,.F.);
#7202 = ORIENTED_EDGE('',*,*,#7203,.T.);
#7203 = EDGE_CURVE('',#7081,#7204,#7206,.T.);
#7204 = VERTEX_POINT('',#7205);
#7205 = CARTESIAN_POINT('',(20.995,-15.2,-26.22));
#7206 = LINE('',#7207,#7208);
#7207 = CARTESIAN_POINT('',(20.995,-16.2,-26.22));
#7208 = VECTOR('',#7209,1.);
#7209 = DIRECTION('',(-0.,1.,0.));
#7210 = ORIENTED_EDGE('',*,*,#7211,.T.);
#7211 = EDGE_CURVE('',#7204,#7212,#7214,.T.);
#7212 = VERTEX_POINT('',#7213);
#7213 = CARTESIAN_POINT('',(20.995,-15.2,-9.));
#7214 = LINE('',#7215,#7216);
#7215 = CARTESIAN_POINT('',(20.995,-15.2,-26.22));
#7216 = VECTOR('',#7217,1.);
#7217 = DIRECTION('',(0.,0.,1.));
#7218 = ORIENTED_EDGE('',*,*,#7219,.F.);
#7219 = EDGE_CURVE('',#7089,#7212,#7220,.T.);
#7220 = LINE('',#7221,#7222);
#7221 = CARTESIAN_POINT('',(20.995,-8.1,-9.));
#7222 = VECTOR('',#7223,1.);
#7223 = DIRECTION('',(-0.,1.,0.));
#7224 = PLANE('',#7225);
#7225 = AXIS2_PLACEMENT_3D('',#7226,#7227,#7228);
#7226 = CARTESIAN_POINT('',(20.995,-15.7,-17.61));
#7227 = DIRECTION('',(1.,0.,0.));
#7228 = DIRECTION('',(-0.,0.,1.));
#7229 = ADVANCED_FACE('',(#7230),#7255,.T.);
#7230 = FACE_BOUND('',#7231,.T.);
#7231 = EDGE_LOOP('',(#7232,#7242,#7248,#7249));
#7232 = ORIENTED_EDGE('',*,*,#7233,.F.);
#7233 = EDGE_CURVE('',#7234,#7236,#7238,.T.);
#7234 = VERTEX_POINT('',#7235);
#7235 = CARTESIAN_POINT('',(16.2,-17.5,-13.5));
#7236 = VERTEX_POINT('',#7237);
#7237 = CARTESIAN_POINT('',(16.2,-17.5,-9.));
#7238 = LINE('',#7239,#7240);
#7239 = CARTESIAN_POINT('',(16.2,-17.5,-13.5));
#7240 = VECTOR('',#7241,1.);
#7241 = DIRECTION('',(0.,0.,1.));
#7242 = ORIENTED_EDGE('',*,*,#7243,.T.);
#7243 = EDGE_CURVE('',#7234,#7128,#7244,.T.);
#7244 = LINE('',#7245,#7246);
#7245 = CARTESIAN_POINT('',(16.2,-17.5,-13.5));
#7246 = VECTOR('',#7247,1.);
#7247 = DIRECTION('',(-0.,1.,0.));
#7248 = ORIENTED_EDGE('',*,*,#7127,.T.);
#7249 = ORIENTED_EDGE('',*,*,#7250,.T.);
#7250 = EDGE_CURVE('',#7120,#7236,#7251,.T.);
#7251 = LINE('',#7252,#7253);
#7252 = CARTESIAN_POINT('',(16.2,-8.75,-9.));
#7253 = VECTOR('',#7254,1.);
#7254 = DIRECTION('',(0.,-1.,0.));
#7255 = PLANE('',#7256);
#7256 = AXIS2_PLACEMENT_3D('',#7257,#7258,#7259);
#7257 = CARTESIAN_POINT('',(16.2,-16.85,-11.25));
#7258 = DIRECTION('',(1.,0.,0.));
#7259 = DIRECTION('',(-0.,0.,1.));
#7260 = ADVANCED_FACE('',(#7261),#7286,.F.);
#7261 = FACE_BOUND('',#7262,.F.);
#7262 = EDGE_LOOP('',(#7263,#7264,#7272,#7280));
#7263 = ORIENTED_EDGE('',*,*,#6287,.F.);
#7264 = ORIENTED_EDGE('',*,*,#7265,.F.);
#7265 = EDGE_CURVE('',#7266,#6288,#7268,.T.);
#7266 = VERTEX_POINT('',#7267);
#7267 = CARTESIAN_POINT('',(14.875,-15.2,-12.5));
#7268 = LINE('',#7269,#7270);
#7269 = CARTESIAN_POINT('',(14.875,-15.2,-21.55));
#7270 = VECTOR('',#7271,1.);
#7271 = DIRECTION('',(0.,0.,-1.));
#7272 = ORIENTED_EDGE('',*,*,#7273,.T.);
#7273 = EDGE_CURVE('',#7266,#7274,#7276,.T.);
#7274 = VERTEX_POINT('',#7275);
#7275 = CARTESIAN_POINT('',(14.875,15.2,-12.5));
#7276 = LINE('',#7277,#7278);
#7277 = CARTESIAN_POINT('',(14.875,-19.85,-12.5));
#7278 = VECTOR('',#7279,1.);
#7279 = DIRECTION('',(0.,1.,0.));
#7280 = ORIENTED_EDGE('',*,*,#7281,.T.);
#7281 = EDGE_CURVE('',#7274,#6280,#7282,.T.);
#7282 = LINE('',#7283,#7284);
#7283 = CARTESIAN_POINT('',(14.875,15.2,-21.55));
#7284 = VECTOR('',#7285,1.);
#7285 = DIRECTION('',(0.,0.,-1.));
#7286 = PLANE('',#7287);
#7287 = AXIS2_PLACEMENT_3D('',#7288,#7289,#7290);
#7288 = CARTESIAN_POINT('',(14.875,-19.85,-17.8));
#7289 = DIRECTION('',(-1.,0.,0.));
#7290 = DIRECTION('',(0.,1.,0.));
#7291 = ADVANCED_FACE('',(#7292),#7310,.F.);
#7292 = FACE_BOUND('',#7293,.F.);
#7293 = EDGE_LOOP('',(#7294,#7295,#7303,#7309));
#7294 = ORIENTED_EDGE('',*,*,#7150,.F.);
#7295 = ORIENTED_EDGE('',*,*,#7296,.T.);
#7296 = EDGE_CURVE('',#7151,#7297,#7299,.T.);
#7297 = VERTEX_POINT('',#7298);
#7298 = CARTESIAN_POINT('',(13.875,-15.2,-25.3));
#7299 = LINE('',#7300,#7301);
#7300 = CARTESIAN_POINT('',(13.875,-16.2,-25.3));
#7301 = VECTOR('',#7302,1.);
#7302 = DIRECTION('',(-0.,1.,0.));
#7303 = ORIENTED_EDGE('',*,*,#7304,.T.);
#7304 = EDGE_CURVE('',#7297,#6296,#7305,.T.);
#7305 = LINE('',#7306,#7307);
#7306 = CARTESIAN_POINT('',(13.875,-15.2,-25.3));
#7307 = VECTOR('',#7308,1.);
#7308 = DIRECTION('',(0.,0.,1.));
#7309 = ORIENTED_EDGE('',*,*,#6303,.F.);
#7310 = PLANE('',#7311);
#7311 = AXIS2_PLACEMENT_3D('',#7312,#7313,#7314);
#7312 = CARTESIAN_POINT('',(13.875,-16.2,-25.3));
#7313 = DIRECTION('',(1.,0.,-0.));
#7314 = DIRECTION('',(0.,0.,1.));
#7315 = ADVANCED_FACE('',(#7316),#7334,.F.);
#7316 = FACE_BOUND('',#7317,.F.);
#7317 = EDGE_LOOP('',(#7318,#7326,#7327,#7328));
#7318 = ORIENTED_EDGE('',*,*,#7319,.F.);
#7319 = EDGE_CURVE('',#7297,#7320,#7322,.T.);
#7320 = VERTEX_POINT('',#7321);
#7321 = CARTESIAN_POINT('',(15.3,-15.2,-25.3));
#7322 = LINE('',#7323,#7324);
#7323 = CARTESIAN_POINT('',(13.875,-15.2,-25.3));
#7324 = VECTOR('',#7325,1.);
#7325 = DIRECTION('',(1.,0.,-0.));
#7326 = ORIENTED_EDGE('',*,*,#7296,.F.);
#7327 = ORIENTED_EDGE('',*,*,#7158,.T.);
#7328 = ORIENTED_EDGE('',*,*,#7329,.F.);
#7329 = EDGE_CURVE('',#7320,#7159,#7330,.T.);
#7330 = LINE('',#7331,#7332);
#7331 = CARTESIAN_POINT('',(15.3,-15.56794783659,-25.3));
#7332 = VECTOR('',#7333,1.);
#7333 = DIRECTION('',(0.,-1.,0.));
#7334 = PLANE('',#7335);
#7335 = AXIS2_PLACEMENT_3D('',#7336,#7337,#7338);
#7336 = CARTESIAN_POINT('',(13.875,-16.2,-25.3));
#7337 = DIRECTION('',(0.,0.,1.));
#7338 = DIRECTION('',(1.,0.,-0.));
#7339 = ADVANCED_FACE('',(#7340),#7382,.T.);
#7340 = FACE_BOUND('',#7341,.T.);
#7341 = EDGE_LOOP('',(#7342,#7350,#7358,#7366,#7374,#7380,#7381));
#7342 = ORIENTED_EDGE('',*,*,#7343,.T.);
#7343 = EDGE_CURVE('',#7320,#7344,#7346,.T.);
#7344 = VERTEX_POINT('',#7345);
#7345 = CARTESIAN_POINT('',(15.3,-15.2,-25.02));
#7346 = LINE('',#7347,#7348);
#7347 = CARTESIAN_POINT('',(15.3,-15.2,-25.434344068));
#7348 = VECTOR('',#7349,1.);
#7349 = DIRECTION('',(0.,-0.,1.));
#7350 = ORIENTED_EDGE('',*,*,#7351,.T.);
#7351 = EDGE_CURVE('',#7344,#7352,#7354,.T.);
#7352 = VERTEX_POINT('',#7353);
#7353 = CARTESIAN_POINT('',(15.3,-14.6,-25.02));
#7354 = LINE('',#7355,#7356);
#7355 = CARTESIAN_POINT('',(15.3,-15.21,-25.02));
#7356 = VECTOR('',#7357,1.);
#7357 = DIRECTION('',(0.,1.,0.));
#7358 = ORIENTED_EDGE('',*,*,#7359,.T.);
#7359 = EDGE_CURVE('',#7352,#7360,#7362,.T.);
#7360 = VERTEX_POINT('',#7361);
#7361 = CARTESIAN_POINT('',(15.3,-14.6,-25.82));
#7362 = LINE('',#7363,#7364);
#7363 = CARTESIAN_POINT('',(15.3,-14.6,-25.02));
#7364 = VECTOR('',#7365,1.);
#7365 = DIRECTION('',(0.,0.,-1.));
#7366 = ORIENTED_EDGE('',*,*,#7367,.T.);
#7367 = EDGE_CURVE('',#7360,#7368,#7370,.T.);
#7368 = VERTEX_POINT('',#7369);
#7369 = CARTESIAN_POINT('',(15.3,-15.,-26.22));
#7370 = LINE('',#7371,#7372);
#7371 = CARTESIAN_POINT('',(15.3,-14.6,-25.82));
#7372 = VECTOR('',#7373,1.);
#7373 = DIRECTION('',(0.,-0.707106781187,-0.707106781187));
#7374 = ORIENTED_EDGE('',*,*,#7375,.T.);
#7375 = EDGE_CURVE('',#7368,#7079,#7376,.T.);
#7376 = LINE('',#7377,#7378);
#7377 = CARTESIAN_POINT('',(15.3,-15.,-26.22));
#7378 = VECTOR('',#7379,1.);
#7379 = DIRECTION('',(0.,-1.,0.));
#7380 = ORIENTED_EDGE('',*,*,#7166,.T.);
#7381 = ORIENTED_EDGE('',*,*,#7329,.F.);
#7382 = PLANE('',#7383);
#7383 = AXIS2_PLACEMENT_3D('',#7384,#7385,#7386);
#7384 = CARTESIAN_POINT('',(15.3,-15.38892755533,-25.63980626174));
#7385 = DIRECTION('',(-1.,-0.,-3.605761454534E-16));
#7386 = DIRECTION('',(3.605761454534E-16,0.,-1.));
#7387 = ADVANCED_FACE('',(#7388),#7415,.T.);
#7388 = FACE_BOUND('',#7389,.T.);
#7389 = EDGE_LOOP('',(#7390,#7391,#7399,#7407,#7413,#7414));
#7390 = ORIENTED_EDGE('',*,*,#7375,.F.);
#7391 = ORIENTED_EDGE('',*,*,#7392,.T.);
#7392 = EDGE_CURVE('',#7368,#7393,#7395,.T.);
#7393 = VERTEX_POINT('',#7394);
#7394 = CARTESIAN_POINT('',(19.495,-15.,-26.22));
#7395 = LINE('',#7396,#7397);
#7396 = CARTESIAN_POINT('',(15.3,-15.,-26.22));
#7397 = VECTOR('',#7398,1.);
#7398 = DIRECTION('',(1.,0.,0.));
#7399 = ORIENTED_EDGE('',*,*,#7400,.T.);
#7400 = EDGE_CURVE('',#7393,#7401,#7403,.T.);
#7401 = VERTEX_POINT('',#7402);
#7402 = CARTESIAN_POINT('',(19.495,-15.2,-26.22));
#7403 = LINE('',#7404,#7405);
#7404 = CARTESIAN_POINT('',(19.495,-15.,-26.22));
#7405 = VECTOR('',#7406,1.);
#7406 = DIRECTION('',(0.,-1.,0.));
#7407 = ORIENTED_EDGE('',*,*,#7408,.T.);
#7408 = EDGE_CURVE('',#7401,#7204,#7409,.T.);
#7409 = LINE('',#7410,#7411);
#7410 = CARTESIAN_POINT('',(15.3,-15.2,-26.22));
#7411 = VECTOR('',#7412,1.);
#7412 = DIRECTION('',(1.,0.,-0.));
#7413 = ORIENTED_EDGE('',*,*,#7203,.F.);
#7414 = ORIENTED_EDGE('',*,*,#7078,.F.);
#7415 = PLANE('',#7416);
#7416 = AXIS2_PLACEMENT_3D('',#7417,#7418,#7419);
#7417 = CARTESIAN_POINT('',(18.125745105149,-15.62175489485,-26.22));
#7418 = DIRECTION('',(-0.,-0.,-1.));
#7419 = DIRECTION('',(-1.,0.,0.));
#7420 = ADVANCED_FACE('',(#7421),#7454,.F.);
#7421 = FACE_BOUND('',#7422,.F.);
#7422 = EDGE_LOOP('',(#7423,#7431,#7439,#7447,#7453));
#7423 = ORIENTED_EDGE('',*,*,#7424,.T.);
#7424 = EDGE_CURVE('',#7401,#7425,#7427,.T.);
#7425 = VERTEX_POINT('',#7426);
#7426 = CARTESIAN_POINT('',(19.495,-15.2,-25.02));
#7427 = LINE('',#7428,#7429);
#7428 = CARTESIAN_POINT('',(19.495,-15.2,-25.894344068));
#7429 = VECTOR('',#7430,1.);
#7430 = DIRECTION('',(0.,-0.,1.));
#7431 = ORIENTED_EDGE('',*,*,#7432,.T.);
#7432 = EDGE_CURVE('',#7425,#7433,#7435,.T.);
#7433 = VERTEX_POINT('',#7434);
#7434 = CARTESIAN_POINT('',(19.495,-14.6,-25.02));
#7435 = LINE('',#7436,#7437);
#7436 = CARTESIAN_POINT('',(19.495,-15.21,-25.02));
#7437 = VECTOR('',#7438,1.);
#7438 = DIRECTION('',(0.,1.,0.));
#7439 = ORIENTED_EDGE('',*,*,#7440,.T.);
#7440 = EDGE_CURVE('',#7433,#7441,#7443,.T.);
#7441 = VERTEX_POINT('',#7442);
#7442 = CARTESIAN_POINT('',(19.495,-14.6,-25.82));
#7443 = LINE('',#7444,#7445);
#7444 = CARTESIAN_POINT('',(19.495,-14.6,-25.02));
#7445 = VECTOR('',#7446,1.);
#7446 = DIRECTION('',(0.,0.,-1.));
#7447 = ORIENTED_EDGE('',*,*,#7448,.T.);
#7448 = EDGE_CURVE('',#7441,#7393,#7449,.T.);
#7449 = LINE('',#7450,#7451);
#7450 = CARTESIAN_POINT('',(19.495,-14.6,-25.82));
#7451 = VECTOR('',#7452,1.);
#7452 = DIRECTION('',(0.,-0.707106781187,-0.707106781187));
#7453 = ORIENTED_EDGE('',*,*,#7400,.T.);
#7454 = PLANE('',#7455);
#7455 = AXIS2_PLACEMENT_3D('',#7456,#7457,#7458);
#7456 = CARTESIAN_POINT('',(19.495,-14.93589567318,-25.56868813601));
#7457 = DIRECTION('',(-1.,-0.,-0.));
#7458 = DIRECTION('',(0.,0.,-1.));
#7459 = ADVANCED_FACE('',(#7460),#7494,.T.);
#7460 = FACE_BOUND('',#7461,.T.);
#7461 = EDGE_LOOP('',(#7462,#7470,#7471,#7472,#7480,#7488));
#7462 = ORIENTED_EDGE('',*,*,#7463,.T.);
#7463 = EDGE_CURVE('',#7464,#6792,#7466,.T.);
#7464 = VERTEX_POINT('',#7465);
#7465 = CARTESIAN_POINT('',(15.3,15.,-26.22));
#7466 = LINE('',#7467,#7468);
#7467 = CARTESIAN_POINT('',(15.3,15.2,-26.22));
#7468 = VECTOR('',#7469,1.);
#7469 = DIRECTION('',(-0.,1.,0.));
#7470 = ORIENTED_EDGE('',*,*,#6791,.T.);
#7471 = ORIENTED_EDGE('',*,*,#6760,.F.);
#7472 = ORIENTED_EDGE('',*,*,#7473,.F.);
#7473 = EDGE_CURVE('',#7474,#6751,#7476,.T.);
#7474 = VERTEX_POINT('',#7475);
#7475 = CARTESIAN_POINT('',(19.495,15.2,-26.22));
#7476 = LINE('',#7477,#7478);
#7477 = CARTESIAN_POINT('',(15.3,15.2,-26.22));
#7478 = VECTOR('',#7479,1.);
#7479 = DIRECTION('',(1.,0.,-0.));
#7480 = ORIENTED_EDGE('',*,*,#7481,.F.);
#7481 = EDGE_CURVE('',#7482,#7474,#7484,.T.);
#7482 = VERTEX_POINT('',#7483);
#7483 = CARTESIAN_POINT('',(19.495,15.,-26.22));
#7484 = LINE('',#7485,#7486);
#7485 = CARTESIAN_POINT('',(19.495,15.,-26.22));
#7486 = VECTOR('',#7487,1.);
#7487 = DIRECTION('',(0.,1.,0.));
#7488 = ORIENTED_EDGE('',*,*,#7489,.F.);
#7489 = EDGE_CURVE('',#7464,#7482,#7490,.T.);
#7490 = LINE('',#7491,#7492);
#7491 = CARTESIAN_POINT('',(15.3,15.,-26.22));
#7492 = VECTOR('',#7493,1.);
#7493 = DIRECTION('',(1.,0.,0.));
#7494 = PLANE('',#7495);
#7495 = AXIS2_PLACEMENT_3D('',#7496,#7497,#7498);
#7496 = CARTESIAN_POINT('',(18.125745105149,15.621754894851,-26.22));
#7497 = DIRECTION('',(-0.,-0.,-1.));
#7498 = DIRECTION('',(-1.,0.,0.));
#7499 = ADVANCED_FACE('',(#7500),#7533,.T.);
#7500 = FACE_BOUND('',#7501,.T.);
#7501 = EDGE_LOOP('',(#7502,#7510,#7518,#7526,#7532));
#7502 = ORIENTED_EDGE('',*,*,#7503,.F.);
#7503 = EDGE_CURVE('',#7504,#7474,#7506,.T.);
#7504 = VERTEX_POINT('',#7505);
#7505 = CARTESIAN_POINT('',(19.495,15.2,-25.02));
#7506 = LINE('',#7507,#7508);
#7507 = CARTESIAN_POINT('',(19.495,15.2,-25.894344068));
#7508 = VECTOR('',#7509,1.);
#7509 = DIRECTION('',(0.,0.,-1.));
#7510 = ORIENTED_EDGE('',*,*,#7511,.T.);
#7511 = EDGE_CURVE('',#7504,#7512,#7514,.T.);
#7512 = VERTEX_POINT('',#7513);
#7513 = CARTESIAN_POINT('',(19.495,14.6,-25.02));
#7514 = LINE('',#7515,#7516);
#7515 = CARTESIAN_POINT('',(19.495,15.21,-25.02));
#7516 = VECTOR('',#7517,1.);
#7517 = DIRECTION('',(0.,-1.,0.));
#7518 = ORIENTED_EDGE('',*,*,#7519,.T.);
#7519 = EDGE_CURVE('',#7512,#7520,#7522,.T.);
#7520 = VERTEX_POINT('',#7521);
#7521 = CARTESIAN_POINT('',(19.495,14.6,-25.82));
#7522 = LINE('',#7523,#7524);
#7523 = CARTESIAN_POINT('',(19.495,14.6,-25.02));
#7524 = VECTOR('',#7525,1.);
#7525 = DIRECTION('',(0.,0.,-1.));
#7526 = ORIENTED_EDGE('',*,*,#7527,.T.);
#7527 = EDGE_CURVE('',#7520,#7482,#7528,.T.);
#7528 = LINE('',#7529,#7530);
#7529 = CARTESIAN_POINT('',(19.495,14.6,-25.82));
#7530 = VECTOR('',#7531,1.);
#7531 = DIRECTION('',(0.,0.707106781187,-0.707106781187));
#7532 = ORIENTED_EDGE('',*,*,#7481,.T.);
#7533 = PLANE('',#7534);
#7534 = AXIS2_PLACEMENT_3D('',#7535,#7536,#7537);
#7535 = CARTESIAN_POINT('',(19.495,14.93589567318,-25.56868813601));
#7536 = DIRECTION('',(1.,0.,0.));
#7537 = DIRECTION('',(-0.,0.,1.));
#7538 = ADVANCED_FACE('',(#7539),#7581,.T.);
#7539 = FACE_BOUND('',#7540,.T.);
#7540 = EDGE_LOOP('',(#7541,#7551,#7557,#7558,#7559,#7567,#7575));
#7541 = ORIENTED_EDGE('',*,*,#7542,.T.);
#7542 = EDGE_CURVE('',#7543,#7545,#7547,.T.);
#7543 = VERTEX_POINT('',#7544);
#7544 = CARTESIAN_POINT('',(15.3,15.2,-25.02));
#7545 = VERTEX_POINT('',#7546);
#7546 = CARTESIAN_POINT('',(15.3,15.2,-25.3));
#7547 = LINE('',#7548,#7549);
#7548 = CARTESIAN_POINT('',(15.3,15.2,-25.434344068));
#7549 = VECTOR('',#7550,1.);
#7550 = DIRECTION('',(0.,0.,-1.));
#7551 = ORIENTED_EDGE('',*,*,#7552,.T.);
#7552 = EDGE_CURVE('',#7545,#6800,#7553,.T.);
#7553 = LINE('',#7554,#7555);
#7554 = CARTESIAN_POINT('',(15.3,15.2,-25.3));
#7555 = VECTOR('',#7556,1.);
#7556 = DIRECTION('',(-0.,1.,0.));
#7557 = ORIENTED_EDGE('',*,*,#6799,.F.);
#7558 = ORIENTED_EDGE('',*,*,#7463,.F.);
#7559 = ORIENTED_EDGE('',*,*,#7560,.F.);
#7560 = EDGE_CURVE('',#7561,#7464,#7563,.T.);
#7561 = VERTEX_POINT('',#7562);
#7562 = CARTESIAN_POINT('',(15.3,14.6,-25.82));
#7563 = LINE('',#7564,#7565);
#7564 = CARTESIAN_POINT('',(15.3,14.6,-25.82));
#7565 = VECTOR('',#7566,1.);
#7566 = DIRECTION('',(0.,0.707106781187,-0.707106781187));
#7567 = ORIENTED_EDGE('',*,*,#7568,.F.);
#7568 = EDGE_CURVE('',#7569,#7561,#7571,.T.);
#7569 = VERTEX_POINT('',#7570);
#7570 = CARTESIAN_POINT('',(15.3,14.6,-25.02));
#7571 = LINE('',#7572,#7573);
#7572 = CARTESIAN_POINT('',(15.3,14.6,-25.02));
#7573 = VECTOR('',#7574,1.);
#7574 = DIRECTION('',(0.,0.,-1.));
#7575 = ORIENTED_EDGE('',*,*,#7576,.F.);
#7576 = EDGE_CURVE('',#7543,#7569,#7577,.T.);
#7577 = LINE('',#7578,#7579);
#7578 = CARTESIAN_POINT('',(15.3,15.21,-25.02));
#7579 = VECTOR('',#7580,1.);
#7580 = DIRECTION('',(0.,-1.,0.));
#7581 = PLANE('',#7582);
#7582 = AXIS2_PLACEMENT_3D('',#7583,#7584,#7585);
#7583 = CARTESIAN_POINT('',(15.3,15.388927555333,-25.63980626174));
#7584 = DIRECTION('',(-1.,-0.,-3.605761454536E-16));
#7585 = DIRECTION('',(3.605761454536E-16,0.,-1.));
#7586 = ADVANCED_FACE('',(#7587),#7605,.F.);
#7587 = FACE_BOUND('',#7588,.F.);
#7588 = EDGE_LOOP('',(#7589,#7590,#7598,#7604));
#7589 = ORIENTED_EDGE('',*,*,#6807,.F.);
#7590 = ORIENTED_EDGE('',*,*,#7591,.F.);
#7591 = EDGE_CURVE('',#7592,#6808,#7594,.T.);
#7592 = VERTEX_POINT('',#7593);
#7593 = CARTESIAN_POINT('',(13.875,15.2,-25.3));
#7594 = LINE('',#7595,#7596);
#7595 = CARTESIAN_POINT('',(13.875,15.2,-25.3));
#7596 = VECTOR('',#7597,1.);
#7597 = DIRECTION('',(-0.,1.,0.));
#7598 = ORIENTED_EDGE('',*,*,#7599,.T.);
#7599 = EDGE_CURVE('',#7592,#7545,#7600,.T.);
#7600 = LINE('',#7601,#7602);
#7601 = CARTESIAN_POINT('',(13.875,15.2,-25.3));
#7602 = VECTOR('',#7603,1.);
#7603 = DIRECTION('',(1.,0.,-0.));
#7604 = ORIENTED_EDGE('',*,*,#7552,.T.);
#7605 = PLANE('',#7606);
#7606 = AXIS2_PLACEMENT_3D('',#7607,#7608,#7609);
#7607 = CARTESIAN_POINT('',(13.875,15.2,-25.3));
#7608 = DIRECTION('',(0.,0.,1.));
#7609 = DIRECTION('',(1.,0.,-0.));
#7610 = ADVANCED_FACE('',(#7611),#7622,.F.);
#7611 = FACE_BOUND('',#7612,.F.);
#7612 = EDGE_LOOP('',(#7613,#7619,#7620,#7621));
#7613 = ORIENTED_EDGE('',*,*,#7614,.F.);
#7614 = EDGE_CURVE('',#7592,#6272,#7615,.T.);
#7615 = LINE('',#7616,#7617);
#7616 = CARTESIAN_POINT('',(13.875,15.2,-25.3));
#7617 = VECTOR('',#7618,1.);
#7618 = DIRECTION('',(0.,0.,1.));
#7619 = ORIENTED_EDGE('',*,*,#7591,.T.);
#7620 = ORIENTED_EDGE('',*,*,#6815,.T.);
#7621 = ORIENTED_EDGE('',*,*,#6271,.F.);
#7622 = PLANE('',#7623);
#7623 = AXIS2_PLACEMENT_3D('',#7624,#7625,#7626);
#7624 = CARTESIAN_POINT('',(13.875,15.2,-25.3));
#7625 = DIRECTION('',(1.,0.,-0.));
#7626 = DIRECTION('',(0.,0.,1.));
#7627 = ADVANCED_FACE('',(#7628),#7749,.F.);
#7628 = FACE_BOUND('',#7629,.F.);
#7629 = EDGE_LOOP('',(#7630,#7631,#7639,#7647,#7655,#7663,#7671,#7679,
    #7687,#7695,#7703,#7711,#7719,#7727,#7735,#7743));
#7630 = ORIENTED_EDGE('',*,*,#6230,.F.);
#7631 = ORIENTED_EDGE('',*,*,#7632,.T.);
#7632 = EDGE_CURVE('',#6231,#7633,#7635,.T.);
#7633 = VERTEX_POINT('',#7634);
#7634 = CARTESIAN_POINT('',(-14.875,19.85,-15.75));
#7635 = LINE('',#7636,#7637);
#7636 = CARTESIAN_POINT('',(-14.875,19.85,-17.8));
#7637 = VECTOR('',#7638,1.);
#7638 = DIRECTION('',(0.,0.,1.));
#7639 = ORIENTED_EDGE('',*,*,#7640,.T.);
#7640 = EDGE_CURVE('',#7633,#7641,#7643,.T.);
#7641 = VERTEX_POINT('',#7642);
#7642 = CARTESIAN_POINT('',(-14.875,17.5,-15.75));
#7643 = LINE('',#7644,#7645);
#7644 = CARTESIAN_POINT('',(-14.875,18.675,-15.75));
#7645 = VECTOR('',#7646,1.);
#7646 = DIRECTION('',(0.,-1.,0.));
#7647 = ORIENTED_EDGE('',*,*,#7648,.T.);
#7648 = EDGE_CURVE('',#7641,#7649,#7651,.T.);
#7649 = VERTEX_POINT('',#7650);
#7650 = CARTESIAN_POINT('',(-14.875,17.5,-13.5));
#7651 = LINE('',#7652,#7653);
#7652 = CARTESIAN_POINT('',(-14.875,17.5,-16.775));
#7653 = VECTOR('',#7654,1.);
#7654 = DIRECTION('',(0.,0.,1.));
#7655 = ORIENTED_EDGE('',*,*,#7656,.T.);
#7656 = EDGE_CURVE('',#7649,#7657,#7659,.T.);
#7657 = VERTEX_POINT('',#7658);
#7658 = CARTESIAN_POINT('',(-14.875,16.2,-13.5));
#7659 = LINE('',#7660,#7661);
#7660 = CARTESIAN_POINT('',(-14.875,18.025,-13.5));
#7661 = VECTOR('',#7662,1.);
#7662 = DIRECTION('',(0.,-1.,0.));
#7663 = ORIENTED_EDGE('',*,*,#7664,.T.);
#7664 = EDGE_CURVE('',#7657,#7665,#7667,.T.);
#7665 = VERTEX_POINT('',#7666);
#7666 = CARTESIAN_POINT('',(-14.875,16.2,-12.5));
#7667 = LINE('',#7668,#7669);
#7668 = CARTESIAN_POINT('',(-14.875,16.2,-15.65));
#7669 = VECTOR('',#7670,1.);
#7670 = DIRECTION('',(0.,0.,1.));
#7671 = ORIENTED_EDGE('',*,*,#7672,.T.);
#7672 = EDGE_CURVE('',#7665,#7673,#7675,.T.);
#7673 = VERTEX_POINT('',#7674);
#7674 = CARTESIAN_POINT('',(-14.875,3.5,-12.5));
#7675 = LINE('',#7676,#7677);
#7676 = CARTESIAN_POINT('',(-14.875,19.85,-12.5));
#7677 = VECTOR('',#7678,1.);
#7678 = DIRECTION('',(0.,-1.,0.));
#7679 = ORIENTED_EDGE('',*,*,#7680,.F.);
#7680 = EDGE_CURVE('',#7681,#7673,#7683,.T.);
#7681 = VERTEX_POINT('',#7682);
#7682 = CARTESIAN_POINT('',(-14.875,3.5,-13.5));
#7683 = LINE('',#7684,#7685);
#7684 = CARTESIAN_POINT('',(-14.875,3.5,-15.65));
#7685 = VECTOR('',#7686,1.);
#7686 = DIRECTION('',(0.,0.,1.));
#7687 = ORIENTED_EDGE('',*,*,#7688,.T.);
#7688 = EDGE_CURVE('',#7681,#7689,#7691,.T.);
#7689 = VERTEX_POINT('',#7690);
#7690 = CARTESIAN_POINT('',(-14.875,-10.,-13.5));
#7691 = LINE('',#7692,#7693);
#7692 = CARTESIAN_POINT('',(-14.875,4.925,-13.5));
#7693 = VECTOR('',#7694,1.);
#7694 = DIRECTION('',(0.,-1.,0.));
#7695 = ORIENTED_EDGE('',*,*,#7696,.T.);
#7696 = EDGE_CURVE('',#7689,#7697,#7699,.T.);
#7697 = VERTEX_POINT('',#7698);
#7698 = CARTESIAN_POINT('',(-14.875,-10.,-12.5));
#7699 = LINE('',#7700,#7701);
#7700 = CARTESIAN_POINT('',(-14.875,-10.,-15.65));
#7701 = VECTOR('',#7702,1.);
#7702 = DIRECTION('',(0.,0.,1.));
#7703 = ORIENTED_EDGE('',*,*,#7704,.T.);
#7704 = EDGE_CURVE('',#7697,#7705,#7707,.T.);
#7705 = VERTEX_POINT('',#7706);
#7706 = CARTESIAN_POINT('',(-14.875,-16.2,-12.5));
#7707 = LINE('',#7708,#7709);
#7708 = CARTESIAN_POINT('',(-14.875,19.85,-12.5));
#7709 = VECTOR('',#7710,1.);
#7710 = DIRECTION('',(0.,-1.,0.));
#7711 = ORIENTED_EDGE('',*,*,#7712,.F.);
#7712 = EDGE_CURVE('',#7713,#7705,#7715,.T.);
#7713 = VERTEX_POINT('',#7714);
#7714 = CARTESIAN_POINT('',(-14.875,-16.2,-13.5));
#7715 = LINE('',#7716,#7717);
#7716 = CARTESIAN_POINT('',(-14.875,-16.2,-15.65));
#7717 = VECTOR('',#7718,1.);
#7718 = DIRECTION('',(0.,0.,1.));
#7719 = ORIENTED_EDGE('',*,*,#7720,.T.);
#7720 = EDGE_CURVE('',#7713,#7721,#7723,.T.);
#7721 = VERTEX_POINT('',#7722);
#7722 = CARTESIAN_POINT('',(-14.875,-17.5,-13.5));
#7723 = LINE('',#7724,#7725);
#7724 = CARTESIAN_POINT('',(-14.875,1.175,-13.5));
#7725 = VECTOR('',#7726,1.);
#7726 = DIRECTION('',(0.,-1.,0.));
#7727 = ORIENTED_EDGE('',*,*,#7728,.F.);
#7728 = EDGE_CURVE('',#7729,#7721,#7731,.T.);
#7729 = VERTEX_POINT('',#7730);
#7730 = CARTESIAN_POINT('',(-14.875,-17.5,-15.75));
#7731 = LINE('',#7732,#7733);
#7732 = CARTESIAN_POINT('',(-14.875,-17.5,-16.775));
#7733 = VECTOR('',#7734,1.);
#7734 = DIRECTION('',(0.,0.,1.));
#7735 = ORIENTED_EDGE('',*,*,#7736,.T.);
#7736 = EDGE_CURVE('',#7729,#7737,#7739,.T.);
#7737 = VERTEX_POINT('',#7738);
#7738 = CARTESIAN_POINT('',(-14.875,-19.85,-15.75));
#7739 = LINE('',#7740,#7741);
#7740 = CARTESIAN_POINT('',(-14.875,-3.,-15.75));
#7741 = VECTOR('',#7742,1.);
#7742 = DIRECTION('',(0.,-1.,0.));
#7743 = ORIENTED_EDGE('',*,*,#7744,.F.);
#7744 = EDGE_CURVE('',#6220,#7737,#7745,.T.);
#7745 = LINE('',#7746,#7747);
#7746 = CARTESIAN_POINT('',(-14.875,-19.85,-17.8));
#7747 = VECTOR('',#7748,1.);
#7748 = DIRECTION('',(0.,0.,1.));
#7749 = PLANE('',#7750);
#7750 = AXIS2_PLACEMENT_3D('',#7751,#7752,#7753);
#7751 = CARTESIAN_POINT('',(-14.875,19.85,-17.8));
#7752 = DIRECTION('',(1.,0.,-0.));
#7753 = DIRECTION('',(0.,-1.,0.));
#7754 = ADVANCED_FACE('',(#7755),#7789,.T.);
#7755 = FACE_BOUND('',#7756,.T.);
#7756 = EDGE_LOOP('',(#7757,#7767,#7775,#7783));
#7757 = ORIENTED_EDGE('',*,*,#7758,.F.);
#7758 = EDGE_CURVE('',#7759,#7761,#7763,.T.);
#7759 = VERTEX_POINT('',#7760);
#7760 = CARTESIAN_POINT('',(-16.2,-16.2,-9.));
#7761 = VERTEX_POINT('',#7762);
#7762 = CARTESIAN_POINT('',(-16.2,-17.5,-9.));
#7763 = LINE('',#7764,#7765);
#7764 = CARTESIAN_POINT('',(-16.2,-8.75,-9.));
#7765 = VECTOR('',#7766,1.);
#7766 = DIRECTION('',(0.,-1.,0.));
#7767 = ORIENTED_EDGE('',*,*,#7768,.F.);
#7768 = EDGE_CURVE('',#7769,#7759,#7771,.T.);
#7769 = VERTEX_POINT('',#7770);
#7770 = CARTESIAN_POINT('',(-16.2,-16.2,-13.5));
#7771 = LINE('',#7772,#7773);
#7772 = CARTESIAN_POINT('',(-16.2,-16.2,-12.51));
#7773 = VECTOR('',#7774,1.);
#7774 = DIRECTION('',(0.,0.,1.));
#7775 = ORIENTED_EDGE('',*,*,#7776,.F.);
#7776 = EDGE_CURVE('',#7777,#7769,#7779,.T.);
#7777 = VERTEX_POINT('',#7778);
#7778 = CARTESIAN_POINT('',(-16.2,-17.5,-13.5));
#7779 = LINE('',#7780,#7781);
#7780 = CARTESIAN_POINT('',(-16.2,-17.5,-13.5));
#7781 = VECTOR('',#7782,1.);
#7782 = DIRECTION('',(-0.,1.,0.));
#7783 = ORIENTED_EDGE('',*,*,#7784,.T.);
#7784 = EDGE_CURVE('',#7777,#7761,#7785,.T.);
#7785 = LINE('',#7786,#7787);
#7786 = CARTESIAN_POINT('',(-16.2,-17.5,-13.5));
#7787 = VECTOR('',#7788,1.);
#7788 = DIRECTION('',(0.,0.,1.));
#7789 = PLANE('',#7790);
#7790 = AXIS2_PLACEMENT_3D('',#7791,#7792,#7793);
#7791 = CARTESIAN_POINT('',(-16.2,-16.85,-11.25));
#7792 = DIRECTION('',(-1.,-0.,-0.));
#7793 = DIRECTION('',(0.,0.,-1.));
#7794 = ADVANCED_FACE('',(#7795),#7843,.T.);
#7795 = FACE_BOUND('',#7796,.T.);
#7796 = EDGE_LOOP('',(#7797,#7807,#7815,#7823,#7829,#7830,#7836,#7837));
#7797 = ORIENTED_EDGE('',*,*,#7798,.F.);
#7798 = EDGE_CURVE('',#7799,#7801,#7803,.T.);
#7799 = VERTEX_POINT('',#7800);
#7800 = CARTESIAN_POINT('',(-15.325,-16.2,-12.49));
#7801 = VERTEX_POINT('',#7802);
#7802 = CARTESIAN_POINT('',(-15.325,-16.2,-9.));
#7803 = LINE('',#7804,#7805);
#7804 = CARTESIAN_POINT('',(-15.325,-16.2,-12.51));
#7805 = VECTOR('',#7806,1.);
#7806 = DIRECTION('',(0.,0.,1.));
#7807 = ORIENTED_EDGE('',*,*,#7808,.T.);
#7808 = EDGE_CURVE('',#7799,#7809,#7811,.T.);
#7809 = VERTEX_POINT('',#7810);
#7810 = CARTESIAN_POINT('',(-14.975,-16.2,-12.49));
#7811 = LINE('',#7812,#7813);
#7812 = CARTESIAN_POINT('',(-16.2,-16.2,-12.49));
#7813 = VECTOR('',#7814,1.);
#7814 = DIRECTION('',(1.,0.,-0.));
#7815 = ORIENTED_EDGE('',*,*,#7816,.T.);
#7816 = EDGE_CURVE('',#7809,#7817,#7819,.T.);
#7817 = VERTEX_POINT('',#7818);
#7818 = CARTESIAN_POINT('',(-14.975,-16.2,-12.5));
#7819 = LINE('',#7820,#7821);
#7820 = CARTESIAN_POINT('',(-14.975,-16.2,-12.02373626373));
#7821 = VECTOR('',#7822,1.);
#7822 = DIRECTION('',(-0.,0.,-1.));
#7823 = ORIENTED_EDGE('',*,*,#7824,.T.);
#7824 = EDGE_CURVE('',#7817,#7705,#7825,.T.);
#7825 = LINE('',#7826,#7827);
#7826 = CARTESIAN_POINT('',(-7.740746336996,-16.2,-12.5));
#7827 = VECTOR('',#7828,1.);
#7828 = DIRECTION('',(1.,0.,0.));
#7829 = ORIENTED_EDGE('',*,*,#7712,.F.);
#7830 = ORIENTED_EDGE('',*,*,#7831,.F.);
#7831 = EDGE_CURVE('',#7769,#7713,#7832,.T.);
#7832 = LINE('',#7833,#7834);
#7833 = CARTESIAN_POINT('',(-16.2,-16.2,-13.5));
#7834 = VECTOR('',#7835,1.);
#7835 = DIRECTION('',(1.,0.,-0.));
#7836 = ORIENTED_EDGE('',*,*,#7768,.T.);
#7837 = ORIENTED_EDGE('',*,*,#7838,.T.);
#7838 = EDGE_CURVE('',#7759,#7801,#7839,.T.);
#7839 = LINE('',#7840,#7841);
#7840 = CARTESIAN_POINT('',(-8.1,-16.2,-9.));
#7841 = VECTOR('',#7842,1.);
#7842 = DIRECTION('',(1.,0.,-0.));
#7843 = PLANE('',#7844);
#7844 = AXIS2_PLACEMENT_3D('',#7845,#7846,#7847);
#7845 = CARTESIAN_POINT('',(-15.48149267399,-16.2,-11.54747252747));
#7846 = DIRECTION('',(0.,1.,0.));
#7847 = DIRECTION('',(0.,-0.,1.));
#7848 = ADVANCED_FACE('',(#7849),#7874,.T.);
#7849 = FACE_BOUND('',#7850,.T.);
#7850 = EDGE_LOOP('',(#7851,#7861,#7867,#7868));
#7851 = ORIENTED_EDGE('',*,*,#7852,.F.);
#7852 = EDGE_CURVE('',#7853,#7855,#7857,.T.);
#7853 = VERTEX_POINT('',#7854);
#7854 = CARTESIAN_POINT('',(-15.325,-17.5,-12.49));
#7855 = VERTEX_POINT('',#7856);
#7856 = CARTESIAN_POINT('',(-15.325,-17.5,-9.));
#7857 = LINE('',#7858,#7859);
#7858 = CARTESIAN_POINT('',(-15.325,-17.5,-12.51));
#7859 = VECTOR('',#7860,1.);
#7860 = DIRECTION('',(0.,0.,1.));
#7861 = ORIENTED_EDGE('',*,*,#7862,.F.);
#7862 = EDGE_CURVE('',#7799,#7853,#7863,.T.);
#7863 = LINE('',#7864,#7865);
#7864 = CARTESIAN_POINT('',(-15.325,-17.5,-12.49));
#7865 = VECTOR('',#7866,1.);
#7866 = DIRECTION('',(0.,-1.,0.));
#7867 = ORIENTED_EDGE('',*,*,#7798,.T.);
#7868 = ORIENTED_EDGE('',*,*,#7869,.T.);
#7869 = EDGE_CURVE('',#7801,#7855,#7870,.T.);
#7870 = LINE('',#7871,#7872);
#7871 = CARTESIAN_POINT('',(-15.325,-8.75,-9.));
#7872 = VECTOR('',#7873,1.);
#7873 = DIRECTION('',(0.,-1.,0.));
#7874 = PLANE('',#7875);
#7875 = AXIS2_PLACEMENT_3D('',#7876,#7877,#7878);
#7876 = CARTESIAN_POINT('',(-15.325,-17.5,-12.51));
#7877 = DIRECTION('',(1.,0.,-0.));
#7878 = DIRECTION('',(0.,0.,1.));
#7879 = ADVANCED_FACE('',(#7880),#7891,.F.);
#7880 = FACE_BOUND('',#7881,.F.);
#7881 = EDGE_LOOP('',(#7882,#7883,#7884,#7890));
#7882 = ORIENTED_EDGE('',*,*,#7831,.F.);
#7883 = ORIENTED_EDGE('',*,*,#7776,.F.);
#7884 = ORIENTED_EDGE('',*,*,#7885,.T.);
#7885 = EDGE_CURVE('',#7777,#7721,#7886,.T.);
#7886 = LINE('',#7887,#7888);
#7887 = CARTESIAN_POINT('',(-16.2,-17.5,-13.5));
#7888 = VECTOR('',#7889,1.);
#7889 = DIRECTION('',(1.,0.,-0.));
#7890 = ORIENTED_EDGE('',*,*,#7720,.F.);
#7891 = PLANE('',#7892);
#7892 = AXIS2_PLACEMENT_3D('',#7893,#7894,#7895);
#7893 = CARTESIAN_POINT('',(-16.2,-17.5,-13.5));
#7894 = DIRECTION('',(0.,0.,1.));
#7895 = DIRECTION('',(1.,0.,-0.));
#7896 = ADVANCED_FACE('',(#7897),#7938,.T.);
#7897 = FACE_BOUND('',#7898,.T.);
#7898 = EDGE_LOOP('',(#7899,#7909,#7917,#7925,#7931,#7932));
#7899 = ORIENTED_EDGE('',*,*,#7900,.T.);
#7900 = EDGE_CURVE('',#7901,#7903,#7905,.T.);
#7901 = VERTEX_POINT('',#7902);
#7902 = CARTESIAN_POINT('',(-14.975,-10.,-12.5));
#7903 = VERTEX_POINT('',#7904);
#7904 = CARTESIAN_POINT('',(-14.975,-10.,-9.));
#7905 = LINE('',#7906,#7907);
#7906 = CARTESIAN_POINT('',(-14.975,-10.,-11.97899267399));
#7907 = VECTOR('',#7908,1.);
#7908 = DIRECTION('',(0.,-0.,1.));
#7909 = ORIENTED_EDGE('',*,*,#7910,.F.);
#7910 = EDGE_CURVE('',#7911,#7903,#7913,.T.);
#7911 = VERTEX_POINT('',#7912);
#7912 = CARTESIAN_POINT('',(-16.2,-10.,-9.));
#7913 = LINE('',#7914,#7915);
#7914 = CARTESIAN_POINT('',(-8.1,-10.,-9.));
#7915 = VECTOR('',#7916,1.);
#7916 = DIRECTION('',(1.,0.,-0.));
#7917 = ORIENTED_EDGE('',*,*,#7918,.F.);
#7918 = EDGE_CURVE('',#7919,#7911,#7921,.T.);
#7919 = VERTEX_POINT('',#7920);
#7920 = CARTESIAN_POINT('',(-16.2,-10.,-13.5));
#7921 = LINE('',#7922,#7923);
#7922 = CARTESIAN_POINT('',(-16.2,-10.,-12.51));
#7923 = VECTOR('',#7924,1.);
#7924 = DIRECTION('',(0.,0.,1.));
#7925 = ORIENTED_EDGE('',*,*,#7926,.T.);
#7926 = EDGE_CURVE('',#7919,#7689,#7927,.T.);
#7927 = LINE('',#7928,#7929);
#7928 = CARTESIAN_POINT('',(-16.2,-10.,-13.5));
#7929 = VECTOR('',#7930,1.);
#7930 = DIRECTION('',(1.,0.,-0.));
#7931 = ORIENTED_EDGE('',*,*,#7696,.T.);
#7932 = ORIENTED_EDGE('',*,*,#7933,.T.);
#7933 = EDGE_CURVE('',#7697,#7901,#7934,.T.);
#7934 = LINE('',#7935,#7936);
#7935 = CARTESIAN_POINT('',(-7.696002747253,-10.,-12.5));
#7936 = VECTOR('',#7937,1.);
#7937 = DIRECTION('',(-1.,0.,0.));
#7938 = PLANE('',#7939);
#7939 = AXIS2_PLACEMENT_3D('',#7940,#7941,#7942);
#7940 = CARTESIAN_POINT('',(-15.3920054945,-10.,-11.45798534798));
#7941 = DIRECTION('',(-0.,-1.,-0.));
#7942 = DIRECTION('',(0.,0.,-1.));
#7943 = ADVANCED_FACE('',(#7944),#7969,.T.);
#7944 = FACE_BOUND('',#7945,.T.);
#7945 = EDGE_LOOP('',(#7946,#7947,#7955,#7963));
#7946 = ORIENTED_EDGE('',*,*,#7918,.T.);
#7947 = ORIENTED_EDGE('',*,*,#7948,.F.);
#7948 = EDGE_CURVE('',#7949,#7911,#7951,.T.);
#7949 = VERTEX_POINT('',#7950);
#7950 = CARTESIAN_POINT('',(-16.2,3.5,-9.));
#7951 = LINE('',#7952,#7953);
#7952 = CARTESIAN_POINT('',(-16.2,-5.,-9.));
#7953 = VECTOR('',#7954,1.);
#7954 = DIRECTION('',(0.,-1.,0.));
#7955 = ORIENTED_EDGE('',*,*,#7956,.F.);
#7956 = EDGE_CURVE('',#7957,#7949,#7959,.T.);
#7957 = VERTEX_POINT('',#7958);
#7958 = CARTESIAN_POINT('',(-16.2,3.5,-13.5));
#7959 = LINE('',#7960,#7961);
#7960 = CARTESIAN_POINT('',(-16.2,3.5,-13.5));
#7961 = VECTOR('',#7962,1.);
#7962 = DIRECTION('',(0.,0.,1.));
#7963 = ORIENTED_EDGE('',*,*,#7964,.F.);
#7964 = EDGE_CURVE('',#7919,#7957,#7965,.T.);
#7965 = LINE('',#7966,#7967);
#7966 = CARTESIAN_POINT('',(-16.2,-10.,-13.5));
#7967 = VECTOR('',#7968,1.);
#7968 = DIRECTION('',(-0.,1.,0.));
#7969 = PLANE('',#7970);
#7970 = AXIS2_PLACEMENT_3D('',#7971,#7972,#7973);
#7971 = CARTESIAN_POINT('',(-16.2,-3.25,-11.25));
#7972 = DIRECTION('',(-1.,-0.,-0.));
#7973 = DIRECTION('',(0.,0.,-1.));
#7974 = ADVANCED_FACE('',(#7975),#8007,.T.);
#7975 = FACE_BOUND('',#7976,.T.);
#7976 = EDGE_LOOP('',(#7977,#7987,#7993,#7994,#8000,#8001));
#7977 = ORIENTED_EDGE('',*,*,#7978,.F.);
#7978 = EDGE_CURVE('',#7979,#7981,#7983,.T.);
#7979 = VERTEX_POINT('',#7980);
#7980 = CARTESIAN_POINT('',(-14.975,3.5,-12.5));
#7981 = VERTEX_POINT('',#7982);
#7982 = CARTESIAN_POINT('',(-14.975,3.5,-9.));
#7983 = LINE('',#7984,#7985);
#7984 = CARTESIAN_POINT('',(-14.975,3.5,-12.51));
#7985 = VECTOR('',#7986,1.);
#7986 = DIRECTION('',(0.,0.,1.));
#7987 = ORIENTED_EDGE('',*,*,#7988,.T.);
#7988 = EDGE_CURVE('',#7979,#7673,#7989,.T.);
#7989 = LINE('',#7990,#7991);
#7990 = CARTESIAN_POINT('',(-7.696002747253,3.5,-12.5));
#7991 = VECTOR('',#7992,1.);
#7992 = DIRECTION('',(1.,0.,0.));
#7993 = ORIENTED_EDGE('',*,*,#7680,.F.);
#7994 = ORIENTED_EDGE('',*,*,#7995,.F.);
#7995 = EDGE_CURVE('',#7957,#7681,#7996,.T.);
#7996 = LINE('',#7997,#7998);
#7997 = CARTESIAN_POINT('',(-16.2,3.5,-13.5));
#7998 = VECTOR('',#7999,1.);
#7999 = DIRECTION('',(1.,0.,-0.));
#8000 = ORIENTED_EDGE('',*,*,#7956,.T.);
#8001 = ORIENTED_EDGE('',*,*,#8002,.T.);
#8002 = EDGE_CURVE('',#7949,#7981,#8003,.T.);
#8003 = LINE('',#8004,#8005);
#8004 = CARTESIAN_POINT('',(-8.1,3.5,-9.));
#8005 = VECTOR('',#8006,1.);
#8006 = DIRECTION('',(1.,0.,-0.));
#8007 = PLANE('',#8008);
#8008 = AXIS2_PLACEMENT_3D('',#8009,#8010,#8011);
#8009 = CARTESIAN_POINT('',(-15.3920054945,3.5,-11.45798534798));
#8010 = DIRECTION('',(0.,1.,0.));
#8011 = DIRECTION('',(0.,-0.,1.));
#8012 = ADVANCED_FACE('',(#8013),#8047,.T.);
#8013 = FACE_BOUND('',#8014,.T.);
#8014 = EDGE_LOOP('',(#8015,#8025,#8033,#8041));
#8015 = ORIENTED_EDGE('',*,*,#8016,.F.);
#8016 = EDGE_CURVE('',#8017,#8019,#8021,.T.);
#8017 = VERTEX_POINT('',#8018);
#8018 = CARTESIAN_POINT('',(-16.2,17.5,-9.));
#8019 = VERTEX_POINT('',#8020);
#8020 = CARTESIAN_POINT('',(-16.2,16.2,-9.));
#8021 = LINE('',#8022,#8023);
#8022 = CARTESIAN_POINT('',(-16.2,8.1,-9.));
#8023 = VECTOR('',#8024,1.);
#8024 = DIRECTION('',(0.,-1.,0.));
#8025 = ORIENTED_EDGE('',*,*,#8026,.F.);
#8026 = EDGE_CURVE('',#8027,#8017,#8029,.T.);
#8027 = VERTEX_POINT('',#8028);
#8028 = CARTESIAN_POINT('',(-16.2,17.5,-13.5));
#8029 = LINE('',#8030,#8031);
#8030 = CARTESIAN_POINT('',(-16.2,17.5,-12.51));
#8031 = VECTOR('',#8032,1.);
#8032 = DIRECTION('',(0.,0.,1.));
#8033 = ORIENTED_EDGE('',*,*,#8034,.F.);
#8034 = EDGE_CURVE('',#8035,#8027,#8037,.T.);
#8035 = VERTEX_POINT('',#8036);
#8036 = CARTESIAN_POINT('',(-16.2,16.2,-13.5));
#8037 = LINE('',#8038,#8039);
#8038 = CARTESIAN_POINT('',(-16.2,16.2,-13.5));
#8039 = VECTOR('',#8040,1.);
#8040 = DIRECTION('',(-0.,1.,0.));
#8041 = ORIENTED_EDGE('',*,*,#8042,.T.);
#8042 = EDGE_CURVE('',#8035,#8019,#8043,.T.);
#8043 = LINE('',#8044,#8045);
#8044 = CARTESIAN_POINT('',(-16.2,16.2,-13.5));
#8045 = VECTOR('',#8046,1.);
#8046 = DIRECTION('',(0.,0.,1.));
#8047 = PLANE('',#8048);
#8048 = AXIS2_PLACEMENT_3D('',#8049,#8050,#8051);
#8049 = CARTESIAN_POINT('',(-16.2,16.85,-11.25));
#8050 = DIRECTION('',(-1.,-0.,-0.));
#8051 = DIRECTION('',(0.,0.,-1.));
#8052 = ADVANCED_FACE('',(#8053),#8101,.T.);
#8053 = FACE_BOUND('',#8054,.T.);
#8054 = EDGE_LOOP('',(#8055,#8065,#8073,#8079,#8080,#8086,#8087,#8095));
#8055 = ORIENTED_EDGE('',*,*,#8056,.F.);
#8056 = EDGE_CURVE('',#8057,#8059,#8061,.T.);
#8057 = VERTEX_POINT('',#8058);
#8058 = CARTESIAN_POINT('',(-15.325,16.2,-12.49));
#8059 = VERTEX_POINT('',#8060);
#8060 = CARTESIAN_POINT('',(-14.975,16.2,-12.49));
#8061 = LINE('',#8062,#8063);
#8062 = CARTESIAN_POINT('',(-16.2,16.2,-12.49));
#8063 = VECTOR('',#8064,1.);
#8064 = DIRECTION('',(1.,0.,-0.));
#8065 = ORIENTED_EDGE('',*,*,#8066,.T.);
#8066 = EDGE_CURVE('',#8057,#8067,#8069,.T.);
#8067 = VERTEX_POINT('',#8068);
#8068 = CARTESIAN_POINT('',(-15.325,16.2,-9.));
#8069 = LINE('',#8070,#8071);
#8070 = CARTESIAN_POINT('',(-15.325,16.2,-12.51));
#8071 = VECTOR('',#8072,1.);
#8072 = DIRECTION('',(0.,0.,1.));
#8073 = ORIENTED_EDGE('',*,*,#8074,.F.);
#8074 = EDGE_CURVE('',#8019,#8067,#8075,.T.);
#8075 = LINE('',#8076,#8077);
#8076 = CARTESIAN_POINT('',(-8.1,16.2,-9.));
#8077 = VECTOR('',#8078,1.);
#8078 = DIRECTION('',(1.,0.,-0.));
#8079 = ORIENTED_EDGE('',*,*,#8042,.F.);
#8080 = ORIENTED_EDGE('',*,*,#8081,.T.);
#8081 = EDGE_CURVE('',#8035,#7657,#8082,.T.);
#8082 = LINE('',#8083,#8084);
#8083 = CARTESIAN_POINT('',(-16.2,16.2,-13.5));
#8084 = VECTOR('',#8085,1.);
#8085 = DIRECTION('',(1.,0.,-0.));
#8086 = ORIENTED_EDGE('',*,*,#7664,.T.);
#8087 = ORIENTED_EDGE('',*,*,#8088,.T.);
#8088 = EDGE_CURVE('',#7665,#8089,#8091,.T.);
#8089 = VERTEX_POINT('',#8090);
#8090 = CARTESIAN_POINT('',(-14.975,16.2,-12.5));
#8091 = LINE('',#8092,#8093);
#8092 = CARTESIAN_POINT('',(-7.740746336996,16.2,-12.5));
#8093 = VECTOR('',#8094,1.);
#8094 = DIRECTION('',(-1.,0.,0.));
#8095 = ORIENTED_EDGE('',*,*,#8096,.T.);
#8096 = EDGE_CURVE('',#8089,#8059,#8097,.T.);
#8097 = LINE('',#8098,#8099);
#8098 = CARTESIAN_POINT('',(-14.975,16.2,-12.02373626373));
#8099 = VECTOR('',#8100,1.);
#8100 = DIRECTION('',(0.,-0.,1.));
#8101 = PLANE('',#8102);
#8102 = AXIS2_PLACEMENT_3D('',#8103,#8104,#8105);
#8103 = CARTESIAN_POINT('',(-15.48149267399,16.2,-11.54747252747));
#8104 = DIRECTION('',(-0.,-1.,-0.));
#8105 = DIRECTION('',(0.,0.,-1.));
#8106 = ADVANCED_FACE('',(#8107),#8132,.T.);
#8107 = FACE_BOUND('',#8108,.T.);
#8108 = EDGE_LOOP('',(#8109,#8110,#8118,#8126));
#8109 = ORIENTED_EDGE('',*,*,#8066,.F.);
#8110 = ORIENTED_EDGE('',*,*,#8111,.F.);
#8111 = EDGE_CURVE('',#8112,#8057,#8114,.T.);
#8112 = VERTEX_POINT('',#8113);
#8113 = CARTESIAN_POINT('',(-15.325,17.5,-12.49));
#8114 = LINE('',#8115,#8116);
#8115 = CARTESIAN_POINT('',(-15.325,16.2,-12.49));
#8116 = VECTOR('',#8117,1.);
#8117 = DIRECTION('',(0.,-1.,0.));
#8118 = ORIENTED_EDGE('',*,*,#8119,.T.);
#8119 = EDGE_CURVE('',#8112,#8120,#8122,.T.);
#8120 = VERTEX_POINT('',#8121);
#8121 = CARTESIAN_POINT('',(-15.325,17.5,-9.));
#8122 = LINE('',#8123,#8124);
#8123 = CARTESIAN_POINT('',(-15.325,17.5,-12.51));
#8124 = VECTOR('',#8125,1.);
#8125 = DIRECTION('',(0.,0.,1.));
#8126 = ORIENTED_EDGE('',*,*,#8127,.T.);
#8127 = EDGE_CURVE('',#8120,#8067,#8128,.T.);
#8128 = LINE('',#8129,#8130);
#8129 = CARTESIAN_POINT('',(-15.325,8.1,-9.));
#8130 = VECTOR('',#8131,1.);
#8131 = DIRECTION('',(0.,-1.,0.));
#8132 = PLANE('',#8133);
#8133 = AXIS2_PLACEMENT_3D('',#8134,#8135,#8136);
#8134 = CARTESIAN_POINT('',(-15.325,16.2,-12.51));
#8135 = DIRECTION('',(1.,0.,-0.));
#8136 = DIRECTION('',(0.,0.,1.));
#8137 = ADVANCED_FACE('',(#8138),#8163,.T.);
#8138 = FACE_BOUND('',#8139,.T.);
#8139 = EDGE_LOOP('',(#8140,#8148,#8149,#8157));
#8140 = ORIENTED_EDGE('',*,*,#8141,.F.);
#8141 = EDGE_CURVE('',#7817,#8142,#8144,.T.);
#8142 = VERTEX_POINT('',#8143);
#8143 = CARTESIAN_POINT('',(-14.975,-17.5,-12.5));
#8144 = LINE('',#8145,#8146);
#8145 = CARTESIAN_POINT('',(-14.975,19.85,-12.5));
#8146 = VECTOR('',#8147,1.);
#8147 = DIRECTION('',(0.,-1.,0.));
#8148 = ORIENTED_EDGE('',*,*,#7816,.F.);
#8149 = ORIENTED_EDGE('',*,*,#8150,.F.);
#8150 = EDGE_CURVE('',#8151,#7809,#8153,.T.);
#8151 = VERTEX_POINT('',#8152);
#8152 = CARTESIAN_POINT('',(-14.975,-17.5,-12.49));
#8153 = LINE('',#8154,#8155);
#8154 = CARTESIAN_POINT('',(-14.975,1.175,-12.49));
#8155 = VECTOR('',#8156,1.);
#8156 = DIRECTION('',(-0.,1.,0.));
#8157 = ORIENTED_EDGE('',*,*,#8158,.F.);
#8158 = EDGE_CURVE('',#8142,#8151,#8159,.T.);
#8159 = LINE('',#8160,#8161);
#8160 = CARTESIAN_POINT('',(-14.975,-17.5,-14.125));
#8161 = VECTOR('',#8162,1.);
#8162 = DIRECTION('',(0.,0.,1.));
#8163 = PLANE('',#8164);
#8164 = AXIS2_PLACEMENT_3D('',#8165,#8166,#8167);
#8165 = CARTESIAN_POINT('',(-14.975,19.85,-12.5));
#8166 = DIRECTION('',(1.,0.,-0.));
#8167 = DIRECTION('',(0.,-1.,0.));
#8168 = ADVANCED_FACE('',(#8169),#8180,.T.);
#8169 = FACE_BOUND('',#8170,.T.);
#8170 = EDGE_LOOP('',(#8171,#8172,#8173,#8179));
#8171 = ORIENTED_EDGE('',*,*,#7808,.F.);
#8172 = ORIENTED_EDGE('',*,*,#7862,.T.);
#8173 = ORIENTED_EDGE('',*,*,#8174,.T.);
#8174 = EDGE_CURVE('',#7853,#8151,#8175,.T.);
#8175 = LINE('',#8176,#8177);
#8176 = CARTESIAN_POINT('',(-16.2,-17.5,-12.49));
#8177 = VECTOR('',#8178,1.);
#8178 = DIRECTION('',(1.,0.,-0.));
#8179 = ORIENTED_EDGE('',*,*,#8150,.T.);
#8180 = PLANE('',#8181);
#8181 = AXIS2_PLACEMENT_3D('',#8182,#8183,#8184);
#8182 = CARTESIAN_POINT('',(-16.2,-17.5,-12.49));
#8183 = DIRECTION('',(0.,0.,1.));
#8184 = DIRECTION('',(1.,0.,-0.));
#8185 = ADVANCED_FACE('',(#8186),#8197,.F.);
#8186 = FACE_BOUND('',#8187,.F.);
#8187 = EDGE_LOOP('',(#8188,#8194,#8195,#8196));
#8188 = ORIENTED_EDGE('',*,*,#8189,.F.);
#8189 = EDGE_CURVE('',#8027,#7649,#8190,.T.);
#8190 = LINE('',#8191,#8192);
#8191 = CARTESIAN_POINT('',(-16.2,17.5,-13.5));
#8192 = VECTOR('',#8193,1.);
#8193 = DIRECTION('',(1.,0.,-0.));
#8194 = ORIENTED_EDGE('',*,*,#8034,.F.);
#8195 = ORIENTED_EDGE('',*,*,#8081,.T.);
#8196 = ORIENTED_EDGE('',*,*,#7656,.F.);
#8197 = PLANE('',#8198);
#8198 = AXIS2_PLACEMENT_3D('',#8199,#8200,#8201);
#8199 = CARTESIAN_POINT('',(-16.2,16.2,-13.5));
#8200 = DIRECTION('',(0.,0.,1.));
#8201 = DIRECTION('',(1.,0.,-0.));
#8202 = ADVANCED_FACE('',(#8203),#8221,.T.);
#8203 = FACE_BOUND('',#8204,.T.);
#8204 = EDGE_LOOP('',(#8205,#8213,#8214,#8215));
#8205 = ORIENTED_EDGE('',*,*,#8206,.F.);
#8206 = EDGE_CURVE('',#8112,#8207,#8209,.T.);
#8207 = VERTEX_POINT('',#8208);
#8208 = CARTESIAN_POINT('',(-14.975,17.5,-12.49));
#8209 = LINE('',#8210,#8211);
#8210 = CARTESIAN_POINT('',(-16.2,17.5,-12.49));
#8211 = VECTOR('',#8212,1.);
#8212 = DIRECTION('',(1.,0.,-0.));
#8213 = ORIENTED_EDGE('',*,*,#8111,.T.);
#8214 = ORIENTED_EDGE('',*,*,#8056,.T.);
#8215 = ORIENTED_EDGE('',*,*,#8216,.T.);
#8216 = EDGE_CURVE('',#8059,#8207,#8217,.T.);
#8217 = LINE('',#8218,#8219);
#8218 = CARTESIAN_POINT('',(-14.975,18.025,-12.49));
#8219 = VECTOR('',#8220,1.);
#8220 = DIRECTION('',(-0.,1.,0.));
#8221 = PLANE('',#8222);
#8222 = AXIS2_PLACEMENT_3D('',#8223,#8224,#8225);
#8223 = CARTESIAN_POINT('',(-16.2,16.2,-12.49));
#8224 = DIRECTION('',(0.,0.,1.));
#8225 = DIRECTION('',(1.,0.,-0.));
#8226 = ADVANCED_FACE('',(#8227),#8245,.T.);
#8227 = FACE_BOUND('',#8228,.T.);
#8228 = EDGE_LOOP('',(#8229,#8237,#8238,#8239));
#8229 = ORIENTED_EDGE('',*,*,#8230,.T.);
#8230 = EDGE_CURVE('',#8231,#8207,#8233,.T.);
#8231 = VERTEX_POINT('',#8232);
#8232 = CARTESIAN_POINT('',(-14.975,17.5,-12.5));
#8233 = LINE('',#8234,#8235);
#8234 = CARTESIAN_POINT('',(-14.975,17.5,-14.125));
#8235 = VECTOR('',#8236,1.);
#8236 = DIRECTION('',(0.,0.,1.));
#8237 = ORIENTED_EDGE('',*,*,#8216,.F.);
#8238 = ORIENTED_EDGE('',*,*,#8096,.F.);
#8239 = ORIENTED_EDGE('',*,*,#8240,.F.);
#8240 = EDGE_CURVE('',#8231,#8089,#8241,.T.);
#8241 = LINE('',#8242,#8243);
#8242 = CARTESIAN_POINT('',(-14.975,19.85,-12.5));
#8243 = VECTOR('',#8244,1.);
#8244 = DIRECTION('',(0.,-1.,0.));
#8245 = PLANE('',#8246);
#8246 = AXIS2_PLACEMENT_3D('',#8247,#8248,#8249);
#8247 = CARTESIAN_POINT('',(-14.975,19.85,-12.5));
#8248 = DIRECTION('',(1.,0.,-0.));
#8249 = DIRECTION('',(0.,-1.,0.));
#8250 = ADVANCED_FACE('',(#8251,#8276),#8282,.T.);
#8251 = FACE_BOUND('',#8252,.T.);
#8252 = EDGE_LOOP('',(#8253,#8261,#8262,#8270));
#8253 = ORIENTED_EDGE('',*,*,#8254,.F.);
#8254 = EDGE_CURVE('',#5841,#8255,#8257,.T.);
#8255 = VERTEX_POINT('',#8256);
#8256 = CARTESIAN_POINT('',(16.1,-16.1,-7.82));
#8257 = LINE('',#8258,#8259);
#8258 = CARTESIAN_POINT('',(16.1,-22.9,-7.82));
#8259 = VECTOR('',#8260,1.);
#8260 = DIRECTION('',(-0.,1.,0.));
#8261 = ORIENTED_EDGE('',*,*,#5840,.T.);
#8262 = ORIENTED_EDGE('',*,*,#8263,.T.);
#8263 = EDGE_CURVE('',#5833,#8264,#8266,.T.);
#8264 = VERTEX_POINT('',#8265);
#8265 = CARTESIAN_POINT('',(25.3,-16.1,-7.82));
#8266 = LINE('',#8267,#8268);
#8267 = CARTESIAN_POINT('',(25.3,-22.9,-7.82));
#8268 = VECTOR('',#8269,1.);
#8269 = DIRECTION('',(-0.,1.,0.));
#8270 = ORIENTED_EDGE('',*,*,#8271,.F.);
#8271 = EDGE_CURVE('',#8255,#8264,#8272,.T.);
#8272 = LINE('',#8273,#8274);
#8273 = CARTESIAN_POINT('',(16.1,-16.1,-7.82));
#8274 = VECTOR('',#8275,1.);
#8275 = DIRECTION('',(1.,0.,-0.));
#8276 = FACE_BOUND('',#8277,.T.);
#8277 = EDGE_LOOP('',(#8278,#8279,#8280,#8281));
#8278 = ORIENTED_EDGE('',*,*,#7103,.F.);
#8279 = ORIENTED_EDGE('',*,*,#7033,.T.);
#8280 = ORIENTED_EDGE('',*,*,#7064,.F.);
#8281 = ORIENTED_EDGE('',*,*,#7188,.F.);
#8282 = PLANE('',#8283);
#8283 = AXIS2_PLACEMENT_3D('',#8284,#8285,#8286);
#8284 = CARTESIAN_POINT('',(16.1,-22.9,-7.82));
#8285 = DIRECTION('',(0.,0.,1.));
#8286 = DIRECTION('',(1.,0.,-0.));
#8287 = ADVANCED_FACE('',(#8288),#8322,.F.);
#8288 = FACE_BOUND('',#8289,.F.);
#8289 = EDGE_LOOP('',(#8290,#8291,#8299,#8307,#8315,#8321));
#8290 = ORIENTED_EDGE('',*,*,#6319,.F.);
#8291 = ORIENTED_EDGE('',*,*,#8292,.T.);
#8292 = EDGE_CURVE('',#6320,#8293,#8295,.T.);
#8293 = VERTEX_POINT('',#8294);
#8294 = CARTESIAN_POINT('',(14.875,-19.85,-15.75));
#8295 = LINE('',#8296,#8297);
#8296 = CARTESIAN_POINT('',(14.875,-19.85,-17.8));
#8297 = VECTOR('',#8298,1.);
#8298 = DIRECTION('',(0.,0.,1.));
#8299 = ORIENTED_EDGE('',*,*,#8300,.T.);
#8300 = EDGE_CURVE('',#8293,#8301,#8303,.T.);
#8301 = VERTEX_POINT('',#8302);
#8302 = CARTESIAN_POINT('',(14.875,-17.5,-15.75));
#8303 = LINE('',#8304,#8305);
#8304 = CARTESIAN_POINT('',(14.875,-22.85,-15.75));
#8305 = VECTOR('',#8306,1.);
#8306 = DIRECTION('',(0.,1.,-0.));
#8307 = ORIENTED_EDGE('',*,*,#8308,.F.);
#8308 = EDGE_CURVE('',#8309,#8301,#8311,.T.);
#8309 = VERTEX_POINT('',#8310);
#8310 = CARTESIAN_POINT('',(14.875,-17.5,-13.5));
#8311 = LINE('',#8312,#8313);
#8312 = CARTESIAN_POINT('',(14.875,-17.5,-16.775));
#8313 = VECTOR('',#8314,1.);
#8314 = DIRECTION('',(0.,0.,-1.));
#8315 = ORIENTED_EDGE('',*,*,#8316,.T.);
#8316 = EDGE_CURVE('',#8309,#7136,#8317,.T.);
#8317 = LINE('',#8318,#8319);
#8318 = CARTESIAN_POINT('',(14.875,-18.675,-13.5));
#8319 = VECTOR('',#8320,1.);
#8320 = DIRECTION('',(0.,1.,-0.));
#8321 = ORIENTED_EDGE('',*,*,#7143,.T.);
#8322 = PLANE('',#8323);
#8323 = AXIS2_PLACEMENT_3D('',#8324,#8325,#8326);
#8324 = CARTESIAN_POINT('',(14.875,-19.85,-17.8));
#8325 = DIRECTION('',(-1.,0.,0.));
#8326 = DIRECTION('',(0.,1.,0.));
#8327 = ADVANCED_FACE('',(#8328),#8339,.F.);
#8328 = FACE_BOUND('',#8329,.F.);
#8329 = EDGE_LOOP('',(#8330,#8331,#8337,#8338));
#8330 = ORIENTED_EDGE('',*,*,#8316,.F.);
#8331 = ORIENTED_EDGE('',*,*,#8332,.T.);
#8332 = EDGE_CURVE('',#8309,#7234,#8333,.T.);
#8333 = LINE('',#8334,#8335);
#8334 = CARTESIAN_POINT('',(13.875,-17.5,-13.5));
#8335 = VECTOR('',#8336,1.);
#8336 = DIRECTION('',(1.,0.,-0.));
#8337 = ORIENTED_EDGE('',*,*,#7243,.T.);
#8338 = ORIENTED_EDGE('',*,*,#7135,.F.);
#8339 = PLANE('',#8340);
#8340 = AXIS2_PLACEMENT_3D('',#8341,#8342,#8343);
#8341 = CARTESIAN_POINT('',(13.875,-17.5,-13.5));
#8342 = DIRECTION('',(0.,0.,1.));
#8343 = DIRECTION('',(1.,0.,-0.));
#8344 = ADVANCED_FACE('',(#8345),#8466,.F.);
#8345 = FACE_BOUND('',#8346,.F.);
#8346 = EDGE_LOOP('',(#8347,#8348,#8356,#8364,#8372,#8380,#8388,#8396,
    #8404,#8412,#8420,#8428,#8436,#8444,#8452,#8460));
#8347 = ORIENTED_EDGE('',*,*,#6336,.F.);
#8348 = ORIENTED_EDGE('',*,*,#8349,.T.);
#8349 = EDGE_CURVE('',#6222,#8350,#8352,.T.);
#8350 = VERTEX_POINT('',#8351);
#8351 = CARTESIAN_POINT('',(-9.875,-24.85,-15.75));
#8352 = LINE('',#8353,#8354);
#8353 = CARTESIAN_POINT('',(-9.875,-24.85,-17.8));
#8354 = VECTOR('',#8355,1.);
#8355 = DIRECTION('',(0.,0.,1.));
#8356 = ORIENTED_EDGE('',*,*,#8357,.T.);
#8357 = EDGE_CURVE('',#8350,#8358,#8360,.T.);
#8358 = VERTEX_POINT('',#8359);
#8359 = CARTESIAN_POINT('',(-7.525,-24.85,-15.75));
#8360 = LINE('',#8361,#8362);
#8361 = CARTESIAN_POINT('',(-12.875,-24.85,-15.75));
#8362 = VECTOR('',#8363,1.);
#8363 = DIRECTION('',(1.,0.,0.));
#8364 = ORIENTED_EDGE('',*,*,#8365,.F.);
#8365 = EDGE_CURVE('',#8366,#8358,#8368,.T.);
#8366 = VERTEX_POINT('',#8367);
#8367 = CARTESIAN_POINT('',(-7.525,-24.85,-12.5));
#8368 = LINE('',#8369,#8370);
#8369 = CARTESIAN_POINT('',(-7.525,-24.85,-16.775));
#8370 = VECTOR('',#8371,1.);
#8371 = DIRECTION('',(-0.,0.,-1.));
#8372 = ORIENTED_EDGE('',*,*,#8373,.T.);
#8373 = EDGE_CURVE('',#8366,#8374,#8376,.T.);
#8374 = VERTEX_POINT('',#8375);
#8375 = CARTESIAN_POINT('',(-7.,-24.85,-12.5));
#8376 = LINE('',#8377,#8378);
#8377 = CARTESIAN_POINT('',(-9.875,-24.85,-12.5));
#8378 = VECTOR('',#8379,1.);
#8379 = DIRECTION('',(1.,0.,0.));
#8380 = ORIENTED_EDGE('',*,*,#8381,.T.);
#8381 = EDGE_CURVE('',#8374,#8382,#8384,.T.);
#8382 = VERTEX_POINT('',#8383);
#8383 = CARTESIAN_POINT('',(-7.,-24.85,-13.5));
#8384 = LINE('',#8385,#8386);
#8385 = CARTESIAN_POINT('',(-7.,-24.85,-15.65));
#8386 = VECTOR('',#8387,1.);
#8387 = DIRECTION('',(-0.,0.,-1.));
#8388 = ORIENTED_EDGE('',*,*,#8389,.T.);
#8389 = EDGE_CURVE('',#8382,#8390,#8392,.T.);
#8390 = VERTEX_POINT('',#8391);
#8391 = CARTESIAN_POINT('',(-4.5,-24.85,-13.5));
#8392 = LINE('',#8393,#8394);
#8393 = CARTESIAN_POINT('',(-8.4375,-24.85,-13.5));
#8394 = VECTOR('',#8395,1.);
#8395 = DIRECTION('',(1.,0.,0.));
#8396 = ORIENTED_EDGE('',*,*,#8397,.F.);
#8397 = EDGE_CURVE('',#8398,#8390,#8400,.T.);
#8398 = VERTEX_POINT('',#8399);
#8399 = CARTESIAN_POINT('',(-4.5,-24.85,-12.5));
#8400 = LINE('',#8401,#8402);
#8401 = CARTESIAN_POINT('',(-4.5,-24.85,-15.65));
#8402 = VECTOR('',#8403,1.);
#8403 = DIRECTION('',(-0.,0.,-1.));
#8404 = ORIENTED_EDGE('',*,*,#8405,.T.);
#8405 = EDGE_CURVE('',#8398,#8406,#8408,.T.);
#8406 = VERTEX_POINT('',#8407);
#8407 = CARTESIAN_POINT('',(4.5,-24.85,-12.5));
#8408 = LINE('',#8409,#8410);
#8409 = CARTESIAN_POINT('',(-9.875,-24.85,-12.5));
#8410 = VECTOR('',#8411,1.);
#8411 = DIRECTION('',(1.,0.,0.));
#8412 = ORIENTED_EDGE('',*,*,#8413,.T.);
#8413 = EDGE_CURVE('',#8406,#8414,#8416,.T.);
#8414 = VERTEX_POINT('',#8415);
#8415 = CARTESIAN_POINT('',(4.5,-24.85,-13.5));
#8416 = LINE('',#8417,#8418);
#8417 = CARTESIAN_POINT('',(4.5,-24.85,-15.65));
#8418 = VECTOR('',#8419,1.);
#8419 = DIRECTION('',(-0.,0.,-1.));
#8420 = ORIENTED_EDGE('',*,*,#8421,.T.);
#8421 = EDGE_CURVE('',#8414,#8422,#8424,.T.);
#8422 = VERTEX_POINT('',#8423);
#8423 = CARTESIAN_POINT('',(7.,-24.85,-13.5));
#8424 = LINE('',#8425,#8426);
#8425 = CARTESIAN_POINT('',(-2.6875,-24.85,-13.5));
#8426 = VECTOR('',#8427,1.);
#8427 = DIRECTION('',(1.,0.,0.));
#8428 = ORIENTED_EDGE('',*,*,#8429,.F.);
#8429 = EDGE_CURVE('',#8430,#8422,#8432,.T.);
#8430 = VERTEX_POINT('',#8431);
#8431 = CARTESIAN_POINT('',(7.,-24.85,-12.5));
#8432 = LINE('',#8433,#8434);
#8433 = CARTESIAN_POINT('',(7.,-24.85,-15.65));
#8434 = VECTOR('',#8435,1.);
#8435 = DIRECTION('',(-0.,0.,-1.));
#8436 = ORIENTED_EDGE('',*,*,#8437,.T.);
#8437 = EDGE_CURVE('',#8430,#8438,#8440,.T.);
#8438 = VERTEX_POINT('',#8439);
#8439 = CARTESIAN_POINT('',(7.525,-24.85,-12.5));
#8440 = LINE('',#8441,#8442);
#8441 = CARTESIAN_POINT('',(-9.875,-24.85,-12.5));
#8442 = VECTOR('',#8443,1.);
#8443 = DIRECTION('',(1.,0.,0.));
#8444 = ORIENTED_EDGE('',*,*,#8445,.T.);
#8445 = EDGE_CURVE('',#8438,#8446,#8448,.T.);
#8446 = VERTEX_POINT('',#8447);
#8447 = CARTESIAN_POINT('',(7.525,-24.85,-15.75));
#8448 = LINE('',#8449,#8450);
#8449 = CARTESIAN_POINT('',(7.525,-24.85,-16.775));
#8450 = VECTOR('',#8451,1.);
#8451 = DIRECTION('',(-0.,0.,-1.));
#8452 = ORIENTED_EDGE('',*,*,#8453,.T.);
#8453 = EDGE_CURVE('',#8446,#8454,#8456,.T.);
#8454 = VERTEX_POINT('',#8455);
#8455 = CARTESIAN_POINT('',(9.875,-24.85,-15.75));
#8456 = LINE('',#8457,#8458);
#8457 = CARTESIAN_POINT('',(-1.175,-24.85,-15.75));
#8458 = VECTOR('',#8459,1.);
#8459 = DIRECTION('',(1.,0.,0.));
#8460 = ORIENTED_EDGE('',*,*,#8461,.F.);
#8461 = EDGE_CURVE('',#6328,#8454,#8462,.T.);
#8462 = LINE('',#8463,#8464);
#8463 = CARTESIAN_POINT('',(9.875,-24.85,-17.8));
#8464 = VECTOR('',#8465,1.);
#8465 = DIRECTION('',(0.,0.,1.));
#8466 = PLANE('',#8467);
#8467 = AXIS2_PLACEMENT_3D('',#8468,#8469,#8470);
#8468 = CARTESIAN_POINT('',(-9.875,-24.85,-17.8));
#8469 = DIRECTION('',(0.,1.,0.));
#8470 = DIRECTION('',(1.,0.,0.));
#8471 = ADVANCED_FACE('',(#8472),#8504,.T.);
#8472 = FACE_BOUND('',#8473,.T.);
#8473 = EDGE_LOOP('',(#8474,#8484,#8490,#8491,#8497,#8498));
#8474 = ORIENTED_EDGE('',*,*,#8475,.F.);
#8475 = EDGE_CURVE('',#8476,#8478,#8480,.T.);
#8476 = VERTEX_POINT('',#8477);
#8477 = CARTESIAN_POINT('',(7.,-25.75,-13.5));
#8478 = VERTEX_POINT('',#8479);
#8479 = CARTESIAN_POINT('',(7.,-25.75,-9.));
#8480 = LINE('',#8481,#8482);
#8481 = CARTESIAN_POINT('',(7.,-25.75,-13.5));
#8482 = VECTOR('',#8483,1.);
#8483 = DIRECTION('',(0.,0.,1.));
#8484 = ORIENTED_EDGE('',*,*,#8485,.T.);
#8485 = EDGE_CURVE('',#8476,#8422,#8486,.T.);
#8486 = LINE('',#8487,#8488);
#8487 = CARTESIAN_POINT('',(7.,-25.75,-13.5));
#8488 = VECTOR('',#8489,1.);
#8489 = DIRECTION('',(-0.,1.,0.));
#8490 = ORIENTED_EDGE('',*,*,#8429,.F.);
#8491 = ORIENTED_EDGE('',*,*,#8492,.T.);
#8492 = EDGE_CURVE('',#8430,#2194,#8493,.T.);
#8493 = LINE('',#8494,#8495);
#8494 = CARTESIAN_POINT('',(7.,-12.56731060606,-12.5));
#8495 = VECTOR('',#8496,1.);
#8496 = DIRECTION('',(0.,-1.,0.));
#8497 = ORIENTED_EDGE('',*,*,#2193,.T.);
#8498 = ORIENTED_EDGE('',*,*,#8499,.T.);
#8499 = EDGE_CURVE('',#2186,#8478,#8500,.T.);
#8500 = LINE('',#8501,#8502);
#8501 = CARTESIAN_POINT('',(7.,-12.875,-9.));
#8502 = VECTOR('',#8503,1.);
#8503 = DIRECTION('',(0.,-1.,0.));
#8504 = PLANE('',#8505);
#8505 = AXIS2_PLACEMENT_3D('',#8506,#8507,#8508);
#8506 = CARTESIAN_POINT('',(7.,-25.13462121212,-11.5028030303));
#8507 = DIRECTION('',(1.,0.,0.));
#8508 = DIRECTION('',(-0.,0.,1.));
#8509 = ADVANCED_FACE('',(#8510),#8535,.F.);
#8510 = FACE_BOUND('',#8511,.T.);
#8511 = EDGE_LOOP('',(#8512,#8513,#8521,#8529));
#8512 = ORIENTED_EDGE('',*,*,#8475,.T.);
#8513 = ORIENTED_EDGE('',*,*,#8514,.F.);
#8514 = EDGE_CURVE('',#8515,#8478,#8517,.T.);
#8515 = VERTEX_POINT('',#8516);
#8516 = CARTESIAN_POINT('',(4.5,-25.75,-9.));
#8517 = LINE('',#8518,#8519);
#8518 = CARTESIAN_POINT('',(2.25,-25.75,-9.));
#8519 = VECTOR('',#8520,1.);
#8520 = DIRECTION('',(1.,0.,-0.));
#8521 = ORIENTED_EDGE('',*,*,#8522,.F.);
#8522 = EDGE_CURVE('',#8523,#8515,#8525,.T.);
#8523 = VERTEX_POINT('',#8524);
#8524 = CARTESIAN_POINT('',(4.5,-25.75,-13.5));
#8525 = LINE('',#8526,#8527);
#8526 = CARTESIAN_POINT('',(4.5,-25.75,-13.5));
#8527 = VECTOR('',#8528,1.);
#8528 = DIRECTION('',(0.,0.,1.));
#8529 = ORIENTED_EDGE('',*,*,#8530,.T.);
#8530 = EDGE_CURVE('',#8523,#8476,#8531,.T.);
#8531 = LINE('',#8532,#8533);
#8532 = CARTESIAN_POINT('',(4.5,-25.75,-13.5));
#8533 = VECTOR('',#8534,1.);
#8534 = DIRECTION('',(1.,0.,-0.));
#8535 = PLANE('',#8536);
#8536 = AXIS2_PLACEMENT_3D('',#8537,#8538,#8539);
#8537 = CARTESIAN_POINT('',(4.5,-25.75,-13.5));
#8538 = DIRECTION('',(-0.,1.,0.));
#8539 = DIRECTION('',(0.,0.,1.));
#8540 = ADVANCED_FACE('',(#8541),#8564,.T.);
#8541 = FACE_BOUND('',#8542,.T.);
#8542 = EDGE_LOOP('',(#8543,#8549,#8550,#8556,#8557,#8563));
#8543 = ORIENTED_EDGE('',*,*,#8544,.F.);
#8544 = EDGE_CURVE('',#2210,#8515,#8545,.T.);
#8545 = LINE('',#8546,#8547);
#8546 = CARTESIAN_POINT('',(4.5,-12.875,-9.));
#8547 = VECTOR('',#8548,1.);
#8548 = DIRECTION('',(0.,-1.,0.));
#8549 = ORIENTED_EDGE('',*,*,#2209,.F.);
#8550 = ORIENTED_EDGE('',*,*,#8551,.T.);
#8551 = EDGE_CURVE('',#2202,#8406,#8552,.T.);
#8552 = LINE('',#8553,#8554);
#8553 = CARTESIAN_POINT('',(4.5,-12.56731060606,-12.5));
#8554 = VECTOR('',#8555,1.);
#8555 = DIRECTION('',(0.,1.,0.));
#8556 = ORIENTED_EDGE('',*,*,#8413,.T.);
#8557 = ORIENTED_EDGE('',*,*,#8558,.F.);
#8558 = EDGE_CURVE('',#8523,#8414,#8559,.T.);
#8559 = LINE('',#8560,#8561);
#8560 = CARTESIAN_POINT('',(4.5,-25.75,-13.5));
#8561 = VECTOR('',#8562,1.);
#8562 = DIRECTION('',(-0.,1.,0.));
#8563 = ORIENTED_EDGE('',*,*,#8522,.T.);
#8564 = PLANE('',#8565);
#8565 = AXIS2_PLACEMENT_3D('',#8566,#8567,#8568);
#8566 = CARTESIAN_POINT('',(4.5,-25.13462121212,-11.5028030303));
#8567 = DIRECTION('',(-1.,-0.,-0.));
#8568 = DIRECTION('',(0.,0.,-1.));
#8569 = ADVANCED_FACE('',(#8570),#8602,.T.);
#8570 = FACE_BOUND('',#8571,.T.);
#8571 = EDGE_LOOP('',(#8572,#8582,#8588,#8589,#8595,#8596));
#8572 = ORIENTED_EDGE('',*,*,#8573,.F.);
#8573 = EDGE_CURVE('',#8574,#8576,#8578,.T.);
#8574 = VERTEX_POINT('',#8575);
#8575 = CARTESIAN_POINT('',(-4.5,-25.75,-13.5));
#8576 = VERTEX_POINT('',#8577);
#8577 = CARTESIAN_POINT('',(-4.5,-25.75,-9.));
#8578 = LINE('',#8579,#8580);
#8579 = CARTESIAN_POINT('',(-4.5,-25.75,-13.5));
#8580 = VECTOR('',#8581,1.);
#8581 = DIRECTION('',(0.,0.,1.));
#8582 = ORIENTED_EDGE('',*,*,#8583,.T.);
#8583 = EDGE_CURVE('',#8574,#8390,#8584,.T.);
#8584 = LINE('',#8585,#8586);
#8585 = CARTESIAN_POINT('',(-4.5,-25.75,-13.5));
#8586 = VECTOR('',#8587,1.);
#8587 = DIRECTION('',(-0.,1.,0.));
#8588 = ORIENTED_EDGE('',*,*,#8397,.F.);
#8589 = ORIENTED_EDGE('',*,*,#8590,.T.);
#8590 = EDGE_CURVE('',#8398,#2226,#8591,.T.);
#8591 = LINE('',#8592,#8593);
#8592 = CARTESIAN_POINT('',(-4.5,-12.56731060606,-12.5));
#8593 = VECTOR('',#8594,1.);
#8594 = DIRECTION('',(0.,-1.,0.));
#8595 = ORIENTED_EDGE('',*,*,#2225,.T.);
#8596 = ORIENTED_EDGE('',*,*,#8597,.T.);
#8597 = EDGE_CURVE('',#2218,#8576,#8598,.T.);
#8598 = LINE('',#8599,#8600);
#8599 = CARTESIAN_POINT('',(-4.5,-12.875,-9.));
#8600 = VECTOR('',#8601,1.);
#8601 = DIRECTION('',(0.,-1.,0.));
#8602 = PLANE('',#8603);
#8603 = AXIS2_PLACEMENT_3D('',#8604,#8605,#8606);
#8604 = CARTESIAN_POINT('',(-4.5,-25.13462121212,-11.5028030303));
#8605 = DIRECTION('',(1.,0.,0.));
#8606 = DIRECTION('',(-0.,0.,1.));
#8607 = ADVANCED_FACE('',(#8608),#8633,.F.);
#8608 = FACE_BOUND('',#8609,.T.);
#8609 = EDGE_LOOP('',(#8610,#8611,#8619,#8627));
#8610 = ORIENTED_EDGE('',*,*,#8573,.T.);
#8611 = ORIENTED_EDGE('',*,*,#8612,.F.);
#8612 = EDGE_CURVE('',#8613,#8576,#8615,.T.);
#8613 = VERTEX_POINT('',#8614);
#8614 = CARTESIAN_POINT('',(-7.,-25.75,-9.));
#8615 = LINE('',#8616,#8617);
#8616 = CARTESIAN_POINT('',(-3.5,-25.75,-9.));
#8617 = VECTOR('',#8618,1.);
#8618 = DIRECTION('',(1.,0.,-0.));
#8619 = ORIENTED_EDGE('',*,*,#8620,.F.);
#8620 = EDGE_CURVE('',#8621,#8613,#8623,.T.);
#8621 = VERTEX_POINT('',#8622);
#8622 = CARTESIAN_POINT('',(-7.,-25.75,-13.5));
#8623 = LINE('',#8624,#8625);
#8624 = CARTESIAN_POINT('',(-7.,-25.75,-13.5));
#8625 = VECTOR('',#8626,1.);
#8626 = DIRECTION('',(0.,0.,1.));
#8627 = ORIENTED_EDGE('',*,*,#8628,.T.);
#8628 = EDGE_CURVE('',#8621,#8574,#8629,.T.);
#8629 = LINE('',#8630,#8631);
#8630 = CARTESIAN_POINT('',(-7.,-25.75,-13.5));
#8631 = VECTOR('',#8632,1.);
#8632 = DIRECTION('',(1.,0.,-0.));
#8633 = PLANE('',#8634);
#8634 = AXIS2_PLACEMENT_3D('',#8635,#8636,#8637);
#8635 = CARTESIAN_POINT('',(-7.,-25.75,-13.5));
#8636 = DIRECTION('',(-0.,1.,0.));
#8637 = DIRECTION('',(0.,0.,1.));
#8638 = ADVANCED_FACE('',(#8639),#8662,.T.);
#8639 = FACE_BOUND('',#8640,.T.);
#8640 = EDGE_LOOP('',(#8641,#8647,#8648,#8654,#8655,#8661));
#8641 = ORIENTED_EDGE('',*,*,#8642,.F.);
#8642 = EDGE_CURVE('',#2242,#8613,#8643,.T.);
#8643 = LINE('',#8644,#8645);
#8644 = CARTESIAN_POINT('',(-7.,-12.875,-9.));
#8645 = VECTOR('',#8646,1.);
#8646 = DIRECTION('',(0.,-1.,0.));
#8647 = ORIENTED_EDGE('',*,*,#2241,.F.);
#8648 = ORIENTED_EDGE('',*,*,#8649,.T.);
#8649 = EDGE_CURVE('',#2234,#8374,#8650,.T.);
#8650 = LINE('',#8651,#8652);
#8651 = CARTESIAN_POINT('',(-7.,-12.56731060606,-12.5));
#8652 = VECTOR('',#8653,1.);
#8653 = DIRECTION('',(0.,1.,0.));
#8654 = ORIENTED_EDGE('',*,*,#8381,.T.);
#8655 = ORIENTED_EDGE('',*,*,#8656,.F.);
#8656 = EDGE_CURVE('',#8621,#8382,#8657,.T.);
#8657 = LINE('',#8658,#8659);
#8658 = CARTESIAN_POINT('',(-7.,-25.75,-13.5));
#8659 = VECTOR('',#8660,1.);
#8660 = DIRECTION('',(-0.,1.,0.));
#8661 = ORIENTED_EDGE('',*,*,#8620,.T.);
#8662 = PLANE('',#8663);
#8663 = AXIS2_PLACEMENT_3D('',#8664,#8665,#8666);
#8664 = CARTESIAN_POINT('',(-7.,-25.13462121212,-11.5028030303));
#8665 = DIRECTION('',(-1.,-0.,-0.));
#8666 = DIRECTION('',(0.,0.,-1.));
#8667 = ADVANCED_FACE('',(#8668),#8674,.T.);
#8668 = FACE_BOUND('',#8669,.T.);
#8669 = EDGE_LOOP('',(#8670,#8671,#8672,#8673));
#8670 = ORIENTED_EDGE('',*,*,#8558,.T.);
#8671 = ORIENTED_EDGE('',*,*,#8421,.T.);
#8672 = ORIENTED_EDGE('',*,*,#8485,.F.);
#8673 = ORIENTED_EDGE('',*,*,#8530,.F.);
#8674 = PLANE('',#8675);
#8675 = AXIS2_PLACEMENT_3D('',#8676,#8677,#8678);
#8676 = CARTESIAN_POINT('',(5.75,-25.3,-13.5));
#8677 = DIRECTION('',(-0.,-0.,-1.));
#8678 = DIRECTION('',(-1.,0.,0.));
#8679 = ADVANCED_FACE('',(#8680,#8714),#8720,.T.);
#8680 = FACE_BOUND('',#8681,.T.);
#8681 = EDGE_LOOP('',(#8682,#8692,#8700,#8708));
#8682 = ORIENTED_EDGE('',*,*,#8683,.F.);
#8683 = EDGE_CURVE('',#8684,#8686,#8688,.T.);
#8684 = VERTEX_POINT('',#8685);
#8685 = CARTESIAN_POINT('',(16.1,16.1,-7.82));
#8686 = VERTEX_POINT('',#8687);
#8687 = CARTESIAN_POINT('',(16.1,22.9,-7.82));
#8688 = LINE('',#8689,#8690);
#8689 = CARTESIAN_POINT('',(16.1,16.1,-7.82));
#8690 = VECTOR('',#8691,1.);
#8691 = DIRECTION('',(-0.,1.,0.));
#8692 = ORIENTED_EDGE('',*,*,#8693,.T.);
#8693 = EDGE_CURVE('',#8684,#8694,#8696,.T.);
#8694 = VERTEX_POINT('',#8695);
#8695 = CARTESIAN_POINT('',(25.3,16.1,-7.82));
#8696 = LINE('',#8697,#8698);
#8697 = CARTESIAN_POINT('',(16.1,16.1,-7.82));
#8698 = VECTOR('',#8699,1.);
#8699 = DIRECTION('',(1.,0.,-0.));
#8700 = ORIENTED_EDGE('',*,*,#8701,.T.);
#8701 = EDGE_CURVE('',#8694,#8702,#8704,.T.);
#8702 = VERTEX_POINT('',#8703);
#8703 = CARTESIAN_POINT('',(25.3,22.9,-7.82));
#8704 = LINE('',#8705,#8706);
#8705 = CARTESIAN_POINT('',(25.3,16.1,-7.82));
#8706 = VECTOR('',#8707,1.);
#8707 = DIRECTION('',(-0.,1.,0.));
#8708 = ORIENTED_EDGE('',*,*,#8709,.F.);
#8709 = EDGE_CURVE('',#8686,#8702,#8710,.T.);
#8710 = LINE('',#8711,#8712);
#8711 = CARTESIAN_POINT('',(16.1,22.9,-7.82));
#8712 = VECTOR('',#8713,1.);
#8713 = DIRECTION('',(1.,0.,-0.));
#8714 = FACE_BOUND('',#8715,.T.);
#8715 = EDGE_LOOP('',(#8716,#8717,#8718,#8719));
#8716 = ORIENTED_EDGE('',*,*,#6940,.T.);
#8717 = ORIENTED_EDGE('',*,*,#6909,.T.);
#8718 = ORIENTED_EDGE('',*,*,#6862,.F.);
#8719 = ORIENTED_EDGE('',*,*,#6962,.F.);
#8720 = PLANE('',#8721);
#8721 = AXIS2_PLACEMENT_3D('',#8722,#8723,#8724);
#8722 = CARTESIAN_POINT('',(16.1,16.1,-7.82));
#8723 = DIRECTION('',(0.,0.,1.));
#8724 = DIRECTION('',(1.,0.,-0.));
#8725 = ADVANCED_FACE('',(#8726),#8744,.F.);
#8726 = FACE_BOUND('',#8727,.F.);
#8727 = EDGE_LOOP('',(#8728,#8736,#8737,#8738));
#8728 = ORIENTED_EDGE('',*,*,#8729,.F.);
#8729 = EDGE_CURVE('',#6823,#8730,#8732,.T.);
#8730 = VERTEX_POINT('',#8731);
#8731 = CARTESIAN_POINT('',(14.875,17.5,-13.5));
#8732 = LINE('',#8733,#8734);
#8733 = CARTESIAN_POINT('',(14.875,-1.825,-13.5));
#8734 = VECTOR('',#8735,1.);
#8735 = DIRECTION('',(0.,1.,-0.));
#8736 = ORIENTED_EDGE('',*,*,#6830,.T.);
#8737 = ORIENTED_EDGE('',*,*,#6977,.T.);
#8738 = ORIENTED_EDGE('',*,*,#8739,.F.);
#8739 = EDGE_CURVE('',#8730,#6978,#8740,.T.);
#8740 = LINE('',#8741,#8742);
#8741 = CARTESIAN_POINT('',(13.875,17.5,-13.5));
#8742 = VECTOR('',#8743,1.);
#8743 = DIRECTION('',(1.,0.,-0.));
#8744 = PLANE('',#8745);
#8745 = AXIS2_PLACEMENT_3D('',#8746,#8747,#8748);
#8746 = CARTESIAN_POINT('',(13.875,16.2,-13.5));
#8747 = DIRECTION('',(0.,0.,1.));
#8748 = DIRECTION('',(1.,0.,-0.));
#8749 = ADVANCED_FACE('',(#8750),#8777,.F.);
#8750 = FACE_BOUND('',#8751,.F.);
#8751 = EDGE_LOOP('',(#8752,#8753,#8754,#8755,#8763,#8771));
#8752 = ORIENTED_EDGE('',*,*,#6255,.F.);
#8753 = ORIENTED_EDGE('',*,*,#6822,.F.);
#8754 = ORIENTED_EDGE('',*,*,#8729,.T.);
#8755 = ORIENTED_EDGE('',*,*,#8756,.T.);
#8756 = EDGE_CURVE('',#8730,#8757,#8759,.T.);
#8757 = VERTEX_POINT('',#8758);
#8758 = CARTESIAN_POINT('',(14.875,17.5,-15.75));
#8759 = LINE('',#8760,#8761);
#8760 = CARTESIAN_POINT('',(14.875,17.5,-16.775));
#8761 = VECTOR('',#8762,1.);
#8762 = DIRECTION('',(0.,0.,-1.));
#8763 = ORIENTED_EDGE('',*,*,#8764,.T.);
#8764 = EDGE_CURVE('',#8757,#8765,#8767,.T.);
#8765 = VERTEX_POINT('',#8766);
#8766 = CARTESIAN_POINT('',(14.875,19.85,-15.75));
#8767 = LINE('',#8768,#8769);
#8768 = CARTESIAN_POINT('',(14.875,-1.175,-15.75));
#8769 = VECTOR('',#8770,1.);
#8770 = DIRECTION('',(0.,1.,-0.));
#8771 = ORIENTED_EDGE('',*,*,#8772,.F.);
#8772 = EDGE_CURVE('',#6247,#8765,#8773,.T.);
#8773 = LINE('',#8774,#8775);
#8774 = CARTESIAN_POINT('',(14.875,19.85,-17.8));
#8775 = VECTOR('',#8776,1.);
#8776 = DIRECTION('',(0.,0.,1.));
#8777 = PLANE('',#8778);
#8778 = AXIS2_PLACEMENT_3D('',#8779,#8780,#8781);
#8779 = CARTESIAN_POINT('',(14.875,-19.85,-17.8));
#8780 = DIRECTION('',(-1.,0.,0.));
#8781 = DIRECTION('',(0.,1.,0.));
#8782 = ADVANCED_FACE('',(#8783),#8789,.T.);
#8783 = FACE_BOUND('',#8784,.T.);
#8784 = EDGE_LOOP('',(#8785,#8786,#8787,#8788));
#8785 = ORIENTED_EDGE('',*,*,#8656,.T.);
#8786 = ORIENTED_EDGE('',*,*,#8389,.T.);
#8787 = ORIENTED_EDGE('',*,*,#8583,.F.);
#8788 = ORIENTED_EDGE('',*,*,#8628,.F.);
#8789 = PLANE('',#8790);
#8790 = AXIS2_PLACEMENT_3D('',#8791,#8792,#8793);
#8791 = CARTESIAN_POINT('',(-5.75,-25.3,-13.5));
#8792 = DIRECTION('',(-0.,-0.,-1.));
#8793 = DIRECTION('',(-1.,0.,0.));
#8794 = ADVANCED_FACE('',(#8795),#8801,.F.);
#8795 = FACE_BOUND('',#8796,.F.);
#8796 = EDGE_LOOP('',(#8797,#8798,#8799,#8800));
#8797 = ORIENTED_EDGE('',*,*,#7995,.F.);
#8798 = ORIENTED_EDGE('',*,*,#7964,.F.);
#8799 = ORIENTED_EDGE('',*,*,#7926,.T.);
#8800 = ORIENTED_EDGE('',*,*,#7688,.F.);
#8801 = PLANE('',#8802);
#8802 = AXIS2_PLACEMENT_3D('',#8803,#8804,#8805);
#8803 = CARTESIAN_POINT('',(-16.2,-10.,-13.5));
#8804 = DIRECTION('',(0.,0.,1.));
#8805 = DIRECTION('',(1.,0.,-0.));
#8806 = ADVANCED_FACE('',(#8807),#8819,.T.);
#8807 = FACE_BOUND('',#8808,.F.);
#8808 = EDGE_LOOP('',(#8809,#8810,#8811,#8818));
#8809 = ORIENTED_EDGE('',*,*,#6238,.F.);
#8810 = ORIENTED_EDGE('',*,*,#6083,.T.);
#8811 = ORIENTED_EDGE('',*,*,#8812,.F.);
#8812 = EDGE_CURVE('',#7633,#6076,#8813,.T.);
#8813 = CIRCLE('',#8814,5.);
#8814 = AXIS2_PLACEMENT_3D('',#8815,#8816,#8817);
#8815 = CARTESIAN_POINT('',(-9.875,19.85,-15.75));
#8816 = DIRECTION('',(-0.,0.,-1.));
#8817 = DIRECTION('',(0.,1.,0.));
#8818 = ORIENTED_EDGE('',*,*,#7632,.F.);
#8819 = CYLINDRICAL_SURFACE('',#8820,5.);
#8820 = AXIS2_PLACEMENT_3D('',#8821,#8822,#8823);
#8821 = CARTESIAN_POINT('',(-9.875,19.85,-17.8));
#8822 = DIRECTION('',(-0.,0.,-1.));
#8823 = DIRECTION('',(0.,1.,0.));
#8824 = ADVANCED_FACE('',(#8825),#8853,.T.);
#8825 = FACE_BOUND('',#8826,.T.);
#8826 = EDGE_LOOP('',(#8827,#8828,#8836,#8845,#8851,#8852));
#8827 = ORIENTED_EDGE('',*,*,#7640,.T.);
#8828 = ORIENTED_EDGE('',*,*,#8829,.T.);
#8829 = EDGE_CURVE('',#7641,#8830,#8832,.T.);
#8830 = VERTEX_POINT('',#8831);
#8831 = CARTESIAN_POINT('',(-13.60472457091,17.5,-15.75));
#8832 = LINE('',#8833,#8834);
#8833 = CARTESIAN_POINT('',(-15.875,17.5,-15.75));
#8834 = VECTOR('',#8835,1.);
#8835 = DIRECTION('',(1.,0.,-0.));
#8836 = ORIENTED_EDGE('',*,*,#8837,.T.);
#8837 = EDGE_CURVE('',#8830,#8838,#8840,.T.);
#8838 = VERTEX_POINT('',#8839);
#8839 = CARTESIAN_POINT('',(-7.525,23.579724570914,-15.75));
#8840 = CIRCLE('',#8841,7.15);
#8841 = AXIS2_PLACEMENT_3D('',#8842,#8843,#8844);
#8842 = CARTESIAN_POINT('',(-6.525,16.5,-15.75));
#8843 = DIRECTION('',(0.,-0.,-1.));
#8844 = DIRECTION('',(7.453245480001E-16,1.,-0.));
#8845 = ORIENTED_EDGE('',*,*,#8846,.T.);
#8846 = EDGE_CURVE('',#8838,#6068,#8847,.T.);
#8847 = LINE('',#8848,#8849);
#8848 = CARTESIAN_POINT('',(-7.525,17.5,-15.75));
#8849 = VECTOR('',#8850,1.);
#8850 = DIRECTION('',(-0.,1.,0.));
#8851 = ORIENTED_EDGE('',*,*,#6075,.T.);
#8852 = ORIENTED_EDGE('',*,*,#8812,.F.);
#8853 = PLANE('',#8854);
#8854 = AXIS2_PLACEMENT_3D('',#8855,#8856,#8857);
#8855 = CARTESIAN_POINT('',(-15.875,17.5,-15.75));
#8856 = DIRECTION('',(0.,0.,1.));
#8857 = DIRECTION('',(1.,0.,-0.));
#8858 = ADVANCED_FACE('',(#8859),#8877,.F.);
#8859 = FACE_BOUND('',#8860,.F.);
#8860 = EDGE_LOOP('',(#8861,#8869,#8870,#8871));
#8861 = ORIENTED_EDGE('',*,*,#8862,.T.);
#8862 = EDGE_CURVE('',#8863,#8838,#8865,.T.);
#8863 = VERTEX_POINT('',#8864);
#8864 = CARTESIAN_POINT('',(-7.525,23.579724570914,-12.5));
#8865 = LINE('',#8866,#8867);
#8866 = CARTESIAN_POINT('',(-7.525,23.579724570914,-16.8));
#8867 = VECTOR('',#8868,1.);
#8868 = DIRECTION('',(-0.,-0.,-1.));
#8869 = ORIENTED_EDGE('',*,*,#8846,.T.);
#8870 = ORIENTED_EDGE('',*,*,#6067,.T.);
#8871 = ORIENTED_EDGE('',*,*,#8872,.F.);
#8872 = EDGE_CURVE('',#8863,#6060,#8873,.T.);
#8873 = LINE('',#8874,#8875);
#8874 = CARTESIAN_POINT('',(-7.525,8.75,-12.5));
#8875 = VECTOR('',#8876,1.);
#8876 = DIRECTION('',(-0.,1.,0.));
#8877 = PLANE('',#8878);
#8878 = AXIS2_PLACEMENT_3D('',#8879,#8880,#8881);
#8879 = CARTESIAN_POINT('',(-7.525,17.5,-15.75));
#8880 = DIRECTION('',(1.,0.,-0.));
#8881 = DIRECTION('',(0.,0.,1.));
#8882 = ADVANCED_FACE('',(#8883),#8908,.T.);
#8883 = FACE_BOUND('',#8884,.T.);
#8884 = EDGE_LOOP('',(#8885,#8895,#8901,#8902));
#8885 = ORIENTED_EDGE('',*,*,#8886,.T.);
#8886 = EDGE_CURVE('',#8887,#8889,#8891,.T.);
#8887 = VERTEX_POINT('',#8888);
#8888 = CARTESIAN_POINT('',(7.525,23.579724570914,-12.5));
#8889 = VERTEX_POINT('',#8890);
#8890 = CARTESIAN_POINT('',(7.525,23.579724570914,-15.75));
#8891 = LINE('',#8892,#8893);
#8892 = CARTESIAN_POINT('',(7.525,23.579724570914,-16.8));
#8893 = VECTOR('',#8894,1.);
#8894 = DIRECTION('',(-0.,-0.,-1.));
#8895 = ORIENTED_EDGE('',*,*,#8896,.T.);
#8896 = EDGE_CURVE('',#8889,#5998,#8897,.T.);
#8897 = LINE('',#8898,#8899);
#8898 = CARTESIAN_POINT('',(7.525,17.5,-15.75));
#8899 = VECTOR('',#8900,1.);
#8900 = DIRECTION('',(-0.,1.,0.));
#8901 = ORIENTED_EDGE('',*,*,#6005,.T.);
#8902 = ORIENTED_EDGE('',*,*,#8903,.F.);
#8903 = EDGE_CURVE('',#8887,#6006,#8904,.T.);
#8904 = LINE('',#8905,#8906);
#8905 = CARTESIAN_POINT('',(7.525,8.75,-12.5));
#8906 = VECTOR('',#8907,1.);
#8907 = DIRECTION('',(-0.,1.,0.));
#8908 = PLANE('',#8909);
#8909 = AXIS2_PLACEMENT_3D('',#8910,#8911,#8912);
#8910 = CARTESIAN_POINT('',(7.525,17.5,-15.75));
#8911 = DIRECTION('',(1.,0.,-0.));
#8912 = DIRECTION('',(0.,0.,1.));
#8913 = ADVANCED_FACE('',(#8914),#8941,.T.);
#8914 = FACE_BOUND('',#8915,.T.);
#8915 = EDGE_LOOP('',(#8916,#8917,#8926,#8932,#8933,#8940));
#8916 = ORIENTED_EDGE('',*,*,#8896,.F.);
#8917 = ORIENTED_EDGE('',*,*,#8918,.T.);
#8918 = EDGE_CURVE('',#8889,#8919,#8921,.T.);
#8919 = VERTEX_POINT('',#8920);
#8920 = CARTESIAN_POINT('',(13.604724570914,17.5,-15.75));
#8921 = CIRCLE('',#8922,7.15);
#8922 = AXIS2_PLACEMENT_3D('',#8923,#8924,#8925);
#8923 = CARTESIAN_POINT('',(6.525,16.5,-15.75));
#8924 = DIRECTION('',(0.,-0.,-1.));
#8925 = DIRECTION('',(1.,-9.937660640001E-16,0.));
#8926 = ORIENTED_EDGE('',*,*,#8927,.T.);
#8927 = EDGE_CURVE('',#8919,#8757,#8928,.T.);
#8928 = LINE('',#8929,#8930);
#8929 = CARTESIAN_POINT('',(7.525,17.5,-15.75));
#8930 = VECTOR('',#8931,1.);
#8931 = DIRECTION('',(1.,0.,-0.));
#8932 = ORIENTED_EDGE('',*,*,#8764,.T.);
#8933 = ORIENTED_EDGE('',*,*,#8934,.F.);
#8934 = EDGE_CURVE('',#5990,#8765,#8935,.T.);
#8935 = CIRCLE('',#8936,5.);
#8936 = AXIS2_PLACEMENT_3D('',#8937,#8938,#8939);
#8937 = CARTESIAN_POINT('',(9.875,19.85,-15.75));
#8938 = DIRECTION('',(0.,-0.,-1.));
#8939 = DIRECTION('',(1.,0.,-0.));
#8940 = ORIENTED_EDGE('',*,*,#5997,.T.);
#8941 = PLANE('',#8942);
#8942 = AXIS2_PLACEMENT_3D('',#8943,#8944,#8945);
#8943 = CARTESIAN_POINT('',(7.525,17.5,-15.75));
#8944 = DIRECTION('',(0.,0.,1.));
#8945 = DIRECTION('',(1.,0.,-0.));
#8946 = ADVANCED_FACE('',(#8947),#8953,.T.);
#8947 = FACE_BOUND('',#8948,.F.);
#8948 = EDGE_LOOP('',(#8949,#8950,#8951,#8952));
#8949 = ORIENTED_EDGE('',*,*,#6246,.F.);
#8950 = ORIENTED_EDGE('',*,*,#8772,.T.);
#8951 = ORIENTED_EDGE('',*,*,#8934,.F.);
#8952 = ORIENTED_EDGE('',*,*,#5989,.F.);
#8953 = CYLINDRICAL_SURFACE('',#8954,5.);
#8954 = AXIS2_PLACEMENT_3D('',#8955,#8956,#8957);
#8955 = CARTESIAN_POINT('',(9.875,19.85,-17.8));
#8956 = DIRECTION('',(-0.,-0.,-1.));
#8957 = DIRECTION('',(1.,0.,-0.));
#8958 = ADVANCED_FACE('',(#8959),#8970,.F.);
#8959 = FACE_BOUND('',#8960,.F.);
#8960 = EDGE_LOOP('',(#8961,#8962,#8963,#8969));
#8961 = ORIENTED_EDGE('',*,*,#5832,.F.);
#8962 = ORIENTED_EDGE('',*,*,#8263,.T.);
#8963 = ORIENTED_EDGE('',*,*,#8964,.T.);
#8964 = EDGE_CURVE('',#8264,#4404,#8965,.T.);
#8965 = LINE('',#8966,#8967);
#8966 = CARTESIAN_POINT('',(25.3,-16.1,-7.82));
#8967 = VECTOR('',#8968,1.);
#8968 = DIRECTION('',(0.,0.,1.));
#8969 = ORIENTED_EDGE('',*,*,#4411,.F.);
#8970 = PLANE('',#8971);
#8971 = AXIS2_PLACEMENT_3D('',#8972,#8973,#8974);
#8972 = CARTESIAN_POINT('',(25.3,-22.9,-7.82));
#8973 = DIRECTION('',(1.,0.,-0.));
#8974 = DIRECTION('',(0.,0.,1.));
#8975 = ADVANCED_FACE('',(#8976),#8987,.F.);
#8976 = FACE_BOUND('',#8977,.F.);
#8977 = EDGE_LOOP('',(#8978,#8979,#8980,#8986));
#8978 = ORIENTED_EDGE('',*,*,#8964,.F.);
#8979 = ORIENTED_EDGE('',*,*,#8271,.F.);
#8980 = ORIENTED_EDGE('',*,*,#8981,.T.);
#8981 = EDGE_CURVE('',#8255,#4396,#8982,.T.);
#8982 = LINE('',#8983,#8984);
#8983 = CARTESIAN_POINT('',(16.1,-16.1,-7.82));
#8984 = VECTOR('',#8985,1.);
#8985 = DIRECTION('',(0.,0.,1.));
#8986 = ORIENTED_EDGE('',*,*,#4403,.F.);
#8987 = PLANE('',#8988);
#8988 = AXIS2_PLACEMENT_3D('',#8989,#8990,#8991);
#8989 = CARTESIAN_POINT('',(16.1,-16.1,-7.82));
#8990 = DIRECTION('',(-0.,1.,0.));
#8991 = DIRECTION('',(0.,0.,1.));
#8992 = ADVANCED_FACE('',(#8993),#8999,.T.);
#8993 = FACE_BOUND('',#8994,.T.);
#8994 = EDGE_LOOP('',(#8995,#8996,#8997,#8998));
#8995 = ORIENTED_EDGE('',*,*,#5848,.F.);
#8996 = ORIENTED_EDGE('',*,*,#8254,.T.);
#8997 = ORIENTED_EDGE('',*,*,#8981,.T.);
#8998 = ORIENTED_EDGE('',*,*,#4395,.F.);
#8999 = PLANE('',#9000);
#9000 = AXIS2_PLACEMENT_3D('',#9001,#9002,#9003);
#9001 = CARTESIAN_POINT('',(16.1,-22.9,-7.82));
#9002 = DIRECTION('',(1.,0.,-0.));
#9003 = DIRECTION('',(0.,0.,1.));
#9004 = ADVANCED_FACE('',(#9005),#9030,.T.);
#9005 = FACE_BOUND('',#9006,.T.);
#9006 = EDGE_LOOP('',(#9007,#9015,#9023,#9029));
#9007 = ORIENTED_EDGE('',*,*,#9008,.F.);
#9008 = EDGE_CURVE('',#9009,#4420,#9011,.T.);
#9009 = VERTEX_POINT('',#9010);
#9010 = CARTESIAN_POINT('',(23.6,-14.5,-4.));
#9011 = LINE('',#9012,#9013);
#9012 = CARTESIAN_POINT('',(23.6,-14.5,-4.));
#9013 = VECTOR('',#9014,1.);
#9014 = DIRECTION('',(0.,0.,1.));
#9015 = ORIENTED_EDGE('',*,*,#9016,.F.);
#9016 = EDGE_CURVE('',#9017,#9009,#9019,.T.);
#9017 = VERTEX_POINT('',#9018);
#9018 = CARTESIAN_POINT('',(18.4,-14.5,-4.));
#9019 = LINE('',#9020,#9021);
#9020 = CARTESIAN_POINT('',(18.4,-14.5,-4.));
#9021 = VECTOR('',#9022,1.);
#9022 = DIRECTION('',(1.,0.,-0.));
#9023 = ORIENTED_EDGE('',*,*,#9024,.T.);
#9024 = EDGE_CURVE('',#9017,#4422,#9025,.T.);
#9025 = LINE('',#9026,#9027);
#9026 = CARTESIAN_POINT('',(18.4,-14.5,-4.));
#9027 = VECTOR('',#9028,1.);
#9028 = DIRECTION('',(0.,0.,1.));
#9029 = ORIENTED_EDGE('',*,*,#4419,.F.);
#9030 = PLANE('',#9031);
#9031 = AXIS2_PLACEMENT_3D('',#9032,#9033,#9034);
#9032 = CARTESIAN_POINT('',(18.4,-14.5,-4.));
#9033 = DIRECTION('',(-0.,1.,0.));
#9034 = DIRECTION('',(0.,0.,1.));
#9035 = ADVANCED_FACE('',(#9036),#9054,.F.);
#9036 = FACE_BOUND('',#9037,.F.);
#9037 = EDGE_LOOP('',(#9038,#9039,#9047,#9053));
#9038 = ORIENTED_EDGE('',*,*,#9008,.F.);
#9039 = ORIENTED_EDGE('',*,*,#9040,.T.);
#9040 = EDGE_CURVE('',#9009,#9041,#9043,.T.);
#9041 = VERTEX_POINT('',#9042);
#9042 = CARTESIAN_POINT('',(23.6,-11.3,-4.));
#9043 = LINE('',#9044,#9045);
#9044 = CARTESIAN_POINT('',(23.6,-14.5,-4.));
#9045 = VECTOR('',#9046,1.);
#9046 = DIRECTION('',(-0.,1.,0.));
#9047 = ORIENTED_EDGE('',*,*,#9048,.T.);
#9048 = EDGE_CURVE('',#9041,#4438,#9049,.T.);
#9049 = LINE('',#9050,#9051);
#9050 = CARTESIAN_POINT('',(23.6,-11.3,-4.));
#9051 = VECTOR('',#9052,1.);
#9052 = DIRECTION('',(0.,0.,1.));
#9053 = ORIENTED_EDGE('',*,*,#4445,.F.);
#9054 = PLANE('',#9055);
#9055 = AXIS2_PLACEMENT_3D('',#9056,#9057,#9058);
#9056 = CARTESIAN_POINT('',(23.6,-14.5,-4.));
#9057 = DIRECTION('',(1.,0.,-0.));
#9058 = DIRECTION('',(0.,0.,1.));
#9059 = ADVANCED_FACE('',(#9060),#9078,.F.);
#9060 = FACE_BOUND('',#9061,.F.);
#9061 = EDGE_LOOP('',(#9062,#9063,#9071,#9077));
#9062 = ORIENTED_EDGE('',*,*,#9048,.F.);
#9063 = ORIENTED_EDGE('',*,*,#9064,.F.);
#9064 = EDGE_CURVE('',#9065,#9041,#9067,.T.);
#9065 = VERTEX_POINT('',#9066);
#9066 = CARTESIAN_POINT('',(18.4,-11.3,-4.));
#9067 = LINE('',#9068,#9069);
#9068 = CARTESIAN_POINT('',(18.4,-11.3,-4.));
#9069 = VECTOR('',#9070,1.);
#9070 = DIRECTION('',(1.,0.,-0.));
#9071 = ORIENTED_EDGE('',*,*,#9072,.T.);
#9072 = EDGE_CURVE('',#9065,#4430,#9073,.T.);
#9073 = LINE('',#9074,#9075);
#9074 = CARTESIAN_POINT('',(18.4,-11.3,-4.));
#9075 = VECTOR('',#9076,1.);
#9076 = DIRECTION('',(0.,0.,1.));
#9077 = ORIENTED_EDGE('',*,*,#4437,.F.);
#9078 = PLANE('',#9079);
#9079 = AXIS2_PLACEMENT_3D('',#9080,#9081,#9082);
#9080 = CARTESIAN_POINT('',(18.4,-11.3,-4.));
#9081 = DIRECTION('',(-0.,1.,0.));
#9082 = DIRECTION('',(0.,0.,1.));
#9083 = ADVANCED_FACE('',(#9084),#9095,.T.);
#9084 = FACE_BOUND('',#9085,.T.);
#9085 = EDGE_LOOP('',(#9086,#9087,#9093,#9094));
#9086 = ORIENTED_EDGE('',*,*,#9024,.F.);
#9087 = ORIENTED_EDGE('',*,*,#9088,.T.);
#9088 = EDGE_CURVE('',#9017,#9065,#9089,.T.);
#9089 = LINE('',#9090,#9091);
#9090 = CARTESIAN_POINT('',(18.4,-14.5,-4.));
#9091 = VECTOR('',#9092,1.);
#9092 = DIRECTION('',(-0.,1.,0.));
#9093 = ORIENTED_EDGE('',*,*,#9072,.T.);
#9094 = ORIENTED_EDGE('',*,*,#4429,.F.);
#9095 = PLANE('',#9096);
#9096 = AXIS2_PLACEMENT_3D('',#9097,#9098,#9099);
#9097 = CARTESIAN_POINT('',(18.4,-14.5,-4.));
#9098 = DIRECTION('',(1.,0.,-0.));
#9099 = DIRECTION('',(0.,0.,1.));
#9100 = ADVANCED_FACE('',(#9101),#9126,.T.);
#9101 = FACE_BOUND('',#9102,.T.);
#9102 = EDGE_LOOP('',(#9103,#9111,#9119,#9125));
#9103 = ORIENTED_EDGE('',*,*,#9104,.F.);
#9104 = EDGE_CURVE('',#9105,#4526,#9107,.T.);
#9105 = VERTEX_POINT('',#9106);
#9106 = CARTESIAN_POINT('',(17.7625,-10.4,-5.));
#9107 = LINE('',#9108,#9109);
#9108 = CARTESIAN_POINT('',(17.7625,-10.4,-5.));
#9109 = VECTOR('',#9110,1.);
#9110 = DIRECTION('',(0.,0.,1.));
#9111 = ORIENTED_EDGE('',*,*,#9112,.T.);
#9112 = EDGE_CURVE('',#9105,#9113,#9115,.T.);
#9113 = VERTEX_POINT('',#9114);
#9114 = CARTESIAN_POINT('',(17.7625,10.4,-5.));
#9115 = LINE('',#9116,#9117);
#9116 = CARTESIAN_POINT('',(17.7625,-10.4,-5.));
#9117 = VECTOR('',#9118,1.);
#9118 = DIRECTION('',(-0.,1.,0.));
#9119 = ORIENTED_EDGE('',*,*,#9120,.T.);
#9120 = EDGE_CURVE('',#9113,#4534,#9121,.T.);
#9121 = LINE('',#9122,#9123);
#9122 = CARTESIAN_POINT('',(17.7625,10.4,-5.));
#9123 = VECTOR('',#9124,1.);
#9124 = DIRECTION('',(0.,0.,1.));
#9125 = ORIENTED_EDGE('',*,*,#4533,.F.);
#9126 = PLANE('',#9127);
#9127 = AXIS2_PLACEMENT_3D('',#9128,#9129,#9130);
#9128 = CARTESIAN_POINT('',(17.7625,-10.4,-5.));
#9129 = DIRECTION('',(1.,0.,-0.));
#9130 = DIRECTION('',(0.,0.,1.));
#9131 = ADVANCED_FACE('',(#9132),#9143,.F.);
#9132 = FACE_BOUND('',#9133,.F.);
#9133 = EDGE_LOOP('',(#9134,#9135,#9136,#9142));
#9134 = ORIENTED_EDGE('',*,*,#4709,.F.);
#9135 = ORIENTED_EDGE('',*,*,#4741,.T.);
#9136 = ORIENTED_EDGE('',*,*,#9137,.T.);
#9137 = EDGE_CURVE('',#4742,#4566,#9138,.T.);
#9138 = LINE('',#9139,#9140);
#9139 = CARTESIAN_POINT('',(-15.8125,13.95,-6.4));
#9140 = VECTOR('',#9141,1.);
#9141 = DIRECTION('',(0.,0.,1.));
#9142 = ORIENTED_EDGE('',*,*,#4573,.F.);
#9143 = PLANE('',#9144);
#9144 = AXIS2_PLACEMENT_3D('',#9145,#9146,#9147);
#9145 = CARTESIAN_POINT('',(-15.8125,5.25,-6.4));
#9146 = DIRECTION('',(1.,0.,-0.));
#9147 = DIRECTION('',(0.,0.,1.));
#9148 = ADVANCED_FACE('',(#9149),#9160,.F.);
#9149 = FACE_BOUND('',#9150,.F.);
#9150 = EDGE_LOOP('',(#9151,#9152,#9153,#9159));
#9151 = ORIENTED_EDGE('',*,*,#9137,.F.);
#9152 = ORIENTED_EDGE('',*,*,#4749,.F.);
#9153 = ORIENTED_EDGE('',*,*,#9154,.T.);
#9154 = EDGE_CURVE('',#4726,#4558,#9155,.T.);
#9155 = LINE('',#9156,#9157);
#9156 = CARTESIAN_POINT('',(-24.5125,13.95,-6.4));
#9157 = VECTOR('',#9158,1.);
#9158 = DIRECTION('',(0.,0.,1.));
#9159 = ORIENTED_EDGE('',*,*,#4565,.F.);
#9160 = PLANE('',#9161);
#9161 = AXIS2_PLACEMENT_3D('',#9162,#9163,#9164);
#9162 = CARTESIAN_POINT('',(-24.5125,13.95,-6.4));
#9163 = DIRECTION('',(-0.,1.,0.));
#9164 = DIRECTION('',(0.,0.,1.));
#9165 = ADVANCED_FACE('',(#9166),#9191,.T.);
#9166 = FACE_BOUND('',#9167,.T.);
#9167 = EDGE_LOOP('',(#9168,#9176,#9184,#9190));
#9168 = ORIENTED_EDGE('',*,*,#9169,.F.);
#9169 = EDGE_CURVE('',#9170,#4592,#9172,.T.);
#9170 = VERTEX_POINT('',#9171);
#9171 = CARTESIAN_POINT('',(-16.1,16.1,-7.82));
#9172 = LINE('',#9173,#9174);
#9173 = CARTESIAN_POINT('',(-16.1,16.1,-7.82));
#9174 = VECTOR('',#9175,1.);
#9175 = DIRECTION('',(0.,0.,1.));
#9176 = ORIENTED_EDGE('',*,*,#9177,.F.);
#9177 = EDGE_CURVE('',#9178,#9170,#9180,.T.);
#9178 = VERTEX_POINT('',#9179);
#9179 = CARTESIAN_POINT('',(-25.3,16.1,-7.82));
#9180 = LINE('',#9181,#9182);
#9181 = CARTESIAN_POINT('',(-25.3,16.1,-7.82));
#9182 = VECTOR('',#9183,1.);
#9183 = DIRECTION('',(1.,0.,-0.));
#9184 = ORIENTED_EDGE('',*,*,#9185,.T.);
#9185 = EDGE_CURVE('',#9178,#4594,#9186,.T.);
#9186 = LINE('',#9187,#9188);
#9187 = CARTESIAN_POINT('',(-25.3,16.1,-7.82));
#9188 = VECTOR('',#9189,1.);
#9189 = DIRECTION('',(0.,0.,1.));
#9190 = ORIENTED_EDGE('',*,*,#4591,.F.);
#9191 = PLANE('',#9192);
#9192 = AXIS2_PLACEMENT_3D('',#9193,#9194,#9195);
#9193 = CARTESIAN_POINT('',(-25.3,16.1,-7.82));
#9194 = DIRECTION('',(-0.,1.,0.));
#9195 = DIRECTION('',(0.,0.,1.));
#9196 = ADVANCED_FACE('',(#9197),#9231,.T.);
#9197 = FACE_BOUND('',#9198,.T.);
#9198 = EDGE_LOOP('',(#9199,#9209,#9217,#9225));
#9199 = ORIENTED_EDGE('',*,*,#9200,.F.);
#9200 = EDGE_CURVE('',#9201,#9203,#9205,.T.);
#9201 = VERTEX_POINT('',#9202);
#9202 = CARTESIAN_POINT('',(-17.9,16.2,-9.));
#9203 = VERTEX_POINT('',#9204);
#9204 = CARTESIAN_POINT('',(-17.9,16.2,-7.82));
#9205 = LINE('',#9206,#9207);
#9206 = CARTESIAN_POINT('',(-17.9,16.2,-10.));
#9207 = VECTOR('',#9208,1.);
#9208 = DIRECTION('',(0.,0.,1.));
#9209 = ORIENTED_EDGE('',*,*,#9210,.T.);
#9210 = EDGE_CURVE('',#9201,#9211,#9213,.T.);
#9211 = VERTEX_POINT('',#9212);
#9212 = CARTESIAN_POINT('',(-19.5,16.2,-9.));
#9213 = LINE('',#9214,#9215);
#9214 = CARTESIAN_POINT('',(-9.75,16.2,-9.));
#9215 = VECTOR('',#9216,1.);
#9216 = DIRECTION('',(-1.,-0.,0.));
#9217 = ORIENTED_EDGE('',*,*,#9218,.T.);
#9218 = EDGE_CURVE('',#9211,#9219,#9221,.T.);
#9219 = VERTEX_POINT('',#9220);
#9220 = CARTESIAN_POINT('',(-19.5,16.2,-7.82));
#9221 = LINE('',#9222,#9223);
#9222 = CARTESIAN_POINT('',(-19.5,16.2,-10.));
#9223 = VECTOR('',#9224,1.);
#9224 = DIRECTION('',(0.,0.,1.));
#9225 = ORIENTED_EDGE('',*,*,#9226,.T.);
#9226 = EDGE_CURVE('',#9219,#9203,#9227,.T.);
#9227 = LINE('',#9228,#9229);
#9228 = CARTESIAN_POINT('',(-22.4,16.2,-7.82));
#9229 = VECTOR('',#9230,1.);
#9230 = DIRECTION('',(1.,0.,-0.));
#9231 = PLANE('',#9232);
#9232 = AXIS2_PLACEMENT_3D('',#9233,#9234,#9235);
#9233 = CARTESIAN_POINT('',(-19.5,16.2,-10.));
#9234 = DIRECTION('',(-0.,1.,0.));
#9235 = DIRECTION('',(0.,0.,1.));
#9236 = ADVANCED_FACE('',(#9237),#9262,.F.);
#9237 = FACE_BOUND('',#9238,.F.);
#9238 = EDGE_LOOP('',(#9239,#9240,#9248,#9256));
#9239 = ORIENTED_EDGE('',*,*,#9200,.F.);
#9240 = ORIENTED_EDGE('',*,*,#9241,.T.);
#9241 = EDGE_CURVE('',#9201,#9242,#9244,.T.);
#9242 = VERTEX_POINT('',#9243);
#9243 = CARTESIAN_POINT('',(-17.9,18.8,-9.));
#9244 = LINE('',#9245,#9246);
#9245 = CARTESIAN_POINT('',(-17.9,8.1,-9.));
#9246 = VECTOR('',#9247,1.);
#9247 = DIRECTION('',(-0.,1.,0.));
#9248 = ORIENTED_EDGE('',*,*,#9249,.T.);
#9249 = EDGE_CURVE('',#9242,#9250,#9252,.T.);
#9250 = VERTEX_POINT('',#9251);
#9251 = CARTESIAN_POINT('',(-17.9,18.8,-7.82));
#9252 = LINE('',#9253,#9254);
#9253 = CARTESIAN_POINT('',(-17.9,18.8,-10.));
#9254 = VECTOR('',#9255,1.);
#9255 = DIRECTION('',(0.,0.,1.));
#9256 = ORIENTED_EDGE('',*,*,#9257,.T.);
#9257 = EDGE_CURVE('',#9250,#9203,#9258,.T.);
#9258 = LINE('',#9259,#9260);
#9259 = CARTESIAN_POINT('',(-17.9,16.15,-7.82));
#9260 = VECTOR('',#9261,1.);
#9261 = DIRECTION('',(0.,-1.,0.));
#9262 = PLANE('',#9263);
#9263 = AXIS2_PLACEMENT_3D('',#9264,#9265,#9266);
#9264 = CARTESIAN_POINT('',(-17.9,16.2,-10.));
#9265 = DIRECTION('',(1.,0.,-0.));
#9266 = DIRECTION('',(0.,0.,1.));
#9267 = ADVANCED_FACE('',(#9268),#9293,.T.);
#9268 = FACE_BOUND('',#9269,.T.);
#9269 = EDGE_LOOP('',(#9270,#9271,#9279,#9287));
#9270 = ORIENTED_EDGE('',*,*,#9218,.F.);
#9271 = ORIENTED_EDGE('',*,*,#9272,.T.);
#9272 = EDGE_CURVE('',#9211,#9273,#9275,.T.);
#9273 = VERTEX_POINT('',#9274);
#9274 = CARTESIAN_POINT('',(-19.5,18.8,-9.));
#9275 = LINE('',#9276,#9277);
#9276 = CARTESIAN_POINT('',(-19.5,8.1,-9.));
#9277 = VECTOR('',#9278,1.);
#9278 = DIRECTION('',(-0.,1.,0.));
#9279 = ORIENTED_EDGE('',*,*,#9280,.T.);
#9280 = EDGE_CURVE('',#9273,#9281,#9283,.T.);
#9281 = VERTEX_POINT('',#9282);
#9282 = CARTESIAN_POINT('',(-19.5,18.8,-7.82));
#9283 = LINE('',#9284,#9285);
#9284 = CARTESIAN_POINT('',(-19.5,18.8,-10.));
#9285 = VECTOR('',#9286,1.);
#9286 = DIRECTION('',(0.,0.,1.));
#9287 = ORIENTED_EDGE('',*,*,#9288,.T.);
#9288 = EDGE_CURVE('',#9281,#9219,#9289,.T.);
#9289 = LINE('',#9290,#9291);
#9290 = CARTESIAN_POINT('',(-19.5,16.15,-7.82));
#9291 = VECTOR('',#9292,1.);
#9292 = DIRECTION('',(0.,-1.,0.));
#9293 = PLANE('',#9294);
#9294 = AXIS2_PLACEMENT_3D('',#9295,#9296,#9297);
#9295 = CARTESIAN_POINT('',(-19.5,16.2,-10.));
#9296 = DIRECTION('',(1.,0.,-0.));
#9297 = DIRECTION('',(0.,0.,1.));
#9298 = ADVANCED_FACE('',(#9299),#9315,.F.);
#9299 = FACE_BOUND('',#9300,.F.);
#9300 = EDGE_LOOP('',(#9301,#9302,#9308,#9309));
#9301 = ORIENTED_EDGE('',*,*,#9249,.F.);
#9302 = ORIENTED_EDGE('',*,*,#9303,.T.);
#9303 = EDGE_CURVE('',#9242,#9273,#9304,.T.);
#9304 = LINE('',#9305,#9306);
#9305 = CARTESIAN_POINT('',(-9.75,18.8,-9.));
#9306 = VECTOR('',#9307,1.);
#9307 = DIRECTION('',(-1.,-0.,0.));
#9308 = ORIENTED_EDGE('',*,*,#9280,.T.);
#9309 = ORIENTED_EDGE('',*,*,#9310,.T.);
#9310 = EDGE_CURVE('',#9281,#9250,#9311,.T.);
#9311 = LINE('',#9312,#9313);
#9312 = CARTESIAN_POINT('',(-22.4,18.8,-7.82));
#9313 = VECTOR('',#9314,1.);
#9314 = DIRECTION('',(1.,0.,-0.));
#9315 = PLANE('',#9316);
#9316 = AXIS2_PLACEMENT_3D('',#9317,#9318,#9319);
#9317 = CARTESIAN_POINT('',(-19.5,18.8,-10.));
#9318 = DIRECTION('',(-0.,1.,0.));
#9319 = DIRECTION('',(0.,0.,1.));
#9320 = ADVANCED_FACE('',(#9321,#9346),#9352,.T.);
#9321 = FACE_BOUND('',#9322,.T.);
#9322 = EDGE_LOOP('',(#9323,#9331,#9332,#9340));
#9323 = ORIENTED_EDGE('',*,*,#9324,.F.);
#9324 = EDGE_CURVE('',#9178,#9325,#9327,.T.);
#9325 = VERTEX_POINT('',#9326);
#9326 = CARTESIAN_POINT('',(-25.3,22.9,-7.82));
#9327 = LINE('',#9328,#9329);
#9328 = CARTESIAN_POINT('',(-25.3,16.1,-7.82));
#9329 = VECTOR('',#9330,1.);
#9330 = DIRECTION('',(-0.,1.,0.));
#9331 = ORIENTED_EDGE('',*,*,#9177,.T.);
#9332 = ORIENTED_EDGE('',*,*,#9333,.T.);
#9333 = EDGE_CURVE('',#9170,#9334,#9336,.T.);
#9334 = VERTEX_POINT('',#9335);
#9335 = CARTESIAN_POINT('',(-16.1,22.9,-7.82));
#9336 = LINE('',#9337,#9338);
#9337 = CARTESIAN_POINT('',(-16.1,16.1,-7.82));
#9338 = VECTOR('',#9339,1.);
#9339 = DIRECTION('',(-0.,1.,0.));
#9340 = ORIENTED_EDGE('',*,*,#9341,.F.);
#9341 = EDGE_CURVE('',#9325,#9334,#9342,.T.);
#9342 = LINE('',#9343,#9344);
#9343 = CARTESIAN_POINT('',(-25.3,22.9,-7.82));
#9344 = VECTOR('',#9345,1.);
#9345 = DIRECTION('',(1.,0.,-0.));
#9346 = FACE_BOUND('',#9347,.T.);
#9347 = EDGE_LOOP('',(#9348,#9349,#9350,#9351));
#9348 = ORIENTED_EDGE('',*,*,#9226,.F.);
#9349 = ORIENTED_EDGE('',*,*,#9288,.F.);
#9350 = ORIENTED_EDGE('',*,*,#9310,.T.);
#9351 = ORIENTED_EDGE('',*,*,#9257,.T.);
#9352 = PLANE('',#9353);
#9353 = AXIS2_PLACEMENT_3D('',#9354,#9355,#9356);
#9354 = CARTESIAN_POINT('',(-25.3,16.1,-7.82));
#9355 = DIRECTION('',(0.,0.,1.));
#9356 = DIRECTION('',(1.,0.,-0.));
#9357 = ADVANCED_FACE('',(#9358),#9369,.F.);
#9358 = FACE_BOUND('',#9359,.F.);
#9359 = EDGE_LOOP('',(#9360,#9361,#9362,#9368));
#9360 = ORIENTED_EDGE('',*,*,#9169,.F.);
#9361 = ORIENTED_EDGE('',*,*,#9333,.T.);
#9362 = ORIENTED_EDGE('',*,*,#9363,.T.);
#9363 = EDGE_CURVE('',#9334,#4610,#9364,.T.);
#9364 = LINE('',#9365,#9366);
#9365 = CARTESIAN_POINT('',(-16.1,22.9,-7.82));
#9366 = VECTOR('',#9367,1.);
#9367 = DIRECTION('',(0.,0.,1.));
#9368 = ORIENTED_EDGE('',*,*,#4617,.F.);
#9369 = PLANE('',#9370);
#9370 = AXIS2_PLACEMENT_3D('',#9371,#9372,#9373);
#9371 = CARTESIAN_POINT('',(-16.1,16.1,-7.82));
#9372 = DIRECTION('',(1.,0.,-0.));
#9373 = DIRECTION('',(0.,0.,1.));
#9374 = ADVANCED_FACE('',(#9375),#9386,.F.);
#9375 = FACE_BOUND('',#9376,.F.);
#9376 = EDGE_LOOP('',(#9377,#9378,#9379,#9385));
#9377 = ORIENTED_EDGE('',*,*,#9363,.F.);
#9378 = ORIENTED_EDGE('',*,*,#9341,.F.);
#9379 = ORIENTED_EDGE('',*,*,#9380,.T.);
#9380 = EDGE_CURVE('',#9325,#4602,#9381,.T.);
#9381 = LINE('',#9382,#9383);
#9382 = CARTESIAN_POINT('',(-25.3,22.9,-7.82));
#9383 = VECTOR('',#9384,1.);
#9384 = DIRECTION('',(0.,0.,1.));
#9385 = ORIENTED_EDGE('',*,*,#4609,.F.);
#9386 = PLANE('',#9387);
#9387 = AXIS2_PLACEMENT_3D('',#9388,#9389,#9390);
#9388 = CARTESIAN_POINT('',(-25.3,22.9,-7.82));
#9389 = DIRECTION('',(-0.,1.,0.));
#9390 = DIRECTION('',(0.,0.,1.));
#9391 = ADVANCED_FACE('',(#9392),#9398,.T.);
#9392 = FACE_BOUND('',#9393,.T.);
#9393 = EDGE_LOOP('',(#9394,#9395,#9396,#9397));
#9394 = ORIENTED_EDGE('',*,*,#9185,.F.);
#9395 = ORIENTED_EDGE('',*,*,#9324,.T.);
#9396 = ORIENTED_EDGE('',*,*,#9380,.T.);
#9397 = ORIENTED_EDGE('',*,*,#4601,.F.);
#9398 = PLANE('',#9399);
#9399 = AXIS2_PLACEMENT_3D('',#9400,#9401,#9402);
#9400 = CARTESIAN_POINT('',(-25.3,16.1,-7.82));
#9401 = DIRECTION('',(1.,0.,-0.));
#9402 = DIRECTION('',(0.,0.,1.));
#9403 = ADVANCED_FACE('',(#9404),#9429,.T.);
#9404 = FACE_BOUND('',#9405,.T.);
#9405 = EDGE_LOOP('',(#9406,#9414,#9422,#9428));
#9406 = ORIENTED_EDGE('',*,*,#9407,.F.);
#9407 = EDGE_CURVE('',#9408,#4626,#9410,.T.);
#9408 = VERTEX_POINT('',#9409);
#9409 = CARTESIAN_POINT('',(23.6,11.3,-4.));
#9410 = LINE('',#9411,#9412);
#9411 = CARTESIAN_POINT('',(23.6,11.3,-4.));
#9412 = VECTOR('',#9413,1.);
#9413 = DIRECTION('',(0.,0.,1.));
#9414 = ORIENTED_EDGE('',*,*,#9415,.F.);
#9415 = EDGE_CURVE('',#9416,#9408,#9418,.T.);
#9416 = VERTEX_POINT('',#9417);
#9417 = CARTESIAN_POINT('',(18.4,11.3,-4.));
#9418 = LINE('',#9419,#9420);
#9419 = CARTESIAN_POINT('',(18.4,11.3,-4.));
#9420 = VECTOR('',#9421,1.);
#9421 = DIRECTION('',(1.,0.,-0.));
#9422 = ORIENTED_EDGE('',*,*,#9423,.T.);
#9423 = EDGE_CURVE('',#9416,#4628,#9424,.T.);
#9424 = LINE('',#9425,#9426);
#9425 = CARTESIAN_POINT('',(18.4,11.3,-4.));
#9426 = VECTOR('',#9427,1.);
#9427 = DIRECTION('',(0.,0.,1.));
#9428 = ORIENTED_EDGE('',*,*,#4625,.F.);
#9429 = PLANE('',#9430);
#9430 = AXIS2_PLACEMENT_3D('',#9431,#9432,#9433);
#9431 = CARTESIAN_POINT('',(18.4,11.3,-4.));
#9432 = DIRECTION('',(-0.,1.,0.));
#9433 = DIRECTION('',(0.,0.,1.));
#9434 = ADVANCED_FACE('',(#9435),#9453,.F.);
#9435 = FACE_BOUND('',#9436,.F.);
#9436 = EDGE_LOOP('',(#9437,#9438,#9446,#9452));
#9437 = ORIENTED_EDGE('',*,*,#9407,.F.);
#9438 = ORIENTED_EDGE('',*,*,#9439,.T.);
#9439 = EDGE_CURVE('',#9408,#9440,#9442,.T.);
#9440 = VERTEX_POINT('',#9441);
#9441 = CARTESIAN_POINT('',(23.6,14.5,-4.));
#9442 = LINE('',#9443,#9444);
#9443 = CARTESIAN_POINT('',(23.6,11.3,-4.));
#9444 = VECTOR('',#9445,1.);
#9445 = DIRECTION('',(-0.,1.,0.));
#9446 = ORIENTED_EDGE('',*,*,#9447,.T.);
#9447 = EDGE_CURVE('',#9440,#4644,#9448,.T.);
#9448 = LINE('',#9449,#9450);
#9449 = CARTESIAN_POINT('',(23.6,14.5,-4.));
#9450 = VECTOR('',#9451,1.);
#9451 = DIRECTION('',(0.,0.,1.));
#9452 = ORIENTED_EDGE('',*,*,#4651,.F.);
#9453 = PLANE('',#9454);
#9454 = AXIS2_PLACEMENT_3D('',#9455,#9456,#9457);
#9455 = CARTESIAN_POINT('',(23.6,11.3,-4.));
#9456 = DIRECTION('',(1.,0.,-0.));
#9457 = DIRECTION('',(0.,0.,1.));
#9458 = ADVANCED_FACE('',(#9459),#9477,.F.);
#9459 = FACE_BOUND('',#9460,.F.);
#9460 = EDGE_LOOP('',(#9461,#9462,#9470,#9476));
#9461 = ORIENTED_EDGE('',*,*,#9447,.F.);
#9462 = ORIENTED_EDGE('',*,*,#9463,.F.);
#9463 = EDGE_CURVE('',#9464,#9440,#9466,.T.);
#9464 = VERTEX_POINT('',#9465);
#9465 = CARTESIAN_POINT('',(18.4,14.5,-4.));
#9466 = LINE('',#9467,#9468);
#9467 = CARTESIAN_POINT('',(18.4,14.5,-4.));
#9468 = VECTOR('',#9469,1.);
#9469 = DIRECTION('',(1.,0.,-0.));
#9470 = ORIENTED_EDGE('',*,*,#9471,.T.);
#9471 = EDGE_CURVE('',#9464,#4636,#9472,.T.);
#9472 = LINE('',#9473,#9474);
#9473 = CARTESIAN_POINT('',(18.4,14.5,-4.));
#9474 = VECTOR('',#9475,1.);
#9475 = DIRECTION('',(0.,0.,1.));
#9476 = ORIENTED_EDGE('',*,*,#4643,.F.);
#9477 = PLANE('',#9478);
#9478 = AXIS2_PLACEMENT_3D('',#9479,#9480,#9481);
#9479 = CARTESIAN_POINT('',(18.4,14.5,-4.));
#9480 = DIRECTION('',(-0.,1.,0.));
#9481 = DIRECTION('',(0.,0.,1.));
#9482 = ADVANCED_FACE('',(#9483),#9494,.T.);
#9483 = FACE_BOUND('',#9484,.T.);
#9484 = EDGE_LOOP('',(#9485,#9486,#9492,#9493));
#9485 = ORIENTED_EDGE('',*,*,#9423,.F.);
#9486 = ORIENTED_EDGE('',*,*,#9487,.T.);
#9487 = EDGE_CURVE('',#9416,#9464,#9488,.T.);
#9488 = LINE('',#9489,#9490);
#9489 = CARTESIAN_POINT('',(18.4,11.3,-4.));
#9490 = VECTOR('',#9491,1.);
#9491 = DIRECTION('',(-0.,1.,0.));
#9492 = ORIENTED_EDGE('',*,*,#9471,.T.);
#9493 = ORIENTED_EDGE('',*,*,#4635,.F.);
#9494 = PLANE('',#9495);
#9495 = AXIS2_PLACEMENT_3D('',#9496,#9497,#9498);
#9496 = CARTESIAN_POINT('',(18.4,11.3,-4.));
#9497 = DIRECTION('',(1.,0.,-0.));
#9498 = DIRECTION('',(0.,0.,1.));
#9499 = ADVANCED_FACE('',(#9500),#9516,.T.);
#9500 = FACE_BOUND('',#9501,.T.);
#9501 = EDGE_LOOP('',(#9502,#9508,#9509,#9515));
#9502 = ORIENTED_EDGE('',*,*,#9503,.F.);
#9503 = EDGE_CURVE('',#8694,#4660,#9504,.T.);
#9504 = LINE('',#9505,#9506);
#9505 = CARTESIAN_POINT('',(25.3,16.1,-7.82));
#9506 = VECTOR('',#9507,1.);
#9507 = DIRECTION('',(0.,0.,1.));
#9508 = ORIENTED_EDGE('',*,*,#8693,.F.);
#9509 = ORIENTED_EDGE('',*,*,#9510,.T.);
#9510 = EDGE_CURVE('',#8684,#4662,#9511,.T.);
#9511 = LINE('',#9512,#9513);
#9512 = CARTESIAN_POINT('',(16.1,16.1,-7.82));
#9513 = VECTOR('',#9514,1.);
#9514 = DIRECTION('',(0.,0.,1.));
#9515 = ORIENTED_EDGE('',*,*,#4659,.F.);
#9516 = PLANE('',#9517);
#9517 = AXIS2_PLACEMENT_3D('',#9518,#9519,#9520);
#9518 = CARTESIAN_POINT('',(16.1,16.1,-7.82));
#9519 = DIRECTION('',(-0.,1.,0.));
#9520 = DIRECTION('',(0.,0.,1.));
#9521 = ADVANCED_FACE('',(#9522),#9533,.F.);
#9522 = FACE_BOUND('',#9523,.F.);
#9523 = EDGE_LOOP('',(#9524,#9525,#9526,#9532));
#9524 = ORIENTED_EDGE('',*,*,#9503,.F.);
#9525 = ORIENTED_EDGE('',*,*,#8701,.T.);
#9526 = ORIENTED_EDGE('',*,*,#9527,.T.);
#9527 = EDGE_CURVE('',#8702,#4678,#9528,.T.);
#9528 = LINE('',#9529,#9530);
#9529 = CARTESIAN_POINT('',(25.3,22.9,-7.82));
#9530 = VECTOR('',#9531,1.);
#9531 = DIRECTION('',(0.,0.,1.));
#9532 = ORIENTED_EDGE('',*,*,#4685,.F.);
#9533 = PLANE('',#9534);
#9534 = AXIS2_PLACEMENT_3D('',#9535,#9536,#9537);
#9535 = CARTESIAN_POINT('',(25.3,16.1,-7.82));
#9536 = DIRECTION('',(1.,0.,-0.));
#9537 = DIRECTION('',(0.,0.,1.));
#9538 = ADVANCED_FACE('',(#9539),#9550,.F.);
#9539 = FACE_BOUND('',#9540,.F.);
#9540 = EDGE_LOOP('',(#9541,#9542,#9543,#9549));
#9541 = ORIENTED_EDGE('',*,*,#9527,.F.);
#9542 = ORIENTED_EDGE('',*,*,#8709,.F.);
#9543 = ORIENTED_EDGE('',*,*,#9544,.T.);
#9544 = EDGE_CURVE('',#8686,#4670,#9545,.T.);
#9545 = LINE('',#9546,#9547);
#9546 = CARTESIAN_POINT('',(16.1,22.9,-7.82));
#9547 = VECTOR('',#9548,1.);
#9548 = DIRECTION('',(0.,0.,1.));
#9549 = ORIENTED_EDGE('',*,*,#4677,.F.);
#9550 = PLANE('',#9551);
#9551 = AXIS2_PLACEMENT_3D('',#9552,#9553,#9554);
#9552 = CARTESIAN_POINT('',(16.1,22.9,-7.82));
#9553 = DIRECTION('',(-0.,1.,0.));
#9554 = DIRECTION('',(0.,0.,1.));
#9555 = ADVANCED_FACE('',(#9556),#9562,.T.);
#9556 = FACE_BOUND('',#9557,.T.);
#9557 = EDGE_LOOP('',(#9558,#9559,#9560,#9561));
#9558 = ORIENTED_EDGE('',*,*,#9510,.F.);
#9559 = ORIENTED_EDGE('',*,*,#8683,.T.);
#9560 = ORIENTED_EDGE('',*,*,#9544,.T.);
#9561 = ORIENTED_EDGE('',*,*,#4669,.F.);
#9562 = PLANE('',#9563);
#9563 = AXIS2_PLACEMENT_3D('',#9564,#9565,#9566);
#9564 = CARTESIAN_POINT('',(16.1,16.1,-7.82));
#9565 = DIRECTION('',(1.,0.,-0.));
#9566 = DIRECTION('',(0.,0.,1.));
#9567 = ADVANCED_FACE('',(#9568),#9580,.T.);
#9568 = FACE_BOUND('',#9569,.F.);
#9569 = EDGE_LOOP('',(#9570,#9571,#9572,#9579));
#9570 = ORIENTED_EDGE('',*,*,#6219,.F.);
#9571 = ORIENTED_EDGE('',*,*,#7744,.T.);
#9572 = ORIENTED_EDGE('',*,*,#9573,.F.);
#9573 = EDGE_CURVE('',#8350,#7737,#9574,.T.);
#9574 = CIRCLE('',#9575,5.);
#9575 = AXIS2_PLACEMENT_3D('',#9576,#9577,#9578);
#9576 = CARTESIAN_POINT('',(-9.875,-19.85,-15.75));
#9577 = DIRECTION('',(-0.,0.,-1.));
#9578 = DIRECTION('',(-1.,0.,0.));
#9579 = ORIENTED_EDGE('',*,*,#8349,.F.);
#9580 = CYLINDRICAL_SURFACE('',#9581,5.);
#9581 = AXIS2_PLACEMENT_3D('',#9582,#9583,#9584);
#9582 = CARTESIAN_POINT('',(-9.875,-19.85,-17.8));
#9583 = DIRECTION('',(-0.,-0.,-1.));
#9584 = DIRECTION('',(-1.,0.,0.));
#9585 = ADVANCED_FACE('',(#9586),#9598,.T.);
#9586 = FACE_BOUND('',#9587,.F.);
#9587 = EDGE_LOOP('',(#9588,#9589,#9590,#9597));
#9588 = ORIENTED_EDGE('',*,*,#6327,.F.);
#9589 = ORIENTED_EDGE('',*,*,#8461,.T.);
#9590 = ORIENTED_EDGE('',*,*,#9591,.F.);
#9591 = EDGE_CURVE('',#8293,#8454,#9592,.T.);
#9592 = CIRCLE('',#9593,5.);
#9593 = AXIS2_PLACEMENT_3D('',#9594,#9595,#9596);
#9594 = CARTESIAN_POINT('',(9.875,-19.85,-15.75));
#9595 = DIRECTION('',(-0.,-0.,-1.));
#9596 = DIRECTION('',(0.,-1.,0.));
#9597 = ORIENTED_EDGE('',*,*,#8292,.F.);
#9598 = CYLINDRICAL_SURFACE('',#9599,5.);
#9599 = AXIS2_PLACEMENT_3D('',#9600,#9601,#9602);
#9600 = CARTESIAN_POINT('',(9.875,-19.85,-17.8));
#9601 = DIRECTION('',(-0.,-0.,-1.));
#9602 = DIRECTION('',(0.,-1.,0.));
#9603 = ADVANCED_FACE('',(#9604),#9685,.T.);
#9604 = FACE_BOUND('',#9605,.T.);
#9605 = EDGE_LOOP('',(#9606,#9607,#9615,#9622,#9623,#9624,#9625,#9633,
    #9642,#9651,#9660,#9668,#9677,#9683,#9684));
#9606 = ORIENTED_EDGE('',*,*,#6355,.F.);
#9607 = ORIENTED_EDGE('',*,*,#9608,.F.);
#9608 = EDGE_CURVE('',#9609,#6347,#9611,.T.);
#9609 = VERTEX_POINT('',#9610);
#9610 = CARTESIAN_POINT('',(14.7,4.,-25.5));
#9611 = LINE('',#9612,#9613);
#9612 = CARTESIAN_POINT('',(14.7,4.,-25.5));
#9613 = VECTOR('',#9614,1.);
#9614 = DIRECTION('',(0.,0.,1.));
#9615 = ORIENTED_EDGE('',*,*,#9616,.T.);
#9616 = EDGE_CURVE('',#9609,#9609,#9617,.T.);
#9617 = CIRCLE('',#9618,1.5);
#9618 = AXIS2_PLACEMENT_3D('',#9619,#9620,#9621);
#9619 = CARTESIAN_POINT('',(13.2,4.,-25.5));
#9620 = DIRECTION('',(0.,0.,1.));
#9621 = DIRECTION('',(1.,0.,-0.));
#9622 = ORIENTED_EDGE('',*,*,#9608,.T.);
#9623 = ORIENTED_EDGE('',*,*,#6344,.F.);
#9624 = ORIENTED_EDGE('',*,*,#6735,.F.);
#9625 = ORIENTED_EDGE('',*,*,#9626,.F.);
#9626 = EDGE_CURVE('',#9627,#6728,#9629,.T.);
#9627 = VERTEX_POINT('',#9628);
#9628 = CARTESIAN_POINT('',(13.675,2.577194672487,-20.6));
#9629 = LINE('',#9630,#9631);
#9630 = CARTESIAN_POINT('',(13.675,2.577194672487,-25.5));
#9631 = VECTOR('',#9632,1.);
#9632 = DIRECTION('',(0.,0.,1.));
#9633 = ORIENTED_EDGE('',*,*,#9634,.F.);
#9634 = EDGE_CURVE('',#9635,#9627,#9637,.T.);
#9635 = VERTEX_POINT('',#9636);
#9636 = CARTESIAN_POINT('',(12.467664790203,2.690922026581,-20.6));
#9637 = CIRCLE('',#9638,1.5);
#9638 = AXIS2_PLACEMENT_3D('',#9639,#9640,#9641);
#9639 = CARTESIAN_POINT('',(13.2,4.,-20.6));
#9640 = DIRECTION('',(0.,0.,1.));
#9641 = DIRECTION('',(1.,0.,-0.));
#9642 = ORIENTED_EDGE('',*,*,#9643,.F.);
#9643 = EDGE_CURVE('',#9644,#9635,#9646,.T.);
#9644 = VERTEX_POINT('',#9645);
#9645 = CARTESIAN_POINT('',(12.08196601125,3.,-20.6));
#9646 = CIRCLE('',#9647,1.5);
#9647 = AXIS2_PLACEMENT_3D('',#9648,#9649,#9650);
#9648 = CARTESIAN_POINT('',(13.2,4.,-20.6));
#9649 = DIRECTION('',(0.,0.,1.));
#9650 = DIRECTION('',(1.,0.,-0.));
#9651 = ORIENTED_EDGE('',*,*,#9652,.F.);
#9652 = EDGE_CURVE('',#9653,#9644,#9655,.T.);
#9653 = VERTEX_POINT('',#9654);
#9654 = CARTESIAN_POINT('',(11.83853905027,3.370377825709,-20.6));
#9655 = CIRCLE('',#9656,1.5);
#9656 = AXIS2_PLACEMENT_3D('',#9657,#9658,#9659);
#9657 = CARTESIAN_POINT('',(13.2,4.,-20.6));
#9658 = DIRECTION('',(0.,0.,1.));
#9659 = DIRECTION('',(1.,0.,-0.));
#9660 = ORIENTED_EDGE('',*,*,#9661,.T.);
#9661 = EDGE_CURVE('',#9653,#9662,#9664,.T.);
#9662 = VERTEX_POINT('',#9663);
#9663 = CARTESIAN_POINT('',(11.83853905027,3.370377825709,-17.79));
#9664 = LINE('',#9665,#9666);
#9665 = CARTESIAN_POINT('',(11.83853905027,3.370377825709,-20.6));
#9666 = VECTOR('',#9667,1.);
#9667 = DIRECTION('',(0.,0.,1.));
#9668 = ORIENTED_EDGE('',*,*,#9669,.F.);
#9669 = EDGE_CURVE('',#9670,#9662,#9672,.T.);
#9670 = VERTEX_POINT('',#9671);
#9671 = CARTESIAN_POINT('',(12.675,5.40512454964,-17.79));
#9672 = CIRCLE('',#9673,1.5);
#9673 = AXIS2_PLACEMENT_3D('',#9674,#9675,#9676);
#9674 = CARTESIAN_POINT('',(13.2,4.,-17.79));
#9675 = DIRECTION('',(0.,0.,1.));
#9676 = DIRECTION('',(1.,0.,-0.));
#9677 = ORIENTED_EDGE('',*,*,#9678,.F.);
#9678 = EDGE_CURVE('',#6374,#9670,#9679,.T.);
#9679 = LINE('',#9680,#9681);
#9680 = CARTESIAN_POINT('',(12.675,5.40512454964,-25.5));
#9681 = VECTOR('',#9682,1.);
#9682 = DIRECTION('',(0.,0.,1.));
#9683 = ORIENTED_EDGE('',*,*,#6373,.F.);
#9684 = ORIENTED_EDGE('',*,*,#6364,.F.);
#9685 = CYLINDRICAL_SURFACE('',#9686,1.5);
#9686 = AXIS2_PLACEMENT_3D('',#9687,#9688,#9689);
#9687 = CARTESIAN_POINT('',(13.2,4.,-25.5));
#9688 = DIRECTION('',(0.,0.,1.));
#9689 = DIRECTION('',(1.,0.,-0.));
#9690 = ADVANCED_FACE('',(#9691),#9725,.T.);
#9691 = FACE_BOUND('',#9692,.T.);
#9692 = EDGE_LOOP('',(#9693,#9703,#9711,#9717,#9718,#9719));
#9693 = ORIENTED_EDGE('',*,*,#9694,.F.);
#9694 = EDGE_CURVE('',#9695,#9697,#9699,.T.);
#9695 = VERTEX_POINT('',#9696);
#9696 = CARTESIAN_POINT('',(12.675,3.,-16.8));
#9697 = VERTEX_POINT('',#9698);
#9698 = CARTESIAN_POINT('',(12.675,3.,-17.79));
#9699 = LINE('',#9700,#9701);
#9700 = CARTESIAN_POINT('',(12.675,3.,-19.7));
#9701 = VECTOR('',#9702,1.);
#9702 = DIRECTION('',(0.,0.,-1.));
#9703 = ORIENTED_EDGE('',*,*,#9704,.F.);
#9704 = EDGE_CURVE('',#9705,#9695,#9707,.T.);
#9705 = VERTEX_POINT('',#9706);
#9706 = CARTESIAN_POINT('',(12.675,16.5,-16.8));
#9707 = LINE('',#9708,#9709);
#9708 = CARTESIAN_POINT('',(12.675,-8.25,-16.8));
#9709 = VECTOR('',#9710,1.);
#9710 = DIRECTION('',(0.,-1.,0.));
#9711 = ORIENTED_EDGE('',*,*,#9712,.F.);
#9712 = EDGE_CURVE('',#6383,#9705,#9713,.T.);
#9713 = LINE('',#9714,#9715);
#9714 = CARTESIAN_POINT('',(12.675,16.5,-18.8));
#9715 = VECTOR('',#9716,1.);
#9716 = DIRECTION('',(0.,0.,1.));
#9717 = ORIENTED_EDGE('',*,*,#6382,.T.);
#9718 = ORIENTED_EDGE('',*,*,#9678,.T.);
#9719 = ORIENTED_EDGE('',*,*,#9720,.F.);
#9720 = EDGE_CURVE('',#9697,#9670,#9721,.T.);
#9721 = LINE('',#9722,#9723);
#9722 = CARTESIAN_POINT('',(12.675,-6.25,-17.79));
#9723 = VECTOR('',#9724,1.);
#9724 = DIRECTION('',(0.,1.,-0.));
#9725 = PLANE('',#9726);
#9726 = AXIS2_PLACEMENT_3D('',#9727,#9728,#9729);
#9727 = CARTESIAN_POINT('',(12.675,-16.5,-18.8));
#9728 = DIRECTION('',(-1.,0.,0.));
#9729 = DIRECTION('',(0.,1.,0.));
#9730 = ADVANCED_FACE('',(#9731),#9774,.F.);
#9731 = FACE_BOUND('',#9732,.T.);
#9732 = EDGE_LOOP('',(#9733,#9741,#9742,#9750,#9759,#9765,#9766,#9767));
#9733 = ORIENTED_EDGE('',*,*,#9734,.F.);
#9734 = EDGE_CURVE('',#6454,#9735,#9737,.T.);
#9735 = VERTEX_POINT('',#9736);
#9736 = CARTESIAN_POINT('',(6.525,22.65,-16.8));
#9737 = LINE('',#9738,#9739);
#9738 = CARTESIAN_POINT('',(6.525,22.65,-18.8));
#9739 = VECTOR('',#9740,1.);
#9740 = DIRECTION('',(0.,0.,1.));
#9741 = ORIENTED_EDGE('',*,*,#6453,.T.);
#9742 = ORIENTED_EDGE('',*,*,#9743,.F.);
#9743 = EDGE_CURVE('',#9744,#6445,#9746,.T.);
#9744 = VERTEX_POINT('',#9745);
#9745 = CARTESIAN_POINT('',(11.713057955187,19.802507328323,-17.79));
#9746 = LINE('',#9747,#9748);
#9747 = CARTESIAN_POINT('',(11.713057955187,19.802507328323,-18.8));
#9748 = VECTOR('',#9749,1.);
#9749 = DIRECTION('',(-0.,-0.,-1.));
#9750 = ORIENTED_EDGE('',*,*,#9751,.T.);
#9751 = EDGE_CURVE('',#9744,#9752,#9754,.T.);
#9752 = VERTEX_POINT('',#9753);
#9753 = CARTESIAN_POINT('',(12.191923120631,18.889243048511,-17.79));
#9754 = CIRCLE('',#9755,6.15);
#9755 = AXIS2_PLACEMENT_3D('',#9756,#9757,#9758);
#9756 = CARTESIAN_POINT('',(6.525,16.5,-17.79));
#9757 = DIRECTION('',(0.,-0.,-1.));
#9758 = DIRECTION('',(1.,-1.155354041886E-15,0.));
#9759 = ORIENTED_EDGE('',*,*,#9760,.T.);
#9760 = EDGE_CURVE('',#9752,#6391,#9761,.T.);
#9761 = LINE('',#9762,#9763);
#9762 = CARTESIAN_POINT('',(12.191923120631,18.889243048511,-18.8));
#9763 = VECTOR('',#9764,1.);
#9764 = DIRECTION('',(-0.,-0.,-1.));
#9765 = ORIENTED_EDGE('',*,*,#6390,.T.);
#9766 = ORIENTED_EDGE('',*,*,#9712,.T.);
#9767 = ORIENTED_EDGE('',*,*,#9768,.F.);
#9768 = EDGE_CURVE('',#9735,#9705,#9769,.T.);
#9769 = CIRCLE('',#9770,6.15);
#9770 = AXIS2_PLACEMENT_3D('',#9771,#9772,#9773);
#9771 = CARTESIAN_POINT('',(6.525,16.5,-16.8));
#9772 = DIRECTION('',(0.,-0.,-1.));
#9773 = DIRECTION('',(1.,-1.155354041886E-15,0.));
#9774 = CYLINDRICAL_SURFACE('',#9775,6.15);
#9775 = AXIS2_PLACEMENT_3D('',#9776,#9777,#9778);
#9776 = CARTESIAN_POINT('',(6.525,16.5,-18.8));
#9777 = DIRECTION('',(-0.,-0.,-1.));
#9778 = DIRECTION('',(1.,-1.155354041886E-15,0.));
#9779 = ADVANCED_FACE('',(#9780),#9813,.T.);
#9780 = FACE_BOUND('',#9781,.T.);
#9781 = EDGE_LOOP('',(#9782,#9783,#9791,#9798,#9799,#9800,#9801,#9802,
    #9803,#9810,#9811,#9812));
#9782 = ORIENTED_EDGE('',*,*,#6426,.F.);
#9783 = ORIENTED_EDGE('',*,*,#9784,.F.);
#9784 = EDGE_CURVE('',#9785,#6418,#9787,.T.);
#9785 = VERTEX_POINT('',#9786);
#9786 = CARTESIAN_POINT('',(14.7,20.,-25.5));
#9787 = LINE('',#9788,#9789);
#9788 = CARTESIAN_POINT('',(14.7,20.,-25.5));
#9789 = VECTOR('',#9790,1.);
#9790 = DIRECTION('',(0.,0.,1.));
#9791 = ORIENTED_EDGE('',*,*,#9792,.T.);
#9792 = EDGE_CURVE('',#9785,#9785,#9793,.T.);
#9793 = CIRCLE('',#9794,1.5);
#9794 = AXIS2_PLACEMENT_3D('',#9795,#9796,#9797);
#9795 = CARTESIAN_POINT('',(13.2,20.,-25.5));
#9796 = DIRECTION('',(0.,0.,1.));
#9797 = DIRECTION('',(1.,0.,-0.));
#9798 = ORIENTED_EDGE('',*,*,#9784,.T.);
#9799 = ORIENTED_EDGE('',*,*,#6417,.F.);
#9800 = ORIENTED_EDGE('',*,*,#6408,.F.);
#9801 = ORIENTED_EDGE('',*,*,#6399,.F.);
#9802 = ORIENTED_EDGE('',*,*,#9760,.F.);
#9803 = ORIENTED_EDGE('',*,*,#9804,.F.);
#9804 = EDGE_CURVE('',#9744,#9752,#9805,.T.);
#9805 = CIRCLE('',#9806,1.5);
#9806 = AXIS2_PLACEMENT_3D('',#9807,#9808,#9809);
#9807 = CARTESIAN_POINT('',(13.2,20.,-17.79));
#9808 = DIRECTION('',(0.,0.,1.));
#9809 = DIRECTION('',(1.,0.,-0.));
#9810 = ORIENTED_EDGE('',*,*,#9743,.T.);
#9811 = ORIENTED_EDGE('',*,*,#6444,.F.);
#9812 = ORIENTED_EDGE('',*,*,#6435,.F.);
#9813 = CYLINDRICAL_SURFACE('',#9814,1.5);
#9814 = AXIS2_PLACEMENT_3D('',#9815,#9816,#9817);
#9815 = CARTESIAN_POINT('',(13.2,20.,-25.5));
#9816 = DIRECTION('',(0.,0.,1.));
#9817 = DIRECTION('',(1.,0.,-0.));
#9818 = ADVANCED_FACE('',(#9819),#9837,.T.);
#9819 = FACE_BOUND('',#9820,.T.);
#9820 = EDGE_LOOP('',(#9821,#9822,#9823,#9831));
#9821 = ORIENTED_EDGE('',*,*,#6462,.T.);
#9822 = ORIENTED_EDGE('',*,*,#9734,.T.);
#9823 = ORIENTED_EDGE('',*,*,#9824,.F.);
#9824 = EDGE_CURVE('',#9825,#9735,#9827,.T.);
#9825 = VERTEX_POINT('',#9826);
#9826 = CARTESIAN_POINT('',(-6.525,22.65,-16.8));
#9827 = LINE('',#9828,#9829);
#9828 = CARTESIAN_POINT('',(3.2625,22.65,-16.8));
#9829 = VECTOR('',#9830,1.);
#9830 = DIRECTION('',(1.,0.,-0.));
#9831 = ORIENTED_EDGE('',*,*,#9832,.F.);
#9832 = EDGE_CURVE('',#6463,#9825,#9833,.T.);
#9833 = LINE('',#9834,#9835);
#9834 = CARTESIAN_POINT('',(-6.525,22.65,-18.8));
#9835 = VECTOR('',#9836,1.);
#9836 = DIRECTION('',(0.,0.,1.));
#9837 = PLANE('',#9838);
#9838 = AXIS2_PLACEMENT_3D('',#9839,#9840,#9841);
#9839 = CARTESIAN_POINT('',(6.525,22.65,-18.8));
#9840 = DIRECTION('',(0.,-1.,0.));
#9841 = DIRECTION('',(-1.,0.,0.));
#9842 = ADVANCED_FACE('',(#9843),#9886,.F.);
#9843 = FACE_BOUND('',#9844,.T.);
#9844 = EDGE_LOOP('',(#9845,#9853,#9854,#9862,#9871,#9877,#9878,#9879));
#9845 = ORIENTED_EDGE('',*,*,#9846,.F.);
#9846 = EDGE_CURVE('',#6534,#9847,#9849,.T.);
#9847 = VERTEX_POINT('',#9848);
#9848 = CARTESIAN_POINT('',(-12.675,16.5,-16.8));
#9849 = LINE('',#9850,#9851);
#9850 = CARTESIAN_POINT('',(-12.675,16.5,-18.8));
#9851 = VECTOR('',#9852,1.);
#9852 = DIRECTION('',(0.,0.,1.));
#9853 = ORIENTED_EDGE('',*,*,#6533,.T.);
#9854 = ORIENTED_EDGE('',*,*,#9855,.F.);
#9855 = EDGE_CURVE('',#9856,#6525,#9858,.T.);
#9856 = VERTEX_POINT('',#9857);
#9857 = CARTESIAN_POINT('',(-12.19192312063,18.889243048511,-17.79));
#9858 = LINE('',#9859,#9860);
#9859 = CARTESIAN_POINT('',(-12.19192312063,18.889243048511,-18.8));
#9860 = VECTOR('',#9861,1.);
#9861 = DIRECTION('',(-0.,-0.,-1.));
#9862 = ORIENTED_EDGE('',*,*,#9863,.T.);
#9863 = EDGE_CURVE('',#9856,#9864,#9866,.T.);
#9864 = VERTEX_POINT('',#9865);
#9865 = CARTESIAN_POINT('',(-11.71305795518,19.802507328323,-17.79));
#9866 = CIRCLE('',#9867,6.15);
#9867 = AXIS2_PLACEMENT_3D('',#9868,#9869,#9870);
#9868 = CARTESIAN_POINT('',(-6.525,16.5,-17.79));
#9869 = DIRECTION('',(0.,-0.,-1.));
#9870 = DIRECTION('',(1.010934786651E-15,1.,-0.));
#9871 = ORIENTED_EDGE('',*,*,#9872,.T.);
#9872 = EDGE_CURVE('',#9864,#6471,#9873,.T.);
#9873 = LINE('',#9874,#9875);
#9874 = CARTESIAN_POINT('',(-11.71305795518,19.802507328323,-18.8));
#9875 = VECTOR('',#9876,1.);
#9876 = DIRECTION('',(-0.,-0.,-1.));
#9877 = ORIENTED_EDGE('',*,*,#6470,.T.);
#9878 = ORIENTED_EDGE('',*,*,#9832,.T.);
#9879 = ORIENTED_EDGE('',*,*,#9880,.F.);
#9880 = EDGE_CURVE('',#9847,#9825,#9881,.T.);
#9881 = CIRCLE('',#9882,6.15);
#9882 = AXIS2_PLACEMENT_3D('',#9883,#9884,#9885);
#9883 = CARTESIAN_POINT('',(-6.525,16.5,-16.8));
#9884 = DIRECTION('',(0.,-0.,-1.));
#9885 = DIRECTION('',(1.010934786651E-15,1.,-0.));
#9886 = CYLINDRICAL_SURFACE('',#9887,6.15);
#9887 = AXIS2_PLACEMENT_3D('',#9888,#9889,#9890);
#9888 = CARTESIAN_POINT('',(-6.525,16.5,-18.8));
#9889 = DIRECTION('',(-0.,-0.,-1.));
#9890 = DIRECTION('',(1.010934786651E-15,1.,-0.));
#9891 = ADVANCED_FACE('',(#9892),#9925,.T.);
#9892 = FACE_BOUND('',#9893,.T.);
#9893 = EDGE_LOOP('',(#9894,#9895,#9902,#9903,#9904,#9905,#9906,#9907,
    #9908,#9916,#9923,#9924));
#9894 = ORIENTED_EDGE('',*,*,#9872,.F.);
#9895 = ORIENTED_EDGE('',*,*,#9896,.F.);
#9896 = EDGE_CURVE('',#9856,#9864,#9897,.T.);
#9897 = CIRCLE('',#9898,1.5);
#9898 = AXIS2_PLACEMENT_3D('',#9899,#9900,#9901);
#9899 = CARTESIAN_POINT('',(-13.2,20.,-17.79));
#9900 = DIRECTION('',(0.,0.,1.));
#9901 = DIRECTION('',(1.,0.,-0.));
#9902 = ORIENTED_EDGE('',*,*,#9855,.T.);
#9903 = ORIENTED_EDGE('',*,*,#6524,.F.);
#9904 = ORIENTED_EDGE('',*,*,#6515,.F.);
#9905 = ORIENTED_EDGE('',*,*,#6506,.F.);
#9906 = ORIENTED_EDGE('',*,*,#6497,.F.);
#9907 = ORIENTED_EDGE('',*,*,#6488,.F.);
#9908 = ORIENTED_EDGE('',*,*,#9909,.F.);
#9909 = EDGE_CURVE('',#9910,#6480,#9912,.T.);
#9910 = VERTEX_POINT('',#9911);
#9911 = CARTESIAN_POINT('',(-11.7,20.,-25.5));
#9912 = LINE('',#9913,#9914);
#9913 = CARTESIAN_POINT('',(-11.7,20.,-25.5));
#9914 = VECTOR('',#9915,1.);
#9915 = DIRECTION('',(0.,0.,1.));
#9916 = ORIENTED_EDGE('',*,*,#9917,.T.);
#9917 = EDGE_CURVE('',#9910,#9910,#9918,.T.);
#9918 = CIRCLE('',#9919,1.5);
#9919 = AXIS2_PLACEMENT_3D('',#9920,#9921,#9922);
#9920 = CARTESIAN_POINT('',(-13.2,20.,-25.5));
#9921 = DIRECTION('',(0.,0.,1.));
#9922 = DIRECTION('',(1.,0.,-0.));
#9923 = ORIENTED_EDGE('',*,*,#9909,.T.);
#9924 = ORIENTED_EDGE('',*,*,#6479,.F.);
#9925 = CYLINDRICAL_SURFACE('',#9926,1.5);
#9926 = AXIS2_PLACEMENT_3D('',#9927,#9928,#9929);
#9927 = CARTESIAN_POINT('',(-13.2,20.,-25.5));
#9928 = DIRECTION('',(0.,0.,1.));
#9929 = DIRECTION('',(1.,0.,-0.));
#9930 = ADVANCED_FACE('',(#9931),#9965,.T.);
#9931 = FACE_BOUND('',#9932,.T.);
#9932 = EDGE_LOOP('',(#9933,#9941,#9949,#9957,#9963,#9964));
#9933 = ORIENTED_EDGE('',*,*,#9934,.F.);
#9934 = EDGE_CURVE('',#9935,#9847,#9937,.T.);
#9935 = VERTEX_POINT('',#9936);
#9936 = CARTESIAN_POINT('',(-12.675,3.,-16.8));
#9937 = LINE('',#9938,#9939);
#9938 = CARTESIAN_POINT('',(-12.675,8.25,-16.8));
#9939 = VECTOR('',#9940,1.);
#9940 = DIRECTION('',(-0.,1.,0.));
#9941 = ORIENTED_EDGE('',*,*,#9942,.F.);
#9942 = EDGE_CURVE('',#9943,#9935,#9945,.T.);
#9943 = VERTEX_POINT('',#9944);
#9944 = CARTESIAN_POINT('',(-12.675,3.,-17.79));
#9945 = LINE('',#9946,#9947);
#9946 = CARTESIAN_POINT('',(-12.675,3.,-19.7));
#9947 = VECTOR('',#9948,1.);
#9948 = DIRECTION('',(0.,0.,1.));
#9949 = ORIENTED_EDGE('',*,*,#9950,.F.);
#9950 = EDGE_CURVE('',#9951,#9943,#9953,.T.);
#9951 = VERTEX_POINT('',#9952);
#9952 = CARTESIAN_POINT('',(-12.675,5.40512454964,-17.79));
#9953 = LINE('',#9954,#9955);
#9954 = CARTESIAN_POINT('',(-12.675,10.25,-17.79));
#9955 = VECTOR('',#9956,1.);
#9956 = DIRECTION('',(0.,-1.,0.));
#9957 = ORIENTED_EDGE('',*,*,#9958,.F.);
#9958 = EDGE_CURVE('',#6543,#9951,#9959,.T.);
#9959 = LINE('',#9960,#9961);
#9960 = CARTESIAN_POINT('',(-12.675,5.40512454964,-25.5));
#9961 = VECTOR('',#9962,1.);
#9962 = DIRECTION('',(0.,0.,1.));
#9963 = ORIENTED_EDGE('',*,*,#6542,.T.);
#9964 = ORIENTED_EDGE('',*,*,#9846,.T.);
#9965 = PLANE('',#9966);
#9966 = AXIS2_PLACEMENT_3D('',#9967,#9968,#9969);
#9967 = CARTESIAN_POINT('',(-12.675,16.5,-18.8));
#9968 = DIRECTION('',(1.,0.,-0.));
#9969 = DIRECTION('',(0.,-1.,0.));
#9970 = ADVANCED_FACE('',(#9971),#10053,.T.);
#9971 = FACE_BOUND('',#9972,.T.);
#9972 = EDGE_LOOP('',(#9973,#9983,#9992,#10000,#10009,#10018,#10027,
    #10033,#10034,#10035,#10036,#10037,#10038,#10045,#10046));
#9973 = ORIENTED_EDGE('',*,*,#9974,.T.);
#9974 = EDGE_CURVE('',#9975,#9977,#9979,.T.);
#9975 = VERTEX_POINT('',#9976);
#9976 = CARTESIAN_POINT('',(-11.7,4.,-25.5));
#9977 = VERTEX_POINT('',#9978);
#9978 = CARTESIAN_POINT('',(-11.7,4.,-17.79));
#9979 = LINE('',#9980,#9981);
#9980 = CARTESIAN_POINT('',(-11.7,4.,-25.5));
#9981 = VECTOR('',#9982,1.);
#9982 = DIRECTION('',(0.,0.,1.));
#9983 = ORIENTED_EDGE('',*,*,#9984,.F.);
#9984 = EDGE_CURVE('',#9985,#9977,#9987,.T.);
#9985 = VERTEX_POINT('',#9986);
#9986 = CARTESIAN_POINT('',(-11.83853905027,3.370377825709,-17.79));
#9987 = CIRCLE('',#9988,1.5);
#9988 = AXIS2_PLACEMENT_3D('',#9989,#9990,#9991);
#9989 = CARTESIAN_POINT('',(-13.2,4.,-17.79));
#9990 = DIRECTION('',(0.,0.,1.));
#9991 = DIRECTION('',(1.,0.,-0.));
#9992 = ORIENTED_EDGE('',*,*,#9993,.F.);
#9993 = EDGE_CURVE('',#9994,#9985,#9996,.T.);
#9994 = VERTEX_POINT('',#9995);
#9995 = CARTESIAN_POINT('',(-11.83853905027,3.370377825709,-20.6));
#9996 = LINE('',#9997,#9998);
#9997 = CARTESIAN_POINT('',(-11.83853905027,3.370377825709,-20.6));
#9998 = VECTOR('',#9999,1.);
#9999 = DIRECTION('',(0.,0.,1.));
#10000 = ORIENTED_EDGE('',*,*,#10001,.F.);
#10001 = EDGE_CURVE('',#10002,#9994,#10004,.T.);
#10002 = VERTEX_POINT('',#10003);
#10003 = CARTESIAN_POINT('',(-12.08196601125,3.,-20.6));
#10004 = CIRCLE('',#10005,1.5);
#10005 = AXIS2_PLACEMENT_3D('',#10006,#10007,#10008);
#10006 = CARTESIAN_POINT('',(-13.2,4.,-20.6));
#10007 = DIRECTION('',(0.,0.,1.));
#10008 = DIRECTION('',(1.,0.,-0.));
#10009 = ORIENTED_EDGE('',*,*,#10010,.F.);
#10010 = EDGE_CURVE('',#10011,#10002,#10013,.T.);
#10011 = VERTEX_POINT('',#10012);
#10012 = CARTESIAN_POINT('',(-12.4676647902,2.690922026581,-20.6));
#10013 = CIRCLE('',#10014,1.5);
#10014 = AXIS2_PLACEMENT_3D('',#10015,#10016,#10017);
#10015 = CARTESIAN_POINT('',(-13.2,4.,-20.6));
#10016 = DIRECTION('',(0.,0.,1.));
#10017 = DIRECTION('',(1.,0.,-0.));
#10018 = ORIENTED_EDGE('',*,*,#10019,.F.);
#10019 = EDGE_CURVE('',#10020,#10011,#10022,.T.);
#10020 = VERTEX_POINT('',#10021);
#10021 = CARTESIAN_POINT('',(-13.675,2.577194672487,-20.6));
#10022 = CIRCLE('',#10023,1.5);
#10023 = AXIS2_PLACEMENT_3D('',#10024,#10025,#10026);
#10024 = CARTESIAN_POINT('',(-13.2,4.,-20.6));
#10025 = DIRECTION('',(0.,0.,1.));
#10026 = DIRECTION('',(1.,0.,-0.));
#10027 = ORIENTED_EDGE('',*,*,#10028,.T.);
#10028 = EDGE_CURVE('',#10020,#6578,#10029,.T.);
#10029 = LINE('',#10030,#10031);
#10030 = CARTESIAN_POINT('',(-13.675,2.577194672487,-25.5));
#10031 = VECTOR('',#10032,1.);
#10032 = DIRECTION('',(0.,0.,1.));
#10033 = ORIENTED_EDGE('',*,*,#6577,.F.);
#10034 = ORIENTED_EDGE('',*,*,#6568,.F.);
#10035 = ORIENTED_EDGE('',*,*,#6559,.F.);
#10036 = ORIENTED_EDGE('',*,*,#6550,.F.);
#10037 = ORIENTED_EDGE('',*,*,#9958,.T.);
#10038 = ORIENTED_EDGE('',*,*,#10039,.F.);
#10039 = EDGE_CURVE('',#9977,#9951,#10040,.T.);
#10040 = CIRCLE('',#10041,1.5);
#10041 = AXIS2_PLACEMENT_3D('',#10042,#10043,#10044);
#10042 = CARTESIAN_POINT('',(-13.2,4.,-17.79));
#10043 = DIRECTION('',(0.,0.,1.));
#10044 = DIRECTION('',(1.,0.,-0.));
#10045 = ORIENTED_EDGE('',*,*,#9974,.F.);
#10046 = ORIENTED_EDGE('',*,*,#10047,.T.);
#10047 = EDGE_CURVE('',#9975,#9975,#10048,.T.);
#10048 = CIRCLE('',#10049,1.5);
#10049 = AXIS2_PLACEMENT_3D('',#10050,#10051,#10052);
#10050 = CARTESIAN_POINT('',(-13.2,4.,-25.5));
#10051 = DIRECTION('',(0.,0.,1.));
#10052 = DIRECTION('',(1.,0.,-0.));
#10053 = CYLINDRICAL_SURFACE('',#10054,1.5);
#10054 = AXIS2_PLACEMENT_3D('',#10055,#10056,#10057);
#10055 = CARTESIAN_POINT('',(-13.2,4.,-25.5));
#10056 = DIRECTION('',(0.,0.,1.));
#10057 = DIRECTION('',(1.,0.,-0.));
#10058 = ADVANCED_FACE('',(#10059),#10077,.F.);
#10059 = FACE_BOUND('',#10060,.F.);
#10060 = EDGE_LOOP('',(#10061,#10069,#10075,#10076));
#10061 = ORIENTED_EDGE('',*,*,#10062,.F.);
#10062 = EDGE_CURVE('',#10063,#6587,#10065,.T.);
#10063 = VERTEX_POINT('',#10064);
#10064 = CARTESIAN_POINT('',(-13.675,0.,-20.6));
#10065 = LINE('',#10066,#10067);
#10066 = CARTESIAN_POINT('',(-13.675,0.,-20.6));
#10067 = VECTOR('',#10068,1.);
#10068 = DIRECTION('',(0.,0.,1.));
#10069 = ORIENTED_EDGE('',*,*,#10070,.T.);
#10070 = EDGE_CURVE('',#10063,#10020,#10071,.T.);
#10071 = LINE('',#10072,#10073);
#10072 = CARTESIAN_POINT('',(-13.675,0.,-20.6));
#10073 = VECTOR('',#10074,1.);
#10074 = DIRECTION('',(-0.,1.,0.));
#10075 = ORIENTED_EDGE('',*,*,#10028,.T.);
#10076 = ORIENTED_EDGE('',*,*,#6586,.F.);
#10077 = PLANE('',#10078);
#10078 = AXIS2_PLACEMENT_3D('',#10079,#10080,#10081);
#10079 = CARTESIAN_POINT('',(-13.675,0.,-20.6));
#10080 = DIRECTION('',(1.,0.,-0.));
#10081 = DIRECTION('',(0.,0.,1.));
#10082 = ADVANCED_FACE('',(#10083),#10117,.F.);
#10083 = FACE_BOUND('',#10084,.F.);
#10084 = EDGE_LOOP('',(#10085,#10093,#10094,#10095,#10103,#10111));
#10085 = ORIENTED_EDGE('',*,*,#10086,.F.);
#10086 = EDGE_CURVE('',#10063,#10087,#10089,.T.);
#10087 = VERTEX_POINT('',#10088);
#10088 = CARTESIAN_POINT('',(-12.24355957741,7.571721027944E-14,-20.6));
#10089 = LINE('',#10090,#10091);
#10090 = CARTESIAN_POINT('',(-13.675,0.,-20.6));
#10091 = VECTOR('',#10092,1.);
#10092 = DIRECTION('',(1.,0.,-0.));
#10093 = ORIENTED_EDGE('',*,*,#10062,.T.);
#10094 = ORIENTED_EDGE('',*,*,#6594,.F.);
#10095 = ORIENTED_EDGE('',*,*,#10096,.T.);
#10096 = EDGE_CURVE('',#6595,#10097,#10099,.T.);
#10097 = VERTEX_POINT('',#10098);
#10098 = CARTESIAN_POINT('',(-12.675,0.,-16.8));
#10099 = LINE('',#10100,#10101);
#10100 = CARTESIAN_POINT('',(-12.675,0.,-19.7));
#10101 = VECTOR('',#10102,1.);
#10102 = DIRECTION('',(0.,0.,1.));
#10103 = ORIENTED_EDGE('',*,*,#10104,.T.);
#10104 = EDGE_CURVE('',#10097,#10105,#10107,.T.);
#10105 = VERTEX_POINT('',#10106);
#10106 = CARTESIAN_POINT('',(-12.24355957741,7.571721027944E-14,-16.8));
#10107 = LINE('',#10108,#10109);
#10108 = CARTESIAN_POINT('',(-13.675,0.,-16.8));
#10109 = VECTOR('',#10110,1.);
#10110 = DIRECTION('',(1.,0.,-0.));
#10111 = ORIENTED_EDGE('',*,*,#10112,.F.);
#10112 = EDGE_CURVE('',#10087,#10105,#10113,.T.);
#10113 = LINE('',#10114,#10115);
#10114 = CARTESIAN_POINT('',(-12.24355957741,0.,-20.6));
#10115 = VECTOR('',#10116,1.);
#10116 = DIRECTION('',(0.,0.,1.));
#10117 = PLANE('',#10118);
#10118 = AXIS2_PLACEMENT_3D('',#10119,#10120,#10121);
#10119 = CARTESIAN_POINT('',(-13.675,0.,-20.6));
#10120 = DIRECTION('',(-0.,1.,0.));
#10121 = DIRECTION('',(0.,0.,1.));
#10122 = ADVANCED_FACE('',(#10123),#10141,.T.);
#10123 = FACE_BOUND('',#10124,.T.);
#10124 = EDGE_LOOP('',(#10125,#10133,#10134,#10135));
#10125 = ORIENTED_EDGE('',*,*,#10126,.F.);
#10126 = EDGE_CURVE('',#6603,#10127,#10129,.T.);
#10127 = VERTEX_POINT('',#10128);
#10128 = CARTESIAN_POINT('',(-12.675,-6.9,-16.8));
#10129 = LINE('',#10130,#10131);
#10130 = CARTESIAN_POINT('',(-12.675,-6.9,-18.3));
#10131 = VECTOR('',#10132,1.);
#10132 = DIRECTION('',(0.,0.,1.));
#10133 = ORIENTED_EDGE('',*,*,#6602,.T.);
#10134 = ORIENTED_EDGE('',*,*,#10096,.T.);
#10135 = ORIENTED_EDGE('',*,*,#10136,.F.);
#10136 = EDGE_CURVE('',#10127,#10097,#10137,.T.);
#10137 = LINE('',#10138,#10139);
#10138 = CARTESIAN_POINT('',(-12.675,8.25,-16.8));
#10139 = VECTOR('',#10140,1.);
#10140 = DIRECTION('',(-0.,1.,0.));
#10141 = PLANE('',#10142);
#10142 = AXIS2_PLACEMENT_3D('',#10143,#10144,#10145);
#10143 = CARTESIAN_POINT('',(-12.675,16.5,-18.8));
#10144 = DIRECTION('',(1.,0.,-0.));
#10145 = DIRECTION('',(0.,-1.,0.));
#10146 = ADVANCED_FACE('',(#10147),#10165,.T.);
#10147 = FACE_BOUND('',#10148,.T.);
#10148 = EDGE_LOOP('',(#10149,#10150,#10151,#10159));
#10149 = ORIENTED_EDGE('',*,*,#6610,.F.);
#10150 = ORIENTED_EDGE('',*,*,#10126,.T.);
#10151 = ORIENTED_EDGE('',*,*,#10152,.T.);
#10152 = EDGE_CURVE('',#10127,#10153,#10155,.T.);
#10153 = VERTEX_POINT('',#10154);
#10154 = CARTESIAN_POINT('',(-11.16332495807,-6.9,-16.8));
#10155 = LINE('',#10156,#10157);
#10156 = CARTESIAN_POINT('',(-13.675,-6.9,-16.8));
#10157 = VECTOR('',#10158,1.);
#10158 = DIRECTION('',(1.,0.,-0.));
#10159 = ORIENTED_EDGE('',*,*,#10160,.F.);
#10160 = EDGE_CURVE('',#6611,#10153,#10161,.T.);
#10161 = LINE('',#10162,#10163);
#10162 = CARTESIAN_POINT('',(-11.16332495807,-6.9,-25.2));
#10163 = VECTOR('',#10164,1.);
#10164 = DIRECTION('',(0.,0.,1.));
#10165 = PLANE('',#10166);
#10166 = AXIS2_PLACEMENT_3D('',#10167,#10168,#10169);
#10167 = CARTESIAN_POINT('',(-13.675,-6.9,-17.8));
#10168 = DIRECTION('',(-0.,1.,0.));
#10169 = DIRECTION('',(0.,0.,1.));
#10170 = ADVANCED_FACE('',(#10171),#10249,.T.);
#10171 = FACE_BOUND('',#10172,.T.);
#10172 = EDGE_LOOP('',(#10173,#10184,#10192,#10201,#10207,#10208,#10209,
    #10216,#10217,#10226,#10234,#10243));
#10173 = ORIENTED_EDGE('',*,*,#10174,.T.);
#10174 = EDGE_CURVE('',#10175,#10177,#10179,.T.);
#10175 = VERTEX_POINT('',#10176);
#10176 = CARTESIAN_POINT('',(-9.409128788536,-8.4,-24.));
#10177 = VERTEX_POINT('',#10178);
#10178 = CARTESIAN_POINT('',(-9.3,-7.9,-24.));
#10179 = CIRCLE('',#10180,1.2);
#10180 = AXIS2_PLACEMENT_3D('',#10181,#10182,#10183);
#10181 = CARTESIAN_POINT('',(-10.5,-7.9,-24.));
#10182 = DIRECTION('',(0.,0.,1.));
#10183 = DIRECTION('',(1.,0.,-0.));
#10184 = ORIENTED_EDGE('',*,*,#10185,.T.);
#10185 = EDGE_CURVE('',#10177,#10186,#10188,.T.);
#10186 = VERTEX_POINT('',#10187);
#10187 = CARTESIAN_POINT('',(-9.3,-7.9,-16.8));
#10188 = LINE('',#10189,#10190);
#10189 = CARTESIAN_POINT('',(-9.3,-7.9,-25.2));
#10190 = VECTOR('',#10191,1.);
#10191 = DIRECTION('',(0.,0.,1.));
#10192 = ORIENTED_EDGE('',*,*,#10193,.F.);
#10193 = EDGE_CURVE('',#10194,#10186,#10196,.T.);
#10194 = VERTEX_POINT('',#10195);
#10195 = CARTESIAN_POINT('',(-11.16332495807,-8.9,-16.8));
#10196 = CIRCLE('',#10197,1.2);
#10197 = AXIS2_PLACEMENT_3D('',#10198,#10199,#10200);
#10198 = CARTESIAN_POINT('',(-10.5,-7.9,-16.8));
#10199 = DIRECTION('',(0.,0.,1.));
#10200 = DIRECTION('',(1.,0.,-0.));
#10201 = ORIENTED_EDGE('',*,*,#10202,.F.);
#10202 = EDGE_CURVE('',#6619,#10194,#10203,.T.);
#10203 = LINE('',#10204,#10205);
#10204 = CARTESIAN_POINT('',(-11.16332495807,-8.9,-25.2));
#10205 = VECTOR('',#10206,1.);
#10206 = DIRECTION('',(0.,0.,1.));
#10207 = ORIENTED_EDGE('',*,*,#6618,.F.);
#10208 = ORIENTED_EDGE('',*,*,#10160,.T.);
#10209 = ORIENTED_EDGE('',*,*,#10210,.F.);
#10210 = EDGE_CURVE('',#10186,#10153,#10211,.T.);
#10211 = CIRCLE('',#10212,1.2);
#10212 = AXIS2_PLACEMENT_3D('',#10213,#10214,#10215);
#10213 = CARTESIAN_POINT('',(-10.5,-7.9,-16.8));
#10214 = DIRECTION('',(0.,0.,1.));
#10215 = DIRECTION('',(1.,0.,-0.));
#10216 = ORIENTED_EDGE('',*,*,#10185,.F.);
#10217 = ORIENTED_EDGE('',*,*,#10218,.T.);
#10218 = EDGE_CURVE('',#10177,#10219,#10221,.T.);
#10219 = VERTEX_POINT('',#10220);
#10220 = CARTESIAN_POINT('',(-9.409128788536,-7.4,-24.));
#10221 = CIRCLE('',#10222,1.2);
#10222 = AXIS2_PLACEMENT_3D('',#10223,#10224,#10225);
#10223 = CARTESIAN_POINT('',(-10.5,-7.9,-24.));
#10224 = DIRECTION('',(0.,0.,1.));
#10225 = DIRECTION('',(1.,0.,-0.));
#10226 = ORIENTED_EDGE('',*,*,#10227,.F.);
#10227 = EDGE_CURVE('',#10228,#10219,#10230,.T.);
#10228 = VERTEX_POINT('',#10229);
#10229 = CARTESIAN_POINT('',(-9.409128788536,-7.4,-25.2));
#10230 = LINE('',#10231,#10232);
#10231 = CARTESIAN_POINT('',(-9.409128788536,-7.4,-25.2));
#10232 = VECTOR('',#10233,1.);
#10233 = DIRECTION('',(0.,0.,1.));
#10234 = ORIENTED_EDGE('',*,*,#10235,.T.);
#10235 = EDGE_CURVE('',#10228,#10236,#10238,.T.);
#10236 = VERTEX_POINT('',#10237);
#10237 = CARTESIAN_POINT('',(-9.409128788536,-8.4,-25.2));
#10238 = CIRCLE('',#10239,1.2);
#10239 = AXIS2_PLACEMENT_3D('',#10240,#10241,#10242);
#10240 = CARTESIAN_POINT('',(-10.5,-7.9,-25.2));
#10241 = DIRECTION('',(0.,0.,1.));
#10242 = DIRECTION('',(1.,0.,-0.));
#10243 = ORIENTED_EDGE('',*,*,#10244,.T.);
#10244 = EDGE_CURVE('',#10236,#10175,#10245,.T.);
#10245 = LINE('',#10246,#10247);
#10246 = CARTESIAN_POINT('',(-9.409128788536,-8.4,-25.2));
#10247 = VECTOR('',#10248,1.);
#10248 = DIRECTION('',(0.,0.,1.));
#10249 = CYLINDRICAL_SURFACE('',#10250,1.2);
#10250 = AXIS2_PLACEMENT_3D('',#10251,#10252,#10253);
#10251 = CARTESIAN_POINT('',(-10.5,-7.9,-25.2));
#10252 = DIRECTION('',(0.,0.,1.));
#10253 = DIRECTION('',(1.,0.,-0.));
#10254 = ADVANCED_FACE('',(#10255),#10273,.F.);
#10255 = FACE_BOUND('',#10256,.F.);
#10256 = EDGE_LOOP('',(#10257,#10258,#10266,#10272));
#10257 = ORIENTED_EDGE('',*,*,#6627,.F.);
#10258 = ORIENTED_EDGE('',*,*,#10259,.T.);
#10259 = EDGE_CURVE('',#6628,#10260,#10262,.T.);
#10260 = VERTEX_POINT('',#10261);
#10261 = CARTESIAN_POINT('',(-12.675,-8.9,-16.8));
#10262 = LINE('',#10263,#10264);
#10263 = CARTESIAN_POINT('',(-12.675,-8.9,-18.3));
#10264 = VECTOR('',#10265,1.);
#10265 = DIRECTION('',(0.,0.,1.));
#10266 = ORIENTED_EDGE('',*,*,#10267,.T.);
#10267 = EDGE_CURVE('',#10260,#10194,#10268,.T.);
#10268 = LINE('',#10269,#10270);
#10269 = CARTESIAN_POINT('',(-13.675,-8.9,-16.8));
#10270 = VECTOR('',#10271,1.);
#10271 = DIRECTION('',(1.,0.,-0.));
#10272 = ORIENTED_EDGE('',*,*,#10202,.F.);
#10273 = PLANE('',#10274);
#10274 = AXIS2_PLACEMENT_3D('',#10275,#10276,#10277);
#10275 = CARTESIAN_POINT('',(-13.675,-8.9,-17.8));
#10276 = DIRECTION('',(-0.,1.,0.));
#10277 = DIRECTION('',(0.,0.,1.));
#10278 = ADVANCED_FACE('',(#10279),#10297,.T.);
#10279 = FACE_BOUND('',#10280,.T.);
#10280 = EDGE_LOOP('',(#10281,#10289,#10290,#10291));
#10281 = ORIENTED_EDGE('',*,*,#10282,.F.);
#10282 = EDGE_CURVE('',#6636,#10283,#10285,.T.);
#10283 = VERTEX_POINT('',#10284);
#10284 = CARTESIAN_POINT('',(-12.675,-16.5,-16.8));
#10285 = LINE('',#10286,#10287);
#10286 = CARTESIAN_POINT('',(-12.675,-16.5,-18.8));
#10287 = VECTOR('',#10288,1.);
#10288 = DIRECTION('',(0.,0.,1.));
#10289 = ORIENTED_EDGE('',*,*,#6635,.T.);
#10290 = ORIENTED_EDGE('',*,*,#10259,.T.);
#10291 = ORIENTED_EDGE('',*,*,#10292,.F.);
#10292 = EDGE_CURVE('',#10283,#10260,#10293,.T.);
#10293 = LINE('',#10294,#10295);
#10294 = CARTESIAN_POINT('',(-12.675,8.25,-16.8));
#10295 = VECTOR('',#10296,1.);
#10296 = DIRECTION('',(-0.,1.,0.));
#10297 = PLANE('',#10298);
#10298 = AXIS2_PLACEMENT_3D('',#10299,#10300,#10301);
#10299 = CARTESIAN_POINT('',(-12.675,16.5,-18.8));
#10300 = DIRECTION('',(1.,0.,-0.));
#10301 = DIRECTION('',(0.,-1.,0.));
#10302 = ADVANCED_FACE('',(#10303),#10322,.F.);
#10303 = FACE_BOUND('',#10304,.T.);
#10304 = EDGE_LOOP('',(#10305,#10306,#10307,#10316));
#10305 = ORIENTED_EDGE('',*,*,#6643,.T.);
#10306 = ORIENTED_EDGE('',*,*,#10282,.T.);
#10307 = ORIENTED_EDGE('',*,*,#10308,.F.);
#10308 = EDGE_CURVE('',#10309,#10283,#10311,.T.);
#10309 = VERTEX_POINT('',#10310);
#10310 = CARTESIAN_POINT('',(-6.525,-22.65,-16.8));
#10311 = CIRCLE('',#10312,6.15);
#10312 = AXIS2_PLACEMENT_3D('',#10313,#10314,#10315);
#10313 = CARTESIAN_POINT('',(-6.525,-16.5,-16.8));
#10314 = DIRECTION('',(-0.,0.,-1.));
#10315 = DIRECTION('',(-1.,1.155354041886E-15,0.));
#10316 = ORIENTED_EDGE('',*,*,#10317,.F.);
#10317 = EDGE_CURVE('',#6644,#10309,#10318,.T.);
#10318 = LINE('',#10319,#10320);
#10319 = CARTESIAN_POINT('',(-6.525,-22.65,-18.8));
#10320 = VECTOR('',#10321,1.);
#10321 = DIRECTION('',(0.,0.,1.));
#10322 = CYLINDRICAL_SURFACE('',#10323,6.15);
#10323 = AXIS2_PLACEMENT_3D('',#10324,#10325,#10326);
#10324 = CARTESIAN_POINT('',(-6.525,-16.5,-18.8));
#10325 = DIRECTION('',(-0.,-0.,-1.));
#10326 = DIRECTION('',(-1.,1.155354041886E-15,0.));
#10327 = ADVANCED_FACE('',(#10328),#10346,.T.);
#10328 = FACE_BOUND('',#10329,.T.);
#10329 = EDGE_LOOP('',(#10330,#10331,#10332,#10340));
#10330 = ORIENTED_EDGE('',*,*,#6652,.T.);
#10331 = ORIENTED_EDGE('',*,*,#10317,.T.);
#10332 = ORIENTED_EDGE('',*,*,#10333,.F.);
#10333 = EDGE_CURVE('',#10334,#10309,#10336,.T.);
#10334 = VERTEX_POINT('',#10335);
#10335 = CARTESIAN_POINT('',(6.525,-22.65,-16.8));
#10336 = LINE('',#10337,#10338);
#10337 = CARTESIAN_POINT('',(-3.2625,-22.65,-16.8));
#10338 = VECTOR('',#10339,1.);
#10339 = DIRECTION('',(-1.,0.,0.));
#10340 = ORIENTED_EDGE('',*,*,#10341,.F.);
#10341 = EDGE_CURVE('',#6653,#10334,#10342,.T.);
#10342 = LINE('',#10343,#10344);
#10343 = CARTESIAN_POINT('',(6.525,-22.65,-18.8));
#10344 = VECTOR('',#10345,1.);
#10345 = DIRECTION('',(0.,0.,1.));
#10346 = PLANE('',#10347);
#10347 = AXIS2_PLACEMENT_3D('',#10348,#10349,#10350);
#10348 = CARTESIAN_POINT('',(-6.525,-22.65,-18.8));
#10349 = DIRECTION('',(0.,1.,0.));
#10350 = DIRECTION('',(1.,0.,0.));
#10351 = ADVANCED_FACE('',(#10352),#10371,.F.);
#10352 = FACE_BOUND('',#10353,.T.);
#10353 = EDGE_LOOP('',(#10354,#10355,#10356,#10365));
#10354 = ORIENTED_EDGE('',*,*,#6660,.T.);
#10355 = ORIENTED_EDGE('',*,*,#10341,.T.);
#10356 = ORIENTED_EDGE('',*,*,#10357,.F.);
#10357 = EDGE_CURVE('',#10358,#10334,#10360,.T.);
#10358 = VERTEX_POINT('',#10359);
#10359 = CARTESIAN_POINT('',(12.675,-16.5,-16.8));
#10360 = CIRCLE('',#10361,6.15);
#10361 = AXIS2_PLACEMENT_3D('',#10362,#10363,#10364);
#10362 = CARTESIAN_POINT('',(6.525,-16.5,-16.8));
#10363 = DIRECTION('',(-0.,0.,-1.));
#10364 = DIRECTION('',(-1.010934786651E-15,-1.,0.));
#10365 = ORIENTED_EDGE('',*,*,#10366,.F.);
#10366 = EDGE_CURVE('',#6661,#10358,#10367,.T.);
#10367 = LINE('',#10368,#10369);
#10368 = CARTESIAN_POINT('',(12.675,-16.5,-18.8));
#10369 = VECTOR('',#10370,1.);
#10370 = DIRECTION('',(0.,0.,1.));
#10371 = CYLINDRICAL_SURFACE('',#10372,6.15);
#10372 = AXIS2_PLACEMENT_3D('',#10373,#10374,#10375);
#10373 = CARTESIAN_POINT('',(6.525,-16.5,-18.8));
#10374 = DIRECTION('',(-0.,-0.,-1.));
#10375 = DIRECTION('',(-1.010934786651E-15,-1.,0.));
#10376 = ADVANCED_FACE('',(#10377),#10395,.T.);
#10377 = FACE_BOUND('',#10378,.T.);
#10378 = EDGE_LOOP('',(#10379,#10387,#10388,#10389));
#10379 = ORIENTED_EDGE('',*,*,#10380,.T.);
#10380 = EDGE_CURVE('',#10381,#6670,#10383,.T.);
#10381 = VERTEX_POINT('',#10382);
#10382 = CARTESIAN_POINT('',(12.675,-8.9,-16.8));
#10383 = LINE('',#10384,#10385);
#10384 = CARTESIAN_POINT('',(12.675,-8.9,-18.3));
#10385 = VECTOR('',#10386,1.);
#10386 = DIRECTION('',(0.,0.,-1.));
#10387 = ORIENTED_EDGE('',*,*,#6669,.T.);
#10388 = ORIENTED_EDGE('',*,*,#10366,.T.);
#10389 = ORIENTED_EDGE('',*,*,#10390,.F.);
#10390 = EDGE_CURVE('',#10381,#10358,#10391,.T.);
#10391 = LINE('',#10392,#10393);
#10392 = CARTESIAN_POINT('',(12.675,-8.25,-16.8));
#10393 = VECTOR('',#10394,1.);
#10394 = DIRECTION('',(0.,-1.,0.));
#10395 = PLANE('',#10396);
#10396 = AXIS2_PLACEMENT_3D('',#10397,#10398,#10399);
#10397 = CARTESIAN_POINT('',(12.675,-16.5,-18.8));
#10398 = DIRECTION('',(-1.,0.,0.));
#10399 = DIRECTION('',(0.,1.,0.));
#10400 = ADVANCED_FACE('',(#10401),#10419,.F.);
#10401 = FACE_BOUND('',#10402,.F.);
#10402 = EDGE_LOOP('',(#10403,#10404,#10405,#10413));
#10403 = ORIENTED_EDGE('',*,*,#10380,.T.);
#10404 = ORIENTED_EDGE('',*,*,#6677,.F.);
#10405 = ORIENTED_EDGE('',*,*,#10406,.T.);
#10406 = EDGE_CURVE('',#6678,#10407,#10409,.T.);
#10407 = VERTEX_POINT('',#10408);
#10408 = CARTESIAN_POINT('',(11.163324958071,-8.9,-16.8));
#10409 = LINE('',#10410,#10411);
#10410 = CARTESIAN_POINT('',(11.163324958071,-8.9,-25.2));
#10411 = VECTOR('',#10412,1.);
#10412 = DIRECTION('',(0.,0.,1.));
#10413 = ORIENTED_EDGE('',*,*,#10414,.T.);
#10414 = EDGE_CURVE('',#10407,#10381,#10415,.T.);
#10415 = LINE('',#10416,#10417);
#10416 = CARTESIAN_POINT('',(10.5,-8.9,-16.8));
#10417 = VECTOR('',#10418,1.);
#10418 = DIRECTION('',(1.,0.,-0.));
#10419 = PLANE('',#10420);
#10420 = AXIS2_PLACEMENT_3D('',#10421,#10422,#10423);
#10421 = CARTESIAN_POINT('',(10.5,-8.9,-17.8));
#10422 = DIRECTION('',(-0.,1.,0.));
#10423 = DIRECTION('',(0.,0.,1.));
#10424 = ADVANCED_FACE('',(#10425),#10495,.T.);
#10425 = FACE_BOUND('',#10426,.T.);
#10426 = EDGE_LOOP('',(#10427,#10436,#10442,#10443,#10451,#10460,#10468,
    #10477,#10485,#10492,#10493,#10494));
#10427 = ORIENTED_EDGE('',*,*,#10428,.F.);
#10428 = EDGE_CURVE('',#10429,#10407,#10431,.T.);
#10429 = VERTEX_POINT('',#10430);
#10430 = CARTESIAN_POINT('',(11.163324958071,-6.9,-16.8));
#10431 = CIRCLE('',#10432,1.2);
#10432 = AXIS2_PLACEMENT_3D('',#10433,#10434,#10435);
#10433 = CARTESIAN_POINT('',(10.5,-7.9,-16.8));
#10434 = DIRECTION('',(0.,0.,1.));
#10435 = DIRECTION('',(1.,0.,-0.));
#10436 = ORIENTED_EDGE('',*,*,#10437,.F.);
#10437 = EDGE_CURVE('',#6695,#10429,#10438,.T.);
#10438 = LINE('',#10439,#10440);
#10439 = CARTESIAN_POINT('',(11.163324958071,-6.9,-25.2));
#10440 = VECTOR('',#10441,1.);
#10441 = DIRECTION('',(0.,0.,1.));
#10442 = ORIENTED_EDGE('',*,*,#6694,.F.);
#10443 = ORIENTED_EDGE('',*,*,#10444,.F.);
#10444 = EDGE_CURVE('',#10445,#6686,#10447,.T.);
#10445 = VERTEX_POINT('',#10446);
#10446 = CARTESIAN_POINT('',(11.7,-7.9,-25.2));
#10447 = LINE('',#10448,#10449);
#10448 = CARTESIAN_POINT('',(11.7,-7.9,-25.2));
#10449 = VECTOR('',#10450,1.);
#10450 = DIRECTION('',(0.,0.,1.));
#10451 = ORIENTED_EDGE('',*,*,#10452,.T.);
#10452 = EDGE_CURVE('',#10445,#10453,#10455,.T.);
#10453 = VERTEX_POINT('',#10454);
#10454 = CARTESIAN_POINT('',(9.409128788536,-7.4,-25.2));
#10455 = CIRCLE('',#10456,1.2);
#10456 = AXIS2_PLACEMENT_3D('',#10457,#10458,#10459);
#10457 = CARTESIAN_POINT('',(10.5,-7.9,-25.2));
#10458 = DIRECTION('',(0.,0.,1.));
#10459 = DIRECTION('',(1.,0.,-0.));
#10460 = ORIENTED_EDGE('',*,*,#10461,.T.);
#10461 = EDGE_CURVE('',#10453,#10462,#10464,.T.);
#10462 = VERTEX_POINT('',#10463);
#10463 = CARTESIAN_POINT('',(9.409128788536,-7.4,-24.));
#10464 = LINE('',#10465,#10466);
#10465 = CARTESIAN_POINT('',(9.409128788536,-7.4,-25.2));
#10466 = VECTOR('',#10467,1.);
#10467 = DIRECTION('',(0.,0.,1.));
#10468 = ORIENTED_EDGE('',*,*,#10469,.T.);
#10469 = EDGE_CURVE('',#10462,#10470,#10472,.T.);
#10470 = VERTEX_POINT('',#10471);
#10471 = CARTESIAN_POINT('',(9.409128788536,-8.4,-24.));
#10472 = CIRCLE('',#10473,1.2);
#10473 = AXIS2_PLACEMENT_3D('',#10474,#10475,#10476);
#10474 = CARTESIAN_POINT('',(10.5,-7.9,-24.));
#10475 = DIRECTION('',(0.,0.,1.));
#10476 = DIRECTION('',(1.,0.,-0.));
#10477 = ORIENTED_EDGE('',*,*,#10478,.F.);
#10478 = EDGE_CURVE('',#10479,#10470,#10481,.T.);
#10479 = VERTEX_POINT('',#10480);
#10480 = CARTESIAN_POINT('',(9.409128788536,-8.4,-25.2));
#10481 = LINE('',#10482,#10483);
#10482 = CARTESIAN_POINT('',(9.409128788536,-8.4,-25.2));
#10483 = VECTOR('',#10484,1.);
#10484 = DIRECTION('',(0.,0.,1.));
#10485 = ORIENTED_EDGE('',*,*,#10486,.T.);
#10486 = EDGE_CURVE('',#10479,#10445,#10487,.T.);
#10487 = CIRCLE('',#10488,1.2);
#10488 = AXIS2_PLACEMENT_3D('',#10489,#10490,#10491);
#10489 = CARTESIAN_POINT('',(10.5,-7.9,-25.2));
#10490 = DIRECTION('',(0.,0.,1.));
#10491 = DIRECTION('',(1.,0.,-0.));
#10492 = ORIENTED_EDGE('',*,*,#10444,.T.);
#10493 = ORIENTED_EDGE('',*,*,#6685,.F.);
#10494 = ORIENTED_EDGE('',*,*,#10406,.T.);
#10495 = CYLINDRICAL_SURFACE('',#10496,1.2);
#10496 = AXIS2_PLACEMENT_3D('',#10497,#10498,#10499);
#10497 = CARTESIAN_POINT('',(10.5,-7.9,-25.2));
#10498 = DIRECTION('',(0.,0.,1.));
#10499 = DIRECTION('',(1.,0.,-0.));
#10500 = ADVANCED_FACE('',(#10501),#10519,.T.);
#10501 = FACE_BOUND('',#10502,.T.);
#10502 = EDGE_LOOP('',(#10503,#10511,#10512,#10513));
#10503 = ORIENTED_EDGE('',*,*,#10504,.T.);
#10504 = EDGE_CURVE('',#10505,#6704,#10507,.T.);
#10505 = VERTEX_POINT('',#10506);
#10506 = CARTESIAN_POINT('',(12.675,-6.9,-16.8));
#10507 = LINE('',#10508,#10509);
#10508 = CARTESIAN_POINT('',(12.675,-6.9,-18.3));
#10509 = VECTOR('',#10510,1.);
#10510 = DIRECTION('',(0.,0.,-1.));
#10511 = ORIENTED_EDGE('',*,*,#6703,.F.);
#10512 = ORIENTED_EDGE('',*,*,#10437,.T.);
#10513 = ORIENTED_EDGE('',*,*,#10514,.T.);
#10514 = EDGE_CURVE('',#10429,#10505,#10515,.T.);
#10515 = LINE('',#10516,#10517);
#10516 = CARTESIAN_POINT('',(10.5,-6.9,-16.8));
#10517 = VECTOR('',#10518,1.);
#10518 = DIRECTION('',(1.,0.,-0.));
#10519 = PLANE('',#10520);
#10520 = AXIS2_PLACEMENT_3D('',#10521,#10522,#10523);
#10521 = CARTESIAN_POINT('',(10.5,-6.9,-17.8));
#10522 = DIRECTION('',(-0.,1.,0.));
#10523 = DIRECTION('',(0.,0.,1.));
#10524 = ADVANCED_FACE('',(#10525),#10543,.T.);
#10525 = FACE_BOUND('',#10526,.T.);
#10526 = EDGE_LOOP('',(#10527,#10528,#10529,#10537));
#10527 = ORIENTED_EDGE('',*,*,#6711,.T.);
#10528 = ORIENTED_EDGE('',*,*,#10504,.F.);
#10529 = ORIENTED_EDGE('',*,*,#10530,.F.);
#10530 = EDGE_CURVE('',#10531,#10505,#10533,.T.);
#10531 = VERTEX_POINT('',#10532);
#10532 = CARTESIAN_POINT('',(12.675,0.,-16.8));
#10533 = LINE('',#10534,#10535);
#10534 = CARTESIAN_POINT('',(12.675,-8.25,-16.8));
#10535 = VECTOR('',#10536,1.);
#10536 = DIRECTION('',(0.,-1.,0.));
#10537 = ORIENTED_EDGE('',*,*,#10538,.T.);
#10538 = EDGE_CURVE('',#10531,#6712,#10539,.T.);
#10539 = LINE('',#10540,#10541);
#10540 = CARTESIAN_POINT('',(12.675,0.,-19.7));
#10541 = VECTOR('',#10542,1.);
#10542 = DIRECTION('',(0.,0.,-1.));
#10543 = PLANE('',#10544);
#10544 = AXIS2_PLACEMENT_3D('',#10545,#10546,#10547);
#10545 = CARTESIAN_POINT('',(12.675,-16.5,-18.8));
#10546 = DIRECTION('',(-1.,0.,0.));
#10547 = DIRECTION('',(0.,1.,0.));
#10548 = ADVANCED_FACE('',(#10549),#10583,.F.);
#10549 = FACE_BOUND('',#10550,.F.);
#10550 = EDGE_LOOP('',(#10551,#10561,#10569,#10575,#10576,#10577));
#10551 = ORIENTED_EDGE('',*,*,#10552,.F.);
#10552 = EDGE_CURVE('',#10553,#10555,#10557,.T.);
#10553 = VERTEX_POINT('',#10554);
#10554 = CARTESIAN_POINT('',(12.243559577416,2.808864252302E-14,-20.6));
#10555 = VERTEX_POINT('',#10556);
#10556 = CARTESIAN_POINT('',(13.675,0.,-20.6));
#10557 = LINE('',#10558,#10559);
#10558 = CARTESIAN_POINT('',(10.5,0.,-20.6));
#10559 = VECTOR('',#10560,1.);
#10560 = DIRECTION('',(1.,0.,-0.));
#10561 = ORIENTED_EDGE('',*,*,#10562,.T.);
#10562 = EDGE_CURVE('',#10553,#10563,#10565,.T.);
#10563 = VERTEX_POINT('',#10564);
#10564 = CARTESIAN_POINT('',(12.243559577416,2.808864252302E-14,-16.8));
#10565 = LINE('',#10566,#10567);
#10566 = CARTESIAN_POINT('',(12.243559577416,0.,-20.6));
#10567 = VECTOR('',#10568,1.);
#10568 = DIRECTION('',(0.,0.,1.));
#10569 = ORIENTED_EDGE('',*,*,#10570,.T.);
#10570 = EDGE_CURVE('',#10563,#10531,#10571,.T.);
#10571 = LINE('',#10572,#10573);
#10572 = CARTESIAN_POINT('',(10.5,0.,-16.8));
#10573 = VECTOR('',#10574,1.);
#10574 = DIRECTION('',(1.,0.,-0.));
#10575 = ORIENTED_EDGE('',*,*,#10538,.T.);
#10576 = ORIENTED_EDGE('',*,*,#6719,.F.);
#10577 = ORIENTED_EDGE('',*,*,#10578,.F.);
#10578 = EDGE_CURVE('',#10555,#6720,#10579,.T.);
#10579 = LINE('',#10580,#10581);
#10580 = CARTESIAN_POINT('',(13.675,0.,-20.6));
#10581 = VECTOR('',#10582,1.);
#10582 = DIRECTION('',(0.,0.,1.));
#10583 = PLANE('',#10584);
#10584 = AXIS2_PLACEMENT_3D('',#10585,#10586,#10587);
#10585 = CARTESIAN_POINT('',(10.5,0.,-20.6));
#10586 = DIRECTION('',(-0.,1.,0.));
#10587 = DIRECTION('',(0.,0.,1.));
#10588 = ADVANCED_FACE('',(#10589),#10600,.T.);
#10589 = FACE_BOUND('',#10590,.T.);
#10590 = EDGE_LOOP('',(#10591,#10592,#10598,#10599));
#10591 = ORIENTED_EDGE('',*,*,#10578,.F.);
#10592 = ORIENTED_EDGE('',*,*,#10593,.T.);
#10593 = EDGE_CURVE('',#10555,#9627,#10594,.T.);
#10594 = LINE('',#10595,#10596);
#10595 = CARTESIAN_POINT('',(13.675,0.,-20.6));
#10596 = VECTOR('',#10597,1.);
#10597 = DIRECTION('',(-0.,1.,0.));
#10598 = ORIENTED_EDGE('',*,*,#9626,.T.);
#10599 = ORIENTED_EDGE('',*,*,#6727,.T.);
#10600 = PLANE('',#10601);
#10601 = AXIS2_PLACEMENT_3D('',#10602,#10603,#10604);
#10602 = CARTESIAN_POINT('',(13.675,0.,-20.6));
#10603 = DIRECTION('',(1.,0.,-0.));
#10604 = DIRECTION('',(0.,0.,1.));
#10605 = ADVANCED_FACE('',(#10606),#10622,.T.);
#10606 = FACE_BOUND('',#10607,.T.);
#10607 = EDGE_LOOP('',(#10608,#10609,#10615,#10616));
#10608 = ORIENTED_EDGE('',*,*,#7351,.F.);
#10609 = ORIENTED_EDGE('',*,*,#10610,.T.);
#10610 = EDGE_CURVE('',#7344,#7425,#10611,.T.);
#10611 = LINE('',#10612,#10613);
#10612 = CARTESIAN_POINT('',(14.5875,-15.2,-25.02));
#10613 = VECTOR('',#10614,1.);
#10614 = DIRECTION('',(1.,0.,-0.));
#10615 = ORIENTED_EDGE('',*,*,#7432,.T.);
#10616 = ORIENTED_EDGE('',*,*,#10617,.F.);
#10617 = EDGE_CURVE('',#7352,#7433,#10618,.T.);
#10618 = LINE('',#10619,#10620);
#10619 = CARTESIAN_POINT('',(15.3,-14.6,-25.02));
#10620 = VECTOR('',#10621,1.);
#10621 = DIRECTION('',(1.,0.,0.));
#10622 = PLANE('',#10623);
#10623 = AXIS2_PLACEMENT_3D('',#10624,#10625,#10626);
#10624 = CARTESIAN_POINT('',(15.3,-15.21,-25.02));
#10625 = DIRECTION('',(0.,0.,1.));
#10626 = DIRECTION('',(0.,1.,0.));
#10627 = ADVANCED_FACE('',(#10628),#10639,.T.);
#10628 = FACE_BOUND('',#10629,.T.);
#10629 = EDGE_LOOP('',(#10630,#10631,#10632,#10638));
#10630 = ORIENTED_EDGE('',*,*,#10617,.T.);
#10631 = ORIENTED_EDGE('',*,*,#7440,.T.);
#10632 = ORIENTED_EDGE('',*,*,#10633,.F.);
#10633 = EDGE_CURVE('',#7360,#7441,#10634,.T.);
#10634 = LINE('',#10635,#10636);
#10635 = CARTESIAN_POINT('',(15.3,-14.6,-25.82));
#10636 = VECTOR('',#10637,1.);
#10637 = DIRECTION('',(1.,0.,0.));
#10638 = ORIENTED_EDGE('',*,*,#7359,.F.);
#10639 = PLANE('',#10640);
#10640 = AXIS2_PLACEMENT_3D('',#10641,#10642,#10643);
#10641 = CARTESIAN_POINT('',(15.3,-14.6,-25.02));
#10642 = DIRECTION('',(-0.,1.,0.));
#10643 = DIRECTION('',(0.,0.,-1.));
#10644 = ADVANCED_FACE('',(#10645),#10651,.T.);
#10645 = FACE_BOUND('',#10646,.T.);
#10646 = EDGE_LOOP('',(#10647,#10648,#10649,#10650));
#10647 = ORIENTED_EDGE('',*,*,#10633,.T.);
#10648 = ORIENTED_EDGE('',*,*,#7448,.T.);
#10649 = ORIENTED_EDGE('',*,*,#7392,.F.);
#10650 = ORIENTED_EDGE('',*,*,#7367,.F.);
#10651 = PLANE('',#10652);
#10652 = AXIS2_PLACEMENT_3D('',#10653,#10654,#10655);
#10653 = CARTESIAN_POINT('',(15.3,-14.6,-25.82));
#10654 = DIRECTION('',(0.,0.707106781187,-0.707106781187));
#10655 = DIRECTION('',(0.,-0.707106781187,-0.707106781187));
#10656 = ADVANCED_FACE('',(#10657),#10682,.T.);
#10657 = FACE_BOUND('',#10658,.T.);
#10658 = EDGE_LOOP('',(#10659,#10669,#10675,#10676));
#10659 = ORIENTED_EDGE('',*,*,#10660,.F.);
#10660 = EDGE_CURVE('',#10661,#10663,#10665,.T.);
#10661 = VERTEX_POINT('',#10662);
#10662 = CARTESIAN_POINT('',(20.285,-10.4,-5.));
#10663 = VERTEX_POINT('',#10664);
#10664 = CARTESIAN_POINT('',(20.285,10.4,-5.));
#10665 = LINE('',#10666,#10667);
#10666 = CARTESIAN_POINT('',(20.285,-10.4,-5.));
#10667 = VECTOR('',#10668,1.);
#10668 = DIRECTION('',(-0.,1.,0.));
#10669 = ORIENTED_EDGE('',*,*,#10670,.F.);
#10670 = EDGE_CURVE('',#4814,#10661,#10671,.T.);
#10671 = LINE('',#10672,#10673);
#10672 = CARTESIAN_POINT('',(20.285,-10.4,-23.51));
#10673 = VECTOR('',#10674,1.);
#10674 = DIRECTION('',(0.,0.,1.));
#10675 = ORIENTED_EDGE('',*,*,#4821,.F.);
#10676 = ORIENTED_EDGE('',*,*,#10677,.T.);
#10677 = EDGE_CURVE('',#4822,#10663,#10678,.T.);
#10678 = LINE('',#10679,#10680);
#10679 = CARTESIAN_POINT('',(20.285,10.4,-23.51));
#10680 = VECTOR('',#10681,1.);
#10681 = DIRECTION('',(0.,0.,1.));
#10682 = PLANE('',#10683);
#10683 = AXIS2_PLACEMENT_3D('',#10684,#10685,#10686);
#10684 = CARTESIAN_POINT('',(20.285,-10.4,-23.51));
#10685 = DIRECTION('',(1.,0.,-0.));
#10686 = DIRECTION('',(0.,0.,1.));
#10687 = ADVANCED_FACE('',(#10688),#10713,.T.);
#10688 = FACE_BOUND('',#10689,.T.);
#10689 = EDGE_LOOP('',(#10690,#10698,#10699,#10707));
#10690 = ORIENTED_EDGE('',*,*,#10691,.F.);
#10691 = EDGE_CURVE('',#4861,#10692,#10694,.T.);
#10692 = VERTEX_POINT('',#10693);
#10693 = CARTESIAN_POINT('',(24.1625,10.4,-23.51));
#10694 = LINE('',#10695,#10696);
#10695 = CARTESIAN_POINT('',(20.285,10.4,-23.51));
#10696 = VECTOR('',#10697,1.);
#10697 = DIRECTION('',(1.,0.,-0.));
#10698 = ORIENTED_EDGE('',*,*,#4868,.F.);
#10699 = ORIENTED_EDGE('',*,*,#10700,.T.);
#10700 = EDGE_CURVE('',#4869,#10701,#10703,.T.);
#10701 = VERTEX_POINT('',#10702);
#10702 = CARTESIAN_POINT('',(24.1625,-10.4,-23.51));
#10703 = LINE('',#10704,#10705);
#10704 = CARTESIAN_POINT('',(20.285,-10.4,-23.51));
#10705 = VECTOR('',#10706,1.);
#10706 = DIRECTION('',(1.,0.,-0.));
#10707 = ORIENTED_EDGE('',*,*,#10708,.T.);
#10708 = EDGE_CURVE('',#10701,#10692,#10709,.T.);
#10709 = LINE('',#10710,#10711);
#10710 = CARTESIAN_POINT('',(24.1625,-10.4,-23.51));
#10711 = VECTOR('',#10712,1.);
#10712 = DIRECTION('',(-0.,1.,0.));
#10713 = PLANE('',#10714);
#10714 = AXIS2_PLACEMENT_3D('',#10715,#10716,#10717);
#10715 = CARTESIAN_POINT('',(20.285,-10.4,-23.51));
#10716 = DIRECTION('',(0.,0.,1.));
#10717 = DIRECTION('',(1.,0.,-0.));
#10718 = ADVANCED_FACE('',(#10719),#10730,.F.);
#10719 = FACE_BOUND('',#10720,.F.);
#10720 = EDGE_LOOP('',(#10721,#10727,#10728,#10729));
#10721 = ORIENTED_EDGE('',*,*,#10722,.T.);
#10722 = EDGE_CURVE('',#7561,#7520,#10723,.T.);
#10723 = LINE('',#10724,#10725);
#10724 = CARTESIAN_POINT('',(15.3,14.6,-25.82));
#10725 = VECTOR('',#10726,1.);
#10726 = DIRECTION('',(1.,0.,0.));
#10727 = ORIENTED_EDGE('',*,*,#7527,.T.);
#10728 = ORIENTED_EDGE('',*,*,#7489,.F.);
#10729 = ORIENTED_EDGE('',*,*,#7560,.F.);
#10730 = PLANE('',#10731);
#10731 = AXIS2_PLACEMENT_3D('',#10732,#10733,#10734);
#10732 = CARTESIAN_POINT('',(15.3,14.6,-25.82));
#10733 = DIRECTION('',(-0.,0.707106781187,0.707106781187));
#10734 = DIRECTION('',(0.,0.707106781187,-0.707106781187));
#10735 = ADVANCED_FACE('',(#10736),#10747,.F.);
#10736 = FACE_BOUND('',#10737,.F.);
#10737 = EDGE_LOOP('',(#10738,#10744,#10745,#10746));
#10738 = ORIENTED_EDGE('',*,*,#10739,.T.);
#10739 = EDGE_CURVE('',#7569,#7512,#10740,.T.);
#10740 = LINE('',#10741,#10742);
#10741 = CARTESIAN_POINT('',(15.3,14.6,-25.02));
#10742 = VECTOR('',#10743,1.);
#10743 = DIRECTION('',(1.,0.,0.));
#10744 = ORIENTED_EDGE('',*,*,#7519,.T.);
#10745 = ORIENTED_EDGE('',*,*,#10722,.F.);
#10746 = ORIENTED_EDGE('',*,*,#7568,.F.);
#10747 = PLANE('',#10748);
#10748 = AXIS2_PLACEMENT_3D('',#10749,#10750,#10751);
#10749 = CARTESIAN_POINT('',(15.3,14.6,-25.02));
#10750 = DIRECTION('',(-0.,1.,0.));
#10751 = DIRECTION('',(0.,0.,-1.));
#10752 = ADVANCED_FACE('',(#10753),#10764,.F.);
#10753 = FACE_BOUND('',#10754,.F.);
#10754 = EDGE_LOOP('',(#10755,#10756,#10762,#10763));
#10755 = ORIENTED_EDGE('',*,*,#7576,.F.);
#10756 = ORIENTED_EDGE('',*,*,#10757,.F.);
#10757 = EDGE_CURVE('',#7504,#7543,#10758,.T.);
#10758 = LINE('',#10759,#10760);
#10759 = CARTESIAN_POINT('',(14.5875,15.2,-25.02));
#10760 = VECTOR('',#10761,1.);
#10761 = DIRECTION('',(-1.,0.,-0.));
#10762 = ORIENTED_EDGE('',*,*,#7511,.T.);
#10763 = ORIENTED_EDGE('',*,*,#10739,.F.);
#10764 = PLANE('',#10765);
#10765 = AXIS2_PLACEMENT_3D('',#10766,#10767,#10768);
#10766 = CARTESIAN_POINT('',(15.3,15.21,-25.02));
#10767 = DIRECTION('',(0.,0.,-1.));
#10768 = DIRECTION('',(0.,-1.,0.));
#10769 = ADVANCED_FACE('',(#10770),#10798,.T.);
#10770 = FACE_BOUND('',#10771,.T.);
#10771 = EDGE_LOOP('',(#10772,#10780,#10781,#10782,#10783,#10791));
#10772 = ORIENTED_EDGE('',*,*,#10773,.F.);
#10773 = EDGE_CURVE('',#7729,#10774,#10776,.T.);
#10774 = VERTEX_POINT('',#10775);
#10775 = CARTESIAN_POINT('',(-13.60472457091,-17.5,-15.75));
#10776 = LINE('',#10777,#10778);
#10777 = CARTESIAN_POINT('',(-15.875,-17.5,-15.75));
#10778 = VECTOR('',#10779,1.);
#10779 = DIRECTION('',(1.,0.,-0.));
#10780 = ORIENTED_EDGE('',*,*,#7736,.T.);
#10781 = ORIENTED_EDGE('',*,*,#9573,.F.);
#10782 = ORIENTED_EDGE('',*,*,#8357,.T.);
#10783 = ORIENTED_EDGE('',*,*,#10784,.T.);
#10784 = EDGE_CURVE('',#8358,#10785,#10787,.T.);
#10785 = VERTEX_POINT('',#10786);
#10786 = CARTESIAN_POINT('',(-7.525,-23.57972457091,-15.75));
#10787 = LINE('',#10788,#10789);
#10788 = CARTESIAN_POINT('',(-7.525,-25.85,-15.75));
#10789 = VECTOR('',#10790,1.);
#10790 = DIRECTION('',(-0.,1.,0.));
#10791 = ORIENTED_EDGE('',*,*,#10792,.T.);
#10792 = EDGE_CURVE('',#10785,#10774,#10793,.T.);
#10793 = CIRCLE('',#10794,7.15);
#10794 = AXIS2_PLACEMENT_3D('',#10795,#10796,#10797);
#10795 = CARTESIAN_POINT('',(-6.525,-16.5,-15.75));
#10796 = DIRECTION('',(-0.,0.,-1.));
#10797 = DIRECTION('',(-1.,9.937660640001E-16,0.));
#10798 = PLANE('',#10799);
#10799 = AXIS2_PLACEMENT_3D('',#10800,#10801,#10802);
#10800 = CARTESIAN_POINT('',(-15.875,-25.85,-15.75));
#10801 = DIRECTION('',(0.,0.,1.));
#10802 = DIRECTION('',(1.,0.,-0.));
#10803 = ADVANCED_FACE('',(#10804),#10832,.T.);
#10804 = FACE_BOUND('',#10805,.T.);
#10805 = EDGE_LOOP('',(#10806,#10814,#10815,#10816,#10817,#10825));
#10806 = ORIENTED_EDGE('',*,*,#10807,.F.);
#10807 = EDGE_CURVE('',#8446,#10808,#10810,.T.);
#10808 = VERTEX_POINT('',#10809);
#10809 = CARTESIAN_POINT('',(7.525,-23.57972457091,-15.75));
#10810 = LINE('',#10811,#10812);
#10811 = CARTESIAN_POINT('',(7.525,-25.85,-15.75));
#10812 = VECTOR('',#10813,1.);
#10813 = DIRECTION('',(-0.,1.,0.));
#10814 = ORIENTED_EDGE('',*,*,#8453,.T.);
#10815 = ORIENTED_EDGE('',*,*,#9591,.F.);
#10816 = ORIENTED_EDGE('',*,*,#8300,.T.);
#10817 = ORIENTED_EDGE('',*,*,#10818,.F.);
#10818 = EDGE_CURVE('',#10819,#8301,#10821,.T.);
#10819 = VERTEX_POINT('',#10820);
#10820 = CARTESIAN_POINT('',(13.604724570914,-17.5,-15.75));
#10821 = LINE('',#10822,#10823);
#10822 = CARTESIAN_POINT('',(7.525,-17.5,-15.75));
#10823 = VECTOR('',#10824,1.);
#10824 = DIRECTION('',(1.,0.,-0.));
#10825 = ORIENTED_EDGE('',*,*,#10826,.T.);
#10826 = EDGE_CURVE('',#10819,#10808,#10827,.T.);
#10827 = CIRCLE('',#10828,7.15);
#10828 = AXIS2_PLACEMENT_3D('',#10829,#10830,#10831);
#10829 = CARTESIAN_POINT('',(6.525,-16.5,-15.75));
#10830 = DIRECTION('',(-0.,0.,-1.));
#10831 = DIRECTION('',(-7.453245480001E-16,-1.,0.));
#10832 = PLANE('',#10833);
#10833 = AXIS2_PLACEMENT_3D('',#10834,#10835,#10836);
#10834 = CARTESIAN_POINT('',(7.525,-25.85,-15.75));
#10835 = DIRECTION('',(0.,0.,1.));
#10836 = DIRECTION('',(1.,0.,-0.));
#10837 = ADVANCED_FACE('',(#10838),#10856,.T.);
#10838 = FACE_BOUND('',#10839,.T.);
#10839 = EDGE_LOOP('',(#10840,#10841,#10842,#10850));
#10840 = ORIENTED_EDGE('',*,*,#8445,.T.);
#10841 = ORIENTED_EDGE('',*,*,#10807,.T.);
#10842 = ORIENTED_EDGE('',*,*,#10843,.F.);
#10843 = EDGE_CURVE('',#10844,#10808,#10846,.T.);
#10844 = VERTEX_POINT('',#10845);
#10845 = CARTESIAN_POINT('',(7.525,-23.57972457091,-12.5));
#10846 = LINE('',#10847,#10848);
#10847 = CARTESIAN_POINT('',(7.525,-23.57972457091,-16.8));
#10848 = VECTOR('',#10849,1.);
#10849 = DIRECTION('',(-0.,-0.,-1.));
#10850 = ORIENTED_EDGE('',*,*,#10851,.F.);
#10851 = EDGE_CURVE('',#8438,#10844,#10852,.T.);
#10852 = LINE('',#10853,#10854);
#10853 = CARTESIAN_POINT('',(7.525,-12.925,-12.5));
#10854 = VECTOR('',#10855,1.);
#10855 = DIRECTION('',(-0.,1.,0.));
#10856 = PLANE('',#10857);
#10857 = AXIS2_PLACEMENT_3D('',#10858,#10859,#10860);
#10858 = CARTESIAN_POINT('',(7.525,-25.85,-15.75));
#10859 = DIRECTION('',(1.,0.,-0.));
#10860 = DIRECTION('',(0.,0.,1.));
#10861 = ADVANCED_FACE('',(#10862),#10880,.F.);
#10862 = FACE_BOUND('',#10863,.F.);
#10863 = EDGE_LOOP('',(#10864,#10865,#10866,#10874));
#10864 = ORIENTED_EDGE('',*,*,#8365,.T.);
#10865 = ORIENTED_EDGE('',*,*,#10784,.T.);
#10866 = ORIENTED_EDGE('',*,*,#10867,.F.);
#10867 = EDGE_CURVE('',#10868,#10785,#10870,.T.);
#10868 = VERTEX_POINT('',#10869);
#10869 = CARTESIAN_POINT('',(-7.525,-23.57972457091,-12.5));
#10870 = LINE('',#10871,#10872);
#10871 = CARTESIAN_POINT('',(-7.525,-23.57972457091,-16.8));
#10872 = VECTOR('',#10873,1.);
#10873 = DIRECTION('',(-0.,-0.,-1.));
#10874 = ORIENTED_EDGE('',*,*,#10875,.F.);
#10875 = EDGE_CURVE('',#8366,#10868,#10876,.T.);
#10876 = LINE('',#10877,#10878);
#10877 = CARTESIAN_POINT('',(-7.525,-12.925,-12.5));
#10878 = VECTOR('',#10879,1.);
#10879 = DIRECTION('',(-0.,1.,0.));
#10880 = PLANE('',#10881);
#10881 = AXIS2_PLACEMENT_3D('',#10882,#10883,#10884);
#10882 = CARTESIAN_POINT('',(-7.525,-25.85,-15.75));
#10883 = DIRECTION('',(1.,0.,-0.));
#10884 = DIRECTION('',(0.,0.,1.));
#10885 = ADVANCED_FACE('',(#10886),#10939,.F.);
#10886 = FACE_BOUND('',#10887,.T.);
#10887 = EDGE_LOOP('',(#10888,#10898,#10907,#10915,#10922,#10923,#10924,
    #10932));
#10888 = ORIENTED_EDGE('',*,*,#10889,.F.);
#10889 = EDGE_CURVE('',#10890,#10892,#10894,.T.);
#10890 = VERTEX_POINT('',#10891);
#10891 = CARTESIAN_POINT('',(-13.675,16.5,-16.8));
#10892 = VERTEX_POINT('',#10893);
#10893 = CARTESIAN_POINT('',(-13.675,16.5,-12.5));
#10894 = LINE('',#10895,#10896);
#10895 = CARTESIAN_POINT('',(-13.675,16.5,-18.8));
#10896 = VECTOR('',#10897,1.);
#10897 = DIRECTION('',(0.,0.,1.));
#10898 = ORIENTED_EDGE('',*,*,#10899,.T.);
#10899 = EDGE_CURVE('',#10890,#10900,#10902,.T.);
#10900 = VERTEX_POINT('',#10901);
#10901 = CARTESIAN_POINT('',(-6.525,23.65,-16.8));
#10902 = CIRCLE('',#10903,7.15);
#10903 = AXIS2_PLACEMENT_3D('',#10904,#10905,#10906);
#10904 = CARTESIAN_POINT('',(-6.525,16.5,-16.8));
#10905 = DIRECTION('',(0.,-0.,-1.));
#10906 = DIRECTION('',(7.453245480001E-16,1.,-0.));
#10907 = ORIENTED_EDGE('',*,*,#10908,.T.);
#10908 = EDGE_CURVE('',#10900,#10909,#10911,.T.);
#10909 = VERTEX_POINT('',#10910);
#10910 = CARTESIAN_POINT('',(-6.525,23.65,-12.5));
#10911 = LINE('',#10912,#10913);
#10912 = CARTESIAN_POINT('',(-6.525,23.65,-18.8));
#10913 = VECTOR('',#10914,1.);
#10914 = DIRECTION('',(0.,0.,1.));
#10915 = ORIENTED_EDGE('',*,*,#10916,.F.);
#10916 = EDGE_CURVE('',#8863,#10909,#10917,.T.);
#10917 = CIRCLE('',#10918,7.15);
#10918 = AXIS2_PLACEMENT_3D('',#10919,#10920,#10921);
#10919 = CARTESIAN_POINT('',(-6.525,16.5,-12.5));
#10920 = DIRECTION('',(0.,-0.,-1.));
#10921 = DIRECTION('',(7.453245480001E-16,1.,-0.));
#10922 = ORIENTED_EDGE('',*,*,#8862,.T.);
#10923 = ORIENTED_EDGE('',*,*,#8837,.F.);
#10924 = ORIENTED_EDGE('',*,*,#10925,.F.);
#10925 = EDGE_CURVE('',#10926,#8830,#10928,.T.);
#10926 = VERTEX_POINT('',#10927);
#10927 = CARTESIAN_POINT('',(-13.60472457091,17.5,-12.5));
#10928 = LINE('',#10929,#10930);
#10929 = CARTESIAN_POINT('',(-13.60472457091,17.5,-16.8));
#10930 = VECTOR('',#10931,1.);
#10931 = DIRECTION('',(-0.,-0.,-1.));
#10932 = ORIENTED_EDGE('',*,*,#10933,.F.);
#10933 = EDGE_CURVE('',#10892,#10926,#10934,.T.);
#10934 = CIRCLE('',#10935,7.15);
#10935 = AXIS2_PLACEMENT_3D('',#10936,#10937,#10938);
#10936 = CARTESIAN_POINT('',(-6.525,16.5,-12.5));
#10937 = DIRECTION('',(0.,-0.,-1.));
#10938 = DIRECTION('',(7.453245480001E-16,1.,-0.));
#10939 = CYLINDRICAL_SURFACE('',#10940,7.15);
#10940 = AXIS2_PLACEMENT_3D('',#10941,#10942,#10943);
#10941 = CARTESIAN_POINT('',(-6.525,16.5,-18.8));
#10942 = DIRECTION('',(-0.,-0.,-1.));
#10943 = DIRECTION('',(7.453245480001E-16,1.,-0.));
#10944 = ADVANCED_FACE('',(#10945),#10970,.T.);
#10945 = FACE_BOUND('',#10946,.T.);
#10946 = EDGE_LOOP('',(#10947,#10957,#10963,#10964));
#10947 = ORIENTED_EDGE('',*,*,#10948,.T.);
#10948 = EDGE_CURVE('',#10949,#10951,#10953,.T.);
#10949 = VERTEX_POINT('',#10950);
#10950 = CARTESIAN_POINT('',(6.525,23.65,-16.8));
#10951 = VERTEX_POINT('',#10952);
#10952 = CARTESIAN_POINT('',(6.525,23.65,-12.5));
#10953 = LINE('',#10954,#10955);
#10954 = CARTESIAN_POINT('',(6.525,23.65,-18.8));
#10955 = VECTOR('',#10956,1.);
#10956 = DIRECTION('',(0.,0.,1.));
#10957 = ORIENTED_EDGE('',*,*,#10958,.F.);
#10958 = EDGE_CURVE('',#10909,#10951,#10959,.T.);
#10959 = LINE('',#10960,#10961);
#10960 = CARTESIAN_POINT('',(3.2625,23.65,-12.5));
#10961 = VECTOR('',#10962,1.);
#10962 = DIRECTION('',(1.,0.,-0.));
#10963 = ORIENTED_EDGE('',*,*,#10908,.F.);
#10964 = ORIENTED_EDGE('',*,*,#10965,.F.);
#10965 = EDGE_CURVE('',#10949,#10900,#10966,.T.);
#10966 = LINE('',#10967,#10968);
#10967 = CARTESIAN_POINT('',(3.2625,23.65,-16.8));
#10968 = VECTOR('',#10969,1.);
#10969 = DIRECTION('',(-1.,0.,0.));
#10970 = PLANE('',#10971);
#10971 = AXIS2_PLACEMENT_3D('',#10972,#10973,#10974);
#10972 = CARTESIAN_POINT('',(-1.454440643614E-16,23.65,-14.53479257641)
  );
#10973 = DIRECTION('',(-0.,-1.,-0.));
#10974 = DIRECTION('',(0.,0.,-1.));
#10975 = ADVANCED_FACE('',(#10976),#11020,.F.);
#10976 = FACE_BOUND('',#10977,.T.);
#10977 = EDGE_LOOP('',(#10978,#10979,#10988,#10996,#11005,#11011,#11012,
    #11013));
#10978 = ORIENTED_EDGE('',*,*,#10948,.F.);
#10979 = ORIENTED_EDGE('',*,*,#10980,.T.);
#10980 = EDGE_CURVE('',#10949,#10981,#10983,.T.);
#10981 = VERTEX_POINT('',#10982);
#10982 = CARTESIAN_POINT('',(13.675,16.5,-16.8));
#10983 = CIRCLE('',#10984,7.15);
#10984 = AXIS2_PLACEMENT_3D('',#10985,#10986,#10987);
#10985 = CARTESIAN_POINT('',(6.525,16.5,-16.8));
#10986 = DIRECTION('',(0.,-0.,-1.));
#10987 = DIRECTION('',(1.,-9.937660640001E-16,0.));
#10988 = ORIENTED_EDGE('',*,*,#10989,.T.);
#10989 = EDGE_CURVE('',#10981,#10990,#10992,.T.);
#10990 = VERTEX_POINT('',#10991);
#10991 = CARTESIAN_POINT('',(13.675,16.5,-12.5));
#10992 = LINE('',#10993,#10994);
#10993 = CARTESIAN_POINT('',(13.675,16.5,-18.8));
#10994 = VECTOR('',#10995,1.);
#10995 = DIRECTION('',(0.,0.,1.));
#10996 = ORIENTED_EDGE('',*,*,#10997,.F.);
#10997 = EDGE_CURVE('',#10998,#10990,#11000,.T.);
#10998 = VERTEX_POINT('',#10999);
#10999 = CARTESIAN_POINT('',(13.604724570914,17.5,-12.5));
#11000 = CIRCLE('',#11001,7.15);
#11001 = AXIS2_PLACEMENT_3D('',#11002,#11003,#11004);
#11002 = CARTESIAN_POINT('',(6.525,16.5,-12.5));
#11003 = DIRECTION('',(0.,-0.,-1.));
#11004 = DIRECTION('',(1.,-9.937660640001E-16,0.));
#11005 = ORIENTED_EDGE('',*,*,#11006,.T.);
#11006 = EDGE_CURVE('',#10998,#8919,#11007,.T.);
#11007 = LINE('',#11008,#11009);
#11008 = CARTESIAN_POINT('',(13.604724570914,17.5,-16.8));
#11009 = VECTOR('',#11010,1.);
#11010 = DIRECTION('',(-0.,-0.,-1.));
#11011 = ORIENTED_EDGE('',*,*,#8918,.F.);
#11012 = ORIENTED_EDGE('',*,*,#8886,.F.);
#11013 = ORIENTED_EDGE('',*,*,#11014,.F.);
#11014 = EDGE_CURVE('',#10951,#8887,#11015,.T.);
#11015 = CIRCLE('',#11016,7.15);
#11016 = AXIS2_PLACEMENT_3D('',#11017,#11018,#11019);
#11017 = CARTESIAN_POINT('',(6.525,16.5,-12.5));
#11018 = DIRECTION('',(0.,-0.,-1.));
#11019 = DIRECTION('',(1.,-9.937660640001E-16,0.));
#11020 = CYLINDRICAL_SURFACE('',#11021,7.15);
#11021 = AXIS2_PLACEMENT_3D('',#11022,#11023,#11024);
#11022 = CARTESIAN_POINT('',(6.525,16.5,-18.8));
#11023 = DIRECTION('',(-0.,-0.,-1.));
#11024 = DIRECTION('',(1.,-9.937660640001E-16,0.));
#11025 = ADVANCED_FACE('',(#11026,#11071,#11082,#11144),#11155,.T.);
#11026 = FACE_BOUND('',#11027,.T.);
#11027 = EDGE_LOOP('',(#11028,#11036,#11045,#11053,#11062,#11068,#11069,
    #11070));
#11028 = ORIENTED_EDGE('',*,*,#11029,.T.);
#11029 = EDGE_CURVE('',#10890,#11030,#11032,.T.);
#11030 = VERTEX_POINT('',#11031);
#11031 = CARTESIAN_POINT('',(-13.675,-16.5,-16.8));
#11032 = LINE('',#11033,#11034);
#11033 = CARTESIAN_POINT('',(-13.675,8.25,-16.8));
#11034 = VECTOR('',#11035,1.);
#11035 = DIRECTION('',(0.,-1.,0.));
#11036 = ORIENTED_EDGE('',*,*,#11037,.F.);
#11037 = EDGE_CURVE('',#11038,#11030,#11040,.T.);
#11038 = VERTEX_POINT('',#11039);
#11039 = CARTESIAN_POINT('',(-6.525,-23.65,-16.8));
#11040 = CIRCLE('',#11041,7.15);
#11041 = AXIS2_PLACEMENT_3D('',#11042,#11043,#11044);
#11042 = CARTESIAN_POINT('',(-6.525,-16.5,-16.8));
#11043 = DIRECTION('',(-0.,0.,-1.));
#11044 = DIRECTION('',(-1.,9.937660640001E-16,0.));
#11045 = ORIENTED_EDGE('',*,*,#11046,.T.);
#11046 = EDGE_CURVE('',#11038,#11047,#11049,.T.);
#11047 = VERTEX_POINT('',#11048);
#11048 = CARTESIAN_POINT('',(6.525,-23.65,-16.8));
#11049 = LINE('',#11050,#11051);
#11050 = CARTESIAN_POINT('',(-3.2625,-23.65,-16.8));
#11051 = VECTOR('',#11052,1.);
#11052 = DIRECTION('',(1.,0.,0.));
#11053 = ORIENTED_EDGE('',*,*,#11054,.F.);
#11054 = EDGE_CURVE('',#11055,#11047,#11057,.T.);
#11055 = VERTEX_POINT('',#11056);
#11056 = CARTESIAN_POINT('',(13.675,-16.5,-16.8));
#11057 = CIRCLE('',#11058,7.15);
#11058 = AXIS2_PLACEMENT_3D('',#11059,#11060,#11061);
#11059 = CARTESIAN_POINT('',(6.525,-16.5,-16.8));
#11060 = DIRECTION('',(-0.,0.,-1.));
#11061 = DIRECTION('',(-7.453245480001E-16,-1.,0.));
#11062 = ORIENTED_EDGE('',*,*,#11063,.T.);
#11063 = EDGE_CURVE('',#11055,#10981,#11064,.T.);
#11064 = LINE('',#11065,#11066);
#11065 = CARTESIAN_POINT('',(13.675,-8.25,-16.8));
#11066 = VECTOR('',#11067,1.);
#11067 = DIRECTION('',(0.,1.,-0.));
#11068 = ORIENTED_EDGE('',*,*,#10980,.F.);
#11069 = ORIENTED_EDGE('',*,*,#10965,.T.);
#11070 = ORIENTED_EDGE('',*,*,#10899,.F.);
#11071 = FACE_BOUND('',#11072,.T.);
#11072 = EDGE_LOOP('',(#11073));
#11073 = ORIENTED_EDGE('',*,*,#11074,.F.);
#11074 = EDGE_CURVE('',#11075,#11075,#11077,.T.);
#11075 = VERTEX_POINT('',#11076);
#11076 = CARTESIAN_POINT('',(-9.65,1.5,-16.8));
#11077 = CIRCLE('',#11078,0.85);
#11078 = AXIS2_PLACEMENT_3D('',#11079,#11080,#11081);
#11079 = CARTESIAN_POINT('',(-10.5,1.5,-16.8));
#11080 = DIRECTION('',(0.,0.,1.));
#11081 = DIRECTION('',(1.,0.,-0.));
#11082 = FACE_BOUND('',#11083,.T.);
#11083 = EDGE_LOOP('',(#11084,#11085,#11093,#11100,#11101,#11102,#11103,
    #11104,#11105,#11106,#11107,#11108,#11109,#11110,#11111,#11112,
    #11113,#11114,#11115,#11116,#11125,#11134,#11140,#11141,#11142,
    #11143));
#11084 = ORIENTED_EDGE('',*,*,#9704,.T.);
#11085 = ORIENTED_EDGE('',*,*,#11086,.F.);
#11086 = EDGE_CURVE('',#11087,#9695,#11089,.T.);
#11087 = VERTEX_POINT('',#11088);
#11088 = CARTESIAN_POINT('',(12.243559577416,3.,-16.8));
#11089 = LINE('',#11090,#11091);
#11090 = CARTESIAN_POINT('',(10.5,3.,-16.8));
#11091 = VECTOR('',#11092,1.);
#11092 = DIRECTION('',(1.,0.,-0.));
#11093 = ORIENTED_EDGE('',*,*,#11094,.T.);
#11094 = EDGE_CURVE('',#11087,#10563,#11095,.T.);
#11095 = CIRCLE('',#11096,2.3);
#11096 = AXIS2_PLACEMENT_3D('',#11097,#11098,#11099);
#11097 = CARTESIAN_POINT('',(10.5,1.5,-16.8));
#11098 = DIRECTION('',(0.,0.,1.));
#11099 = DIRECTION('',(1.,0.,-0.));
#11100 = ORIENTED_EDGE('',*,*,#10570,.T.);
#11101 = ORIENTED_EDGE('',*,*,#10530,.T.);
#11102 = ORIENTED_EDGE('',*,*,#10514,.F.);
#11103 = ORIENTED_EDGE('',*,*,#10428,.T.);
#11104 = ORIENTED_EDGE('',*,*,#10414,.T.);
#11105 = ORIENTED_EDGE('',*,*,#10390,.T.);
#11106 = ORIENTED_EDGE('',*,*,#10357,.T.);
#11107 = ORIENTED_EDGE('',*,*,#10333,.T.);
#11108 = ORIENTED_EDGE('',*,*,#10308,.T.);
#11109 = ORIENTED_EDGE('',*,*,#10292,.T.);
#11110 = ORIENTED_EDGE('',*,*,#10267,.T.);
#11111 = ORIENTED_EDGE('',*,*,#10193,.T.);
#11112 = ORIENTED_EDGE('',*,*,#10210,.T.);
#11113 = ORIENTED_EDGE('',*,*,#10152,.F.);
#11114 = ORIENTED_EDGE('',*,*,#10136,.T.);
#11115 = ORIENTED_EDGE('',*,*,#10104,.T.);
#11116 = ORIENTED_EDGE('',*,*,#11117,.T.);
#11117 = EDGE_CURVE('',#10105,#11118,#11120,.T.);
#11118 = VERTEX_POINT('',#11119);
#11119 = CARTESIAN_POINT('',(-8.2,1.5,-16.8));
#11120 = CIRCLE('',#11121,2.3);
#11121 = AXIS2_PLACEMENT_3D('',#11122,#11123,#11124);
#11122 = CARTESIAN_POINT('',(-10.5,1.5,-16.8));
#11123 = DIRECTION('',(0.,0.,1.));
#11124 = DIRECTION('',(1.,0.,-0.));
#11125 = ORIENTED_EDGE('',*,*,#11126,.T.);
#11126 = EDGE_CURVE('',#11118,#11127,#11129,.T.);
#11127 = VERTEX_POINT('',#11128);
#11128 = CARTESIAN_POINT('',(-12.24355957741,3.,-16.8));
#11129 = CIRCLE('',#11130,2.3);
#11130 = AXIS2_PLACEMENT_3D('',#11131,#11132,#11133);
#11131 = CARTESIAN_POINT('',(-10.5,1.5,-16.8));
#11132 = DIRECTION('',(0.,0.,1.));
#11133 = DIRECTION('',(1.,0.,-0.));
#11134 = ORIENTED_EDGE('',*,*,#11135,.F.);
#11135 = EDGE_CURVE('',#9935,#11127,#11136,.T.);
#11136 = LINE('',#11137,#11138);
#11137 = CARTESIAN_POINT('',(-13.675,3.,-16.8));
#11138 = VECTOR('',#11139,1.);
#11139 = DIRECTION('',(1.,0.,-0.));
#11140 = ORIENTED_EDGE('',*,*,#9934,.T.);
#11141 = ORIENTED_EDGE('',*,*,#9880,.T.);
#11142 = ORIENTED_EDGE('',*,*,#9824,.T.);
#11143 = ORIENTED_EDGE('',*,*,#9768,.T.);
#11144 = FACE_BOUND('',#11145,.T.);
#11145 = EDGE_LOOP('',(#11146));
#11146 = ORIENTED_EDGE('',*,*,#11147,.F.);
#11147 = EDGE_CURVE('',#11148,#11148,#11150,.T.);
#11148 = VERTEX_POINT('',#11149);
#11149 = CARTESIAN_POINT('',(11.35,1.5,-16.8));
#11150 = CIRCLE('',#11151,0.85);
#11151 = AXIS2_PLACEMENT_3D('',#11152,#11153,#11154);
#11152 = CARTESIAN_POINT('',(10.5,1.5,-16.8));
#11153 = DIRECTION('',(0.,0.,1.));
#11154 = DIRECTION('',(1.,0.,-0.));
#11155 = PLANE('',#11156);
#11156 = AXIS2_PLACEMENT_3D('',#11157,#11158,#11159);
#11157 = CARTESIAN_POINT('',(-6.245918765689E-16,-8.848384918059E-16,
    -16.8));
#11158 = DIRECTION('',(0.,0.,1.));
#11159 = DIRECTION('',(1.,0.,-0.));
#11160 = ADVANCED_FACE('',(#11161),#11186,.T.);
#11161 = FACE_BOUND('',#11162,.T.);
#11162 = EDGE_LOOP('',(#11163,#11171,#11179,#11185));
#11163 = ORIENTED_EDGE('',*,*,#11164,.T.);
#11164 = EDGE_CURVE('',#11038,#11165,#11167,.T.);
#11165 = VERTEX_POINT('',#11166);
#11166 = CARTESIAN_POINT('',(-6.525,-23.65,-12.5));
#11167 = LINE('',#11168,#11169);
#11168 = CARTESIAN_POINT('',(-6.525,-23.65,-18.8));
#11169 = VECTOR('',#11170,1.);
#11170 = DIRECTION('',(0.,0.,1.));
#11171 = ORIENTED_EDGE('',*,*,#11172,.F.);
#11172 = EDGE_CURVE('',#11173,#11165,#11175,.T.);
#11173 = VERTEX_POINT('',#11174);
#11174 = CARTESIAN_POINT('',(6.525,-23.65,-12.5));
#11175 = LINE('',#11176,#11177);
#11176 = CARTESIAN_POINT('',(-3.2625,-23.65,-12.5));
#11177 = VECTOR('',#11178,1.);
#11178 = DIRECTION('',(-1.,0.,0.));
#11179 = ORIENTED_EDGE('',*,*,#11180,.F.);
#11180 = EDGE_CURVE('',#11047,#11173,#11181,.T.);
#11181 = LINE('',#11182,#11183);
#11182 = CARTESIAN_POINT('',(6.525,-23.65,-18.8));
#11183 = VECTOR('',#11184,1.);
#11184 = DIRECTION('',(0.,0.,1.));
#11185 = ORIENTED_EDGE('',*,*,#11046,.F.);
#11186 = PLANE('',#11187);
#11187 = AXIS2_PLACEMENT_3D('',#11188,#11189,#11190);
#11188 = CARTESIAN_POINT('',(1.454440643614E-16,-23.65,-14.53479257641)
  );
#11189 = DIRECTION('',(0.,1.,0.));
#11190 = DIRECTION('',(0.,-0.,1.));
#11191 = ADVANCED_FACE('',(#11192),#11210,.F.);
#11192 = FACE_BOUND('',#11193,.F.);
#11193 = EDGE_LOOP('',(#11194,#11195,#11196,#11204));
#11194 = ORIENTED_EDGE('',*,*,#5047,.F.);
#11195 = ORIENTED_EDGE('',*,*,#5104,.T.);
#11196 = ORIENTED_EDGE('',*,*,#11197,.T.);
#11197 = EDGE_CURVE('',#5105,#11198,#11200,.T.);
#11198 = VERTEX_POINT('',#11199);
#11199 = CARTESIAN_POINT('',(25.7,-25.4,-6.5));
#11200 = LINE('',#11201,#11202);
#11201 = CARTESIAN_POINT('',(25.7,-26.2,-6.5));
#11202 = VECTOR('',#11203,1.);
#11203 = DIRECTION('',(-0.,1.,0.));
#11204 = ORIENTED_EDGE('',*,*,#11205,.F.);
#11205 = EDGE_CURVE('',#5048,#11198,#11206,.T.);
#11206 = LINE('',#11207,#11208);
#11207 = CARTESIAN_POINT('',(13.,-25.4,-6.5));
#11208 = VECTOR('',#11209,1.);
#11209 = DIRECTION('',(1.,0.,-0.));
#11210 = PLANE('',#11211);
#11211 = AXIS2_PLACEMENT_3D('',#11212,#11213,#11214);
#11212 = CARTESIAN_POINT('',(13.,-26.2,-6.5));
#11213 = DIRECTION('',(0.,0.,1.));
#11214 = DIRECTION('',(1.,0.,-0.));
#11215 = ADVANCED_FACE('',(#11216),#11234,.T.);
#11216 = FACE_BOUND('',#11217,.T.);
#11217 = EDGE_LOOP('',(#11218,#11219,#11220,#11228));
#11218 = ORIENTED_EDGE('',*,*,#5112,.F.);
#11219 = ORIENTED_EDGE('',*,*,#11197,.T.);
#11220 = ORIENTED_EDGE('',*,*,#11221,.T.);
#11221 = EDGE_CURVE('',#11198,#11222,#11224,.T.);
#11222 = VERTEX_POINT('',#11223);
#11223 = CARTESIAN_POINT('',(25.7,-25.4,-5.));
#11224 = LINE('',#11225,#11226);
#11225 = CARTESIAN_POINT('',(25.7,-25.4,-6.5));
#11226 = VECTOR('',#11227,1.);
#11227 = DIRECTION('',(0.,0.,1.));
#11228 = ORIENTED_EDGE('',*,*,#11229,.F.);
#11229 = EDGE_CURVE('',#5113,#11222,#11230,.T.);
#11230 = LINE('',#11231,#11232);
#11231 = CARTESIAN_POINT('',(25.7,-13.1,-5.));
#11232 = VECTOR('',#11233,1.);
#11233 = DIRECTION('',(-0.,1.,0.));
#11234 = PLANE('',#11235);
#11235 = AXIS2_PLACEMENT_3D('',#11236,#11237,#11238);
#11236 = CARTESIAN_POINT('',(25.7,-26.2,-6.5));
#11237 = DIRECTION('',(1.,0.,-0.));
#11238 = DIRECTION('',(0.,0.,1.));
#11239 = ADVANCED_FACE('',(#11240),#11258,.F.);
#11240 = FACE_BOUND('',#11241,.F.);
#11241 = EDGE_LOOP('',(#11242,#11250,#11251,#11252));
#11242 = ORIENTED_EDGE('',*,*,#11243,.F.);
#11243 = EDGE_CURVE('',#5081,#11244,#11246,.T.);
#11244 = VERTEX_POINT('',#11245);
#11245 = CARTESIAN_POINT('',(-25.7,-25.4,-6.5));
#11246 = LINE('',#11247,#11248);
#11247 = CARTESIAN_POINT('',(-25.7,-26.2,-6.5));
#11248 = VECTOR('',#11249,1.);
#11249 = DIRECTION('',(-0.,1.,0.));
#11250 = ORIENTED_EDGE('',*,*,#5088,.T.);
#11251 = ORIENTED_EDGE('',*,*,#5166,.T.);
#11252 = ORIENTED_EDGE('',*,*,#11253,.F.);
#11253 = EDGE_CURVE('',#11244,#5167,#11254,.T.);
#11254 = LINE('',#11255,#11256);
#11255 = CARTESIAN_POINT('',(-25.7,-25.4,-6.5));
#11256 = VECTOR('',#11257,1.);
#11257 = DIRECTION('',(1.,0.,-0.));
#11258 = PLANE('',#11259);
#11259 = AXIS2_PLACEMENT_3D('',#11260,#11261,#11262);
#11260 = CARTESIAN_POINT('',(-25.7,-26.2,-6.5));
#11261 = DIRECTION('',(0.,0.,1.));
#11262 = DIRECTION('',(1.,0.,-0.));
#11263 = ADVANCED_FACE('',(#11264),#11282,.F.);
#11264 = FACE_BOUND('',#11265,.F.);
#11265 = EDGE_LOOP('',(#11266,#11267,#11268,#11276));
#11266 = ORIENTED_EDGE('',*,*,#5080,.F.);
#11267 = ORIENTED_EDGE('',*,*,#11243,.T.);
#11268 = ORIENTED_EDGE('',*,*,#11269,.T.);
#11269 = EDGE_CURVE('',#11244,#11270,#11272,.T.);
#11270 = VERTEX_POINT('',#11271);
#11271 = CARTESIAN_POINT('',(-25.7,-25.4,-5.));
#11272 = LINE('',#11273,#11274);
#11273 = CARTESIAN_POINT('',(-25.7,-25.4,-6.5));
#11274 = VECTOR('',#11275,1.);
#11275 = DIRECTION('',(0.,0.,1.));
#11276 = ORIENTED_EDGE('',*,*,#11277,.F.);
#11277 = EDGE_CURVE('',#5071,#11270,#11278,.T.);
#11278 = LINE('',#11279,#11280);
#11279 = CARTESIAN_POINT('',(-25.7,-13.1,-5.));
#11280 = VECTOR('',#11281,1.);
#11281 = DIRECTION('',(-0.,1.,0.));
#11282 = PLANE('',#11283);
#11283 = AXIS2_PLACEMENT_3D('',#11284,#11285,#11286);
#11284 = CARTESIAN_POINT('',(-25.7,-26.2,-6.5));
#11285 = DIRECTION('',(1.,0.,-0.));
#11286 = DIRECTION('',(0.,0.,1.));
#11287 = ADVANCED_FACE('',(#11288),#11299,.F.);
#11288 = FACE_BOUND('',#11289,.F.);
#11289 = EDGE_LOOP('',(#11290,#11291,#11292,#11293));
#11290 = ORIENTED_EDGE('',*,*,#5390,.T.);
#11291 = ORIENTED_EDGE('',*,*,#5364,.T.);
#11292 = ORIENTED_EDGE('',*,*,#11277,.T.);
#11293 = ORIENTED_EDGE('',*,*,#11294,.T.);
#11294 = EDGE_CURVE('',#11270,#5391,#11295,.T.);
#11295 = LINE('',#11296,#11297);
#11296 = CARTESIAN_POINT('',(-13.6,-25.4,-5.));
#11297 = VECTOR('',#11298,1.);
#11298 = DIRECTION('',(-1.,-0.,0.));
#11299 = PLANE('',#11300);
#11300 = AXIS2_PLACEMENT_3D('',#11301,#11302,#11303);
#11301 = CARTESIAN_POINT('',(6.979261760389E-16,1.468198358131E-16,-5.)
  );
#11302 = DIRECTION('',(0.,0.,1.));
#11303 = DIRECTION('',(1.,0.,-0.));
#11304 = ADVANCED_FACE('',(#11305),#11316,.F.);
#11305 = FACE_BOUND('',#11306,.F.);
#11306 = EDGE_LOOP('',(#11307,#11308,#11314,#11315));
#11307 = ORIENTED_EDGE('',*,*,#5414,.T.);
#11308 = ORIENTED_EDGE('',*,*,#11309,.T.);
#11309 = EDGE_CURVE('',#5417,#11222,#11310,.T.);
#11310 = LINE('',#11311,#11312);
#11311 = CARTESIAN_POINT('',(7.325,-25.4,-5.));
#11312 = VECTOR('',#11313,1.);
#11313 = DIRECTION('',(-1.,-0.,0.));
#11314 = ORIENTED_EDGE('',*,*,#11229,.F.);
#11315 = ORIENTED_EDGE('',*,*,#5445,.T.);
#11316 = PLANE('',#11317);
#11317 = AXIS2_PLACEMENT_3D('',#11318,#11319,#11320);
#11318 = CARTESIAN_POINT('',(6.979261760389E-16,1.468198358131E-16,-5.)
  );
#11319 = DIRECTION('',(0.,0.,1.));
#11320 = DIRECTION('',(1.,0.,-0.));
#11321 = ADVANCED_FACE('',(#11322),#11328,.T.);
#11322 = FACE_BOUND('',#11323,.T.);
#11323 = EDGE_LOOP('',(#11324,#11325,#11326,#11327));
#11324 = ORIENTED_EDGE('',*,*,#5816,.F.);
#11325 = ORIENTED_EDGE('',*,*,#5744,.T.);
#11326 = ORIENTED_EDGE('',*,*,#5768,.T.);
#11327 = ORIENTED_EDGE('',*,*,#5792,.F.);
#11328 = PLANE('',#11329);
#11329 = AXIS2_PLACEMENT_3D('',#11330,#11331,#11332);
#11330 = CARTESIAN_POINT('',(-23.6,-14.5,-4.));
#11331 = DIRECTION('',(0.,0.,1.));
#11332 = DIRECTION('',(1.,0.,-0.));
#11333 = ADVANCED_FACE('',(#11334),#11340,.T.);
#11334 = FACE_BOUND('',#11335,.T.);
#11335 = EDGE_LOOP('',(#11336,#11337,#11338,#11339));
#11336 = ORIENTED_EDGE('',*,*,#9088,.F.);
#11337 = ORIENTED_EDGE('',*,*,#9016,.T.);
#11338 = ORIENTED_EDGE('',*,*,#9040,.T.);
#11339 = ORIENTED_EDGE('',*,*,#9064,.F.);
#11340 = PLANE('',#11341);
#11341 = AXIS2_PLACEMENT_3D('',#11342,#11343,#11344);
#11342 = CARTESIAN_POINT('',(18.4,-14.5,-4.));
#11343 = DIRECTION('',(0.,0.,1.));
#11344 = DIRECTION('',(1.,0.,-0.));
#11345 = ADVANCED_FACE('',(#11346),#11362,.T.);
#11346 = FACE_BOUND('',#11347,.T.);
#11347 = EDGE_LOOP('',(#11348,#11354,#11355,#11361));
#11348 = ORIENTED_EDGE('',*,*,#11349,.F.);
#11349 = EDGE_CURVE('',#9113,#10663,#11350,.T.);
#11350 = LINE('',#11351,#11352);
#11351 = CARTESIAN_POINT('',(17.7625,10.4,-5.));
#11352 = VECTOR('',#11353,1.);
#11353 = DIRECTION('',(1.,0.,-0.));
#11354 = ORIENTED_EDGE('',*,*,#9112,.F.);
#11355 = ORIENTED_EDGE('',*,*,#11356,.T.);
#11356 = EDGE_CURVE('',#9105,#10661,#11357,.T.);
#11357 = LINE('',#11358,#11359);
#11358 = CARTESIAN_POINT('',(17.7625,-10.4,-5.));
#11359 = VECTOR('',#11360,1.);
#11360 = DIRECTION('',(1.,0.,-0.));
#11361 = ORIENTED_EDGE('',*,*,#10660,.T.);
#11362 = PLANE('',#11363);
#11363 = AXIS2_PLACEMENT_3D('',#11364,#11365,#11366);
#11364 = CARTESIAN_POINT('',(17.7625,-10.4,-5.));
#11365 = DIRECTION('',(0.,0.,1.));
#11366 = DIRECTION('',(1.,0.,-0.));
#11367 = ADVANCED_FACE('',(#11368),#11374,.T.);
#11368 = FACE_BOUND('',#11369,.T.);
#11369 = EDGE_LOOP('',(#11370,#11371,#11372,#11373));
#11370 = ORIENTED_EDGE('',*,*,#9487,.F.);
#11371 = ORIENTED_EDGE('',*,*,#9415,.T.);
#11372 = ORIENTED_EDGE('',*,*,#9439,.T.);
#11373 = ORIENTED_EDGE('',*,*,#9463,.F.);
#11374 = PLANE('',#11375);
#11375 = AXIS2_PLACEMENT_3D('',#11376,#11377,#11378);
#11376 = CARTESIAN_POINT('',(18.4,11.3,-4.));
#11377 = DIRECTION('',(0.,0.,1.));
#11378 = DIRECTION('',(1.,0.,-0.));
#11379 = ADVANCED_FACE('',(#11380),#11416,.F.);
#11380 = FACE_BOUND('',#11381,.T.);
#11381 = EDGE_LOOP('',(#11382,#11390,#11391,#11392,#11399,#11400,#11401,
    #11409));
#11382 = ORIENTED_EDGE('',*,*,#11383,.F.);
#11383 = EDGE_CURVE('',#11055,#11384,#11386,.T.);
#11384 = VERTEX_POINT('',#11385);
#11385 = CARTESIAN_POINT('',(13.675,-16.5,-12.5));
#11386 = LINE('',#11387,#11388);
#11387 = CARTESIAN_POINT('',(13.675,-16.5,-18.8));
#11388 = VECTOR('',#11389,1.);
#11389 = DIRECTION('',(0.,0.,1.));
#11390 = ORIENTED_EDGE('',*,*,#11054,.T.);
#11391 = ORIENTED_EDGE('',*,*,#11180,.T.);
#11392 = ORIENTED_EDGE('',*,*,#11393,.F.);
#11393 = EDGE_CURVE('',#10844,#11173,#11394,.T.);
#11394 = CIRCLE('',#11395,7.15);
#11395 = AXIS2_PLACEMENT_3D('',#11396,#11397,#11398);
#11396 = CARTESIAN_POINT('',(6.525,-16.5,-12.5));
#11397 = DIRECTION('',(-0.,0.,-1.));
#11398 = DIRECTION('',(-7.453245480001E-16,-1.,0.));
#11399 = ORIENTED_EDGE('',*,*,#10843,.T.);
#11400 = ORIENTED_EDGE('',*,*,#10826,.F.);
#11401 = ORIENTED_EDGE('',*,*,#11402,.F.);
#11402 = EDGE_CURVE('',#11403,#10819,#11405,.T.);
#11403 = VERTEX_POINT('',#11404);
#11404 = CARTESIAN_POINT('',(13.604724570914,-17.5,-12.5));
#11405 = LINE('',#11406,#11407);
#11406 = CARTESIAN_POINT('',(13.604724570914,-17.5,-16.8));
#11407 = VECTOR('',#11408,1.);
#11408 = DIRECTION('',(-0.,-0.,-1.));
#11409 = ORIENTED_EDGE('',*,*,#11410,.F.);
#11410 = EDGE_CURVE('',#11384,#11403,#11411,.T.);
#11411 = CIRCLE('',#11412,7.15);
#11412 = AXIS2_PLACEMENT_3D('',#11413,#11414,#11415);
#11413 = CARTESIAN_POINT('',(6.525,-16.5,-12.5));
#11414 = DIRECTION('',(-0.,0.,-1.));
#11415 = DIRECTION('',(-7.453245480001E-16,-1.,0.));
#11416 = CYLINDRICAL_SURFACE('',#11417,7.15);
#11417 = AXIS2_PLACEMENT_3D('',#11418,#11419,#11420);
#11418 = CARTESIAN_POINT('',(6.525,-16.5,-18.8));
#11419 = DIRECTION('',(-0.,-0.,-1.));
#11420 = DIRECTION('',(-7.453245480001E-16,-1.,0.));
#11421 = ADVANCED_FACE('',(#11422),#11433,.T.);
#11422 = FACE_BOUND('',#11423,.T.);
#11423 = EDGE_LOOP('',(#11424,#11425,#11426,#11432));
#11424 = ORIENTED_EDGE('',*,*,#11063,.F.);
#11425 = ORIENTED_EDGE('',*,*,#11383,.T.);
#11426 = ORIENTED_EDGE('',*,*,#11427,.F.);
#11427 = EDGE_CURVE('',#10990,#11384,#11428,.T.);
#11428 = LINE('',#11429,#11430);
#11429 = CARTESIAN_POINT('',(13.675,-8.25,-12.5));
#11430 = VECTOR('',#11431,1.);
#11431 = DIRECTION('',(0.,-1.,0.));
#11432 = ORIENTED_EDGE('',*,*,#10989,.F.);
#11433 = PLANE('',#11434);
#11434 = AXIS2_PLACEMENT_3D('',#11435,#11436,#11437);
#11435 = CARTESIAN_POINT('',(13.675,-16.5,-18.8));
#11436 = DIRECTION('',(-1.,0.,0.));
#11437 = DIRECTION('',(0.,1.,0.));
#11438 = ADVANCED_FACE('',(#11439),#11458,.T.);
#11439 = FACE_BOUND('',#11440,.T.);
#11440 = EDGE_LOOP('',(#11441,#11442,#11443,#11452));
#11441 = ORIENTED_EDGE('',*,*,#9720,.T.);
#11442 = ORIENTED_EDGE('',*,*,#9669,.T.);
#11443 = ORIENTED_EDGE('',*,*,#11444,.F.);
#11444 = EDGE_CURVE('',#11445,#9662,#11447,.T.);
#11445 = VERTEX_POINT('',#11446);
#11446 = CARTESIAN_POINT('',(12.243559577416,3.,-17.79));
#11447 = CIRCLE('',#11448,2.3);
#11448 = AXIS2_PLACEMENT_3D('',#11449,#11450,#11451);
#11449 = CARTESIAN_POINT('',(10.5,1.5,-17.79));
#11450 = DIRECTION('',(0.,0.,1.));
#11451 = DIRECTION('',(1.,0.,-0.));
#11452 = ORIENTED_EDGE('',*,*,#11453,.T.);
#11453 = EDGE_CURVE('',#11445,#9697,#11454,.T.);
#11454 = LINE('',#11455,#11456);
#11455 = CARTESIAN_POINT('',(11.85,3.,-17.79));
#11456 = VECTOR('',#11457,1.);
#11457 = DIRECTION('',(1.,0.,-0.));
#11458 = PLANE('',#11459);
#11459 = AXIS2_PLACEMENT_3D('',#11460,#11461,#11462);
#11460 = CARTESIAN_POINT('',(13.2,4.,-17.79));
#11461 = DIRECTION('',(0.,0.,1.));
#11462 = DIRECTION('',(1.,0.,-0.));
#11463 = ADVANCED_FACE('',(#11464),#11483,.T.);
#11464 = FACE_BOUND('',#11465,.T.);
#11465 = EDGE_LOOP('',(#11466,#11467,#11473,#11474,#11475,#11482));
#11466 = ORIENTED_EDGE('',*,*,#11094,.F.);
#11467 = ORIENTED_EDGE('',*,*,#11468,.F.);
#11468 = EDGE_CURVE('',#11445,#11087,#11469,.T.);
#11469 = LINE('',#11470,#11471);
#11470 = CARTESIAN_POINT('',(12.243559577416,3.,-20.6));
#11471 = VECTOR('',#11472,1.);
#11472 = DIRECTION('',(0.,0.,1.));
#11473 = ORIENTED_EDGE('',*,*,#11444,.T.);
#11474 = ORIENTED_EDGE('',*,*,#9661,.F.);
#11475 = ORIENTED_EDGE('',*,*,#11476,.T.);
#11476 = EDGE_CURVE('',#9653,#10553,#11477,.T.);
#11477 = CIRCLE('',#11478,2.3);
#11478 = AXIS2_PLACEMENT_3D('',#11479,#11480,#11481);
#11479 = CARTESIAN_POINT('',(10.5,1.5,-20.6));
#11480 = DIRECTION('',(0.,0.,1.));
#11481 = DIRECTION('',(1.,0.,-0.));
#11482 = ORIENTED_EDGE('',*,*,#10562,.T.);
#11483 = CYLINDRICAL_SURFACE('',#11484,2.3);
#11484 = AXIS2_PLACEMENT_3D('',#11485,#11486,#11487);
#11485 = CARTESIAN_POINT('',(10.5,1.5,-20.6));
#11486 = DIRECTION('',(0.,0.,1.));
#11487 = DIRECTION('',(1.,0.,-0.));
#11488 = ADVANCED_FACE('',(#11489),#11497,.T.);
#11489 = FACE_BOUND('',#11490,.T.);
#11490 = EDGE_LOOP('',(#11491,#11492,#11493,#11494,#11495,#11496));
#11491 = ORIENTED_EDGE('',*,*,#11476,.F.);
#11492 = ORIENTED_EDGE('',*,*,#9652,.T.);
#11493 = ORIENTED_EDGE('',*,*,#9643,.T.);
#11494 = ORIENTED_EDGE('',*,*,#9634,.T.);
#11495 = ORIENTED_EDGE('',*,*,#10593,.F.);
#11496 = ORIENTED_EDGE('',*,*,#10552,.F.);
#11497 = PLANE('',#11498);
#11498 = AXIS2_PLACEMENT_3D('',#11499,#11500,#11501);
#11499 = CARTESIAN_POINT('',(11.18672390233,1.459947155251,-20.6));
#11500 = DIRECTION('',(-0.,-0.,-1.));
#11501 = DIRECTION('',(-1.,0.,0.));
#11502 = ADVANCED_FACE('',(#11503),#11506,.F.);
#11503 = FACE_BOUND('',#11504,.T.);
#11504 = EDGE_LOOP('',(#11505));
#11505 = ORIENTED_EDGE('',*,*,#9616,.F.);
#11506 = PLANE('',#11507);
#11507 = AXIS2_PLACEMENT_3D('',#11508,#11509,#11510);
#11508 = CARTESIAN_POINT('',(13.2,4.,-25.5));
#11509 = DIRECTION('',(0.,0.,1.));
#11510 = DIRECTION('',(1.,0.,-0.));
#11511 = ADVANCED_FACE('',(#11512),#11518,.T.);
#11512 = FACE_BOUND('',#11513,.T.);
#11513 = EDGE_LOOP('',(#11514,#11515,#11516,#11517));
#11514 = ORIENTED_EDGE('',*,*,#11453,.F.);
#11515 = ORIENTED_EDGE('',*,*,#11468,.T.);
#11516 = ORIENTED_EDGE('',*,*,#11086,.T.);
#11517 = ORIENTED_EDGE('',*,*,#9694,.T.);
#11518 = PLANE('',#11519);
#11519 = AXIS2_PLACEMENT_3D('',#11520,#11521,#11522);
#11520 = CARTESIAN_POINT('',(10.5,3.,-20.6));
#11521 = DIRECTION('',(-0.,1.,0.));
#11522 = DIRECTION('',(0.,0.,1.));
#11523 = ADVANCED_FACE('',(#11524),#11528,.T.);
#11524 = FACE_BOUND('',#11525,.T.);
#11525 = EDGE_LOOP('',(#11526,#11527));
#11526 = ORIENTED_EDGE('',*,*,#9751,.F.);
#11527 = ORIENTED_EDGE('',*,*,#9804,.T.);
#11528 = PLANE('',#11529);
#11529 = AXIS2_PLACEMENT_3D('',#11530,#11531,#11532);
#11530 = CARTESIAN_POINT('',(13.2,20.,-17.79));
#11531 = DIRECTION('',(0.,0.,1.));
#11532 = DIRECTION('',(1.,0.,-0.));
#11533 = ADVANCED_FACE('',(#11534),#11537,.F.);
#11534 = FACE_BOUND('',#11535,.T.);
#11535 = EDGE_LOOP('',(#11536));
#11536 = ORIENTED_EDGE('',*,*,#9792,.F.);
#11537 = PLANE('',#11538);
#11538 = AXIS2_PLACEMENT_3D('',#11539,#11540,#11541);
#11539 = CARTESIAN_POINT('',(13.2,20.,-25.5));
#11540 = DIRECTION('',(0.,0.,1.));
#11541 = DIRECTION('',(1.,0.,-0.));
#11542 = ADVANCED_FACE('',(#11543),#11547,.T.);
#11543 = FACE_BOUND('',#11544,.T.);
#11544 = EDGE_LOOP('',(#11545,#11546));
#11545 = ORIENTED_EDGE('',*,*,#9896,.T.);
#11546 = ORIENTED_EDGE('',*,*,#9863,.F.);
#11547 = PLANE('',#11548);
#11548 = AXIS2_PLACEMENT_3D('',#11549,#11550,#11551);
#11549 = CARTESIAN_POINT('',(-13.2,20.,-17.79));
#11550 = DIRECTION('',(0.,0.,1.));
#11551 = DIRECTION('',(1.,0.,-0.));
#11552 = ADVANCED_FACE('',(#11553),#11556,.F.);
#11553 = FACE_BOUND('',#11554,.T.);
#11554 = EDGE_LOOP('',(#11555));
#11555 = ORIENTED_EDGE('',*,*,#9917,.F.);
#11556 = PLANE('',#11557);
#11557 = AXIS2_PLACEMENT_3D('',#11558,#11559,#11560);
#11558 = CARTESIAN_POINT('',(-13.2,20.,-25.5));
#11559 = DIRECTION('',(0.,0.,1.));
#11560 = DIRECTION('',(1.,0.,-0.));
#11561 = ADVANCED_FACE('',(#11562),#11582,.T.);
#11562 = FACE_BOUND('',#11563,.T.);
#11563 = EDGE_LOOP('',(#11564,#11565,#11566,#11567,#11575));
#11564 = ORIENTED_EDGE('',*,*,#9984,.T.);
#11565 = ORIENTED_EDGE('',*,*,#10039,.T.);
#11566 = ORIENTED_EDGE('',*,*,#9950,.T.);
#11567 = ORIENTED_EDGE('',*,*,#11568,.T.);
#11568 = EDGE_CURVE('',#9943,#11569,#11571,.T.);
#11569 = VERTEX_POINT('',#11570);
#11570 = CARTESIAN_POINT('',(-12.24355957741,3.,-17.79));
#11571 = LINE('',#11572,#11573);
#11572 = CARTESIAN_POINT('',(-13.4375,3.,-17.79));
#11573 = VECTOR('',#11574,1.);
#11574 = DIRECTION('',(1.,0.,-0.));
#11575 = ORIENTED_EDGE('',*,*,#11576,.F.);
#11576 = EDGE_CURVE('',#9985,#11569,#11577,.T.);
#11577 = CIRCLE('',#11578,2.3);
#11578 = AXIS2_PLACEMENT_3D('',#11579,#11580,#11581);
#11579 = CARTESIAN_POINT('',(-10.5,1.5,-17.79));
#11580 = DIRECTION('',(0.,0.,1.));
#11581 = DIRECTION('',(1.,0.,-0.));
#11582 = PLANE('',#11583);
#11583 = AXIS2_PLACEMENT_3D('',#11584,#11585,#11586);
#11584 = CARTESIAN_POINT('',(-13.2,4.,-17.79));
#11585 = DIRECTION('',(0.,0.,1.));
#11586 = DIRECTION('',(1.,0.,-0.));
#11587 = ADVANCED_FACE('',(#11588),#11599,.T.);
#11588 = FACE_BOUND('',#11589,.T.);
#11589 = EDGE_LOOP('',(#11590,#11596,#11597,#11598));
#11590 = ORIENTED_EDGE('',*,*,#11591,.F.);
#11591 = EDGE_CURVE('',#11569,#11127,#11592,.T.);
#11592 = LINE('',#11593,#11594);
#11593 = CARTESIAN_POINT('',(-12.24355957741,3.,-20.6));
#11594 = VECTOR('',#11595,1.);
#11595 = DIRECTION('',(0.,0.,1.));
#11596 = ORIENTED_EDGE('',*,*,#11568,.F.);
#11597 = ORIENTED_EDGE('',*,*,#9942,.T.);
#11598 = ORIENTED_EDGE('',*,*,#11135,.T.);
#11599 = PLANE('',#11600);
#11600 = AXIS2_PLACEMENT_3D('',#11601,#11602,#11603);
#11601 = CARTESIAN_POINT('',(-13.675,3.,-20.6));
#11602 = DIRECTION('',(-0.,1.,0.));
#11603 = DIRECTION('',(0.,0.,1.));
#11604 = ADVANCED_FACE('',(#11605),#11608,.F.);
#11605 = FACE_BOUND('',#11606,.T.);
#11606 = EDGE_LOOP('',(#11607));
#11607 = ORIENTED_EDGE('',*,*,#10047,.F.);
#11608 = PLANE('',#11609);
#11609 = AXIS2_PLACEMENT_3D('',#11610,#11611,#11612);
#11610 = CARTESIAN_POINT('',(-13.2,4.,-25.5));
#11611 = DIRECTION('',(0.,0.,1.));
#11612 = DIRECTION('',(1.,0.,-0.));
#11613 = ADVANCED_FACE('',(#11614),#11637,.T.);
#11614 = FACE_BOUND('',#11615,.T.);
#11615 = EDGE_LOOP('',(#11616,#11617,#11618,#11619,#11620,#11629,#11636)
  );
#11616 = ORIENTED_EDGE('',*,*,#10070,.T.);
#11617 = ORIENTED_EDGE('',*,*,#10019,.T.);
#11618 = ORIENTED_EDGE('',*,*,#10010,.T.);
#11619 = ORIENTED_EDGE('',*,*,#10001,.T.);
#11620 = ORIENTED_EDGE('',*,*,#11621,.F.);
#11621 = EDGE_CURVE('',#11622,#9994,#11624,.T.);
#11622 = VERTEX_POINT('',#11623);
#11623 = CARTESIAN_POINT('',(-8.2,1.5,-20.6));
#11624 = CIRCLE('',#11625,2.3);
#11625 = AXIS2_PLACEMENT_3D('',#11626,#11627,#11628);
#11626 = CARTESIAN_POINT('',(-10.5,1.5,-20.6));
#11627 = DIRECTION('',(0.,0.,1.));
#11628 = DIRECTION('',(1.,0.,-0.));
#11629 = ORIENTED_EDGE('',*,*,#11630,.F.);
#11630 = EDGE_CURVE('',#10087,#11622,#11631,.T.);
#11631 = CIRCLE('',#11632,2.3);
#11632 = AXIS2_PLACEMENT_3D('',#11633,#11634,#11635);
#11633 = CARTESIAN_POINT('',(-10.5,1.5,-20.6));
#11634 = DIRECTION('',(0.,0.,1.));
#11635 = DIRECTION('',(1.,0.,-0.));
#11636 = ORIENTED_EDGE('',*,*,#10086,.F.);
#11637 = PLANE('',#11638);
#11638 = AXIS2_PLACEMENT_3D('',#11639,#11640,#11641);
#11639 = CARTESIAN_POINT('',(-11.05710939944,1.458018257218,-20.6));
#11640 = DIRECTION('',(-0.,-0.,-1.));
#11641 = DIRECTION('',(-1.,0.,0.));
#11642 = ADVANCED_FACE('',(#11643),#11653,.T.);
#11643 = FACE_BOUND('',#11644,.T.);
#11644 = EDGE_LOOP('',(#11645,#11646,#11647,#11648,#11649,#11650,#11651,
    #11652));
#11645 = ORIENTED_EDGE('',*,*,#11117,.F.);
#11646 = ORIENTED_EDGE('',*,*,#10112,.F.);
#11647 = ORIENTED_EDGE('',*,*,#11630,.T.);
#11648 = ORIENTED_EDGE('',*,*,#11621,.T.);
#11649 = ORIENTED_EDGE('',*,*,#9993,.T.);
#11650 = ORIENTED_EDGE('',*,*,#11576,.T.);
#11651 = ORIENTED_EDGE('',*,*,#11591,.T.);
#11652 = ORIENTED_EDGE('',*,*,#11126,.F.);
#11653 = CYLINDRICAL_SURFACE('',#11654,2.3);
#11654 = AXIS2_PLACEMENT_3D('',#11655,#11656,#11657);
#11655 = CARTESIAN_POINT('',(-10.5,1.5,-20.6));
#11656 = DIRECTION('',(0.,0.,1.));
#11657 = DIRECTION('',(1.,0.,-0.));
#11658 = ADVANCED_FACE('',(#11659),#11676,.T.);
#11659 = FACE_BOUND('',#11660,.T.);
#11660 = EDGE_LOOP('',(#11661,#11667,#11668,#11669,#11675));
#11661 = ORIENTED_EDGE('',*,*,#11662,.F.);
#11662 = EDGE_CURVE('',#10219,#10462,#11663,.T.);
#11663 = LINE('',#11664,#11665);
#11664 = CARTESIAN_POINT('',(-11.5,-7.4,-24.));
#11665 = VECTOR('',#11666,1.);
#11666 = DIRECTION('',(1.,0.,-0.));
#11667 = ORIENTED_EDGE('',*,*,#10218,.F.);
#11668 = ORIENTED_EDGE('',*,*,#10174,.F.);
#11669 = ORIENTED_EDGE('',*,*,#11670,.T.);
#11670 = EDGE_CURVE('',#10175,#10470,#11671,.T.);
#11671 = LINE('',#11672,#11673);
#11672 = CARTESIAN_POINT('',(-11.5,-8.4,-24.));
#11673 = VECTOR('',#11674,1.);
#11674 = DIRECTION('',(1.,0.,-0.));
#11675 = ORIENTED_EDGE('',*,*,#10469,.F.);
#11676 = PLANE('',#11677);
#11677 = AXIS2_PLACEMENT_3D('',#11678,#11679,#11680);
#11678 = CARTESIAN_POINT('',(-11.5,-8.4,-24.));
#11679 = DIRECTION('',(0.,0.,1.));
#11680 = DIRECTION('',(1.,0.,-0.));
#11681 = ADVANCED_FACE('',(#11682),#11693,.F.);
#11682 = FACE_BOUND('',#11683,.F.);
#11683 = EDGE_LOOP('',(#11684,#11690,#11691,#11692));
#11684 = ORIENTED_EDGE('',*,*,#11685,.F.);
#11685 = EDGE_CURVE('',#10236,#10479,#11686,.T.);
#11686 = LINE('',#11687,#11688);
#11687 = CARTESIAN_POINT('',(-11.5,-8.4,-25.2));
#11688 = VECTOR('',#11689,1.);
#11689 = DIRECTION('',(1.,0.,-0.));
#11690 = ORIENTED_EDGE('',*,*,#10244,.T.);
#11691 = ORIENTED_EDGE('',*,*,#11670,.T.);
#11692 = ORIENTED_EDGE('',*,*,#10478,.F.);
#11693 = PLANE('',#11694);
#11694 = AXIS2_PLACEMENT_3D('',#11695,#11696,#11697);
#11695 = CARTESIAN_POINT('',(-11.5,-8.4,-25.2));
#11696 = DIRECTION('',(-0.,1.,0.));
#11697 = DIRECTION('',(0.,0.,1.));
#11698 = ADVANCED_FACE('',(#11699),#11711,.T.);
#11699 = FACE_BOUND('',#11700,.T.);
#11700 = EDGE_LOOP('',(#11701,#11702,#11703,#11704,#11710));
#11701 = ORIENTED_EDGE('',*,*,#10486,.F.);
#11702 = ORIENTED_EDGE('',*,*,#11685,.F.);
#11703 = ORIENTED_EDGE('',*,*,#10235,.F.);
#11704 = ORIENTED_EDGE('',*,*,#11705,.T.);
#11705 = EDGE_CURVE('',#10228,#10453,#11706,.T.);
#11706 = LINE('',#11707,#11708);
#11707 = CARTESIAN_POINT('',(-11.5,-7.4,-25.2));
#11708 = VECTOR('',#11709,1.);
#11709 = DIRECTION('',(1.,0.,-0.));
#11710 = ORIENTED_EDGE('',*,*,#10452,.F.);
#11711 = PLANE('',#11712);
#11712 = AXIS2_PLACEMENT_3D('',#11713,#11714,#11715);
#11713 = CARTESIAN_POINT('',(0.140530296489,-7.9,-25.2));
#11714 = DIRECTION('',(-0.,-0.,-1.));
#11715 = DIRECTION('',(-1.,0.,0.));
#11716 = ADVANCED_FACE('',(#11717),#11723,.T.);
#11717 = FACE_BOUND('',#11718,.T.);
#11718 = EDGE_LOOP('',(#11719,#11720,#11721,#11722));
#11719 = ORIENTED_EDGE('',*,*,#11705,.F.);
#11720 = ORIENTED_EDGE('',*,*,#10227,.T.);
#11721 = ORIENTED_EDGE('',*,*,#11662,.T.);
#11722 = ORIENTED_EDGE('',*,*,#10461,.F.);
#11723 = PLANE('',#11724);
#11724 = AXIS2_PLACEMENT_3D('',#11725,#11726,#11727);
#11725 = CARTESIAN_POINT('',(-11.5,-7.4,-25.2));
#11726 = DIRECTION('',(-0.,1.,0.));
#11727 = DIRECTION('',(0.,0.,1.));
#11728 = ADVANCED_FACE('',(#11729),#11765,.F.);
#11729 = FACE_BOUND('',#11730,.T.);
#11730 = EDGE_LOOP('',(#11731,#11732,#11733,#11741,#11750,#11756,#11757,
    #11758));
#11731 = ORIENTED_EDGE('',*,*,#11164,.F.);
#11732 = ORIENTED_EDGE('',*,*,#11037,.T.);
#11733 = ORIENTED_EDGE('',*,*,#11734,.T.);
#11734 = EDGE_CURVE('',#11030,#11735,#11737,.T.);
#11735 = VERTEX_POINT('',#11736);
#11736 = CARTESIAN_POINT('',(-13.675,-16.5,-12.5));
#11737 = LINE('',#11738,#11739);
#11738 = CARTESIAN_POINT('',(-13.675,-16.5,-18.8));
#11739 = VECTOR('',#11740,1.);
#11740 = DIRECTION('',(0.,0.,1.));
#11741 = ORIENTED_EDGE('',*,*,#11742,.F.);
#11742 = EDGE_CURVE('',#11743,#11735,#11745,.T.);
#11743 = VERTEX_POINT('',#11744);
#11744 = CARTESIAN_POINT('',(-13.60472457091,-17.5,-12.5));
#11745 = CIRCLE('',#11746,7.15);
#11746 = AXIS2_PLACEMENT_3D('',#11747,#11748,#11749);
#11747 = CARTESIAN_POINT('',(-6.525,-16.5,-12.5));
#11748 = DIRECTION('',(-0.,0.,-1.));
#11749 = DIRECTION('',(-1.,9.937660640001E-16,0.));
#11750 = ORIENTED_EDGE('',*,*,#11751,.T.);
#11751 = EDGE_CURVE('',#11743,#10774,#11752,.T.);
#11752 = LINE('',#11753,#11754);
#11753 = CARTESIAN_POINT('',(-13.60472457091,-17.5,-16.8));
#11754 = VECTOR('',#11755,1.);
#11755 = DIRECTION('',(-0.,-0.,-1.));
#11756 = ORIENTED_EDGE('',*,*,#10792,.F.);
#11757 = ORIENTED_EDGE('',*,*,#10867,.F.);
#11758 = ORIENTED_EDGE('',*,*,#11759,.F.);
#11759 = EDGE_CURVE('',#11165,#10868,#11760,.T.);
#11760 = CIRCLE('',#11761,7.15);
#11761 = AXIS2_PLACEMENT_3D('',#11762,#11763,#11764);
#11762 = CARTESIAN_POINT('',(-6.525,-16.5,-12.5));
#11763 = DIRECTION('',(-0.,0.,-1.));
#11764 = DIRECTION('',(-1.,9.937660640001E-16,0.));
#11765 = CYLINDRICAL_SURFACE('',#11766,7.15);
#11766 = AXIS2_PLACEMENT_3D('',#11767,#11768,#11769);
#11767 = CARTESIAN_POINT('',(-6.525,-16.5,-18.8));
#11768 = DIRECTION('',(-0.,-0.,-1.));
#11769 = DIRECTION('',(-1.,9.937660640001E-16,0.));
#11770 = ADVANCED_FACE('',(#11771),#11782,.T.);
#11771 = FACE_BOUND('',#11772,.T.);
#11772 = EDGE_LOOP('',(#11773,#11774,#11775,#11776));
#11773 = ORIENTED_EDGE('',*,*,#11734,.F.);
#11774 = ORIENTED_EDGE('',*,*,#11029,.F.);
#11775 = ORIENTED_EDGE('',*,*,#10889,.T.);
#11776 = ORIENTED_EDGE('',*,*,#11777,.F.);
#11777 = EDGE_CURVE('',#11735,#10892,#11778,.T.);
#11778 = LINE('',#11779,#11780);
#11779 = CARTESIAN_POINT('',(-13.675,8.25,-12.5));
#11780 = VECTOR('',#11781,1.);
#11781 = DIRECTION('',(-0.,1.,0.));
#11782 = PLANE('',#11783);
#11783 = AXIS2_PLACEMENT_3D('',#11784,#11785,#11786);
#11784 = CARTESIAN_POINT('',(-13.675,16.5,-18.8));
#11785 = DIRECTION('',(1.,0.,-0.));
#11786 = DIRECTION('',(0.,-1.,0.));
#11787 = ADVANCED_FACE('',(#11788),#11807,.F.);
#11788 = FACE_BOUND('',#11789,.F.);
#11789 = EDGE_LOOP('',(#11790,#11791,#11799,#11806));
#11790 = ORIENTED_EDGE('',*,*,#11074,.F.);
#11791 = ORIENTED_EDGE('',*,*,#11792,.F.);
#11792 = EDGE_CURVE('',#11793,#11075,#11795,.T.);
#11793 = VERTEX_POINT('',#11794);
#11794 = CARTESIAN_POINT('',(-9.65,1.5,-19.8));
#11795 = LINE('',#11796,#11797);
#11796 = CARTESIAN_POINT('',(-9.65,1.5,-19.8));
#11797 = VECTOR('',#11798,1.);
#11798 = DIRECTION('',(0.,0.,1.));
#11799 = ORIENTED_EDGE('',*,*,#11800,.T.);
#11800 = EDGE_CURVE('',#11793,#11793,#11801,.T.);
#11801 = CIRCLE('',#11802,0.85);
#11802 = AXIS2_PLACEMENT_3D('',#11803,#11804,#11805);
#11803 = CARTESIAN_POINT('',(-10.5,1.5,-19.8));
#11804 = DIRECTION('',(0.,0.,1.));
#11805 = DIRECTION('',(1.,0.,-0.));
#11806 = ORIENTED_EDGE('',*,*,#11792,.T.);
#11807 = CYLINDRICAL_SURFACE('',#11808,0.85);
#11808 = AXIS2_PLACEMENT_3D('',#11809,#11810,#11811);
#11809 = CARTESIAN_POINT('',(-10.5,1.5,-19.8));
#11810 = DIRECTION('',(0.,0.,1.));
#11811 = DIRECTION('',(1.,0.,-0.));
#11812 = ADVANCED_FACE('',(#11813),#11832,.F.);
#11813 = FACE_BOUND('',#11814,.F.);
#11814 = EDGE_LOOP('',(#11815,#11816,#11824,#11831));
#11815 = ORIENTED_EDGE('',*,*,#11147,.F.);
#11816 = ORIENTED_EDGE('',*,*,#11817,.F.);
#11817 = EDGE_CURVE('',#11818,#11148,#11820,.T.);
#11818 = VERTEX_POINT('',#11819);
#11819 = CARTESIAN_POINT('',(11.35,1.5,-19.8));
#11820 = LINE('',#11821,#11822);
#11821 = CARTESIAN_POINT('',(11.35,1.5,-19.8));
#11822 = VECTOR('',#11823,1.);
#11823 = DIRECTION('',(0.,0.,1.));
#11824 = ORIENTED_EDGE('',*,*,#11825,.T.);
#11825 = EDGE_CURVE('',#11818,#11818,#11826,.T.);
#11826 = CIRCLE('',#11827,0.85);
#11827 = AXIS2_PLACEMENT_3D('',#11828,#11829,#11830);
#11828 = CARTESIAN_POINT('',(10.5,1.5,-19.8));
#11829 = DIRECTION('',(0.,0.,1.));
#11830 = DIRECTION('',(1.,0.,-0.));
#11831 = ORIENTED_EDGE('',*,*,#11817,.T.);
#11832 = CYLINDRICAL_SURFACE('',#11833,0.85);
#11833 = AXIS2_PLACEMENT_3D('',#11834,#11835,#11836);
#11834 = CARTESIAN_POINT('',(10.5,1.5,-19.8));
#11835 = DIRECTION('',(0.,0.,1.));
#11836 = DIRECTION('',(1.,0.,-0.));
#11837 = ADVANCED_FACE('',(#11838),#11841,.T.);
#11838 = FACE_BOUND('',#11839,.F.);
#11839 = EDGE_LOOP('',(#11840));
#11840 = ORIENTED_EDGE('',*,*,#11800,.F.);
#11841 = PLANE('',#11842);
#11842 = AXIS2_PLACEMENT_3D('',#11843,#11844,#11845);
#11843 = CARTESIAN_POINT('',(-10.5,1.5,-19.8));
#11844 = DIRECTION('',(0.,0.,1.));
#11845 = DIRECTION('',(1.,0.,-0.));
#11846 = ADVANCED_FACE('',(#11847),#11850,.T.);
#11847 = FACE_BOUND('',#11848,.F.);
#11848 = EDGE_LOOP('',(#11849));
#11849 = ORIENTED_EDGE('',*,*,#11825,.F.);
#11850 = PLANE('',#11851);
#11851 = AXIS2_PLACEMENT_3D('',#11852,#11853,#11854);
#11852 = CARTESIAN_POINT('',(10.5,1.5,-19.8));
#11853 = DIRECTION('',(0.,0.,1.));
#11854 = DIRECTION('',(1.,0.,-0.));
#11855 = ADVANCED_FACE('',(#11856),#11875,.F.);
#11856 = FACE_BOUND('',#11857,.T.);
#11857 = EDGE_LOOP('',(#11858,#11867,#11873,#11874));
#11858 = ORIENTED_EDGE('',*,*,#11859,.T.);
#11859 = EDGE_CURVE('',#2545,#11860,#11862,.T.);
#11860 = VERTEX_POINT('',#11861);
#11861 = CARTESIAN_POINT('',(14.975,19.85,-9.));
#11862 = CIRCLE('',#11863,5.1);
#11863 = AXIS2_PLACEMENT_3D('',#11864,#11865,#11866);
#11864 = CARTESIAN_POINT('',(9.875,19.85,-9.));
#11865 = DIRECTION('',(0.,-0.,-1.));
#11866 = DIRECTION('',(1.,-6.96610525255E-16,0.));
#11867 = ORIENTED_EDGE('',*,*,#11868,.T.);
#11868 = EDGE_CURVE('',#11860,#1589,#11869,.T.);
#11869 = LINE('',#11870,#11871);
#11870 = CARTESIAN_POINT('',(14.975,19.85,-10.));
#11871 = VECTOR('',#11872,1.);
#11872 = DIRECTION('',(0.,0.,1.));
#11873 = ORIENTED_EDGE('',*,*,#1588,.F.);
#11874 = ORIENTED_EDGE('',*,*,#2552,.F.);
#11875 = CYLINDRICAL_SURFACE('',#11876,5.1);
#11876 = AXIS2_PLACEMENT_3D('',#11877,#11878,#11879);
#11877 = CARTESIAN_POINT('',(9.875,19.85,-10.));
#11878 = DIRECTION('',(-0.,-0.,-1.));
#11879 = DIRECTION('',(1.,-6.96610525255E-16,0.));
#11880 = ADVANCED_FACE('',(#11881),#11898,.T.);
#11881 = FACE_BOUND('',#11882,.T.);
#11882 = EDGE_LOOP('',(#11883,#11884,#11890,#11891,#11892,#11893,#11894,
    #11895,#11896,#11897));
#11883 = ORIENTED_EDGE('',*,*,#3984,.F.);
#11884 = ORIENTED_EDGE('',*,*,#11885,.T.);
#11885 = EDGE_CURVE('',#3977,#3879,#11886,.T.);
#11886 = LINE('',#11887,#11888);
#11887 = CARTESIAN_POINT('',(-24.5125,1.125,-9.));
#11888 = VECTOR('',#11889,1.);
#11889 = DIRECTION('',(-0.,1.,0.));
#11890 = ORIENTED_EDGE('',*,*,#3886,.T.);
#11891 = ORIENTED_EDGE('',*,*,#2015,.F.);
#11892 = ORIENTED_EDGE('',*,*,#3918,.F.);
#11893 = ORIENTED_EDGE('',*,*,#4100,.T.);
#11894 = ORIENTED_EDGE('',*,*,#4765,.T.);
#11895 = ORIENTED_EDGE('',*,*,#4723,.T.);
#11896 = ORIENTED_EDGE('',*,*,#9154,.T.);
#11897 = ORIENTED_EDGE('',*,*,#4557,.F.);
#11898 = PLANE('',#11899);
#11899 = AXIS2_PLACEMENT_3D('',#11900,#11901,#11902);
#11900 = CARTESIAN_POINT('',(-24.5125,7.441751888437,-5.594305636258));
#11901 = DIRECTION('',(1.,0.,0.));
#11902 = DIRECTION('',(-0.,0.,1.));
#11903 = ADVANCED_FACE('',(#11904),#11939,.T.);
#11904 = FACE_BOUND('',#11905,.T.);
#11905 = EDGE_LOOP('',(#11906,#11907,#11908,#11909,#11915,#11916,#11917,
    #11918,#11919,#11920,#11921,#11922,#11923,#11924,#11932,#11938));
#11906 = ORIENTED_EDGE('',*,*,#3252,.F.);
#11907 = ORIENTED_EDGE('',*,*,#1701,.F.);
#11908 = ORIENTED_EDGE('',*,*,#3521,.F.);
#11909 = ORIENTED_EDGE('',*,*,#11910,.T.);
#11910 = EDGE_CURVE('',#3522,#7212,#11911,.T.);
#11911 = LINE('',#11912,#11913);
#11912 = CARTESIAN_POINT('',(7.2375,-15.2,-9.));
#11913 = VECTOR('',#11914,1.);
#11914 = DIRECTION('',(-1.,-0.,0.));
#11915 = ORIENTED_EDGE('',*,*,#7211,.F.);
#11916 = ORIENTED_EDGE('',*,*,#7408,.F.);
#11917 = ORIENTED_EDGE('',*,*,#7424,.T.);
#11918 = ORIENTED_EDGE('',*,*,#10610,.F.);
#11919 = ORIENTED_EDGE('',*,*,#7343,.F.);
#11920 = ORIENTED_EDGE('',*,*,#7319,.F.);
#11921 = ORIENTED_EDGE('',*,*,#7304,.T.);
#11922 = ORIENTED_EDGE('',*,*,#6295,.F.);
#11923 = ORIENTED_EDGE('',*,*,#7265,.F.);
#11924 = ORIENTED_EDGE('',*,*,#11925,.T.);
#11925 = EDGE_CURVE('',#7266,#11926,#11928,.T.);
#11926 = VERTEX_POINT('',#11927);
#11927 = CARTESIAN_POINT('',(14.975,-15.2,-12.5));
#11928 = LINE('',#11929,#11930);
#11929 = CARTESIAN_POINT('',(9.142077966579,-15.2,-12.5));
#11930 = VECTOR('',#11931,1.);
#11931 = DIRECTION('',(1.,0.,0.));
#11932 = ORIENTED_EDGE('',*,*,#11933,.T.);
#11933 = EDGE_CURVE('',#11926,#3030,#11934,.T.);
#11934 = LINE('',#11935,#11936);
#11935 = CARTESIAN_POINT('',(14.975,-15.2,-13.70529402929));
#11936 = VECTOR('',#11937,1.);
#11937 = DIRECTION('',(0.,-0.,1.));
#11938 = ORIENTED_EDGE('',*,*,#3037,.F.);
#11939 = PLANE('',#11940);
#11940 = AXIS2_PLACEMENT_3D('',#11941,#11942,#11943);
#11941 = CARTESIAN_POINT('',(18.405399632211,-15.2,-14.98541850561));
#11942 = DIRECTION('',(0.,1.,0.));
#11943 = DIRECTION('',(0.,-0.,1.));
#11944 = ADVANCED_FACE('',(#11945),#12051,.T.);
#11945 = FACE_BOUND('',#11946,.T.);
#11946 = EDGE_LOOP('',(#11947,#11948,#11949,#11950,#11951,#11952,#11953,
    #11954,#11955,#11956,#11964,#11972,#11980,#11988,#11996,#12002,
    #12003,#12004,#12012,#12020,#12028,#12036,#12044,#12050));
#11947 = ORIENTED_EDGE('',*,*,#3342,.T.);
#11948 = ORIENTED_EDGE('',*,*,#3093,.T.);
#11949 = ORIENTED_EDGE('',*,*,#5248,.T.);
#11950 = ORIENTED_EDGE('',*,*,#4515,.F.);
#11951 = ORIENTED_EDGE('',*,*,#5263,.F.);
#11952 = ORIENTED_EDGE('',*,*,#2965,.T.);
#11953 = ORIENTED_EDGE('',*,*,#3449,.F.);
#11954 = ORIENTED_EDGE('',*,*,#1597,.F.);
#11955 = ORIENTED_EDGE('',*,*,#11868,.F.);
#11956 = ORIENTED_EDGE('',*,*,#11957,.T.);
#11957 = EDGE_CURVE('',#11860,#11958,#11960,.T.);
#11958 = VERTEX_POINT('',#11959);
#11959 = CARTESIAN_POINT('',(14.975,16.2,-9.));
#11960 = LINE('',#11961,#11962);
#11961 = CARTESIAN_POINT('',(14.975,-9.925,-9.));
#11962 = VECTOR('',#11963,1.);
#11963 = DIRECTION('',(0.,-1.,0.));
#11964 = ORIENTED_EDGE('',*,*,#11965,.F.);
#11965 = EDGE_CURVE('',#11966,#11958,#11968,.T.);
#11966 = VERTEX_POINT('',#11967);
#11967 = CARTESIAN_POINT('',(14.975,16.2,-12.49));
#11968 = LINE('',#11969,#11970);
#11969 = CARTESIAN_POINT('',(14.975,16.2,-24.92));
#11970 = VECTOR('',#11971,1.);
#11971 = DIRECTION('',(0.,0.,1.));
#11972 = ORIENTED_EDGE('',*,*,#11973,.F.);
#11973 = EDGE_CURVE('',#11974,#11966,#11976,.T.);
#11974 = VERTEX_POINT('',#11975);
#11975 = CARTESIAN_POINT('',(14.975,17.5,-12.49));
#11976 = LINE('',#11977,#11978);
#11977 = CARTESIAN_POINT('',(14.975,-1.726666666667,-12.49));
#11978 = VECTOR('',#11979,1.);
#11979 = DIRECTION('',(0.,-1.,0.));
#11980 = ORIENTED_EDGE('',*,*,#11981,.T.);
#11981 = EDGE_CURVE('',#11974,#11982,#11984,.T.);
#11982 = VERTEX_POINT('',#11983);
#11983 = CARTESIAN_POINT('',(14.975,17.5,-12.5));
#11984 = LINE('',#11985,#11986);
#11985 = CARTESIAN_POINT('',(14.975,17.5,-14.125));
#11986 = VECTOR('',#11987,1.);
#11987 = DIRECTION('',(0.,0.,-1.));
#11988 = ORIENTED_EDGE('',*,*,#11989,.F.);
#11989 = EDGE_CURVE('',#11990,#11982,#11992,.T.);
#11990 = VERTEX_POINT('',#11991);
#11991 = CARTESIAN_POINT('',(14.975,15.2,-12.5));
#11992 = LINE('',#11993,#11994);
#11993 = CARTESIAN_POINT('',(14.975,-19.85,-12.5));
#11994 = VECTOR('',#11995,1.);
#11995 = DIRECTION('',(0.,1.,0.));
#11996 = ORIENTED_EDGE('',*,*,#11997,.F.);
#11997 = EDGE_CURVE('',#3022,#11990,#11998,.T.);
#11998 = LINE('',#11999,#12000);
#11999 = CARTESIAN_POINT('',(14.975,15.2,-13.70529402929));
#12000 = VECTOR('',#12001,1.);
#12001 = DIRECTION('',(0.,0.,-1.));
#12002 = ORIENTED_EDGE('',*,*,#3029,.T.);
#12003 = ORIENTED_EDGE('',*,*,#11933,.F.);
#12004 = ORIENTED_EDGE('',*,*,#12005,.F.);
#12005 = EDGE_CURVE('',#12006,#11926,#12008,.T.);
#12006 = VERTEX_POINT('',#12007);
#12007 = CARTESIAN_POINT('',(14.975,-17.5,-12.5));
#12008 = LINE('',#12009,#12010);
#12009 = CARTESIAN_POINT('',(14.975,-19.85,-12.5));
#12010 = VECTOR('',#12011,1.);
#12011 = DIRECTION('',(0.,1.,0.));
#12012 = ORIENTED_EDGE('',*,*,#12013,.F.);
#12013 = EDGE_CURVE('',#12014,#12006,#12016,.T.);
#12014 = VERTEX_POINT('',#12015);
#12015 = CARTESIAN_POINT('',(14.975,-17.5,-12.49));
#12016 = LINE('',#12017,#12018);
#12017 = CARTESIAN_POINT('',(14.975,-17.5,-14.125));
#12018 = VECTOR('',#12019,1.);
#12019 = DIRECTION('',(0.,0.,-1.));
#12020 = ORIENTED_EDGE('',*,*,#12021,.F.);
#12021 = EDGE_CURVE('',#12022,#12014,#12024,.T.);
#12022 = VERTEX_POINT('',#12023);
#12023 = CARTESIAN_POINT('',(14.975,-16.2,-12.49));
#12024 = LINE('',#12025,#12026);
#12025 = CARTESIAN_POINT('',(14.975,-18.12333333333,-12.49));
#12026 = VECTOR('',#12027,1.);
#12027 = DIRECTION('',(0.,-1.,0.));
#12028 = ORIENTED_EDGE('',*,*,#12029,.T.);
#12029 = EDGE_CURVE('',#12022,#12030,#12032,.T.);
#12030 = VERTEX_POINT('',#12031);
#12031 = CARTESIAN_POINT('',(14.975,-16.2,-9.));
#12032 = LINE('',#12033,#12034);
#12033 = CARTESIAN_POINT('',(14.975,-16.2,-24.92));
#12034 = VECTOR('',#12035,1.);
#12035 = DIRECTION('',(0.,0.,1.));
#12036 = ORIENTED_EDGE('',*,*,#12037,.T.);
#12037 = EDGE_CURVE('',#12030,#12038,#12040,.T.);
#12038 = VERTEX_POINT('',#12039);
#12039 = CARTESIAN_POINT('',(14.975,-19.85,-9.));
#12040 = LINE('',#12041,#12042);
#12041 = CARTESIAN_POINT('',(14.975,-9.925,-9.));
#12042 = VECTOR('',#12043,1.);
#12043 = DIRECTION('',(0.,-1.,0.));
#12044 = ORIENTED_EDGE('',*,*,#12045,.T.);
#12045 = EDGE_CURVE('',#12038,#1370,#12046,.T.);
#12046 = LINE('',#12047,#12048);
#12047 = CARTESIAN_POINT('',(14.975,-19.85,-10.));
#12048 = VECTOR('',#12049,1.);
#12049 = DIRECTION('',(0.,0.,1.));
#12050 = ORIENTED_EDGE('',*,*,#1369,.F.);
#12051 = PLANE('',#12052);
#12052 = AXIS2_PLACEMENT_3D('',#12053,#12054,#12055);
#12053 = CARTESIAN_POINT('',(14.975,1.289941426493E-15,-6.167276853253)
  );
#12054 = DIRECTION('',(-1.,-0.,-0.));
#12055 = DIRECTION('',(0.,0.,-1.));
#12056 = ADVANCED_FACE('',(#12057),#12091,.F.);
#12057 = FACE_BOUND('',#12058,.F.);
#12058 = EDGE_LOOP('',(#12059,#12069,#12077,#12085));
#12059 = ORIENTED_EDGE('',*,*,#12060,.F.);
#12060 = EDGE_CURVE('',#12061,#12063,#12065,.T.);
#12061 = VERTEX_POINT('',#12062);
#12062 = CARTESIAN_POINT('',(15.325,16.2,-12.49));
#12063 = VERTEX_POINT('',#12064);
#12064 = CARTESIAN_POINT('',(15.325,16.2,-9.));
#12065 = LINE('',#12066,#12067);
#12066 = CARTESIAN_POINT('',(15.325,16.2,-12.51));
#12067 = VECTOR('',#12068,1.);
#12068 = DIRECTION('',(0.,0.,1.));
#12069 = ORIENTED_EDGE('',*,*,#12070,.F.);
#12070 = EDGE_CURVE('',#12071,#12061,#12073,.T.);
#12071 = VERTEX_POINT('',#12072);
#12072 = CARTESIAN_POINT('',(15.325,17.5,-12.49));
#12073 = LINE('',#12074,#12075);
#12074 = CARTESIAN_POINT('',(15.325,16.2,-12.49));
#12075 = VECTOR('',#12076,1.);
#12076 = DIRECTION('',(0.,-1.,0.));
#12077 = ORIENTED_EDGE('',*,*,#12078,.T.);
#12078 = EDGE_CURVE('',#12071,#12079,#12081,.T.);
#12079 = VERTEX_POINT('',#12080);
#12080 = CARTESIAN_POINT('',(15.325,17.5,-9.));
#12081 = LINE('',#12082,#12083);
#12082 = CARTESIAN_POINT('',(15.325,17.5,-12.51));
#12083 = VECTOR('',#12084,1.);
#12084 = DIRECTION('',(0.,0.,1.));
#12085 = ORIENTED_EDGE('',*,*,#12086,.T.);
#12086 = EDGE_CURVE('',#12079,#12063,#12087,.T.);
#12087 = LINE('',#12088,#12089);
#12088 = CARTESIAN_POINT('',(15.325,8.1,-9.));
#12089 = VECTOR('',#12090,1.);
#12090 = DIRECTION('',(0.,-1.,0.));
#12091 = PLANE('',#12092);
#12092 = AXIS2_PLACEMENT_3D('',#12093,#12094,#12095);
#12093 = CARTESIAN_POINT('',(15.325,16.2,-12.51));
#12094 = DIRECTION('',(1.,0.,-0.));
#12095 = DIRECTION('',(0.,0.,1.));
#12096 = ADVANCED_FACE('',(#12097),#12113,.T.);
#12097 = FACE_BOUND('',#12098,.T.);
#12098 = EDGE_LOOP('',(#12099,#12105,#12106,#12112));
#12099 = ORIENTED_EDGE('',*,*,#12100,.F.);
#12100 = EDGE_CURVE('',#11966,#12061,#12101,.T.);
#12101 = LINE('',#12102,#12103);
#12102 = CARTESIAN_POINT('',(13.875,16.2,-12.49));
#12103 = VECTOR('',#12104,1.);
#12104 = DIRECTION('',(1.,0.,-0.));
#12105 = ORIENTED_EDGE('',*,*,#11965,.T.);
#12106 = ORIENTED_EDGE('',*,*,#12107,.F.);
#12107 = EDGE_CURVE('',#12063,#11958,#12108,.T.);
#12108 = LINE('',#12109,#12110);
#12109 = CARTESIAN_POINT('',(7.4875,16.2,-9.));
#12110 = VECTOR('',#12111,1.);
#12111 = DIRECTION('',(-1.,-0.,0.));
#12112 = ORIENTED_EDGE('',*,*,#12060,.F.);
#12113 = PLANE('',#12114);
#12114 = AXIS2_PLACEMENT_3D('',#12115,#12116,#12117);
#12115 = CARTESIAN_POINT('',(14.975,16.2,-24.92));
#12116 = DIRECTION('',(-0.,1.,0.));
#12117 = DIRECTION('',(0.,0.,1.));
#12118 = ADVANCED_FACE('',(#12119),#12130,.T.);
#12119 = FACE_BOUND('',#12120,.T.);
#12120 = EDGE_LOOP('',(#12121,#12122,#12123,#12124));
#12121 = ORIENTED_EDGE('',*,*,#11973,.T.);
#12122 = ORIENTED_EDGE('',*,*,#12100,.T.);
#12123 = ORIENTED_EDGE('',*,*,#12070,.F.);
#12124 = ORIENTED_EDGE('',*,*,#12125,.F.);
#12125 = EDGE_CURVE('',#11974,#12071,#12126,.T.);
#12126 = LINE('',#12127,#12128);
#12127 = CARTESIAN_POINT('',(13.875,17.5,-12.49));
#12128 = VECTOR('',#12129,1.);
#12129 = DIRECTION('',(1.,0.,-0.));
#12130 = PLANE('',#12131);
#12131 = AXIS2_PLACEMENT_3D('',#12132,#12133,#12134);
#12132 = CARTESIAN_POINT('',(14.553333333333,16.396666666667,-12.49));
#12133 = DIRECTION('',(0.,0.,1.));
#12134 = DIRECTION('',(1.,0.,-0.));
#12135 = ADVANCED_FACE('',(#12136),#12170,.F.);
#12136 = FACE_BOUND('',#12137,.F.);
#12137 = EDGE_LOOP('',(#12138,#12148,#12156,#12164));
#12138 = ORIENTED_EDGE('',*,*,#12139,.F.);
#12139 = EDGE_CURVE('',#12140,#12142,#12144,.T.);
#12140 = VERTEX_POINT('',#12141);
#12141 = CARTESIAN_POINT('',(15.325,-17.5,-12.49));
#12142 = VERTEX_POINT('',#12143);
#12143 = CARTESIAN_POINT('',(15.325,-17.5,-9.));
#12144 = LINE('',#12145,#12146);
#12145 = CARTESIAN_POINT('',(15.325,-17.5,-12.51));
#12146 = VECTOR('',#12147,1.);
#12147 = DIRECTION('',(0.,0.,1.));
#12148 = ORIENTED_EDGE('',*,*,#12149,.F.);
#12149 = EDGE_CURVE('',#12150,#12140,#12152,.T.);
#12150 = VERTEX_POINT('',#12151);
#12151 = CARTESIAN_POINT('',(15.325,-16.2,-12.49));
#12152 = LINE('',#12153,#12154);
#12153 = CARTESIAN_POINT('',(15.325,-17.5,-12.49));
#12154 = VECTOR('',#12155,1.);
#12155 = DIRECTION('',(0.,-1.,0.));
#12156 = ORIENTED_EDGE('',*,*,#12157,.T.);
#12157 = EDGE_CURVE('',#12150,#12158,#12160,.T.);
#12158 = VERTEX_POINT('',#12159);
#12159 = CARTESIAN_POINT('',(15.325,-16.2,-9.));
#12160 = LINE('',#12161,#12162);
#12161 = CARTESIAN_POINT('',(15.325,-16.2,-12.51));
#12162 = VECTOR('',#12163,1.);
#12163 = DIRECTION('',(0.,0.,1.));
#12164 = ORIENTED_EDGE('',*,*,#12165,.T.);
#12165 = EDGE_CURVE('',#12158,#12142,#12166,.T.);
#12166 = LINE('',#12167,#12168);
#12167 = CARTESIAN_POINT('',(15.325,-8.75,-9.));
#12168 = VECTOR('',#12169,1.);
#12169 = DIRECTION('',(0.,-1.,0.));
#12170 = PLANE('',#12171);
#12171 = AXIS2_PLACEMENT_3D('',#12172,#12173,#12174);
#12172 = CARTESIAN_POINT('',(15.325,-17.5,-12.51));
#12173 = DIRECTION('',(1.,0.,-0.));
#12174 = DIRECTION('',(0.,0.,1.));
#12175 = ADVANCED_FACE('',(#12176),#12192,.F.);
#12176 = FACE_BOUND('',#12177,.F.);
#12177 = EDGE_LOOP('',(#12178,#12184,#12185,#12191));
#12178 = ORIENTED_EDGE('',*,*,#12179,.F.);
#12179 = EDGE_CURVE('',#12022,#12150,#12180,.T.);
#12180 = LINE('',#12181,#12182);
#12181 = CARTESIAN_POINT('',(13.875,-16.2,-12.49));
#12182 = VECTOR('',#12183,1.);
#12183 = DIRECTION('',(1.,0.,-0.));
#12184 = ORIENTED_EDGE('',*,*,#12029,.T.);
#12185 = ORIENTED_EDGE('',*,*,#12186,.F.);
#12186 = EDGE_CURVE('',#12158,#12030,#12187,.T.);
#12187 = LINE('',#12188,#12189);
#12188 = CARTESIAN_POINT('',(7.4875,-16.2,-9.));
#12189 = VECTOR('',#12190,1.);
#12190 = DIRECTION('',(-1.,-0.,0.));
#12191 = ORIENTED_EDGE('',*,*,#12157,.F.);
#12192 = PLANE('',#12193);
#12193 = AXIS2_PLACEMENT_3D('',#12194,#12195,#12196);
#12194 = CARTESIAN_POINT('',(14.975,-16.2,-24.92));
#12195 = DIRECTION('',(-0.,1.,0.));
#12196 = DIRECTION('',(0.,0.,1.));
#12197 = ADVANCED_FACE('',(#12198),#12209,.T.);
#12198 = FACE_BOUND('',#12199,.T.);
#12199 = EDGE_LOOP('',(#12200,#12201,#12207,#12208));
#12200 = ORIENTED_EDGE('',*,*,#12021,.T.);
#12201 = ORIENTED_EDGE('',*,*,#12202,.T.);
#12202 = EDGE_CURVE('',#12014,#12140,#12203,.T.);
#12203 = LINE('',#12204,#12205);
#12204 = CARTESIAN_POINT('',(13.875,-17.5,-12.49));
#12205 = VECTOR('',#12206,1.);
#12206 = DIRECTION('',(1.,0.,-0.));
#12207 = ORIENTED_EDGE('',*,*,#12149,.F.);
#12208 = ORIENTED_EDGE('',*,*,#12179,.F.);
#12209 = PLANE('',#12210);
#12210 = AXIS2_PLACEMENT_3D('',#12211,#12212,#12213);
#12211 = CARTESIAN_POINT('',(14.553333333333,-16.39666666666,-12.49));
#12212 = DIRECTION('',(0.,0.,1.));
#12213 = DIRECTION('',(1.,0.,-0.));
#12214 = ADVANCED_FACE('',(#12215),#12227,.F.);
#12215 = FACE_BOUND('',#12216,.T.);
#12216 = EDGE_LOOP('',(#12217,#12224,#12225,#12226));
#12217 = ORIENTED_EDGE('',*,*,#12218,.T.);
#12218 = EDGE_CURVE('',#12038,#2178,#12219,.T.);
#12219 = CIRCLE('',#12220,5.1);
#12220 = AXIS2_PLACEMENT_3D('',#12221,#12222,#12223);
#12221 = CARTESIAN_POINT('',(9.875,-19.85,-9.));
#12222 = DIRECTION('',(-0.,0.,-1.));
#12223 = DIRECTION('',(-6.96610525255E-16,-1.,0.));
#12224 = ORIENTED_EDGE('',*,*,#2177,.T.);
#12225 = ORIENTED_EDGE('',*,*,#1377,.F.);
#12226 = ORIENTED_EDGE('',*,*,#12045,.F.);
#12227 = CYLINDRICAL_SURFACE('',#12228,5.1);
#12228 = AXIS2_PLACEMENT_3D('',#12229,#12230,#12231);
#12229 = CARTESIAN_POINT('',(9.875,-19.85,-10.));
#12230 = DIRECTION('',(-0.,-0.,-1.));
#12231 = DIRECTION('',(-6.96610525255E-16,-1.,0.));
#12232 = ADVANCED_FACE('',(#12233),#12261,.T.);
#12233 = FACE_BOUND('',#12234,.T.);
#12234 = EDGE_LOOP('',(#12235,#12236,#12237,#12238,#12239,#12245,#12246,
    #12247,#12248,#12249,#12250,#12251,#12252,#12253,#12254,#12260));
#12235 = ORIENTED_EDGE('',*,*,#1653,.T.);
#12236 = ORIENTED_EDGE('',*,*,#3358,.T.);
#12237 = ORIENTED_EDGE('',*,*,#3021,.T.);
#12238 = ORIENTED_EDGE('',*,*,#11997,.T.);
#12239 = ORIENTED_EDGE('',*,*,#12240,.T.);
#12240 = EDGE_CURVE('',#11990,#7274,#12241,.T.);
#12241 = LINE('',#12242,#12243);
#12242 = CARTESIAN_POINT('',(9.142077966579,15.2,-12.5));
#12243 = VECTOR('',#12244,1.);
#12244 = DIRECTION('',(-1.,0.,0.));
#12245 = ORIENTED_EDGE('',*,*,#7281,.T.);
#12246 = ORIENTED_EDGE('',*,*,#6279,.T.);
#12247 = ORIENTED_EDGE('',*,*,#7614,.F.);
#12248 = ORIENTED_EDGE('',*,*,#7599,.T.);
#12249 = ORIENTED_EDGE('',*,*,#7542,.F.);
#12250 = ORIENTED_EDGE('',*,*,#10757,.F.);
#12251 = ORIENTED_EDGE('',*,*,#7503,.T.);
#12252 = ORIENTED_EDGE('',*,*,#7473,.T.);
#12253 = ORIENTED_EDGE('',*,*,#6750,.T.);
#12254 = ORIENTED_EDGE('',*,*,#12255,.F.);
#12255 = EDGE_CURVE('',#3699,#6753,#12256,.T.);
#12256 = LINE('',#12257,#12258);
#12257 = CARTESIAN_POINT('',(7.2375,15.2,-9.));
#12258 = VECTOR('',#12259,1.);
#12259 = DIRECTION('',(-1.,-0.,0.));
#12260 = ORIENTED_EDGE('',*,*,#3706,.T.);
#12261 = PLANE('',#12262);
#12262 = AXIS2_PLACEMENT_3D('',#12263,#12264,#12265);
#12263 = CARTESIAN_POINT('',(18.405399632211,15.2,-14.98541850561));
#12264 = DIRECTION('',(-0.,-1.,-0.));
#12265 = DIRECTION('',(0.,0.,-1.));
#12266 = ADVANCED_FACE('',(#12267),#12286,.F.);
#12267 = FACE_BOUND('',#12268,.T.);
#12268 = EDGE_LOOP('',(#12269,#12278,#12284,#12285));
#12269 = ORIENTED_EDGE('',*,*,#12270,.T.);
#12270 = EDGE_CURVE('',#2250,#12271,#12273,.T.);
#12271 = VERTEX_POINT('',#12272);
#12272 = CARTESIAN_POINT('',(-14.975,-19.85,-9.));
#12273 = CIRCLE('',#12274,5.1);
#12274 = AXIS2_PLACEMENT_3D('',#12275,#12276,#12277);
#12275 = CARTESIAN_POINT('',(-9.875,-19.85,-9.));
#12276 = DIRECTION('',(-0.,0.,-1.));
#12277 = DIRECTION('',(-1.,6.96610525255E-16,0.));
#12278 = ORIENTED_EDGE('',*,*,#12279,.T.);
#12279 = EDGE_CURVE('',#12271,#1459,#12280,.T.);
#12280 = LINE('',#12281,#12282);
#12281 = CARTESIAN_POINT('',(-14.975,-19.85,-10.));
#12282 = VECTOR('',#12283,1.);
#12283 = DIRECTION('',(0.,0.,1.));
#12284 = ORIENTED_EDGE('',*,*,#1458,.F.);
#12285 = ORIENTED_EDGE('',*,*,#2257,.F.);
#12286 = CYLINDRICAL_SURFACE('',#12287,5.1);
#12287 = AXIS2_PLACEMENT_3D('',#12288,#12289,#12290);
#12288 = CARTESIAN_POINT('',(-9.875,-19.85,-10.));
#12289 = DIRECTION('',(-0.,-0.,-1.));
#12290 = DIRECTION('',(-1.,6.96610525255E-16,0.));
#12291 = ADVANCED_FACE('',(#12292),#12325,.T.);
#12292 = FACE_BOUND('',#12293,.T.);
#12293 = EDGE_LOOP('',(#12294,#12295,#12296,#12297,#12303,#12304,#12310,
    #12311,#12317,#12318,#12319,#12320,#12321,#12322,#12323,#12324));
#12294 = ORIENTED_EDGE('',*,*,#3473,.F.);
#12295 = ORIENTED_EDGE('',*,*,#1467,.F.);
#12296 = ORIENTED_EDGE('',*,*,#12279,.F.);
#12297 = ORIENTED_EDGE('',*,*,#12298,.T.);
#12298 = EDGE_CURVE('',#12271,#7903,#12299,.T.);
#12299 = LINE('',#12300,#12301);
#12300 = CARTESIAN_POINT('',(-14.975,9.925,-9.));
#12301 = VECTOR('',#12302,1.);
#12302 = DIRECTION('',(-0.,1.,0.));
#12303 = ORIENTED_EDGE('',*,*,#7900,.F.);
#12304 = ORIENTED_EDGE('',*,*,#12305,.F.);
#12305 = EDGE_CURVE('',#7979,#7901,#12306,.T.);
#12306 = LINE('',#12307,#12308);
#12307 = CARTESIAN_POINT('',(-14.975,19.85,-12.5));
#12308 = VECTOR('',#12309,1.);
#12309 = DIRECTION('',(0.,-1.,0.));
#12310 = ORIENTED_EDGE('',*,*,#7978,.T.);
#12311 = ORIENTED_EDGE('',*,*,#12312,.T.);
#12312 = EDGE_CURVE('',#7981,#2644,#12313,.T.);
#12313 = LINE('',#12314,#12315);
#12314 = CARTESIAN_POINT('',(-14.975,9.925,-9.));
#12315 = VECTOR('',#12316,1.);
#12316 = DIRECTION('',(-0.,1.,0.));
#12317 = ORIENTED_EDGE('',*,*,#2654,.T.);
#12318 = ORIENTED_EDGE('',*,*,#1499,.F.);
#12319 = ORIENTED_EDGE('',*,*,#3507,.T.);
#12320 = ORIENTED_EDGE('',*,*,#2931,.T.);
#12321 = ORIENTED_EDGE('',*,*,#5304,.T.);
#12322 = ORIENTED_EDGE('',*,*,#4481,.F.);
#12323 = ORIENTED_EDGE('',*,*,#5207,.F.);
#12324 = ORIENTED_EDGE('',*,*,#2897,.T.);
#12325 = PLANE('',#12326);
#12326 = AXIS2_PLACEMENT_3D('',#12327,#12328,#12329);
#12327 = CARTESIAN_POINT('',(-14.975,0.312416555407,-6.828170894526));
#12328 = DIRECTION('',(1.,0.,0.));
#12329 = DIRECTION('',(-0.,0.,1.));
#12330 = ADVANCED_FACE('',(#12331),#12353,.T.);
#12331 = FACE_BOUND('',#12332,.T.);
#12332 = EDGE_LOOP('',(#12333,#12334,#12335,#12336,#12337,#12343,#12344,
    #12345,#12346,#12352));
#12333 = ORIENTED_EDGE('',*,*,#7885,.T.);
#12334 = ORIENTED_EDGE('',*,*,#7728,.F.);
#12335 = ORIENTED_EDGE('',*,*,#10773,.T.);
#12336 = ORIENTED_EDGE('',*,*,#11751,.F.);
#12337 = ORIENTED_EDGE('',*,*,#12338,.T.);
#12338 = EDGE_CURVE('',#11743,#8142,#12339,.T.);
#12339 = LINE('',#12340,#12341);
#12340 = CARTESIAN_POINT('',(-7.9375,-17.5,-12.5));
#12341 = VECTOR('',#12342,1.);
#12342 = DIRECTION('',(-1.,-0.,0.));
#12343 = ORIENTED_EDGE('',*,*,#8158,.T.);
#12344 = ORIENTED_EDGE('',*,*,#8174,.F.);
#12345 = ORIENTED_EDGE('',*,*,#7852,.T.);
#12346 = ORIENTED_EDGE('',*,*,#12347,.F.);
#12347 = EDGE_CURVE('',#7761,#7855,#12348,.T.);
#12348 = LINE('',#12349,#12350);
#12349 = CARTESIAN_POINT('',(-8.1,-17.5,-9.));
#12350 = VECTOR('',#12351,1.);
#12351 = DIRECTION('',(1.,0.,-0.));
#12352 = ORIENTED_EDGE('',*,*,#7784,.F.);
#12353 = PLANE('',#12354);
#12354 = AXIS2_PLACEMENT_3D('',#12355,#12356,#12357);
#12355 = CARTESIAN_POINT('',(-15.06480875505,-17.5,-12.5374464696));
#12356 = DIRECTION('',(-0.,-1.,-0.));
#12357 = DIRECTION('',(0.,0.,-1.));
#12358 = ADVANCED_FACE('',(#12359),#12381,.T.);
#12359 = FACE_BOUND('',#12360,.T.);
#12360 = EDGE_LOOP('',(#12361,#12367,#12368,#12369,#12370,#12376,#12377,
    #12378,#12379,#12380));
#12361 = ORIENTED_EDGE('',*,*,#12362,.F.);
#12362 = EDGE_CURVE('',#12142,#7236,#12363,.T.);
#12363 = LINE('',#12364,#12365);
#12364 = CARTESIAN_POINT('',(7.6625,-17.5,-9.));
#12365 = VECTOR('',#12366,1.);
#12366 = DIRECTION('',(1.,0.,-0.));
#12367 = ORIENTED_EDGE('',*,*,#12139,.F.);
#12368 = ORIENTED_EDGE('',*,*,#12202,.F.);
#12369 = ORIENTED_EDGE('',*,*,#12013,.T.);
#12370 = ORIENTED_EDGE('',*,*,#12371,.T.);
#12371 = EDGE_CURVE('',#12006,#11403,#12372,.T.);
#12372 = LINE('',#12373,#12374);
#12373 = CARTESIAN_POINT('',(3.7625,-17.5,-12.5));
#12374 = VECTOR('',#12375,1.);
#12375 = DIRECTION('',(-1.,-0.,0.));
#12376 = ORIENTED_EDGE('',*,*,#11402,.T.);
#12377 = ORIENTED_EDGE('',*,*,#10818,.T.);
#12378 = ORIENTED_EDGE('',*,*,#8308,.F.);
#12379 = ORIENTED_EDGE('',*,*,#8332,.T.);
#12380 = ORIENTED_EDGE('',*,*,#7233,.T.);
#12381 = PLANE('',#12382);
#12382 = AXIS2_PLACEMENT_3D('',#12383,#12384,#12385);
#12383 = CARTESIAN_POINT('',(15.064808755058,-17.5,-12.5374464696));
#12384 = DIRECTION('',(-0.,-1.,-0.));
#12385 = DIRECTION('',(0.,0.,-1.));
#12386 = ADVANCED_FACE('',(#12387),#12409,.T.);
#12387 = FACE_BOUND('',#12388,.T.);
#12388 = EDGE_LOOP('',(#12389,#12390,#12391,#12392,#12398,#12399,#12400,
    #12401,#12402,#12403));
#12389 = ORIENTED_EDGE('',*,*,#8119,.F.);
#12390 = ORIENTED_EDGE('',*,*,#8206,.T.);
#12391 = ORIENTED_EDGE('',*,*,#8230,.F.);
#12392 = ORIENTED_EDGE('',*,*,#12393,.F.);
#12393 = EDGE_CURVE('',#10926,#8231,#12394,.T.);
#12394 = LINE('',#12395,#12396);
#12395 = CARTESIAN_POINT('',(-7.9375,17.5,-12.5));
#12396 = VECTOR('',#12397,1.);
#12397 = DIRECTION('',(-1.,-0.,0.));
#12398 = ORIENTED_EDGE('',*,*,#10925,.T.);
#12399 = ORIENTED_EDGE('',*,*,#8829,.F.);
#12400 = ORIENTED_EDGE('',*,*,#7648,.T.);
#12401 = ORIENTED_EDGE('',*,*,#8189,.F.);
#12402 = ORIENTED_EDGE('',*,*,#8026,.T.);
#12403 = ORIENTED_EDGE('',*,*,#12404,.T.);
#12404 = EDGE_CURVE('',#8017,#8120,#12405,.T.);
#12405 = LINE('',#12406,#12407);
#12406 = CARTESIAN_POINT('',(-8.1,17.5,-9.));
#12407 = VECTOR('',#12408,1.);
#12408 = DIRECTION('',(1.,0.,-0.));
#12409 = PLANE('',#12410);
#12410 = AXIS2_PLACEMENT_3D('',#12411,#12412,#12413);
#12411 = CARTESIAN_POINT('',(-15.06480875505,17.5,-12.5374464696));
#12412 = DIRECTION('',(0.,1.,0.));
#12413 = DIRECTION('',(0.,-0.,1.));
#12414 = ADVANCED_FACE('',(#12415),#12437,.T.);
#12415 = FACE_BOUND('',#12416,.T.);
#12416 = EDGE_LOOP('',(#12417,#12418,#12419,#12420,#12421,#12422,#12428,
    #12429,#12430,#12431));
#12417 = ORIENTED_EDGE('',*,*,#6985,.F.);
#12418 = ORIENTED_EDGE('',*,*,#8739,.F.);
#12419 = ORIENTED_EDGE('',*,*,#8756,.T.);
#12420 = ORIENTED_EDGE('',*,*,#8927,.F.);
#12421 = ORIENTED_EDGE('',*,*,#11006,.F.);
#12422 = ORIENTED_EDGE('',*,*,#12423,.F.);
#12423 = EDGE_CURVE('',#11982,#10998,#12424,.T.);
#12424 = LINE('',#12425,#12426);
#12425 = CARTESIAN_POINT('',(3.7625,17.5,-12.5));
#12426 = VECTOR('',#12427,1.);
#12427 = DIRECTION('',(-1.,-0.,0.));
#12428 = ORIENTED_EDGE('',*,*,#11981,.F.);
#12429 = ORIENTED_EDGE('',*,*,#12125,.T.);
#12430 = ORIENTED_EDGE('',*,*,#12078,.T.);
#12431 = ORIENTED_EDGE('',*,*,#12432,.T.);
#12432 = EDGE_CURVE('',#12079,#6986,#12433,.T.);
#12433 = LINE('',#12434,#12435);
#12434 = CARTESIAN_POINT('',(7.6625,17.5,-9.));
#12435 = VECTOR('',#12436,1.);
#12436 = DIRECTION('',(1.,0.,-0.));
#12437 = PLANE('',#12438);
#12438 = AXIS2_PLACEMENT_3D('',#12439,#12440,#12441);
#12439 = CARTESIAN_POINT('',(15.064808755058,17.5,-12.5374464696));
#12440 = DIRECTION('',(0.,1.,0.));
#12441 = DIRECTION('',(0.,-0.,1.));
#12442 = ADVANCED_FACE('',(#12443),#12459,.T.);
#12443 = FACE_BOUND('',#12444,.T.);
#12444 = EDGE_LOOP('',(#12445,#12446,#12447,#12448,#12449,#12450,#12451,
    #12452,#12453,#12454,#12455,#12456,#12457,#12458));
#12445 = ORIENTED_EDGE('',*,*,#5965,.F.);
#12446 = ORIENTED_EDGE('',*,*,#6059,.T.);
#12447 = ORIENTED_EDGE('',*,*,#8872,.F.);
#12448 = ORIENTED_EDGE('',*,*,#10916,.T.);
#12449 = ORIENTED_EDGE('',*,*,#10958,.T.);
#12450 = ORIENTED_EDGE('',*,*,#11014,.T.);
#12451 = ORIENTED_EDGE('',*,*,#8903,.T.);
#12452 = ORIENTED_EDGE('',*,*,#6013,.T.);
#12453 = ORIENTED_EDGE('',*,*,#6098,.F.);
#12454 = ORIENTED_EDGE('',*,*,#2528,.T.);
#12455 = ORIENTED_EDGE('',*,*,#6181,.F.);
#12456 = ORIENTED_EDGE('',*,*,#6045,.T.);
#12457 = ORIENTED_EDGE('',*,*,#5864,.F.);
#12458 = ORIENTED_EDGE('',*,*,#2496,.T.);
#12459 = PLANE('',#12460);
#12460 = AXIS2_PLACEMENT_3D('',#12461,#12462,#12463);
#12461 = CARTESIAN_POINT('',(8.062878894212E-16,24.268678145862,-12.5));
#12462 = DIRECTION('',(0.,-2.246540328009E-15,1.));
#12463 = DIRECTION('',(0.,1.,2.246540328009E-15));
#12464 = ADVANCED_FACE('',(#12465),#12477,.T.);
#12465 = FACE_BOUND('',#12466,.T.);
#12466 = EDGE_LOOP('',(#12467,#12468,#12469,#12470,#12471,#12472,#12473,
    #12474,#12475,#12476));
#12467 = ORIENTED_EDGE('',*,*,#12371,.F.);
#12468 = ORIENTED_EDGE('',*,*,#12005,.T.);
#12469 = ORIENTED_EDGE('',*,*,#11925,.F.);
#12470 = ORIENTED_EDGE('',*,*,#7273,.T.);
#12471 = ORIENTED_EDGE('',*,*,#12240,.F.);
#12472 = ORIENTED_EDGE('',*,*,#11989,.T.);
#12473 = ORIENTED_EDGE('',*,*,#12423,.T.);
#12474 = ORIENTED_EDGE('',*,*,#10997,.T.);
#12475 = ORIENTED_EDGE('',*,*,#11427,.T.);
#12476 = ORIENTED_EDGE('',*,*,#11410,.T.);
#12477 = PLANE('',#12478);
#12478 = AXIS2_PLACEMENT_3D('',#12479,#12480,#12481);
#12479 = CARTESIAN_POINT('',(14.282913363241,1.071459531739E-15,-12.5));
#12480 = DIRECTION('',(-2.814882619289E-15,0.,1.));
#12481 = DIRECTION('',(1.,0.,2.814882619289E-15));
#12482 = ADVANCED_FACE('',(#12483),#12499,.T.);
#12483 = FACE_BOUND('',#12484,.T.);
#12484 = EDGE_LOOP('',(#12485,#12486,#12487,#12488,#12489,#12490,#12491,
    #12492,#12493,#12494,#12495,#12496,#12497,#12498));
#12485 = ORIENTED_EDGE('',*,*,#8141,.T.);
#12486 = ORIENTED_EDGE('',*,*,#12338,.F.);
#12487 = ORIENTED_EDGE('',*,*,#11742,.T.);
#12488 = ORIENTED_EDGE('',*,*,#11777,.T.);
#12489 = ORIENTED_EDGE('',*,*,#10933,.T.);
#12490 = ORIENTED_EDGE('',*,*,#12393,.T.);
#12491 = ORIENTED_EDGE('',*,*,#8240,.T.);
#12492 = ORIENTED_EDGE('',*,*,#8088,.F.);
#12493 = ORIENTED_EDGE('',*,*,#7672,.T.);
#12494 = ORIENTED_EDGE('',*,*,#7988,.F.);
#12495 = ORIENTED_EDGE('',*,*,#12305,.T.);
#12496 = ORIENTED_EDGE('',*,*,#7933,.F.);
#12497 = ORIENTED_EDGE('',*,*,#7704,.T.);
#12498 = ORIENTED_EDGE('',*,*,#7824,.F.);
#12499 = PLANE('',#12500);
#12500 = AXIS2_PLACEMENT_3D('',#12501,#12502,#12503);
#12501 = CARTESIAN_POINT('',(-14.30039074803,-8.886221951865E-03,-12.5)
  );
#12502 = DIRECTION('',(2.736357918763E-15,0.,1.));
#12503 = DIRECTION('',(1.,0.,-2.736357918763E-15));
#12504 = ADVANCED_FACE('',(#12505),#12521,.T.);
#12505 = FACE_BOUND('',#12506,.T.);
#12506 = EDGE_LOOP('',(#12507,#12508,#12509,#12510,#12511,#12512,#12513,
    #12514,#12515,#12516,#12517,#12518,#12519,#12520));
#12507 = ORIENTED_EDGE('',*,*,#8551,.F.);
#12508 = ORIENTED_EDGE('',*,*,#2201,.T.);
#12509 = ORIENTED_EDGE('',*,*,#8492,.F.);
#12510 = ORIENTED_EDGE('',*,*,#8437,.T.);
#12511 = ORIENTED_EDGE('',*,*,#10851,.T.);
#12512 = ORIENTED_EDGE('',*,*,#11393,.T.);
#12513 = ORIENTED_EDGE('',*,*,#11172,.T.);
#12514 = ORIENTED_EDGE('',*,*,#11759,.T.);
#12515 = ORIENTED_EDGE('',*,*,#10875,.F.);
#12516 = ORIENTED_EDGE('',*,*,#8373,.T.);
#12517 = ORIENTED_EDGE('',*,*,#8649,.F.);
#12518 = ORIENTED_EDGE('',*,*,#2233,.T.);
#12519 = ORIENTED_EDGE('',*,*,#8590,.F.);
#12520 = ORIENTED_EDGE('',*,*,#8405,.T.);
#12521 = PLANE('',#12522);
#12522 = AXIS2_PLACEMENT_3D('',#12523,#12524,#12525);
#12523 = CARTESIAN_POINT('',(-2.150101038456E-16,-24.26867814586,-12.5)
  );
#12524 = DIRECTION('',(0.,2.246540328009E-15,1.));
#12525 = DIRECTION('',(0.,1.,-2.246540328009E-15));
#12526 = ADVANCED_FACE('',(#12527),#12537,.T.);
#12527 = FACE_BOUND('',#12528,.T.);
#12528 = EDGE_LOOP('',(#12529,#12530,#12531,#12532,#12533,#12534,#12535,
    #12536));
#12529 = ORIENTED_EDGE('',*,*,#2832,.F.);
#12530 = ORIENTED_EDGE('',*,*,#5025,.T.);
#12531 = ORIENTED_EDGE('',*,*,#4191,.F.);
#12532 = ORIENTED_EDGE('',*,*,#5431,.T.);
#12533 = ORIENTED_EDGE('',*,*,#11309,.T.);
#12534 = ORIENTED_EDGE('',*,*,#11221,.F.);
#12535 = ORIENTED_EDGE('',*,*,#11205,.F.);
#12536 = ORIENTED_EDGE('',*,*,#5055,.T.);
#12537 = PLANE('',#12538);
#12538 = AXIS2_PLACEMENT_3D('',#12539,#12540,#12541);
#12539 = CARTESIAN_POINT('',(19.653240740741,-25.4,-5.053240740741));
#12540 = DIRECTION('',(0.,1.,0.));
#12541 = DIRECTION('',(0.,-0.,1.));
#12542 = ADVANCED_FACE('',(#12543),#12558,.T.);
#12543 = FACE_BOUND('',#12544,.T.);
#12544 = EDGE_LOOP('',(#12545,#12546,#12547,#12548,#12549,#12550,#12551,
    #12557));
#12545 = ORIENTED_EDGE('',*,*,#5174,.F.);
#12546 = ORIENTED_EDGE('',*,*,#11253,.F.);
#12547 = ORIENTED_EDGE('',*,*,#11269,.T.);
#12548 = ORIENTED_EDGE('',*,*,#11294,.T.);
#12549 = ORIENTED_EDGE('',*,*,#5398,.T.);
#12550 = ORIENTED_EDGE('',*,*,#4284,.F.);
#12551 = ORIENTED_EDGE('',*,*,#12552,.F.);
#12552 = EDGE_CURVE('',#2792,#4276,#12553,.T.);
#12553 = LINE('',#12554,#12555);
#12554 = CARTESIAN_POINT('',(-14.65,-25.4,-6.51));
#12555 = VECTOR('',#12556,1.);
#12556 = DIRECTION('',(0.,0.,1.));
#12557 = ORIENTED_EDGE('',*,*,#2800,.F.);
#12558 = PLANE('',#12559);
#12559 = AXIS2_PLACEMENT_3D('',#12560,#12561,#12562);
#12560 = CARTESIAN_POINT('',(-19.65324074074,-25.4,-5.053240740741));
#12561 = DIRECTION('',(0.,1.,0.));
#12562 = DIRECTION('',(0.,-0.,1.));
#12563 = ADVANCED_FACE('',(#12564),#12579,.T.);
#12564 = FACE_BOUND('',#12565,.T.);
#12565 = EDGE_LOOP('',(#12566,#12567,#12568,#12569,#12575,#12576,#12577,
    #12578));
#12566 = ORIENTED_EDGE('',*,*,#11356,.F.);
#12567 = ORIENTED_EDGE('',*,*,#9104,.T.);
#12568 = ORIENTED_EDGE('',*,*,#4523,.F.);
#12569 = ORIENTED_EDGE('',*,*,#12570,.F.);
#12570 = EDGE_CURVE('',#10701,#4524,#12571,.T.);
#12571 = LINE('',#12572,#12573);
#12572 = CARTESIAN_POINT('',(24.1625,-10.4,-5.));
#12573 = VECTOR('',#12574,1.);
#12574 = DIRECTION('',(0.,0.,1.));
#12575 = ORIENTED_EDGE('',*,*,#10700,.F.);
#12576 = ORIENTED_EDGE('',*,*,#4876,.F.);
#12577 = ORIENTED_EDGE('',*,*,#4813,.F.);
#12578 = ORIENTED_EDGE('',*,*,#10670,.T.);
#12579 = PLANE('',#12580);
#12580 = AXIS2_PLACEMENT_3D('',#12581,#12582,#12583);
#12581 = CARTESIAN_POINT('',(21.849864161303,-10.4,-12.61763583869));
#12582 = DIRECTION('',(0.,1.,0.));
#12583 = DIRECTION('',(0.,-0.,1.));
#12584 = ADVANCED_FACE('',(#12585),#12596,.T.);
#12585 = FACE_BOUND('',#12586,.T.);
#12586 = EDGE_LOOP('',(#12587,#12588,#12589,#12595));
#12587 = ORIENTED_EDGE('',*,*,#12570,.T.);
#12588 = ORIENTED_EDGE('',*,*,#4549,.T.);
#12589 = ORIENTED_EDGE('',*,*,#12590,.F.);
#12590 = EDGE_CURVE('',#10692,#4542,#12591,.T.);
#12591 = LINE('',#12592,#12593);
#12592 = CARTESIAN_POINT('',(24.1625,10.4,-5.));
#12593 = VECTOR('',#12594,1.);
#12594 = DIRECTION('',(0.,0.,1.));
#12595 = ORIENTED_EDGE('',*,*,#10708,.F.);
#12596 = PLANE('',#12597);
#12597 = AXIS2_PLACEMENT_3D('',#12598,#12599,#12600);
#12598 = CARTESIAN_POINT('',(24.1625,3.434590954642E-17,-13.505));
#12599 = DIRECTION('',(-1.,-0.,-0.));
#12600 = DIRECTION('',(0.,0.,-1.));
#12601 = ADVANCED_FACE('',(#12602),#12612,.T.);
#12602 = FACE_BOUND('',#12603,.T.);
#12603 = EDGE_LOOP('',(#12604,#12605,#12606,#12607,#12608,#12609,#12610,
    #12611));
#12604 = ORIENTED_EDGE('',*,*,#11349,.T.);
#12605 = ORIENTED_EDGE('',*,*,#10677,.F.);
#12606 = ORIENTED_EDGE('',*,*,#4829,.T.);
#12607 = ORIENTED_EDGE('',*,*,#4860,.T.);
#12608 = ORIENTED_EDGE('',*,*,#10691,.T.);
#12609 = ORIENTED_EDGE('',*,*,#12590,.T.);
#12610 = ORIENTED_EDGE('',*,*,#4541,.T.);
#12611 = ORIENTED_EDGE('',*,*,#9120,.F.);
#12612 = PLANE('',#12613);
#12613 = AXIS2_PLACEMENT_3D('',#12614,#12615,#12616);
#12614 = CARTESIAN_POINT('',(21.849864161303,10.4,-12.61763583869));
#12615 = DIRECTION('',(-0.,-1.,-0.));
#12616 = DIRECTION('',(0.,0.,-1.));
#12617 = ADVANCED_FACE('',(#12618),#12626,.F.);
#12618 = FACE_BOUND('',#12619,.F.);
#12619 = EDGE_LOOP('',(#12620,#12621,#12622,#12623,#12624,#12625));
#12620 = ORIENTED_EDGE('',*,*,#5189,.T.);
#12621 = ORIENTED_EDGE('',*,*,#4266,.F.);
#12622 = ORIENTED_EDGE('',*,*,#4275,.F.);
#12623 = ORIENTED_EDGE('',*,*,#12552,.F.);
#12624 = ORIENTED_EDGE('',*,*,#2791,.T.);
#12625 = ORIENTED_EDGE('',*,*,#2782,.T.);
#12626 = CYLINDRICAL_SURFACE('',#12627,0.65);
#12627 = AXIS2_PLACEMENT_3D('',#12628,#12629,#12630);
#12628 = CARTESIAN_POINT('',(-14.65,-24.75,-6.51));
#12629 = DIRECTION('',(0.,0.,1.));
#12630 = DIRECTION('',(1.,0.,-0.));
#12631 = ADVANCED_FACE('',(#12632),#12657,.F.);
#12632 = FACE_BOUND('',#12633,.F.);
#12633 = EDGE_LOOP('',(#12634,#12642,#12643,#12651));
#12634 = ORIENTED_EDGE('',*,*,#12635,.F.);
#12635 = EDGE_CURVE('',#1778,#12636,#12638,.T.);
#12636 = VERTEX_POINT('',#12637);
#12637 = CARTESIAN_POINT('',(15.,-27.7,-3.5));
#12638 = LINE('',#12639,#12640);
#12639 = CARTESIAN_POINT('',(15.,-27.7,-7.81));
#12640 = VECTOR('',#12641,1.);
#12641 = DIRECTION('',(0.,0.,1.));
#12642 = ORIENTED_EDGE('',*,*,#1777,.T.);
#12643 = ORIENTED_EDGE('',*,*,#12644,.T.);
#12644 = EDGE_CURVE('',#1780,#12645,#12647,.T.);
#12645 = VERTEX_POINT('',#12646);
#12646 = CARTESIAN_POINT('',(4.5,-27.7,-3.5));
#12647 = LINE('',#12648,#12649);
#12648 = CARTESIAN_POINT('',(4.5,-27.7,-7.81));
#12649 = VECTOR('',#12650,1.);
#12650 = DIRECTION('',(0.,0.,1.));
#12651 = ORIENTED_EDGE('',*,*,#12652,.T.);
#12652 = EDGE_CURVE('',#12645,#12636,#12653,.T.);
#12653 = LINE('',#12654,#12655);
#12654 = CARTESIAN_POINT('',(4.5,-27.7,-3.5));
#12655 = VECTOR('',#12656,1.);
#12656 = DIRECTION('',(1.,0.,-0.));
#12657 = PLANE('',#12658);
#12658 = AXIS2_PLACEMENT_3D('',#12659,#12660,#12661);
#12659 = CARTESIAN_POINT('',(4.5,-27.7,-7.81));
#12660 = DIRECTION('',(-0.,1.,0.));
#12661 = DIRECTION('',(0.,0.,1.));
#12662 = ADVANCED_FACE('',(#12663),#12681,.T.);
#12663 = FACE_BOUND('',#12664,.T.);
#12664 = EDGE_LOOP('',(#12665,#12666,#12667,#12675));
#12665 = ORIENTED_EDGE('',*,*,#12635,.F.);
#12666 = ORIENTED_EDGE('',*,*,#1803,.T.);
#12667 = ORIENTED_EDGE('',*,*,#12668,.T.);
#12668 = EDGE_CURVE('',#1796,#12669,#12671,.T.);
#12669 = VERTEX_POINT('',#12670);
#12670 = CARTESIAN_POINT('',(15.,-26.7,-3.5));
#12671 = LINE('',#12672,#12673);
#12672 = CARTESIAN_POINT('',(15.,-26.7,-7.81));
#12673 = VECTOR('',#12674,1.);
#12674 = DIRECTION('',(0.,0.,1.));
#12675 = ORIENTED_EDGE('',*,*,#12676,.F.);
#12676 = EDGE_CURVE('',#12636,#12669,#12677,.T.);
#12677 = LINE('',#12678,#12679);
#12678 = CARTESIAN_POINT('',(15.,-27.7,-3.5));
#12679 = VECTOR('',#12680,1.);
#12680 = DIRECTION('',(-0.,1.,0.));
#12681 = PLANE('',#12682);
#12682 = AXIS2_PLACEMENT_3D('',#12683,#12684,#12685);
#12683 = CARTESIAN_POINT('',(15.,-27.7,-7.81));
#12684 = DIRECTION('',(1.,0.,-0.));
#12685 = DIRECTION('',(0.,0.,1.));
#12686 = ADVANCED_FACE('',(#12687),#12705,.F.);
#12687 = FACE_BOUND('',#12688,.F.);
#12688 = EDGE_LOOP('',(#12689,#12690,#12691,#12699));
#12689 = ORIENTED_EDGE('',*,*,#12644,.F.);
#12690 = ORIENTED_EDGE('',*,*,#1787,.T.);
#12691 = ORIENTED_EDGE('',*,*,#12692,.T.);
#12692 = EDGE_CURVE('',#1788,#12693,#12695,.T.);
#12693 = VERTEX_POINT('',#12694);
#12694 = CARTESIAN_POINT('',(4.5,-26.7,-3.5));
#12695 = LINE('',#12696,#12697);
#12696 = CARTESIAN_POINT('',(4.5,-26.7,-7.81));
#12697 = VECTOR('',#12698,1.);
#12698 = DIRECTION('',(0.,0.,1.));
#12699 = ORIENTED_EDGE('',*,*,#12700,.F.);
#12700 = EDGE_CURVE('',#12645,#12693,#12701,.T.);
#12701 = LINE('',#12702,#12703);
#12702 = CARTESIAN_POINT('',(4.5,-27.7,-3.5));
#12703 = VECTOR('',#12704,1.);
#12704 = DIRECTION('',(-0.,1.,0.));
#12705 = PLANE('',#12706);
#12706 = AXIS2_PLACEMENT_3D('',#12707,#12708,#12709);
#12707 = CARTESIAN_POINT('',(4.5,-27.7,-7.81));
#12708 = DIRECTION('',(1.,0.,-0.));
#12709 = DIRECTION('',(0.,0.,1.));
#12710 = ADVANCED_FACE('',(#12711),#12722,.T.);
#12711 = FACE_BOUND('',#12712,.T.);
#12712 = EDGE_LOOP('',(#12713,#12714,#12715,#12716));
#12713 = ORIENTED_EDGE('',*,*,#12668,.F.);
#12714 = ORIENTED_EDGE('',*,*,#1795,.T.);
#12715 = ORIENTED_EDGE('',*,*,#12692,.T.);
#12716 = ORIENTED_EDGE('',*,*,#12717,.T.);
#12717 = EDGE_CURVE('',#12693,#12669,#12718,.T.);
#12718 = LINE('',#12719,#12720);
#12719 = CARTESIAN_POINT('',(4.5,-26.7,-3.5));
#12720 = VECTOR('',#12721,1.);
#12721 = DIRECTION('',(1.,0.,-0.));
#12722 = PLANE('',#12723);
#12723 = AXIS2_PLACEMENT_3D('',#12724,#12725,#12726);
#12724 = CARTESIAN_POINT('',(4.5,-26.7,-7.81));
#12725 = DIRECTION('',(-0.,1.,0.));
#12726 = DIRECTION('',(0.,0.,1.));
#12727 = ADVANCED_FACE('',(#12728),#12734,.T.);
#12728 = FACE_BOUND('',#12729,.T.);
#12729 = EDGE_LOOP('',(#12730,#12731,#12732,#12733));
#12730 = ORIENTED_EDGE('',*,*,#12700,.F.);
#12731 = ORIENTED_EDGE('',*,*,#12652,.T.);
#12732 = ORIENTED_EDGE('',*,*,#12676,.T.);
#12733 = ORIENTED_EDGE('',*,*,#12717,.F.);
#12734 = PLANE('',#12735);
#12735 = AXIS2_PLACEMENT_3D('',#12736,#12737,#12738);
#12736 = CARTESIAN_POINT('',(4.5,-27.7,-3.5));
#12737 = DIRECTION('',(0.,0.,1.));
#12738 = DIRECTION('',(1.,0.,-0.));
#12739 = ADVANCED_FACE('',(#12740),#12765,.F.);
#12740 = FACE_BOUND('',#12741,.F.);
#12741 = EDGE_LOOP('',(#12742,#12750,#12751,#12759));
#12742 = ORIENTED_EDGE('',*,*,#12743,.F.);
#12743 = EDGE_CURVE('',#1830,#12744,#12746,.T.);
#12744 = VERTEX_POINT('',#12745);
#12745 = CARTESIAN_POINT('',(15.,26.7,-3.5));
#12746 = LINE('',#12747,#12748);
#12747 = CARTESIAN_POINT('',(15.,26.7,-7.81));
#12748 = VECTOR('',#12749,1.);
#12749 = DIRECTION('',(0.,0.,1.));
#12750 = ORIENTED_EDGE('',*,*,#1837,.T.);
#12751 = ORIENTED_EDGE('',*,*,#12752,.T.);
#12752 = EDGE_CURVE('',#1812,#12753,#12755,.T.);
#12753 = VERTEX_POINT('',#12754);
#12754 = CARTESIAN_POINT('',(4.5,26.7,-3.5));
#12755 = LINE('',#12756,#12757);
#12756 = CARTESIAN_POINT('',(4.5,26.7,-7.81));
#12757 = VECTOR('',#12758,1.);
#12758 = DIRECTION('',(0.,0.,1.));
#12759 = ORIENTED_EDGE('',*,*,#12760,.T.);
#12760 = EDGE_CURVE('',#12753,#12744,#12761,.T.);
#12761 = LINE('',#12762,#12763);
#12762 = CARTESIAN_POINT('',(4.5,26.7,-3.5));
#12763 = VECTOR('',#12764,1.);
#12764 = DIRECTION('',(1.,0.,-0.));
#12765 = PLANE('',#12766);
#12766 = AXIS2_PLACEMENT_3D('',#12767,#12768,#12769);
#12767 = CARTESIAN_POINT('',(4.5,26.7,-7.81));
#12768 = DIRECTION('',(-0.,1.,0.));
#12769 = DIRECTION('',(0.,0.,1.));
#12770 = ADVANCED_FACE('',(#12771),#12789,.T.);
#12771 = FACE_BOUND('',#12772,.T.);
#12772 = EDGE_LOOP('',(#12773,#12774,#12775,#12783));
#12773 = ORIENTED_EDGE('',*,*,#12743,.F.);
#12774 = ORIENTED_EDGE('',*,*,#1829,.T.);
#12775 = ORIENTED_EDGE('',*,*,#12776,.T.);
#12776 = EDGE_CURVE('',#1822,#12777,#12779,.T.);
#12777 = VERTEX_POINT('',#12778);
#12778 = CARTESIAN_POINT('',(15.,27.7,-3.5));
#12779 = LINE('',#12780,#12781);
#12780 = CARTESIAN_POINT('',(15.,27.7,-7.81));
#12781 = VECTOR('',#12782,1.);
#12782 = DIRECTION('',(0.,0.,1.));
#12783 = ORIENTED_EDGE('',*,*,#12784,.F.);
#12784 = EDGE_CURVE('',#12744,#12777,#12785,.T.);
#12785 = LINE('',#12786,#12787);
#12786 = CARTESIAN_POINT('',(15.,26.7,-3.5));
#12787 = VECTOR('',#12788,1.);
#12788 = DIRECTION('',(-0.,1.,0.));
#12789 = PLANE('',#12790);
#12790 = AXIS2_PLACEMENT_3D('',#12791,#12792,#12793);
#12791 = CARTESIAN_POINT('',(15.,26.7,-7.81));
#12792 = DIRECTION('',(1.,0.,-0.));
#12793 = DIRECTION('',(0.,0.,1.));
#12794 = ADVANCED_FACE('',(#12795),#12813,.F.);
#12795 = FACE_BOUND('',#12796,.F.);
#12796 = EDGE_LOOP('',(#12797,#12798,#12799,#12807));
#12797 = ORIENTED_EDGE('',*,*,#12752,.F.);
#12798 = ORIENTED_EDGE('',*,*,#1811,.T.);
#12799 = ORIENTED_EDGE('',*,*,#12800,.T.);
#12800 = EDGE_CURVE('',#1814,#12801,#12803,.T.);
#12801 = VERTEX_POINT('',#12802);
#12802 = CARTESIAN_POINT('',(4.5,27.7,-3.5));
#12803 = LINE('',#12804,#12805);
#12804 = CARTESIAN_POINT('',(4.5,27.7,-7.81));
#12805 = VECTOR('',#12806,1.);
#12806 = DIRECTION('',(0.,0.,1.));
#12807 = ORIENTED_EDGE('',*,*,#12808,.F.);
#12808 = EDGE_CURVE('',#12753,#12801,#12809,.T.);
#12809 = LINE('',#12810,#12811);
#12810 = CARTESIAN_POINT('',(4.5,26.7,-3.5));
#12811 = VECTOR('',#12812,1.);
#12812 = DIRECTION('',(-0.,1.,0.));
#12813 = PLANE('',#12814);
#12814 = AXIS2_PLACEMENT_3D('',#12815,#12816,#12817);
#12815 = CARTESIAN_POINT('',(4.5,26.7,-7.81));
#12816 = DIRECTION('',(1.,0.,-0.));
#12817 = DIRECTION('',(0.,0.,1.));
#12818 = ADVANCED_FACE('',(#12819),#12830,.T.);
#12819 = FACE_BOUND('',#12820,.T.);
#12820 = EDGE_LOOP('',(#12821,#12822,#12823,#12824));
#12821 = ORIENTED_EDGE('',*,*,#12776,.F.);
#12822 = ORIENTED_EDGE('',*,*,#1821,.T.);
#12823 = ORIENTED_EDGE('',*,*,#12800,.T.);
#12824 = ORIENTED_EDGE('',*,*,#12825,.T.);
#12825 = EDGE_CURVE('',#12801,#12777,#12826,.T.);
#12826 = LINE('',#12827,#12828);
#12827 = CARTESIAN_POINT('',(4.5,27.7,-3.5));
#12828 = VECTOR('',#12829,1.);
#12829 = DIRECTION('',(1.,0.,-0.));
#12830 = PLANE('',#12831);
#12831 = AXIS2_PLACEMENT_3D('',#12832,#12833,#12834);
#12832 = CARTESIAN_POINT('',(4.5,27.7,-7.81));
#12833 = DIRECTION('',(-0.,1.,0.));
#12834 = DIRECTION('',(0.,0.,1.));
#12835 = ADVANCED_FACE('',(#12836),#12842,.T.);
#12836 = FACE_BOUND('',#12837,.T.);
#12837 = EDGE_LOOP('',(#12838,#12839,#12840,#12841));
#12838 = ORIENTED_EDGE('',*,*,#12808,.F.);
#12839 = ORIENTED_EDGE('',*,*,#12760,.T.);
#12840 = ORIENTED_EDGE('',*,*,#12784,.T.);
#12841 = ORIENTED_EDGE('',*,*,#12825,.F.);
#12842 = PLANE('',#12843);
#12843 = AXIS2_PLACEMENT_3D('',#12844,#12845,#12846);
#12844 = CARTESIAN_POINT('',(4.5,26.7,-3.5));
#12845 = DIRECTION('',(0.,0.,1.));
#12846 = DIRECTION('',(1.,0.,-0.));
#12847 = ADVANCED_FACE('',(#12848),#12873,.F.);
#12848 = FACE_BOUND('',#12849,.F.);
#12849 = EDGE_LOOP('',(#12850,#12858,#12859,#12867));
#12850 = ORIENTED_EDGE('',*,*,#12851,.F.);
#12851 = EDGE_CURVE('',#1846,#12852,#12854,.T.);
#12852 = VERTEX_POINT('',#12853);
#12853 = CARTESIAN_POINT('',(-4.5,-27.7,-3.5));
#12854 = LINE('',#12855,#12856);
#12855 = CARTESIAN_POINT('',(-4.5,-27.7,-7.81));
#12856 = VECTOR('',#12857,1.);
#12857 = DIRECTION('',(0.,0.,1.));
#12858 = ORIENTED_EDGE('',*,*,#1845,.T.);
#12859 = ORIENTED_EDGE('',*,*,#12860,.T.);
#12860 = EDGE_CURVE('',#1848,#12861,#12863,.T.);
#12861 = VERTEX_POINT('',#12862);
#12862 = CARTESIAN_POINT('',(-15.,-27.7,-3.5));
#12863 = LINE('',#12864,#12865);
#12864 = CARTESIAN_POINT('',(-15.,-27.7,-7.81));
#12865 = VECTOR('',#12866,1.);
#12866 = DIRECTION('',(0.,0.,1.));
#12867 = ORIENTED_EDGE('',*,*,#12868,.T.);
#12868 = EDGE_CURVE('',#12861,#12852,#12869,.T.);
#12869 = LINE('',#12870,#12871);
#12870 = CARTESIAN_POINT('',(-15.,-27.7,-3.5));
#12871 = VECTOR('',#12872,1.);
#12872 = DIRECTION('',(1.,0.,-0.));
#12873 = PLANE('',#12874);
#12874 = AXIS2_PLACEMENT_3D('',#12875,#12876,#12877);
#12875 = CARTESIAN_POINT('',(-15.,-27.7,-7.81));
#12876 = DIRECTION('',(-0.,1.,0.));
#12877 = DIRECTION('',(0.,0.,1.));
#12878 = ADVANCED_FACE('',(#12879),#12897,.T.);
#12879 = FACE_BOUND('',#12880,.T.);
#12880 = EDGE_LOOP('',(#12881,#12882,#12883,#12891));
#12881 = ORIENTED_EDGE('',*,*,#12851,.F.);
#12882 = ORIENTED_EDGE('',*,*,#1871,.T.);
#12883 = ORIENTED_EDGE('',*,*,#12884,.T.);
#12884 = EDGE_CURVE('',#1864,#12885,#12887,.T.);
#12885 = VERTEX_POINT('',#12886);
#12886 = CARTESIAN_POINT('',(-4.5,-26.7,-3.5));
#12887 = LINE('',#12888,#12889);
#12888 = CARTESIAN_POINT('',(-4.5,-26.7,-7.81));
#12889 = VECTOR('',#12890,1.);
#12890 = DIRECTION('',(0.,0.,1.));
#12891 = ORIENTED_EDGE('',*,*,#12892,.F.);
#12892 = EDGE_CURVE('',#12852,#12885,#12893,.T.);
#12893 = LINE('',#12894,#12895);
#12894 = CARTESIAN_POINT('',(-4.5,-27.7,-3.5));
#12895 = VECTOR('',#12896,1.);
#12896 = DIRECTION('',(-0.,1.,0.));
#12897 = PLANE('',#12898);
#12898 = AXIS2_PLACEMENT_3D('',#12899,#12900,#12901);
#12899 = CARTESIAN_POINT('',(-4.5,-27.7,-7.81));
#12900 = DIRECTION('',(1.,0.,-0.));
#12901 = DIRECTION('',(0.,0.,1.));
#12902 = ADVANCED_FACE('',(#12903),#12921,.F.);
#12903 = FACE_BOUND('',#12904,.F.);
#12904 = EDGE_LOOP('',(#12905,#12906,#12907,#12915));
#12905 = ORIENTED_EDGE('',*,*,#12860,.F.);
#12906 = ORIENTED_EDGE('',*,*,#1855,.T.);
#12907 = ORIENTED_EDGE('',*,*,#12908,.T.);
#12908 = EDGE_CURVE('',#1856,#12909,#12911,.T.);
#12909 = VERTEX_POINT('',#12910);
#12910 = CARTESIAN_POINT('',(-15.,-26.7,-3.5));
#12911 = LINE('',#12912,#12913);
#12912 = CARTESIAN_POINT('',(-15.,-26.7,-7.81));
#12913 = VECTOR('',#12914,1.);
#12914 = DIRECTION('',(0.,0.,1.));
#12915 = ORIENTED_EDGE('',*,*,#12916,.F.);
#12916 = EDGE_CURVE('',#12861,#12909,#12917,.T.);
#12917 = LINE('',#12918,#12919);
#12918 = CARTESIAN_POINT('',(-15.,-27.7,-3.5));
#12919 = VECTOR('',#12920,1.);
#12920 = DIRECTION('',(-0.,1.,0.));
#12921 = PLANE('',#12922);
#12922 = AXIS2_PLACEMENT_3D('',#12923,#12924,#12925);
#12923 = CARTESIAN_POINT('',(-15.,-27.7,-7.81));
#12924 = DIRECTION('',(1.,0.,-0.));
#12925 = DIRECTION('',(0.,0.,1.));
#12926 = ADVANCED_FACE('',(#12927),#12938,.T.);
#12927 = FACE_BOUND('',#12928,.T.);
#12928 = EDGE_LOOP('',(#12929,#12930,#12931,#12932));
#12929 = ORIENTED_EDGE('',*,*,#12884,.F.);
#12930 = ORIENTED_EDGE('',*,*,#1863,.T.);
#12931 = ORIENTED_EDGE('',*,*,#12908,.T.);
#12932 = ORIENTED_EDGE('',*,*,#12933,.T.);
#12933 = EDGE_CURVE('',#12909,#12885,#12934,.T.);
#12934 = LINE('',#12935,#12936);
#12935 = CARTESIAN_POINT('',(-15.,-26.7,-3.5));
#12936 = VECTOR('',#12937,1.);
#12937 = DIRECTION('',(1.,0.,-0.));
#12938 = PLANE('',#12939);
#12939 = AXIS2_PLACEMENT_3D('',#12940,#12941,#12942);
#12940 = CARTESIAN_POINT('',(-15.,-26.7,-7.81));
#12941 = DIRECTION('',(-0.,1.,0.));
#12942 = DIRECTION('',(0.,0.,1.));
#12943 = ADVANCED_FACE('',(#12944),#12950,.T.);
#12944 = FACE_BOUND('',#12945,.T.);
#12945 = EDGE_LOOP('',(#12946,#12947,#12948,#12949));
#12946 = ORIENTED_EDGE('',*,*,#12916,.F.);
#12947 = ORIENTED_EDGE('',*,*,#12868,.T.);
#12948 = ORIENTED_EDGE('',*,*,#12892,.T.);
#12949 = ORIENTED_EDGE('',*,*,#12933,.F.);
#12950 = PLANE('',#12951);
#12951 = AXIS2_PLACEMENT_3D('',#12952,#12953,#12954);
#12952 = CARTESIAN_POINT('',(-15.,-27.7,-3.5));
#12953 = DIRECTION('',(0.,0.,1.));
#12954 = DIRECTION('',(1.,0.,-0.));
#12955 = ADVANCED_FACE('',(#12956),#12981,.F.);
#12956 = FACE_BOUND('',#12957,.F.);
#12957 = EDGE_LOOP('',(#12958,#12966,#12967,#12975));
#12958 = ORIENTED_EDGE('',*,*,#12959,.F.);
#12959 = EDGE_CURVE('',#1898,#12960,#12962,.T.);
#12960 = VERTEX_POINT('',#12961);
#12961 = CARTESIAN_POINT('',(-4.5,26.7,-3.5));
#12962 = LINE('',#12963,#12964);
#12963 = CARTESIAN_POINT('',(-4.5,26.7,-7.81));
#12964 = VECTOR('',#12965,1.);
#12965 = DIRECTION('',(0.,0.,1.));
#12966 = ORIENTED_EDGE('',*,*,#1905,.T.);
#12967 = ORIENTED_EDGE('',*,*,#12968,.T.);
#12968 = EDGE_CURVE('',#1880,#12969,#12971,.T.);
#12969 = VERTEX_POINT('',#12970);
#12970 = CARTESIAN_POINT('',(-15.,26.7,-3.5));
#12971 = LINE('',#12972,#12973);
#12972 = CARTESIAN_POINT('',(-15.,26.7,-7.81));
#12973 = VECTOR('',#12974,1.);
#12974 = DIRECTION('',(0.,0.,1.));
#12975 = ORIENTED_EDGE('',*,*,#12976,.T.);
#12976 = EDGE_CURVE('',#12969,#12960,#12977,.T.);
#12977 = LINE('',#12978,#12979);
#12978 = CARTESIAN_POINT('',(-15.,26.7,-3.5));
#12979 = VECTOR('',#12980,1.);
#12980 = DIRECTION('',(1.,0.,-0.));
#12981 = PLANE('',#12982);
#12982 = AXIS2_PLACEMENT_3D('',#12983,#12984,#12985);
#12983 = CARTESIAN_POINT('',(-15.,26.7,-7.81));
#12984 = DIRECTION('',(-0.,1.,0.));
#12985 = DIRECTION('',(0.,0.,1.));
#12986 = ADVANCED_FACE('',(#12987),#13005,.T.);
#12987 = FACE_BOUND('',#12988,.T.);
#12988 = EDGE_LOOP('',(#12989,#12990,#12991,#12999));
#12989 = ORIENTED_EDGE('',*,*,#12959,.F.);
#12990 = ORIENTED_EDGE('',*,*,#1897,.T.);
#12991 = ORIENTED_EDGE('',*,*,#12992,.T.);
#12992 = EDGE_CURVE('',#1890,#12993,#12995,.T.);
#12993 = VERTEX_POINT('',#12994);
#12994 = CARTESIAN_POINT('',(-4.5,27.7,-3.5));
#12995 = LINE('',#12996,#12997);
#12996 = CARTESIAN_POINT('',(-4.5,27.7,-7.81));
#12997 = VECTOR('',#12998,1.);
#12998 = DIRECTION('',(0.,0.,1.));
#12999 = ORIENTED_EDGE('',*,*,#13000,.F.);
#13000 = EDGE_CURVE('',#12960,#12993,#13001,.T.);
#13001 = LINE('',#13002,#13003);
#13002 = CARTESIAN_POINT('',(-4.5,26.7,-3.5));
#13003 = VECTOR('',#13004,1.);
#13004 = DIRECTION('',(-0.,1.,0.));
#13005 = PLANE('',#13006);
#13006 = AXIS2_PLACEMENT_3D('',#13007,#13008,#13009);
#13007 = CARTESIAN_POINT('',(-4.5,26.7,-7.81));
#13008 = DIRECTION('',(1.,0.,-0.));
#13009 = DIRECTION('',(0.,0.,1.));
#13010 = ADVANCED_FACE('',(#13011),#13029,.F.);
#13011 = FACE_BOUND('',#13012,.F.);
#13012 = EDGE_LOOP('',(#13013,#13014,#13015,#13023));
#13013 = ORIENTED_EDGE('',*,*,#12968,.F.);
#13014 = ORIENTED_EDGE('',*,*,#1879,.T.);
#13015 = ORIENTED_EDGE('',*,*,#13016,.T.);
#13016 = EDGE_CURVE('',#1882,#13017,#13019,.T.);
#13017 = VERTEX_POINT('',#13018);
#13018 = CARTESIAN_POINT('',(-15.,27.7,-3.5));
#13019 = LINE('',#13020,#13021);
#13020 = CARTESIAN_POINT('',(-15.,27.7,-7.81));
#13021 = VECTOR('',#13022,1.);
#13022 = DIRECTION('',(0.,0.,1.));
#13023 = ORIENTED_EDGE('',*,*,#13024,.F.);
#13024 = EDGE_CURVE('',#12969,#13017,#13025,.T.);
#13025 = LINE('',#13026,#13027);
#13026 = CARTESIAN_POINT('',(-15.,26.7,-3.5));
#13027 = VECTOR('',#13028,1.);
#13028 = DIRECTION('',(-0.,1.,0.));
#13029 = PLANE('',#13030);
#13030 = AXIS2_PLACEMENT_3D('',#13031,#13032,#13033);
#13031 = CARTESIAN_POINT('',(-15.,26.7,-7.81));
#13032 = DIRECTION('',(1.,0.,-0.));
#13033 = DIRECTION('',(0.,0.,1.));
#13034 = ADVANCED_FACE('',(#13035),#13046,.T.);
#13035 = FACE_BOUND('',#13036,.T.);
#13036 = EDGE_LOOP('',(#13037,#13038,#13039,#13040));
#13037 = ORIENTED_EDGE('',*,*,#12992,.F.);
#13038 = ORIENTED_EDGE('',*,*,#1889,.T.);
#13039 = ORIENTED_EDGE('',*,*,#13016,.T.);
#13040 = ORIENTED_EDGE('',*,*,#13041,.T.);
#13041 = EDGE_CURVE('',#13017,#12993,#13042,.T.);
#13042 = LINE('',#13043,#13044);
#13043 = CARTESIAN_POINT('',(-15.,27.7,-3.5));
#13044 = VECTOR('',#13045,1.);
#13045 = DIRECTION('',(1.,0.,-0.));
#13046 = PLANE('',#13047);
#13047 = AXIS2_PLACEMENT_3D('',#13048,#13049,#13050);
#13048 = CARTESIAN_POINT('',(-15.,27.7,-7.81));
#13049 = DIRECTION('',(-0.,1.,0.));
#13050 = DIRECTION('',(0.,0.,1.));
#13051 = ADVANCED_FACE('',(#13052),#13058,.T.);
#13052 = FACE_BOUND('',#13053,.T.);
#13053 = EDGE_LOOP('',(#13054,#13055,#13056,#13057));
#13054 = ORIENTED_EDGE('',*,*,#13024,.F.);
#13055 = ORIENTED_EDGE('',*,*,#12976,.T.);
#13056 = ORIENTED_EDGE('',*,*,#13000,.T.);
#13057 = ORIENTED_EDGE('',*,*,#13041,.F.);
#13058 = PLANE('',#13059);
#13059 = AXIS2_PLACEMENT_3D('',#13060,#13061,#13062);
#13060 = CARTESIAN_POINT('',(-15.,26.7,-3.5));
#13061 = DIRECTION('',(0.,0.,1.));
#13062 = DIRECTION('',(1.,0.,-0.));
#13063 = ADVANCED_FACE('',(#13064),#13089,.T.);
#13064 = FACE_BOUND('',#13065,.T.);
#13065 = EDGE_LOOP('',(#13066,#13074,#13082,#13088));
#13066 = ORIENTED_EDGE('',*,*,#13067,.F.);
#13067 = EDGE_CURVE('',#13068,#1932,#13070,.T.);
#13068 = VERTEX_POINT('',#13069);
#13069 = CARTESIAN_POINT('',(-21.5,-27.8,-9.));
#13070 = LINE('',#13071,#13072);
#13071 = CARTESIAN_POINT('',(-21.5,-27.8,-10.));
#13072 = VECTOR('',#13073,1.);
#13073 = DIRECTION('',(0.,0.,1.));
#13074 = ORIENTED_EDGE('',*,*,#13075,.T.);
#13075 = EDGE_CURVE('',#13068,#13076,#13078,.T.);
#13076 = VERTEX_POINT('',#13077);
#13077 = CARTESIAN_POINT('',(-27.3,-27.8,-9.));
#13078 = LINE('',#13079,#13080);
#13079 = CARTESIAN_POINT('',(-13.65,-27.8,-9.));
#13080 = VECTOR('',#13081,1.);
#13081 = DIRECTION('',(-1.,-0.,0.));
#13082 = ORIENTED_EDGE('',*,*,#13083,.T.);
#13083 = EDGE_CURVE('',#13076,#1914,#13084,.T.);
#13084 = LINE('',#13085,#13086);
#13085 = CARTESIAN_POINT('',(-27.3,-27.8,-10.));
#13086 = VECTOR('',#13087,1.);
#13087 = DIRECTION('',(0.,0.,1.));
#13088 = ORIENTED_EDGE('',*,*,#1939,.F.);
#13089 = PLANE('',#13090);
#13090 = AXIS2_PLACEMENT_3D('',#13091,#13092,#13093);
#13091 = CARTESIAN_POINT('',(-27.3,-27.8,-10.));
#13092 = DIRECTION('',(-0.,1.,0.));
#13093 = DIRECTION('',(0.,0.,1.));
#13094 = ADVANCED_FACE('',(#13095),#13113,.F.);
#13095 = FACE_BOUND('',#13096,.F.);
#13096 = EDGE_LOOP('',(#13097,#13098,#13106,#13112));
#13097 = ORIENTED_EDGE('',*,*,#13067,.F.);
#13098 = ORIENTED_EDGE('',*,*,#13099,.T.);
#13099 = EDGE_CURVE('',#13068,#13100,#13102,.T.);
#13100 = VERTEX_POINT('',#13101);
#13101 = CARTESIAN_POINT('',(-21.5,-24.,-9.));
#13102 = LINE('',#13103,#13104);
#13103 = CARTESIAN_POINT('',(-21.5,-13.9,-9.));
#13104 = VECTOR('',#13105,1.);
#13105 = DIRECTION('',(-0.,1.,0.));
#13106 = ORIENTED_EDGE('',*,*,#13107,.T.);
#13107 = EDGE_CURVE('',#13100,#1924,#13108,.T.);
#13108 = LINE('',#13109,#13110);
#13109 = CARTESIAN_POINT('',(-21.5,-24.,-10.));
#13110 = VECTOR('',#13111,1.);
#13111 = DIRECTION('',(0.,0.,1.));
#13112 = ORIENTED_EDGE('',*,*,#1931,.F.);
#13113 = PLANE('',#13114);
#13114 = AXIS2_PLACEMENT_3D('',#13115,#13116,#13117);
#13115 = CARTESIAN_POINT('',(-21.5,-27.8,-10.));
#13116 = DIRECTION('',(1.,0.,-0.));
#13117 = DIRECTION('',(0.,0.,1.));
#13118 = ADVANCED_FACE('',(#13119),#13137,.T.);
#13119 = FACE_BOUND('',#13120,.T.);
#13120 = EDGE_LOOP('',(#13121,#13122,#13130,#13136));
#13121 = ORIENTED_EDGE('',*,*,#13083,.F.);
#13122 = ORIENTED_EDGE('',*,*,#13123,.T.);
#13123 = EDGE_CURVE('',#13076,#13124,#13126,.T.);
#13124 = VERTEX_POINT('',#13125);
#13125 = CARTESIAN_POINT('',(-27.3,-24.,-9.));
#13126 = LINE('',#13127,#13128);
#13127 = CARTESIAN_POINT('',(-27.3,-13.9,-9.));
#13128 = VECTOR('',#13129,1.);
#13129 = DIRECTION('',(-0.,1.,0.));
#13130 = ORIENTED_EDGE('',*,*,#13131,.T.);
#13131 = EDGE_CURVE('',#13124,#1916,#13132,.T.);
#13132 = LINE('',#13133,#13134);
#13133 = CARTESIAN_POINT('',(-27.3,-24.,-10.));
#13134 = VECTOR('',#13135,1.);
#13135 = DIRECTION('',(0.,0.,1.));
#13136 = ORIENTED_EDGE('',*,*,#1913,.F.);
#13137 = PLANE('',#13138);
#13138 = AXIS2_PLACEMENT_3D('',#13139,#13140,#13141);
#13139 = CARTESIAN_POINT('',(-27.3,-27.8,-10.));
#13140 = DIRECTION('',(1.,0.,-0.));
#13141 = DIRECTION('',(0.,0.,1.));
#13142 = ADVANCED_FACE('',(#13143),#13154,.F.);
#13143 = FACE_BOUND('',#13144,.F.);
#13144 = EDGE_LOOP('',(#13145,#13146,#13152,#13153));
#13145 = ORIENTED_EDGE('',*,*,#13107,.F.);
#13146 = ORIENTED_EDGE('',*,*,#13147,.T.);
#13147 = EDGE_CURVE('',#13100,#13124,#13148,.T.);
#13148 = LINE('',#13149,#13150);
#13149 = CARTESIAN_POINT('',(-13.65,-24.,-9.));
#13150 = VECTOR('',#13151,1.);
#13151 = DIRECTION('',(-1.,-0.,0.));
#13152 = ORIENTED_EDGE('',*,*,#13131,.T.);
#13153 = ORIENTED_EDGE('',*,*,#1923,.F.);
#13154 = PLANE('',#13155);
#13155 = AXIS2_PLACEMENT_3D('',#13156,#13157,#13158);
#13156 = CARTESIAN_POINT('',(-27.3,-24.,-10.));
#13157 = DIRECTION('',(-0.,1.,0.));
#13158 = DIRECTION('',(0.,0.,1.));
#13159 = ADVANCED_FACE('',(#13160),#13185,.T.);
#13160 = FACE_BOUND('',#13161,.T.);
#13161 = EDGE_LOOP('',(#13162,#13170,#13178,#13184));
#13162 = ORIENTED_EDGE('',*,*,#13163,.F.);
#13163 = EDGE_CURVE('',#13164,#1966,#13166,.T.);
#13164 = VERTEX_POINT('',#13165);
#13165 = CARTESIAN_POINT('',(27.3,-27.8,-9.));
#13166 = LINE('',#13167,#13168);
#13167 = CARTESIAN_POINT('',(27.3,-27.8,-10.));
#13168 = VECTOR('',#13169,1.);
#13169 = DIRECTION('',(0.,0.,1.));
#13170 = ORIENTED_EDGE('',*,*,#13171,.T.);
#13171 = EDGE_CURVE('',#13164,#13172,#13174,.T.);
#13172 = VERTEX_POINT('',#13173);
#13173 = CARTESIAN_POINT('',(21.5,-27.8,-9.));
#13174 = LINE('',#13175,#13176);
#13175 = CARTESIAN_POINT('',(10.75,-27.8,-9.));
#13176 = VECTOR('',#13177,1.);
#13177 = DIRECTION('',(-1.,-0.,0.));
#13178 = ORIENTED_EDGE('',*,*,#13179,.T.);
#13179 = EDGE_CURVE('',#13172,#1948,#13180,.T.);
#13180 = LINE('',#13181,#13182);
#13181 = CARTESIAN_POINT('',(21.5,-27.8,-10.));
#13182 = VECTOR('',#13183,1.);
#13183 = DIRECTION('',(0.,0.,1.));
#13184 = ORIENTED_EDGE('',*,*,#1973,.F.);
#13185 = PLANE('',#13186);
#13186 = AXIS2_PLACEMENT_3D('',#13187,#13188,#13189);
#13187 = CARTESIAN_POINT('',(21.5,-27.8,-10.));
#13188 = DIRECTION('',(-0.,1.,0.));
#13189 = DIRECTION('',(0.,0.,1.));
#13190 = ADVANCED_FACE('',(#13191),#13209,.F.);
#13191 = FACE_BOUND('',#13192,.F.);
#13192 = EDGE_LOOP('',(#13193,#13194,#13202,#13208));
#13193 = ORIENTED_EDGE('',*,*,#13163,.F.);
#13194 = ORIENTED_EDGE('',*,*,#13195,.T.);
#13195 = EDGE_CURVE('',#13164,#13196,#13198,.T.);
#13196 = VERTEX_POINT('',#13197);
#13197 = CARTESIAN_POINT('',(27.3,-24.,-9.));
#13198 = LINE('',#13199,#13200);
#13199 = CARTESIAN_POINT('',(27.3,-13.9,-9.));
#13200 = VECTOR('',#13201,1.);
#13201 = DIRECTION('',(-0.,1.,0.));
#13202 = ORIENTED_EDGE('',*,*,#13203,.T.);
#13203 = EDGE_CURVE('',#13196,#1958,#13204,.T.);
#13204 = LINE('',#13205,#13206);
#13205 = CARTESIAN_POINT('',(27.3,-24.,-10.));
#13206 = VECTOR('',#13207,1.);
#13207 = DIRECTION('',(0.,0.,1.));
#13208 = ORIENTED_EDGE('',*,*,#1965,.F.);
#13209 = PLANE('',#13210);
#13210 = AXIS2_PLACEMENT_3D('',#13211,#13212,#13213);
#13211 = CARTESIAN_POINT('',(27.3,-27.8,-10.));
#13212 = DIRECTION('',(1.,0.,-0.));
#13213 = DIRECTION('',(0.,0.,1.));
#13214 = ADVANCED_FACE('',(#13215),#13233,.T.);
#13215 = FACE_BOUND('',#13216,.T.);
#13216 = EDGE_LOOP('',(#13217,#13218,#13226,#13232));
#13217 = ORIENTED_EDGE('',*,*,#13179,.F.);
#13218 = ORIENTED_EDGE('',*,*,#13219,.T.);
#13219 = EDGE_CURVE('',#13172,#13220,#13222,.T.);
#13220 = VERTEX_POINT('',#13221);
#13221 = CARTESIAN_POINT('',(21.5,-24.,-9.));
#13222 = LINE('',#13223,#13224);
#13223 = CARTESIAN_POINT('',(21.5,-13.9,-9.));
#13224 = VECTOR('',#13225,1.);
#13225 = DIRECTION('',(-0.,1.,0.));
#13226 = ORIENTED_EDGE('',*,*,#13227,.T.);
#13227 = EDGE_CURVE('',#13220,#1950,#13228,.T.);
#13228 = LINE('',#13229,#13230);
#13229 = CARTESIAN_POINT('',(21.5,-24.,-10.));
#13230 = VECTOR('',#13231,1.);
#13231 = DIRECTION('',(0.,0.,1.));
#13232 = ORIENTED_EDGE('',*,*,#1947,.F.);
#13233 = PLANE('',#13234);
#13234 = AXIS2_PLACEMENT_3D('',#13235,#13236,#13237);
#13235 = CARTESIAN_POINT('',(21.5,-27.8,-10.));
#13236 = DIRECTION('',(1.,0.,-0.));
#13237 = DIRECTION('',(0.,0.,1.));
#13238 = ADVANCED_FACE('',(#13239),#13250,.F.);
#13239 = FACE_BOUND('',#13240,.F.);
#13240 = EDGE_LOOP('',(#13241,#13242,#13248,#13249));
#13241 = ORIENTED_EDGE('',*,*,#13203,.F.);
#13242 = ORIENTED_EDGE('',*,*,#13243,.T.);
#13243 = EDGE_CURVE('',#13196,#13220,#13244,.T.);
#13244 = LINE('',#13245,#13246);
#13245 = CARTESIAN_POINT('',(10.75,-24.,-9.));
#13246 = VECTOR('',#13247,1.);
#13247 = DIRECTION('',(-1.,-0.,0.));
#13248 = ORIENTED_EDGE('',*,*,#13227,.T.);
#13249 = ORIENTED_EDGE('',*,*,#1957,.F.);
#13250 = PLANE('',#13251);
#13251 = AXIS2_PLACEMENT_3D('',#13252,#13253,#13254);
#13252 = CARTESIAN_POINT('',(21.5,-24.,-10.));
#13253 = DIRECTION('',(-0.,1.,0.));
#13254 = DIRECTION('',(0.,0.,1.));
#13255 = ADVANCED_FACE('',(#13256,#13266,#13324,#13330,#13336,#13342,
    #13348,#13354,#13360,#13366,#13372),#13378,.T.);
#13256 = FACE_BOUND('',#13257,.T.);
#13257 = EDGE_LOOP('',(#13258,#13259,#13260,#13261,#13262,#13263,#13264,
    #13265));
#13258 = ORIENTED_EDGE('',*,*,#269,.F.);
#13259 = ORIENTED_EDGE('',*,*,#206,.F.);
#13260 = ORIENTED_EDGE('',*,*,#21,.F.);
#13261 = ORIENTED_EDGE('',*,*,#978,.F.);
#13262 = ORIENTED_EDGE('',*,*,#1041,.F.);
#13263 = ORIENTED_EDGE('',*,*,#1086,.F.);
#13264 = ORIENTED_EDGE('',*,*,#369,.F.);
#13265 = ORIENTED_EDGE('',*,*,#332,.F.);
#13266 = FACE_BOUND('',#13267,.T.);
#13267 = EDGE_LOOP('',(#13268,#13269,#13270,#13271,#13272,#13273,#13274,
    #13275,#13276,#13277,#13278,#13279,#13280,#13281,#13282,#13283,
    #13284,#13285,#13286,#13287,#13288,#13289,#13290,#13291,#13292,
    #13293,#13294,#13295,#13296,#13297,#13298,#13299,#13300,#13301,
    #13302,#13303,#13304,#13305,#13306,#13307,#13308,#13309,#13310,
    #13311,#13312,#13313,#13314,#13315,#13316,#13317,#13318,#13319,
    #13320,#13321,#13322,#13323));
#13268 = ORIENTED_EDGE('',*,*,#11910,.F.);
#13269 = ORIENTED_EDGE('',*,*,#3529,.T.);
#13270 = ORIENTED_EDGE('',*,*,#3586,.F.);
#13271 = ORIENTED_EDGE('',*,*,#3721,.T.);
#13272 = ORIENTED_EDGE('',*,*,#3659,.T.);
#13273 = ORIENTED_EDGE('',*,*,#3698,.T.);
#13274 = ORIENTED_EDGE('',*,*,#12255,.T.);
#13275 = ORIENTED_EDGE('',*,*,#6776,.T.);
#13276 = ORIENTED_EDGE('',*,*,#6878,.T.);
#13277 = ORIENTED_EDGE('',*,*,#6893,.T.);
#13278 = ORIENTED_EDGE('',*,*,#6924,.T.);
#13279 = ORIENTED_EDGE('',*,*,#6955,.F.);
#13280 = ORIENTED_EDGE('',*,*,#6846,.T.);
#13281 = ORIENTED_EDGE('',*,*,#6993,.F.);
#13282 = ORIENTED_EDGE('',*,*,#12432,.F.);
#13283 = ORIENTED_EDGE('',*,*,#12086,.T.);
#13284 = ORIENTED_EDGE('',*,*,#12107,.T.);
#13285 = ORIENTED_EDGE('',*,*,#11957,.F.);
#13286 = ORIENTED_EDGE('',*,*,#11859,.F.);
#13287 = ORIENTED_EDGE('',*,*,#2544,.F.);
#13288 = ORIENTED_EDGE('',*,*,#6121,.F.);
#13289 = ORIENTED_EDGE('',*,*,#6152,.F.);
#13290 = ORIENTED_EDGE('',*,*,#6167,.T.);
#13291 = ORIENTED_EDGE('',*,*,#2512,.F.);
#13292 = ORIENTED_EDGE('',*,*,#5896,.F.);
#13293 = ORIENTED_EDGE('',*,*,#5927,.F.);
#13294 = ORIENTED_EDGE('',*,*,#5942,.T.);
#13295 = ORIENTED_EDGE('',*,*,#2480,.F.);
#13296 = ORIENTED_EDGE('',*,*,#2643,.F.);
#13297 = ORIENTED_EDGE('',*,*,#12312,.F.);
#13298 = ORIENTED_EDGE('',*,*,#8002,.F.);
#13299 = ORIENTED_EDGE('',*,*,#7948,.T.);
#13300 = ORIENTED_EDGE('',*,*,#7910,.T.);
#13301 = ORIENTED_EDGE('',*,*,#12298,.F.);
#13302 = ORIENTED_EDGE('',*,*,#12270,.F.);
#13303 = ORIENTED_EDGE('',*,*,#2249,.F.);
#13304 = ORIENTED_EDGE('',*,*,#8642,.T.);
#13305 = ORIENTED_EDGE('',*,*,#8612,.T.);
#13306 = ORIENTED_EDGE('',*,*,#8597,.F.);
#13307 = ORIENTED_EDGE('',*,*,#2217,.F.);
#13308 = ORIENTED_EDGE('',*,*,#8544,.T.);
#13309 = ORIENTED_EDGE('',*,*,#8514,.T.);
#13310 = ORIENTED_EDGE('',*,*,#8499,.F.);
#13311 = ORIENTED_EDGE('',*,*,#2185,.F.);
#13312 = ORIENTED_EDGE('',*,*,#12218,.F.);
#13313 = ORIENTED_EDGE('',*,*,#12037,.F.);
#13314 = ORIENTED_EDGE('',*,*,#12186,.F.);
#13315 = ORIENTED_EDGE('',*,*,#12165,.T.);
#13316 = ORIENTED_EDGE('',*,*,#12362,.T.);
#13317 = ORIENTED_EDGE('',*,*,#7250,.F.);
#13318 = ORIENTED_EDGE('',*,*,#7119,.F.);
#13319 = ORIENTED_EDGE('',*,*,#7181,.F.);
#13320 = ORIENTED_EDGE('',*,*,#7048,.F.);
#13321 = ORIENTED_EDGE('',*,*,#7017,.T.);
#13322 = ORIENTED_EDGE('',*,*,#7096,.F.);
#13323 = ORIENTED_EDGE('',*,*,#7219,.T.);
#13324 = FACE_BOUND('',#13325,.T.);
#13325 = EDGE_LOOP('',(#13326,#13327,#13328,#13329));
#13326 = ORIENTED_EDGE('',*,*,#1168,.F.);
#13327 = ORIENTED_EDGE('',*,*,#442,.F.);
#13328 = ORIENTED_EDGE('',*,*,#1146,.T.);
#13329 = ORIENTED_EDGE('',*,*,#843,.T.);
#13330 = FACE_BOUND('',#13331,.T.);
#13331 = EDGE_LOOP('',(#13332,#13333,#13334,#13335));
#13332 = ORIENTED_EDGE('',*,*,#1102,.T.);
#13333 = ORIENTED_EDGE('',*,*,#589,.T.);
#13334 = ORIENTED_EDGE('',*,*,#1124,.F.);
#13335 = ORIENTED_EDGE('',*,*,#103,.F.);
#13336 = FACE_BOUND('',#13337,.T.);
#13337 = EDGE_LOOP('',(#13338,#13339,#13340,#13341));
#13338 = ORIENTED_EDGE('',*,*,#13075,.F.);
#13339 = ORIENTED_EDGE('',*,*,#13099,.T.);
#13340 = ORIENTED_EDGE('',*,*,#13147,.T.);
#13341 = ORIENTED_EDGE('',*,*,#13123,.F.);
#13342 = FACE_BOUND('',#13343,.T.);
#13343 = EDGE_LOOP('',(#13344,#13345,#13346,#13347));
#13344 = ORIENTED_EDGE('',*,*,#13171,.F.);
#13345 = ORIENTED_EDGE('',*,*,#13195,.T.);
#13346 = ORIENTED_EDGE('',*,*,#13243,.T.);
#13347 = ORIENTED_EDGE('',*,*,#13219,.F.);
#13348 = FACE_BOUND('',#13349,.T.);
#13349 = EDGE_LOOP('',(#13350,#13351,#13352,#13353));
#13350 = ORIENTED_EDGE('',*,*,#3976,.F.);
#13351 = ORIENTED_EDGE('',*,*,#3815,.T.);
#13352 = ORIENTED_EDGE('',*,*,#3878,.T.);
#13353 = ORIENTED_EDGE('',*,*,#11885,.F.);
#13354 = FACE_BOUND('',#13355,.T.);
#13355 = EDGE_LOOP('',(#13356,#13357,#13358,#13359));
#13356 = ORIENTED_EDGE('',*,*,#5539,.F.);
#13357 = ORIENTED_EDGE('',*,*,#5570,.T.);
#13358 = ORIENTED_EDGE('',*,*,#5632,.T.);
#13359 = ORIENTED_EDGE('',*,*,#5601,.F.);
#13360 = FACE_BOUND('',#13361,.T.);
#13361 = EDGE_LOOP('',(#13362,#13363,#13364,#13365));
#13362 = ORIENTED_EDGE('',*,*,#9210,.F.);
#13363 = ORIENTED_EDGE('',*,*,#9241,.T.);
#13364 = ORIENTED_EDGE('',*,*,#9303,.T.);
#13365 = ORIENTED_EDGE('',*,*,#9272,.F.);
#13366 = FACE_BOUND('',#13367,.T.);
#13367 = EDGE_LOOP('',(#13368,#13369,#13370,#13371));
#13368 = ORIENTED_EDGE('',*,*,#7758,.T.);
#13369 = ORIENTED_EDGE('',*,*,#12347,.T.);
#13370 = ORIENTED_EDGE('',*,*,#7869,.F.);
#13371 = ORIENTED_EDGE('',*,*,#7838,.F.);
#13372 = FACE_BOUND('',#13373,.T.);
#13373 = EDGE_LOOP('',(#13374,#13375,#13376,#13377));
#13374 = ORIENTED_EDGE('',*,*,#8016,.T.);
#13375 = ORIENTED_EDGE('',*,*,#8074,.T.);
#13376 = ORIENTED_EDGE('',*,*,#8127,.F.);
#13377 = ORIENTED_EDGE('',*,*,#12404,.F.);
#13378 = PLANE('',#13379);
#13379 = AXIS2_PLACEMENT_3D('',#13380,#13381,#13382);
#13380 = CARTESIAN_POINT('',(-7.777757882891E-16,3.315109917298E-16,-9.)
  );
#13381 = DIRECTION('',(-0.,-0.,-1.));
#13382 = DIRECTION('',(-1.,0.,0.));
#13383 = ( GEOMETRIC_REPRESENTATION_CONTEXT(3) 
GLOBAL_UNCERTAINTY_ASSIGNED_CONTEXT((#13387)) 
GLOBAL_UNIT_ASSIGNED_CONTEXT((#13384,#13385,#13386)) 
REPRESENTATION_CONTEXT('Context #1',
  '3D Context with UNIT and UNCERTAINTY') );
#13384 = ( LENGTH_UNIT() NAMED_UNIT(*) SI_UNIT(.MILLI.,.METRE.) );
#13385 = ( NAMED_UNIT(*) PLANE_ANGLE_UNIT() SI_UNIT($,.RADIAN.) );
#13386 = ( NAMED_UNIT(*) SI_UNIT($,.STERADIAN.) SOLID_ANGLE_UNIT() );
#13387 = UNCERTAINTY_MEASURE_WITH_UNIT(LENGTH_MEASURE(2.E-07),#13384,
  'distance_accuracy_value','confusion accuracy');
#13388 = PRODUCT_RELATED_PRODUCT_CATEGORY('part',$,(#7));
ENDSEC;
END-ISO-10303-21;
