ISO-10303-21;
HEADER;
FILE_DESCRIPTION(('FreeCAD Model'),'2;1');
FILE_NAME('Open CASCADE Shape Model','2026-10-07T18:01:24',('FreeCAD'),(
    'FreeCAD'),'Open CASCADE STEP processor 7.8','FreeCAD','Unknown');
FILE_SCHEMA(('AUTOMOTIVE_DESIGN { 1 0 10303 214 1 1 1 1 }'));
ENDSEC;
DATA;
#1 = APPLICATION_PROTOCOL_DEFINITION('international standard',
  'automotive_design',2000,#2);
#2 = APPLICATION_CONTEXT(
  'core data for automotive mechanical design processes');
#3 = SHAPE_DEFINITION_REPRESENTATION(#4,#10);
#4 = PRODUCT_DEFINITION_SHAPE('','',#5);
#5 = PRODUCT_DEFINITION('design','',#6,#9);
#6 = PRODUCT_DEFINITION_FORMATION('','',#7);
#7 = PRODUCT('Open CASCADE STEP translator 7.8 2',
  'Open CASCADE STEP translator 7.8 2','',(#8));
#8 = PRODUCT_CONTEXT('',#2,'mechanical');
#9 = PRODUCT_DEFINITION_CONTEXT('part definition',#2,'design');
#10 = ADVANCED_BREP_SHAPE_REPRESENTATION('',(#11,#15),#13926);
#11 = AXIS2_PLACEMENT_3D('',#12,#13,#14);
#12 = CARTESIAN_POINT('',(0.,0.,0.));
#13 = DIRECTION('',(0.,0.,1.));
#14 = DIRECTION('',(1.,0.,-0.));
#15 = MANIFOLD_SOLID_BREP('',#16);
#16 = CLOSED_SHELL('',(#17,#57,#194,#257,#297,#328,#359,#390,#453,#484,
    #547,#585,#616,#647,#678,#1426,#1466,#1520,#1558,#1575,#1647,#1749,
    #1782,#1813,#1844,#1882,#1915,#1932,#1995,#2097,#2128,#2159,#2252,
    #2290,#2314,#2331,#2371,#2393,#2424,#2517,#2541,#2574,#2614,#2645,
    #2667,#2691,#2713,#2735,#2757,#2779,#2791,#2831,#2910,#2941,#2965,
    #2989,#3020,#3060,#3091,#3131,#3155,#3179,#3196,#3227,#3267,#3307,
    #3329,#3369,#3439,#3463,#3535,#3566,#3588,#3619,#3643,#3667,#3691,
    #3715,#3739,#3770,#3794,#3818,#3849,#3873,#3897,#3921,#3945,#3969,
    #4000,#4024,#4048,#4065,#4112,#4143,#4222,#4253,#4277,#4317,#4348,
    #4379,#4410,#4434,#4458,#4475,#4487,#5118,#5130,#5147,#5159,#5171,
    #5183,#5200,#5217,#5234,#5258,#5290,#5331,#5343,#5367,#5409,#5433,
    #5473,#5490,#5507,#5519,#5536,#5590,#5630,#5642,#5654,#5677,#5716,
    #5733,#5774,#5791,#5815,#5837,#5849,#5861,#5873,#5890,#5914,#5936,
    #5953,#5970,#5992,#6009,#6026,#6038,#6049,#6075,#6099,#6130,#6149,
    #6160,#6191,#6231,#6262,#6293,#6315,#6352,#6369,#6386,#6398,#6429,
    #6453,#6477,#6494,#6525,#6565,#6628,#6684,#6715,#6762,#6880,#6920,
    #6951,#6991,#7022,#7092,#7123,#7184,#7196,#7213,#7230,#7654,#7694,
    #7725,#7827,#7849,#7880,#7911,#7942,#7966,#7990,#8038,#8071,#8110,
    #8132,#8259,#8299,#8353,#8384,#8401,#8448,#8479,#8517,#8557,#8611,
    #8642,#8673,#8690,#8707,#8731,#8755,#8792,#8832,#8849,#8976,#9023,
    #9054,#9092,#9132,#9163,#9233,#9264,#9334,#9365,#9396,#9408,#9425,
    #9442,#9459,#9471,#9488,#9500,#9517,#9534,#9546,#9564,#9598,#9622,
    #9653,#9695,#9712,#9729,#9746,#9758,#9789,#9813,#9837,#9854,#9885,
    #9902,#9919,#9950,#9990,#10021,#10052,#10074,#10111,#10128,#10145,
    #10157,#10188,#10212,#10236,#10253,#10284,#10340,#10403,#10434,
    #10465,#10487,#10534,#10597,#10628,#10659,#10671,#10708,#10748,
    #10765,#10782,#10794,#10825,#10842,#10860,#10884,#10903,#10921,
    #10960,#11001,#11040,#11057,#11098,#11137,#11177,#11224,#11241,
    #11258,#11270,#11292,#11309,#11321,#11352,#11383,#11402,#11419,
    #11436,#11455,#11472,#11496,#11520,#11554,#11588,#11612,#11636,
    #11685,#11709,#11751,#11768,#11785,#11797,#11809,#11831,#11843,
    #11885,#11902,#11912,#11921,#11931,#11940,#11950,#11959,#11970,
    #11979,#12021,#12038,#12151,#12182,#12206,#12230,#12247,#12280,
    #12313,#12341,#12387,#12527,#12583,#12605,#12622,#12639,#12656,
    #12696,#12718,#12735,#12768,#12807,#12911,#12942,#12973,#12995,
    #13007,#13040,#13089,#13117,#13145,#13173,#13201,#13223,#13241,
    #13263,#13285,#13301,#13322,#13343,#13360,#13376,#13390,#13598,
    #13629,#13653,#13677,#13694,#13725,#13749,#13773,#13790));
#17 = ADVANCED_FACE('',(#18),#52,.T.);
#18 = FACE_BOUND('',#19,.T.);
#19 = EDGE_LOOP('',(#20,#30,#38,#46));
#20 = ORIENTED_EDGE('',*,*,#21,.F.);
#21 = EDGE_CURVE('',#22,#24,#26,.T.);
#22 = VERTEX_POINT('',#23);
#23 = CARTESIAN_POINT('',(6.525,-23.65,-12.5));
#24 = VERTEX_POINT('',#25);
#25 = CARTESIAN_POINT('',(-6.525,-23.65,-12.5));
#26 = LINE('',#27,#28);
#27 = CARTESIAN_POINT('',(-3.2625,-23.65,-12.5));
#28 = VECTOR('',#29,1.);
#29 = DIRECTION('',(-1.,0.,0.));
#30 = ORIENTED_EDGE('',*,*,#31,.F.);
#31 = EDGE_CURVE('',#32,#22,#34,.T.);
#32 = VERTEX_POINT('',#33);
#33 = CARTESIAN_POINT('',(6.525,-23.65,-16.8));
#34 = LINE('',#35,#36);
#35 = CARTESIAN_POINT('',(6.525,-23.65,-18.8));
#36 = VECTOR('',#37,1.);
#37 = DIRECTION('',(0.,0.,1.));
#38 = ORIENTED_EDGE('',*,*,#39,.F.);
#39 = EDGE_CURVE('',#40,#32,#42,.T.);
#40 = VERTEX_POINT('',#41);
#41 = CARTESIAN_POINT('',(-6.525,-23.65,-16.8));
#42 = LINE('',#43,#44);
#43 = CARTESIAN_POINT('',(-3.2625,-23.65,-16.8));
#44 = VECTOR('',#45,1.);
#45 = DIRECTION('',(1.,0.,0.));
#46 = ORIENTED_EDGE('',*,*,#47,.T.);
#47 = EDGE_CURVE('',#40,#24,#48,.T.);
#48 = LINE('',#49,#50);
#49 = CARTESIAN_POINT('',(-6.525,-23.65,-18.8));
#50 = VECTOR('',#51,1.);
#51 = DIRECTION('',(0.,0.,1.));
#52 = PLANE('',#53);
#53 = AXIS2_PLACEMENT_3D('',#54,#55,#56);
#54 = CARTESIAN_POINT('',(2.908881287227E-16,-23.65,-14.53479257641));
#55 = DIRECTION('',(0.,1.,0.));
#56 = DIRECTION('',(0.,-0.,1.));
#57 = ADVANCED_FACE('',(#58,#119),#189,.T.);
#58 = FACE_BOUND('',#59,.T.);
#59 = EDGE_LOOP('',(#60,#69,#77,#86,#94,#103,#111,#118));
#60 = ORIENTED_EDGE('',*,*,#61,.F.);
#61 = EDGE_CURVE('',#62,#32,#64,.T.);
#62 = VERTEX_POINT('',#63);
#63 = CARTESIAN_POINT('',(13.675,-16.5,-16.8));
#64 = CIRCLE('',#65,7.15);
#65 = AXIS2_PLACEMENT_3D('',#66,#67,#68);
#66 = CARTESIAN_POINT('',(6.525,-16.5,-16.8));
#67 = DIRECTION('',(-0.,0.,-1.));
#68 = DIRECTION('',(-7.453245480001E-16,-1.,0.));
#69 = ORIENTED_EDGE('',*,*,#70,.T.);
#70 = EDGE_CURVE('',#62,#71,#73,.T.);
#71 = VERTEX_POINT('',#72);
#72 = CARTESIAN_POINT('',(13.675,16.5,-16.8));
#73 = LINE('',#74,#75);
#74 = CARTESIAN_POINT('',(13.675,-8.25,-16.8));
#75 = VECTOR('',#76,1.);
#76 = DIRECTION('',(0.,1.,-0.));
#77 = ORIENTED_EDGE('',*,*,#78,.F.);
#78 = EDGE_CURVE('',#79,#71,#81,.T.);
#79 = VERTEX_POINT('',#80);
#80 = CARTESIAN_POINT('',(6.525,23.65,-16.8));
#81 = CIRCLE('',#82,7.15);
#82 = AXIS2_PLACEMENT_3D('',#83,#84,#85);
#83 = CARTESIAN_POINT('',(6.525,16.5,-16.8));
#84 = DIRECTION('',(0.,-0.,-1.));
#85 = DIRECTION('',(1.,-9.937660640001E-16,0.));
#86 = ORIENTED_EDGE('',*,*,#87,.T.);
#87 = EDGE_CURVE('',#79,#88,#90,.T.);
#88 = VERTEX_POINT('',#89);
#89 = CARTESIAN_POINT('',(-6.525,23.65,-16.8));
#90 = LINE('',#91,#92);
#91 = CARTESIAN_POINT('',(3.2625,23.65,-16.8));
#92 = VECTOR('',#93,1.);
#93 = DIRECTION('',(-1.,0.,0.));
#94 = ORIENTED_EDGE('',*,*,#95,.F.);
#95 = EDGE_CURVE('',#96,#88,#98,.T.);
#96 = VERTEX_POINT('',#97);
#97 = CARTESIAN_POINT('',(-13.675,16.5,-16.8));
#98 = CIRCLE('',#99,7.15);
#99 = AXIS2_PLACEMENT_3D('',#100,#101,#102);
#100 = CARTESIAN_POINT('',(-6.525,16.5,-16.8));
#101 = DIRECTION('',(0.,-0.,-1.));
#102 = DIRECTION('',(7.453245480001E-16,1.,-0.));
#103 = ORIENTED_EDGE('',*,*,#104,.T.);
#104 = EDGE_CURVE('',#96,#105,#107,.T.);
#105 = VERTEX_POINT('',#106);
#106 = CARTESIAN_POINT('',(-13.675,-16.5,-16.8));
#107 = LINE('',#108,#109);
#108 = CARTESIAN_POINT('',(-13.675,8.25,-16.8));
#109 = VECTOR('',#110,1.);
#110 = DIRECTION('',(0.,-1.,0.));
#111 = ORIENTED_EDGE('',*,*,#112,.F.);
#112 = EDGE_CURVE('',#40,#105,#113,.T.);
#113 = CIRCLE('',#114,7.15);
#114 = AXIS2_PLACEMENT_3D('',#115,#116,#117);
#115 = CARTESIAN_POINT('',(-6.525,-16.5,-16.8));
#116 = DIRECTION('',(-0.,0.,-1.));
#117 = DIRECTION('',(-1.,9.937660640001E-16,0.));
#118 = ORIENTED_EDGE('',*,*,#39,.T.);
#119 = FACE_BOUND('',#120,.T.);
#120 = EDGE_LOOP('',(#121,#132,#140,#149,#157,#166,#174,#183));
#121 = ORIENTED_EDGE('',*,*,#122,.T.);
#122 = EDGE_CURVE('',#123,#125,#127,.T.);
#123 = VERTEX_POINT('',#124);
#124 = CARTESIAN_POINT('',(12.675,-16.5,-16.8));
#125 = VERTEX_POINT('',#126);
#126 = CARTESIAN_POINT('',(6.525,-22.65,-16.8));
#127 = CIRCLE('',#128,6.15);
#128 = AXIS2_PLACEMENT_3D('',#129,#130,#131);
#129 = CARTESIAN_POINT('',(6.525,-16.5,-16.8));
#130 = DIRECTION('',(-0.,0.,-1.));
#131 = DIRECTION('',(-1.010934786651E-15,-1.,0.));
#132 = ORIENTED_EDGE('',*,*,#133,.T.);
#133 = EDGE_CURVE('',#125,#134,#136,.T.);
#134 = VERTEX_POINT('',#135);
#135 = CARTESIAN_POINT('',(-6.525,-22.65,-16.8));
#136 = LINE('',#137,#138);
#137 = CARTESIAN_POINT('',(-3.2625,-22.65,-16.8));
#138 = VECTOR('',#139,1.);
#139 = DIRECTION('',(-1.,0.,0.));
#140 = ORIENTED_EDGE('',*,*,#141,.T.);
#141 = EDGE_CURVE('',#134,#142,#144,.T.);
#142 = VERTEX_POINT('',#143);
#143 = CARTESIAN_POINT('',(-12.675,-16.5,-16.8));
#144 = CIRCLE('',#145,6.15);
#145 = AXIS2_PLACEMENT_3D('',#146,#147,#148);
#146 = CARTESIAN_POINT('',(-6.525,-16.5,-16.8));
#147 = DIRECTION('',(-0.,0.,-1.));
#148 = DIRECTION('',(-1.,1.155354041886E-15,0.));
#149 = ORIENTED_EDGE('',*,*,#150,.T.);
#150 = EDGE_CURVE('',#142,#151,#153,.T.);
#151 = VERTEX_POINT('',#152);
#152 = CARTESIAN_POINT('',(-12.675,16.5,-16.8));
#153 = LINE('',#154,#155);
#154 = CARTESIAN_POINT('',(-12.675,8.25,-16.8));
#155 = VECTOR('',#156,1.);
#156 = DIRECTION('',(-0.,1.,0.));
#157 = ORIENTED_EDGE('',*,*,#158,.T.);
#158 = EDGE_CURVE('',#151,#159,#161,.T.);
#159 = VERTEX_POINT('',#160);
#160 = CARTESIAN_POINT('',(-6.525,22.65,-16.8));
#161 = CIRCLE('',#162,6.15);
#162 = AXIS2_PLACEMENT_3D('',#163,#164,#165);
#163 = CARTESIAN_POINT('',(-6.525,16.5,-16.8));
#164 = DIRECTION('',(0.,-0.,-1.));
#165 = DIRECTION('',(1.010934786651E-15,1.,-0.));
#166 = ORIENTED_EDGE('',*,*,#167,.T.);
#167 = EDGE_CURVE('',#159,#168,#170,.T.);
#168 = VERTEX_POINT('',#169);
#169 = CARTESIAN_POINT('',(6.525,22.65,-16.8));
#170 = LINE('',#171,#172);
#171 = CARTESIAN_POINT('',(3.2625,22.65,-16.8));
#172 = VECTOR('',#173,1.);
#173 = DIRECTION('',(1.,0.,-0.));
#174 = ORIENTED_EDGE('',*,*,#175,.T.);
#175 = EDGE_CURVE('',#168,#176,#178,.T.);
#176 = VERTEX_POINT('',#177);
#177 = CARTESIAN_POINT('',(12.675,16.5,-16.8));
#178 = CIRCLE('',#179,6.15);
#179 = AXIS2_PLACEMENT_3D('',#180,#181,#182);
#180 = CARTESIAN_POINT('',(6.525,16.5,-16.8));
#181 = DIRECTION('',(0.,-0.,-1.));
#182 = DIRECTION('',(1.,-1.155354041886E-15,0.));
#183 = ORIENTED_EDGE('',*,*,#184,.T.);
#184 = EDGE_CURVE('',#176,#123,#185,.T.);
#185 = LINE('',#186,#187);
#186 = CARTESIAN_POINT('',(12.675,-8.25,-16.8));
#187 = VECTOR('',#188,1.);
#188 = DIRECTION('',(0.,-1.,0.));
#189 = PLANE('',#190);
#190 = AXIS2_PLACEMENT_3D('',#191,#192,#193);
#191 = CARTESIAN_POINT('',(3.497415298167E-16,-3.10881359837E-16,-16.8)
  );
#192 = DIRECTION('',(0.,0.,1.));
#193 = DIRECTION('',(1.,0.,-0.));
#194 = ADVANCED_FACE('',(#195),#252,.T.);
#195 = FACE_BOUND('',#196,.T.);
#196 = EDGE_LOOP('',(#197,#205,#213,#221,#229,#237,#245,#251));
#197 = ORIENTED_EDGE('',*,*,#198,.F.);
#198 = EDGE_CURVE('',#199,#176,#201,.T.);
#199 = VERTEX_POINT('',#200);
#200 = CARTESIAN_POINT('',(12.675,16.5,-17.8));
#201 = LINE('',#202,#203);
#202 = CARTESIAN_POINT('',(12.675,16.5,-18.8));
#203 = VECTOR('',#204,1.);
#204 = DIRECTION('',(0.,0.,1.));
#205 = ORIENTED_EDGE('',*,*,#206,.T.);
#206 = EDGE_CURVE('',#199,#207,#209,.T.);
#207 = VERTEX_POINT('',#208);
#208 = CARTESIAN_POINT('',(12.675,5.40512454964,-17.8));
#209 = LINE('',#210,#211);
#210 = CARTESIAN_POINT('',(12.675,-8.25,-17.8));
#211 = VECTOR('',#212,1.);
#212 = DIRECTION('',(0.,-1.,0.));
#213 = ORIENTED_EDGE('',*,*,#214,.T.);
#214 = EDGE_CURVE('',#207,#215,#217,.T.);
#215 = VERTEX_POINT('',#216);
#216 = CARTESIAN_POINT('',(12.675,5.40512454964,-17.79));
#217 = LINE('',#218,#219);
#218 = CARTESIAN_POINT('',(12.675,5.40512454964,-25.5));
#219 = VECTOR('',#220,1.);
#220 = DIRECTION('',(0.,0.,1.));
#221 = ORIENTED_EDGE('',*,*,#222,.F.);
#222 = EDGE_CURVE('',#223,#215,#225,.T.);
#223 = VERTEX_POINT('',#224);
#224 = CARTESIAN_POINT('',(12.675,2.59487545036,-17.79));
#225 = LINE('',#226,#227);
#226 = CARTESIAN_POINT('',(12.675,-6.25,-17.79));
#227 = VECTOR('',#228,1.);
#228 = DIRECTION('',(0.,1.,-0.));
#229 = ORIENTED_EDGE('',*,*,#230,.F.);
#230 = EDGE_CURVE('',#231,#223,#233,.T.);
#231 = VERTEX_POINT('',#232);
#232 = CARTESIAN_POINT('',(12.675,2.59487545036,-17.8));
#233 = LINE('',#234,#235);
#234 = CARTESIAN_POINT('',(12.675,2.59487545036,-25.5));
#235 = VECTOR('',#236,1.);
#236 = DIRECTION('',(0.,0.,1.));
#237 = ORIENTED_EDGE('',*,*,#238,.T.);
#238 = EDGE_CURVE('',#231,#239,#241,.T.);
#239 = VERTEX_POINT('',#240);
#240 = CARTESIAN_POINT('',(12.675,-16.5,-17.8));
#241 = LINE('',#242,#243);
#242 = CARTESIAN_POINT('',(12.675,-8.25,-17.8));
#243 = VECTOR('',#244,1.);
#244 = DIRECTION('',(0.,-1.,0.));
#245 = ORIENTED_EDGE('',*,*,#246,.T.);
#246 = EDGE_CURVE('',#239,#123,#247,.T.);
#247 = LINE('',#248,#249);
#248 = CARTESIAN_POINT('',(12.675,-16.5,-18.8));
#249 = VECTOR('',#250,1.);
#250 = DIRECTION('',(0.,0.,1.));
#251 = ORIENTED_EDGE('',*,*,#184,.F.);
#252 = PLANE('',#253);
#253 = AXIS2_PLACEMENT_3D('',#254,#255,#256);
#254 = CARTESIAN_POINT('',(12.675,-16.5,-18.8));
#255 = DIRECTION('',(-1.,0.,0.));
#256 = DIRECTION('',(0.,1.,0.));
#257 = ADVANCED_FACE('',(#258),#292,.T.);
#258 = FACE_BOUND('',#259,.T.);
#259 = EDGE_LOOP('',(#260,#270,#278,#286));
#260 = ORIENTED_EDGE('',*,*,#261,.F.);
#261 = EDGE_CURVE('',#262,#264,#266,.T.);
#262 = VERTEX_POINT('',#263);
#263 = CARTESIAN_POINT('',(-4.5,-25.05,-7.8));
#264 = VERTEX_POINT('',#265);
#265 = CARTESIAN_POINT('',(-4.5,-25.05,-7.79));
#266 = LINE('',#267,#268);
#267 = CARTESIAN_POINT('',(-4.5,-25.05,-13.005));
#268 = VECTOR('',#269,1.);
#269 = DIRECTION('',(0.,0.,1.));
#270 = ORIENTED_EDGE('',*,*,#271,.F.);
#271 = EDGE_CURVE('',#272,#262,#274,.T.);
#272 = VERTEX_POINT('',#273);
#273 = CARTESIAN_POINT('',(-4.5,-24.95,-7.8));
#274 = LINE('',#275,#276);
#275 = CARTESIAN_POINT('',(-4.5,-12.875,-7.8));
#276 = VECTOR('',#277,1.);
#277 = DIRECTION('',(0.,-1.,0.));
#278 = ORIENTED_EDGE('',*,*,#279,.T.);
#279 = EDGE_CURVE('',#272,#280,#282,.T.);
#280 = VERTEX_POINT('',#281);
#281 = CARTESIAN_POINT('',(-4.5,-24.95,-7.79));
#282 = LINE('',#283,#284);
#283 = CARTESIAN_POINT('',(-4.5,-24.95,-13.5));
#284 = VECTOR('',#285,1.);
#285 = DIRECTION('',(0.,0.,1.));
#286 = ORIENTED_EDGE('',*,*,#287,.F.);
#287 = EDGE_CURVE('',#264,#280,#288,.T.);
#288 = LINE('',#289,#290);
#289 = CARTESIAN_POINT('',(-4.5,-25.75,-7.79));
#290 = VECTOR('',#291,1.);
#291 = DIRECTION('',(-0.,1.,0.));
#292 = PLANE('',#293);
#293 = AXIS2_PLACEMENT_3D('',#294,#295,#296);
#294 = CARTESIAN_POINT('',(-4.5,-25.75,-13.5));
#295 = DIRECTION('',(1.,0.,-0.));
#296 = DIRECTION('',(0.,0.,1.));
#297 = ADVANCED_FACE('',(#298),#323,.T.);
#298 = FACE_BOUND('',#299,.T.);
#299 = EDGE_LOOP('',(#300,#308,#309,#317));
#300 = ORIENTED_EDGE('',*,*,#301,.T.);
#301 = EDGE_CURVE('',#302,#262,#304,.T.);
#302 = VERTEX_POINT('',#303);
#303 = CARTESIAN_POINT('',(-4.2,-25.05,-7.8));
#304 = LINE('',#305,#306);
#305 = CARTESIAN_POINT('',(-3.6,-25.05,-7.8));
#306 = VECTOR('',#307,1.);
#307 = DIRECTION('',(-1.,-0.,0.));
#308 = ORIENTED_EDGE('',*,*,#261,.T.);
#309 = ORIENTED_EDGE('',*,*,#310,.T.);
#310 = EDGE_CURVE('',#264,#311,#313,.T.);
#311 = VERTEX_POINT('',#312);
#312 = CARTESIAN_POINT('',(-4.2,-25.05,-7.79));
#313 = LINE('',#314,#315);
#314 = CARTESIAN_POINT('',(-7.2,-25.05,-7.79));
#315 = VECTOR('',#316,1.);
#316 = DIRECTION('',(1.,0.,-0.));
#317 = ORIENTED_EDGE('',*,*,#318,.F.);
#318 = EDGE_CURVE('',#302,#311,#319,.T.);
#319 = LINE('',#320,#321);
#320 = CARTESIAN_POINT('',(-4.2,-25.05,-12.51));
#321 = VECTOR('',#322,1.);
#322 = DIRECTION('',(0.,0.,1.));
#323 = PLANE('',#324);
#324 = AXIS2_PLACEMENT_3D('',#325,#326,#327);
#325 = CARTESIAN_POINT('',(-7.2,-25.05,-12.51));
#326 = DIRECTION('',(-0.,1.,0.));
#327 = DIRECTION('',(0.,0.,1.));
#328 = ADVANCED_FACE('',(#329),#354,.T.);
#329 = FACE_BOUND('',#330,.T.);
#330 = EDGE_LOOP('',(#331,#341,#347,#348));
#331 = ORIENTED_EDGE('',*,*,#332,.F.);
#332 = EDGE_CURVE('',#333,#335,#337,.T.);
#333 = VERTEX_POINT('',#334);
#334 = CARTESIAN_POINT('',(-4.2,-27.45,-7.8));
#335 = VERTEX_POINT('',#336);
#336 = CARTESIAN_POINT('',(-4.2,-27.45,-7.79));
#337 = LINE('',#338,#339);
#338 = CARTESIAN_POINT('',(-4.2,-27.45,-12.51));
#339 = VECTOR('',#340,1.);
#340 = DIRECTION('',(0.,0.,1.));
#341 = ORIENTED_EDGE('',*,*,#342,.T.);
#342 = EDGE_CURVE('',#333,#302,#343,.T.);
#343 = LINE('',#344,#345);
#344 = CARTESIAN_POINT('',(-4.2,-13.725,-7.8));
#345 = VECTOR('',#346,1.);
#346 = DIRECTION('',(-0.,1.,0.));
#347 = ORIENTED_EDGE('',*,*,#318,.T.);
#348 = ORIENTED_EDGE('',*,*,#349,.F.);
#349 = EDGE_CURVE('',#335,#311,#350,.T.);
#350 = LINE('',#351,#352);
#351 = CARTESIAN_POINT('',(-4.2,-27.45,-7.79));
#352 = VECTOR('',#353,1.);
#353 = DIRECTION('',(-0.,1.,0.));
#354 = PLANE('',#355);
#355 = AXIS2_PLACEMENT_3D('',#356,#357,#358);
#356 = CARTESIAN_POINT('',(-4.2,-27.45,-12.51));
#357 = DIRECTION('',(1.,0.,-0.));
#358 = DIRECTION('',(0.,0.,1.));
#359 = ADVANCED_FACE('',(#360),#385,.F.);
#360 = FACE_BOUND('',#361,.F.);
#361 = EDGE_LOOP('',(#362,#363,#371,#379));
#362 = ORIENTED_EDGE('',*,*,#332,.F.);
#363 = ORIENTED_EDGE('',*,*,#364,.T.);
#364 = EDGE_CURVE('',#333,#365,#367,.T.);
#365 = VERTEX_POINT('',#366);
#366 = CARTESIAN_POINT('',(-4.5,-27.45,-7.8));
#367 = LINE('',#368,#369);
#368 = CARTESIAN_POINT('',(-3.6,-27.45,-7.8));
#369 = VECTOR('',#370,1.);
#370 = DIRECTION('',(-1.,-0.,0.));
#371 = ORIENTED_EDGE('',*,*,#372,.T.);
#372 = EDGE_CURVE('',#365,#373,#375,.T.);
#373 = VERTEX_POINT('',#374);
#374 = CARTESIAN_POINT('',(-4.5,-27.45,-7.79));
#375 = LINE('',#376,#377);
#376 = CARTESIAN_POINT('',(-4.5,-27.45,-10.16));
#377 = VECTOR('',#378,1.);
#378 = DIRECTION('',(0.,0.,1.));
#379 = ORIENTED_EDGE('',*,*,#380,.T.);
#380 = EDGE_CURVE('',#373,#335,#381,.T.);
#381 = LINE('',#382,#383);
#382 = CARTESIAN_POINT('',(-7.2,-27.45,-7.79));
#383 = VECTOR('',#384,1.);
#384 = DIRECTION('',(1.,0.,-0.));
#385 = PLANE('',#386);
#386 = AXIS2_PLACEMENT_3D('',#387,#388,#389);
#387 = CARTESIAN_POINT('',(-7.2,-27.45,-12.51));
#388 = DIRECTION('',(-0.,1.,0.));
#389 = DIRECTION('',(0.,0.,1.));
#390 = ADVANCED_FACE('',(#391),#448,.T.);
#391 = FACE_BOUND('',#392,.T.);
#392 = EDGE_LOOP('',(#393,#403,#411,#417,#418,#426,#434,#442));
#393 = ORIENTED_EDGE('',*,*,#394,.F.);
#394 = EDGE_CURVE('',#395,#397,#399,.T.);
#395 = VERTEX_POINT('',#396);
#396 = CARTESIAN_POINT('',(-4.5,-27.7,-3.5));
#397 = VERTEX_POINT('',#398);
#398 = CARTESIAN_POINT('',(-4.5,-26.2,-3.5));
#399 = LINE('',#400,#401);
#400 = CARTESIAN_POINT('',(-4.5,-27.7,-3.5));
#401 = VECTOR('',#402,1.);
#402 = DIRECTION('',(-0.,1.,0.));
#403 = ORIENTED_EDGE('',*,*,#404,.F.);
#404 = EDGE_CURVE('',#405,#395,#407,.T.);
#405 = VERTEX_POINT('',#406);
#406 = CARTESIAN_POINT('',(-4.5,-27.7,-7.8));
#407 = LINE('',#408,#409);
#408 = CARTESIAN_POINT('',(-4.5,-27.7,-7.81));
#409 = VECTOR('',#410,1.);
#410 = DIRECTION('',(0.,0.,1.));
#411 = ORIENTED_EDGE('',*,*,#412,.T.);
#412 = EDGE_CURVE('',#405,#365,#413,.T.);
#413 = LINE('',#414,#415);
#414 = CARTESIAN_POINT('',(-4.5,-13.85,-7.8));
#415 = VECTOR('',#416,1.);
#416 = DIRECTION('',(-0.,1.,0.));
#417 = ORIENTED_EDGE('',*,*,#372,.T.);
#418 = ORIENTED_EDGE('',*,*,#419,.F.);
#419 = EDGE_CURVE('',#420,#373,#422,.T.);
#420 = VERTEX_POINT('',#421);
#421 = CARTESIAN_POINT('',(-4.5,-26.7,-7.79));
#422 = LINE('',#423,#424);
#423 = CARTESIAN_POINT('',(-4.5,-27.575,-7.79));
#424 = VECTOR('',#425,1.);
#425 = DIRECTION('',(0.,-1.,0.));
#426 = ORIENTED_EDGE('',*,*,#427,.T.);
#427 = EDGE_CURVE('',#420,#428,#430,.T.);
#428 = VERTEX_POINT('',#429);
#429 = CARTESIAN_POINT('',(-4.5,-26.7,-5.));
#430 = LINE('',#431,#432);
#431 = CARTESIAN_POINT('',(-4.5,-26.7,-7.81));
#432 = VECTOR('',#433,1.);
#433 = DIRECTION('',(0.,0.,1.));
#434 = ORIENTED_EDGE('',*,*,#435,.T.);
#435 = EDGE_CURVE('',#428,#436,#438,.T.);
#436 = VERTEX_POINT('',#437);
#437 = CARTESIAN_POINT('',(-4.5,-26.2,-5.));
#438 = LINE('',#439,#440);
#439 = CARTESIAN_POINT('',(-4.5,-26.71,-5.));
#440 = VECTOR('',#441,1.);
#441 = DIRECTION('',(-0.,1.,0.));
#442 = ORIENTED_EDGE('',*,*,#443,.F.);
#443 = EDGE_CURVE('',#397,#436,#444,.T.);
#444 = LINE('',#445,#446);
#445 = CARTESIAN_POINT('',(-4.5,-26.2,-5.));
#446 = VECTOR('',#447,1.);
#447 = DIRECTION('',(-0.,0.,-1.));
#448 = PLANE('',#449);
#449 = AXIS2_PLACEMENT_3D('',#450,#451,#452);
#450 = CARTESIAN_POINT('',(-4.5,-27.07133620689,-5.528663793103));
#451 = DIRECTION('',(1.,0.,0.));
#452 = DIRECTION('',(-0.,0.,1.));
#453 = ADVANCED_FACE('',(#454),#479,.F.);
#454 = FACE_BOUND('',#455,.F.);
#455 = EDGE_LOOP('',(#456,#457,#465,#473));
#456 = ORIENTED_EDGE('',*,*,#404,.F.);
#457 = ORIENTED_EDGE('',*,*,#458,.T.);
#458 = EDGE_CURVE('',#405,#459,#461,.T.);
#459 = VERTEX_POINT('',#460);
#460 = CARTESIAN_POINT('',(-15.,-27.7,-7.8));
#461 = LINE('',#462,#463);
#462 = CARTESIAN_POINT('',(-7.5,-27.7,-7.8));
#463 = VECTOR('',#464,1.);
#464 = DIRECTION('',(-1.,-0.,0.));
#465 = ORIENTED_EDGE('',*,*,#466,.T.);
#466 = EDGE_CURVE('',#459,#467,#469,.T.);
#467 = VERTEX_POINT('',#468);
#468 = CARTESIAN_POINT('',(-15.,-27.7,-3.5));
#469 = LINE('',#470,#471);
#470 = CARTESIAN_POINT('',(-15.,-27.7,-7.81));
#471 = VECTOR('',#472,1.);
#472 = DIRECTION('',(0.,0.,1.));
#473 = ORIENTED_EDGE('',*,*,#474,.T.);
#474 = EDGE_CURVE('',#467,#395,#475,.T.);
#475 = LINE('',#476,#477);
#476 = CARTESIAN_POINT('',(-15.,-27.7,-3.5));
#477 = VECTOR('',#478,1.);
#478 = DIRECTION('',(1.,0.,-0.));
#479 = PLANE('',#480);
#480 = AXIS2_PLACEMENT_3D('',#481,#482,#483);
#481 = CARTESIAN_POINT('',(-15.,-27.7,-7.81));
#482 = DIRECTION('',(-0.,1.,0.));
#483 = DIRECTION('',(0.,0.,1.));
#484 = ADVANCED_FACE('',(#485),#542,.T.);
#485 = FACE_BOUND('',#486,.T.);
#486 = EDGE_LOOP('',(#487,#497,#505,#513,#521,#527,#528,#536));
#487 = ORIENTED_EDGE('',*,*,#488,.T.);
#488 = EDGE_CURVE('',#489,#491,#493,.T.);
#489 = VERTEX_POINT('',#490);
#490 = CARTESIAN_POINT('',(-15.,-26.21,-3.75));
#491 = VERTEX_POINT('',#492);
#492 = CARTESIAN_POINT('',(-15.,-26.2,-3.74));
#493 = LINE('',#494,#495);
#494 = CARTESIAN_POINT('',(-15.,-26.87,-4.41));
#495 = VECTOR('',#496,1.);
#496 = DIRECTION('',(-0.,0.707106781187,0.707106781187));
#497 = ORIENTED_EDGE('',*,*,#498,.T.);
#498 = EDGE_CURVE('',#491,#499,#501,.T.);
#499 = VERTEX_POINT('',#500);
#500 = CARTESIAN_POINT('',(-15.,-26.2,-5.));
#501 = LINE('',#502,#503);
#502 = CARTESIAN_POINT('',(-15.,-26.2,-5.75));
#503 = VECTOR('',#504,1.);
#504 = DIRECTION('',(-0.,0.,-1.));
#505 = ORIENTED_EDGE('',*,*,#506,.F.);
#506 = EDGE_CURVE('',#507,#499,#509,.T.);
#507 = VERTEX_POINT('',#508);
#508 = CARTESIAN_POINT('',(-15.,-26.7,-5.));
#509 = LINE('',#510,#511);
#510 = CARTESIAN_POINT('',(-15.,-26.71,-5.));
#511 = VECTOR('',#512,1.);
#512 = DIRECTION('',(-0.,1.,0.));
#513 = ORIENTED_EDGE('',*,*,#514,.F.);
#514 = EDGE_CURVE('',#515,#507,#517,.T.);
#515 = VERTEX_POINT('',#516);
#516 = CARTESIAN_POINT('',(-15.,-26.7,-7.8));
#517 = LINE('',#518,#519);
#518 = CARTESIAN_POINT('',(-15.,-26.7,-7.81));
#519 = VECTOR('',#520,1.);
#520 = DIRECTION('',(0.,0.,1.));
#521 = ORIENTED_EDGE('',*,*,#522,.F.);
#522 = EDGE_CURVE('',#459,#515,#523,.T.);
#523 = LINE('',#524,#525);
#524 = CARTESIAN_POINT('',(-15.,-13.85,-7.8));
#525 = VECTOR('',#526,1.);
#526 = DIRECTION('',(-0.,1.,0.));
#527 = ORIENTED_EDGE('',*,*,#466,.T.);
#528 = ORIENTED_EDGE('',*,*,#529,.T.);
#529 = EDGE_CURVE('',#467,#530,#532,.T.);
#530 = VERTEX_POINT('',#531);
#531 = CARTESIAN_POINT('',(-15.,-26.21,-3.5));
#532 = LINE('',#533,#534);
#533 = CARTESIAN_POINT('',(-15.,-27.7,-3.5));
#534 = VECTOR('',#535,1.);
#535 = DIRECTION('',(-0.,1.,0.));
#536 = ORIENTED_EDGE('',*,*,#537,.T.);
#537 = EDGE_CURVE('',#530,#489,#538,.T.);
#538 = LINE('',#539,#540);
#539 = CARTESIAN_POINT('',(-15.,-26.21,-4.509655172414));
#540 = VECTOR('',#541,1.);
#541 = DIRECTION('',(0.,0.,-1.));
#542 = PLANE('',#543);
#543 = AXIS2_PLACEMENT_3D('',#544,#545,#546);
#544 = CARTESIAN_POINT('',(-15.,-27.07068965517,-5.529310344828));
#545 = DIRECTION('',(-1.,-0.,-0.));
#546 = DIRECTION('',(0.,0.,-1.));
#547 = ADVANCED_FACE('',(#548),#580,.T.);
#548 = FACE_BOUND('',#549,.T.);
#549 = EDGE_LOOP('',(#550,#558,#559,#565,#566,#574));
#550 = ORIENTED_EDGE('',*,*,#551,.T.);
#551 = EDGE_CURVE('',#552,#515,#554,.T.);
#552 = VERTEX_POINT('',#553);
#553 = CARTESIAN_POINT('',(-7.2,-26.7,-7.8));
#554 = LINE('',#555,#556);
#555 = CARTESIAN_POINT('',(-7.5,-26.7,-7.8));
#556 = VECTOR('',#557,1.);
#557 = DIRECTION('',(-1.,-0.,0.));
#558 = ORIENTED_EDGE('',*,*,#514,.T.);
#559 = ORIENTED_EDGE('',*,*,#560,.T.);
#560 = EDGE_CURVE('',#507,#428,#561,.T.);
#561 = LINE('',#562,#563);
#562 = CARTESIAN_POINT('',(-15.,-26.7,-5.));
#563 = VECTOR('',#564,1.);
#564 = DIRECTION('',(1.,0.,-0.));
#565 = ORIENTED_EDGE('',*,*,#427,.F.);
#566 = ORIENTED_EDGE('',*,*,#567,.F.);
#567 = EDGE_CURVE('',#568,#420,#570,.T.);
#568 = VERTEX_POINT('',#569);
#569 = CARTESIAN_POINT('',(-7.2,-26.7,-7.79));
#570 = LINE('',#571,#572);
#571 = CARTESIAN_POINT('',(-11.1,-26.7,-7.79));
#572 = VECTOR('',#573,1.);
#573 = DIRECTION('',(1.,0.,-0.));
#574 = ORIENTED_EDGE('',*,*,#575,.T.);
#575 = EDGE_CURVE('',#568,#552,#576,.T.);
#576 = LINE('',#577,#578);
#577 = CARTESIAN_POINT('',(-7.2,-26.7,-10.16));
#578 = VECTOR('',#579,1.);
#579 = DIRECTION('',(-0.,0.,-1.));
#580 = PLANE('',#581);
#581 = AXIS2_PLACEMENT_3D('',#582,#583,#584);
#582 = CARTESIAN_POINT('',(-15.,-26.7,-7.81));
#583 = DIRECTION('',(-0.,1.,0.));
#584 = DIRECTION('',(0.,0.,1.));
#585 = ADVANCED_FACE('',(#586),#611,.F.);
#586 = FACE_BOUND('',#587,.F.);
#587 = EDGE_LOOP('',(#588,#596,#604,#610));
#588 = ORIENTED_EDGE('',*,*,#589,.T.);
#589 = EDGE_CURVE('',#552,#590,#592,.T.);
#590 = VERTEX_POINT('',#591);
#591 = CARTESIAN_POINT('',(-7.2,-25.05,-7.8));
#592 = LINE('',#593,#594);
#593 = CARTESIAN_POINT('',(-7.2,-13.725,-7.8));
#594 = VECTOR('',#595,1.);
#595 = DIRECTION('',(-0.,1.,0.));
#596 = ORIENTED_EDGE('',*,*,#597,.T.);
#597 = EDGE_CURVE('',#590,#598,#600,.T.);
#598 = VERTEX_POINT('',#599);
#599 = CARTESIAN_POINT('',(-7.2,-25.05,-7.79));
#600 = LINE('',#601,#602);
#601 = CARTESIAN_POINT('',(-7.2,-25.05,-12.51));
#602 = VECTOR('',#603,1.);
#603 = DIRECTION('',(0.,0.,1.));
#604 = ORIENTED_EDGE('',*,*,#605,.F.);
#605 = EDGE_CURVE('',#568,#598,#606,.T.);
#606 = LINE('',#607,#608);
#607 = CARTESIAN_POINT('',(-7.2,-27.45,-7.79));
#608 = VECTOR('',#609,1.);
#609 = DIRECTION('',(-0.,1.,0.));
#610 = ORIENTED_EDGE('',*,*,#575,.T.);
#611 = PLANE('',#612);
#612 = AXIS2_PLACEMENT_3D('',#613,#614,#615);
#613 = CARTESIAN_POINT('',(-7.2,-27.45,-12.51));
#614 = DIRECTION('',(1.,0.,-0.));
#615 = DIRECTION('',(0.,0.,1.));
#616 = ADVANCED_FACE('',(#617),#642,.T.);
#617 = FACE_BOUND('',#618,.T.);
#618 = EDGE_LOOP('',(#619,#627,#628,#636));
#619 = ORIENTED_EDGE('',*,*,#620,.T.);
#620 = EDGE_CURVE('',#621,#590,#623,.T.);
#621 = VERTEX_POINT('',#622);
#622 = CARTESIAN_POINT('',(-7.,-25.05,-7.8));
#623 = LINE('',#624,#625);
#624 = CARTESIAN_POINT('',(-3.6,-25.05,-7.8));
#625 = VECTOR('',#626,1.);
#626 = DIRECTION('',(-1.,-0.,0.));
#627 = ORIENTED_EDGE('',*,*,#597,.T.);
#628 = ORIENTED_EDGE('',*,*,#629,.T.);
#629 = EDGE_CURVE('',#598,#630,#632,.T.);
#630 = VERTEX_POINT('',#631);
#631 = CARTESIAN_POINT('',(-7.,-25.05,-7.79));
#632 = LINE('',#633,#634);
#633 = CARTESIAN_POINT('',(-7.2,-25.05,-7.79));
#634 = VECTOR('',#635,1.);
#635 = DIRECTION('',(1.,0.,-0.));
#636 = ORIENTED_EDGE('',*,*,#637,.F.);
#637 = EDGE_CURVE('',#621,#630,#638,.T.);
#638 = LINE('',#639,#640);
#639 = CARTESIAN_POINT('',(-7.,-25.05,-13.005));
#640 = VECTOR('',#641,1.);
#641 = DIRECTION('',(0.,0.,1.));
#642 = PLANE('',#643);
#643 = AXIS2_PLACEMENT_3D('',#644,#645,#646);
#644 = CARTESIAN_POINT('',(-7.2,-25.05,-12.51));
#645 = DIRECTION('',(-0.,1.,0.));
#646 = DIRECTION('',(0.,0.,1.));
#647 = ADVANCED_FACE('',(#648),#673,.F.);
#648 = FACE_BOUND('',#649,.F.);
#649 = EDGE_LOOP('',(#650,#651,#659,#667));
#650 = ORIENTED_EDGE('',*,*,#637,.F.);
#651 = ORIENTED_EDGE('',*,*,#652,.F.);
#652 = EDGE_CURVE('',#653,#621,#655,.T.);
#653 = VERTEX_POINT('',#654);
#654 = CARTESIAN_POINT('',(-7.,-24.95,-7.8));
#655 = LINE('',#656,#657);
#656 = CARTESIAN_POINT('',(-7.,-12.875,-7.8));
#657 = VECTOR('',#658,1.);
#658 = DIRECTION('',(0.,-1.,0.));
#659 = ORIENTED_EDGE('',*,*,#660,.T.);
#660 = EDGE_CURVE('',#653,#661,#663,.T.);
#661 = VERTEX_POINT('',#662);
#662 = CARTESIAN_POINT('',(-7.,-24.95,-7.79));
#663 = LINE('',#664,#665);
#664 = CARTESIAN_POINT('',(-7.,-24.95,-13.5));
#665 = VECTOR('',#666,1.);
#666 = DIRECTION('',(0.,0.,1.));
#667 = ORIENTED_EDGE('',*,*,#668,.F.);
#668 = EDGE_CURVE('',#630,#661,#669,.T.);
#669 = LINE('',#670,#671);
#670 = CARTESIAN_POINT('',(-7.,-25.75,-7.79));
#671 = VECTOR('',#672,1.);
#672 = DIRECTION('',(-0.,1.,0.));
#673 = PLANE('',#674);
#674 = AXIS2_PLACEMENT_3D('',#675,#676,#677);
#675 = CARTESIAN_POINT('',(-7.,-25.75,-13.5));
#676 = DIRECTION('',(1.,0.,-0.));
#677 = DIRECTION('',(0.,0.,1.));
#678 = ADVANCED_FACE('',(#679,#1039,#1073,#1303,#1337,#1387),#1421,.T.);
#679 = FACE_BOUND('',#680,.T.);
#680 = EDGE_LOOP('',(#681,#682,#683,#691,#699,#707,#716,#725,#733,#741,
    #749,#757,#765,#773,#781,#789,#797,#805,#814,#822,#830,#838,#846,
    #854,#862,#870,#878,#886,#895,#903,#911,#919,#927,#935,#943,#951,
    #959,#967,#975,#984,#992,#1000,#1008,#1016,#1024,#1032,#1038));
#681 = ORIENTED_EDGE('',*,*,#560,.F.);
#682 = ORIENTED_EDGE('',*,*,#506,.T.);
#683 = ORIENTED_EDGE('',*,*,#684,.T.);
#684 = EDGE_CURVE('',#499,#685,#687,.T.);
#685 = VERTEX_POINT('',#686);
#686 = CARTESIAN_POINT('',(-13.,-26.2,-5.));
#687 = LINE('',#688,#689);
#688 = CARTESIAN_POINT('',(-25.7,-26.2,-5.));
#689 = VECTOR('',#690,1.);
#690 = DIRECTION('',(1.,0.,0.));
#691 = ORIENTED_EDGE('',*,*,#692,.T.);
#692 = EDGE_CURVE('',#685,#693,#695,.T.);
#693 = VERTEX_POINT('',#694);
#694 = CARTESIAN_POINT('',(-13.,-25.4,-5.));
#695 = LINE('',#696,#697);
#696 = CARTESIAN_POINT('',(-13.,-13.1,-5.));
#697 = VECTOR('',#698,1.);
#698 = DIRECTION('',(-0.,1.,0.));
#699 = ORIENTED_EDGE('',*,*,#700,.T.);
#700 = EDGE_CURVE('',#693,#701,#703,.T.);
#701 = VERTEX_POINT('',#702);
#702 = CARTESIAN_POINT('',(-14.65,-25.4,-5.));
#703 = LINE('',#704,#705);
#704 = CARTESIAN_POINT('',(-12.85,-25.4,-5.));
#705 = VECTOR('',#706,1.);
#706 = DIRECTION('',(-1.,-0.,0.));
#707 = ORIENTED_EDGE('',*,*,#708,.T.);
#708 = EDGE_CURVE('',#701,#709,#711,.T.);
#709 = VERTEX_POINT('',#710);
#710 = CARTESIAN_POINT('',(-14.,-24.75,-5.));
#711 = CIRCLE('',#712,0.65);
#712 = AXIS2_PLACEMENT_3D('',#713,#714,#715);
#713 = CARTESIAN_POINT('',(-14.65,-24.75,-5.));
#714 = DIRECTION('',(0.,0.,1.));
#715 = DIRECTION('',(1.,0.,-0.));
#716 = ORIENTED_EDGE('',*,*,#717,.T.);
#717 = EDGE_CURVE('',#709,#718,#720,.T.);
#718 = VERTEX_POINT('',#719);
#719 = CARTESIAN_POINT('',(-14.65,-24.1,-5.));
#720 = CIRCLE('',#721,0.65);
#721 = AXIS2_PLACEMENT_3D('',#722,#723,#724);
#722 = CARTESIAN_POINT('',(-14.65,-24.75,-5.));
#723 = DIRECTION('',(0.,0.,1.));
#724 = DIRECTION('',(1.,0.,-0.));
#725 = ORIENTED_EDGE('',*,*,#726,.F.);
#726 = EDGE_CURVE('',#727,#718,#729,.T.);
#727 = VERTEX_POINT('',#728);
#728 = CARTESIAN_POINT('',(-26.2,-24.1,-5.));
#729 = LINE('',#730,#731);
#730 = CARTESIAN_POINT('',(-13.6,-24.1,-5.));
#731 = VECTOR('',#732,1.);
#732 = DIRECTION('',(1.,0.,-0.));
#733 = ORIENTED_EDGE('',*,*,#734,.F.);
#734 = EDGE_CURVE('',#735,#727,#737,.T.);
#735 = VERTEX_POINT('',#736);
#736 = CARTESIAN_POINT('',(-26.2,-15.,-5.));
#737 = LINE('',#738,#739);
#738 = CARTESIAN_POINT('',(-26.2,25.7,-5.));
#739 = VECTOR('',#740,1.);
#740 = DIRECTION('',(0.,-1.,0.));
#741 = ORIENTED_EDGE('',*,*,#742,.F.);
#742 = EDGE_CURVE('',#743,#735,#745,.T.);
#743 = VERTEX_POINT('',#744);
#744 = CARTESIAN_POINT('',(-26.7,-15.,-5.));
#745 = LINE('',#746,#747);
#746 = CARTESIAN_POINT('',(-26.71,-15.,-5.));
#747 = VECTOR('',#748,1.);
#748 = DIRECTION('',(1.,0.,-0.));
#749 = ORIENTED_EDGE('',*,*,#750,.F.);
#750 = EDGE_CURVE('',#751,#743,#753,.T.);
#751 = VERTEX_POINT('',#752);
#752 = CARTESIAN_POINT('',(-26.7,-4.5,-5.));
#753 = LINE('',#754,#755);
#754 = CARTESIAN_POINT('',(-26.7,-15.,-5.));
#755 = VECTOR('',#756,1.);
#756 = DIRECTION('',(0.,-1.,0.));
#757 = ORIENTED_EDGE('',*,*,#758,.T.);
#758 = EDGE_CURVE('',#751,#759,#761,.T.);
#759 = VERTEX_POINT('',#760);
#760 = CARTESIAN_POINT('',(-26.2,-4.5,-5.));
#761 = LINE('',#762,#763);
#762 = CARTESIAN_POINT('',(-26.71,-4.5,-5.));
#763 = VECTOR('',#764,1.);
#764 = DIRECTION('',(1.,0.,-0.));
#765 = ORIENTED_EDGE('',*,*,#766,.F.);
#766 = EDGE_CURVE('',#767,#759,#769,.T.);
#767 = VERTEX_POINT('',#768);
#768 = CARTESIAN_POINT('',(-26.2,4.5,-5.));
#769 = LINE('',#770,#771);
#770 = CARTESIAN_POINT('',(-26.2,25.7,-5.));
#771 = VECTOR('',#772,1.);
#772 = DIRECTION('',(0.,-1.,0.));
#773 = ORIENTED_EDGE('',*,*,#774,.F.);
#774 = EDGE_CURVE('',#775,#767,#777,.T.);
#775 = VERTEX_POINT('',#776);
#776 = CARTESIAN_POINT('',(-26.7,4.5,-5.));
#777 = LINE('',#778,#779);
#778 = CARTESIAN_POINT('',(-26.71,4.5,-5.));
#779 = VECTOR('',#780,1.);
#780 = DIRECTION('',(1.,0.,-0.));
#781 = ORIENTED_EDGE('',*,*,#782,.F.);
#782 = EDGE_CURVE('',#783,#775,#785,.T.);
#783 = VERTEX_POINT('',#784);
#784 = CARTESIAN_POINT('',(-26.7,15.,-5.));
#785 = LINE('',#786,#787);
#786 = CARTESIAN_POINT('',(-26.7,4.5,-5.));
#787 = VECTOR('',#788,1.);
#788 = DIRECTION('',(0.,-1.,0.));
#789 = ORIENTED_EDGE('',*,*,#790,.T.);
#790 = EDGE_CURVE('',#783,#791,#793,.T.);
#791 = VERTEX_POINT('',#792);
#792 = CARTESIAN_POINT('',(-26.2,15.,-5.));
#793 = LINE('',#794,#795);
#794 = CARTESIAN_POINT('',(-26.71,15.,-5.));
#795 = VECTOR('',#796,1.);
#796 = DIRECTION('',(1.,0.,-0.));
#797 = ORIENTED_EDGE('',*,*,#798,.F.);
#798 = EDGE_CURVE('',#799,#791,#801,.T.);
#799 = VERTEX_POINT('',#800);
#800 = CARTESIAN_POINT('',(-26.2,25.7,-5.));
#801 = LINE('',#802,#803);
#802 = CARTESIAN_POINT('',(-26.2,25.7,-5.));
#803 = VECTOR('',#804,1.);
#804 = DIRECTION('',(0.,-1.,0.));
#805 = ORIENTED_EDGE('',*,*,#806,.F.);
#806 = EDGE_CURVE('',#807,#799,#809,.T.);
#807 = VERTEX_POINT('',#808);
#808 = CARTESIAN_POINT('',(-25.7,26.2,-5.));
#809 = CIRCLE('',#810,0.5);
#810 = AXIS2_PLACEMENT_3D('',#811,#812,#813);
#811 = CARTESIAN_POINT('',(-25.7,25.7,-5.));
#812 = DIRECTION('',(0.,0.,1.));
#813 = DIRECTION('',(-7.105427357601E-15,1.,0.));
#814 = ORIENTED_EDGE('',*,*,#815,.F.);
#815 = EDGE_CURVE('',#816,#807,#818,.T.);
#816 = VERTEX_POINT('',#817);
#817 = CARTESIAN_POINT('',(-15.,26.2,-5.));
#818 = LINE('',#819,#820);
#819 = CARTESIAN_POINT('',(25.7,26.2,-5.));
#820 = VECTOR('',#821,1.);
#821 = DIRECTION('',(-1.,0.,0.));
#822 = ORIENTED_EDGE('',*,*,#823,.T.);
#823 = EDGE_CURVE('',#816,#824,#826,.T.);
#824 = VERTEX_POINT('',#825);
#825 = CARTESIAN_POINT('',(-15.,26.7,-5.));
#826 = LINE('',#827,#828);
#827 = CARTESIAN_POINT('',(-15.,25.9,-5.));
#828 = VECTOR('',#829,1.);
#829 = DIRECTION('',(-0.,1.,0.));
#830 = ORIENTED_EDGE('',*,*,#831,.T.);
#831 = EDGE_CURVE('',#824,#832,#834,.T.);
#832 = VERTEX_POINT('',#833);
#833 = CARTESIAN_POINT('',(-4.5,26.7,-5.));
#834 = LINE('',#835,#836);
#835 = CARTESIAN_POINT('',(-15.,26.7,-5.));
#836 = VECTOR('',#837,1.);
#837 = DIRECTION('',(1.,0.,-0.));
#838 = ORIENTED_EDGE('',*,*,#839,.F.);
#839 = EDGE_CURVE('',#840,#832,#842,.T.);
#840 = VERTEX_POINT('',#841);
#841 = CARTESIAN_POINT('',(-4.5,26.2,-5.));
#842 = LINE('',#843,#844);
#843 = CARTESIAN_POINT('',(-4.5,25.9,-5.));
#844 = VECTOR('',#845,1.);
#845 = DIRECTION('',(-0.,1.,0.));
#846 = ORIENTED_EDGE('',*,*,#847,.F.);
#847 = EDGE_CURVE('',#848,#840,#850,.T.);
#848 = VERTEX_POINT('',#849);
#849 = CARTESIAN_POINT('',(4.5,26.2,-5.));
#850 = LINE('',#851,#852);
#851 = CARTESIAN_POINT('',(25.7,26.2,-5.));
#852 = VECTOR('',#853,1.);
#853 = DIRECTION('',(-1.,0.,0.));
#854 = ORIENTED_EDGE('',*,*,#855,.T.);
#855 = EDGE_CURVE('',#848,#856,#858,.T.);
#856 = VERTEX_POINT('',#857);
#857 = CARTESIAN_POINT('',(4.5,26.7,-5.));
#858 = LINE('',#859,#860);
#859 = CARTESIAN_POINT('',(4.5,25.9,-5.));
#860 = VECTOR('',#861,1.);
#861 = DIRECTION('',(-0.,1.,0.));
#862 = ORIENTED_EDGE('',*,*,#863,.T.);
#863 = EDGE_CURVE('',#856,#864,#866,.T.);
#864 = VERTEX_POINT('',#865);
#865 = CARTESIAN_POINT('',(15.,26.7,-5.));
#866 = LINE('',#867,#868);
#867 = CARTESIAN_POINT('',(4.5,26.7,-5.));
#868 = VECTOR('',#869,1.);
#869 = DIRECTION('',(1.,0.,-0.));
#870 = ORIENTED_EDGE('',*,*,#871,.F.);
#871 = EDGE_CURVE('',#872,#864,#874,.T.);
#872 = VERTEX_POINT('',#873);
#873 = CARTESIAN_POINT('',(15.,26.2,-5.));
#874 = LINE('',#875,#876);
#875 = CARTESIAN_POINT('',(15.,25.9,-5.));
#876 = VECTOR('',#877,1.);
#877 = DIRECTION('',(-0.,1.,0.));
#878 = ORIENTED_EDGE('',*,*,#879,.F.);
#879 = EDGE_CURVE('',#880,#872,#882,.T.);
#880 = VERTEX_POINT('',#881);
#881 = CARTESIAN_POINT('',(25.7,26.2,-5.));
#882 = LINE('',#883,#884);
#883 = CARTESIAN_POINT('',(25.7,26.2,-5.));
#884 = VECTOR('',#885,1.);
#885 = DIRECTION('',(-1.,0.,0.));
#886 = ORIENTED_EDGE('',*,*,#887,.F.);
#887 = EDGE_CURVE('',#888,#880,#890,.T.);
#888 = VERTEX_POINT('',#889);
#889 = CARTESIAN_POINT('',(26.2,25.7,-5.));
#890 = CIRCLE('',#891,0.5);
#891 = AXIS2_PLACEMENT_3D('',#892,#893,#894);
#892 = CARTESIAN_POINT('',(25.7,25.7,-5.));
#893 = DIRECTION('',(0.,0.,1.));
#894 = DIRECTION('',(1.,7.105427357601E-15,-0.));
#895 = ORIENTED_EDGE('',*,*,#896,.F.);
#896 = EDGE_CURVE('',#897,#888,#899,.T.);
#897 = VERTEX_POINT('',#898);
#898 = CARTESIAN_POINT('',(26.2,15.,-5.));
#899 = LINE('',#900,#901);
#900 = CARTESIAN_POINT('',(26.2,-25.7,-5.));
#901 = VECTOR('',#902,1.);
#902 = DIRECTION('',(0.,1.,0.));
#903 = ORIENTED_EDGE('',*,*,#904,.T.);
#904 = EDGE_CURVE('',#897,#905,#907,.T.);
#905 = VERTEX_POINT('',#906);
#906 = CARTESIAN_POINT('',(26.7,15.,-5.));
#907 = LINE('',#908,#909);
#908 = CARTESIAN_POINT('',(25.9,15.,-5.));
#909 = VECTOR('',#910,1.);
#910 = DIRECTION('',(1.,0.,-0.));
#911 = ORIENTED_EDGE('',*,*,#912,.T.);
#912 = EDGE_CURVE('',#905,#913,#915,.T.);
#913 = VERTEX_POINT('',#914);
#914 = CARTESIAN_POINT('',(26.7,4.5,-5.));
#915 = LINE('',#916,#917);
#916 = CARTESIAN_POINT('',(26.7,4.5,-5.));
#917 = VECTOR('',#918,1.);
#918 = DIRECTION('',(0.,-1.,0.));
#919 = ORIENTED_EDGE('',*,*,#920,.F.);
#920 = EDGE_CURVE('',#921,#913,#923,.T.);
#921 = VERTEX_POINT('',#922);
#922 = CARTESIAN_POINT('',(26.2,4.5,-5.));
#923 = LINE('',#924,#925);
#924 = CARTESIAN_POINT('',(25.9,4.5,-5.));
#925 = VECTOR('',#926,1.);
#926 = DIRECTION('',(1.,0.,-0.));
#927 = ORIENTED_EDGE('',*,*,#928,.F.);
#928 = EDGE_CURVE('',#929,#921,#931,.T.);
#929 = VERTEX_POINT('',#930);
#930 = CARTESIAN_POINT('',(26.2,-4.5,-5.));
#931 = LINE('',#932,#933);
#932 = CARTESIAN_POINT('',(26.2,-25.7,-5.));
#933 = VECTOR('',#934,1.);
#934 = DIRECTION('',(0.,1.,0.));
#935 = ORIENTED_EDGE('',*,*,#936,.T.);
#936 = EDGE_CURVE('',#929,#937,#939,.T.);
#937 = VERTEX_POINT('',#938);
#938 = CARTESIAN_POINT('',(26.7,-4.5,-5.));
#939 = LINE('',#940,#941);
#940 = CARTESIAN_POINT('',(25.9,-4.5,-5.));
#941 = VECTOR('',#942,1.);
#942 = DIRECTION('',(1.,0.,-0.));
#943 = ORIENTED_EDGE('',*,*,#944,.T.);
#944 = EDGE_CURVE('',#937,#945,#947,.T.);
#945 = VERTEX_POINT('',#946);
#946 = CARTESIAN_POINT('',(26.7,-15.,-5.));
#947 = LINE('',#948,#949);
#948 = CARTESIAN_POINT('',(26.7,-15.,-5.));
#949 = VECTOR('',#950,1.);
#950 = DIRECTION('',(0.,-1.,0.));
#951 = ORIENTED_EDGE('',*,*,#952,.F.);
#952 = EDGE_CURVE('',#953,#945,#955,.T.);
#953 = VERTEX_POINT('',#954);
#954 = CARTESIAN_POINT('',(26.2,-15.,-5.));
#955 = LINE('',#956,#957);
#956 = CARTESIAN_POINT('',(25.9,-15.,-5.));
#957 = VECTOR('',#958,1.);
#958 = DIRECTION('',(1.,0.,-0.));
#959 = ORIENTED_EDGE('',*,*,#960,.F.);
#960 = EDGE_CURVE('',#961,#953,#963,.T.);
#961 = VERTEX_POINT('',#962);
#962 = CARTESIAN_POINT('',(26.2,-24.1,-5.));
#963 = LINE('',#964,#965);
#964 = CARTESIAN_POINT('',(26.2,-25.7,-5.));
#965 = VECTOR('',#966,1.);
#966 = DIRECTION('',(0.,1.,0.));
#967 = ORIENTED_EDGE('',*,*,#968,.F.);
#968 = EDGE_CURVE('',#969,#961,#971,.T.);
#969 = VERTEX_POINT('',#970);
#970 = CARTESIAN_POINT('',(14.65,-24.1,-5.));
#971 = LINE('',#972,#973);
#972 = CARTESIAN_POINT('',(7.325,-24.1,-5.));
#973 = VECTOR('',#974,1.);
#974 = DIRECTION('',(1.,0.,-0.));
#975 = ORIENTED_EDGE('',*,*,#976,.T.);
#976 = EDGE_CURVE('',#969,#977,#979,.T.);
#977 = VERTEX_POINT('',#978);
#978 = CARTESIAN_POINT('',(14.65,-25.4,-5.));
#979 = CIRCLE('',#980,0.65);
#980 = AXIS2_PLACEMENT_3D('',#981,#982,#983);
#981 = CARTESIAN_POINT('',(14.65,-24.75,-5.));
#982 = DIRECTION('',(0.,0.,1.));
#983 = DIRECTION('',(1.,0.,-0.));
#984 = ORIENTED_EDGE('',*,*,#985,.T.);
#985 = EDGE_CURVE('',#977,#986,#988,.T.);
#986 = VERTEX_POINT('',#987);
#987 = CARTESIAN_POINT('',(13.,-25.4,-5.));
#988 = LINE('',#989,#990);
#989 = CARTESIAN_POINT('',(6.5,-25.4,-5.));
#990 = VECTOR('',#991,1.);
#991 = DIRECTION('',(-1.,-0.,0.));
#992 = ORIENTED_EDGE('',*,*,#993,.F.);
#993 = EDGE_CURVE('',#994,#986,#996,.T.);
#994 = VERTEX_POINT('',#995);
#995 = CARTESIAN_POINT('',(13.,-26.2,-5.));
#996 = LINE('',#997,#998);
#997 = CARTESIAN_POINT('',(13.,-13.1,-5.));
#998 = VECTOR('',#999,1.);
#999 = DIRECTION('',(-0.,1.,0.));
#1000 = ORIENTED_EDGE('',*,*,#1001,.T.);
#1001 = EDGE_CURVE('',#994,#1002,#1004,.T.);
#1002 = VERTEX_POINT('',#1003);
#1003 = CARTESIAN_POINT('',(15.,-26.2,-5.));
#1004 = LINE('',#1005,#1006);
#1005 = CARTESIAN_POINT('',(-25.7,-26.2,-5.));
#1006 = VECTOR('',#1007,1.);
#1007 = DIRECTION('',(1.,0.,0.));
#1008 = ORIENTED_EDGE('',*,*,#1009,.F.);
#1009 = EDGE_CURVE('',#1010,#1002,#1012,.T.);
#1010 = VERTEX_POINT('',#1011);
#1011 = CARTESIAN_POINT('',(15.,-26.7,-5.));
#1012 = LINE('',#1013,#1014);
#1013 = CARTESIAN_POINT('',(15.,-26.71,-5.));
#1014 = VECTOR('',#1015,1.);
#1015 = DIRECTION('',(-0.,1.,0.));
#1016 = ORIENTED_EDGE('',*,*,#1017,.F.);
#1017 = EDGE_CURVE('',#1018,#1010,#1020,.T.);
#1018 = VERTEX_POINT('',#1019);
#1019 = CARTESIAN_POINT('',(4.5,-26.7,-5.));
#1020 = LINE('',#1021,#1022);
#1021 = CARTESIAN_POINT('',(4.5,-26.7,-5.));
#1022 = VECTOR('',#1023,1.);
#1023 = DIRECTION('',(1.,0.,-0.));
#1024 = ORIENTED_EDGE('',*,*,#1025,.T.);
#1025 = EDGE_CURVE('',#1018,#1026,#1028,.T.);
#1026 = VERTEX_POINT('',#1027);
#1027 = CARTESIAN_POINT('',(4.5,-26.2,-5.));
#1028 = LINE('',#1029,#1030);
#1029 = CARTESIAN_POINT('',(4.5,-26.71,-5.));
#1030 = VECTOR('',#1031,1.);
#1031 = DIRECTION('',(-0.,1.,0.));
#1032 = ORIENTED_EDGE('',*,*,#1033,.F.);
#1033 = EDGE_CURVE('',#436,#1026,#1034,.T.);
#1034 = LINE('',#1035,#1036);
#1035 = CARTESIAN_POINT('',(-25.7,-26.2,-5.));
#1036 = VECTOR('',#1037,1.);
#1037 = DIRECTION('',(1.,0.,0.));
#1038 = ORIENTED_EDGE('',*,*,#435,.F.);
#1039 = FACE_BOUND('',#1040,.T.);
#1040 = EDGE_LOOP('',(#1041,#1051,#1059,#1067));
#1041 = ORIENTED_EDGE('',*,*,#1042,.F.);
#1042 = EDGE_CURVE('',#1043,#1045,#1047,.T.);
#1043 = VERTEX_POINT('',#1044);
#1044 = CARTESIAN_POINT('',(24.9625,-11.2,-5.));
#1045 = VERTEX_POINT('',#1046);
#1046 = CARTESIAN_POINT('',(16.9625,-11.2,-5.));
#1047 = LINE('',#1048,#1049);
#1048 = CARTESIAN_POINT('',(8.48125,-11.2,-5.));
#1049 = VECTOR('',#1050,1.);
#1050 = DIRECTION('',(-1.,-0.,0.));
#1051 = ORIENTED_EDGE('',*,*,#1052,.T.);
#1052 = EDGE_CURVE('',#1043,#1053,#1055,.T.);
#1053 = VERTEX_POINT('',#1054);
#1054 = CARTESIAN_POINT('',(24.9625,11.2,-5.));
#1055 = LINE('',#1056,#1057);
#1056 = CARTESIAN_POINT('',(24.9625,-5.6,-5.));
#1057 = VECTOR('',#1058,1.);
#1058 = DIRECTION('',(-0.,1.,0.));
#1059 = ORIENTED_EDGE('',*,*,#1060,.T.);
#1060 = EDGE_CURVE('',#1053,#1061,#1063,.T.);
#1061 = VERTEX_POINT('',#1062);
#1062 = CARTESIAN_POINT('',(16.9625,11.2,-5.));
#1063 = LINE('',#1064,#1065);
#1064 = CARTESIAN_POINT('',(8.48125,11.2,-5.));
#1065 = VECTOR('',#1066,1.);
#1066 = DIRECTION('',(-1.,-0.,0.));
#1067 = ORIENTED_EDGE('',*,*,#1068,.F.);
#1068 = EDGE_CURVE('',#1045,#1061,#1069,.T.);
#1069 = LINE('',#1070,#1071);
#1070 = CARTESIAN_POINT('',(16.9625,-5.6,-5.));
#1071 = VECTOR('',#1072,1.);
#1072 = DIRECTION('',(-0.,1.,0.));
#1073 = FACE_BOUND('',#1074,.T.);
#1074 = EDGE_LOOP('',(#1075,#1085,#1093,#1101,#1109,#1117,#1125,#1133,
    #1141,#1149,#1157,#1165,#1173,#1181,#1189,#1198,#1206,#1215,#1223,
    #1231,#1239,#1247,#1255,#1264,#1272,#1281,#1289,#1297));
#1075 = ORIENTED_EDGE('',*,*,#1076,.F.);
#1076 = EDGE_CURVE('',#1077,#1079,#1081,.T.);
#1077 = VERTEX_POINT('',#1078);
#1078 = CARTESIAN_POINT('',(26.1,-23.7,-5.));
#1079 = VERTEX_POINT('',#1080);
#1080 = CARTESIAN_POINT('',(15.3,-23.7,-5.));
#1081 = LINE('',#1082,#1083);
#1082 = CARTESIAN_POINT('',(7.65,-23.7,-5.));
#1083 = VECTOR('',#1084,1.);
#1084 = DIRECTION('',(-1.,-0.,0.));
#1085 = ORIENTED_EDGE('',*,*,#1086,.T.);
#1086 = EDGE_CURVE('',#1077,#1087,#1089,.T.);
#1087 = VERTEX_POINT('',#1088);
#1088 = CARTESIAN_POINT('',(26.1,-15.3,-5.));
#1089 = LINE('',#1090,#1091);
#1090 = CARTESIAN_POINT('',(26.1,-11.85,-5.));
#1091 = VECTOR('',#1092,1.);
#1092 = DIRECTION('',(-0.,1.,0.));
#1093 = ORIENTED_EDGE('',*,*,#1094,.T.);
#1094 = EDGE_CURVE('',#1087,#1095,#1097,.T.);
#1095 = VERTEX_POINT('',#1096);
#1096 = CARTESIAN_POINT('',(20.995,-15.3,-5.));
#1097 = LINE('',#1098,#1099);
#1098 = CARTESIAN_POINT('',(7.65,-15.3,-5.));
#1099 = VECTOR('',#1100,1.);
#1100 = DIRECTION('',(-1.,-0.,0.));
#1101 = ORIENTED_EDGE('',*,*,#1102,.T.);
#1102 = EDGE_CURVE('',#1095,#1103,#1105,.T.);
#1103 = VERTEX_POINT('',#1104);
#1104 = CARTESIAN_POINT('',(20.995,-15.2,-5.));
#1105 = LINE('',#1106,#1107);
#1106 = CARTESIAN_POINT('',(20.995,-8.1,-5.));
#1107 = VECTOR('',#1108,1.);
#1108 = DIRECTION('',(-0.,1.,0.));
#1109 = ORIENTED_EDGE('',*,*,#1110,.T.);
#1110 = EDGE_CURVE('',#1103,#1111,#1113,.T.);
#1111 = VERTEX_POINT('',#1112);
#1112 = CARTESIAN_POINT('',(14.975,-15.2,-5.));
#1113 = LINE('',#1114,#1115);
#1114 = CARTESIAN_POINT('',(7.4875,-15.2,-5.));
#1115 = VECTOR('',#1116,1.);
#1116 = DIRECTION('',(-1.,-0.,0.));
#1117 = ORIENTED_EDGE('',*,*,#1118,.T.);
#1118 = EDGE_CURVE('',#1111,#1119,#1121,.T.);
#1119 = VERTEX_POINT('',#1120);
#1120 = CARTESIAN_POINT('',(14.975,15.2,-5.));
#1121 = LINE('',#1122,#1123);
#1122 = CARTESIAN_POINT('',(14.975,-10.52138667808,-5.));
#1123 = VECTOR('',#1124,1.);
#1124 = DIRECTION('',(0.,1.,-0.));
#1125 = ORIENTED_EDGE('',*,*,#1126,.F.);
#1126 = EDGE_CURVE('',#1127,#1119,#1129,.T.);
#1127 = VERTEX_POINT('',#1128);
#1128 = CARTESIAN_POINT('',(20.995,15.2,-5.));
#1129 = LINE('',#1130,#1131);
#1130 = CARTESIAN_POINT('',(7.4875,15.2,-5.));
#1131 = VECTOR('',#1132,1.);
#1132 = DIRECTION('',(-1.,-0.,0.));
#1133 = ORIENTED_EDGE('',*,*,#1134,.T.);
#1134 = EDGE_CURVE('',#1127,#1135,#1137,.T.);
#1135 = VERTEX_POINT('',#1136);
#1136 = CARTESIAN_POINT('',(20.995,15.3,-5.));
#1137 = LINE('',#1138,#1139);
#1138 = CARTESIAN_POINT('',(20.995,7.6,-5.));
#1139 = VECTOR('',#1140,1.);
#1140 = DIRECTION('',(-0.,1.,0.));
#1141 = ORIENTED_EDGE('',*,*,#1142,.F.);
#1142 = EDGE_CURVE('',#1143,#1135,#1145,.T.);
#1143 = VERTEX_POINT('',#1144);
#1144 = CARTESIAN_POINT('',(26.1,15.3,-5.));
#1145 = LINE('',#1146,#1147);
#1146 = CARTESIAN_POINT('',(7.65,15.3,-5.));
#1147 = VECTOR('',#1148,1.);
#1148 = DIRECTION('',(-1.,-0.,0.));
#1149 = ORIENTED_EDGE('',*,*,#1150,.T.);
#1150 = EDGE_CURVE('',#1143,#1151,#1153,.T.);
#1151 = VERTEX_POINT('',#1152);
#1152 = CARTESIAN_POINT('',(26.1,23.7,-5.));
#1153 = LINE('',#1154,#1155);
#1154 = CARTESIAN_POINT('',(26.1,7.65,-5.));
#1155 = VECTOR('',#1156,1.);
#1156 = DIRECTION('',(-0.,1.,0.));
#1157 = ORIENTED_EDGE('',*,*,#1158,.T.);
#1158 = EDGE_CURVE('',#1151,#1159,#1161,.T.);
#1159 = VERTEX_POINT('',#1160);
#1160 = CARTESIAN_POINT('',(15.3,23.7,-5.));
#1161 = LINE('',#1162,#1163);
#1162 = CARTESIAN_POINT('',(7.65,23.7,-5.));
#1163 = VECTOR('',#1164,1.);
#1164 = DIRECTION('',(-1.,-0.,0.));
#1165 = ORIENTED_EDGE('',*,*,#1166,.F.);
#1166 = EDGE_CURVE('',#1167,#1159,#1169,.T.);
#1167 = VERTEX_POINT('',#1168);
#1168 = CARTESIAN_POINT('',(15.3,16.2,-5.));
#1169 = LINE('',#1170,#1171);
#1170 = CARTESIAN_POINT('',(15.3,7.65,-5.));
#1171 = VECTOR('',#1172,1.);
#1172 = DIRECTION('',(-0.,1.,0.));
#1173 = ORIENTED_EDGE('',*,*,#1174,.T.);
#1174 = EDGE_CURVE('',#1167,#1175,#1177,.T.);
#1175 = VERTEX_POINT('',#1176);
#1176 = CARTESIAN_POINT('',(14.975,16.2,-5.));
#1177 = LINE('',#1178,#1179);
#1178 = CARTESIAN_POINT('',(7.4875,16.2,-5.));
#1179 = VECTOR('',#1180,1.);
#1180 = DIRECTION('',(-1.,-0.,0.));
#1181 = ORIENTED_EDGE('',*,*,#1182,.T.);
#1182 = EDGE_CURVE('',#1175,#1183,#1185,.T.);
#1183 = VERTEX_POINT('',#1184);
#1184 = CARTESIAN_POINT('',(14.975,19.85,-5.));
#1185 = LINE('',#1186,#1187);
#1186 = CARTESIAN_POINT('',(14.975,-10.52138667808,-5.));
#1187 = VECTOR('',#1188,1.);
#1188 = DIRECTION('',(0.,1.,-0.));
#1189 = ORIENTED_EDGE('',*,*,#1190,.F.);
#1190 = EDGE_CURVE('',#1191,#1183,#1193,.T.);
#1191 = VERTEX_POINT('',#1192);
#1192 = CARTESIAN_POINT('',(9.875,24.95,-5.));
#1193 = CIRCLE('',#1194,5.1);
#1194 = AXIS2_PLACEMENT_3D('',#1195,#1196,#1197);
#1195 = CARTESIAN_POINT('',(9.875,19.85,-5.));
#1196 = DIRECTION('',(0.,-0.,-1.));
#1197 = DIRECTION('',(1.,-6.96610525255E-16,0.));
#1198 = ORIENTED_EDGE('',*,*,#1199,.T.);
#1199 = EDGE_CURVE('',#1191,#1200,#1202,.T.);
#1200 = VERTEX_POINT('',#1201);
#1201 = CARTESIAN_POINT('',(-9.875,24.95,-5.));
#1202 = LINE('',#1203,#1204);
#1203 = CARTESIAN_POINT('',(4.9375,24.95,-5.));
#1204 = VECTOR('',#1205,1.);
#1205 = DIRECTION('',(-1.,0.,0.));
#1206 = ORIENTED_EDGE('',*,*,#1207,.F.);
#1207 = EDGE_CURVE('',#1208,#1200,#1210,.T.);
#1208 = VERTEX_POINT('',#1209);
#1209 = CARTESIAN_POINT('',(-14.975,19.85,-5.));
#1210 = CIRCLE('',#1211,5.1);
#1211 = AXIS2_PLACEMENT_3D('',#1212,#1213,#1214);
#1212 = CARTESIAN_POINT('',(-9.875,19.85,-5.));
#1213 = DIRECTION('',(0.,-0.,-1.));
#1214 = DIRECTION('',(6.96610525255E-16,1.,-0.));
#1215 = ORIENTED_EDGE('',*,*,#1216,.T.);
#1216 = EDGE_CURVE('',#1208,#1217,#1219,.T.);
#1217 = VERTEX_POINT('',#1218);
#1218 = CARTESIAN_POINT('',(-14.975,3.5,-5.));
#1219 = LINE('',#1220,#1221);
#1220 = CARTESIAN_POINT('',(-14.975,9.328613321915,-5.));
#1221 = VECTOR('',#1222,1.);
#1222 = DIRECTION('',(0.,-1.,0.));
#1223 = ORIENTED_EDGE('',*,*,#1224,.T.);
#1224 = EDGE_CURVE('',#1217,#1225,#1227,.T.);
#1225 = VERTEX_POINT('',#1226);
#1226 = CARTESIAN_POINT('',(-16.2,3.5,-5.));
#1227 = LINE('',#1228,#1229);
#1228 = CARTESIAN_POINT('',(-8.1,3.5,-5.));
#1229 = VECTOR('',#1230,1.);
#1230 = DIRECTION('',(-1.,-0.,0.));
#1231 = ORIENTED_EDGE('',*,*,#1232,.F.);
#1232 = EDGE_CURVE('',#1233,#1225,#1235,.T.);
#1233 = VERTEX_POINT('',#1234);
#1234 = CARTESIAN_POINT('',(-16.2,-10.,-5.));
#1235 = LINE('',#1236,#1237);
#1236 = CARTESIAN_POINT('',(-16.2,-5.,-5.));
#1237 = VECTOR('',#1238,1.);
#1238 = DIRECTION('',(-0.,1.,0.));
#1239 = ORIENTED_EDGE('',*,*,#1240,.F.);
#1240 = EDGE_CURVE('',#1241,#1233,#1243,.T.);
#1241 = VERTEX_POINT('',#1242);
#1242 = CARTESIAN_POINT('',(-14.975,-10.,-5.));
#1243 = LINE('',#1244,#1245);
#1244 = CARTESIAN_POINT('',(-8.1,-10.,-5.));
#1245 = VECTOR('',#1246,1.);
#1246 = DIRECTION('',(-1.,-0.,0.));
#1247 = ORIENTED_EDGE('',*,*,#1248,.T.);
#1248 = EDGE_CURVE('',#1241,#1249,#1251,.T.);
#1249 = VERTEX_POINT('',#1250);
#1250 = CARTESIAN_POINT('',(-14.975,-19.85,-5.));
#1251 = LINE('',#1252,#1253);
#1252 = CARTESIAN_POINT('',(-14.975,9.328613321915,-5.));
#1253 = VECTOR('',#1254,1.);
#1254 = DIRECTION('',(0.,-1.,0.));
#1255 = ORIENTED_EDGE('',*,*,#1256,.F.);
#1256 = EDGE_CURVE('',#1257,#1249,#1259,.T.);
#1257 = VERTEX_POINT('',#1258);
#1258 = CARTESIAN_POINT('',(-9.875,-24.95,-5.));
#1259 = CIRCLE('',#1260,5.1);
#1260 = AXIS2_PLACEMENT_3D('',#1261,#1262,#1263);
#1261 = CARTESIAN_POINT('',(-9.875,-19.85,-5.));
#1262 = DIRECTION('',(-0.,0.,-1.));
#1263 = DIRECTION('',(-1.,6.96610525255E-16,0.));
#1264 = ORIENTED_EDGE('',*,*,#1265,.T.);
#1265 = EDGE_CURVE('',#1257,#1266,#1268,.T.);
#1266 = VERTEX_POINT('',#1267);
#1267 = CARTESIAN_POINT('',(9.875,-24.95,-5.));
#1268 = LINE('',#1269,#1270);
#1269 = CARTESIAN_POINT('',(-4.9375,-24.95,-5.));
#1270 = VECTOR('',#1271,1.);
#1271 = DIRECTION('',(1.,0.,0.));
#1272 = ORIENTED_EDGE('',*,*,#1273,.F.);
#1273 = EDGE_CURVE('',#1274,#1266,#1276,.T.);
#1274 = VERTEX_POINT('',#1275);
#1275 = CARTESIAN_POINT('',(14.975,-19.85,-5.));
#1276 = CIRCLE('',#1277,5.1);
#1277 = AXIS2_PLACEMENT_3D('',#1278,#1279,#1280);
#1278 = CARTESIAN_POINT('',(9.875,-19.85,-5.));
#1279 = DIRECTION('',(-0.,0.,-1.));
#1280 = DIRECTION('',(-6.96610525255E-16,-1.,0.));
#1281 = ORIENTED_EDGE('',*,*,#1282,.T.);
#1282 = EDGE_CURVE('',#1274,#1283,#1285,.T.);
#1283 = VERTEX_POINT('',#1284);
#1284 = CARTESIAN_POINT('',(14.975,-16.2,-5.));
#1285 = LINE('',#1286,#1287);
#1286 = CARTESIAN_POINT('',(14.975,-10.52138667808,-5.));
#1287 = VECTOR('',#1288,1.);
#1288 = DIRECTION('',(0.,1.,-0.));
#1289 = ORIENTED_EDGE('',*,*,#1290,.F.);
#1290 = EDGE_CURVE('',#1291,#1283,#1293,.T.);
#1291 = VERTEX_POINT('',#1292);
#1292 = CARTESIAN_POINT('',(15.3,-16.2,-5.));
#1293 = LINE('',#1294,#1295);
#1294 = CARTESIAN_POINT('',(7.4875,-16.2,-5.));
#1295 = VECTOR('',#1296,1.);
#1296 = DIRECTION('',(-1.,-0.,0.));
#1297 = ORIENTED_EDGE('',*,*,#1298,.F.);
#1298 = EDGE_CURVE('',#1079,#1291,#1299,.T.);
#1299 = LINE('',#1300,#1301);
#1300 = CARTESIAN_POINT('',(15.3,-11.85,-5.));
#1301 = VECTOR('',#1302,1.);
#1302 = DIRECTION('',(-0.,1.,0.));
#1303 = FACE_BOUND('',#1304,.T.);
#1304 = EDGE_LOOP('',(#1305,#1315,#1323,#1331));
#1305 = ORIENTED_EDGE('',*,*,#1306,.F.);
#1306 = EDGE_CURVE('',#1307,#1309,#1311,.T.);
#1307 = VERTEX_POINT('',#1308);
#1308 = CARTESIAN_POINT('',(-15.3,-23.7,-5.));
#1309 = VERTEX_POINT('',#1310);
#1310 = CARTESIAN_POINT('',(-26.1,-23.7,-5.));
#1311 = LINE('',#1312,#1313);
#1312 = CARTESIAN_POINT('',(-13.05,-23.7,-5.));
#1313 = VECTOR('',#1314,1.);
#1314 = DIRECTION('',(-1.,-0.,0.));
#1315 = ORIENTED_EDGE('',*,*,#1316,.T.);
#1316 = EDGE_CURVE('',#1307,#1317,#1319,.T.);
#1317 = VERTEX_POINT('',#1318);
#1318 = CARTESIAN_POINT('',(-15.3,-15.3,-5.));
#1319 = LINE('',#1320,#1321);
#1320 = CARTESIAN_POINT('',(-15.3,-11.85,-5.));
#1321 = VECTOR('',#1322,1.);
#1322 = DIRECTION('',(-0.,1.,0.));
#1323 = ORIENTED_EDGE('',*,*,#1324,.T.);
#1324 = EDGE_CURVE('',#1317,#1325,#1327,.T.);
#1325 = VERTEX_POINT('',#1326);
#1326 = CARTESIAN_POINT('',(-26.1,-15.3,-5.));
#1327 = LINE('',#1328,#1329);
#1328 = CARTESIAN_POINT('',(-13.05,-15.3,-5.));
#1329 = VECTOR('',#1330,1.);
#1330 = DIRECTION('',(-1.,-0.,0.));
#1331 = ORIENTED_EDGE('',*,*,#1332,.F.);
#1332 = EDGE_CURVE('',#1309,#1325,#1333,.T.);
#1333 = LINE('',#1334,#1335);
#1334 = CARTESIAN_POINT('',(-26.1,-11.85,-5.));
#1335 = VECTOR('',#1336,1.);
#1336 = DIRECTION('',(-0.,1.,0.));
#1337 = FACE_BOUND('',#1338,.T.);
#1338 = EDGE_LOOP('',(#1339,#1349,#1357,#1365,#1373,#1381));
#1339 = ORIENTED_EDGE('',*,*,#1340,.F.);
#1340 = EDGE_CURVE('',#1341,#1343,#1345,.T.);
#1341 = VERTEX_POINT('',#1342);
#1342 = CARTESIAN_POINT('',(-20.7125,1.45,-5.));
#1343 = VERTEX_POINT('',#1344);
#1344 = CARTESIAN_POINT('',(-25.3125,1.45,-5.));
#1345 = LINE('',#1346,#1347);
#1346 = CARTESIAN_POINT('',(-12.65625,1.45,-5.));
#1347 = VECTOR('',#1348,1.);
#1348 = DIRECTION('',(-1.,-0.,0.));
#1349 = ORIENTED_EDGE('',*,*,#1350,.T.);
#1350 = EDGE_CURVE('',#1341,#1351,#1353,.T.);
#1351 = VERTEX_POINT('',#1352);
#1352 = CARTESIAN_POINT('',(-20.7125,4.45,-5.));
#1353 = LINE('',#1354,#1355);
#1354 = CARTESIAN_POINT('',(-20.7125,0.725,-5.));
#1355 = VECTOR('',#1356,1.);
#1356 = DIRECTION('',(-0.,1.,0.));
#1357 = ORIENTED_EDGE('',*,*,#1358,.F.);
#1358 = EDGE_CURVE('',#1359,#1351,#1361,.T.);
#1359 = VERTEX_POINT('',#1360);
#1360 = CARTESIAN_POINT('',(-15.0125,4.45,-5.));
#1361 = LINE('',#1362,#1363);
#1362 = CARTESIAN_POINT('',(-12.65625,4.45,-5.));
#1363 = VECTOR('',#1364,1.);
#1364 = DIRECTION('',(-1.,-0.,0.));
#1365 = ORIENTED_EDGE('',*,*,#1366,.T.);
#1366 = EDGE_CURVE('',#1359,#1367,#1369,.T.);
#1367 = VERTEX_POINT('',#1368);
#1368 = CARTESIAN_POINT('',(-15.0125,14.75,-5.));
#1369 = LINE('',#1370,#1371);
#1370 = CARTESIAN_POINT('',(-15.0125,2.225,-5.));
#1371 = VECTOR('',#1372,1.);
#1372 = DIRECTION('',(-0.,1.,0.));
#1373 = ORIENTED_EDGE('',*,*,#1374,.T.);
#1374 = EDGE_CURVE('',#1367,#1375,#1377,.T.);
#1375 = VERTEX_POINT('',#1376);
#1376 = CARTESIAN_POINT('',(-25.3125,14.75,-5.));
#1377 = LINE('',#1378,#1379);
#1378 = CARTESIAN_POINT('',(-12.65625,14.75,-5.));
#1379 = VECTOR('',#1380,1.);
#1380 = DIRECTION('',(-1.,-0.,0.));
#1381 = ORIENTED_EDGE('',*,*,#1382,.F.);
#1382 = EDGE_CURVE('',#1343,#1375,#1383,.T.);
#1383 = LINE('',#1384,#1385);
#1384 = CARTESIAN_POINT('',(-25.3125,2.225,-5.));
#1385 = VECTOR('',#1386,1.);
#1386 = DIRECTION('',(-0.,1.,0.));
#1387 = FACE_BOUND('',#1388,.T.);
#1388 = EDGE_LOOP('',(#1389,#1399,#1407,#1415));
#1389 = ORIENTED_EDGE('',*,*,#1390,.F.);
#1390 = EDGE_CURVE('',#1391,#1393,#1395,.T.);
#1391 = VERTEX_POINT('',#1392);
#1392 = CARTESIAN_POINT('',(-15.3,15.3,-5.));
#1393 = VERTEX_POINT('',#1394);
#1394 = CARTESIAN_POINT('',(-26.1,15.3,-5.));
#1395 = LINE('',#1396,#1397);
#1396 = CARTESIAN_POINT('',(-13.05,15.3,-5.));
#1397 = VECTOR('',#1398,1.);
#1398 = DIRECTION('',(-1.,-0.,0.));
#1399 = ORIENTED_EDGE('',*,*,#1400,.T.);
#1400 = EDGE_CURVE('',#1391,#1401,#1403,.T.);
#1401 = VERTEX_POINT('',#1402);
#1402 = CARTESIAN_POINT('',(-15.3,23.7,-5.));
#1403 = LINE('',#1404,#1405);
#1404 = CARTESIAN_POINT('',(-15.3,7.65,-5.));
#1405 = VECTOR('',#1406,1.);
#1406 = DIRECTION('',(-0.,1.,0.));
#1407 = ORIENTED_EDGE('',*,*,#1408,.T.);
#1408 = EDGE_CURVE('',#1401,#1409,#1411,.T.);
#1409 = VERTEX_POINT('',#1410);
#1410 = CARTESIAN_POINT('',(-26.1,23.7,-5.));
#1411 = LINE('',#1412,#1413);
#1412 = CARTESIAN_POINT('',(-13.05,23.7,-5.));
#1413 = VECTOR('',#1414,1.);
#1414 = DIRECTION('',(-1.,-0.,0.));
#1415 = ORIENTED_EDGE('',*,*,#1416,.F.);
#1416 = EDGE_CURVE('',#1393,#1409,#1417,.T.);
#1417 = LINE('',#1418,#1419);
#1418 = CARTESIAN_POINT('',(-26.1,7.65,-5.));
#1419 = VECTOR('',#1420,1.);
#1420 = DIRECTION('',(-0.,1.,0.));
#1421 = PLANE('',#1422);
#1422 = AXIS2_PLACEMENT_3D('',#1423,#1424,#1425);
#1423 = CARTESIAN_POINT('',(-1.371789417303E-15,-1.192773356171,-5.));
#1424 = DIRECTION('',(-0.,-0.,-1.));
#1425 = DIRECTION('',(-1.,0.,0.));
#1426 = ADVANCED_FACE('',(#1427),#1461,.F.);
#1427 = FACE_BOUND('',#1428,.F.);
#1428 = EDGE_LOOP('',(#1429,#1439,#1447,#1455));
#1429 = ORIENTED_EDGE('',*,*,#1430,.F.);
#1430 = EDGE_CURVE('',#1431,#1433,#1435,.T.);
#1431 = VERTEX_POINT('',#1432);
#1432 = CARTESIAN_POINT('',(15.,-27.7,-7.8));
#1433 = VERTEX_POINT('',#1434);
#1434 = CARTESIAN_POINT('',(15.,-27.7,-3.5));
#1435 = LINE('',#1436,#1437);
#1436 = CARTESIAN_POINT('',(15.,-27.7,-7.81));
#1437 = VECTOR('',#1438,1.);
#1438 = DIRECTION('',(0.,0.,1.));
#1439 = ORIENTED_EDGE('',*,*,#1440,.T.);
#1440 = EDGE_CURVE('',#1431,#1441,#1443,.T.);
#1441 = VERTEX_POINT('',#1442);
#1442 = CARTESIAN_POINT('',(4.5,-27.7,-7.8));
#1443 = LINE('',#1444,#1445);
#1444 = CARTESIAN_POINT('',(2.25,-27.7,-7.8));
#1445 = VECTOR('',#1446,1.);
#1446 = DIRECTION('',(-1.,-0.,0.));
#1447 = ORIENTED_EDGE('',*,*,#1448,.T.);
#1448 = EDGE_CURVE('',#1441,#1449,#1451,.T.);
#1449 = VERTEX_POINT('',#1450);
#1450 = CARTESIAN_POINT('',(4.5,-27.7,-3.5));
#1451 = LINE('',#1452,#1453);
#1452 = CARTESIAN_POINT('',(4.5,-27.7,-7.81));
#1453 = VECTOR('',#1454,1.);
#1454 = DIRECTION('',(0.,0.,1.));
#1455 = ORIENTED_EDGE('',*,*,#1456,.T.);
#1456 = EDGE_CURVE('',#1449,#1433,#1457,.T.);
#1457 = LINE('',#1458,#1459);
#1458 = CARTESIAN_POINT('',(4.5,-27.7,-3.5));
#1459 = VECTOR('',#1460,1.);
#1460 = DIRECTION('',(1.,0.,-0.));
#1461 = PLANE('',#1462);
#1462 = AXIS2_PLACEMENT_3D('',#1463,#1464,#1465);
#1463 = CARTESIAN_POINT('',(4.5,-27.7,-7.81));
#1464 = DIRECTION('',(-0.,1.,0.));
#1465 = DIRECTION('',(0.,0.,1.));
#1466 = ADVANCED_FACE('',(#1467),#1515,.T.);
#1467 = FACE_BOUND('',#1468,.T.);
#1468 = EDGE_LOOP('',(#1469,#1477,#1478,#1486,#1492,#1493,#1501,#1509));
#1469 = ORIENTED_EDGE('',*,*,#1470,.F.);
#1470 = EDGE_CURVE('',#1433,#1471,#1473,.T.);
#1471 = VERTEX_POINT('',#1472);
#1472 = CARTESIAN_POINT('',(15.,-26.21,-3.5));
#1473 = LINE('',#1474,#1475);
#1474 = CARTESIAN_POINT('',(15.,-27.7,-3.5));
#1475 = VECTOR('',#1476,1.);
#1476 = DIRECTION('',(-0.,1.,0.));
#1477 = ORIENTED_EDGE('',*,*,#1430,.F.);
#1478 = ORIENTED_EDGE('',*,*,#1479,.T.);
#1479 = EDGE_CURVE('',#1431,#1480,#1482,.T.);
#1480 = VERTEX_POINT('',#1481);
#1481 = CARTESIAN_POINT('',(15.,-26.7,-7.8));
#1482 = LINE('',#1483,#1484);
#1483 = CARTESIAN_POINT('',(15.,-13.85,-7.8));
#1484 = VECTOR('',#1485,1.);
#1485 = DIRECTION('',(-0.,1.,0.));
#1486 = ORIENTED_EDGE('',*,*,#1487,.T.);
#1487 = EDGE_CURVE('',#1480,#1010,#1488,.T.);
#1488 = LINE('',#1489,#1490);
#1489 = CARTESIAN_POINT('',(15.,-26.7,-7.81));
#1490 = VECTOR('',#1491,1.);
#1491 = DIRECTION('',(0.,0.,1.));
#1492 = ORIENTED_EDGE('',*,*,#1009,.T.);
#1493 = ORIENTED_EDGE('',*,*,#1494,.F.);
#1494 = EDGE_CURVE('',#1495,#1002,#1497,.T.);
#1495 = VERTEX_POINT('',#1496);
#1496 = CARTESIAN_POINT('',(15.,-26.2,-3.74));
#1497 = LINE('',#1498,#1499);
#1498 = CARTESIAN_POINT('',(15.,-26.2,-5.));
#1499 = VECTOR('',#1500,1.);
#1500 = DIRECTION('',(-0.,0.,-1.));
#1501 = ORIENTED_EDGE('',*,*,#1502,.T.);
#1502 = EDGE_CURVE('',#1495,#1503,#1505,.T.);
#1503 = VERTEX_POINT('',#1504);
#1504 = CARTESIAN_POINT('',(15.,-26.21,-3.75));
#1505 = LINE('',#1506,#1507);
#1506 = CARTESIAN_POINT('',(15.,-26.87,-4.41));
#1507 = VECTOR('',#1508,1.);
#1508 = DIRECTION('',(-3.695928875402E-16,-0.707106781187,
    -0.707106781187));
#1509 = ORIENTED_EDGE('',*,*,#1510,.T.);
#1510 = EDGE_CURVE('',#1503,#1471,#1511,.T.);
#1511 = LINE('',#1512,#1513);
#1512 = CARTESIAN_POINT('',(15.,-26.21,-4.509655172414));
#1513 = VECTOR('',#1514,1.);
#1514 = DIRECTION('',(-0.,-0.,1.));
#1515 = PLANE('',#1516);
#1516 = AXIS2_PLACEMENT_3D('',#1517,#1518,#1519);
#1517 = CARTESIAN_POINT('',(15.,-27.07068965517,-5.529310344828));
#1518 = DIRECTION('',(1.,-5.22683274116E-16,0.));
#1519 = DIRECTION('',(5.22683274116E-16,1.,0.));
#1520 = ADVANCED_FACE('',(#1521),#1553,.T.);
#1521 = FACE_BOUND('',#1522,.T.);
#1522 = EDGE_LOOP('',(#1523,#1531,#1537,#1538,#1546,#1552));
#1523 = ORIENTED_EDGE('',*,*,#1524,.T.);
#1524 = EDGE_CURVE('',#1449,#1525,#1527,.T.);
#1525 = VERTEX_POINT('',#1526);
#1526 = CARTESIAN_POINT('',(4.5,-26.2,-3.5));
#1527 = LINE('',#1528,#1529);
#1528 = CARTESIAN_POINT('',(4.5,-26.71,-3.5));
#1529 = VECTOR('',#1530,1.);
#1530 = DIRECTION('',(-0.,1.,0.));
#1531 = ORIENTED_EDGE('',*,*,#1532,.T.);
#1532 = EDGE_CURVE('',#1525,#1026,#1533,.T.);
#1533 = LINE('',#1534,#1535);
#1534 = CARTESIAN_POINT('',(4.5,-26.2,-5.));
#1535 = VECTOR('',#1536,1.);
#1536 = DIRECTION('',(-0.,0.,-1.));
#1537 = ORIENTED_EDGE('',*,*,#1025,.F.);
#1538 = ORIENTED_EDGE('',*,*,#1539,.F.);
#1539 = EDGE_CURVE('',#1540,#1018,#1542,.T.);
#1540 = VERTEX_POINT('',#1541);
#1541 = CARTESIAN_POINT('',(4.5,-26.7,-7.8));
#1542 = LINE('',#1543,#1544);
#1543 = CARTESIAN_POINT('',(4.5,-26.7,-7.81));
#1544 = VECTOR('',#1545,1.);
#1545 = DIRECTION('',(0.,0.,1.));
#1546 = ORIENTED_EDGE('',*,*,#1547,.F.);
#1547 = EDGE_CURVE('',#1441,#1540,#1548,.T.);
#1548 = LINE('',#1549,#1550);
#1549 = CARTESIAN_POINT('',(4.5,-13.85,-7.8));
#1550 = VECTOR('',#1551,1.);
#1551 = DIRECTION('',(-0.,1.,0.));
#1552 = ORIENTED_EDGE('',*,*,#1448,.T.);
#1553 = PLANE('',#1554);
#1554 = AXIS2_PLACEMENT_3D('',#1555,#1556,#1557);
#1555 = CARTESIAN_POINT('',(4.5,-27.07068965517,-5.529310344828));
#1556 = DIRECTION('',(-1.,-0.,-0.));
#1557 = DIRECTION('',(0.,0.,-1.));
#1558 = ADVANCED_FACE('',(#1559),#1570,.T.);
#1559 = FACE_BOUND('',#1560,.T.);
#1560 = EDGE_LOOP('',(#1561,#1562,#1568,#1569));
#1561 = ORIENTED_EDGE('',*,*,#1487,.F.);
#1562 = ORIENTED_EDGE('',*,*,#1563,.T.);
#1563 = EDGE_CURVE('',#1480,#1540,#1564,.T.);
#1564 = LINE('',#1565,#1566);
#1565 = CARTESIAN_POINT('',(2.25,-26.7,-7.8));
#1566 = VECTOR('',#1567,1.);
#1567 = DIRECTION('',(-1.,-0.,0.));
#1568 = ORIENTED_EDGE('',*,*,#1539,.T.);
#1569 = ORIENTED_EDGE('',*,*,#1017,.T.);
#1570 = PLANE('',#1571);
#1571 = AXIS2_PLACEMENT_3D('',#1572,#1573,#1574);
#1572 = CARTESIAN_POINT('',(4.5,-26.7,-7.81));
#1573 = DIRECTION('',(-0.,1.,0.));
#1574 = DIRECTION('',(0.,0.,1.));
#1575 = ADVANCED_FACE('',(#1576),#1642,.F.);
#1576 = FACE_BOUND('',#1577,.F.);
#1577 = EDGE_LOOP('',(#1578,#1588,#1596,#1604,#1612,#1620,#1628,#1636));
#1578 = ORIENTED_EDGE('',*,*,#1579,.F.);
#1579 = EDGE_CURVE('',#1580,#1582,#1584,.T.);
#1580 = VERTEX_POINT('',#1581);
#1581 = CARTESIAN_POINT('',(-35.5,32.5,-9.));
#1582 = VERTEX_POINT('',#1583);
#1583 = CARTESIAN_POINT('',(-35.5,-32.5,-9.));
#1584 = LINE('',#1585,#1586);
#1585 = CARTESIAN_POINT('',(-35.5,32.5,-9.));
#1586 = VECTOR('',#1587,1.);
#1587 = DIRECTION('',(0.,-1.,0.));
#1588 = ORIENTED_EDGE('',*,*,#1589,.T.);
#1589 = EDGE_CURVE('',#1580,#1590,#1592,.T.);
#1590 = VERTEX_POINT('',#1591);
#1591 = CARTESIAN_POINT('',(-35.5,32.5,-7.8));
#1592 = LINE('',#1593,#1594);
#1593 = CARTESIAN_POINT('',(-35.5,32.5,-9.));
#1594 = VECTOR('',#1595,1.);
#1595 = DIRECTION('',(0.,0.,1.));
#1596 = ORIENTED_EDGE('',*,*,#1597,.T.);
#1597 = EDGE_CURVE('',#1590,#1598,#1600,.T.);
#1598 = VERTEX_POINT('',#1599);
#1599 = CARTESIAN_POINT('',(-35.5,4.5,-7.8));
#1600 = LINE('',#1601,#1602);
#1601 = CARTESIAN_POINT('',(-35.5,32.5,-7.8));
#1602 = VECTOR('',#1603,1.);
#1603 = DIRECTION('',(0.,-1.,0.));
#1604 = ORIENTED_EDGE('',*,*,#1605,.F.);
#1605 = EDGE_CURVE('',#1606,#1598,#1608,.T.);
#1606 = VERTEX_POINT('',#1607);
#1607 = CARTESIAN_POINT('',(-35.5,4.5,-8.3));
#1608 = LINE('',#1609,#1610);
#1609 = CARTESIAN_POINT('',(-35.5,4.5,-8.65));
#1610 = VECTOR('',#1611,1.);
#1611 = DIRECTION('',(0.,0.,1.));
#1612 = ORIENTED_EDGE('',*,*,#1613,.T.);
#1613 = EDGE_CURVE('',#1606,#1614,#1616,.T.);
#1614 = VERTEX_POINT('',#1615);
#1615 = CARTESIAN_POINT('',(-35.5,-4.5,-8.3));
#1616 = LINE('',#1617,#1618);
#1617 = CARTESIAN_POINT('',(-35.5,14.,-8.3));
#1618 = VECTOR('',#1619,1.);
#1619 = DIRECTION('',(0.,-1.,0.));
#1620 = ORIENTED_EDGE('',*,*,#1621,.T.);
#1621 = EDGE_CURVE('',#1614,#1622,#1624,.T.);
#1622 = VERTEX_POINT('',#1623);
#1623 = CARTESIAN_POINT('',(-35.5,-4.5,-7.8));
#1624 = LINE('',#1625,#1626);
#1625 = CARTESIAN_POINT('',(-35.5,-4.5,-8.65));
#1626 = VECTOR('',#1627,1.);
#1627 = DIRECTION('',(0.,0.,1.));
#1628 = ORIENTED_EDGE('',*,*,#1629,.T.);
#1629 = EDGE_CURVE('',#1622,#1630,#1632,.T.);
#1630 = VERTEX_POINT('',#1631);
#1631 = CARTESIAN_POINT('',(-35.5,-32.5,-7.8));
#1632 = LINE('',#1633,#1634);
#1633 = CARTESIAN_POINT('',(-35.5,32.5,-7.8));
#1634 = VECTOR('',#1635,1.);
#1635 = DIRECTION('',(0.,-1.,0.));
#1636 = ORIENTED_EDGE('',*,*,#1637,.F.);
#1637 = EDGE_CURVE('',#1582,#1630,#1638,.T.);
#1638 = LINE('',#1639,#1640);
#1639 = CARTESIAN_POINT('',(-35.5,-32.5,-9.));
#1640 = VECTOR('',#1641,1.);
#1641 = DIRECTION('',(0.,0.,1.));
#1642 = PLANE('',#1643);
#1643 = AXIS2_PLACEMENT_3D('',#1644,#1645,#1646);
#1644 = CARTESIAN_POINT('',(-35.5,32.5,-9.));
#1645 = DIRECTION('',(1.,0.,-0.));
#1646 = DIRECTION('',(0.,-1.,0.));
#1647 = ADVANCED_FACE('',(#1648),#1744,.T.);
#1648 = FACE_BOUND('',#1649,.T.);
#1649 = EDGE_LOOP('',(#1650,#1651,#1659,#1667,#1675,#1683,#1691,#1699,
    #1707,#1713,#1714,#1722,#1730,#1738));
#1650 = ORIENTED_EDGE('',*,*,#758,.F.);
#1651 = ORIENTED_EDGE('',*,*,#1652,.F.);
#1652 = EDGE_CURVE('',#1653,#751,#1655,.T.);
#1653 = VERTEX_POINT('',#1654);
#1654 = CARTESIAN_POINT('',(-26.7,-4.5,-7.8));
#1655 = LINE('',#1656,#1657);
#1656 = CARTESIAN_POINT('',(-26.7,-4.5,-7.81));
#1657 = VECTOR('',#1658,1.);
#1658 = DIRECTION('',(0.,0.,1.));
#1659 = ORIENTED_EDGE('',*,*,#1660,.F.);
#1660 = EDGE_CURVE('',#1661,#1653,#1663,.T.);
#1661 = VERTEX_POINT('',#1662);
#1662 = CARTESIAN_POINT('',(-25.4,-4.5,-7.8));
#1663 = LINE('',#1664,#1665);
#1664 = CARTESIAN_POINT('',(-18.25,-4.5,-7.8));
#1665 = VECTOR('',#1666,1.);
#1666 = DIRECTION('',(-1.,-0.,0.));
#1667 = ORIENTED_EDGE('',*,*,#1668,.F.);
#1668 = EDGE_CURVE('',#1669,#1661,#1671,.T.);
#1669 = VERTEX_POINT('',#1670);
#1670 = CARTESIAN_POINT('',(-25.4,-4.5,-8.3));
#1671 = LINE('',#1672,#1673);
#1672 = CARTESIAN_POINT('',(-25.4,-4.5,-8.3));
#1673 = VECTOR('',#1674,1.);
#1674 = DIRECTION('',(0.,0.,1.));
#1675 = ORIENTED_EDGE('',*,*,#1676,.F.);
#1676 = EDGE_CURVE('',#1677,#1669,#1679,.T.);
#1677 = VERTEX_POINT('',#1678);
#1678 = CARTESIAN_POINT('',(-28.2,-4.5,-8.3));
#1679 = LINE('',#1680,#1681);
#1680 = CARTESIAN_POINT('',(-36.5,-4.5,-8.3));
#1681 = VECTOR('',#1682,1.);
#1682 = DIRECTION('',(1.,0.,-0.));
#1683 = ORIENTED_EDGE('',*,*,#1684,.F.);
#1684 = EDGE_CURVE('',#1685,#1677,#1687,.T.);
#1685 = VERTEX_POINT('',#1686);
#1686 = CARTESIAN_POINT('',(-28.2,-4.5,-9.));
#1687 = LINE('',#1688,#1689);
#1688 = CARTESIAN_POINT('',(-28.2,-4.5,-10.));
#1689 = VECTOR('',#1690,1.);
#1690 = DIRECTION('',(0.,0.,1.));
#1691 = ORIENTED_EDGE('',*,*,#1692,.T.);
#1692 = EDGE_CURVE('',#1685,#1693,#1695,.T.);
#1693 = VERTEX_POINT('',#1694);
#1694 = CARTESIAN_POINT('',(-31.8,-4.5,-9.));
#1695 = LINE('',#1696,#1697);
#1696 = CARTESIAN_POINT('',(-15.9,-4.5,-9.));
#1697 = VECTOR('',#1698,1.);
#1698 = DIRECTION('',(-1.,-0.,0.));
#1699 = ORIENTED_EDGE('',*,*,#1700,.T.);
#1700 = EDGE_CURVE('',#1693,#1701,#1703,.T.);
#1701 = VERTEX_POINT('',#1702);
#1702 = CARTESIAN_POINT('',(-31.8,-4.5,-8.3));
#1703 = LINE('',#1704,#1705);
#1704 = CARTESIAN_POINT('',(-31.8,-4.5,-10.));
#1705 = VECTOR('',#1706,1.);
#1706 = DIRECTION('',(0.,0.,1.));
#1707 = ORIENTED_EDGE('',*,*,#1708,.F.);
#1708 = EDGE_CURVE('',#1614,#1701,#1709,.T.);
#1709 = LINE('',#1710,#1711);
#1710 = CARTESIAN_POINT('',(-36.5,-4.5,-8.3));
#1711 = VECTOR('',#1712,1.);
#1712 = DIRECTION('',(1.,0.,-0.));
#1713 = ORIENTED_EDGE('',*,*,#1621,.T.);
#1714 = ORIENTED_EDGE('',*,*,#1715,.F.);
#1715 = EDGE_CURVE('',#1716,#1622,#1718,.T.);
#1716 = VERTEX_POINT('',#1717);
#1717 = CARTESIAN_POINT('',(-27.7,-4.5,-7.8));
#1718 = LINE('',#1719,#1720);
#1719 = CARTESIAN_POINT('',(-18.25,-4.5,-7.8));
#1720 = VECTOR('',#1721,1.);
#1721 = DIRECTION('',(-1.,-0.,0.));
#1722 = ORIENTED_EDGE('',*,*,#1723,.T.);
#1723 = EDGE_CURVE('',#1716,#1724,#1726,.T.);
#1724 = VERTEX_POINT('',#1725);
#1725 = CARTESIAN_POINT('',(-27.7,-4.5,-3.5));
#1726 = LINE('',#1727,#1728);
#1727 = CARTESIAN_POINT('',(-27.7,-4.5,-7.81));
#1728 = VECTOR('',#1729,1.);
#1729 = DIRECTION('',(0.,0.,1.));
#1730 = ORIENTED_EDGE('',*,*,#1731,.T.);
#1731 = EDGE_CURVE('',#1724,#1732,#1734,.T.);
#1732 = VERTEX_POINT('',#1733);
#1733 = CARTESIAN_POINT('',(-26.2,-4.5,-3.5));
#1734 = LINE('',#1735,#1736);
#1735 = CARTESIAN_POINT('',(-26.71,-4.5,-3.5));
#1736 = VECTOR('',#1737,1.);
#1737 = DIRECTION('',(1.,0.,-0.));
#1738 = ORIENTED_EDGE('',*,*,#1739,.F.);
#1739 = EDGE_CURVE('',#759,#1732,#1740,.T.);
#1740 = LINE('',#1741,#1742);
#1741 = CARTESIAN_POINT('',(-26.2,-4.5,-5.));
#1742 = VECTOR('',#1743,1.);
#1743 = DIRECTION('',(0.,0.,1.));
#1744 = PLANE('',#1745);
#1745 = AXIS2_PLACEMENT_3D('',#1746,#1747,#1748);
#1746 = CARTESIAN_POINT('',(-29.41490683229,-4.5,-7.261801242236));
#1747 = DIRECTION('',(0.,1.,0.));
#1748 = DIRECTION('',(0.,-0.,1.));
#1749 = ADVANCED_FACE('',(#1750),#1777,.T.);
#1750 = FACE_BOUND('',#1751,.F.);
#1751 = EDGE_LOOP('',(#1752,#1753,#1762,#1770));
#1752 = ORIENTED_EDGE('',*,*,#1637,.T.);
#1753 = ORIENTED_EDGE('',*,*,#1754,.T.);
#1754 = EDGE_CURVE('',#1630,#1755,#1757,.T.);
#1755 = VERTEX_POINT('',#1756);
#1756 = CARTESIAN_POINT('',(-32.5,-35.5,-7.8));
#1757 = CIRCLE('',#1758,3.);
#1758 = AXIS2_PLACEMENT_3D('',#1759,#1760,#1761);
#1759 = CARTESIAN_POINT('',(-32.5,-32.5,-7.8));
#1760 = DIRECTION('',(0.,0.,1.));
#1761 = DIRECTION('',(-1.,4.736951571734E-15,0.));
#1762 = ORIENTED_EDGE('',*,*,#1763,.F.);
#1763 = EDGE_CURVE('',#1764,#1755,#1766,.T.);
#1764 = VERTEX_POINT('',#1765);
#1765 = CARTESIAN_POINT('',(-32.5,-35.5,-9.));
#1766 = LINE('',#1767,#1768);
#1767 = CARTESIAN_POINT('',(-32.5,-35.5,-9.));
#1768 = VECTOR('',#1769,1.);
#1769 = DIRECTION('',(0.,0.,1.));
#1770 = ORIENTED_EDGE('',*,*,#1771,.F.);
#1771 = EDGE_CURVE('',#1582,#1764,#1772,.T.);
#1772 = CIRCLE('',#1773,3.);
#1773 = AXIS2_PLACEMENT_3D('',#1774,#1775,#1776);
#1774 = CARTESIAN_POINT('',(-32.5,-32.5,-9.));
#1775 = DIRECTION('',(0.,0.,1.));
#1776 = DIRECTION('',(-1.,4.736951571734E-15,0.));
#1777 = CYLINDRICAL_SURFACE('',#1778,3.);
#1778 = AXIS2_PLACEMENT_3D('',#1779,#1780,#1781);
#1779 = CARTESIAN_POINT('',(-32.5,-32.5,-9.));
#1780 = DIRECTION('',(-0.,-0.,-1.));
#1781 = DIRECTION('',(-1.,4.736951571734E-15,0.));
#1782 = ADVANCED_FACE('',(#1783),#1808,.F.);
#1783 = FACE_BOUND('',#1784,.F.);
#1784 = EDGE_LOOP('',(#1785,#1795,#1801,#1802));
#1785 = ORIENTED_EDGE('',*,*,#1786,.F.);
#1786 = EDGE_CURVE('',#1787,#1789,#1791,.T.);
#1787 = VERTEX_POINT('',#1788);
#1788 = CARTESIAN_POINT('',(-27.7,-15.,-7.8));
#1789 = VERTEX_POINT('',#1790);
#1790 = CARTESIAN_POINT('',(-27.7,-15.,-3.5));
#1791 = LINE('',#1792,#1793);
#1792 = CARTESIAN_POINT('',(-27.7,-15.,-7.81));
#1793 = VECTOR('',#1794,1.);
#1794 = DIRECTION('',(0.,0.,1.));
#1795 = ORIENTED_EDGE('',*,*,#1796,.T.);
#1796 = EDGE_CURVE('',#1787,#1716,#1797,.T.);
#1797 = LINE('',#1798,#1799);
#1798 = CARTESIAN_POINT('',(-27.7,-7.5,-7.8));
#1799 = VECTOR('',#1800,1.);
#1800 = DIRECTION('',(-0.,1.,0.));
#1801 = ORIENTED_EDGE('',*,*,#1723,.T.);
#1802 = ORIENTED_EDGE('',*,*,#1803,.F.);
#1803 = EDGE_CURVE('',#1789,#1724,#1804,.T.);
#1804 = LINE('',#1805,#1806);
#1805 = CARTESIAN_POINT('',(-27.7,-15.,-3.5));
#1806 = VECTOR('',#1807,1.);
#1807 = DIRECTION('',(-0.,1.,0.));
#1808 = PLANE('',#1809);
#1809 = AXIS2_PLACEMENT_3D('',#1810,#1811,#1812);
#1810 = CARTESIAN_POINT('',(-27.7,-15.,-7.81));
#1811 = DIRECTION('',(1.,0.,-0.));
#1812 = DIRECTION('',(0.,0.,1.));
#1813 = ADVANCED_FACE('',(#1814),#1839,.F.);
#1814 = FACE_BOUND('',#1815,.F.);
#1815 = EDGE_LOOP('',(#1816,#1817,#1825,#1833));
#1816 = ORIENTED_EDGE('',*,*,#1763,.T.);
#1817 = ORIENTED_EDGE('',*,*,#1818,.T.);
#1818 = EDGE_CURVE('',#1755,#1819,#1821,.T.);
#1819 = VERTEX_POINT('',#1820);
#1820 = CARTESIAN_POINT('',(32.5,-35.5,-7.8));
#1821 = LINE('',#1822,#1823);
#1822 = CARTESIAN_POINT('',(-32.5,-35.5,-7.8));
#1823 = VECTOR('',#1824,1.);
#1824 = DIRECTION('',(1.,0.,0.));
#1825 = ORIENTED_EDGE('',*,*,#1826,.F.);
#1826 = EDGE_CURVE('',#1827,#1819,#1829,.T.);
#1827 = VERTEX_POINT('',#1828);
#1828 = CARTESIAN_POINT('',(32.5,-35.5,-9.));
#1829 = LINE('',#1830,#1831);
#1830 = CARTESIAN_POINT('',(32.5,-35.5,-9.));
#1831 = VECTOR('',#1832,1.);
#1832 = DIRECTION('',(0.,0.,1.));
#1833 = ORIENTED_EDGE('',*,*,#1834,.F.);
#1834 = EDGE_CURVE('',#1764,#1827,#1835,.T.);
#1835 = LINE('',#1836,#1837);
#1836 = CARTESIAN_POINT('',(-32.5,-35.5,-9.));
#1837 = VECTOR('',#1838,1.);
#1838 = DIRECTION('',(1.,0.,0.));
#1839 = PLANE('',#1840);
#1840 = AXIS2_PLACEMENT_3D('',#1841,#1842,#1843);
#1841 = CARTESIAN_POINT('',(-32.5,-35.5,-9.));
#1842 = DIRECTION('',(0.,1.,0.));
#1843 = DIRECTION('',(1.,0.,0.));
#1844 = ADVANCED_FACE('',(#1845),#1877,.T.);
#1845 = FACE_BOUND('',#1846,.T.);
#1846 = EDGE_LOOP('',(#1847,#1848,#1856,#1862,#1863,#1871));
#1847 = ORIENTED_EDGE('',*,*,#742,.T.);
#1848 = ORIENTED_EDGE('',*,*,#1849,.T.);
#1849 = EDGE_CURVE('',#735,#1850,#1852,.T.);
#1850 = VERTEX_POINT('',#1851);
#1851 = CARTESIAN_POINT('',(-26.2,-15.,-3.5));
#1852 = LINE('',#1853,#1854);
#1853 = CARTESIAN_POINT('',(-26.2,-15.,-5.));
#1854 = VECTOR('',#1855,1.);
#1855 = DIRECTION('',(0.,0.,1.));
#1856 = ORIENTED_EDGE('',*,*,#1857,.F.);
#1857 = EDGE_CURVE('',#1789,#1850,#1858,.T.);
#1858 = LINE('',#1859,#1860);
#1859 = CARTESIAN_POINT('',(-27.7,-15.,-3.5));
#1860 = VECTOR('',#1861,1.);
#1861 = DIRECTION('',(1.,0.,-0.));
#1862 = ORIENTED_EDGE('',*,*,#1786,.F.);
#1863 = ORIENTED_EDGE('',*,*,#1864,.F.);
#1864 = EDGE_CURVE('',#1865,#1787,#1867,.T.);
#1865 = VERTEX_POINT('',#1866);
#1866 = CARTESIAN_POINT('',(-26.7,-15.,-7.8));
#1867 = LINE('',#1868,#1869);
#1868 = CARTESIAN_POINT('',(-13.85,-15.,-7.8));
#1869 = VECTOR('',#1870,1.);
#1870 = DIRECTION('',(-1.,-0.,0.));
#1871 = ORIENTED_EDGE('',*,*,#1872,.T.);
#1872 = EDGE_CURVE('',#1865,#743,#1873,.T.);
#1873 = LINE('',#1874,#1875);
#1874 = CARTESIAN_POINT('',(-26.7,-15.,-7.81));
#1875 = VECTOR('',#1876,1.);
#1876 = DIRECTION('',(0.,0.,1.));
#1877 = PLANE('',#1878);
#1878 = AXIS2_PLACEMENT_3D('',#1879,#1880,#1881);
#1879 = CARTESIAN_POINT('',(-27.07068965517,-15.,-5.529310344828));
#1880 = DIRECTION('',(-5.263450693394E-16,-1.,-0.));
#1881 = DIRECTION('',(-1.,5.263450693394E-16,0.));
#1882 = ADVANCED_FACE('',(#1883),#1910,.T.);
#1883 = FACE_BOUND('',#1884,.F.);
#1884 = EDGE_LOOP('',(#1885,#1886,#1895,#1903));
#1885 = ORIENTED_EDGE('',*,*,#1826,.T.);
#1886 = ORIENTED_EDGE('',*,*,#1887,.T.);
#1887 = EDGE_CURVE('',#1819,#1888,#1890,.T.);
#1888 = VERTEX_POINT('',#1889);
#1889 = CARTESIAN_POINT('',(35.5,-32.5,-7.8));
#1890 = CIRCLE('',#1891,3.);
#1891 = AXIS2_PLACEMENT_3D('',#1892,#1893,#1894);
#1892 = CARTESIAN_POINT('',(32.5,-32.5,-7.8));
#1893 = DIRECTION('',(0.,0.,1.));
#1894 = DIRECTION('',(-4.736951571734E-15,-1.,0.));
#1895 = ORIENTED_EDGE('',*,*,#1896,.F.);
#1896 = EDGE_CURVE('',#1897,#1888,#1899,.T.);
#1897 = VERTEX_POINT('',#1898);
#1898 = CARTESIAN_POINT('',(35.5,-32.5,-9.));
#1899 = LINE('',#1900,#1901);
#1900 = CARTESIAN_POINT('',(35.5,-32.5,-9.));
#1901 = VECTOR('',#1902,1.);
#1902 = DIRECTION('',(0.,0.,1.));
#1903 = ORIENTED_EDGE('',*,*,#1904,.F.);
#1904 = EDGE_CURVE('',#1827,#1897,#1905,.T.);
#1905 = CIRCLE('',#1906,3.);
#1906 = AXIS2_PLACEMENT_3D('',#1907,#1908,#1909);
#1907 = CARTESIAN_POINT('',(32.5,-32.5,-9.));
#1908 = DIRECTION('',(0.,0.,1.));
#1909 = DIRECTION('',(-4.736951571734E-15,-1.,0.));
#1910 = CYLINDRICAL_SURFACE('',#1911,3.);
#1911 = AXIS2_PLACEMENT_3D('',#1912,#1913,#1914);
#1912 = CARTESIAN_POINT('',(32.5,-32.5,-9.));
#1913 = DIRECTION('',(-0.,-0.,-1.));
#1914 = DIRECTION('',(-4.736951571734E-15,-1.,0.));
#1915 = ADVANCED_FACE('',(#1916),#1927,.T.);
#1916 = FACE_BOUND('',#1917,.T.);
#1917 = EDGE_LOOP('',(#1918,#1919,#1920,#1926));
#1918 = ORIENTED_EDGE('',*,*,#750,.T.);
#1919 = ORIENTED_EDGE('',*,*,#1872,.F.);
#1920 = ORIENTED_EDGE('',*,*,#1921,.T.);
#1921 = EDGE_CURVE('',#1865,#1653,#1922,.T.);
#1922 = LINE('',#1923,#1924);
#1923 = CARTESIAN_POINT('',(-26.7,-7.5,-7.8));
#1924 = VECTOR('',#1925,1.);
#1925 = DIRECTION('',(-0.,1.,0.));
#1926 = ORIENTED_EDGE('',*,*,#1652,.T.);
#1927 = PLANE('',#1928);
#1928 = AXIS2_PLACEMENT_3D('',#1929,#1930,#1931);
#1929 = CARTESIAN_POINT('',(-26.7,-15.,-7.81));
#1930 = DIRECTION('',(1.,0.,-0.));
#1931 = DIRECTION('',(0.,0.,1.));
#1932 = ADVANCED_FACE('',(#1933),#1990,.F.);
#1933 = FACE_BOUND('',#1934,.F.);
#1934 = EDGE_LOOP('',(#1935,#1943,#1944,#1952,#1960,#1968,#1976,#1984));
#1935 = ORIENTED_EDGE('',*,*,#1936,.F.);
#1936 = EDGE_CURVE('',#1897,#1937,#1939,.T.);
#1937 = VERTEX_POINT('',#1938);
#1938 = CARTESIAN_POINT('',(35.5,32.5,-9.));
#1939 = LINE('',#1940,#1941);
#1940 = CARTESIAN_POINT('',(35.5,-32.5,-9.));
#1941 = VECTOR('',#1942,1.);
#1942 = DIRECTION('',(0.,1.,0.));
#1943 = ORIENTED_EDGE('',*,*,#1896,.T.);
#1944 = ORIENTED_EDGE('',*,*,#1945,.T.);
#1945 = EDGE_CURVE('',#1888,#1946,#1948,.T.);
#1946 = VERTEX_POINT('',#1947);
#1947 = CARTESIAN_POINT('',(35.5,-4.5,-7.8));
#1948 = LINE('',#1949,#1950);
#1949 = CARTESIAN_POINT('',(35.5,-32.5,-7.8));
#1950 = VECTOR('',#1951,1.);
#1951 = DIRECTION('',(0.,1.,0.));
#1952 = ORIENTED_EDGE('',*,*,#1953,.T.);
#1953 = EDGE_CURVE('',#1946,#1954,#1956,.T.);
#1954 = VERTEX_POINT('',#1955);
#1955 = CARTESIAN_POINT('',(35.5,-4.5,-8.3));
#1956 = LINE('',#1957,#1958);
#1957 = CARTESIAN_POINT('',(35.5,-4.5,-8.65));
#1958 = VECTOR('',#1959,1.);
#1959 = DIRECTION('',(0.,0.,-1.));
#1960 = ORIENTED_EDGE('',*,*,#1961,.T.);
#1961 = EDGE_CURVE('',#1954,#1962,#1964,.T.);
#1962 = VERTEX_POINT('',#1963);
#1963 = CARTESIAN_POINT('',(35.5,4.5,-8.3));
#1964 = LINE('',#1965,#1966);
#1965 = CARTESIAN_POINT('',(35.5,-18.5,-8.3));
#1966 = VECTOR('',#1967,1.);
#1967 = DIRECTION('',(0.,1.,-0.));
#1968 = ORIENTED_EDGE('',*,*,#1969,.F.);
#1969 = EDGE_CURVE('',#1970,#1962,#1972,.T.);
#1970 = VERTEX_POINT('',#1971);
#1971 = CARTESIAN_POINT('',(35.5,4.5,-7.8));
#1972 = LINE('',#1973,#1974);
#1973 = CARTESIAN_POINT('',(35.5,4.5,-8.65));
#1974 = VECTOR('',#1975,1.);
#1975 = DIRECTION('',(0.,0.,-1.));
#1976 = ORIENTED_EDGE('',*,*,#1977,.T.);
#1977 = EDGE_CURVE('',#1970,#1978,#1980,.T.);
#1978 = VERTEX_POINT('',#1979);
#1979 = CARTESIAN_POINT('',(35.5,32.5,-7.8));
#1980 = LINE('',#1981,#1982);
#1981 = CARTESIAN_POINT('',(35.5,-32.5,-7.8));
#1982 = VECTOR('',#1983,1.);
#1983 = DIRECTION('',(0.,1.,0.));
#1984 = ORIENTED_EDGE('',*,*,#1985,.F.);
#1985 = EDGE_CURVE('',#1937,#1978,#1986,.T.);
#1986 = LINE('',#1987,#1988);
#1987 = CARTESIAN_POINT('',(35.5,32.5,-9.));
#1988 = VECTOR('',#1989,1.);
#1989 = DIRECTION('',(0.,0.,1.));
#1990 = PLANE('',#1991);
#1991 = AXIS2_PLACEMENT_3D('',#1992,#1993,#1994);
#1992 = CARTESIAN_POINT('',(35.5,-32.5,-9.));
#1993 = DIRECTION('',(-1.,0.,0.));
#1994 = DIRECTION('',(0.,1.,0.));
#1995 = ADVANCED_FACE('',(#1996),#2092,.T.);
#1996 = FACE_BOUND('',#1997,.T.);
#1997 = EDGE_LOOP('',(#1998,#1999,#2007,#2015,#2023,#2029,#2030,#2038,
    #2046,#2054,#2062,#2070,#2078,#2086));
#1998 = ORIENTED_EDGE('',*,*,#936,.F.);
#1999 = ORIENTED_EDGE('',*,*,#2000,.F.);
#2000 = EDGE_CURVE('',#2001,#929,#2003,.T.);
#2001 = VERTEX_POINT('',#2002);
#2002 = CARTESIAN_POINT('',(26.2,-4.5,-3.5));
#2003 = LINE('',#2004,#2005);
#2004 = CARTESIAN_POINT('',(26.2,-4.5,-5.));
#2005 = VECTOR('',#2006,1.);
#2006 = DIRECTION('',(0.,0.,-1.));
#2007 = ORIENTED_EDGE('',*,*,#2008,.T.);
#2008 = EDGE_CURVE('',#2001,#2009,#2011,.T.);
#2009 = VERTEX_POINT('',#2010);
#2010 = CARTESIAN_POINT('',(27.7,-4.5,-3.5));
#2011 = LINE('',#2012,#2013);
#2012 = CARTESIAN_POINT('',(26.7,-4.5,-3.5));
#2013 = VECTOR('',#2014,1.);
#2014 = DIRECTION('',(1.,0.,-0.));
#2015 = ORIENTED_EDGE('',*,*,#2016,.F.);
#2016 = EDGE_CURVE('',#2017,#2009,#2019,.T.);
#2017 = VERTEX_POINT('',#2018);
#2018 = CARTESIAN_POINT('',(27.7,-4.5,-7.8));
#2019 = LINE('',#2020,#2021);
#2020 = CARTESIAN_POINT('',(27.7,-4.5,-7.81));
#2021 = VECTOR('',#2022,1.);
#2022 = DIRECTION('',(0.,0.,1.));
#2023 = ORIENTED_EDGE('',*,*,#2024,.F.);
#2024 = EDGE_CURVE('',#1946,#2017,#2025,.T.);
#2025 = LINE('',#2026,#2027);
#2026 = CARTESIAN_POINT('',(12.7,-4.5,-7.8));
#2027 = VECTOR('',#2028,1.);
#2028 = DIRECTION('',(-1.,-0.,0.));
#2029 = ORIENTED_EDGE('',*,*,#1953,.T.);
#2030 = ORIENTED_EDGE('',*,*,#2031,.F.);
#2031 = EDGE_CURVE('',#2032,#1954,#2034,.T.);
#2032 = VERTEX_POINT('',#2033);
#2033 = CARTESIAN_POINT('',(31.8,-4.5,-8.3));
#2034 = LINE('',#2035,#2036);
#2035 = CARTESIAN_POINT('',(25.4,-4.5,-8.3));
#2036 = VECTOR('',#2037,1.);
#2037 = DIRECTION('',(1.,0.,-0.));
#2038 = ORIENTED_EDGE('',*,*,#2039,.F.);
#2039 = EDGE_CURVE('',#2040,#2032,#2042,.T.);
#2040 = VERTEX_POINT('',#2041);
#2041 = CARTESIAN_POINT('',(31.8,-4.5,-9.));
#2042 = LINE('',#2043,#2044);
#2043 = CARTESIAN_POINT('',(31.8,-4.5,-10.));
#2044 = VECTOR('',#2045,1.);
#2045 = DIRECTION('',(0.,0.,1.));
#2046 = ORIENTED_EDGE('',*,*,#2047,.T.);
#2047 = EDGE_CURVE('',#2040,#2048,#2050,.T.);
#2048 = VERTEX_POINT('',#2049);
#2049 = CARTESIAN_POINT('',(28.2,-4.5,-9.));
#2050 = LINE('',#2051,#2052);
#2051 = CARTESIAN_POINT('',(14.1,-4.5,-9.));
#2052 = VECTOR('',#2053,1.);
#2053 = DIRECTION('',(-1.,-0.,0.));
#2054 = ORIENTED_EDGE('',*,*,#2055,.T.);
#2055 = EDGE_CURVE('',#2048,#2056,#2058,.T.);
#2056 = VERTEX_POINT('',#2057);
#2057 = CARTESIAN_POINT('',(28.2,-4.5,-8.3));
#2058 = LINE('',#2059,#2060);
#2059 = CARTESIAN_POINT('',(28.2,-4.5,-10.));
#2060 = VECTOR('',#2061,1.);
#2061 = DIRECTION('',(0.,0.,1.));
#2062 = ORIENTED_EDGE('',*,*,#2063,.F.);
#2063 = EDGE_CURVE('',#2064,#2056,#2066,.T.);
#2064 = VERTEX_POINT('',#2065);
#2065 = CARTESIAN_POINT('',(25.4,-4.5,-8.3));
#2066 = LINE('',#2067,#2068);
#2067 = CARTESIAN_POINT('',(25.4,-4.5,-8.3));
#2068 = VECTOR('',#2069,1.);
#2069 = DIRECTION('',(1.,0.,-0.));
#2070 = ORIENTED_EDGE('',*,*,#2071,.T.);
#2071 = EDGE_CURVE('',#2064,#2072,#2074,.T.);
#2072 = VERTEX_POINT('',#2073);
#2073 = CARTESIAN_POINT('',(25.4,-4.5,-7.8));
#2074 = LINE('',#2075,#2076);
#2075 = CARTESIAN_POINT('',(25.4,-4.5,-8.3));
#2076 = VECTOR('',#2077,1.);
#2077 = DIRECTION('',(0.,0.,1.));
#2078 = ORIENTED_EDGE('',*,*,#2079,.F.);
#2079 = EDGE_CURVE('',#2080,#2072,#2082,.T.);
#2080 = VERTEX_POINT('',#2081);
#2081 = CARTESIAN_POINT('',(26.7,-4.5,-7.8));
#2082 = LINE('',#2083,#2084);
#2083 = CARTESIAN_POINT('',(12.7,-4.5,-7.8));
#2084 = VECTOR('',#2085,1.);
#2085 = DIRECTION('',(-1.,-0.,0.));
#2086 = ORIENTED_EDGE('',*,*,#2087,.T.);
#2087 = EDGE_CURVE('',#2080,#937,#2088,.T.);
#2088 = LINE('',#2089,#2090);
#2089 = CARTESIAN_POINT('',(26.7,-4.5,-7.81));
#2090 = VECTOR('',#2091,1.);
#2091 = DIRECTION('',(0.,0.,1.));
#2092 = PLANE('',#2093);
#2093 = AXIS2_PLACEMENT_3D('',#2094,#2095,#2096);
#2094 = CARTESIAN_POINT('',(29.414906832298,-4.5,-7.261801242236));
#2095 = DIRECTION('',(0.,1.,0.));
#2096 = DIRECTION('',(0.,-0.,1.));
#2097 = ADVANCED_FACE('',(#2098),#2123,.F.);
#2098 = FACE_BOUND('',#2099,.F.);
#2099 = EDGE_LOOP('',(#2100,#2101,#2109,#2117));
#2100 = ORIENTED_EDGE('',*,*,#1668,.F.);
#2101 = ORIENTED_EDGE('',*,*,#2102,.T.);
#2102 = EDGE_CURVE('',#1669,#2103,#2105,.T.);
#2103 = VERTEX_POINT('',#2104);
#2104 = CARTESIAN_POINT('',(-25.4,4.5,-8.3));
#2105 = LINE('',#2106,#2107);
#2106 = CARTESIAN_POINT('',(-25.4,-4.5,-8.3));
#2107 = VECTOR('',#2108,1.);
#2108 = DIRECTION('',(-0.,1.,0.));
#2109 = ORIENTED_EDGE('',*,*,#2110,.T.);
#2110 = EDGE_CURVE('',#2103,#2111,#2113,.T.);
#2111 = VERTEX_POINT('',#2112);
#2112 = CARTESIAN_POINT('',(-25.4,4.5,-7.8));
#2113 = LINE('',#2114,#2115);
#2114 = CARTESIAN_POINT('',(-25.4,4.5,-8.3));
#2115 = VECTOR('',#2116,1.);
#2116 = DIRECTION('',(0.,0.,1.));
#2117 = ORIENTED_EDGE('',*,*,#2118,.F.);
#2118 = EDGE_CURVE('',#1661,#2111,#2119,.T.);
#2119 = LINE('',#2120,#2121);
#2120 = CARTESIAN_POINT('',(-25.4,-2.25,-7.8));
#2121 = VECTOR('',#2122,1.);
#2122 = DIRECTION('',(-0.,1.,0.));
#2123 = PLANE('',#2124);
#2124 = AXIS2_PLACEMENT_3D('',#2125,#2126,#2127);
#2125 = CARTESIAN_POINT('',(-25.4,-4.5,-8.3));
#2126 = DIRECTION('',(1.,0.,-0.));
#2127 = DIRECTION('',(0.,0.,1.));
#2128 = ADVANCED_FACE('',(#2129),#2154,.T.);
#2129 = FACE_BOUND('',#2130,.T.);
#2130 = EDGE_LOOP('',(#2131,#2141,#2147,#2148));
#2131 = ORIENTED_EDGE('',*,*,#2132,.F.);
#2132 = EDGE_CURVE('',#2133,#2135,#2137,.T.);
#2133 = VERTEX_POINT('',#2134);
#2134 = CARTESIAN_POINT('',(27.7,-15.,-7.8));
#2135 = VERTEX_POINT('',#2136);
#2136 = CARTESIAN_POINT('',(27.7,-15.,-3.5));
#2137 = LINE('',#2138,#2139);
#2138 = CARTESIAN_POINT('',(27.7,-15.,-7.81));
#2139 = VECTOR('',#2140,1.);
#2140 = DIRECTION('',(0.,0.,1.));
#2141 = ORIENTED_EDGE('',*,*,#2142,.T.);
#2142 = EDGE_CURVE('',#2133,#2017,#2143,.T.);
#2143 = LINE('',#2144,#2145);
#2144 = CARTESIAN_POINT('',(27.7,-7.5,-7.8));
#2145 = VECTOR('',#2146,1.);
#2146 = DIRECTION('',(-0.,1.,0.));
#2147 = ORIENTED_EDGE('',*,*,#2016,.T.);
#2148 = ORIENTED_EDGE('',*,*,#2149,.F.);
#2149 = EDGE_CURVE('',#2135,#2009,#2150,.T.);
#2150 = LINE('',#2151,#2152);
#2151 = CARTESIAN_POINT('',(27.7,-15.,-3.5));
#2152 = VECTOR('',#2153,1.);
#2153 = DIRECTION('',(-0.,1.,0.));
#2154 = PLANE('',#2155);
#2155 = AXIS2_PLACEMENT_3D('',#2156,#2157,#2158);
#2156 = CARTESIAN_POINT('',(27.7,-15.,-7.81));
#2157 = DIRECTION('',(1.,0.,-0.));
#2158 = DIRECTION('',(0.,0.,1.));
#2159 = ADVANCED_FACE('',(#2160),#2247,.T.);
#2160 = FACE_BOUND('',#2161,.T.);
#2161 = EDGE_LOOP('',(#2162,#2163,#2171,#2179,#2187,#2193,#2194,#2202,
    #2210,#2218,#2226,#2232,#2233,#2241));
#2162 = ORIENTED_EDGE('',*,*,#774,.T.);
#2163 = ORIENTED_EDGE('',*,*,#2164,.T.);
#2164 = EDGE_CURVE('',#767,#2165,#2167,.T.);
#2165 = VERTEX_POINT('',#2166);
#2166 = CARTESIAN_POINT('',(-26.2,4.5,-3.5));
#2167 = LINE('',#2168,#2169);
#2168 = CARTESIAN_POINT('',(-26.2,4.5,-5.));
#2169 = VECTOR('',#2170,1.);
#2170 = DIRECTION('',(0.,0.,1.));
#2171 = ORIENTED_EDGE('',*,*,#2172,.F.);
#2172 = EDGE_CURVE('',#2173,#2165,#2175,.T.);
#2173 = VERTEX_POINT('',#2174);
#2174 = CARTESIAN_POINT('',(-27.7,4.5,-3.5));
#2175 = LINE('',#2176,#2177);
#2176 = CARTESIAN_POINT('',(-27.7,4.5,-3.5));
#2177 = VECTOR('',#2178,1.);
#2178 = DIRECTION('',(1.,0.,-0.));
#2179 = ORIENTED_EDGE('',*,*,#2180,.F.);
#2180 = EDGE_CURVE('',#2181,#2173,#2183,.T.);
#2181 = VERTEX_POINT('',#2182);
#2182 = CARTESIAN_POINT('',(-27.7,4.5,-7.8));
#2183 = LINE('',#2184,#2185);
#2184 = CARTESIAN_POINT('',(-27.7,4.5,-7.81));
#2185 = VECTOR('',#2186,1.);
#2186 = DIRECTION('',(0.,0.,1.));
#2187 = ORIENTED_EDGE('',*,*,#2188,.T.);
#2188 = EDGE_CURVE('',#2181,#1598,#2189,.T.);
#2189 = LINE('',#2190,#2191);
#2190 = CARTESIAN_POINT('',(-18.25,4.5,-7.8));
#2191 = VECTOR('',#2192,1.);
#2192 = DIRECTION('',(-1.,-0.,0.));
#2193 = ORIENTED_EDGE('',*,*,#1605,.F.);
#2194 = ORIENTED_EDGE('',*,*,#2195,.T.);
#2195 = EDGE_CURVE('',#1606,#2196,#2198,.T.);
#2196 = VERTEX_POINT('',#2197);
#2197 = CARTESIAN_POINT('',(-31.8,4.5,-8.3));
#2198 = LINE('',#2199,#2200);
#2199 = CARTESIAN_POINT('',(-36.5,4.5,-8.3));
#2200 = VECTOR('',#2201,1.);
#2201 = DIRECTION('',(1.,0.,-0.));
#2202 = ORIENTED_EDGE('',*,*,#2203,.F.);
#2203 = EDGE_CURVE('',#2204,#2196,#2206,.T.);
#2204 = VERTEX_POINT('',#2205);
#2205 = CARTESIAN_POINT('',(-31.8,4.5,-9.));
#2206 = LINE('',#2207,#2208);
#2207 = CARTESIAN_POINT('',(-31.8,4.5,-10.));
#2208 = VECTOR('',#2209,1.);
#2209 = DIRECTION('',(0.,0.,1.));
#2210 = ORIENTED_EDGE('',*,*,#2211,.F.);
#2211 = EDGE_CURVE('',#2212,#2204,#2214,.T.);
#2212 = VERTEX_POINT('',#2213);
#2213 = CARTESIAN_POINT('',(-28.2,4.5,-9.));
#2214 = LINE('',#2215,#2216);
#2215 = CARTESIAN_POINT('',(-15.9,4.5,-9.));
#2216 = VECTOR('',#2217,1.);
#2217 = DIRECTION('',(-1.,-0.,0.));
#2218 = ORIENTED_EDGE('',*,*,#2219,.T.);
#2219 = EDGE_CURVE('',#2212,#2220,#2222,.T.);
#2220 = VERTEX_POINT('',#2221);
#2221 = CARTESIAN_POINT('',(-28.2,4.5,-8.3));
#2222 = LINE('',#2223,#2224);
#2223 = CARTESIAN_POINT('',(-28.2,4.5,-10.));
#2224 = VECTOR('',#2225,1.);
#2225 = DIRECTION('',(0.,0.,1.));
#2226 = ORIENTED_EDGE('',*,*,#2227,.T.);
#2227 = EDGE_CURVE('',#2220,#2103,#2228,.T.);
#2228 = LINE('',#2229,#2230);
#2229 = CARTESIAN_POINT('',(-36.5,4.5,-8.3));
#2230 = VECTOR('',#2231,1.);
#2231 = DIRECTION('',(1.,0.,-0.));
#2232 = ORIENTED_EDGE('',*,*,#2110,.T.);
#2233 = ORIENTED_EDGE('',*,*,#2234,.T.);
#2234 = EDGE_CURVE('',#2111,#2235,#2237,.T.);
#2235 = VERTEX_POINT('',#2236);
#2236 = CARTESIAN_POINT('',(-26.7,4.5,-7.8));
#2237 = LINE('',#2238,#2239);
#2238 = CARTESIAN_POINT('',(-18.25,4.5,-7.8));
#2239 = VECTOR('',#2240,1.);
#2240 = DIRECTION('',(-1.,-0.,0.));
#2241 = ORIENTED_EDGE('',*,*,#2242,.T.);
#2242 = EDGE_CURVE('',#2235,#775,#2243,.T.);
#2243 = LINE('',#2244,#2245);
#2244 = CARTESIAN_POINT('',(-26.7,4.5,-7.81));
#2245 = VECTOR('',#2246,1.);
#2246 = DIRECTION('',(0.,0.,1.));
#2247 = PLANE('',#2248);
#2248 = AXIS2_PLACEMENT_3D('',#2249,#2250,#2251);
#2249 = CARTESIAN_POINT('',(-29.41490683229,4.5,-7.261801242236));
#2250 = DIRECTION('',(-0.,-1.,-0.));
#2251 = DIRECTION('',(0.,0.,-1.));
#2252 = ADVANCED_FACE('',(#2253),#2285,.T.);
#2253 = FACE_BOUND('',#2254,.T.);
#2254 = EDGE_LOOP('',(#2255,#2256,#2264,#2270,#2271,#2279));
#2255 = ORIENTED_EDGE('',*,*,#952,.T.);
#2256 = ORIENTED_EDGE('',*,*,#2257,.F.);
#2257 = EDGE_CURVE('',#2258,#945,#2260,.T.);
#2258 = VERTEX_POINT('',#2259);
#2259 = CARTESIAN_POINT('',(26.7,-15.,-7.8));
#2260 = LINE('',#2261,#2262);
#2261 = CARTESIAN_POINT('',(26.7,-15.,-7.81));
#2262 = VECTOR('',#2263,1.);
#2263 = DIRECTION('',(0.,0.,1.));
#2264 = ORIENTED_EDGE('',*,*,#2265,.F.);
#2265 = EDGE_CURVE('',#2133,#2258,#2266,.T.);
#2266 = LINE('',#2267,#2268);
#2267 = CARTESIAN_POINT('',(13.35,-15.,-7.8));
#2268 = VECTOR('',#2269,1.);
#2269 = DIRECTION('',(-1.,-0.,0.));
#2270 = ORIENTED_EDGE('',*,*,#2132,.T.);
#2271 = ORIENTED_EDGE('',*,*,#2272,.F.);
#2272 = EDGE_CURVE('',#2273,#2135,#2275,.T.);
#2273 = VERTEX_POINT('',#2274);
#2274 = CARTESIAN_POINT('',(26.2,-15.,-3.5));
#2275 = LINE('',#2276,#2277);
#2276 = CARTESIAN_POINT('',(25.9,-15.,-3.5));
#2277 = VECTOR('',#2278,1.);
#2278 = DIRECTION('',(1.,0.,-0.));
#2279 = ORIENTED_EDGE('',*,*,#2280,.T.);
#2280 = EDGE_CURVE('',#2273,#953,#2281,.T.);
#2281 = LINE('',#2282,#2283);
#2282 = CARTESIAN_POINT('',(26.2,-15.,-5.));
#2283 = VECTOR('',#2284,1.);
#2284 = DIRECTION('',(0.,0.,-1.));
#2285 = PLANE('',#2286);
#2286 = AXIS2_PLACEMENT_3D('',#2287,#2288,#2289);
#2287 = CARTESIAN_POINT('',(27.070689655172,-15.,-5.529310344828));
#2288 = DIRECTION('',(-0.,-1.,-0.));
#2289 = DIRECTION('',(0.,0.,-1.));
#2290 = ADVANCED_FACE('',(#2291),#2309,.T.);
#2291 = FACE_BOUND('',#2292,.T.);
#2292 = EDGE_LOOP('',(#2293,#2294,#2302,#2308));
#2293 = ORIENTED_EDGE('',*,*,#2242,.F.);
#2294 = ORIENTED_EDGE('',*,*,#2295,.T.);
#2295 = EDGE_CURVE('',#2235,#2296,#2298,.T.);
#2296 = VERTEX_POINT('',#2297);
#2297 = CARTESIAN_POINT('',(-26.7,15.,-7.8));
#2298 = LINE('',#2299,#2300);
#2299 = CARTESIAN_POINT('',(-26.7,2.25,-7.8));
#2300 = VECTOR('',#2301,1.);
#2301 = DIRECTION('',(-0.,1.,0.));
#2302 = ORIENTED_EDGE('',*,*,#2303,.T.);
#2303 = EDGE_CURVE('',#2296,#783,#2304,.T.);
#2304 = LINE('',#2305,#2306);
#2305 = CARTESIAN_POINT('',(-26.7,15.,-7.81));
#2306 = VECTOR('',#2307,1.);
#2307 = DIRECTION('',(0.,0.,1.));
#2308 = ORIENTED_EDGE('',*,*,#782,.T.);
#2309 = PLANE('',#2310);
#2310 = AXIS2_PLACEMENT_3D('',#2311,#2312,#2313);
#2311 = CARTESIAN_POINT('',(-26.7,4.5,-7.81));
#2312 = DIRECTION('',(1.,0.,-0.));
#2313 = DIRECTION('',(0.,0.,1.));
#2314 = ADVANCED_FACE('',(#2315),#2326,.F.);
#2315 = FACE_BOUND('',#2316,.F.);
#2316 = EDGE_LOOP('',(#2317,#2318,#2319,#2325));
#2317 = ORIENTED_EDGE('',*,*,#944,.T.);
#2318 = ORIENTED_EDGE('',*,*,#2257,.F.);
#2319 = ORIENTED_EDGE('',*,*,#2320,.T.);
#2320 = EDGE_CURVE('',#2258,#2080,#2321,.T.);
#2321 = LINE('',#2322,#2323);
#2322 = CARTESIAN_POINT('',(26.7,-7.5,-7.8));
#2323 = VECTOR('',#2324,1.);
#2324 = DIRECTION('',(-0.,1.,0.));
#2325 = ORIENTED_EDGE('',*,*,#2087,.T.);
#2326 = PLANE('',#2327);
#2327 = AXIS2_PLACEMENT_3D('',#2328,#2329,#2330);
#2328 = CARTESIAN_POINT('',(26.7,-15.,-7.81));
#2329 = DIRECTION('',(1.,0.,-0.));
#2330 = DIRECTION('',(0.,0.,1.));
#2331 = ADVANCED_FACE('',(#2332),#2366,.T.);
#2332 = FACE_BOUND('',#2333,.T.);
#2333 = EDGE_LOOP('',(#2334,#2335,#2336,#2344,#2352,#2360));
#2334 = ORIENTED_EDGE('',*,*,#790,.F.);
#2335 = ORIENTED_EDGE('',*,*,#2303,.F.);
#2336 = ORIENTED_EDGE('',*,*,#2337,.T.);
#2337 = EDGE_CURVE('',#2296,#2338,#2340,.T.);
#2338 = VERTEX_POINT('',#2339);
#2339 = CARTESIAN_POINT('',(-27.7,15.,-7.8));
#2340 = LINE('',#2341,#2342);
#2341 = CARTESIAN_POINT('',(-13.85,15.,-7.8));
#2342 = VECTOR('',#2343,1.);
#2343 = DIRECTION('',(-1.,-0.,0.));
#2344 = ORIENTED_EDGE('',*,*,#2345,.T.);
#2345 = EDGE_CURVE('',#2338,#2346,#2348,.T.);
#2346 = VERTEX_POINT('',#2347);
#2347 = CARTESIAN_POINT('',(-27.7,15.,-3.5));
#2348 = LINE('',#2349,#2350);
#2349 = CARTESIAN_POINT('',(-27.7,15.,-7.81));
#2350 = VECTOR('',#2351,1.);
#2351 = DIRECTION('',(0.,0.,1.));
#2352 = ORIENTED_EDGE('',*,*,#2353,.T.);
#2353 = EDGE_CURVE('',#2346,#2354,#2356,.T.);
#2354 = VERTEX_POINT('',#2355);
#2355 = CARTESIAN_POINT('',(-26.2,15.,-3.5));
#2356 = LINE('',#2357,#2358);
#2357 = CARTESIAN_POINT('',(-26.71,15.,-3.5));
#2358 = VECTOR('',#2359,1.);
#2359 = DIRECTION('',(1.,0.,-0.));
#2360 = ORIENTED_EDGE('',*,*,#2361,.F.);
#2361 = EDGE_CURVE('',#791,#2354,#2362,.T.);
#2362 = LINE('',#2363,#2364);
#2363 = CARTESIAN_POINT('',(-26.2,15.,-5.));
#2364 = VECTOR('',#2365,1.);
#2365 = DIRECTION('',(0.,0.,1.));
#2366 = PLANE('',#2367);
#2367 = AXIS2_PLACEMENT_3D('',#2368,#2369,#2370);
#2368 = CARTESIAN_POINT('',(-27.07068965517,15.,-5.529310344828));
#2369 = DIRECTION('',(0.,1.,0.));
#2370 = DIRECTION('',(0.,-0.,1.));
#2371 = ADVANCED_FACE('',(#2372),#2388,.F.);
#2372 = FACE_BOUND('',#2373,.F.);
#2373 = EDGE_LOOP('',(#2374,#2375,#2381,#2382));
#2374 = ORIENTED_EDGE('',*,*,#2180,.F.);
#2375 = ORIENTED_EDGE('',*,*,#2376,.T.);
#2376 = EDGE_CURVE('',#2181,#2338,#2377,.T.);
#2377 = LINE('',#2378,#2379);
#2378 = CARTESIAN_POINT('',(-27.7,2.25,-7.8));
#2379 = VECTOR('',#2380,1.);
#2380 = DIRECTION('',(-0.,1.,0.));
#2381 = ORIENTED_EDGE('',*,*,#2345,.T.);
#2382 = ORIENTED_EDGE('',*,*,#2383,.F.);
#2383 = EDGE_CURVE('',#2173,#2346,#2384,.T.);
#2384 = LINE('',#2385,#2386);
#2385 = CARTESIAN_POINT('',(-27.7,4.5,-3.5));
#2386 = VECTOR('',#2387,1.);
#2387 = DIRECTION('',(-0.,1.,0.));
#2388 = PLANE('',#2389);
#2389 = AXIS2_PLACEMENT_3D('',#2390,#2391,#2392);
#2390 = CARTESIAN_POINT('',(-27.7,4.5,-7.81));
#2391 = DIRECTION('',(1.,0.,-0.));
#2392 = DIRECTION('',(0.,0.,1.));
#2393 = ADVANCED_FACE('',(#2394),#2419,.T.);
#2394 = FACE_BOUND('',#2395,.T.);
#2395 = EDGE_LOOP('',(#2396,#2397,#2405,#2413));
#2396 = ORIENTED_EDGE('',*,*,#2071,.F.);
#2397 = ORIENTED_EDGE('',*,*,#2398,.T.);
#2398 = EDGE_CURVE('',#2064,#2399,#2401,.T.);
#2399 = VERTEX_POINT('',#2400);
#2400 = CARTESIAN_POINT('',(25.4,4.5,-8.3));
#2401 = LINE('',#2402,#2403);
#2402 = CARTESIAN_POINT('',(25.4,-4.5,-8.3));
#2403 = VECTOR('',#2404,1.);
#2404 = DIRECTION('',(-0.,1.,0.));
#2405 = ORIENTED_EDGE('',*,*,#2406,.T.);
#2406 = EDGE_CURVE('',#2399,#2407,#2409,.T.);
#2407 = VERTEX_POINT('',#2408);
#2408 = CARTESIAN_POINT('',(25.4,4.5,-7.8));
#2409 = LINE('',#2410,#2411);
#2410 = CARTESIAN_POINT('',(25.4,4.5,-8.3));
#2411 = VECTOR('',#2412,1.);
#2412 = DIRECTION('',(0.,0.,1.));
#2413 = ORIENTED_EDGE('',*,*,#2414,.F.);
#2414 = EDGE_CURVE('',#2072,#2407,#2415,.T.);
#2415 = LINE('',#2416,#2417);
#2416 = CARTESIAN_POINT('',(25.4,-2.25,-7.8));
#2417 = VECTOR('',#2418,1.);
#2418 = DIRECTION('',(-0.,1.,0.));
#2419 = PLANE('',#2420);
#2420 = AXIS2_PLACEMENT_3D('',#2421,#2422,#2423);
#2421 = CARTESIAN_POINT('',(25.4,-4.5,-8.3));
#2422 = DIRECTION('',(1.,0.,-0.));
#2423 = DIRECTION('',(0.,0.,1.));
#2424 = ADVANCED_FACE('',(#2425),#2512,.T.);
#2425 = FACE_BOUND('',#2426,.T.);
#2426 = EDGE_LOOP('',(#2427,#2428,#2436,#2442,#2443,#2451,#2459,#2467,
    #2475,#2481,#2482,#2490,#2498,#2506));
#2427 = ORIENTED_EDGE('',*,*,#920,.T.);
#2428 = ORIENTED_EDGE('',*,*,#2429,.F.);
#2429 = EDGE_CURVE('',#2430,#913,#2432,.T.);
#2430 = VERTEX_POINT('',#2431);
#2431 = CARTESIAN_POINT('',(26.7,4.5,-7.8));
#2432 = LINE('',#2433,#2434);
#2433 = CARTESIAN_POINT('',(26.7,4.5,-7.81));
#2434 = VECTOR('',#2435,1.);
#2435 = DIRECTION('',(0.,0.,1.));
#2436 = ORIENTED_EDGE('',*,*,#2437,.T.);
#2437 = EDGE_CURVE('',#2430,#2407,#2438,.T.);
#2438 = LINE('',#2439,#2440);
#2439 = CARTESIAN_POINT('',(12.7,4.5,-7.8));
#2440 = VECTOR('',#2441,1.);
#2441 = DIRECTION('',(-1.,-0.,0.));
#2442 = ORIENTED_EDGE('',*,*,#2406,.F.);
#2443 = ORIENTED_EDGE('',*,*,#2444,.T.);
#2444 = EDGE_CURVE('',#2399,#2445,#2447,.T.);
#2445 = VERTEX_POINT('',#2446);
#2446 = CARTESIAN_POINT('',(28.2,4.5,-8.3));
#2447 = LINE('',#2448,#2449);
#2448 = CARTESIAN_POINT('',(25.4,4.5,-8.3));
#2449 = VECTOR('',#2450,1.);
#2450 = DIRECTION('',(1.,0.,-0.));
#2451 = ORIENTED_EDGE('',*,*,#2452,.F.);
#2452 = EDGE_CURVE('',#2453,#2445,#2455,.T.);
#2453 = VERTEX_POINT('',#2454);
#2454 = CARTESIAN_POINT('',(28.2,4.5,-9.));
#2455 = LINE('',#2456,#2457);
#2456 = CARTESIAN_POINT('',(28.2,4.5,-10.));
#2457 = VECTOR('',#2458,1.);
#2458 = DIRECTION('',(0.,0.,1.));
#2459 = ORIENTED_EDGE('',*,*,#2460,.F.);
#2460 = EDGE_CURVE('',#2461,#2453,#2463,.T.);
#2461 = VERTEX_POINT('',#2462);
#2462 = CARTESIAN_POINT('',(31.8,4.5,-9.));
#2463 = LINE('',#2464,#2465);
#2464 = CARTESIAN_POINT('',(14.1,4.5,-9.));
#2465 = VECTOR('',#2466,1.);
#2466 = DIRECTION('',(-1.,-0.,0.));
#2467 = ORIENTED_EDGE('',*,*,#2468,.T.);
#2468 = EDGE_CURVE('',#2461,#2469,#2471,.T.);
#2469 = VERTEX_POINT('',#2470);
#2470 = CARTESIAN_POINT('',(31.8,4.5,-8.3));
#2471 = LINE('',#2472,#2473);
#2472 = CARTESIAN_POINT('',(31.8,4.5,-10.));
#2473 = VECTOR('',#2474,1.);
#2474 = DIRECTION('',(0.,0.,1.));
#2475 = ORIENTED_EDGE('',*,*,#2476,.T.);
#2476 = EDGE_CURVE('',#2469,#1962,#2477,.T.);
#2477 = LINE('',#2478,#2479);
#2478 = CARTESIAN_POINT('',(25.4,4.5,-8.3));
#2479 = VECTOR('',#2480,1.);
#2480 = DIRECTION('',(1.,0.,-0.));
#2481 = ORIENTED_EDGE('',*,*,#1969,.F.);
#2482 = ORIENTED_EDGE('',*,*,#2483,.T.);
#2483 = EDGE_CURVE('',#1970,#2484,#2486,.T.);
#2484 = VERTEX_POINT('',#2485);
#2485 = CARTESIAN_POINT('',(27.7,4.5,-7.8));
#2486 = LINE('',#2487,#2488);
#2487 = CARTESIAN_POINT('',(12.7,4.5,-7.8));
#2488 = VECTOR('',#2489,1.);
#2489 = DIRECTION('',(-1.,-0.,0.));
#2490 = ORIENTED_EDGE('',*,*,#2491,.T.);
#2491 = EDGE_CURVE('',#2484,#2492,#2494,.T.);
#2492 = VERTEX_POINT('',#2493);
#2493 = CARTESIAN_POINT('',(27.7,4.5,-3.5));
#2494 = LINE('',#2495,#2496);
#2495 = CARTESIAN_POINT('',(27.7,4.5,-7.81));
#2496 = VECTOR('',#2497,1.);
#2497 = DIRECTION('',(0.,0.,1.));
#2498 = ORIENTED_EDGE('',*,*,#2499,.F.);
#2499 = EDGE_CURVE('',#2500,#2492,#2502,.T.);
#2500 = VERTEX_POINT('',#2501);
#2501 = CARTESIAN_POINT('',(26.2,4.5,-3.5));
#2502 = LINE('',#2503,#2504);
#2503 = CARTESIAN_POINT('',(25.9,4.5,-3.5));
#2504 = VECTOR('',#2505,1.);
#2505 = DIRECTION('',(1.,0.,-0.));
#2506 = ORIENTED_EDGE('',*,*,#2507,.T.);
#2507 = EDGE_CURVE('',#2500,#921,#2508,.T.);
#2508 = LINE('',#2509,#2510);
#2509 = CARTESIAN_POINT('',(26.2,4.5,-5.));
#2510 = VECTOR('',#2511,1.);
#2511 = DIRECTION('',(0.,0.,-1.));
#2512 = PLANE('',#2513);
#2513 = AXIS2_PLACEMENT_3D('',#2514,#2515,#2516);
#2514 = CARTESIAN_POINT('',(29.414906832298,4.5,-7.261801242236));
#2515 = DIRECTION('',(-0.,-1.,-0.));
#2516 = DIRECTION('',(0.,0.,-1.));
#2517 = ADVANCED_FACE('',(#2518),#2536,.F.);
#2518 = FACE_BOUND('',#2519,.F.);
#2519 = EDGE_LOOP('',(#2520,#2521,#2529,#2535));
#2520 = ORIENTED_EDGE('',*,*,#2429,.F.);
#2521 = ORIENTED_EDGE('',*,*,#2522,.T.);
#2522 = EDGE_CURVE('',#2430,#2523,#2525,.T.);
#2523 = VERTEX_POINT('',#2524);
#2524 = CARTESIAN_POINT('',(26.7,15.,-7.8));
#2525 = LINE('',#2526,#2527);
#2526 = CARTESIAN_POINT('',(26.7,2.25,-7.8));
#2527 = VECTOR('',#2528,1.);
#2528 = DIRECTION('',(-0.,1.,0.));
#2529 = ORIENTED_EDGE('',*,*,#2530,.T.);
#2530 = EDGE_CURVE('',#2523,#905,#2531,.T.);
#2531 = LINE('',#2532,#2533);
#2532 = CARTESIAN_POINT('',(26.7,15.,-7.81));
#2533 = VECTOR('',#2534,1.);
#2534 = DIRECTION('',(0.,0.,1.));
#2535 = ORIENTED_EDGE('',*,*,#912,.T.);
#2536 = PLANE('',#2537);
#2537 = AXIS2_PLACEMENT_3D('',#2538,#2539,#2540);
#2538 = CARTESIAN_POINT('',(26.7,4.5,-7.81));
#2539 = DIRECTION('',(1.,0.,-0.));
#2540 = DIRECTION('',(0.,0.,1.));
#2541 = ADVANCED_FACE('',(#2542),#2569,.T.);
#2542 = FACE_BOUND('',#2543,.F.);
#2543 = EDGE_LOOP('',(#2544,#2554,#2561,#2562));
#2544 = ORIENTED_EDGE('',*,*,#2545,.T.);
#2545 = EDGE_CURVE('',#2546,#2548,#2550,.T.);
#2546 = VERTEX_POINT('',#2547);
#2547 = CARTESIAN_POINT('',(-32.5,35.5,-9.));
#2548 = VERTEX_POINT('',#2549);
#2549 = CARTESIAN_POINT('',(-32.5,35.5,-7.8));
#2550 = LINE('',#2551,#2552);
#2551 = CARTESIAN_POINT('',(-32.5,35.5,-9.));
#2552 = VECTOR('',#2553,1.);
#2553 = DIRECTION('',(0.,0.,1.));
#2554 = ORIENTED_EDGE('',*,*,#2555,.T.);
#2555 = EDGE_CURVE('',#2548,#1590,#2556,.T.);
#2556 = CIRCLE('',#2557,3.);
#2557 = AXIS2_PLACEMENT_3D('',#2558,#2559,#2560);
#2558 = CARTESIAN_POINT('',(-32.5,32.5,-7.8));
#2559 = DIRECTION('',(0.,0.,1.));
#2560 = DIRECTION('',(4.736951571734E-15,1.,-0.));
#2561 = ORIENTED_EDGE('',*,*,#1589,.F.);
#2562 = ORIENTED_EDGE('',*,*,#2563,.F.);
#2563 = EDGE_CURVE('',#2546,#1580,#2564,.T.);
#2564 = CIRCLE('',#2565,3.);
#2565 = AXIS2_PLACEMENT_3D('',#2566,#2567,#2568);
#2566 = CARTESIAN_POINT('',(-32.5,32.5,-9.));
#2567 = DIRECTION('',(0.,0.,1.));
#2568 = DIRECTION('',(4.736951571734E-15,1.,-0.));
#2569 = CYLINDRICAL_SURFACE('',#2570,3.);
#2570 = AXIS2_PLACEMENT_3D('',#2571,#2572,#2573);
#2571 = CARTESIAN_POINT('',(-32.5,32.5,-9.));
#2572 = DIRECTION('',(-0.,-0.,-1.));
#2573 = DIRECTION('',(4.736951571734E-15,1.,-0.));
#2574 = ADVANCED_FACE('',(#2575),#2609,.T.);
#2575 = FACE_BOUND('',#2576,.T.);
#2576 = EDGE_LOOP('',(#2577,#2578,#2586,#2594,#2602,#2608));
#2577 = ORIENTED_EDGE('',*,*,#904,.F.);
#2578 = ORIENTED_EDGE('',*,*,#2579,.F.);
#2579 = EDGE_CURVE('',#2580,#897,#2582,.T.);
#2580 = VERTEX_POINT('',#2581);
#2581 = CARTESIAN_POINT('',(26.2,15.,-3.5));
#2582 = LINE('',#2583,#2584);
#2583 = CARTESIAN_POINT('',(26.2,15.,-5.));
#2584 = VECTOR('',#2585,1.);
#2585 = DIRECTION('',(0.,0.,-1.));
#2586 = ORIENTED_EDGE('',*,*,#2587,.T.);
#2587 = EDGE_CURVE('',#2580,#2588,#2590,.T.);
#2588 = VERTEX_POINT('',#2589);
#2589 = CARTESIAN_POINT('',(27.7,15.,-3.5));
#2590 = LINE('',#2591,#2592);
#2591 = CARTESIAN_POINT('',(26.7,15.,-3.5));
#2592 = VECTOR('',#2593,1.);
#2593 = DIRECTION('',(1.,0.,-0.));
#2594 = ORIENTED_EDGE('',*,*,#2595,.F.);
#2595 = EDGE_CURVE('',#2596,#2588,#2598,.T.);
#2596 = VERTEX_POINT('',#2597);
#2597 = CARTESIAN_POINT('',(27.7,15.,-7.8));
#2598 = LINE('',#2599,#2600);
#2599 = CARTESIAN_POINT('',(27.7,15.,-7.81));
#2600 = VECTOR('',#2601,1.);
#2601 = DIRECTION('',(0.,0.,1.));
#2602 = ORIENTED_EDGE('',*,*,#2603,.T.);
#2603 = EDGE_CURVE('',#2596,#2523,#2604,.T.);
#2604 = LINE('',#2605,#2606);
#2605 = CARTESIAN_POINT('',(13.35,15.,-7.8));
#2606 = VECTOR('',#2607,1.);
#2607 = DIRECTION('',(-1.,-0.,0.));
#2608 = ORIENTED_EDGE('',*,*,#2530,.T.);
#2609 = PLANE('',#2610);
#2610 = AXIS2_PLACEMENT_3D('',#2611,#2612,#2613);
#2611 = CARTESIAN_POINT('',(27.070689655172,15.,-5.529310344828));
#2612 = DIRECTION('',(5.263450693394E-16,1.,0.));
#2613 = DIRECTION('',(1.,-5.263450693394E-16,0.));
#2614 = ADVANCED_FACE('',(#2615),#2640,.F.);
#2615 = FACE_BOUND('',#2616,.F.);
#2616 = EDGE_LOOP('',(#2617,#2627,#2633,#2634));
#2617 = ORIENTED_EDGE('',*,*,#2618,.T.);
#2618 = EDGE_CURVE('',#2619,#2621,#2623,.T.);
#2619 = VERTEX_POINT('',#2620);
#2620 = CARTESIAN_POINT('',(32.5,35.5,-9.));
#2621 = VERTEX_POINT('',#2622);
#2622 = CARTESIAN_POINT('',(32.5,35.5,-7.8));
#2623 = LINE('',#2624,#2625);
#2624 = CARTESIAN_POINT('',(32.5,35.5,-9.));
#2625 = VECTOR('',#2626,1.);
#2626 = DIRECTION('',(0.,0.,1.));
#2627 = ORIENTED_EDGE('',*,*,#2628,.T.);
#2628 = EDGE_CURVE('',#2621,#2548,#2629,.T.);
#2629 = LINE('',#2630,#2631);
#2630 = CARTESIAN_POINT('',(32.5,35.5,-7.8));
#2631 = VECTOR('',#2632,1.);
#2632 = DIRECTION('',(-1.,0.,0.));
#2633 = ORIENTED_EDGE('',*,*,#2545,.F.);
#2634 = ORIENTED_EDGE('',*,*,#2635,.F.);
#2635 = EDGE_CURVE('',#2619,#2546,#2636,.T.);
#2636 = LINE('',#2637,#2638);
#2637 = CARTESIAN_POINT('',(32.5,35.5,-9.));
#2638 = VECTOR('',#2639,1.);
#2639 = DIRECTION('',(-1.,0.,0.));
#2640 = PLANE('',#2641);
#2641 = AXIS2_PLACEMENT_3D('',#2642,#2643,#2644);
#2642 = CARTESIAN_POINT('',(32.5,35.5,-9.));
#2643 = DIRECTION('',(0.,-1.,0.));
#2644 = DIRECTION('',(-1.,0.,0.));
#2645 = ADVANCED_FACE('',(#2646),#2662,.T.);
#2646 = FACE_BOUND('',#2647,.T.);
#2647 = EDGE_LOOP('',(#2648,#2649,#2655,#2656));
#2648 = ORIENTED_EDGE('',*,*,#2491,.F.);
#2649 = ORIENTED_EDGE('',*,*,#2650,.T.);
#2650 = EDGE_CURVE('',#2484,#2596,#2651,.T.);
#2651 = LINE('',#2652,#2653);
#2652 = CARTESIAN_POINT('',(27.7,2.25,-7.8));
#2653 = VECTOR('',#2654,1.);
#2654 = DIRECTION('',(-0.,1.,0.));
#2655 = ORIENTED_EDGE('',*,*,#2595,.T.);
#2656 = ORIENTED_EDGE('',*,*,#2657,.F.);
#2657 = EDGE_CURVE('',#2492,#2588,#2658,.T.);
#2658 = LINE('',#2659,#2660);
#2659 = CARTESIAN_POINT('',(27.7,4.5,-3.5));
#2660 = VECTOR('',#2661,1.);
#2661 = DIRECTION('',(-0.,1.,0.));
#2662 = PLANE('',#2663);
#2663 = AXIS2_PLACEMENT_3D('',#2664,#2665,#2666);
#2664 = CARTESIAN_POINT('',(27.7,4.5,-7.81));
#2665 = DIRECTION('',(1.,0.,-0.));
#2666 = DIRECTION('',(0.,0.,1.));
#2667 = ADVANCED_FACE('',(#2668),#2686,.T.);
#2668 = FACE_BOUND('',#2669,.F.);
#2669 = EDGE_LOOP('',(#2670,#2671,#2678,#2679));
#2670 = ORIENTED_EDGE('',*,*,#1985,.T.);
#2671 = ORIENTED_EDGE('',*,*,#2672,.T.);
#2672 = EDGE_CURVE('',#1978,#2621,#2673,.T.);
#2673 = CIRCLE('',#2674,3.);
#2674 = AXIS2_PLACEMENT_3D('',#2675,#2676,#2677);
#2675 = CARTESIAN_POINT('',(32.5,32.5,-7.8));
#2676 = DIRECTION('',(0.,0.,1.));
#2677 = DIRECTION('',(1.,-4.736951571734E-15,0.));
#2678 = ORIENTED_EDGE('',*,*,#2618,.F.);
#2679 = ORIENTED_EDGE('',*,*,#2680,.F.);
#2680 = EDGE_CURVE('',#1937,#2619,#2681,.T.);
#2681 = CIRCLE('',#2682,3.);
#2682 = AXIS2_PLACEMENT_3D('',#2683,#2684,#2685);
#2683 = CARTESIAN_POINT('',(32.5,32.5,-9.));
#2684 = DIRECTION('',(0.,0.,1.));
#2685 = DIRECTION('',(1.,-4.736951571734E-15,0.));
#2686 = CYLINDRICAL_SURFACE('',#2687,3.);
#2687 = AXIS2_PLACEMENT_3D('',#2688,#2689,#2690);
#2688 = CARTESIAN_POINT('',(32.5,32.5,-9.));
#2689 = DIRECTION('',(-0.,-0.,-1.));
#2690 = DIRECTION('',(1.,-4.736951571734E-15,0.));
#2691 = ADVANCED_FACE('',(#2692),#2708,.F.);
#2692 = FACE_BOUND('',#2693,.F.);
#2693 = EDGE_LOOP('',(#2694,#2695,#2701,#2702));
#2694 = ORIENTED_EDGE('',*,*,#1684,.F.);
#2695 = ORIENTED_EDGE('',*,*,#2696,.T.);
#2696 = EDGE_CURVE('',#1685,#2212,#2697,.T.);
#2697 = LINE('',#2698,#2699);
#2698 = CARTESIAN_POINT('',(-28.2,-2.25,-9.));
#2699 = VECTOR('',#2700,1.);
#2700 = DIRECTION('',(-0.,1.,0.));
#2701 = ORIENTED_EDGE('',*,*,#2219,.T.);
#2702 = ORIENTED_EDGE('',*,*,#2703,.T.);
#2703 = EDGE_CURVE('',#2220,#1677,#2704,.T.);
#2704 = LINE('',#2705,#2706);
#2705 = CARTESIAN_POINT('',(-28.2,-4.5,-8.3));
#2706 = VECTOR('',#2707,1.);
#2707 = DIRECTION('',(0.,-1.,0.));
#2708 = PLANE('',#2709);
#2709 = AXIS2_PLACEMENT_3D('',#2710,#2711,#2712);
#2710 = CARTESIAN_POINT('',(-28.2,-4.5,-10.));
#2711 = DIRECTION('',(1.,0.,-0.));
#2712 = DIRECTION('',(0.,0.,1.));
#2713 = ADVANCED_FACE('',(#2714),#2730,.T.);
#2714 = FACE_BOUND('',#2715,.T.);
#2715 = EDGE_LOOP('',(#2716,#2717,#2723,#2724));
#2716 = ORIENTED_EDGE('',*,*,#1700,.F.);
#2717 = ORIENTED_EDGE('',*,*,#2718,.T.);
#2718 = EDGE_CURVE('',#1693,#2204,#2719,.T.);
#2719 = LINE('',#2720,#2721);
#2720 = CARTESIAN_POINT('',(-31.8,-2.25,-9.));
#2721 = VECTOR('',#2722,1.);
#2722 = DIRECTION('',(-0.,1.,0.));
#2723 = ORIENTED_EDGE('',*,*,#2203,.T.);
#2724 = ORIENTED_EDGE('',*,*,#2725,.T.);
#2725 = EDGE_CURVE('',#2196,#1701,#2726,.T.);
#2726 = LINE('',#2727,#2728);
#2727 = CARTESIAN_POINT('',(-31.8,-4.5,-8.3));
#2728 = VECTOR('',#2729,1.);
#2729 = DIRECTION('',(0.,-1.,0.));
#2730 = PLANE('',#2731);
#2731 = AXIS2_PLACEMENT_3D('',#2732,#2733,#2734);
#2732 = CARTESIAN_POINT('',(-31.8,-4.5,-10.));
#2733 = DIRECTION('',(1.,0.,-0.));
#2734 = DIRECTION('',(0.,0.,1.));
#2735 = ADVANCED_FACE('',(#2736),#2752,.F.);
#2736 = FACE_BOUND('',#2737,.F.);
#2737 = EDGE_LOOP('',(#2738,#2739,#2745,#2746));
#2738 = ORIENTED_EDGE('',*,*,#2039,.F.);
#2739 = ORIENTED_EDGE('',*,*,#2740,.T.);
#2740 = EDGE_CURVE('',#2040,#2461,#2741,.T.);
#2741 = LINE('',#2742,#2743);
#2742 = CARTESIAN_POINT('',(31.8,-2.25,-9.));
#2743 = VECTOR('',#2744,1.);
#2744 = DIRECTION('',(-0.,1.,0.));
#2745 = ORIENTED_EDGE('',*,*,#2468,.T.);
#2746 = ORIENTED_EDGE('',*,*,#2747,.T.);
#2747 = EDGE_CURVE('',#2469,#2032,#2748,.T.);
#2748 = LINE('',#2749,#2750);
#2749 = CARTESIAN_POINT('',(31.8,-4.5,-8.3));
#2750 = VECTOR('',#2751,1.);
#2751 = DIRECTION('',(0.,-1.,0.));
#2752 = PLANE('',#2753);
#2753 = AXIS2_PLACEMENT_3D('',#2754,#2755,#2756);
#2754 = CARTESIAN_POINT('',(31.8,-4.5,-10.));
#2755 = DIRECTION('',(1.,0.,-0.));
#2756 = DIRECTION('',(0.,0.,1.));
#2757 = ADVANCED_FACE('',(#2758),#2774,.T.);
#2758 = FACE_BOUND('',#2759,.T.);
#2759 = EDGE_LOOP('',(#2760,#2761,#2767,#2768));
#2760 = ORIENTED_EDGE('',*,*,#2055,.F.);
#2761 = ORIENTED_EDGE('',*,*,#2762,.T.);
#2762 = EDGE_CURVE('',#2048,#2453,#2763,.T.);
#2763 = LINE('',#2764,#2765);
#2764 = CARTESIAN_POINT('',(28.2,-2.25,-9.));
#2765 = VECTOR('',#2766,1.);
#2766 = DIRECTION('',(-0.,1.,0.));
#2767 = ORIENTED_EDGE('',*,*,#2452,.T.);
#2768 = ORIENTED_EDGE('',*,*,#2769,.T.);
#2769 = EDGE_CURVE('',#2445,#2056,#2770,.T.);
#2770 = LINE('',#2771,#2772);
#2771 = CARTESIAN_POINT('',(28.2,-4.5,-8.3));
#2772 = VECTOR('',#2773,1.);
#2773 = DIRECTION('',(0.,-1.,0.));
#2774 = PLANE('',#2775);
#2775 = AXIS2_PLACEMENT_3D('',#2776,#2777,#2778);
#2776 = CARTESIAN_POINT('',(28.2,-4.5,-10.));
#2777 = DIRECTION('',(1.,0.,-0.));
#2778 = DIRECTION('',(0.,0.,1.));
#2779 = ADVANCED_FACE('',(#2780),#2786,.T.);
#2780 = FACE_BOUND('',#2781,.T.);
#2781 = EDGE_LOOP('',(#2782,#2783,#2784,#2785));
#2782 = ORIENTED_EDGE('',*,*,#2195,.F.);
#2783 = ORIENTED_EDGE('',*,*,#1613,.T.);
#2784 = ORIENTED_EDGE('',*,*,#1708,.T.);
#2785 = ORIENTED_EDGE('',*,*,#2725,.F.);
#2786 = PLANE('',#2787);
#2787 = AXIS2_PLACEMENT_3D('',#2788,#2789,#2790);
#2788 = CARTESIAN_POINT('',(-36.5,-4.5,-8.3));
#2789 = DIRECTION('',(0.,0.,1.));
#2790 = DIRECTION('',(1.,0.,-0.));
#2791 = ADVANCED_FACE('',(#2792),#2826,.T.);
#2792 = FACE_BOUND('',#2793,.T.);
#2793 = EDGE_LOOP('',(#2794,#2804,#2812,#2820));
#2794 = ORIENTED_EDGE('',*,*,#2795,.F.);
#2795 = EDGE_CURVE('',#2796,#2798,#2800,.T.);
#2796 = VERTEX_POINT('',#2797);
#2797 = CARTESIAN_POINT('',(7.,24.95,-7.8));
#2798 = VERTEX_POINT('',#2799);
#2799 = CARTESIAN_POINT('',(7.,24.95,-7.79));
#2800 = LINE('',#2801,#2802);
#2801 = CARTESIAN_POINT('',(7.,24.95,-13.5));
#2802 = VECTOR('',#2803,1.);
#2803 = DIRECTION('',(0.,0.,1.));
#2804 = ORIENTED_EDGE('',*,*,#2805,.F.);
#2805 = EDGE_CURVE('',#2806,#2796,#2808,.T.);
#2806 = VERTEX_POINT('',#2807);
#2807 = CARTESIAN_POINT('',(7.,25.05,-7.8));
#2808 = LINE('',#2809,#2810);
#2809 = CARTESIAN_POINT('',(7.,12.475,-7.8));
#2810 = VECTOR('',#2811,1.);
#2811 = DIRECTION('',(0.,-1.,0.));
#2812 = ORIENTED_EDGE('',*,*,#2813,.T.);
#2813 = EDGE_CURVE('',#2806,#2814,#2816,.T.);
#2814 = VERTEX_POINT('',#2815);
#2815 = CARTESIAN_POINT('',(7.,25.05,-7.79));
#2816 = LINE('',#2817,#2818);
#2817 = CARTESIAN_POINT('',(7.,25.05,-13.005));
#2818 = VECTOR('',#2819,1.);
#2819 = DIRECTION('',(0.,0.,1.));
#2820 = ORIENTED_EDGE('',*,*,#2821,.F.);
#2821 = EDGE_CURVE('',#2798,#2814,#2822,.T.);
#2822 = LINE('',#2823,#2824);
#2823 = CARTESIAN_POINT('',(7.,24.95,-7.79));
#2824 = VECTOR('',#2825,1.);
#2825 = DIRECTION('',(-0.,1.,0.));
#2826 = PLANE('',#2827);
#2827 = AXIS2_PLACEMENT_3D('',#2828,#2829,#2830);
#2828 = CARTESIAN_POINT('',(7.,24.95,-13.5));
#2829 = DIRECTION('',(1.,0.,-0.));
#2830 = DIRECTION('',(0.,0.,1.));
#2831 = ADVANCED_FACE('',(#2832),#2905,.T.);
#2832 = FACE_BOUND('',#2833,.T.);
#2833 = EDGE_LOOP('',(#2834,#2844,#2850,#2851,#2859,#2867,#2875,#2883,
    #2891,#2899));
#2834 = ORIENTED_EDGE('',*,*,#2835,.F.);
#2835 = EDGE_CURVE('',#2836,#2838,#2840,.T.);
#2836 = VERTEX_POINT('',#2837);
#2837 = CARTESIAN_POINT('',(4.5,24.95,-7.79));
#2838 = VERTEX_POINT('',#2839);
#2839 = CARTESIAN_POINT('',(4.5,25.05,-7.79));
#2840 = LINE('',#2841,#2842);
#2841 = CARTESIAN_POINT('',(4.5,24.95,-7.79));
#2842 = VECTOR('',#2843,1.);
#2843 = DIRECTION('',(-0.,1.,0.));
#2844 = ORIENTED_EDGE('',*,*,#2845,.T.);
#2845 = EDGE_CURVE('',#2836,#2798,#2846,.T.);
#2846 = LINE('',#2847,#2848);
#2847 = CARTESIAN_POINT('',(4.5,24.95,-7.79));
#2848 = VECTOR('',#2849,1.);
#2849 = DIRECTION('',(1.,0.,-0.));
#2850 = ORIENTED_EDGE('',*,*,#2821,.T.);
#2851 = ORIENTED_EDGE('',*,*,#2852,.T.);
#2852 = EDGE_CURVE('',#2814,#2853,#2855,.T.);
#2853 = VERTEX_POINT('',#2854);
#2854 = CARTESIAN_POINT('',(7.2,25.05,-7.79));
#2855 = LINE('',#2856,#2857);
#2856 = CARTESIAN_POINT('',(4.2,25.05,-7.79));
#2857 = VECTOR('',#2858,1.);
#2858 = DIRECTION('',(1.,0.,-0.));
#2859 = ORIENTED_EDGE('',*,*,#2860,.T.);
#2860 = EDGE_CURVE('',#2853,#2861,#2863,.T.);
#2861 = VERTEX_POINT('',#2862);
#2862 = CARTESIAN_POINT('',(7.2,26.7,-7.79));
#2863 = LINE('',#2864,#2865);
#2864 = CARTESIAN_POINT('',(7.2,25.05,-7.79));
#2865 = VECTOR('',#2866,1.);
#2866 = DIRECTION('',(-0.,1.,0.));
#2867 = ORIENTED_EDGE('',*,*,#2868,.F.);
#2868 = EDGE_CURVE('',#2869,#2861,#2871,.T.);
#2869 = VERTEX_POINT('',#2870);
#2870 = CARTESIAN_POINT('',(4.5,26.7,-7.79));
#2871 = LINE('',#2872,#2873);
#2872 = CARTESIAN_POINT('',(4.35,26.7,-7.79));
#2873 = VECTOR('',#2874,1.);
#2874 = DIRECTION('',(1.,0.,-0.));
#2875 = ORIENTED_EDGE('',*,*,#2876,.F.);
#2876 = EDGE_CURVE('',#2877,#2869,#2879,.T.);
#2877 = VERTEX_POINT('',#2878);
#2878 = CARTESIAN_POINT('',(4.5,27.45,-7.79));
#2879 = LINE('',#2880,#2881);
#2880 = CARTESIAN_POINT('',(4.5,25.875,-7.79));
#2881 = VECTOR('',#2882,1.);
#2882 = DIRECTION('',(0.,-1.,0.));
#2883 = ORIENTED_EDGE('',*,*,#2884,.F.);
#2884 = EDGE_CURVE('',#2885,#2877,#2887,.T.);
#2885 = VERTEX_POINT('',#2886);
#2886 = CARTESIAN_POINT('',(4.2,27.45,-7.79));
#2887 = LINE('',#2888,#2889);
#2888 = CARTESIAN_POINT('',(4.2,27.45,-7.79));
#2889 = VECTOR('',#2890,1.);
#2890 = DIRECTION('',(1.,0.,-0.));
#2891 = ORIENTED_EDGE('',*,*,#2892,.F.);
#2892 = EDGE_CURVE('',#2893,#2885,#2895,.T.);
#2893 = VERTEX_POINT('',#2894);
#2894 = CARTESIAN_POINT('',(4.2,25.05,-7.79));
#2895 = LINE('',#2896,#2897);
#2896 = CARTESIAN_POINT('',(4.2,25.05,-7.79));
#2897 = VECTOR('',#2898,1.);
#2898 = DIRECTION('',(-0.,1.,0.));
#2899 = ORIENTED_EDGE('',*,*,#2900,.T.);
#2900 = EDGE_CURVE('',#2893,#2838,#2901,.T.);
#2901 = LINE('',#2902,#2903);
#2902 = CARTESIAN_POINT('',(4.2,25.05,-7.79));
#2903 = VECTOR('',#2904,1.);
#2904 = DIRECTION('',(1.,0.,-0.));
#2905 = PLANE('',#2906);
#2906 = AXIS2_PLACEMENT_3D('',#2907,#2908,#2909);
#2907 = CARTESIAN_POINT('',(5.516818181818,26.020454545455,-7.79));
#2908 = DIRECTION('',(0.,0.,1.));
#2909 = DIRECTION('',(1.,0.,-0.));
#2910 = ADVANCED_FACE('',(#2911),#2936,.F.);
#2911 = FACE_BOUND('',#2912,.F.);
#2912 = EDGE_LOOP('',(#2913,#2921,#2929,#2935));
#2913 = ORIENTED_EDGE('',*,*,#2914,.F.);
#2914 = EDGE_CURVE('',#2915,#2836,#2917,.T.);
#2915 = VERTEX_POINT('',#2916);
#2916 = CARTESIAN_POINT('',(4.5,24.95,-7.8));
#2917 = LINE('',#2918,#2919);
#2918 = CARTESIAN_POINT('',(4.5,24.95,-13.5));
#2919 = VECTOR('',#2920,1.);
#2920 = DIRECTION('',(0.,0.,1.));
#2921 = ORIENTED_EDGE('',*,*,#2922,.F.);
#2922 = EDGE_CURVE('',#2923,#2915,#2925,.T.);
#2923 = VERTEX_POINT('',#2924);
#2924 = CARTESIAN_POINT('',(4.5,25.05,-7.8));
#2925 = LINE('',#2926,#2927);
#2926 = CARTESIAN_POINT('',(4.5,12.475,-7.8));
#2927 = VECTOR('',#2928,1.);
#2928 = DIRECTION('',(0.,-1.,0.));
#2929 = ORIENTED_EDGE('',*,*,#2930,.T.);
#2930 = EDGE_CURVE('',#2923,#2838,#2931,.T.);
#2931 = LINE('',#2932,#2933);
#2932 = CARTESIAN_POINT('',(4.5,25.05,-13.005));
#2933 = VECTOR('',#2934,1.);
#2934 = DIRECTION('',(0.,0.,1.));
#2935 = ORIENTED_EDGE('',*,*,#2835,.F.);
#2936 = PLANE('',#2937);
#2937 = AXIS2_PLACEMENT_3D('',#2938,#2939,#2940);
#2938 = CARTESIAN_POINT('',(4.5,24.95,-13.5));
#2939 = DIRECTION('',(1.,0.,-0.));
#2940 = DIRECTION('',(0.,0.,1.));
#2941 = ADVANCED_FACE('',(#2942),#2960,.F.);
#2942 = FACE_BOUND('',#2943,.F.);
#2943 = EDGE_LOOP('',(#2944,#2952,#2953,#2954));
#2944 = ORIENTED_EDGE('',*,*,#2945,.T.);
#2945 = EDGE_CURVE('',#2946,#2806,#2948,.T.);
#2946 = VERTEX_POINT('',#2947);
#2947 = CARTESIAN_POINT('',(7.2,25.05,-7.8));
#2948 = LINE('',#2949,#2950);
#2949 = CARTESIAN_POINT('',(2.1,25.05,-7.8));
#2950 = VECTOR('',#2951,1.);
#2951 = DIRECTION('',(-1.,-0.,0.));
#2952 = ORIENTED_EDGE('',*,*,#2813,.T.);
#2953 = ORIENTED_EDGE('',*,*,#2852,.T.);
#2954 = ORIENTED_EDGE('',*,*,#2955,.F.);
#2955 = EDGE_CURVE('',#2946,#2853,#2956,.T.);
#2956 = LINE('',#2957,#2958);
#2957 = CARTESIAN_POINT('',(7.2,25.05,-12.51));
#2958 = VECTOR('',#2959,1.);
#2959 = DIRECTION('',(0.,0.,1.));
#2960 = PLANE('',#2961);
#2961 = AXIS2_PLACEMENT_3D('',#2962,#2963,#2964);
#2962 = CARTESIAN_POINT('',(4.2,25.05,-12.51));
#2963 = DIRECTION('',(-0.,1.,0.));
#2964 = DIRECTION('',(0.,0.,1.));
#2965 = ADVANCED_FACE('',(#2966),#2984,.T.);
#2966 = FACE_BOUND('',#2967,.T.);
#2967 = EDGE_LOOP('',(#2968,#2969,#2977,#2983));
#2968 = ORIENTED_EDGE('',*,*,#2955,.F.);
#2969 = ORIENTED_EDGE('',*,*,#2970,.T.);
#2970 = EDGE_CURVE('',#2946,#2971,#2973,.T.);
#2971 = VERTEX_POINT('',#2972);
#2972 = CARTESIAN_POINT('',(7.2,26.7,-7.8));
#2973 = LINE('',#2974,#2975);
#2974 = CARTESIAN_POINT('',(7.2,12.525,-7.8));
#2975 = VECTOR('',#2976,1.);
#2976 = DIRECTION('',(-0.,1.,0.));
#2977 = ORIENTED_EDGE('',*,*,#2978,.F.);
#2978 = EDGE_CURVE('',#2861,#2971,#2979,.T.);
#2979 = LINE('',#2980,#2981);
#2980 = CARTESIAN_POINT('',(7.2,26.7,-10.16));
#2981 = VECTOR('',#2982,1.);
#2982 = DIRECTION('',(-0.,0.,-1.));
#2983 = ORIENTED_EDGE('',*,*,#2860,.F.);
#2984 = PLANE('',#2985);
#2985 = AXIS2_PLACEMENT_3D('',#2986,#2987,#2988);
#2986 = CARTESIAN_POINT('',(7.2,25.05,-12.51));
#2987 = DIRECTION('',(1.,0.,-0.));
#2988 = DIRECTION('',(0.,0.,1.));
#2989 = ADVANCED_FACE('',(#2990),#3015,.F.);
#2990 = FACE_BOUND('',#2991,.F.);
#2991 = EDGE_LOOP('',(#2992,#3000,#3001,#3002,#3008,#3009));
#2992 = ORIENTED_EDGE('',*,*,#2993,.T.);
#2993 = EDGE_CURVE('',#2994,#2971,#2996,.T.);
#2994 = VERTEX_POINT('',#2995);
#2995 = CARTESIAN_POINT('',(15.,26.7,-7.8));
#2996 = LINE('',#2997,#2998);
#2997 = CARTESIAN_POINT('',(2.25,26.7,-7.8));
#2998 = VECTOR('',#2999,1.);
#2999 = DIRECTION('',(-1.,-0.,0.));
#3000 = ORIENTED_EDGE('',*,*,#2978,.F.);
#3001 = ORIENTED_EDGE('',*,*,#2868,.F.);
#3002 = ORIENTED_EDGE('',*,*,#3003,.T.);
#3003 = EDGE_CURVE('',#2869,#856,#3004,.T.);
#3004 = LINE('',#3005,#3006);
#3005 = CARTESIAN_POINT('',(4.5,26.7,-7.81));
#3006 = VECTOR('',#3007,1.);
#3007 = DIRECTION('',(0.,0.,1.));
#3008 = ORIENTED_EDGE('',*,*,#863,.T.);
#3009 = ORIENTED_EDGE('',*,*,#3010,.F.);
#3010 = EDGE_CURVE('',#2994,#864,#3011,.T.);
#3011 = LINE('',#3012,#3013);
#3012 = CARTESIAN_POINT('',(15.,26.7,-7.81));
#3013 = VECTOR('',#3014,1.);
#3014 = DIRECTION('',(0.,0.,1.));
#3015 = PLANE('',#3016);
#3016 = AXIS2_PLACEMENT_3D('',#3017,#3018,#3019);
#3017 = CARTESIAN_POINT('',(4.5,26.7,-7.81));
#3018 = DIRECTION('',(-0.,1.,0.));
#3019 = DIRECTION('',(0.,0.,1.));
#3020 = ADVANCED_FACE('',(#3021),#3055,.T.);
#3021 = FACE_BOUND('',#3022,.T.);
#3022 = EDGE_LOOP('',(#3023,#3031,#3032,#3033,#3041,#3049));
#3023 = ORIENTED_EDGE('',*,*,#3024,.F.);
#3024 = EDGE_CURVE('',#872,#3025,#3027,.T.);
#3025 = VERTEX_POINT('',#3026);
#3026 = CARTESIAN_POINT('',(15.,26.2,-3.5));
#3027 = LINE('',#3028,#3029);
#3028 = CARTESIAN_POINT('',(15.,26.2,-5.));
#3029 = VECTOR('',#3030,1.);
#3030 = DIRECTION('',(0.,0.,1.));
#3031 = ORIENTED_EDGE('',*,*,#871,.T.);
#3032 = ORIENTED_EDGE('',*,*,#3010,.F.);
#3033 = ORIENTED_EDGE('',*,*,#3034,.T.);
#3034 = EDGE_CURVE('',#2994,#3035,#3037,.T.);
#3035 = VERTEX_POINT('',#3036);
#3036 = CARTESIAN_POINT('',(15.,27.7,-7.8));
#3037 = LINE('',#3038,#3039);
#3038 = CARTESIAN_POINT('',(15.,13.35,-7.8));
#3039 = VECTOR('',#3040,1.);
#3040 = DIRECTION('',(-0.,1.,0.));
#3041 = ORIENTED_EDGE('',*,*,#3042,.T.);
#3042 = EDGE_CURVE('',#3035,#3043,#3045,.T.);
#3043 = VERTEX_POINT('',#3044);
#3044 = CARTESIAN_POINT('',(15.,27.7,-3.5));
#3045 = LINE('',#3046,#3047);
#3046 = CARTESIAN_POINT('',(15.,27.7,-7.81));
#3047 = VECTOR('',#3048,1.);
#3048 = DIRECTION('',(0.,0.,1.));
#3049 = ORIENTED_EDGE('',*,*,#3050,.F.);
#3050 = EDGE_CURVE('',#3025,#3043,#3051,.T.);
#3051 = LINE('',#3052,#3053);
#3052 = CARTESIAN_POINT('',(15.,25.9,-3.5));
#3053 = VECTOR('',#3054,1.);
#3054 = DIRECTION('',(-0.,1.,0.));
#3055 = PLANE('',#3056);
#3056 = AXIS2_PLACEMENT_3D('',#3057,#3058,#3059);
#3057 = CARTESIAN_POINT('',(15.,27.070689655172,-5.529310344828));
#3058 = DIRECTION('',(1.,0.,0.));
#3059 = DIRECTION('',(-0.,0.,1.));
#3060 = ADVANCED_FACE('',(#3061),#3086,.T.);
#3061 = FACE_BOUND('',#3062,.T.);
#3062 = EDGE_LOOP('',(#3063,#3064,#3072,#3080));
#3063 = ORIENTED_EDGE('',*,*,#3042,.F.);
#3064 = ORIENTED_EDGE('',*,*,#3065,.T.);
#3065 = EDGE_CURVE('',#3035,#3066,#3068,.T.);
#3066 = VERTEX_POINT('',#3067);
#3067 = CARTESIAN_POINT('',(4.5,27.7,-7.8));
#3068 = LINE('',#3069,#3070);
#3069 = CARTESIAN_POINT('',(2.25,27.7,-7.8));
#3070 = VECTOR('',#3071,1.);
#3071 = DIRECTION('',(-1.,-0.,0.));
#3072 = ORIENTED_EDGE('',*,*,#3073,.T.);
#3073 = EDGE_CURVE('',#3066,#3074,#3076,.T.);
#3074 = VERTEX_POINT('',#3075);
#3075 = CARTESIAN_POINT('',(4.5,27.7,-3.5));
#3076 = LINE('',#3077,#3078);
#3077 = CARTESIAN_POINT('',(4.5,27.7,-7.81));
#3078 = VECTOR('',#3079,1.);
#3079 = DIRECTION('',(0.,0.,1.));
#3080 = ORIENTED_EDGE('',*,*,#3081,.T.);
#3081 = EDGE_CURVE('',#3074,#3043,#3082,.T.);
#3082 = LINE('',#3083,#3084);
#3083 = CARTESIAN_POINT('',(4.5,27.7,-3.5));
#3084 = VECTOR('',#3085,1.);
#3085 = DIRECTION('',(1.,0.,-0.));
#3086 = PLANE('',#3087);
#3087 = AXIS2_PLACEMENT_3D('',#3088,#3089,#3090);
#3088 = CARTESIAN_POINT('',(4.5,27.7,-7.81));
#3089 = DIRECTION('',(-0.,1.,0.));
#3090 = DIRECTION('',(0.,0.,1.));
#3091 = ADVANCED_FACE('',(#3092),#3126,.T.);
#3092 = FACE_BOUND('',#3093,.T.);
#3093 = EDGE_LOOP('',(#3094,#3102,#3108,#3109,#3117,#3123,#3124,#3125));
#3094 = ORIENTED_EDGE('',*,*,#3095,.T.);
#3095 = EDGE_CURVE('',#848,#3096,#3098,.T.);
#3096 = VERTEX_POINT('',#3097);
#3097 = CARTESIAN_POINT('',(4.5,26.2,-3.5));
#3098 = LINE('',#3099,#3100);
#3099 = CARTESIAN_POINT('',(4.5,26.2,-5.));
#3100 = VECTOR('',#3101,1.);
#3101 = DIRECTION('',(0.,0.,1.));
#3102 = ORIENTED_EDGE('',*,*,#3103,.T.);
#3103 = EDGE_CURVE('',#3096,#3074,#3104,.T.);
#3104 = LINE('',#3105,#3106);
#3105 = CARTESIAN_POINT('',(4.5,26.7,-3.5));
#3106 = VECTOR('',#3107,1.);
#3107 = DIRECTION('',(-0.,1.,0.));
#3108 = ORIENTED_EDGE('',*,*,#3073,.F.);
#3109 = ORIENTED_EDGE('',*,*,#3110,.F.);
#3110 = EDGE_CURVE('',#3111,#3066,#3113,.T.);
#3111 = VERTEX_POINT('',#3112);
#3112 = CARTESIAN_POINT('',(4.5,27.45,-7.8));
#3113 = LINE('',#3114,#3115);
#3114 = CARTESIAN_POINT('',(4.5,13.35,-7.8));
#3115 = VECTOR('',#3116,1.);
#3116 = DIRECTION('',(-0.,1.,0.));
#3117 = ORIENTED_EDGE('',*,*,#3118,.T.);
#3118 = EDGE_CURVE('',#3111,#2877,#3119,.T.);
#3119 = LINE('',#3120,#3121);
#3120 = CARTESIAN_POINT('',(4.5,27.45,-10.16));
#3121 = VECTOR('',#3122,1.);
#3122 = DIRECTION('',(0.,0.,1.));
#3123 = ORIENTED_EDGE('',*,*,#2876,.T.);
#3124 = ORIENTED_EDGE('',*,*,#3003,.T.);
#3125 = ORIENTED_EDGE('',*,*,#855,.F.);
#3126 = PLANE('',#3127);
#3127 = AXIS2_PLACEMENT_3D('',#3128,#3129,#3130);
#3128 = CARTESIAN_POINT('',(4.5,27.071336206897,-5.528663793103));
#3129 = DIRECTION('',(-1.,-0.,-0.));
#3130 = DIRECTION('',(0.,0.,-1.));
#3131 = ADVANCED_FACE('',(#3132),#3150,.T.);
#3132 = FACE_BOUND('',#3133,.T.);
#3133 = EDGE_LOOP('',(#3134,#3142,#3148,#3149));
#3134 = ORIENTED_EDGE('',*,*,#3135,.T.);
#3135 = EDGE_CURVE('',#3111,#3136,#3138,.T.);
#3136 = VERTEX_POINT('',#3137);
#3137 = CARTESIAN_POINT('',(4.2,27.45,-7.8));
#3138 = LINE('',#3139,#3140);
#3139 = CARTESIAN_POINT('',(2.1,27.45,-7.8));
#3140 = VECTOR('',#3141,1.);
#3141 = DIRECTION('',(-1.,-0.,0.));
#3142 = ORIENTED_EDGE('',*,*,#3143,.T.);
#3143 = EDGE_CURVE('',#3136,#2885,#3144,.T.);
#3144 = LINE('',#3145,#3146);
#3145 = CARTESIAN_POINT('',(4.2,27.45,-12.51));
#3146 = VECTOR('',#3147,1.);
#3147 = DIRECTION('',(0.,0.,1.));
#3148 = ORIENTED_EDGE('',*,*,#2884,.T.);
#3149 = ORIENTED_EDGE('',*,*,#3118,.F.);
#3150 = PLANE('',#3151);
#3151 = AXIS2_PLACEMENT_3D('',#3152,#3153,#3154);
#3152 = CARTESIAN_POINT('',(4.2,27.45,-12.51));
#3153 = DIRECTION('',(-0.,1.,0.));
#3154 = DIRECTION('',(0.,0.,1.));
#3155 = ADVANCED_FACE('',(#3156),#3174,.F.);
#3156 = FACE_BOUND('',#3157,.F.);
#3157 = EDGE_LOOP('',(#3158,#3166,#3172,#3173));
#3158 = ORIENTED_EDGE('',*,*,#3159,.F.);
#3159 = EDGE_CURVE('',#3160,#2893,#3162,.T.);
#3160 = VERTEX_POINT('',#3161);
#3161 = CARTESIAN_POINT('',(4.2,25.05,-7.8));
#3162 = LINE('',#3163,#3164);
#3163 = CARTESIAN_POINT('',(4.2,25.05,-12.51));
#3164 = VECTOR('',#3165,1.);
#3165 = DIRECTION('',(0.,0.,1.));
#3166 = ORIENTED_EDGE('',*,*,#3167,.T.);
#3167 = EDGE_CURVE('',#3160,#3136,#3168,.T.);
#3168 = LINE('',#3169,#3170);
#3169 = CARTESIAN_POINT('',(4.2,12.525,-7.8));
#3170 = VECTOR('',#3171,1.);
#3171 = DIRECTION('',(-0.,1.,0.));
#3172 = ORIENTED_EDGE('',*,*,#3143,.T.);
#3173 = ORIENTED_EDGE('',*,*,#2892,.F.);
#3174 = PLANE('',#3175);
#3175 = AXIS2_PLACEMENT_3D('',#3176,#3177,#3178);
#3176 = CARTESIAN_POINT('',(4.2,25.05,-12.51));
#3177 = DIRECTION('',(1.,0.,-0.));
#3178 = DIRECTION('',(0.,0.,1.));
#3179 = ADVANCED_FACE('',(#3180),#3191,.F.);
#3180 = FACE_BOUND('',#3181,.F.);
#3181 = EDGE_LOOP('',(#3182,#3188,#3189,#3190));
#3182 = ORIENTED_EDGE('',*,*,#3183,.T.);
#3183 = EDGE_CURVE('',#2923,#3160,#3184,.T.);
#3184 = LINE('',#3185,#3186);
#3185 = CARTESIAN_POINT('',(2.1,25.05,-7.8));
#3186 = VECTOR('',#3187,1.);
#3187 = DIRECTION('',(-1.,-0.,0.));
#3188 = ORIENTED_EDGE('',*,*,#3159,.T.);
#3189 = ORIENTED_EDGE('',*,*,#2900,.T.);
#3190 = ORIENTED_EDGE('',*,*,#2930,.F.);
#3191 = PLANE('',#3192);
#3192 = AXIS2_PLACEMENT_3D('',#3193,#3194,#3195);
#3193 = CARTESIAN_POINT('',(4.2,25.05,-12.51));
#3194 = DIRECTION('',(-0.,1.,0.));
#3195 = DIRECTION('',(0.,0.,1.));
#3196 = ADVANCED_FACE('',(#3197),#3222,.F.);
#3197 = FACE_BOUND('',#3198,.F.);
#3198 = EDGE_LOOP('',(#3199,#3207,#3215,#3221));
#3199 = ORIENTED_EDGE('',*,*,#3200,.F.);
#3200 = EDGE_CURVE('',#3201,#832,#3203,.T.);
#3201 = VERTEX_POINT('',#3202);
#3202 = CARTESIAN_POINT('',(-4.5,26.7,-7.8));
#3203 = LINE('',#3204,#3205);
#3204 = CARTESIAN_POINT('',(-4.5,26.7,-7.81));
#3205 = VECTOR('',#3206,1.);
#3206 = DIRECTION('',(0.,0.,1.));
#3207 = ORIENTED_EDGE('',*,*,#3208,.T.);
#3208 = EDGE_CURVE('',#3201,#3209,#3211,.T.);
#3209 = VERTEX_POINT('',#3210);
#3210 = CARTESIAN_POINT('',(-15.,26.7,-7.8));
#3211 = LINE('',#3212,#3213);
#3212 = CARTESIAN_POINT('',(-7.5,26.7,-7.8));
#3213 = VECTOR('',#3214,1.);
#3214 = DIRECTION('',(-1.,-0.,0.));
#3215 = ORIENTED_EDGE('',*,*,#3216,.T.);
#3216 = EDGE_CURVE('',#3209,#824,#3217,.T.);
#3217 = LINE('',#3218,#3219);
#3218 = CARTESIAN_POINT('',(-15.,26.7,-7.81));
#3219 = VECTOR('',#3220,1.);
#3220 = DIRECTION('',(0.,0.,1.));
#3221 = ORIENTED_EDGE('',*,*,#831,.T.);
#3222 = PLANE('',#3223);
#3223 = AXIS2_PLACEMENT_3D('',#3224,#3225,#3226);
#3224 = CARTESIAN_POINT('',(-15.,26.7,-7.81));
#3225 = DIRECTION('',(-0.,1.,0.));
#3226 = DIRECTION('',(0.,0.,1.));
#3227 = ADVANCED_FACE('',(#3228),#3262,.T.);
#3228 = FACE_BOUND('',#3229,.T.);
#3229 = EDGE_LOOP('',(#3230,#3238,#3239,#3240,#3248,#3256));
#3230 = ORIENTED_EDGE('',*,*,#3231,.F.);
#3231 = EDGE_CURVE('',#840,#3232,#3234,.T.);
#3232 = VERTEX_POINT('',#3233);
#3233 = CARTESIAN_POINT('',(-4.5,26.2,-3.5));
#3234 = LINE('',#3235,#3236);
#3235 = CARTESIAN_POINT('',(-4.5,26.2,-5.));
#3236 = VECTOR('',#3237,1.);
#3237 = DIRECTION('',(0.,0.,1.));
#3238 = ORIENTED_EDGE('',*,*,#839,.T.);
#3239 = ORIENTED_EDGE('',*,*,#3200,.F.);
#3240 = ORIENTED_EDGE('',*,*,#3241,.T.);
#3241 = EDGE_CURVE('',#3201,#3242,#3244,.T.);
#3242 = VERTEX_POINT('',#3243);
#3243 = CARTESIAN_POINT('',(-4.5,27.7,-7.8));
#3244 = LINE('',#3245,#3246);
#3245 = CARTESIAN_POINT('',(-4.5,13.35,-7.8));
#3246 = VECTOR('',#3247,1.);
#3247 = DIRECTION('',(-0.,1.,0.));
#3248 = ORIENTED_EDGE('',*,*,#3249,.T.);
#3249 = EDGE_CURVE('',#3242,#3250,#3252,.T.);
#3250 = VERTEX_POINT('',#3251);
#3251 = CARTESIAN_POINT('',(-4.5,27.7,-3.5));
#3252 = LINE('',#3253,#3254);
#3253 = CARTESIAN_POINT('',(-4.5,27.7,-7.81));
#3254 = VECTOR('',#3255,1.);
#3255 = DIRECTION('',(0.,0.,1.));
#3256 = ORIENTED_EDGE('',*,*,#3257,.F.);
#3257 = EDGE_CURVE('',#3232,#3250,#3258,.T.);
#3258 = LINE('',#3259,#3260);
#3259 = CARTESIAN_POINT('',(-4.5,25.9,-3.5));
#3260 = VECTOR('',#3261,1.);
#3261 = DIRECTION('',(-0.,1.,0.));
#3262 = PLANE('',#3263);
#3263 = AXIS2_PLACEMENT_3D('',#3264,#3265,#3266);
#3264 = CARTESIAN_POINT('',(-4.5,27.070689655172,-5.529310344828));
#3265 = DIRECTION('',(1.,0.,0.));
#3266 = DIRECTION('',(-0.,0.,1.));
#3267 = ADVANCED_FACE('',(#3268),#3302,.T.);
#3268 = FACE_BOUND('',#3269,.T.);
#3269 = EDGE_LOOP('',(#3270,#3278,#3286,#3294,#3300,#3301));
#3270 = ORIENTED_EDGE('',*,*,#3271,.T.);
#3271 = EDGE_CURVE('',#816,#3272,#3274,.T.);
#3272 = VERTEX_POINT('',#3273);
#3273 = CARTESIAN_POINT('',(-15.,26.2,-3.5));
#3274 = LINE('',#3275,#3276);
#3275 = CARTESIAN_POINT('',(-15.,26.2,-5.));
#3276 = VECTOR('',#3277,1.);
#3277 = DIRECTION('',(0.,0.,1.));
#3278 = ORIENTED_EDGE('',*,*,#3279,.T.);
#3279 = EDGE_CURVE('',#3272,#3280,#3282,.T.);
#3280 = VERTEX_POINT('',#3281);
#3281 = CARTESIAN_POINT('',(-15.,27.7,-3.5));
#3282 = LINE('',#3283,#3284);
#3283 = CARTESIAN_POINT('',(-15.,25.9,-3.5));
#3284 = VECTOR('',#3285,1.);
#3285 = DIRECTION('',(-0.,1.,0.));
#3286 = ORIENTED_EDGE('',*,*,#3287,.F.);
#3287 = EDGE_CURVE('',#3288,#3280,#3290,.T.);
#3288 = VERTEX_POINT('',#3289);
#3289 = CARTESIAN_POINT('',(-15.,27.7,-7.8));
#3290 = LINE('',#3291,#3292);
#3291 = CARTESIAN_POINT('',(-15.,27.7,-7.81));
#3292 = VECTOR('',#3293,1.);
#3293 = DIRECTION('',(0.,0.,1.));
#3294 = ORIENTED_EDGE('',*,*,#3295,.F.);
#3295 = EDGE_CURVE('',#3209,#3288,#3296,.T.);
#3296 = LINE('',#3297,#3298);
#3297 = CARTESIAN_POINT('',(-15.,13.35,-7.8));
#3298 = VECTOR('',#3299,1.);
#3299 = DIRECTION('',(-0.,1.,0.));
#3300 = ORIENTED_EDGE('',*,*,#3216,.T.);
#3301 = ORIENTED_EDGE('',*,*,#823,.F.);
#3302 = PLANE('',#3303);
#3303 = AXIS2_PLACEMENT_3D('',#3304,#3305,#3306);
#3304 = CARTESIAN_POINT('',(-15.,27.070689655172,-5.529310344828));
#3305 = DIRECTION('',(-1.,5.263450693394E-16,-0.));
#3306 = DIRECTION('',(-5.263450693394E-16,-1.,0.));
#3307 = ADVANCED_FACE('',(#3308),#3324,.T.);
#3308 = FACE_BOUND('',#3309,.T.);
#3309 = EDGE_LOOP('',(#3310,#3311,#3317,#3318));
#3310 = ORIENTED_EDGE('',*,*,#3249,.F.);
#3311 = ORIENTED_EDGE('',*,*,#3312,.T.);
#3312 = EDGE_CURVE('',#3242,#3288,#3313,.T.);
#3313 = LINE('',#3314,#3315);
#3314 = CARTESIAN_POINT('',(-7.5,27.7,-7.8));
#3315 = VECTOR('',#3316,1.);
#3316 = DIRECTION('',(-1.,-0.,0.));
#3317 = ORIENTED_EDGE('',*,*,#3287,.T.);
#3318 = ORIENTED_EDGE('',*,*,#3319,.T.);
#3319 = EDGE_CURVE('',#3280,#3250,#3320,.T.);
#3320 = LINE('',#3321,#3322);
#3321 = CARTESIAN_POINT('',(-15.,27.7,-3.5));
#3322 = VECTOR('',#3323,1.);
#3323 = DIRECTION('',(1.,0.,-0.));
#3324 = PLANE('',#3325);
#3325 = AXIS2_PLACEMENT_3D('',#3326,#3327,#3328);
#3326 = CARTESIAN_POINT('',(-15.,27.7,-7.81));
#3327 = DIRECTION('',(-0.,1.,0.));
#3328 = DIRECTION('',(0.,0.,1.));
#3329 = ADVANCED_FACE('',(#3330),#3364,.F.);
#3330 = FACE_BOUND('',#3331,.F.);
#3331 = EDGE_LOOP('',(#3332,#3342,#3350,#3358));
#3332 = ORIENTED_EDGE('',*,*,#3333,.F.);
#3333 = EDGE_CURVE('',#3334,#3336,#3338,.T.);
#3334 = VERTEX_POINT('',#3335);
#3335 = CARTESIAN_POINT('',(24.6625,-15.2,-9.));
#3336 = VERTEX_POINT('',#3337);
#3337 = CARTESIAN_POINT('',(24.6625,-15.2,-7.8));
#3338 = LINE('',#3339,#3340);
#3339 = CARTESIAN_POINT('',(24.6625,-15.2,-10.));
#3340 = VECTOR('',#3341,1.);
#3341 = DIRECTION('',(0.,0.,1.));
#3342 = ORIENTED_EDGE('',*,*,#3343,.T.);
#3343 = EDGE_CURVE('',#3334,#3344,#3346,.T.);
#3344 = VERTEX_POINT('',#3345);
#3345 = CARTESIAN_POINT('',(24.6625,-11.2,-9.));
#3346 = LINE('',#3347,#3348);
#3347 = CARTESIAN_POINT('',(24.6625,-7.6,-9.));
#3348 = VECTOR('',#3349,1.);
#3349 = DIRECTION('',(-0.,1.,0.));
#3350 = ORIENTED_EDGE('',*,*,#3351,.T.);
#3351 = EDGE_CURVE('',#3344,#3352,#3354,.T.);
#3352 = VERTEX_POINT('',#3353);
#3353 = CARTESIAN_POINT('',(24.6625,-11.2,-7.8));
#3354 = LINE('',#3355,#3356);
#3355 = CARTESIAN_POINT('',(24.6625,-11.2,-17.155));
#3356 = VECTOR('',#3357,1.);
#3357 = DIRECTION('',(0.,0.,1.));
#3358 = ORIENTED_EDGE('',*,*,#3359,.F.);
#3359 = EDGE_CURVE('',#3336,#3352,#3360,.T.);
#3360 = LINE('',#3361,#3362);
#3361 = CARTESIAN_POINT('',(24.6625,-7.6,-7.8));
#3362 = VECTOR('',#3363,1.);
#3363 = DIRECTION('',(-0.,1.,0.));
#3364 = PLANE('',#3365);
#3365 = AXIS2_PLACEMENT_3D('',#3366,#3367,#3368);
#3366 = CARTESIAN_POINT('',(24.6625,-15.2,-10.));
#3367 = DIRECTION('',(1.,0.,-0.));
#3368 = DIRECTION('',(0.,0.,1.));
#3369 = ADVANCED_FACE('',(#3370),#3434,.T.);
#3370 = FACE_BOUND('',#3371,.T.);
#3371 = EDGE_LOOP('',(#3372,#3382,#3390,#3398,#3406,#3412,#3413,#3421,
    #3427,#3428));
#3372 = ORIENTED_EDGE('',*,*,#3373,.T.);
#3373 = EDGE_CURVE('',#3374,#3376,#3378,.T.);
#3374 = VERTEX_POINT('',#3375);
#3375 = CARTESIAN_POINT('',(16.9625,-11.2,-5.6));
#3376 = VERTEX_POINT('',#3377);
#3377 = CARTESIAN_POINT('',(20.295,-11.2,-5.6));
#3378 = LINE('',#3379,#3380);
#3379 = CARTESIAN_POINT('',(16.9625,-11.2,-5.6));
#3380 = VECTOR('',#3381,1.);
#3381 = DIRECTION('',(1.,0.,-0.));
#3382 = ORIENTED_EDGE('',*,*,#3383,.F.);
#3383 = EDGE_CURVE('',#3384,#3376,#3386,.T.);
#3384 = VERTEX_POINT('',#3385);
#3385 = CARTESIAN_POINT('',(20.295,-11.2,-24.31));
#3386 = LINE('',#3387,#3388);
#3387 = CARTESIAN_POINT('',(20.295,-11.2,-24.31));
#3388 = VECTOR('',#3389,1.);
#3389 = DIRECTION('',(0.,0.,1.));
#3390 = ORIENTED_EDGE('',*,*,#3391,.T.);
#3391 = EDGE_CURVE('',#3384,#3392,#3394,.T.);
#3392 = VERTEX_POINT('',#3393);
#3393 = CARTESIAN_POINT('',(24.9625,-11.2,-24.31));
#3394 = LINE('',#3395,#3396);
#3395 = CARTESIAN_POINT('',(20.295,-11.2,-24.31));
#3396 = VECTOR('',#3397,1.);
#3397 = DIRECTION('',(1.,0.,-0.));
#3398 = ORIENTED_EDGE('',*,*,#3399,.T.);
#3399 = EDGE_CURVE('',#3392,#3400,#3402,.T.);
#3400 = VERTEX_POINT('',#3401);
#3401 = CARTESIAN_POINT('',(24.9625,-11.2,-9.));
#3402 = LINE('',#3403,#3404);
#3403 = CARTESIAN_POINT('',(24.9625,-11.2,-24.31));
#3404 = VECTOR('',#3405,1.);
#3405 = DIRECTION('',(0.,0.,1.));
#3406 = ORIENTED_EDGE('',*,*,#3407,.T.);
#3407 = EDGE_CURVE('',#3400,#3344,#3408,.T.);
#3408 = LINE('',#3409,#3410);
#3409 = CARTESIAN_POINT('',(10.1475,-11.2,-9.));
#3410 = VECTOR('',#3411,1.);
#3411 = DIRECTION('',(-1.,-0.,0.));
#3412 = ORIENTED_EDGE('',*,*,#3351,.T.);
#3413 = ORIENTED_EDGE('',*,*,#3414,.F.);
#3414 = EDGE_CURVE('',#3415,#3352,#3417,.T.);
#3415 = VERTEX_POINT('',#3416);
#3416 = CARTESIAN_POINT('',(24.9625,-11.2,-7.8));
#3417 = LINE('',#3418,#3419);
#3418 = CARTESIAN_POINT('',(10.1475,-11.2,-7.8));
#3419 = VECTOR('',#3420,1.);
#3420 = DIRECTION('',(-1.,-0.,0.));
#3421 = ORIENTED_EDGE('',*,*,#3422,.T.);
#3422 = EDGE_CURVE('',#3415,#1043,#3423,.T.);
#3423 = LINE('',#3424,#3425);
#3424 = CARTESIAN_POINT('',(24.9625,-11.2,-24.31));
#3425 = VECTOR('',#3426,1.);
#3426 = DIRECTION('',(0.,0.,1.));
#3427 = ORIENTED_EDGE('',*,*,#1042,.T.);
#3428 = ORIENTED_EDGE('',*,*,#3429,.F.);
#3429 = EDGE_CURVE('',#3374,#1045,#3430,.T.);
#3430 = LINE('',#3431,#3432);
#3431 = CARTESIAN_POINT('',(16.9625,-11.2,-5.6));
#3432 = VECTOR('',#3433,1.);
#3433 = DIRECTION('',(0.,0.,1.));
#3434 = PLANE('',#3435);
#3435 = AXIS2_PLACEMENT_3D('',#3436,#3437,#3438);
#3436 = CARTESIAN_POINT('',(22.12695264397,-11.2,-13.4578961427));
#3437 = DIRECTION('',(-0.,-1.,-0.));
#3438 = DIRECTION('',(0.,0.,-1.));
#3439 = ADVANCED_FACE('',(#3440),#3458,.T.);
#3440 = FACE_BOUND('',#3441,.T.);
#3441 = EDGE_LOOP('',(#3442,#3443,#3451,#3457));
#3442 = ORIENTED_EDGE('',*,*,#3422,.F.);
#3443 = ORIENTED_EDGE('',*,*,#3444,.T.);
#3444 = EDGE_CURVE('',#3415,#3445,#3447,.T.);
#3445 = VERTEX_POINT('',#3446);
#3446 = CARTESIAN_POINT('',(24.9625,11.2,-7.8));
#3447 = LINE('',#3448,#3449);
#3448 = CARTESIAN_POINT('',(24.9625,-5.6,-7.8));
#3449 = VECTOR('',#3450,1.);
#3450 = DIRECTION('',(-0.,1.,0.));
#3451 = ORIENTED_EDGE('',*,*,#3452,.T.);
#3452 = EDGE_CURVE('',#3445,#1053,#3453,.T.);
#3453 = LINE('',#3454,#3455);
#3454 = CARTESIAN_POINT('',(24.9625,11.2,-24.31));
#3455 = VECTOR('',#3456,1.);
#3456 = DIRECTION('',(0.,0.,1.));
#3457 = ORIENTED_EDGE('',*,*,#1052,.F.);
#3458 = PLANE('',#3459);
#3459 = AXIS2_PLACEMENT_3D('',#3460,#3461,#3462);
#3460 = CARTESIAN_POINT('',(24.9625,0.,-6.4));
#3461 = DIRECTION('',(1.,0.,0.));
#3462 = DIRECTION('',(-0.,0.,1.));
#3463 = ADVANCED_FACE('',(#3464),#3530,.T.);
#3464 = FACE_BOUND('',#3465,.T.);
#3465 = EDGE_LOOP('',(#3466,#3476,#3482,#3483,#3484,#3492,#3500,#3508,
    #3516,#3524));
#3466 = ORIENTED_EDGE('',*,*,#3467,.F.);
#3467 = EDGE_CURVE('',#3468,#3470,#3472,.T.);
#3468 = VERTEX_POINT('',#3469);
#3469 = CARTESIAN_POINT('',(16.9625,11.2,-5.6));
#3470 = VERTEX_POINT('',#3471);
#3471 = CARTESIAN_POINT('',(20.295,11.2,-5.6));
#3472 = LINE('',#3473,#3474);
#3473 = CARTESIAN_POINT('',(16.9625,11.2,-5.6));
#3474 = VECTOR('',#3475,1.);
#3475 = DIRECTION('',(1.,0.,-0.));
#3476 = ORIENTED_EDGE('',*,*,#3477,.T.);
#3477 = EDGE_CURVE('',#3468,#1061,#3478,.T.);
#3478 = LINE('',#3479,#3480);
#3479 = CARTESIAN_POINT('',(16.9625,11.2,-5.6));
#3480 = VECTOR('',#3481,1.);
#3481 = DIRECTION('',(0.,0.,1.));
#3482 = ORIENTED_EDGE('',*,*,#1060,.F.);
#3483 = ORIENTED_EDGE('',*,*,#3452,.F.);
#3484 = ORIENTED_EDGE('',*,*,#3485,.T.);
#3485 = EDGE_CURVE('',#3445,#3486,#3488,.T.);
#3486 = VERTEX_POINT('',#3487);
#3487 = CARTESIAN_POINT('',(24.6625,11.2,-7.8));
#3488 = LINE('',#3489,#3490);
#3489 = CARTESIAN_POINT('',(10.1475,11.2,-7.8));
#3490 = VECTOR('',#3491,1.);
#3491 = DIRECTION('',(-1.,-0.,0.));
#3492 = ORIENTED_EDGE('',*,*,#3493,.F.);
#3493 = EDGE_CURVE('',#3494,#3486,#3496,.T.);
#3494 = VERTEX_POINT('',#3495);
#3495 = CARTESIAN_POINT('',(24.6625,11.2,-9.));
#3496 = LINE('',#3497,#3498);
#3497 = CARTESIAN_POINT('',(24.6625,11.2,-17.155));
#3498 = VECTOR('',#3499,1.);
#3499 = DIRECTION('',(0.,0.,1.));
#3500 = ORIENTED_EDGE('',*,*,#3501,.F.);
#3501 = EDGE_CURVE('',#3502,#3494,#3504,.T.);
#3502 = VERTEX_POINT('',#3503);
#3503 = CARTESIAN_POINT('',(24.9625,11.2,-9.));
#3504 = LINE('',#3505,#3506);
#3505 = CARTESIAN_POINT('',(10.1475,11.2,-9.));
#3506 = VECTOR('',#3507,1.);
#3507 = DIRECTION('',(-1.,-0.,0.));
#3508 = ORIENTED_EDGE('',*,*,#3509,.F.);
#3509 = EDGE_CURVE('',#3510,#3502,#3512,.T.);
#3510 = VERTEX_POINT('',#3511);
#3511 = CARTESIAN_POINT('',(24.9625,11.2,-24.31));
#3512 = LINE('',#3513,#3514);
#3513 = CARTESIAN_POINT('',(24.9625,11.2,-24.31));
#3514 = VECTOR('',#3515,1.);
#3515 = DIRECTION('',(0.,0.,1.));
#3516 = ORIENTED_EDGE('',*,*,#3517,.F.);
#3517 = EDGE_CURVE('',#3518,#3510,#3520,.T.);
#3518 = VERTEX_POINT('',#3519);
#3519 = CARTESIAN_POINT('',(20.295,11.2,-24.31));
#3520 = LINE('',#3521,#3522);
#3521 = CARTESIAN_POINT('',(20.295,11.2,-24.31));
#3522 = VECTOR('',#3523,1.);
#3523 = DIRECTION('',(1.,0.,-0.));
#3524 = ORIENTED_EDGE('',*,*,#3525,.T.);
#3525 = EDGE_CURVE('',#3518,#3470,#3526,.T.);
#3526 = LINE('',#3527,#3528);
#3527 = CARTESIAN_POINT('',(20.295,11.2,-24.31));
#3528 = VECTOR('',#3529,1.);
#3529 = DIRECTION('',(0.,0.,1.));
#3530 = PLANE('',#3531);
#3531 = AXIS2_PLACEMENT_3D('',#3532,#3533,#3534);
#3532 = CARTESIAN_POINT('',(22.12695264397,11.2,-13.4578961427));
#3533 = DIRECTION('',(0.,1.,0.));
#3534 = DIRECTION('',(0.,-0.,1.));
#3535 = ADVANCED_FACE('',(#3536),#3561,.F.);
#3536 = FACE_BOUND('',#3537,.F.);
#3537 = EDGE_LOOP('',(#3538,#3539,#3547,#3555));
#3538 = ORIENTED_EDGE('',*,*,#3493,.F.);
#3539 = ORIENTED_EDGE('',*,*,#3540,.T.);
#3540 = EDGE_CURVE('',#3494,#3541,#3543,.T.);
#3541 = VERTEX_POINT('',#3542);
#3542 = CARTESIAN_POINT('',(24.6625,15.2,-9.));
#3543 = LINE('',#3544,#3545);
#3544 = CARTESIAN_POINT('',(24.6625,-7.6,-9.));
#3545 = VECTOR('',#3546,1.);
#3546 = DIRECTION('',(-0.,1.,0.));
#3547 = ORIENTED_EDGE('',*,*,#3548,.T.);
#3548 = EDGE_CURVE('',#3541,#3549,#3551,.T.);
#3549 = VERTEX_POINT('',#3550);
#3550 = CARTESIAN_POINT('',(24.6625,15.2,-7.8));
#3551 = LINE('',#3552,#3553);
#3552 = CARTESIAN_POINT('',(24.6625,15.2,-10.));
#3553 = VECTOR('',#3554,1.);
#3554 = DIRECTION('',(0.,0.,1.));
#3555 = ORIENTED_EDGE('',*,*,#3556,.F.);
#3556 = EDGE_CURVE('',#3486,#3549,#3557,.T.);
#3557 = LINE('',#3558,#3559);
#3558 = CARTESIAN_POINT('',(24.6625,-7.6,-7.8));
#3559 = VECTOR('',#3560,1.);
#3560 = DIRECTION('',(-0.,1.,0.));
#3561 = PLANE('',#3562);
#3562 = AXIS2_PLACEMENT_3D('',#3563,#3564,#3565);
#3563 = CARTESIAN_POINT('',(24.6625,-15.2,-10.));
#3564 = DIRECTION('',(1.,0.,-0.));
#3565 = DIRECTION('',(0.,0.,1.));
#3566 = ADVANCED_FACE('',(#3567),#3583,.T.);
#3567 = FACE_BOUND('',#3568,.T.);
#3568 = EDGE_LOOP('',(#3569,#3575,#3576,#3582));
#3569 = ORIENTED_EDGE('',*,*,#3570,.F.);
#3570 = EDGE_CURVE('',#3400,#3502,#3571,.T.);
#3571 = LINE('',#3572,#3573);
#3572 = CARTESIAN_POINT('',(24.9625,-5.6,-9.));
#3573 = VECTOR('',#3574,1.);
#3574 = DIRECTION('',(-0.,1.,0.));
#3575 = ORIENTED_EDGE('',*,*,#3399,.F.);
#3576 = ORIENTED_EDGE('',*,*,#3577,.T.);
#3577 = EDGE_CURVE('',#3392,#3510,#3578,.T.);
#3578 = LINE('',#3579,#3580);
#3579 = CARTESIAN_POINT('',(24.9625,-11.2,-24.31));
#3580 = VECTOR('',#3581,1.);
#3581 = DIRECTION('',(-0.,1.,0.));
#3582 = ORIENTED_EDGE('',*,*,#3509,.T.);
#3583 = PLANE('',#3584);
#3584 = AXIS2_PLACEMENT_3D('',#3585,#3586,#3587);
#3585 = CARTESIAN_POINT('',(24.9625,-11.2,-24.31));
#3586 = DIRECTION('',(1.,0.,-0.));
#3587 = DIRECTION('',(0.,0.,1.));
#3588 = ADVANCED_FACE('',(#3589),#3614,.T.);
#3589 = FACE_BOUND('',#3590,.T.);
#3590 = EDGE_LOOP('',(#3591,#3601,#3607,#3608));
#3591 = ORIENTED_EDGE('',*,*,#3592,.T.);
#3592 = EDGE_CURVE('',#3593,#3595,#3597,.T.);
#3593 = VERTEX_POINT('',#3594);
#3594 = CARTESIAN_POINT('',(20.995,-15.3,-7.8));
#3595 = VERTEX_POINT('',#3596);
#3596 = CARTESIAN_POINT('',(20.995,-15.2,-7.8));
#3597 = LINE('',#3598,#3599);
#3598 = CARTESIAN_POINT('',(20.995,-8.1,-7.8));
#3599 = VECTOR('',#3600,1.);
#3600 = DIRECTION('',(-0.,1.,0.));
#3601 = ORIENTED_EDGE('',*,*,#3602,.T.);
#3602 = EDGE_CURVE('',#3595,#1103,#3603,.T.);
#3603 = LINE('',#3604,#3605);
#3604 = CARTESIAN_POINT('',(20.995,-15.2,-24.92));
#3605 = VECTOR('',#3606,1.);
#3606 = DIRECTION('',(0.,0.,1.));
#3607 = ORIENTED_EDGE('',*,*,#1102,.F.);
#3608 = ORIENTED_EDGE('',*,*,#3609,.T.);
#3609 = EDGE_CURVE('',#1095,#3593,#3610,.T.);
#3610 = LINE('',#3611,#3612);
#3611 = CARTESIAN_POINT('',(20.995,-15.3,-16.365));
#3612 = VECTOR('',#3613,1.);
#3613 = DIRECTION('',(-0.,0.,-1.));
#3614 = PLANE('',#3615);
#3615 = AXIS2_PLACEMENT_3D('',#3616,#3617,#3618);
#3616 = CARTESIAN_POINT('',(20.995,-16.2,-24.92));
#3617 = DIRECTION('',(1.,0.,-0.));
#3618 = DIRECTION('',(0.,0.,1.));
#3619 = ADVANCED_FACE('',(#3620),#3638,.T.);
#3620 = FACE_BOUND('',#3621,.T.);
#3621 = EDGE_LOOP('',(#3622,#3630,#3631,#3632));
#3622 = ORIENTED_EDGE('',*,*,#3623,.T.);
#3623 = EDGE_CURVE('',#3624,#3593,#3626,.T.);
#3624 = VERTEX_POINT('',#3625);
#3625 = CARTESIAN_POINT('',(26.1,-15.3,-7.8));
#3626 = LINE('',#3627,#3628);
#3627 = CARTESIAN_POINT('',(7.65,-15.3,-7.8));
#3628 = VECTOR('',#3629,1.);
#3629 = DIRECTION('',(-1.,-0.,0.));
#3630 = ORIENTED_EDGE('',*,*,#3609,.F.);
#3631 = ORIENTED_EDGE('',*,*,#1094,.F.);
#3632 = ORIENTED_EDGE('',*,*,#3633,.F.);
#3633 = EDGE_CURVE('',#3624,#1087,#3634,.T.);
#3634 = LINE('',#3635,#3636);
#3635 = CARTESIAN_POINT('',(26.1,-15.3,-7.81));
#3636 = VECTOR('',#3637,1.);
#3637 = DIRECTION('',(0.,0.,1.));
#3638 = PLANE('',#3639);
#3639 = AXIS2_PLACEMENT_3D('',#3640,#3641,#3642);
#3640 = CARTESIAN_POINT('',(15.3,-15.3,-7.81));
#3641 = DIRECTION('',(-0.,1.,0.));
#3642 = DIRECTION('',(0.,0.,1.));
#3643 = ADVANCED_FACE('',(#3644),#3662,.T.);
#3644 = FACE_BOUND('',#3645,.T.);
#3645 = EDGE_LOOP('',(#3646,#3654,#3660,#3661));
#3646 = ORIENTED_EDGE('',*,*,#3647,.F.);
#3647 = EDGE_CURVE('',#3648,#1077,#3650,.T.);
#3648 = VERTEX_POINT('',#3649);
#3649 = CARTESIAN_POINT('',(26.1,-23.7,-7.8));
#3650 = LINE('',#3651,#3652);
#3651 = CARTESIAN_POINT('',(26.1,-23.7,-7.81));
#3652 = VECTOR('',#3653,1.);
#3653 = DIRECTION('',(0.,0.,1.));
#3654 = ORIENTED_EDGE('',*,*,#3655,.T.);
#3655 = EDGE_CURVE('',#3648,#3624,#3656,.T.);
#3656 = LINE('',#3657,#3658);
#3657 = CARTESIAN_POINT('',(26.1,-11.85,-7.8));
#3658 = VECTOR('',#3659,1.);
#3659 = DIRECTION('',(-0.,1.,0.));
#3660 = ORIENTED_EDGE('',*,*,#3633,.T.);
#3661 = ORIENTED_EDGE('',*,*,#1086,.F.);
#3662 = PLANE('',#3663);
#3663 = AXIS2_PLACEMENT_3D('',#3664,#3665,#3666);
#3664 = CARTESIAN_POINT('',(26.1,-23.7,-7.81));
#3665 = DIRECTION('',(1.,0.,-0.));
#3666 = DIRECTION('',(0.,0.,1.));
#3667 = ADVANCED_FACE('',(#3668),#3686,.F.);
#3668 = FACE_BOUND('',#3669,.F.);
#3669 = EDGE_LOOP('',(#3670,#3671,#3679,#3685));
#3670 = ORIENTED_EDGE('',*,*,#3647,.F.);
#3671 = ORIENTED_EDGE('',*,*,#3672,.T.);
#3672 = EDGE_CURVE('',#3648,#3673,#3675,.T.);
#3673 = VERTEX_POINT('',#3674);
#3674 = CARTESIAN_POINT('',(15.3,-23.7,-7.8));
#3675 = LINE('',#3676,#3677);
#3676 = CARTESIAN_POINT('',(7.65,-23.7,-7.8));
#3677 = VECTOR('',#3678,1.);
#3678 = DIRECTION('',(-1.,-0.,0.));
#3679 = ORIENTED_EDGE('',*,*,#3680,.T.);
#3680 = EDGE_CURVE('',#3673,#1079,#3681,.T.);
#3681 = LINE('',#3682,#3683);
#3682 = CARTESIAN_POINT('',(15.3,-23.7,-7.81));
#3683 = VECTOR('',#3684,1.);
#3684 = DIRECTION('',(0.,0.,1.));
#3685 = ORIENTED_EDGE('',*,*,#1076,.F.);
#3686 = PLANE('',#3687);
#3687 = AXIS2_PLACEMENT_3D('',#3688,#3689,#3690);
#3688 = CARTESIAN_POINT('',(15.3,-23.7,-7.81));
#3689 = DIRECTION('',(-0.,1.,0.));
#3690 = DIRECTION('',(0.,0.,1.));
#3691 = ADVANCED_FACE('',(#3692),#3710,.F.);
#3692 = FACE_BOUND('',#3693,.F.);
#3693 = EDGE_LOOP('',(#3694,#3695,#3703,#3709));
#3694 = ORIENTED_EDGE('',*,*,#3680,.F.);
#3695 = ORIENTED_EDGE('',*,*,#3696,.T.);
#3696 = EDGE_CURVE('',#3673,#3697,#3699,.T.);
#3697 = VERTEX_POINT('',#3698);
#3698 = CARTESIAN_POINT('',(15.3,-16.2,-7.8));
#3699 = LINE('',#3700,#3701);
#3700 = CARTESIAN_POINT('',(15.3,-11.85,-7.8));
#3701 = VECTOR('',#3702,1.);
#3702 = DIRECTION('',(-0.,1.,0.));
#3703 = ORIENTED_EDGE('',*,*,#3704,.T.);
#3704 = EDGE_CURVE('',#3697,#1291,#3705,.T.);
#3705 = LINE('',#3706,#3707);
#3706 = CARTESIAN_POINT('',(15.3,-16.2,-16.365));
#3707 = VECTOR('',#3708,1.);
#3708 = DIRECTION('',(0.,0.,1.));
#3709 = ORIENTED_EDGE('',*,*,#1298,.F.);
#3710 = PLANE('',#3711);
#3711 = AXIS2_PLACEMENT_3D('',#3712,#3713,#3714);
#3712 = CARTESIAN_POINT('',(15.3,-23.7,-7.81));
#3713 = DIRECTION('',(1.,0.,-0.));
#3714 = DIRECTION('',(0.,0.,1.));
#3715 = ADVANCED_FACE('',(#3716),#3734,.F.);
#3716 = FACE_BOUND('',#3717,.F.);
#3717 = EDGE_LOOP('',(#3718,#3726,#3732,#3733));
#3718 = ORIENTED_EDGE('',*,*,#3719,.T.);
#3719 = EDGE_CURVE('',#3697,#3720,#3722,.T.);
#3720 = VERTEX_POINT('',#3721);
#3721 = CARTESIAN_POINT('',(14.975,-16.2,-7.8));
#3722 = LINE('',#3723,#3724);
#3723 = CARTESIAN_POINT('',(7.4875,-16.2,-7.8));
#3724 = VECTOR('',#3725,1.);
#3725 = DIRECTION('',(-1.,-0.,0.));
#3726 = ORIENTED_EDGE('',*,*,#3727,.T.);
#3727 = EDGE_CURVE('',#3720,#1283,#3728,.T.);
#3728 = LINE('',#3729,#3730);
#3729 = CARTESIAN_POINT('',(14.975,-16.2,-24.92));
#3730 = VECTOR('',#3731,1.);
#3731 = DIRECTION('',(0.,0.,1.));
#3732 = ORIENTED_EDGE('',*,*,#1290,.F.);
#3733 = ORIENTED_EDGE('',*,*,#3704,.F.);
#3734 = PLANE('',#3735);
#3735 = AXIS2_PLACEMENT_3D('',#3736,#3737,#3738);
#3736 = CARTESIAN_POINT('',(14.975,-16.2,-24.92));
#3737 = DIRECTION('',(-0.,1.,0.));
#3738 = DIRECTION('',(0.,0.,1.));
#3739 = ADVANCED_FACE('',(#3740),#3765,.F.);
#3740 = FACE_BOUND('',#3741,.F.);
#3741 = EDGE_LOOP('',(#3742,#3752,#3758,#3759));
#3742 = ORIENTED_EDGE('',*,*,#3743,.F.);
#3743 = EDGE_CURVE('',#3744,#3746,#3748,.T.);
#3744 = VERTEX_POINT('',#3745);
#3745 = CARTESIAN_POINT('',(-16.2,-10.,-7.8));
#3746 = VERTEX_POINT('',#3747);
#3747 = CARTESIAN_POINT('',(-14.975,-10.,-7.8));
#3748 = LINE('',#3749,#3750);
#3749 = CARTESIAN_POINT('',(-8.1,-10.,-7.8));
#3750 = VECTOR('',#3751,1.);
#3751 = DIRECTION('',(1.,0.,-0.));
#3752 = ORIENTED_EDGE('',*,*,#3753,.T.);
#3753 = EDGE_CURVE('',#3744,#1233,#3754,.T.);
#3754 = LINE('',#3755,#3756);
#3755 = CARTESIAN_POINT('',(-16.2,-10.,-12.51));
#3756 = VECTOR('',#3757,1.);
#3757 = DIRECTION('',(0.,0.,1.));
#3758 = ORIENTED_EDGE('',*,*,#1240,.F.);
#3759 = ORIENTED_EDGE('',*,*,#3760,.F.);
#3760 = EDGE_CURVE('',#3746,#1241,#3761,.T.);
#3761 = LINE('',#3762,#3763);
#3762 = CARTESIAN_POINT('',(-14.975,-10.,-12.51));
#3763 = VECTOR('',#3764,1.);
#3764 = DIRECTION('',(0.,0.,1.));
#3765 = PLANE('',#3766);
#3766 = AXIS2_PLACEMENT_3D('',#3767,#3768,#3769);
#3767 = CARTESIAN_POINT('',(-16.2,-10.,-12.51));
#3768 = DIRECTION('',(-0.,1.,0.));
#3769 = DIRECTION('',(0.,0.,1.));
#3770 = ADVANCED_FACE('',(#3771),#3789,.F.);
#3771 = FACE_BOUND('',#3772,.F.);
#3772 = EDGE_LOOP('',(#3773,#3774,#3782,#3788));
#3773 = ORIENTED_EDGE('',*,*,#3753,.F.);
#3774 = ORIENTED_EDGE('',*,*,#3775,.F.);
#3775 = EDGE_CURVE('',#3776,#3744,#3778,.T.);
#3776 = VERTEX_POINT('',#3777);
#3777 = CARTESIAN_POINT('',(-16.2,3.5,-7.8));
#3778 = LINE('',#3779,#3780);
#3779 = CARTESIAN_POINT('',(-16.2,-5.,-7.8));
#3780 = VECTOR('',#3781,1.);
#3781 = DIRECTION('',(0.,-1.,0.));
#3782 = ORIENTED_EDGE('',*,*,#3783,.T.);
#3783 = EDGE_CURVE('',#3776,#1225,#3784,.T.);
#3784 = LINE('',#3785,#3786);
#3785 = CARTESIAN_POINT('',(-16.2,3.5,-12.51));
#3786 = VECTOR('',#3787,1.);
#3787 = DIRECTION('',(0.,0.,1.));
#3788 = ORIENTED_EDGE('',*,*,#1232,.F.);
#3789 = PLANE('',#3790);
#3790 = AXIS2_PLACEMENT_3D('',#3791,#3792,#3793);
#3791 = CARTESIAN_POINT('',(-16.2,-10.,-12.51));
#3792 = DIRECTION('',(1.,0.,-0.));
#3793 = DIRECTION('',(0.,0.,1.));
#3794 = ADVANCED_FACE('',(#3795),#3813,.T.);
#3795 = FACE_BOUND('',#3796,.T.);
#3796 = EDGE_LOOP('',(#3797,#3805,#3806,#3807));
#3797 = ORIENTED_EDGE('',*,*,#3798,.F.);
#3798 = EDGE_CURVE('',#3776,#3799,#3801,.T.);
#3799 = VERTEX_POINT('',#3800);
#3800 = CARTESIAN_POINT('',(-14.975,3.5,-7.8));
#3801 = LINE('',#3802,#3803);
#3802 = CARTESIAN_POINT('',(-8.1,3.5,-7.8));
#3803 = VECTOR('',#3804,1.);
#3804 = DIRECTION('',(1.,0.,-0.));
#3805 = ORIENTED_EDGE('',*,*,#3783,.T.);
#3806 = ORIENTED_EDGE('',*,*,#1224,.F.);
#3807 = ORIENTED_EDGE('',*,*,#3808,.F.);
#3808 = EDGE_CURVE('',#3799,#1217,#3809,.T.);
#3809 = LINE('',#3810,#3811);
#3810 = CARTESIAN_POINT('',(-14.975,3.5,-12.51));
#3811 = VECTOR('',#3812,1.);
#3812 = DIRECTION('',(0.,0.,1.));
#3813 = PLANE('',#3814);
#3814 = AXIS2_PLACEMENT_3D('',#3815,#3816,#3817);
#3815 = CARTESIAN_POINT('',(-16.2,3.5,-12.51));
#3816 = DIRECTION('',(-0.,1.,0.));
#3817 = DIRECTION('',(0.,0.,1.));
#3818 = ADVANCED_FACE('',(#3819),#3844,.T.);
#3819 = FACE_BOUND('',#3820,.T.);
#3820 = EDGE_LOOP('',(#3821,#3829,#3837,#3843));
#3821 = ORIENTED_EDGE('',*,*,#3822,.F.);
#3822 = EDGE_CURVE('',#3823,#1127,#3825,.T.);
#3823 = VERTEX_POINT('',#3824);
#3824 = CARTESIAN_POINT('',(20.995,15.2,-7.8));
#3825 = LINE('',#3826,#3827);
#3826 = CARTESIAN_POINT('',(20.995,15.2,-24.92));
#3827 = VECTOR('',#3828,1.);
#3828 = DIRECTION('',(0.,0.,1.));
#3829 = ORIENTED_EDGE('',*,*,#3830,.T.);
#3830 = EDGE_CURVE('',#3823,#3831,#3833,.T.);
#3831 = VERTEX_POINT('',#3832);
#3832 = CARTESIAN_POINT('',(20.995,15.3,-7.8));
#3833 = LINE('',#3834,#3835);
#3834 = CARTESIAN_POINT('',(20.995,7.6,-7.8));
#3835 = VECTOR('',#3836,1.);
#3836 = DIRECTION('',(-0.,1.,0.));
#3837 = ORIENTED_EDGE('',*,*,#3838,.F.);
#3838 = EDGE_CURVE('',#1135,#3831,#3839,.T.);
#3839 = LINE('',#3840,#3841);
#3840 = CARTESIAN_POINT('',(20.995,15.3,-16.365));
#3841 = VECTOR('',#3842,1.);
#3842 = DIRECTION('',(-0.,0.,-1.));
#3843 = ORIENTED_EDGE('',*,*,#1134,.F.);
#3844 = PLANE('',#3845);
#3845 = AXIS2_PLACEMENT_3D('',#3846,#3847,#3848);
#3846 = CARTESIAN_POINT('',(20.995,15.2,-24.92));
#3847 = DIRECTION('',(1.,0.,-0.));
#3848 = DIRECTION('',(0.,0.,1.));
#3849 = ADVANCED_FACE('',(#3850),#3868,.F.);
#3850 = FACE_BOUND('',#3851,.F.);
#3851 = EDGE_LOOP('',(#3852,#3860,#3861,#3862));
#3852 = ORIENTED_EDGE('',*,*,#3853,.T.);
#3853 = EDGE_CURVE('',#3854,#3831,#3856,.T.);
#3854 = VERTEX_POINT('',#3855);
#3855 = CARTESIAN_POINT('',(26.1,15.3,-7.8));
#3856 = LINE('',#3857,#3858);
#3857 = CARTESIAN_POINT('',(7.65,15.3,-7.8));
#3858 = VECTOR('',#3859,1.);
#3859 = DIRECTION('',(-1.,-0.,0.));
#3860 = ORIENTED_EDGE('',*,*,#3838,.F.);
#3861 = ORIENTED_EDGE('',*,*,#1142,.F.);
#3862 = ORIENTED_EDGE('',*,*,#3863,.F.);
#3863 = EDGE_CURVE('',#3854,#1143,#3864,.T.);
#3864 = LINE('',#3865,#3866);
#3865 = CARTESIAN_POINT('',(26.1,15.3,-7.81));
#3866 = VECTOR('',#3867,1.);
#3867 = DIRECTION('',(0.,0.,1.));
#3868 = PLANE('',#3869);
#3869 = AXIS2_PLACEMENT_3D('',#3870,#3871,#3872);
#3870 = CARTESIAN_POINT('',(15.3,15.3,-7.81));
#3871 = DIRECTION('',(-0.,1.,0.));
#3872 = DIRECTION('',(0.,0.,1.));
#3873 = ADVANCED_FACE('',(#3874),#3892,.T.);
#3874 = FACE_BOUND('',#3875,.T.);
#3875 = EDGE_LOOP('',(#3876,#3877,#3885,#3891));
#3876 = ORIENTED_EDGE('',*,*,#3863,.F.);
#3877 = ORIENTED_EDGE('',*,*,#3878,.T.);
#3878 = EDGE_CURVE('',#3854,#3879,#3881,.T.);
#3879 = VERTEX_POINT('',#3880);
#3880 = CARTESIAN_POINT('',(26.1,23.7,-7.8));
#3881 = LINE('',#3882,#3883);
#3882 = CARTESIAN_POINT('',(26.1,7.65,-7.8));
#3883 = VECTOR('',#3884,1.);
#3884 = DIRECTION('',(-0.,1.,0.));
#3885 = ORIENTED_EDGE('',*,*,#3886,.T.);
#3886 = EDGE_CURVE('',#3879,#1151,#3887,.T.);
#3887 = LINE('',#3888,#3889);
#3888 = CARTESIAN_POINT('',(26.1,23.7,-7.81));
#3889 = VECTOR('',#3890,1.);
#3890 = DIRECTION('',(0.,0.,1.));
#3891 = ORIENTED_EDGE('',*,*,#1150,.F.);
#3892 = PLANE('',#3893);
#3893 = AXIS2_PLACEMENT_3D('',#3894,#3895,#3896);
#3894 = CARTESIAN_POINT('',(26.1,15.3,-7.81));
#3895 = DIRECTION('',(1.,0.,-0.));
#3896 = DIRECTION('',(0.,0.,1.));
#3897 = ADVANCED_FACE('',(#3898),#3916,.T.);
#3898 = FACE_BOUND('',#3899,.T.);
#3899 = EDGE_LOOP('',(#3900,#3901,#3909,#3915));
#3900 = ORIENTED_EDGE('',*,*,#3886,.F.);
#3901 = ORIENTED_EDGE('',*,*,#3902,.T.);
#3902 = EDGE_CURVE('',#3879,#3903,#3905,.T.);
#3903 = VERTEX_POINT('',#3904);
#3904 = CARTESIAN_POINT('',(15.3,23.7,-7.8));
#3905 = LINE('',#3906,#3907);
#3906 = CARTESIAN_POINT('',(7.65,23.7,-7.8));
#3907 = VECTOR('',#3908,1.);
#3908 = DIRECTION('',(-1.,-0.,0.));
#3909 = ORIENTED_EDGE('',*,*,#3910,.T.);
#3910 = EDGE_CURVE('',#3903,#1159,#3911,.T.);
#3911 = LINE('',#3912,#3913);
#3912 = CARTESIAN_POINT('',(15.3,23.7,-7.81));
#3913 = VECTOR('',#3914,1.);
#3914 = DIRECTION('',(0.,0.,1.));
#3915 = ORIENTED_EDGE('',*,*,#1158,.F.);
#3916 = PLANE('',#3917);
#3917 = AXIS2_PLACEMENT_3D('',#3918,#3919,#3920);
#3918 = CARTESIAN_POINT('',(15.3,23.7,-7.81));
#3919 = DIRECTION('',(-0.,1.,0.));
#3920 = DIRECTION('',(0.,0.,1.));
#3921 = ADVANCED_FACE('',(#3922),#3940,.F.);
#3922 = FACE_BOUND('',#3923,.F.);
#3923 = EDGE_LOOP('',(#3924,#3932,#3938,#3939));
#3924 = ORIENTED_EDGE('',*,*,#3925,.F.);
#3925 = EDGE_CURVE('',#3926,#1167,#3928,.T.);
#3926 = VERTEX_POINT('',#3927);
#3927 = CARTESIAN_POINT('',(15.3,16.2,-7.8));
#3928 = LINE('',#3929,#3930);
#3929 = CARTESIAN_POINT('',(15.3,16.2,-16.365));
#3930 = VECTOR('',#3931,1.);
#3931 = DIRECTION('',(0.,0.,1.));
#3932 = ORIENTED_EDGE('',*,*,#3933,.T.);
#3933 = EDGE_CURVE('',#3926,#3903,#3934,.T.);
#3934 = LINE('',#3935,#3936);
#3935 = CARTESIAN_POINT('',(15.3,7.65,-7.8));
#3936 = VECTOR('',#3937,1.);
#3937 = DIRECTION('',(-0.,1.,0.));
#3938 = ORIENTED_EDGE('',*,*,#3910,.T.);
#3939 = ORIENTED_EDGE('',*,*,#1166,.F.);
#3940 = PLANE('',#3941);
#3941 = AXIS2_PLACEMENT_3D('',#3942,#3943,#3944);
#3942 = CARTESIAN_POINT('',(15.3,15.3,-7.81));
#3943 = DIRECTION('',(1.,0.,-0.));
#3944 = DIRECTION('',(0.,0.,1.));
#3945 = ADVANCED_FACE('',(#3946),#3964,.T.);
#3946 = FACE_BOUND('',#3947,.T.);
#3947 = EDGE_LOOP('',(#3948,#3956,#3962,#3963));
#3948 = ORIENTED_EDGE('',*,*,#3949,.T.);
#3949 = EDGE_CURVE('',#3926,#3950,#3952,.T.);
#3950 = VERTEX_POINT('',#3951);
#3951 = CARTESIAN_POINT('',(14.975,16.2,-7.8));
#3952 = LINE('',#3953,#3954);
#3953 = CARTESIAN_POINT('',(7.4875,16.2,-7.8));
#3954 = VECTOR('',#3955,1.);
#3955 = DIRECTION('',(-1.,-0.,0.));
#3956 = ORIENTED_EDGE('',*,*,#3957,.T.);
#3957 = EDGE_CURVE('',#3950,#1175,#3958,.T.);
#3958 = LINE('',#3959,#3960);
#3959 = CARTESIAN_POINT('',(14.975,16.2,-24.92));
#3960 = VECTOR('',#3961,1.);
#3961 = DIRECTION('',(0.,0.,1.));
#3962 = ORIENTED_EDGE('',*,*,#1174,.F.);
#3963 = ORIENTED_EDGE('',*,*,#3925,.F.);
#3964 = PLANE('',#3965);
#3965 = AXIS2_PLACEMENT_3D('',#3966,#3967,#3968);
#3966 = CARTESIAN_POINT('',(14.975,16.2,-24.92));
#3967 = DIRECTION('',(-0.,1.,0.));
#3968 = DIRECTION('',(0.,0.,1.));
#3969 = ADVANCED_FACE('',(#3970),#3995,.F.);
#3970 = FACE_BOUND('',#3971,.F.);
#3971 = EDGE_LOOP('',(#3972,#3980,#3988,#3994));
#3972 = ORIENTED_EDGE('',*,*,#3973,.F.);
#3973 = EDGE_CURVE('',#3974,#1307,#3976,.T.);
#3974 = VERTEX_POINT('',#3975);
#3975 = CARTESIAN_POINT('',(-15.3,-23.7,-7.8));
#3976 = LINE('',#3977,#3978);
#3977 = CARTESIAN_POINT('',(-15.3,-23.7,-7.81));
#3978 = VECTOR('',#3979,1.);
#3979 = DIRECTION('',(0.,0.,1.));
#3980 = ORIENTED_EDGE('',*,*,#3981,.T.);
#3981 = EDGE_CURVE('',#3974,#3982,#3984,.T.);
#3982 = VERTEX_POINT('',#3983);
#3983 = CARTESIAN_POINT('',(-26.1,-23.7,-7.8));
#3984 = LINE('',#3985,#3986);
#3985 = CARTESIAN_POINT('',(-13.05,-23.7,-7.8));
#3986 = VECTOR('',#3987,1.);
#3987 = DIRECTION('',(-1.,-0.,0.));
#3988 = ORIENTED_EDGE('',*,*,#3989,.T.);
#3989 = EDGE_CURVE('',#3982,#1309,#3990,.T.);
#3990 = LINE('',#3991,#3992);
#3991 = CARTESIAN_POINT('',(-26.1,-23.7,-7.81));
#3992 = VECTOR('',#3993,1.);
#3993 = DIRECTION('',(0.,0.,1.));
#3994 = ORIENTED_EDGE('',*,*,#1306,.F.);
#3995 = PLANE('',#3996);
#3996 = AXIS2_PLACEMENT_3D('',#3997,#3998,#3999);
#3997 = CARTESIAN_POINT('',(-26.1,-23.7,-7.81));
#3998 = DIRECTION('',(-0.,1.,0.));
#3999 = DIRECTION('',(0.,0.,1.));
#4000 = ADVANCED_FACE('',(#4001),#4019,.T.);
#4001 = FACE_BOUND('',#4002,.T.);
#4002 = EDGE_LOOP('',(#4003,#4004,#4012,#4018));
#4003 = ORIENTED_EDGE('',*,*,#3973,.F.);
#4004 = ORIENTED_EDGE('',*,*,#4005,.T.);
#4005 = EDGE_CURVE('',#3974,#4006,#4008,.T.);
#4006 = VERTEX_POINT('',#4007);
#4007 = CARTESIAN_POINT('',(-15.3,-15.3,-7.8));
#4008 = LINE('',#4009,#4010);
#4009 = CARTESIAN_POINT('',(-15.3,-11.85,-7.8));
#4010 = VECTOR('',#4011,1.);
#4011 = DIRECTION('',(-0.,1.,0.));
#4012 = ORIENTED_EDGE('',*,*,#4013,.T.);
#4013 = EDGE_CURVE('',#4006,#1317,#4014,.T.);
#4014 = LINE('',#4015,#4016);
#4015 = CARTESIAN_POINT('',(-15.3,-15.3,-7.81));
#4016 = VECTOR('',#4017,1.);
#4017 = DIRECTION('',(0.,0.,1.));
#4018 = ORIENTED_EDGE('',*,*,#1316,.F.);
#4019 = PLANE('',#4020);
#4020 = AXIS2_PLACEMENT_3D('',#4021,#4022,#4023);
#4021 = CARTESIAN_POINT('',(-15.3,-23.7,-7.81));
#4022 = DIRECTION('',(1.,0.,-0.));
#4023 = DIRECTION('',(0.,0.,1.));
#4024 = ADVANCED_FACE('',(#4025),#4043,.F.);
#4025 = FACE_BOUND('',#4026,.F.);
#4026 = EDGE_LOOP('',(#4027,#4028,#4036,#4042));
#4027 = ORIENTED_EDGE('',*,*,#3989,.F.);
#4028 = ORIENTED_EDGE('',*,*,#4029,.T.);
#4029 = EDGE_CURVE('',#3982,#4030,#4032,.T.);
#4030 = VERTEX_POINT('',#4031);
#4031 = CARTESIAN_POINT('',(-26.1,-15.3,-7.8));
#4032 = LINE('',#4033,#4034);
#4033 = CARTESIAN_POINT('',(-26.1,-11.85,-7.8));
#4034 = VECTOR('',#4035,1.);
#4035 = DIRECTION('',(-0.,1.,0.));
#4036 = ORIENTED_EDGE('',*,*,#4037,.T.);
#4037 = EDGE_CURVE('',#4030,#1325,#4038,.T.);
#4038 = LINE('',#4039,#4040);
#4039 = CARTESIAN_POINT('',(-26.1,-15.3,-7.81));
#4040 = VECTOR('',#4041,1.);
#4041 = DIRECTION('',(0.,0.,1.));
#4042 = ORIENTED_EDGE('',*,*,#1332,.F.);
#4043 = PLANE('',#4044);
#4044 = AXIS2_PLACEMENT_3D('',#4045,#4046,#4047);
#4045 = CARTESIAN_POINT('',(-26.1,-23.7,-7.81));
#4046 = DIRECTION('',(1.,0.,-0.));
#4047 = DIRECTION('',(0.,0.,1.));
#4048 = ADVANCED_FACE('',(#4049),#4060,.T.);
#4049 = FACE_BOUND('',#4050,.T.);
#4050 = EDGE_LOOP('',(#4051,#4052,#4058,#4059));
#4051 = ORIENTED_EDGE('',*,*,#4013,.F.);
#4052 = ORIENTED_EDGE('',*,*,#4053,.T.);
#4053 = EDGE_CURVE('',#4006,#4030,#4054,.T.);
#4054 = LINE('',#4055,#4056);
#4055 = CARTESIAN_POINT('',(-13.05,-15.3,-7.8));
#4056 = VECTOR('',#4057,1.);
#4057 = DIRECTION('',(-1.,-0.,0.));
#4058 = ORIENTED_EDGE('',*,*,#4037,.T.);
#4059 = ORIENTED_EDGE('',*,*,#1324,.F.);
#4060 = PLANE('',#4061);
#4061 = AXIS2_PLACEMENT_3D('',#4062,#4063,#4064);
#4062 = CARTESIAN_POINT('',(-26.1,-15.3,-7.81));
#4063 = DIRECTION('',(-0.,1.,0.));
#4064 = DIRECTION('',(0.,0.,1.));
#4065 = ADVANCED_FACE('',(#4066),#4107,.T.);
#4066 = FACE_BOUND('',#4067,.T.);
#4067 = EDGE_LOOP('',(#4068,#4076,#4084,#4092,#4100,#4106));
#4068 = ORIENTED_EDGE('',*,*,#4069,.F.);
#4069 = EDGE_CURVE('',#4070,#1341,#4072,.T.);
#4070 = VERTEX_POINT('',#4071);
#4071 = CARTESIAN_POINT('',(-20.7125,1.45,-7.8));
#4072 = LINE('',#4073,#4074);
#4073 = CARTESIAN_POINT('',(-20.7125,1.45,-7.81));
#4074 = VECTOR('',#4075,1.);
#4075 = DIRECTION('',(0.,0.,1.));
#4076 = ORIENTED_EDGE('',*,*,#4077,.T.);
#4077 = EDGE_CURVE('',#4070,#4078,#4080,.T.);
#4078 = VERTEX_POINT('',#4079);
#4079 = CARTESIAN_POINT('',(-20.7125,5.25,-7.8));
#4080 = LINE('',#4081,#4082);
#4081 = CARTESIAN_POINT('',(-20.7125,0.725,-7.8));
#4082 = VECTOR('',#4083,1.);
#4083 = DIRECTION('',(-0.,1.,0.));
#4084 = ORIENTED_EDGE('',*,*,#4085,.T.);
#4085 = EDGE_CURVE('',#4078,#4086,#4088,.T.);
#4086 = VERTEX_POINT('',#4087);
#4087 = CARTESIAN_POINT('',(-20.7125,5.25,-7.2));
#4088 = LINE('',#4089,#4090);
#4089 = CARTESIAN_POINT('',(-20.7125,5.25,-7.81));
#4090 = VECTOR('',#4091,1.);
#4091 = DIRECTION('',(0.,0.,1.));
#4092 = ORIENTED_EDGE('',*,*,#4093,.F.);
#4093 = EDGE_CURVE('',#4094,#4086,#4096,.T.);
#4094 = VERTEX_POINT('',#4095);
#4095 = CARTESIAN_POINT('',(-20.7125,4.45,-7.2));
#4096 = LINE('',#4097,#4098);
#4097 = CARTESIAN_POINT('',(-20.7125,2.95,-7.2));
#4098 = VECTOR('',#4099,1.);
#4099 = DIRECTION('',(-0.,1.,0.));
#4100 = ORIENTED_EDGE('',*,*,#4101,.F.);
#4101 = EDGE_CURVE('',#1351,#4094,#4102,.T.);
#4102 = LINE('',#4103,#4104);
#4103 = CARTESIAN_POINT('',(-20.7125,4.45,-7.505));
#4104 = VECTOR('',#4105,1.);
#4105 = DIRECTION('',(-0.,0.,-1.));
#4106 = ORIENTED_EDGE('',*,*,#1350,.F.);
#4107 = PLANE('',#4108);
#4108 = AXIS2_PLACEMENT_3D('',#4109,#4110,#4111);
#4109 = CARTESIAN_POINT('',(-20.7125,1.45,-7.81));
#4110 = DIRECTION('',(1.,0.,-0.));
#4111 = DIRECTION('',(0.,0.,1.));
#4112 = ADVANCED_FACE('',(#4113),#4138,.T.);
#4113 = FACE_BOUND('',#4114,.T.);
#4114 = EDGE_LOOP('',(#4115,#4116,#4124,#4132));
#4115 = ORIENTED_EDGE('',*,*,#4085,.F.);
#4116 = ORIENTED_EDGE('',*,*,#4117,.T.);
#4117 = EDGE_CURVE('',#4078,#4118,#4120,.T.);
#4118 = VERTEX_POINT('',#4119);
#4119 = CARTESIAN_POINT('',(-21.5125,5.25,-7.8));
#4120 = LINE('',#4121,#4122);
#4121 = CARTESIAN_POINT('',(-12.65625,5.25,-7.8));
#4122 = VECTOR('',#4123,1.);
#4123 = DIRECTION('',(-1.,-0.,0.));
#4124 = ORIENTED_EDGE('',*,*,#4125,.F.);
#4125 = EDGE_CURVE('',#4126,#4118,#4128,.T.);
#4126 = VERTEX_POINT('',#4127);
#4127 = CARTESIAN_POINT('',(-21.5125,5.25,-7.2));
#4128 = LINE('',#4129,#4130);
#4129 = CARTESIAN_POINT('',(-21.5125,5.25,-8.905));
#4130 = VECTOR('',#4131,1.);
#4131 = DIRECTION('',(-0.,0.,-1.));
#4132 = ORIENTED_EDGE('',*,*,#4133,.F.);
#4133 = EDGE_CURVE('',#4086,#4126,#4134,.T.);
#4134 = LINE('',#4135,#4136);
#4135 = CARTESIAN_POINT('',(-25.3125,5.25,-7.2));
#4136 = VECTOR('',#4137,1.);
#4137 = DIRECTION('',(-1.,-0.,0.));
#4138 = PLANE('',#4139);
#4139 = AXIS2_PLACEMENT_3D('',#4140,#4141,#4142);
#4140 = CARTESIAN_POINT('',(-25.3125,5.25,-7.81));
#4141 = DIRECTION('',(-0.,1.,0.));
#4142 = DIRECTION('',(0.,0.,1.));
#4143 = ADVANCED_FACE('',(#4144),#4217,.F.);
#4144 = FACE_BOUND('',#4145,.F.);
#4145 = EDGE_LOOP('',(#4146,#4156,#4164,#4172,#4178,#4179,#4187,#4195,
    #4203,#4211));
#4146 = ORIENTED_EDGE('',*,*,#4147,.F.);
#4147 = EDGE_CURVE('',#4148,#4150,#4152,.T.);
#4148 = VERTEX_POINT('',#4149);
#4149 = CARTESIAN_POINT('',(-21.5125,2.25,-9.));
#4150 = VERTEX_POINT('',#4151);
#4151 = CARTESIAN_POINT('',(-21.5125,2.25,-3.5));
#4152 = LINE('',#4153,#4154);
#4153 = CARTESIAN_POINT('',(-21.5125,2.25,-10.));
#4154 = VECTOR('',#4155,1.);
#4155 = DIRECTION('',(0.,0.,1.));
#4156 = ORIENTED_EDGE('',*,*,#4157,.T.);
#4157 = EDGE_CURVE('',#4148,#4158,#4160,.T.);
#4158 = VERTEX_POINT('',#4159);
#4159 = CARTESIAN_POINT('',(-21.5125,5.26,-9.));
#4160 = LINE('',#4161,#4162);
#4161 = CARTESIAN_POINT('',(-21.5125,1.125,-9.));
#4162 = VECTOR('',#4163,1.);
#4163 = DIRECTION('',(-0.,1.,0.));
#4164 = ORIENTED_EDGE('',*,*,#4165,.T.);
#4165 = EDGE_CURVE('',#4158,#4166,#4168,.T.);
#4166 = VERTEX_POINT('',#4167);
#4167 = CARTESIAN_POINT('',(-21.5125,5.26,-7.8));
#4168 = LINE('',#4169,#4170);
#4169 = CARTESIAN_POINT('',(-21.5125,5.26,-10.));
#4170 = VECTOR('',#4171,1.);
#4171 = DIRECTION('',(0.,0.,1.));
#4172 = ORIENTED_EDGE('',*,*,#4173,.F.);
#4173 = EDGE_CURVE('',#4118,#4166,#4174,.T.);
#4174 = LINE('',#4175,#4176);
#4175 = CARTESIAN_POINT('',(-21.5125,1.125,-7.8));
#4176 = VECTOR('',#4177,1.);
#4177 = DIRECTION('',(-0.,1.,0.));
#4178 = ORIENTED_EDGE('',*,*,#4125,.F.);
#4179 = ORIENTED_EDGE('',*,*,#4180,.T.);
#4180 = EDGE_CURVE('',#4126,#4181,#4183,.T.);
#4181 = VERTEX_POINT('',#4182);
#4182 = CARTESIAN_POINT('',(-21.5125,5.26,-7.2));
#4183 = LINE('',#4184,#4185);
#4184 = CARTESIAN_POINT('',(-21.5125,3.35,-7.2));
#4185 = VECTOR('',#4186,1.);
#4186 = DIRECTION('',(-0.,1.,0.));
#4187 = ORIENTED_EDGE('',*,*,#4188,.T.);
#4188 = EDGE_CURVE('',#4181,#4189,#4191,.T.);
#4189 = VERTEX_POINT('',#4190);
#4190 = CARTESIAN_POINT('',(-21.5125,5.26,-6.4));
#4191 = LINE('',#4192,#4193);
#4192 = CARTESIAN_POINT('',(-21.5125,5.26,-10.));
#4193 = VECTOR('',#4194,1.);
#4194 = DIRECTION('',(0.,0.,1.));
#4195 = ORIENTED_EDGE('',*,*,#4196,.F.);
#4196 = EDGE_CURVE('',#4197,#4189,#4199,.T.);
#4197 = VERTEX_POINT('',#4198);
#4198 = CARTESIAN_POINT('',(-21.5125,5.25,-6.4));
#4199 = LINE('',#4200,#4201);
#4200 = CARTESIAN_POINT('',(-21.5125,3.75,-6.4));
#4201 = VECTOR('',#4202,1.);
#4202 = DIRECTION('',(-0.,1.,0.));
#4203 = ORIENTED_EDGE('',*,*,#4204,.F.);
#4204 = EDGE_CURVE('',#4205,#4197,#4207,.T.);
#4205 = VERTEX_POINT('',#4206);
#4206 = CARTESIAN_POINT('',(-21.5125,5.25,-3.5));
#4207 = LINE('',#4208,#4209);
#4208 = CARTESIAN_POINT('',(-21.5125,5.25,-8.2));
#4209 = VECTOR('',#4210,1.);
#4210 = DIRECTION('',(-0.,0.,-1.));
#4211 = ORIENTED_EDGE('',*,*,#4212,.F.);
#4212 = EDGE_CURVE('',#4150,#4205,#4213,.T.);
#4213 = LINE('',#4214,#4215);
#4214 = CARTESIAN_POINT('',(-21.5125,1.125,-3.5));
#4215 = VECTOR('',#4216,1.);
#4216 = DIRECTION('',(-0.,1.,0.));
#4217 = PLANE('',#4218);
#4218 = AXIS2_PLACEMENT_3D('',#4219,#4220,#4221);
#4219 = CARTESIAN_POINT('',(-21.5125,2.25,-10.));
#4220 = DIRECTION('',(1.,0.,-0.));
#4221 = DIRECTION('',(0.,0.,1.));
#4222 = ADVANCED_FACE('',(#4223),#4248,.F.);
#4223 = FACE_BOUND('',#4224,.F.);
#4224 = EDGE_LOOP('',(#4225,#4226,#4234,#4242));
#4225 = ORIENTED_EDGE('',*,*,#4165,.F.);
#4226 = ORIENTED_EDGE('',*,*,#4227,.T.);
#4227 = EDGE_CURVE('',#4158,#4228,#4230,.T.);
#4228 = VERTEX_POINT('',#4229);
#4229 = CARTESIAN_POINT('',(-24.5125,5.26,-9.));
#4230 = LINE('',#4231,#4232);
#4231 = CARTESIAN_POINT('',(-12.25625,5.26,-9.));
#4232 = VECTOR('',#4233,1.);
#4233 = DIRECTION('',(-1.,-0.,0.));
#4234 = ORIENTED_EDGE('',*,*,#4235,.T.);
#4235 = EDGE_CURVE('',#4228,#4236,#4238,.T.);
#4236 = VERTEX_POINT('',#4237);
#4237 = CARTESIAN_POINT('',(-24.5125,5.26,-7.8));
#4238 = LINE('',#4239,#4240);
#4239 = CARTESIAN_POINT('',(-24.5125,5.26,-10.));
#4240 = VECTOR('',#4241,1.);
#4241 = DIRECTION('',(0.,0.,1.));
#4242 = ORIENTED_EDGE('',*,*,#4243,.F.);
#4243 = EDGE_CURVE('',#4166,#4236,#4244,.T.);
#4244 = LINE('',#4245,#4246);
#4245 = CARTESIAN_POINT('',(-12.25625,5.26,-7.8));
#4246 = VECTOR('',#4247,1.);
#4247 = DIRECTION('',(-1.,-0.,0.));
#4248 = PLANE('',#4249);
#4249 = AXIS2_PLACEMENT_3D('',#4250,#4251,#4252);
#4250 = CARTESIAN_POINT('',(-24.5125,5.26,-10.));
#4251 = DIRECTION('',(-0.,1.,0.));
#4252 = DIRECTION('',(0.,0.,1.));
#4253 = ADVANCED_FACE('',(#4254),#4272,.F.);
#4254 = FACE_BOUND('',#4255,.F.);
#4255 = EDGE_LOOP('',(#4256,#4257,#4265,#4271));
#4256 = ORIENTED_EDGE('',*,*,#4069,.F.);
#4257 = ORIENTED_EDGE('',*,*,#4258,.T.);
#4258 = EDGE_CURVE('',#4070,#4259,#4261,.T.);
#4259 = VERTEX_POINT('',#4260);
#4260 = CARTESIAN_POINT('',(-25.3125,1.45,-7.8));
#4261 = LINE('',#4262,#4263);
#4262 = CARTESIAN_POINT('',(-12.65625,1.45,-7.8));
#4263 = VECTOR('',#4264,1.);
#4264 = DIRECTION('',(-1.,-0.,0.));
#4265 = ORIENTED_EDGE('',*,*,#4266,.T.);
#4266 = EDGE_CURVE('',#4259,#1343,#4267,.T.);
#4267 = LINE('',#4268,#4269);
#4268 = CARTESIAN_POINT('',(-25.3125,1.45,-7.81));
#4269 = VECTOR('',#4270,1.);
#4270 = DIRECTION('',(0.,0.,1.));
#4271 = ORIENTED_EDGE('',*,*,#1340,.F.);
#4272 = PLANE('',#4273);
#4273 = AXIS2_PLACEMENT_3D('',#4274,#4275,#4276);
#4274 = CARTESIAN_POINT('',(-25.3125,1.45,-7.81));
#4275 = DIRECTION('',(-0.,1.,0.));
#4276 = DIRECTION('',(0.,0.,1.));
#4277 = ADVANCED_FACE('',(#4278),#4312,.T.);
#4278 = FACE_BOUND('',#4279,.T.);
#4279 = EDGE_LOOP('',(#4280,#4290,#4298,#4306));
#4280 = ORIENTED_EDGE('',*,*,#4281,.T.);
#4281 = EDGE_CURVE('',#4282,#4284,#4286,.T.);
#4282 = VERTEX_POINT('',#4283);
#4283 = CARTESIAN_POINT('',(-24.5125,5.25,-7.2));
#4284 = VERTEX_POINT('',#4285);
#4285 = CARTESIAN_POINT('',(-24.5125,5.25,-7.8));
#4286 = LINE('',#4287,#4288);
#4287 = CARTESIAN_POINT('',(-24.5125,5.25,-8.905));
#4288 = VECTOR('',#4289,1.);
#4289 = DIRECTION('',(-0.,0.,-1.));
#4290 = ORIENTED_EDGE('',*,*,#4291,.T.);
#4291 = EDGE_CURVE('',#4284,#4292,#4294,.T.);
#4292 = VERTEX_POINT('',#4293);
#4293 = CARTESIAN_POINT('',(-25.3125,5.25,-7.8));
#4294 = LINE('',#4295,#4296);
#4295 = CARTESIAN_POINT('',(-12.65625,5.25,-7.8));
#4296 = VECTOR('',#4297,1.);
#4297 = DIRECTION('',(-1.,-0.,0.));
#4298 = ORIENTED_EDGE('',*,*,#4299,.T.);
#4299 = EDGE_CURVE('',#4292,#4300,#4302,.T.);
#4300 = VERTEX_POINT('',#4301);
#4301 = CARTESIAN_POINT('',(-25.3125,5.25,-7.2));
#4302 = LINE('',#4303,#4304);
#4303 = CARTESIAN_POINT('',(-25.3125,5.25,-7.81));
#4304 = VECTOR('',#4305,1.);
#4305 = DIRECTION('',(0.,0.,1.));
#4306 = ORIENTED_EDGE('',*,*,#4307,.F.);
#4307 = EDGE_CURVE('',#4282,#4300,#4308,.T.);
#4308 = LINE('',#4309,#4310);
#4309 = CARTESIAN_POINT('',(-25.3125,5.25,-7.2));
#4310 = VECTOR('',#4311,1.);
#4311 = DIRECTION('',(-1.,-0.,0.));
#4312 = PLANE('',#4313);
#4313 = AXIS2_PLACEMENT_3D('',#4314,#4315,#4316);
#4314 = CARTESIAN_POINT('',(-25.3125,5.25,-7.81));
#4315 = DIRECTION('',(-0.,1.,0.));
#4316 = DIRECTION('',(0.,0.,1.));
#4317 = ADVANCED_FACE('',(#4318),#4343,.T.);
#4318 = FACE_BOUND('',#4319,.T.);
#4319 = EDGE_LOOP('',(#4320,#4321,#4329,#4335,#4336,#4342));
#4320 = ORIENTED_EDGE('',*,*,#1382,.T.);
#4321 = ORIENTED_EDGE('',*,*,#4322,.F.);
#4322 = EDGE_CURVE('',#4323,#1375,#4325,.T.);
#4323 = VERTEX_POINT('',#4324);
#4324 = CARTESIAN_POINT('',(-25.3125,14.75,-7.2));
#4325 = LINE('',#4326,#4327);
#4326 = CARTESIAN_POINT('',(-25.3125,14.75,-7.2));
#4327 = VECTOR('',#4328,1.);
#4328 = DIRECTION('',(0.,0.,1.));
#4329 = ORIENTED_EDGE('',*,*,#4330,.F.);
#4330 = EDGE_CURVE('',#4300,#4323,#4331,.T.);
#4331 = LINE('',#4332,#4333);
#4332 = CARTESIAN_POINT('',(-25.3125,4.45,-7.2));
#4333 = VECTOR('',#4334,1.);
#4334 = DIRECTION('',(-0.,1.,0.));
#4335 = ORIENTED_EDGE('',*,*,#4299,.F.);
#4336 = ORIENTED_EDGE('',*,*,#4337,.F.);
#4337 = EDGE_CURVE('',#4259,#4292,#4338,.T.);
#4338 = LINE('',#4339,#4340);
#4339 = CARTESIAN_POINT('',(-25.3125,0.725,-7.8));
#4340 = VECTOR('',#4341,1.);
#4341 = DIRECTION('',(-0.,1.,0.));
#4342 = ORIENTED_EDGE('',*,*,#4266,.T.);
#4343 = PLANE('',#4344);
#4344 = AXIS2_PLACEMENT_3D('',#4345,#4346,#4347);
#4345 = CARTESIAN_POINT('',(-25.3125,7.92298136646,-6.22298136646));
#4346 = DIRECTION('',(-1.,-0.,-0.));
#4347 = DIRECTION('',(0.,0.,-1.));
#4348 = ADVANCED_FACE('',(#4349),#4374,.T.);
#4349 = FACE_BOUND('',#4350,.T.);
#4350 = EDGE_LOOP('',(#4351,#4352,#4360,#4368));
#4351 = ORIENTED_EDGE('',*,*,#4147,.F.);
#4352 = ORIENTED_EDGE('',*,*,#4353,.T.);
#4353 = EDGE_CURVE('',#4148,#4354,#4356,.T.);
#4354 = VERTEX_POINT('',#4355);
#4355 = CARTESIAN_POINT('',(-24.5125,2.25,-9.));
#4356 = LINE('',#4357,#4358);
#4357 = CARTESIAN_POINT('',(-12.25625,2.25,-9.));
#4358 = VECTOR('',#4359,1.);
#4359 = DIRECTION('',(-1.,-0.,0.));
#4360 = ORIENTED_EDGE('',*,*,#4361,.T.);
#4361 = EDGE_CURVE('',#4354,#4362,#4364,.T.);
#4362 = VERTEX_POINT('',#4363);
#4363 = CARTESIAN_POINT('',(-24.5125,2.25,-3.5));
#4364 = LINE('',#4365,#4366);
#4365 = CARTESIAN_POINT('',(-24.5125,2.25,-10.));
#4366 = VECTOR('',#4367,1.);
#4367 = DIRECTION('',(0.,0.,1.));
#4368 = ORIENTED_EDGE('',*,*,#4369,.F.);
#4369 = EDGE_CURVE('',#4150,#4362,#4370,.T.);
#4370 = LINE('',#4371,#4372);
#4371 = CARTESIAN_POINT('',(-12.25625,2.25,-3.5));
#4372 = VECTOR('',#4373,1.);
#4373 = DIRECTION('',(-1.,-0.,0.));
#4374 = PLANE('',#4375);
#4375 = AXIS2_PLACEMENT_3D('',#4376,#4377,#4378);
#4376 = CARTESIAN_POINT('',(-24.5125,2.25,-10.));
#4377 = DIRECTION('',(-0.,1.,0.));
#4378 = DIRECTION('',(0.,0.,1.));
#4379 = ADVANCED_FACE('',(#4380),#4405,.F.);
#4380 = FACE_BOUND('',#4381,.F.);
#4381 = EDGE_LOOP('',(#4382,#4390,#4398,#4404));
#4382 = ORIENTED_EDGE('',*,*,#4383,.F.);
#4383 = EDGE_CURVE('',#4384,#1391,#4386,.T.);
#4384 = VERTEX_POINT('',#4385);
#4385 = CARTESIAN_POINT('',(-15.3,15.3,-7.8));
#4386 = LINE('',#4387,#4388);
#4387 = CARTESIAN_POINT('',(-15.3,15.3,-7.81));
#4388 = VECTOR('',#4389,1.);
#4389 = DIRECTION('',(0.,0.,1.));
#4390 = ORIENTED_EDGE('',*,*,#4391,.T.);
#4391 = EDGE_CURVE('',#4384,#4392,#4394,.T.);
#4392 = VERTEX_POINT('',#4393);
#4393 = CARTESIAN_POINT('',(-26.1,15.3,-7.8));
#4394 = LINE('',#4395,#4396);
#4395 = CARTESIAN_POINT('',(-13.05,15.3,-7.8));
#4396 = VECTOR('',#4397,1.);
#4397 = DIRECTION('',(-1.,-0.,0.));
#4398 = ORIENTED_EDGE('',*,*,#4399,.T.);
#4399 = EDGE_CURVE('',#4392,#1393,#4400,.T.);
#4400 = LINE('',#4401,#4402);
#4401 = CARTESIAN_POINT('',(-26.1,15.3,-7.81));
#4402 = VECTOR('',#4403,1.);
#4403 = DIRECTION('',(0.,0.,1.));
#4404 = ORIENTED_EDGE('',*,*,#1390,.F.);
#4405 = PLANE('',#4406);
#4406 = AXIS2_PLACEMENT_3D('',#4407,#4408,#4409);
#4407 = CARTESIAN_POINT('',(-26.1,15.3,-7.81));
#4408 = DIRECTION('',(-0.,1.,0.));
#4409 = DIRECTION('',(0.,0.,1.));
#4410 = ADVANCED_FACE('',(#4411),#4429,.T.);
#4411 = FACE_BOUND('',#4412,.T.);
#4412 = EDGE_LOOP('',(#4413,#4414,#4422,#4428));
#4413 = ORIENTED_EDGE('',*,*,#4383,.F.);
#4414 = ORIENTED_EDGE('',*,*,#4415,.T.);
#4415 = EDGE_CURVE('',#4384,#4416,#4418,.T.);
#4416 = VERTEX_POINT('',#4417);
#4417 = CARTESIAN_POINT('',(-15.3,23.7,-7.8));
#4418 = LINE('',#4419,#4420);
#4419 = CARTESIAN_POINT('',(-15.3,7.65,-7.8));
#4420 = VECTOR('',#4421,1.);
#4421 = DIRECTION('',(-0.,1.,0.));
#4422 = ORIENTED_EDGE('',*,*,#4423,.T.);
#4423 = EDGE_CURVE('',#4416,#1401,#4424,.T.);
#4424 = LINE('',#4425,#4426);
#4425 = CARTESIAN_POINT('',(-15.3,23.7,-7.81));
#4426 = VECTOR('',#4427,1.);
#4427 = DIRECTION('',(0.,0.,1.));
#4428 = ORIENTED_EDGE('',*,*,#1400,.F.);
#4429 = PLANE('',#4430);
#4430 = AXIS2_PLACEMENT_3D('',#4431,#4432,#4433);
#4431 = CARTESIAN_POINT('',(-15.3,15.3,-7.81));
#4432 = DIRECTION('',(1.,0.,-0.));
#4433 = DIRECTION('',(0.,0.,1.));
#4434 = ADVANCED_FACE('',(#4435),#4453,.F.);
#4435 = FACE_BOUND('',#4436,.F.);
#4436 = EDGE_LOOP('',(#4437,#4438,#4446,#4452));
#4437 = ORIENTED_EDGE('',*,*,#4399,.F.);
#4438 = ORIENTED_EDGE('',*,*,#4439,.T.);
#4439 = EDGE_CURVE('',#4392,#4440,#4442,.T.);
#4440 = VERTEX_POINT('',#4441);
#4441 = CARTESIAN_POINT('',(-26.1,23.7,-7.8));
#4442 = LINE('',#4443,#4444);
#4443 = CARTESIAN_POINT('',(-26.1,7.65,-7.8));
#4444 = VECTOR('',#4445,1.);
#4445 = DIRECTION('',(-0.,1.,0.));
#4446 = ORIENTED_EDGE('',*,*,#4447,.T.);
#4447 = EDGE_CURVE('',#4440,#1409,#4448,.T.);
#4448 = LINE('',#4449,#4450);
#4449 = CARTESIAN_POINT('',(-26.1,23.7,-7.81));
#4450 = VECTOR('',#4451,1.);
#4451 = DIRECTION('',(0.,0.,1.));
#4452 = ORIENTED_EDGE('',*,*,#1416,.F.);
#4453 = PLANE('',#4454);
#4454 = AXIS2_PLACEMENT_3D('',#4455,#4456,#4457);
#4455 = CARTESIAN_POINT('',(-26.1,15.3,-7.81));
#4456 = DIRECTION('',(1.,0.,-0.));
#4457 = DIRECTION('',(0.,0.,1.));
#4458 = ADVANCED_FACE('',(#4459),#4470,.T.);
#4459 = FACE_BOUND('',#4460,.T.);
#4460 = EDGE_LOOP('',(#4461,#4462,#4468,#4469));
#4461 = ORIENTED_EDGE('',*,*,#4423,.F.);
#4462 = ORIENTED_EDGE('',*,*,#4463,.T.);
#4463 = EDGE_CURVE('',#4416,#4440,#4464,.T.);
#4464 = LINE('',#4465,#4466);
#4465 = CARTESIAN_POINT('',(-13.05,23.7,-7.8));
#4466 = VECTOR('',#4467,1.);
#4467 = DIRECTION('',(-1.,-0.,0.));
#4468 = ORIENTED_EDGE('',*,*,#4447,.T.);
#4469 = ORIENTED_EDGE('',*,*,#1408,.F.);
#4470 = PLANE('',#4471);
#4471 = AXIS2_PLACEMENT_3D('',#4472,#4473,#4474);
#4472 = CARTESIAN_POINT('',(-26.1,23.7,-7.81));
#4473 = DIRECTION('',(-0.,1.,0.));
#4474 = DIRECTION('',(0.,0.,1.));
#4475 = ADVANCED_FACE('',(#4476),#4482,.T.);
#4476 = FACE_BOUND('',#4477,.T.);
#4477 = EDGE_LOOP('',(#4478,#4479,#4480,#4481));
#4478 = ORIENTED_EDGE('',*,*,#2227,.F.);
#4479 = ORIENTED_EDGE('',*,*,#2703,.T.);
#4480 = ORIENTED_EDGE('',*,*,#1676,.T.);
#4481 = ORIENTED_EDGE('',*,*,#2102,.T.);
#4482 = PLANE('',#4483);
#4483 = AXIS2_PLACEMENT_3D('',#4484,#4485,#4486);
#4484 = CARTESIAN_POINT('',(-36.5,-4.5,-8.3));
#4485 = DIRECTION('',(0.,0.,1.));
#4486 = DIRECTION('',(1.,0.,-0.));
#4487 = ADVANCED_FACE('',(#4488,#4737,#4771,#4805,#4839,#4873,#4943,
    #4977,#5011,#5045,#5079),#5113,.T.);
#4488 = FACE_BOUND('',#4489,.T.);
#4489 = EDGE_LOOP('',(#4490,#4491,#4492,#4493,#4499,#4500,#4501,#4502,
    #4510,#4518,#4526,#4535,#4543,#4551,#4560,#4568,#4574,#4575,#4576,
    #4577,#4583,#4584,#4585,#4586,#4594,#4603,#4609,#4610,#4611,#4612,
    #4618,#4619,#4620,#4621,#4629,#4638,#4644,#4645,#4646,#4647,#4653,
    #4654,#4655,#4656,#4664,#4672,#4681,#4690,#4698,#4706,#4715,#4723,
    #4731));
#4490 = ORIENTED_EDGE('',*,*,#529,.F.);
#4491 = ORIENTED_EDGE('',*,*,#474,.T.);
#4492 = ORIENTED_EDGE('',*,*,#394,.T.);
#4493 = ORIENTED_EDGE('',*,*,#4494,.T.);
#4494 = EDGE_CURVE('',#397,#1525,#4495,.T.);
#4495 = LINE('',#4496,#4497);
#4496 = CARTESIAN_POINT('',(-25.7,-26.2,-3.5));
#4497 = VECTOR('',#4498,1.);
#4498 = DIRECTION('',(1.,0.,0.));
#4499 = ORIENTED_EDGE('',*,*,#1524,.F.);
#4500 = ORIENTED_EDGE('',*,*,#1456,.T.);
#4501 = ORIENTED_EDGE('',*,*,#1470,.T.);
#4502 = ORIENTED_EDGE('',*,*,#4503,.T.);
#4503 = EDGE_CURVE('',#1471,#4504,#4506,.T.);
#4504 = VERTEX_POINT('',#4505);
#4505 = CARTESIAN_POINT('',(14.,-26.21,-3.5));
#4506 = LINE('',#4507,#4508);
#4507 = CARTESIAN_POINT('',(7.,-26.21,-3.5));
#4508 = VECTOR('',#4509,1.);
#4509 = DIRECTION('',(-1.,-0.,0.));
#4510 = ORIENTED_EDGE('',*,*,#4511,.T.);
#4511 = EDGE_CURVE('',#4504,#4512,#4514,.T.);
#4512 = VERTEX_POINT('',#4513);
#4513 = CARTESIAN_POINT('',(14.,-25.96,-3.5));
#4514 = LINE('',#4515,#4516);
#4515 = CARTESIAN_POINT('',(14.,-13.05903805922,-3.5));
#4516 = VECTOR('',#4517,1.);
#4517 = DIRECTION('',(0.,1.,0.));
#4518 = ORIENTED_EDGE('',*,*,#4519,.T.);
#4519 = EDGE_CURVE('',#4512,#4520,#4522,.T.);
#4520 = VERTEX_POINT('',#4521);
#4521 = CARTESIAN_POINT('',(26.127083130081,-25.96,-3.5));
#4522 = LINE('',#4523,#4524);
#4523 = CARTESIAN_POINT('',(7.,-25.96,-3.5));
#4524 = VECTOR('',#4525,1.);
#4525 = DIRECTION('',(1.,0.,-0.));
#4526 = ORIENTED_EDGE('',*,*,#4527,.T.);
#4527 = EDGE_CURVE('',#4520,#4528,#4530,.T.);
#4528 = VERTEX_POINT('',#4529);
#4529 = CARTESIAN_POINT('',(26.2,-25.7,-3.5));
#4530 = CIRCLE('',#4531,0.5);
#4531 = AXIS2_PLACEMENT_3D('',#4532,#4533,#4534);
#4532 = CARTESIAN_POINT('',(25.7,-25.7,-3.5));
#4533 = DIRECTION('',(0.,0.,1.));
#4534 = DIRECTION('',(7.105427357601E-15,-1.,0.));
#4535 = ORIENTED_EDGE('',*,*,#4536,.T.);
#4536 = EDGE_CURVE('',#4528,#4537,#4539,.T.);
#4537 = VERTEX_POINT('',#4538);
#4538 = CARTESIAN_POINT('',(26.2,-25.4,-3.5));
#4539 = LINE('',#4540,#4541);
#4540 = CARTESIAN_POINT('',(26.2,-25.7,-3.5));
#4541 = VECTOR('',#4542,1.);
#4542 = DIRECTION('',(0.,1.,0.));
#4543 = ORIENTED_EDGE('',*,*,#4544,.T.);
#4544 = EDGE_CURVE('',#4537,#4545,#4547,.T.);
#4545 = VERTEX_POINT('',#4546);
#4546 = CARTESIAN_POINT('',(14.65,-25.4,-3.5));
#4547 = LINE('',#4548,#4549);
#4548 = CARTESIAN_POINT('',(7.325,-25.4,-3.5));
#4549 = VECTOR('',#4550,1.);
#4550 = DIRECTION('',(-1.,-0.,0.));
#4551 = ORIENTED_EDGE('',*,*,#4552,.F.);
#4552 = EDGE_CURVE('',#4553,#4545,#4555,.T.);
#4553 = VERTEX_POINT('',#4554);
#4554 = CARTESIAN_POINT('',(14.65,-24.1,-3.5));
#4555 = CIRCLE('',#4556,0.65);
#4556 = AXIS2_PLACEMENT_3D('',#4557,#4558,#4559);
#4557 = CARTESIAN_POINT('',(14.65,-24.75,-3.5));
#4558 = DIRECTION('',(0.,0.,1.));
#4559 = DIRECTION('',(1.,0.,-0.));
#4560 = ORIENTED_EDGE('',*,*,#4561,.F.);
#4561 = EDGE_CURVE('',#4562,#4553,#4564,.T.);
#4562 = VERTEX_POINT('',#4563);
#4563 = CARTESIAN_POINT('',(26.2,-24.1,-3.5));
#4564 = LINE('',#4565,#4566);
#4565 = CARTESIAN_POINT('',(7.325,-24.1,-3.5));
#4566 = VECTOR('',#4567,1.);
#4567 = DIRECTION('',(-1.,-0.,0.));
#4568 = ORIENTED_EDGE('',*,*,#4569,.T.);
#4569 = EDGE_CURVE('',#4562,#2273,#4570,.T.);
#4570 = LINE('',#4571,#4572);
#4571 = CARTESIAN_POINT('',(26.2,-25.7,-3.5));
#4572 = VECTOR('',#4573,1.);
#4573 = DIRECTION('',(0.,1.,0.));
#4574 = ORIENTED_EDGE('',*,*,#2272,.T.);
#4575 = ORIENTED_EDGE('',*,*,#2149,.T.);
#4576 = ORIENTED_EDGE('',*,*,#2008,.F.);
#4577 = ORIENTED_EDGE('',*,*,#4578,.T.);
#4578 = EDGE_CURVE('',#2001,#2500,#4579,.T.);
#4579 = LINE('',#4580,#4581);
#4580 = CARTESIAN_POINT('',(26.2,-25.7,-3.5));
#4581 = VECTOR('',#4582,1.);
#4582 = DIRECTION('',(0.,1.,0.));
#4583 = ORIENTED_EDGE('',*,*,#2499,.T.);
#4584 = ORIENTED_EDGE('',*,*,#2657,.T.);
#4585 = ORIENTED_EDGE('',*,*,#2587,.F.);
#4586 = ORIENTED_EDGE('',*,*,#4587,.T.);
#4587 = EDGE_CURVE('',#2580,#4588,#4590,.T.);
#4588 = VERTEX_POINT('',#4589);
#4589 = CARTESIAN_POINT('',(26.2,25.7,-3.5));
#4590 = LINE('',#4591,#4592);
#4591 = CARTESIAN_POINT('',(26.2,-25.7,-3.5));
#4592 = VECTOR('',#4593,1.);
#4593 = DIRECTION('',(0.,1.,0.));
#4594 = ORIENTED_EDGE('',*,*,#4595,.T.);
#4595 = EDGE_CURVE('',#4588,#4596,#4598,.T.);
#4596 = VERTEX_POINT('',#4597);
#4597 = CARTESIAN_POINT('',(25.7,26.2,-3.5));
#4598 = CIRCLE('',#4599,0.5);
#4599 = AXIS2_PLACEMENT_3D('',#4600,#4601,#4602);
#4600 = CARTESIAN_POINT('',(25.7,25.7,-3.5));
#4601 = DIRECTION('',(0.,0.,1.));
#4602 = DIRECTION('',(1.,7.105427357601E-15,-0.));
#4603 = ORIENTED_EDGE('',*,*,#4604,.T.);
#4604 = EDGE_CURVE('',#4596,#3025,#4605,.T.);
#4605 = LINE('',#4606,#4607);
#4606 = CARTESIAN_POINT('',(25.7,26.2,-3.5));
#4607 = VECTOR('',#4608,1.);
#4608 = DIRECTION('',(-1.,0.,0.));
#4609 = ORIENTED_EDGE('',*,*,#3050,.T.);
#4610 = ORIENTED_EDGE('',*,*,#3081,.F.);
#4611 = ORIENTED_EDGE('',*,*,#3103,.F.);
#4612 = ORIENTED_EDGE('',*,*,#4613,.T.);
#4613 = EDGE_CURVE('',#3096,#3232,#4614,.T.);
#4614 = LINE('',#4615,#4616);
#4615 = CARTESIAN_POINT('',(25.7,26.2,-3.5));
#4616 = VECTOR('',#4617,1.);
#4617 = DIRECTION('',(-1.,0.,0.));
#4618 = ORIENTED_EDGE('',*,*,#3257,.T.);
#4619 = ORIENTED_EDGE('',*,*,#3319,.F.);
#4620 = ORIENTED_EDGE('',*,*,#3279,.F.);
#4621 = ORIENTED_EDGE('',*,*,#4622,.T.);
#4622 = EDGE_CURVE('',#3272,#4623,#4625,.T.);
#4623 = VERTEX_POINT('',#4624);
#4624 = CARTESIAN_POINT('',(-25.7,26.2,-3.5));
#4625 = LINE('',#4626,#4627);
#4626 = CARTESIAN_POINT('',(25.7,26.2,-3.5));
#4627 = VECTOR('',#4628,1.);
#4628 = DIRECTION('',(-1.,0.,0.));
#4629 = ORIENTED_EDGE('',*,*,#4630,.T.);
#4630 = EDGE_CURVE('',#4623,#4631,#4633,.T.);
#4631 = VERTEX_POINT('',#4632);
#4632 = CARTESIAN_POINT('',(-26.2,25.7,-3.5));
#4633 = CIRCLE('',#4634,0.5);
#4634 = AXIS2_PLACEMENT_3D('',#4635,#4636,#4637);
#4635 = CARTESIAN_POINT('',(-25.7,25.7,-3.5));
#4636 = DIRECTION('',(0.,0.,1.));
#4637 = DIRECTION('',(-7.105427357601E-15,1.,0.));
#4638 = ORIENTED_EDGE('',*,*,#4639,.T.);
#4639 = EDGE_CURVE('',#4631,#2354,#4640,.T.);
#4640 = LINE('',#4641,#4642);
#4641 = CARTESIAN_POINT('',(-26.2,25.7,-3.5));
#4642 = VECTOR('',#4643,1.);
#4643 = DIRECTION('',(0.,-1.,0.));
#4644 = ORIENTED_EDGE('',*,*,#2353,.F.);
#4645 = ORIENTED_EDGE('',*,*,#2383,.F.);
#4646 = ORIENTED_EDGE('',*,*,#2172,.T.);
#4647 = ORIENTED_EDGE('',*,*,#4648,.T.);
#4648 = EDGE_CURVE('',#2165,#1732,#4649,.T.);
#4649 = LINE('',#4650,#4651);
#4650 = CARTESIAN_POINT('',(-26.2,25.7,-3.5));
#4651 = VECTOR('',#4652,1.);
#4652 = DIRECTION('',(0.,-1.,0.));
#4653 = ORIENTED_EDGE('',*,*,#1731,.F.);
#4654 = ORIENTED_EDGE('',*,*,#1803,.F.);
#4655 = ORIENTED_EDGE('',*,*,#1857,.T.);
#4656 = ORIENTED_EDGE('',*,*,#4657,.T.);
#4657 = EDGE_CURVE('',#1850,#4658,#4660,.T.);
#4658 = VERTEX_POINT('',#4659);
#4659 = CARTESIAN_POINT('',(-26.2,-24.1,-3.5));
#4660 = LINE('',#4661,#4662);
#4661 = CARTESIAN_POINT('',(-26.2,25.7,-3.5));
#4662 = VECTOR('',#4663,1.);
#4663 = DIRECTION('',(0.,-1.,0.));
#4664 = ORIENTED_EDGE('',*,*,#4665,.F.);
#4665 = EDGE_CURVE('',#4666,#4658,#4668,.T.);
#4666 = VERTEX_POINT('',#4667);
#4667 = CARTESIAN_POINT('',(-14.65,-24.1,-3.5));
#4668 = LINE('',#4669,#4670);
#4669 = CARTESIAN_POINT('',(-13.6,-24.1,-3.5));
#4670 = VECTOR('',#4671,1.);
#4671 = DIRECTION('',(-1.,-0.,0.));
#4672 = ORIENTED_EDGE('',*,*,#4673,.F.);
#4673 = EDGE_CURVE('',#4674,#4666,#4676,.T.);
#4674 = VERTEX_POINT('',#4675);
#4675 = CARTESIAN_POINT('',(-14.,-24.75,-3.5));
#4676 = CIRCLE('',#4677,0.65);
#4677 = AXIS2_PLACEMENT_3D('',#4678,#4679,#4680);
#4678 = CARTESIAN_POINT('',(-14.65,-24.75,-3.5));
#4679 = DIRECTION('',(0.,0.,1.));
#4680 = DIRECTION('',(1.,0.,-0.));
#4681 = ORIENTED_EDGE('',*,*,#4682,.F.);
#4682 = EDGE_CURVE('',#4683,#4674,#4685,.T.);
#4683 = VERTEX_POINT('',#4684);
#4684 = CARTESIAN_POINT('',(-14.65,-25.4,-3.5));
#4685 = CIRCLE('',#4686,0.65);
#4686 = AXIS2_PLACEMENT_3D('',#4687,#4688,#4689);
#4687 = CARTESIAN_POINT('',(-14.65,-24.75,-3.5));
#4688 = DIRECTION('',(0.,0.,1.));
#4689 = DIRECTION('',(1.,0.,-0.));
#4690 = ORIENTED_EDGE('',*,*,#4691,.T.);
#4691 = EDGE_CURVE('',#4683,#4692,#4694,.T.);
#4692 = VERTEX_POINT('',#4693);
#4693 = CARTESIAN_POINT('',(-26.2,-25.4,-3.5));
#4694 = LINE('',#4695,#4696);
#4695 = CARTESIAN_POINT('',(-13.6,-25.4,-3.5));
#4696 = VECTOR('',#4697,1.);
#4697 = DIRECTION('',(-1.,-0.,0.));
#4698 = ORIENTED_EDGE('',*,*,#4699,.T.);
#4699 = EDGE_CURVE('',#4692,#4700,#4702,.T.);
#4700 = VERTEX_POINT('',#4701);
#4701 = CARTESIAN_POINT('',(-26.2,-25.7,-3.5));
#4702 = LINE('',#4703,#4704);
#4703 = CARTESIAN_POINT('',(-26.2,25.7,-3.5));
#4704 = VECTOR('',#4705,1.);
#4705 = DIRECTION('',(0.,-1.,0.));
#4706 = ORIENTED_EDGE('',*,*,#4707,.T.);
#4707 = EDGE_CURVE('',#4700,#4708,#4710,.T.);
#4708 = VERTEX_POINT('',#4709);
#4709 = CARTESIAN_POINT('',(-26.12708313008,-25.96,-3.5));
#4710 = CIRCLE('',#4711,0.5);
#4711 = AXIS2_PLACEMENT_3D('',#4712,#4713,#4714);
#4712 = CARTESIAN_POINT('',(-25.7,-25.7,-3.5));
#4713 = DIRECTION('',(0.,0.,1.));
#4714 = DIRECTION('',(-1.,-7.105427357601E-15,0.));
#4715 = ORIENTED_EDGE('',*,*,#4716,.T.);
#4716 = EDGE_CURVE('',#4708,#4717,#4719,.T.);
#4717 = VERTEX_POINT('',#4718);
#4718 = CARTESIAN_POINT('',(-14.,-25.96,-3.5));
#4719 = LINE('',#4720,#4721);
#4720 = CARTESIAN_POINT('',(-13.6,-25.96,-3.5));
#4721 = VECTOR('',#4722,1.);
#4722 = DIRECTION('',(1.,0.,-0.));
#4723 = ORIENTED_EDGE('',*,*,#4724,.F.);
#4724 = EDGE_CURVE('',#4725,#4717,#4727,.T.);
#4725 = VERTEX_POINT('',#4726);
#4726 = CARTESIAN_POINT('',(-14.,-26.21,-3.5));
#4727 = LINE('',#4728,#4729);
#4728 = CARTESIAN_POINT('',(-14.,-13.05903805922,-3.5));
#4729 = VECTOR('',#4730,1.);
#4730 = DIRECTION('',(0.,1.,0.));
#4731 = ORIENTED_EDGE('',*,*,#4732,.T.);
#4732 = EDGE_CURVE('',#4725,#530,#4733,.T.);
#4733 = LINE('',#4734,#4735);
#4734 = CARTESIAN_POINT('',(-13.6,-26.21,-3.5));
#4735 = VECTOR('',#4736,1.);
#4736 = DIRECTION('',(-1.,-0.,0.));
#4737 = FACE_BOUND('',#4738,.T.);
#4738 = EDGE_LOOP('',(#4739,#4749,#4757,#4765));
#4739 = ORIENTED_EDGE('',*,*,#4740,.T.);
#4740 = EDGE_CURVE('',#4741,#4743,#4745,.T.);
#4741 = VERTEX_POINT('',#4742);
#4742 = CARTESIAN_POINT('',(-16.1,-22.9,-3.5));
#4743 = VERTEX_POINT('',#4744);
#4744 = CARTESIAN_POINT('',(-25.3,-22.9,-3.5));
#4745 = LINE('',#4746,#4747);
#4746 = CARTESIAN_POINT('',(-12.65,-22.9,-3.5));
#4747 = VECTOR('',#4748,1.);
#4748 = DIRECTION('',(-1.,-0.,0.));
#4749 = ORIENTED_EDGE('',*,*,#4750,.T.);
#4750 = EDGE_CURVE('',#4743,#4751,#4753,.T.);
#4751 = VERTEX_POINT('',#4752);
#4752 = CARTESIAN_POINT('',(-25.3,-16.1,-3.5));
#4753 = LINE('',#4754,#4755);
#4754 = CARTESIAN_POINT('',(-25.3,-11.45,-3.5));
#4755 = VECTOR('',#4756,1.);
#4756 = DIRECTION('',(-0.,1.,0.));
#4757 = ORIENTED_EDGE('',*,*,#4758,.F.);
#4758 = EDGE_CURVE('',#4759,#4751,#4761,.T.);
#4759 = VERTEX_POINT('',#4760);
#4760 = CARTESIAN_POINT('',(-16.1,-16.1,-3.5));
#4761 = LINE('',#4762,#4763);
#4762 = CARTESIAN_POINT('',(-12.65,-16.1,-3.5));
#4763 = VECTOR('',#4764,1.);
#4764 = DIRECTION('',(-1.,-0.,0.));
#4765 = ORIENTED_EDGE('',*,*,#4766,.F.);
#4766 = EDGE_CURVE('',#4741,#4759,#4767,.T.);
#4767 = LINE('',#4768,#4769);
#4768 = CARTESIAN_POINT('',(-16.1,-11.45,-3.5));
#4769 = VECTOR('',#4770,1.);
#4770 = DIRECTION('',(-0.,1.,0.));
#4771 = FACE_BOUND('',#4772,.T.);
#4772 = EDGE_LOOP('',(#4773,#4783,#4791,#4799));
#4773 = ORIENTED_EDGE('',*,*,#4774,.T.);
#4774 = EDGE_CURVE('',#4775,#4777,#4779,.T.);
#4775 = VERTEX_POINT('',#4776);
#4776 = CARTESIAN_POINT('',(-18.4,-14.5,-3.5));
#4777 = VERTEX_POINT('',#4778);
#4778 = CARTESIAN_POINT('',(-23.6,-14.5,-3.5));
#4779 = LINE('',#4780,#4781);
#4780 = CARTESIAN_POINT('',(-11.8,-14.5,-3.5));
#4781 = VECTOR('',#4782,1.);
#4782 = DIRECTION('',(-1.,-0.,0.));
#4783 = ORIENTED_EDGE('',*,*,#4784,.T.);
#4784 = EDGE_CURVE('',#4777,#4785,#4787,.T.);
#4785 = VERTEX_POINT('',#4786);
#4786 = CARTESIAN_POINT('',(-23.6,-11.3,-3.5));
#4787 = LINE('',#4788,#4789);
#4788 = CARTESIAN_POINT('',(-23.6,-7.25,-3.5));
#4789 = VECTOR('',#4790,1.);
#4790 = DIRECTION('',(-0.,1.,0.));
#4791 = ORIENTED_EDGE('',*,*,#4792,.F.);
#4792 = EDGE_CURVE('',#4793,#4785,#4795,.T.);
#4793 = VERTEX_POINT('',#4794);
#4794 = CARTESIAN_POINT('',(-18.4,-11.3,-3.5));
#4795 = LINE('',#4796,#4797);
#4796 = CARTESIAN_POINT('',(-11.8,-11.3,-3.5));
#4797 = VECTOR('',#4798,1.);
#4798 = DIRECTION('',(-1.,-0.,0.));
#4799 = ORIENTED_EDGE('',*,*,#4800,.F.);
#4800 = EDGE_CURVE('',#4775,#4793,#4801,.T.);
#4801 = LINE('',#4802,#4803);
#4802 = CARTESIAN_POINT('',(-18.4,-7.25,-3.5));
#4803 = VECTOR('',#4804,1.);
#4804 = DIRECTION('',(-0.,1.,0.));
#4805 = FACE_BOUND('',#4806,.T.);
#4806 = EDGE_LOOP('',(#4807,#4817,#4825,#4833));
#4807 = ORIENTED_EDGE('',*,*,#4808,.T.);
#4808 = EDGE_CURVE('',#4809,#4811,#4813,.T.);
#4809 = VERTEX_POINT('',#4810);
#4810 = CARTESIAN_POINT('',(25.3,-22.9,-3.5));
#4811 = VERTEX_POINT('',#4812);
#4812 = CARTESIAN_POINT('',(16.1,-22.9,-3.5));
#4813 = LINE('',#4814,#4815);
#4814 = CARTESIAN_POINT('',(8.05,-22.9,-3.5));
#4815 = VECTOR('',#4816,1.);
#4816 = DIRECTION('',(-1.,-0.,0.));
#4817 = ORIENTED_EDGE('',*,*,#4818,.T.);
#4818 = EDGE_CURVE('',#4811,#4819,#4821,.T.);
#4819 = VERTEX_POINT('',#4820);
#4820 = CARTESIAN_POINT('',(16.1,-16.1,-3.5));
#4821 = LINE('',#4822,#4823);
#4822 = CARTESIAN_POINT('',(16.1,-11.45,-3.5));
#4823 = VECTOR('',#4824,1.);
#4824 = DIRECTION('',(-0.,1.,0.));
#4825 = ORIENTED_EDGE('',*,*,#4826,.F.);
#4826 = EDGE_CURVE('',#4827,#4819,#4829,.T.);
#4827 = VERTEX_POINT('',#4828);
#4828 = CARTESIAN_POINT('',(25.3,-16.1,-3.5));
#4829 = LINE('',#4830,#4831);
#4830 = CARTESIAN_POINT('',(8.05,-16.1,-3.5));
#4831 = VECTOR('',#4832,1.);
#4832 = DIRECTION('',(-1.,-0.,0.));
#4833 = ORIENTED_EDGE('',*,*,#4834,.F.);
#4834 = EDGE_CURVE('',#4809,#4827,#4835,.T.);
#4835 = LINE('',#4836,#4837);
#4836 = CARTESIAN_POINT('',(25.3,-11.45,-3.5));
#4837 = VECTOR('',#4838,1.);
#4838 = DIRECTION('',(-0.,1.,0.));
#4839 = FACE_BOUND('',#4840,.T.);
#4840 = EDGE_LOOP('',(#4841,#4851,#4859,#4867));
#4841 = ORIENTED_EDGE('',*,*,#4842,.T.);
#4842 = EDGE_CURVE('',#4843,#4845,#4847,.T.);
#4843 = VERTEX_POINT('',#4844);
#4844 = CARTESIAN_POINT('',(23.6,-14.5,-3.5));
#4845 = VERTEX_POINT('',#4846);
#4846 = CARTESIAN_POINT('',(18.4,-14.5,-3.5));
#4847 = LINE('',#4848,#4849);
#4848 = CARTESIAN_POINT('',(9.2,-14.5,-3.5));
#4849 = VECTOR('',#4850,1.);
#4850 = DIRECTION('',(-1.,-0.,0.));
#4851 = ORIENTED_EDGE('',*,*,#4852,.T.);
#4852 = EDGE_CURVE('',#4845,#4853,#4855,.T.);
#4853 = VERTEX_POINT('',#4854);
#4854 = CARTESIAN_POINT('',(18.4,-11.3,-3.5));
#4855 = LINE('',#4856,#4857);
#4856 = CARTESIAN_POINT('',(18.4,-7.25,-3.5));
#4857 = VECTOR('',#4858,1.);
#4858 = DIRECTION('',(-0.,1.,0.));
#4859 = ORIENTED_EDGE('',*,*,#4860,.F.);
#4860 = EDGE_CURVE('',#4861,#4853,#4863,.T.);
#4861 = VERTEX_POINT('',#4862);
#4862 = CARTESIAN_POINT('',(23.6,-11.3,-3.5));
#4863 = LINE('',#4864,#4865);
#4864 = CARTESIAN_POINT('',(9.2,-11.3,-3.5));
#4865 = VECTOR('',#4866,1.);
#4866 = DIRECTION('',(-1.,-0.,0.));
#4867 = ORIENTED_EDGE('',*,*,#4868,.F.);
#4868 = EDGE_CURVE('',#4843,#4861,#4869,.T.);
#4869 = LINE('',#4870,#4871);
#4870 = CARTESIAN_POINT('',(23.6,-7.25,-3.5));
#4871 = VECTOR('',#4872,1.);
#4872 = DIRECTION('',(-0.,1.,0.));
#4873 = FACE_BOUND('',#4874,.T.);
#4874 = EDGE_LOOP('',(#4875,#4886,#4894,#4903,#4911,#4920,#4928,#4937));
#4875 = ORIENTED_EDGE('',*,*,#4876,.T.);
#4876 = EDGE_CURVE('',#4877,#4879,#4881,.T.);
#4877 = VERTEX_POINT('',#4878);
#4878 = CARTESIAN_POINT('',(14.975,-19.85,-3.5));
#4879 = VERTEX_POINT('',#4880);
#4880 = CARTESIAN_POINT('',(9.875,-24.95,-3.5));
#4881 = CIRCLE('',#4882,5.1);
#4882 = AXIS2_PLACEMENT_3D('',#4883,#4884,#4885);
#4883 = CARTESIAN_POINT('',(9.875,-19.85,-3.5));
#4884 = DIRECTION('',(-0.,0.,-1.));
#4885 = DIRECTION('',(-6.96610525255E-16,-1.,0.));
#4886 = ORIENTED_EDGE('',*,*,#4887,.T.);
#4887 = EDGE_CURVE('',#4879,#4888,#4890,.T.);
#4888 = VERTEX_POINT('',#4889);
#4889 = CARTESIAN_POINT('',(-9.875,-24.95,-3.5));
#4890 = LINE('',#4891,#4892);
#4891 = CARTESIAN_POINT('',(-4.9375,-24.95,-3.5));
#4892 = VECTOR('',#4893,1.);
#4893 = DIRECTION('',(-1.,0.,0.));
#4894 = ORIENTED_EDGE('',*,*,#4895,.T.);
#4895 = EDGE_CURVE('',#4888,#4896,#4898,.T.);
#4896 = VERTEX_POINT('',#4897);
#4897 = CARTESIAN_POINT('',(-14.975,-19.85,-3.5));
#4898 = CIRCLE('',#4899,5.1);
#4899 = AXIS2_PLACEMENT_3D('',#4900,#4901,#4902);
#4900 = CARTESIAN_POINT('',(-9.875,-19.85,-3.5));
#4901 = DIRECTION('',(-0.,0.,-1.));
#4902 = DIRECTION('',(-1.,6.96610525255E-16,0.));
#4903 = ORIENTED_EDGE('',*,*,#4904,.T.);
#4904 = EDGE_CURVE('',#4896,#4905,#4907,.T.);
#4905 = VERTEX_POINT('',#4906);
#4906 = CARTESIAN_POINT('',(-14.975,19.85,-3.5));
#4907 = LINE('',#4908,#4909);
#4908 = CARTESIAN_POINT('',(-14.975,9.925,-3.5));
#4909 = VECTOR('',#4910,1.);
#4910 = DIRECTION('',(-0.,1.,0.));
#4911 = ORIENTED_EDGE('',*,*,#4912,.T.);
#4912 = EDGE_CURVE('',#4905,#4913,#4915,.T.);
#4913 = VERTEX_POINT('',#4914);
#4914 = CARTESIAN_POINT('',(-9.875,24.95,-3.5));
#4915 = CIRCLE('',#4916,5.1);
#4916 = AXIS2_PLACEMENT_3D('',#4917,#4918,#4919);
#4917 = CARTESIAN_POINT('',(-9.875,19.85,-3.5));
#4918 = DIRECTION('',(0.,-0.,-1.));
#4919 = DIRECTION('',(6.96610525255E-16,1.,-0.));
#4920 = ORIENTED_EDGE('',*,*,#4921,.T.);
#4921 = EDGE_CURVE('',#4913,#4922,#4924,.T.);
#4922 = VERTEX_POINT('',#4923);
#4923 = CARTESIAN_POINT('',(9.875,24.95,-3.5));
#4924 = LINE('',#4925,#4926);
#4925 = CARTESIAN_POINT('',(4.9375,24.95,-3.5));
#4926 = VECTOR('',#4927,1.);
#4927 = DIRECTION('',(1.,0.,-0.));
#4928 = ORIENTED_EDGE('',*,*,#4929,.T.);
#4929 = EDGE_CURVE('',#4922,#4930,#4932,.T.);
#4930 = VERTEX_POINT('',#4931);
#4931 = CARTESIAN_POINT('',(14.975,19.85,-3.5));
#4932 = CIRCLE('',#4933,5.1);
#4933 = AXIS2_PLACEMENT_3D('',#4934,#4935,#4936);
#4934 = CARTESIAN_POINT('',(9.875,19.85,-3.5));
#4935 = DIRECTION('',(0.,-0.,-1.));
#4936 = DIRECTION('',(1.,-6.96610525255E-16,0.));
#4937 = ORIENTED_EDGE('',*,*,#4938,.T.);
#4938 = EDGE_CURVE('',#4930,#4877,#4939,.T.);
#4939 = LINE('',#4940,#4941);
#4940 = CARTESIAN_POINT('',(14.975,-9.925,-3.5));
#4941 = VECTOR('',#4942,1.);
#4942 = DIRECTION('',(0.,-1.,0.));
#4943 = FACE_BOUND('',#4944,.T.);
#4944 = EDGE_LOOP('',(#4945,#4955,#4963,#4971));
#4945 = ORIENTED_EDGE('',*,*,#4946,.T.);
#4946 = EDGE_CURVE('',#4947,#4949,#4951,.T.);
#4947 = VERTEX_POINT('',#4948);
#4948 = CARTESIAN_POINT('',(24.1625,-10.4,-3.5));
#4949 = VERTEX_POINT('',#4950);
#4950 = CARTESIAN_POINT('',(17.7625,-10.4,-3.5));
#4951 = LINE('',#4952,#4953);
#4952 = CARTESIAN_POINT('',(8.88125,-10.4,-3.5));
#4953 = VECTOR('',#4954,1.);
#4954 = DIRECTION('',(-1.,-0.,0.));
#4955 = ORIENTED_EDGE('',*,*,#4956,.T.);
#4956 = EDGE_CURVE('',#4949,#4957,#4959,.T.);
#4957 = VERTEX_POINT('',#4958);
#4958 = CARTESIAN_POINT('',(17.7625,10.4,-3.5));
#4959 = LINE('',#4960,#4961);
#4960 = CARTESIAN_POINT('',(17.7625,-5.2,-3.5));
#4961 = VECTOR('',#4962,1.);
#4962 = DIRECTION('',(-0.,1.,0.));
#4963 = ORIENTED_EDGE('',*,*,#4964,.F.);
#4964 = EDGE_CURVE('',#4965,#4957,#4967,.T.);
#4965 = VERTEX_POINT('',#4966);
#4966 = CARTESIAN_POINT('',(24.1625,10.4,-3.5));
#4967 = LINE('',#4968,#4969);
#4968 = CARTESIAN_POINT('',(8.88125,10.4,-3.5));
#4969 = VECTOR('',#4970,1.);
#4970 = DIRECTION('',(-1.,-0.,0.));
#4971 = ORIENTED_EDGE('',*,*,#4972,.F.);
#4972 = EDGE_CURVE('',#4947,#4965,#4973,.T.);
#4973 = LINE('',#4974,#4975);
#4974 = CARTESIAN_POINT('',(24.1625,-5.2,-3.5));
#4975 = VECTOR('',#4976,1.);
#4976 = DIRECTION('',(-0.,1.,0.));
#4977 = FACE_BOUND('',#4978,.T.);
#4978 = EDGE_LOOP('',(#4979,#4987,#4995,#5003,#5009,#5010));
#4979 = ORIENTED_EDGE('',*,*,#4980,.T.);
#4980 = EDGE_CURVE('',#4362,#4981,#4983,.T.);
#4981 = VERTEX_POINT('',#4982);
#4982 = CARTESIAN_POINT('',(-24.5125,13.95,-3.5));
#4983 = LINE('',#4984,#4985);
#4984 = CARTESIAN_POINT('',(-24.5125,1.125,-3.5));
#4985 = VECTOR('',#4986,1.);
#4986 = DIRECTION('',(-0.,1.,0.));
#4987 = ORIENTED_EDGE('',*,*,#4988,.F.);
#4988 = EDGE_CURVE('',#4989,#4981,#4991,.T.);
#4989 = VERTEX_POINT('',#4990);
#4990 = CARTESIAN_POINT('',(-15.8125,13.95,-3.5));
#4991 = LINE('',#4992,#4993);
#4992 = CARTESIAN_POINT('',(-12.25625,13.95,-3.5));
#4993 = VECTOR('',#4994,1.);
#4994 = DIRECTION('',(-1.,-0.,0.));
#4995 = ORIENTED_EDGE('',*,*,#4996,.F.);
#4996 = EDGE_CURVE('',#4997,#4989,#4999,.T.);
#4997 = VERTEX_POINT('',#4998);
#4998 = CARTESIAN_POINT('',(-15.8125,5.25,-3.5));
#4999 = LINE('',#5000,#5001);
#5000 = CARTESIAN_POINT('',(-15.8125,2.625,-3.5));
#5001 = VECTOR('',#5002,1.);
#5002 = DIRECTION('',(-0.,1.,0.));
#5003 = ORIENTED_EDGE('',*,*,#5004,.T.);
#5004 = EDGE_CURVE('',#4997,#4205,#5005,.T.);
#5005 = LINE('',#5006,#5007);
#5006 = CARTESIAN_POINT('',(-12.25625,5.25,-3.5));
#5007 = VECTOR('',#5008,1.);
#5008 = DIRECTION('',(-1.,-0.,0.));
#5009 = ORIENTED_EDGE('',*,*,#4212,.F.);
#5010 = ORIENTED_EDGE('',*,*,#4369,.T.);
#5011 = FACE_BOUND('',#5012,.T.);
#5012 = EDGE_LOOP('',(#5013,#5023,#5031,#5039));
#5013 = ORIENTED_EDGE('',*,*,#5014,.T.);
#5014 = EDGE_CURVE('',#5015,#5017,#5019,.T.);
#5015 = VERTEX_POINT('',#5016);
#5016 = CARTESIAN_POINT('',(-16.1,16.1,-3.5));
#5017 = VERTEX_POINT('',#5018);
#5018 = CARTESIAN_POINT('',(-25.3,16.1,-3.5));
#5019 = LINE('',#5020,#5021);
#5020 = CARTESIAN_POINT('',(-12.65,16.1,-3.5));
#5021 = VECTOR('',#5022,1.);
#5022 = DIRECTION('',(-1.,-0.,0.));
#5023 = ORIENTED_EDGE('',*,*,#5024,.T.);
#5024 = EDGE_CURVE('',#5017,#5025,#5027,.T.);
#5025 = VERTEX_POINT('',#5026);
#5026 = CARTESIAN_POINT('',(-25.3,22.9,-3.5));
#5027 = LINE('',#5028,#5029);
#5028 = CARTESIAN_POINT('',(-25.3,8.05,-3.5));
#5029 = VECTOR('',#5030,1.);
#5030 = DIRECTION('',(-0.,1.,0.));
#5031 = ORIENTED_EDGE('',*,*,#5032,.F.);
#5032 = EDGE_CURVE('',#5033,#5025,#5035,.T.);
#5033 = VERTEX_POINT('',#5034);
#5034 = CARTESIAN_POINT('',(-16.1,22.9,-3.5));
#5035 = LINE('',#5036,#5037);
#5036 = CARTESIAN_POINT('',(-12.65,22.9,-3.5));
#5037 = VECTOR('',#5038,1.);
#5038 = DIRECTION('',(-1.,-0.,0.));
#5039 = ORIENTED_EDGE('',*,*,#5040,.F.);
#5040 = EDGE_CURVE('',#5015,#5033,#5041,.T.);
#5041 = LINE('',#5042,#5043);
#5042 = CARTESIAN_POINT('',(-16.1,8.05,-3.5));
#5043 = VECTOR('',#5044,1.);
#5044 = DIRECTION('',(-0.,1.,0.));
#5045 = FACE_BOUND('',#5046,.T.);
#5046 = EDGE_LOOP('',(#5047,#5057,#5065,#5073));
#5047 = ORIENTED_EDGE('',*,*,#5048,.T.);
#5048 = EDGE_CURVE('',#5049,#5051,#5053,.T.);
#5049 = VERTEX_POINT('',#5050);
#5050 = CARTESIAN_POINT('',(23.6,11.3,-3.5));
#5051 = VERTEX_POINT('',#5052);
#5052 = CARTESIAN_POINT('',(18.4,11.3,-3.5));
#5053 = LINE('',#5054,#5055);
#5054 = CARTESIAN_POINT('',(9.2,11.3,-3.5));
#5055 = VECTOR('',#5056,1.);
#5056 = DIRECTION('',(-1.,-0.,0.));
#5057 = ORIENTED_EDGE('',*,*,#5058,.T.);
#5058 = EDGE_CURVE('',#5051,#5059,#5061,.T.);
#5059 = VERTEX_POINT('',#5060);
#5060 = CARTESIAN_POINT('',(18.4,14.5,-3.5));
#5061 = LINE('',#5062,#5063);
#5062 = CARTESIAN_POINT('',(18.4,5.65,-3.5));
#5063 = VECTOR('',#5064,1.);
#5064 = DIRECTION('',(-0.,1.,0.));
#5065 = ORIENTED_EDGE('',*,*,#5066,.F.);
#5066 = EDGE_CURVE('',#5067,#5059,#5069,.T.);
#5067 = VERTEX_POINT('',#5068);
#5068 = CARTESIAN_POINT('',(23.6,14.5,-3.5));
#5069 = LINE('',#5070,#5071);
#5070 = CARTESIAN_POINT('',(9.2,14.5,-3.5));
#5071 = VECTOR('',#5072,1.);
#5072 = DIRECTION('',(-1.,-0.,0.));
#5073 = ORIENTED_EDGE('',*,*,#5074,.F.);
#5074 = EDGE_CURVE('',#5049,#5067,#5075,.T.);
#5075 = LINE('',#5076,#5077);
#5076 = CARTESIAN_POINT('',(23.6,5.65,-3.5));
#5077 = VECTOR('',#5078,1.);
#5078 = DIRECTION('',(-0.,1.,0.));
#5079 = FACE_BOUND('',#5080,.T.);
#5080 = EDGE_LOOP('',(#5081,#5091,#5099,#5107));
#5081 = ORIENTED_EDGE('',*,*,#5082,.T.);
#5082 = EDGE_CURVE('',#5083,#5085,#5087,.T.);
#5083 = VERTEX_POINT('',#5084);
#5084 = CARTESIAN_POINT('',(25.3,16.1,-3.5));
#5085 = VERTEX_POINT('',#5086);
#5086 = CARTESIAN_POINT('',(16.1,16.1,-3.5));
#5087 = LINE('',#5088,#5089);
#5088 = CARTESIAN_POINT('',(8.05,16.1,-3.5));
#5089 = VECTOR('',#5090,1.);
#5090 = DIRECTION('',(-1.,-0.,0.));
#5091 = ORIENTED_EDGE('',*,*,#5092,.T.);
#5092 = EDGE_CURVE('',#5085,#5093,#5095,.T.);
#5093 = VERTEX_POINT('',#5094);
#5094 = CARTESIAN_POINT('',(16.1,22.9,-3.5));
#5095 = LINE('',#5096,#5097);
#5096 = CARTESIAN_POINT('',(16.1,8.05,-3.5));
#5097 = VECTOR('',#5098,1.);
#5098 = DIRECTION('',(-0.,1.,0.));
#5099 = ORIENTED_EDGE('',*,*,#5100,.F.);
#5100 = EDGE_CURVE('',#5101,#5093,#5103,.T.);
#5101 = VERTEX_POINT('',#5102);
#5102 = CARTESIAN_POINT('',(25.3,22.9,-3.5));
#5103 = LINE('',#5104,#5105);
#5104 = CARTESIAN_POINT('',(8.05,22.9,-3.5));
#5105 = VECTOR('',#5106,1.);
#5106 = DIRECTION('',(-1.,-0.,0.));
#5107 = ORIENTED_EDGE('',*,*,#5108,.F.);
#5108 = EDGE_CURVE('',#5083,#5101,#5109,.T.);
#5109 = LINE('',#5110,#5111);
#5110 = CARTESIAN_POINT('',(25.3,8.05,-3.5));
#5111 = VECTOR('',#5112,1.);
#5112 = DIRECTION('',(-0.,1.,0.));
#5113 = PLANE('',#5114);
#5114 = AXIS2_PLACEMENT_3D('',#5115,#5116,#5117);
#5115 = CARTESIAN_POINT('',(-1.465629439979E-15,9.770862933197E-16,-3.5)
  );
#5116 = DIRECTION('',(0.,0.,1.));
#5117 = DIRECTION('',(1.,0.,-0.));
#5118 = ADVANCED_FACE('',(#5119),#5125,.F.);
#5119 = FACE_BOUND('',#5120,.F.);
#5120 = EDGE_LOOP('',(#5121,#5122,#5123,#5124));
#5121 = ORIENTED_EDGE('',*,*,#766,.F.);
#5122 = ORIENTED_EDGE('',*,*,#2164,.T.);
#5123 = ORIENTED_EDGE('',*,*,#4648,.T.);
#5124 = ORIENTED_EDGE('',*,*,#1739,.F.);
#5125 = PLANE('',#5126);
#5126 = AXIS2_PLACEMENT_3D('',#5127,#5128,#5129);
#5127 = CARTESIAN_POINT('',(-26.2,25.7,-5.));
#5128 = DIRECTION('',(1.,0.,-0.));
#5129 = DIRECTION('',(0.,-1.,0.));
#5130 = ADVANCED_FACE('',(#5131),#5142,.F.);
#5131 = FACE_BOUND('',#5132,.F.);
#5132 = EDGE_LOOP('',(#5133,#5134,#5135,#5136));
#5133 = ORIENTED_EDGE('',*,*,#734,.F.);
#5134 = ORIENTED_EDGE('',*,*,#1849,.T.);
#5135 = ORIENTED_EDGE('',*,*,#4657,.T.);
#5136 = ORIENTED_EDGE('',*,*,#5137,.F.);
#5137 = EDGE_CURVE('',#727,#4658,#5138,.T.);
#5138 = LINE('',#5139,#5140);
#5139 = CARTESIAN_POINT('',(-26.2,-24.1,-5.755));
#5140 = VECTOR('',#5141,1.);
#5141 = DIRECTION('',(0.,0.,1.));
#5142 = PLANE('',#5143);
#5143 = AXIS2_PLACEMENT_3D('',#5144,#5145,#5146);
#5144 = CARTESIAN_POINT('',(-26.2,25.7,-5.));
#5145 = DIRECTION('',(1.,0.,-0.));
#5146 = DIRECTION('',(0.,-1.,0.));
#5147 = ADVANCED_FACE('',(#5148),#5154,.T.);
#5148 = FACE_BOUND('',#5149,.T.);
#5149 = EDGE_LOOP('',(#5150,#5151,#5152,#5153));
#5150 = ORIENTED_EDGE('',*,*,#2476,.F.);
#5151 = ORIENTED_EDGE('',*,*,#2747,.T.);
#5152 = ORIENTED_EDGE('',*,*,#2031,.T.);
#5153 = ORIENTED_EDGE('',*,*,#1961,.T.);
#5154 = PLANE('',#5155);
#5155 = AXIS2_PLACEMENT_3D('',#5156,#5157,#5158);
#5156 = CARTESIAN_POINT('',(25.4,-4.5,-8.3));
#5157 = DIRECTION('',(0.,0.,1.));
#5158 = DIRECTION('',(1.,0.,-0.));
#5159 = ADVANCED_FACE('',(#5160),#5166,.F.);
#5160 = FACE_BOUND('',#5161,.F.);
#5161 = EDGE_LOOP('',(#5162,#5163,#5164,#5165));
#5162 = ORIENTED_EDGE('',*,*,#928,.F.);
#5163 = ORIENTED_EDGE('',*,*,#2000,.F.);
#5164 = ORIENTED_EDGE('',*,*,#4578,.T.);
#5165 = ORIENTED_EDGE('',*,*,#2507,.T.);
#5166 = PLANE('',#5167);
#5167 = AXIS2_PLACEMENT_3D('',#5168,#5169,#5170);
#5168 = CARTESIAN_POINT('',(26.2,-25.7,-5.));
#5169 = DIRECTION('',(-1.,0.,0.));
#5170 = DIRECTION('',(0.,1.,0.));
#5171 = ADVANCED_FACE('',(#5172),#5178,.T.);
#5172 = FACE_BOUND('',#5173,.T.);
#5173 = EDGE_LOOP('',(#5174,#5175,#5176,#5177));
#5174 = ORIENTED_EDGE('',*,*,#2444,.F.);
#5175 = ORIENTED_EDGE('',*,*,#2398,.F.);
#5176 = ORIENTED_EDGE('',*,*,#2063,.T.);
#5177 = ORIENTED_EDGE('',*,*,#2769,.F.);
#5178 = PLANE('',#5179);
#5179 = AXIS2_PLACEMENT_3D('',#5180,#5181,#5182);
#5180 = CARTESIAN_POINT('',(25.4,-4.5,-8.3));
#5181 = DIRECTION('',(0.,0.,1.));
#5182 = DIRECTION('',(1.,0.,-0.));
#5183 = ADVANCED_FACE('',(#5184),#5195,.F.);
#5184 = FACE_BOUND('',#5185,.F.);
#5185 = EDGE_LOOP('',(#5186,#5187,#5193,#5194));
#5186 = ORIENTED_EDGE('',*,*,#960,.F.);
#5187 = ORIENTED_EDGE('',*,*,#5188,.F.);
#5188 = EDGE_CURVE('',#4562,#961,#5189,.T.);
#5189 = LINE('',#5190,#5191);
#5190 = CARTESIAN_POINT('',(26.2,-24.1,-5.755));
#5191 = VECTOR('',#5192,1.);
#5192 = DIRECTION('',(0.,0.,-1.));
#5193 = ORIENTED_EDGE('',*,*,#4569,.T.);
#5194 = ORIENTED_EDGE('',*,*,#2280,.T.);
#5195 = PLANE('',#5196);
#5196 = AXIS2_PLACEMENT_3D('',#5197,#5198,#5199);
#5197 = CARTESIAN_POINT('',(26.2,-25.7,-5.));
#5198 = DIRECTION('',(-1.,0.,0.));
#5199 = DIRECTION('',(0.,1.,0.));
#5200 = ADVANCED_FACE('',(#5201),#5212,.F.);
#5201 = FACE_BOUND('',#5202,.F.);
#5202 = EDGE_LOOP('',(#5203,#5204,#5210,#5211));
#5203 = ORIENTED_EDGE('',*,*,#798,.F.);
#5204 = ORIENTED_EDGE('',*,*,#5205,.T.);
#5205 = EDGE_CURVE('',#799,#4631,#5206,.T.);
#5206 = LINE('',#5207,#5208);
#5207 = CARTESIAN_POINT('',(-26.2,25.7,-5.));
#5208 = VECTOR('',#5209,1.);
#5209 = DIRECTION('',(0.,0.,1.));
#5210 = ORIENTED_EDGE('',*,*,#4639,.T.);
#5211 = ORIENTED_EDGE('',*,*,#2361,.F.);
#5212 = PLANE('',#5213);
#5213 = AXIS2_PLACEMENT_3D('',#5214,#5215,#5216);
#5214 = CARTESIAN_POINT('',(-26.2,25.7,-5.));
#5215 = DIRECTION('',(1.,0.,-0.));
#5216 = DIRECTION('',(0.,-1.,0.));
#5217 = ADVANCED_FACE('',(#5218),#5229,.F.);
#5218 = FACE_BOUND('',#5219,.F.);
#5219 = EDGE_LOOP('',(#5220,#5221,#5222,#5223));
#5220 = ORIENTED_EDGE('',*,*,#896,.F.);
#5221 = ORIENTED_EDGE('',*,*,#2579,.F.);
#5222 = ORIENTED_EDGE('',*,*,#4587,.T.);
#5223 = ORIENTED_EDGE('',*,*,#5224,.F.);
#5224 = EDGE_CURVE('',#888,#4588,#5225,.T.);
#5225 = LINE('',#5226,#5227);
#5226 = CARTESIAN_POINT('',(26.2,25.7,-5.));
#5227 = VECTOR('',#5228,1.);
#5228 = DIRECTION('',(0.,0.,1.));
#5229 = PLANE('',#5230);
#5230 = AXIS2_PLACEMENT_3D('',#5231,#5232,#5233);
#5231 = CARTESIAN_POINT('',(26.2,-25.7,-5.));
#5232 = DIRECTION('',(-1.,0.,0.));
#5233 = DIRECTION('',(0.,1.,0.));
#5234 = ADVANCED_FACE('',(#5235),#5253,.T.);
#5235 = FACE_BOUND('',#5236,.T.);
#5236 = EDGE_LOOP('',(#5237,#5245,#5246,#5247));
#5237 = ORIENTED_EDGE('',*,*,#5238,.F.);
#5238 = EDGE_CURVE('',#4504,#5239,#5241,.T.);
#5239 = VERTEX_POINT('',#5240);
#5240 = CARTESIAN_POINT('',(14.,-26.21,-3.75));
#5241 = LINE('',#5242,#5243);
#5242 = CARTESIAN_POINT('',(14.,-26.21,-3.49));
#5243 = VECTOR('',#5244,1.);
#5244 = DIRECTION('',(0.,0.,-1.));
#5245 = ORIENTED_EDGE('',*,*,#4503,.F.);
#5246 = ORIENTED_EDGE('',*,*,#1510,.F.);
#5247 = ORIENTED_EDGE('',*,*,#5248,.F.);
#5248 = EDGE_CURVE('',#5239,#1503,#5249,.T.);
#5249 = LINE('',#5250,#5251);
#5250 = CARTESIAN_POINT('',(14.,-26.21,-3.75));
#5251 = VECTOR('',#5252,1.);
#5252 = DIRECTION('',(1.,0.,0.));
#5253 = PLANE('',#5254);
#5254 = AXIS2_PLACEMENT_3D('',#5255,#5256,#5257);
#5255 = CARTESIAN_POINT('',(14.,-26.21,-3.49));
#5256 = DIRECTION('',(-0.,1.,0.));
#5257 = DIRECTION('',(0.,0.,-1.));
#5258 = ADVANCED_FACE('',(#5259),#5285,.T.);
#5259 = FACE_BOUND('',#5260,.T.);
#5260 = EDGE_LOOP('',(#5261,#5267,#5268,#5269,#5277,#5284));
#5261 = ORIENTED_EDGE('',*,*,#5262,.F.);
#5262 = EDGE_CURVE('',#5239,#4512,#5263,.T.);
#5263 = LINE('',#5264,#5265);
#5264 = CARTESIAN_POINT('',(14.,-26.21,-3.75));
#5265 = VECTOR('',#5266,1.);
#5266 = DIRECTION('',(0.,0.707106781187,0.707106781187));
#5267 = ORIENTED_EDGE('',*,*,#5248,.T.);
#5268 = ORIENTED_EDGE('',*,*,#1502,.F.);
#5269 = ORIENTED_EDGE('',*,*,#5270,.F.);
#5270 = EDGE_CURVE('',#5271,#1495,#5273,.T.);
#5271 = VERTEX_POINT('',#5272);
#5272 = CARTESIAN_POINT('',(25.7,-26.2,-3.74));
#5273 = LINE('',#5274,#5275);
#5274 = CARTESIAN_POINT('',(16.722770700637,-26.2,-3.74));
#5275 = VECTOR('',#5276,1.);
#5276 = DIRECTION('',(-1.,0.,0.));
#5277 = ORIENTED_EDGE('',*,*,#5278,.T.);
#5278 = EDGE_CURVE('',#5271,#4520,#5279,.T.);
#5279 = ELLIPSE('',#5280,0.707106781187,0.5);
#5280 = AXIS2_PLACEMENT_3D('',#5281,#5282,#5283);
#5281 = CARTESIAN_POINT('',(25.7,-25.7,-3.24));
#5282 = DIRECTION('',(0.,-0.707106781187,0.707106781187));
#5283 = DIRECTION('',(0.,-0.707106781187,-0.707106781187));
#5284 = ORIENTED_EDGE('',*,*,#4519,.F.);
#5285 = PLANE('',#5286);
#5286 = AXIS2_PLACEMENT_3D('',#5287,#5288,#5289);
#5287 = CARTESIAN_POINT('',(14.,-26.21,-3.75));
#5288 = DIRECTION('',(0.,-0.707106781187,0.707106781187));
#5289 = DIRECTION('',(0.,0.707106781187,0.707106781187));
#5290 = ADVANCED_FACE('',(#5291),#5326,.T.);
#5291 = FACE_BOUND('',#5292,.T.);
#5292 = EDGE_LOOP('',(#5293,#5294,#5295,#5296,#5304,#5312,#5320));
#5293 = ORIENTED_EDGE('',*,*,#5270,.T.);
#5294 = ORIENTED_EDGE('',*,*,#1494,.T.);
#5295 = ORIENTED_EDGE('',*,*,#1001,.F.);
#5296 = ORIENTED_EDGE('',*,*,#5297,.F.);
#5297 = EDGE_CURVE('',#5298,#994,#5300,.T.);
#5298 = VERTEX_POINT('',#5299);
#5299 = CARTESIAN_POINT('',(13.,-26.2,-6.5));
#5300 = LINE('',#5301,#5302);
#5301 = CARTESIAN_POINT('',(13.,-26.2,-6.5));
#5302 = VECTOR('',#5303,1.);
#5303 = DIRECTION('',(0.,0.,1.));
#5304 = ORIENTED_EDGE('',*,*,#5305,.T.);
#5305 = EDGE_CURVE('',#5298,#5306,#5308,.T.);
#5306 = VERTEX_POINT('',#5307);
#5307 = CARTESIAN_POINT('',(25.7,-26.2,-6.5));
#5308 = LINE('',#5309,#5310);
#5309 = CARTESIAN_POINT('',(13.,-26.2,-6.5));
#5310 = VECTOR('',#5311,1.);
#5311 = DIRECTION('',(1.,0.,-0.));
#5312 = ORIENTED_EDGE('',*,*,#5313,.T.);
#5313 = EDGE_CURVE('',#5306,#5314,#5316,.T.);
#5314 = VERTEX_POINT('',#5315);
#5315 = CARTESIAN_POINT('',(25.7,-26.2,-5.));
#5316 = LINE('',#5317,#5318);
#5317 = CARTESIAN_POINT('',(25.7,-26.2,-6.5));
#5318 = VECTOR('',#5319,1.);
#5319 = DIRECTION('',(0.,0.,1.));
#5320 = ORIENTED_EDGE('',*,*,#5321,.T.);
#5321 = EDGE_CURVE('',#5314,#5271,#5322,.T.);
#5322 = LINE('',#5323,#5324);
#5323 = CARTESIAN_POINT('',(25.7,-26.2,-5.));
#5324 = VECTOR('',#5325,1.);
#5325 = DIRECTION('',(0.,0.,1.));
#5326 = PLANE('',#5327);
#5327 = AXIS2_PLACEMENT_3D('',#5328,#5329,#5330);
#5328 = CARTESIAN_POINT('',(19.445541401274,-26.2,-5.095541401274));
#5329 = DIRECTION('',(-0.,-1.,-0.));
#5330 = DIRECTION('',(0.,0.,-1.));
#5331 = ADVANCED_FACE('',(#5332),#5338,.F.);
#5332 = FACE_BOUND('',#5333,.F.);
#5333 = EDGE_LOOP('',(#5334,#5335,#5336,#5337));
#5334 = ORIENTED_EDGE('',*,*,#1033,.F.);
#5335 = ORIENTED_EDGE('',*,*,#443,.F.);
#5336 = ORIENTED_EDGE('',*,*,#4494,.T.);
#5337 = ORIENTED_EDGE('',*,*,#1532,.T.);
#5338 = PLANE('',#5339);
#5339 = AXIS2_PLACEMENT_3D('',#5340,#5341,#5342);
#5340 = CARTESIAN_POINT('',(-25.7,-26.2,-5.));
#5341 = DIRECTION('',(0.,1.,0.));
#5342 = DIRECTION('',(1.,0.,0.));
#5343 = ADVANCED_FACE('',(#5344),#5362,.F.);
#5344 = FACE_BOUND('',#5345,.F.);
#5345 = EDGE_LOOP('',(#5346,#5354,#5355,#5356));
#5346 = ORIENTED_EDGE('',*,*,#5347,.F.);
#5347 = EDGE_CURVE('',#4094,#5348,#5350,.T.);
#5348 = VERTEX_POINT('',#5349);
#5349 = CARTESIAN_POINT('',(-15.0125,4.45,-7.2));
#5350 = LINE('',#5351,#5352);
#5351 = CARTESIAN_POINT('',(-25.3125,4.45,-7.2));
#5352 = VECTOR('',#5353,1.);
#5353 = DIRECTION('',(1.,0.,-0.));
#5354 = ORIENTED_EDGE('',*,*,#4101,.F.);
#5355 = ORIENTED_EDGE('',*,*,#1358,.F.);
#5356 = ORIENTED_EDGE('',*,*,#5357,.F.);
#5357 = EDGE_CURVE('',#5348,#1359,#5358,.T.);
#5358 = LINE('',#5359,#5360);
#5359 = CARTESIAN_POINT('',(-15.0125,4.45,-7.2));
#5360 = VECTOR('',#5361,1.);
#5361 = DIRECTION('',(0.,0.,1.));
#5362 = PLANE('',#5363);
#5363 = AXIS2_PLACEMENT_3D('',#5364,#5365,#5366);
#5364 = CARTESIAN_POINT('',(-25.3125,4.45,-7.2));
#5365 = DIRECTION('',(-0.,1.,0.));
#5366 = DIRECTION('',(0.,0.,1.));
#5367 = ADVANCED_FACE('',(#5368),#5404,.F.);
#5368 = FACE_BOUND('',#5369,.F.);
#5369 = EDGE_LOOP('',(#5370,#5371,#5372,#5380,#5386,#5387,#5388,#5389,
    #5390,#5398));
#5370 = ORIENTED_EDGE('',*,*,#4330,.F.);
#5371 = ORIENTED_EDGE('',*,*,#4307,.F.);
#5372 = ORIENTED_EDGE('',*,*,#5373,.T.);
#5373 = EDGE_CURVE('',#4282,#5374,#5376,.T.);
#5374 = VERTEX_POINT('',#5375);
#5375 = CARTESIAN_POINT('',(-24.5125,5.26,-7.2));
#5376 = LINE('',#5377,#5378);
#5377 = CARTESIAN_POINT('',(-24.5125,3.35,-7.2));
#5378 = VECTOR('',#5379,1.);
#5379 = DIRECTION('',(-0.,1.,0.));
#5380 = ORIENTED_EDGE('',*,*,#5381,.F.);
#5381 = EDGE_CURVE('',#4181,#5374,#5382,.T.);
#5382 = LINE('',#5383,#5384);
#5383 = CARTESIAN_POINT('',(-24.9125,5.26,-7.2));
#5384 = VECTOR('',#5385,1.);
#5385 = DIRECTION('',(-1.,-0.,0.));
#5386 = ORIENTED_EDGE('',*,*,#4180,.F.);
#5387 = ORIENTED_EDGE('',*,*,#4133,.F.);
#5388 = ORIENTED_EDGE('',*,*,#4093,.F.);
#5389 = ORIENTED_EDGE('',*,*,#5347,.T.);
#5390 = ORIENTED_EDGE('',*,*,#5391,.T.);
#5391 = EDGE_CURVE('',#5348,#5392,#5394,.T.);
#5392 = VERTEX_POINT('',#5393);
#5393 = CARTESIAN_POINT('',(-15.0125,14.75,-7.2));
#5394 = LINE('',#5395,#5396);
#5395 = CARTESIAN_POINT('',(-15.0125,4.45,-7.2));
#5396 = VECTOR('',#5397,1.);
#5397 = DIRECTION('',(-0.,1.,0.));
#5398 = ORIENTED_EDGE('',*,*,#5399,.F.);
#5399 = EDGE_CURVE('',#4323,#5392,#5400,.T.);
#5400 = LINE('',#5401,#5402);
#5401 = CARTESIAN_POINT('',(-25.3125,14.75,-7.2));
#5402 = VECTOR('',#5403,1.);
#5403 = DIRECTION('',(1.,0.,-0.));
#5404 = PLANE('',#5405);
#5405 = AXIS2_PLACEMENT_3D('',#5406,#5407,#5408);
#5406 = CARTESIAN_POINT('',(-25.3125,4.45,-7.2));
#5407 = DIRECTION('',(0.,0.,1.));
#5408 = DIRECTION('',(1.,0.,-0.));
#5409 = ADVANCED_FACE('',(#5410),#5428,.T.);
#5410 = FACE_BOUND('',#5411,.T.);
#5411 = EDGE_LOOP('',(#5412,#5420,#5421,#5422));
#5412 = ORIENTED_EDGE('',*,*,#5413,.F.);
#5413 = EDGE_CURVE('',#4197,#5414,#5416,.T.);
#5414 = VERTEX_POINT('',#5415);
#5415 = CARTESIAN_POINT('',(-15.8125,5.25,-6.4));
#5416 = LINE('',#5417,#5418);
#5417 = CARTESIAN_POINT('',(-24.5125,5.25,-6.4));
#5418 = VECTOR('',#5419,1.);
#5419 = DIRECTION('',(1.,0.,-0.));
#5420 = ORIENTED_EDGE('',*,*,#4204,.F.);
#5421 = ORIENTED_EDGE('',*,*,#5004,.F.);
#5422 = ORIENTED_EDGE('',*,*,#5423,.F.);
#5423 = EDGE_CURVE('',#5414,#4997,#5424,.T.);
#5424 = LINE('',#5425,#5426);
#5425 = CARTESIAN_POINT('',(-15.8125,5.25,-6.4));
#5426 = VECTOR('',#5427,1.);
#5427 = DIRECTION('',(0.,0.,1.));
#5428 = PLANE('',#5429);
#5429 = AXIS2_PLACEMENT_3D('',#5430,#5431,#5432);
#5430 = CARTESIAN_POINT('',(-24.5125,5.25,-6.4));
#5431 = DIRECTION('',(-0.,1.,0.));
#5432 = DIRECTION('',(0.,0.,1.));
#5433 = ADVANCED_FACE('',(#5434),#5468,.T.);
#5434 = FACE_BOUND('',#5435,.T.);
#5435 = EDGE_LOOP('',(#5436,#5446,#5452,#5453,#5454,#5462));
#5436 = ORIENTED_EDGE('',*,*,#5437,.F.);
#5437 = EDGE_CURVE('',#5438,#5440,#5442,.T.);
#5438 = VERTEX_POINT('',#5439);
#5439 = CARTESIAN_POINT('',(-24.5125,5.26,-6.4));
#5440 = VERTEX_POINT('',#5441);
#5441 = CARTESIAN_POINT('',(-24.5125,13.95,-6.4));
#5442 = LINE('',#5443,#5444);
#5443 = CARTESIAN_POINT('',(-24.5125,5.25,-6.4));
#5444 = VECTOR('',#5445,1.);
#5445 = DIRECTION('',(-0.,1.,0.));
#5446 = ORIENTED_EDGE('',*,*,#5447,.F.);
#5447 = EDGE_CURVE('',#4189,#5438,#5448,.T.);
#5448 = LINE('',#5449,#5450);
#5449 = CARTESIAN_POINT('',(-24.5125,5.26,-6.4));
#5450 = VECTOR('',#5451,1.);
#5451 = DIRECTION('',(-1.,-0.,0.));
#5452 = ORIENTED_EDGE('',*,*,#4196,.F.);
#5453 = ORIENTED_EDGE('',*,*,#5413,.T.);
#5454 = ORIENTED_EDGE('',*,*,#5455,.T.);
#5455 = EDGE_CURVE('',#5414,#5456,#5458,.T.);
#5456 = VERTEX_POINT('',#5457);
#5457 = CARTESIAN_POINT('',(-15.8125,13.95,-6.4));
#5458 = LINE('',#5459,#5460);
#5459 = CARTESIAN_POINT('',(-15.8125,5.25,-6.4));
#5460 = VECTOR('',#5461,1.);
#5461 = DIRECTION('',(-0.,1.,0.));
#5462 = ORIENTED_EDGE('',*,*,#5463,.F.);
#5463 = EDGE_CURVE('',#5440,#5456,#5464,.T.);
#5464 = LINE('',#5465,#5466);
#5465 = CARTESIAN_POINT('',(-24.5125,13.95,-6.4));
#5466 = VECTOR('',#5467,1.);
#5467 = DIRECTION('',(1.,0.,-0.));
#5468 = PLANE('',#5469);
#5469 = AXIS2_PLACEMENT_3D('',#5470,#5471,#5472);
#5470 = CARTESIAN_POINT('',(-24.5125,5.25,-6.4));
#5471 = DIRECTION('',(0.,0.,1.));
#5472 = DIRECTION('',(1.,0.,-0.));
#5473 = ADVANCED_FACE('',(#5474),#5485,.F.);
#5474 = FACE_BOUND('',#5475,.F.);
#5475 = EDGE_LOOP('',(#5476,#5477,#5478,#5484));
#5476 = ORIENTED_EDGE('',*,*,#4188,.F.);
#5477 = ORIENTED_EDGE('',*,*,#5381,.T.);
#5478 = ORIENTED_EDGE('',*,*,#5479,.T.);
#5479 = EDGE_CURVE('',#5374,#5438,#5480,.T.);
#5480 = LINE('',#5481,#5482);
#5481 = CARTESIAN_POINT('',(-24.5125,5.26,-10.));
#5482 = VECTOR('',#5483,1.);
#5483 = DIRECTION('',(0.,0.,1.));
#5484 = ORIENTED_EDGE('',*,*,#5447,.F.);
#5485 = PLANE('',#5486);
#5486 = AXIS2_PLACEMENT_3D('',#5487,#5488,#5489);
#5487 = CARTESIAN_POINT('',(-24.5125,5.26,-10.));
#5488 = DIRECTION('',(-0.,1.,0.));
#5489 = DIRECTION('',(0.,0.,1.));
#5490 = ADVANCED_FACE('',(#5491),#5502,.T.);
#5491 = FACE_BOUND('',#5492,.T.);
#5492 = EDGE_LOOP('',(#5493,#5499,#5500,#5501));
#5493 = ORIENTED_EDGE('',*,*,#5494,.F.);
#5494 = EDGE_CURVE('',#5392,#1367,#5495,.T.);
#5495 = LINE('',#5496,#5497);
#5496 = CARTESIAN_POINT('',(-15.0125,14.75,-7.2));
#5497 = VECTOR('',#5498,1.);
#5498 = DIRECTION('',(0.,0.,1.));
#5499 = ORIENTED_EDGE('',*,*,#5399,.F.);
#5500 = ORIENTED_EDGE('',*,*,#4322,.T.);
#5501 = ORIENTED_EDGE('',*,*,#1374,.F.);
#5502 = PLANE('',#5503);
#5503 = AXIS2_PLACEMENT_3D('',#5504,#5505,#5506);
#5504 = CARTESIAN_POINT('',(-25.3125,14.75,-7.2));
#5505 = DIRECTION('',(-0.,1.,0.));
#5506 = DIRECTION('',(0.,0.,1.));
#5507 = ADVANCED_FACE('',(#5508),#5514,.F.);
#5508 = FACE_BOUND('',#5509,.F.);
#5509 = EDGE_LOOP('',(#5510,#5511,#5512,#5513));
#5510 = ORIENTED_EDGE('',*,*,#847,.F.);
#5511 = ORIENTED_EDGE('',*,*,#3095,.T.);
#5512 = ORIENTED_EDGE('',*,*,#4613,.T.);
#5513 = ORIENTED_EDGE('',*,*,#3231,.F.);
#5514 = PLANE('',#5515);
#5515 = AXIS2_PLACEMENT_3D('',#5516,#5517,#5518);
#5516 = CARTESIAN_POINT('',(25.7,26.2,-5.));
#5517 = DIRECTION('',(0.,-1.,0.));
#5518 = DIRECTION('',(-1.,0.,0.));
#5519 = ADVANCED_FACE('',(#5520),#5531,.F.);
#5520 = FACE_BOUND('',#5521,.F.);
#5521 = EDGE_LOOP('',(#5522,#5523,#5524,#5525));
#5522 = ORIENTED_EDGE('',*,*,#815,.F.);
#5523 = ORIENTED_EDGE('',*,*,#3271,.T.);
#5524 = ORIENTED_EDGE('',*,*,#4622,.T.);
#5525 = ORIENTED_EDGE('',*,*,#5526,.F.);
#5526 = EDGE_CURVE('',#807,#4623,#5527,.T.);
#5527 = LINE('',#5528,#5529);
#5528 = CARTESIAN_POINT('',(-25.7,26.2,-5.));
#5529 = VECTOR('',#5530,1.);
#5530 = DIRECTION('',(0.,0.,1.));
#5531 = PLANE('',#5532);
#5532 = AXIS2_PLACEMENT_3D('',#5533,#5534,#5535);
#5533 = CARTESIAN_POINT('',(25.7,26.2,-5.));
#5534 = DIRECTION('',(0.,-1.,0.));
#5535 = DIRECTION('',(-1.,0.,0.));
#5536 = ADVANCED_FACE('',(#5537),#5585,.F.);
#5537 = FACE_BOUND('',#5538,.F.);
#5538 = EDGE_LOOP('',(#5539,#5540,#5546,#5547,#5555,#5563,#5571,#5579));
#5539 = ORIENTED_EDGE('',*,*,#3467,.F.);
#5540 = ORIENTED_EDGE('',*,*,#5541,.F.);
#5541 = EDGE_CURVE('',#3374,#3468,#5542,.T.);
#5542 = LINE('',#5543,#5544);
#5543 = CARTESIAN_POINT('',(16.9625,-11.2,-5.6));
#5544 = VECTOR('',#5545,1.);
#5545 = DIRECTION('',(-0.,1.,0.));
#5546 = ORIENTED_EDGE('',*,*,#3373,.T.);
#5547 = ORIENTED_EDGE('',*,*,#5548,.T.);
#5548 = EDGE_CURVE('',#3376,#5549,#5551,.T.);
#5549 = VERTEX_POINT('',#5550);
#5550 = CARTESIAN_POINT('',(20.295,-10.4,-5.6));
#5551 = LINE('',#5552,#5553);
#5552 = CARTESIAN_POINT('',(20.295,-11.2,-5.6));
#5553 = VECTOR('',#5554,1.);
#5554 = DIRECTION('',(-0.,1.,0.));
#5555 = ORIENTED_EDGE('',*,*,#5556,.F.);
#5556 = EDGE_CURVE('',#5557,#5549,#5559,.T.);
#5557 = VERTEX_POINT('',#5558);
#5558 = CARTESIAN_POINT('',(20.285,-10.4,-5.6));
#5559 = LINE('',#5560,#5561);
#5560 = CARTESIAN_POINT('',(17.755,-10.4,-5.6));
#5561 = VECTOR('',#5562,1.);
#5562 = DIRECTION('',(1.,0.,-0.));
#5563 = ORIENTED_EDGE('',*,*,#5564,.F.);
#5564 = EDGE_CURVE('',#5565,#5557,#5567,.T.);
#5565 = VERTEX_POINT('',#5566);
#5566 = CARTESIAN_POINT('',(20.285,10.4,-5.6));
#5567 = LINE('',#5568,#5569);
#5568 = CARTESIAN_POINT('',(20.285,-12.8,-5.6));
#5569 = VECTOR('',#5570,1.);
#5570 = DIRECTION('',(0.,-1.,0.));
#5571 = ORIENTED_EDGE('',*,*,#5572,.T.);
#5572 = EDGE_CURVE('',#5565,#5573,#5575,.T.);
#5573 = VERTEX_POINT('',#5574);
#5574 = CARTESIAN_POINT('',(20.295,10.4,-5.6));
#5575 = LINE('',#5576,#5577);
#5576 = CARTESIAN_POINT('',(17.755,10.4,-5.6));
#5577 = VECTOR('',#5578,1.);
#5578 = DIRECTION('',(1.,0.,-0.));
#5579 = ORIENTED_EDGE('',*,*,#5580,.T.);
#5580 = EDGE_CURVE('',#5573,#3470,#5581,.T.);
#5581 = LINE('',#5582,#5583);
#5582 = CARTESIAN_POINT('',(20.295,-11.2,-5.6));
#5583 = VECTOR('',#5584,1.);
#5584 = DIRECTION('',(-0.,1.,0.));
#5585 = PLANE('',#5586);
#5586 = AXIS2_PLACEMENT_3D('',#5587,#5588,#5589);
#5587 = CARTESIAN_POINT('',(16.9625,-11.2,-5.6));
#5588 = DIRECTION('',(0.,0.,1.));
#5589 = DIRECTION('',(1.,0.,-0.));
#5590 = ADVANCED_FACE('',(#5591),#5625,.F.);
#5591 = FACE_BOUND('',#5592,.F.);
#5592 = EDGE_LOOP('',(#5593,#5594,#5600,#5601,#5602,#5610,#5618,#5624));
#5593 = ORIENTED_EDGE('',*,*,#3383,.F.);
#5594 = ORIENTED_EDGE('',*,*,#5595,.T.);
#5595 = EDGE_CURVE('',#3384,#3518,#5596,.T.);
#5596 = LINE('',#5597,#5598);
#5597 = CARTESIAN_POINT('',(20.295,-11.2,-24.31));
#5598 = VECTOR('',#5599,1.);
#5599 = DIRECTION('',(-0.,1.,0.));
#5600 = ORIENTED_EDGE('',*,*,#3525,.T.);
#5601 = ORIENTED_EDGE('',*,*,#5580,.F.);
#5602 = ORIENTED_EDGE('',*,*,#5603,.T.);
#5603 = EDGE_CURVE('',#5573,#5604,#5606,.T.);
#5604 = VERTEX_POINT('',#5605);
#5605 = CARTESIAN_POINT('',(20.295,10.4,-23.51));
#5606 = LINE('',#5607,#5608);
#5607 = CARTESIAN_POINT('',(20.295,10.4,-24.265));
#5608 = VECTOR('',#5609,1.);
#5609 = DIRECTION('',(-0.,0.,-1.));
#5610 = ORIENTED_EDGE('',*,*,#5611,.F.);
#5611 = EDGE_CURVE('',#5612,#5604,#5614,.T.);
#5612 = VERTEX_POINT('',#5613);
#5613 = CARTESIAN_POINT('',(20.295,-10.4,-23.51));
#5614 = LINE('',#5615,#5616);
#5615 = CARTESIAN_POINT('',(20.295,-12.8,-23.51));
#5616 = VECTOR('',#5617,1.);
#5617 = DIRECTION('',(-0.,1.,0.));
#5618 = ORIENTED_EDGE('',*,*,#5619,.F.);
#5619 = EDGE_CURVE('',#5549,#5612,#5620,.T.);
#5620 = LINE('',#5621,#5622);
#5621 = CARTESIAN_POINT('',(20.295,-10.4,-24.265));
#5622 = VECTOR('',#5623,1.);
#5623 = DIRECTION('',(-0.,0.,-1.));
#5624 = ORIENTED_EDGE('',*,*,#5548,.F.);
#5625 = PLANE('',#5626);
#5626 = AXIS2_PLACEMENT_3D('',#5627,#5628,#5629);
#5627 = CARTESIAN_POINT('',(20.295,-11.2,-24.31));
#5628 = DIRECTION('',(1.,0.,-0.));
#5629 = DIRECTION('',(0.,0.,1.));
#5630 = ADVANCED_FACE('',(#5631),#5637,.F.);
#5631 = FACE_BOUND('',#5632,.F.);
#5632 = EDGE_LOOP('',(#5633,#5634,#5635,#5636));
#5633 = ORIENTED_EDGE('',*,*,#5595,.F.);
#5634 = ORIENTED_EDGE('',*,*,#3391,.T.);
#5635 = ORIENTED_EDGE('',*,*,#3577,.T.);
#5636 = ORIENTED_EDGE('',*,*,#3517,.F.);
#5637 = PLANE('',#5638);
#5638 = AXIS2_PLACEMENT_3D('',#5639,#5640,#5641);
#5639 = CARTESIAN_POINT('',(20.295,-11.2,-24.31));
#5640 = DIRECTION('',(0.,0.,1.));
#5641 = DIRECTION('',(1.,0.,-0.));
#5642 = ADVANCED_FACE('',(#5643),#5649,.F.);
#5643 = FACE_BOUND('',#5644,.F.);
#5644 = EDGE_LOOP('',(#5645,#5646,#5647,#5648));
#5645 = ORIENTED_EDGE('',*,*,#3429,.F.);
#5646 = ORIENTED_EDGE('',*,*,#5541,.T.);
#5647 = ORIENTED_EDGE('',*,*,#3477,.T.);
#5648 = ORIENTED_EDGE('',*,*,#1068,.F.);
#5649 = PLANE('',#5650);
#5650 = AXIS2_PLACEMENT_3D('',#5651,#5652,#5653);
#5651 = CARTESIAN_POINT('',(16.9625,-11.2,-5.6));
#5652 = DIRECTION('',(1.,0.,-0.));
#5653 = DIRECTION('',(0.,0.,1.));
#5654 = ADVANCED_FACE('',(#5655),#5672,.T.);
#5655 = FACE_BOUND('',#5656,.T.);
#5656 = EDGE_LOOP('',(#5657,#5658,#5659,#5660,#5661,#5662,#5663,#5664,
    #5670,#5671));
#5657 = ORIENTED_EDGE('',*,*,#605,.F.);
#5658 = ORIENTED_EDGE('',*,*,#567,.T.);
#5659 = ORIENTED_EDGE('',*,*,#419,.T.);
#5660 = ORIENTED_EDGE('',*,*,#380,.T.);
#5661 = ORIENTED_EDGE('',*,*,#349,.T.);
#5662 = ORIENTED_EDGE('',*,*,#310,.F.);
#5663 = ORIENTED_EDGE('',*,*,#287,.T.);
#5664 = ORIENTED_EDGE('',*,*,#5665,.F.);
#5665 = EDGE_CURVE('',#661,#280,#5666,.T.);
#5666 = LINE('',#5667,#5668);
#5667 = CARTESIAN_POINT('',(-7.,-24.95,-7.79));
#5668 = VECTOR('',#5669,1.);
#5669 = DIRECTION('',(1.,0.,-0.));
#5670 = ORIENTED_EDGE('',*,*,#668,.F.);
#5671 = ORIENTED_EDGE('',*,*,#629,.F.);
#5672 = PLANE('',#5673);
#5673 = AXIS2_PLACEMENT_3D('',#5674,#5675,#5676);
#5674 = CARTESIAN_POINT('',(-5.516818181818,-26.02045454545,-7.79));
#5675 = DIRECTION('',(0.,0.,1.));
#5676 = DIRECTION('',(1.,0.,-0.));
#5677 = ADVANCED_FACE('',(#5678),#5711,.T.);
#5678 = FACE_BOUND('',#5679,.T.);
#5679 = EDGE_LOOP('',(#5680,#5681,#5689,#5695,#5696,#5705));
#5680 = ORIENTED_EDGE('',*,*,#488,.F.);
#5681 = ORIENTED_EDGE('',*,*,#5682,.T.);
#5682 = EDGE_CURVE('',#489,#5683,#5685,.T.);
#5683 = VERTEX_POINT('',#5684);
#5684 = CARTESIAN_POINT('',(-14.,-26.21,-3.75));
#5685 = LINE('',#5686,#5687);
#5686 = CARTESIAN_POINT('',(-27.2,-26.21,-3.75));
#5687 = VECTOR('',#5688,1.);
#5688 = DIRECTION('',(1.,0.,0.));
#5689 = ORIENTED_EDGE('',*,*,#5690,.T.);
#5690 = EDGE_CURVE('',#5683,#4717,#5691,.T.);
#5691 = LINE('',#5692,#5693);
#5692 = CARTESIAN_POINT('',(-14.,-26.21,-3.75));
#5693 = VECTOR('',#5694,1.);
#5694 = DIRECTION('',(0.,0.707106781187,0.707106781187));
#5695 = ORIENTED_EDGE('',*,*,#4716,.F.);
#5696 = ORIENTED_EDGE('',*,*,#5697,.T.);
#5697 = EDGE_CURVE('',#4708,#5698,#5700,.T.);
#5698 = VERTEX_POINT('',#5699);
#5699 = CARTESIAN_POINT('',(-25.7,-26.2,-3.74));
#5700 = ELLIPSE('',#5701,0.707106781187,0.5);
#5701 = AXIS2_PLACEMENT_3D('',#5702,#5703,#5704);
#5702 = CARTESIAN_POINT('',(-25.7,-25.7,-3.24));
#5703 = DIRECTION('',(0.,-0.707106781187,0.707106781187));
#5704 = DIRECTION('',(0.,-0.707106781187,-0.707106781187));
#5705 = ORIENTED_EDGE('',*,*,#5706,.F.);
#5706 = EDGE_CURVE('',#491,#5698,#5707,.T.);
#5707 = LINE('',#5708,#5709);
#5708 = CARTESIAN_POINT('',(-23.32277070063,-26.2,-3.74));
#5709 = VECTOR('',#5710,1.);
#5710 = DIRECTION('',(-1.,0.,0.));
#5711 = PLANE('',#5712);
#5712 = AXIS2_PLACEMENT_3D('',#5713,#5714,#5715);
#5713 = CARTESIAN_POINT('',(-27.2,-26.21,-3.75));
#5714 = DIRECTION('',(0.,-0.707106781187,0.707106781187));
#5715 = DIRECTION('',(0.,0.707106781187,0.707106781187));
#5716 = ADVANCED_FACE('',(#5717),#5728,.T.);
#5717 = FACE_BOUND('',#5718,.T.);
#5718 = EDGE_LOOP('',(#5719,#5720,#5726,#5727));
#5719 = ORIENTED_EDGE('',*,*,#4732,.F.);
#5720 = ORIENTED_EDGE('',*,*,#5721,.T.);
#5721 = EDGE_CURVE('',#4725,#5683,#5722,.T.);
#5722 = LINE('',#5723,#5724);
#5723 = CARTESIAN_POINT('',(-14.,-26.21,-3.49));
#5724 = VECTOR('',#5725,1.);
#5725 = DIRECTION('',(0.,0.,-1.));
#5726 = ORIENTED_EDGE('',*,*,#5682,.F.);
#5727 = ORIENTED_EDGE('',*,*,#537,.F.);
#5728 = PLANE('',#5729);
#5729 = AXIS2_PLACEMENT_3D('',#5730,#5731,#5732);
#5730 = CARTESIAN_POINT('',(-27.2,-26.21,-3.49));
#5731 = DIRECTION('',(-0.,1.,0.));
#5732 = DIRECTION('',(0.,0.,-1.));
#5733 = ADVANCED_FACE('',(#5734),#5769,.T.);
#5734 = FACE_BOUND('',#5735,.T.);
#5735 = EDGE_LOOP('',(#5736,#5737,#5738,#5746,#5754,#5762,#5768));
#5736 = ORIENTED_EDGE('',*,*,#498,.F.);
#5737 = ORIENTED_EDGE('',*,*,#5706,.T.);
#5738 = ORIENTED_EDGE('',*,*,#5739,.F.);
#5739 = EDGE_CURVE('',#5740,#5698,#5742,.T.);
#5740 = VERTEX_POINT('',#5741);
#5741 = CARTESIAN_POINT('',(-25.7,-26.2,-5.));
#5742 = LINE('',#5743,#5744);
#5743 = CARTESIAN_POINT('',(-25.7,-26.2,-5.));
#5744 = VECTOR('',#5745,1.);
#5745 = DIRECTION('',(0.,0.,1.));
#5746 = ORIENTED_EDGE('',*,*,#5747,.F.);
#5747 = EDGE_CURVE('',#5748,#5740,#5750,.T.);
#5748 = VERTEX_POINT('',#5749);
#5749 = CARTESIAN_POINT('',(-25.7,-26.2,-6.5));
#5750 = LINE('',#5751,#5752);
#5751 = CARTESIAN_POINT('',(-25.7,-26.2,-6.5));
#5752 = VECTOR('',#5753,1.);
#5753 = DIRECTION('',(0.,0.,1.));
#5754 = ORIENTED_EDGE('',*,*,#5755,.T.);
#5755 = EDGE_CURVE('',#5748,#5756,#5758,.T.);
#5756 = VERTEX_POINT('',#5757);
#5757 = CARTESIAN_POINT('',(-13.,-26.2,-6.5));
#5758 = LINE('',#5759,#5760);
#5759 = CARTESIAN_POINT('',(-25.7,-26.2,-6.5));
#5760 = VECTOR('',#5761,1.);
#5761 = DIRECTION('',(1.,0.,-0.));
#5762 = ORIENTED_EDGE('',*,*,#5763,.T.);
#5763 = EDGE_CURVE('',#5756,#685,#5764,.T.);
#5764 = LINE('',#5765,#5766);
#5765 = CARTESIAN_POINT('',(-13.,-26.2,-6.5));
#5766 = VECTOR('',#5767,1.);
#5767 = DIRECTION('',(0.,0.,1.));
#5768 = ORIENTED_EDGE('',*,*,#684,.F.);
#5769 = PLANE('',#5770);
#5770 = AXIS2_PLACEMENT_3D('',#5771,#5772,#5773);
#5771 = CARTESIAN_POINT('',(-19.44554140127,-26.2,-5.095541401274));
#5772 = DIRECTION('',(-0.,-1.,-0.));
#5773 = DIRECTION('',(0.,0.,-1.));
#5774 = ADVANCED_FACE('',(#5775),#5786,.F.);
#5775 = FACE_BOUND('',#5776,.F.);
#5776 = EDGE_LOOP('',(#5777,#5778,#5784,#5785));
#5777 = ORIENTED_EDGE('',*,*,#879,.F.);
#5778 = ORIENTED_EDGE('',*,*,#5779,.T.);
#5779 = EDGE_CURVE('',#880,#4596,#5780,.T.);
#5780 = LINE('',#5781,#5782);
#5781 = CARTESIAN_POINT('',(25.7,26.2,-5.));
#5782 = VECTOR('',#5783,1.);
#5783 = DIRECTION('',(0.,0.,1.));
#5784 = ORIENTED_EDGE('',*,*,#4604,.T.);
#5785 = ORIENTED_EDGE('',*,*,#3024,.F.);
#5786 = PLANE('',#5787);
#5787 = AXIS2_PLACEMENT_3D('',#5788,#5789,#5790);
#5788 = CARTESIAN_POINT('',(25.7,26.2,-5.));
#5789 = DIRECTION('',(0.,-1.,0.));
#5790 = DIRECTION('',(-1.,0.,0.));
#5791 = ADVANCED_FACE('',(#5792),#5810,.F.);
#5792 = FACE_BOUND('',#5793,.F.);
#5793 = EDGE_LOOP('',(#5794,#5795,#5803,#5809));
#5794 = ORIENTED_EDGE('',*,*,#5297,.F.);
#5795 = ORIENTED_EDGE('',*,*,#5796,.T.);
#5796 = EDGE_CURVE('',#5298,#5797,#5799,.T.);
#5797 = VERTEX_POINT('',#5798);
#5798 = CARTESIAN_POINT('',(13.,-25.4,-6.5));
#5799 = LINE('',#5800,#5801);
#5800 = CARTESIAN_POINT('',(13.,-26.2,-6.5));
#5801 = VECTOR('',#5802,1.);
#5802 = DIRECTION('',(-0.,1.,0.));
#5803 = ORIENTED_EDGE('',*,*,#5804,.T.);
#5804 = EDGE_CURVE('',#5797,#986,#5805,.T.);
#5805 = LINE('',#5806,#5807);
#5806 = CARTESIAN_POINT('',(13.,-25.4,-6.5));
#5807 = VECTOR('',#5808,1.);
#5808 = DIRECTION('',(0.,0.,1.));
#5809 = ORIENTED_EDGE('',*,*,#993,.F.);
#5810 = PLANE('',#5811);
#5811 = AXIS2_PLACEMENT_3D('',#5812,#5813,#5814);
#5812 = CARTESIAN_POINT('',(13.,-26.2,-6.5));
#5813 = DIRECTION('',(1.,0.,-0.));
#5814 = DIRECTION('',(0.,0.,1.));
#5815 = ADVANCED_FACE('',(#5816),#5832,.F.);
#5816 = FACE_BOUND('',#5817,.F.);
#5817 = EDGE_LOOP('',(#5818,#5819,#5825,#5826));
#5818 = ORIENTED_EDGE('',*,*,#4552,.F.);
#5819 = ORIENTED_EDGE('',*,*,#5820,.F.);
#5820 = EDGE_CURVE('',#969,#4553,#5821,.T.);
#5821 = LINE('',#5822,#5823);
#5822 = CARTESIAN_POINT('',(14.65,-24.1,-6.51));
#5823 = VECTOR('',#5824,1.);
#5824 = DIRECTION('',(0.,0.,1.));
#5825 = ORIENTED_EDGE('',*,*,#976,.T.);
#5826 = ORIENTED_EDGE('',*,*,#5827,.T.);
#5827 = EDGE_CURVE('',#977,#4545,#5828,.T.);
#5828 = LINE('',#5829,#5830);
#5829 = CARTESIAN_POINT('',(14.65,-25.4,-6.51));
#5830 = VECTOR('',#5831,1.);
#5831 = DIRECTION('',(0.,0.,1.));
#5832 = CYLINDRICAL_SURFACE('',#5833,0.65);
#5833 = AXIS2_PLACEMENT_3D('',#5834,#5835,#5836);
#5834 = CARTESIAN_POINT('',(14.65,-24.75,-6.51));
#5835 = DIRECTION('',(0.,0.,1.));
#5836 = DIRECTION('',(1.,0.,-0.));
#5837 = ADVANCED_FACE('',(#5838),#5844,.F.);
#5838 = FACE_BOUND('',#5839,.F.);
#5839 = EDGE_LOOP('',(#5840,#5841,#5842,#5843));
#5840 = ORIENTED_EDGE('',*,*,#968,.F.);
#5841 = ORIENTED_EDGE('',*,*,#5820,.T.);
#5842 = ORIENTED_EDGE('',*,*,#4561,.F.);
#5843 = ORIENTED_EDGE('',*,*,#5188,.T.);
#5844 = PLANE('',#5845);
#5845 = AXIS2_PLACEMENT_3D('',#5846,#5847,#5848);
#5846 = CARTESIAN_POINT('',(14.65,-24.1,-6.51));
#5847 = DIRECTION('',(-0.,1.,0.));
#5848 = DIRECTION('',(0.,0.,1.));
#5849 = ADVANCED_FACE('',(#5850),#5856,.T.);
#5850 = FACE_BOUND('',#5851,.F.);
#5851 = EDGE_LOOP('',(#5852,#5853,#5854,#5855));
#5852 = ORIENTED_EDGE('',*,*,#5224,.T.);
#5853 = ORIENTED_EDGE('',*,*,#4595,.T.);
#5854 = ORIENTED_EDGE('',*,*,#5779,.F.);
#5855 = ORIENTED_EDGE('',*,*,#887,.F.);
#5856 = CYLINDRICAL_SURFACE('',#5857,0.5);
#5857 = AXIS2_PLACEMENT_3D('',#5858,#5859,#5860);
#5858 = CARTESIAN_POINT('',(25.7,25.7,-5.));
#5859 = DIRECTION('',(-0.,-0.,-1.));
#5860 = DIRECTION('',(1.,7.105427357601E-15,-0.));
#5861 = ADVANCED_FACE('',(#5862),#5868,.T.);
#5862 = FACE_BOUND('',#5863,.F.);
#5863 = EDGE_LOOP('',(#5864,#5865,#5866,#5867));
#5864 = ORIENTED_EDGE('',*,*,#5526,.T.);
#5865 = ORIENTED_EDGE('',*,*,#4630,.T.);
#5866 = ORIENTED_EDGE('',*,*,#5205,.F.);
#5867 = ORIENTED_EDGE('',*,*,#806,.F.);
#5868 = CYLINDRICAL_SURFACE('',#5869,0.5);
#5869 = AXIS2_PLACEMENT_3D('',#5870,#5871,#5872);
#5870 = CARTESIAN_POINT('',(-25.7,25.7,-5.));
#5871 = DIRECTION('',(-0.,-0.,-1.));
#5872 = DIRECTION('',(-7.105427357601E-15,1.,0.));
#5873 = ADVANCED_FACE('',(#5874),#5885,.F.);
#5874 = FACE_BOUND('',#5875,.F.);
#5875 = EDGE_LOOP('',(#5876,#5882,#5883,#5884));
#5876 = ORIENTED_EDGE('',*,*,#5877,.F.);
#5877 = EDGE_CURVE('',#718,#4666,#5878,.T.);
#5878 = LINE('',#5879,#5880);
#5879 = CARTESIAN_POINT('',(-14.65,-24.1,-6.51));
#5880 = VECTOR('',#5881,1.);
#5881 = DIRECTION('',(0.,0.,1.));
#5882 = ORIENTED_EDGE('',*,*,#726,.F.);
#5883 = ORIENTED_EDGE('',*,*,#5137,.T.);
#5884 = ORIENTED_EDGE('',*,*,#4665,.F.);
#5885 = PLANE('',#5886);
#5886 = AXIS2_PLACEMENT_3D('',#5887,#5888,#5889);
#5887 = CARTESIAN_POINT('',(-27.2,-24.1,-6.51));
#5888 = DIRECTION('',(-0.,1.,0.));
#5889 = DIRECTION('',(0.,0.,1.));
#5890 = ADVANCED_FACE('',(#5891),#5909,.T.);
#5891 = FACE_BOUND('',#5892,.T.);
#5892 = EDGE_LOOP('',(#5893,#5894,#5902,#5908));
#5893 = ORIENTED_EDGE('',*,*,#5763,.F.);
#5894 = ORIENTED_EDGE('',*,*,#5895,.T.);
#5895 = EDGE_CURVE('',#5756,#5896,#5898,.T.);
#5896 = VERTEX_POINT('',#5897);
#5897 = CARTESIAN_POINT('',(-13.,-25.4,-6.5));
#5898 = LINE('',#5899,#5900);
#5899 = CARTESIAN_POINT('',(-13.,-26.2,-6.5));
#5900 = VECTOR('',#5901,1.);
#5901 = DIRECTION('',(-0.,1.,0.));
#5902 = ORIENTED_EDGE('',*,*,#5903,.T.);
#5903 = EDGE_CURVE('',#5896,#693,#5904,.T.);
#5904 = LINE('',#5905,#5906);
#5905 = CARTESIAN_POINT('',(-13.,-25.4,-6.5));
#5906 = VECTOR('',#5907,1.);
#5907 = DIRECTION('',(0.,0.,1.));
#5908 = ORIENTED_EDGE('',*,*,#692,.F.);
#5909 = PLANE('',#5910);
#5910 = AXIS2_PLACEMENT_3D('',#5911,#5912,#5913);
#5911 = CARTESIAN_POINT('',(-13.,-26.2,-6.5));
#5912 = DIRECTION('',(1.,0.,-0.));
#5913 = DIRECTION('',(0.,0.,1.));
#5914 = ADVANCED_FACE('',(#5915),#5931,.F.);
#5915 = FACE_BOUND('',#5916,.T.);
#5916 = EDGE_LOOP('',(#5917,#5918,#5924,#5925));
#5917 = ORIENTED_EDGE('',*,*,#1273,.T.);
#5918 = ORIENTED_EDGE('',*,*,#5919,.T.);
#5919 = EDGE_CURVE('',#1266,#4879,#5920,.T.);
#5920 = LINE('',#5921,#5922);
#5921 = CARTESIAN_POINT('',(9.875,-24.95,-12.5));
#5922 = VECTOR('',#5923,1.);
#5923 = DIRECTION('',(0.,0.,1.));
#5924 = ORIENTED_EDGE('',*,*,#4876,.F.);
#5925 = ORIENTED_EDGE('',*,*,#5926,.F.);
#5926 = EDGE_CURVE('',#1274,#4877,#5927,.T.);
#5927 = LINE('',#5928,#5929);
#5928 = CARTESIAN_POINT('',(14.975,-19.85,-12.5));
#5929 = VECTOR('',#5930,1.);
#5930 = DIRECTION('',(0.,0.,1.));
#5931 = CYLINDRICAL_SURFACE('',#5932,5.1);
#5932 = AXIS2_PLACEMENT_3D('',#5933,#5934,#5935);
#5933 = CARTESIAN_POINT('',(9.875,-19.85,-12.5));
#5934 = DIRECTION('',(-0.,-0.,-1.));
#5935 = DIRECTION('',(-6.96610525255E-16,-1.,0.));
#5936 = ADVANCED_FACE('',(#5937),#5948,.T.);
#5937 = FACE_BOUND('',#5938,.T.);
#5938 = EDGE_LOOP('',(#5939,#5940,#5946,#5947));
#5939 = ORIENTED_EDGE('',*,*,#1265,.F.);
#5940 = ORIENTED_EDGE('',*,*,#5941,.T.);
#5941 = EDGE_CURVE('',#1257,#4888,#5942,.T.);
#5942 = LINE('',#5943,#5944);
#5943 = CARTESIAN_POINT('',(-9.875,-24.95,-12.5));
#5944 = VECTOR('',#5945,1.);
#5945 = DIRECTION('',(0.,0.,1.));
#5946 = ORIENTED_EDGE('',*,*,#4887,.F.);
#5947 = ORIENTED_EDGE('',*,*,#5919,.F.);
#5948 = PLANE('',#5949);
#5949 = AXIS2_PLACEMENT_3D('',#5950,#5951,#5952);
#5950 = CARTESIAN_POINT('',(-9.875,-24.95,-12.5));
#5951 = DIRECTION('',(0.,1.,0.));
#5952 = DIRECTION('',(1.,0.,0.));
#5953 = ADVANCED_FACE('',(#5954),#5965,.F.);
#5954 = FACE_BOUND('',#5955,.T.);
#5955 = EDGE_LOOP('',(#5956,#5957,#5963,#5964));
#5956 = ORIENTED_EDGE('',*,*,#1256,.T.);
#5957 = ORIENTED_EDGE('',*,*,#5958,.T.);
#5958 = EDGE_CURVE('',#1249,#4896,#5959,.T.);
#5959 = LINE('',#5960,#5961);
#5960 = CARTESIAN_POINT('',(-14.975,-19.85,-12.5));
#5961 = VECTOR('',#5962,1.);
#5962 = DIRECTION('',(0.,0.,1.));
#5963 = ORIENTED_EDGE('',*,*,#4895,.F.);
#5964 = ORIENTED_EDGE('',*,*,#5941,.F.);
#5965 = CYLINDRICAL_SURFACE('',#5966,5.1);
#5966 = AXIS2_PLACEMENT_3D('',#5967,#5968,#5969);
#5967 = CARTESIAN_POINT('',(-9.875,-19.85,-12.5));
#5968 = DIRECTION('',(-0.,-0.,-1.));
#5969 = DIRECTION('',(-1.,6.96610525255E-16,0.));
#5970 = ADVANCED_FACE('',(#5971),#5987,.F.);
#5971 = FACE_BOUND('',#5972,.T.);
#5972 = EDGE_LOOP('',(#5973,#5974,#5980,#5981));
#5973 = ORIENTED_EDGE('',*,*,#1207,.T.);
#5974 = ORIENTED_EDGE('',*,*,#5975,.T.);
#5975 = EDGE_CURVE('',#1200,#4913,#5976,.T.);
#5976 = LINE('',#5977,#5978);
#5977 = CARTESIAN_POINT('',(-9.875,24.95,-12.5));
#5978 = VECTOR('',#5979,1.);
#5979 = DIRECTION('',(0.,0.,1.));
#5980 = ORIENTED_EDGE('',*,*,#4912,.F.);
#5981 = ORIENTED_EDGE('',*,*,#5982,.F.);
#5982 = EDGE_CURVE('',#1208,#4905,#5983,.T.);
#5983 = LINE('',#5984,#5985);
#5984 = CARTESIAN_POINT('',(-14.975,19.85,-12.5));
#5985 = VECTOR('',#5986,1.);
#5986 = DIRECTION('',(0.,0.,1.));
#5987 = CYLINDRICAL_SURFACE('',#5988,5.1);
#5988 = AXIS2_PLACEMENT_3D('',#5989,#5990,#5991);
#5989 = CARTESIAN_POINT('',(-9.875,19.85,-12.5));
#5990 = DIRECTION('',(-0.,-0.,-1.));
#5991 = DIRECTION('',(6.96610525255E-16,1.,-0.));
#5992 = ADVANCED_FACE('',(#5993),#6004,.T.);
#5993 = FACE_BOUND('',#5994,.T.);
#5994 = EDGE_LOOP('',(#5995,#5996,#6002,#6003));
#5995 = ORIENTED_EDGE('',*,*,#1199,.F.);
#5996 = ORIENTED_EDGE('',*,*,#5997,.T.);
#5997 = EDGE_CURVE('',#1191,#4922,#5998,.T.);
#5998 = LINE('',#5999,#6000);
#5999 = CARTESIAN_POINT('',(9.875,24.95,-12.5));
#6000 = VECTOR('',#6001,1.);
#6001 = DIRECTION('',(0.,0.,1.));
#6002 = ORIENTED_EDGE('',*,*,#4921,.F.);
#6003 = ORIENTED_EDGE('',*,*,#5975,.F.);
#6004 = PLANE('',#6005);
#6005 = AXIS2_PLACEMENT_3D('',#6006,#6007,#6008);
#6006 = CARTESIAN_POINT('',(9.875,24.95,-12.5));
#6007 = DIRECTION('',(0.,-1.,0.));
#6008 = DIRECTION('',(-1.,0.,0.));
#6009 = ADVANCED_FACE('',(#6010),#6021,.F.);
#6010 = FACE_BOUND('',#6011,.T.);
#6011 = EDGE_LOOP('',(#6012,#6013,#6019,#6020));
#6012 = ORIENTED_EDGE('',*,*,#1190,.T.);
#6013 = ORIENTED_EDGE('',*,*,#6014,.T.);
#6014 = EDGE_CURVE('',#1183,#4930,#6015,.T.);
#6015 = LINE('',#6016,#6017);
#6016 = CARTESIAN_POINT('',(14.975,19.85,-12.5));
#6017 = VECTOR('',#6018,1.);
#6018 = DIRECTION('',(0.,0.,1.));
#6019 = ORIENTED_EDGE('',*,*,#4929,.F.);
#6020 = ORIENTED_EDGE('',*,*,#5997,.F.);
#6021 = CYLINDRICAL_SURFACE('',#6022,5.1);
#6022 = AXIS2_PLACEMENT_3D('',#6023,#6024,#6025);
#6023 = CARTESIAN_POINT('',(9.875,19.85,-12.5));
#6024 = DIRECTION('',(-0.,-0.,-1.));
#6025 = DIRECTION('',(1.,-6.96610525255E-16,0.));
#6026 = ADVANCED_FACE('',(#6027),#6033,.T.);
#6027 = FACE_BOUND('',#6028,.T.);
#6028 = EDGE_LOOP('',(#6029,#6030,#6031,#6032));
#6029 = ORIENTED_EDGE('',*,*,#5357,.F.);
#6030 = ORIENTED_EDGE('',*,*,#5391,.T.);
#6031 = ORIENTED_EDGE('',*,*,#5494,.T.);
#6032 = ORIENTED_EDGE('',*,*,#1366,.F.);
#6033 = PLANE('',#6034);
#6034 = AXIS2_PLACEMENT_3D('',#6035,#6036,#6037);
#6035 = CARTESIAN_POINT('',(-15.0125,4.45,-7.2));
#6036 = DIRECTION('',(1.,0.,-0.));
#6037 = DIRECTION('',(0.,0.,1.));
#6038 = ADVANCED_FACE('',(#6039),#6044,.F.);
#6039 = FACE_BOUND('',#6040,.F.);
#6040 = EDGE_LOOP('',(#6041,#6042,#6043));
#6041 = ORIENTED_EDGE('',*,*,#5690,.T.);
#6042 = ORIENTED_EDGE('',*,*,#4724,.F.);
#6043 = ORIENTED_EDGE('',*,*,#5721,.T.);
#6044 = PLANE('',#6045);
#6045 = AXIS2_PLACEMENT_3D('',#6046,#6047,#6048);
#6046 = CARTESIAN_POINT('',(-14.,-26.11807611844,-3.581923881554));
#6047 = DIRECTION('',(1.,0.,0.));
#6048 = DIRECTION('',(-0.,0.,1.));
#6049 = ADVANCED_FACE('',(#6050),#6070,.T.);
#6050 = FACE_BOUND('',#6051,.F.);
#6051 = EDGE_LOOP('',(#6052,#6061,#6067,#6068,#6069));
#6052 = ORIENTED_EDGE('',*,*,#6053,.F.);
#6053 = EDGE_CURVE('',#6054,#5740,#6056,.T.);
#6054 = VERTEX_POINT('',#6055);
#6055 = CARTESIAN_POINT('',(-26.2,-25.7,-5.));
#6056 = CIRCLE('',#6057,0.5);
#6057 = AXIS2_PLACEMENT_3D('',#6058,#6059,#6060);
#6058 = CARTESIAN_POINT('',(-25.7,-25.7,-5.));
#6059 = DIRECTION('',(0.,0.,1.));
#6060 = DIRECTION('',(-1.,-7.105427357601E-15,0.));
#6061 = ORIENTED_EDGE('',*,*,#6062,.T.);
#6062 = EDGE_CURVE('',#6054,#4700,#6063,.T.);
#6063 = LINE('',#6064,#6065);
#6064 = CARTESIAN_POINT('',(-26.2,-25.7,-5.));
#6065 = VECTOR('',#6066,1.);
#6066 = DIRECTION('',(0.,0.,1.));
#6067 = ORIENTED_EDGE('',*,*,#4707,.T.);
#6068 = ORIENTED_EDGE('',*,*,#5697,.T.);
#6069 = ORIENTED_EDGE('',*,*,#5739,.F.);
#6070 = CYLINDRICAL_SURFACE('',#6071,0.5);
#6071 = AXIS2_PLACEMENT_3D('',#6072,#6073,#6074);
#6072 = CARTESIAN_POINT('',(-25.7,-25.7,-5.));
#6073 = DIRECTION('',(-0.,-0.,-1.));
#6074 = DIRECTION('',(-1.,-7.105427357601E-15,0.));
#6075 = ADVANCED_FACE('',(#6076),#6094,.F.);
#6076 = FACE_BOUND('',#6077,.F.);
#6077 = EDGE_LOOP('',(#6078,#6086,#6092,#6093));
#6078 = ORIENTED_EDGE('',*,*,#6079,.F.);
#6079 = EDGE_CURVE('',#6080,#6054,#6082,.T.);
#6080 = VERTEX_POINT('',#6081);
#6081 = CARTESIAN_POINT('',(-26.2,-25.4,-5.));
#6082 = LINE('',#6083,#6084);
#6083 = CARTESIAN_POINT('',(-26.2,25.7,-5.));
#6084 = VECTOR('',#6085,1.);
#6085 = DIRECTION('',(0.,-1.,0.));
#6086 = ORIENTED_EDGE('',*,*,#6087,.T.);
#6087 = EDGE_CURVE('',#6080,#4692,#6088,.T.);
#6088 = LINE('',#6089,#6090);
#6089 = CARTESIAN_POINT('',(-26.2,-25.4,-5.755));
#6090 = VECTOR('',#6091,1.);
#6091 = DIRECTION('',(0.,0.,1.));
#6092 = ORIENTED_EDGE('',*,*,#4699,.T.);
#6093 = ORIENTED_EDGE('',*,*,#6062,.F.);
#6094 = PLANE('',#6095);
#6095 = AXIS2_PLACEMENT_3D('',#6096,#6097,#6098);
#6096 = CARTESIAN_POINT('',(-26.2,25.7,-5.));
#6097 = DIRECTION('',(1.,0.,-0.));
#6098 = DIRECTION('',(0.,-1.,0.));
#6099 = ADVANCED_FACE('',(#6100),#6125,.F.);
#6100 = FACE_BOUND('',#6101,.F.);
#6101 = EDGE_LOOP('',(#6102,#6112,#6118,#6119));
#6102 = ORIENTED_EDGE('',*,*,#6103,.F.);
#6103 = EDGE_CURVE('',#6104,#6106,#6108,.T.);
#6104 = VERTEX_POINT('',#6105);
#6105 = CARTESIAN_POINT('',(26.2,-25.7,-5.));
#6106 = VERTEX_POINT('',#6107);
#6107 = CARTESIAN_POINT('',(26.2,-25.4,-5.));
#6108 = LINE('',#6109,#6110);
#6109 = CARTESIAN_POINT('',(26.2,-25.7,-5.));
#6110 = VECTOR('',#6111,1.);
#6111 = DIRECTION('',(0.,1.,0.));
#6112 = ORIENTED_EDGE('',*,*,#6113,.T.);
#6113 = EDGE_CURVE('',#6104,#4528,#6114,.T.);
#6114 = LINE('',#6115,#6116);
#6115 = CARTESIAN_POINT('',(26.2,-25.7,-5.));
#6116 = VECTOR('',#6117,1.);
#6117 = DIRECTION('',(0.,0.,1.));
#6118 = ORIENTED_EDGE('',*,*,#4536,.T.);
#6119 = ORIENTED_EDGE('',*,*,#6120,.T.);
#6120 = EDGE_CURVE('',#4537,#6106,#6121,.T.);
#6121 = LINE('',#6122,#6123);
#6122 = CARTESIAN_POINT('',(26.2,-25.4,-5.755));
#6123 = VECTOR('',#6124,1.);
#6124 = DIRECTION('',(0.,0.,-1.));
#6125 = PLANE('',#6126);
#6126 = AXIS2_PLACEMENT_3D('',#6127,#6128,#6129);
#6127 = CARTESIAN_POINT('',(26.2,-25.7,-5.));
#6128 = DIRECTION('',(-1.,0.,0.));
#6129 = DIRECTION('',(0.,1.,0.));
#6130 = ADVANCED_FACE('',(#6131),#6144,.T.);
#6131 = FACE_BOUND('',#6132,.F.);
#6132 = EDGE_LOOP('',(#6133,#6140,#6141,#6142,#6143));
#6133 = ORIENTED_EDGE('',*,*,#6134,.F.);
#6134 = EDGE_CURVE('',#5314,#6104,#6135,.T.);
#6135 = CIRCLE('',#6136,0.5);
#6136 = AXIS2_PLACEMENT_3D('',#6137,#6138,#6139);
#6137 = CARTESIAN_POINT('',(25.7,-25.7,-5.));
#6138 = DIRECTION('',(0.,0.,1.));
#6139 = DIRECTION('',(7.105427357601E-15,-1.,0.));
#6140 = ORIENTED_EDGE('',*,*,#5321,.T.);
#6141 = ORIENTED_EDGE('',*,*,#5278,.T.);
#6142 = ORIENTED_EDGE('',*,*,#4527,.T.);
#6143 = ORIENTED_EDGE('',*,*,#6113,.F.);
#6144 = CYLINDRICAL_SURFACE('',#6145,0.5);
#6145 = AXIS2_PLACEMENT_3D('',#6146,#6147,#6148);
#6146 = CARTESIAN_POINT('',(25.7,-25.7,-5.));
#6147 = DIRECTION('',(-0.,-0.,-1.));
#6148 = DIRECTION('',(7.105427357601E-15,-1.,0.));
#6149 = ADVANCED_FACE('',(#6150),#6155,.T.);
#6150 = FACE_BOUND('',#6151,.T.);
#6151 = EDGE_LOOP('',(#6152,#6153,#6154));
#6152 = ORIENTED_EDGE('',*,*,#5262,.T.);
#6153 = ORIENTED_EDGE('',*,*,#4511,.F.);
#6154 = ORIENTED_EDGE('',*,*,#5238,.T.);
#6155 = PLANE('',#6156);
#6156 = AXIS2_PLACEMENT_3D('',#6157,#6158,#6159);
#6157 = CARTESIAN_POINT('',(14.,-26.11807611844,-3.581923881554));
#6158 = DIRECTION('',(1.,0.,0.));
#6159 = DIRECTION('',(-0.,0.,1.));
#6160 = ADVANCED_FACE('',(#6161),#6186,.T.);
#6161 = FACE_BOUND('',#6162,.T.);
#6162 = EDGE_LOOP('',(#6163,#6171,#6179,#6185));
#6163 = ORIENTED_EDGE('',*,*,#6164,.F.);
#6164 = EDGE_CURVE('',#6165,#4741,#6167,.T.);
#6165 = VERTEX_POINT('',#6166);
#6166 = CARTESIAN_POINT('',(-16.1,-22.9,-7.82));
#6167 = LINE('',#6168,#6169);
#6168 = CARTESIAN_POINT('',(-16.1,-22.9,-7.82));
#6169 = VECTOR('',#6170,1.);
#6170 = DIRECTION('',(0.,0.,1.));
#6171 = ORIENTED_EDGE('',*,*,#6172,.F.);
#6172 = EDGE_CURVE('',#6173,#6165,#6175,.T.);
#6173 = VERTEX_POINT('',#6174);
#6174 = CARTESIAN_POINT('',(-25.3,-22.9,-7.82));
#6175 = LINE('',#6176,#6177);
#6176 = CARTESIAN_POINT('',(-25.3,-22.9,-7.82));
#6177 = VECTOR('',#6178,1.);
#6178 = DIRECTION('',(1.,0.,-0.));
#6179 = ORIENTED_EDGE('',*,*,#6180,.T.);
#6180 = EDGE_CURVE('',#6173,#4743,#6181,.T.);
#6181 = LINE('',#6182,#6183);
#6182 = CARTESIAN_POINT('',(-25.3,-22.9,-7.82));
#6183 = VECTOR('',#6184,1.);
#6184 = DIRECTION('',(0.,0.,1.));
#6185 = ORIENTED_EDGE('',*,*,#4740,.F.);
#6186 = PLANE('',#6187);
#6187 = AXIS2_PLACEMENT_3D('',#6188,#6189,#6190);
#6188 = CARTESIAN_POINT('',(-25.3,-22.9,-7.82));
#6189 = DIRECTION('',(-0.,1.,0.));
#6190 = DIRECTION('',(0.,0.,1.));
#6191 = ADVANCED_FACE('',(#6192),#6226,.T.);
#6192 = FACE_BOUND('',#6193,.T.);
#6193 = EDGE_LOOP('',(#6194,#6204,#6212,#6220));
#6194 = ORIENTED_EDGE('',*,*,#6195,.F.);
#6195 = EDGE_CURVE('',#6196,#6198,#6200,.T.);
#6196 = VERTEX_POINT('',#6197);
#6197 = CARTESIAN_POINT('',(-17.9,-18.8,-9.));
#6198 = VERTEX_POINT('',#6199);
#6199 = CARTESIAN_POINT('',(-17.9,-18.8,-7.82));
#6200 = LINE('',#6201,#6202);
#6201 = CARTESIAN_POINT('',(-17.9,-18.8,-10.));
#6202 = VECTOR('',#6203,1.);
#6203 = DIRECTION('',(0.,0.,1.));
#6204 = ORIENTED_EDGE('',*,*,#6205,.T.);
#6205 = EDGE_CURVE('',#6196,#6206,#6208,.T.);
#6206 = VERTEX_POINT('',#6207);
#6207 = CARTESIAN_POINT('',(-19.5,-18.8,-9.));
#6208 = LINE('',#6209,#6210);
#6209 = CARTESIAN_POINT('',(-9.75,-18.8,-9.));
#6210 = VECTOR('',#6211,1.);
#6211 = DIRECTION('',(-1.,-0.,0.));
#6212 = ORIENTED_EDGE('',*,*,#6213,.T.);
#6213 = EDGE_CURVE('',#6206,#6214,#6216,.T.);
#6214 = VERTEX_POINT('',#6215);
#6215 = CARTESIAN_POINT('',(-19.5,-18.8,-7.82));
#6216 = LINE('',#6217,#6218);
#6217 = CARTESIAN_POINT('',(-19.5,-18.8,-10.));
#6218 = VECTOR('',#6219,1.);
#6219 = DIRECTION('',(0.,0.,1.));
#6220 = ORIENTED_EDGE('',*,*,#6221,.T.);
#6221 = EDGE_CURVE('',#6214,#6198,#6222,.T.);
#6222 = LINE('',#6223,#6224);
#6223 = CARTESIAN_POINT('',(-22.4,-18.8,-7.82));
#6224 = VECTOR('',#6225,1.);
#6225 = DIRECTION('',(1.,0.,-0.));
#6226 = PLANE('',#6227);
#6227 = AXIS2_PLACEMENT_3D('',#6228,#6229,#6230);
#6228 = CARTESIAN_POINT('',(-19.5,-18.8,-10.));
#6229 = DIRECTION('',(-0.,1.,0.));
#6230 = DIRECTION('',(0.,0.,1.));
#6231 = ADVANCED_FACE('',(#6232),#6257,.F.);
#6232 = FACE_BOUND('',#6233,.F.);
#6233 = EDGE_LOOP('',(#6234,#6235,#6243,#6251));
#6234 = ORIENTED_EDGE('',*,*,#6195,.F.);
#6235 = ORIENTED_EDGE('',*,*,#6236,.T.);
#6236 = EDGE_CURVE('',#6196,#6237,#6239,.T.);
#6237 = VERTEX_POINT('',#6238);
#6238 = CARTESIAN_POINT('',(-17.9,-16.2,-9.));
#6239 = LINE('',#6240,#6241);
#6240 = CARTESIAN_POINT('',(-17.9,-9.4,-9.));
#6241 = VECTOR('',#6242,1.);
#6242 = DIRECTION('',(-0.,1.,0.));
#6243 = ORIENTED_EDGE('',*,*,#6244,.T.);
#6244 = EDGE_CURVE('',#6237,#6245,#6247,.T.);
#6245 = VERTEX_POINT('',#6246);
#6246 = CARTESIAN_POINT('',(-17.9,-16.2,-7.82));
#6247 = LINE('',#6248,#6249);
#6248 = CARTESIAN_POINT('',(-17.9,-16.2,-10.));
#6249 = VECTOR('',#6250,1.);
#6250 = DIRECTION('',(0.,0.,1.));
#6251 = ORIENTED_EDGE('',*,*,#6252,.T.);
#6252 = EDGE_CURVE('',#6245,#6198,#6253,.T.);
#6253 = LINE('',#6254,#6255);
#6254 = CARTESIAN_POINT('',(-17.9,-20.85,-7.82));
#6255 = VECTOR('',#6256,1.);
#6256 = DIRECTION('',(0.,-1.,0.));
#6257 = PLANE('',#6258);
#6258 = AXIS2_PLACEMENT_3D('',#6259,#6260,#6261);
#6259 = CARTESIAN_POINT('',(-17.9,-18.8,-10.));
#6260 = DIRECTION('',(1.,0.,-0.));
#6261 = DIRECTION('',(0.,0.,1.));
#6262 = ADVANCED_FACE('',(#6263),#6288,.T.);
#6263 = FACE_BOUND('',#6264,.T.);
#6264 = EDGE_LOOP('',(#6265,#6266,#6274,#6282));
#6265 = ORIENTED_EDGE('',*,*,#6213,.F.);
#6266 = ORIENTED_EDGE('',*,*,#6267,.T.);
#6267 = EDGE_CURVE('',#6206,#6268,#6270,.T.);
#6268 = VERTEX_POINT('',#6269);
#6269 = CARTESIAN_POINT('',(-19.5,-16.2,-9.));
#6270 = LINE('',#6271,#6272);
#6271 = CARTESIAN_POINT('',(-19.5,-9.4,-9.));
#6272 = VECTOR('',#6273,1.);
#6273 = DIRECTION('',(-0.,1.,0.));
#6274 = ORIENTED_EDGE('',*,*,#6275,.T.);
#6275 = EDGE_CURVE('',#6268,#6276,#6278,.T.);
#6276 = VERTEX_POINT('',#6277);
#6277 = CARTESIAN_POINT('',(-19.5,-16.2,-7.82));
#6278 = LINE('',#6279,#6280);
#6279 = CARTESIAN_POINT('',(-19.5,-16.2,-10.));
#6280 = VECTOR('',#6281,1.);
#6281 = DIRECTION('',(0.,0.,1.));
#6282 = ORIENTED_EDGE('',*,*,#6283,.T.);
#6283 = EDGE_CURVE('',#6276,#6214,#6284,.T.);
#6284 = LINE('',#6285,#6286);
#6285 = CARTESIAN_POINT('',(-19.5,-20.85,-7.82));
#6286 = VECTOR('',#6287,1.);
#6287 = DIRECTION('',(0.,-1.,0.));
#6288 = PLANE('',#6289);
#6289 = AXIS2_PLACEMENT_3D('',#6290,#6291,#6292);
#6290 = CARTESIAN_POINT('',(-19.5,-18.8,-10.));
#6291 = DIRECTION('',(1.,0.,-0.));
#6292 = DIRECTION('',(0.,0.,1.));
#6293 = ADVANCED_FACE('',(#6294),#6310,.F.);
#6294 = FACE_BOUND('',#6295,.F.);
#6295 = EDGE_LOOP('',(#6296,#6297,#6303,#6304));
#6296 = ORIENTED_EDGE('',*,*,#6244,.F.);
#6297 = ORIENTED_EDGE('',*,*,#6298,.T.);
#6298 = EDGE_CURVE('',#6237,#6268,#6299,.T.);
#6299 = LINE('',#6300,#6301);
#6300 = CARTESIAN_POINT('',(-9.75,-16.2,-9.));
#6301 = VECTOR('',#6302,1.);
#6302 = DIRECTION('',(-1.,-0.,0.));
#6303 = ORIENTED_EDGE('',*,*,#6275,.T.);
#6304 = ORIENTED_EDGE('',*,*,#6305,.T.);
#6305 = EDGE_CURVE('',#6276,#6245,#6306,.T.);
#6306 = LINE('',#6307,#6308);
#6307 = CARTESIAN_POINT('',(-22.4,-16.2,-7.82));
#6308 = VECTOR('',#6309,1.);
#6309 = DIRECTION('',(1.,0.,-0.));
#6310 = PLANE('',#6311);
#6311 = AXIS2_PLACEMENT_3D('',#6312,#6313,#6314);
#6312 = CARTESIAN_POINT('',(-19.5,-16.2,-10.));
#6313 = DIRECTION('',(-0.,1.,0.));
#6314 = DIRECTION('',(0.,0.,1.));
#6315 = ADVANCED_FACE('',(#6316,#6341),#6347,.T.);
#6316 = FACE_BOUND('',#6317,.T.);
#6317 = EDGE_LOOP('',(#6318,#6326,#6327,#6335));
#6318 = ORIENTED_EDGE('',*,*,#6319,.F.);
#6319 = EDGE_CURVE('',#6173,#6320,#6322,.T.);
#6320 = VERTEX_POINT('',#6321);
#6321 = CARTESIAN_POINT('',(-25.3,-16.1,-7.82));
#6322 = LINE('',#6323,#6324);
#6323 = CARTESIAN_POINT('',(-25.3,-22.9,-7.82));
#6324 = VECTOR('',#6325,1.);
#6325 = DIRECTION('',(-0.,1.,0.));
#6326 = ORIENTED_EDGE('',*,*,#6172,.T.);
#6327 = ORIENTED_EDGE('',*,*,#6328,.T.);
#6328 = EDGE_CURVE('',#6165,#6329,#6331,.T.);
#6329 = VERTEX_POINT('',#6330);
#6330 = CARTESIAN_POINT('',(-16.1,-16.1,-7.82));
#6331 = LINE('',#6332,#6333);
#6332 = CARTESIAN_POINT('',(-16.1,-22.9,-7.82));
#6333 = VECTOR('',#6334,1.);
#6334 = DIRECTION('',(-0.,1.,0.));
#6335 = ORIENTED_EDGE('',*,*,#6336,.F.);
#6336 = EDGE_CURVE('',#6320,#6329,#6337,.T.);
#6337 = LINE('',#6338,#6339);
#6338 = CARTESIAN_POINT('',(-25.3,-16.1,-7.82));
#6339 = VECTOR('',#6340,1.);
#6340 = DIRECTION('',(1.,0.,-0.));
#6341 = FACE_BOUND('',#6342,.T.);
#6342 = EDGE_LOOP('',(#6343,#6344,#6345,#6346));
#6343 = ORIENTED_EDGE('',*,*,#6221,.F.);
#6344 = ORIENTED_EDGE('',*,*,#6283,.F.);
#6345 = ORIENTED_EDGE('',*,*,#6305,.T.);
#6346 = ORIENTED_EDGE('',*,*,#6252,.T.);
#6347 = PLANE('',#6348);
#6348 = AXIS2_PLACEMENT_3D('',#6349,#6350,#6351);
#6349 = CARTESIAN_POINT('',(-25.3,-22.9,-7.82));
#6350 = DIRECTION('',(0.,0.,1.));
#6351 = DIRECTION('',(1.,0.,-0.));
#6352 = ADVANCED_FACE('',(#6353),#6364,.F.);
#6353 = FACE_BOUND('',#6354,.F.);
#6354 = EDGE_LOOP('',(#6355,#6356,#6357,#6363));
#6355 = ORIENTED_EDGE('',*,*,#6164,.F.);
#6356 = ORIENTED_EDGE('',*,*,#6328,.T.);
#6357 = ORIENTED_EDGE('',*,*,#6358,.T.);
#6358 = EDGE_CURVE('',#6329,#4759,#6359,.T.);
#6359 = LINE('',#6360,#6361);
#6360 = CARTESIAN_POINT('',(-16.1,-16.1,-7.82));
#6361 = VECTOR('',#6362,1.);
#6362 = DIRECTION('',(0.,0.,1.));
#6363 = ORIENTED_EDGE('',*,*,#4766,.F.);
#6364 = PLANE('',#6365);
#6365 = AXIS2_PLACEMENT_3D('',#6366,#6367,#6368);
#6366 = CARTESIAN_POINT('',(-16.1,-22.9,-7.82));
#6367 = DIRECTION('',(1.,0.,-0.));
#6368 = DIRECTION('',(0.,0.,1.));
#6369 = ADVANCED_FACE('',(#6370),#6381,.F.);
#6370 = FACE_BOUND('',#6371,.F.);
#6371 = EDGE_LOOP('',(#6372,#6373,#6374,#6380));
#6372 = ORIENTED_EDGE('',*,*,#6358,.F.);
#6373 = ORIENTED_EDGE('',*,*,#6336,.F.);
#6374 = ORIENTED_EDGE('',*,*,#6375,.T.);
#6375 = EDGE_CURVE('',#6320,#4751,#6376,.T.);
#6376 = LINE('',#6377,#6378);
#6377 = CARTESIAN_POINT('',(-25.3,-16.1,-7.82));
#6378 = VECTOR('',#6379,1.);
#6379 = DIRECTION('',(0.,0.,1.));
#6380 = ORIENTED_EDGE('',*,*,#4758,.F.);
#6381 = PLANE('',#6382);
#6382 = AXIS2_PLACEMENT_3D('',#6383,#6384,#6385);
#6383 = CARTESIAN_POINT('',(-25.3,-16.1,-7.82));
#6384 = DIRECTION('',(-0.,1.,0.));
#6385 = DIRECTION('',(0.,0.,1.));
#6386 = ADVANCED_FACE('',(#6387),#6393,.T.);
#6387 = FACE_BOUND('',#6388,.T.);
#6388 = EDGE_LOOP('',(#6389,#6390,#6391,#6392));
#6389 = ORIENTED_EDGE('',*,*,#6180,.F.);
#6390 = ORIENTED_EDGE('',*,*,#6319,.T.);
#6391 = ORIENTED_EDGE('',*,*,#6375,.T.);
#6392 = ORIENTED_EDGE('',*,*,#4750,.F.);
#6393 = PLANE('',#6394);
#6394 = AXIS2_PLACEMENT_3D('',#6395,#6396,#6397);
#6395 = CARTESIAN_POINT('',(-25.3,-22.9,-7.82));
#6396 = DIRECTION('',(1.,0.,-0.));
#6397 = DIRECTION('',(0.,0.,1.));
#6398 = ADVANCED_FACE('',(#6399),#6424,.T.);
#6399 = FACE_BOUND('',#6400,.T.);
#6400 = EDGE_LOOP('',(#6401,#6409,#6417,#6423));
#6401 = ORIENTED_EDGE('',*,*,#6402,.F.);
#6402 = EDGE_CURVE('',#6403,#4775,#6405,.T.);
#6403 = VERTEX_POINT('',#6404);
#6404 = CARTESIAN_POINT('',(-18.4,-14.5,-4.));
#6405 = LINE('',#6406,#6407);
#6406 = CARTESIAN_POINT('',(-18.4,-14.5,-4.));
#6407 = VECTOR('',#6408,1.);
#6408 = DIRECTION('',(0.,0.,1.));
#6409 = ORIENTED_EDGE('',*,*,#6410,.F.);
#6410 = EDGE_CURVE('',#6411,#6403,#6413,.T.);
#6411 = VERTEX_POINT('',#6412);
#6412 = CARTESIAN_POINT('',(-23.6,-14.5,-4.));
#6413 = LINE('',#6414,#6415);
#6414 = CARTESIAN_POINT('',(-23.6,-14.5,-4.));
#6415 = VECTOR('',#6416,1.);
#6416 = DIRECTION('',(1.,0.,-0.));
#6417 = ORIENTED_EDGE('',*,*,#6418,.T.);
#6418 = EDGE_CURVE('',#6411,#4777,#6419,.T.);
#6419 = LINE('',#6420,#6421);
#6420 = CARTESIAN_POINT('',(-23.6,-14.5,-4.));
#6421 = VECTOR('',#6422,1.);
#6422 = DIRECTION('',(0.,0.,1.));
#6423 = ORIENTED_EDGE('',*,*,#4774,.F.);
#6424 = PLANE('',#6425);
#6425 = AXIS2_PLACEMENT_3D('',#6426,#6427,#6428);
#6426 = CARTESIAN_POINT('',(-23.6,-14.5,-4.));
#6427 = DIRECTION('',(-0.,1.,0.));
#6428 = DIRECTION('',(0.,0.,1.));
#6429 = ADVANCED_FACE('',(#6430),#6448,.F.);
#6430 = FACE_BOUND('',#6431,.F.);
#6431 = EDGE_LOOP('',(#6432,#6433,#6441,#6447));
#6432 = ORIENTED_EDGE('',*,*,#6402,.F.);
#6433 = ORIENTED_EDGE('',*,*,#6434,.T.);
#6434 = EDGE_CURVE('',#6403,#6435,#6437,.T.);
#6435 = VERTEX_POINT('',#6436);
#6436 = CARTESIAN_POINT('',(-18.4,-11.3,-4.));
#6437 = LINE('',#6438,#6439);
#6438 = CARTESIAN_POINT('',(-18.4,-14.5,-4.));
#6439 = VECTOR('',#6440,1.);
#6440 = DIRECTION('',(-0.,1.,0.));
#6441 = ORIENTED_EDGE('',*,*,#6442,.T.);
#6442 = EDGE_CURVE('',#6435,#4793,#6443,.T.);
#6443 = LINE('',#6444,#6445);
#6444 = CARTESIAN_POINT('',(-18.4,-11.3,-4.));
#6445 = VECTOR('',#6446,1.);
#6446 = DIRECTION('',(0.,0.,1.));
#6447 = ORIENTED_EDGE('',*,*,#4800,.F.);
#6448 = PLANE('',#6449);
#6449 = AXIS2_PLACEMENT_3D('',#6450,#6451,#6452);
#6450 = CARTESIAN_POINT('',(-18.4,-14.5,-4.));
#6451 = DIRECTION('',(1.,0.,-0.));
#6452 = DIRECTION('',(0.,0.,1.));
#6453 = ADVANCED_FACE('',(#6454),#6472,.F.);
#6454 = FACE_BOUND('',#6455,.F.);
#6455 = EDGE_LOOP('',(#6456,#6457,#6465,#6471));
#6456 = ORIENTED_EDGE('',*,*,#6442,.F.);
#6457 = ORIENTED_EDGE('',*,*,#6458,.F.);
#6458 = EDGE_CURVE('',#6459,#6435,#6461,.T.);
#6459 = VERTEX_POINT('',#6460);
#6460 = CARTESIAN_POINT('',(-23.6,-11.3,-4.));
#6461 = LINE('',#6462,#6463);
#6462 = CARTESIAN_POINT('',(-23.6,-11.3,-4.));
#6463 = VECTOR('',#6464,1.);
#6464 = DIRECTION('',(1.,0.,-0.));
#6465 = ORIENTED_EDGE('',*,*,#6466,.T.);
#6466 = EDGE_CURVE('',#6459,#4785,#6467,.T.);
#6467 = LINE('',#6468,#6469);
#6468 = CARTESIAN_POINT('',(-23.6,-11.3,-4.));
#6469 = VECTOR('',#6470,1.);
#6470 = DIRECTION('',(0.,0.,1.));
#6471 = ORIENTED_EDGE('',*,*,#4792,.F.);
#6472 = PLANE('',#6473);
#6473 = AXIS2_PLACEMENT_3D('',#6474,#6475,#6476);
#6474 = CARTESIAN_POINT('',(-23.6,-11.3,-4.));
#6475 = DIRECTION('',(-0.,1.,0.));
#6476 = DIRECTION('',(0.,0.,1.));
#6477 = ADVANCED_FACE('',(#6478),#6489,.T.);
#6478 = FACE_BOUND('',#6479,.T.);
#6479 = EDGE_LOOP('',(#6480,#6481,#6487,#6488));
#6480 = ORIENTED_EDGE('',*,*,#6418,.F.);
#6481 = ORIENTED_EDGE('',*,*,#6482,.T.);
#6482 = EDGE_CURVE('',#6411,#6459,#6483,.T.);
#6483 = LINE('',#6484,#6485);
#6484 = CARTESIAN_POINT('',(-23.6,-14.5,-4.));
#6485 = VECTOR('',#6486,1.);
#6486 = DIRECTION('',(-0.,1.,0.));
#6487 = ORIENTED_EDGE('',*,*,#6466,.T.);
#6488 = ORIENTED_EDGE('',*,*,#4784,.F.);
#6489 = PLANE('',#6490);
#6490 = AXIS2_PLACEMENT_3D('',#6491,#6492,#6493);
#6491 = CARTESIAN_POINT('',(-23.6,-14.5,-4.));
#6492 = DIRECTION('',(1.,0.,-0.));
#6493 = DIRECTION('',(0.,0.,1.));
#6494 = ADVANCED_FACE('',(#6495),#6520,.T.);
#6495 = FACE_BOUND('',#6496,.T.);
#6496 = EDGE_LOOP('',(#6497,#6505,#6513,#6519));
#6497 = ORIENTED_EDGE('',*,*,#6498,.F.);
#6498 = EDGE_CURVE('',#6499,#4809,#6501,.T.);
#6499 = VERTEX_POINT('',#6500);
#6500 = CARTESIAN_POINT('',(25.3,-22.9,-7.82));
#6501 = LINE('',#6502,#6503);
#6502 = CARTESIAN_POINT('',(25.3,-22.9,-7.82));
#6503 = VECTOR('',#6504,1.);
#6504 = DIRECTION('',(0.,0.,1.));
#6505 = ORIENTED_EDGE('',*,*,#6506,.F.);
#6506 = EDGE_CURVE('',#6507,#6499,#6509,.T.);
#6507 = VERTEX_POINT('',#6508);
#6508 = CARTESIAN_POINT('',(16.1,-22.9,-7.82));
#6509 = LINE('',#6510,#6511);
#6510 = CARTESIAN_POINT('',(16.1,-22.9,-7.82));
#6511 = VECTOR('',#6512,1.);
#6512 = DIRECTION('',(1.,0.,-0.));
#6513 = ORIENTED_EDGE('',*,*,#6514,.T.);
#6514 = EDGE_CURVE('',#6507,#4811,#6515,.T.);
#6515 = LINE('',#6516,#6517);
#6516 = CARTESIAN_POINT('',(16.1,-22.9,-7.82));
#6517 = VECTOR('',#6518,1.);
#6518 = DIRECTION('',(0.,0.,1.));
#6519 = ORIENTED_EDGE('',*,*,#4808,.F.);
#6520 = PLANE('',#6521);
#6521 = AXIS2_PLACEMENT_3D('',#6522,#6523,#6524);
#6522 = CARTESIAN_POINT('',(16.1,-22.9,-7.82));
#6523 = DIRECTION('',(-0.,1.,0.));
#6524 = DIRECTION('',(0.,0.,1.));
#6525 = ADVANCED_FACE('',(#6526),#6560,.T.);
#6526 = FACE_BOUND('',#6527,.T.);
#6527 = EDGE_LOOP('',(#6528,#6538,#6546,#6554));
#6528 = ORIENTED_EDGE('',*,*,#6529,.F.);
#6529 = EDGE_CURVE('',#6530,#6532,#6534,.T.);
#6530 = VERTEX_POINT('',#6531);
#6531 = CARTESIAN_POINT('',(15.225,15.2,-25.3));
#6532 = VERTEX_POINT('',#6533);
#6533 = CARTESIAN_POINT('',(15.225,15.2,-13.06));
#6534 = LINE('',#6535,#6536);
#6535 = CARTESIAN_POINT('',(15.225,15.2,-25.02));
#6536 = VECTOR('',#6537,1.);
#6537 = DIRECTION('',(0.,0.,1.));
#6538 = ORIENTED_EDGE('',*,*,#6539,.T.);
#6539 = EDGE_CURVE('',#6530,#6540,#6542,.T.);
#6540 = VERTEX_POINT('',#6541);
#6541 = CARTESIAN_POINT('',(15.225,15.9,-25.3));
#6542 = LINE('',#6543,#6544);
#6543 = CARTESIAN_POINT('',(15.225,15.195,-25.3));
#6544 = VECTOR('',#6545,1.);
#6545 = DIRECTION('',(-0.,1.,0.));
#6546 = ORIENTED_EDGE('',*,*,#6547,.T.);
#6547 = EDGE_CURVE('',#6540,#6548,#6550,.T.);
#6548 = VERTEX_POINT('',#6549);
#6549 = CARTESIAN_POINT('',(15.225,15.9,-13.06));
#6550 = LINE('',#6551,#6552);
#6551 = CARTESIAN_POINT('',(15.225,15.9,-27.22));
#6552 = VECTOR('',#6553,1.);
#6553 = DIRECTION('',(0.,0.,1.));
#6554 = ORIENTED_EDGE('',*,*,#6555,.F.);
#6555 = EDGE_CURVE('',#6532,#6548,#6556,.T.);
#6556 = LINE('',#6557,#6558);
#6557 = CARTESIAN_POINT('',(15.225,15.19,-13.06));
#6558 = VECTOR('',#6559,1.);
#6559 = DIRECTION('',(-0.,1.,0.));
#6560 = PLANE('',#6561);
#6561 = AXIS2_PLACEMENT_3D('',#6562,#6563,#6564);
#6562 = CARTESIAN_POINT('',(15.225,15.19,-27.22));
#6563 = DIRECTION('',(1.,0.,-0.));
#6564 = DIRECTION('',(0.,0.,1.));
#6565 = ADVANCED_FACE('',(#6566),#6623,.F.);
#6566 = FACE_BOUND('',#6567,.F.);
#6567 = EDGE_LOOP('',(#6568,#6578,#6586,#6592,#6593,#6601,#6609,#6617));
#6568 = ORIENTED_EDGE('',*,*,#6569,.F.);
#6569 = EDGE_CURVE('',#6570,#6572,#6574,.T.);
#6570 = VERTEX_POINT('',#6571);
#6571 = CARTESIAN_POINT('',(13.875,16.2,-25.3));
#6572 = VERTEX_POINT('',#6573);
#6573 = CARTESIAN_POINT('',(14.975,16.2,-25.3));
#6574 = LINE('',#6575,#6576);
#6575 = CARTESIAN_POINT('',(13.875,16.2,-25.3));
#6576 = VECTOR('',#6577,1.);
#6577 = DIRECTION('',(1.,0.,-0.));
#6578 = ORIENTED_EDGE('',*,*,#6579,.F.);
#6579 = EDGE_CURVE('',#6580,#6570,#6582,.T.);
#6580 = VERTEX_POINT('',#6581);
#6581 = CARTESIAN_POINT('',(13.875,15.2,-25.3));
#6582 = LINE('',#6583,#6584);
#6583 = CARTESIAN_POINT('',(13.875,15.2,-25.3));
#6584 = VECTOR('',#6585,1.);
#6585 = DIRECTION('',(-0.,1.,0.));
#6586 = ORIENTED_EDGE('',*,*,#6587,.T.);
#6587 = EDGE_CURVE('',#6580,#6530,#6588,.T.);
#6588 = LINE('',#6589,#6590);
#6589 = CARTESIAN_POINT('',(13.875,15.2,-25.3));
#6590 = VECTOR('',#6591,1.);
#6591 = DIRECTION('',(1.,0.,-0.));
#6592 = ORIENTED_EDGE('',*,*,#6539,.T.);
#6593 = ORIENTED_EDGE('',*,*,#6594,.F.);
#6594 = EDGE_CURVE('',#6595,#6540,#6597,.T.);
#6595 = VERTEX_POINT('',#6596);
#6596 = CARTESIAN_POINT('',(15.3,15.9,-25.3));
#6597 = LINE('',#6598,#6599);
#6598 = CARTESIAN_POINT('',(14.55,15.9,-25.3));
#6599 = VECTOR('',#6600,1.);
#6600 = DIRECTION('',(-1.,-0.,0.));
#6601 = ORIENTED_EDGE('',*,*,#6602,.T.);
#6602 = EDGE_CURVE('',#6595,#6603,#6605,.T.);
#6603 = VERTEX_POINT('',#6604);
#6604 = CARTESIAN_POINT('',(15.3,16.19,-25.3));
#6605 = LINE('',#6606,#6607);
#6606 = CARTESIAN_POINT('',(15.3,15.2,-25.3));
#6607 = VECTOR('',#6608,1.);
#6608 = DIRECTION('',(-0.,1.,0.));
#6609 = ORIENTED_EDGE('',*,*,#6610,.T.);
#6610 = EDGE_CURVE('',#6603,#6611,#6613,.T.);
#6611 = VERTEX_POINT('',#6612);
#6612 = CARTESIAN_POINT('',(14.975,16.19,-25.3));
#6613 = LINE('',#6614,#6615);
#6614 = CARTESIAN_POINT('',(14.425,16.19,-25.3));
#6615 = VECTOR('',#6616,1.);
#6616 = DIRECTION('',(-1.,-0.,0.));
#6617 = ORIENTED_EDGE('',*,*,#6618,.T.);
#6618 = EDGE_CURVE('',#6611,#6572,#6619,.T.);
#6619 = LINE('',#6620,#6621);
#6620 = CARTESIAN_POINT('',(14.975,15.695,-25.3));
#6621 = VECTOR('',#6622,1.);
#6622 = DIRECTION('',(-0.,1.,0.));
#6623 = PLANE('',#6624);
#6624 = AXIS2_PLACEMENT_3D('',#6625,#6626,#6627);
#6625 = CARTESIAN_POINT('',(13.875,15.2,-25.3));
#6626 = DIRECTION('',(0.,0.,1.));
#6627 = DIRECTION('',(1.,0.,-0.));
#6628 = ADVANCED_FACE('',(#6629),#6679,.T.);
#6629 = FACE_BOUND('',#6630,.T.);
#6630 = EDGE_LOOP('',(#6631,#6641,#6649,#6657,#6665,#6673));
#6631 = ORIENTED_EDGE('',*,*,#6632,.F.);
#6632 = EDGE_CURVE('',#6633,#6635,#6637,.T.);
#6633 = VERTEX_POINT('',#6634);
#6634 = CARTESIAN_POINT('',(-4.5,24.95,-12.5));
#6635 = VERTEX_POINT('',#6636);
#6636 = CARTESIAN_POINT('',(-4.5,24.95,-9.));
#6637 = LINE('',#6638,#6639);
#6638 = CARTESIAN_POINT('',(-4.5,24.95,-13.5));
#6639 = VECTOR('',#6640,1.);
#6640 = DIRECTION('',(0.,0.,1.));
#6641 = ORIENTED_EDGE('',*,*,#6642,.T.);
#6642 = EDGE_CURVE('',#6633,#6643,#6645,.T.);
#6643 = VERTEX_POINT('',#6644);
#6644 = CARTESIAN_POINT('',(-4.5,24.85,-12.5));
#6645 = LINE('',#6646,#6647);
#6646 = CARTESIAN_POINT('',(-4.5,12.567310606061,-12.5));
#6647 = VECTOR('',#6648,1.);
#6648 = DIRECTION('',(0.,-1.,0.));
#6649 = ORIENTED_EDGE('',*,*,#6650,.F.);
#6650 = EDGE_CURVE('',#6651,#6643,#6653,.T.);
#6651 = VERTEX_POINT('',#6652);
#6652 = CARTESIAN_POINT('',(-4.5,24.85,-13.5));
#6653 = LINE('',#6654,#6655);
#6654 = CARTESIAN_POINT('',(-4.5,24.85,-15.65));
#6655 = VECTOR('',#6656,1.);
#6656 = DIRECTION('',(0.,0.,1.));
#6657 = ORIENTED_EDGE('',*,*,#6658,.T.);
#6658 = EDGE_CURVE('',#6651,#6659,#6661,.T.);
#6659 = VERTEX_POINT('',#6660);
#6660 = CARTESIAN_POINT('',(-4.5,25.75,-13.5));
#6661 = LINE('',#6662,#6663);
#6662 = CARTESIAN_POINT('',(-4.5,23.65,-13.5));
#6663 = VECTOR('',#6664,1.);
#6664 = DIRECTION('',(-0.,1.,0.));
#6665 = ORIENTED_EDGE('',*,*,#6666,.T.);
#6666 = EDGE_CURVE('',#6659,#6667,#6669,.T.);
#6667 = VERTEX_POINT('',#6668);
#6668 = CARTESIAN_POINT('',(-4.5,25.75,-9.));
#6669 = LINE('',#6670,#6671);
#6670 = CARTESIAN_POINT('',(-4.5,25.75,-13.5));
#6671 = VECTOR('',#6672,1.);
#6672 = DIRECTION('',(0.,0.,1.));
#6673 = ORIENTED_EDGE('',*,*,#6674,.T.);
#6674 = EDGE_CURVE('',#6667,#6635,#6675,.T.);
#6675 = LINE('',#6676,#6677);
#6676 = CARTESIAN_POINT('',(-4.5,12.475,-9.));
#6677 = VECTOR('',#6678,1.);
#6678 = DIRECTION('',(0.,-1.,0.));
#6679 = PLANE('',#6680);
#6680 = AXIS2_PLACEMENT_3D('',#6681,#6682,#6683);
#6681 = CARTESIAN_POINT('',(-4.5,25.134621212121,-11.5028030303));
#6682 = DIRECTION('',(1.,0.,0.));
#6683 = DIRECTION('',(-0.,0.,1.));
#6684 = ADVANCED_FACE('',(#6685),#6710,.T.);
#6685 = FACE_BOUND('',#6686,.T.);
#6686 = EDGE_LOOP('',(#6687,#6688,#6696,#6704));
#6687 = ORIENTED_EDGE('',*,*,#6666,.F.);
#6688 = ORIENTED_EDGE('',*,*,#6689,.F.);
#6689 = EDGE_CURVE('',#6690,#6659,#6692,.T.);
#6690 = VERTEX_POINT('',#6691);
#6691 = CARTESIAN_POINT('',(-7.,25.75,-13.5));
#6692 = LINE('',#6693,#6694);
#6693 = CARTESIAN_POINT('',(-7.,25.75,-13.5));
#6694 = VECTOR('',#6695,1.);
#6695 = DIRECTION('',(1.,0.,-0.));
#6696 = ORIENTED_EDGE('',*,*,#6697,.T.);
#6697 = EDGE_CURVE('',#6690,#6698,#6700,.T.);
#6698 = VERTEX_POINT('',#6699);
#6699 = CARTESIAN_POINT('',(-7.,25.75,-9.));
#6700 = LINE('',#6701,#6702);
#6701 = CARTESIAN_POINT('',(-7.,25.75,-13.5));
#6702 = VECTOR('',#6703,1.);
#6703 = DIRECTION('',(0.,0.,1.));
#6704 = ORIENTED_EDGE('',*,*,#6705,.T.);
#6705 = EDGE_CURVE('',#6698,#6667,#6706,.T.);
#6706 = LINE('',#6707,#6708);
#6707 = CARTESIAN_POINT('',(-3.5,25.75,-9.));
#6708 = VECTOR('',#6709,1.);
#6709 = DIRECTION('',(1.,0.,-0.));
#6710 = PLANE('',#6711);
#6711 = AXIS2_PLACEMENT_3D('',#6712,#6713,#6714);
#6712 = CARTESIAN_POINT('',(-7.,25.75,-13.5));
#6713 = DIRECTION('',(-0.,1.,0.));
#6714 = DIRECTION('',(0.,0.,1.));
#6715 = ADVANCED_FACE('',(#6716),#6757,.T.);
#6716 = FACE_BOUND('',#6717,.T.);
#6717 = EDGE_LOOP('',(#6718,#6728,#6734,#6735,#6743,#6751));
#6718 = ORIENTED_EDGE('',*,*,#6719,.T.);
#6719 = EDGE_CURVE('',#6720,#6722,#6724,.T.);
#6720 = VERTEX_POINT('',#6721);
#6721 = CARTESIAN_POINT('',(-7.,24.95,-12.5));
#6722 = VERTEX_POINT('',#6723);
#6723 = CARTESIAN_POINT('',(-7.,24.95,-9.));
#6724 = LINE('',#6725,#6726);
#6725 = CARTESIAN_POINT('',(-7.,24.95,-12.00140151515));
#6726 = VECTOR('',#6727,1.);
#6727 = DIRECTION('',(-0.,0.,1.));
#6728 = ORIENTED_EDGE('',*,*,#6729,.F.);
#6729 = EDGE_CURVE('',#6698,#6722,#6730,.T.);
#6730 = LINE('',#6731,#6732);
#6731 = CARTESIAN_POINT('',(-7.,12.475,-9.));
#6732 = VECTOR('',#6733,1.);
#6733 = DIRECTION('',(0.,-1.,0.));
#6734 = ORIENTED_EDGE('',*,*,#6697,.F.);
#6735 = ORIENTED_EDGE('',*,*,#6736,.F.);
#6736 = EDGE_CURVE('',#6737,#6690,#6739,.T.);
#6737 = VERTEX_POINT('',#6738);
#6738 = CARTESIAN_POINT('',(-7.,24.85,-13.5));
#6739 = LINE('',#6740,#6741);
#6740 = CARTESIAN_POINT('',(-7.,24.95,-13.5));
#6741 = VECTOR('',#6742,1.);
#6742 = DIRECTION('',(-0.,1.,0.));
#6743 = ORIENTED_EDGE('',*,*,#6744,.T.);
#6744 = EDGE_CURVE('',#6737,#6745,#6747,.T.);
#6745 = VERTEX_POINT('',#6746);
#6746 = CARTESIAN_POINT('',(-7.,24.85,-12.5));
#6747 = LINE('',#6748,#6749);
#6748 = CARTESIAN_POINT('',(-7.,24.85,-15.65));
#6749 = VECTOR('',#6750,1.);
#6750 = DIRECTION('',(0.,0.,1.));
#6751 = ORIENTED_EDGE('',*,*,#6752,.T.);
#6752 = EDGE_CURVE('',#6745,#6720,#6753,.T.);
#6753 = LINE('',#6754,#6755);
#6754 = CARTESIAN_POINT('',(-7.,12.567310606061,-12.5));
#6755 = VECTOR('',#6756,1.);
#6756 = DIRECTION('',(0.,1.,0.));
#6757 = PLANE('',#6758);
#6758 = AXIS2_PLACEMENT_3D('',#6759,#6760,#6761);
#6759 = CARTESIAN_POINT('',(-7.,25.134621212121,-11.5028030303));
#6760 = DIRECTION('',(-1.,-0.,-0.));
#6761 = DIRECTION('',(0.,0.,-1.));
#6762 = ADVANCED_FACE('',(#6763),#6875,.F.);
#6763 = FACE_BOUND('',#6764,.F.);
#6764 = EDGE_LOOP('',(#6765,#6775,#6783,#6791,#6799,#6807,#6815,#6823,
    #6831,#6837,#6838,#6844,#6845,#6853,#6861,#6869));
#6765 = ORIENTED_EDGE('',*,*,#6766,.F.);
#6766 = EDGE_CURVE('',#6767,#6769,#6771,.T.);
#6767 = VERTEX_POINT('',#6768);
#6768 = CARTESIAN_POINT('',(9.875,24.85,-17.8));
#6769 = VERTEX_POINT('',#6770);
#6770 = CARTESIAN_POINT('',(-9.875,24.85,-17.8));
#6771 = LINE('',#6772,#6773);
#6772 = CARTESIAN_POINT('',(9.875,24.85,-17.8));
#6773 = VECTOR('',#6774,1.);
#6774 = DIRECTION('',(-1.,0.,0.));
#6775 = ORIENTED_EDGE('',*,*,#6776,.T.);
#6776 = EDGE_CURVE('',#6767,#6777,#6779,.T.);
#6777 = VERTEX_POINT('',#6778);
#6778 = CARTESIAN_POINT('',(9.875,24.85,-15.75));
#6779 = LINE('',#6780,#6781);
#6780 = CARTESIAN_POINT('',(9.875,24.85,-17.8));
#6781 = VECTOR('',#6782,1.);
#6782 = DIRECTION('',(0.,0.,1.));
#6783 = ORIENTED_EDGE('',*,*,#6784,.T.);
#6784 = EDGE_CURVE('',#6777,#6785,#6787,.T.);
#6785 = VERTEX_POINT('',#6786);
#6786 = CARTESIAN_POINT('',(7.525,24.85,-15.75));
#6787 = LINE('',#6788,#6789);
#6788 = CARTESIAN_POINT('',(8.7,24.85,-15.75));
#6789 = VECTOR('',#6790,1.);
#6790 = DIRECTION('',(-1.,0.,0.));
#6791 = ORIENTED_EDGE('',*,*,#6792,.T.);
#6792 = EDGE_CURVE('',#6785,#6793,#6795,.T.);
#6793 = VERTEX_POINT('',#6794);
#6794 = CARTESIAN_POINT('',(7.525,24.85,-12.5));
#6795 = LINE('',#6796,#6797);
#6796 = CARTESIAN_POINT('',(7.525,24.85,-16.775));
#6797 = VECTOR('',#6798,1.);
#6798 = DIRECTION('',(0.,0.,1.));
#6799 = ORIENTED_EDGE('',*,*,#6800,.T.);
#6800 = EDGE_CURVE('',#6793,#6801,#6803,.T.);
#6801 = VERTEX_POINT('',#6802);
#6802 = CARTESIAN_POINT('',(7.2,24.85,-12.5));
#6803 = LINE('',#6804,#6805);
#6804 = CARTESIAN_POINT('',(9.875,24.85,-12.5));
#6805 = VECTOR('',#6806,1.);
#6806 = DIRECTION('',(-1.,0.,0.));
#6807 = ORIENTED_EDGE('',*,*,#6808,.F.);
#6808 = EDGE_CURVE('',#6809,#6801,#6811,.T.);
#6809 = VERTEX_POINT('',#6810);
#6810 = CARTESIAN_POINT('',(7.2,24.85,-13.5));
#6811 = LINE('',#6812,#6813);
#6812 = CARTESIAN_POINT('',(7.2,24.85,-15.65));
#6813 = VECTOR('',#6814,1.);
#6814 = DIRECTION('',(0.,0.,1.));
#6815 = ORIENTED_EDGE('',*,*,#6816,.T.);
#6816 = EDGE_CURVE('',#6809,#6817,#6819,.T.);
#6817 = VERTEX_POINT('',#6818);
#6818 = CARTESIAN_POINT('',(4.2,24.85,-13.5));
#6819 = LINE('',#6820,#6821);
#6820 = CARTESIAN_POINT('',(7.0375,24.85,-13.5));
#6821 = VECTOR('',#6822,1.);
#6822 = DIRECTION('',(-1.,0.,0.));
#6823 = ORIENTED_EDGE('',*,*,#6824,.T.);
#6824 = EDGE_CURVE('',#6817,#6825,#6827,.T.);
#6825 = VERTEX_POINT('',#6826);
#6826 = CARTESIAN_POINT('',(4.2,24.85,-12.5));
#6827 = LINE('',#6828,#6829);
#6828 = CARTESIAN_POINT('',(4.2,24.85,-15.65));
#6829 = VECTOR('',#6830,1.);
#6830 = DIRECTION('',(0.,0.,1.));
#6831 = ORIENTED_EDGE('',*,*,#6832,.T.);
#6832 = EDGE_CURVE('',#6825,#6643,#6833,.T.);
#6833 = LINE('',#6834,#6835);
#6834 = CARTESIAN_POINT('',(9.875,24.85,-12.5));
#6835 = VECTOR('',#6836,1.);
#6836 = DIRECTION('',(-1.,0.,0.));
#6837 = ORIENTED_EDGE('',*,*,#6650,.F.);
#6838 = ORIENTED_EDGE('',*,*,#6839,.T.);
#6839 = EDGE_CURVE('',#6651,#6737,#6840,.T.);
#6840 = LINE('',#6841,#6842);
#6841 = CARTESIAN_POINT('',(1.4375,24.85,-13.5));
#6842 = VECTOR('',#6843,1.);
#6843 = DIRECTION('',(-1.,0.,0.));
#6844 = ORIENTED_EDGE('',*,*,#6744,.T.);
#6845 = ORIENTED_EDGE('',*,*,#6846,.T.);
#6846 = EDGE_CURVE('',#6745,#6847,#6849,.T.);
#6847 = VERTEX_POINT('',#6848);
#6848 = CARTESIAN_POINT('',(-7.525,24.85,-12.5));
#6849 = LINE('',#6850,#6851);
#6850 = CARTESIAN_POINT('',(9.875,24.85,-12.5));
#6851 = VECTOR('',#6852,1.);
#6852 = DIRECTION('',(-1.,0.,0.));
#6853 = ORIENTED_EDGE('',*,*,#6854,.F.);
#6854 = EDGE_CURVE('',#6855,#6847,#6857,.T.);
#6855 = VERTEX_POINT('',#6856);
#6856 = CARTESIAN_POINT('',(-7.525,24.85,-15.75));
#6857 = LINE('',#6858,#6859);
#6858 = CARTESIAN_POINT('',(-7.525,24.85,-16.775));
#6859 = VECTOR('',#6860,1.);
#6860 = DIRECTION('',(0.,0.,1.));
#6861 = ORIENTED_EDGE('',*,*,#6862,.T.);
#6862 = EDGE_CURVE('',#6855,#6863,#6865,.T.);
#6863 = VERTEX_POINT('',#6864);
#6864 = CARTESIAN_POINT('',(-9.875,24.85,-15.75));
#6865 = LINE('',#6866,#6867);
#6866 = CARTESIAN_POINT('',(-3.,24.85,-15.75));
#6867 = VECTOR('',#6868,1.);
#6868 = DIRECTION('',(-1.,0.,0.));
#6869 = ORIENTED_EDGE('',*,*,#6870,.F.);
#6870 = EDGE_CURVE('',#6769,#6863,#6871,.T.);
#6871 = LINE('',#6872,#6873);
#6872 = CARTESIAN_POINT('',(-9.875,24.85,-17.8));
#6873 = VECTOR('',#6874,1.);
#6874 = DIRECTION('',(0.,0.,1.));
#6875 = PLANE('',#6876);
#6876 = AXIS2_PLACEMENT_3D('',#6877,#6878,#6879);
#6877 = CARTESIAN_POINT('',(9.875,24.85,-17.8));
#6878 = DIRECTION('',(0.,-1.,0.));
#6879 = DIRECTION('',(-1.,0.,0.));
#6880 = ADVANCED_FACE('',(#6881),#6915,.F.);
#6881 = FACE_BOUND('',#6882,.F.);
#6882 = EDGE_LOOP('',(#6883,#6893,#6901,#6909));
#6883 = ORIENTED_EDGE('',*,*,#6884,.F.);
#6884 = EDGE_CURVE('',#6885,#6887,#6889,.T.);
#6885 = VERTEX_POINT('',#6886);
#6886 = CARTESIAN_POINT('',(4.5,24.95,-12.49));
#6887 = VERTEX_POINT('',#6888);
#6888 = CARTESIAN_POINT('',(4.5,24.95,-9.));
#6889 = LINE('',#6890,#6891);
#6890 = CARTESIAN_POINT('',(4.5,24.95,-13.5));
#6891 = VECTOR('',#6892,1.);
#6892 = DIRECTION('',(0.,0.,1.));
#6893 = ORIENTED_EDGE('',*,*,#6894,.T.);
#6894 = EDGE_CURVE('',#6885,#6895,#6897,.T.);
#6895 = VERTEX_POINT('',#6896);
#6896 = CARTESIAN_POINT('',(4.5,25.05,-12.49));
#6897 = LINE('',#6898,#6899);
#6898 = CARTESIAN_POINT('',(4.5,23.65,-12.49));
#6899 = VECTOR('',#6900,1.);
#6900 = DIRECTION('',(-0.,1.,0.));
#6901 = ORIENTED_EDGE('',*,*,#6902,.T.);
#6902 = EDGE_CURVE('',#6895,#6903,#6905,.T.);
#6903 = VERTEX_POINT('',#6904);
#6904 = CARTESIAN_POINT('',(4.5,25.05,-9.));
#6905 = LINE('',#6906,#6907);
#6906 = CARTESIAN_POINT('',(4.5,25.05,-13.005));
#6907 = VECTOR('',#6908,1.);
#6908 = DIRECTION('',(0.,0.,1.));
#6909 = ORIENTED_EDGE('',*,*,#6910,.T.);
#6910 = EDGE_CURVE('',#6903,#6887,#6911,.T.);
#6911 = LINE('',#6912,#6913);
#6912 = CARTESIAN_POINT('',(4.5,12.475,-9.));
#6913 = VECTOR('',#6914,1.);
#6914 = DIRECTION('',(0.,-1.,0.));
#6915 = PLANE('',#6916);
#6916 = AXIS2_PLACEMENT_3D('',#6917,#6918,#6919);
#6917 = CARTESIAN_POINT('',(4.5,24.95,-13.5));
#6918 = DIRECTION('',(1.,0.,-0.));
#6919 = DIRECTION('',(0.,0.,1.));
#6920 = ADVANCED_FACE('',(#6921),#6946,.F.);
#6921 = FACE_BOUND('',#6922,.F.);
#6922 = EDGE_LOOP('',(#6923,#6931,#6939,#6945));
#6923 = ORIENTED_EDGE('',*,*,#6924,.F.);
#6924 = EDGE_CURVE('',#6925,#6895,#6927,.T.);
#6925 = VERTEX_POINT('',#6926);
#6926 = CARTESIAN_POINT('',(4.2,25.05,-12.49));
#6927 = LINE('',#6928,#6929);
#6928 = CARTESIAN_POINT('',(4.2,25.05,-12.49));
#6929 = VECTOR('',#6930,1.);
#6930 = DIRECTION('',(1.,0.,-0.));
#6931 = ORIENTED_EDGE('',*,*,#6932,.T.);
#6932 = EDGE_CURVE('',#6925,#6933,#6935,.T.);
#6933 = VERTEX_POINT('',#6934);
#6934 = CARTESIAN_POINT('',(4.2,25.05,-9.));
#6935 = LINE('',#6936,#6937);
#6936 = CARTESIAN_POINT('',(4.2,25.05,-12.51));
#6937 = VECTOR('',#6938,1.);
#6938 = DIRECTION('',(0.,0.,1.));
#6939 = ORIENTED_EDGE('',*,*,#6940,.F.);
#6940 = EDGE_CURVE('',#6903,#6933,#6941,.T.);
#6941 = LINE('',#6942,#6943);
#6942 = CARTESIAN_POINT('',(2.1,25.05,-9.));
#6943 = VECTOR('',#6944,1.);
#6944 = DIRECTION('',(-1.,-0.,0.));
#6945 = ORIENTED_EDGE('',*,*,#6902,.F.);
#6946 = PLANE('',#6947);
#6947 = AXIS2_PLACEMENT_3D('',#6948,#6949,#6950);
#6948 = CARTESIAN_POINT('',(4.2,25.05,-12.51));
#6949 = DIRECTION('',(-0.,1.,0.));
#6950 = DIRECTION('',(0.,0.,1.));
#6951 = ADVANCED_FACE('',(#6952),#6986,.T.);
#6952 = FACE_BOUND('',#6953,.T.);
#6953 = EDGE_LOOP('',(#6954,#6964,#6972,#6980));
#6954 = ORIENTED_EDGE('',*,*,#6955,.F.);
#6955 = EDGE_CURVE('',#6956,#6958,#6960,.T.);
#6956 = VERTEX_POINT('',#6957);
#6957 = CARTESIAN_POINT('',(7.,24.95,-12.49));
#6958 = VERTEX_POINT('',#6959);
#6959 = CARTESIAN_POINT('',(7.,24.95,-9.));
#6960 = LINE('',#6961,#6962);
#6961 = CARTESIAN_POINT('',(7.,24.95,-13.5));
#6962 = VECTOR('',#6963,1.);
#6963 = DIRECTION('',(0.,0.,1.));
#6964 = ORIENTED_EDGE('',*,*,#6965,.T.);
#6965 = EDGE_CURVE('',#6956,#6966,#6968,.T.);
#6966 = VERTEX_POINT('',#6967);
#6967 = CARTESIAN_POINT('',(7.,25.05,-12.49));
#6968 = LINE('',#6969,#6970);
#6969 = CARTESIAN_POINT('',(7.,23.65,-12.49));
#6970 = VECTOR('',#6971,1.);
#6971 = DIRECTION('',(-0.,1.,0.));
#6972 = ORIENTED_EDGE('',*,*,#6973,.T.);
#6973 = EDGE_CURVE('',#6966,#6974,#6976,.T.);
#6974 = VERTEX_POINT('',#6975);
#6975 = CARTESIAN_POINT('',(7.,25.05,-9.));
#6976 = LINE('',#6977,#6978);
#6977 = CARTESIAN_POINT('',(7.,25.05,-13.005));
#6978 = VECTOR('',#6979,1.);
#6979 = DIRECTION('',(0.,0.,1.));
#6980 = ORIENTED_EDGE('',*,*,#6981,.T.);
#6981 = EDGE_CURVE('',#6974,#6958,#6982,.T.);
#6982 = LINE('',#6983,#6984);
#6983 = CARTESIAN_POINT('',(7.,12.475,-9.));
#6984 = VECTOR('',#6985,1.);
#6985 = DIRECTION('',(0.,-1.,0.));
#6986 = PLANE('',#6987);
#6987 = AXIS2_PLACEMENT_3D('',#6988,#6989,#6990);
#6988 = CARTESIAN_POINT('',(7.,24.95,-13.5));
#6989 = DIRECTION('',(1.,0.,-0.));
#6990 = DIRECTION('',(0.,0.,1.));
#6991 = ADVANCED_FACE('',(#6992),#7017,.F.);
#6992 = FACE_BOUND('',#6993,.F.);
#6993 = EDGE_LOOP('',(#6994,#7002,#7003,#7011));
#6994 = ORIENTED_EDGE('',*,*,#6995,.F.);
#6995 = EDGE_CURVE('',#6966,#6996,#6998,.T.);
#6996 = VERTEX_POINT('',#6997);
#6997 = CARTESIAN_POINT('',(7.2,25.05,-12.49));
#6998 = LINE('',#6999,#7000);
#6999 = CARTESIAN_POINT('',(4.2,25.05,-12.49));
#7000 = VECTOR('',#7001,1.);
#7001 = DIRECTION('',(1.,0.,-0.));
#7002 = ORIENTED_EDGE('',*,*,#6973,.T.);
#7003 = ORIENTED_EDGE('',*,*,#7004,.F.);
#7004 = EDGE_CURVE('',#7005,#6974,#7007,.T.);
#7005 = VERTEX_POINT('',#7006);
#7006 = CARTESIAN_POINT('',(7.2,25.05,-9.));
#7007 = LINE('',#7008,#7009);
#7008 = CARTESIAN_POINT('',(2.1,25.05,-9.));
#7009 = VECTOR('',#7010,1.);
#7010 = DIRECTION('',(-1.,-0.,0.));
#7011 = ORIENTED_EDGE('',*,*,#7012,.F.);
#7012 = EDGE_CURVE('',#6996,#7005,#7013,.T.);
#7013 = LINE('',#7014,#7015);
#7014 = CARTESIAN_POINT('',(7.2,25.05,-12.51));
#7015 = VECTOR('',#7016,1.);
#7016 = DIRECTION('',(0.,0.,1.));
#7017 = PLANE('',#7018);
#7018 = AXIS2_PLACEMENT_3D('',#7019,#7020,#7021);
#7019 = CARTESIAN_POINT('',(4.2,25.05,-12.51));
#7020 = DIRECTION('',(-0.,1.,0.));
#7021 = DIRECTION('',(0.,0.,1.));
#7022 = ADVANCED_FACE('',(#7023),#7087,.T.);
#7023 = FACE_BOUND('',#7024,.T.);
#7024 = EDGE_LOOP('',(#7025,#7026,#7034,#7042,#7048,#7049,#7057,#7065,
    #7073,#7081));
#7025 = ORIENTED_EDGE('',*,*,#7012,.F.);
#7026 = ORIENTED_EDGE('',*,*,#7027,.F.);
#7027 = EDGE_CURVE('',#7028,#6996,#7030,.T.);
#7028 = VERTEX_POINT('',#7029);
#7029 = CARTESIAN_POINT('',(7.2,24.95,-12.49));
#7030 = LINE('',#7031,#7032);
#7031 = CARTESIAN_POINT('',(7.2,23.85,-12.49));
#7032 = VECTOR('',#7033,1.);
#7033 = DIRECTION('',(-0.,1.,0.));
#7034 = ORIENTED_EDGE('',*,*,#7035,.T.);
#7035 = EDGE_CURVE('',#7028,#7036,#7038,.T.);
#7036 = VERTEX_POINT('',#7037);
#7037 = CARTESIAN_POINT('',(7.2,24.95,-12.5));
#7038 = LINE('',#7039,#7040);
#7039 = CARTESIAN_POINT('',(7.2,24.95,-12.35095959596));
#7040 = VECTOR('',#7041,1.);
#7041 = DIRECTION('',(0.,0.,-1.));
#7042 = ORIENTED_EDGE('',*,*,#7043,.T.);
#7043 = EDGE_CURVE('',#7036,#6801,#7044,.T.);
#7044 = LINE('',#7045,#7046);
#7045 = CARTESIAN_POINT('',(7.2,13.010555555556,-12.5));
#7046 = VECTOR('',#7047,1.);
#7047 = DIRECTION('',(0.,-1.,0.));
#7048 = ORIENTED_EDGE('',*,*,#6808,.F.);
#7049 = ORIENTED_EDGE('',*,*,#7050,.T.);
#7050 = EDGE_CURVE('',#6809,#7051,#7053,.T.);
#7051 = VERTEX_POINT('',#7052);
#7052 = CARTESIAN_POINT('',(7.2,25.05,-13.5));
#7053 = LINE('',#7054,#7055);
#7054 = CARTESIAN_POINT('',(7.2,23.85,-13.5));
#7055 = VECTOR('',#7056,1.);
#7056 = DIRECTION('',(-0.,1.,0.));
#7057 = ORIENTED_EDGE('',*,*,#7058,.F.);
#7058 = EDGE_CURVE('',#7059,#7051,#7061,.T.);
#7059 = VERTEX_POINT('',#7060);
#7060 = CARTESIAN_POINT('',(7.2,25.05,-15.3));
#7061 = LINE('',#7062,#7063);
#7062 = CARTESIAN_POINT('',(7.2,25.05,-15.3));
#7063 = VECTOR('',#7064,1.);
#7064 = DIRECTION('',(0.,0.,1.));
#7065 = ORIENTED_EDGE('',*,*,#7066,.T.);
#7066 = EDGE_CURVE('',#7059,#7067,#7069,.T.);
#7067 = VERTEX_POINT('',#7068);
#7068 = CARTESIAN_POINT('',(7.2,27.45,-15.3));
#7069 = LINE('',#7070,#7071);
#7070 = CARTESIAN_POINT('',(7.2,25.05,-15.3));
#7071 = VECTOR('',#7072,1.);
#7072 = DIRECTION('',(-0.,1.,0.));
#7073 = ORIENTED_EDGE('',*,*,#7074,.T.);
#7074 = EDGE_CURVE('',#7067,#7075,#7077,.T.);
#7075 = VERTEX_POINT('',#7076);
#7076 = CARTESIAN_POINT('',(7.2,27.45,-9.));
#7077 = LINE('',#7078,#7079);
#7078 = CARTESIAN_POINT('',(7.2,27.45,-15.3));
#7079 = VECTOR('',#7080,1.);
#7080 = DIRECTION('',(0.,0.,1.));
#7081 = ORIENTED_EDGE('',*,*,#7082,.F.);
#7082 = EDGE_CURVE('',#7005,#7075,#7083,.T.);
#7083 = LINE('',#7084,#7085);
#7084 = CARTESIAN_POINT('',(7.2,12.525,-9.));
#7085 = VECTOR('',#7086,1.);
#7086 = DIRECTION('',(-0.,1.,0.));
#7087 = PLANE('',#7088);
#7088 = AXIS2_PLACEMENT_3D('',#7089,#7090,#7091);
#7089 = CARTESIAN_POINT('',(7.2,26.021111111111,-12.20191919191));
#7090 = DIRECTION('',(1.,0.,0.));
#7091 = DIRECTION('',(-0.,0.,1.));
#7092 = ADVANCED_FACE('',(#7093),#7118,.T.);
#7093 = FACE_BOUND('',#7094,.T.);
#7094 = EDGE_LOOP('',(#7095,#7096,#7104,#7112));
#7095 = ORIENTED_EDGE('',*,*,#7074,.F.);
#7096 = ORIENTED_EDGE('',*,*,#7097,.F.);
#7097 = EDGE_CURVE('',#7098,#7067,#7100,.T.);
#7098 = VERTEX_POINT('',#7099);
#7099 = CARTESIAN_POINT('',(4.2,27.45,-15.3));
#7100 = LINE('',#7101,#7102);
#7101 = CARTESIAN_POINT('',(4.2,27.45,-15.3));
#7102 = VECTOR('',#7103,1.);
#7103 = DIRECTION('',(1.,0.,-0.));
#7104 = ORIENTED_EDGE('',*,*,#7105,.T.);
#7105 = EDGE_CURVE('',#7098,#7106,#7108,.T.);
#7106 = VERTEX_POINT('',#7107);
#7107 = CARTESIAN_POINT('',(4.2,27.45,-9.));
#7108 = LINE('',#7109,#7110);
#7109 = CARTESIAN_POINT('',(4.2,27.45,-15.3));
#7110 = VECTOR('',#7111,1.);
#7111 = DIRECTION('',(0.,0.,1.));
#7112 = ORIENTED_EDGE('',*,*,#7113,.F.);
#7113 = EDGE_CURVE('',#7075,#7106,#7114,.T.);
#7114 = LINE('',#7115,#7116);
#7115 = CARTESIAN_POINT('',(2.1,27.45,-9.));
#7116 = VECTOR('',#7117,1.);
#7117 = DIRECTION('',(-1.,-0.,0.));
#7118 = PLANE('',#7119);
#7119 = AXIS2_PLACEMENT_3D('',#7120,#7121,#7122);
#7120 = CARTESIAN_POINT('',(5.7,27.45,-12.15));
#7121 = DIRECTION('',(0.,1.,0.));
#7122 = DIRECTION('',(0.,-0.,1.));
#7123 = ADVANCED_FACE('',(#7124),#7179,.T.);
#7124 = FACE_BOUND('',#7125,.T.);
#7125 = EDGE_LOOP('',(#7126,#7134,#7135,#7141,#7142,#7150,#7158,#7164,
    #7165,#7173));
#7126 = ORIENTED_EDGE('',*,*,#7127,.T.);
#7127 = EDGE_CURVE('',#7128,#6925,#7130,.T.);
#7128 = VERTEX_POINT('',#7129);
#7129 = CARTESIAN_POINT('',(4.2,24.95,-12.49));
#7130 = LINE('',#7131,#7132);
#7131 = CARTESIAN_POINT('',(4.2,23.85,-12.49));
#7132 = VECTOR('',#7133,1.);
#7133 = DIRECTION('',(-0.,1.,0.));
#7134 = ORIENTED_EDGE('',*,*,#6932,.T.);
#7135 = ORIENTED_EDGE('',*,*,#7136,.T.);
#7136 = EDGE_CURVE('',#6933,#7106,#7137,.T.);
#7137 = LINE('',#7138,#7139);
#7138 = CARTESIAN_POINT('',(4.2,12.525,-9.));
#7139 = VECTOR('',#7140,1.);
#7140 = DIRECTION('',(-0.,1.,0.));
#7141 = ORIENTED_EDGE('',*,*,#7105,.F.);
#7142 = ORIENTED_EDGE('',*,*,#7143,.F.);
#7143 = EDGE_CURVE('',#7144,#7098,#7146,.T.);
#7144 = VERTEX_POINT('',#7145);
#7145 = CARTESIAN_POINT('',(4.2,25.05,-15.3));
#7146 = LINE('',#7147,#7148);
#7147 = CARTESIAN_POINT('',(4.2,25.05,-15.3));
#7148 = VECTOR('',#7149,1.);
#7149 = DIRECTION('',(-0.,1.,0.));
#7150 = ORIENTED_EDGE('',*,*,#7151,.T.);
#7151 = EDGE_CURVE('',#7144,#7152,#7154,.T.);
#7152 = VERTEX_POINT('',#7153);
#7153 = CARTESIAN_POINT('',(4.2,25.05,-13.5));
#7154 = LINE('',#7155,#7156);
#7155 = CARTESIAN_POINT('',(4.2,25.05,-15.3));
#7156 = VECTOR('',#7157,1.);
#7157 = DIRECTION('',(0.,0.,1.));
#7158 = ORIENTED_EDGE('',*,*,#7159,.F.);
#7159 = EDGE_CURVE('',#6817,#7152,#7160,.T.);
#7160 = LINE('',#7161,#7162);
#7161 = CARTESIAN_POINT('',(4.2,23.85,-13.5));
#7162 = VECTOR('',#7163,1.);
#7163 = DIRECTION('',(-0.,1.,0.));
#7164 = ORIENTED_EDGE('',*,*,#6824,.T.);
#7165 = ORIENTED_EDGE('',*,*,#7166,.T.);
#7166 = EDGE_CURVE('',#6825,#7167,#7169,.T.);
#7167 = VERTEX_POINT('',#7168);
#7168 = CARTESIAN_POINT('',(4.2,24.95,-12.5));
#7169 = LINE('',#7170,#7171);
#7170 = CARTESIAN_POINT('',(4.2,13.010555555556,-12.5));
#7171 = VECTOR('',#7172,1.);
#7172 = DIRECTION('',(0.,1.,0.));
#7173 = ORIENTED_EDGE('',*,*,#7174,.T.);
#7174 = EDGE_CURVE('',#7167,#7128,#7175,.T.);
#7175 = LINE('',#7176,#7177);
#7176 = CARTESIAN_POINT('',(4.2,24.95,-12.35095959596));
#7177 = VECTOR('',#7178,1.);
#7178 = DIRECTION('',(-0.,0.,1.));
#7179 = PLANE('',#7180);
#7180 = AXIS2_PLACEMENT_3D('',#7181,#7182,#7183);
#7181 = CARTESIAN_POINT('',(4.2,26.021111111111,-12.20191919191));
#7182 = DIRECTION('',(-1.,-0.,-0.));
#7183 = DIRECTION('',(0.,0.,-1.));
#7184 = ADVANCED_FACE('',(#7185),#7191,.T.);
#7185 = FACE_BOUND('',#7186,.T.);
#7186 = EDGE_LOOP('',(#7187,#7188,#7189,#7190));
#7187 = ORIENTED_EDGE('',*,*,#6736,.T.);
#7188 = ORIENTED_EDGE('',*,*,#6689,.T.);
#7189 = ORIENTED_EDGE('',*,*,#6658,.F.);
#7190 = ORIENTED_EDGE('',*,*,#6839,.T.);
#7191 = PLANE('',#7192);
#7192 = AXIS2_PLACEMENT_3D('',#7193,#7194,#7195);
#7193 = CARTESIAN_POINT('',(-5.75,25.3,-13.5));
#7194 = DIRECTION('',(-0.,-0.,-1.));
#7195 = DIRECTION('',(-1.,0.,0.));
#7196 = ADVANCED_FACE('',(#7197),#7208,.T.);
#7197 = FACE_BOUND('',#7198,.T.);
#7198 = EDGE_LOOP('',(#7199,#7205,#7206,#7207));
#7199 = ORIENTED_EDGE('',*,*,#7200,.T.);
#7200 = EDGE_CURVE('',#7128,#6885,#7201,.T.);
#7201 = LINE('',#7202,#7203);
#7202 = CARTESIAN_POINT('',(7.789166666667,24.95,-12.49));
#7203 = VECTOR('',#7204,1.);
#7204 = DIRECTION('',(1.,0.,-0.));
#7205 = ORIENTED_EDGE('',*,*,#6894,.T.);
#7206 = ORIENTED_EDGE('',*,*,#6924,.F.);
#7207 = ORIENTED_EDGE('',*,*,#7127,.F.);
#7208 = PLANE('',#7209);
#7209 = AXIS2_PLACEMENT_3D('',#7210,#7211,#7212);
#7210 = CARTESIAN_POINT('',(5.703333333333,24.347777777778,-12.49));
#7211 = DIRECTION('',(0.,0.,1.));
#7212 = DIRECTION('',(1.,0.,-0.));
#7213 = ADVANCED_FACE('',(#7214),#7225,.T.);
#7214 = FACE_BOUND('',#7215,.T.);
#7215 = EDGE_LOOP('',(#7216,#7217,#7223,#7224));
#7216 = ORIENTED_EDGE('',*,*,#6965,.F.);
#7217 = ORIENTED_EDGE('',*,*,#7218,.T.);
#7218 = EDGE_CURVE('',#6956,#7028,#7219,.T.);
#7219 = LINE('',#7220,#7221);
#7220 = CARTESIAN_POINT('',(7.789166666667,24.95,-12.49));
#7221 = VECTOR('',#7222,1.);
#7222 = DIRECTION('',(1.,0.,-0.));
#7223 = ORIENTED_EDGE('',*,*,#7027,.T.);
#7224 = ORIENTED_EDGE('',*,*,#6995,.F.);
#7225 = PLANE('',#7226);
#7226 = AXIS2_PLACEMENT_3D('',#7227,#7228,#7229);
#7227 = CARTESIAN_POINT('',(5.703333333333,24.347777777778,-12.49));
#7228 = DIRECTION('',(0.,0.,1.));
#7229 = DIRECTION('',(1.,0.,-0.));
#7230 = ADVANCED_FACE('',(#7231,#7356),#7649,.T.);
#7231 = FACE_BOUND('',#7232,.T.);
#7232 = EDGE_LOOP('',(#7233,#7244,#7252,#7259,#7260,#7269,#7277,#7285,
    #7293,#7301,#7309,#7317,#7325,#7333,#7341,#7350));
#7233 = ORIENTED_EDGE('',*,*,#7234,.F.);
#7234 = EDGE_CURVE('',#7235,#7237,#7239,.T.);
#7235 = VERTEX_POINT('',#7236);
#7236 = CARTESIAN_POINT('',(-14.875,-19.85,-17.8));
#7237 = VERTEX_POINT('',#7238);
#7238 = CARTESIAN_POINT('',(-9.875,-24.85,-17.8));
#7239 = CIRCLE('',#7240,5.);
#7240 = AXIS2_PLACEMENT_3D('',#7241,#7242,#7243);
#7241 = CARTESIAN_POINT('',(-9.875,-19.85,-17.8));
#7242 = DIRECTION('',(0.,0.,1.));
#7243 = DIRECTION('',(-1.,0.,0.));
#7244 = ORIENTED_EDGE('',*,*,#7245,.F.);
#7245 = EDGE_CURVE('',#7246,#7235,#7248,.T.);
#7246 = VERTEX_POINT('',#7247);
#7247 = CARTESIAN_POINT('',(-14.875,19.85,-17.8));
#7248 = LINE('',#7249,#7250);
#7249 = CARTESIAN_POINT('',(-14.875,19.85,-17.8));
#7250 = VECTOR('',#7251,1.);
#7251 = DIRECTION('',(0.,-1.,0.));
#7252 = ORIENTED_EDGE('',*,*,#7253,.F.);
#7253 = EDGE_CURVE('',#6769,#7246,#7254,.T.);
#7254 = CIRCLE('',#7255,5.);
#7255 = AXIS2_PLACEMENT_3D('',#7256,#7257,#7258);
#7256 = CARTESIAN_POINT('',(-9.875,19.85,-17.8));
#7257 = DIRECTION('',(0.,-0.,1.));
#7258 = DIRECTION('',(0.,1.,0.));
#7259 = ORIENTED_EDGE('',*,*,#6766,.F.);
#7260 = ORIENTED_EDGE('',*,*,#7261,.F.);
#7261 = EDGE_CURVE('',#7262,#6767,#7264,.T.);
#7262 = VERTEX_POINT('',#7263);
#7263 = CARTESIAN_POINT('',(14.875,19.85,-17.8));
#7264 = CIRCLE('',#7265,5.);
#7265 = AXIS2_PLACEMENT_3D('',#7266,#7267,#7268);
#7266 = CARTESIAN_POINT('',(9.875,19.85,-17.8));
#7267 = DIRECTION('',(0.,0.,1.));
#7268 = DIRECTION('',(1.,0.,-0.));
#7269 = ORIENTED_EDGE('',*,*,#7270,.F.);
#7270 = EDGE_CURVE('',#7271,#7262,#7273,.T.);
#7271 = VERTEX_POINT('',#7272);
#7272 = CARTESIAN_POINT('',(14.875,16.2,-17.8));
#7273 = LINE('',#7274,#7275);
#7274 = CARTESIAN_POINT('',(14.875,-19.85,-17.8));
#7275 = VECTOR('',#7276,1.);
#7276 = DIRECTION('',(0.,1.,0.));
#7277 = ORIENTED_EDGE('',*,*,#7278,.T.);
#7278 = EDGE_CURVE('',#7271,#7279,#7281,.T.);
#7279 = VERTEX_POINT('',#7280);
#7280 = CARTESIAN_POINT('',(13.875,16.2,-17.8));
#7281 = LINE('',#7282,#7283);
#7282 = CARTESIAN_POINT('',(6.9375,16.2,-17.8));
#7283 = VECTOR('',#7284,1.);
#7284 = DIRECTION('',(-1.,-0.,0.));
#7285 = ORIENTED_EDGE('',*,*,#7286,.F.);
#7286 = EDGE_CURVE('',#7287,#7279,#7289,.T.);
#7287 = VERTEX_POINT('',#7288);
#7288 = CARTESIAN_POINT('',(13.875,15.2,-17.8));
#7289 = LINE('',#7290,#7291);
#7290 = CARTESIAN_POINT('',(13.875,7.6,-17.8));
#7291 = VECTOR('',#7292,1.);
#7292 = DIRECTION('',(-0.,1.,0.));
#7293 = ORIENTED_EDGE('',*,*,#7294,.F.);
#7294 = EDGE_CURVE('',#7295,#7287,#7297,.T.);
#7295 = VERTEX_POINT('',#7296);
#7296 = CARTESIAN_POINT('',(14.875,15.2,-17.8));
#7297 = LINE('',#7298,#7299);
#7298 = CARTESIAN_POINT('',(6.9375,15.2,-17.8));
#7299 = VECTOR('',#7300,1.);
#7300 = DIRECTION('',(-1.,-0.,0.));
#7301 = ORIENTED_EDGE('',*,*,#7302,.F.);
#7302 = EDGE_CURVE('',#7303,#7295,#7305,.T.);
#7303 = VERTEX_POINT('',#7304);
#7304 = CARTESIAN_POINT('',(14.875,-15.2,-17.8));
#7305 = LINE('',#7306,#7307);
#7306 = CARTESIAN_POINT('',(14.875,-19.85,-17.8));
#7307 = VECTOR('',#7308,1.);
#7308 = DIRECTION('',(0.,1.,0.));
#7309 = ORIENTED_EDGE('',*,*,#7310,.T.);
#7310 = EDGE_CURVE('',#7303,#7311,#7313,.T.);
#7311 = VERTEX_POINT('',#7312);
#7312 = CARTESIAN_POINT('',(13.875,-15.2,-17.8));
#7313 = LINE('',#7314,#7315);
#7314 = CARTESIAN_POINT('',(6.9375,-15.2,-17.8));
#7315 = VECTOR('',#7316,1.);
#7316 = DIRECTION('',(-1.,-0.,0.));
#7317 = ORIENTED_EDGE('',*,*,#7318,.F.);
#7318 = EDGE_CURVE('',#7319,#7311,#7321,.T.);
#7319 = VERTEX_POINT('',#7320);
#7320 = CARTESIAN_POINT('',(13.875,-16.2,-17.8));
#7321 = LINE('',#7322,#7323);
#7322 = CARTESIAN_POINT('',(13.875,-8.1,-17.8));
#7323 = VECTOR('',#7324,1.);
#7324 = DIRECTION('',(-0.,1.,0.));
#7325 = ORIENTED_EDGE('',*,*,#7326,.F.);
#7326 = EDGE_CURVE('',#7327,#7319,#7329,.T.);
#7327 = VERTEX_POINT('',#7328);
#7328 = CARTESIAN_POINT('',(14.875,-16.2,-17.8));
#7329 = LINE('',#7330,#7331);
#7330 = CARTESIAN_POINT('',(6.9375,-16.2,-17.8));
#7331 = VECTOR('',#7332,1.);
#7332 = DIRECTION('',(-1.,-0.,0.));
#7333 = ORIENTED_EDGE('',*,*,#7334,.F.);
#7334 = EDGE_CURVE('',#7335,#7327,#7337,.T.);
#7335 = VERTEX_POINT('',#7336);
#7336 = CARTESIAN_POINT('',(14.875,-19.85,-17.8));
#7337 = LINE('',#7338,#7339);
#7338 = CARTESIAN_POINT('',(14.875,-19.85,-17.8));
#7339 = VECTOR('',#7340,1.);
#7340 = DIRECTION('',(0.,1.,0.));
#7341 = ORIENTED_EDGE('',*,*,#7342,.F.);
#7342 = EDGE_CURVE('',#7343,#7335,#7345,.T.);
#7343 = VERTEX_POINT('',#7344);
#7344 = CARTESIAN_POINT('',(9.875,-24.85,-17.8));
#7345 = CIRCLE('',#7346,5.);
#7346 = AXIS2_PLACEMENT_3D('',#7347,#7348,#7349);
#7347 = CARTESIAN_POINT('',(9.875,-19.85,-17.8));
#7348 = DIRECTION('',(0.,0.,1.));
#7349 = DIRECTION('',(0.,-1.,0.));
#7350 = ORIENTED_EDGE('',*,*,#7351,.F.);
#7351 = EDGE_CURVE('',#7237,#7343,#7352,.T.);
#7352 = LINE('',#7353,#7354);
#7353 = CARTESIAN_POINT('',(-9.875,-24.85,-17.8));
#7354 = VECTOR('',#7355,1.);
#7355 = DIRECTION('',(1.,0.,0.));
#7356 = FACE_BOUND('',#7357,.T.);
#7357 = EDGE_LOOP('',(#7358,#7369,#7378,#7387,#7394,#7395,#7404,#7413,
    #7422,#7431,#7440,#7449,#7458,#7467,#7475,#7484,#7493,#7502,#7511,
    #7520,#7529,#7538,#7547,#7555,#7564,#7573,#7582,#7591,#7600,#7608,
    #7617,#7625,#7632,#7633,#7642));
#7358 = ORIENTED_EDGE('',*,*,#7359,.T.);
#7359 = EDGE_CURVE('',#7360,#7362,#7364,.T.);
#7360 = VERTEX_POINT('',#7361);
#7361 = CARTESIAN_POINT('',(13.775,2.61458489975,-17.8));
#7362 = VERTEX_POINT('',#7363);
#7363 = CARTESIAN_POINT('',(14.7,4.,-17.8));
#7364 = CIRCLE('',#7365,1.5);
#7365 = AXIS2_PLACEMENT_3D('',#7366,#7367,#7368);
#7366 = CARTESIAN_POINT('',(13.2,4.,-17.8));
#7367 = DIRECTION('',(0.,0.,1.));
#7368 = DIRECTION('',(1.,0.,-0.));
#7369 = ORIENTED_EDGE('',*,*,#7370,.T.);
#7370 = EDGE_CURVE('',#7362,#7371,#7373,.T.);
#7371 = VERTEX_POINT('',#7372);
#7372 = CARTESIAN_POINT('',(13.775,5.38541510025,-17.8));
#7373 = CIRCLE('',#7374,1.5);
#7374 = AXIS2_PLACEMENT_3D('',#7375,#7376,#7377);
#7375 = CARTESIAN_POINT('',(13.2,4.,-17.8));
#7376 = DIRECTION('',(0.,0.,1.));
#7377 = DIRECTION('',(1.,0.,-0.));
#7378 = ORIENTED_EDGE('',*,*,#7379,.T.);
#7379 = EDGE_CURVE('',#7371,#7380,#7382,.T.);
#7380 = VERTEX_POINT('',#7381);
#7381 = CARTESIAN_POINT('',(13.675,5.422805327513,-17.8));
#7382 = CIRCLE('',#7383,1.5);
#7383 = AXIS2_PLACEMENT_3D('',#7384,#7385,#7386);
#7384 = CARTESIAN_POINT('',(13.2,4.,-17.8));
#7385 = DIRECTION('',(0.,0.,1.));
#7386 = DIRECTION('',(1.,0.,-0.));
#7387 = ORIENTED_EDGE('',*,*,#7388,.T.);
#7388 = EDGE_CURVE('',#7380,#207,#7389,.T.);
#7389 = CIRCLE('',#7390,1.5);
#7390 = AXIS2_PLACEMENT_3D('',#7391,#7392,#7393);
#7391 = CARTESIAN_POINT('',(13.2,4.,-17.8));
#7392 = DIRECTION('',(0.,0.,1.));
#7393 = DIRECTION('',(1.,0.,-0.));
#7394 = ORIENTED_EDGE('',*,*,#206,.F.);
#7395 = ORIENTED_EDGE('',*,*,#7396,.F.);
#7396 = EDGE_CURVE('',#7397,#199,#7399,.T.);
#7397 = VERTEX_POINT('',#7398);
#7398 = CARTESIAN_POINT('',(12.191923120631,18.889243048511,-17.8));
#7399 = CIRCLE('',#7400,6.15);
#7400 = AXIS2_PLACEMENT_3D('',#7401,#7402,#7403);
#7401 = CARTESIAN_POINT('',(6.525,16.5,-17.8));
#7402 = DIRECTION('',(0.,-0.,-1.));
#7403 = DIRECTION('',(1.,-1.155354041886E-15,0.));
#7404 = ORIENTED_EDGE('',*,*,#7405,.T.);
#7405 = EDGE_CURVE('',#7397,#7406,#7408,.T.);
#7406 = VERTEX_POINT('',#7407);
#7407 = CARTESIAN_POINT('',(13.386192495435,18.511600740848,-17.8));
#7408 = CIRCLE('',#7409,1.5);
#7409 = AXIS2_PLACEMENT_3D('',#7410,#7411,#7412);
#7410 = CARTESIAN_POINT('',(13.2,20.,-17.8));
#7411 = DIRECTION('',(0.,0.,1.));
#7412 = DIRECTION('',(1.,0.,-0.));
#7413 = ORIENTED_EDGE('',*,*,#7414,.T.);
#7414 = EDGE_CURVE('',#7406,#7415,#7417,.T.);
#7415 = VERTEX_POINT('',#7416);
#7416 = CARTESIAN_POINT('',(13.485738309616,18.52746693809,-17.8));
#7417 = CIRCLE('',#7418,1.5);
#7418 = AXIS2_PLACEMENT_3D('',#7419,#7420,#7421);
#7419 = CARTESIAN_POINT('',(13.2,20.,-17.8));
#7420 = DIRECTION('',(0.,0.,1.));
#7421 = DIRECTION('',(1.,0.,-0.));
#7422 = ORIENTED_EDGE('',*,*,#7423,.T.);
#7423 = EDGE_CURVE('',#7415,#7424,#7426,.T.);
#7424 = VERTEX_POINT('',#7425);
#7425 = CARTESIAN_POINT('',(14.7,20.,-17.8));
#7426 = CIRCLE('',#7427,1.5);
#7427 = AXIS2_PLACEMENT_3D('',#7428,#7429,#7430);
#7428 = CARTESIAN_POINT('',(13.2,20.,-17.8));
#7429 = DIRECTION('',(0.,0.,1.));
#7430 = DIRECTION('',(1.,0.,-0.));
#7431 = ORIENTED_EDGE('',*,*,#7432,.T.);
#7432 = EDGE_CURVE('',#7424,#7433,#7435,.T.);
#7433 = VERTEX_POINT('',#7434);
#7434 = CARTESIAN_POINT('',(12.151280746596,21.072468147564,-17.8));
#7435 = CIRCLE('',#7436,1.5);
#7436 = AXIS2_PLACEMENT_3D('',#7437,#7438,#7439);
#7437 = CARTESIAN_POINT('',(13.2,20.,-17.8));
#7438 = DIRECTION('',(0.,0.,1.));
#7439 = DIRECTION('',(1.,0.,-0.));
#7440 = ORIENTED_EDGE('',*,*,#7441,.T.);
#7441 = EDGE_CURVE('',#7433,#7442,#7444,.T.);
#7442 = VERTEX_POINT('',#7443);
#7443 = CARTESIAN_POINT('',(12.081617965677,20.999610736888,-17.8));
#7444 = CIRCLE('',#7445,1.5);
#7445 = AXIS2_PLACEMENT_3D('',#7446,#7447,#7448);
#7446 = CARTESIAN_POINT('',(13.2,20.,-17.8));
#7447 = DIRECTION('',(0.,0.,1.));
#7448 = DIRECTION('',(1.,0.,-0.));
#7449 = ORIENTED_EDGE('',*,*,#7450,.T.);
#7450 = EDGE_CURVE('',#7442,#7451,#7453,.T.);
#7451 = VERTEX_POINT('',#7452);
#7452 = CARTESIAN_POINT('',(11.713057955187,19.802507328323,-17.8));
#7453 = CIRCLE('',#7454,1.5);
#7454 = AXIS2_PLACEMENT_3D('',#7455,#7456,#7457);
#7455 = CARTESIAN_POINT('',(13.2,20.,-17.8));
#7456 = DIRECTION('',(0.,0.,1.));
#7457 = DIRECTION('',(1.,0.,-0.));
#7458 = ORIENTED_EDGE('',*,*,#7459,.F.);
#7459 = EDGE_CURVE('',#7460,#7451,#7462,.T.);
#7460 = VERTEX_POINT('',#7461);
#7461 = CARTESIAN_POINT('',(6.525,22.65,-17.8));
#7462 = CIRCLE('',#7463,6.15);
#7463 = AXIS2_PLACEMENT_3D('',#7464,#7465,#7466);
#7464 = CARTESIAN_POINT('',(6.525,16.5,-17.8));
#7465 = DIRECTION('',(0.,-0.,-1.));
#7466 = DIRECTION('',(1.,-1.155354041886E-15,0.));
#7467 = ORIENTED_EDGE('',*,*,#7468,.F.);
#7468 = EDGE_CURVE('',#7469,#7460,#7471,.T.);
#7469 = VERTEX_POINT('',#7470);
#7470 = CARTESIAN_POINT('',(-6.525,22.65,-17.8));
#7471 = LINE('',#7472,#7473);
#7472 = CARTESIAN_POINT('',(3.2625,22.65,-17.8));
#7473 = VECTOR('',#7474,1.);
#7474 = DIRECTION('',(1.,0.,-0.));
#7475 = ORIENTED_EDGE('',*,*,#7476,.F.);
#7476 = EDGE_CURVE('',#7477,#7469,#7479,.T.);
#7477 = VERTEX_POINT('',#7478);
#7478 = CARTESIAN_POINT('',(-11.71305795518,19.802507328323,-17.8));
#7479 = CIRCLE('',#7480,6.15);
#7480 = AXIS2_PLACEMENT_3D('',#7481,#7482,#7483);
#7481 = CARTESIAN_POINT('',(-6.525,16.5,-17.8));
#7482 = DIRECTION('',(0.,-0.,-1.));
#7483 = DIRECTION('',(1.010934786651E-15,1.,-0.));
#7484 = ORIENTED_EDGE('',*,*,#7485,.T.);
#7485 = EDGE_CURVE('',#7477,#7486,#7488,.T.);
#7486 = VERTEX_POINT('',#7487);
#7487 = CARTESIAN_POINT('',(-11.7,20.,-17.8));
#7488 = CIRCLE('',#7489,1.5);
#7489 = AXIS2_PLACEMENT_3D('',#7490,#7491,#7492);
#7490 = CARTESIAN_POINT('',(-13.2,20.,-17.8));
#7491 = DIRECTION('',(0.,0.,1.));
#7492 = DIRECTION('',(1.,0.,-0.));
#7493 = ORIENTED_EDGE('',*,*,#7494,.T.);
#7494 = EDGE_CURVE('',#7486,#7495,#7497,.T.);
#7495 = VERTEX_POINT('',#7496);
#7496 = CARTESIAN_POINT('',(-12.08161796567,20.999610736888,-17.8));
#7497 = CIRCLE('',#7498,1.5);
#7498 = AXIS2_PLACEMENT_3D('',#7499,#7500,#7501);
#7499 = CARTESIAN_POINT('',(-13.2,20.,-17.8));
#7500 = DIRECTION('',(0.,0.,1.));
#7501 = DIRECTION('',(1.,0.,-0.));
#7502 = ORIENTED_EDGE('',*,*,#7503,.T.);
#7503 = EDGE_CURVE('',#7495,#7504,#7506,.T.);
#7504 = VERTEX_POINT('',#7505);
#7505 = CARTESIAN_POINT('',(-12.15128074659,21.072468147564,-17.8));
#7506 = CIRCLE('',#7507,1.5);
#7507 = AXIS2_PLACEMENT_3D('',#7508,#7509,#7510);
#7508 = CARTESIAN_POINT('',(-13.2,20.,-17.8));
#7509 = DIRECTION('',(0.,0.,1.));
#7510 = DIRECTION('',(1.,0.,-0.));
#7511 = ORIENTED_EDGE('',*,*,#7512,.T.);
#7512 = EDGE_CURVE('',#7504,#7513,#7515,.T.);
#7513 = VERTEX_POINT('',#7514);
#7514 = CARTESIAN_POINT('',(-13.48573830961,18.52746693809,-17.8));
#7515 = CIRCLE('',#7516,1.5);
#7516 = AXIS2_PLACEMENT_3D('',#7517,#7518,#7519);
#7517 = CARTESIAN_POINT('',(-13.2,20.,-17.8));
#7518 = DIRECTION('',(0.,0.,1.));
#7519 = DIRECTION('',(1.,0.,-0.));
#7520 = ORIENTED_EDGE('',*,*,#7521,.T.);
#7521 = EDGE_CURVE('',#7513,#7522,#7524,.T.);
#7522 = VERTEX_POINT('',#7523);
#7523 = CARTESIAN_POINT('',(-13.38619249543,18.511600740848,-17.8));
#7524 = CIRCLE('',#7525,1.5);
#7525 = AXIS2_PLACEMENT_3D('',#7526,#7527,#7528);
#7526 = CARTESIAN_POINT('',(-13.2,20.,-17.8));
#7527 = DIRECTION('',(0.,0.,1.));
#7528 = DIRECTION('',(1.,0.,-0.));
#7529 = ORIENTED_EDGE('',*,*,#7530,.T.);
#7530 = EDGE_CURVE('',#7522,#7531,#7533,.T.);
#7531 = VERTEX_POINT('',#7532);
#7532 = CARTESIAN_POINT('',(-12.19192312063,18.889243048511,-17.8));
#7533 = CIRCLE('',#7534,1.5);
#7534 = AXIS2_PLACEMENT_3D('',#7535,#7536,#7537);
#7535 = CARTESIAN_POINT('',(-13.2,20.,-17.8));
#7536 = DIRECTION('',(0.,0.,1.));
#7537 = DIRECTION('',(1.,0.,-0.));
#7538 = ORIENTED_EDGE('',*,*,#7539,.F.);
#7539 = EDGE_CURVE('',#7540,#7531,#7542,.T.);
#7540 = VERTEX_POINT('',#7541);
#7541 = CARTESIAN_POINT('',(-12.675,16.5,-17.8));
#7542 = CIRCLE('',#7543,6.15);
#7543 = AXIS2_PLACEMENT_3D('',#7544,#7545,#7546);
#7544 = CARTESIAN_POINT('',(-6.525,16.5,-17.8));
#7545 = DIRECTION('',(0.,-0.,-1.));
#7546 = DIRECTION('',(1.010934786651E-15,1.,-0.));
#7547 = ORIENTED_EDGE('',*,*,#7548,.F.);
#7548 = EDGE_CURVE('',#7549,#7540,#7551,.T.);
#7549 = VERTEX_POINT('',#7550);
#7550 = CARTESIAN_POINT('',(-12.675,5.40512454964,-17.8));
#7551 = LINE('',#7552,#7553);
#7552 = CARTESIAN_POINT('',(-12.675,8.25,-17.8));
#7553 = VECTOR('',#7554,1.);
#7554 = DIRECTION('',(-0.,1.,0.));
#7555 = ORIENTED_EDGE('',*,*,#7556,.T.);
#7556 = EDGE_CURVE('',#7549,#7557,#7559,.T.);
#7557 = VERTEX_POINT('',#7558);
#7558 = CARTESIAN_POINT('',(-13.675,5.422805327513,-17.8));
#7559 = CIRCLE('',#7560,1.5);
#7560 = AXIS2_PLACEMENT_3D('',#7561,#7562,#7563);
#7561 = CARTESIAN_POINT('',(-13.2,4.,-17.8));
#7562 = DIRECTION('',(0.,0.,1.));
#7563 = DIRECTION('',(1.,0.,-0.));
#7564 = ORIENTED_EDGE('',*,*,#7565,.T.);
#7565 = EDGE_CURVE('',#7557,#7566,#7568,.T.);
#7566 = VERTEX_POINT('',#7567);
#7567 = CARTESIAN_POINT('',(-13.775,5.38541510025,-17.8));
#7568 = CIRCLE('',#7569,1.5);
#7569 = AXIS2_PLACEMENT_3D('',#7570,#7571,#7572);
#7570 = CARTESIAN_POINT('',(-13.2,4.,-17.8));
#7571 = DIRECTION('',(0.,0.,1.));
#7572 = DIRECTION('',(1.,0.,-0.));
#7573 = ORIENTED_EDGE('',*,*,#7574,.T.);
#7574 = EDGE_CURVE('',#7566,#7575,#7577,.T.);
#7575 = VERTEX_POINT('',#7576);
#7576 = CARTESIAN_POINT('',(-13.775,2.61458489975,-17.8));
#7577 = CIRCLE('',#7578,1.5);
#7578 = AXIS2_PLACEMENT_3D('',#7579,#7580,#7581);
#7579 = CARTESIAN_POINT('',(-13.2,4.,-17.8));
#7580 = DIRECTION('',(0.,0.,1.));
#7581 = DIRECTION('',(1.,0.,-0.));
#7582 = ORIENTED_EDGE('',*,*,#7583,.T.);
#7583 = EDGE_CURVE('',#7575,#7584,#7586,.T.);
#7584 = VERTEX_POINT('',#7585);
#7585 = CARTESIAN_POINT('',(-13.675,2.577194672487,-17.8));
#7586 = CIRCLE('',#7587,1.5);
#7587 = AXIS2_PLACEMENT_3D('',#7588,#7589,#7590);
#7588 = CARTESIAN_POINT('',(-13.2,4.,-17.8));
#7589 = DIRECTION('',(0.,0.,1.));
#7590 = DIRECTION('',(1.,0.,-0.));
#7591 = ORIENTED_EDGE('',*,*,#7592,.T.);
#7592 = EDGE_CURVE('',#7584,#7593,#7595,.T.);
#7593 = VERTEX_POINT('',#7594);
#7594 = CARTESIAN_POINT('',(-12.675,2.59487545036,-17.8));
#7595 = CIRCLE('',#7596,1.5);
#7596 = AXIS2_PLACEMENT_3D('',#7597,#7598,#7599);
#7597 = CARTESIAN_POINT('',(-13.2,4.,-17.8));
#7598 = DIRECTION('',(0.,0.,1.));
#7599 = DIRECTION('',(1.,0.,-0.));
#7600 = ORIENTED_EDGE('',*,*,#7601,.F.);
#7601 = EDGE_CURVE('',#7602,#7593,#7604,.T.);
#7602 = VERTEX_POINT('',#7603);
#7603 = CARTESIAN_POINT('',(-12.675,-16.5,-17.8));
#7604 = LINE('',#7605,#7606);
#7605 = CARTESIAN_POINT('',(-12.675,8.25,-17.8));
#7606 = VECTOR('',#7607,1.);
#7607 = DIRECTION('',(-0.,1.,0.));
#7608 = ORIENTED_EDGE('',*,*,#7609,.F.);
#7609 = EDGE_CURVE('',#7610,#7602,#7612,.T.);
#7610 = VERTEX_POINT('',#7611);
#7611 = CARTESIAN_POINT('',(-6.525,-22.65,-17.8));
#7612 = CIRCLE('',#7613,6.15);
#7613 = AXIS2_PLACEMENT_3D('',#7614,#7615,#7616);
#7614 = CARTESIAN_POINT('',(-6.525,-16.5,-17.8));
#7615 = DIRECTION('',(-0.,0.,-1.));
#7616 = DIRECTION('',(-1.,1.155354041886E-15,0.));
#7617 = ORIENTED_EDGE('',*,*,#7618,.F.);
#7618 = EDGE_CURVE('',#7619,#7610,#7621,.T.);
#7619 = VERTEX_POINT('',#7620);
#7620 = CARTESIAN_POINT('',(6.525,-22.65,-17.8));
#7621 = LINE('',#7622,#7623);
#7622 = CARTESIAN_POINT('',(-3.2625,-22.65,-17.8));
#7623 = VECTOR('',#7624,1.);
#7624 = DIRECTION('',(-1.,0.,0.));
#7625 = ORIENTED_EDGE('',*,*,#7626,.F.);
#7626 = EDGE_CURVE('',#239,#7619,#7627,.T.);
#7627 = CIRCLE('',#7628,6.15);
#7628 = AXIS2_PLACEMENT_3D('',#7629,#7630,#7631);
#7629 = CARTESIAN_POINT('',(6.525,-16.5,-17.8));
#7630 = DIRECTION('',(-0.,0.,-1.));
#7631 = DIRECTION('',(-1.010934786651E-15,-1.,0.));
#7632 = ORIENTED_EDGE('',*,*,#238,.F.);
#7633 = ORIENTED_EDGE('',*,*,#7634,.T.);
#7634 = EDGE_CURVE('',#231,#7635,#7637,.T.);
#7635 = VERTEX_POINT('',#7636);
#7636 = CARTESIAN_POINT('',(13.675,2.577194672487,-17.8));
#7637 = CIRCLE('',#7638,1.5);
#7638 = AXIS2_PLACEMENT_3D('',#7639,#7640,#7641);
#7639 = CARTESIAN_POINT('',(13.2,4.,-17.8));
#7640 = DIRECTION('',(0.,0.,1.));
#7641 = DIRECTION('',(1.,0.,-0.));
#7642 = ORIENTED_EDGE('',*,*,#7643,.T.);
#7643 = EDGE_CURVE('',#7635,#7360,#7644,.T.);
#7644 = CIRCLE('',#7645,1.5);
#7645 = AXIS2_PLACEMENT_3D('',#7646,#7647,#7648);
#7646 = CARTESIAN_POINT('',(13.2,4.,-17.8));
#7647 = DIRECTION('',(0.,0.,1.));
#7648 = DIRECTION('',(1.,0.,-0.));
#7649 = PLANE('',#7650);
#7650 = AXIS2_PLACEMENT_3D('',#7651,#7652,#7653);
#7651 = CARTESIAN_POINT('',(0.360487256995,0.,-17.8));
#7652 = DIRECTION('',(-0.,-0.,-1.));
#7653 = DIRECTION('',(-1.,0.,0.));
#7654 = ADVANCED_FACE('',(#7655),#7689,.F.);
#7655 = FACE_BOUND('',#7656,.F.);
#7656 = EDGE_LOOP('',(#7657,#7667,#7675,#7683));
#7657 = ORIENTED_EDGE('',*,*,#7658,.F.);
#7658 = EDGE_CURVE('',#7659,#7661,#7663,.T.);
#7659 = VERTEX_POINT('',#7660);
#7660 = CARTESIAN_POINT('',(19.5,-18.8,-9.));
#7661 = VERTEX_POINT('',#7662);
#7662 = CARTESIAN_POINT('',(19.5,-18.8,-7.82));
#7663 = LINE('',#7664,#7665);
#7664 = CARTESIAN_POINT('',(19.5,-18.8,-10.));
#7665 = VECTOR('',#7666,1.);
#7666 = DIRECTION('',(0.,0.,1.));
#7667 = ORIENTED_EDGE('',*,*,#7668,.T.);
#7668 = EDGE_CURVE('',#7659,#7669,#7671,.T.);
#7669 = VERTEX_POINT('',#7670);
#7670 = CARTESIAN_POINT('',(19.5,-16.2,-9.));
#7671 = LINE('',#7672,#7673);
#7672 = CARTESIAN_POINT('',(19.5,-9.4,-9.));
#7673 = VECTOR('',#7674,1.);
#7674 = DIRECTION('',(-0.,1.,0.));
#7675 = ORIENTED_EDGE('',*,*,#7676,.T.);
#7676 = EDGE_CURVE('',#7669,#7677,#7679,.T.);
#7677 = VERTEX_POINT('',#7678);
#7678 = CARTESIAN_POINT('',(19.5,-16.2,-7.82));
#7679 = LINE('',#7680,#7681);
#7680 = CARTESIAN_POINT('',(19.5,-16.2,-10.));
#7681 = VECTOR('',#7682,1.);
#7682 = DIRECTION('',(0.,0.,1.));
#7683 = ORIENTED_EDGE('',*,*,#7684,.T.);
#7684 = EDGE_CURVE('',#7677,#7661,#7685,.T.);
#7685 = LINE('',#7686,#7687);
#7686 = CARTESIAN_POINT('',(19.5,-20.85,-7.82));
#7687 = VECTOR('',#7688,1.);
#7688 = DIRECTION('',(0.,-1.,0.));
#7689 = PLANE('',#7690);
#7690 = AXIS2_PLACEMENT_3D('',#7691,#7692,#7693);
#7691 = CARTESIAN_POINT('',(19.5,-18.8,-10.));
#7692 = DIRECTION('',(1.,0.,-0.));
#7693 = DIRECTION('',(0.,0.,1.));
#7694 = ADVANCED_FACE('',(#7695),#7720,.T.);
#7695 = FACE_BOUND('',#7696,.T.);
#7696 = EDGE_LOOP('',(#7697,#7698,#7706,#7714));
#7697 = ORIENTED_EDGE('',*,*,#7658,.F.);
#7698 = ORIENTED_EDGE('',*,*,#7699,.T.);
#7699 = EDGE_CURVE('',#7659,#7700,#7702,.T.);
#7700 = VERTEX_POINT('',#7701);
#7701 = CARTESIAN_POINT('',(17.9,-18.8,-9.));
#7702 = LINE('',#7703,#7704);
#7703 = CARTESIAN_POINT('',(8.95,-18.8,-9.));
#7704 = VECTOR('',#7705,1.);
#7705 = DIRECTION('',(-1.,-0.,0.));
#7706 = ORIENTED_EDGE('',*,*,#7707,.T.);
#7707 = EDGE_CURVE('',#7700,#7708,#7710,.T.);
#7708 = VERTEX_POINT('',#7709);
#7709 = CARTESIAN_POINT('',(17.9,-18.8,-7.82));
#7710 = LINE('',#7711,#7712);
#7711 = CARTESIAN_POINT('',(17.9,-18.8,-10.));
#7712 = VECTOR('',#7713,1.);
#7713 = DIRECTION('',(0.,0.,1.));
#7714 = ORIENTED_EDGE('',*,*,#7715,.T.);
#7715 = EDGE_CURVE('',#7708,#7661,#7716,.T.);
#7716 = LINE('',#7717,#7718);
#7717 = CARTESIAN_POINT('',(17.,-18.8,-7.82));
#7718 = VECTOR('',#7719,1.);
#7719 = DIRECTION('',(1.,0.,-0.));
#7720 = PLANE('',#7721);
#7721 = AXIS2_PLACEMENT_3D('',#7722,#7723,#7724);
#7722 = CARTESIAN_POINT('',(17.9,-18.8,-10.));
#7723 = DIRECTION('',(-0.,1.,0.));
#7724 = DIRECTION('',(0.,0.,1.));
#7725 = ADVANCED_FACE('',(#7726),#7822,.T.);
#7726 = FACE_BOUND('',#7727,.T.);
#7727 = EDGE_LOOP('',(#7728,#7738,#7746,#7752,#7753,#7761,#7769,#7777,
    #7785,#7793,#7799,#7800,#7808,#7816));
#7728 = ORIENTED_EDGE('',*,*,#7729,.T.);
#7729 = EDGE_CURVE('',#7730,#7732,#7734,.T.);
#7730 = VERTEX_POINT('',#7731);
#7731 = CARTESIAN_POINT('',(15.3,-16.2,-26.22));
#7732 = VERTEX_POINT('',#7733);
#7733 = CARTESIAN_POINT('',(20.995,-16.2,-26.22));
#7734 = LINE('',#7735,#7736);
#7735 = CARTESIAN_POINT('',(15.3,-16.2,-26.22));
#7736 = VECTOR('',#7737,1.);
#7737 = DIRECTION('',(1.,0.,-0.));
#7738 = ORIENTED_EDGE('',*,*,#7739,.T.);
#7739 = EDGE_CURVE('',#7732,#7740,#7742,.T.);
#7740 = VERTEX_POINT('',#7741);
#7741 = CARTESIAN_POINT('',(20.995,-16.2,-9.));
#7742 = LINE('',#7743,#7744);
#7743 = CARTESIAN_POINT('',(20.995,-16.2,-24.92));
#7744 = VECTOR('',#7745,1.);
#7745 = DIRECTION('',(0.,0.,1.));
#7746 = ORIENTED_EDGE('',*,*,#7747,.T.);
#7747 = EDGE_CURVE('',#7740,#7669,#7748,.T.);
#7748 = LINE('',#7749,#7750);
#7749 = CARTESIAN_POINT('',(7.4875,-16.2,-9.));
#7750 = VECTOR('',#7751,1.);
#7751 = DIRECTION('',(-1.,-0.,0.));
#7752 = ORIENTED_EDGE('',*,*,#7676,.T.);
#7753 = ORIENTED_EDGE('',*,*,#7754,.T.);
#7754 = EDGE_CURVE('',#7677,#7755,#7757,.T.);
#7755 = VERTEX_POINT('',#7756);
#7756 = CARTESIAN_POINT('',(17.9,-16.2,-7.82));
#7757 = LINE('',#7758,#7759);
#7758 = CARTESIAN_POINT('',(16.954380141011,-16.2,-7.82));
#7759 = VECTOR('',#7760,1.);
#7760 = DIRECTION('',(-1.,0.,0.));
#7761 = ORIENTED_EDGE('',*,*,#7762,.F.);
#7762 = EDGE_CURVE('',#7763,#7755,#7765,.T.);
#7763 = VERTEX_POINT('',#7764);
#7764 = CARTESIAN_POINT('',(17.9,-16.2,-9.));
#7765 = LINE('',#7766,#7767);
#7766 = CARTESIAN_POINT('',(17.9,-16.2,-10.));
#7767 = VECTOR('',#7768,1.);
#7768 = DIRECTION('',(0.,0.,1.));
#7769 = ORIENTED_EDGE('',*,*,#7770,.T.);
#7770 = EDGE_CURVE('',#7763,#7771,#7773,.T.);
#7771 = VERTEX_POINT('',#7772);
#7772 = CARTESIAN_POINT('',(16.2,-16.2,-9.));
#7773 = LINE('',#7774,#7775);
#7774 = CARTESIAN_POINT('',(7.4875,-16.2,-9.));
#7775 = VECTOR('',#7776,1.);
#7776 = DIRECTION('',(-1.,-0.,0.));
#7777 = ORIENTED_EDGE('',*,*,#7778,.F.);
#7778 = EDGE_CURVE('',#7779,#7771,#7781,.T.);
#7779 = VERTEX_POINT('',#7780);
#7780 = CARTESIAN_POINT('',(16.2,-16.2,-13.5));
#7781 = LINE('',#7782,#7783);
#7782 = CARTESIAN_POINT('',(16.2,-16.2,-12.51));
#7783 = VECTOR('',#7784,1.);
#7784 = DIRECTION('',(0.,0.,1.));
#7785 = ORIENTED_EDGE('',*,*,#7786,.F.);
#7786 = EDGE_CURVE('',#7787,#7779,#7789,.T.);
#7787 = VERTEX_POINT('',#7788);
#7788 = CARTESIAN_POINT('',(14.875,-16.2,-13.5));
#7789 = LINE('',#7790,#7791);
#7790 = CARTESIAN_POINT('',(13.875,-16.2,-13.5));
#7791 = VECTOR('',#7792,1.);
#7792 = DIRECTION('',(1.,0.,-0.));
#7793 = ORIENTED_EDGE('',*,*,#7794,.T.);
#7794 = EDGE_CURVE('',#7787,#7327,#7795,.T.);
#7795 = LINE('',#7796,#7797);
#7796 = CARTESIAN_POINT('',(14.875,-16.2,-21.55));
#7797 = VECTOR('',#7798,1.);
#7798 = DIRECTION('',(0.,0.,-1.));
#7799 = ORIENTED_EDGE('',*,*,#7326,.T.);
#7800 = ORIENTED_EDGE('',*,*,#7801,.F.);
#7801 = EDGE_CURVE('',#7802,#7319,#7804,.T.);
#7802 = VERTEX_POINT('',#7803);
#7803 = CARTESIAN_POINT('',(13.875,-16.2,-25.3));
#7804 = LINE('',#7805,#7806);
#7805 = CARTESIAN_POINT('',(13.875,-16.2,-25.3));
#7806 = VECTOR('',#7807,1.);
#7807 = DIRECTION('',(0.,0.,1.));
#7808 = ORIENTED_EDGE('',*,*,#7809,.T.);
#7809 = EDGE_CURVE('',#7802,#7810,#7812,.T.);
#7810 = VERTEX_POINT('',#7811);
#7811 = CARTESIAN_POINT('',(15.3,-16.2,-25.3));
#7812 = LINE('',#7813,#7814);
#7813 = CARTESIAN_POINT('',(13.875,-16.2,-25.3));
#7814 = VECTOR('',#7815,1.);
#7815 = DIRECTION('',(1.,0.,-0.));
#7816 = ORIENTED_EDGE('',*,*,#7817,.F.);
#7817 = EDGE_CURVE('',#7730,#7810,#7818,.T.);
#7818 = LINE('',#7819,#7820);
#7819 = CARTESIAN_POINT('',(15.3,-16.2,-26.22));
#7820 = VECTOR('',#7821,1.);
#7821 = DIRECTION('',(0.,0.,1.));
#7822 = PLANE('',#7823);
#7823 = AXIS2_PLACEMENT_3D('',#7824,#7825,#7826);
#7824 = CARTESIAN_POINT('',(17.808760282021,-16.2,-17.40709361535));
#7825 = DIRECTION('',(-0.,-1.,-0.));
#7826 = DIRECTION('',(0.,0.,-1.));
#7827 = ADVANCED_FACE('',(#7828),#7844,.T.);
#7828 = FACE_BOUND('',#7829,.T.);
#7829 = EDGE_LOOP('',(#7830,#7831,#7837,#7838));
#7830 = ORIENTED_EDGE('',*,*,#7707,.F.);
#7831 = ORIENTED_EDGE('',*,*,#7832,.T.);
#7832 = EDGE_CURVE('',#7700,#7763,#7833,.T.);
#7833 = LINE('',#7834,#7835);
#7834 = CARTESIAN_POINT('',(17.9,-9.4,-9.));
#7835 = VECTOR('',#7836,1.);
#7836 = DIRECTION('',(-0.,1.,0.));
#7837 = ORIENTED_EDGE('',*,*,#7762,.T.);
#7838 = ORIENTED_EDGE('',*,*,#7839,.T.);
#7839 = EDGE_CURVE('',#7755,#7708,#7840,.T.);
#7840 = LINE('',#7841,#7842);
#7841 = CARTESIAN_POINT('',(17.9,-20.85,-7.82));
#7842 = VECTOR('',#7843,1.);
#7843 = DIRECTION('',(0.,-1.,0.));
#7844 = PLANE('',#7845);
#7845 = AXIS2_PLACEMENT_3D('',#7846,#7847,#7848);
#7846 = CARTESIAN_POINT('',(17.9,-18.8,-10.));
#7847 = DIRECTION('',(1.,0.,-0.));
#7848 = DIRECTION('',(0.,0.,1.));
#7849 = ADVANCED_FACE('',(#7850),#7875,.T.);
#7850 = FACE_BOUND('',#7851,.T.);
#7851 = EDGE_LOOP('',(#7852,#7853,#7861,#7869));
#7852 = ORIENTED_EDGE('',*,*,#7739,.F.);
#7853 = ORIENTED_EDGE('',*,*,#7854,.T.);
#7854 = EDGE_CURVE('',#7732,#7855,#7857,.T.);
#7855 = VERTEX_POINT('',#7856);
#7856 = CARTESIAN_POINT('',(20.995,-15.2,-26.22));
#7857 = LINE('',#7858,#7859);
#7858 = CARTESIAN_POINT('',(20.995,-16.2,-26.22));
#7859 = VECTOR('',#7860,1.);
#7860 = DIRECTION('',(-0.,1.,0.));
#7861 = ORIENTED_EDGE('',*,*,#7862,.T.);
#7862 = EDGE_CURVE('',#7855,#7863,#7865,.T.);
#7863 = VERTEX_POINT('',#7864);
#7864 = CARTESIAN_POINT('',(20.995,-15.2,-9.));
#7865 = LINE('',#7866,#7867);
#7866 = CARTESIAN_POINT('',(20.995,-15.2,-26.22));
#7867 = VECTOR('',#7868,1.);
#7868 = DIRECTION('',(0.,0.,1.));
#7869 = ORIENTED_EDGE('',*,*,#7870,.F.);
#7870 = EDGE_CURVE('',#7740,#7863,#7871,.T.);
#7871 = LINE('',#7872,#7873);
#7872 = CARTESIAN_POINT('',(20.995,-8.1,-9.));
#7873 = VECTOR('',#7874,1.);
#7874 = DIRECTION('',(-0.,1.,0.));
#7875 = PLANE('',#7876);
#7876 = AXIS2_PLACEMENT_3D('',#7877,#7878,#7879);
#7877 = CARTESIAN_POINT('',(20.995,-15.7,-17.61));
#7878 = DIRECTION('',(1.,0.,0.));
#7879 = DIRECTION('',(-0.,0.,1.));
#7880 = ADVANCED_FACE('',(#7881),#7906,.T.);
#7881 = FACE_BOUND('',#7882,.T.);
#7882 = EDGE_LOOP('',(#7883,#7893,#7899,#7900));
#7883 = ORIENTED_EDGE('',*,*,#7884,.F.);
#7884 = EDGE_CURVE('',#7885,#7887,#7889,.T.);
#7885 = VERTEX_POINT('',#7886);
#7886 = CARTESIAN_POINT('',(16.2,-17.5,-13.5));
#7887 = VERTEX_POINT('',#7888);
#7888 = CARTESIAN_POINT('',(16.2,-17.5,-9.));
#7889 = LINE('',#7890,#7891);
#7890 = CARTESIAN_POINT('',(16.2,-17.5,-13.5));
#7891 = VECTOR('',#7892,1.);
#7892 = DIRECTION('',(0.,0.,1.));
#7893 = ORIENTED_EDGE('',*,*,#7894,.T.);
#7894 = EDGE_CURVE('',#7885,#7779,#7895,.T.);
#7895 = LINE('',#7896,#7897);
#7896 = CARTESIAN_POINT('',(16.2,-17.5,-13.5));
#7897 = VECTOR('',#7898,1.);
#7898 = DIRECTION('',(-0.,1.,0.));
#7899 = ORIENTED_EDGE('',*,*,#7778,.T.);
#7900 = ORIENTED_EDGE('',*,*,#7901,.T.);
#7901 = EDGE_CURVE('',#7771,#7887,#7902,.T.);
#7902 = LINE('',#7903,#7904);
#7903 = CARTESIAN_POINT('',(16.2,-8.75,-9.));
#7904 = VECTOR('',#7905,1.);
#7905 = DIRECTION('',(0.,-1.,0.));
#7906 = PLANE('',#7907);
#7907 = AXIS2_PLACEMENT_3D('',#7908,#7909,#7910);
#7908 = CARTESIAN_POINT('',(16.2,-16.85,-11.25));
#7909 = DIRECTION('',(1.,0.,0.));
#7910 = DIRECTION('',(-0.,0.,1.));
#7911 = ADVANCED_FACE('',(#7912),#7937,.F.);
#7912 = FACE_BOUND('',#7913,.F.);
#7913 = EDGE_LOOP('',(#7914,#7915,#7923,#7931));
#7914 = ORIENTED_EDGE('',*,*,#7302,.F.);
#7915 = ORIENTED_EDGE('',*,*,#7916,.F.);
#7916 = EDGE_CURVE('',#7917,#7303,#7919,.T.);
#7917 = VERTEX_POINT('',#7918);
#7918 = CARTESIAN_POINT('',(14.875,-15.2,-12.5));
#7919 = LINE('',#7920,#7921);
#7920 = CARTESIAN_POINT('',(14.875,-15.2,-21.55));
#7921 = VECTOR('',#7922,1.);
#7922 = DIRECTION('',(0.,0.,-1.));
#7923 = ORIENTED_EDGE('',*,*,#7924,.T.);
#7924 = EDGE_CURVE('',#7917,#7925,#7927,.T.);
#7925 = VERTEX_POINT('',#7926);
#7926 = CARTESIAN_POINT('',(14.875,15.2,-12.5));
#7927 = LINE('',#7928,#7929);
#7928 = CARTESIAN_POINT('',(14.875,-19.85,-12.5));
#7929 = VECTOR('',#7930,1.);
#7930 = DIRECTION('',(0.,1.,0.));
#7931 = ORIENTED_EDGE('',*,*,#7932,.T.);
#7932 = EDGE_CURVE('',#7925,#7295,#7933,.T.);
#7933 = LINE('',#7934,#7935);
#7934 = CARTESIAN_POINT('',(14.875,15.2,-21.55));
#7935 = VECTOR('',#7936,1.);
#7936 = DIRECTION('',(0.,0.,-1.));
#7937 = PLANE('',#7938);
#7938 = AXIS2_PLACEMENT_3D('',#7939,#7940,#7941);
#7939 = CARTESIAN_POINT('',(14.875,-19.85,-17.8));
#7940 = DIRECTION('',(-1.,0.,0.));
#7941 = DIRECTION('',(0.,1.,0.));
#7942 = ADVANCED_FACE('',(#7943),#7961,.F.);
#7943 = FACE_BOUND('',#7944,.F.);
#7944 = EDGE_LOOP('',(#7945,#7946,#7954,#7960));
#7945 = ORIENTED_EDGE('',*,*,#7801,.F.);
#7946 = ORIENTED_EDGE('',*,*,#7947,.T.);
#7947 = EDGE_CURVE('',#7802,#7948,#7950,.T.);
#7948 = VERTEX_POINT('',#7949);
#7949 = CARTESIAN_POINT('',(13.875,-15.2,-25.3));
#7950 = LINE('',#7951,#7952);
#7951 = CARTESIAN_POINT('',(13.875,-16.2,-25.3));
#7952 = VECTOR('',#7953,1.);
#7953 = DIRECTION('',(-0.,1.,0.));
#7954 = ORIENTED_EDGE('',*,*,#7955,.T.);
#7955 = EDGE_CURVE('',#7948,#7311,#7956,.T.);
#7956 = LINE('',#7957,#7958);
#7957 = CARTESIAN_POINT('',(13.875,-15.2,-25.3));
#7958 = VECTOR('',#7959,1.);
#7959 = DIRECTION('',(0.,0.,1.));
#7960 = ORIENTED_EDGE('',*,*,#7318,.F.);
#7961 = PLANE('',#7962);
#7962 = AXIS2_PLACEMENT_3D('',#7963,#7964,#7965);
#7963 = CARTESIAN_POINT('',(13.875,-16.2,-25.3));
#7964 = DIRECTION('',(1.,0.,-0.));
#7965 = DIRECTION('',(0.,0.,1.));
#7966 = ADVANCED_FACE('',(#7967),#7985,.F.);
#7967 = FACE_BOUND('',#7968,.F.);
#7968 = EDGE_LOOP('',(#7969,#7977,#7978,#7979));
#7969 = ORIENTED_EDGE('',*,*,#7970,.F.);
#7970 = EDGE_CURVE('',#7948,#7971,#7973,.T.);
#7971 = VERTEX_POINT('',#7972);
#7972 = CARTESIAN_POINT('',(15.3,-15.2,-25.3));
#7973 = LINE('',#7974,#7975);
#7974 = CARTESIAN_POINT('',(13.875,-15.2,-25.3));
#7975 = VECTOR('',#7976,1.);
#7976 = DIRECTION('',(1.,0.,-0.));
#7977 = ORIENTED_EDGE('',*,*,#7947,.F.);
#7978 = ORIENTED_EDGE('',*,*,#7809,.T.);
#7979 = ORIENTED_EDGE('',*,*,#7980,.F.);
#7980 = EDGE_CURVE('',#7971,#7810,#7981,.T.);
#7981 = LINE('',#7982,#7983);
#7982 = CARTESIAN_POINT('',(15.3,-15.56794783659,-25.3));
#7983 = VECTOR('',#7984,1.);
#7984 = DIRECTION('',(0.,-1.,0.));
#7985 = PLANE('',#7986);
#7986 = AXIS2_PLACEMENT_3D('',#7987,#7988,#7989);
#7987 = CARTESIAN_POINT('',(13.875,-16.2,-25.3));
#7988 = DIRECTION('',(0.,0.,1.));
#7989 = DIRECTION('',(1.,0.,-0.));
#7990 = ADVANCED_FACE('',(#7991),#8033,.T.);
#7991 = FACE_BOUND('',#7992,.T.);
#7992 = EDGE_LOOP('',(#7993,#8001,#8009,#8017,#8025,#8031,#8032));
#7993 = ORIENTED_EDGE('',*,*,#7994,.T.);
#7994 = EDGE_CURVE('',#7971,#7995,#7997,.T.);
#7995 = VERTEX_POINT('',#7996);
#7996 = CARTESIAN_POINT('',(15.3,-15.2,-25.02));
#7997 = LINE('',#7998,#7999);
#7998 = CARTESIAN_POINT('',(15.3,-15.2,-25.434344068));
#7999 = VECTOR('',#8000,1.);
#8000 = DIRECTION('',(0.,-0.,1.));
#8001 = ORIENTED_EDGE('',*,*,#8002,.T.);
#8002 = EDGE_CURVE('',#7995,#8003,#8005,.T.);
#8003 = VERTEX_POINT('',#8004);
#8004 = CARTESIAN_POINT('',(15.3,-14.6,-25.02));
#8005 = LINE('',#8006,#8007);
#8006 = CARTESIAN_POINT('',(15.3,-15.21,-25.02));
#8007 = VECTOR('',#8008,1.);
#8008 = DIRECTION('',(0.,1.,0.));
#8009 = ORIENTED_EDGE('',*,*,#8010,.T.);
#8010 = EDGE_CURVE('',#8003,#8011,#8013,.T.);
#8011 = VERTEX_POINT('',#8012);
#8012 = CARTESIAN_POINT('',(15.3,-14.6,-25.82));
#8013 = LINE('',#8014,#8015);
#8014 = CARTESIAN_POINT('',(15.3,-14.6,-25.02));
#8015 = VECTOR('',#8016,1.);
#8016 = DIRECTION('',(0.,0.,-1.));
#8017 = ORIENTED_EDGE('',*,*,#8018,.T.);
#8018 = EDGE_CURVE('',#8011,#8019,#8021,.T.);
#8019 = VERTEX_POINT('',#8020);
#8020 = CARTESIAN_POINT('',(15.3,-15.,-26.22));
#8021 = LINE('',#8022,#8023);
#8022 = CARTESIAN_POINT('',(15.3,-14.6,-25.82));
#8023 = VECTOR('',#8024,1.);
#8024 = DIRECTION('',(0.,-0.707106781187,-0.707106781187));
#8025 = ORIENTED_EDGE('',*,*,#8026,.T.);
#8026 = EDGE_CURVE('',#8019,#7730,#8027,.T.);
#8027 = LINE('',#8028,#8029);
#8028 = CARTESIAN_POINT('',(15.3,-15.,-26.22));
#8029 = VECTOR('',#8030,1.);
#8030 = DIRECTION('',(0.,-1.,0.));
#8031 = ORIENTED_EDGE('',*,*,#7817,.T.);
#8032 = ORIENTED_EDGE('',*,*,#7980,.F.);
#8033 = PLANE('',#8034);
#8034 = AXIS2_PLACEMENT_3D('',#8035,#8036,#8037);
#8035 = CARTESIAN_POINT('',(15.3,-15.38892755533,-25.63980626174));
#8036 = DIRECTION('',(-1.,-0.,-3.605761454534E-16));
#8037 = DIRECTION('',(3.605761454534E-16,0.,-1.));
#8038 = ADVANCED_FACE('',(#8039),#8066,.T.);
#8039 = FACE_BOUND('',#8040,.T.);
#8040 = EDGE_LOOP('',(#8041,#8042,#8050,#8058,#8064,#8065));
#8041 = ORIENTED_EDGE('',*,*,#8026,.F.);
#8042 = ORIENTED_EDGE('',*,*,#8043,.T.);
#8043 = EDGE_CURVE('',#8019,#8044,#8046,.T.);
#8044 = VERTEX_POINT('',#8045);
#8045 = CARTESIAN_POINT('',(19.495,-15.,-26.22));
#8046 = LINE('',#8047,#8048);
#8047 = CARTESIAN_POINT('',(15.3,-15.,-26.22));
#8048 = VECTOR('',#8049,1.);
#8049 = DIRECTION('',(1.,0.,0.));
#8050 = ORIENTED_EDGE('',*,*,#8051,.T.);
#8051 = EDGE_CURVE('',#8044,#8052,#8054,.T.);
#8052 = VERTEX_POINT('',#8053);
#8053 = CARTESIAN_POINT('',(19.495,-15.2,-26.22));
#8054 = LINE('',#8055,#8056);
#8055 = CARTESIAN_POINT('',(19.495,-15.,-26.22));
#8056 = VECTOR('',#8057,1.);
#8057 = DIRECTION('',(0.,-1.,0.));
#8058 = ORIENTED_EDGE('',*,*,#8059,.T.);
#8059 = EDGE_CURVE('',#8052,#7855,#8060,.T.);
#8060 = LINE('',#8061,#8062);
#8061 = CARTESIAN_POINT('',(15.3,-15.2,-26.22));
#8062 = VECTOR('',#8063,1.);
#8063 = DIRECTION('',(1.,0.,-0.));
#8064 = ORIENTED_EDGE('',*,*,#7854,.F.);
#8065 = ORIENTED_EDGE('',*,*,#7729,.F.);
#8066 = PLANE('',#8067);
#8067 = AXIS2_PLACEMENT_3D('',#8068,#8069,#8070);
#8068 = CARTESIAN_POINT('',(18.125745105149,-15.62175489485,-26.22));
#8069 = DIRECTION('',(-0.,-0.,-1.));
#8070 = DIRECTION('',(-1.,0.,0.));
#8071 = ADVANCED_FACE('',(#8072),#8105,.F.);
#8072 = FACE_BOUND('',#8073,.F.);
#8073 = EDGE_LOOP('',(#8074,#8082,#8090,#8098,#8104));
#8074 = ORIENTED_EDGE('',*,*,#8075,.T.);
#8075 = EDGE_CURVE('',#8052,#8076,#8078,.T.);
#8076 = VERTEX_POINT('',#8077);
#8077 = CARTESIAN_POINT('',(19.495,-15.2,-25.02));
#8078 = LINE('',#8079,#8080);
#8079 = CARTESIAN_POINT('',(19.495,-15.2,-25.894344068));
#8080 = VECTOR('',#8081,1.);
#8081 = DIRECTION('',(0.,-0.,1.));
#8082 = ORIENTED_EDGE('',*,*,#8083,.T.);
#8083 = EDGE_CURVE('',#8076,#8084,#8086,.T.);
#8084 = VERTEX_POINT('',#8085);
#8085 = CARTESIAN_POINT('',(19.495,-14.6,-25.02));
#8086 = LINE('',#8087,#8088);
#8087 = CARTESIAN_POINT('',(19.495,-15.21,-25.02));
#8088 = VECTOR('',#8089,1.);
#8089 = DIRECTION('',(0.,1.,0.));
#8090 = ORIENTED_EDGE('',*,*,#8091,.T.);
#8091 = EDGE_CURVE('',#8084,#8092,#8094,.T.);
#8092 = VERTEX_POINT('',#8093);
#8093 = CARTESIAN_POINT('',(19.495,-14.6,-25.82));
#8094 = LINE('',#8095,#8096);
#8095 = CARTESIAN_POINT('',(19.495,-14.6,-25.02));
#8096 = VECTOR('',#8097,1.);
#8097 = DIRECTION('',(0.,0.,-1.));
#8098 = ORIENTED_EDGE('',*,*,#8099,.T.);
#8099 = EDGE_CURVE('',#8092,#8044,#8100,.T.);
#8100 = LINE('',#8101,#8102);
#8101 = CARTESIAN_POINT('',(19.495,-14.6,-25.82));
#8102 = VECTOR('',#8103,1.);
#8103 = DIRECTION('',(0.,-0.707106781187,-0.707106781187));
#8104 = ORIENTED_EDGE('',*,*,#8051,.T.);
#8105 = PLANE('',#8106);
#8106 = AXIS2_PLACEMENT_3D('',#8107,#8108,#8109);
#8107 = CARTESIAN_POINT('',(19.495,-14.93589567318,-25.56868813601));
#8108 = DIRECTION('',(-1.,-0.,-0.));
#8109 = DIRECTION('',(0.,0.,-1.));
#8110 = ADVANCED_FACE('',(#8111),#8127,.F.);
#8111 = FACE_BOUND('',#8112,.F.);
#8112 = EDGE_LOOP('',(#8113,#8119,#8120,#8126));
#8113 = ORIENTED_EDGE('',*,*,#8114,.F.);
#8114 = EDGE_CURVE('',#6580,#7287,#8115,.T.);
#8115 = LINE('',#8116,#8117);
#8116 = CARTESIAN_POINT('',(13.875,15.2,-25.3));
#8117 = VECTOR('',#8118,1.);
#8118 = DIRECTION('',(0.,0.,1.));
#8119 = ORIENTED_EDGE('',*,*,#6579,.T.);
#8120 = ORIENTED_EDGE('',*,*,#8121,.T.);
#8121 = EDGE_CURVE('',#6570,#7279,#8122,.T.);
#8122 = LINE('',#8123,#8124);
#8123 = CARTESIAN_POINT('',(13.875,16.2,-25.3));
#8124 = VECTOR('',#8125,1.);
#8125 = DIRECTION('',(0.,0.,1.));
#8126 = ORIENTED_EDGE('',*,*,#7286,.F.);
#8127 = PLANE('',#8128);
#8128 = AXIS2_PLACEMENT_3D('',#8129,#8130,#8131);
#8129 = CARTESIAN_POINT('',(13.875,15.2,-25.3));
#8130 = DIRECTION('',(1.,0.,-0.));
#8131 = DIRECTION('',(0.,0.,1.));
#8132 = ADVANCED_FACE('',(#8133),#8254,.F.);
#8133 = FACE_BOUND('',#8134,.F.);
#8134 = EDGE_LOOP('',(#8135,#8136,#8144,#8152,#8160,#8168,#8176,#8184,
    #8192,#8200,#8208,#8216,#8224,#8232,#8240,#8248));
#8135 = ORIENTED_EDGE('',*,*,#7245,.F.);
#8136 = ORIENTED_EDGE('',*,*,#8137,.T.);
#8137 = EDGE_CURVE('',#7246,#8138,#8140,.T.);
#8138 = VERTEX_POINT('',#8139);
#8139 = CARTESIAN_POINT('',(-14.875,19.85,-15.75));
#8140 = LINE('',#8141,#8142);
#8141 = CARTESIAN_POINT('',(-14.875,19.85,-17.8));
#8142 = VECTOR('',#8143,1.);
#8143 = DIRECTION('',(0.,0.,1.));
#8144 = ORIENTED_EDGE('',*,*,#8145,.T.);
#8145 = EDGE_CURVE('',#8138,#8146,#8148,.T.);
#8146 = VERTEX_POINT('',#8147);
#8147 = CARTESIAN_POINT('',(-14.875,17.5,-15.75));
#8148 = LINE('',#8149,#8150);
#8149 = CARTESIAN_POINT('',(-14.875,18.675,-15.75));
#8150 = VECTOR('',#8151,1.);
#8151 = DIRECTION('',(0.,-1.,0.));
#8152 = ORIENTED_EDGE('',*,*,#8153,.T.);
#8153 = EDGE_CURVE('',#8146,#8154,#8156,.T.);
#8154 = VERTEX_POINT('',#8155);
#8155 = CARTESIAN_POINT('',(-14.875,17.5,-13.5));
#8156 = LINE('',#8157,#8158);
#8157 = CARTESIAN_POINT('',(-14.875,17.5,-16.775));
#8158 = VECTOR('',#8159,1.);
#8159 = DIRECTION('',(0.,0.,1.));
#8160 = ORIENTED_EDGE('',*,*,#8161,.T.);
#8161 = EDGE_CURVE('',#8154,#8162,#8164,.T.);
#8162 = VERTEX_POINT('',#8163);
#8163 = CARTESIAN_POINT('',(-14.875,16.2,-13.5));
#8164 = LINE('',#8165,#8166);
#8165 = CARTESIAN_POINT('',(-14.875,18.025,-13.5));
#8166 = VECTOR('',#8167,1.);
#8167 = DIRECTION('',(0.,-1.,0.));
#8168 = ORIENTED_EDGE('',*,*,#8169,.T.);
#8169 = EDGE_CURVE('',#8162,#8170,#8172,.T.);
#8170 = VERTEX_POINT('',#8171);
#8171 = CARTESIAN_POINT('',(-14.875,16.2,-12.5));
#8172 = LINE('',#8173,#8174);
#8173 = CARTESIAN_POINT('',(-14.875,16.2,-15.65));
#8174 = VECTOR('',#8175,1.);
#8175 = DIRECTION('',(0.,0.,1.));
#8176 = ORIENTED_EDGE('',*,*,#8177,.T.);
#8177 = EDGE_CURVE('',#8170,#8178,#8180,.T.);
#8178 = VERTEX_POINT('',#8179);
#8179 = CARTESIAN_POINT('',(-14.875,3.5,-12.5));
#8180 = LINE('',#8181,#8182);
#8181 = CARTESIAN_POINT('',(-14.875,19.85,-12.5));
#8182 = VECTOR('',#8183,1.);
#8183 = DIRECTION('',(0.,-1.,0.));
#8184 = ORIENTED_EDGE('',*,*,#8185,.F.);
#8185 = EDGE_CURVE('',#8186,#8178,#8188,.T.);
#8186 = VERTEX_POINT('',#8187);
#8187 = CARTESIAN_POINT('',(-14.875,3.5,-13.5));
#8188 = LINE('',#8189,#8190);
#8189 = CARTESIAN_POINT('',(-14.875,3.5,-15.65));
#8190 = VECTOR('',#8191,1.);
#8191 = DIRECTION('',(0.,0.,1.));
#8192 = ORIENTED_EDGE('',*,*,#8193,.T.);
#8193 = EDGE_CURVE('',#8186,#8194,#8196,.T.);
#8194 = VERTEX_POINT('',#8195);
#8195 = CARTESIAN_POINT('',(-14.875,-10.,-13.5));
#8196 = LINE('',#8197,#8198);
#8197 = CARTESIAN_POINT('',(-14.875,4.925,-13.5));
#8198 = VECTOR('',#8199,1.);
#8199 = DIRECTION('',(0.,-1.,0.));
#8200 = ORIENTED_EDGE('',*,*,#8201,.T.);
#8201 = EDGE_CURVE('',#8194,#8202,#8204,.T.);
#8202 = VERTEX_POINT('',#8203);
#8203 = CARTESIAN_POINT('',(-14.875,-10.,-12.5));
#8204 = LINE('',#8205,#8206);
#8205 = CARTESIAN_POINT('',(-14.875,-10.,-15.65));
#8206 = VECTOR('',#8207,1.);
#8207 = DIRECTION('',(0.,0.,1.));
#8208 = ORIENTED_EDGE('',*,*,#8209,.T.);
#8209 = EDGE_CURVE('',#8202,#8210,#8212,.T.);
#8210 = VERTEX_POINT('',#8211);
#8211 = CARTESIAN_POINT('',(-14.875,-16.2,-12.5));
#8212 = LINE('',#8213,#8214);
#8213 = CARTESIAN_POINT('',(-14.875,19.85,-12.5));
#8214 = VECTOR('',#8215,1.);
#8215 = DIRECTION('',(0.,-1.,0.));
#8216 = ORIENTED_EDGE('',*,*,#8217,.F.);
#8217 = EDGE_CURVE('',#8218,#8210,#8220,.T.);
#8218 = VERTEX_POINT('',#8219);
#8219 = CARTESIAN_POINT('',(-14.875,-16.2,-13.5));
#8220 = LINE('',#8221,#8222);
#8221 = CARTESIAN_POINT('',(-14.875,-16.2,-15.65));
#8222 = VECTOR('',#8223,1.);
#8223 = DIRECTION('',(0.,0.,1.));
#8224 = ORIENTED_EDGE('',*,*,#8225,.T.);
#8225 = EDGE_CURVE('',#8218,#8226,#8228,.T.);
#8226 = VERTEX_POINT('',#8227);
#8227 = CARTESIAN_POINT('',(-14.875,-17.5,-13.5));
#8228 = LINE('',#8229,#8230);
#8229 = CARTESIAN_POINT('',(-14.875,1.175,-13.5));
#8230 = VECTOR('',#8231,1.);
#8231 = DIRECTION('',(0.,-1.,0.));
#8232 = ORIENTED_EDGE('',*,*,#8233,.F.);
#8233 = EDGE_CURVE('',#8234,#8226,#8236,.T.);
#8234 = VERTEX_POINT('',#8235);
#8235 = CARTESIAN_POINT('',(-14.875,-17.5,-15.75));
#8236 = LINE('',#8237,#8238);
#8237 = CARTESIAN_POINT('',(-14.875,-17.5,-16.775));
#8238 = VECTOR('',#8239,1.);
#8239 = DIRECTION('',(0.,0.,1.));
#8240 = ORIENTED_EDGE('',*,*,#8241,.T.);
#8241 = EDGE_CURVE('',#8234,#8242,#8244,.T.);
#8242 = VERTEX_POINT('',#8243);
#8243 = CARTESIAN_POINT('',(-14.875,-19.85,-15.75));
#8244 = LINE('',#8245,#8246);
#8245 = CARTESIAN_POINT('',(-14.875,-3.,-15.75));
#8246 = VECTOR('',#8247,1.);
#8247 = DIRECTION('',(0.,-1.,0.));
#8248 = ORIENTED_EDGE('',*,*,#8249,.F.);
#8249 = EDGE_CURVE('',#7235,#8242,#8250,.T.);
#8250 = LINE('',#8251,#8252);
#8251 = CARTESIAN_POINT('',(-14.875,-19.85,-17.8));
#8252 = VECTOR('',#8253,1.);
#8253 = DIRECTION('',(0.,0.,1.));
#8254 = PLANE('',#8255);
#8255 = AXIS2_PLACEMENT_3D('',#8256,#8257,#8258);
#8256 = CARTESIAN_POINT('',(-14.875,19.85,-17.8));
#8257 = DIRECTION('',(1.,0.,-0.));
#8258 = DIRECTION('',(0.,-1.,0.));
#8259 = ADVANCED_FACE('',(#8260),#8294,.T.);
#8260 = FACE_BOUND('',#8261,.T.);
#8261 = EDGE_LOOP('',(#8262,#8272,#8280,#8288));
#8262 = ORIENTED_EDGE('',*,*,#8263,.F.);
#8263 = EDGE_CURVE('',#8264,#8266,#8268,.T.);
#8264 = VERTEX_POINT('',#8265);
#8265 = CARTESIAN_POINT('',(-16.2,-16.2,-9.));
#8266 = VERTEX_POINT('',#8267);
#8267 = CARTESIAN_POINT('',(-16.2,-17.5,-9.));
#8268 = LINE('',#8269,#8270);
#8269 = CARTESIAN_POINT('',(-16.2,-8.75,-9.));
#8270 = VECTOR('',#8271,1.);
#8271 = DIRECTION('',(0.,-1.,0.));
#8272 = ORIENTED_EDGE('',*,*,#8273,.F.);
#8273 = EDGE_CURVE('',#8274,#8264,#8276,.T.);
#8274 = VERTEX_POINT('',#8275);
#8275 = CARTESIAN_POINT('',(-16.2,-16.2,-13.5));
#8276 = LINE('',#8277,#8278);
#8277 = CARTESIAN_POINT('',(-16.2,-16.2,-12.51));
#8278 = VECTOR('',#8279,1.);
#8279 = DIRECTION('',(0.,0.,1.));
#8280 = ORIENTED_EDGE('',*,*,#8281,.F.);
#8281 = EDGE_CURVE('',#8282,#8274,#8284,.T.);
#8282 = VERTEX_POINT('',#8283);
#8283 = CARTESIAN_POINT('',(-16.2,-17.5,-13.5));
#8284 = LINE('',#8285,#8286);
#8285 = CARTESIAN_POINT('',(-16.2,-17.5,-13.5));
#8286 = VECTOR('',#8287,1.);
#8287 = DIRECTION('',(-0.,1.,0.));
#8288 = ORIENTED_EDGE('',*,*,#8289,.T.);
#8289 = EDGE_CURVE('',#8282,#8266,#8290,.T.);
#8290 = LINE('',#8291,#8292);
#8291 = CARTESIAN_POINT('',(-16.2,-17.5,-13.5));
#8292 = VECTOR('',#8293,1.);
#8293 = DIRECTION('',(0.,0.,1.));
#8294 = PLANE('',#8295);
#8295 = AXIS2_PLACEMENT_3D('',#8296,#8297,#8298);
#8296 = CARTESIAN_POINT('',(-16.2,-16.85,-11.25));
#8297 = DIRECTION('',(-1.,-0.,-0.));
#8298 = DIRECTION('',(0.,0.,-1.));
#8299 = ADVANCED_FACE('',(#8300),#8348,.T.);
#8300 = FACE_BOUND('',#8301,.T.);
#8301 = EDGE_LOOP('',(#8302,#8312,#8320,#8328,#8334,#8335,#8341,#8342));
#8302 = ORIENTED_EDGE('',*,*,#8303,.F.);
#8303 = EDGE_CURVE('',#8304,#8306,#8308,.T.);
#8304 = VERTEX_POINT('',#8305);
#8305 = CARTESIAN_POINT('',(-15.325,-16.2,-12.49));
#8306 = VERTEX_POINT('',#8307);
#8307 = CARTESIAN_POINT('',(-15.325,-16.2,-9.));
#8308 = LINE('',#8309,#8310);
#8309 = CARTESIAN_POINT('',(-15.325,-16.2,-12.51));
#8310 = VECTOR('',#8311,1.);
#8311 = DIRECTION('',(0.,0.,1.));
#8312 = ORIENTED_EDGE('',*,*,#8313,.T.);
#8313 = EDGE_CURVE('',#8304,#8314,#8316,.T.);
#8314 = VERTEX_POINT('',#8315);
#8315 = CARTESIAN_POINT('',(-14.975,-16.2,-12.49));
#8316 = LINE('',#8317,#8318);
#8317 = CARTESIAN_POINT('',(-16.2,-16.2,-12.49));
#8318 = VECTOR('',#8319,1.);
#8319 = DIRECTION('',(1.,0.,-0.));
#8320 = ORIENTED_EDGE('',*,*,#8321,.T.);
#8321 = EDGE_CURVE('',#8314,#8322,#8324,.T.);
#8322 = VERTEX_POINT('',#8323);
#8323 = CARTESIAN_POINT('',(-14.975,-16.2,-12.5));
#8324 = LINE('',#8325,#8326);
#8325 = CARTESIAN_POINT('',(-14.975,-16.2,-12.02373626373));
#8326 = VECTOR('',#8327,1.);
#8327 = DIRECTION('',(-0.,0.,-1.));
#8328 = ORIENTED_EDGE('',*,*,#8329,.T.);
#8329 = EDGE_CURVE('',#8322,#8210,#8330,.T.);
#8330 = LINE('',#8331,#8332);
#8331 = CARTESIAN_POINT('',(-7.740746336996,-16.2,-12.5));
#8332 = VECTOR('',#8333,1.);
#8333 = DIRECTION('',(1.,0.,0.));
#8334 = ORIENTED_EDGE('',*,*,#8217,.F.);
#8335 = ORIENTED_EDGE('',*,*,#8336,.F.);
#8336 = EDGE_CURVE('',#8274,#8218,#8337,.T.);
#8337 = LINE('',#8338,#8339);
#8338 = CARTESIAN_POINT('',(-16.2,-16.2,-13.5));
#8339 = VECTOR('',#8340,1.);
#8340 = DIRECTION('',(1.,0.,-0.));
#8341 = ORIENTED_EDGE('',*,*,#8273,.T.);
#8342 = ORIENTED_EDGE('',*,*,#8343,.T.);
#8343 = EDGE_CURVE('',#8264,#8306,#8344,.T.);
#8344 = LINE('',#8345,#8346);
#8345 = CARTESIAN_POINT('',(-8.1,-16.2,-9.));
#8346 = VECTOR('',#8347,1.);
#8347 = DIRECTION('',(1.,0.,-0.));
#8348 = PLANE('',#8349);
#8349 = AXIS2_PLACEMENT_3D('',#8350,#8351,#8352);
#8350 = CARTESIAN_POINT('',(-15.48149267399,-16.2,-11.54747252747));
#8351 = DIRECTION('',(0.,1.,0.));
#8352 = DIRECTION('',(0.,-0.,1.));
#8353 = ADVANCED_FACE('',(#8354),#8379,.T.);
#8354 = FACE_BOUND('',#8355,.T.);
#8355 = EDGE_LOOP('',(#8356,#8366,#8372,#8373));
#8356 = ORIENTED_EDGE('',*,*,#8357,.F.);
#8357 = EDGE_CURVE('',#8358,#8360,#8362,.T.);
#8358 = VERTEX_POINT('',#8359);
#8359 = CARTESIAN_POINT('',(-15.325,-17.5,-12.49));
#8360 = VERTEX_POINT('',#8361);
#8361 = CARTESIAN_POINT('',(-15.325,-17.5,-9.));
#8362 = LINE('',#8363,#8364);
#8363 = CARTESIAN_POINT('',(-15.325,-17.5,-12.51));
#8364 = VECTOR('',#8365,1.);
#8365 = DIRECTION('',(0.,0.,1.));
#8366 = ORIENTED_EDGE('',*,*,#8367,.F.);
#8367 = EDGE_CURVE('',#8304,#8358,#8368,.T.);
#8368 = LINE('',#8369,#8370);
#8369 = CARTESIAN_POINT('',(-15.325,-17.5,-12.49));
#8370 = VECTOR('',#8371,1.);
#8371 = DIRECTION('',(0.,-1.,0.));
#8372 = ORIENTED_EDGE('',*,*,#8303,.T.);
#8373 = ORIENTED_EDGE('',*,*,#8374,.T.);
#8374 = EDGE_CURVE('',#8306,#8360,#8375,.T.);
#8375 = LINE('',#8376,#8377);
#8376 = CARTESIAN_POINT('',(-15.325,-8.75,-9.));
#8377 = VECTOR('',#8378,1.);
#8378 = DIRECTION('',(0.,-1.,0.));
#8379 = PLANE('',#8380);
#8380 = AXIS2_PLACEMENT_3D('',#8381,#8382,#8383);
#8381 = CARTESIAN_POINT('',(-15.325,-17.5,-12.51));
#8382 = DIRECTION('',(1.,0.,-0.));
#8383 = DIRECTION('',(0.,0.,1.));
#8384 = ADVANCED_FACE('',(#8385),#8396,.F.);
#8385 = FACE_BOUND('',#8386,.F.);
#8386 = EDGE_LOOP('',(#8387,#8388,#8389,#8395));
#8387 = ORIENTED_EDGE('',*,*,#8336,.F.);
#8388 = ORIENTED_EDGE('',*,*,#8281,.F.);
#8389 = ORIENTED_EDGE('',*,*,#8390,.T.);
#8390 = EDGE_CURVE('',#8282,#8226,#8391,.T.);
#8391 = LINE('',#8392,#8393);
#8392 = CARTESIAN_POINT('',(-16.2,-17.5,-13.5));
#8393 = VECTOR('',#8394,1.);
#8394 = DIRECTION('',(1.,0.,-0.));
#8395 = ORIENTED_EDGE('',*,*,#8225,.F.);
#8396 = PLANE('',#8397);
#8397 = AXIS2_PLACEMENT_3D('',#8398,#8399,#8400);
#8398 = CARTESIAN_POINT('',(-16.2,-17.5,-13.5));
#8399 = DIRECTION('',(0.,0.,1.));
#8400 = DIRECTION('',(1.,0.,-0.));
#8401 = ADVANCED_FACE('',(#8402),#8443,.T.);
#8402 = FACE_BOUND('',#8403,.T.);
#8403 = EDGE_LOOP('',(#8404,#8414,#8422,#8430,#8436,#8437));
#8404 = ORIENTED_EDGE('',*,*,#8405,.T.);
#8405 = EDGE_CURVE('',#8406,#8408,#8410,.T.);
#8406 = VERTEX_POINT('',#8407);
#8407 = CARTESIAN_POINT('',(-14.975,-10.,-12.5));
#8408 = VERTEX_POINT('',#8409);
#8409 = CARTESIAN_POINT('',(-14.975,-10.,-9.));
#8410 = LINE('',#8411,#8412);
#8411 = CARTESIAN_POINT('',(-14.975,-10.,-11.97899267399));
#8412 = VECTOR('',#8413,1.);
#8413 = DIRECTION('',(0.,-0.,1.));
#8414 = ORIENTED_EDGE('',*,*,#8415,.F.);
#8415 = EDGE_CURVE('',#8416,#8408,#8418,.T.);
#8416 = VERTEX_POINT('',#8417);
#8417 = CARTESIAN_POINT('',(-16.2,-10.,-9.));
#8418 = LINE('',#8419,#8420);
#8419 = CARTESIAN_POINT('',(-8.1,-10.,-9.));
#8420 = VECTOR('',#8421,1.);
#8421 = DIRECTION('',(1.,0.,-0.));
#8422 = ORIENTED_EDGE('',*,*,#8423,.F.);
#8423 = EDGE_CURVE('',#8424,#8416,#8426,.T.);
#8424 = VERTEX_POINT('',#8425);
#8425 = CARTESIAN_POINT('',(-16.2,-10.,-13.5));
#8426 = LINE('',#8427,#8428);
#8427 = CARTESIAN_POINT('',(-16.2,-10.,-12.51));
#8428 = VECTOR('',#8429,1.);
#8429 = DIRECTION('',(0.,0.,1.));
#8430 = ORIENTED_EDGE('',*,*,#8431,.T.);
#8431 = EDGE_CURVE('',#8424,#8194,#8432,.T.);
#8432 = LINE('',#8433,#8434);
#8433 = CARTESIAN_POINT('',(-16.2,-10.,-13.5));
#8434 = VECTOR('',#8435,1.);
#8435 = DIRECTION('',(1.,0.,-0.));
#8436 = ORIENTED_EDGE('',*,*,#8201,.T.);
#8437 = ORIENTED_EDGE('',*,*,#8438,.T.);
#8438 = EDGE_CURVE('',#8202,#8406,#8439,.T.);
#8439 = LINE('',#8440,#8441);
#8440 = CARTESIAN_POINT('',(-7.696002747253,-10.,-12.5));
#8441 = VECTOR('',#8442,1.);
#8442 = DIRECTION('',(-1.,0.,0.));
#8443 = PLANE('',#8444);
#8444 = AXIS2_PLACEMENT_3D('',#8445,#8446,#8447);
#8445 = CARTESIAN_POINT('',(-15.3920054945,-10.,-11.45798534798));
#8446 = DIRECTION('',(-0.,-1.,-0.));
#8447 = DIRECTION('',(0.,0.,-1.));
#8448 = ADVANCED_FACE('',(#8449),#8474,.T.);
#8449 = FACE_BOUND('',#8450,.T.);
#8450 = EDGE_LOOP('',(#8451,#8452,#8460,#8468));
#8451 = ORIENTED_EDGE('',*,*,#8423,.T.);
#8452 = ORIENTED_EDGE('',*,*,#8453,.F.);
#8453 = EDGE_CURVE('',#8454,#8416,#8456,.T.);
#8454 = VERTEX_POINT('',#8455);
#8455 = CARTESIAN_POINT('',(-16.2,3.5,-9.));
#8456 = LINE('',#8457,#8458);
#8457 = CARTESIAN_POINT('',(-16.2,-5.,-9.));
#8458 = VECTOR('',#8459,1.);
#8459 = DIRECTION('',(0.,-1.,0.));
#8460 = ORIENTED_EDGE('',*,*,#8461,.F.);
#8461 = EDGE_CURVE('',#8462,#8454,#8464,.T.);
#8462 = VERTEX_POINT('',#8463);
#8463 = CARTESIAN_POINT('',(-16.2,3.5,-13.5));
#8464 = LINE('',#8465,#8466);
#8465 = CARTESIAN_POINT('',(-16.2,3.5,-13.5));
#8466 = VECTOR('',#8467,1.);
#8467 = DIRECTION('',(0.,0.,1.));
#8468 = ORIENTED_EDGE('',*,*,#8469,.F.);
#8469 = EDGE_CURVE('',#8424,#8462,#8470,.T.);
#8470 = LINE('',#8471,#8472);
#8471 = CARTESIAN_POINT('',(-16.2,-10.,-13.5));
#8472 = VECTOR('',#8473,1.);
#8473 = DIRECTION('',(-0.,1.,0.));
#8474 = PLANE('',#8475);
#8475 = AXIS2_PLACEMENT_3D('',#8476,#8477,#8478);
#8476 = CARTESIAN_POINT('',(-16.2,-3.25,-11.25));
#8477 = DIRECTION('',(-1.,-0.,-0.));
#8478 = DIRECTION('',(0.,0.,-1.));
#8479 = ADVANCED_FACE('',(#8480),#8512,.T.);
#8480 = FACE_BOUND('',#8481,.T.);
#8481 = EDGE_LOOP('',(#8482,#8492,#8498,#8499,#8505,#8506));
#8482 = ORIENTED_EDGE('',*,*,#8483,.F.);
#8483 = EDGE_CURVE('',#8484,#8486,#8488,.T.);
#8484 = VERTEX_POINT('',#8485);
#8485 = CARTESIAN_POINT('',(-14.975,3.5,-12.5));
#8486 = VERTEX_POINT('',#8487);
#8487 = CARTESIAN_POINT('',(-14.975,3.5,-9.));
#8488 = LINE('',#8489,#8490);
#8489 = CARTESIAN_POINT('',(-14.975,3.5,-12.51));
#8490 = VECTOR('',#8491,1.);
#8491 = DIRECTION('',(0.,0.,1.));
#8492 = ORIENTED_EDGE('',*,*,#8493,.T.);
#8493 = EDGE_CURVE('',#8484,#8178,#8494,.T.);
#8494 = LINE('',#8495,#8496);
#8495 = CARTESIAN_POINT('',(-7.696002747253,3.5,-12.5));
#8496 = VECTOR('',#8497,1.);
#8497 = DIRECTION('',(1.,0.,0.));
#8498 = ORIENTED_EDGE('',*,*,#8185,.F.);
#8499 = ORIENTED_EDGE('',*,*,#8500,.F.);
#8500 = EDGE_CURVE('',#8462,#8186,#8501,.T.);
#8501 = LINE('',#8502,#8503);
#8502 = CARTESIAN_POINT('',(-16.2,3.5,-13.5));
#8503 = VECTOR('',#8504,1.);
#8504 = DIRECTION('',(1.,0.,-0.));
#8505 = ORIENTED_EDGE('',*,*,#8461,.T.);
#8506 = ORIENTED_EDGE('',*,*,#8507,.T.);
#8507 = EDGE_CURVE('',#8454,#8486,#8508,.T.);
#8508 = LINE('',#8509,#8510);
#8509 = CARTESIAN_POINT('',(-8.1,3.5,-9.));
#8510 = VECTOR('',#8511,1.);
#8511 = DIRECTION('',(1.,0.,-0.));
#8512 = PLANE('',#8513);
#8513 = AXIS2_PLACEMENT_3D('',#8514,#8515,#8516);
#8514 = CARTESIAN_POINT('',(-15.3920054945,3.5,-11.45798534798));
#8515 = DIRECTION('',(0.,1.,0.));
#8516 = DIRECTION('',(0.,-0.,1.));
#8517 = ADVANCED_FACE('',(#8518),#8552,.T.);
#8518 = FACE_BOUND('',#8519,.T.);
#8519 = EDGE_LOOP('',(#8520,#8530,#8538,#8546));
#8520 = ORIENTED_EDGE('',*,*,#8521,.F.);
#8521 = EDGE_CURVE('',#8522,#8524,#8526,.T.);
#8522 = VERTEX_POINT('',#8523);
#8523 = CARTESIAN_POINT('',(-16.2,17.5,-9.));
#8524 = VERTEX_POINT('',#8525);
#8525 = CARTESIAN_POINT('',(-16.2,16.2,-9.));
#8526 = LINE('',#8527,#8528);
#8527 = CARTESIAN_POINT('',(-16.2,8.1,-9.));
#8528 = VECTOR('',#8529,1.);
#8529 = DIRECTION('',(0.,-1.,0.));
#8530 = ORIENTED_EDGE('',*,*,#8531,.F.);
#8531 = EDGE_CURVE('',#8532,#8522,#8534,.T.);
#8532 = VERTEX_POINT('',#8533);
#8533 = CARTESIAN_POINT('',(-16.2,17.5,-13.5));
#8534 = LINE('',#8535,#8536);
#8535 = CARTESIAN_POINT('',(-16.2,17.5,-12.51));
#8536 = VECTOR('',#8537,1.);
#8537 = DIRECTION('',(0.,0.,1.));
#8538 = ORIENTED_EDGE('',*,*,#8539,.F.);
#8539 = EDGE_CURVE('',#8540,#8532,#8542,.T.);
#8540 = VERTEX_POINT('',#8541);
#8541 = CARTESIAN_POINT('',(-16.2,16.2,-13.5));
#8542 = LINE('',#8543,#8544);
#8543 = CARTESIAN_POINT('',(-16.2,16.2,-13.5));
#8544 = VECTOR('',#8545,1.);
#8545 = DIRECTION('',(-0.,1.,0.));
#8546 = ORIENTED_EDGE('',*,*,#8547,.T.);
#8547 = EDGE_CURVE('',#8540,#8524,#8548,.T.);
#8548 = LINE('',#8549,#8550);
#8549 = CARTESIAN_POINT('',(-16.2,16.2,-13.5));
#8550 = VECTOR('',#8551,1.);
#8551 = DIRECTION('',(0.,0.,1.));
#8552 = PLANE('',#8553);
#8553 = AXIS2_PLACEMENT_3D('',#8554,#8555,#8556);
#8554 = CARTESIAN_POINT('',(-16.2,16.85,-11.25));
#8555 = DIRECTION('',(-1.,-0.,-0.));
#8556 = DIRECTION('',(0.,0.,-1.));
#8557 = ADVANCED_FACE('',(#8558),#8606,.T.);
#8558 = FACE_BOUND('',#8559,.T.);
#8559 = EDGE_LOOP('',(#8560,#8570,#8578,#8584,#8585,#8591,#8592,#8600));
#8560 = ORIENTED_EDGE('',*,*,#8561,.F.);
#8561 = EDGE_CURVE('',#8562,#8564,#8566,.T.);
#8562 = VERTEX_POINT('',#8563);
#8563 = CARTESIAN_POINT('',(-15.325,16.2,-12.49));
#8564 = VERTEX_POINT('',#8565);
#8565 = CARTESIAN_POINT('',(-14.975,16.2,-12.49));
#8566 = LINE('',#8567,#8568);
#8567 = CARTESIAN_POINT('',(-16.2,16.2,-12.49));
#8568 = VECTOR('',#8569,1.);
#8569 = DIRECTION('',(1.,0.,-0.));
#8570 = ORIENTED_EDGE('',*,*,#8571,.T.);
#8571 = EDGE_CURVE('',#8562,#8572,#8574,.T.);
#8572 = VERTEX_POINT('',#8573);
#8573 = CARTESIAN_POINT('',(-15.325,16.2,-9.));
#8574 = LINE('',#8575,#8576);
#8575 = CARTESIAN_POINT('',(-15.325,16.2,-12.51));
#8576 = VECTOR('',#8577,1.);
#8577 = DIRECTION('',(0.,0.,1.));
#8578 = ORIENTED_EDGE('',*,*,#8579,.F.);
#8579 = EDGE_CURVE('',#8524,#8572,#8580,.T.);
#8580 = LINE('',#8581,#8582);
#8581 = CARTESIAN_POINT('',(-8.1,16.2,-9.));
#8582 = VECTOR('',#8583,1.);
#8583 = DIRECTION('',(1.,0.,-0.));
#8584 = ORIENTED_EDGE('',*,*,#8547,.F.);
#8585 = ORIENTED_EDGE('',*,*,#8586,.T.);
#8586 = EDGE_CURVE('',#8540,#8162,#8587,.T.);
#8587 = LINE('',#8588,#8589);
#8588 = CARTESIAN_POINT('',(-16.2,16.2,-13.5));
#8589 = VECTOR('',#8590,1.);
#8590 = DIRECTION('',(1.,0.,-0.));
#8591 = ORIENTED_EDGE('',*,*,#8169,.T.);
#8592 = ORIENTED_EDGE('',*,*,#8593,.T.);
#8593 = EDGE_CURVE('',#8170,#8594,#8596,.T.);
#8594 = VERTEX_POINT('',#8595);
#8595 = CARTESIAN_POINT('',(-14.975,16.2,-12.5));
#8596 = LINE('',#8597,#8598);
#8597 = CARTESIAN_POINT('',(-7.740746336996,16.2,-12.5));
#8598 = VECTOR('',#8599,1.);
#8599 = DIRECTION('',(-1.,0.,0.));
#8600 = ORIENTED_EDGE('',*,*,#8601,.T.);
#8601 = EDGE_CURVE('',#8594,#8564,#8602,.T.);
#8602 = LINE('',#8603,#8604);
#8603 = CARTESIAN_POINT('',(-14.975,16.2,-12.02373626373));
#8604 = VECTOR('',#8605,1.);
#8605 = DIRECTION('',(0.,-0.,1.));
#8606 = PLANE('',#8607);
#8607 = AXIS2_PLACEMENT_3D('',#8608,#8609,#8610);
#8608 = CARTESIAN_POINT('',(-15.48149267399,16.2,-11.54747252747));
#8609 = DIRECTION('',(-0.,-1.,-0.));
#8610 = DIRECTION('',(0.,0.,-1.));
#8611 = ADVANCED_FACE('',(#8612),#8637,.T.);
#8612 = FACE_BOUND('',#8613,.T.);
#8613 = EDGE_LOOP('',(#8614,#8615,#8623,#8631));
#8614 = ORIENTED_EDGE('',*,*,#8571,.F.);
#8615 = ORIENTED_EDGE('',*,*,#8616,.F.);
#8616 = EDGE_CURVE('',#8617,#8562,#8619,.T.);
#8617 = VERTEX_POINT('',#8618);
#8618 = CARTESIAN_POINT('',(-15.325,17.5,-12.49));
#8619 = LINE('',#8620,#8621);
#8620 = CARTESIAN_POINT('',(-15.325,16.2,-12.49));
#8621 = VECTOR('',#8622,1.);
#8622 = DIRECTION('',(0.,-1.,0.));
#8623 = ORIENTED_EDGE('',*,*,#8624,.T.);
#8624 = EDGE_CURVE('',#8617,#8625,#8627,.T.);
#8625 = VERTEX_POINT('',#8626);
#8626 = CARTESIAN_POINT('',(-15.325,17.5,-9.));
#8627 = LINE('',#8628,#8629);
#8628 = CARTESIAN_POINT('',(-15.325,17.5,-12.51));
#8629 = VECTOR('',#8630,1.);
#8630 = DIRECTION('',(0.,0.,1.));
#8631 = ORIENTED_EDGE('',*,*,#8632,.T.);
#8632 = EDGE_CURVE('',#8625,#8572,#8633,.T.);
#8633 = LINE('',#8634,#8635);
#8634 = CARTESIAN_POINT('',(-15.325,8.1,-9.));
#8635 = VECTOR('',#8636,1.);
#8636 = DIRECTION('',(0.,-1.,0.));
#8637 = PLANE('',#8638);
#8638 = AXIS2_PLACEMENT_3D('',#8639,#8640,#8641);
#8639 = CARTESIAN_POINT('',(-15.325,16.2,-12.51));
#8640 = DIRECTION('',(1.,0.,-0.));
#8641 = DIRECTION('',(0.,0.,1.));
#8642 = ADVANCED_FACE('',(#8643),#8668,.T.);
#8643 = FACE_BOUND('',#8644,.T.);
#8644 = EDGE_LOOP('',(#8645,#8653,#8654,#8662));
#8645 = ORIENTED_EDGE('',*,*,#8646,.F.);
#8646 = EDGE_CURVE('',#8322,#8647,#8649,.T.);
#8647 = VERTEX_POINT('',#8648);
#8648 = CARTESIAN_POINT('',(-14.975,-17.5,-12.5));
#8649 = LINE('',#8650,#8651);
#8650 = CARTESIAN_POINT('',(-14.975,19.85,-12.5));
#8651 = VECTOR('',#8652,1.);
#8652 = DIRECTION('',(0.,-1.,0.));
#8653 = ORIENTED_EDGE('',*,*,#8321,.F.);
#8654 = ORIENTED_EDGE('',*,*,#8655,.F.);
#8655 = EDGE_CURVE('',#8656,#8314,#8658,.T.);
#8656 = VERTEX_POINT('',#8657);
#8657 = CARTESIAN_POINT('',(-14.975,-17.5,-12.49));
#8658 = LINE('',#8659,#8660);
#8659 = CARTESIAN_POINT('',(-14.975,1.175,-12.49));
#8660 = VECTOR('',#8661,1.);
#8661 = DIRECTION('',(-0.,1.,0.));
#8662 = ORIENTED_EDGE('',*,*,#8663,.F.);
#8663 = EDGE_CURVE('',#8647,#8656,#8664,.T.);
#8664 = LINE('',#8665,#8666);
#8665 = CARTESIAN_POINT('',(-14.975,-17.5,-14.125));
#8666 = VECTOR('',#8667,1.);
#8667 = DIRECTION('',(0.,0.,1.));
#8668 = PLANE('',#8669);
#8669 = AXIS2_PLACEMENT_3D('',#8670,#8671,#8672);
#8670 = CARTESIAN_POINT('',(-14.975,19.85,-12.5));
#8671 = DIRECTION('',(1.,0.,-0.));
#8672 = DIRECTION('',(0.,-1.,0.));
#8673 = ADVANCED_FACE('',(#8674),#8685,.T.);
#8674 = FACE_BOUND('',#8675,.T.);
#8675 = EDGE_LOOP('',(#8676,#8677,#8678,#8684));
#8676 = ORIENTED_EDGE('',*,*,#8313,.F.);
#8677 = ORIENTED_EDGE('',*,*,#8367,.T.);
#8678 = ORIENTED_EDGE('',*,*,#8679,.T.);
#8679 = EDGE_CURVE('',#8358,#8656,#8680,.T.);
#8680 = LINE('',#8681,#8682);
#8681 = CARTESIAN_POINT('',(-16.2,-17.5,-12.49));
#8682 = VECTOR('',#8683,1.);
#8683 = DIRECTION('',(1.,0.,-0.));
#8684 = ORIENTED_EDGE('',*,*,#8655,.T.);
#8685 = PLANE('',#8686);
#8686 = AXIS2_PLACEMENT_3D('',#8687,#8688,#8689);
#8687 = CARTESIAN_POINT('',(-16.2,-17.5,-12.49));
#8688 = DIRECTION('',(0.,0.,1.));
#8689 = DIRECTION('',(1.,0.,-0.));
#8690 = ADVANCED_FACE('',(#8691),#8702,.F.);
#8691 = FACE_BOUND('',#8692,.F.);
#8692 = EDGE_LOOP('',(#8693,#8699,#8700,#8701));
#8693 = ORIENTED_EDGE('',*,*,#8694,.F.);
#8694 = EDGE_CURVE('',#8532,#8154,#8695,.T.);
#8695 = LINE('',#8696,#8697);
#8696 = CARTESIAN_POINT('',(-16.2,17.5,-13.5));
#8697 = VECTOR('',#8698,1.);
#8698 = DIRECTION('',(1.,0.,-0.));
#8699 = ORIENTED_EDGE('',*,*,#8539,.F.);
#8700 = ORIENTED_EDGE('',*,*,#8586,.T.);
#8701 = ORIENTED_EDGE('',*,*,#8161,.F.);
#8702 = PLANE('',#8703);
#8703 = AXIS2_PLACEMENT_3D('',#8704,#8705,#8706);
#8704 = CARTESIAN_POINT('',(-16.2,16.2,-13.5));
#8705 = DIRECTION('',(0.,0.,1.));
#8706 = DIRECTION('',(1.,0.,-0.));
#8707 = ADVANCED_FACE('',(#8708),#8726,.T.);
#8708 = FACE_BOUND('',#8709,.T.);
#8709 = EDGE_LOOP('',(#8710,#8718,#8719,#8720));
#8710 = ORIENTED_EDGE('',*,*,#8711,.F.);
#8711 = EDGE_CURVE('',#8617,#8712,#8714,.T.);
#8712 = VERTEX_POINT('',#8713);
#8713 = CARTESIAN_POINT('',(-14.975,17.5,-12.49));
#8714 = LINE('',#8715,#8716);
#8715 = CARTESIAN_POINT('',(-16.2,17.5,-12.49));
#8716 = VECTOR('',#8717,1.);
#8717 = DIRECTION('',(1.,0.,-0.));
#8718 = ORIENTED_EDGE('',*,*,#8616,.T.);
#8719 = ORIENTED_EDGE('',*,*,#8561,.T.);
#8720 = ORIENTED_EDGE('',*,*,#8721,.T.);
#8721 = EDGE_CURVE('',#8564,#8712,#8722,.T.);
#8722 = LINE('',#8723,#8724);
#8723 = CARTESIAN_POINT('',(-14.975,18.025,-12.49));
#8724 = VECTOR('',#8725,1.);
#8725 = DIRECTION('',(-0.,1.,0.));
#8726 = PLANE('',#8727);
#8727 = AXIS2_PLACEMENT_3D('',#8728,#8729,#8730);
#8728 = CARTESIAN_POINT('',(-16.2,16.2,-12.49));
#8729 = DIRECTION('',(0.,0.,1.));
#8730 = DIRECTION('',(1.,0.,-0.));
#8731 = ADVANCED_FACE('',(#8732),#8750,.T.);
#8732 = FACE_BOUND('',#8733,.T.);
#8733 = EDGE_LOOP('',(#8734,#8742,#8743,#8744));
#8734 = ORIENTED_EDGE('',*,*,#8735,.T.);
#8735 = EDGE_CURVE('',#8736,#8712,#8738,.T.);
#8736 = VERTEX_POINT('',#8737);
#8737 = CARTESIAN_POINT('',(-14.975,17.5,-12.5));
#8738 = LINE('',#8739,#8740);
#8739 = CARTESIAN_POINT('',(-14.975,17.5,-14.125));
#8740 = VECTOR('',#8741,1.);
#8741 = DIRECTION('',(0.,0.,1.));
#8742 = ORIENTED_EDGE('',*,*,#8721,.F.);
#8743 = ORIENTED_EDGE('',*,*,#8601,.F.);
#8744 = ORIENTED_EDGE('',*,*,#8745,.F.);
#8745 = EDGE_CURVE('',#8736,#8594,#8746,.T.);
#8746 = LINE('',#8747,#8748);
#8747 = CARTESIAN_POINT('',(-14.975,19.85,-12.5));
#8748 = VECTOR('',#8749,1.);
#8749 = DIRECTION('',(0.,-1.,0.));
#8750 = PLANE('',#8751);
#8751 = AXIS2_PLACEMENT_3D('',#8752,#8753,#8754);
#8752 = CARTESIAN_POINT('',(-14.975,19.85,-12.5));
#8753 = DIRECTION('',(1.,0.,-0.));
#8754 = DIRECTION('',(0.,-1.,0.));
#8755 = ADVANCED_FACE('',(#8756,#8781),#8787,.T.);
#8756 = FACE_BOUND('',#8757,.T.);
#8757 = EDGE_LOOP('',(#8758,#8766,#8767,#8775));
#8758 = ORIENTED_EDGE('',*,*,#8759,.F.);
#8759 = EDGE_CURVE('',#6507,#8760,#8762,.T.);
#8760 = VERTEX_POINT('',#8761);
#8761 = CARTESIAN_POINT('',(16.1,-16.1,-7.82));
#8762 = LINE('',#8763,#8764);
#8763 = CARTESIAN_POINT('',(16.1,-22.9,-7.82));
#8764 = VECTOR('',#8765,1.);
#8765 = DIRECTION('',(-0.,1.,0.));
#8766 = ORIENTED_EDGE('',*,*,#6506,.T.);
#8767 = ORIENTED_EDGE('',*,*,#8768,.T.);
#8768 = EDGE_CURVE('',#6499,#8769,#8771,.T.);
#8769 = VERTEX_POINT('',#8770);
#8770 = CARTESIAN_POINT('',(25.3,-16.1,-7.82));
#8771 = LINE('',#8772,#8773);
#8772 = CARTESIAN_POINT('',(25.3,-22.9,-7.82));
#8773 = VECTOR('',#8774,1.);
#8774 = DIRECTION('',(-0.,1.,0.));
#8775 = ORIENTED_EDGE('',*,*,#8776,.F.);
#8776 = EDGE_CURVE('',#8760,#8769,#8777,.T.);
#8777 = LINE('',#8778,#8779);
#8778 = CARTESIAN_POINT('',(16.1,-16.1,-7.82));
#8779 = VECTOR('',#8780,1.);
#8780 = DIRECTION('',(1.,0.,-0.));
#8781 = FACE_BOUND('',#8782,.T.);
#8782 = EDGE_LOOP('',(#8783,#8784,#8785,#8786));
#8783 = ORIENTED_EDGE('',*,*,#7754,.F.);
#8784 = ORIENTED_EDGE('',*,*,#7684,.T.);
#8785 = ORIENTED_EDGE('',*,*,#7715,.F.);
#8786 = ORIENTED_EDGE('',*,*,#7839,.F.);
#8787 = PLANE('',#8788);
#8788 = AXIS2_PLACEMENT_3D('',#8789,#8790,#8791);
#8789 = CARTESIAN_POINT('',(16.1,-22.9,-7.82));
#8790 = DIRECTION('',(0.,0.,1.));
#8791 = DIRECTION('',(1.,0.,-0.));
#8792 = ADVANCED_FACE('',(#8793),#8827,.F.);
#8793 = FACE_BOUND('',#8794,.F.);
#8794 = EDGE_LOOP('',(#8795,#8796,#8804,#8812,#8820,#8826));
#8795 = ORIENTED_EDGE('',*,*,#7334,.F.);
#8796 = ORIENTED_EDGE('',*,*,#8797,.T.);
#8797 = EDGE_CURVE('',#7335,#8798,#8800,.T.);
#8798 = VERTEX_POINT('',#8799);
#8799 = CARTESIAN_POINT('',(14.875,-19.85,-15.75));
#8800 = LINE('',#8801,#8802);
#8801 = CARTESIAN_POINT('',(14.875,-19.85,-17.8));
#8802 = VECTOR('',#8803,1.);
#8803 = DIRECTION('',(0.,0.,1.));
#8804 = ORIENTED_EDGE('',*,*,#8805,.T.);
#8805 = EDGE_CURVE('',#8798,#8806,#8808,.T.);
#8806 = VERTEX_POINT('',#8807);
#8807 = CARTESIAN_POINT('',(14.875,-17.5,-15.75));
#8808 = LINE('',#8809,#8810);
#8809 = CARTESIAN_POINT('',(14.875,-22.85,-15.75));
#8810 = VECTOR('',#8811,1.);
#8811 = DIRECTION('',(0.,1.,-0.));
#8812 = ORIENTED_EDGE('',*,*,#8813,.F.);
#8813 = EDGE_CURVE('',#8814,#8806,#8816,.T.);
#8814 = VERTEX_POINT('',#8815);
#8815 = CARTESIAN_POINT('',(14.875,-17.5,-13.5));
#8816 = LINE('',#8817,#8818);
#8817 = CARTESIAN_POINT('',(14.875,-17.5,-16.775));
#8818 = VECTOR('',#8819,1.);
#8819 = DIRECTION('',(0.,0.,-1.));
#8820 = ORIENTED_EDGE('',*,*,#8821,.T.);
#8821 = EDGE_CURVE('',#8814,#7787,#8822,.T.);
#8822 = LINE('',#8823,#8824);
#8823 = CARTESIAN_POINT('',(14.875,-18.675,-13.5));
#8824 = VECTOR('',#8825,1.);
#8825 = DIRECTION('',(0.,1.,-0.));
#8826 = ORIENTED_EDGE('',*,*,#7794,.T.);
#8827 = PLANE('',#8828);
#8828 = AXIS2_PLACEMENT_3D('',#8829,#8830,#8831);
#8829 = CARTESIAN_POINT('',(14.875,-19.85,-17.8));
#8830 = DIRECTION('',(-1.,0.,0.));
#8831 = DIRECTION('',(0.,1.,0.));
#8832 = ADVANCED_FACE('',(#8833),#8844,.F.);
#8833 = FACE_BOUND('',#8834,.F.);
#8834 = EDGE_LOOP('',(#8835,#8836,#8842,#8843));
#8835 = ORIENTED_EDGE('',*,*,#8821,.F.);
#8836 = ORIENTED_EDGE('',*,*,#8837,.T.);
#8837 = EDGE_CURVE('',#8814,#7885,#8838,.T.);
#8838 = LINE('',#8839,#8840);
#8839 = CARTESIAN_POINT('',(13.875,-17.5,-13.5));
#8840 = VECTOR('',#8841,1.);
#8841 = DIRECTION('',(1.,0.,-0.));
#8842 = ORIENTED_EDGE('',*,*,#7894,.T.);
#8843 = ORIENTED_EDGE('',*,*,#7786,.F.);
#8844 = PLANE('',#8845);
#8845 = AXIS2_PLACEMENT_3D('',#8846,#8847,#8848);
#8846 = CARTESIAN_POINT('',(13.875,-17.5,-13.5));
#8847 = DIRECTION('',(0.,0.,1.));
#8848 = DIRECTION('',(1.,0.,-0.));
#8849 = ADVANCED_FACE('',(#8850),#8971,.F.);
#8850 = FACE_BOUND('',#8851,.F.);
#8851 = EDGE_LOOP('',(#8852,#8853,#8861,#8869,#8877,#8885,#8893,#8901,
    #8909,#8917,#8925,#8933,#8941,#8949,#8957,#8965));
#8852 = ORIENTED_EDGE('',*,*,#7351,.F.);
#8853 = ORIENTED_EDGE('',*,*,#8854,.T.);
#8854 = EDGE_CURVE('',#7237,#8855,#8857,.T.);
#8855 = VERTEX_POINT('',#8856);
#8856 = CARTESIAN_POINT('',(-9.875,-24.85,-15.75));
#8857 = LINE('',#8858,#8859);
#8858 = CARTESIAN_POINT('',(-9.875,-24.85,-17.8));
#8859 = VECTOR('',#8860,1.);
#8860 = DIRECTION('',(0.,0.,1.));
#8861 = ORIENTED_EDGE('',*,*,#8862,.T.);
#8862 = EDGE_CURVE('',#8855,#8863,#8865,.T.);
#8863 = VERTEX_POINT('',#8864);
#8864 = CARTESIAN_POINT('',(-7.525,-24.85,-15.75));
#8865 = LINE('',#8866,#8867);
#8866 = CARTESIAN_POINT('',(-12.875,-24.85,-15.75));
#8867 = VECTOR('',#8868,1.);
#8868 = DIRECTION('',(1.,0.,0.));
#8869 = ORIENTED_EDGE('',*,*,#8870,.F.);
#8870 = EDGE_CURVE('',#8871,#8863,#8873,.T.);
#8871 = VERTEX_POINT('',#8872);
#8872 = CARTESIAN_POINT('',(-7.525,-24.85,-12.5));
#8873 = LINE('',#8874,#8875);
#8874 = CARTESIAN_POINT('',(-7.525,-24.85,-16.775));
#8875 = VECTOR('',#8876,1.);
#8876 = DIRECTION('',(-0.,0.,-1.));
#8877 = ORIENTED_EDGE('',*,*,#8878,.T.);
#8878 = EDGE_CURVE('',#8871,#8879,#8881,.T.);
#8879 = VERTEX_POINT('',#8880);
#8880 = CARTESIAN_POINT('',(-7.2,-24.85,-12.5));
#8881 = LINE('',#8882,#8883);
#8882 = CARTESIAN_POINT('',(-9.875,-24.85,-12.5));
#8883 = VECTOR('',#8884,1.);
#8884 = DIRECTION('',(1.,0.,0.));
#8885 = ORIENTED_EDGE('',*,*,#8886,.T.);
#8886 = EDGE_CURVE('',#8879,#8887,#8889,.T.);
#8887 = VERTEX_POINT('',#8888);
#8888 = CARTESIAN_POINT('',(-7.2,-24.85,-13.5));
#8889 = LINE('',#8890,#8891);
#8890 = CARTESIAN_POINT('',(-7.2,-24.85,-15.65));
#8891 = VECTOR('',#8892,1.);
#8892 = DIRECTION('',(-0.,0.,-1.));
#8893 = ORIENTED_EDGE('',*,*,#8894,.T.);
#8894 = EDGE_CURVE('',#8887,#8895,#8897,.T.);
#8895 = VERTEX_POINT('',#8896);
#8896 = CARTESIAN_POINT('',(-4.2,-24.85,-13.5));
#8897 = LINE('',#8898,#8899);
#8898 = CARTESIAN_POINT('',(-8.5375,-24.85,-13.5));
#8899 = VECTOR('',#8900,1.);
#8900 = DIRECTION('',(1.,0.,0.));
#8901 = ORIENTED_EDGE('',*,*,#8902,.F.);
#8902 = EDGE_CURVE('',#8903,#8895,#8905,.T.);
#8903 = VERTEX_POINT('',#8904);
#8904 = CARTESIAN_POINT('',(-4.2,-24.85,-12.5));
#8905 = LINE('',#8906,#8907);
#8906 = CARTESIAN_POINT('',(-4.2,-24.85,-15.65));
#8907 = VECTOR('',#8908,1.);
#8908 = DIRECTION('',(-0.,0.,-1.));
#8909 = ORIENTED_EDGE('',*,*,#8910,.T.);
#8910 = EDGE_CURVE('',#8903,#8911,#8913,.T.);
#8911 = VERTEX_POINT('',#8912);
#8912 = CARTESIAN_POINT('',(4.5,-24.85,-12.5));
#8913 = LINE('',#8914,#8915);
#8914 = CARTESIAN_POINT('',(-9.875,-24.85,-12.5));
#8915 = VECTOR('',#8916,1.);
#8916 = DIRECTION('',(1.,0.,0.));
#8917 = ORIENTED_EDGE('',*,*,#8918,.T.);
#8918 = EDGE_CURVE('',#8911,#8919,#8921,.T.);
#8919 = VERTEX_POINT('',#8920);
#8920 = CARTESIAN_POINT('',(4.5,-24.85,-13.5));
#8921 = LINE('',#8922,#8923);
#8922 = CARTESIAN_POINT('',(4.5,-24.85,-15.65));
#8923 = VECTOR('',#8924,1.);
#8924 = DIRECTION('',(-0.,0.,-1.));
#8925 = ORIENTED_EDGE('',*,*,#8926,.T.);
#8926 = EDGE_CURVE('',#8919,#8927,#8929,.T.);
#8927 = VERTEX_POINT('',#8928);
#8928 = CARTESIAN_POINT('',(7.,-24.85,-13.5));
#8929 = LINE('',#8930,#8931);
#8930 = CARTESIAN_POINT('',(-2.6875,-24.85,-13.5));
#8931 = VECTOR('',#8932,1.);
#8932 = DIRECTION('',(1.,0.,0.));
#8933 = ORIENTED_EDGE('',*,*,#8934,.F.);
#8934 = EDGE_CURVE('',#8935,#8927,#8937,.T.);
#8935 = VERTEX_POINT('',#8936);
#8936 = CARTESIAN_POINT('',(7.,-24.85,-12.5));
#8937 = LINE('',#8938,#8939);
#8938 = CARTESIAN_POINT('',(7.,-24.85,-15.65));
#8939 = VECTOR('',#8940,1.);
#8940 = DIRECTION('',(-0.,0.,-1.));
#8941 = ORIENTED_EDGE('',*,*,#8942,.T.);
#8942 = EDGE_CURVE('',#8935,#8943,#8945,.T.);
#8943 = VERTEX_POINT('',#8944);
#8944 = CARTESIAN_POINT('',(7.525,-24.85,-12.5));
#8945 = LINE('',#8946,#8947);
#8946 = CARTESIAN_POINT('',(-9.875,-24.85,-12.5));
#8947 = VECTOR('',#8948,1.);
#8948 = DIRECTION('',(1.,0.,0.));
#8949 = ORIENTED_EDGE('',*,*,#8950,.T.);
#8950 = EDGE_CURVE('',#8943,#8951,#8953,.T.);
#8951 = VERTEX_POINT('',#8952);
#8952 = CARTESIAN_POINT('',(7.525,-24.85,-15.75));
#8953 = LINE('',#8954,#8955);
#8954 = CARTESIAN_POINT('',(7.525,-24.85,-16.775));
#8955 = VECTOR('',#8956,1.);
#8956 = DIRECTION('',(-0.,0.,-1.));
#8957 = ORIENTED_EDGE('',*,*,#8958,.T.);
#8958 = EDGE_CURVE('',#8951,#8959,#8961,.T.);
#8959 = VERTEX_POINT('',#8960);
#8960 = CARTESIAN_POINT('',(9.875,-24.85,-15.75));
#8961 = LINE('',#8962,#8963);
#8962 = CARTESIAN_POINT('',(-1.175,-24.85,-15.75));
#8963 = VECTOR('',#8964,1.);
#8964 = DIRECTION('',(1.,0.,0.));
#8965 = ORIENTED_EDGE('',*,*,#8966,.F.);
#8966 = EDGE_CURVE('',#7343,#8959,#8967,.T.);
#8967 = LINE('',#8968,#8969);
#8968 = CARTESIAN_POINT('',(9.875,-24.85,-17.8));
#8969 = VECTOR('',#8970,1.);
#8970 = DIRECTION('',(0.,0.,1.));
#8971 = PLANE('',#8972);
#8972 = AXIS2_PLACEMENT_3D('',#8973,#8974,#8975);
#8973 = CARTESIAN_POINT('',(-9.875,-24.85,-17.8));
#8974 = DIRECTION('',(0.,1.,0.));
#8975 = DIRECTION('',(1.,0.,0.));
#8976 = ADVANCED_FACE('',(#8977),#9018,.T.);
#8977 = FACE_BOUND('',#8978,.T.);
#8978 = EDGE_LOOP('',(#8979,#8989,#8995,#8996,#9004,#9012));
#8979 = ORIENTED_EDGE('',*,*,#8980,.F.);
#8980 = EDGE_CURVE('',#8981,#8983,#8985,.T.);
#8981 = VERTEX_POINT('',#8982);
#8982 = CARTESIAN_POINT('',(7.,-25.75,-13.5));
#8983 = VERTEX_POINT('',#8984);
#8984 = CARTESIAN_POINT('',(7.,-25.75,-9.));
#8985 = LINE('',#8986,#8987);
#8986 = CARTESIAN_POINT('',(7.,-25.75,-13.5));
#8987 = VECTOR('',#8988,1.);
#8988 = DIRECTION('',(0.,0.,1.));
#8989 = ORIENTED_EDGE('',*,*,#8990,.T.);
#8990 = EDGE_CURVE('',#8981,#8927,#8991,.T.);
#8991 = LINE('',#8992,#8993);
#8992 = CARTESIAN_POINT('',(7.,-25.75,-13.5));
#8993 = VECTOR('',#8994,1.);
#8994 = DIRECTION('',(-0.,1.,0.));
#8995 = ORIENTED_EDGE('',*,*,#8934,.F.);
#8996 = ORIENTED_EDGE('',*,*,#8997,.T.);
#8997 = EDGE_CURVE('',#8935,#8998,#9000,.T.);
#8998 = VERTEX_POINT('',#8999);
#8999 = CARTESIAN_POINT('',(7.,-24.95,-12.5));
#9000 = LINE('',#9001,#9002);
#9001 = CARTESIAN_POINT('',(7.,-12.56731060606,-12.5));
#9002 = VECTOR('',#9003,1.);
#9003 = DIRECTION('',(0.,-1.,0.));
#9004 = ORIENTED_EDGE('',*,*,#9005,.T.);
#9005 = EDGE_CURVE('',#8998,#9006,#9008,.T.);
#9006 = VERTEX_POINT('',#9007);
#9007 = CARTESIAN_POINT('',(7.,-24.95,-9.));
#9008 = LINE('',#9009,#9010);
#9009 = CARTESIAN_POINT('',(7.,-24.95,-12.00140151515));
#9010 = VECTOR('',#9011,1.);
#9011 = DIRECTION('',(0.,0.,1.));
#9012 = ORIENTED_EDGE('',*,*,#9013,.T.);
#9013 = EDGE_CURVE('',#9006,#8983,#9014,.T.);
#9014 = LINE('',#9015,#9016);
#9015 = CARTESIAN_POINT('',(7.,-12.875,-9.));
#9016 = VECTOR('',#9017,1.);
#9017 = DIRECTION('',(0.,-1.,0.));
#9018 = PLANE('',#9019);
#9019 = AXIS2_PLACEMENT_3D('',#9020,#9021,#9022);
#9020 = CARTESIAN_POINT('',(7.,-25.13462121212,-11.5028030303));
#9021 = DIRECTION('',(1.,0.,0.));
#9022 = DIRECTION('',(-0.,0.,1.));
#9023 = ADVANCED_FACE('',(#9024),#9049,.F.);
#9024 = FACE_BOUND('',#9025,.T.);
#9025 = EDGE_LOOP('',(#9026,#9027,#9035,#9043));
#9026 = ORIENTED_EDGE('',*,*,#8980,.T.);
#9027 = ORIENTED_EDGE('',*,*,#9028,.F.);
#9028 = EDGE_CURVE('',#9029,#8983,#9031,.T.);
#9029 = VERTEX_POINT('',#9030);
#9030 = CARTESIAN_POINT('',(4.5,-25.75,-9.));
#9031 = LINE('',#9032,#9033);
#9032 = CARTESIAN_POINT('',(2.25,-25.75,-9.));
#9033 = VECTOR('',#9034,1.);
#9034 = DIRECTION('',(1.,0.,-0.));
#9035 = ORIENTED_EDGE('',*,*,#9036,.F.);
#9036 = EDGE_CURVE('',#9037,#9029,#9039,.T.);
#9037 = VERTEX_POINT('',#9038);
#9038 = CARTESIAN_POINT('',(4.5,-25.75,-13.5));
#9039 = LINE('',#9040,#9041);
#9040 = CARTESIAN_POINT('',(4.5,-25.75,-13.5));
#9041 = VECTOR('',#9042,1.);
#9042 = DIRECTION('',(0.,0.,1.));
#9043 = ORIENTED_EDGE('',*,*,#9044,.T.);
#9044 = EDGE_CURVE('',#9037,#8981,#9045,.T.);
#9045 = LINE('',#9046,#9047);
#9046 = CARTESIAN_POINT('',(4.5,-25.75,-13.5));
#9047 = VECTOR('',#9048,1.);
#9048 = DIRECTION('',(1.,0.,-0.));
#9049 = PLANE('',#9050);
#9050 = AXIS2_PLACEMENT_3D('',#9051,#9052,#9053);
#9051 = CARTESIAN_POINT('',(4.5,-25.75,-13.5));
#9052 = DIRECTION('',(-0.,1.,0.));
#9053 = DIRECTION('',(0.,0.,1.));
#9054 = ADVANCED_FACE('',(#9055),#9087,.T.);
#9055 = FACE_BOUND('',#9056,.T.);
#9056 = EDGE_LOOP('',(#9057,#9065,#9073,#9079,#9080,#9086));
#9057 = ORIENTED_EDGE('',*,*,#9058,.F.);
#9058 = EDGE_CURVE('',#9059,#9029,#9061,.T.);
#9059 = VERTEX_POINT('',#9060);
#9060 = CARTESIAN_POINT('',(4.5,-24.95,-9.));
#9061 = LINE('',#9062,#9063);
#9062 = CARTESIAN_POINT('',(4.5,-12.875,-9.));
#9063 = VECTOR('',#9064,1.);
#9064 = DIRECTION('',(0.,-1.,0.));
#9065 = ORIENTED_EDGE('',*,*,#9066,.F.);
#9066 = EDGE_CURVE('',#9067,#9059,#9069,.T.);
#9067 = VERTEX_POINT('',#9068);
#9068 = CARTESIAN_POINT('',(4.5,-24.95,-12.5));
#9069 = LINE('',#9070,#9071);
#9070 = CARTESIAN_POINT('',(4.5,-24.95,-13.5));
#9071 = VECTOR('',#9072,1.);
#9072 = DIRECTION('',(0.,0.,1.));
#9073 = ORIENTED_EDGE('',*,*,#9074,.T.);
#9074 = EDGE_CURVE('',#9067,#8911,#9075,.T.);
#9075 = LINE('',#9076,#9077);
#9076 = CARTESIAN_POINT('',(4.5,-12.56731060606,-12.5));
#9077 = VECTOR('',#9078,1.);
#9078 = DIRECTION('',(0.,1.,0.));
#9079 = ORIENTED_EDGE('',*,*,#8918,.T.);
#9080 = ORIENTED_EDGE('',*,*,#9081,.F.);
#9081 = EDGE_CURVE('',#9037,#8919,#9082,.T.);
#9082 = LINE('',#9083,#9084);
#9083 = CARTESIAN_POINT('',(4.5,-25.75,-13.5));
#9084 = VECTOR('',#9085,1.);
#9085 = DIRECTION('',(-0.,1.,0.));
#9086 = ORIENTED_EDGE('',*,*,#9036,.T.);
#9087 = PLANE('',#9088);
#9088 = AXIS2_PLACEMENT_3D('',#9089,#9090,#9091);
#9089 = CARTESIAN_POINT('',(4.5,-25.13462121212,-11.5028030303));
#9090 = DIRECTION('',(-1.,-0.,-0.));
#9091 = DIRECTION('',(0.,0.,-1.));
#9092 = ADVANCED_FACE('',(#9093),#9127,.T.);
#9093 = FACE_BOUND('',#9094,.T.);
#9094 = EDGE_LOOP('',(#9095,#9105,#9113,#9121));
#9095 = ORIENTED_EDGE('',*,*,#9096,.F.);
#9096 = EDGE_CURVE('',#9097,#9099,#9101,.T.);
#9097 = VERTEX_POINT('',#9098);
#9098 = CARTESIAN_POINT('',(-4.5,-25.05,-12.49));
#9099 = VERTEX_POINT('',#9100);
#9100 = CARTESIAN_POINT('',(-4.5,-25.05,-9.));
#9101 = LINE('',#9102,#9103);
#9102 = CARTESIAN_POINT('',(-4.5,-25.05,-13.005));
#9103 = VECTOR('',#9104,1.);
#9104 = DIRECTION('',(0.,0.,1.));
#9105 = ORIENTED_EDGE('',*,*,#9106,.T.);
#9106 = EDGE_CURVE('',#9097,#9107,#9109,.T.);
#9107 = VERTEX_POINT('',#9108);
#9108 = CARTESIAN_POINT('',(-4.5,-24.95,-12.49));
#9109 = LINE('',#9110,#9111);
#9110 = CARTESIAN_POINT('',(-4.5,-25.75,-12.49));
#9111 = VECTOR('',#9112,1.);
#9112 = DIRECTION('',(-0.,1.,0.));
#9113 = ORIENTED_EDGE('',*,*,#9114,.T.);
#9114 = EDGE_CURVE('',#9107,#9115,#9117,.T.);
#9115 = VERTEX_POINT('',#9116);
#9116 = CARTESIAN_POINT('',(-4.5,-24.95,-9.));
#9117 = LINE('',#9118,#9119);
#9118 = CARTESIAN_POINT('',(-4.5,-24.95,-13.5));
#9119 = VECTOR('',#9120,1.);
#9120 = DIRECTION('',(0.,0.,1.));
#9121 = ORIENTED_EDGE('',*,*,#9122,.T.);
#9122 = EDGE_CURVE('',#9115,#9099,#9123,.T.);
#9123 = LINE('',#9124,#9125);
#9124 = CARTESIAN_POINT('',(-4.5,-12.875,-9.));
#9125 = VECTOR('',#9126,1.);
#9126 = DIRECTION('',(0.,-1.,0.));
#9127 = PLANE('',#9128);
#9128 = AXIS2_PLACEMENT_3D('',#9129,#9130,#9131);
#9129 = CARTESIAN_POINT('',(-4.5,-25.75,-13.5));
#9130 = DIRECTION('',(1.,0.,-0.));
#9131 = DIRECTION('',(0.,0.,1.));
#9132 = ADVANCED_FACE('',(#9133),#9158,.T.);
#9133 = FACE_BOUND('',#9134,.T.);
#9134 = EDGE_LOOP('',(#9135,#9143,#9144,#9152));
#9135 = ORIENTED_EDGE('',*,*,#9136,.F.);
#9136 = EDGE_CURVE('',#9097,#9137,#9139,.T.);
#9137 = VERTEX_POINT('',#9138);
#9138 = CARTESIAN_POINT('',(-4.2,-25.05,-12.49));
#9139 = LINE('',#9140,#9141);
#9140 = CARTESIAN_POINT('',(-7.2,-25.05,-12.49));
#9141 = VECTOR('',#9142,1.);
#9142 = DIRECTION('',(1.,0.,-0.));
#9143 = ORIENTED_EDGE('',*,*,#9096,.T.);
#9144 = ORIENTED_EDGE('',*,*,#9145,.F.);
#9145 = EDGE_CURVE('',#9146,#9099,#9148,.T.);
#9146 = VERTEX_POINT('',#9147);
#9147 = CARTESIAN_POINT('',(-4.2,-25.05,-9.));
#9148 = LINE('',#9149,#9150);
#9149 = CARTESIAN_POINT('',(-3.6,-25.05,-9.));
#9150 = VECTOR('',#9151,1.);
#9151 = DIRECTION('',(-1.,-0.,0.));
#9152 = ORIENTED_EDGE('',*,*,#9153,.F.);
#9153 = EDGE_CURVE('',#9137,#9146,#9154,.T.);
#9154 = LINE('',#9155,#9156);
#9155 = CARTESIAN_POINT('',(-4.2,-25.05,-12.51));
#9156 = VECTOR('',#9157,1.);
#9157 = DIRECTION('',(0.,0.,1.));
#9158 = PLANE('',#9159);
#9159 = AXIS2_PLACEMENT_3D('',#9160,#9161,#9162);
#9160 = CARTESIAN_POINT('',(-7.2,-25.05,-12.51));
#9161 = DIRECTION('',(-0.,1.,0.));
#9162 = DIRECTION('',(0.,0.,1.));
#9163 = ADVANCED_FACE('',(#9164),#9228,.T.);
#9164 = FACE_BOUND('',#9165,.T.);
#9165 = EDGE_LOOP('',(#9166,#9176,#9184,#9192,#9198,#9199,#9207,#9215,
    #9221,#9222));
#9166 = ORIENTED_EDGE('',*,*,#9167,.F.);
#9167 = EDGE_CURVE('',#9168,#9170,#9172,.T.);
#9168 = VERTEX_POINT('',#9169);
#9169 = CARTESIAN_POINT('',(-4.2,-27.45,-15.3));
#9170 = VERTEX_POINT('',#9171);
#9171 = CARTESIAN_POINT('',(-4.2,-27.45,-9.));
#9172 = LINE('',#9173,#9174);
#9173 = CARTESIAN_POINT('',(-4.2,-27.45,-15.3));
#9174 = VECTOR('',#9175,1.);
#9175 = DIRECTION('',(0.,0.,1.));
#9176 = ORIENTED_EDGE('',*,*,#9177,.T.);
#9177 = EDGE_CURVE('',#9168,#9178,#9180,.T.);
#9178 = VERTEX_POINT('',#9179);
#9179 = CARTESIAN_POINT('',(-4.2,-25.05,-15.3));
#9180 = LINE('',#9181,#9182);
#9181 = CARTESIAN_POINT('',(-4.2,-27.45,-15.3));
#9182 = VECTOR('',#9183,1.);
#9183 = DIRECTION('',(-0.,1.,0.));
#9184 = ORIENTED_EDGE('',*,*,#9185,.T.);
#9185 = EDGE_CURVE('',#9178,#9186,#9188,.T.);
#9186 = VERTEX_POINT('',#9187);
#9187 = CARTESIAN_POINT('',(-4.2,-25.05,-13.5));
#9188 = LINE('',#9189,#9190);
#9189 = CARTESIAN_POINT('',(-4.2,-25.05,-15.3));
#9190 = VECTOR('',#9191,1.);
#9191 = DIRECTION('',(0.,0.,1.));
#9192 = ORIENTED_EDGE('',*,*,#9193,.T.);
#9193 = EDGE_CURVE('',#9186,#8895,#9194,.T.);
#9194 = LINE('',#9195,#9196);
#9195 = CARTESIAN_POINT('',(-4.2,-26.25,-13.5));
#9196 = VECTOR('',#9197,1.);
#9197 = DIRECTION('',(-0.,1.,0.));
#9198 = ORIENTED_EDGE('',*,*,#8902,.F.);
#9199 = ORIENTED_EDGE('',*,*,#9200,.T.);
#9200 = EDGE_CURVE('',#8903,#9201,#9203,.T.);
#9201 = VERTEX_POINT('',#9202);
#9202 = CARTESIAN_POINT('',(-4.2,-24.95,-12.5));
#9203 = LINE('',#9204,#9205);
#9204 = CARTESIAN_POINT('',(-4.2,-13.01055555555,-12.5));
#9205 = VECTOR('',#9206,1.);
#9206 = DIRECTION('',(0.,-1.,0.));
#9207 = ORIENTED_EDGE('',*,*,#9208,.T.);
#9208 = EDGE_CURVE('',#9201,#9209,#9211,.T.);
#9209 = VERTEX_POINT('',#9210);
#9210 = CARTESIAN_POINT('',(-4.2,-24.95,-12.49));
#9211 = LINE('',#9212,#9213);
#9212 = CARTESIAN_POINT('',(-4.2,-24.95,-12.35095959596));
#9213 = VECTOR('',#9214,1.);
#9214 = DIRECTION('',(0.,0.,1.));
#9215 = ORIENTED_EDGE('',*,*,#9216,.F.);
#9216 = EDGE_CURVE('',#9137,#9209,#9217,.T.);
#9217 = LINE('',#9218,#9219);
#9218 = CARTESIAN_POINT('',(-4.2,-26.25,-12.49));
#9219 = VECTOR('',#9220,1.);
#9220 = DIRECTION('',(-0.,1.,0.));
#9221 = ORIENTED_EDGE('',*,*,#9153,.T.);
#9222 = ORIENTED_EDGE('',*,*,#9223,.F.);
#9223 = EDGE_CURVE('',#9170,#9146,#9224,.T.);
#9224 = LINE('',#9225,#9226);
#9225 = CARTESIAN_POINT('',(-4.2,-13.725,-9.));
#9226 = VECTOR('',#9227,1.);
#9227 = DIRECTION('',(-0.,1.,0.));
#9228 = PLANE('',#9229);
#9229 = AXIS2_PLACEMENT_3D('',#9230,#9231,#9232);
#9230 = CARTESIAN_POINT('',(-4.2,-26.02111111111,-12.20191919191));
#9231 = DIRECTION('',(1.,0.,0.));
#9232 = DIRECTION('',(-0.,0.,1.));
#9233 = ADVANCED_FACE('',(#9234),#9259,.T.);
#9234 = FACE_BOUND('',#9235,.T.);
#9235 = EDGE_LOOP('',(#9236,#9244,#9252,#9258));
#9236 = ORIENTED_EDGE('',*,*,#9237,.T.);
#9237 = EDGE_CURVE('',#9170,#9238,#9240,.T.);
#9238 = VERTEX_POINT('',#9239);
#9239 = CARTESIAN_POINT('',(-7.2,-27.45,-9.));
#9240 = LINE('',#9241,#9242);
#9241 = CARTESIAN_POINT('',(-3.6,-27.45,-9.));
#9242 = VECTOR('',#9243,1.);
#9243 = DIRECTION('',(-1.,-0.,0.));
#9244 = ORIENTED_EDGE('',*,*,#9245,.F.);
#9245 = EDGE_CURVE('',#9246,#9238,#9248,.T.);
#9246 = VERTEX_POINT('',#9247);
#9247 = CARTESIAN_POINT('',(-7.2,-27.45,-15.3));
#9248 = LINE('',#9249,#9250);
#9249 = CARTESIAN_POINT('',(-7.2,-27.45,-15.3));
#9250 = VECTOR('',#9251,1.);
#9251 = DIRECTION('',(0.,0.,1.));
#9252 = ORIENTED_EDGE('',*,*,#9253,.T.);
#9253 = EDGE_CURVE('',#9246,#9168,#9254,.T.);
#9254 = LINE('',#9255,#9256);
#9255 = CARTESIAN_POINT('',(-7.2,-27.45,-15.3));
#9256 = VECTOR('',#9257,1.);
#9257 = DIRECTION('',(1.,0.,-0.));
#9258 = ORIENTED_EDGE('',*,*,#9167,.T.);
#9259 = PLANE('',#9260);
#9260 = AXIS2_PLACEMENT_3D('',#9261,#9262,#9263);
#9261 = CARTESIAN_POINT('',(-5.7,-27.45,-12.15));
#9262 = DIRECTION('',(-0.,-1.,-0.));
#9263 = DIRECTION('',(0.,0.,-1.));
#9264 = ADVANCED_FACE('',(#9265),#9329,.T.);
#9265 = FACE_BOUND('',#9266,.T.);
#9266 = EDGE_LOOP('',(#9267,#9268,#9276,#9284,#9292,#9300,#9306,#9307,
    #9315,#9323));
#9267 = ORIENTED_EDGE('',*,*,#9245,.T.);
#9268 = ORIENTED_EDGE('',*,*,#9269,.T.);
#9269 = EDGE_CURVE('',#9238,#9270,#9272,.T.);
#9270 = VERTEX_POINT('',#9271);
#9271 = CARTESIAN_POINT('',(-7.2,-25.05,-9.));
#9272 = LINE('',#9273,#9274);
#9273 = CARTESIAN_POINT('',(-7.2,-13.725,-9.));
#9274 = VECTOR('',#9275,1.);
#9275 = DIRECTION('',(-0.,1.,0.));
#9276 = ORIENTED_EDGE('',*,*,#9277,.F.);
#9277 = EDGE_CURVE('',#9278,#9270,#9280,.T.);
#9278 = VERTEX_POINT('',#9279);
#9279 = CARTESIAN_POINT('',(-7.2,-25.05,-12.49));
#9280 = LINE('',#9281,#9282);
#9281 = CARTESIAN_POINT('',(-7.2,-25.05,-12.51));
#9282 = VECTOR('',#9283,1.);
#9283 = DIRECTION('',(0.,0.,1.));
#9284 = ORIENTED_EDGE('',*,*,#9285,.T.);
#9285 = EDGE_CURVE('',#9278,#9286,#9288,.T.);
#9286 = VERTEX_POINT('',#9287);
#9287 = CARTESIAN_POINT('',(-7.2,-24.95,-12.49));
#9288 = LINE('',#9289,#9290);
#9289 = CARTESIAN_POINT('',(-7.2,-26.25,-12.49));
#9290 = VECTOR('',#9291,1.);
#9291 = DIRECTION('',(-0.,1.,0.));
#9292 = ORIENTED_EDGE('',*,*,#9293,.T.);
#9293 = EDGE_CURVE('',#9286,#9294,#9296,.T.);
#9294 = VERTEX_POINT('',#9295);
#9295 = CARTESIAN_POINT('',(-7.2,-24.95,-12.5));
#9296 = LINE('',#9297,#9298);
#9297 = CARTESIAN_POINT('',(-7.2,-24.95,-12.35095959596));
#9298 = VECTOR('',#9299,1.);
#9299 = DIRECTION('',(0.,0.,-1.));
#9300 = ORIENTED_EDGE('',*,*,#9301,.T.);
#9301 = EDGE_CURVE('',#9294,#8879,#9302,.T.);
#9302 = LINE('',#9303,#9304);
#9303 = CARTESIAN_POINT('',(-7.2,-13.01055555555,-12.5));
#9304 = VECTOR('',#9305,1.);
#9305 = DIRECTION('',(0.,1.,0.));
#9306 = ORIENTED_EDGE('',*,*,#8886,.T.);
#9307 = ORIENTED_EDGE('',*,*,#9308,.F.);
#9308 = EDGE_CURVE('',#9309,#8887,#9311,.T.);
#9309 = VERTEX_POINT('',#9310);
#9310 = CARTESIAN_POINT('',(-7.2,-25.05,-13.5));
#9311 = LINE('',#9312,#9313);
#9312 = CARTESIAN_POINT('',(-7.2,-26.25,-13.5));
#9313 = VECTOR('',#9314,1.);
#9314 = DIRECTION('',(-0.,1.,0.));
#9315 = ORIENTED_EDGE('',*,*,#9316,.F.);
#9316 = EDGE_CURVE('',#9317,#9309,#9319,.T.);
#9317 = VERTEX_POINT('',#9318);
#9318 = CARTESIAN_POINT('',(-7.2,-25.05,-15.3));
#9319 = LINE('',#9320,#9321);
#9320 = CARTESIAN_POINT('',(-7.2,-25.05,-15.3));
#9321 = VECTOR('',#9322,1.);
#9322 = DIRECTION('',(0.,0.,1.));
#9323 = ORIENTED_EDGE('',*,*,#9324,.F.);
#9324 = EDGE_CURVE('',#9246,#9317,#9325,.T.);
#9325 = LINE('',#9326,#9327);
#9326 = CARTESIAN_POINT('',(-7.2,-27.45,-15.3));
#9327 = VECTOR('',#9328,1.);
#9328 = DIRECTION('',(-0.,1.,0.));
#9329 = PLANE('',#9330);
#9330 = AXIS2_PLACEMENT_3D('',#9331,#9332,#9333);
#9331 = CARTESIAN_POINT('',(-7.2,-26.02111111111,-12.20191919191));
#9332 = DIRECTION('',(-1.,-0.,-0.));
#9333 = DIRECTION('',(0.,0.,-1.));
#9334 = ADVANCED_FACE('',(#9335),#9360,.T.);
#9335 = FACE_BOUND('',#9336,.T.);
#9336 = EDGE_LOOP('',(#9337,#9345,#9346,#9354));
#9337 = ORIENTED_EDGE('',*,*,#9338,.F.);
#9338 = EDGE_CURVE('',#9278,#9339,#9341,.T.);
#9339 = VERTEX_POINT('',#9340);
#9340 = CARTESIAN_POINT('',(-7.,-25.05,-12.49));
#9341 = LINE('',#9342,#9343);
#9342 = CARTESIAN_POINT('',(-7.2,-25.05,-12.49));
#9343 = VECTOR('',#9344,1.);
#9344 = DIRECTION('',(1.,0.,-0.));
#9345 = ORIENTED_EDGE('',*,*,#9277,.T.);
#9346 = ORIENTED_EDGE('',*,*,#9347,.F.);
#9347 = EDGE_CURVE('',#9348,#9270,#9350,.T.);
#9348 = VERTEX_POINT('',#9349);
#9349 = CARTESIAN_POINT('',(-7.,-25.05,-9.));
#9350 = LINE('',#9351,#9352);
#9351 = CARTESIAN_POINT('',(-3.6,-25.05,-9.));
#9352 = VECTOR('',#9353,1.);
#9353 = DIRECTION('',(-1.,-0.,0.));
#9354 = ORIENTED_EDGE('',*,*,#9355,.F.);
#9355 = EDGE_CURVE('',#9339,#9348,#9356,.T.);
#9356 = LINE('',#9357,#9358);
#9357 = CARTESIAN_POINT('',(-7.,-25.05,-13.005));
#9358 = VECTOR('',#9359,1.);
#9359 = DIRECTION('',(0.,0.,1.));
#9360 = PLANE('',#9361);
#9361 = AXIS2_PLACEMENT_3D('',#9362,#9363,#9364);
#9362 = CARTESIAN_POINT('',(-7.2,-25.05,-12.51));
#9363 = DIRECTION('',(-0.,1.,0.));
#9364 = DIRECTION('',(0.,0.,1.));
#9365 = ADVANCED_FACE('',(#9366),#9391,.F.);
#9366 = FACE_BOUND('',#9367,.F.);
#9367 = EDGE_LOOP('',(#9368,#9369,#9377,#9385));
#9368 = ORIENTED_EDGE('',*,*,#9355,.F.);
#9369 = ORIENTED_EDGE('',*,*,#9370,.T.);
#9370 = EDGE_CURVE('',#9339,#9371,#9373,.T.);
#9371 = VERTEX_POINT('',#9372);
#9372 = CARTESIAN_POINT('',(-7.,-24.95,-12.49));
#9373 = LINE('',#9374,#9375);
#9374 = CARTESIAN_POINT('',(-7.,-25.75,-12.49));
#9375 = VECTOR('',#9376,1.);
#9376 = DIRECTION('',(-0.,1.,0.));
#9377 = ORIENTED_EDGE('',*,*,#9378,.T.);
#9378 = EDGE_CURVE('',#9371,#9379,#9381,.T.);
#9379 = VERTEX_POINT('',#9380);
#9380 = CARTESIAN_POINT('',(-7.,-24.95,-9.));
#9381 = LINE('',#9382,#9383);
#9382 = CARTESIAN_POINT('',(-7.,-24.95,-13.5));
#9383 = VECTOR('',#9384,1.);
#9384 = DIRECTION('',(0.,0.,1.));
#9385 = ORIENTED_EDGE('',*,*,#9386,.T.);
#9386 = EDGE_CURVE('',#9379,#9348,#9387,.T.);
#9387 = LINE('',#9388,#9389);
#9388 = CARTESIAN_POINT('',(-7.,-12.875,-9.));
#9389 = VECTOR('',#9390,1.);
#9390 = DIRECTION('',(0.,-1.,0.));
#9391 = PLANE('',#9392);
#9392 = AXIS2_PLACEMENT_3D('',#9393,#9394,#9395);
#9393 = CARTESIAN_POINT('',(-7.,-25.75,-13.5));
#9394 = DIRECTION('',(1.,0.,-0.));
#9395 = DIRECTION('',(0.,0.,1.));
#9396 = ADVANCED_FACE('',(#9397),#9403,.T.);
#9397 = FACE_BOUND('',#9398,.T.);
#9398 = EDGE_LOOP('',(#9399,#9400,#9401,#9402));
#9399 = ORIENTED_EDGE('',*,*,#9081,.T.);
#9400 = ORIENTED_EDGE('',*,*,#8926,.T.);
#9401 = ORIENTED_EDGE('',*,*,#8990,.F.);
#9402 = ORIENTED_EDGE('',*,*,#9044,.F.);
#9403 = PLANE('',#9404);
#9404 = AXIS2_PLACEMENT_3D('',#9405,#9406,#9407);
#9405 = CARTESIAN_POINT('',(5.75,-25.3,-13.5));
#9406 = DIRECTION('',(-0.,-0.,-1.));
#9407 = DIRECTION('',(-1.,0.,0.));
#9408 = ADVANCED_FACE('',(#9409),#9420,.T.);
#9409 = FACE_BOUND('',#9410,.T.);
#9410 = EDGE_LOOP('',(#9411,#9417,#9418,#9419));
#9411 = ORIENTED_EDGE('',*,*,#9412,.T.);
#9412 = EDGE_CURVE('',#9209,#9107,#9413,.T.);
#9413 = LINE('',#9414,#9415);
#9414 = CARTESIAN_POINT('',(-7.789166666667,-24.95,-12.49));
#9415 = VECTOR('',#9416,1.);
#9416 = DIRECTION('',(-1.,0.,0.));
#9417 = ORIENTED_EDGE('',*,*,#9106,.F.);
#9418 = ORIENTED_EDGE('',*,*,#9136,.T.);
#9419 = ORIENTED_EDGE('',*,*,#9216,.T.);
#9420 = PLANE('',#9421);
#9421 = AXIS2_PLACEMENT_3D('',#9422,#9423,#9424);
#9422 = CARTESIAN_POINT('',(-5.703333333333,-24.34777777777,-12.49));
#9423 = DIRECTION('',(0.,0.,1.));
#9424 = DIRECTION('',(1.,0.,-0.));
#9425 = ADVANCED_FACE('',(#9426),#9437,.F.);
#9426 = FACE_BOUND('',#9427,.T.);
#9427 = EDGE_LOOP('',(#9428,#9429,#9430,#9431));
#9428 = ORIENTED_EDGE('',*,*,#9308,.T.);
#9429 = ORIENTED_EDGE('',*,*,#8894,.T.);
#9430 = ORIENTED_EDGE('',*,*,#9193,.F.);
#9431 = ORIENTED_EDGE('',*,*,#9432,.F.);
#9432 = EDGE_CURVE('',#9309,#9186,#9433,.T.);
#9433 = LINE('',#9434,#9435);
#9434 = CARTESIAN_POINT('',(-7.2,-25.05,-13.5));
#9435 = VECTOR('',#9436,1.);
#9436 = DIRECTION('',(1.,0.,-0.));
#9437 = PLANE('',#9438);
#9438 = AXIS2_PLACEMENT_3D('',#9439,#9440,#9441);
#9439 = CARTESIAN_POINT('',(-7.2,-26.25,-13.5));
#9440 = DIRECTION('',(0.,0.,1.));
#9441 = DIRECTION('',(1.,0.,-0.));
#9442 = ADVANCED_FACE('',(#9443),#9454,.T.);
#9443 = FACE_BOUND('',#9444,.T.);
#9444 = EDGE_LOOP('',(#9445,#9446,#9452,#9453));
#9445 = ORIENTED_EDGE('',*,*,#9185,.F.);
#9446 = ORIENTED_EDGE('',*,*,#9447,.F.);
#9447 = EDGE_CURVE('',#9317,#9178,#9448,.T.);
#9448 = LINE('',#9449,#9450);
#9449 = CARTESIAN_POINT('',(-7.2,-25.05,-15.3));
#9450 = VECTOR('',#9451,1.);
#9451 = DIRECTION('',(1.,0.,-0.));
#9452 = ORIENTED_EDGE('',*,*,#9316,.T.);
#9453 = ORIENTED_EDGE('',*,*,#9432,.T.);
#9454 = PLANE('',#9455);
#9455 = AXIS2_PLACEMENT_3D('',#9456,#9457,#9458);
#9456 = CARTESIAN_POINT('',(-7.2,-25.05,-15.3));
#9457 = DIRECTION('',(-0.,1.,0.));
#9458 = DIRECTION('',(0.,0.,1.));
#9459 = ADVANCED_FACE('',(#9460),#9466,.F.);
#9460 = FACE_BOUND('',#9461,.F.);
#9461 = EDGE_LOOP('',(#9462,#9463,#9464,#9465));
#9462 = ORIENTED_EDGE('',*,*,#9324,.F.);
#9463 = ORIENTED_EDGE('',*,*,#9253,.T.);
#9464 = ORIENTED_EDGE('',*,*,#9177,.T.);
#9465 = ORIENTED_EDGE('',*,*,#9447,.F.);
#9466 = PLANE('',#9467);
#9467 = AXIS2_PLACEMENT_3D('',#9468,#9469,#9470);
#9468 = CARTESIAN_POINT('',(-7.2,-27.45,-15.3));
#9469 = DIRECTION('',(0.,0.,1.));
#9470 = DIRECTION('',(1.,0.,-0.));
#9471 = ADVANCED_FACE('',(#9472),#9483,.T.);
#9472 = FACE_BOUND('',#9473,.T.);
#9473 = EDGE_LOOP('',(#9474,#9475,#9476,#9477));
#9474 = ORIENTED_EDGE('',*,*,#9285,.F.);
#9475 = ORIENTED_EDGE('',*,*,#9338,.T.);
#9476 = ORIENTED_EDGE('',*,*,#9370,.T.);
#9477 = ORIENTED_EDGE('',*,*,#9478,.T.);
#9478 = EDGE_CURVE('',#9371,#9286,#9479,.T.);
#9479 = LINE('',#9480,#9481);
#9480 = CARTESIAN_POINT('',(-7.789166666667,-24.95,-12.49));
#9481 = VECTOR('',#9482,1.);
#9482 = DIRECTION('',(-1.,0.,0.));
#9483 = PLANE('',#9484);
#9484 = AXIS2_PLACEMENT_3D('',#9485,#9486,#9487);
#9485 = CARTESIAN_POINT('',(-5.703333333333,-24.34777777777,-12.49));
#9486 = DIRECTION('',(0.,0.,1.));
#9487 = DIRECTION('',(1.,0.,-0.));
#9488 = ADVANCED_FACE('',(#9489),#9495,.F.);
#9489 = FACE_BOUND('',#9490,.F.);
#9490 = EDGE_LOOP('',(#9491,#9492,#9493,#9494));
#9491 = ORIENTED_EDGE('',*,*,#8500,.F.);
#9492 = ORIENTED_EDGE('',*,*,#8469,.F.);
#9493 = ORIENTED_EDGE('',*,*,#8431,.T.);
#9494 = ORIENTED_EDGE('',*,*,#8193,.F.);
#9495 = PLANE('',#9496);
#9496 = AXIS2_PLACEMENT_3D('',#9497,#9498,#9499);
#9497 = CARTESIAN_POINT('',(-16.2,-10.,-13.5));
#9498 = DIRECTION('',(0.,0.,1.));
#9499 = DIRECTION('',(1.,0.,-0.));
#9500 = ADVANCED_FACE('',(#9501),#9512,.F.);
#9501 = FACE_BOUND('',#9502,.F.);
#9502 = EDGE_LOOP('',(#9503,#9504,#9510,#9511));
#9503 = ORIENTED_EDGE('',*,*,#7143,.F.);
#9504 = ORIENTED_EDGE('',*,*,#9505,.T.);
#9505 = EDGE_CURVE('',#7144,#7059,#9506,.T.);
#9506 = LINE('',#9507,#9508);
#9507 = CARTESIAN_POINT('',(4.2,25.05,-15.3));
#9508 = VECTOR('',#9509,1.);
#9509 = DIRECTION('',(1.,0.,-0.));
#9510 = ORIENTED_EDGE('',*,*,#7066,.T.);
#9511 = ORIENTED_EDGE('',*,*,#7097,.F.);
#9512 = PLANE('',#9513);
#9513 = AXIS2_PLACEMENT_3D('',#9514,#9515,#9516);
#9514 = CARTESIAN_POINT('',(4.2,25.05,-15.3));
#9515 = DIRECTION('',(0.,0.,1.));
#9516 = DIRECTION('',(1.,0.,-0.));
#9517 = ADVANCED_FACE('',(#9518),#9529,.F.);
#9518 = FACE_BOUND('',#9519,.F.);
#9519 = EDGE_LOOP('',(#9520,#9521,#9522,#9523));
#9520 = ORIENTED_EDGE('',*,*,#7058,.F.);
#9521 = ORIENTED_EDGE('',*,*,#9505,.F.);
#9522 = ORIENTED_EDGE('',*,*,#7151,.T.);
#9523 = ORIENTED_EDGE('',*,*,#9524,.T.);
#9524 = EDGE_CURVE('',#7152,#7051,#9525,.T.);
#9525 = LINE('',#9526,#9527);
#9526 = CARTESIAN_POINT('',(4.2,25.05,-13.5));
#9527 = VECTOR('',#9528,1.);
#9528 = DIRECTION('',(1.,0.,-0.));
#9529 = PLANE('',#9530);
#9530 = AXIS2_PLACEMENT_3D('',#9531,#9532,#9533);
#9531 = CARTESIAN_POINT('',(4.2,25.05,-15.3));
#9532 = DIRECTION('',(-0.,1.,0.));
#9533 = DIRECTION('',(0.,0.,1.));
#9534 = ADVANCED_FACE('',(#9535),#9541,.F.);
#9535 = FACE_BOUND('',#9536,.T.);
#9536 = EDGE_LOOP('',(#9537,#9538,#9539,#9540));
#9537 = ORIENTED_EDGE('',*,*,#9524,.T.);
#9538 = ORIENTED_EDGE('',*,*,#7050,.F.);
#9539 = ORIENTED_EDGE('',*,*,#6816,.T.);
#9540 = ORIENTED_EDGE('',*,*,#7159,.T.);
#9541 = PLANE('',#9542);
#9542 = AXIS2_PLACEMENT_3D('',#9543,#9544,#9545);
#9543 = CARTESIAN_POINT('',(4.2,23.85,-13.5));
#9544 = DIRECTION('',(0.,0.,1.));
#9545 = DIRECTION('',(1.,0.,-0.));
#9546 = ADVANCED_FACE('',(#9547),#9559,.T.);
#9547 = FACE_BOUND('',#9548,.F.);
#9548 = EDGE_LOOP('',(#9549,#9550,#9551,#9558));
#9549 = ORIENTED_EDGE('',*,*,#7253,.F.);
#9550 = ORIENTED_EDGE('',*,*,#6870,.T.);
#9551 = ORIENTED_EDGE('',*,*,#9552,.F.);
#9552 = EDGE_CURVE('',#8138,#6863,#9553,.T.);
#9553 = CIRCLE('',#9554,5.);
#9554 = AXIS2_PLACEMENT_3D('',#9555,#9556,#9557);
#9555 = CARTESIAN_POINT('',(-9.875,19.85,-15.75));
#9556 = DIRECTION('',(-0.,0.,-1.));
#9557 = DIRECTION('',(0.,1.,0.));
#9558 = ORIENTED_EDGE('',*,*,#8137,.F.);
#9559 = CYLINDRICAL_SURFACE('',#9560,5.);
#9560 = AXIS2_PLACEMENT_3D('',#9561,#9562,#9563);
#9561 = CARTESIAN_POINT('',(-9.875,19.85,-17.8));
#9562 = DIRECTION('',(-0.,0.,-1.));
#9563 = DIRECTION('',(0.,1.,0.));
#9564 = ADVANCED_FACE('',(#9565),#9593,.T.);
#9565 = FACE_BOUND('',#9566,.T.);
#9566 = EDGE_LOOP('',(#9567,#9568,#9576,#9585,#9591,#9592));
#9567 = ORIENTED_EDGE('',*,*,#8145,.T.);
#9568 = ORIENTED_EDGE('',*,*,#9569,.T.);
#9569 = EDGE_CURVE('',#8146,#9570,#9572,.T.);
#9570 = VERTEX_POINT('',#9571);
#9571 = CARTESIAN_POINT('',(-13.60472457091,17.5,-15.75));
#9572 = LINE('',#9573,#9574);
#9573 = CARTESIAN_POINT('',(-15.875,17.5,-15.75));
#9574 = VECTOR('',#9575,1.);
#9575 = DIRECTION('',(1.,0.,-0.));
#9576 = ORIENTED_EDGE('',*,*,#9577,.T.);
#9577 = EDGE_CURVE('',#9570,#9578,#9580,.T.);
#9578 = VERTEX_POINT('',#9579);
#9579 = CARTESIAN_POINT('',(-7.525,23.579724570914,-15.75));
#9580 = CIRCLE('',#9581,7.15);
#9581 = AXIS2_PLACEMENT_3D('',#9582,#9583,#9584);
#9582 = CARTESIAN_POINT('',(-6.525,16.5,-15.75));
#9583 = DIRECTION('',(0.,-0.,-1.));
#9584 = DIRECTION('',(7.453245480001E-16,1.,-0.));
#9585 = ORIENTED_EDGE('',*,*,#9586,.T.);
#9586 = EDGE_CURVE('',#9578,#6855,#9587,.T.);
#9587 = LINE('',#9588,#9589);
#9588 = CARTESIAN_POINT('',(-7.525,17.5,-15.75));
#9589 = VECTOR('',#9590,1.);
#9590 = DIRECTION('',(-0.,1.,0.));
#9591 = ORIENTED_EDGE('',*,*,#6862,.T.);
#9592 = ORIENTED_EDGE('',*,*,#9552,.F.);
#9593 = PLANE('',#9594);
#9594 = AXIS2_PLACEMENT_3D('',#9595,#9596,#9597);
#9595 = CARTESIAN_POINT('',(-15.875,17.5,-15.75));
#9596 = DIRECTION('',(0.,0.,1.));
#9597 = DIRECTION('',(1.,0.,-0.));
#9598 = ADVANCED_FACE('',(#9599),#9617,.F.);
#9599 = FACE_BOUND('',#9600,.F.);
#9600 = EDGE_LOOP('',(#9601,#9609,#9610,#9611));
#9601 = ORIENTED_EDGE('',*,*,#9602,.T.);
#9602 = EDGE_CURVE('',#9603,#9578,#9605,.T.);
#9603 = VERTEX_POINT('',#9604);
#9604 = CARTESIAN_POINT('',(-7.525,23.579724570914,-12.5));
#9605 = LINE('',#9606,#9607);
#9606 = CARTESIAN_POINT('',(-7.525,23.579724570914,-16.8));
#9607 = VECTOR('',#9608,1.);
#9608 = DIRECTION('',(-0.,-0.,-1.));
#9609 = ORIENTED_EDGE('',*,*,#9586,.T.);
#9610 = ORIENTED_EDGE('',*,*,#6854,.T.);
#9611 = ORIENTED_EDGE('',*,*,#9612,.F.);
#9612 = EDGE_CURVE('',#9603,#6847,#9613,.T.);
#9613 = LINE('',#9614,#9615);
#9614 = CARTESIAN_POINT('',(-7.525,8.75,-12.5));
#9615 = VECTOR('',#9616,1.);
#9616 = DIRECTION('',(-0.,1.,0.));
#9617 = PLANE('',#9618);
#9618 = AXIS2_PLACEMENT_3D('',#9619,#9620,#9621);
#9619 = CARTESIAN_POINT('',(-7.525,17.5,-15.75));
#9620 = DIRECTION('',(1.,0.,-0.));
#9621 = DIRECTION('',(0.,0.,1.));
#9622 = ADVANCED_FACE('',(#9623),#9648,.T.);
#9623 = FACE_BOUND('',#9624,.T.);
#9624 = EDGE_LOOP('',(#9625,#9635,#9641,#9642));
#9625 = ORIENTED_EDGE('',*,*,#9626,.T.);
#9626 = EDGE_CURVE('',#9627,#9629,#9631,.T.);
#9627 = VERTEX_POINT('',#9628);
#9628 = CARTESIAN_POINT('',(7.525,23.579724570914,-12.5));
#9629 = VERTEX_POINT('',#9630);
#9630 = CARTESIAN_POINT('',(7.525,23.579724570914,-15.75));
#9631 = LINE('',#9632,#9633);
#9632 = CARTESIAN_POINT('',(7.525,23.579724570914,-16.8));
#9633 = VECTOR('',#9634,1.);
#9634 = DIRECTION('',(-0.,-0.,-1.));
#9635 = ORIENTED_EDGE('',*,*,#9636,.T.);
#9636 = EDGE_CURVE('',#9629,#6785,#9637,.T.);
#9637 = LINE('',#9638,#9639);
#9638 = CARTESIAN_POINT('',(7.525,17.5,-15.75));
#9639 = VECTOR('',#9640,1.);
#9640 = DIRECTION('',(-0.,1.,0.));
#9641 = ORIENTED_EDGE('',*,*,#6792,.T.);
#9642 = ORIENTED_EDGE('',*,*,#9643,.F.);
#9643 = EDGE_CURVE('',#9627,#6793,#9644,.T.);
#9644 = LINE('',#9645,#9646);
#9645 = CARTESIAN_POINT('',(7.525,8.75,-12.5));
#9646 = VECTOR('',#9647,1.);
#9647 = DIRECTION('',(-0.,1.,0.));
#9648 = PLANE('',#9649);
#9649 = AXIS2_PLACEMENT_3D('',#9650,#9651,#9652);
#9650 = CARTESIAN_POINT('',(7.525,17.5,-15.75));
#9651 = DIRECTION('',(1.,0.,-0.));
#9652 = DIRECTION('',(0.,0.,1.));
#9653 = ADVANCED_FACE('',(#9654),#9690,.T.);
#9654 = FACE_BOUND('',#9655,.T.);
#9655 = EDGE_LOOP('',(#9656,#9657,#9666,#9674,#9682,#9689));
#9656 = ORIENTED_EDGE('',*,*,#9636,.F.);
#9657 = ORIENTED_EDGE('',*,*,#9658,.T.);
#9658 = EDGE_CURVE('',#9629,#9659,#9661,.T.);
#9659 = VERTEX_POINT('',#9660);
#9660 = CARTESIAN_POINT('',(13.604724570914,17.5,-15.75));
#9661 = CIRCLE('',#9662,7.15);
#9662 = AXIS2_PLACEMENT_3D('',#9663,#9664,#9665);
#9663 = CARTESIAN_POINT('',(6.525,16.5,-15.75));
#9664 = DIRECTION('',(0.,-0.,-1.));
#9665 = DIRECTION('',(1.,-9.937660640001E-16,0.));
#9666 = ORIENTED_EDGE('',*,*,#9667,.T.);
#9667 = EDGE_CURVE('',#9659,#9668,#9670,.T.);
#9668 = VERTEX_POINT('',#9669);
#9669 = CARTESIAN_POINT('',(14.875,17.5,-15.75));
#9670 = LINE('',#9671,#9672);
#9671 = CARTESIAN_POINT('',(7.525,17.5,-15.75));
#9672 = VECTOR('',#9673,1.);
#9673 = DIRECTION('',(1.,0.,-0.));
#9674 = ORIENTED_EDGE('',*,*,#9675,.T.);
#9675 = EDGE_CURVE('',#9668,#9676,#9678,.T.);
#9676 = VERTEX_POINT('',#9677);
#9677 = CARTESIAN_POINT('',(14.875,19.85,-15.75));
#9678 = LINE('',#9679,#9680);
#9679 = CARTESIAN_POINT('',(14.875,-1.175,-15.75));
#9680 = VECTOR('',#9681,1.);
#9681 = DIRECTION('',(0.,1.,-0.));
#9682 = ORIENTED_EDGE('',*,*,#9683,.F.);
#9683 = EDGE_CURVE('',#6777,#9676,#9684,.T.);
#9684 = CIRCLE('',#9685,5.);
#9685 = AXIS2_PLACEMENT_3D('',#9686,#9687,#9688);
#9686 = CARTESIAN_POINT('',(9.875,19.85,-15.75));
#9687 = DIRECTION('',(0.,-0.,-1.));
#9688 = DIRECTION('',(1.,0.,-0.));
#9689 = ORIENTED_EDGE('',*,*,#6784,.T.);
#9690 = PLANE('',#9691);
#9691 = AXIS2_PLACEMENT_3D('',#9692,#9693,#9694);
#9692 = CARTESIAN_POINT('',(7.525,17.5,-15.75));
#9693 = DIRECTION('',(0.,0.,1.));
#9694 = DIRECTION('',(1.,0.,-0.));
#9695 = ADVANCED_FACE('',(#9696),#9707,.T.);
#9696 = FACE_BOUND('',#9697,.F.);
#9697 = EDGE_LOOP('',(#9698,#9699,#9705,#9706));
#9698 = ORIENTED_EDGE('',*,*,#7261,.F.);
#9699 = ORIENTED_EDGE('',*,*,#9700,.T.);
#9700 = EDGE_CURVE('',#7262,#9676,#9701,.T.);
#9701 = LINE('',#9702,#9703);
#9702 = CARTESIAN_POINT('',(14.875,19.85,-17.8));
#9703 = VECTOR('',#9704,1.);
#9704 = DIRECTION('',(0.,0.,1.));
#9705 = ORIENTED_EDGE('',*,*,#9683,.F.);
#9706 = ORIENTED_EDGE('',*,*,#6776,.F.);
#9707 = CYLINDRICAL_SURFACE('',#9708,5.);
#9708 = AXIS2_PLACEMENT_3D('',#9709,#9710,#9711);
#9709 = CARTESIAN_POINT('',(9.875,19.85,-17.8));
#9710 = DIRECTION('',(-0.,-0.,-1.));
#9711 = DIRECTION('',(1.,0.,-0.));
#9712 = ADVANCED_FACE('',(#9713),#9724,.F.);
#9713 = FACE_BOUND('',#9714,.F.);
#9714 = EDGE_LOOP('',(#9715,#9716,#9717,#9723));
#9715 = ORIENTED_EDGE('',*,*,#6498,.F.);
#9716 = ORIENTED_EDGE('',*,*,#8768,.T.);
#9717 = ORIENTED_EDGE('',*,*,#9718,.T.);
#9718 = EDGE_CURVE('',#8769,#4827,#9719,.T.);
#9719 = LINE('',#9720,#9721);
#9720 = CARTESIAN_POINT('',(25.3,-16.1,-7.82));
#9721 = VECTOR('',#9722,1.);
#9722 = DIRECTION('',(0.,0.,1.));
#9723 = ORIENTED_EDGE('',*,*,#4834,.F.);
#9724 = PLANE('',#9725);
#9725 = AXIS2_PLACEMENT_3D('',#9726,#9727,#9728);
#9726 = CARTESIAN_POINT('',(25.3,-22.9,-7.82));
#9727 = DIRECTION('',(1.,0.,-0.));
#9728 = DIRECTION('',(0.,0.,1.));
#9729 = ADVANCED_FACE('',(#9730),#9741,.F.);
#9730 = FACE_BOUND('',#9731,.F.);
#9731 = EDGE_LOOP('',(#9732,#9733,#9734,#9740));
#9732 = ORIENTED_EDGE('',*,*,#9718,.F.);
#9733 = ORIENTED_EDGE('',*,*,#8776,.F.);
#9734 = ORIENTED_EDGE('',*,*,#9735,.T.);
#9735 = EDGE_CURVE('',#8760,#4819,#9736,.T.);
#9736 = LINE('',#9737,#9738);
#9737 = CARTESIAN_POINT('',(16.1,-16.1,-7.82));
#9738 = VECTOR('',#9739,1.);
#9739 = DIRECTION('',(0.,0.,1.));
#9740 = ORIENTED_EDGE('',*,*,#4826,.F.);
#9741 = PLANE('',#9742);
#9742 = AXIS2_PLACEMENT_3D('',#9743,#9744,#9745);
#9743 = CARTESIAN_POINT('',(16.1,-16.1,-7.82));
#9744 = DIRECTION('',(-0.,1.,0.));
#9745 = DIRECTION('',(0.,0.,1.));
#9746 = ADVANCED_FACE('',(#9747),#9753,.T.);
#9747 = FACE_BOUND('',#9748,.T.);
#9748 = EDGE_LOOP('',(#9749,#9750,#9751,#9752));
#9749 = ORIENTED_EDGE('',*,*,#6514,.F.);
#9750 = ORIENTED_EDGE('',*,*,#8759,.T.);
#9751 = ORIENTED_EDGE('',*,*,#9735,.T.);
#9752 = ORIENTED_EDGE('',*,*,#4818,.F.);
#9753 = PLANE('',#9754);
#9754 = AXIS2_PLACEMENT_3D('',#9755,#9756,#9757);
#9755 = CARTESIAN_POINT('',(16.1,-22.9,-7.82));
#9756 = DIRECTION('',(1.,0.,-0.));
#9757 = DIRECTION('',(0.,0.,1.));
#9758 = ADVANCED_FACE('',(#9759),#9784,.T.);
#9759 = FACE_BOUND('',#9760,.T.);
#9760 = EDGE_LOOP('',(#9761,#9769,#9777,#9783));
#9761 = ORIENTED_EDGE('',*,*,#9762,.F.);
#9762 = EDGE_CURVE('',#9763,#4843,#9765,.T.);
#9763 = VERTEX_POINT('',#9764);
#9764 = CARTESIAN_POINT('',(23.6,-14.5,-4.));
#9765 = LINE('',#9766,#9767);
#9766 = CARTESIAN_POINT('',(23.6,-14.5,-4.));
#9767 = VECTOR('',#9768,1.);
#9768 = DIRECTION('',(0.,0.,1.));
#9769 = ORIENTED_EDGE('',*,*,#9770,.F.);
#9770 = EDGE_CURVE('',#9771,#9763,#9773,.T.);
#9771 = VERTEX_POINT('',#9772);
#9772 = CARTESIAN_POINT('',(18.4,-14.5,-4.));
#9773 = LINE('',#9774,#9775);
#9774 = CARTESIAN_POINT('',(18.4,-14.5,-4.));
#9775 = VECTOR('',#9776,1.);
#9776 = DIRECTION('',(1.,0.,-0.));
#9777 = ORIENTED_EDGE('',*,*,#9778,.T.);
#9778 = EDGE_CURVE('',#9771,#4845,#9779,.T.);
#9779 = LINE('',#9780,#9781);
#9780 = CARTESIAN_POINT('',(18.4,-14.5,-4.));
#9781 = VECTOR('',#9782,1.);
#9782 = DIRECTION('',(0.,0.,1.));
#9783 = ORIENTED_EDGE('',*,*,#4842,.F.);
#9784 = PLANE('',#9785);
#9785 = AXIS2_PLACEMENT_3D('',#9786,#9787,#9788);
#9786 = CARTESIAN_POINT('',(18.4,-14.5,-4.));
#9787 = DIRECTION('',(-0.,1.,0.));
#9788 = DIRECTION('',(0.,0.,1.));
#9789 = ADVANCED_FACE('',(#9790),#9808,.F.);
#9790 = FACE_BOUND('',#9791,.F.);
#9791 = EDGE_LOOP('',(#9792,#9793,#9801,#9807));
#9792 = ORIENTED_EDGE('',*,*,#9762,.F.);
#9793 = ORIENTED_EDGE('',*,*,#9794,.T.);
#9794 = EDGE_CURVE('',#9763,#9795,#9797,.T.);
#9795 = VERTEX_POINT('',#9796);
#9796 = CARTESIAN_POINT('',(23.6,-11.3,-4.));
#9797 = LINE('',#9798,#9799);
#9798 = CARTESIAN_POINT('',(23.6,-14.5,-4.));
#9799 = VECTOR('',#9800,1.);
#9800 = DIRECTION('',(-0.,1.,0.));
#9801 = ORIENTED_EDGE('',*,*,#9802,.T.);
#9802 = EDGE_CURVE('',#9795,#4861,#9803,.T.);
#9803 = LINE('',#9804,#9805);
#9804 = CARTESIAN_POINT('',(23.6,-11.3,-4.));
#9805 = VECTOR('',#9806,1.);
#9806 = DIRECTION('',(0.,0.,1.));
#9807 = ORIENTED_EDGE('',*,*,#4868,.F.);
#9808 = PLANE('',#9809);
#9809 = AXIS2_PLACEMENT_3D('',#9810,#9811,#9812);
#9810 = CARTESIAN_POINT('',(23.6,-14.5,-4.));
#9811 = DIRECTION('',(1.,0.,-0.));
#9812 = DIRECTION('',(0.,0.,1.));
#9813 = ADVANCED_FACE('',(#9814),#9832,.F.);
#9814 = FACE_BOUND('',#9815,.F.);
#9815 = EDGE_LOOP('',(#9816,#9817,#9825,#9831));
#9816 = ORIENTED_EDGE('',*,*,#9802,.F.);
#9817 = ORIENTED_EDGE('',*,*,#9818,.F.);
#9818 = EDGE_CURVE('',#9819,#9795,#9821,.T.);
#9819 = VERTEX_POINT('',#9820);
#9820 = CARTESIAN_POINT('',(18.4,-11.3,-4.));
#9821 = LINE('',#9822,#9823);
#9822 = CARTESIAN_POINT('',(18.4,-11.3,-4.));
#9823 = VECTOR('',#9824,1.);
#9824 = DIRECTION('',(1.,0.,-0.));
#9825 = ORIENTED_EDGE('',*,*,#9826,.T.);
#9826 = EDGE_CURVE('',#9819,#4853,#9827,.T.);
#9827 = LINE('',#9828,#9829);
#9828 = CARTESIAN_POINT('',(18.4,-11.3,-4.));
#9829 = VECTOR('',#9830,1.);
#9830 = DIRECTION('',(0.,0.,1.));
#9831 = ORIENTED_EDGE('',*,*,#4860,.F.);
#9832 = PLANE('',#9833);
#9833 = AXIS2_PLACEMENT_3D('',#9834,#9835,#9836);
#9834 = CARTESIAN_POINT('',(18.4,-11.3,-4.));
#9835 = DIRECTION('',(-0.,1.,0.));
#9836 = DIRECTION('',(0.,0.,1.));
#9837 = ADVANCED_FACE('',(#9838),#9849,.T.);
#9838 = FACE_BOUND('',#9839,.T.);
#9839 = EDGE_LOOP('',(#9840,#9841,#9847,#9848));
#9840 = ORIENTED_EDGE('',*,*,#9778,.F.);
#9841 = ORIENTED_EDGE('',*,*,#9842,.T.);
#9842 = EDGE_CURVE('',#9771,#9819,#9843,.T.);
#9843 = LINE('',#9844,#9845);
#9844 = CARTESIAN_POINT('',(18.4,-14.5,-4.));
#9845 = VECTOR('',#9846,1.);
#9846 = DIRECTION('',(-0.,1.,0.));
#9847 = ORIENTED_EDGE('',*,*,#9826,.T.);
#9848 = ORIENTED_EDGE('',*,*,#4852,.F.);
#9849 = PLANE('',#9850);
#9850 = AXIS2_PLACEMENT_3D('',#9851,#9852,#9853);
#9851 = CARTESIAN_POINT('',(18.4,-14.5,-4.));
#9852 = DIRECTION('',(1.,0.,-0.));
#9853 = DIRECTION('',(0.,0.,1.));
#9854 = ADVANCED_FACE('',(#9855),#9880,.T.);
#9855 = FACE_BOUND('',#9856,.T.);
#9856 = EDGE_LOOP('',(#9857,#9865,#9873,#9879));
#9857 = ORIENTED_EDGE('',*,*,#9858,.F.);
#9858 = EDGE_CURVE('',#9859,#4949,#9861,.T.);
#9859 = VERTEX_POINT('',#9860);
#9860 = CARTESIAN_POINT('',(17.7625,-10.4,-5.));
#9861 = LINE('',#9862,#9863);
#9862 = CARTESIAN_POINT('',(17.7625,-10.4,-5.));
#9863 = VECTOR('',#9864,1.);
#9864 = DIRECTION('',(0.,0.,1.));
#9865 = ORIENTED_EDGE('',*,*,#9866,.T.);
#9866 = EDGE_CURVE('',#9859,#9867,#9869,.T.);
#9867 = VERTEX_POINT('',#9868);
#9868 = CARTESIAN_POINT('',(17.7625,10.4,-5.));
#9869 = LINE('',#9870,#9871);
#9870 = CARTESIAN_POINT('',(17.7625,-10.4,-5.));
#9871 = VECTOR('',#9872,1.);
#9872 = DIRECTION('',(-0.,1.,0.));
#9873 = ORIENTED_EDGE('',*,*,#9874,.T.);
#9874 = EDGE_CURVE('',#9867,#4957,#9875,.T.);
#9875 = LINE('',#9876,#9877);
#9876 = CARTESIAN_POINT('',(17.7625,10.4,-5.));
#9877 = VECTOR('',#9878,1.);
#9878 = DIRECTION('',(0.,0.,1.));
#9879 = ORIENTED_EDGE('',*,*,#4956,.F.);
#9880 = PLANE('',#9881);
#9881 = AXIS2_PLACEMENT_3D('',#9882,#9883,#9884);
#9882 = CARTESIAN_POINT('',(17.7625,-10.4,-5.));
#9883 = DIRECTION('',(1.,0.,-0.));
#9884 = DIRECTION('',(0.,0.,1.));
#9885 = ADVANCED_FACE('',(#9886),#9897,.F.);
#9886 = FACE_BOUND('',#9887,.F.);
#9887 = EDGE_LOOP('',(#9888,#9889,#9890,#9896));
#9888 = ORIENTED_EDGE('',*,*,#5423,.F.);
#9889 = ORIENTED_EDGE('',*,*,#5455,.T.);
#9890 = ORIENTED_EDGE('',*,*,#9891,.T.);
#9891 = EDGE_CURVE('',#5456,#4989,#9892,.T.);
#9892 = LINE('',#9893,#9894);
#9893 = CARTESIAN_POINT('',(-15.8125,13.95,-6.4));
#9894 = VECTOR('',#9895,1.);
#9895 = DIRECTION('',(0.,0.,1.));
#9896 = ORIENTED_EDGE('',*,*,#4996,.F.);
#9897 = PLANE('',#9898);
#9898 = AXIS2_PLACEMENT_3D('',#9899,#9900,#9901);
#9899 = CARTESIAN_POINT('',(-15.8125,5.25,-6.4));
#9900 = DIRECTION('',(1.,0.,-0.));
#9901 = DIRECTION('',(0.,0.,1.));
#9902 = ADVANCED_FACE('',(#9903),#9914,.F.);
#9903 = FACE_BOUND('',#9904,.F.);
#9904 = EDGE_LOOP('',(#9905,#9906,#9907,#9913));
#9905 = ORIENTED_EDGE('',*,*,#9891,.F.);
#9906 = ORIENTED_EDGE('',*,*,#5463,.F.);
#9907 = ORIENTED_EDGE('',*,*,#9908,.T.);
#9908 = EDGE_CURVE('',#5440,#4981,#9909,.T.);
#9909 = LINE('',#9910,#9911);
#9910 = CARTESIAN_POINT('',(-24.5125,13.95,-6.4));
#9911 = VECTOR('',#9912,1.);
#9912 = DIRECTION('',(0.,0.,1.));
#9913 = ORIENTED_EDGE('',*,*,#4988,.F.);
#9914 = PLANE('',#9915);
#9915 = AXIS2_PLACEMENT_3D('',#9916,#9917,#9918);
#9916 = CARTESIAN_POINT('',(-24.5125,13.95,-6.4));
#9917 = DIRECTION('',(-0.,1.,0.));
#9918 = DIRECTION('',(0.,0.,1.));
#9919 = ADVANCED_FACE('',(#9920),#9945,.T.);
#9920 = FACE_BOUND('',#9921,.T.);
#9921 = EDGE_LOOP('',(#9922,#9930,#9938,#9944));
#9922 = ORIENTED_EDGE('',*,*,#9923,.F.);
#9923 = EDGE_CURVE('',#9924,#5015,#9926,.T.);
#9924 = VERTEX_POINT('',#9925);
#9925 = CARTESIAN_POINT('',(-16.1,16.1,-7.82));
#9926 = LINE('',#9927,#9928);
#9927 = CARTESIAN_POINT('',(-16.1,16.1,-7.82));
#9928 = VECTOR('',#9929,1.);
#9929 = DIRECTION('',(0.,0.,1.));
#9930 = ORIENTED_EDGE('',*,*,#9931,.F.);
#9931 = EDGE_CURVE('',#9932,#9924,#9934,.T.);
#9932 = VERTEX_POINT('',#9933);
#9933 = CARTESIAN_POINT('',(-25.3,16.1,-7.82));
#9934 = LINE('',#9935,#9936);
#9935 = CARTESIAN_POINT('',(-25.3,16.1,-7.82));
#9936 = VECTOR('',#9937,1.);
#9937 = DIRECTION('',(1.,0.,-0.));
#9938 = ORIENTED_EDGE('',*,*,#9939,.T.);
#9939 = EDGE_CURVE('',#9932,#5017,#9940,.T.);
#9940 = LINE('',#9941,#9942);
#9941 = CARTESIAN_POINT('',(-25.3,16.1,-7.82));
#9942 = VECTOR('',#9943,1.);
#9943 = DIRECTION('',(0.,0.,1.));
#9944 = ORIENTED_EDGE('',*,*,#5014,.F.);
#9945 = PLANE('',#9946);
#9946 = AXIS2_PLACEMENT_3D('',#9947,#9948,#9949);
#9947 = CARTESIAN_POINT('',(-25.3,16.1,-7.82));
#9948 = DIRECTION('',(-0.,1.,0.));
#9949 = DIRECTION('',(0.,0.,1.));
#9950 = ADVANCED_FACE('',(#9951),#9985,.T.);
#9951 = FACE_BOUND('',#9952,.T.);
#9952 = EDGE_LOOP('',(#9953,#9963,#9971,#9979));
#9953 = ORIENTED_EDGE('',*,*,#9954,.F.);
#9954 = EDGE_CURVE('',#9955,#9957,#9959,.T.);
#9955 = VERTEX_POINT('',#9956);
#9956 = CARTESIAN_POINT('',(-17.9,16.2,-9.));
#9957 = VERTEX_POINT('',#9958);
#9958 = CARTESIAN_POINT('',(-17.9,16.2,-7.82));
#9959 = LINE('',#9960,#9961);
#9960 = CARTESIAN_POINT('',(-17.9,16.2,-10.));
#9961 = VECTOR('',#9962,1.);
#9962 = DIRECTION('',(0.,0.,1.));
#9963 = ORIENTED_EDGE('',*,*,#9964,.T.);
#9964 = EDGE_CURVE('',#9955,#9965,#9967,.T.);
#9965 = VERTEX_POINT('',#9966);
#9966 = CARTESIAN_POINT('',(-19.5,16.2,-9.));
#9967 = LINE('',#9968,#9969);
#9968 = CARTESIAN_POINT('',(-9.75,16.2,-9.));
#9969 = VECTOR('',#9970,1.);
#9970 = DIRECTION('',(-1.,-0.,0.));
#9971 = ORIENTED_EDGE('',*,*,#9972,.T.);
#9972 = EDGE_CURVE('',#9965,#9973,#9975,.T.);
#9973 = VERTEX_POINT('',#9974);
#9974 = CARTESIAN_POINT('',(-19.5,16.2,-7.82));
#9975 = LINE('',#9976,#9977);
#9976 = CARTESIAN_POINT('',(-19.5,16.2,-10.));
#9977 = VECTOR('',#9978,1.);
#9978 = DIRECTION('',(0.,0.,1.));
#9979 = ORIENTED_EDGE('',*,*,#9980,.T.);
#9980 = EDGE_CURVE('',#9973,#9957,#9981,.T.);
#9981 = LINE('',#9982,#9983);
#9982 = CARTESIAN_POINT('',(-22.4,16.2,-7.82));
#9983 = VECTOR('',#9984,1.);
#9984 = DIRECTION('',(1.,0.,-0.));
#9985 = PLANE('',#9986);
#9986 = AXIS2_PLACEMENT_3D('',#9987,#9988,#9989);
#9987 = CARTESIAN_POINT('',(-19.5,16.2,-10.));
#9988 = DIRECTION('',(-0.,1.,0.));
#9989 = DIRECTION('',(0.,0.,1.));
#9990 = ADVANCED_FACE('',(#9991),#10016,.F.);
#9991 = FACE_BOUND('',#9992,.F.);
#9992 = EDGE_LOOP('',(#9993,#9994,#10002,#10010));
#9993 = ORIENTED_EDGE('',*,*,#9954,.F.);
#9994 = ORIENTED_EDGE('',*,*,#9995,.T.);
#9995 = EDGE_CURVE('',#9955,#9996,#9998,.T.);
#9996 = VERTEX_POINT('',#9997);
#9997 = CARTESIAN_POINT('',(-17.9,18.8,-9.));
#9998 = LINE('',#9999,#10000);
#9999 = CARTESIAN_POINT('',(-17.9,8.1,-9.));
#10000 = VECTOR('',#10001,1.);
#10001 = DIRECTION('',(-0.,1.,0.));
#10002 = ORIENTED_EDGE('',*,*,#10003,.T.);
#10003 = EDGE_CURVE('',#9996,#10004,#10006,.T.);
#10004 = VERTEX_POINT('',#10005);
#10005 = CARTESIAN_POINT('',(-17.9,18.8,-7.82));
#10006 = LINE('',#10007,#10008);
#10007 = CARTESIAN_POINT('',(-17.9,18.8,-10.));
#10008 = VECTOR('',#10009,1.);
#10009 = DIRECTION('',(0.,0.,1.));
#10010 = ORIENTED_EDGE('',*,*,#10011,.T.);
#10011 = EDGE_CURVE('',#10004,#9957,#10012,.T.);
#10012 = LINE('',#10013,#10014);
#10013 = CARTESIAN_POINT('',(-17.9,16.15,-7.82));
#10014 = VECTOR('',#10015,1.);
#10015 = DIRECTION('',(0.,-1.,0.));
#10016 = PLANE('',#10017);
#10017 = AXIS2_PLACEMENT_3D('',#10018,#10019,#10020);
#10018 = CARTESIAN_POINT('',(-17.9,16.2,-10.));
#10019 = DIRECTION('',(1.,0.,-0.));
#10020 = DIRECTION('',(0.,0.,1.));
#10021 = ADVANCED_FACE('',(#10022),#10047,.T.);
#10022 = FACE_BOUND('',#10023,.T.);
#10023 = EDGE_LOOP('',(#10024,#10025,#10033,#10041));
#10024 = ORIENTED_EDGE('',*,*,#9972,.F.);
#10025 = ORIENTED_EDGE('',*,*,#10026,.T.);
#10026 = EDGE_CURVE('',#9965,#10027,#10029,.T.);
#10027 = VERTEX_POINT('',#10028);
#10028 = CARTESIAN_POINT('',(-19.5,18.8,-9.));
#10029 = LINE('',#10030,#10031);
#10030 = CARTESIAN_POINT('',(-19.5,8.1,-9.));
#10031 = VECTOR('',#10032,1.);
#10032 = DIRECTION('',(-0.,1.,0.));
#10033 = ORIENTED_EDGE('',*,*,#10034,.T.);
#10034 = EDGE_CURVE('',#10027,#10035,#10037,.T.);
#10035 = VERTEX_POINT('',#10036);
#10036 = CARTESIAN_POINT('',(-19.5,18.8,-7.82));
#10037 = LINE('',#10038,#10039);
#10038 = CARTESIAN_POINT('',(-19.5,18.8,-10.));
#10039 = VECTOR('',#10040,1.);
#10040 = DIRECTION('',(0.,0.,1.));
#10041 = ORIENTED_EDGE('',*,*,#10042,.T.);
#10042 = EDGE_CURVE('',#10035,#9973,#10043,.T.);
#10043 = LINE('',#10044,#10045);
#10044 = CARTESIAN_POINT('',(-19.5,16.15,-7.82));
#10045 = VECTOR('',#10046,1.);
#10046 = DIRECTION('',(0.,-1.,0.));
#10047 = PLANE('',#10048);
#10048 = AXIS2_PLACEMENT_3D('',#10049,#10050,#10051);
#10049 = CARTESIAN_POINT('',(-19.5,16.2,-10.));
#10050 = DIRECTION('',(1.,0.,-0.));
#10051 = DIRECTION('',(0.,0.,1.));
#10052 = ADVANCED_FACE('',(#10053),#10069,.F.);
#10053 = FACE_BOUND('',#10054,.F.);
#10054 = EDGE_LOOP('',(#10055,#10056,#10062,#10063));
#10055 = ORIENTED_EDGE('',*,*,#10003,.F.);
#10056 = ORIENTED_EDGE('',*,*,#10057,.T.);
#10057 = EDGE_CURVE('',#9996,#10027,#10058,.T.);
#10058 = LINE('',#10059,#10060);
#10059 = CARTESIAN_POINT('',(-9.75,18.8,-9.));
#10060 = VECTOR('',#10061,1.);
#10061 = DIRECTION('',(-1.,-0.,0.));
#10062 = ORIENTED_EDGE('',*,*,#10034,.T.);
#10063 = ORIENTED_EDGE('',*,*,#10064,.T.);
#10064 = EDGE_CURVE('',#10035,#10004,#10065,.T.);
#10065 = LINE('',#10066,#10067);
#10066 = CARTESIAN_POINT('',(-22.4,18.8,-7.82));
#10067 = VECTOR('',#10068,1.);
#10068 = DIRECTION('',(1.,0.,-0.));
#10069 = PLANE('',#10070);
#10070 = AXIS2_PLACEMENT_3D('',#10071,#10072,#10073);
#10071 = CARTESIAN_POINT('',(-19.5,18.8,-10.));
#10072 = DIRECTION('',(-0.,1.,0.));
#10073 = DIRECTION('',(0.,0.,1.));
#10074 = ADVANCED_FACE('',(#10075,#10100),#10106,.T.);
#10075 = FACE_BOUND('',#10076,.T.);
#10076 = EDGE_LOOP('',(#10077,#10085,#10086,#10094));
#10077 = ORIENTED_EDGE('',*,*,#10078,.F.);
#10078 = EDGE_CURVE('',#9932,#10079,#10081,.T.);
#10079 = VERTEX_POINT('',#10080);
#10080 = CARTESIAN_POINT('',(-25.3,22.9,-7.82));
#10081 = LINE('',#10082,#10083);
#10082 = CARTESIAN_POINT('',(-25.3,16.1,-7.82));
#10083 = VECTOR('',#10084,1.);
#10084 = DIRECTION('',(-0.,1.,0.));
#10085 = ORIENTED_EDGE('',*,*,#9931,.T.);
#10086 = ORIENTED_EDGE('',*,*,#10087,.T.);
#10087 = EDGE_CURVE('',#9924,#10088,#10090,.T.);
#10088 = VERTEX_POINT('',#10089);
#10089 = CARTESIAN_POINT('',(-16.1,22.9,-7.82));
#10090 = LINE('',#10091,#10092);
#10091 = CARTESIAN_POINT('',(-16.1,16.1,-7.82));
#10092 = VECTOR('',#10093,1.);
#10093 = DIRECTION('',(-0.,1.,0.));
#10094 = ORIENTED_EDGE('',*,*,#10095,.F.);
#10095 = EDGE_CURVE('',#10079,#10088,#10096,.T.);
#10096 = LINE('',#10097,#10098);
#10097 = CARTESIAN_POINT('',(-25.3,22.9,-7.82));
#10098 = VECTOR('',#10099,1.);
#10099 = DIRECTION('',(1.,0.,-0.));
#10100 = FACE_BOUND('',#10101,.T.);
#10101 = EDGE_LOOP('',(#10102,#10103,#10104,#10105));
#10102 = ORIENTED_EDGE('',*,*,#9980,.F.);
#10103 = ORIENTED_EDGE('',*,*,#10042,.F.);
#10104 = ORIENTED_EDGE('',*,*,#10064,.T.);
#10105 = ORIENTED_EDGE('',*,*,#10011,.T.);
#10106 = PLANE('',#10107);
#10107 = AXIS2_PLACEMENT_3D('',#10108,#10109,#10110);
#10108 = CARTESIAN_POINT('',(-25.3,16.1,-7.82));
#10109 = DIRECTION('',(0.,0.,1.));
#10110 = DIRECTION('',(1.,0.,-0.));
#10111 = ADVANCED_FACE('',(#10112),#10123,.F.);
#10112 = FACE_BOUND('',#10113,.F.);
#10113 = EDGE_LOOP('',(#10114,#10115,#10116,#10122));
#10114 = ORIENTED_EDGE('',*,*,#9923,.F.);
#10115 = ORIENTED_EDGE('',*,*,#10087,.T.);
#10116 = ORIENTED_EDGE('',*,*,#10117,.T.);
#10117 = EDGE_CURVE('',#10088,#5033,#10118,.T.);
#10118 = LINE('',#10119,#10120);
#10119 = CARTESIAN_POINT('',(-16.1,22.9,-7.82));
#10120 = VECTOR('',#10121,1.);
#10121 = DIRECTION('',(0.,0.,1.));
#10122 = ORIENTED_EDGE('',*,*,#5040,.F.);
#10123 = PLANE('',#10124);
#10124 = AXIS2_PLACEMENT_3D('',#10125,#10126,#10127);
#10125 = CARTESIAN_POINT('',(-16.1,16.1,-7.82));
#10126 = DIRECTION('',(1.,0.,-0.));
#10127 = DIRECTION('',(0.,0.,1.));
#10128 = ADVANCED_FACE('',(#10129),#10140,.F.);
#10129 = FACE_BOUND('',#10130,.F.);
#10130 = EDGE_LOOP('',(#10131,#10132,#10133,#10139));
#10131 = ORIENTED_EDGE('',*,*,#10117,.F.);
#10132 = ORIENTED_EDGE('',*,*,#10095,.F.);
#10133 = ORIENTED_EDGE('',*,*,#10134,.T.);
#10134 = EDGE_CURVE('',#10079,#5025,#10135,.T.);
#10135 = LINE('',#10136,#10137);
#10136 = CARTESIAN_POINT('',(-25.3,22.9,-7.82));
#10137 = VECTOR('',#10138,1.);
#10138 = DIRECTION('',(0.,0.,1.));
#10139 = ORIENTED_EDGE('',*,*,#5032,.F.);
#10140 = PLANE('',#10141);
#10141 = AXIS2_PLACEMENT_3D('',#10142,#10143,#10144);
#10142 = CARTESIAN_POINT('',(-25.3,22.9,-7.82));
#10143 = DIRECTION('',(-0.,1.,0.));
#10144 = DIRECTION('',(0.,0.,1.));
#10145 = ADVANCED_FACE('',(#10146),#10152,.T.);
#10146 = FACE_BOUND('',#10147,.T.);
#10147 = EDGE_LOOP('',(#10148,#10149,#10150,#10151));
#10148 = ORIENTED_EDGE('',*,*,#9939,.F.);
#10149 = ORIENTED_EDGE('',*,*,#10078,.T.);
#10150 = ORIENTED_EDGE('',*,*,#10134,.T.);
#10151 = ORIENTED_EDGE('',*,*,#5024,.F.);
#10152 = PLANE('',#10153);
#10153 = AXIS2_PLACEMENT_3D('',#10154,#10155,#10156);
#10154 = CARTESIAN_POINT('',(-25.3,16.1,-7.82));
#10155 = DIRECTION('',(1.,0.,-0.));
#10156 = DIRECTION('',(0.,0.,1.));
#10157 = ADVANCED_FACE('',(#10158),#10183,.T.);
#10158 = FACE_BOUND('',#10159,.T.);
#10159 = EDGE_LOOP('',(#10160,#10168,#10176,#10182));
#10160 = ORIENTED_EDGE('',*,*,#10161,.F.);
#10161 = EDGE_CURVE('',#10162,#5049,#10164,.T.);
#10162 = VERTEX_POINT('',#10163);
#10163 = CARTESIAN_POINT('',(23.6,11.3,-4.));
#10164 = LINE('',#10165,#10166);
#10165 = CARTESIAN_POINT('',(23.6,11.3,-4.));
#10166 = VECTOR('',#10167,1.);
#10167 = DIRECTION('',(0.,0.,1.));
#10168 = ORIENTED_EDGE('',*,*,#10169,.F.);
#10169 = EDGE_CURVE('',#10170,#10162,#10172,.T.);
#10170 = VERTEX_POINT('',#10171);
#10171 = CARTESIAN_POINT('',(18.4,11.3,-4.));
#10172 = LINE('',#10173,#10174);
#10173 = CARTESIAN_POINT('',(18.4,11.3,-4.));
#10174 = VECTOR('',#10175,1.);
#10175 = DIRECTION('',(1.,0.,-0.));
#10176 = ORIENTED_EDGE('',*,*,#10177,.T.);
#10177 = EDGE_CURVE('',#10170,#5051,#10178,.T.);
#10178 = LINE('',#10179,#10180);
#10179 = CARTESIAN_POINT('',(18.4,11.3,-4.));
#10180 = VECTOR('',#10181,1.);
#10181 = DIRECTION('',(0.,0.,1.));
#10182 = ORIENTED_EDGE('',*,*,#5048,.F.);
#10183 = PLANE('',#10184);
#10184 = AXIS2_PLACEMENT_3D('',#10185,#10186,#10187);
#10185 = CARTESIAN_POINT('',(18.4,11.3,-4.));
#10186 = DIRECTION('',(-0.,1.,0.));
#10187 = DIRECTION('',(0.,0.,1.));
#10188 = ADVANCED_FACE('',(#10189),#10207,.F.);
#10189 = FACE_BOUND('',#10190,.F.);
#10190 = EDGE_LOOP('',(#10191,#10192,#10200,#10206));
#10191 = ORIENTED_EDGE('',*,*,#10161,.F.);
#10192 = ORIENTED_EDGE('',*,*,#10193,.T.);
#10193 = EDGE_CURVE('',#10162,#10194,#10196,.T.);
#10194 = VERTEX_POINT('',#10195);
#10195 = CARTESIAN_POINT('',(23.6,14.5,-4.));
#10196 = LINE('',#10197,#10198);
#10197 = CARTESIAN_POINT('',(23.6,11.3,-4.));
#10198 = VECTOR('',#10199,1.);
#10199 = DIRECTION('',(-0.,1.,0.));
#10200 = ORIENTED_EDGE('',*,*,#10201,.T.);
#10201 = EDGE_CURVE('',#10194,#5067,#10202,.T.);
#10202 = LINE('',#10203,#10204);
#10203 = CARTESIAN_POINT('',(23.6,14.5,-4.));
#10204 = VECTOR('',#10205,1.);
#10205 = DIRECTION('',(0.,0.,1.));
#10206 = ORIENTED_EDGE('',*,*,#5074,.F.);
#10207 = PLANE('',#10208);
#10208 = AXIS2_PLACEMENT_3D('',#10209,#10210,#10211);
#10209 = CARTESIAN_POINT('',(23.6,11.3,-4.));
#10210 = DIRECTION('',(1.,0.,-0.));
#10211 = DIRECTION('',(0.,0.,1.));
#10212 = ADVANCED_FACE('',(#10213),#10231,.F.);
#10213 = FACE_BOUND('',#10214,.F.);
#10214 = EDGE_LOOP('',(#10215,#10216,#10224,#10230));
#10215 = ORIENTED_EDGE('',*,*,#10201,.F.);
#10216 = ORIENTED_EDGE('',*,*,#10217,.F.);
#10217 = EDGE_CURVE('',#10218,#10194,#10220,.T.);
#10218 = VERTEX_POINT('',#10219);
#10219 = CARTESIAN_POINT('',(18.4,14.5,-4.));
#10220 = LINE('',#10221,#10222);
#10221 = CARTESIAN_POINT('',(18.4,14.5,-4.));
#10222 = VECTOR('',#10223,1.);
#10223 = DIRECTION('',(1.,0.,-0.));
#10224 = ORIENTED_EDGE('',*,*,#10225,.T.);
#10225 = EDGE_CURVE('',#10218,#5059,#10226,.T.);
#10226 = LINE('',#10227,#10228);
#10227 = CARTESIAN_POINT('',(18.4,14.5,-4.));
#10228 = VECTOR('',#10229,1.);
#10229 = DIRECTION('',(0.,0.,1.));
#10230 = ORIENTED_EDGE('',*,*,#5066,.F.);
#10231 = PLANE('',#10232);
#10232 = AXIS2_PLACEMENT_3D('',#10233,#10234,#10235);
#10233 = CARTESIAN_POINT('',(18.4,14.5,-4.));
#10234 = DIRECTION('',(-0.,1.,0.));
#10235 = DIRECTION('',(0.,0.,1.));
#10236 = ADVANCED_FACE('',(#10237),#10248,.T.);
#10237 = FACE_BOUND('',#10238,.T.);
#10238 = EDGE_LOOP('',(#10239,#10240,#10246,#10247));
#10239 = ORIENTED_EDGE('',*,*,#10177,.F.);
#10240 = ORIENTED_EDGE('',*,*,#10241,.T.);
#10241 = EDGE_CURVE('',#10170,#10218,#10242,.T.);
#10242 = LINE('',#10243,#10244);
#10243 = CARTESIAN_POINT('',(18.4,11.3,-4.));
#10244 = VECTOR('',#10245,1.);
#10245 = DIRECTION('',(-0.,1.,0.));
#10246 = ORIENTED_EDGE('',*,*,#10225,.T.);
#10247 = ORIENTED_EDGE('',*,*,#5058,.F.);
#10248 = PLANE('',#10249);
#10249 = AXIS2_PLACEMENT_3D('',#10250,#10251,#10252);
#10250 = CARTESIAN_POINT('',(18.4,11.3,-4.));
#10251 = DIRECTION('',(1.,0.,-0.));
#10252 = DIRECTION('',(0.,0.,1.));
#10253 = ADVANCED_FACE('',(#10254),#10279,.T.);
#10254 = FACE_BOUND('',#10255,.T.);
#10255 = EDGE_LOOP('',(#10256,#10264,#10272,#10278));
#10256 = ORIENTED_EDGE('',*,*,#10257,.F.);
#10257 = EDGE_CURVE('',#10258,#5083,#10260,.T.);
#10258 = VERTEX_POINT('',#10259);
#10259 = CARTESIAN_POINT('',(25.3,16.1,-7.82));
#10260 = LINE('',#10261,#10262);
#10261 = CARTESIAN_POINT('',(25.3,16.1,-7.82));
#10262 = VECTOR('',#10263,1.);
#10263 = DIRECTION('',(0.,0.,1.));
#10264 = ORIENTED_EDGE('',*,*,#10265,.F.);
#10265 = EDGE_CURVE('',#10266,#10258,#10268,.T.);
#10266 = VERTEX_POINT('',#10267);
#10267 = CARTESIAN_POINT('',(16.1,16.1,-7.82));
#10268 = LINE('',#10269,#10270);
#10269 = CARTESIAN_POINT('',(16.1,16.1,-7.82));
#10270 = VECTOR('',#10271,1.);
#10271 = DIRECTION('',(1.,0.,-0.));
#10272 = ORIENTED_EDGE('',*,*,#10273,.T.);
#10273 = EDGE_CURVE('',#10266,#5085,#10274,.T.);
#10274 = LINE('',#10275,#10276);
#10275 = CARTESIAN_POINT('',(16.1,16.1,-7.82));
#10276 = VECTOR('',#10277,1.);
#10277 = DIRECTION('',(0.,0.,1.));
#10278 = ORIENTED_EDGE('',*,*,#5082,.F.);
#10279 = PLANE('',#10280);
#10280 = AXIS2_PLACEMENT_3D('',#10281,#10282,#10283);
#10281 = CARTESIAN_POINT('',(16.1,16.1,-7.82));
#10282 = DIRECTION('',(-0.,1.,0.));
#10283 = DIRECTION('',(0.,0.,1.));
#10284 = ADVANCED_FACE('',(#10285),#10335,.T.);
#10285 = FACE_BOUND('',#10286,.T.);
#10286 = EDGE_LOOP('',(#10287,#10297,#10305,#10313,#10321,#10329));
#10287 = ORIENTED_EDGE('',*,*,#10288,.F.);
#10288 = EDGE_CURVE('',#10289,#10291,#10293,.T.);
#10289 = VERTEX_POINT('',#10290);
#10290 = CARTESIAN_POINT('',(20.995,15.2,-26.22));
#10291 = VERTEX_POINT('',#10292);
#10292 = CARTESIAN_POINT('',(20.995,15.2,-9.));
#10293 = LINE('',#10294,#10295);
#10294 = CARTESIAN_POINT('',(20.995,15.2,-24.92));
#10295 = VECTOR('',#10296,1.);
#10296 = DIRECTION('',(0.,0.,1.));
#10297 = ORIENTED_EDGE('',*,*,#10298,.T.);
#10298 = EDGE_CURVE('',#10289,#10299,#10301,.T.);
#10299 = VERTEX_POINT('',#10300);
#10300 = CARTESIAN_POINT('',(20.995,16.7,-26.22));
#10301 = LINE('',#10302,#10303);
#10302 = CARTESIAN_POINT('',(20.995,15.2,-26.22));
#10303 = VECTOR('',#10304,1.);
#10304 = DIRECTION('',(-0.,1.,0.));
#10305 = ORIENTED_EDGE('',*,*,#10306,.T.);
#10306 = EDGE_CURVE('',#10299,#10307,#10309,.T.);
#10307 = VERTEX_POINT('',#10308);
#10308 = CARTESIAN_POINT('',(20.995,16.7,-12.26));
#10309 = LINE('',#10310,#10311);
#10310 = CARTESIAN_POINT('',(20.995,16.7,-26.22));
#10311 = VECTOR('',#10312,1.);
#10312 = DIRECTION('',(0.,0.,1.));
#10313 = ORIENTED_EDGE('',*,*,#10314,.F.);
#10314 = EDGE_CURVE('',#10315,#10307,#10317,.T.);
#10315 = VERTEX_POINT('',#10316);
#10316 = CARTESIAN_POINT('',(20.995,16.2,-12.26));
#10317 = LINE('',#10318,#10319);
#10318 = CARTESIAN_POINT('',(20.995,16.19,-12.26));
#10319 = VECTOR('',#10320,1.);
#10320 = DIRECTION('',(-0.,1.,0.));
#10321 = ORIENTED_EDGE('',*,*,#10322,.T.);
#10322 = EDGE_CURVE('',#10315,#10323,#10325,.T.);
#10323 = VERTEX_POINT('',#10324);
#10324 = CARTESIAN_POINT('',(20.995,16.2,-9.));
#10325 = LINE('',#10326,#10327);
#10326 = CARTESIAN_POINT('',(20.995,16.2,-24.92));
#10327 = VECTOR('',#10328,1.);
#10328 = DIRECTION('',(0.,0.,1.));
#10329 = ORIENTED_EDGE('',*,*,#10330,.F.);
#10330 = EDGE_CURVE('',#10291,#10323,#10331,.T.);
#10331 = LINE('',#10332,#10333);
#10332 = CARTESIAN_POINT('',(20.995,7.6,-9.));
#10333 = VECTOR('',#10334,1.);
#10334 = DIRECTION('',(-0.,1.,0.));
#10335 = PLANE('',#10336);
#10336 = AXIS2_PLACEMENT_3D('',#10337,#10338,#10339);
#10337 = CARTESIAN_POINT('',(20.995,15.906463675214,-17.65353632478));
#10338 = DIRECTION('',(1.,0.,0.));
#10339 = DIRECTION('',(-0.,0.,1.));
#10340 = ADVANCED_FACE('',(#10341),#10398,.T.);
#10341 = FACE_BOUND('',#10342,.T.);
#10342 = EDGE_LOOP('',(#10343,#10344,#10352,#10360,#10368,#10376,#10384,
    #10392));
#10343 = ORIENTED_EDGE('',*,*,#10322,.F.);
#10344 = ORIENTED_EDGE('',*,*,#10345,.F.);
#10345 = EDGE_CURVE('',#10346,#10315,#10348,.T.);
#10346 = VERTEX_POINT('',#10347);
#10347 = CARTESIAN_POINT('',(16.2,16.2,-12.26));
#10348 = LINE('',#10349,#10350);
#10349 = CARTESIAN_POINT('',(14.975,16.2,-12.26));
#10350 = VECTOR('',#10351,1.);
#10351 = DIRECTION('',(1.,0.,-0.));
#10352 = ORIENTED_EDGE('',*,*,#10353,.T.);
#10353 = EDGE_CURVE('',#10346,#10354,#10356,.T.);
#10354 = VERTEX_POINT('',#10355);
#10355 = CARTESIAN_POINT('',(16.2,16.2,-9.));
#10356 = LINE('',#10357,#10358);
#10357 = CARTESIAN_POINT('',(16.2,16.2,-12.51));
#10358 = VECTOR('',#10359,1.);
#10359 = DIRECTION('',(0.,0.,1.));
#10360 = ORIENTED_EDGE('',*,*,#10361,.F.);
#10361 = EDGE_CURVE('',#10362,#10354,#10364,.T.);
#10362 = VERTEX_POINT('',#10363);
#10363 = CARTESIAN_POINT('',(17.9,16.2,-9.));
#10364 = LINE('',#10365,#10366);
#10365 = CARTESIAN_POINT('',(7.4875,16.2,-9.));
#10366 = VECTOR('',#10367,1.);
#10367 = DIRECTION('',(-1.,-0.,0.));
#10368 = ORIENTED_EDGE('',*,*,#10369,.T.);
#10369 = EDGE_CURVE('',#10362,#10370,#10372,.T.);
#10370 = VERTEX_POINT('',#10371);
#10371 = CARTESIAN_POINT('',(17.9,16.2,-7.82));
#10372 = LINE('',#10373,#10374);
#10373 = CARTESIAN_POINT('',(17.9,16.2,-10.));
#10374 = VECTOR('',#10375,1.);
#10375 = DIRECTION('',(0.,0.,1.));
#10376 = ORIENTED_EDGE('',*,*,#10377,.T.);
#10377 = EDGE_CURVE('',#10370,#10378,#10380,.T.);
#10378 = VERTEX_POINT('',#10379);
#10379 = CARTESIAN_POINT('',(19.5,16.2,-7.82));
#10380 = LINE('',#10381,#10382);
#10381 = CARTESIAN_POINT('',(17.355346809086,16.2,-7.82));
#10382 = VECTOR('',#10383,1.);
#10383 = DIRECTION('',(1.,0.,0.));
#10384 = ORIENTED_EDGE('',*,*,#10385,.F.);
#10385 = EDGE_CURVE('',#10386,#10378,#10388,.T.);
#10386 = VERTEX_POINT('',#10387);
#10387 = CARTESIAN_POINT('',(19.5,16.2,-9.));
#10388 = LINE('',#10389,#10390);
#10389 = CARTESIAN_POINT('',(19.5,16.2,-10.));
#10390 = VECTOR('',#10391,1.);
#10391 = DIRECTION('',(0.,0.,1.));
#10392 = ORIENTED_EDGE('',*,*,#10393,.F.);
#10393 = EDGE_CURVE('',#10323,#10386,#10394,.T.);
#10394 = LINE('',#10395,#10396);
#10395 = CARTESIAN_POINT('',(7.4875,16.2,-9.));
#10396 = VECTOR('',#10397,1.);
#10397 = DIRECTION('',(-1.,-0.,0.));
#10398 = PLANE('',#10399);
#10399 = AXIS2_PLACEMENT_3D('',#10400,#10401,#10402);
#10400 = CARTESIAN_POINT('',(18.610693618172,16.2,-10.24062736614));
#10401 = DIRECTION('',(0.,1.,0.));
#10402 = DIRECTION('',(0.,-0.,1.));
#10403 = ADVANCED_FACE('',(#10404),#10429,.F.);
#10404 = FACE_BOUND('',#10405,.F.);
#10405 = EDGE_LOOP('',(#10406,#10407,#10415,#10423));
#10406 = ORIENTED_EDGE('',*,*,#10385,.F.);
#10407 = ORIENTED_EDGE('',*,*,#10408,.T.);
#10408 = EDGE_CURVE('',#10386,#10409,#10411,.T.);
#10409 = VERTEX_POINT('',#10410);
#10410 = CARTESIAN_POINT('',(19.5,18.8,-9.));
#10411 = LINE('',#10412,#10413);
#10412 = CARTESIAN_POINT('',(19.5,8.1,-9.));
#10413 = VECTOR('',#10414,1.);
#10414 = DIRECTION('',(-0.,1.,0.));
#10415 = ORIENTED_EDGE('',*,*,#10416,.T.);
#10416 = EDGE_CURVE('',#10409,#10417,#10419,.T.);
#10417 = VERTEX_POINT('',#10418);
#10418 = CARTESIAN_POINT('',(19.5,18.8,-7.82));
#10419 = LINE('',#10420,#10421);
#10420 = CARTESIAN_POINT('',(19.5,18.8,-10.));
#10421 = VECTOR('',#10422,1.);
#10422 = DIRECTION('',(0.,0.,1.));
#10423 = ORIENTED_EDGE('',*,*,#10424,.T.);
#10424 = EDGE_CURVE('',#10417,#10378,#10425,.T.);
#10425 = LINE('',#10426,#10427);
#10426 = CARTESIAN_POINT('',(19.5,16.15,-7.82));
#10427 = VECTOR('',#10428,1.);
#10428 = DIRECTION('',(0.,-1.,0.));
#10429 = PLANE('',#10430);
#10430 = AXIS2_PLACEMENT_3D('',#10431,#10432,#10433);
#10431 = CARTESIAN_POINT('',(19.5,16.2,-10.));
#10432 = DIRECTION('',(1.,0.,-0.));
#10433 = DIRECTION('',(0.,0.,1.));
#10434 = ADVANCED_FACE('',(#10435),#10460,.F.);
#10435 = FACE_BOUND('',#10436,.F.);
#10436 = EDGE_LOOP('',(#10437,#10438,#10446,#10454));
#10437 = ORIENTED_EDGE('',*,*,#10416,.F.);
#10438 = ORIENTED_EDGE('',*,*,#10439,.T.);
#10439 = EDGE_CURVE('',#10409,#10440,#10442,.T.);
#10440 = VERTEX_POINT('',#10441);
#10441 = CARTESIAN_POINT('',(17.9,18.8,-9.));
#10442 = LINE('',#10443,#10444);
#10443 = CARTESIAN_POINT('',(8.95,18.8,-9.));
#10444 = VECTOR('',#10445,1.);
#10445 = DIRECTION('',(-1.,-0.,0.));
#10446 = ORIENTED_EDGE('',*,*,#10447,.T.);
#10447 = EDGE_CURVE('',#10440,#10448,#10450,.T.);
#10448 = VERTEX_POINT('',#10449);
#10449 = CARTESIAN_POINT('',(17.9,18.8,-7.82));
#10450 = LINE('',#10451,#10452);
#10451 = CARTESIAN_POINT('',(17.9,18.8,-10.));
#10452 = VECTOR('',#10453,1.);
#10453 = DIRECTION('',(0.,0.,1.));
#10454 = ORIENTED_EDGE('',*,*,#10455,.T.);
#10455 = EDGE_CURVE('',#10448,#10417,#10456,.T.);
#10456 = LINE('',#10457,#10458);
#10457 = CARTESIAN_POINT('',(17.,18.8,-7.82));
#10458 = VECTOR('',#10459,1.);
#10459 = DIRECTION('',(1.,0.,-0.));
#10460 = PLANE('',#10461);
#10461 = AXIS2_PLACEMENT_3D('',#10462,#10463,#10464);
#10462 = CARTESIAN_POINT('',(17.9,18.8,-10.));
#10463 = DIRECTION('',(-0.,1.,0.));
#10464 = DIRECTION('',(0.,0.,1.));
#10465 = ADVANCED_FACE('',(#10466),#10482,.T.);
#10466 = FACE_BOUND('',#10467,.T.);
#10467 = EDGE_LOOP('',(#10468,#10469,#10475,#10476));
#10468 = ORIENTED_EDGE('',*,*,#10369,.F.);
#10469 = ORIENTED_EDGE('',*,*,#10470,.T.);
#10470 = EDGE_CURVE('',#10362,#10440,#10471,.T.);
#10471 = LINE('',#10472,#10473);
#10472 = CARTESIAN_POINT('',(17.9,8.1,-9.));
#10473 = VECTOR('',#10474,1.);
#10474 = DIRECTION('',(-0.,1.,0.));
#10475 = ORIENTED_EDGE('',*,*,#10447,.T.);
#10476 = ORIENTED_EDGE('',*,*,#10477,.T.);
#10477 = EDGE_CURVE('',#10448,#10370,#10478,.T.);
#10478 = LINE('',#10479,#10480);
#10479 = CARTESIAN_POINT('',(17.9,16.15,-7.82));
#10480 = VECTOR('',#10481,1.);
#10481 = DIRECTION('',(0.,-1.,0.));
#10482 = PLANE('',#10483);
#10483 = AXIS2_PLACEMENT_3D('',#10484,#10485,#10486);
#10484 = CARTESIAN_POINT('',(17.9,16.2,-10.));
#10485 = DIRECTION('',(1.,0.,-0.));
#10486 = DIRECTION('',(0.,0.,1.));
#10487 = ADVANCED_FACE('',(#10488),#10529,.T.);
#10488 = FACE_BOUND('',#10489,.T.);
#10489 = EDGE_LOOP('',(#10490,#10491,#10499,#10507,#10515,#10523));
#10490 = ORIENTED_EDGE('',*,*,#10353,.F.);
#10491 = ORIENTED_EDGE('',*,*,#10492,.F.);
#10492 = EDGE_CURVE('',#10493,#10346,#10495,.T.);
#10493 = VERTEX_POINT('',#10494);
#10494 = CARTESIAN_POINT('',(16.2,16.7,-12.26));
#10495 = LINE('',#10496,#10497);
#10496 = CARTESIAN_POINT('',(16.2,16.195,-12.26));
#10497 = VECTOR('',#10498,1.);
#10498 = DIRECTION('',(0.,-1.,0.));
#10499 = ORIENTED_EDGE('',*,*,#10500,.F.);
#10500 = EDGE_CURVE('',#10501,#10493,#10503,.T.);
#10501 = VERTEX_POINT('',#10502);
#10502 = CARTESIAN_POINT('',(16.2,16.7,-13.5));
#10503 = LINE('',#10504,#10505);
#10504 = CARTESIAN_POINT('',(16.2,16.7,-19.86));
#10505 = VECTOR('',#10506,1.);
#10506 = DIRECTION('',(0.,0.,1.));
#10507 = ORIENTED_EDGE('',*,*,#10508,.T.);
#10508 = EDGE_CURVE('',#10501,#10509,#10511,.T.);
#10509 = VERTEX_POINT('',#10510);
#10510 = CARTESIAN_POINT('',(16.2,17.5,-13.5));
#10511 = LINE('',#10512,#10513);
#10512 = CARTESIAN_POINT('',(16.2,16.2,-13.5));
#10513 = VECTOR('',#10514,1.);
#10514 = DIRECTION('',(-0.,1.,0.));
#10515 = ORIENTED_EDGE('',*,*,#10516,.T.);
#10516 = EDGE_CURVE('',#10509,#10517,#10519,.T.);
#10517 = VERTEX_POINT('',#10518);
#10518 = CARTESIAN_POINT('',(16.2,17.5,-9.));
#10519 = LINE('',#10520,#10521);
#10520 = CARTESIAN_POINT('',(16.2,17.5,-12.51));
#10521 = VECTOR('',#10522,1.);
#10522 = DIRECTION('',(0.,0.,1.));
#10523 = ORIENTED_EDGE('',*,*,#10524,.T.);
#10524 = EDGE_CURVE('',#10517,#10354,#10525,.T.);
#10525 = LINE('',#10526,#10527);
#10526 = CARTESIAN_POINT('',(16.2,8.1,-9.));
#10527 = VECTOR('',#10528,1.);
#10528 = DIRECTION('',(0.,-1.,0.));
#10529 = PLANE('',#10530);
#10530 = AXIS2_PLACEMENT_3D('',#10531,#10532,#10533);
#10531 = CARTESIAN_POINT('',(16.2,16.903448275862,-11.19655172413));
#10532 = DIRECTION('',(1.,0.,0.));
#10533 = DIRECTION('',(-0.,0.,1.));
#10534 = ADVANCED_FACE('',(#10535),#10592,.T.);
#10535 = FACE_BOUND('',#10536,.T.);
#10536 = EDGE_LOOP('',(#10537,#10545,#10546,#10554,#10562,#10570,#10578,
    #10586));
#10537 = ORIENTED_EDGE('',*,*,#10538,.T.);
#10538 = EDGE_CURVE('',#10539,#10299,#10541,.T.);
#10539 = VERTEX_POINT('',#10540);
#10540 = CARTESIAN_POINT('',(14.975,16.7,-26.22));
#10541 = LINE('',#10542,#10543);
#10542 = CARTESIAN_POINT('',(14.975,16.7,-26.22));
#10543 = VECTOR('',#10544,1.);
#10544 = DIRECTION('',(1.,0.,-0.));
#10545 = ORIENTED_EDGE('',*,*,#10298,.F.);
#10546 = ORIENTED_EDGE('',*,*,#10547,.F.);
#10547 = EDGE_CURVE('',#10548,#10289,#10550,.T.);
#10548 = VERTEX_POINT('',#10549);
#10549 = CARTESIAN_POINT('',(20.195,15.2,-26.22));
#10550 = LINE('',#10551,#10552);
#10551 = CARTESIAN_POINT('',(15.3,15.2,-26.22));
#10552 = VECTOR('',#10553,1.);
#10553 = DIRECTION('',(1.,0.,-0.));
#10554 = ORIENTED_EDGE('',*,*,#10555,.F.);
#10555 = EDGE_CURVE('',#10556,#10548,#10558,.T.);
#10556 = VERTEX_POINT('',#10557);
#10557 = CARTESIAN_POINT('',(20.195,15.9,-26.22));
#10558 = LINE('',#10559,#10560);
#10559 = CARTESIAN_POINT('',(20.195,15.580696476064,-26.22));
#10560 = VECTOR('',#10561,1.);
#10561 = DIRECTION('',(0.,-1.,0.));
#10562 = ORIENTED_EDGE('',*,*,#10563,.F.);
#10563 = EDGE_CURVE('',#10564,#10556,#10566,.T.);
#10564 = VERTEX_POINT('',#10565);
#10565 = CARTESIAN_POINT('',(15.3,15.9,-26.22));
#10566 = LINE('',#10567,#10568);
#10567 = CARTESIAN_POINT('',(16.615696476064,15.9,-26.22));
#10568 = VECTOR('',#10569,1.);
#10569 = DIRECTION('',(1.,0.,-0.));
#10570 = ORIENTED_EDGE('',*,*,#10571,.T.);
#10571 = EDGE_CURVE('',#10564,#10572,#10574,.T.);
#10572 = VERTEX_POINT('',#10573);
#10573 = CARTESIAN_POINT('',(15.3,16.19,-26.22));
#10574 = LINE('',#10575,#10576);
#10575 = CARTESIAN_POINT('',(15.3,15.2,-26.22));
#10576 = VECTOR('',#10577,1.);
#10577 = DIRECTION('',(-0.,1.,0.));
#10578 = ORIENTED_EDGE('',*,*,#10579,.F.);
#10579 = EDGE_CURVE('',#10580,#10572,#10582,.T.);
#10580 = VERTEX_POINT('',#10581);
#10581 = CARTESIAN_POINT('',(14.975,16.19,-26.22));
#10582 = LINE('',#10583,#10584);
#10583 = CARTESIAN_POINT('',(14.975,16.19,-26.22));
#10584 = VECTOR('',#10585,1.);
#10585 = DIRECTION('',(1.,0.,-0.));
#10586 = ORIENTED_EDGE('',*,*,#10587,.T.);
#10587 = EDGE_CURVE('',#10580,#10539,#10588,.T.);
#10588 = LINE('',#10589,#10590);
#10589 = CARTESIAN_POINT('',(14.975,16.19,-26.22));
#10590 = VECTOR('',#10591,1.);
#10591 = DIRECTION('',(-0.,1.,0.));
#10592 = PLANE('',#10593);
#10593 = AXIS2_PLACEMENT_3D('',#10594,#10595,#10596);
#10594 = CARTESIAN_POINT('',(18.006392952128,15.971392952128,-26.22));
#10595 = DIRECTION('',(-0.,-0.,-1.));
#10596 = DIRECTION('',(-1.,0.,0.));
#10597 = ADVANCED_FACE('',(#10598),#10623,.F.);
#10598 = FACE_BOUND('',#10599,.F.);
#10599 = EDGE_LOOP('',(#10600,#10610,#10616,#10617));
#10600 = ORIENTED_EDGE('',*,*,#10601,.F.);
#10601 = EDGE_CURVE('',#10602,#10604,#10606,.T.);
#10602 = VERTEX_POINT('',#10603);
#10603 = CARTESIAN_POINT('',(20.195,15.2,-13.06));
#10604 = VERTEX_POINT('',#10605);
#10605 = CARTESIAN_POINT('',(20.195,15.9,-13.06));
#10606 = LINE('',#10607,#10608);
#10607 = CARTESIAN_POINT('',(20.195,15.19,-13.06));
#10608 = VECTOR('',#10609,1.);
#10609 = DIRECTION('',(-0.,1.,0.));
#10610 = ORIENTED_EDGE('',*,*,#10611,.F.);
#10611 = EDGE_CURVE('',#10548,#10602,#10612,.T.);
#10612 = LINE('',#10613,#10614);
#10613 = CARTESIAN_POINT('',(20.195,15.2,-21.05994925395));
#10614 = VECTOR('',#10615,1.);
#10615 = DIRECTION('',(0.,-0.,1.));
#10616 = ORIENTED_EDGE('',*,*,#10555,.F.);
#10617 = ORIENTED_EDGE('',*,*,#10618,.T.);
#10618 = EDGE_CURVE('',#10556,#10604,#10619,.T.);
#10619 = LINE('',#10620,#10621);
#10620 = CARTESIAN_POINT('',(20.195,15.9,-27.22));
#10621 = VECTOR('',#10622,1.);
#10622 = DIRECTION('',(0.,0.,1.));
#10623 = PLANE('',#10624);
#10624 = AXIS2_PLACEMENT_3D('',#10625,#10626,#10627);
#10625 = CARTESIAN_POINT('',(20.195,15.19,-27.22));
#10626 = DIRECTION('',(1.,0.,-0.));
#10627 = DIRECTION('',(0.,0.,1.));
#10628 = ADVANCED_FACE('',(#10629),#10654,.T.);
#10629 = FACE_BOUND('',#10630,.T.);
#10630 = EDGE_LOOP('',(#10631,#10632,#10633,#10641,#10647,#10648));
#10631 = ORIENTED_EDGE('',*,*,#10306,.F.);
#10632 = ORIENTED_EDGE('',*,*,#10538,.F.);
#10633 = ORIENTED_EDGE('',*,*,#10634,.T.);
#10634 = EDGE_CURVE('',#10539,#10635,#10637,.T.);
#10635 = VERTEX_POINT('',#10636);
#10636 = CARTESIAN_POINT('',(14.975,16.7,-13.5));
#10637 = LINE('',#10638,#10639);
#10638 = CARTESIAN_POINT('',(14.975,16.7,-26.22));
#10639 = VECTOR('',#10640,1.);
#10640 = DIRECTION('',(0.,0.,1.));
#10641 = ORIENTED_EDGE('',*,*,#10642,.F.);
#10642 = EDGE_CURVE('',#10501,#10635,#10643,.T.);
#10643 = LINE('',#10644,#10645);
#10644 = CARTESIAN_POINT('',(14.425,16.7,-13.5));
#10645 = VECTOR('',#10646,1.);
#10646 = DIRECTION('',(-1.,-0.,0.));
#10647 = ORIENTED_EDGE('',*,*,#10500,.T.);
#10648 = ORIENTED_EDGE('',*,*,#10649,.T.);
#10649 = EDGE_CURVE('',#10493,#10307,#10650,.T.);
#10650 = LINE('',#10651,#10652);
#10651 = CARTESIAN_POINT('',(14.975,16.7,-12.26));
#10652 = VECTOR('',#10653,1.);
#10653 = DIRECTION('',(1.,0.,-0.));
#10654 = PLANE('',#10655);
#10655 = AXIS2_PLACEMENT_3D('',#10656,#10657,#10658);
#10656 = CARTESIAN_POINT('',(14.975,16.7,-26.22));
#10657 = DIRECTION('',(-0.,1.,0.));
#10658 = DIRECTION('',(0.,0.,1.));
#10659 = ADVANCED_FACE('',(#10660),#10666,.T.);
#10660 = FACE_BOUND('',#10661,.T.);
#10661 = EDGE_LOOP('',(#10662,#10663,#10664,#10665));
#10662 = ORIENTED_EDGE('',*,*,#10345,.T.);
#10663 = ORIENTED_EDGE('',*,*,#10314,.T.);
#10664 = ORIENTED_EDGE('',*,*,#10649,.F.);
#10665 = ORIENTED_EDGE('',*,*,#10492,.T.);
#10666 = PLANE('',#10667);
#10667 = AXIS2_PLACEMENT_3D('',#10668,#10669,#10670);
#10668 = CARTESIAN_POINT('',(14.975,16.19,-12.26));
#10669 = DIRECTION('',(0.,0.,1.));
#10670 = DIRECTION('',(1.,0.,-0.));
#10671 = ADVANCED_FACE('',(#10672,#10697),#10703,.T.);
#10672 = FACE_BOUND('',#10673,.T.);
#10673 = EDGE_LOOP('',(#10674,#10682,#10683,#10691));
#10674 = ORIENTED_EDGE('',*,*,#10675,.F.);
#10675 = EDGE_CURVE('',#10266,#10676,#10678,.T.);
#10676 = VERTEX_POINT('',#10677);
#10677 = CARTESIAN_POINT('',(16.1,22.9,-7.82));
#10678 = LINE('',#10679,#10680);
#10679 = CARTESIAN_POINT('',(16.1,16.1,-7.82));
#10680 = VECTOR('',#10681,1.);
#10681 = DIRECTION('',(-0.,1.,0.));
#10682 = ORIENTED_EDGE('',*,*,#10265,.T.);
#10683 = ORIENTED_EDGE('',*,*,#10684,.T.);
#10684 = EDGE_CURVE('',#10258,#10685,#10687,.T.);
#10685 = VERTEX_POINT('',#10686);
#10686 = CARTESIAN_POINT('',(25.3,22.9,-7.82));
#10687 = LINE('',#10688,#10689);
#10688 = CARTESIAN_POINT('',(25.3,16.1,-7.82));
#10689 = VECTOR('',#10690,1.);
#10690 = DIRECTION('',(-0.,1.,0.));
#10691 = ORIENTED_EDGE('',*,*,#10692,.F.);
#10692 = EDGE_CURVE('',#10676,#10685,#10693,.T.);
#10693 = LINE('',#10694,#10695);
#10694 = CARTESIAN_POINT('',(16.1,22.9,-7.82));
#10695 = VECTOR('',#10696,1.);
#10696 = DIRECTION('',(1.,0.,-0.));
#10697 = FACE_BOUND('',#10698,.T.);
#10698 = EDGE_LOOP('',(#10699,#10700,#10701,#10702));
#10699 = ORIENTED_EDGE('',*,*,#10455,.T.);
#10700 = ORIENTED_EDGE('',*,*,#10424,.T.);
#10701 = ORIENTED_EDGE('',*,*,#10377,.F.);
#10702 = ORIENTED_EDGE('',*,*,#10477,.F.);
#10703 = PLANE('',#10704);
#10704 = AXIS2_PLACEMENT_3D('',#10705,#10706,#10707);
#10705 = CARTESIAN_POINT('',(16.1,16.1,-7.82));
#10706 = DIRECTION('',(0.,0.,1.));
#10707 = DIRECTION('',(1.,0.,-0.));
#10708 = ADVANCED_FACE('',(#10709),#10743,.F.);
#10709 = FACE_BOUND('',#10710,.F.);
#10710 = EDGE_LOOP('',(#10711,#10721,#10729,#10735,#10736,#10737));
#10711 = ORIENTED_EDGE('',*,*,#10712,.F.);
#10712 = EDGE_CURVE('',#10713,#10715,#10717,.T.);
#10713 = VERTEX_POINT('',#10714);
#10714 = CARTESIAN_POINT('',(14.875,16.2,-13.5));
#10715 = VERTEX_POINT('',#10716);
#10716 = CARTESIAN_POINT('',(14.875,17.5,-13.5));
#10717 = LINE('',#10718,#10719);
#10718 = CARTESIAN_POINT('',(14.875,-1.825,-13.5));
#10719 = VECTOR('',#10720,1.);
#10720 = DIRECTION('',(0.,1.,-0.));
#10721 = ORIENTED_EDGE('',*,*,#10722,.T.);
#10722 = EDGE_CURVE('',#10713,#10723,#10725,.T.);
#10723 = VERTEX_POINT('',#10724);
#10724 = CARTESIAN_POINT('',(14.975,16.2,-13.5));
#10725 = LINE('',#10726,#10727);
#10726 = CARTESIAN_POINT('',(13.875,16.2,-13.5));
#10727 = VECTOR('',#10728,1.);
#10728 = DIRECTION('',(1.,0.,-0.));
#10729 = ORIENTED_EDGE('',*,*,#10730,.T.);
#10730 = EDGE_CURVE('',#10723,#10635,#10731,.T.);
#10731 = LINE('',#10732,#10733);
#10732 = CARTESIAN_POINT('',(14.975,16.195,-13.5));
#10733 = VECTOR('',#10734,1.);
#10734 = DIRECTION('',(-0.,1.,0.));
#10735 = ORIENTED_EDGE('',*,*,#10642,.F.);
#10736 = ORIENTED_EDGE('',*,*,#10508,.T.);
#10737 = ORIENTED_EDGE('',*,*,#10738,.F.);
#10738 = EDGE_CURVE('',#10715,#10509,#10739,.T.);
#10739 = LINE('',#10740,#10741);
#10740 = CARTESIAN_POINT('',(13.875,17.5,-13.5));
#10741 = VECTOR('',#10742,1.);
#10742 = DIRECTION('',(1.,0.,-0.));
#10743 = PLANE('',#10744);
#10744 = AXIS2_PLACEMENT_3D('',#10745,#10746,#10747);
#10745 = CARTESIAN_POINT('',(13.875,16.2,-13.5));
#10746 = DIRECTION('',(0.,0.,1.));
#10747 = DIRECTION('',(1.,0.,-0.));
#10748 = ADVANCED_FACE('',(#10749),#10760,.F.);
#10749 = FACE_BOUND('',#10750,.F.);
#10750 = EDGE_LOOP('',(#10751,#10752,#10753,#10759));
#10751 = ORIENTED_EDGE('',*,*,#10257,.F.);
#10752 = ORIENTED_EDGE('',*,*,#10684,.T.);
#10753 = ORIENTED_EDGE('',*,*,#10754,.T.);
#10754 = EDGE_CURVE('',#10685,#5101,#10755,.T.);
#10755 = LINE('',#10756,#10757);
#10756 = CARTESIAN_POINT('',(25.3,22.9,-7.82));
#10757 = VECTOR('',#10758,1.);
#10758 = DIRECTION('',(0.,0.,1.));
#10759 = ORIENTED_EDGE('',*,*,#5108,.F.);
#10760 = PLANE('',#10761);
#10761 = AXIS2_PLACEMENT_3D('',#10762,#10763,#10764);
#10762 = CARTESIAN_POINT('',(25.3,16.1,-7.82));
#10763 = DIRECTION('',(1.,0.,-0.));
#10764 = DIRECTION('',(0.,0.,1.));
#10765 = ADVANCED_FACE('',(#10766),#10777,.F.);
#10766 = FACE_BOUND('',#10767,.F.);
#10767 = EDGE_LOOP('',(#10768,#10769,#10770,#10776));
#10768 = ORIENTED_EDGE('',*,*,#10754,.F.);
#10769 = ORIENTED_EDGE('',*,*,#10692,.F.);
#10770 = ORIENTED_EDGE('',*,*,#10771,.T.);
#10771 = EDGE_CURVE('',#10676,#5093,#10772,.T.);
#10772 = LINE('',#10773,#10774);
#10773 = CARTESIAN_POINT('',(16.1,22.9,-7.82));
#10774 = VECTOR('',#10775,1.);
#10775 = DIRECTION('',(0.,0.,1.));
#10776 = ORIENTED_EDGE('',*,*,#5100,.F.);
#10777 = PLANE('',#10778);
#10778 = AXIS2_PLACEMENT_3D('',#10779,#10780,#10781);
#10779 = CARTESIAN_POINT('',(16.1,22.9,-7.82));
#10780 = DIRECTION('',(-0.,1.,0.));
#10781 = DIRECTION('',(0.,0.,1.));
#10782 = ADVANCED_FACE('',(#10783),#10789,.T.);
#10783 = FACE_BOUND('',#10784,.T.);
#10784 = EDGE_LOOP('',(#10785,#10786,#10787,#10788));
#10785 = ORIENTED_EDGE('',*,*,#10273,.F.);
#10786 = ORIENTED_EDGE('',*,*,#10675,.T.);
#10787 = ORIENTED_EDGE('',*,*,#10771,.T.);
#10788 = ORIENTED_EDGE('',*,*,#5092,.F.);
#10789 = PLANE('',#10790);
#10790 = AXIS2_PLACEMENT_3D('',#10791,#10792,#10793);
#10791 = CARTESIAN_POINT('',(16.1,16.1,-7.82));
#10792 = DIRECTION('',(1.,0.,-0.));
#10793 = DIRECTION('',(0.,0.,1.));
#10794 = ADVANCED_FACE('',(#10795),#10820,.T.);
#10795 = FACE_BOUND('',#10796,.T.);
#10796 = EDGE_LOOP('',(#10797,#10798,#10806,#10814));
#10797 = ORIENTED_EDGE('',*,*,#5313,.F.);
#10798 = ORIENTED_EDGE('',*,*,#10799,.T.);
#10799 = EDGE_CURVE('',#5306,#10800,#10802,.T.);
#10800 = VERTEX_POINT('',#10801);
#10801 = CARTESIAN_POINT('',(25.7,-25.4,-6.5));
#10802 = LINE('',#10803,#10804);
#10803 = CARTESIAN_POINT('',(25.7,-26.2,-6.5));
#10804 = VECTOR('',#10805,1.);
#10805 = DIRECTION('',(-0.,1.,0.));
#10806 = ORIENTED_EDGE('',*,*,#10807,.T.);
#10807 = EDGE_CURVE('',#10800,#10808,#10810,.T.);
#10808 = VERTEX_POINT('',#10809);
#10809 = CARTESIAN_POINT('',(25.7,-25.4,-5.));
#10810 = LINE('',#10811,#10812);
#10811 = CARTESIAN_POINT('',(25.7,-25.4,-6.5));
#10812 = VECTOR('',#10813,1.);
#10813 = DIRECTION('',(0.,0.,1.));
#10814 = ORIENTED_EDGE('',*,*,#10815,.F.);
#10815 = EDGE_CURVE('',#5314,#10808,#10816,.T.);
#10816 = LINE('',#10817,#10818);
#10817 = CARTESIAN_POINT('',(25.7,-13.1,-5.));
#10818 = VECTOR('',#10819,1.);
#10819 = DIRECTION('',(-0.,1.,0.));
#10820 = PLANE('',#10821);
#10821 = AXIS2_PLACEMENT_3D('',#10822,#10823,#10824);
#10822 = CARTESIAN_POINT('',(25.7,-26.2,-6.5));
#10823 = DIRECTION('',(1.,0.,-0.));
#10824 = DIRECTION('',(0.,0.,1.));
#10825 = ADVANCED_FACE('',(#10826),#10837,.F.);
#10826 = FACE_BOUND('',#10827,.F.);
#10827 = EDGE_LOOP('',(#10828,#10829,#10830,#10831));
#10828 = ORIENTED_EDGE('',*,*,#5796,.F.);
#10829 = ORIENTED_EDGE('',*,*,#5305,.T.);
#10830 = ORIENTED_EDGE('',*,*,#10799,.T.);
#10831 = ORIENTED_EDGE('',*,*,#10832,.F.);
#10832 = EDGE_CURVE('',#5797,#10800,#10833,.T.);
#10833 = LINE('',#10834,#10835);
#10834 = CARTESIAN_POINT('',(13.,-25.4,-6.5));
#10835 = VECTOR('',#10836,1.);
#10836 = DIRECTION('',(1.,0.,-0.));
#10837 = PLANE('',#10838);
#10838 = AXIS2_PLACEMENT_3D('',#10839,#10840,#10841);
#10839 = CARTESIAN_POINT('',(13.,-26.2,-6.5));
#10840 = DIRECTION('',(0.,0.,1.));
#10841 = DIRECTION('',(1.,0.,-0.));
#10842 = ADVANCED_FACE('',(#10843),#10855,.T.);
#10843 = FACE_BOUND('',#10844,.F.);
#10844 = EDGE_LOOP('',(#10845,#10846,#10847,#10854));
#10845 = ORIENTED_EDGE('',*,*,#7234,.F.);
#10846 = ORIENTED_EDGE('',*,*,#8249,.T.);
#10847 = ORIENTED_EDGE('',*,*,#10848,.F.);
#10848 = EDGE_CURVE('',#8855,#8242,#10849,.T.);
#10849 = CIRCLE('',#10850,5.);
#10850 = AXIS2_PLACEMENT_3D('',#10851,#10852,#10853);
#10851 = CARTESIAN_POINT('',(-9.875,-19.85,-15.75));
#10852 = DIRECTION('',(-0.,0.,-1.));
#10853 = DIRECTION('',(-1.,0.,0.));
#10854 = ORIENTED_EDGE('',*,*,#8854,.F.);
#10855 = CYLINDRICAL_SURFACE('',#10856,5.);
#10856 = AXIS2_PLACEMENT_3D('',#10857,#10858,#10859);
#10857 = CARTESIAN_POINT('',(-9.875,-19.85,-17.8));
#10858 = DIRECTION('',(-0.,-0.,-1.));
#10859 = DIRECTION('',(-1.,0.,0.));
#10860 = ADVANCED_FACE('',(#10861),#10879,.F.);
#10861 = FACE_BOUND('',#10862,.F.);
#10862 = EDGE_LOOP('',(#10863,#10864,#10870,#10871,#10877,#10878));
#10863 = ORIENTED_EDGE('',*,*,#7270,.F.);
#10864 = ORIENTED_EDGE('',*,*,#10865,.F.);
#10865 = EDGE_CURVE('',#10713,#7271,#10866,.T.);
#10866 = LINE('',#10867,#10868);
#10867 = CARTESIAN_POINT('',(14.875,16.2,-21.55));
#10868 = VECTOR('',#10869,1.);
#10869 = DIRECTION('',(0.,0.,-1.));
#10870 = ORIENTED_EDGE('',*,*,#10712,.T.);
#10871 = ORIENTED_EDGE('',*,*,#10872,.T.);
#10872 = EDGE_CURVE('',#10715,#9668,#10873,.T.);
#10873 = LINE('',#10874,#10875);
#10874 = CARTESIAN_POINT('',(14.875,17.5,-16.775));
#10875 = VECTOR('',#10876,1.);
#10876 = DIRECTION('',(0.,0.,-1.));
#10877 = ORIENTED_EDGE('',*,*,#9675,.T.);
#10878 = ORIENTED_EDGE('',*,*,#9700,.F.);
#10879 = PLANE('',#10880);
#10880 = AXIS2_PLACEMENT_3D('',#10881,#10882,#10883);
#10881 = CARTESIAN_POINT('',(14.875,-19.85,-17.8));
#10882 = DIRECTION('',(-1.,0.,0.));
#10883 = DIRECTION('',(0.,1.,0.));
#10884 = ADVANCED_FACE('',(#10885),#10898,.T.);
#10885 = FACE_BOUND('',#10886,.T.);
#10886 = EDGE_LOOP('',(#10887,#10893,#10894,#10895,#10896,#10897));
#10887 = ORIENTED_EDGE('',*,*,#10888,.T.);
#10888 = EDGE_CURVE('',#10723,#6572,#10889,.T.);
#10889 = LINE('',#10890,#10891);
#10890 = CARTESIAN_POINT('',(14.975,16.2,-25.76));
#10891 = VECTOR('',#10892,1.);
#10892 = DIRECTION('',(-0.,0.,-1.));
#10893 = ORIENTED_EDGE('',*,*,#6569,.F.);
#10894 = ORIENTED_EDGE('',*,*,#8121,.T.);
#10895 = ORIENTED_EDGE('',*,*,#7278,.F.);
#10896 = ORIENTED_EDGE('',*,*,#10865,.F.);
#10897 = ORIENTED_EDGE('',*,*,#10722,.T.);
#10898 = PLANE('',#10899);
#10899 = AXIS2_PLACEMENT_3D('',#10900,#10901,#10902);
#10900 = CARTESIAN_POINT('',(13.875,16.2,-25.3));
#10901 = DIRECTION('',(-0.,1.,0.));
#10902 = DIRECTION('',(0.,0.,1.));
#10903 = ADVANCED_FACE('',(#10904),#10916,.T.);
#10904 = FACE_BOUND('',#10905,.F.);
#10905 = EDGE_LOOP('',(#10906,#10907,#10908,#10915));
#10906 = ORIENTED_EDGE('',*,*,#7342,.F.);
#10907 = ORIENTED_EDGE('',*,*,#8966,.T.);
#10908 = ORIENTED_EDGE('',*,*,#10909,.F.);
#10909 = EDGE_CURVE('',#8798,#8959,#10910,.T.);
#10910 = CIRCLE('',#10911,5.);
#10911 = AXIS2_PLACEMENT_3D('',#10912,#10913,#10914);
#10912 = CARTESIAN_POINT('',(9.875,-19.85,-15.75));
#10913 = DIRECTION('',(-0.,-0.,-1.));
#10914 = DIRECTION('',(0.,-1.,0.));
#10915 = ORIENTED_EDGE('',*,*,#8797,.F.);
#10916 = CYLINDRICAL_SURFACE('',#10917,5.);
#10917 = AXIS2_PLACEMENT_3D('',#10918,#10919,#10920);
#10918 = CARTESIAN_POINT('',(9.875,-19.85,-17.8));
#10919 = DIRECTION('',(-0.,-0.,-1.));
#10920 = DIRECTION('',(0.,-1.,0.));
#10921 = ADVANCED_FACE('',(#10922),#10955,.T.);
#10922 = FACE_BOUND('',#10923,.T.);
#10923 = EDGE_LOOP('',(#10924,#10925,#10933,#10940,#10941,#10942,#10943,
    #10944,#10945,#10952,#10953,#10954));
#10924 = ORIENTED_EDGE('',*,*,#7370,.F.);
#10925 = ORIENTED_EDGE('',*,*,#10926,.F.);
#10926 = EDGE_CURVE('',#10927,#7362,#10929,.T.);
#10927 = VERTEX_POINT('',#10928);
#10928 = CARTESIAN_POINT('',(14.7,4.,-25.5));
#10929 = LINE('',#10930,#10931);
#10930 = CARTESIAN_POINT('',(14.7,4.,-25.5));
#10931 = VECTOR('',#10932,1.);
#10932 = DIRECTION('',(0.,0.,1.));
#10933 = ORIENTED_EDGE('',*,*,#10934,.T.);
#10934 = EDGE_CURVE('',#10927,#10927,#10935,.T.);
#10935 = CIRCLE('',#10936,1.5);
#10936 = AXIS2_PLACEMENT_3D('',#10937,#10938,#10939);
#10937 = CARTESIAN_POINT('',(13.2,4.,-25.5));
#10938 = DIRECTION('',(0.,0.,1.));
#10939 = DIRECTION('',(1.,0.,-0.));
#10940 = ORIENTED_EDGE('',*,*,#10926,.T.);
#10941 = ORIENTED_EDGE('',*,*,#7359,.F.);
#10942 = ORIENTED_EDGE('',*,*,#7643,.F.);
#10943 = ORIENTED_EDGE('',*,*,#7634,.F.);
#10944 = ORIENTED_EDGE('',*,*,#230,.T.);
#10945 = ORIENTED_EDGE('',*,*,#10946,.F.);
#10946 = EDGE_CURVE('',#215,#223,#10947,.T.);
#10947 = CIRCLE('',#10948,1.5);
#10948 = AXIS2_PLACEMENT_3D('',#10949,#10950,#10951);
#10949 = CARTESIAN_POINT('',(13.2,4.,-17.79));
#10950 = DIRECTION('',(0.,0.,1.));
#10951 = DIRECTION('',(1.,0.,-0.));
#10952 = ORIENTED_EDGE('',*,*,#214,.F.);
#10953 = ORIENTED_EDGE('',*,*,#7388,.F.);
#10954 = ORIENTED_EDGE('',*,*,#7379,.F.);
#10955 = CYLINDRICAL_SURFACE('',#10956,1.5);
#10956 = AXIS2_PLACEMENT_3D('',#10957,#10958,#10959);
#10957 = CARTESIAN_POINT('',(13.2,4.,-25.5));
#10958 = DIRECTION('',(0.,0.,1.));
#10959 = DIRECTION('',(1.,0.,-0.));
#10960 = ADVANCED_FACE('',(#10961),#10996,.F.);
#10961 = FACE_BOUND('',#10962,.T.);
#10962 = EDGE_LOOP('',(#10963,#10969,#10970,#10978,#10987,#10993,#10994,
    #10995));
#10963 = ORIENTED_EDGE('',*,*,#10964,.F.);
#10964 = EDGE_CURVE('',#7460,#168,#10965,.T.);
#10965 = LINE('',#10966,#10967);
#10966 = CARTESIAN_POINT('',(6.525,22.65,-18.8));
#10967 = VECTOR('',#10968,1.);
#10968 = DIRECTION('',(0.,0.,1.));
#10969 = ORIENTED_EDGE('',*,*,#7459,.T.);
#10970 = ORIENTED_EDGE('',*,*,#10971,.F.);
#10971 = EDGE_CURVE('',#10972,#7451,#10974,.T.);
#10972 = VERTEX_POINT('',#10973);
#10973 = CARTESIAN_POINT('',(11.713057955187,19.802507328323,-17.79));
#10974 = LINE('',#10975,#10976);
#10975 = CARTESIAN_POINT('',(11.713057955187,19.802507328323,-18.8));
#10976 = VECTOR('',#10977,1.);
#10977 = DIRECTION('',(-0.,-0.,-1.));
#10978 = ORIENTED_EDGE('',*,*,#10979,.T.);
#10979 = EDGE_CURVE('',#10972,#10980,#10982,.T.);
#10980 = VERTEX_POINT('',#10981);
#10981 = CARTESIAN_POINT('',(12.191923120631,18.889243048511,-17.79));
#10982 = CIRCLE('',#10983,6.15);
#10983 = AXIS2_PLACEMENT_3D('',#10984,#10985,#10986);
#10984 = CARTESIAN_POINT('',(6.525,16.5,-17.79));
#10985 = DIRECTION('',(0.,-0.,-1.));
#10986 = DIRECTION('',(1.,-1.155354041886E-15,0.));
#10987 = ORIENTED_EDGE('',*,*,#10988,.T.);
#10988 = EDGE_CURVE('',#10980,#7397,#10989,.T.);
#10989 = LINE('',#10990,#10991);
#10990 = CARTESIAN_POINT('',(12.191923120631,18.889243048511,-18.8));
#10991 = VECTOR('',#10992,1.);
#10992 = DIRECTION('',(-0.,-0.,-1.));
#10993 = ORIENTED_EDGE('',*,*,#7396,.T.);
#10994 = ORIENTED_EDGE('',*,*,#198,.T.);
#10995 = ORIENTED_EDGE('',*,*,#175,.F.);
#10996 = CYLINDRICAL_SURFACE('',#10997,6.15);
#10997 = AXIS2_PLACEMENT_3D('',#10998,#10999,#11000);
#10998 = CARTESIAN_POINT('',(6.525,16.5,-18.8));
#10999 = DIRECTION('',(-0.,-0.,-1.));
#11000 = DIRECTION('',(1.,-1.155354041886E-15,0.));
#11001 = ADVANCED_FACE('',(#11002),#11035,.T.);
#11002 = FACE_BOUND('',#11003,.T.);
#11003 = EDGE_LOOP('',(#11004,#11005,#11013,#11020,#11021,#11022,#11023,
    #11024,#11025,#11032,#11033,#11034));
#11004 = ORIENTED_EDGE('',*,*,#7432,.F.);
#11005 = ORIENTED_EDGE('',*,*,#11006,.F.);
#11006 = EDGE_CURVE('',#11007,#7424,#11009,.T.);
#11007 = VERTEX_POINT('',#11008);
#11008 = CARTESIAN_POINT('',(14.7,20.,-25.5));
#11009 = LINE('',#11010,#11011);
#11010 = CARTESIAN_POINT('',(14.7,20.,-25.5));
#11011 = VECTOR('',#11012,1.);
#11012 = DIRECTION('',(0.,0.,1.));
#11013 = ORIENTED_EDGE('',*,*,#11014,.T.);
#11014 = EDGE_CURVE('',#11007,#11007,#11015,.T.);
#11015 = CIRCLE('',#11016,1.5);
#11016 = AXIS2_PLACEMENT_3D('',#11017,#11018,#11019);
#11017 = CARTESIAN_POINT('',(13.2,20.,-25.5));
#11018 = DIRECTION('',(0.,0.,1.));
#11019 = DIRECTION('',(1.,0.,-0.));
#11020 = ORIENTED_EDGE('',*,*,#11006,.T.);
#11021 = ORIENTED_EDGE('',*,*,#7423,.F.);
#11022 = ORIENTED_EDGE('',*,*,#7414,.F.);
#11023 = ORIENTED_EDGE('',*,*,#7405,.F.);
#11024 = ORIENTED_EDGE('',*,*,#10988,.F.);
#11025 = ORIENTED_EDGE('',*,*,#11026,.F.);
#11026 = EDGE_CURVE('',#10972,#10980,#11027,.T.);
#11027 = CIRCLE('',#11028,1.5);
#11028 = AXIS2_PLACEMENT_3D('',#11029,#11030,#11031);
#11029 = CARTESIAN_POINT('',(13.2,20.,-17.79));
#11030 = DIRECTION('',(0.,0.,1.));
#11031 = DIRECTION('',(1.,0.,-0.));
#11032 = ORIENTED_EDGE('',*,*,#10971,.T.);
#11033 = ORIENTED_EDGE('',*,*,#7450,.F.);
#11034 = ORIENTED_EDGE('',*,*,#7441,.F.);
#11035 = CYLINDRICAL_SURFACE('',#11036,1.5);
#11036 = AXIS2_PLACEMENT_3D('',#11037,#11038,#11039);
#11037 = CARTESIAN_POINT('',(13.2,20.,-25.5));
#11038 = DIRECTION('',(0.,0.,1.));
#11039 = DIRECTION('',(1.,0.,-0.));
#11040 = ADVANCED_FACE('',(#11041),#11052,.T.);
#11041 = FACE_BOUND('',#11042,.T.);
#11042 = EDGE_LOOP('',(#11043,#11044,#11045,#11046));
#11043 = ORIENTED_EDGE('',*,*,#7468,.T.);
#11044 = ORIENTED_EDGE('',*,*,#10964,.T.);
#11045 = ORIENTED_EDGE('',*,*,#167,.F.);
#11046 = ORIENTED_EDGE('',*,*,#11047,.F.);
#11047 = EDGE_CURVE('',#7469,#159,#11048,.T.);
#11048 = LINE('',#11049,#11050);
#11049 = CARTESIAN_POINT('',(-6.525,22.65,-18.8));
#11050 = VECTOR('',#11051,1.);
#11051 = DIRECTION('',(0.,0.,1.));
#11052 = PLANE('',#11053);
#11053 = AXIS2_PLACEMENT_3D('',#11054,#11055,#11056);
#11054 = CARTESIAN_POINT('',(6.525,22.65,-18.8));
#11055 = DIRECTION('',(0.,-1.,0.));
#11056 = DIRECTION('',(-1.,0.,0.));
#11057 = ADVANCED_FACE('',(#11058),#11093,.F.);
#11058 = FACE_BOUND('',#11059,.T.);
#11059 = EDGE_LOOP('',(#11060,#11066,#11067,#11075,#11084,#11090,#11091,
    #11092));
#11060 = ORIENTED_EDGE('',*,*,#11061,.F.);
#11061 = EDGE_CURVE('',#7540,#151,#11062,.T.);
#11062 = LINE('',#11063,#11064);
#11063 = CARTESIAN_POINT('',(-12.675,16.5,-18.8));
#11064 = VECTOR('',#11065,1.);
#11065 = DIRECTION('',(0.,0.,1.));
#11066 = ORIENTED_EDGE('',*,*,#7539,.T.);
#11067 = ORIENTED_EDGE('',*,*,#11068,.F.);
#11068 = EDGE_CURVE('',#11069,#7531,#11071,.T.);
#11069 = VERTEX_POINT('',#11070);
#11070 = CARTESIAN_POINT('',(-12.19192312063,18.889243048511,-17.79));
#11071 = LINE('',#11072,#11073);
#11072 = CARTESIAN_POINT('',(-12.19192312063,18.889243048511,-18.8));
#11073 = VECTOR('',#11074,1.);
#11074 = DIRECTION('',(-0.,-0.,-1.));
#11075 = ORIENTED_EDGE('',*,*,#11076,.T.);
#11076 = EDGE_CURVE('',#11069,#11077,#11079,.T.);
#11077 = VERTEX_POINT('',#11078);
#11078 = CARTESIAN_POINT('',(-11.71305795518,19.802507328323,-17.79));
#11079 = CIRCLE('',#11080,6.15);
#11080 = AXIS2_PLACEMENT_3D('',#11081,#11082,#11083);
#11081 = CARTESIAN_POINT('',(-6.525,16.5,-17.79));
#11082 = DIRECTION('',(0.,-0.,-1.));
#11083 = DIRECTION('',(1.010934786651E-15,1.,-0.));
#11084 = ORIENTED_EDGE('',*,*,#11085,.T.);
#11085 = EDGE_CURVE('',#11077,#7477,#11086,.T.);
#11086 = LINE('',#11087,#11088);
#11087 = CARTESIAN_POINT('',(-11.71305795518,19.802507328323,-18.8));
#11088 = VECTOR('',#11089,1.);
#11089 = DIRECTION('',(-0.,-0.,-1.));
#11090 = ORIENTED_EDGE('',*,*,#7476,.T.);
#11091 = ORIENTED_EDGE('',*,*,#11047,.T.);
#11092 = ORIENTED_EDGE('',*,*,#158,.F.);
#11093 = CYLINDRICAL_SURFACE('',#11094,6.15);
#11094 = AXIS2_PLACEMENT_3D('',#11095,#11096,#11097);
#11095 = CARTESIAN_POINT('',(-6.525,16.5,-18.8));
#11096 = DIRECTION('',(-0.,-0.,-1.));
#11097 = DIRECTION('',(1.010934786651E-15,1.,-0.));
#11098 = ADVANCED_FACE('',(#11099),#11132,.T.);
#11099 = FACE_BOUND('',#11100,.T.);
#11100 = EDGE_LOOP('',(#11101,#11102,#11109,#11110,#11111,#11112,#11113,
    #11114,#11115,#11123,#11130,#11131));
#11101 = ORIENTED_EDGE('',*,*,#11085,.F.);
#11102 = ORIENTED_EDGE('',*,*,#11103,.F.);
#11103 = EDGE_CURVE('',#11069,#11077,#11104,.T.);
#11104 = CIRCLE('',#11105,1.5);
#11105 = AXIS2_PLACEMENT_3D('',#11106,#11107,#11108);
#11106 = CARTESIAN_POINT('',(-13.2,20.,-17.79));
#11107 = DIRECTION('',(0.,0.,1.));
#11108 = DIRECTION('',(1.,0.,-0.));
#11109 = ORIENTED_EDGE('',*,*,#11068,.T.);
#11110 = ORIENTED_EDGE('',*,*,#7530,.F.);
#11111 = ORIENTED_EDGE('',*,*,#7521,.F.);
#11112 = ORIENTED_EDGE('',*,*,#7512,.F.);
#11113 = ORIENTED_EDGE('',*,*,#7503,.F.);
#11114 = ORIENTED_EDGE('',*,*,#7494,.F.);
#11115 = ORIENTED_EDGE('',*,*,#11116,.F.);
#11116 = EDGE_CURVE('',#11117,#7486,#11119,.T.);
#11117 = VERTEX_POINT('',#11118);
#11118 = CARTESIAN_POINT('',(-11.7,20.,-25.5));
#11119 = LINE('',#11120,#11121);
#11120 = CARTESIAN_POINT('',(-11.7,20.,-25.5));
#11121 = VECTOR('',#11122,1.);
#11122 = DIRECTION('',(0.,0.,1.));
#11123 = ORIENTED_EDGE('',*,*,#11124,.T.);
#11124 = EDGE_CURVE('',#11117,#11117,#11125,.T.);
#11125 = CIRCLE('',#11126,1.5);
#11126 = AXIS2_PLACEMENT_3D('',#11127,#11128,#11129);
#11127 = CARTESIAN_POINT('',(-13.2,20.,-25.5));
#11128 = DIRECTION('',(0.,0.,1.));
#11129 = DIRECTION('',(1.,0.,-0.));
#11130 = ORIENTED_EDGE('',*,*,#11116,.T.);
#11131 = ORIENTED_EDGE('',*,*,#7485,.F.);
#11132 = CYLINDRICAL_SURFACE('',#11133,1.5);
#11133 = AXIS2_PLACEMENT_3D('',#11134,#11135,#11136);
#11134 = CARTESIAN_POINT('',(-13.2,20.,-25.5));
#11135 = DIRECTION('',(0.,0.,1.));
#11136 = DIRECTION('',(1.,0.,-0.));
#11137 = ADVANCED_FACE('',(#11138),#11172,.T.);
#11138 = FACE_BOUND('',#11139,.T.);
#11139 = EDGE_LOOP('',(#11140,#11146,#11147,#11155,#11163,#11169,#11170,
    #11171));
#11140 = ORIENTED_EDGE('',*,*,#11141,.F.);
#11141 = EDGE_CURVE('',#7602,#142,#11142,.T.);
#11142 = LINE('',#11143,#11144);
#11143 = CARTESIAN_POINT('',(-12.675,-16.5,-18.8));
#11144 = VECTOR('',#11145,1.);
#11145 = DIRECTION('',(0.,0.,1.));
#11146 = ORIENTED_EDGE('',*,*,#7601,.T.);
#11147 = ORIENTED_EDGE('',*,*,#11148,.T.);
#11148 = EDGE_CURVE('',#7593,#11149,#11151,.T.);
#11149 = VERTEX_POINT('',#11150);
#11150 = CARTESIAN_POINT('',(-12.675,2.59487545036,-17.79));
#11151 = LINE('',#11152,#11153);
#11152 = CARTESIAN_POINT('',(-12.675,2.59487545036,-25.5));
#11153 = VECTOR('',#11154,1.);
#11154 = DIRECTION('',(0.,0.,1.));
#11155 = ORIENTED_EDGE('',*,*,#11156,.F.);
#11156 = EDGE_CURVE('',#11157,#11149,#11159,.T.);
#11157 = VERTEX_POINT('',#11158);
#11158 = CARTESIAN_POINT('',(-12.675,5.40512454964,-17.79));
#11159 = LINE('',#11160,#11161);
#11160 = CARTESIAN_POINT('',(-12.675,10.25,-17.79));
#11161 = VECTOR('',#11162,1.);
#11162 = DIRECTION('',(0.,-1.,0.));
#11163 = ORIENTED_EDGE('',*,*,#11164,.F.);
#11164 = EDGE_CURVE('',#7549,#11157,#11165,.T.);
#11165 = LINE('',#11166,#11167);
#11166 = CARTESIAN_POINT('',(-12.675,5.40512454964,-25.5));
#11167 = VECTOR('',#11168,1.);
#11168 = DIRECTION('',(0.,0.,1.));
#11169 = ORIENTED_EDGE('',*,*,#7548,.T.);
#11170 = ORIENTED_EDGE('',*,*,#11061,.T.);
#11171 = ORIENTED_EDGE('',*,*,#150,.F.);
#11172 = PLANE('',#11173);
#11173 = AXIS2_PLACEMENT_3D('',#11174,#11175,#11176);
#11174 = CARTESIAN_POINT('',(-12.675,16.5,-18.8));
#11175 = DIRECTION('',(1.,0.,-0.));
#11176 = DIRECTION('',(0.,-1.,0.));
#11177 = ADVANCED_FACE('',(#11178),#11219,.T.);
#11178 = FACE_BOUND('',#11179,.T.);
#11179 = EDGE_LOOP('',(#11180,#11190,#11197,#11198,#11199,#11200,#11201,
    #11202,#11203,#11204,#11211,#11212));
#11180 = ORIENTED_EDGE('',*,*,#11181,.T.);
#11181 = EDGE_CURVE('',#11182,#11184,#11186,.T.);
#11182 = VERTEX_POINT('',#11183);
#11183 = CARTESIAN_POINT('',(-11.7,4.,-25.5));
#11184 = VERTEX_POINT('',#11185);
#11185 = CARTESIAN_POINT('',(-11.7,4.,-17.79));
#11186 = LINE('',#11187,#11188);
#11187 = CARTESIAN_POINT('',(-11.7,4.,-25.5));
#11188 = VECTOR('',#11189,1.);
#11189 = DIRECTION('',(0.,0.,1.));
#11190 = ORIENTED_EDGE('',*,*,#11191,.F.);
#11191 = EDGE_CURVE('',#11149,#11184,#11192,.T.);
#11192 = CIRCLE('',#11193,1.5);
#11193 = AXIS2_PLACEMENT_3D('',#11194,#11195,#11196);
#11194 = CARTESIAN_POINT('',(-13.2,4.,-17.79));
#11195 = DIRECTION('',(0.,0.,1.));
#11196 = DIRECTION('',(1.,0.,-0.));
#11197 = ORIENTED_EDGE('',*,*,#11148,.F.);
#11198 = ORIENTED_EDGE('',*,*,#7592,.F.);
#11199 = ORIENTED_EDGE('',*,*,#7583,.F.);
#11200 = ORIENTED_EDGE('',*,*,#7574,.F.);
#11201 = ORIENTED_EDGE('',*,*,#7565,.F.);
#11202 = ORIENTED_EDGE('',*,*,#7556,.F.);
#11203 = ORIENTED_EDGE('',*,*,#11164,.T.);
#11204 = ORIENTED_EDGE('',*,*,#11205,.F.);
#11205 = EDGE_CURVE('',#11184,#11157,#11206,.T.);
#11206 = CIRCLE('',#11207,1.5);
#11207 = AXIS2_PLACEMENT_3D('',#11208,#11209,#11210);
#11208 = CARTESIAN_POINT('',(-13.2,4.,-17.79));
#11209 = DIRECTION('',(0.,0.,1.));
#11210 = DIRECTION('',(1.,0.,-0.));
#11211 = ORIENTED_EDGE('',*,*,#11181,.F.);
#11212 = ORIENTED_EDGE('',*,*,#11213,.T.);
#11213 = EDGE_CURVE('',#11182,#11182,#11214,.T.);
#11214 = CIRCLE('',#11215,1.5);
#11215 = AXIS2_PLACEMENT_3D('',#11216,#11217,#11218);
#11216 = CARTESIAN_POINT('',(-13.2,4.,-25.5));
#11217 = DIRECTION('',(0.,0.,1.));
#11218 = DIRECTION('',(1.,0.,-0.));
#11219 = CYLINDRICAL_SURFACE('',#11220,1.5);
#11220 = AXIS2_PLACEMENT_3D('',#11221,#11222,#11223);
#11221 = CARTESIAN_POINT('',(-13.2,4.,-25.5));
#11222 = DIRECTION('',(0.,0.,1.));
#11223 = DIRECTION('',(1.,0.,-0.));
#11224 = ADVANCED_FACE('',(#11225),#11236,.F.);
#11225 = FACE_BOUND('',#11226,.T.);
#11226 = EDGE_LOOP('',(#11227,#11228,#11229,#11230));
#11227 = ORIENTED_EDGE('',*,*,#7609,.T.);
#11228 = ORIENTED_EDGE('',*,*,#11141,.T.);
#11229 = ORIENTED_EDGE('',*,*,#141,.F.);
#11230 = ORIENTED_EDGE('',*,*,#11231,.F.);
#11231 = EDGE_CURVE('',#7610,#134,#11232,.T.);
#11232 = LINE('',#11233,#11234);
#11233 = CARTESIAN_POINT('',(-6.525,-22.65,-18.8));
#11234 = VECTOR('',#11235,1.);
#11235 = DIRECTION('',(0.,0.,1.));
#11236 = CYLINDRICAL_SURFACE('',#11237,6.15);
#11237 = AXIS2_PLACEMENT_3D('',#11238,#11239,#11240);
#11238 = CARTESIAN_POINT('',(-6.525,-16.5,-18.8));
#11239 = DIRECTION('',(-0.,-0.,-1.));
#11240 = DIRECTION('',(-1.,1.155354041886E-15,0.));
#11241 = ADVANCED_FACE('',(#11242),#11253,.T.);
#11242 = FACE_BOUND('',#11243,.T.);
#11243 = EDGE_LOOP('',(#11244,#11245,#11246,#11247));
#11244 = ORIENTED_EDGE('',*,*,#7618,.T.);
#11245 = ORIENTED_EDGE('',*,*,#11231,.T.);
#11246 = ORIENTED_EDGE('',*,*,#133,.F.);
#11247 = ORIENTED_EDGE('',*,*,#11248,.F.);
#11248 = EDGE_CURVE('',#7619,#125,#11249,.T.);
#11249 = LINE('',#11250,#11251);
#11250 = CARTESIAN_POINT('',(6.525,-22.65,-18.8));
#11251 = VECTOR('',#11252,1.);
#11252 = DIRECTION('',(0.,0.,1.));
#11253 = PLANE('',#11254);
#11254 = AXIS2_PLACEMENT_3D('',#11255,#11256,#11257);
#11255 = CARTESIAN_POINT('',(-6.525,-22.65,-18.8));
#11256 = DIRECTION('',(0.,1.,0.));
#11257 = DIRECTION('',(1.,0.,0.));
#11258 = ADVANCED_FACE('',(#11259),#11265,.F.);
#11259 = FACE_BOUND('',#11260,.T.);
#11260 = EDGE_LOOP('',(#11261,#11262,#11263,#11264));
#11261 = ORIENTED_EDGE('',*,*,#7626,.T.);
#11262 = ORIENTED_EDGE('',*,*,#11248,.T.);
#11263 = ORIENTED_EDGE('',*,*,#122,.F.);
#11264 = ORIENTED_EDGE('',*,*,#246,.F.);
#11265 = CYLINDRICAL_SURFACE('',#11266,6.15);
#11266 = AXIS2_PLACEMENT_3D('',#11267,#11268,#11269);
#11267 = CARTESIAN_POINT('',(6.525,-16.5,-18.8));
#11268 = DIRECTION('',(-0.,-0.,-1.));
#11269 = DIRECTION('',(-1.010934786651E-15,-1.,0.));
#11270 = ADVANCED_FACE('',(#11271),#11287,.T.);
#11271 = FACE_BOUND('',#11272,.T.);
#11272 = EDGE_LOOP('',(#11273,#11274,#11280,#11281));
#11273 = ORIENTED_EDGE('',*,*,#8002,.F.);
#11274 = ORIENTED_EDGE('',*,*,#11275,.T.);
#11275 = EDGE_CURVE('',#7995,#8076,#11276,.T.);
#11276 = LINE('',#11277,#11278);
#11277 = CARTESIAN_POINT('',(14.5875,-15.2,-25.02));
#11278 = VECTOR('',#11279,1.);
#11279 = DIRECTION('',(1.,0.,-0.));
#11280 = ORIENTED_EDGE('',*,*,#8083,.T.);
#11281 = ORIENTED_EDGE('',*,*,#11282,.F.);
#11282 = EDGE_CURVE('',#8003,#8084,#11283,.T.);
#11283 = LINE('',#11284,#11285);
#11284 = CARTESIAN_POINT('',(15.3,-14.6,-25.02));
#11285 = VECTOR('',#11286,1.);
#11286 = DIRECTION('',(1.,0.,0.));
#11287 = PLANE('',#11288);
#11288 = AXIS2_PLACEMENT_3D('',#11289,#11290,#11291);
#11289 = CARTESIAN_POINT('',(15.3,-15.21,-25.02));
#11290 = DIRECTION('',(0.,0.,1.));
#11291 = DIRECTION('',(0.,1.,0.));
#11292 = ADVANCED_FACE('',(#11293),#11304,.T.);
#11293 = FACE_BOUND('',#11294,.T.);
#11294 = EDGE_LOOP('',(#11295,#11296,#11297,#11303));
#11295 = ORIENTED_EDGE('',*,*,#11282,.T.);
#11296 = ORIENTED_EDGE('',*,*,#8091,.T.);
#11297 = ORIENTED_EDGE('',*,*,#11298,.F.);
#11298 = EDGE_CURVE('',#8011,#8092,#11299,.T.);
#11299 = LINE('',#11300,#11301);
#11300 = CARTESIAN_POINT('',(15.3,-14.6,-25.82));
#11301 = VECTOR('',#11302,1.);
#11302 = DIRECTION('',(1.,0.,0.));
#11303 = ORIENTED_EDGE('',*,*,#8010,.F.);
#11304 = PLANE('',#11305);
#11305 = AXIS2_PLACEMENT_3D('',#11306,#11307,#11308);
#11306 = CARTESIAN_POINT('',(15.3,-14.6,-25.02));
#11307 = DIRECTION('',(-0.,1.,0.));
#11308 = DIRECTION('',(0.,0.,-1.));
#11309 = ADVANCED_FACE('',(#11310),#11316,.T.);
#11310 = FACE_BOUND('',#11311,.T.);
#11311 = EDGE_LOOP('',(#11312,#11313,#11314,#11315));
#11312 = ORIENTED_EDGE('',*,*,#11298,.T.);
#11313 = ORIENTED_EDGE('',*,*,#8099,.T.);
#11314 = ORIENTED_EDGE('',*,*,#8043,.F.);
#11315 = ORIENTED_EDGE('',*,*,#8018,.F.);
#11316 = PLANE('',#11317);
#11317 = AXIS2_PLACEMENT_3D('',#11318,#11319,#11320);
#11318 = CARTESIAN_POINT('',(15.3,-14.6,-25.82));
#11319 = DIRECTION('',(0.,0.707106781187,-0.707106781187));
#11320 = DIRECTION('',(0.,-0.707106781187,-0.707106781187));
#11321 = ADVANCED_FACE('',(#11322),#11347,.T.);
#11322 = FACE_BOUND('',#11323,.T.);
#11323 = EDGE_LOOP('',(#11324,#11334,#11340,#11341));
#11324 = ORIENTED_EDGE('',*,*,#11325,.F.);
#11325 = EDGE_CURVE('',#11326,#11328,#11330,.T.);
#11326 = VERTEX_POINT('',#11327);
#11327 = CARTESIAN_POINT('',(20.285,-10.4,-5.));
#11328 = VERTEX_POINT('',#11329);
#11329 = CARTESIAN_POINT('',(20.285,10.4,-5.));
#11330 = LINE('',#11331,#11332);
#11331 = CARTESIAN_POINT('',(20.285,-10.4,-5.));
#11332 = VECTOR('',#11333,1.);
#11333 = DIRECTION('',(-0.,1.,0.));
#11334 = ORIENTED_EDGE('',*,*,#11335,.F.);
#11335 = EDGE_CURVE('',#5557,#11326,#11336,.T.);
#11336 = LINE('',#11337,#11338);
#11337 = CARTESIAN_POINT('',(20.285,-10.4,-23.51));
#11338 = VECTOR('',#11339,1.);
#11339 = DIRECTION('',(0.,0.,1.));
#11340 = ORIENTED_EDGE('',*,*,#5564,.F.);
#11341 = ORIENTED_EDGE('',*,*,#11342,.T.);
#11342 = EDGE_CURVE('',#5565,#11328,#11343,.T.);
#11343 = LINE('',#11344,#11345);
#11344 = CARTESIAN_POINT('',(20.285,10.4,-23.51));
#11345 = VECTOR('',#11346,1.);
#11346 = DIRECTION('',(0.,0.,1.));
#11347 = PLANE('',#11348);
#11348 = AXIS2_PLACEMENT_3D('',#11349,#11350,#11351);
#11349 = CARTESIAN_POINT('',(20.285,-10.4,-23.51));
#11350 = DIRECTION('',(1.,0.,-0.));
#11351 = DIRECTION('',(0.,0.,1.));
#11352 = ADVANCED_FACE('',(#11353),#11378,.T.);
#11353 = FACE_BOUND('',#11354,.T.);
#11354 = EDGE_LOOP('',(#11355,#11363,#11364,#11372));
#11355 = ORIENTED_EDGE('',*,*,#11356,.F.);
#11356 = EDGE_CURVE('',#5604,#11357,#11359,.T.);
#11357 = VERTEX_POINT('',#11358);
#11358 = CARTESIAN_POINT('',(24.1625,10.4,-23.51));
#11359 = LINE('',#11360,#11361);
#11360 = CARTESIAN_POINT('',(20.285,10.4,-23.51));
#11361 = VECTOR('',#11362,1.);
#11362 = DIRECTION('',(1.,0.,-0.));
#11363 = ORIENTED_EDGE('',*,*,#5611,.F.);
#11364 = ORIENTED_EDGE('',*,*,#11365,.T.);
#11365 = EDGE_CURVE('',#5612,#11366,#11368,.T.);
#11366 = VERTEX_POINT('',#11367);
#11367 = CARTESIAN_POINT('',(24.1625,-10.4,-23.51));
#11368 = LINE('',#11369,#11370);
#11369 = CARTESIAN_POINT('',(20.285,-10.4,-23.51));
#11370 = VECTOR('',#11371,1.);
#11371 = DIRECTION('',(1.,0.,-0.));
#11372 = ORIENTED_EDGE('',*,*,#11373,.T.);
#11373 = EDGE_CURVE('',#11366,#11357,#11374,.T.);
#11374 = LINE('',#11375,#11376);
#11375 = CARTESIAN_POINT('',(24.1625,-10.4,-23.51));
#11376 = VECTOR('',#11377,1.);
#11377 = DIRECTION('',(-0.,1.,0.));
#11378 = PLANE('',#11379);
#11379 = AXIS2_PLACEMENT_3D('',#11380,#11381,#11382);
#11380 = CARTESIAN_POINT('',(20.285,-10.4,-23.51));
#11381 = DIRECTION('',(0.,0.,1.));
#11382 = DIRECTION('',(1.,0.,-0.));
#11383 = ADVANCED_FACE('',(#11384),#11397,.F.);
#11384 = FACE_BOUND('',#11385,.F.);
#11385 = EDGE_LOOP('',(#11386,#11392,#11393,#11394,#11395,#11396));
#11386 = ORIENTED_EDGE('',*,*,#11387,.F.);
#11387 = EDGE_CURVE('',#10580,#6611,#11388,.T.);
#11388 = LINE('',#11389,#11390);
#11389 = CARTESIAN_POINT('',(14.975,16.19,-26.22));
#11390 = VECTOR('',#11391,1.);
#11391 = DIRECTION('',(0.,0.,1.));
#11392 = ORIENTED_EDGE('',*,*,#10587,.T.);
#11393 = ORIENTED_EDGE('',*,*,#10634,.T.);
#11394 = ORIENTED_EDGE('',*,*,#10730,.F.);
#11395 = ORIENTED_EDGE('',*,*,#10888,.T.);
#11396 = ORIENTED_EDGE('',*,*,#6618,.F.);
#11397 = PLANE('',#11398);
#11398 = AXIS2_PLACEMENT_3D('',#11399,#11400,#11401);
#11399 = CARTESIAN_POINT('',(14.975,16.19,-26.22));
#11400 = DIRECTION('',(1.,0.,-0.));
#11401 = DIRECTION('',(0.,0.,1.));
#11402 = ADVANCED_FACE('',(#11403),#11414,.F.);
#11403 = FACE_BOUND('',#11404,.F.);
#11404 = EDGE_LOOP('',(#11405,#11406,#11407,#11408));
#11405 = ORIENTED_EDGE('',*,*,#10579,.F.);
#11406 = ORIENTED_EDGE('',*,*,#11387,.T.);
#11407 = ORIENTED_EDGE('',*,*,#6610,.F.);
#11408 = ORIENTED_EDGE('',*,*,#11409,.F.);
#11409 = EDGE_CURVE('',#10572,#6603,#11410,.T.);
#11410 = LINE('',#11411,#11412);
#11411 = CARTESIAN_POINT('',(15.3,16.19,-26.22));
#11412 = VECTOR('',#11413,1.);
#11413 = DIRECTION('',(0.,0.,1.));
#11414 = PLANE('',#11415);
#11415 = AXIS2_PLACEMENT_3D('',#11416,#11417,#11418);
#11416 = CARTESIAN_POINT('',(14.975,16.19,-26.22));
#11417 = DIRECTION('',(-0.,1.,0.));
#11418 = DIRECTION('',(0.,0.,1.));
#11419 = ADVANCED_FACE('',(#11420),#11431,.F.);
#11420 = FACE_BOUND('',#11421,.F.);
#11421 = EDGE_LOOP('',(#11422,#11428,#11429,#11430));
#11422 = ORIENTED_EDGE('',*,*,#11423,.F.);
#11423 = EDGE_CURVE('',#10564,#6595,#11424,.T.);
#11424 = LINE('',#11425,#11426);
#11425 = CARTESIAN_POINT('',(15.3,15.9,-26.72));
#11426 = VECTOR('',#11427,1.);
#11427 = DIRECTION('',(0.,0.,1.));
#11428 = ORIENTED_EDGE('',*,*,#10571,.T.);
#11429 = ORIENTED_EDGE('',*,*,#11409,.T.);
#11430 = ORIENTED_EDGE('',*,*,#6602,.F.);
#11431 = PLANE('',#11432);
#11432 = AXIS2_PLACEMENT_3D('',#11433,#11434,#11435);
#11433 = CARTESIAN_POINT('',(15.3,15.2,-26.22));
#11434 = DIRECTION('',(1.,0.,-0.));
#11435 = DIRECTION('',(0.,0.,1.));
#11436 = ADVANCED_FACE('',(#11437),#11450,.F.);
#11437 = FACE_BOUND('',#11438,.F.);
#11438 = EDGE_LOOP('',(#11439,#11440,#11441,#11442,#11443,#11444));
#11439 = ORIENTED_EDGE('',*,*,#10618,.F.);
#11440 = ORIENTED_EDGE('',*,*,#10563,.F.);
#11441 = ORIENTED_EDGE('',*,*,#11423,.T.);
#11442 = ORIENTED_EDGE('',*,*,#6594,.T.);
#11443 = ORIENTED_EDGE('',*,*,#6547,.T.);
#11444 = ORIENTED_EDGE('',*,*,#11445,.T.);
#11445 = EDGE_CURVE('',#6548,#10604,#11446,.T.);
#11446 = LINE('',#11447,#11448);
#11447 = CARTESIAN_POINT('',(15.225,15.9,-13.06));
#11448 = VECTOR('',#11449,1.);
#11449 = DIRECTION('',(1.,0.,-0.));
#11450 = PLANE('',#11451);
#11451 = AXIS2_PLACEMENT_3D('',#11452,#11453,#11454);
#11452 = CARTESIAN_POINT('',(15.225,15.9,-27.22));
#11453 = DIRECTION('',(-0.,1.,0.));
#11454 = DIRECTION('',(0.,0.,1.));
#11455 = ADVANCED_FACE('',(#11456),#11467,.F.);
#11456 = FACE_BOUND('',#11457,.F.);
#11457 = EDGE_LOOP('',(#11458,#11459,#11465,#11466));
#11458 = ORIENTED_EDGE('',*,*,#6555,.F.);
#11459 = ORIENTED_EDGE('',*,*,#11460,.T.);
#11460 = EDGE_CURVE('',#6532,#10602,#11461,.T.);
#11461 = LINE('',#11462,#11463);
#11462 = CARTESIAN_POINT('',(15.225,15.2,-13.06));
#11463 = VECTOR('',#11464,1.);
#11464 = DIRECTION('',(1.,0.,-0.));
#11465 = ORIENTED_EDGE('',*,*,#10601,.T.);
#11466 = ORIENTED_EDGE('',*,*,#11445,.F.);
#11467 = PLANE('',#11468);
#11468 = AXIS2_PLACEMENT_3D('',#11469,#11470,#11471);
#11469 = CARTESIAN_POINT('',(15.225,15.19,-13.06));
#11470 = DIRECTION('',(0.,0.,1.));
#11471 = DIRECTION('',(1.,0.,-0.));
#11472 = ADVANCED_FACE('',(#11473),#11491,.F.);
#11473 = FACE_BOUND('',#11474,.F.);
#11474 = EDGE_LOOP('',(#11475,#11483,#11484,#11485));
#11475 = ORIENTED_EDGE('',*,*,#11476,.F.);
#11476 = EDGE_CURVE('',#5748,#11477,#11479,.T.);
#11477 = VERTEX_POINT('',#11478);
#11478 = CARTESIAN_POINT('',(-25.7,-25.4,-6.5));
#11479 = LINE('',#11480,#11481);
#11480 = CARTESIAN_POINT('',(-25.7,-26.2,-6.5));
#11481 = VECTOR('',#11482,1.);
#11482 = DIRECTION('',(-0.,1.,0.));
#11483 = ORIENTED_EDGE('',*,*,#5755,.T.);
#11484 = ORIENTED_EDGE('',*,*,#5895,.T.);
#11485 = ORIENTED_EDGE('',*,*,#11486,.F.);
#11486 = EDGE_CURVE('',#11477,#5896,#11487,.T.);
#11487 = LINE('',#11488,#11489);
#11488 = CARTESIAN_POINT('',(-25.7,-25.4,-6.5));
#11489 = VECTOR('',#11490,1.);
#11490 = DIRECTION('',(1.,0.,-0.));
#11491 = PLANE('',#11492);
#11492 = AXIS2_PLACEMENT_3D('',#11493,#11494,#11495);
#11493 = CARTESIAN_POINT('',(-25.7,-26.2,-6.5));
#11494 = DIRECTION('',(0.,0.,1.));
#11495 = DIRECTION('',(1.,0.,-0.));
#11496 = ADVANCED_FACE('',(#11497),#11515,.F.);
#11497 = FACE_BOUND('',#11498,.F.);
#11498 = EDGE_LOOP('',(#11499,#11500,#11501,#11509));
#11499 = ORIENTED_EDGE('',*,*,#5747,.F.);
#11500 = ORIENTED_EDGE('',*,*,#11476,.T.);
#11501 = ORIENTED_EDGE('',*,*,#11502,.T.);
#11502 = EDGE_CURVE('',#11477,#11503,#11505,.T.);
#11503 = VERTEX_POINT('',#11504);
#11504 = CARTESIAN_POINT('',(-25.7,-25.4,-5.));
#11505 = LINE('',#11506,#11507);
#11506 = CARTESIAN_POINT('',(-25.7,-25.4,-6.5));
#11507 = VECTOR('',#11508,1.);
#11508 = DIRECTION('',(0.,0.,1.));
#11509 = ORIENTED_EDGE('',*,*,#11510,.F.);
#11510 = EDGE_CURVE('',#5740,#11503,#11511,.T.);
#11511 = LINE('',#11512,#11513);
#11512 = CARTESIAN_POINT('',(-25.7,-13.1,-5.));
#11513 = VECTOR('',#11514,1.);
#11514 = DIRECTION('',(-0.,1.,0.));
#11515 = PLANE('',#11516);
#11516 = AXIS2_PLACEMENT_3D('',#11517,#11518,#11519);
#11517 = CARTESIAN_POINT('',(-25.7,-26.2,-6.5));
#11518 = DIRECTION('',(1.,0.,-0.));
#11519 = DIRECTION('',(0.,0.,1.));
#11520 = ADVANCED_FACE('',(#11521),#11549,.T.);
#11521 = FACE_BOUND('',#11522,.T.);
#11522 = EDGE_LOOP('',(#11523,#11531,#11532,#11533,#11534,#11542));
#11523 = ORIENTED_EDGE('',*,*,#11524,.F.);
#11524 = EDGE_CURVE('',#8234,#11525,#11527,.T.);
#11525 = VERTEX_POINT('',#11526);
#11526 = CARTESIAN_POINT('',(-13.60472457091,-17.5,-15.75));
#11527 = LINE('',#11528,#11529);
#11528 = CARTESIAN_POINT('',(-15.875,-17.5,-15.75));
#11529 = VECTOR('',#11530,1.);
#11530 = DIRECTION('',(1.,0.,-0.));
#11531 = ORIENTED_EDGE('',*,*,#8241,.T.);
#11532 = ORIENTED_EDGE('',*,*,#10848,.F.);
#11533 = ORIENTED_EDGE('',*,*,#8862,.T.);
#11534 = ORIENTED_EDGE('',*,*,#11535,.T.);
#11535 = EDGE_CURVE('',#8863,#11536,#11538,.T.);
#11536 = VERTEX_POINT('',#11537);
#11537 = CARTESIAN_POINT('',(-7.525,-23.57972457091,-15.75));
#11538 = LINE('',#11539,#11540);
#11539 = CARTESIAN_POINT('',(-7.525,-25.85,-15.75));
#11540 = VECTOR('',#11541,1.);
#11541 = DIRECTION('',(-0.,1.,0.));
#11542 = ORIENTED_EDGE('',*,*,#11543,.T.);
#11543 = EDGE_CURVE('',#11536,#11525,#11544,.T.);
#11544 = CIRCLE('',#11545,7.15);
#11545 = AXIS2_PLACEMENT_3D('',#11546,#11547,#11548);
#11546 = CARTESIAN_POINT('',(-6.525,-16.5,-15.75));
#11547 = DIRECTION('',(-0.,0.,-1.));
#11548 = DIRECTION('',(-1.,9.937660640001E-16,0.));
#11549 = PLANE('',#11550);
#11550 = AXIS2_PLACEMENT_3D('',#11551,#11552,#11553);
#11551 = CARTESIAN_POINT('',(-15.875,-25.85,-15.75));
#11552 = DIRECTION('',(0.,0.,1.));
#11553 = DIRECTION('',(1.,0.,-0.));
#11554 = ADVANCED_FACE('',(#11555),#11583,.T.);
#11555 = FACE_BOUND('',#11556,.T.);
#11556 = EDGE_LOOP('',(#11557,#11565,#11566,#11567,#11568,#11576));
#11557 = ORIENTED_EDGE('',*,*,#11558,.F.);
#11558 = EDGE_CURVE('',#8951,#11559,#11561,.T.);
#11559 = VERTEX_POINT('',#11560);
#11560 = CARTESIAN_POINT('',(7.525,-23.57972457091,-15.75));
#11561 = LINE('',#11562,#11563);
#11562 = CARTESIAN_POINT('',(7.525,-25.85,-15.75));
#11563 = VECTOR('',#11564,1.);
#11564 = DIRECTION('',(-0.,1.,0.));
#11565 = ORIENTED_EDGE('',*,*,#8958,.T.);
#11566 = ORIENTED_EDGE('',*,*,#10909,.F.);
#11567 = ORIENTED_EDGE('',*,*,#8805,.T.);
#11568 = ORIENTED_EDGE('',*,*,#11569,.F.);
#11569 = EDGE_CURVE('',#11570,#8806,#11572,.T.);
#11570 = VERTEX_POINT('',#11571);
#11571 = CARTESIAN_POINT('',(13.604724570914,-17.5,-15.75));
#11572 = LINE('',#11573,#11574);
#11573 = CARTESIAN_POINT('',(7.525,-17.5,-15.75));
#11574 = VECTOR('',#11575,1.);
#11575 = DIRECTION('',(1.,0.,-0.));
#11576 = ORIENTED_EDGE('',*,*,#11577,.T.);
#11577 = EDGE_CURVE('',#11570,#11559,#11578,.T.);
#11578 = CIRCLE('',#11579,7.15);
#11579 = AXIS2_PLACEMENT_3D('',#11580,#11581,#11582);
#11580 = CARTESIAN_POINT('',(6.525,-16.5,-15.75));
#11581 = DIRECTION('',(-0.,0.,-1.));
#11582 = DIRECTION('',(-7.453245480001E-16,-1.,0.));
#11583 = PLANE('',#11584);
#11584 = AXIS2_PLACEMENT_3D('',#11585,#11586,#11587);
#11585 = CARTESIAN_POINT('',(7.525,-25.85,-15.75));
#11586 = DIRECTION('',(0.,0.,1.));
#11587 = DIRECTION('',(1.,0.,-0.));
#11588 = ADVANCED_FACE('',(#11589),#11607,.T.);
#11589 = FACE_BOUND('',#11590,.T.);
#11590 = EDGE_LOOP('',(#11591,#11592,#11593,#11601));
#11591 = ORIENTED_EDGE('',*,*,#8950,.T.);
#11592 = ORIENTED_EDGE('',*,*,#11558,.T.);
#11593 = ORIENTED_EDGE('',*,*,#11594,.F.);
#11594 = EDGE_CURVE('',#11595,#11559,#11597,.T.);
#11595 = VERTEX_POINT('',#11596);
#11596 = CARTESIAN_POINT('',(7.525,-23.57972457091,-12.5));
#11597 = LINE('',#11598,#11599);
#11598 = CARTESIAN_POINT('',(7.525,-23.57972457091,-16.8));
#11599 = VECTOR('',#11600,1.);
#11600 = DIRECTION('',(-0.,-0.,-1.));
#11601 = ORIENTED_EDGE('',*,*,#11602,.F.);
#11602 = EDGE_CURVE('',#8943,#11595,#11603,.T.);
#11603 = LINE('',#11604,#11605);
#11604 = CARTESIAN_POINT('',(7.525,-12.925,-12.5));
#11605 = VECTOR('',#11606,1.);
#11606 = DIRECTION('',(-0.,1.,0.));
#11607 = PLANE('',#11608);
#11608 = AXIS2_PLACEMENT_3D('',#11609,#11610,#11611);
#11609 = CARTESIAN_POINT('',(7.525,-25.85,-15.75));
#11610 = DIRECTION('',(1.,0.,-0.));
#11611 = DIRECTION('',(0.,0.,1.));
#11612 = ADVANCED_FACE('',(#11613),#11631,.F.);
#11613 = FACE_BOUND('',#11614,.F.);
#11614 = EDGE_LOOP('',(#11615,#11616,#11617,#11625));
#11615 = ORIENTED_EDGE('',*,*,#8870,.T.);
#11616 = ORIENTED_EDGE('',*,*,#11535,.T.);
#11617 = ORIENTED_EDGE('',*,*,#11618,.F.);
#11618 = EDGE_CURVE('',#11619,#11536,#11621,.T.);
#11619 = VERTEX_POINT('',#11620);
#11620 = CARTESIAN_POINT('',(-7.525,-23.57972457091,-12.5));
#11621 = LINE('',#11622,#11623);
#11622 = CARTESIAN_POINT('',(-7.525,-23.57972457091,-16.8));
#11623 = VECTOR('',#11624,1.);
#11624 = DIRECTION('',(-0.,-0.,-1.));
#11625 = ORIENTED_EDGE('',*,*,#11626,.F.);
#11626 = EDGE_CURVE('',#8871,#11619,#11627,.T.);
#11627 = LINE('',#11628,#11629);
#11628 = CARTESIAN_POINT('',(-7.525,-12.925,-12.5));
#11629 = VECTOR('',#11630,1.);
#11630 = DIRECTION('',(-0.,1.,0.));
#11631 = PLANE('',#11632);
#11632 = AXIS2_PLACEMENT_3D('',#11633,#11634,#11635);
#11633 = CARTESIAN_POINT('',(-7.525,-25.85,-15.75));
#11634 = DIRECTION('',(1.,0.,-0.));
#11635 = DIRECTION('',(0.,0.,1.));
#11636 = ADVANCED_FACE('',(#11637),#11680,.F.);
#11637 = FACE_BOUND('',#11638,.T.);
#11638 = EDGE_LOOP('',(#11639,#11647,#11648,#11656,#11663,#11664,#11665,
    #11673));
#11639 = ORIENTED_EDGE('',*,*,#11640,.F.);
#11640 = EDGE_CURVE('',#96,#11641,#11643,.T.);
#11641 = VERTEX_POINT('',#11642);
#11642 = CARTESIAN_POINT('',(-13.675,16.5,-12.5));
#11643 = LINE('',#11644,#11645);
#11644 = CARTESIAN_POINT('',(-13.675,16.5,-18.8));
#11645 = VECTOR('',#11646,1.);
#11646 = DIRECTION('',(0.,0.,1.));
#11647 = ORIENTED_EDGE('',*,*,#95,.T.);
#11648 = ORIENTED_EDGE('',*,*,#11649,.T.);
#11649 = EDGE_CURVE('',#88,#11650,#11652,.T.);
#11650 = VERTEX_POINT('',#11651);
#11651 = CARTESIAN_POINT('',(-6.525,23.65,-12.5));
#11652 = LINE('',#11653,#11654);
#11653 = CARTESIAN_POINT('',(-6.525,23.65,-18.8));
#11654 = VECTOR('',#11655,1.);
#11655 = DIRECTION('',(0.,0.,1.));
#11656 = ORIENTED_EDGE('',*,*,#11657,.F.);
#11657 = EDGE_CURVE('',#9603,#11650,#11658,.T.);
#11658 = CIRCLE('',#11659,7.15);
#11659 = AXIS2_PLACEMENT_3D('',#11660,#11661,#11662);
#11660 = CARTESIAN_POINT('',(-6.525,16.5,-12.5));
#11661 = DIRECTION('',(0.,-0.,-1.));
#11662 = DIRECTION('',(7.453245480001E-16,1.,-0.));
#11663 = ORIENTED_EDGE('',*,*,#9602,.T.);
#11664 = ORIENTED_EDGE('',*,*,#9577,.F.);
#11665 = ORIENTED_EDGE('',*,*,#11666,.F.);
#11666 = EDGE_CURVE('',#11667,#9570,#11669,.T.);
#11667 = VERTEX_POINT('',#11668);
#11668 = CARTESIAN_POINT('',(-13.60472457091,17.5,-12.5));
#11669 = LINE('',#11670,#11671);
#11670 = CARTESIAN_POINT('',(-13.60472457091,17.5,-16.8));
#11671 = VECTOR('',#11672,1.);
#11672 = DIRECTION('',(-0.,-0.,-1.));
#11673 = ORIENTED_EDGE('',*,*,#11674,.F.);
#11674 = EDGE_CURVE('',#11641,#11667,#11675,.T.);
#11675 = CIRCLE('',#11676,7.15);
#11676 = AXIS2_PLACEMENT_3D('',#11677,#11678,#11679);
#11677 = CARTESIAN_POINT('',(-6.525,16.5,-12.5));
#11678 = DIRECTION('',(0.,-0.,-1.));
#11679 = DIRECTION('',(7.453245480001E-16,1.,-0.));
#11680 = CYLINDRICAL_SURFACE('',#11681,7.15);
#11681 = AXIS2_PLACEMENT_3D('',#11682,#11683,#11684);
#11682 = CARTESIAN_POINT('',(-6.525,16.5,-18.8));
#11683 = DIRECTION('',(-0.,-0.,-1.));
#11684 = DIRECTION('',(7.453245480001E-16,1.,-0.));
#11685 = ADVANCED_FACE('',(#11686),#11704,.T.);
#11686 = FACE_BOUND('',#11687,.T.);
#11687 = EDGE_LOOP('',(#11688,#11696,#11697,#11698));
#11688 = ORIENTED_EDGE('',*,*,#11689,.F.);
#11689 = EDGE_CURVE('',#11650,#11690,#11692,.T.);
#11690 = VERTEX_POINT('',#11691);
#11691 = CARTESIAN_POINT('',(6.525,23.65,-12.5));
#11692 = LINE('',#11693,#11694);
#11693 = CARTESIAN_POINT('',(3.2625,23.65,-12.5));
#11694 = VECTOR('',#11695,1.);
#11695 = DIRECTION('',(1.,0.,-0.));
#11696 = ORIENTED_EDGE('',*,*,#11649,.F.);
#11697 = ORIENTED_EDGE('',*,*,#87,.F.);
#11698 = ORIENTED_EDGE('',*,*,#11699,.T.);
#11699 = EDGE_CURVE('',#79,#11690,#11700,.T.);
#11700 = LINE('',#11701,#11702);
#11701 = CARTESIAN_POINT('',(6.525,23.65,-18.8));
#11702 = VECTOR('',#11703,1.);
#11703 = DIRECTION('',(0.,0.,1.));
#11704 = PLANE('',#11705);
#11705 = AXIS2_PLACEMENT_3D('',#11706,#11707,#11708);
#11706 = CARTESIAN_POINT('',(-2.424067739356E-16,23.65,-14.53479257641)
  );
#11707 = DIRECTION('',(-0.,-1.,-0.));
#11708 = DIRECTION('',(0.,0.,-1.));
#11709 = ADVANCED_FACE('',(#11710),#11746,.F.);
#11710 = FACE_BOUND('',#11711,.T.);
#11711 = EDGE_LOOP('',(#11712,#11713,#11714,#11722,#11731,#11737,#11738,
    #11739));
#11712 = ORIENTED_EDGE('',*,*,#11699,.F.);
#11713 = ORIENTED_EDGE('',*,*,#78,.T.);
#11714 = ORIENTED_EDGE('',*,*,#11715,.T.);
#11715 = EDGE_CURVE('',#71,#11716,#11718,.T.);
#11716 = VERTEX_POINT('',#11717);
#11717 = CARTESIAN_POINT('',(13.675,16.5,-12.5));
#11718 = LINE('',#11719,#11720);
#11719 = CARTESIAN_POINT('',(13.675,16.5,-18.8));
#11720 = VECTOR('',#11721,1.);
#11721 = DIRECTION('',(0.,0.,1.));
#11722 = ORIENTED_EDGE('',*,*,#11723,.F.);
#11723 = EDGE_CURVE('',#11724,#11716,#11726,.T.);
#11724 = VERTEX_POINT('',#11725);
#11725 = CARTESIAN_POINT('',(13.604724570914,17.5,-12.5));
#11726 = CIRCLE('',#11727,7.15);
#11727 = AXIS2_PLACEMENT_3D('',#11728,#11729,#11730);
#11728 = CARTESIAN_POINT('',(6.525,16.5,-12.5));
#11729 = DIRECTION('',(0.,-0.,-1.));
#11730 = DIRECTION('',(1.,-9.937660640001E-16,0.));
#11731 = ORIENTED_EDGE('',*,*,#11732,.T.);
#11732 = EDGE_CURVE('',#11724,#9659,#11733,.T.);
#11733 = LINE('',#11734,#11735);
#11734 = CARTESIAN_POINT('',(13.604724570914,17.5,-16.8));
#11735 = VECTOR('',#11736,1.);
#11736 = DIRECTION('',(-0.,-0.,-1.));
#11737 = ORIENTED_EDGE('',*,*,#9658,.F.);
#11738 = ORIENTED_EDGE('',*,*,#9626,.F.);
#11739 = ORIENTED_EDGE('',*,*,#11740,.F.);
#11740 = EDGE_CURVE('',#11690,#9627,#11741,.T.);
#11741 = CIRCLE('',#11742,7.15);
#11742 = AXIS2_PLACEMENT_3D('',#11743,#11744,#11745);
#11743 = CARTESIAN_POINT('',(6.525,16.5,-12.5));
#11744 = DIRECTION('',(0.,-0.,-1.));
#11745 = DIRECTION('',(1.,-9.937660640001E-16,0.));
#11746 = CYLINDRICAL_SURFACE('',#11747,7.15);
#11747 = AXIS2_PLACEMENT_3D('',#11748,#11749,#11750);
#11748 = CARTESIAN_POINT('',(6.525,16.5,-18.8));
#11749 = DIRECTION('',(-0.,-0.,-1.));
#11750 = DIRECTION('',(1.,-9.937660640001E-16,0.));
#11751 = ADVANCED_FACE('',(#11752),#11763,.T.);
#11752 = FACE_BOUND('',#11753,.T.);
#11753 = EDGE_LOOP('',(#11754,#11760,#11761,#11762));
#11754 = ORIENTED_EDGE('',*,*,#11755,.T.);
#11755 = EDGE_CURVE('',#6080,#11503,#11756,.T.);
#11756 = LINE('',#11757,#11758);
#11757 = CARTESIAN_POINT('',(-13.6,-25.4,-5.));
#11758 = VECTOR('',#11759,1.);
#11759 = DIRECTION('',(1.,0.,-0.));
#11760 = ORIENTED_EDGE('',*,*,#11510,.F.);
#11761 = ORIENTED_EDGE('',*,*,#6053,.F.);
#11762 = ORIENTED_EDGE('',*,*,#6079,.F.);
#11763 = PLANE('',#11764);
#11764 = AXIS2_PLACEMENT_3D('',#11765,#11766,#11767);
#11765 = CARTESIAN_POINT('',(-1.371789417303E-15,-1.192773356171,-5.));
#11766 = DIRECTION('',(-0.,-0.,-1.));
#11767 = DIRECTION('',(-1.,0.,0.));
#11768 = ADVANCED_FACE('',(#11769),#11780,.T.);
#11769 = FACE_BOUND('',#11770,.T.);
#11770 = EDGE_LOOP('',(#11771,#11772,#11778,#11779));
#11771 = ORIENTED_EDGE('',*,*,#10815,.T.);
#11772 = ORIENTED_EDGE('',*,*,#11773,.T.);
#11773 = EDGE_CURVE('',#10808,#6106,#11774,.T.);
#11774 = LINE('',#11775,#11776);
#11775 = CARTESIAN_POINT('',(7.325,-25.4,-5.));
#11776 = VECTOR('',#11777,1.);
#11777 = DIRECTION('',(1.,0.,-0.));
#11778 = ORIENTED_EDGE('',*,*,#6103,.F.);
#11779 = ORIENTED_EDGE('',*,*,#6134,.F.);
#11780 = PLANE('',#11781);
#11781 = AXIS2_PLACEMENT_3D('',#11782,#11783,#11784);
#11782 = CARTESIAN_POINT('',(-1.371789417303E-15,-1.192773356171,-5.));
#11783 = DIRECTION('',(-0.,-0.,-1.));
#11784 = DIRECTION('',(-1.,0.,0.));
#11785 = ADVANCED_FACE('',(#11786),#11792,.T.);
#11786 = FACE_BOUND('',#11787,.T.);
#11787 = EDGE_LOOP('',(#11788,#11789,#11790,#11791));
#11788 = ORIENTED_EDGE('',*,*,#6482,.F.);
#11789 = ORIENTED_EDGE('',*,*,#6410,.T.);
#11790 = ORIENTED_EDGE('',*,*,#6434,.T.);
#11791 = ORIENTED_EDGE('',*,*,#6458,.F.);
#11792 = PLANE('',#11793);
#11793 = AXIS2_PLACEMENT_3D('',#11794,#11795,#11796);
#11794 = CARTESIAN_POINT('',(-23.6,-14.5,-4.));
#11795 = DIRECTION('',(0.,0.,1.));
#11796 = DIRECTION('',(1.,0.,-0.));
#11797 = ADVANCED_FACE('',(#11798),#11804,.T.);
#11798 = FACE_BOUND('',#11799,.T.);
#11799 = EDGE_LOOP('',(#11800,#11801,#11802,#11803));
#11800 = ORIENTED_EDGE('',*,*,#9842,.F.);
#11801 = ORIENTED_EDGE('',*,*,#9770,.T.);
#11802 = ORIENTED_EDGE('',*,*,#9794,.T.);
#11803 = ORIENTED_EDGE('',*,*,#9818,.F.);
#11804 = PLANE('',#11805);
#11805 = AXIS2_PLACEMENT_3D('',#11806,#11807,#11808);
#11806 = CARTESIAN_POINT('',(18.4,-14.5,-4.));
#11807 = DIRECTION('',(0.,0.,1.));
#11808 = DIRECTION('',(1.,0.,-0.));
#11809 = ADVANCED_FACE('',(#11810),#11826,.T.);
#11810 = FACE_BOUND('',#11811,.T.);
#11811 = EDGE_LOOP('',(#11812,#11818,#11819,#11825));
#11812 = ORIENTED_EDGE('',*,*,#11813,.F.);
#11813 = EDGE_CURVE('',#9867,#11328,#11814,.T.);
#11814 = LINE('',#11815,#11816);
#11815 = CARTESIAN_POINT('',(17.7625,10.4,-5.));
#11816 = VECTOR('',#11817,1.);
#11817 = DIRECTION('',(1.,0.,-0.));
#11818 = ORIENTED_EDGE('',*,*,#9866,.F.);
#11819 = ORIENTED_EDGE('',*,*,#11820,.T.);
#11820 = EDGE_CURVE('',#9859,#11326,#11821,.T.);
#11821 = LINE('',#11822,#11823);
#11822 = CARTESIAN_POINT('',(17.7625,-10.4,-5.));
#11823 = VECTOR('',#11824,1.);
#11824 = DIRECTION('',(1.,0.,-0.));
#11825 = ORIENTED_EDGE('',*,*,#11325,.T.);
#11826 = PLANE('',#11827);
#11827 = AXIS2_PLACEMENT_3D('',#11828,#11829,#11830);
#11828 = CARTESIAN_POINT('',(17.7625,-10.4,-5.));
#11829 = DIRECTION('',(0.,0.,1.));
#11830 = DIRECTION('',(1.,0.,-0.));
#11831 = ADVANCED_FACE('',(#11832),#11838,.T.);
#11832 = FACE_BOUND('',#11833,.T.);
#11833 = EDGE_LOOP('',(#11834,#11835,#11836,#11837));
#11834 = ORIENTED_EDGE('',*,*,#10241,.F.);
#11835 = ORIENTED_EDGE('',*,*,#10169,.T.);
#11836 = ORIENTED_EDGE('',*,*,#10193,.T.);
#11837 = ORIENTED_EDGE('',*,*,#10217,.F.);
#11838 = PLANE('',#11839);
#11839 = AXIS2_PLACEMENT_3D('',#11840,#11841,#11842);
#11840 = CARTESIAN_POINT('',(18.4,11.3,-4.));
#11841 = DIRECTION('',(0.,0.,1.));
#11842 = DIRECTION('',(1.,0.,-0.));
#11843 = ADVANCED_FACE('',(#11844),#11880,.F.);
#11844 = FACE_BOUND('',#11845,.T.);
#11845 = EDGE_LOOP('',(#11846,#11854,#11855,#11856,#11863,#11864,#11865,
    #11873));
#11846 = ORIENTED_EDGE('',*,*,#11847,.F.);
#11847 = EDGE_CURVE('',#62,#11848,#11850,.T.);
#11848 = VERTEX_POINT('',#11849);
#11849 = CARTESIAN_POINT('',(13.675,-16.5,-12.5));
#11850 = LINE('',#11851,#11852);
#11851 = CARTESIAN_POINT('',(13.675,-16.5,-18.8));
#11852 = VECTOR('',#11853,1.);
#11853 = DIRECTION('',(0.,0.,1.));
#11854 = ORIENTED_EDGE('',*,*,#61,.T.);
#11855 = ORIENTED_EDGE('',*,*,#31,.T.);
#11856 = ORIENTED_EDGE('',*,*,#11857,.F.);
#11857 = EDGE_CURVE('',#11595,#22,#11858,.T.);
#11858 = CIRCLE('',#11859,7.15);
#11859 = AXIS2_PLACEMENT_3D('',#11860,#11861,#11862);
#11860 = CARTESIAN_POINT('',(6.525,-16.5,-12.5));
#11861 = DIRECTION('',(-0.,0.,-1.));
#11862 = DIRECTION('',(-7.453245480001E-16,-1.,0.));
#11863 = ORIENTED_EDGE('',*,*,#11594,.T.);
#11864 = ORIENTED_EDGE('',*,*,#11577,.F.);
#11865 = ORIENTED_EDGE('',*,*,#11866,.F.);
#11866 = EDGE_CURVE('',#11867,#11570,#11869,.T.);
#11867 = VERTEX_POINT('',#11868);
#11868 = CARTESIAN_POINT('',(13.604724570914,-17.5,-12.5));
#11869 = LINE('',#11870,#11871);
#11870 = CARTESIAN_POINT('',(13.604724570914,-17.5,-16.8));
#11871 = VECTOR('',#11872,1.);
#11872 = DIRECTION('',(-0.,-0.,-1.));
#11873 = ORIENTED_EDGE('',*,*,#11874,.F.);
#11874 = EDGE_CURVE('',#11848,#11867,#11875,.T.);
#11875 = CIRCLE('',#11876,7.15);
#11876 = AXIS2_PLACEMENT_3D('',#11877,#11878,#11879);
#11877 = CARTESIAN_POINT('',(6.525,-16.5,-12.5));
#11878 = DIRECTION('',(-0.,0.,-1.));
#11879 = DIRECTION('',(-7.453245480001E-16,-1.,0.));
#11880 = CYLINDRICAL_SURFACE('',#11881,7.15);
#11881 = AXIS2_PLACEMENT_3D('',#11882,#11883,#11884);
#11882 = CARTESIAN_POINT('',(6.525,-16.5,-18.8));
#11883 = DIRECTION('',(-0.,-0.,-1.));
#11884 = DIRECTION('',(-7.453245480001E-16,-1.,0.));
#11885 = ADVANCED_FACE('',(#11886),#11897,.T.);
#11886 = FACE_BOUND('',#11887,.T.);
#11887 = EDGE_LOOP('',(#11888,#11889,#11890,#11891));
#11888 = ORIENTED_EDGE('',*,*,#11715,.F.);
#11889 = ORIENTED_EDGE('',*,*,#70,.F.);
#11890 = ORIENTED_EDGE('',*,*,#11847,.T.);
#11891 = ORIENTED_EDGE('',*,*,#11892,.F.);
#11892 = EDGE_CURVE('',#11716,#11848,#11893,.T.);
#11893 = LINE('',#11894,#11895);
#11894 = CARTESIAN_POINT('',(13.675,-8.25,-12.5));
#11895 = VECTOR('',#11896,1.);
#11896 = DIRECTION('',(0.,-1.,0.));
#11897 = PLANE('',#11898);
#11898 = AXIS2_PLACEMENT_3D('',#11899,#11900,#11901);
#11899 = CARTESIAN_POINT('',(13.675,-16.5,-18.8));
#11900 = DIRECTION('',(-1.,0.,0.));
#11901 = DIRECTION('',(0.,1.,0.));
#11902 = ADVANCED_FACE('',(#11903),#11907,.T.);
#11903 = FACE_BOUND('',#11904,.T.);
#11904 = EDGE_LOOP('',(#11905,#11906));
#11905 = ORIENTED_EDGE('',*,*,#222,.T.);
#11906 = ORIENTED_EDGE('',*,*,#10946,.T.);
#11907 = PLANE('',#11908);
#11908 = AXIS2_PLACEMENT_3D('',#11909,#11910,#11911);
#11909 = CARTESIAN_POINT('',(13.2,4.,-17.79));
#11910 = DIRECTION('',(0.,0.,1.));
#11911 = DIRECTION('',(1.,0.,-0.));
#11912 = ADVANCED_FACE('',(#11913),#11916,.F.);
#11913 = FACE_BOUND('',#11914,.T.);
#11914 = EDGE_LOOP('',(#11915));
#11915 = ORIENTED_EDGE('',*,*,#10934,.F.);
#11916 = PLANE('',#11917);
#11917 = AXIS2_PLACEMENT_3D('',#11918,#11919,#11920);
#11918 = CARTESIAN_POINT('',(13.2,4.,-25.5));
#11919 = DIRECTION('',(0.,0.,1.));
#11920 = DIRECTION('',(1.,0.,-0.));
#11921 = ADVANCED_FACE('',(#11922),#11926,.T.);
#11922 = FACE_BOUND('',#11923,.T.);
#11923 = EDGE_LOOP('',(#11924,#11925));
#11924 = ORIENTED_EDGE('',*,*,#10979,.F.);
#11925 = ORIENTED_EDGE('',*,*,#11026,.T.);
#11926 = PLANE('',#11927);
#11927 = AXIS2_PLACEMENT_3D('',#11928,#11929,#11930);
#11928 = CARTESIAN_POINT('',(13.2,20.,-17.79));
#11929 = DIRECTION('',(0.,0.,1.));
#11930 = DIRECTION('',(1.,0.,-0.));
#11931 = ADVANCED_FACE('',(#11932),#11935,.F.);
#11932 = FACE_BOUND('',#11933,.T.);
#11933 = EDGE_LOOP('',(#11934));
#11934 = ORIENTED_EDGE('',*,*,#11014,.F.);
#11935 = PLANE('',#11936);
#11936 = AXIS2_PLACEMENT_3D('',#11937,#11938,#11939);
#11937 = CARTESIAN_POINT('',(13.2,20.,-25.5));
#11938 = DIRECTION('',(0.,0.,1.));
#11939 = DIRECTION('',(1.,0.,-0.));
#11940 = ADVANCED_FACE('',(#11941),#11945,.T.);
#11941 = FACE_BOUND('',#11942,.T.);
#11942 = EDGE_LOOP('',(#11943,#11944));
#11943 = ORIENTED_EDGE('',*,*,#11103,.T.);
#11944 = ORIENTED_EDGE('',*,*,#11076,.F.);
#11945 = PLANE('',#11946);
#11946 = AXIS2_PLACEMENT_3D('',#11947,#11948,#11949);
#11947 = CARTESIAN_POINT('',(-13.2,20.,-17.79));
#11948 = DIRECTION('',(0.,0.,1.));
#11949 = DIRECTION('',(1.,0.,-0.));
#11950 = ADVANCED_FACE('',(#11951),#11954,.F.);
#11951 = FACE_BOUND('',#11952,.T.);
#11952 = EDGE_LOOP('',(#11953));
#11953 = ORIENTED_EDGE('',*,*,#11124,.F.);
#11954 = PLANE('',#11955);
#11955 = AXIS2_PLACEMENT_3D('',#11956,#11957,#11958);
#11956 = CARTESIAN_POINT('',(-13.2,20.,-25.5));
#11957 = DIRECTION('',(0.,0.,1.));
#11958 = DIRECTION('',(1.,0.,-0.));
#11959 = ADVANCED_FACE('',(#11960),#11965,.T.);
#11960 = FACE_BOUND('',#11961,.T.);
#11961 = EDGE_LOOP('',(#11962,#11963,#11964));
#11962 = ORIENTED_EDGE('',*,*,#11191,.T.);
#11963 = ORIENTED_EDGE('',*,*,#11205,.T.);
#11964 = ORIENTED_EDGE('',*,*,#11156,.T.);
#11965 = PLANE('',#11966);
#11966 = AXIS2_PLACEMENT_3D('',#11967,#11968,#11969);
#11967 = CARTESIAN_POINT('',(-13.2,4.,-17.79));
#11968 = DIRECTION('',(0.,0.,1.));
#11969 = DIRECTION('',(1.,0.,-0.));
#11970 = ADVANCED_FACE('',(#11971),#11974,.F.);
#11971 = FACE_BOUND('',#11972,.T.);
#11972 = EDGE_LOOP('',(#11973));
#11973 = ORIENTED_EDGE('',*,*,#11213,.F.);
#11974 = PLANE('',#11975);
#11975 = AXIS2_PLACEMENT_3D('',#11976,#11977,#11978);
#11976 = CARTESIAN_POINT('',(-13.2,4.,-25.5));
#11977 = DIRECTION('',(0.,0.,1.));
#11978 = DIRECTION('',(1.,0.,-0.));
#11979 = ADVANCED_FACE('',(#11980),#12016,.F.);
#11980 = FACE_BOUND('',#11981,.T.);
#11981 = EDGE_LOOP('',(#11982,#11983,#11984,#11992,#12001,#12007,#12008,
    #12009));
#11982 = ORIENTED_EDGE('',*,*,#47,.F.);
#11983 = ORIENTED_EDGE('',*,*,#112,.T.);
#11984 = ORIENTED_EDGE('',*,*,#11985,.T.);
#11985 = EDGE_CURVE('',#105,#11986,#11988,.T.);
#11986 = VERTEX_POINT('',#11987);
#11987 = CARTESIAN_POINT('',(-13.675,-16.5,-12.5));
#11988 = LINE('',#11989,#11990);
#11989 = CARTESIAN_POINT('',(-13.675,-16.5,-18.8));
#11990 = VECTOR('',#11991,1.);
#11991 = DIRECTION('',(0.,0.,1.));
#11992 = ORIENTED_EDGE('',*,*,#11993,.F.);
#11993 = EDGE_CURVE('',#11994,#11986,#11996,.T.);
#11994 = VERTEX_POINT('',#11995);
#11995 = CARTESIAN_POINT('',(-13.60472457091,-17.5,-12.5));
#11996 = CIRCLE('',#11997,7.15);
#11997 = AXIS2_PLACEMENT_3D('',#11998,#11999,#12000);
#11998 = CARTESIAN_POINT('',(-6.525,-16.5,-12.5));
#11999 = DIRECTION('',(-0.,0.,-1.));
#12000 = DIRECTION('',(-1.,9.937660640001E-16,0.));
#12001 = ORIENTED_EDGE('',*,*,#12002,.T.);
#12002 = EDGE_CURVE('',#11994,#11525,#12003,.T.);
#12003 = LINE('',#12004,#12005);
#12004 = CARTESIAN_POINT('',(-13.60472457091,-17.5,-16.8));
#12005 = VECTOR('',#12006,1.);
#12006 = DIRECTION('',(-0.,-0.,-1.));
#12007 = ORIENTED_EDGE('',*,*,#11543,.F.);
#12008 = ORIENTED_EDGE('',*,*,#11618,.F.);
#12009 = ORIENTED_EDGE('',*,*,#12010,.F.);
#12010 = EDGE_CURVE('',#24,#11619,#12011,.T.);
#12011 = CIRCLE('',#12012,7.15);
#12012 = AXIS2_PLACEMENT_3D('',#12013,#12014,#12015);
#12013 = CARTESIAN_POINT('',(-6.525,-16.5,-12.5));
#12014 = DIRECTION('',(-0.,0.,-1.));
#12015 = DIRECTION('',(-1.,9.937660640001E-16,0.));
#12016 = CYLINDRICAL_SURFACE('',#12017,7.15);
#12017 = AXIS2_PLACEMENT_3D('',#12018,#12019,#12020);
#12018 = CARTESIAN_POINT('',(-6.525,-16.5,-18.8));
#12019 = DIRECTION('',(-0.,-0.,-1.));
#12020 = DIRECTION('',(-1.,9.937660640001E-16,0.));
#12021 = ADVANCED_FACE('',(#12022),#12033,.T.);
#12022 = FACE_BOUND('',#12023,.T.);
#12023 = EDGE_LOOP('',(#12024,#12025,#12026,#12027));
#12024 = ORIENTED_EDGE('',*,*,#11985,.F.);
#12025 = ORIENTED_EDGE('',*,*,#104,.F.);
#12026 = ORIENTED_EDGE('',*,*,#11640,.T.);
#12027 = ORIENTED_EDGE('',*,*,#12028,.F.);
#12028 = EDGE_CURVE('',#11986,#11641,#12029,.T.);
#12029 = LINE('',#12030,#12031);
#12030 = CARTESIAN_POINT('',(-13.675,8.25,-12.5));
#12031 = VECTOR('',#12032,1.);
#12032 = DIRECTION('',(-0.,1.,0.));
#12033 = PLANE('',#12034);
#12034 = AXIS2_PLACEMENT_3D('',#12035,#12036,#12037);
#12035 = CARTESIAN_POINT('',(-13.675,16.5,-18.8));
#12036 = DIRECTION('',(1.,0.,-0.));
#12037 = DIRECTION('',(0.,-1.,0.));
#12038 = ADVANCED_FACE('',(#12039),#12146,.T.);
#12039 = FACE_BOUND('',#12040,.T.);
#12040 = EDGE_LOOP('',(#12041,#12049,#12050,#12051,#12052,#12060,#12068,
    #12076,#12084,#12092,#12100,#12106,#12107,#12113,#12114,#12120,
    #12121,#12122,#12123,#12129,#12130,#12131,#12132,#12140));
#12041 = ORIENTED_EDGE('',*,*,#12042,.F.);
#12042 = EDGE_CURVE('',#2796,#12043,#12045,.T.);
#12043 = VERTEX_POINT('',#12044);
#12044 = CARTESIAN_POINT('',(9.875,24.95,-7.8));
#12045 = LINE('',#12046,#12047);
#12046 = CARTESIAN_POINT('',(4.9375,24.95,-7.8));
#12047 = VECTOR('',#12048,1.);
#12048 = DIRECTION('',(1.,0.,-0.));
#12049 = ORIENTED_EDGE('',*,*,#2795,.T.);
#12050 = ORIENTED_EDGE('',*,*,#2845,.F.);
#12051 = ORIENTED_EDGE('',*,*,#2914,.F.);
#12052 = ORIENTED_EDGE('',*,*,#12053,.F.);
#12053 = EDGE_CURVE('',#12054,#2915,#12056,.T.);
#12054 = VERTEX_POINT('',#12055);
#12055 = CARTESIAN_POINT('',(-4.5,24.95,-7.8));
#12056 = LINE('',#12057,#12058);
#12057 = CARTESIAN_POINT('',(4.9375,24.95,-7.8));
#12058 = VECTOR('',#12059,1.);
#12059 = DIRECTION('',(1.,0.,-0.));
#12060 = ORIENTED_EDGE('',*,*,#12061,.T.);
#12061 = EDGE_CURVE('',#12054,#12062,#12064,.T.);
#12062 = VERTEX_POINT('',#12063);
#12063 = CARTESIAN_POINT('',(-4.5,24.95,-7.79));
#12064 = LINE('',#12065,#12066);
#12065 = CARTESIAN_POINT('',(-4.5,24.95,-13.5));
#12066 = VECTOR('',#12067,1.);
#12067 = DIRECTION('',(0.,0.,1.));
#12068 = ORIENTED_EDGE('',*,*,#12069,.F.);
#12069 = EDGE_CURVE('',#12070,#12062,#12072,.T.);
#12070 = VERTEX_POINT('',#12071);
#12071 = CARTESIAN_POINT('',(-7.,24.95,-7.79));
#12072 = LINE('',#12073,#12074);
#12073 = CARTESIAN_POINT('',(-7.,24.95,-7.79));
#12074 = VECTOR('',#12075,1.);
#12075 = DIRECTION('',(1.,0.,-0.));
#12076 = ORIENTED_EDGE('',*,*,#12077,.F.);
#12077 = EDGE_CURVE('',#12078,#12070,#12080,.T.);
#12078 = VERTEX_POINT('',#12079);
#12079 = CARTESIAN_POINT('',(-7.,24.95,-7.8));
#12080 = LINE('',#12081,#12082);
#12081 = CARTESIAN_POINT('',(-7.,24.95,-13.5));
#12082 = VECTOR('',#12083,1.);
#12083 = DIRECTION('',(0.,0.,1.));
#12084 = ORIENTED_EDGE('',*,*,#12085,.F.);
#12085 = EDGE_CURVE('',#12086,#12078,#12088,.T.);
#12086 = VERTEX_POINT('',#12087);
#12087 = CARTESIAN_POINT('',(-9.875,24.95,-7.8));
#12088 = LINE('',#12089,#12090);
#12089 = CARTESIAN_POINT('',(4.9375,24.95,-7.8));
#12090 = VECTOR('',#12091,1.);
#12091 = DIRECTION('',(1.,0.,-0.));
#12092 = ORIENTED_EDGE('',*,*,#12093,.F.);
#12093 = EDGE_CURVE('',#12094,#12086,#12096,.T.);
#12094 = VERTEX_POINT('',#12095);
#12095 = CARTESIAN_POINT('',(-9.875,24.95,-9.));
#12096 = LINE('',#12097,#12098);
#12097 = CARTESIAN_POINT('',(-9.875,24.95,-10.));
#12098 = VECTOR('',#12099,1.);
#12099 = DIRECTION('',(0.,0.,1.));
#12100 = ORIENTED_EDGE('',*,*,#12101,.T.);
#12101 = EDGE_CURVE('',#12094,#6722,#12102,.T.);
#12102 = LINE('',#12103,#12104);
#12103 = CARTESIAN_POINT('',(4.9375,24.95,-9.));
#12104 = VECTOR('',#12105,1.);
#12105 = DIRECTION('',(1.,0.,-0.));
#12106 = ORIENTED_EDGE('',*,*,#6719,.F.);
#12107 = ORIENTED_EDGE('',*,*,#12108,.F.);
#12108 = EDGE_CURVE('',#6633,#6720,#12109,.T.);
#12109 = LINE('',#12110,#12111);
#12110 = CARTESIAN_POINT('',(9.875,24.95,-12.5));
#12111 = VECTOR('',#12112,1.);
#12112 = DIRECTION('',(-1.,0.,0.));
#12113 = ORIENTED_EDGE('',*,*,#6632,.T.);
#12114 = ORIENTED_EDGE('',*,*,#12115,.T.);
#12115 = EDGE_CURVE('',#6635,#6887,#12116,.T.);
#12116 = LINE('',#12117,#12118);
#12117 = CARTESIAN_POINT('',(4.9375,24.95,-9.));
#12118 = VECTOR('',#12119,1.);
#12119 = DIRECTION('',(1.,0.,-0.));
#12120 = ORIENTED_EDGE('',*,*,#6884,.F.);
#12121 = ORIENTED_EDGE('',*,*,#7200,.F.);
#12122 = ORIENTED_EDGE('',*,*,#7174,.F.);
#12123 = ORIENTED_EDGE('',*,*,#12124,.F.);
#12124 = EDGE_CURVE('',#7036,#7167,#12125,.T.);
#12125 = LINE('',#12126,#12127);
#12126 = CARTESIAN_POINT('',(9.875,24.95,-12.5));
#12127 = VECTOR('',#12128,1.);
#12128 = DIRECTION('',(-1.,0.,0.));
#12129 = ORIENTED_EDGE('',*,*,#7035,.F.);
#12130 = ORIENTED_EDGE('',*,*,#7218,.F.);
#12131 = ORIENTED_EDGE('',*,*,#6955,.T.);
#12132 = ORIENTED_EDGE('',*,*,#12133,.T.);
#12133 = EDGE_CURVE('',#6958,#12134,#12136,.T.);
#12134 = VERTEX_POINT('',#12135);
#12135 = CARTESIAN_POINT('',(9.875,24.95,-9.));
#12136 = LINE('',#12137,#12138);
#12137 = CARTESIAN_POINT('',(4.9375,24.95,-9.));
#12138 = VECTOR('',#12139,1.);
#12139 = DIRECTION('',(1.,0.,-0.));
#12140 = ORIENTED_EDGE('',*,*,#12141,.T.);
#12141 = EDGE_CURVE('',#12134,#12043,#12142,.T.);
#12142 = LINE('',#12143,#12144);
#12143 = CARTESIAN_POINT('',(9.875,24.95,-10.));
#12144 = VECTOR('',#12145,1.);
#12145 = DIRECTION('',(0.,0.,1.));
#12146 = PLANE('',#12147);
#12147 = AXIS2_PLACEMENT_3D('',#12148,#12149,#12150);
#12148 = CARTESIAN_POINT('',(9.569722514928E-02,24.95,-9.355756937127));
#12149 = DIRECTION('',(-0.,-1.,-0.));
#12150 = DIRECTION('',(0.,0.,-1.));
#12151 = ADVANCED_FACE('',(#12152),#12177,.T.);
#12152 = FACE_BOUND('',#12153,.T.);
#12153 = EDGE_LOOP('',(#12154,#12155,#12163,#12171));
#12154 = ORIENTED_EDGE('',*,*,#12061,.F.);
#12155 = ORIENTED_EDGE('',*,*,#12156,.F.);
#12156 = EDGE_CURVE('',#12157,#12054,#12159,.T.);
#12157 = VERTEX_POINT('',#12158);
#12158 = CARTESIAN_POINT('',(-4.5,25.75,-7.8));
#12159 = LINE('',#12160,#12161);
#12160 = CARTESIAN_POINT('',(-4.5,12.475,-7.8));
#12161 = VECTOR('',#12162,1.);
#12162 = DIRECTION('',(0.,-1.,0.));
#12163 = ORIENTED_EDGE('',*,*,#12164,.T.);
#12164 = EDGE_CURVE('',#12157,#12165,#12167,.T.);
#12165 = VERTEX_POINT('',#12166);
#12166 = CARTESIAN_POINT('',(-4.5,25.75,-7.79));
#12167 = LINE('',#12168,#12169);
#12168 = CARTESIAN_POINT('',(-4.5,25.75,-13.5));
#12169 = VECTOR('',#12170,1.);
#12170 = DIRECTION('',(0.,0.,1.));
#12171 = ORIENTED_EDGE('',*,*,#12172,.F.);
#12172 = EDGE_CURVE('',#12062,#12165,#12173,.T.);
#12173 = LINE('',#12174,#12175);
#12174 = CARTESIAN_POINT('',(-4.5,24.95,-7.79));
#12175 = VECTOR('',#12176,1.);
#12176 = DIRECTION('',(-0.,1.,0.));
#12177 = PLANE('',#12178);
#12178 = AXIS2_PLACEMENT_3D('',#12179,#12180,#12181);
#12179 = CARTESIAN_POINT('',(-4.5,24.95,-13.5));
#12180 = DIRECTION('',(1.,0.,-0.));
#12181 = DIRECTION('',(0.,0.,1.));
#12182 = ADVANCED_FACE('',(#12183),#12201,.T.);
#12183 = FACE_BOUND('',#12184,.T.);
#12184 = EDGE_LOOP('',(#12185,#12193,#12194,#12195));
#12185 = ORIENTED_EDGE('',*,*,#12186,.F.);
#12186 = EDGE_CURVE('',#12070,#12187,#12189,.T.);
#12187 = VERTEX_POINT('',#12188);
#12188 = CARTESIAN_POINT('',(-7.,25.75,-7.79));
#12189 = LINE('',#12190,#12191);
#12190 = CARTESIAN_POINT('',(-7.,24.95,-7.79));
#12191 = VECTOR('',#12192,1.);
#12192 = DIRECTION('',(-0.,1.,0.));
#12193 = ORIENTED_EDGE('',*,*,#12069,.T.);
#12194 = ORIENTED_EDGE('',*,*,#12172,.T.);
#12195 = ORIENTED_EDGE('',*,*,#12196,.F.);
#12196 = EDGE_CURVE('',#12187,#12165,#12197,.T.);
#12197 = LINE('',#12198,#12199);
#12198 = CARTESIAN_POINT('',(-7.,25.75,-7.79));
#12199 = VECTOR('',#12200,1.);
#12200 = DIRECTION('',(1.,0.,-0.));
#12201 = PLANE('',#12202);
#12202 = AXIS2_PLACEMENT_3D('',#12203,#12204,#12205);
#12203 = CARTESIAN_POINT('',(-7.,24.95,-7.79));
#12204 = DIRECTION('',(0.,0.,1.));
#12205 = DIRECTION('',(1.,0.,-0.));
#12206 = ADVANCED_FACE('',(#12207),#12225,.F.);
#12207 = FACE_BOUND('',#12208,.F.);
#12208 = EDGE_LOOP('',(#12209,#12210,#12218,#12224));
#12209 = ORIENTED_EDGE('',*,*,#12077,.F.);
#12210 = ORIENTED_EDGE('',*,*,#12211,.F.);
#12211 = EDGE_CURVE('',#12212,#12078,#12214,.T.);
#12212 = VERTEX_POINT('',#12213);
#12213 = CARTESIAN_POINT('',(-7.,25.75,-7.8));
#12214 = LINE('',#12215,#12216);
#12215 = CARTESIAN_POINT('',(-7.,12.475,-7.8));
#12216 = VECTOR('',#12217,1.);
#12217 = DIRECTION('',(0.,-1.,0.));
#12218 = ORIENTED_EDGE('',*,*,#12219,.T.);
#12219 = EDGE_CURVE('',#12212,#12187,#12220,.T.);
#12220 = LINE('',#12221,#12222);
#12221 = CARTESIAN_POINT('',(-7.,25.75,-13.5));
#12222 = VECTOR('',#12223,1.);
#12223 = DIRECTION('',(0.,0.,1.));
#12224 = ORIENTED_EDGE('',*,*,#12186,.F.);
#12225 = PLANE('',#12226);
#12226 = AXIS2_PLACEMENT_3D('',#12227,#12228,#12229);
#12227 = CARTESIAN_POINT('',(-7.,24.95,-13.5));
#12228 = DIRECTION('',(1.,0.,-0.));
#12229 = DIRECTION('',(0.,0.,1.));
#12230 = ADVANCED_FACE('',(#12231),#12242,.T.);
#12231 = FACE_BOUND('',#12232,.T.);
#12232 = EDGE_LOOP('',(#12233,#12239,#12240,#12241));
#12233 = ORIENTED_EDGE('',*,*,#12234,.F.);
#12234 = EDGE_CURVE('',#12212,#12157,#12235,.T.);
#12235 = LINE('',#12236,#12237);
#12236 = CARTESIAN_POINT('',(-3.5,25.75,-7.8));
#12237 = VECTOR('',#12238,1.);
#12238 = DIRECTION('',(1.,0.,-0.));
#12239 = ORIENTED_EDGE('',*,*,#12219,.T.);
#12240 = ORIENTED_EDGE('',*,*,#12196,.T.);
#12241 = ORIENTED_EDGE('',*,*,#12164,.F.);
#12242 = PLANE('',#12243);
#12243 = AXIS2_PLACEMENT_3D('',#12244,#12245,#12246);
#12244 = CARTESIAN_POINT('',(-7.,25.75,-13.5));
#12245 = DIRECTION('',(-0.,1.,0.));
#12246 = DIRECTION('',(0.,0.,1.));
#12247 = ADVANCED_FACE('',(#12248),#12275,.F.);
#12248 = FACE_BOUND('',#12249,.T.);
#12249 = EDGE_LOOP('',(#12250,#12259,#12260,#12269));
#12250 = ORIENTED_EDGE('',*,*,#12251,.T.);
#12251 = EDGE_CURVE('',#12252,#12094,#12254,.T.);
#12252 = VERTEX_POINT('',#12253);
#12253 = CARTESIAN_POINT('',(-14.975,19.85,-9.));
#12254 = CIRCLE('',#12255,5.1);
#12255 = AXIS2_PLACEMENT_3D('',#12256,#12257,#12258);
#12256 = CARTESIAN_POINT('',(-9.875,19.85,-9.));
#12257 = DIRECTION('',(0.,-0.,-1.));
#12258 = DIRECTION('',(6.96610525255E-16,1.,-0.));
#12259 = ORIENTED_EDGE('',*,*,#12093,.T.);
#12260 = ORIENTED_EDGE('',*,*,#12261,.F.);
#12261 = EDGE_CURVE('',#12262,#12086,#12264,.T.);
#12262 = VERTEX_POINT('',#12263);
#12263 = CARTESIAN_POINT('',(-14.975,19.85,-7.8));
#12264 = CIRCLE('',#12265,5.1);
#12265 = AXIS2_PLACEMENT_3D('',#12266,#12267,#12268);
#12266 = CARTESIAN_POINT('',(-9.875,19.85,-7.8));
#12267 = DIRECTION('',(0.,-0.,-1.));
#12268 = DIRECTION('',(6.96610525255E-16,1.,-0.));
#12269 = ORIENTED_EDGE('',*,*,#12270,.F.);
#12270 = EDGE_CURVE('',#12252,#12262,#12271,.T.);
#12271 = LINE('',#12272,#12273);
#12272 = CARTESIAN_POINT('',(-14.975,19.85,-10.));
#12273 = VECTOR('',#12274,1.);
#12274 = DIRECTION('',(0.,0.,1.));
#12275 = CYLINDRICAL_SURFACE('',#12276,5.1);
#12276 = AXIS2_PLACEMENT_3D('',#12277,#12278,#12279);
#12277 = CARTESIAN_POINT('',(-9.875,19.85,-10.));
#12278 = DIRECTION('',(-0.,-0.,-1.));
#12279 = DIRECTION('',(6.96610525255E-16,1.,-0.));
#12280 = ADVANCED_FACE('',(#12281),#12308,.F.);
#12281 = FACE_BOUND('',#12282,.T.);
#12282 = EDGE_LOOP('',(#12283,#12292,#12300,#12307));
#12283 = ORIENTED_EDGE('',*,*,#12284,.T.);
#12284 = EDGE_CURVE('',#12134,#12285,#12287,.T.);
#12285 = VERTEX_POINT('',#12286);
#12286 = CARTESIAN_POINT('',(14.975,19.85,-9.));
#12287 = CIRCLE('',#12288,5.1);
#12288 = AXIS2_PLACEMENT_3D('',#12289,#12290,#12291);
#12289 = CARTESIAN_POINT('',(9.875,19.85,-9.));
#12290 = DIRECTION('',(0.,-0.,-1.));
#12291 = DIRECTION('',(1.,-6.96610525255E-16,0.));
#12292 = ORIENTED_EDGE('',*,*,#12293,.T.);
#12293 = EDGE_CURVE('',#12285,#12294,#12296,.T.);
#12294 = VERTEX_POINT('',#12295);
#12295 = CARTESIAN_POINT('',(14.975,19.85,-7.8));
#12296 = LINE('',#12297,#12298);
#12297 = CARTESIAN_POINT('',(14.975,19.85,-10.));
#12298 = VECTOR('',#12299,1.);
#12299 = DIRECTION('',(0.,0.,1.));
#12300 = ORIENTED_EDGE('',*,*,#12301,.F.);
#12301 = EDGE_CURVE('',#12043,#12294,#12302,.T.);
#12302 = CIRCLE('',#12303,5.1);
#12303 = AXIS2_PLACEMENT_3D('',#12304,#12305,#12306);
#12304 = CARTESIAN_POINT('',(9.875,19.85,-7.8));
#12305 = DIRECTION('',(0.,-0.,-1.));
#12306 = DIRECTION('',(1.,-6.96610525255E-16,0.));
#12307 = ORIENTED_EDGE('',*,*,#12141,.F.);
#12308 = CYLINDRICAL_SURFACE('',#12309,5.1);
#12309 = AXIS2_PLACEMENT_3D('',#12310,#12311,#12312);
#12310 = CARTESIAN_POINT('',(9.875,19.85,-10.));
#12311 = DIRECTION('',(-0.,-0.,-1.));
#12312 = DIRECTION('',(1.,-6.96610525255E-16,0.));
#12313 = ADVANCED_FACE('',(#12314),#12336,.T.);
#12314 = FACE_BOUND('',#12315,.T.);
#12315 = EDGE_LOOP('',(#12316,#12317,#12323,#12324,#12330,#12331,#12332,
    #12333,#12334,#12335));
#12316 = ORIENTED_EDGE('',*,*,#4361,.F.);
#12317 = ORIENTED_EDGE('',*,*,#12318,.T.);
#12318 = EDGE_CURVE('',#4354,#4228,#12319,.T.);
#12319 = LINE('',#12320,#12321);
#12320 = CARTESIAN_POINT('',(-24.5125,1.125,-9.));
#12321 = VECTOR('',#12322,1.);
#12322 = DIRECTION('',(-0.,1.,0.));
#12323 = ORIENTED_EDGE('',*,*,#4235,.T.);
#12324 = ORIENTED_EDGE('',*,*,#12325,.F.);
#12325 = EDGE_CURVE('',#4284,#4236,#12326,.T.);
#12326 = LINE('',#12327,#12328);
#12327 = CARTESIAN_POINT('',(-24.5125,1.125,-7.8));
#12328 = VECTOR('',#12329,1.);
#12329 = DIRECTION('',(-0.,1.,0.));
#12330 = ORIENTED_EDGE('',*,*,#4281,.F.);
#12331 = ORIENTED_EDGE('',*,*,#5373,.T.);
#12332 = ORIENTED_EDGE('',*,*,#5479,.T.);
#12333 = ORIENTED_EDGE('',*,*,#5437,.T.);
#12334 = ORIENTED_EDGE('',*,*,#9908,.T.);
#12335 = ORIENTED_EDGE('',*,*,#4980,.F.);
#12336 = PLANE('',#12337);
#12337 = AXIS2_PLACEMENT_3D('',#12338,#12339,#12340);
#12338 = CARTESIAN_POINT('',(-24.5125,7.441751888437,-5.594305636258));
#12339 = DIRECTION('',(1.,0.,0.));
#12340 = DIRECTION('',(-0.,0.,1.));
#12341 = ADVANCED_FACE('',(#12342),#12382,.T.);
#12342 = FACE_BOUND('',#12343,.T.);
#12343 = EDGE_LOOP('',(#12344,#12345,#12351,#12352,#12358,#12359,#12360,
    #12361,#12362,#12363,#12364,#12365,#12366,#12367,#12375,#12381));
#12344 = ORIENTED_EDGE('',*,*,#3602,.F.);
#12345 = ORIENTED_EDGE('',*,*,#12346,.F.);
#12346 = EDGE_CURVE('',#3336,#3595,#12347,.T.);
#12347 = LINE('',#12348,#12349);
#12348 = CARTESIAN_POINT('',(7.2375,-15.2,-7.8));
#12349 = VECTOR('',#12350,1.);
#12350 = DIRECTION('',(-1.,-0.,0.));
#12351 = ORIENTED_EDGE('',*,*,#3333,.F.);
#12352 = ORIENTED_EDGE('',*,*,#12353,.T.);
#12353 = EDGE_CURVE('',#3334,#7863,#12354,.T.);
#12354 = LINE('',#12355,#12356);
#12355 = CARTESIAN_POINT('',(7.2375,-15.2,-9.));
#12356 = VECTOR('',#12357,1.);
#12357 = DIRECTION('',(-1.,-0.,0.));
#12358 = ORIENTED_EDGE('',*,*,#7862,.F.);
#12359 = ORIENTED_EDGE('',*,*,#8059,.F.);
#12360 = ORIENTED_EDGE('',*,*,#8075,.T.);
#12361 = ORIENTED_EDGE('',*,*,#11275,.F.);
#12362 = ORIENTED_EDGE('',*,*,#7994,.F.);
#12363 = ORIENTED_EDGE('',*,*,#7970,.F.);
#12364 = ORIENTED_EDGE('',*,*,#7955,.T.);
#12365 = ORIENTED_EDGE('',*,*,#7310,.F.);
#12366 = ORIENTED_EDGE('',*,*,#7916,.F.);
#12367 = ORIENTED_EDGE('',*,*,#12368,.T.);
#12368 = EDGE_CURVE('',#7917,#12369,#12371,.T.);
#12369 = VERTEX_POINT('',#12370);
#12370 = CARTESIAN_POINT('',(14.975,-15.2,-12.5));
#12371 = LINE('',#12372,#12373);
#12372 = CARTESIAN_POINT('',(9.142077966579,-15.2,-12.5));
#12373 = VECTOR('',#12374,1.);
#12374 = DIRECTION('',(1.,0.,0.));
#12375 = ORIENTED_EDGE('',*,*,#12376,.T.);
#12376 = EDGE_CURVE('',#12369,#1111,#12377,.T.);
#12377 = LINE('',#12378,#12379);
#12378 = CARTESIAN_POINT('',(14.975,-15.2,-13.70529402929));
#12379 = VECTOR('',#12380,1.);
#12380 = DIRECTION('',(0.,-0.,1.));
#12381 = ORIENTED_EDGE('',*,*,#1110,.F.);
#12382 = PLANE('',#12383);
#12383 = AXIS2_PLACEMENT_3D('',#12384,#12385,#12386);
#12384 = CARTESIAN_POINT('',(18.405399632211,-15.2,-14.98541850561));
#12385 = DIRECTION('',(0.,1.,0.));
#12386 = DIRECTION('',(0.,-0.,1.));
#12387 = ADVANCED_FACE('',(#12388),#12522,.T.);
#12388 = FACE_BOUND('',#12389,.T.);
#12389 = EDGE_LOOP('',(#12390,#12391,#12392,#12393,#12394,#12395,#12396,
    #12397,#12403,#12404,#12412,#12420,#12428,#12436,#12444,#12452,
    #12460,#12466,#12467,#12468,#12476,#12484,#12492,#12500,#12508,
    #12516));
#12390 = ORIENTED_EDGE('',*,*,#3727,.T.);
#12391 = ORIENTED_EDGE('',*,*,#1282,.F.);
#12392 = ORIENTED_EDGE('',*,*,#5926,.T.);
#12393 = ORIENTED_EDGE('',*,*,#4938,.F.);
#12394 = ORIENTED_EDGE('',*,*,#6014,.F.);
#12395 = ORIENTED_EDGE('',*,*,#1182,.F.);
#12396 = ORIENTED_EDGE('',*,*,#3957,.F.);
#12397 = ORIENTED_EDGE('',*,*,#12398,.F.);
#12398 = EDGE_CURVE('',#12294,#3950,#12399,.T.);
#12399 = LINE('',#12400,#12401);
#12400 = CARTESIAN_POINT('',(14.975,-9.925,-7.8));
#12401 = VECTOR('',#12402,1.);
#12402 = DIRECTION('',(0.,-1.,0.));
#12403 = ORIENTED_EDGE('',*,*,#12293,.F.);
#12404 = ORIENTED_EDGE('',*,*,#12405,.T.);
#12405 = EDGE_CURVE('',#12285,#12406,#12408,.T.);
#12406 = VERTEX_POINT('',#12407);
#12407 = CARTESIAN_POINT('',(14.975,16.2,-9.));
#12408 = LINE('',#12409,#12410);
#12409 = CARTESIAN_POINT('',(14.975,-9.925,-9.));
#12410 = VECTOR('',#12411,1.);
#12411 = DIRECTION('',(0.,-1.,0.));
#12412 = ORIENTED_EDGE('',*,*,#12413,.F.);
#12413 = EDGE_CURVE('',#12414,#12406,#12416,.T.);
#12414 = VERTEX_POINT('',#12415);
#12415 = CARTESIAN_POINT('',(14.975,16.2,-12.26));
#12416 = LINE('',#12417,#12418);
#12417 = CARTESIAN_POINT('',(14.975,16.2,-24.92));
#12418 = VECTOR('',#12419,1.);
#12419 = DIRECTION('',(0.,0.,1.));
#12420 = ORIENTED_EDGE('',*,*,#12421,.T.);
#12421 = EDGE_CURVE('',#12414,#12422,#12424,.T.);
#12422 = VERTEX_POINT('',#12423);
#12423 = CARTESIAN_POINT('',(14.975,16.7,-12.26));
#12424 = LINE('',#12425,#12426);
#12425 = CARTESIAN_POINT('',(14.975,16.19,-12.26));
#12426 = VECTOR('',#12427,1.);
#12427 = DIRECTION('',(-0.,1.,0.));
#12428 = ORIENTED_EDGE('',*,*,#12429,.F.);
#12429 = EDGE_CURVE('',#12430,#12422,#12432,.T.);
#12430 = VERTEX_POINT('',#12431);
#12431 = CARTESIAN_POINT('',(14.975,16.7,-12.49));
#12432 = LINE('',#12433,#12434);
#12433 = CARTESIAN_POINT('',(14.975,16.7,-26.22));
#12434 = VECTOR('',#12435,1.);
#12435 = DIRECTION('',(0.,0.,1.));
#12436 = ORIENTED_EDGE('',*,*,#12437,.F.);
#12437 = EDGE_CURVE('',#12438,#12430,#12440,.T.);
#12438 = VERTEX_POINT('',#12439);
#12439 = CARTESIAN_POINT('',(14.975,17.5,-12.49));
#12440 = LINE('',#12441,#12442);
#12441 = CARTESIAN_POINT('',(14.975,-1.715,-12.49));
#12442 = VECTOR('',#12443,1.);
#12443 = DIRECTION('',(0.,-1.,0.));
#12444 = ORIENTED_EDGE('',*,*,#12445,.T.);
#12445 = EDGE_CURVE('',#12438,#12446,#12448,.T.);
#12446 = VERTEX_POINT('',#12447);
#12447 = CARTESIAN_POINT('',(14.975,17.5,-12.5));
#12448 = LINE('',#12449,#12450);
#12449 = CARTESIAN_POINT('',(14.975,17.5,-14.125));
#12450 = VECTOR('',#12451,1.);
#12451 = DIRECTION('',(0.,0.,-1.));
#12452 = ORIENTED_EDGE('',*,*,#12453,.F.);
#12453 = EDGE_CURVE('',#12454,#12446,#12456,.T.);
#12454 = VERTEX_POINT('',#12455);
#12455 = CARTESIAN_POINT('',(14.975,15.2,-12.5));
#12456 = LINE('',#12457,#12458);
#12457 = CARTESIAN_POINT('',(14.975,-19.85,-12.5));
#12458 = VECTOR('',#12459,1.);
#12459 = DIRECTION('',(0.,1.,0.));
#12460 = ORIENTED_EDGE('',*,*,#12461,.F.);
#12461 = EDGE_CURVE('',#1119,#12454,#12462,.T.);
#12462 = LINE('',#12463,#12464);
#12463 = CARTESIAN_POINT('',(14.975,15.2,-13.69994925395));
#12464 = VECTOR('',#12465,1.);
#12465 = DIRECTION('',(0.,0.,-1.));
#12466 = ORIENTED_EDGE('',*,*,#1118,.F.);
#12467 = ORIENTED_EDGE('',*,*,#12376,.F.);
#12468 = ORIENTED_EDGE('',*,*,#12469,.F.);
#12469 = EDGE_CURVE('',#12470,#12369,#12472,.T.);
#12470 = VERTEX_POINT('',#12471);
#12471 = CARTESIAN_POINT('',(14.975,-17.5,-12.5));
#12472 = LINE('',#12473,#12474);
#12473 = CARTESIAN_POINT('',(14.975,-19.85,-12.5));
#12474 = VECTOR('',#12475,1.);
#12475 = DIRECTION('',(0.,1.,0.));
#12476 = ORIENTED_EDGE('',*,*,#12477,.F.);
#12477 = EDGE_CURVE('',#12478,#12470,#12480,.T.);
#12478 = VERTEX_POINT('',#12479);
#12479 = CARTESIAN_POINT('',(14.975,-17.5,-12.49));
#12480 = LINE('',#12481,#12482);
#12481 = CARTESIAN_POINT('',(14.975,-17.5,-14.125));
#12482 = VECTOR('',#12483,1.);
#12483 = DIRECTION('',(0.,0.,-1.));
#12484 = ORIENTED_EDGE('',*,*,#12485,.F.);
#12485 = EDGE_CURVE('',#12486,#12478,#12488,.T.);
#12486 = VERTEX_POINT('',#12487);
#12487 = CARTESIAN_POINT('',(14.975,-16.2,-12.49));
#12488 = LINE('',#12489,#12490);
#12489 = CARTESIAN_POINT('',(14.975,-18.12333333333,-12.49));
#12490 = VECTOR('',#12491,1.);
#12491 = DIRECTION('',(0.,-1.,0.));
#12492 = ORIENTED_EDGE('',*,*,#12493,.T.);
#12493 = EDGE_CURVE('',#12486,#12494,#12496,.T.);
#12494 = VERTEX_POINT('',#12495);
#12495 = CARTESIAN_POINT('',(14.975,-16.2,-9.));
#12496 = LINE('',#12497,#12498);
#12497 = CARTESIAN_POINT('',(14.975,-16.2,-24.92));
#12498 = VECTOR('',#12499,1.);
#12499 = DIRECTION('',(0.,0.,1.));
#12500 = ORIENTED_EDGE('',*,*,#12501,.T.);
#12501 = EDGE_CURVE('',#12494,#12502,#12504,.T.);
#12502 = VERTEX_POINT('',#12503);
#12503 = CARTESIAN_POINT('',(14.975,-19.85,-9.));
#12504 = LINE('',#12505,#12506);
#12505 = CARTESIAN_POINT('',(14.975,-9.925,-9.));
#12506 = VECTOR('',#12507,1.);
#12507 = DIRECTION('',(0.,-1.,0.));
#12508 = ORIENTED_EDGE('',*,*,#12509,.T.);
#12509 = EDGE_CURVE('',#12502,#12510,#12512,.T.);
#12510 = VERTEX_POINT('',#12511);
#12511 = CARTESIAN_POINT('',(14.975,-19.85,-7.8));
#12512 = LINE('',#12513,#12514);
#12513 = CARTESIAN_POINT('',(14.975,-19.85,-10.));
#12514 = VECTOR('',#12515,1.);
#12515 = DIRECTION('',(0.,0.,1.));
#12516 = ORIENTED_EDGE('',*,*,#12517,.F.);
#12517 = EDGE_CURVE('',#3720,#12510,#12518,.T.);
#12518 = LINE('',#12519,#12520);
#12519 = CARTESIAN_POINT('',(14.975,-9.925,-7.8));
#12520 = VECTOR('',#12521,1.);
#12521 = DIRECTION('',(0.,-1.,0.));
#12522 = PLANE('',#12523);
#12523 = AXIS2_PLACEMENT_3D('',#12524,#12525,#12526);
#12524 = CARTESIAN_POINT('',(14.975,8.698940998496E-04,-6.166406959153)
  );
#12525 = DIRECTION('',(-1.,-0.,-0.));
#12526 = DIRECTION('',(0.,0.,-1.));
#12527 = ADVANCED_FACE('',(#12528),#12578,.F.);
#12528 = FACE_BOUND('',#12529,.F.);
#12529 = EDGE_LOOP('',(#12530,#12540,#12548,#12556,#12564,#12572));
#12530 = ORIENTED_EDGE('',*,*,#12531,.F.);
#12531 = EDGE_CURVE('',#12532,#12534,#12536,.T.);
#12532 = VERTEX_POINT('',#12533);
#12533 = CARTESIAN_POINT('',(15.325,16.2,-12.26));
#12534 = VERTEX_POINT('',#12535);
#12535 = CARTESIAN_POINT('',(15.325,16.2,-9.));
#12536 = LINE('',#12537,#12538);
#12537 = CARTESIAN_POINT('',(15.325,16.2,-12.51));
#12538 = VECTOR('',#12539,1.);
#12539 = DIRECTION('',(0.,0.,1.));
#12540 = ORIENTED_EDGE('',*,*,#12541,.F.);
#12541 = EDGE_CURVE('',#12542,#12532,#12544,.T.);
#12542 = VERTEX_POINT('',#12543);
#12543 = CARTESIAN_POINT('',(15.325,16.7,-12.26));
#12544 = LINE('',#12545,#12546);
#12545 = CARTESIAN_POINT('',(15.325,16.195,-12.26));
#12546 = VECTOR('',#12547,1.);
#12547 = DIRECTION('',(0.,-1.,0.));
#12548 = ORIENTED_EDGE('',*,*,#12549,.F.);
#12549 = EDGE_CURVE('',#12550,#12542,#12552,.T.);
#12550 = VERTEX_POINT('',#12551);
#12551 = CARTESIAN_POINT('',(15.325,16.7,-12.49));
#12552 = LINE('',#12553,#12554);
#12553 = CARTESIAN_POINT('',(15.325,16.7,-19.365));
#12554 = VECTOR('',#12555,1.);
#12555 = DIRECTION('',(0.,0.,1.));
#12556 = ORIENTED_EDGE('',*,*,#12557,.F.);
#12557 = EDGE_CURVE('',#12558,#12550,#12560,.T.);
#12558 = VERTEX_POINT('',#12559);
#12559 = CARTESIAN_POINT('',(15.325,17.5,-12.49));
#12560 = LINE('',#12561,#12562);
#12561 = CARTESIAN_POINT('',(15.325,16.2,-12.49));
#12562 = VECTOR('',#12563,1.);
#12563 = DIRECTION('',(0.,-1.,0.));
#12564 = ORIENTED_EDGE('',*,*,#12565,.T.);
#12565 = EDGE_CURVE('',#12558,#12566,#12568,.T.);
#12566 = VERTEX_POINT('',#12567);
#12567 = CARTESIAN_POINT('',(15.325,17.5,-9.));
#12568 = LINE('',#12569,#12570);
#12569 = CARTESIAN_POINT('',(15.325,17.5,-12.51));
#12570 = VECTOR('',#12571,1.);
#12571 = DIRECTION('',(0.,0.,1.));
#12572 = ORIENTED_EDGE('',*,*,#12573,.T.);
#12573 = EDGE_CURVE('',#12566,#12534,#12574,.T.);
#12574 = LINE('',#12575,#12576);
#12575 = CARTESIAN_POINT('',(15.325,8.1,-9.));
#12576 = VECTOR('',#12577,1.);
#12577 = DIRECTION('',(0.,-1.,0.));
#12578 = PLANE('',#12579);
#12579 = AXIS2_PLACEMENT_3D('',#12580,#12581,#12582);
#12580 = CARTESIAN_POINT('',(15.325,16.2,-12.51));
#12581 = DIRECTION('',(1.,0.,-0.));
#12582 = DIRECTION('',(0.,0.,1.));
#12583 = ADVANCED_FACE('',(#12584),#12600,.T.);
#12584 = FACE_BOUND('',#12585,.T.);
#12585 = EDGE_LOOP('',(#12586,#12592,#12593,#12599));
#12586 = ORIENTED_EDGE('',*,*,#12587,.F.);
#12587 = EDGE_CURVE('',#12414,#12532,#12588,.T.);
#12588 = LINE('',#12589,#12590);
#12589 = CARTESIAN_POINT('',(14.975,16.2,-12.26));
#12590 = VECTOR('',#12591,1.);
#12591 = DIRECTION('',(1.,0.,-0.));
#12592 = ORIENTED_EDGE('',*,*,#12413,.T.);
#12593 = ORIENTED_EDGE('',*,*,#12594,.F.);
#12594 = EDGE_CURVE('',#12534,#12406,#12595,.T.);
#12595 = LINE('',#12596,#12597);
#12596 = CARTESIAN_POINT('',(7.4875,16.2,-9.));
#12597 = VECTOR('',#12598,1.);
#12598 = DIRECTION('',(-1.,-0.,0.));
#12599 = ORIENTED_EDGE('',*,*,#12531,.F.);
#12600 = PLANE('',#12601);
#12601 = AXIS2_PLACEMENT_3D('',#12602,#12603,#12604);
#12602 = CARTESIAN_POINT('',(14.975,16.2,-24.92));
#12603 = DIRECTION('',(-0.,1.,0.));
#12604 = DIRECTION('',(0.,0.,1.));
#12605 = ADVANCED_FACE('',(#12606),#12617,.T.);
#12606 = FACE_BOUND('',#12607,.T.);
#12607 = EDGE_LOOP('',(#12608,#12609,#12610,#12611));
#12608 = ORIENTED_EDGE('',*,*,#12421,.F.);
#12609 = ORIENTED_EDGE('',*,*,#12587,.T.);
#12610 = ORIENTED_EDGE('',*,*,#12541,.F.);
#12611 = ORIENTED_EDGE('',*,*,#12612,.F.);
#12612 = EDGE_CURVE('',#12422,#12542,#12613,.T.);
#12613 = LINE('',#12614,#12615);
#12614 = CARTESIAN_POINT('',(14.975,16.7,-12.26));
#12615 = VECTOR('',#12616,1.);
#12616 = DIRECTION('',(1.,0.,-0.));
#12617 = PLANE('',#12618);
#12618 = AXIS2_PLACEMENT_3D('',#12619,#12620,#12621);
#12619 = CARTESIAN_POINT('',(14.975,16.19,-12.26));
#12620 = DIRECTION('',(0.,0.,1.));
#12621 = DIRECTION('',(1.,0.,-0.));
#12622 = ADVANCED_FACE('',(#12623),#12634,.T.);
#12623 = FACE_BOUND('',#12624,.T.);
#12624 = EDGE_LOOP('',(#12625,#12631,#12632,#12633));
#12625 = ORIENTED_EDGE('',*,*,#12626,.T.);
#12626 = EDGE_CURVE('',#12550,#12430,#12627,.T.);
#12627 = LINE('',#12628,#12629);
#12628 = CARTESIAN_POINT('',(14.425,16.7,-12.49));
#12629 = VECTOR('',#12630,1.);
#12630 = DIRECTION('',(-1.,-0.,0.));
#12631 = ORIENTED_EDGE('',*,*,#12429,.T.);
#12632 = ORIENTED_EDGE('',*,*,#12612,.T.);
#12633 = ORIENTED_EDGE('',*,*,#12549,.F.);
#12634 = PLANE('',#12635);
#12635 = AXIS2_PLACEMENT_3D('',#12636,#12637,#12638);
#12636 = CARTESIAN_POINT('',(14.975,16.7,-26.22));
#12637 = DIRECTION('',(-0.,1.,0.));
#12638 = DIRECTION('',(0.,0.,1.));
#12639 = ADVANCED_FACE('',(#12640),#12651,.T.);
#12640 = FACE_BOUND('',#12641,.T.);
#12641 = EDGE_LOOP('',(#12642,#12643,#12644,#12645));
#12642 = ORIENTED_EDGE('',*,*,#12437,.T.);
#12643 = ORIENTED_EDGE('',*,*,#12626,.F.);
#12644 = ORIENTED_EDGE('',*,*,#12557,.F.);
#12645 = ORIENTED_EDGE('',*,*,#12646,.F.);
#12646 = EDGE_CURVE('',#12438,#12558,#12647,.T.);
#12647 = LINE('',#12648,#12649);
#12648 = CARTESIAN_POINT('',(13.875,17.5,-12.49));
#12649 = VECTOR('',#12650,1.);
#12650 = DIRECTION('',(1.,0.,-0.));
#12651 = PLANE('',#12652);
#12652 = AXIS2_PLACEMENT_3D('',#12653,#12654,#12655);
#12653 = CARTESIAN_POINT('',(14.53,16.42,-12.49));
#12654 = DIRECTION('',(0.,0.,1.));
#12655 = DIRECTION('',(1.,0.,-0.));
#12656 = ADVANCED_FACE('',(#12657),#12691,.F.);
#12657 = FACE_BOUND('',#12658,.F.);
#12658 = EDGE_LOOP('',(#12659,#12669,#12677,#12685));
#12659 = ORIENTED_EDGE('',*,*,#12660,.F.);
#12660 = EDGE_CURVE('',#12661,#12663,#12665,.T.);
#12661 = VERTEX_POINT('',#12662);
#12662 = CARTESIAN_POINT('',(15.325,-17.5,-12.49));
#12663 = VERTEX_POINT('',#12664);
#12664 = CARTESIAN_POINT('',(15.325,-17.5,-9.));
#12665 = LINE('',#12666,#12667);
#12666 = CARTESIAN_POINT('',(15.325,-17.5,-12.51));
#12667 = VECTOR('',#12668,1.);
#12668 = DIRECTION('',(0.,0.,1.));
#12669 = ORIENTED_EDGE('',*,*,#12670,.F.);
#12670 = EDGE_CURVE('',#12671,#12661,#12673,.T.);
#12671 = VERTEX_POINT('',#12672);
#12672 = CARTESIAN_POINT('',(15.325,-16.2,-12.49));
#12673 = LINE('',#12674,#12675);
#12674 = CARTESIAN_POINT('',(15.325,-17.5,-12.49));
#12675 = VECTOR('',#12676,1.);
#12676 = DIRECTION('',(0.,-1.,0.));
#12677 = ORIENTED_EDGE('',*,*,#12678,.T.);
#12678 = EDGE_CURVE('',#12671,#12679,#12681,.T.);
#12679 = VERTEX_POINT('',#12680);
#12680 = CARTESIAN_POINT('',(15.325,-16.2,-9.));
#12681 = LINE('',#12682,#12683);
#12682 = CARTESIAN_POINT('',(15.325,-16.2,-12.51));
#12683 = VECTOR('',#12684,1.);
#12684 = DIRECTION('',(0.,0.,1.));
#12685 = ORIENTED_EDGE('',*,*,#12686,.T.);
#12686 = EDGE_CURVE('',#12679,#12663,#12687,.T.);
#12687 = LINE('',#12688,#12689);
#12688 = CARTESIAN_POINT('',(15.325,-8.75,-9.));
#12689 = VECTOR('',#12690,1.);
#12690 = DIRECTION('',(0.,-1.,0.));
#12691 = PLANE('',#12692);
#12692 = AXIS2_PLACEMENT_3D('',#12693,#12694,#12695);
#12693 = CARTESIAN_POINT('',(15.325,-17.5,-12.51));
#12694 = DIRECTION('',(1.,0.,-0.));
#12695 = DIRECTION('',(0.,0.,1.));
#12696 = ADVANCED_FACE('',(#12697),#12713,.F.);
#12697 = FACE_BOUND('',#12698,.F.);
#12698 = EDGE_LOOP('',(#12699,#12705,#12706,#12712));
#12699 = ORIENTED_EDGE('',*,*,#12700,.F.);
#12700 = EDGE_CURVE('',#12486,#12671,#12701,.T.);
#12701 = LINE('',#12702,#12703);
#12702 = CARTESIAN_POINT('',(13.875,-16.2,-12.49));
#12703 = VECTOR('',#12704,1.);
#12704 = DIRECTION('',(1.,0.,-0.));
#12705 = ORIENTED_EDGE('',*,*,#12493,.T.);
#12706 = ORIENTED_EDGE('',*,*,#12707,.F.);
#12707 = EDGE_CURVE('',#12679,#12494,#12708,.T.);
#12708 = LINE('',#12709,#12710);
#12709 = CARTESIAN_POINT('',(7.4875,-16.2,-9.));
#12710 = VECTOR('',#12711,1.);
#12711 = DIRECTION('',(-1.,-0.,0.));
#12712 = ORIENTED_EDGE('',*,*,#12678,.F.);
#12713 = PLANE('',#12714);
#12714 = AXIS2_PLACEMENT_3D('',#12715,#12716,#12717);
#12715 = CARTESIAN_POINT('',(14.975,-16.2,-24.92));
#12716 = DIRECTION('',(-0.,1.,0.));
#12717 = DIRECTION('',(0.,0.,1.));
#12718 = ADVANCED_FACE('',(#12719),#12730,.T.);
#12719 = FACE_BOUND('',#12720,.T.);
#12720 = EDGE_LOOP('',(#12721,#12722,#12728,#12729));
#12721 = ORIENTED_EDGE('',*,*,#12485,.T.);
#12722 = ORIENTED_EDGE('',*,*,#12723,.T.);
#12723 = EDGE_CURVE('',#12478,#12661,#12724,.T.);
#12724 = LINE('',#12725,#12726);
#12725 = CARTESIAN_POINT('',(13.875,-17.5,-12.49));
#12726 = VECTOR('',#12727,1.);
#12727 = DIRECTION('',(1.,0.,-0.));
#12728 = ORIENTED_EDGE('',*,*,#12670,.F.);
#12729 = ORIENTED_EDGE('',*,*,#12700,.F.);
#12730 = PLANE('',#12731);
#12731 = AXIS2_PLACEMENT_3D('',#12732,#12733,#12734);
#12732 = CARTESIAN_POINT('',(14.553333333333,-16.39666666666,-12.49));
#12733 = DIRECTION('',(0.,0.,1.));
#12734 = DIRECTION('',(1.,0.,-0.));
#12735 = ADVANCED_FACE('',(#12736),#12763,.F.);
#12736 = FACE_BOUND('',#12737,.T.);
#12737 = EDGE_LOOP('',(#12738,#12747,#12755,#12762));
#12738 = ORIENTED_EDGE('',*,*,#12739,.T.);
#12739 = EDGE_CURVE('',#12502,#12740,#12742,.T.);
#12740 = VERTEX_POINT('',#12741);
#12741 = CARTESIAN_POINT('',(9.875,-24.95,-9.));
#12742 = CIRCLE('',#12743,5.1);
#12743 = AXIS2_PLACEMENT_3D('',#12744,#12745,#12746);
#12744 = CARTESIAN_POINT('',(9.875,-19.85,-9.));
#12745 = DIRECTION('',(-0.,0.,-1.));
#12746 = DIRECTION('',(-6.96610525255E-16,-1.,0.));
#12747 = ORIENTED_EDGE('',*,*,#12748,.T.);
#12748 = EDGE_CURVE('',#12740,#12749,#12751,.T.);
#12749 = VERTEX_POINT('',#12750);
#12750 = CARTESIAN_POINT('',(9.875,-24.95,-7.8));
#12751 = LINE('',#12752,#12753);
#12752 = CARTESIAN_POINT('',(9.875,-24.95,-10.));
#12753 = VECTOR('',#12754,1.);
#12754 = DIRECTION('',(0.,0.,1.));
#12755 = ORIENTED_EDGE('',*,*,#12756,.F.);
#12756 = EDGE_CURVE('',#12510,#12749,#12757,.T.);
#12757 = CIRCLE('',#12758,5.1);
#12758 = AXIS2_PLACEMENT_3D('',#12759,#12760,#12761);
#12759 = CARTESIAN_POINT('',(9.875,-19.85,-7.8));
#12760 = DIRECTION('',(-0.,0.,-1.));
#12761 = DIRECTION('',(-6.96610525255E-16,-1.,0.));
#12762 = ORIENTED_EDGE('',*,*,#12509,.F.);
#12763 = CYLINDRICAL_SURFACE('',#12764,5.1);
#12764 = AXIS2_PLACEMENT_3D('',#12765,#12766,#12767);
#12765 = CARTESIAN_POINT('',(9.875,-19.85,-10.));
#12766 = DIRECTION('',(-0.,-0.,-1.));
#12767 = DIRECTION('',(-6.96610525255E-16,-1.,0.));
#12768 = ADVANCED_FACE('',(#12769),#12802,.T.);
#12769 = FACE_BOUND('',#12770,.T.);
#12770 = EDGE_LOOP('',(#12771,#12777,#12778,#12779,#12780,#12786,#12787,
    #12788,#12789,#12790,#12791,#12792,#12793,#12794,#12795,#12801));
#12771 = ORIENTED_EDGE('',*,*,#12772,.T.);
#12772 = EDGE_CURVE('',#3549,#3823,#12773,.T.);
#12773 = LINE('',#12774,#12775);
#12774 = CARTESIAN_POINT('',(7.2375,15.2,-7.8));
#12775 = VECTOR('',#12776,1.);
#12776 = DIRECTION('',(-1.,-0.,0.));
#12777 = ORIENTED_EDGE('',*,*,#3822,.T.);
#12778 = ORIENTED_EDGE('',*,*,#1126,.T.);
#12779 = ORIENTED_EDGE('',*,*,#12461,.T.);
#12780 = ORIENTED_EDGE('',*,*,#12781,.T.);
#12781 = EDGE_CURVE('',#12454,#7925,#12782,.T.);
#12782 = LINE('',#12783,#12784);
#12783 = CARTESIAN_POINT('',(9.116607447171,15.2,-12.5));
#12784 = VECTOR('',#12785,1.);
#12785 = DIRECTION('',(-1.,0.,0.));
#12786 = ORIENTED_EDGE('',*,*,#7932,.T.);
#12787 = ORIENTED_EDGE('',*,*,#7294,.T.);
#12788 = ORIENTED_EDGE('',*,*,#8114,.F.);
#12789 = ORIENTED_EDGE('',*,*,#6587,.T.);
#12790 = ORIENTED_EDGE('',*,*,#6529,.T.);
#12791 = ORIENTED_EDGE('',*,*,#11460,.T.);
#12792 = ORIENTED_EDGE('',*,*,#10611,.F.);
#12793 = ORIENTED_EDGE('',*,*,#10547,.T.);
#12794 = ORIENTED_EDGE('',*,*,#10288,.T.);
#12795 = ORIENTED_EDGE('',*,*,#12796,.F.);
#12796 = EDGE_CURVE('',#3541,#10291,#12797,.T.);
#12797 = LINE('',#12798,#12799);
#12798 = CARTESIAN_POINT('',(7.2375,15.2,-9.));
#12799 = VECTOR('',#12800,1.);
#12800 = DIRECTION('',(-1.,-0.,0.));
#12801 = ORIENTED_EDGE('',*,*,#3548,.T.);
#12802 = PLANE('',#12803);
#12803 = AXIS2_PLACEMENT_3D('',#12804,#12805,#12806);
#12804 = CARTESIAN_POINT('',(18.226689431606,15.2,-15.39994349963));
#12805 = DIRECTION('',(-0.,-1.,-0.));
#12806 = DIRECTION('',(0.,0.,-1.));
#12807 = ADVANCED_FACE('',(#12808),#12906,.T.);
#12808 = FACE_BOUND('',#12809,.T.);
#12809 = EDGE_LOOP('',(#12810,#12818,#12819,#12820,#12821,#12829,#12837,
    #12845,#12853,#12859,#12860,#12866,#12867,#12873,#12874,#12880,
    #12881,#12882,#12883,#12889,#12890,#12891,#12892,#12900));
#12810 = ORIENTED_EDGE('',*,*,#12811,.F.);
#12811 = EDGE_CURVE('',#653,#12812,#12814,.T.);
#12812 = VERTEX_POINT('',#12813);
#12813 = CARTESIAN_POINT('',(-9.875,-24.95,-7.8));
#12814 = LINE('',#12815,#12816);
#12815 = CARTESIAN_POINT('',(-4.9375,-24.95,-7.8));
#12816 = VECTOR('',#12817,1.);
#12817 = DIRECTION('',(-1.,0.,0.));
#12818 = ORIENTED_EDGE('',*,*,#660,.T.);
#12819 = ORIENTED_EDGE('',*,*,#5665,.T.);
#12820 = ORIENTED_EDGE('',*,*,#279,.F.);
#12821 = ORIENTED_EDGE('',*,*,#12822,.F.);
#12822 = EDGE_CURVE('',#12823,#272,#12825,.T.);
#12823 = VERTEX_POINT('',#12824);
#12824 = CARTESIAN_POINT('',(4.5,-24.95,-7.8));
#12825 = LINE('',#12826,#12827);
#12826 = CARTESIAN_POINT('',(-4.9375,-24.95,-7.8));
#12827 = VECTOR('',#12828,1.);
#12828 = DIRECTION('',(-1.,0.,0.));
#12829 = ORIENTED_EDGE('',*,*,#12830,.T.);
#12830 = EDGE_CURVE('',#12823,#12831,#12833,.T.);
#12831 = VERTEX_POINT('',#12832);
#12832 = CARTESIAN_POINT('',(4.5,-24.95,-7.79));
#12833 = LINE('',#12834,#12835);
#12834 = CARTESIAN_POINT('',(4.5,-24.95,-13.5));
#12835 = VECTOR('',#12836,1.);
#12836 = DIRECTION('',(0.,0.,1.));
#12837 = ORIENTED_EDGE('',*,*,#12838,.T.);
#12838 = EDGE_CURVE('',#12831,#12839,#12841,.T.);
#12839 = VERTEX_POINT('',#12840);
#12840 = CARTESIAN_POINT('',(7.,-24.95,-7.79));
#12841 = LINE('',#12842,#12843);
#12842 = CARTESIAN_POINT('',(4.5,-24.95,-7.79));
#12843 = VECTOR('',#12844,1.);
#12844 = DIRECTION('',(1.,0.,-0.));
#12845 = ORIENTED_EDGE('',*,*,#12846,.F.);
#12846 = EDGE_CURVE('',#12847,#12839,#12849,.T.);
#12847 = VERTEX_POINT('',#12848);
#12848 = CARTESIAN_POINT('',(7.,-24.95,-7.8));
#12849 = LINE('',#12850,#12851);
#12850 = CARTESIAN_POINT('',(7.,-24.95,-13.5));
#12851 = VECTOR('',#12852,1.);
#12852 = DIRECTION('',(0.,0.,1.));
#12853 = ORIENTED_EDGE('',*,*,#12854,.F.);
#12854 = EDGE_CURVE('',#12749,#12847,#12855,.T.);
#12855 = LINE('',#12856,#12857);
#12856 = CARTESIAN_POINT('',(-4.9375,-24.95,-7.8));
#12857 = VECTOR('',#12858,1.);
#12858 = DIRECTION('',(-1.,0.,0.));
#12859 = ORIENTED_EDGE('',*,*,#12748,.F.);
#12860 = ORIENTED_EDGE('',*,*,#12861,.T.);
#12861 = EDGE_CURVE('',#12740,#9006,#12862,.T.);
#12862 = LINE('',#12863,#12864);
#12863 = CARTESIAN_POINT('',(-4.9375,-24.95,-9.));
#12864 = VECTOR('',#12865,1.);
#12865 = DIRECTION('',(-1.,0.,0.));
#12866 = ORIENTED_EDGE('',*,*,#9005,.F.);
#12867 = ORIENTED_EDGE('',*,*,#12868,.F.);
#12868 = EDGE_CURVE('',#9067,#8998,#12869,.T.);
#12869 = LINE('',#12870,#12871);
#12870 = CARTESIAN_POINT('',(-9.875,-24.95,-12.5));
#12871 = VECTOR('',#12872,1.);
#12872 = DIRECTION('',(1.,0.,0.));
#12873 = ORIENTED_EDGE('',*,*,#9066,.T.);
#12874 = ORIENTED_EDGE('',*,*,#12875,.T.);
#12875 = EDGE_CURVE('',#9059,#9115,#12876,.T.);
#12876 = LINE('',#12877,#12878);
#12877 = CARTESIAN_POINT('',(-4.9375,-24.95,-9.));
#12878 = VECTOR('',#12879,1.);
#12879 = DIRECTION('',(-1.,0.,0.));
#12880 = ORIENTED_EDGE('',*,*,#9114,.F.);
#12881 = ORIENTED_EDGE('',*,*,#9412,.F.);
#12882 = ORIENTED_EDGE('',*,*,#9208,.F.);
#12883 = ORIENTED_EDGE('',*,*,#12884,.F.);
#12884 = EDGE_CURVE('',#9294,#9201,#12885,.T.);
#12885 = LINE('',#12886,#12887);
#12886 = CARTESIAN_POINT('',(-9.875,-24.95,-12.5));
#12887 = VECTOR('',#12888,1.);
#12888 = DIRECTION('',(1.,0.,0.));
#12889 = ORIENTED_EDGE('',*,*,#9293,.F.);
#12890 = ORIENTED_EDGE('',*,*,#9478,.F.);
#12891 = ORIENTED_EDGE('',*,*,#9378,.T.);
#12892 = ORIENTED_EDGE('',*,*,#12893,.T.);
#12893 = EDGE_CURVE('',#9379,#12894,#12896,.T.);
#12894 = VERTEX_POINT('',#12895);
#12895 = CARTESIAN_POINT('',(-9.875,-24.95,-9.));
#12896 = LINE('',#12897,#12898);
#12897 = CARTESIAN_POINT('',(-4.9375,-24.95,-9.));
#12898 = VECTOR('',#12899,1.);
#12899 = DIRECTION('',(-1.,0.,0.));
#12900 = ORIENTED_EDGE('',*,*,#12901,.T.);
#12901 = EDGE_CURVE('',#12894,#12812,#12902,.T.);
#12902 = LINE('',#12903,#12904);
#12903 = CARTESIAN_POINT('',(-9.875,-24.95,-10.));
#12904 = VECTOR('',#12905,1.);
#12905 = DIRECTION('',(0.,0.,1.));
#12906 = PLANE('',#12907);
#12907 = AXIS2_PLACEMENT_3D('',#12908,#12909,#12910);
#12908 = CARTESIAN_POINT('',(-9.569722514928E-02,-24.95,-9.355756937127)
  );
#12909 = DIRECTION('',(0.,1.,0.));
#12910 = DIRECTION('',(0.,-0.,1.));
#12911 = ADVANCED_FACE('',(#12912),#12937,.T.);
#12912 = FACE_BOUND('',#12913,.T.);
#12913 = EDGE_LOOP('',(#12914,#12924,#12930,#12931));
#12914 = ORIENTED_EDGE('',*,*,#12915,.F.);
#12915 = EDGE_CURVE('',#12916,#12918,#12920,.T.);
#12916 = VERTEX_POINT('',#12917);
#12917 = CARTESIAN_POINT('',(7.,-25.75,-7.8));
#12918 = VERTEX_POINT('',#12919);
#12919 = CARTESIAN_POINT('',(7.,-25.75,-7.79));
#12920 = LINE('',#12921,#12922);
#12921 = CARTESIAN_POINT('',(7.,-25.75,-13.5));
#12922 = VECTOR('',#12923,1.);
#12923 = DIRECTION('',(0.,0.,1.));
#12924 = ORIENTED_EDGE('',*,*,#12925,.F.);
#12925 = EDGE_CURVE('',#12847,#12916,#12926,.T.);
#12926 = LINE('',#12927,#12928);
#12927 = CARTESIAN_POINT('',(7.,-12.875,-7.8));
#12928 = VECTOR('',#12929,1.);
#12929 = DIRECTION('',(0.,-1.,0.));
#12930 = ORIENTED_EDGE('',*,*,#12846,.T.);
#12931 = ORIENTED_EDGE('',*,*,#12932,.F.);
#12932 = EDGE_CURVE('',#12918,#12839,#12933,.T.);
#12933 = LINE('',#12934,#12935);
#12934 = CARTESIAN_POINT('',(7.,-25.75,-7.79));
#12935 = VECTOR('',#12936,1.);
#12936 = DIRECTION('',(-0.,1.,0.));
#12937 = PLANE('',#12938);
#12938 = AXIS2_PLACEMENT_3D('',#12939,#12940,#12941);
#12939 = CARTESIAN_POINT('',(7.,-25.75,-13.5));
#12940 = DIRECTION('',(1.,0.,-0.));
#12941 = DIRECTION('',(0.,0.,1.));
#12942 = ADVANCED_FACE('',(#12943),#12968,.F.);
#12943 = FACE_BOUND('',#12944,.F.);
#12944 = EDGE_LOOP('',(#12945,#12953,#12961,#12967));
#12945 = ORIENTED_EDGE('',*,*,#12946,.F.);
#12946 = EDGE_CURVE('',#12947,#12916,#12949,.T.);
#12947 = VERTEX_POINT('',#12948);
#12948 = CARTESIAN_POINT('',(4.5,-25.75,-7.8));
#12949 = LINE('',#12950,#12951);
#12950 = CARTESIAN_POINT('',(2.25,-25.75,-7.8));
#12951 = VECTOR('',#12952,1.);
#12952 = DIRECTION('',(1.,0.,-0.));
#12953 = ORIENTED_EDGE('',*,*,#12954,.T.);
#12954 = EDGE_CURVE('',#12947,#12955,#12957,.T.);
#12955 = VERTEX_POINT('',#12956);
#12956 = CARTESIAN_POINT('',(4.5,-25.75,-7.79));
#12957 = LINE('',#12958,#12959);
#12958 = CARTESIAN_POINT('',(4.5,-25.75,-13.5));
#12959 = VECTOR('',#12960,1.);
#12960 = DIRECTION('',(0.,0.,1.));
#12961 = ORIENTED_EDGE('',*,*,#12962,.T.);
#12962 = EDGE_CURVE('',#12955,#12918,#12963,.T.);
#12963 = LINE('',#12964,#12965);
#12964 = CARTESIAN_POINT('',(4.5,-25.75,-7.79));
#12965 = VECTOR('',#12966,1.);
#12966 = DIRECTION('',(1.,0.,-0.));
#12967 = ORIENTED_EDGE('',*,*,#12915,.F.);
#12968 = PLANE('',#12969);
#12969 = AXIS2_PLACEMENT_3D('',#12970,#12971,#12972);
#12970 = CARTESIAN_POINT('',(4.5,-25.75,-13.5));
#12971 = DIRECTION('',(-0.,1.,0.));
#12972 = DIRECTION('',(0.,0.,1.));
#12973 = ADVANCED_FACE('',(#12974),#12990,.F.);
#12974 = FACE_BOUND('',#12975,.F.);
#12975 = EDGE_LOOP('',(#12976,#12977,#12983,#12984));
#12976 = ORIENTED_EDGE('',*,*,#12954,.F.);
#12977 = ORIENTED_EDGE('',*,*,#12978,.F.);
#12978 = EDGE_CURVE('',#12823,#12947,#12979,.T.);
#12979 = LINE('',#12980,#12981);
#12980 = CARTESIAN_POINT('',(4.5,-12.875,-7.8));
#12981 = VECTOR('',#12982,1.);
#12982 = DIRECTION('',(0.,-1.,0.));
#12983 = ORIENTED_EDGE('',*,*,#12830,.T.);
#12984 = ORIENTED_EDGE('',*,*,#12985,.F.);
#12985 = EDGE_CURVE('',#12955,#12831,#12986,.T.);
#12986 = LINE('',#12987,#12988);
#12987 = CARTESIAN_POINT('',(4.5,-25.75,-7.79));
#12988 = VECTOR('',#12989,1.);
#12989 = DIRECTION('',(-0.,1.,0.));
#12990 = PLANE('',#12991);
#12991 = AXIS2_PLACEMENT_3D('',#12992,#12993,#12994);
#12992 = CARTESIAN_POINT('',(4.5,-25.75,-13.5));
#12993 = DIRECTION('',(1.,0.,-0.));
#12994 = DIRECTION('',(0.,0.,1.));
#12995 = ADVANCED_FACE('',(#12996),#13002,.T.);
#12996 = FACE_BOUND('',#12997,.T.);
#12997 = EDGE_LOOP('',(#12998,#12999,#13000,#13001));
#12998 = ORIENTED_EDGE('',*,*,#12985,.F.);
#12999 = ORIENTED_EDGE('',*,*,#12962,.T.);
#13000 = ORIENTED_EDGE('',*,*,#12932,.T.);
#13001 = ORIENTED_EDGE('',*,*,#12838,.F.);
#13002 = PLANE('',#13003);
#13003 = AXIS2_PLACEMENT_3D('',#13004,#13005,#13006);
#13004 = CARTESIAN_POINT('',(4.5,-25.75,-7.79));
#13005 = DIRECTION('',(0.,0.,1.));
#13006 = DIRECTION('',(1.,0.,-0.));
#13007 = ADVANCED_FACE('',(#13008),#13035,.F.);
#13008 = FACE_BOUND('',#13009,.T.);
#13009 = EDGE_LOOP('',(#13010,#13019,#13027,#13034));
#13010 = ORIENTED_EDGE('',*,*,#13011,.T.);
#13011 = EDGE_CURVE('',#12894,#13012,#13014,.T.);
#13012 = VERTEX_POINT('',#13013);
#13013 = CARTESIAN_POINT('',(-14.975,-19.85,-9.));
#13014 = CIRCLE('',#13015,5.1);
#13015 = AXIS2_PLACEMENT_3D('',#13016,#13017,#13018);
#13016 = CARTESIAN_POINT('',(-9.875,-19.85,-9.));
#13017 = DIRECTION('',(-0.,0.,-1.));
#13018 = DIRECTION('',(-1.,6.96610525255E-16,0.));
#13019 = ORIENTED_EDGE('',*,*,#13020,.T.);
#13020 = EDGE_CURVE('',#13012,#13021,#13023,.T.);
#13021 = VERTEX_POINT('',#13022);
#13022 = CARTESIAN_POINT('',(-14.975,-19.85,-7.8));
#13023 = LINE('',#13024,#13025);
#13024 = CARTESIAN_POINT('',(-14.975,-19.85,-10.));
#13025 = VECTOR('',#13026,1.);
#13026 = DIRECTION('',(0.,0.,1.));
#13027 = ORIENTED_EDGE('',*,*,#13028,.F.);
#13028 = EDGE_CURVE('',#12812,#13021,#13029,.T.);
#13029 = CIRCLE('',#13030,5.1);
#13030 = AXIS2_PLACEMENT_3D('',#13031,#13032,#13033);
#13031 = CARTESIAN_POINT('',(-9.875,-19.85,-7.8));
#13032 = DIRECTION('',(-0.,0.,-1.));
#13033 = DIRECTION('',(-1.,6.96610525255E-16,0.));
#13034 = ORIENTED_EDGE('',*,*,#12901,.F.);
#13035 = CYLINDRICAL_SURFACE('',#13036,5.1);
#13036 = AXIS2_PLACEMENT_3D('',#13037,#13038,#13039);
#13037 = CARTESIAN_POINT('',(-9.875,-19.85,-10.));
#13038 = DIRECTION('',(-0.,-0.,-1.));
#13039 = DIRECTION('',(-1.,6.96610525255E-16,0.));
#13040 = ADVANCED_FACE('',(#13041),#13084,.T.);
#13041 = FACE_BOUND('',#13042,.T.);
#13042 = EDGE_LOOP('',(#13043,#13044,#13050,#13051,#13057,#13058,#13064,
    #13065,#13071,#13072,#13078,#13079,#13080,#13081,#13082,#13083));
#13043 = ORIENTED_EDGE('',*,*,#3760,.F.);
#13044 = ORIENTED_EDGE('',*,*,#13045,.F.);
#13045 = EDGE_CURVE('',#13021,#3746,#13046,.T.);
#13046 = LINE('',#13047,#13048);
#13047 = CARTESIAN_POINT('',(-14.975,9.925,-7.8));
#13048 = VECTOR('',#13049,1.);
#13049 = DIRECTION('',(-0.,1.,0.));
#13050 = ORIENTED_EDGE('',*,*,#13020,.F.);
#13051 = ORIENTED_EDGE('',*,*,#13052,.T.);
#13052 = EDGE_CURVE('',#13012,#8408,#13053,.T.);
#13053 = LINE('',#13054,#13055);
#13054 = CARTESIAN_POINT('',(-14.975,9.925,-9.));
#13055 = VECTOR('',#13056,1.);
#13056 = DIRECTION('',(-0.,1.,0.));
#13057 = ORIENTED_EDGE('',*,*,#8405,.F.);
#13058 = ORIENTED_EDGE('',*,*,#13059,.F.);
#13059 = EDGE_CURVE('',#8484,#8406,#13060,.T.);
#13060 = LINE('',#13061,#13062);
#13061 = CARTESIAN_POINT('',(-14.975,19.85,-12.5));
#13062 = VECTOR('',#13063,1.);
#13063 = DIRECTION('',(0.,-1.,0.));
#13064 = ORIENTED_EDGE('',*,*,#8483,.T.);
#13065 = ORIENTED_EDGE('',*,*,#13066,.T.);
#13066 = EDGE_CURVE('',#8486,#12252,#13067,.T.);
#13067 = LINE('',#13068,#13069);
#13068 = CARTESIAN_POINT('',(-14.975,9.925,-9.));
#13069 = VECTOR('',#13070,1.);
#13070 = DIRECTION('',(-0.,1.,0.));
#13071 = ORIENTED_EDGE('',*,*,#12270,.T.);
#13072 = ORIENTED_EDGE('',*,*,#13073,.F.);
#13073 = EDGE_CURVE('',#3799,#12262,#13074,.T.);
#13074 = LINE('',#13075,#13076);
#13075 = CARTESIAN_POINT('',(-14.975,9.925,-7.8));
#13076 = VECTOR('',#13077,1.);
#13077 = DIRECTION('',(-0.,1.,0.));
#13078 = ORIENTED_EDGE('',*,*,#3808,.T.);
#13079 = ORIENTED_EDGE('',*,*,#1216,.F.);
#13080 = ORIENTED_EDGE('',*,*,#5982,.T.);
#13081 = ORIENTED_EDGE('',*,*,#4904,.F.);
#13082 = ORIENTED_EDGE('',*,*,#5958,.F.);
#13083 = ORIENTED_EDGE('',*,*,#1248,.F.);
#13084 = PLANE('',#13085);
#13085 = AXIS2_PLACEMENT_3D('',#13086,#13087,#13088);
#13086 = CARTESIAN_POINT('',(-14.975,0.312416555407,-6.828170894526));
#13087 = DIRECTION('',(1.,0.,0.));
#13088 = DIRECTION('',(-0.,0.,1.));
#13089 = ADVANCED_FACE('',(#13090),#13112,.T.);
#13090 = FACE_BOUND('',#13091,.T.);
#13091 = EDGE_LOOP('',(#13092,#13093,#13094,#13095,#13096,#13102,#13103,
    #13104,#13105,#13111));
#13092 = ORIENTED_EDGE('',*,*,#8390,.T.);
#13093 = ORIENTED_EDGE('',*,*,#8233,.F.);
#13094 = ORIENTED_EDGE('',*,*,#11524,.T.);
#13095 = ORIENTED_EDGE('',*,*,#12002,.F.);
#13096 = ORIENTED_EDGE('',*,*,#13097,.T.);
#13097 = EDGE_CURVE('',#11994,#8647,#13098,.T.);
#13098 = LINE('',#13099,#13100);
#13099 = CARTESIAN_POINT('',(-7.9375,-17.5,-12.5));
#13100 = VECTOR('',#13101,1.);
#13101 = DIRECTION('',(-1.,-0.,0.));
#13102 = ORIENTED_EDGE('',*,*,#8663,.T.);
#13103 = ORIENTED_EDGE('',*,*,#8679,.F.);
#13104 = ORIENTED_EDGE('',*,*,#8357,.T.);
#13105 = ORIENTED_EDGE('',*,*,#13106,.F.);
#13106 = EDGE_CURVE('',#8266,#8360,#13107,.T.);
#13107 = LINE('',#13108,#13109);
#13108 = CARTESIAN_POINT('',(-8.1,-17.5,-9.));
#13109 = VECTOR('',#13110,1.);
#13110 = DIRECTION('',(1.,0.,-0.));
#13111 = ORIENTED_EDGE('',*,*,#8289,.F.);
#13112 = PLANE('',#13113);
#13113 = AXIS2_PLACEMENT_3D('',#13114,#13115,#13116);
#13114 = CARTESIAN_POINT('',(-15.06480875505,-17.5,-12.5374464696));
#13115 = DIRECTION('',(-0.,-1.,-0.));
#13116 = DIRECTION('',(0.,0.,-1.));
#13117 = ADVANCED_FACE('',(#13118),#13140,.T.);
#13118 = FACE_BOUND('',#13119,.T.);
#13119 = EDGE_LOOP('',(#13120,#13126,#13127,#13128,#13129,#13135,#13136,
    #13137,#13138,#13139));
#13120 = ORIENTED_EDGE('',*,*,#13121,.F.);
#13121 = EDGE_CURVE('',#12663,#7887,#13122,.T.);
#13122 = LINE('',#13123,#13124);
#13123 = CARTESIAN_POINT('',(7.6625,-17.5,-9.));
#13124 = VECTOR('',#13125,1.);
#13125 = DIRECTION('',(1.,0.,-0.));
#13126 = ORIENTED_EDGE('',*,*,#12660,.F.);
#13127 = ORIENTED_EDGE('',*,*,#12723,.F.);
#13128 = ORIENTED_EDGE('',*,*,#12477,.T.);
#13129 = ORIENTED_EDGE('',*,*,#13130,.T.);
#13130 = EDGE_CURVE('',#12470,#11867,#13131,.T.);
#13131 = LINE('',#13132,#13133);
#13132 = CARTESIAN_POINT('',(3.7625,-17.5,-12.5));
#13133 = VECTOR('',#13134,1.);
#13134 = DIRECTION('',(-1.,-0.,0.));
#13135 = ORIENTED_EDGE('',*,*,#11866,.T.);
#13136 = ORIENTED_EDGE('',*,*,#11569,.T.);
#13137 = ORIENTED_EDGE('',*,*,#8813,.F.);
#13138 = ORIENTED_EDGE('',*,*,#8837,.T.);
#13139 = ORIENTED_EDGE('',*,*,#7884,.T.);
#13140 = PLANE('',#13141);
#13141 = AXIS2_PLACEMENT_3D('',#13142,#13143,#13144);
#13142 = CARTESIAN_POINT('',(15.064808755058,-17.5,-12.5374464696));
#13143 = DIRECTION('',(-0.,-1.,-0.));
#13144 = DIRECTION('',(0.,0.,-1.));
#13145 = ADVANCED_FACE('',(#13146),#13168,.T.);
#13146 = FACE_BOUND('',#13147,.T.);
#13147 = EDGE_LOOP('',(#13148,#13149,#13150,#13151,#13157,#13158,#13159,
    #13160,#13161,#13162));
#13148 = ORIENTED_EDGE('',*,*,#8624,.F.);
#13149 = ORIENTED_EDGE('',*,*,#8711,.T.);
#13150 = ORIENTED_EDGE('',*,*,#8735,.F.);
#13151 = ORIENTED_EDGE('',*,*,#13152,.F.);
#13152 = EDGE_CURVE('',#11667,#8736,#13153,.T.);
#13153 = LINE('',#13154,#13155);
#13154 = CARTESIAN_POINT('',(-7.9375,17.5,-12.5));
#13155 = VECTOR('',#13156,1.);
#13156 = DIRECTION('',(-1.,-0.,0.));
#13157 = ORIENTED_EDGE('',*,*,#11666,.T.);
#13158 = ORIENTED_EDGE('',*,*,#9569,.F.);
#13159 = ORIENTED_EDGE('',*,*,#8153,.T.);
#13160 = ORIENTED_EDGE('',*,*,#8694,.F.);
#13161 = ORIENTED_EDGE('',*,*,#8531,.T.);
#13162 = ORIENTED_EDGE('',*,*,#13163,.T.);
#13163 = EDGE_CURVE('',#8522,#8625,#13164,.T.);
#13164 = LINE('',#13165,#13166);
#13165 = CARTESIAN_POINT('',(-8.1,17.5,-9.));
#13166 = VECTOR('',#13167,1.);
#13167 = DIRECTION('',(1.,0.,-0.));
#13168 = PLANE('',#13169);
#13169 = AXIS2_PLACEMENT_3D('',#13170,#13171,#13172);
#13170 = CARTESIAN_POINT('',(-15.06480875505,17.5,-12.5374464696));
#13171 = DIRECTION('',(0.,1.,0.));
#13172 = DIRECTION('',(0.,-0.,1.));
#13173 = ADVANCED_FACE('',(#13174),#13196,.T.);
#13174 = FACE_BOUND('',#13175,.T.);
#13175 = EDGE_LOOP('',(#13176,#13177,#13178,#13179,#13180,#13181,#13187,
    #13188,#13189,#13190));
#13176 = ORIENTED_EDGE('',*,*,#10516,.F.);
#13177 = ORIENTED_EDGE('',*,*,#10738,.F.);
#13178 = ORIENTED_EDGE('',*,*,#10872,.T.);
#13179 = ORIENTED_EDGE('',*,*,#9667,.F.);
#13180 = ORIENTED_EDGE('',*,*,#11732,.F.);
#13181 = ORIENTED_EDGE('',*,*,#13182,.F.);
#13182 = EDGE_CURVE('',#12446,#11724,#13183,.T.);
#13183 = LINE('',#13184,#13185);
#13184 = CARTESIAN_POINT('',(3.7625,17.5,-12.5));
#13185 = VECTOR('',#13186,1.);
#13186 = DIRECTION('',(-1.,-0.,0.));
#13187 = ORIENTED_EDGE('',*,*,#12445,.F.);
#13188 = ORIENTED_EDGE('',*,*,#12646,.T.);
#13189 = ORIENTED_EDGE('',*,*,#12565,.T.);
#13190 = ORIENTED_EDGE('',*,*,#13191,.T.);
#13191 = EDGE_CURVE('',#12566,#10517,#13192,.T.);
#13192 = LINE('',#13193,#13194);
#13193 = CARTESIAN_POINT('',(7.6625,17.5,-9.));
#13194 = VECTOR('',#13195,1.);
#13195 = DIRECTION('',(1.,0.,-0.));
#13196 = PLANE('',#13197);
#13197 = AXIS2_PLACEMENT_3D('',#13198,#13199,#13200);
#13198 = CARTESIAN_POINT('',(15.064808755058,17.5,-12.5374464696));
#13199 = DIRECTION('',(0.,1.,0.));
#13200 = DIRECTION('',(0.,-0.,1.));
#13201 = ADVANCED_FACE('',(#13202),#13218,.T.);
#13202 = FACE_BOUND('',#13203,.T.);
#13203 = EDGE_LOOP('',(#13204,#13205,#13206,#13207,#13208,#13209,#13210,
    #13211,#13212,#13213,#13214,#13215,#13216,#13217));
#13204 = ORIENTED_EDGE('',*,*,#6752,.F.);
#13205 = ORIENTED_EDGE('',*,*,#6846,.T.);
#13206 = ORIENTED_EDGE('',*,*,#9612,.F.);
#13207 = ORIENTED_EDGE('',*,*,#11657,.T.);
#13208 = ORIENTED_EDGE('',*,*,#11689,.T.);
#13209 = ORIENTED_EDGE('',*,*,#11740,.T.);
#13210 = ORIENTED_EDGE('',*,*,#9643,.T.);
#13211 = ORIENTED_EDGE('',*,*,#6800,.T.);
#13212 = ORIENTED_EDGE('',*,*,#7043,.F.);
#13213 = ORIENTED_EDGE('',*,*,#12124,.T.);
#13214 = ORIENTED_EDGE('',*,*,#7166,.F.);
#13215 = ORIENTED_EDGE('',*,*,#6832,.T.);
#13216 = ORIENTED_EDGE('',*,*,#6642,.F.);
#13217 = ORIENTED_EDGE('',*,*,#12108,.T.);
#13218 = PLANE('',#13219);
#13219 = AXIS2_PLACEMENT_3D('',#13220,#13221,#13222);
#13220 = CARTESIAN_POINT('',(-3.025998198605E-04,24.270191144962,-12.5)
  );
#13221 = DIRECTION('',(0.,-2.241575748559E-15,1.));
#13222 = DIRECTION('',(0.,1.,2.241575748559E-15));
#13223 = ADVANCED_FACE('',(#13224),#13236,.T.);
#13224 = FACE_BOUND('',#13225,.T.);
#13225 = EDGE_LOOP('',(#13226,#13227,#13228,#13229,#13230,#13231,#13232,
    #13233,#13234,#13235));
#13226 = ORIENTED_EDGE('',*,*,#13130,.F.);
#13227 = ORIENTED_EDGE('',*,*,#12469,.T.);
#13228 = ORIENTED_EDGE('',*,*,#12368,.F.);
#13229 = ORIENTED_EDGE('',*,*,#7924,.T.);
#13230 = ORIENTED_EDGE('',*,*,#12781,.F.);
#13231 = ORIENTED_EDGE('',*,*,#12453,.T.);
#13232 = ORIENTED_EDGE('',*,*,#13182,.T.);
#13233 = ORIENTED_EDGE('',*,*,#11723,.T.);
#13234 = ORIENTED_EDGE('',*,*,#11892,.T.);
#13235 = ORIENTED_EDGE('',*,*,#11874,.T.);
#13236 = PLANE('',#13237);
#13237 = AXIS2_PLACEMENT_3D('',#13238,#13239,#13240);
#13238 = CARTESIAN_POINT('',(14.282913363241,2.727351535335E-15,-12.5));
#13239 = DIRECTION('',(-2.814882619289E-15,0.,1.));
#13240 = DIRECTION('',(1.,0.,2.814882619289E-15));
#13241 = ADVANCED_FACE('',(#13242),#13258,.T.);
#13242 = FACE_BOUND('',#13243,.T.);
#13243 = EDGE_LOOP('',(#13244,#13245,#13246,#13247,#13248,#13249,#13250,
    #13251,#13252,#13253,#13254,#13255,#13256,#13257));
#13244 = ORIENTED_EDGE('',*,*,#8646,.T.);
#13245 = ORIENTED_EDGE('',*,*,#13097,.F.);
#13246 = ORIENTED_EDGE('',*,*,#11993,.T.);
#13247 = ORIENTED_EDGE('',*,*,#12028,.T.);
#13248 = ORIENTED_EDGE('',*,*,#11674,.T.);
#13249 = ORIENTED_EDGE('',*,*,#13152,.T.);
#13250 = ORIENTED_EDGE('',*,*,#8745,.T.);
#13251 = ORIENTED_EDGE('',*,*,#8593,.F.);
#13252 = ORIENTED_EDGE('',*,*,#8177,.T.);
#13253 = ORIENTED_EDGE('',*,*,#8493,.F.);
#13254 = ORIENTED_EDGE('',*,*,#13059,.T.);
#13255 = ORIENTED_EDGE('',*,*,#8438,.F.);
#13256 = ORIENTED_EDGE('',*,*,#8209,.T.);
#13257 = ORIENTED_EDGE('',*,*,#8329,.F.);
#13258 = PLANE('',#13259);
#13259 = AXIS2_PLACEMENT_3D('',#13260,#13261,#13262);
#13260 = CARTESIAN_POINT('',(-14.30039074803,-8.886221951867E-03,-12.5)
  );
#13261 = DIRECTION('',(2.736357918763E-15,0.,1.));
#13262 = DIRECTION('',(1.,0.,-2.736357918763E-15));
#13263 = ADVANCED_FACE('',(#13264),#13280,.T.);
#13264 = FACE_BOUND('',#13265,.T.);
#13265 = EDGE_LOOP('',(#13266,#13267,#13268,#13269,#13270,#13271,#13272,
    #13273,#13274,#13275,#13276,#13277,#13278,#13279));
#13266 = ORIENTED_EDGE('',*,*,#9074,.F.);
#13267 = ORIENTED_EDGE('',*,*,#12868,.T.);
#13268 = ORIENTED_EDGE('',*,*,#8997,.F.);
#13269 = ORIENTED_EDGE('',*,*,#8942,.T.);
#13270 = ORIENTED_EDGE('',*,*,#11602,.T.);
#13271 = ORIENTED_EDGE('',*,*,#11857,.T.);
#13272 = ORIENTED_EDGE('',*,*,#21,.T.);
#13273 = ORIENTED_EDGE('',*,*,#12010,.T.);
#13274 = ORIENTED_EDGE('',*,*,#11626,.F.);
#13275 = ORIENTED_EDGE('',*,*,#8878,.T.);
#13276 = ORIENTED_EDGE('',*,*,#9301,.F.);
#13277 = ORIENTED_EDGE('',*,*,#12884,.T.);
#13278 = ORIENTED_EDGE('',*,*,#9200,.F.);
#13279 = ORIENTED_EDGE('',*,*,#8910,.T.);
#13280 = PLANE('',#13281);
#13281 = AXIS2_PLACEMENT_3D('',#13282,#13283,#13284);
#13282 = CARTESIAN_POINT('',(3.025998198611E-04,-24.27019114496,-12.5));
#13283 = DIRECTION('',(0.,2.241575748559E-15,1.));
#13284 = DIRECTION('',(0.,1.,-2.241575748559E-15));
#13285 = ADVANCED_FACE('',(#13286),#13296,.T.);
#13286 = FACE_BOUND('',#13287,.T.);
#13287 = EDGE_LOOP('',(#13288,#13289,#13290,#13291,#13292,#13293,#13294,
    #13295));
#13288 = ORIENTED_EDGE('',*,*,#985,.F.);
#13289 = ORIENTED_EDGE('',*,*,#5827,.T.);
#13290 = ORIENTED_EDGE('',*,*,#4544,.F.);
#13291 = ORIENTED_EDGE('',*,*,#6120,.T.);
#13292 = ORIENTED_EDGE('',*,*,#11773,.F.);
#13293 = ORIENTED_EDGE('',*,*,#10807,.F.);
#13294 = ORIENTED_EDGE('',*,*,#10832,.F.);
#13295 = ORIENTED_EDGE('',*,*,#5804,.T.);
#13296 = PLANE('',#13297);
#13297 = AXIS2_PLACEMENT_3D('',#13298,#13299,#13300);
#13298 = CARTESIAN_POINT('',(19.653240740741,-25.4,-5.053240740741));
#13299 = DIRECTION('',(0.,1.,0.));
#13300 = DIRECTION('',(0.,-0.,1.));
#13301 = ADVANCED_FACE('',(#13302),#13317,.T.);
#13302 = FACE_BOUND('',#13303,.T.);
#13303 = EDGE_LOOP('',(#13304,#13305,#13306,#13307,#13308,#13309,#13310,
    #13316));
#13304 = ORIENTED_EDGE('',*,*,#5903,.F.);
#13305 = ORIENTED_EDGE('',*,*,#11486,.F.);
#13306 = ORIENTED_EDGE('',*,*,#11502,.T.);
#13307 = ORIENTED_EDGE('',*,*,#11755,.F.);
#13308 = ORIENTED_EDGE('',*,*,#6087,.T.);
#13309 = ORIENTED_EDGE('',*,*,#4691,.F.);
#13310 = ORIENTED_EDGE('',*,*,#13311,.F.);
#13311 = EDGE_CURVE('',#701,#4683,#13312,.T.);
#13312 = LINE('',#13313,#13314);
#13313 = CARTESIAN_POINT('',(-14.65,-25.4,-6.51));
#13314 = VECTOR('',#13315,1.);
#13315 = DIRECTION('',(0.,0.,1.));
#13316 = ORIENTED_EDGE('',*,*,#700,.F.);
#13317 = PLANE('',#13318);
#13318 = AXIS2_PLACEMENT_3D('',#13319,#13320,#13321);
#13319 = CARTESIAN_POINT('',(-19.65324074074,-25.4,-5.053240740741));
#13320 = DIRECTION('',(0.,1.,0.));
#13321 = DIRECTION('',(0.,-0.,1.));
#13322 = ADVANCED_FACE('',(#13323),#13338,.T.);
#13323 = FACE_BOUND('',#13324,.T.);
#13324 = EDGE_LOOP('',(#13325,#13326,#13327,#13328,#13334,#13335,#13336,
    #13337));
#13325 = ORIENTED_EDGE('',*,*,#11820,.F.);
#13326 = ORIENTED_EDGE('',*,*,#9858,.T.);
#13327 = ORIENTED_EDGE('',*,*,#4946,.F.);
#13328 = ORIENTED_EDGE('',*,*,#13329,.F.);
#13329 = EDGE_CURVE('',#11366,#4947,#13330,.T.);
#13330 = LINE('',#13331,#13332);
#13331 = CARTESIAN_POINT('',(24.1625,-10.4,-5.));
#13332 = VECTOR('',#13333,1.);
#13333 = DIRECTION('',(0.,0.,1.));
#13334 = ORIENTED_EDGE('',*,*,#11365,.F.);
#13335 = ORIENTED_EDGE('',*,*,#5619,.F.);
#13336 = ORIENTED_EDGE('',*,*,#5556,.F.);
#13337 = ORIENTED_EDGE('',*,*,#11335,.T.);
#13338 = PLANE('',#13339);
#13339 = AXIS2_PLACEMENT_3D('',#13340,#13341,#13342);
#13340 = CARTESIAN_POINT('',(21.849864161303,-10.4,-12.61763583869));
#13341 = DIRECTION('',(0.,1.,0.));
#13342 = DIRECTION('',(0.,-0.,1.));
#13343 = ADVANCED_FACE('',(#13344),#13355,.T.);
#13344 = FACE_BOUND('',#13345,.T.);
#13345 = EDGE_LOOP('',(#13346,#13347,#13348,#13354));
#13346 = ORIENTED_EDGE('',*,*,#13329,.T.);
#13347 = ORIENTED_EDGE('',*,*,#4972,.T.);
#13348 = ORIENTED_EDGE('',*,*,#13349,.F.);
#13349 = EDGE_CURVE('',#11357,#4965,#13350,.T.);
#13350 = LINE('',#13351,#13352);
#13351 = CARTESIAN_POINT('',(24.1625,10.4,-5.));
#13352 = VECTOR('',#13353,1.);
#13353 = DIRECTION('',(0.,0.,1.));
#13354 = ORIENTED_EDGE('',*,*,#11373,.F.);
#13355 = PLANE('',#13356);
#13356 = AXIS2_PLACEMENT_3D('',#13357,#13358,#13359);
#13357 = CARTESIAN_POINT('',(24.1625,3.434590954642E-17,-13.505));
#13358 = DIRECTION('',(-1.,-0.,-0.));
#13359 = DIRECTION('',(0.,0.,-1.));
#13360 = ADVANCED_FACE('',(#13361),#13371,.T.);
#13361 = FACE_BOUND('',#13362,.T.);
#13362 = EDGE_LOOP('',(#13363,#13364,#13365,#13366,#13367,#13368,#13369,
    #13370));
#13363 = ORIENTED_EDGE('',*,*,#11813,.T.);
#13364 = ORIENTED_EDGE('',*,*,#11342,.F.);
#13365 = ORIENTED_EDGE('',*,*,#5572,.T.);
#13366 = ORIENTED_EDGE('',*,*,#5603,.T.);
#13367 = ORIENTED_EDGE('',*,*,#11356,.T.);
#13368 = ORIENTED_EDGE('',*,*,#13349,.T.);
#13369 = ORIENTED_EDGE('',*,*,#4964,.T.);
#13370 = ORIENTED_EDGE('',*,*,#9874,.F.);
#13371 = PLANE('',#13372);
#13372 = AXIS2_PLACEMENT_3D('',#13373,#13374,#13375);
#13373 = CARTESIAN_POINT('',(21.849864161303,10.4,-12.61763583869));
#13374 = DIRECTION('',(-0.,-1.,-0.));
#13375 = DIRECTION('',(0.,0.,-1.));
#13376 = ADVANCED_FACE('',(#13377),#13385,.F.);
#13377 = FACE_BOUND('',#13378,.F.);
#13378 = EDGE_LOOP('',(#13379,#13380,#13381,#13382,#13383,#13384));
#13379 = ORIENTED_EDGE('',*,*,#13311,.F.);
#13380 = ORIENTED_EDGE('',*,*,#708,.T.);
#13381 = ORIENTED_EDGE('',*,*,#717,.T.);
#13382 = ORIENTED_EDGE('',*,*,#5877,.T.);
#13383 = ORIENTED_EDGE('',*,*,#4673,.F.);
#13384 = ORIENTED_EDGE('',*,*,#4682,.F.);
#13385 = CYLINDRICAL_SURFACE('',#13386,0.65);
#13386 = AXIS2_PLACEMENT_3D('',#13387,#13388,#13389);
#13387 = CARTESIAN_POINT('',(-14.65,-24.75,-6.51));
#13388 = DIRECTION('',(0.,0.,1.));
#13389 = DIRECTION('',(1.,0.,-0.));
#13390 = ADVANCED_FACE('',(#13391,#13425,#13491,#13497,#13503,#13509,
    #13515,#13549,#13583),#13593,.T.);
#13391 = FACE_BOUND('',#13392,.T.);
#13392 = EDGE_LOOP('',(#13393,#13394,#13395,#13396,#13397,#13398,#13399,
    #13400,#13401,#13402,#13403,#13404,#13405,#13406,#13407,#13408,
    #13409,#13410,#13411,#13412,#13413,#13414,#13415,#13416,#13417,
    #13418,#13419,#13420,#13421,#13422,#13423,#13424));
#13393 = ORIENTED_EDGE('',*,*,#1715,.T.);
#13394 = ORIENTED_EDGE('',*,*,#1629,.T.);
#13395 = ORIENTED_EDGE('',*,*,#1754,.T.);
#13396 = ORIENTED_EDGE('',*,*,#1818,.T.);
#13397 = ORIENTED_EDGE('',*,*,#1887,.T.);
#13398 = ORIENTED_EDGE('',*,*,#1945,.T.);
#13399 = ORIENTED_EDGE('',*,*,#2024,.T.);
#13400 = ORIENTED_EDGE('',*,*,#2142,.F.);
#13401 = ORIENTED_EDGE('',*,*,#2265,.T.);
#13402 = ORIENTED_EDGE('',*,*,#2320,.T.);
#13403 = ORIENTED_EDGE('',*,*,#2079,.T.);
#13404 = ORIENTED_EDGE('',*,*,#2414,.T.);
#13405 = ORIENTED_EDGE('',*,*,#2437,.F.);
#13406 = ORIENTED_EDGE('',*,*,#2522,.T.);
#13407 = ORIENTED_EDGE('',*,*,#2603,.F.);
#13408 = ORIENTED_EDGE('',*,*,#2650,.F.);
#13409 = ORIENTED_EDGE('',*,*,#2483,.F.);
#13410 = ORIENTED_EDGE('',*,*,#1977,.T.);
#13411 = ORIENTED_EDGE('',*,*,#2672,.T.);
#13412 = ORIENTED_EDGE('',*,*,#2628,.T.);
#13413 = ORIENTED_EDGE('',*,*,#2555,.T.);
#13414 = ORIENTED_EDGE('',*,*,#1597,.T.);
#13415 = ORIENTED_EDGE('',*,*,#2188,.F.);
#13416 = ORIENTED_EDGE('',*,*,#2376,.T.);
#13417 = ORIENTED_EDGE('',*,*,#2337,.F.);
#13418 = ORIENTED_EDGE('',*,*,#2295,.F.);
#13419 = ORIENTED_EDGE('',*,*,#2234,.F.);
#13420 = ORIENTED_EDGE('',*,*,#2118,.F.);
#13421 = ORIENTED_EDGE('',*,*,#1660,.T.);
#13422 = ORIENTED_EDGE('',*,*,#1921,.F.);
#13423 = ORIENTED_EDGE('',*,*,#1864,.T.);
#13424 = ORIENTED_EDGE('',*,*,#1796,.T.);
#13425 = FACE_BOUND('',#13426,.T.);
#13426 = EDGE_LOOP('',(#13427,#13428,#13429,#13430,#13431,#13432,#13433,
    #13434,#13435,#13436,#13437,#13438,#13439,#13440,#13441,#13442,
    #13443,#13444,#13445,#13446,#13447,#13448,#13449,#13450,#13451,
    #13452,#13453,#13454,#13455,#13456,#13457,#13458,#13459,#13460,
    #13461,#13462,#13463,#13464,#13465,#13466,#13467,#13468,#13469,
    #13470,#13471,#13472,#13473,#13474,#13475,#13476,#13477,#13478,
    #13479,#13480,#13481,#13482,#13483,#13484,#13485,#13486,#13487,
    #13488,#13489,#13490));
#13427 = ORIENTED_EDGE('',*,*,#458,.T.);
#13428 = ORIENTED_EDGE('',*,*,#522,.T.);
#13429 = ORIENTED_EDGE('',*,*,#551,.F.);
#13430 = ORIENTED_EDGE('',*,*,#589,.T.);
#13431 = ORIENTED_EDGE('',*,*,#620,.F.);
#13432 = ORIENTED_EDGE('',*,*,#652,.F.);
#13433 = ORIENTED_EDGE('',*,*,#12811,.T.);
#13434 = ORIENTED_EDGE('',*,*,#13028,.T.);
#13435 = ORIENTED_EDGE('',*,*,#13045,.T.);
#13436 = ORIENTED_EDGE('',*,*,#3743,.F.);
#13437 = ORIENTED_EDGE('',*,*,#3775,.F.);
#13438 = ORIENTED_EDGE('',*,*,#3798,.T.);
#13439 = ORIENTED_EDGE('',*,*,#13073,.T.);
#13440 = ORIENTED_EDGE('',*,*,#12261,.T.);
#13441 = ORIENTED_EDGE('',*,*,#12085,.T.);
#13442 = ORIENTED_EDGE('',*,*,#12211,.F.);
#13443 = ORIENTED_EDGE('',*,*,#12234,.T.);
#13444 = ORIENTED_EDGE('',*,*,#12156,.T.);
#13445 = ORIENTED_EDGE('',*,*,#12053,.T.);
#13446 = ORIENTED_EDGE('',*,*,#2922,.F.);
#13447 = ORIENTED_EDGE('',*,*,#3183,.T.);
#13448 = ORIENTED_EDGE('',*,*,#3167,.T.);
#13449 = ORIENTED_EDGE('',*,*,#3135,.F.);
#13450 = ORIENTED_EDGE('',*,*,#3110,.T.);
#13451 = ORIENTED_EDGE('',*,*,#3065,.F.);
#13452 = ORIENTED_EDGE('',*,*,#3034,.F.);
#13453 = ORIENTED_EDGE('',*,*,#2993,.T.);
#13454 = ORIENTED_EDGE('',*,*,#2970,.F.);
#13455 = ORIENTED_EDGE('',*,*,#2945,.T.);
#13456 = ORIENTED_EDGE('',*,*,#2805,.T.);
#13457 = ORIENTED_EDGE('',*,*,#12042,.T.);
#13458 = ORIENTED_EDGE('',*,*,#12301,.T.);
#13459 = ORIENTED_EDGE('',*,*,#12398,.T.);
#13460 = ORIENTED_EDGE('',*,*,#3949,.F.);
#13461 = ORIENTED_EDGE('',*,*,#3933,.T.);
#13462 = ORIENTED_EDGE('',*,*,#3902,.F.);
#13463 = ORIENTED_EDGE('',*,*,#3878,.F.);
#13464 = ORIENTED_EDGE('',*,*,#3853,.T.);
#13465 = ORIENTED_EDGE('',*,*,#3830,.F.);
#13466 = ORIENTED_EDGE('',*,*,#12772,.F.);
#13467 = ORIENTED_EDGE('',*,*,#3556,.F.);
#13468 = ORIENTED_EDGE('',*,*,#3485,.F.);
#13469 = ORIENTED_EDGE('',*,*,#3444,.F.);
#13470 = ORIENTED_EDGE('',*,*,#3414,.T.);
#13471 = ORIENTED_EDGE('',*,*,#3359,.F.);
#13472 = ORIENTED_EDGE('',*,*,#12346,.T.);
#13473 = ORIENTED_EDGE('',*,*,#3592,.F.);
#13474 = ORIENTED_EDGE('',*,*,#3623,.F.);
#13475 = ORIENTED_EDGE('',*,*,#3655,.F.);
#13476 = ORIENTED_EDGE('',*,*,#3672,.T.);
#13477 = ORIENTED_EDGE('',*,*,#3696,.T.);
#13478 = ORIENTED_EDGE('',*,*,#3719,.T.);
#13479 = ORIENTED_EDGE('',*,*,#12517,.T.);
#13480 = ORIENTED_EDGE('',*,*,#12756,.T.);
#13481 = ORIENTED_EDGE('',*,*,#12854,.T.);
#13482 = ORIENTED_EDGE('',*,*,#12925,.T.);
#13483 = ORIENTED_EDGE('',*,*,#12946,.F.);
#13484 = ORIENTED_EDGE('',*,*,#12978,.F.);
#13485 = ORIENTED_EDGE('',*,*,#12822,.T.);
#13486 = ORIENTED_EDGE('',*,*,#271,.T.);
#13487 = ORIENTED_EDGE('',*,*,#301,.F.);
#13488 = ORIENTED_EDGE('',*,*,#342,.F.);
#13489 = ORIENTED_EDGE('',*,*,#364,.T.);
#13490 = ORIENTED_EDGE('',*,*,#412,.F.);
#13491 = FACE_BOUND('',#13492,.T.);
#13492 = EDGE_LOOP('',(#13493,#13494,#13495,#13496));
#13493 = ORIENTED_EDGE('',*,*,#3981,.T.);
#13494 = ORIENTED_EDGE('',*,*,#4029,.T.);
#13495 = ORIENTED_EDGE('',*,*,#4053,.F.);
#13496 = ORIENTED_EDGE('',*,*,#4005,.F.);
#13497 = FACE_BOUND('',#13498,.T.);
#13498 = EDGE_LOOP('',(#13499,#13500,#13501,#13502));
#13499 = ORIENTED_EDGE('',*,*,#4391,.T.);
#13500 = ORIENTED_EDGE('',*,*,#4439,.T.);
#13501 = ORIENTED_EDGE('',*,*,#4463,.F.);
#13502 = ORIENTED_EDGE('',*,*,#4415,.F.);
#13503 = FACE_BOUND('',#13504,.T.);
#13504 = EDGE_LOOP('',(#13505,#13506,#13507,#13508));
#13505 = ORIENTED_EDGE('',*,*,#1440,.T.);
#13506 = ORIENTED_EDGE('',*,*,#1547,.T.);
#13507 = ORIENTED_EDGE('',*,*,#1563,.F.);
#13508 = ORIENTED_EDGE('',*,*,#1479,.F.);
#13509 = FACE_BOUND('',#13510,.T.);
#13510 = EDGE_LOOP('',(#13511,#13512,#13513,#13514));
#13511 = ORIENTED_EDGE('',*,*,#3295,.T.);
#13512 = ORIENTED_EDGE('',*,*,#3312,.F.);
#13513 = ORIENTED_EDGE('',*,*,#3241,.F.);
#13514 = ORIENTED_EDGE('',*,*,#3208,.T.);
#13515 = FACE_BOUND('',#13516,.T.);
#13516 = EDGE_LOOP('',(#13517,#13527,#13535,#13543));
#13517 = ORIENTED_EDGE('',*,*,#13518,.T.);
#13518 = EDGE_CURVE('',#13519,#13521,#13523,.T.);
#13519 = VERTEX_POINT('',#13520);
#13520 = CARTESIAN_POINT('',(-27.3,-27.8,-7.8));
#13521 = VERTEX_POINT('',#13522);
#13522 = CARTESIAN_POINT('',(-27.3,-24.,-7.8));
#13523 = LINE('',#13524,#13525);
#13524 = CARTESIAN_POINT('',(-27.3,-13.9,-7.8));
#13525 = VECTOR('',#13526,1.);
#13526 = DIRECTION('',(-0.,1.,0.));
#13527 = ORIENTED_EDGE('',*,*,#13528,.F.);
#13528 = EDGE_CURVE('',#13529,#13521,#13531,.T.);
#13529 = VERTEX_POINT('',#13530);
#13530 = CARTESIAN_POINT('',(-21.5,-24.,-7.8));
#13531 = LINE('',#13532,#13533);
#13532 = CARTESIAN_POINT('',(-13.65,-24.,-7.8));
#13533 = VECTOR('',#13534,1.);
#13534 = DIRECTION('',(-1.,-0.,0.));
#13535 = ORIENTED_EDGE('',*,*,#13536,.F.);
#13536 = EDGE_CURVE('',#13537,#13529,#13539,.T.);
#13537 = VERTEX_POINT('',#13538);
#13538 = CARTESIAN_POINT('',(-21.5,-27.8,-7.8));
#13539 = LINE('',#13540,#13541);
#13540 = CARTESIAN_POINT('',(-21.5,-13.9,-7.8));
#13541 = VECTOR('',#13542,1.);
#13542 = DIRECTION('',(-0.,1.,0.));
#13543 = ORIENTED_EDGE('',*,*,#13544,.T.);
#13544 = EDGE_CURVE('',#13537,#13519,#13545,.T.);
#13545 = LINE('',#13546,#13547);
#13546 = CARTESIAN_POINT('',(-13.65,-27.8,-7.8));
#13547 = VECTOR('',#13548,1.);
#13548 = DIRECTION('',(-1.,-0.,0.));
#13549 = FACE_BOUND('',#13550,.T.);
#13550 = EDGE_LOOP('',(#13551,#13561,#13569,#13577));
#13551 = ORIENTED_EDGE('',*,*,#13552,.T.);
#13552 = EDGE_CURVE('',#13553,#13555,#13557,.T.);
#13553 = VERTEX_POINT('',#13554);
#13554 = CARTESIAN_POINT('',(21.5,-27.8,-7.8));
#13555 = VERTEX_POINT('',#13556);
#13556 = CARTESIAN_POINT('',(21.5,-24.,-7.8));
#13557 = LINE('',#13558,#13559);
#13558 = CARTESIAN_POINT('',(21.5,-13.9,-7.8));
#13559 = VECTOR('',#13560,1.);
#13560 = DIRECTION('',(-0.,1.,0.));
#13561 = ORIENTED_EDGE('',*,*,#13562,.F.);
#13562 = EDGE_CURVE('',#13563,#13555,#13565,.T.);
#13563 = VERTEX_POINT('',#13564);
#13564 = CARTESIAN_POINT('',(27.3,-24.,-7.8));
#13565 = LINE('',#13566,#13567);
#13566 = CARTESIAN_POINT('',(10.75,-24.,-7.8));
#13567 = VECTOR('',#13568,1.);
#13568 = DIRECTION('',(-1.,-0.,0.));
#13569 = ORIENTED_EDGE('',*,*,#13570,.F.);
#13570 = EDGE_CURVE('',#13571,#13563,#13573,.T.);
#13571 = VERTEX_POINT('',#13572);
#13572 = CARTESIAN_POINT('',(27.3,-27.8,-7.8));
#13573 = LINE('',#13574,#13575);
#13574 = CARTESIAN_POINT('',(27.3,-13.9,-7.8));
#13575 = VECTOR('',#13576,1.);
#13576 = DIRECTION('',(-0.,1.,0.));
#13577 = ORIENTED_EDGE('',*,*,#13578,.T.);
#13578 = EDGE_CURVE('',#13571,#13553,#13579,.T.);
#13579 = LINE('',#13580,#13581);
#13580 = CARTESIAN_POINT('',(10.75,-27.8,-7.8));
#13581 = VECTOR('',#13582,1.);
#13582 = DIRECTION('',(-1.,-0.,0.));
#13583 = FACE_BOUND('',#13584,.T.);
#13584 = EDGE_LOOP('',(#13585,#13586,#13587,#13588,#13589,#13590,#13591,
    #13592));
#13585 = ORIENTED_EDGE('',*,*,#4077,.F.);
#13586 = ORIENTED_EDGE('',*,*,#4258,.T.);
#13587 = ORIENTED_EDGE('',*,*,#4337,.T.);
#13588 = ORIENTED_EDGE('',*,*,#4291,.F.);
#13589 = ORIENTED_EDGE('',*,*,#12325,.T.);
#13590 = ORIENTED_EDGE('',*,*,#4243,.F.);
#13591 = ORIENTED_EDGE('',*,*,#4173,.F.);
#13592 = ORIENTED_EDGE('',*,*,#4117,.F.);
#13593 = PLANE('',#13594);
#13594 = AXIS2_PLACEMENT_3D('',#13595,#13596,#13597);
#13595 = CARTESIAN_POINT('',(4.23115284648E-16,-7.0519214108E-17,-7.8));
#13596 = DIRECTION('',(0.,0.,1.));
#13597 = DIRECTION('',(1.,0.,-0.));
#13598 = ADVANCED_FACE('',(#13599),#13624,.T.);
#13599 = FACE_BOUND('',#13600,.T.);
#13600 = EDGE_LOOP('',(#13601,#13609,#13617,#13623));
#13601 = ORIENTED_EDGE('',*,*,#13602,.F.);
#13602 = EDGE_CURVE('',#13603,#13537,#13605,.T.);
#13603 = VERTEX_POINT('',#13604);
#13604 = CARTESIAN_POINT('',(-21.5,-27.8,-9.));
#13605 = LINE('',#13606,#13607);
#13606 = CARTESIAN_POINT('',(-21.5,-27.8,-10.));
#13607 = VECTOR('',#13608,1.);
#13608 = DIRECTION('',(0.,0.,1.));
#13609 = ORIENTED_EDGE('',*,*,#13610,.T.);
#13610 = EDGE_CURVE('',#13603,#13611,#13613,.T.);
#13611 = VERTEX_POINT('',#13612);
#13612 = CARTESIAN_POINT('',(-27.3,-27.8,-9.));
#13613 = LINE('',#13614,#13615);
#13614 = CARTESIAN_POINT('',(-13.65,-27.8,-9.));
#13615 = VECTOR('',#13616,1.);
#13616 = DIRECTION('',(-1.,-0.,0.));
#13617 = ORIENTED_EDGE('',*,*,#13618,.T.);
#13618 = EDGE_CURVE('',#13611,#13519,#13619,.T.);
#13619 = LINE('',#13620,#13621);
#13620 = CARTESIAN_POINT('',(-27.3,-27.8,-10.));
#13621 = VECTOR('',#13622,1.);
#13622 = DIRECTION('',(0.,0.,1.));
#13623 = ORIENTED_EDGE('',*,*,#13544,.F.);
#13624 = PLANE('',#13625);
#13625 = AXIS2_PLACEMENT_3D('',#13626,#13627,#13628);
#13626 = CARTESIAN_POINT('',(-27.3,-27.8,-10.));
#13627 = DIRECTION('',(-0.,1.,0.));
#13628 = DIRECTION('',(0.,0.,1.));
#13629 = ADVANCED_FACE('',(#13630),#13648,.F.);
#13630 = FACE_BOUND('',#13631,.F.);
#13631 = EDGE_LOOP('',(#13632,#13633,#13641,#13647));
#13632 = ORIENTED_EDGE('',*,*,#13602,.F.);
#13633 = ORIENTED_EDGE('',*,*,#13634,.T.);
#13634 = EDGE_CURVE('',#13603,#13635,#13637,.T.);
#13635 = VERTEX_POINT('',#13636);
#13636 = CARTESIAN_POINT('',(-21.5,-24.,-9.));
#13637 = LINE('',#13638,#13639);
#13638 = CARTESIAN_POINT('',(-21.5,-13.9,-9.));
#13639 = VECTOR('',#13640,1.);
#13640 = DIRECTION('',(-0.,1.,0.));
#13641 = ORIENTED_EDGE('',*,*,#13642,.T.);
#13642 = EDGE_CURVE('',#13635,#13529,#13643,.T.);
#13643 = LINE('',#13644,#13645);
#13644 = CARTESIAN_POINT('',(-21.5,-24.,-10.));
#13645 = VECTOR('',#13646,1.);
#13646 = DIRECTION('',(0.,0.,1.));
#13647 = ORIENTED_EDGE('',*,*,#13536,.F.);
#13648 = PLANE('',#13649);
#13649 = AXIS2_PLACEMENT_3D('',#13650,#13651,#13652);
#13650 = CARTESIAN_POINT('',(-21.5,-27.8,-10.));
#13651 = DIRECTION('',(1.,0.,-0.));
#13652 = DIRECTION('',(0.,0.,1.));
#13653 = ADVANCED_FACE('',(#13654),#13672,.T.);
#13654 = FACE_BOUND('',#13655,.T.);
#13655 = EDGE_LOOP('',(#13656,#13657,#13665,#13671));
#13656 = ORIENTED_EDGE('',*,*,#13618,.F.);
#13657 = ORIENTED_EDGE('',*,*,#13658,.T.);
#13658 = EDGE_CURVE('',#13611,#13659,#13661,.T.);
#13659 = VERTEX_POINT('',#13660);
#13660 = CARTESIAN_POINT('',(-27.3,-24.,-9.));
#13661 = LINE('',#13662,#13663);
#13662 = CARTESIAN_POINT('',(-27.3,-13.9,-9.));
#13663 = VECTOR('',#13664,1.);
#13664 = DIRECTION('',(-0.,1.,0.));
#13665 = ORIENTED_EDGE('',*,*,#13666,.T.);
#13666 = EDGE_CURVE('',#13659,#13521,#13667,.T.);
#13667 = LINE('',#13668,#13669);
#13668 = CARTESIAN_POINT('',(-27.3,-24.,-10.));
#13669 = VECTOR('',#13670,1.);
#13670 = DIRECTION('',(0.,0.,1.));
#13671 = ORIENTED_EDGE('',*,*,#13518,.F.);
#13672 = PLANE('',#13673);
#13673 = AXIS2_PLACEMENT_3D('',#13674,#13675,#13676);
#13674 = CARTESIAN_POINT('',(-27.3,-27.8,-10.));
#13675 = DIRECTION('',(1.,0.,-0.));
#13676 = DIRECTION('',(0.,0.,1.));
#13677 = ADVANCED_FACE('',(#13678),#13689,.F.);
#13678 = FACE_BOUND('',#13679,.F.);
#13679 = EDGE_LOOP('',(#13680,#13681,#13687,#13688));
#13680 = ORIENTED_EDGE('',*,*,#13642,.F.);
#13681 = ORIENTED_EDGE('',*,*,#13682,.T.);
#13682 = EDGE_CURVE('',#13635,#13659,#13683,.T.);
#13683 = LINE('',#13684,#13685);
#13684 = CARTESIAN_POINT('',(-13.65,-24.,-9.));
#13685 = VECTOR('',#13686,1.);
#13686 = DIRECTION('',(-1.,-0.,0.));
#13687 = ORIENTED_EDGE('',*,*,#13666,.T.);
#13688 = ORIENTED_EDGE('',*,*,#13528,.F.);
#13689 = PLANE('',#13690);
#13690 = AXIS2_PLACEMENT_3D('',#13691,#13692,#13693);
#13691 = CARTESIAN_POINT('',(-27.3,-24.,-10.));
#13692 = DIRECTION('',(-0.,1.,0.));
#13693 = DIRECTION('',(0.,0.,1.));
#13694 = ADVANCED_FACE('',(#13695),#13720,.T.);
#13695 = FACE_BOUND('',#13696,.T.);
#13696 = EDGE_LOOP('',(#13697,#13705,#13713,#13719));
#13697 = ORIENTED_EDGE('',*,*,#13698,.F.);
#13698 = EDGE_CURVE('',#13699,#13571,#13701,.T.);
#13699 = VERTEX_POINT('',#13700);
#13700 = CARTESIAN_POINT('',(27.3,-27.8,-9.));
#13701 = LINE('',#13702,#13703);
#13702 = CARTESIAN_POINT('',(27.3,-27.8,-10.));
#13703 = VECTOR('',#13704,1.);
#13704 = DIRECTION('',(0.,0.,1.));
#13705 = ORIENTED_EDGE('',*,*,#13706,.T.);
#13706 = EDGE_CURVE('',#13699,#13707,#13709,.T.);
#13707 = VERTEX_POINT('',#13708);
#13708 = CARTESIAN_POINT('',(21.5,-27.8,-9.));
#13709 = LINE('',#13710,#13711);
#13710 = CARTESIAN_POINT('',(10.75,-27.8,-9.));
#13711 = VECTOR('',#13712,1.);
#13712 = DIRECTION('',(-1.,-0.,0.));
#13713 = ORIENTED_EDGE('',*,*,#13714,.T.);
#13714 = EDGE_CURVE('',#13707,#13553,#13715,.T.);
#13715 = LINE('',#13716,#13717);
#13716 = CARTESIAN_POINT('',(21.5,-27.8,-10.));
#13717 = VECTOR('',#13718,1.);
#13718 = DIRECTION('',(0.,0.,1.));
#13719 = ORIENTED_EDGE('',*,*,#13578,.F.);
#13720 = PLANE('',#13721);
#13721 = AXIS2_PLACEMENT_3D('',#13722,#13723,#13724);
#13722 = CARTESIAN_POINT('',(21.5,-27.8,-10.));
#13723 = DIRECTION('',(-0.,1.,0.));
#13724 = DIRECTION('',(0.,0.,1.));
#13725 = ADVANCED_FACE('',(#13726),#13744,.F.);
#13726 = FACE_BOUND('',#13727,.F.);
#13727 = EDGE_LOOP('',(#13728,#13729,#13737,#13743));
#13728 = ORIENTED_EDGE('',*,*,#13698,.F.);
#13729 = ORIENTED_EDGE('',*,*,#13730,.T.);
#13730 = EDGE_CURVE('',#13699,#13731,#13733,.T.);
#13731 = VERTEX_POINT('',#13732);
#13732 = CARTESIAN_POINT('',(27.3,-24.,-9.));
#13733 = LINE('',#13734,#13735);
#13734 = CARTESIAN_POINT('',(27.3,-13.9,-9.));
#13735 = VECTOR('',#13736,1.);
#13736 = DIRECTION('',(-0.,1.,0.));
#13737 = ORIENTED_EDGE('',*,*,#13738,.T.);
#13738 = EDGE_CURVE('',#13731,#13563,#13739,.T.);
#13739 = LINE('',#13740,#13741);
#13740 = CARTESIAN_POINT('',(27.3,-24.,-10.));
#13741 = VECTOR('',#13742,1.);
#13742 = DIRECTION('',(0.,0.,1.));
#13743 = ORIENTED_EDGE('',*,*,#13570,.F.);
#13744 = PLANE('',#13745);
#13745 = AXIS2_PLACEMENT_3D('',#13746,#13747,#13748);
#13746 = CARTESIAN_POINT('',(27.3,-27.8,-10.));
#13747 = DIRECTION('',(1.,0.,-0.));
#13748 = DIRECTION('',(0.,0.,1.));
#13749 = ADVANCED_FACE('',(#13750),#13768,.T.);
#13750 = FACE_BOUND('',#13751,.T.);
#13751 = EDGE_LOOP('',(#13752,#13753,#13761,#13767));
#13752 = ORIENTED_EDGE('',*,*,#13714,.F.);
#13753 = ORIENTED_EDGE('',*,*,#13754,.T.);
#13754 = EDGE_CURVE('',#13707,#13755,#13757,.T.);
#13755 = VERTEX_POINT('',#13756);
#13756 = CARTESIAN_POINT('',(21.5,-24.,-9.));
#13757 = LINE('',#13758,#13759);
#13758 = CARTESIAN_POINT('',(21.5,-13.9,-9.));
#13759 = VECTOR('',#13760,1.);
#13760 = DIRECTION('',(-0.,1.,0.));
#13761 = ORIENTED_EDGE('',*,*,#13762,.T.);
#13762 = EDGE_CURVE('',#13755,#13555,#13763,.T.);
#13763 = LINE('',#13764,#13765);
#13764 = CARTESIAN_POINT('',(21.5,-24.,-10.));
#13765 = VECTOR('',#13766,1.);
#13766 = DIRECTION('',(0.,0.,1.));
#13767 = ORIENTED_EDGE('',*,*,#13552,.F.);
#13768 = PLANE('',#13769);
#13769 = AXIS2_PLACEMENT_3D('',#13770,#13771,#13772);
#13770 = CARTESIAN_POINT('',(21.5,-27.8,-10.));
#13771 = DIRECTION('',(1.,0.,-0.));
#13772 = DIRECTION('',(0.,0.,1.));
#13773 = ADVANCED_FACE('',(#13774),#13785,.F.);
#13774 = FACE_BOUND('',#13775,.F.);
#13775 = EDGE_LOOP('',(#13776,#13777,#13783,#13784));
#13776 = ORIENTED_EDGE('',*,*,#13738,.F.);
#13777 = ORIENTED_EDGE('',*,*,#13778,.T.);
#13778 = EDGE_CURVE('',#13731,#13755,#13779,.T.);
#13779 = LINE('',#13780,#13781);
#13780 = CARTESIAN_POINT('',(10.75,-24.,-9.));
#13781 = VECTOR('',#13782,1.);
#13782 = DIRECTION('',(-1.,-0.,0.));
#13783 = ORIENTED_EDGE('',*,*,#13762,.T.);
#13784 = ORIENTED_EDGE('',*,*,#13562,.F.);
#13785 = PLANE('',#13786);
#13786 = AXIS2_PLACEMENT_3D('',#13787,#13788,#13789);
#13787 = CARTESIAN_POINT('',(21.5,-24.,-10.));
#13788 = DIRECTION('',(-0.,1.,0.));
#13789 = DIRECTION('',(0.,0.,1.));
#13790 = ADVANCED_FACE('',(#13791,#13801,#13867,#13873,#13879,#13885,
    #13891,#13897,#13903,#13909,#13915),#13921,.T.);
#13791 = FACE_BOUND('',#13792,.T.);
#13792 = EDGE_LOOP('',(#13793,#13794,#13795,#13796,#13797,#13798,#13799,
    #13800));
#13793 = ORIENTED_EDGE('',*,*,#1834,.F.);
#13794 = ORIENTED_EDGE('',*,*,#1771,.F.);
#13795 = ORIENTED_EDGE('',*,*,#1579,.F.);
#13796 = ORIENTED_EDGE('',*,*,#2563,.F.);
#13797 = ORIENTED_EDGE('',*,*,#2635,.F.);
#13798 = ORIENTED_EDGE('',*,*,#2680,.F.);
#13799 = ORIENTED_EDGE('',*,*,#1936,.F.);
#13800 = ORIENTED_EDGE('',*,*,#1904,.F.);
#13801 = FACE_BOUND('',#13802,.T.);
#13802 = EDGE_LOOP('',(#13803,#13804,#13805,#13806,#13807,#13808,#13809,
    #13810,#13811,#13812,#13813,#13814,#13815,#13816,#13817,#13818,
    #13819,#13820,#13821,#13822,#13823,#13824,#13825,#13826,#13827,
    #13828,#13829,#13830,#13831,#13832,#13833,#13834,#13835,#13836,
    #13837,#13838,#13839,#13840,#13841,#13842,#13843,#13844,#13845,
    #13846,#13847,#13848,#13849,#13850,#13851,#13852,#13853,#13854,
    #13855,#13856,#13857,#13858,#13859,#13860,#13861,#13862,#13863,
    #13864,#13865,#13866));
#13803 = ORIENTED_EDGE('',*,*,#12353,.F.);
#13804 = ORIENTED_EDGE('',*,*,#3343,.T.);
#13805 = ORIENTED_EDGE('',*,*,#3407,.F.);
#13806 = ORIENTED_EDGE('',*,*,#3570,.T.);
#13807 = ORIENTED_EDGE('',*,*,#3501,.T.);
#13808 = ORIENTED_EDGE('',*,*,#3540,.T.);
#13809 = ORIENTED_EDGE('',*,*,#12796,.T.);
#13810 = ORIENTED_EDGE('',*,*,#10330,.T.);
#13811 = ORIENTED_EDGE('',*,*,#10393,.T.);
#13812 = ORIENTED_EDGE('',*,*,#10408,.T.);
#13813 = ORIENTED_EDGE('',*,*,#10439,.T.);
#13814 = ORIENTED_EDGE('',*,*,#10470,.F.);
#13815 = ORIENTED_EDGE('',*,*,#10361,.T.);
#13816 = ORIENTED_EDGE('',*,*,#10524,.F.);
#13817 = ORIENTED_EDGE('',*,*,#13191,.F.);
#13818 = ORIENTED_EDGE('',*,*,#12573,.T.);
#13819 = ORIENTED_EDGE('',*,*,#12594,.T.);
#13820 = ORIENTED_EDGE('',*,*,#12405,.F.);
#13821 = ORIENTED_EDGE('',*,*,#12284,.F.);
#13822 = ORIENTED_EDGE('',*,*,#12133,.F.);
#13823 = ORIENTED_EDGE('',*,*,#6981,.F.);
#13824 = ORIENTED_EDGE('',*,*,#7004,.F.);
#13825 = ORIENTED_EDGE('',*,*,#7082,.T.);
#13826 = ORIENTED_EDGE('',*,*,#7113,.T.);
#13827 = ORIENTED_EDGE('',*,*,#7136,.F.);
#13828 = ORIENTED_EDGE('',*,*,#6940,.F.);
#13829 = ORIENTED_EDGE('',*,*,#6910,.T.);
#13830 = ORIENTED_EDGE('',*,*,#12115,.F.);
#13831 = ORIENTED_EDGE('',*,*,#6674,.F.);
#13832 = ORIENTED_EDGE('',*,*,#6705,.F.);
#13833 = ORIENTED_EDGE('',*,*,#6729,.T.);
#13834 = ORIENTED_EDGE('',*,*,#12101,.F.);
#13835 = ORIENTED_EDGE('',*,*,#12251,.F.);
#13836 = ORIENTED_EDGE('',*,*,#13066,.F.);
#13837 = ORIENTED_EDGE('',*,*,#8507,.F.);
#13838 = ORIENTED_EDGE('',*,*,#8453,.T.);
#13839 = ORIENTED_EDGE('',*,*,#8415,.T.);
#13840 = ORIENTED_EDGE('',*,*,#13052,.F.);
#13841 = ORIENTED_EDGE('',*,*,#13011,.F.);
#13842 = ORIENTED_EDGE('',*,*,#12893,.F.);
#13843 = ORIENTED_EDGE('',*,*,#9386,.T.);
#13844 = ORIENTED_EDGE('',*,*,#9347,.T.);
#13845 = ORIENTED_EDGE('',*,*,#9269,.F.);
#13846 = ORIENTED_EDGE('',*,*,#9237,.F.);
#13847 = ORIENTED_EDGE('',*,*,#9223,.T.);
#13848 = ORIENTED_EDGE('',*,*,#9145,.T.);
#13849 = ORIENTED_EDGE('',*,*,#9122,.F.);
#13850 = ORIENTED_EDGE('',*,*,#12875,.F.);
#13851 = ORIENTED_EDGE('',*,*,#9058,.T.);
#13852 = ORIENTED_EDGE('',*,*,#9028,.T.);
#13853 = ORIENTED_EDGE('',*,*,#9013,.F.);
#13854 = ORIENTED_EDGE('',*,*,#12861,.F.);
#13855 = ORIENTED_EDGE('',*,*,#12739,.F.);
#13856 = ORIENTED_EDGE('',*,*,#12501,.F.);
#13857 = ORIENTED_EDGE('',*,*,#12707,.F.);
#13858 = ORIENTED_EDGE('',*,*,#12686,.T.);
#13859 = ORIENTED_EDGE('',*,*,#13121,.T.);
#13860 = ORIENTED_EDGE('',*,*,#7901,.F.);
#13861 = ORIENTED_EDGE('',*,*,#7770,.F.);
#13862 = ORIENTED_EDGE('',*,*,#7832,.F.);
#13863 = ORIENTED_EDGE('',*,*,#7699,.F.);
#13864 = ORIENTED_EDGE('',*,*,#7668,.T.);
#13865 = ORIENTED_EDGE('',*,*,#7747,.F.);
#13866 = ORIENTED_EDGE('',*,*,#7870,.T.);
#13867 = FACE_BOUND('',#13868,.T.);
#13868 = EDGE_LOOP('',(#13869,#13870,#13871,#13872));
#13869 = ORIENTED_EDGE('',*,*,#2762,.F.);
#13870 = ORIENTED_EDGE('',*,*,#2047,.F.);
#13871 = ORIENTED_EDGE('',*,*,#2740,.T.);
#13872 = ORIENTED_EDGE('',*,*,#2460,.T.);
#13873 = FACE_BOUND('',#13874,.T.);
#13874 = EDGE_LOOP('',(#13875,#13876,#13877,#13878));
#13875 = ORIENTED_EDGE('',*,*,#2696,.T.);
#13876 = ORIENTED_EDGE('',*,*,#2211,.T.);
#13877 = ORIENTED_EDGE('',*,*,#2718,.F.);
#13878 = ORIENTED_EDGE('',*,*,#1692,.F.);
#13879 = FACE_BOUND('',#13880,.T.);
#13880 = EDGE_LOOP('',(#13881,#13882,#13883,#13884));
#13881 = ORIENTED_EDGE('',*,*,#13610,.F.);
#13882 = ORIENTED_EDGE('',*,*,#13634,.T.);
#13883 = ORIENTED_EDGE('',*,*,#13682,.T.);
#13884 = ORIENTED_EDGE('',*,*,#13658,.F.);
#13885 = FACE_BOUND('',#13886,.T.);
#13886 = EDGE_LOOP('',(#13887,#13888,#13889,#13890));
#13887 = ORIENTED_EDGE('',*,*,#13706,.F.);
#13888 = ORIENTED_EDGE('',*,*,#13730,.T.);
#13889 = ORIENTED_EDGE('',*,*,#13778,.T.);
#13890 = ORIENTED_EDGE('',*,*,#13754,.F.);
#13891 = FACE_BOUND('',#13892,.T.);
#13892 = EDGE_LOOP('',(#13893,#13894,#13895,#13896));
#13893 = ORIENTED_EDGE('',*,*,#4353,.F.);
#13894 = ORIENTED_EDGE('',*,*,#4157,.T.);
#13895 = ORIENTED_EDGE('',*,*,#4227,.T.);
#13896 = ORIENTED_EDGE('',*,*,#12318,.F.);
#13897 = FACE_BOUND('',#13898,.T.);
#13898 = EDGE_LOOP('',(#13899,#13900,#13901,#13902));
#13899 = ORIENTED_EDGE('',*,*,#6205,.F.);
#13900 = ORIENTED_EDGE('',*,*,#6236,.T.);
#13901 = ORIENTED_EDGE('',*,*,#6298,.T.);
#13902 = ORIENTED_EDGE('',*,*,#6267,.F.);
#13903 = FACE_BOUND('',#13904,.T.);
#13904 = EDGE_LOOP('',(#13905,#13906,#13907,#13908));
#13905 = ORIENTED_EDGE('',*,*,#9964,.F.);
#13906 = ORIENTED_EDGE('',*,*,#9995,.T.);
#13907 = ORIENTED_EDGE('',*,*,#10057,.T.);
#13908 = ORIENTED_EDGE('',*,*,#10026,.F.);
#13909 = FACE_BOUND('',#13910,.T.);
#13910 = EDGE_LOOP('',(#13911,#13912,#13913,#13914));
#13911 = ORIENTED_EDGE('',*,*,#8263,.T.);
#13912 = ORIENTED_EDGE('',*,*,#13106,.T.);
#13913 = ORIENTED_EDGE('',*,*,#8374,.F.);
#13914 = ORIENTED_EDGE('',*,*,#8343,.F.);
#13915 = FACE_BOUND('',#13916,.T.);
#13916 = EDGE_LOOP('',(#13917,#13918,#13919,#13920));
#13917 = ORIENTED_EDGE('',*,*,#8521,.T.);
#13918 = ORIENTED_EDGE('',*,*,#8579,.T.);
#13919 = ORIENTED_EDGE('',*,*,#8632,.F.);
#13920 = ORIENTED_EDGE('',*,*,#13163,.F.);
#13921 = PLANE('',#13922);
#13922 = AXIS2_PLACEMENT_3D('',#13923,#13924,#13925);
#13923 = CARTESIAN_POINT('',(-4.207639510416E-16,-3.825126827651E-17,-9.
    ));
#13924 = DIRECTION('',(-0.,-0.,-1.));
#13925 = DIRECTION('',(-1.,0.,0.));
#13926 = ( GEOMETRIC_REPRESENTATION_CONTEXT(3) 
GLOBAL_UNCERTAINTY_ASSIGNED_CONTEXT((#13930)) 
GLOBAL_UNIT_ASSIGNED_CONTEXT((#13927,#13928,#13929)) 
REPRESENTATION_CONTEXT('Context #1',
  '3D Context with UNIT and UNCERTAINTY') );
#13927 = ( LENGTH_UNIT() NAMED_UNIT(*) SI_UNIT(.MILLI.,.METRE.) );
#13928 = ( NAMED_UNIT(*) PLANE_ANGLE_UNIT() SI_UNIT($,.RADIAN.) );
#13929 = ( NAMED_UNIT(*) SI_UNIT($,.STERADIAN.) SOLID_ANGLE_UNIT() );
#13930 = UNCERTAINTY_MEASURE_WITH_UNIT(LENGTH_MEASURE(2.E-07),#13927,
  'distance_accuracy_value','confusion accuracy');
#13931 = PRODUCT_RELATED_PRODUCT_CATEGORY('part',$,(#7));
ENDSEC;
END-ISO-10303-21;
