ISO-10303-21;
HEADER;
FILE_DESCRIPTION(('FreeCAD Model'),'2;1');
FILE_NAME('Open CASCADE Shape Model','2026-10-07T18:01:25',('FreeCAD'),(
    'FreeCAD'),'Open CASCADE STEP processor 7.8','FreeCAD','Unknown');
FILE_SCHEMA(('AUTOMOTIVE_DESIGN { 1 0 10303 214 1 1 1 1 }'));
ENDSEC;
DATA;
#1 = APPLICATION_PROTOCOL_DEFINITION('international standard',
  'automotive_design',2000,#2);
#2 = APPLICATION_CONTEXT(
  'core data for automotive mechanical design processes');
#3 = SHAPE_DEFINITION_REPRESENTATION(#4,#10);
#4 = PRODUCT_DEFINITION_SHAPE('','',#5);
#5 = PRODUCT_DEFINITION('design','',#6,#9);
#6 = PRODUCT_DEFINITION_FORMATION('','',#7);
#7 = PRODUCT('Open CASCADE STEP translator 7.8 5',
  'Open CASCADE STEP translator 7.8 5','',(#8));
#8 = PRODUCT_CONTEXT('',#2,'mechanical');
#9 = PRODUCT_DEFINITION_CONTEXT('part definition',#2,'design');
#10 = ADVANCED_BREP_SHAPE_REPRESENTATION('',(#11,#15),#4068);
#11 = AXIS2_PLACEMENT_3D('',#12,#13,#14);
#12 = CARTESIAN_POINT('',(0.,0.,0.));
#13 = DIRECTION('',(0.,0.,1.));
#14 = DIRECTION('',(1.,0.,-0.));
#15 = MANIFOLD_SOLID_BREP('',#16);
#16 = CLOSED_SHELL('',(#17,#57,#184,#215,#246,#286,#353,#482,#532,#554,
    #601,#648,#682,#722,#746,#805,#829,#888,#905,#937,#993,#1017,#1076,
    #1101,#1125,#1181,#1233,#1280,#1307,#1329,#1341,#1685,#1702,#1719,
    #1736,#1758,#1770,#1787,#1893,#1924,#1941,#1979,#2010,#2041,#2072,
    #2089,#2123,#2147,#2178,#2219,#2259,#2298,#2308,#2347,#2357,#2404,
    #2415,#2454,#2464,#2543,#2567,#2639,#2670,#2694,#2713,#2730,#2820,
    #2837,#2863,#2903,#2920,#2944,#2995,#3012,#3029,#3046,#3063,#3094,
    #3141,#3188,#3219,#3250,#3276,#3285,#3294,#3303,#3312,#3334,#3351,
    #3392,#3416,#3448,#3467,#3498,#3554,#3578,#3602,#3626,#3668,#3692,
    #3709,#3726,#3745,#3762,#3784,#3801,#3813,#3830,#3842,#3859,#3876,
    #3890,#3923,#3948,#3957,#3979,#4001,#4034,#4059));
#17 = ADVANCED_FACE('',(#18),#52,.T.);
#18 = FACE_BOUND('',#19,.T.);
#19 = EDGE_LOOP('',(#20,#30,#38,#46));
#20 = ORIENTED_EDGE('',*,*,#21,.F.);
#21 = EDGE_CURVE('',#22,#24,#26,.T.);
#22 = VERTEX_POINT('',#23);
#23 = CARTESIAN_POINT('',(7.,-25.75,-13.5));
#24 = VERTEX_POINT('',#25);
#25 = CARTESIAN_POINT('',(7.,-25.75,-12.5));
#26 = LINE('',#27,#28);
#27 = CARTESIAN_POINT('',(7.,-25.75,-13.5));
#28 = VECTOR('',#29,1.);
#29 = DIRECTION('',(0.,0.,1.));
#30 = ORIENTED_EDGE('',*,*,#31,.T.);
#31 = EDGE_CURVE('',#22,#32,#34,.T.);
#32 = VERTEX_POINT('',#33);
#33 = CARTESIAN_POINT('',(7.,-24.85,-13.5));
#34 = LINE('',#35,#36);
#35 = CARTESIAN_POINT('',(7.,-25.75,-13.5));
#36 = VECTOR('',#37,1.);
#37 = DIRECTION('',(-0.,1.,0.));
#38 = ORIENTED_EDGE('',*,*,#39,.F.);
#39 = EDGE_CURVE('',#40,#32,#42,.T.);
#40 = VERTEX_POINT('',#41);
#41 = CARTESIAN_POINT('',(7.,-24.85,-12.5));
#42 = LINE('',#43,#44);
#43 = CARTESIAN_POINT('',(7.,-24.85,-15.65));
#44 = VECTOR('',#45,1.);
#45 = DIRECTION('',(-0.,0.,-1.));
#46 = ORIENTED_EDGE('',*,*,#47,.T.);
#47 = EDGE_CURVE('',#40,#24,#48,.T.);
#48 = LINE('',#49,#50);
#49 = CARTESIAN_POINT('',(7.,-12.56731060606,-12.5));
#50 = VECTOR('',#51,1.);
#51 = DIRECTION('',(0.,-1.,0.));
#52 = PLANE('',#53);
#53 = AXIS2_PLACEMENT_3D('',#54,#55,#56);
#54 = CARTESIAN_POINT('',(7.,-25.13462121212,-11.5028030303));
#55 = DIRECTION('',(1.,0.,0.));
#56 = DIRECTION('',(-0.,0.,1.));
#57 = ADVANCED_FACE('',(#58),#179,.F.);
#58 = FACE_BOUND('',#59,.F.);
#59 = EDGE_LOOP('',(#60,#70,#78,#86,#94,#102,#110,#118,#126,#134,#142,
    #148,#149,#157,#165,#173));
#60 = ORIENTED_EDGE('',*,*,#61,.F.);
#61 = EDGE_CURVE('',#62,#64,#66,.T.);
#62 = VERTEX_POINT('',#63);
#63 = CARTESIAN_POINT('',(-9.875,-24.85,-17.8));
#64 = VERTEX_POINT('',#65);
#65 = CARTESIAN_POINT('',(9.875,-24.85,-17.8));
#66 = LINE('',#67,#68);
#67 = CARTESIAN_POINT('',(-9.875,-24.85,-17.8));
#68 = VECTOR('',#69,1.);
#69 = DIRECTION('',(1.,0.,0.));
#70 = ORIENTED_EDGE('',*,*,#71,.T.);
#71 = EDGE_CURVE('',#62,#72,#74,.T.);
#72 = VERTEX_POINT('',#73);
#73 = CARTESIAN_POINT('',(-9.875,-24.85,-15.75));
#74 = LINE('',#75,#76);
#75 = CARTESIAN_POINT('',(-9.875,-24.85,-17.8));
#76 = VECTOR('',#77,1.);
#77 = DIRECTION('',(0.,0.,1.));
#78 = ORIENTED_EDGE('',*,*,#79,.T.);
#79 = EDGE_CURVE('',#72,#80,#82,.T.);
#80 = VERTEX_POINT('',#81);
#81 = CARTESIAN_POINT('',(-7.525,-24.85,-15.75));
#82 = LINE('',#83,#84);
#83 = CARTESIAN_POINT('',(-12.875,-24.85,-15.75));
#84 = VECTOR('',#85,1.);
#85 = DIRECTION('',(1.,0.,0.));
#86 = ORIENTED_EDGE('',*,*,#87,.F.);
#87 = EDGE_CURVE('',#88,#80,#90,.T.);
#88 = VERTEX_POINT('',#89);
#89 = CARTESIAN_POINT('',(-7.525,-24.85,-12.5));
#90 = LINE('',#91,#92);
#91 = CARTESIAN_POINT('',(-7.525,-24.85,-16.775));
#92 = VECTOR('',#93,1.);
#93 = DIRECTION('',(-0.,0.,-1.));
#94 = ORIENTED_EDGE('',*,*,#95,.T.);
#95 = EDGE_CURVE('',#88,#96,#98,.T.);
#96 = VERTEX_POINT('',#97);
#97 = CARTESIAN_POINT('',(-7.2,-24.85,-12.5));
#98 = LINE('',#99,#100);
#99 = CARTESIAN_POINT('',(-9.875,-24.85,-12.5));
#100 = VECTOR('',#101,1.);
#101 = DIRECTION('',(1.,0.,0.));
#102 = ORIENTED_EDGE('',*,*,#103,.T.);
#103 = EDGE_CURVE('',#96,#104,#106,.T.);
#104 = VERTEX_POINT('',#105);
#105 = CARTESIAN_POINT('',(-7.2,-24.85,-13.5));
#106 = LINE('',#107,#108);
#107 = CARTESIAN_POINT('',(-7.2,-24.85,-15.65));
#108 = VECTOR('',#109,1.);
#109 = DIRECTION('',(-0.,0.,-1.));
#110 = ORIENTED_EDGE('',*,*,#111,.T.);
#111 = EDGE_CURVE('',#104,#112,#114,.T.);
#112 = VERTEX_POINT('',#113);
#113 = CARTESIAN_POINT('',(-4.2,-24.85,-13.5));
#114 = LINE('',#115,#116);
#115 = CARTESIAN_POINT('',(-8.5375,-24.85,-13.5));
#116 = VECTOR('',#117,1.);
#117 = DIRECTION('',(1.,0.,0.));
#118 = ORIENTED_EDGE('',*,*,#119,.F.);
#119 = EDGE_CURVE('',#120,#112,#122,.T.);
#120 = VERTEX_POINT('',#121);
#121 = CARTESIAN_POINT('',(-4.2,-24.85,-12.5));
#122 = LINE('',#123,#124);
#123 = CARTESIAN_POINT('',(-4.2,-24.85,-15.65));
#124 = VECTOR('',#125,1.);
#125 = DIRECTION('',(-0.,0.,-1.));
#126 = ORIENTED_EDGE('',*,*,#127,.T.);
#127 = EDGE_CURVE('',#120,#128,#130,.T.);
#128 = VERTEX_POINT('',#129);
#129 = CARTESIAN_POINT('',(4.5,-24.85,-12.5));
#130 = LINE('',#131,#132);
#131 = CARTESIAN_POINT('',(-9.875,-24.85,-12.5));
#132 = VECTOR('',#133,1.);
#133 = DIRECTION('',(1.,0.,0.));
#134 = ORIENTED_EDGE('',*,*,#135,.T.);
#135 = EDGE_CURVE('',#128,#136,#138,.T.);
#136 = VERTEX_POINT('',#137);
#137 = CARTESIAN_POINT('',(4.5,-24.85,-13.5));
#138 = LINE('',#139,#140);
#139 = CARTESIAN_POINT('',(4.5,-24.85,-15.65));
#140 = VECTOR('',#141,1.);
#141 = DIRECTION('',(-0.,0.,-1.));
#142 = ORIENTED_EDGE('',*,*,#143,.T.);
#143 = EDGE_CURVE('',#136,#32,#144,.T.);
#144 = LINE('',#145,#146);
#145 = CARTESIAN_POINT('',(-2.6875,-24.85,-13.5));
#146 = VECTOR('',#147,1.);
#147 = DIRECTION('',(1.,0.,0.));
#148 = ORIENTED_EDGE('',*,*,#39,.F.);
#149 = ORIENTED_EDGE('',*,*,#150,.T.);
#150 = EDGE_CURVE('',#40,#151,#153,.T.);
#151 = VERTEX_POINT('',#152);
#152 = CARTESIAN_POINT('',(7.525,-24.85,-12.5));
#153 = LINE('',#154,#155);
#154 = CARTESIAN_POINT('',(-9.875,-24.85,-12.5));
#155 = VECTOR('',#156,1.);
#156 = DIRECTION('',(1.,0.,0.));
#157 = ORIENTED_EDGE('',*,*,#158,.T.);
#158 = EDGE_CURVE('',#151,#159,#161,.T.);
#159 = VERTEX_POINT('',#160);
#160 = CARTESIAN_POINT('',(7.525,-24.85,-15.75));
#161 = LINE('',#162,#163);
#162 = CARTESIAN_POINT('',(7.525,-24.85,-16.775));
#163 = VECTOR('',#164,1.);
#164 = DIRECTION('',(-0.,0.,-1.));
#165 = ORIENTED_EDGE('',*,*,#166,.T.);
#166 = EDGE_CURVE('',#159,#167,#169,.T.);
#167 = VERTEX_POINT('',#168);
#168 = CARTESIAN_POINT('',(9.875,-24.85,-15.75));
#169 = LINE('',#170,#171);
#170 = CARTESIAN_POINT('',(-1.175,-24.85,-15.75));
#171 = VECTOR('',#172,1.);
#172 = DIRECTION('',(1.,0.,0.));
#173 = ORIENTED_EDGE('',*,*,#174,.F.);
#174 = EDGE_CURVE('',#64,#167,#175,.T.);
#175 = LINE('',#176,#177);
#176 = CARTESIAN_POINT('',(9.875,-24.85,-17.8));
#177 = VECTOR('',#178,1.);
#178 = DIRECTION('',(0.,0.,1.));
#179 = PLANE('',#180);
#180 = AXIS2_PLACEMENT_3D('',#181,#182,#183);
#181 = CARTESIAN_POINT('',(-9.875,-24.85,-17.8));
#182 = DIRECTION('',(0.,1.,0.));
#183 = DIRECTION('',(1.,0.,0.));
#184 = ADVANCED_FACE('',(#185),#210,.T.);
#185 = FACE_BOUND('',#186,.T.);
#186 = EDGE_LOOP('',(#187,#195,#196,#204));
#187 = ORIENTED_EDGE('',*,*,#188,.T.);
#188 = EDGE_CURVE('',#189,#128,#191,.T.);
#189 = VERTEX_POINT('',#190);
#190 = CARTESIAN_POINT('',(4.5,-25.75,-12.5));
#191 = LINE('',#192,#193);
#192 = CARTESIAN_POINT('',(4.5,-112.567310606,-12.5));
#193 = VECTOR('',#194,1.);
#194 = DIRECTION('',(0.,1.,0.));
#195 = ORIENTED_EDGE('',*,*,#135,.T.);
#196 = ORIENTED_EDGE('',*,*,#197,.F.);
#197 = EDGE_CURVE('',#198,#136,#200,.T.);
#198 = VERTEX_POINT('',#199);
#199 = CARTESIAN_POINT('',(4.5,-25.75,-13.5));
#200 = LINE('',#201,#202);
#201 = CARTESIAN_POINT('',(4.5,-25.75,-13.5));
#202 = VECTOR('',#203,1.);
#203 = DIRECTION('',(-0.,1.,0.));
#204 = ORIENTED_EDGE('',*,*,#205,.T.);
#205 = EDGE_CURVE('',#198,#189,#206,.T.);
#206 = LINE('',#207,#208);
#207 = CARTESIAN_POINT('',(4.5,-25.75,-13.5));
#208 = VECTOR('',#209,1.);
#209 = DIRECTION('',(0.,0.,1.));
#210 = PLANE('',#211);
#211 = AXIS2_PLACEMENT_3D('',#212,#213,#214);
#212 = CARTESIAN_POINT('',(4.5,-25.13462121212,-11.5028030303));
#213 = DIRECTION('',(-1.,-0.,-0.));
#214 = DIRECTION('',(0.,0.,-1.));
#215 = ADVANCED_FACE('',(#216),#241,.T.);
#216 = FACE_BOUND('',#217,.T.);
#217 = EDGE_LOOP('',(#218,#219,#227,#235));
#218 = ORIENTED_EDGE('',*,*,#158,.T.);
#219 = ORIENTED_EDGE('',*,*,#220,.T.);
#220 = EDGE_CURVE('',#159,#221,#223,.T.);
#221 = VERTEX_POINT('',#222);
#222 = CARTESIAN_POINT('',(7.525,-23.57972457091,-15.75));
#223 = LINE('',#224,#225);
#224 = CARTESIAN_POINT('',(7.525,-25.85,-15.75));
#225 = VECTOR('',#226,1.);
#226 = DIRECTION('',(-0.,1.,0.));
#227 = ORIENTED_EDGE('',*,*,#228,.F.);
#228 = EDGE_CURVE('',#229,#221,#231,.T.);
#229 = VERTEX_POINT('',#230);
#230 = CARTESIAN_POINT('',(7.525,-23.57972457091,-12.5));
#231 = LINE('',#232,#233);
#232 = CARTESIAN_POINT('',(7.525,-23.57972457091,-16.8));
#233 = VECTOR('',#234,1.);
#234 = DIRECTION('',(-0.,-0.,-1.));
#235 = ORIENTED_EDGE('',*,*,#236,.F.);
#236 = EDGE_CURVE('',#151,#229,#237,.T.);
#237 = LINE('',#238,#239);
#238 = CARTESIAN_POINT('',(7.525,-12.925,-12.5));
#239 = VECTOR('',#240,1.);
#240 = DIRECTION('',(-0.,1.,0.));
#241 = PLANE('',#242);
#242 = AXIS2_PLACEMENT_3D('',#243,#244,#245);
#243 = CARTESIAN_POINT('',(7.525,-25.85,-15.75));
#244 = DIRECTION('',(1.,0.,-0.));
#245 = DIRECTION('',(0.,0.,1.));
#246 = ADVANCED_FACE('',(#247),#281,.T.);
#247 = FACE_BOUND('',#248,.T.);
#248 = EDGE_LOOP('',(#249,#259,#267,#275));
#249 = ORIENTED_EDGE('',*,*,#250,.F.);
#250 = EDGE_CURVE('',#251,#253,#255,.T.);
#251 = VERTEX_POINT('',#252);
#252 = CARTESIAN_POINT('',(6.525,-23.65,-12.5));
#253 = VERTEX_POINT('',#254);
#254 = CARTESIAN_POINT('',(-6.525,-23.65,-12.5));
#255 = LINE('',#256,#257);
#256 = CARTESIAN_POINT('',(-3.2625,-23.65,-12.5));
#257 = VECTOR('',#258,1.);
#258 = DIRECTION('',(-1.,0.,0.));
#259 = ORIENTED_EDGE('',*,*,#260,.F.);
#260 = EDGE_CURVE('',#261,#251,#263,.T.);
#261 = VERTEX_POINT('',#262);
#262 = CARTESIAN_POINT('',(6.525,-23.65,-16.8));
#263 = LINE('',#264,#265);
#264 = CARTESIAN_POINT('',(6.525,-23.65,-18.8));
#265 = VECTOR('',#266,1.);
#266 = DIRECTION('',(0.,0.,1.));
#267 = ORIENTED_EDGE('',*,*,#268,.F.);
#268 = EDGE_CURVE('',#269,#261,#271,.T.);
#269 = VERTEX_POINT('',#270);
#270 = CARTESIAN_POINT('',(-6.525,-23.65,-16.8));
#271 = LINE('',#272,#273);
#272 = CARTESIAN_POINT('',(-3.2625,-23.65,-16.8));
#273 = VECTOR('',#274,1.);
#274 = DIRECTION('',(1.,0.,0.));
#275 = ORIENTED_EDGE('',*,*,#276,.T.);
#276 = EDGE_CURVE('',#269,#253,#277,.T.);
#277 = LINE('',#278,#279);
#278 = CARTESIAN_POINT('',(-6.525,-23.65,-18.8));
#279 = VECTOR('',#280,1.);
#280 = DIRECTION('',(0.,0.,1.));
#281 = PLANE('',#282);
#282 = AXIS2_PLACEMENT_3D('',#283,#284,#285);
#283 = CARTESIAN_POINT('',(2.908881287227E-16,-23.65,-14.53479257641));
#284 = DIRECTION('',(0.,1.,0.));
#285 = DIRECTION('',(0.,-0.,1.));
#286 = ADVANCED_FACE('',(#287),#348,.F.);
#287 = FACE_BOUND('',#288,.T.);
#288 = EDGE_LOOP('',(#289,#290,#299,#307,#316,#324,#333,#341));
#289 = ORIENTED_EDGE('',*,*,#276,.F.);
#290 = ORIENTED_EDGE('',*,*,#291,.T.);
#291 = EDGE_CURVE('',#269,#292,#294,.T.);
#292 = VERTEX_POINT('',#293);
#293 = CARTESIAN_POINT('',(-13.675,-16.5,-16.8));
#294 = CIRCLE('',#295,7.15);
#295 = AXIS2_PLACEMENT_3D('',#296,#297,#298);
#296 = CARTESIAN_POINT('',(-6.525,-16.5,-16.8));
#297 = DIRECTION('',(-0.,0.,-1.));
#298 = DIRECTION('',(-1.,9.937660640001E-16,0.));
#299 = ORIENTED_EDGE('',*,*,#300,.T.);
#300 = EDGE_CURVE('',#292,#301,#303,.T.);
#301 = VERTEX_POINT('',#302);
#302 = CARTESIAN_POINT('',(-13.675,-16.5,-12.5));
#303 = LINE('',#304,#305);
#304 = CARTESIAN_POINT('',(-13.675,-16.5,-18.8));
#305 = VECTOR('',#306,1.);
#306 = DIRECTION('',(0.,0.,1.));
#307 = ORIENTED_EDGE('',*,*,#308,.F.);
#308 = EDGE_CURVE('',#309,#301,#311,.T.);
#309 = VERTEX_POINT('',#310);
#310 = CARTESIAN_POINT('',(-13.60472457091,-17.5,-12.5));
#311 = CIRCLE('',#312,7.15);
#312 = AXIS2_PLACEMENT_3D('',#313,#314,#315);
#313 = CARTESIAN_POINT('',(-6.525,-16.5,-12.5));
#314 = DIRECTION('',(-0.,0.,-1.));
#315 = DIRECTION('',(-1.,9.937660640001E-16,0.));
#316 = ORIENTED_EDGE('',*,*,#317,.T.);
#317 = EDGE_CURVE('',#309,#318,#320,.T.);
#318 = VERTEX_POINT('',#319);
#319 = CARTESIAN_POINT('',(-13.60472457091,-17.5,-15.75));
#320 = LINE('',#321,#322);
#321 = CARTESIAN_POINT('',(-13.60472457091,-17.5,-16.8));
#322 = VECTOR('',#323,1.);
#323 = DIRECTION('',(-0.,-0.,-1.));
#324 = ORIENTED_EDGE('',*,*,#325,.F.);
#325 = EDGE_CURVE('',#326,#318,#328,.T.);
#326 = VERTEX_POINT('',#327);
#327 = CARTESIAN_POINT('',(-7.525,-23.57972457091,-15.75));
#328 = CIRCLE('',#329,7.15);
#329 = AXIS2_PLACEMENT_3D('',#330,#331,#332);
#330 = CARTESIAN_POINT('',(-6.525,-16.5,-15.75));
#331 = DIRECTION('',(-0.,0.,-1.));
#332 = DIRECTION('',(-1.,9.937660640001E-16,0.));
#333 = ORIENTED_EDGE('',*,*,#334,.F.);
#334 = EDGE_CURVE('',#335,#326,#337,.T.);
#335 = VERTEX_POINT('',#336);
#336 = CARTESIAN_POINT('',(-7.525,-23.57972457091,-12.5));
#337 = LINE('',#338,#339);
#338 = CARTESIAN_POINT('',(-7.525,-23.57972457091,-16.8));
#339 = VECTOR('',#340,1.);
#340 = DIRECTION('',(-0.,-0.,-1.));
#341 = ORIENTED_EDGE('',*,*,#342,.F.);
#342 = EDGE_CURVE('',#253,#335,#343,.T.);
#343 = CIRCLE('',#344,7.15);
#344 = AXIS2_PLACEMENT_3D('',#345,#346,#347);
#345 = CARTESIAN_POINT('',(-6.525,-16.5,-12.5));
#346 = DIRECTION('',(-0.,0.,-1.));
#347 = DIRECTION('',(-1.,9.937660640001E-16,0.));
#348 = CYLINDRICAL_SURFACE('',#349,7.15);
#349 = AXIS2_PLACEMENT_3D('',#350,#351,#352);
#350 = CARTESIAN_POINT('',(-6.525,-16.5,-18.8));
#351 = DIRECTION('',(-0.,-0.,-1.));
#352 = DIRECTION('',(-1.,9.937660640001E-16,0.));
#353 = ADVANCED_FACE('',(#354,#407),#477,.T.);
#354 = FACE_BOUND('',#355,.T.);
#355 = EDGE_LOOP('',(#356,#365,#373,#382,#390,#399,#405,#406));
#356 = ORIENTED_EDGE('',*,*,#357,.F.);
#357 = EDGE_CURVE('',#358,#261,#360,.T.);
#358 = VERTEX_POINT('',#359);
#359 = CARTESIAN_POINT('',(13.675,-16.5,-16.8));
#360 = CIRCLE('',#361,7.15);
#361 = AXIS2_PLACEMENT_3D('',#362,#363,#364);
#362 = CARTESIAN_POINT('',(6.525,-16.5,-16.8));
#363 = DIRECTION('',(-0.,0.,-1.));
#364 = DIRECTION('',(-7.453245480001E-16,-1.,0.));
#365 = ORIENTED_EDGE('',*,*,#366,.T.);
#366 = EDGE_CURVE('',#358,#367,#369,.T.);
#367 = VERTEX_POINT('',#368);
#368 = CARTESIAN_POINT('',(13.675,16.5,-16.8));
#369 = LINE('',#370,#371);
#370 = CARTESIAN_POINT('',(13.675,-8.25,-16.8));
#371 = VECTOR('',#372,1.);
#372 = DIRECTION('',(0.,1.,-0.));
#373 = ORIENTED_EDGE('',*,*,#374,.F.);
#374 = EDGE_CURVE('',#375,#367,#377,.T.);
#375 = VERTEX_POINT('',#376);
#376 = CARTESIAN_POINT('',(6.525,23.65,-16.8));
#377 = CIRCLE('',#378,7.15);
#378 = AXIS2_PLACEMENT_3D('',#379,#380,#381);
#379 = CARTESIAN_POINT('',(6.525,16.5,-16.8));
#380 = DIRECTION('',(0.,-0.,-1.));
#381 = DIRECTION('',(1.,-9.937660640001E-16,0.));
#382 = ORIENTED_EDGE('',*,*,#383,.T.);
#383 = EDGE_CURVE('',#375,#384,#386,.T.);
#384 = VERTEX_POINT('',#385);
#385 = CARTESIAN_POINT('',(-6.525,23.65,-16.8));
#386 = LINE('',#387,#388);
#387 = CARTESIAN_POINT('',(3.2625,23.65,-16.8));
#388 = VECTOR('',#389,1.);
#389 = DIRECTION('',(-1.,0.,0.));
#390 = ORIENTED_EDGE('',*,*,#391,.F.);
#391 = EDGE_CURVE('',#392,#384,#394,.T.);
#392 = VERTEX_POINT('',#393);
#393 = CARTESIAN_POINT('',(-13.675,16.5,-16.8));
#394 = CIRCLE('',#395,7.15);
#395 = AXIS2_PLACEMENT_3D('',#396,#397,#398);
#396 = CARTESIAN_POINT('',(-6.525,16.5,-16.8));
#397 = DIRECTION('',(0.,-0.,-1.));
#398 = DIRECTION('',(7.453245480001E-16,1.,-0.));
#399 = ORIENTED_EDGE('',*,*,#400,.T.);
#400 = EDGE_CURVE('',#392,#292,#401,.T.);
#401 = LINE('',#402,#403);
#402 = CARTESIAN_POINT('',(-13.675,8.25,-16.8));
#403 = VECTOR('',#404,1.);
#404 = DIRECTION('',(0.,-1.,0.));
#405 = ORIENTED_EDGE('',*,*,#291,.F.);
#406 = ORIENTED_EDGE('',*,*,#268,.T.);
#407 = FACE_BOUND('',#408,.T.);
#408 = EDGE_LOOP('',(#409,#420,#428,#437,#445,#454,#462,#471));
#409 = ORIENTED_EDGE('',*,*,#410,.T.);
#410 = EDGE_CURVE('',#411,#413,#415,.T.);
#411 = VERTEX_POINT('',#412);
#412 = CARTESIAN_POINT('',(12.675,-16.5,-16.8));
#413 = VERTEX_POINT('',#414);
#414 = CARTESIAN_POINT('',(6.525,-22.65,-16.8));
#415 = CIRCLE('',#416,6.15);
#416 = AXIS2_PLACEMENT_3D('',#417,#418,#419);
#417 = CARTESIAN_POINT('',(6.525,-16.5,-16.8));
#418 = DIRECTION('',(-0.,0.,-1.));
#419 = DIRECTION('',(-1.010934786651E-15,-1.,0.));
#420 = ORIENTED_EDGE('',*,*,#421,.T.);
#421 = EDGE_CURVE('',#413,#422,#424,.T.);
#422 = VERTEX_POINT('',#423);
#423 = CARTESIAN_POINT('',(-6.525,-22.65,-16.8));
#424 = LINE('',#425,#426);
#425 = CARTESIAN_POINT('',(-3.2625,-22.65,-16.8));
#426 = VECTOR('',#427,1.);
#427 = DIRECTION('',(-1.,0.,0.));
#428 = ORIENTED_EDGE('',*,*,#429,.T.);
#429 = EDGE_CURVE('',#422,#430,#432,.T.);
#430 = VERTEX_POINT('',#431);
#431 = CARTESIAN_POINT('',(-12.675,-16.5,-16.8));
#432 = CIRCLE('',#433,6.15);
#433 = AXIS2_PLACEMENT_3D('',#434,#435,#436);
#434 = CARTESIAN_POINT('',(-6.525,-16.5,-16.8));
#435 = DIRECTION('',(-0.,0.,-1.));
#436 = DIRECTION('',(-1.,1.155354041886E-15,0.));
#437 = ORIENTED_EDGE('',*,*,#438,.T.);
#438 = EDGE_CURVE('',#430,#439,#441,.T.);
#439 = VERTEX_POINT('',#440);
#440 = CARTESIAN_POINT('',(-12.675,16.5,-16.8));
#441 = LINE('',#442,#443);
#442 = CARTESIAN_POINT('',(-12.675,8.25,-16.8));
#443 = VECTOR('',#444,1.);
#444 = DIRECTION('',(-0.,1.,0.));
#445 = ORIENTED_EDGE('',*,*,#446,.T.);
#446 = EDGE_CURVE('',#439,#447,#449,.T.);
#447 = VERTEX_POINT('',#448);
#448 = CARTESIAN_POINT('',(-6.525,22.65,-16.8));
#449 = CIRCLE('',#450,6.15);
#450 = AXIS2_PLACEMENT_3D('',#451,#452,#453);
#451 = CARTESIAN_POINT('',(-6.525,16.5,-16.8));
#452 = DIRECTION('',(0.,-0.,-1.));
#453 = DIRECTION('',(1.010934786651E-15,1.,-0.));
#454 = ORIENTED_EDGE('',*,*,#455,.T.);
#455 = EDGE_CURVE('',#447,#456,#458,.T.);
#456 = VERTEX_POINT('',#457);
#457 = CARTESIAN_POINT('',(6.525,22.65,-16.8));
#458 = LINE('',#459,#460);
#459 = CARTESIAN_POINT('',(3.2625,22.65,-16.8));
#460 = VECTOR('',#461,1.);
#461 = DIRECTION('',(1.,0.,-0.));
#462 = ORIENTED_EDGE('',*,*,#463,.T.);
#463 = EDGE_CURVE('',#456,#464,#466,.T.);
#464 = VERTEX_POINT('',#465);
#465 = CARTESIAN_POINT('',(12.675,16.5,-16.8));
#466 = CIRCLE('',#467,6.15);
#467 = AXIS2_PLACEMENT_3D('',#468,#469,#470);
#468 = CARTESIAN_POINT('',(6.525,16.5,-16.8));
#469 = DIRECTION('',(0.,-0.,-1.));
#470 = DIRECTION('',(1.,-1.155354041886E-15,0.));
#471 = ORIENTED_EDGE('',*,*,#472,.T.);
#472 = EDGE_CURVE('',#464,#411,#473,.T.);
#473 = LINE('',#474,#475);
#474 = CARTESIAN_POINT('',(12.675,-8.25,-16.8));
#475 = VECTOR('',#476,1.);
#476 = DIRECTION('',(0.,-1.,0.));
#477 = PLANE('',#478);
#478 = AXIS2_PLACEMENT_3D('',#479,#480,#481);
#479 = CARTESIAN_POINT('',(3.497415298167E-16,-3.10881359837E-16,-16.8)
  );
#480 = DIRECTION('',(0.,0.,1.));
#481 = DIRECTION('',(1.,0.,-0.));
#482 = ADVANCED_FACE('',(#483),#527,.F.);
#483 = FACE_BOUND('',#484,.T.);
#484 = EDGE_LOOP('',(#485,#493,#494,#495,#502,#503,#512,#520));
#485 = ORIENTED_EDGE('',*,*,#486,.F.);
#486 = EDGE_CURVE('',#358,#487,#489,.T.);
#487 = VERTEX_POINT('',#488);
#488 = CARTESIAN_POINT('',(13.675,-16.5,-12.5));
#489 = LINE('',#490,#491);
#490 = CARTESIAN_POINT('',(13.675,-16.5,-18.8));
#491 = VECTOR('',#492,1.);
#492 = DIRECTION('',(0.,0.,1.));
#493 = ORIENTED_EDGE('',*,*,#357,.T.);
#494 = ORIENTED_EDGE('',*,*,#260,.T.);
#495 = ORIENTED_EDGE('',*,*,#496,.F.);
#496 = EDGE_CURVE('',#229,#251,#497,.T.);
#497 = CIRCLE('',#498,7.15);
#498 = AXIS2_PLACEMENT_3D('',#499,#500,#501);
#499 = CARTESIAN_POINT('',(6.525,-16.5,-12.5));
#500 = DIRECTION('',(-0.,0.,-1.));
#501 = DIRECTION('',(-7.453245480001E-16,-1.,0.));
#502 = ORIENTED_EDGE('',*,*,#228,.T.);
#503 = ORIENTED_EDGE('',*,*,#504,.F.);
#504 = EDGE_CURVE('',#505,#221,#507,.T.);
#505 = VERTEX_POINT('',#506);
#506 = CARTESIAN_POINT('',(13.604724570914,-17.5,-15.75));
#507 = CIRCLE('',#508,7.15);
#508 = AXIS2_PLACEMENT_3D('',#509,#510,#511);
#509 = CARTESIAN_POINT('',(6.525,-16.5,-15.75));
#510 = DIRECTION('',(-0.,0.,-1.));
#511 = DIRECTION('',(-7.453245480001E-16,-1.,0.));
#512 = ORIENTED_EDGE('',*,*,#513,.F.);
#513 = EDGE_CURVE('',#514,#505,#516,.T.);
#514 = VERTEX_POINT('',#515);
#515 = CARTESIAN_POINT('',(13.604724570914,-17.5,-12.5));
#516 = LINE('',#517,#518);
#517 = CARTESIAN_POINT('',(13.604724570914,-17.5,-16.8));
#518 = VECTOR('',#519,1.);
#519 = DIRECTION('',(-0.,-0.,-1.));
#520 = ORIENTED_EDGE('',*,*,#521,.F.);
#521 = EDGE_CURVE('',#487,#514,#522,.T.);
#522 = CIRCLE('',#523,7.15);
#523 = AXIS2_PLACEMENT_3D('',#524,#525,#526);
#524 = CARTESIAN_POINT('',(6.525,-16.5,-12.5));
#525 = DIRECTION('',(-0.,0.,-1.));
#526 = DIRECTION('',(-7.453245480001E-16,-1.,0.));
#527 = CYLINDRICAL_SURFACE('',#528,7.15);
#528 = AXIS2_PLACEMENT_3D('',#529,#530,#531);
#529 = CARTESIAN_POINT('',(6.525,-16.5,-18.8));
#530 = DIRECTION('',(-0.,-0.,-1.));
#531 = DIRECTION('',(-7.453245480001E-16,-1.,0.));
#532 = ADVANCED_FACE('',(#533),#549,.F.);
#533 = FACE_BOUND('',#534,.F.);
#534 = EDGE_LOOP('',(#535,#536,#542,#543));
#535 = ORIENTED_EDGE('',*,*,#87,.T.);
#536 = ORIENTED_EDGE('',*,*,#537,.T.);
#537 = EDGE_CURVE('',#80,#326,#538,.T.);
#538 = LINE('',#539,#540);
#539 = CARTESIAN_POINT('',(-7.525,-25.85,-15.75));
#540 = VECTOR('',#541,1.);
#541 = DIRECTION('',(-0.,1.,0.));
#542 = ORIENTED_EDGE('',*,*,#334,.F.);
#543 = ORIENTED_EDGE('',*,*,#544,.F.);
#544 = EDGE_CURVE('',#88,#335,#545,.T.);
#545 = LINE('',#546,#547);
#546 = CARTESIAN_POINT('',(-7.525,-12.925,-12.5));
#547 = VECTOR('',#548,1.);
#548 = DIRECTION('',(-0.,1.,0.));
#549 = PLANE('',#550);
#550 = AXIS2_PLACEMENT_3D('',#551,#552,#553);
#551 = CARTESIAN_POINT('',(-7.525,-25.85,-15.75));
#552 = DIRECTION('',(1.,0.,-0.));
#553 = DIRECTION('',(0.,0.,1.));
#554 = ADVANCED_FACE('',(#555),#596,.T.);
#555 = FACE_BOUND('',#556,.T.);
#556 = EDGE_LOOP('',(#557,#567,#575,#581,#582,#590));
#557 = ORIENTED_EDGE('',*,*,#558,.F.);
#558 = EDGE_CURVE('',#559,#561,#563,.T.);
#559 = VERTEX_POINT('',#560);
#560 = CARTESIAN_POINT('',(-7.2,-27.45,-15.3));
#561 = VERTEX_POINT('',#562);
#562 = CARTESIAN_POINT('',(-7.2,-25.05,-15.3));
#563 = LINE('',#564,#565);
#564 = CARTESIAN_POINT('',(-7.2,-27.45,-15.3));
#565 = VECTOR('',#566,1.);
#566 = DIRECTION('',(-0.,1.,0.));
#567 = ORIENTED_EDGE('',*,*,#568,.T.);
#568 = EDGE_CURVE('',#559,#569,#571,.T.);
#569 = VERTEX_POINT('',#570);
#570 = CARTESIAN_POINT('',(-7.2,-27.45,-12.5));
#571 = LINE('',#572,#573);
#572 = CARTESIAN_POINT('',(-7.2,-27.45,-15.3));
#573 = VECTOR('',#574,1.);
#574 = DIRECTION('',(0.,0.,1.));
#575 = ORIENTED_EDGE('',*,*,#576,.T.);
#576 = EDGE_CURVE('',#569,#96,#577,.T.);
#577 = LINE('',#578,#579);
#578 = CARTESIAN_POINT('',(-7.2,-113.0105555555,-12.5));
#579 = VECTOR('',#580,1.);
#580 = DIRECTION('',(0.,1.,0.));
#581 = ORIENTED_EDGE('',*,*,#103,.T.);
#582 = ORIENTED_EDGE('',*,*,#583,.F.);
#583 = EDGE_CURVE('',#584,#104,#586,.T.);
#584 = VERTEX_POINT('',#585);
#585 = CARTESIAN_POINT('',(-7.2,-25.05,-13.5));
#586 = LINE('',#587,#588);
#587 = CARTESIAN_POINT('',(-7.2,-26.25,-13.5));
#588 = VECTOR('',#589,1.);
#589 = DIRECTION('',(-0.,1.,0.));
#590 = ORIENTED_EDGE('',*,*,#591,.F.);
#591 = EDGE_CURVE('',#561,#584,#592,.T.);
#592 = LINE('',#593,#594);
#593 = CARTESIAN_POINT('',(-7.2,-25.05,-15.3));
#594 = VECTOR('',#595,1.);
#595 = DIRECTION('',(0.,0.,1.));
#596 = PLANE('',#597);
#597 = AXIS2_PLACEMENT_3D('',#598,#599,#600);
#598 = CARTESIAN_POINT('',(-7.2,-26.02111111111,-12.20191919191));
#599 = DIRECTION('',(-1.,-0.,-0.));
#600 = DIRECTION('',(0.,0.,-1.));
#601 = ADVANCED_FACE('',(#602),#643,.T.);
#602 = FACE_BOUND('',#603,.T.);
#603 = EDGE_LOOP('',(#604,#614,#622,#630,#636,#637));
#604 = ORIENTED_EDGE('',*,*,#605,.F.);
#605 = EDGE_CURVE('',#606,#608,#610,.T.);
#606 = VERTEX_POINT('',#607);
#607 = CARTESIAN_POINT('',(-4.2,-27.45,-15.3));
#608 = VERTEX_POINT('',#609);
#609 = CARTESIAN_POINT('',(-4.2,-27.45,-12.5));
#610 = LINE('',#611,#612);
#611 = CARTESIAN_POINT('',(-4.2,-27.45,-15.3));
#612 = VECTOR('',#613,1.);
#613 = DIRECTION('',(0.,0.,1.));
#614 = ORIENTED_EDGE('',*,*,#615,.T.);
#615 = EDGE_CURVE('',#606,#616,#618,.T.);
#616 = VERTEX_POINT('',#617);
#617 = CARTESIAN_POINT('',(-4.2,-25.05,-15.3));
#618 = LINE('',#619,#620);
#619 = CARTESIAN_POINT('',(-4.2,-27.45,-15.3));
#620 = VECTOR('',#621,1.);
#621 = DIRECTION('',(-0.,1.,0.));
#622 = ORIENTED_EDGE('',*,*,#623,.T.);
#623 = EDGE_CURVE('',#616,#624,#626,.T.);
#624 = VERTEX_POINT('',#625);
#625 = CARTESIAN_POINT('',(-4.2,-25.05,-13.5));
#626 = LINE('',#627,#628);
#627 = CARTESIAN_POINT('',(-4.2,-25.05,-15.3));
#628 = VECTOR('',#629,1.);
#629 = DIRECTION('',(0.,0.,1.));
#630 = ORIENTED_EDGE('',*,*,#631,.T.);
#631 = EDGE_CURVE('',#624,#112,#632,.T.);
#632 = LINE('',#633,#634);
#633 = CARTESIAN_POINT('',(-4.2,-26.25,-13.5));
#634 = VECTOR('',#635,1.);
#635 = DIRECTION('',(-0.,1.,0.));
#636 = ORIENTED_EDGE('',*,*,#119,.F.);
#637 = ORIENTED_EDGE('',*,*,#638,.T.);
#638 = EDGE_CURVE('',#120,#608,#639,.T.);
#639 = LINE('',#640,#641);
#640 = CARTESIAN_POINT('',(-4.2,-13.01055555555,-12.5));
#641 = VECTOR('',#642,1.);
#642 = DIRECTION('',(0.,-1.,0.));
#643 = PLANE('',#644);
#644 = AXIS2_PLACEMENT_3D('',#645,#646,#647);
#645 = CARTESIAN_POINT('',(-4.2,-26.02111111111,-12.20191919191));
#646 = DIRECTION('',(1.,0.,0.));
#647 = DIRECTION('',(-0.,0.,1.));
#648 = ADVANCED_FACE('',(#649),#677,.T.);
#649 = FACE_BOUND('',#650,.T.);
#650 = EDGE_LOOP('',(#651,#659,#667,#674,#675,#676));
#651 = ORIENTED_EDGE('',*,*,#652,.F.);
#652 = EDGE_CURVE('',#653,#318,#655,.T.);
#653 = VERTEX_POINT('',#654);
#654 = CARTESIAN_POINT('',(-14.875,-17.5,-15.75));
#655 = LINE('',#656,#657);
#656 = CARTESIAN_POINT('',(-15.875,-17.5,-15.75));
#657 = VECTOR('',#658,1.);
#658 = DIRECTION('',(1.,0.,-0.));
#659 = ORIENTED_EDGE('',*,*,#660,.T.);
#660 = EDGE_CURVE('',#653,#661,#663,.T.);
#661 = VERTEX_POINT('',#662);
#662 = CARTESIAN_POINT('',(-14.875,-19.85,-15.75));
#663 = LINE('',#664,#665);
#664 = CARTESIAN_POINT('',(-14.875,-3.,-15.75));
#665 = VECTOR('',#666,1.);
#666 = DIRECTION('',(0.,-1.,0.));
#667 = ORIENTED_EDGE('',*,*,#668,.F.);
#668 = EDGE_CURVE('',#72,#661,#669,.T.);
#669 = CIRCLE('',#670,5.);
#670 = AXIS2_PLACEMENT_3D('',#671,#672,#673);
#671 = CARTESIAN_POINT('',(-9.875,-19.85,-15.75));
#672 = DIRECTION('',(-0.,0.,-1.));
#673 = DIRECTION('',(-1.,0.,0.));
#674 = ORIENTED_EDGE('',*,*,#79,.T.);
#675 = ORIENTED_EDGE('',*,*,#537,.T.);
#676 = ORIENTED_EDGE('',*,*,#325,.T.);
#677 = PLANE('',#678);
#678 = AXIS2_PLACEMENT_3D('',#679,#680,#681);
#679 = CARTESIAN_POINT('',(-15.875,-25.85,-15.75));
#680 = DIRECTION('',(0.,0.,1.));
#681 = DIRECTION('',(1.,0.,-0.));
#682 = ADVANCED_FACE('',(#683),#717,.T.);
#683 = FACE_BOUND('',#684,.T.);
#684 = EDGE_LOOP('',(#685,#695,#703,#709,#710,#711));
#685 = ORIENTED_EDGE('',*,*,#686,.F.);
#686 = EDGE_CURVE('',#687,#689,#691,.T.);
#687 = VERTEX_POINT('',#688);
#688 = CARTESIAN_POINT('',(-16.2,-17.5,-13.5));
#689 = VERTEX_POINT('',#690);
#690 = CARTESIAN_POINT('',(-16.2,-17.5,-12.5));
#691 = LINE('',#692,#693);
#692 = CARTESIAN_POINT('',(-16.2,-17.5,-13.5));
#693 = VECTOR('',#694,1.);
#694 = DIRECTION('',(0.,0.,1.));
#695 = ORIENTED_EDGE('',*,*,#696,.T.);
#696 = EDGE_CURVE('',#687,#697,#699,.T.);
#697 = VERTEX_POINT('',#698);
#698 = CARTESIAN_POINT('',(-14.875,-17.5,-13.5));
#699 = LINE('',#700,#701);
#700 = CARTESIAN_POINT('',(-16.2,-17.5,-13.5));
#701 = VECTOR('',#702,1.);
#702 = DIRECTION('',(1.,0.,-0.));
#703 = ORIENTED_EDGE('',*,*,#704,.F.);
#704 = EDGE_CURVE('',#653,#697,#705,.T.);
#705 = LINE('',#706,#707);
#706 = CARTESIAN_POINT('',(-14.875,-17.5,-16.775));
#707 = VECTOR('',#708,1.);
#708 = DIRECTION('',(0.,0.,1.));
#709 = ORIENTED_EDGE('',*,*,#652,.T.);
#710 = ORIENTED_EDGE('',*,*,#317,.F.);
#711 = ORIENTED_EDGE('',*,*,#712,.T.);
#712 = EDGE_CURVE('',#309,#689,#713,.T.);
#713 = LINE('',#714,#715);
#714 = CARTESIAN_POINT('',(-7.9375,-17.5,-12.5));
#715 = VECTOR('',#716,1.);
#716 = DIRECTION('',(-1.,-0.,0.));
#717 = PLANE('',#718);
#718 = AXIS2_PLACEMENT_3D('',#719,#720,#721);
#719 = CARTESIAN_POINT('',(-15.06480875505,-17.5,-12.5374464696));
#720 = DIRECTION('',(-0.,-1.,-0.));
#721 = DIRECTION('',(0.,0.,-1.));
#722 = ADVANCED_FACE('',(#723),#741,.T.);
#723 = FACE_BOUND('',#724,.T.);
#724 = EDGE_LOOP('',(#725,#726,#727,#735));
#725 = ORIENTED_EDGE('',*,*,#300,.F.);
#726 = ORIENTED_EDGE('',*,*,#400,.F.);
#727 = ORIENTED_EDGE('',*,*,#728,.T.);
#728 = EDGE_CURVE('',#392,#729,#731,.T.);
#729 = VERTEX_POINT('',#730);
#730 = CARTESIAN_POINT('',(-13.675,16.5,-12.5));
#731 = LINE('',#732,#733);
#732 = CARTESIAN_POINT('',(-13.675,16.5,-18.8));
#733 = VECTOR('',#734,1.);
#734 = DIRECTION('',(0.,0.,1.));
#735 = ORIENTED_EDGE('',*,*,#736,.F.);
#736 = EDGE_CURVE('',#301,#729,#737,.T.);
#737 = LINE('',#738,#739);
#738 = CARTESIAN_POINT('',(-13.675,8.25,-12.5));
#739 = VECTOR('',#740,1.);
#740 = DIRECTION('',(-0.,1.,0.));
#741 = PLANE('',#742);
#742 = AXIS2_PLACEMENT_3D('',#743,#744,#745);
#743 = CARTESIAN_POINT('',(-13.675,16.5,-18.8));
#744 = DIRECTION('',(1.,0.,-0.));
#745 = DIRECTION('',(0.,-1.,0.));
#746 = ADVANCED_FACE('',(#747),#800,.F.);
#747 = FACE_BOUND('',#748,.T.);
#748 = EDGE_LOOP('',(#749,#750,#751,#759,#768,#776,#785,#793));
#749 = ORIENTED_EDGE('',*,*,#728,.F.);
#750 = ORIENTED_EDGE('',*,*,#391,.T.);
#751 = ORIENTED_EDGE('',*,*,#752,.T.);
#752 = EDGE_CURVE('',#384,#753,#755,.T.);
#753 = VERTEX_POINT('',#754);
#754 = CARTESIAN_POINT('',(-6.525,23.65,-12.5));
#755 = LINE('',#756,#757);
#756 = CARTESIAN_POINT('',(-6.525,23.65,-18.8));
#757 = VECTOR('',#758,1.);
#758 = DIRECTION('',(0.,0.,1.));
#759 = ORIENTED_EDGE('',*,*,#760,.F.);
#760 = EDGE_CURVE('',#761,#753,#763,.T.);
#761 = VERTEX_POINT('',#762);
#762 = CARTESIAN_POINT('',(-7.525,23.579724570914,-12.5));
#763 = CIRCLE('',#764,7.15);
#764 = AXIS2_PLACEMENT_3D('',#765,#766,#767);
#765 = CARTESIAN_POINT('',(-6.525,16.5,-12.5));
#766 = DIRECTION('',(0.,-0.,-1.));
#767 = DIRECTION('',(7.453245480001E-16,1.,-0.));
#768 = ORIENTED_EDGE('',*,*,#769,.T.);
#769 = EDGE_CURVE('',#761,#770,#772,.T.);
#770 = VERTEX_POINT('',#771);
#771 = CARTESIAN_POINT('',(-7.525,23.579724570914,-15.75));
#772 = LINE('',#773,#774);
#773 = CARTESIAN_POINT('',(-7.525,23.579724570914,-16.8));
#774 = VECTOR('',#775,1.);
#775 = DIRECTION('',(-0.,-0.,-1.));
#776 = ORIENTED_EDGE('',*,*,#777,.F.);
#777 = EDGE_CURVE('',#778,#770,#780,.T.);
#778 = VERTEX_POINT('',#779);
#779 = CARTESIAN_POINT('',(-13.60472457091,17.5,-15.75));
#780 = CIRCLE('',#781,7.15);
#781 = AXIS2_PLACEMENT_3D('',#782,#783,#784);
#782 = CARTESIAN_POINT('',(-6.525,16.5,-15.75));
#783 = DIRECTION('',(0.,-0.,-1.));
#784 = DIRECTION('',(7.453245480001E-16,1.,-0.));
#785 = ORIENTED_EDGE('',*,*,#786,.F.);
#786 = EDGE_CURVE('',#787,#778,#789,.T.);
#787 = VERTEX_POINT('',#788);
#788 = CARTESIAN_POINT('',(-13.60472457091,17.5,-12.5));
#789 = LINE('',#790,#791);
#790 = CARTESIAN_POINT('',(-13.60472457091,17.5,-16.8));
#791 = VECTOR('',#792,1.);
#792 = DIRECTION('',(-0.,-0.,-1.));
#793 = ORIENTED_EDGE('',*,*,#794,.F.);
#794 = EDGE_CURVE('',#729,#787,#795,.T.);
#795 = CIRCLE('',#796,7.15);
#796 = AXIS2_PLACEMENT_3D('',#797,#798,#799);
#797 = CARTESIAN_POINT('',(-6.525,16.5,-12.5));
#798 = DIRECTION('',(0.,-0.,-1.));
#799 = DIRECTION('',(7.453245480001E-16,1.,-0.));
#800 = CYLINDRICAL_SURFACE('',#801,7.15);
#801 = AXIS2_PLACEMENT_3D('',#802,#803,#804);
#802 = CARTESIAN_POINT('',(-6.525,16.5,-18.8));
#803 = DIRECTION('',(-0.,-0.,-1.));
#804 = DIRECTION('',(7.453245480001E-16,1.,-0.));
#805 = ADVANCED_FACE('',(#806),#824,.T.);
#806 = FACE_BOUND('',#807,.T.);
#807 = EDGE_LOOP('',(#808,#816,#817,#818));
#808 = ORIENTED_EDGE('',*,*,#809,.F.);
#809 = EDGE_CURVE('',#753,#810,#812,.T.);
#810 = VERTEX_POINT('',#811);
#811 = CARTESIAN_POINT('',(6.525,23.65,-12.5));
#812 = LINE('',#813,#814);
#813 = CARTESIAN_POINT('',(3.2625,23.65,-12.5));
#814 = VECTOR('',#815,1.);
#815 = DIRECTION('',(1.,0.,-0.));
#816 = ORIENTED_EDGE('',*,*,#752,.F.);
#817 = ORIENTED_EDGE('',*,*,#383,.F.);
#818 = ORIENTED_EDGE('',*,*,#819,.T.);
#819 = EDGE_CURVE('',#375,#810,#820,.T.);
#820 = LINE('',#821,#822);
#821 = CARTESIAN_POINT('',(6.525,23.65,-18.8));
#822 = VECTOR('',#823,1.);
#823 = DIRECTION('',(0.,0.,1.));
#824 = PLANE('',#825);
#825 = AXIS2_PLACEMENT_3D('',#826,#827,#828);
#826 = CARTESIAN_POINT('',(-2.424067739356E-16,23.65,-14.53479257641));
#827 = DIRECTION('',(-0.,-1.,-0.));
#828 = DIRECTION('',(0.,0.,-1.));
#829 = ADVANCED_FACE('',(#830),#883,.F.);
#830 = FACE_BOUND('',#831,.T.);
#831 = EDGE_LOOP('',(#832,#833,#834,#842,#851,#859,#868,#876));
#832 = ORIENTED_EDGE('',*,*,#819,.F.);
#833 = ORIENTED_EDGE('',*,*,#374,.T.);
#834 = ORIENTED_EDGE('',*,*,#835,.T.);
#835 = EDGE_CURVE('',#367,#836,#838,.T.);
#836 = VERTEX_POINT('',#837);
#837 = CARTESIAN_POINT('',(13.675,16.5,-12.5));
#838 = LINE('',#839,#840);
#839 = CARTESIAN_POINT('',(13.675,16.5,-18.8));
#840 = VECTOR('',#841,1.);
#841 = DIRECTION('',(0.,0.,1.));
#842 = ORIENTED_EDGE('',*,*,#843,.F.);
#843 = EDGE_CURVE('',#844,#836,#846,.T.);
#844 = VERTEX_POINT('',#845);
#845 = CARTESIAN_POINT('',(13.604724570914,17.5,-12.5));
#846 = CIRCLE('',#847,7.15);
#847 = AXIS2_PLACEMENT_3D('',#848,#849,#850);
#848 = CARTESIAN_POINT('',(6.525,16.5,-12.5));
#849 = DIRECTION('',(0.,-0.,-1.));
#850 = DIRECTION('',(1.,-9.937660640001E-16,0.));
#851 = ORIENTED_EDGE('',*,*,#852,.T.);
#852 = EDGE_CURVE('',#844,#853,#855,.T.);
#853 = VERTEX_POINT('',#854);
#854 = CARTESIAN_POINT('',(13.604724570914,17.5,-15.75));
#855 = LINE('',#856,#857);
#856 = CARTESIAN_POINT('',(13.604724570914,17.5,-16.8));
#857 = VECTOR('',#858,1.);
#858 = DIRECTION('',(-0.,-0.,-1.));
#859 = ORIENTED_EDGE('',*,*,#860,.F.);
#860 = EDGE_CURVE('',#861,#853,#863,.T.);
#861 = VERTEX_POINT('',#862);
#862 = CARTESIAN_POINT('',(7.525,23.579724570914,-15.75));
#863 = CIRCLE('',#864,7.15);
#864 = AXIS2_PLACEMENT_3D('',#865,#866,#867);
#865 = CARTESIAN_POINT('',(6.525,16.5,-15.75));
#866 = DIRECTION('',(0.,-0.,-1.));
#867 = DIRECTION('',(1.,-9.937660640001E-16,0.));
#868 = ORIENTED_EDGE('',*,*,#869,.F.);
#869 = EDGE_CURVE('',#870,#861,#872,.T.);
#870 = VERTEX_POINT('',#871);
#871 = CARTESIAN_POINT('',(7.525,23.579724570914,-12.5));
#872 = LINE('',#873,#874);
#873 = CARTESIAN_POINT('',(7.525,23.579724570914,-16.8));
#874 = VECTOR('',#875,1.);
#875 = DIRECTION('',(-0.,-0.,-1.));
#876 = ORIENTED_EDGE('',*,*,#877,.F.);
#877 = EDGE_CURVE('',#810,#870,#878,.T.);
#878 = CIRCLE('',#879,7.15);
#879 = AXIS2_PLACEMENT_3D('',#880,#881,#882);
#880 = CARTESIAN_POINT('',(6.525,16.5,-12.5));
#881 = DIRECTION('',(0.,-0.,-1.));
#882 = DIRECTION('',(1.,-9.937660640001E-16,0.));
#883 = CYLINDRICAL_SURFACE('',#884,7.15);
#884 = AXIS2_PLACEMENT_3D('',#885,#886,#887);
#885 = CARTESIAN_POINT('',(6.525,16.5,-18.8));
#886 = DIRECTION('',(-0.,-0.,-1.));
#887 = DIRECTION('',(1.,-9.937660640001E-16,0.));
#888 = ADVANCED_FACE('',(#889),#900,.T.);
#889 = FACE_BOUND('',#890,.T.);
#890 = EDGE_LOOP('',(#891,#892,#893,#894));
#891 = ORIENTED_EDGE('',*,*,#835,.F.);
#892 = ORIENTED_EDGE('',*,*,#366,.F.);
#893 = ORIENTED_EDGE('',*,*,#486,.T.);
#894 = ORIENTED_EDGE('',*,*,#895,.F.);
#895 = EDGE_CURVE('',#836,#487,#896,.T.);
#896 = LINE('',#897,#898);
#897 = CARTESIAN_POINT('',(13.675,-8.25,-12.5));
#898 = VECTOR('',#899,1.);
#899 = DIRECTION('',(0.,-1.,0.));
#900 = PLANE('',#901);
#901 = AXIS2_PLACEMENT_3D('',#902,#903,#904);
#902 = CARTESIAN_POINT('',(13.675,-16.5,-18.8));
#903 = DIRECTION('',(-1.,0.,0.));
#904 = DIRECTION('',(0.,1.,0.));
#905 = ADVANCED_FACE('',(#906),#932,.F.);
#906 = FACE_BOUND('',#907,.T.);
#907 = EDGE_LOOP('',(#908,#919,#925,#926));
#908 = ORIENTED_EDGE('',*,*,#909,.T.);
#909 = EDGE_CURVE('',#910,#912,#914,.T.);
#910 = VERTEX_POINT('',#911);
#911 = CARTESIAN_POINT('',(12.675,-16.5,-17.8));
#912 = VERTEX_POINT('',#913);
#913 = CARTESIAN_POINT('',(6.525,-22.65,-17.8));
#914 = CIRCLE('',#915,6.15);
#915 = AXIS2_PLACEMENT_3D('',#916,#917,#918);
#916 = CARTESIAN_POINT('',(6.525,-16.5,-17.8));
#917 = DIRECTION('',(-0.,0.,-1.));
#918 = DIRECTION('',(-1.010934786651E-15,-1.,0.));
#919 = ORIENTED_EDGE('',*,*,#920,.T.);
#920 = EDGE_CURVE('',#912,#413,#921,.T.);
#921 = LINE('',#922,#923);
#922 = CARTESIAN_POINT('',(6.525,-22.65,-18.8));
#923 = VECTOR('',#924,1.);
#924 = DIRECTION('',(0.,0.,1.));
#925 = ORIENTED_EDGE('',*,*,#410,.F.);
#926 = ORIENTED_EDGE('',*,*,#927,.F.);
#927 = EDGE_CURVE('',#910,#411,#928,.T.);
#928 = LINE('',#929,#930);
#929 = CARTESIAN_POINT('',(12.675,-16.5,-18.8));
#930 = VECTOR('',#931,1.);
#931 = DIRECTION('',(0.,0.,1.));
#932 = CYLINDRICAL_SURFACE('',#933,6.15);
#933 = AXIS2_PLACEMENT_3D('',#934,#935,#936);
#934 = CARTESIAN_POINT('',(6.525,-16.5,-18.8));
#935 = DIRECTION('',(-0.,-0.,-1.));
#936 = DIRECTION('',(-1.010934786651E-15,-1.,0.));
#937 = ADVANCED_FACE('',(#938),#988,.T.);
#938 = FACE_BOUND('',#939,.T.);
#939 = EDGE_LOOP('',(#940,#948,#956,#964,#972,#980,#986,#987));
#940 = ORIENTED_EDGE('',*,*,#941,.F.);
#941 = EDGE_CURVE('',#942,#464,#944,.T.);
#942 = VERTEX_POINT('',#943);
#943 = CARTESIAN_POINT('',(12.675,16.5,-17.8));
#944 = LINE('',#945,#946);
#945 = CARTESIAN_POINT('',(12.675,16.5,-18.8));
#946 = VECTOR('',#947,1.);
#947 = DIRECTION('',(0.,0.,1.));
#948 = ORIENTED_EDGE('',*,*,#949,.T.);
#949 = EDGE_CURVE('',#942,#950,#952,.T.);
#950 = VERTEX_POINT('',#951);
#951 = CARTESIAN_POINT('',(12.675,5.40512454964,-17.8));
#952 = LINE('',#953,#954);
#953 = CARTESIAN_POINT('',(12.675,-8.25,-17.8));
#954 = VECTOR('',#955,1.);
#955 = DIRECTION('',(0.,-1.,0.));
#956 = ORIENTED_EDGE('',*,*,#957,.T.);
#957 = EDGE_CURVE('',#950,#958,#960,.T.);
#958 = VERTEX_POINT('',#959);
#959 = CARTESIAN_POINT('',(12.675,5.40512454964,-17.79));
#960 = LINE('',#961,#962);
#961 = CARTESIAN_POINT('',(12.675,5.40512454964,-25.5));
#962 = VECTOR('',#963,1.);
#963 = DIRECTION('',(0.,0.,1.));
#964 = ORIENTED_EDGE('',*,*,#965,.F.);
#965 = EDGE_CURVE('',#966,#958,#968,.T.);
#966 = VERTEX_POINT('',#967);
#967 = CARTESIAN_POINT('',(12.675,2.59487545036,-17.79));
#968 = LINE('',#969,#970);
#969 = CARTESIAN_POINT('',(12.675,-6.25,-17.79));
#970 = VECTOR('',#971,1.);
#971 = DIRECTION('',(0.,1.,-0.));
#972 = ORIENTED_EDGE('',*,*,#973,.F.);
#973 = EDGE_CURVE('',#974,#966,#976,.T.);
#974 = VERTEX_POINT('',#975);
#975 = CARTESIAN_POINT('',(12.675,2.59487545036,-17.8));
#976 = LINE('',#977,#978);
#977 = CARTESIAN_POINT('',(12.675,2.59487545036,-25.5));
#978 = VECTOR('',#979,1.);
#979 = DIRECTION('',(0.,0.,1.));
#980 = ORIENTED_EDGE('',*,*,#981,.T.);
#981 = EDGE_CURVE('',#974,#910,#982,.T.);
#982 = LINE('',#983,#984);
#983 = CARTESIAN_POINT('',(12.675,-8.25,-17.8));
#984 = VECTOR('',#985,1.);
#985 = DIRECTION('',(0.,-1.,0.));
#986 = ORIENTED_EDGE('',*,*,#927,.T.);
#987 = ORIENTED_EDGE('',*,*,#472,.F.);
#988 = PLANE('',#989);
#989 = AXIS2_PLACEMENT_3D('',#990,#991,#992);
#990 = CARTESIAN_POINT('',(12.675,-16.5,-18.8));
#991 = DIRECTION('',(-1.,0.,0.));
#992 = DIRECTION('',(0.,1.,0.));
#993 = ADVANCED_FACE('',(#994),#1012,.T.);
#994 = FACE_BOUND('',#995,.T.);
#995 = EDGE_LOOP('',(#996,#1004,#1010,#1011));
#996 = ORIENTED_EDGE('',*,*,#997,.T.);
#997 = EDGE_CURVE('',#912,#998,#1000,.T.);
#998 = VERTEX_POINT('',#999);
#999 = CARTESIAN_POINT('',(-6.525,-22.65,-17.8));
#1000 = LINE('',#1001,#1002);
#1001 = CARTESIAN_POINT('',(-3.2625,-22.65,-17.8));
#1002 = VECTOR('',#1003,1.);
#1003 = DIRECTION('',(-1.,0.,0.));
#1004 = ORIENTED_EDGE('',*,*,#1005,.T.);
#1005 = EDGE_CURVE('',#998,#422,#1006,.T.);
#1006 = LINE('',#1007,#1008);
#1007 = CARTESIAN_POINT('',(-6.525,-22.65,-18.8));
#1008 = VECTOR('',#1009,1.);
#1009 = DIRECTION('',(0.,0.,1.));
#1010 = ORIENTED_EDGE('',*,*,#421,.F.);
#1011 = ORIENTED_EDGE('',*,*,#920,.F.);
#1012 = PLANE('',#1013);
#1013 = AXIS2_PLACEMENT_3D('',#1014,#1015,#1016);
#1014 = CARTESIAN_POINT('',(-6.525,-22.65,-18.8));
#1015 = DIRECTION('',(0.,1.,0.));
#1016 = DIRECTION('',(1.,0.,0.));
#1017 = ADVANCED_FACE('',(#1018),#1071,.F.);
#1018 = FACE_BOUND('',#1019,.T.);
#1019 = EDGE_LOOP('',(#1020,#1028,#1037,#1045,#1054,#1062,#1069,#1070));
#1020 = ORIENTED_EDGE('',*,*,#1021,.F.);
#1021 = EDGE_CURVE('',#1022,#456,#1024,.T.);
#1022 = VERTEX_POINT('',#1023);
#1023 = CARTESIAN_POINT('',(6.525,22.65,-17.8));
#1024 = LINE('',#1025,#1026);
#1025 = CARTESIAN_POINT('',(6.525,22.65,-18.8));
#1026 = VECTOR('',#1027,1.);
#1027 = DIRECTION('',(0.,0.,1.));
#1028 = ORIENTED_EDGE('',*,*,#1029,.T.);
#1029 = EDGE_CURVE('',#1022,#1030,#1032,.T.);
#1030 = VERTEX_POINT('',#1031);
#1031 = CARTESIAN_POINT('',(11.713057955187,19.802507328323,-17.8));
#1032 = CIRCLE('',#1033,6.15);
#1033 = AXIS2_PLACEMENT_3D('',#1034,#1035,#1036);
#1034 = CARTESIAN_POINT('',(6.525,16.5,-17.8));
#1035 = DIRECTION('',(0.,-0.,-1.));
#1036 = DIRECTION('',(1.,-1.155354041886E-15,0.));
#1037 = ORIENTED_EDGE('',*,*,#1038,.F.);
#1038 = EDGE_CURVE('',#1039,#1030,#1041,.T.);
#1039 = VERTEX_POINT('',#1040);
#1040 = CARTESIAN_POINT('',(11.713057955187,19.802507328323,-17.79));
#1041 = LINE('',#1042,#1043);
#1042 = CARTESIAN_POINT('',(11.713057955187,19.802507328323,-18.8));
#1043 = VECTOR('',#1044,1.);
#1044 = DIRECTION('',(-0.,-0.,-1.));
#1045 = ORIENTED_EDGE('',*,*,#1046,.T.);
#1046 = EDGE_CURVE('',#1039,#1047,#1049,.T.);
#1047 = VERTEX_POINT('',#1048);
#1048 = CARTESIAN_POINT('',(12.191923120631,18.889243048511,-17.79));
#1049 = CIRCLE('',#1050,6.15);
#1050 = AXIS2_PLACEMENT_3D('',#1051,#1052,#1053);
#1051 = CARTESIAN_POINT('',(6.525,16.5,-17.79));
#1052 = DIRECTION('',(0.,-0.,-1.));
#1053 = DIRECTION('',(1.,-1.155354041886E-15,0.));
#1054 = ORIENTED_EDGE('',*,*,#1055,.T.);
#1055 = EDGE_CURVE('',#1047,#1056,#1058,.T.);
#1056 = VERTEX_POINT('',#1057);
#1057 = CARTESIAN_POINT('',(12.191923120631,18.889243048511,-17.8));
#1058 = LINE('',#1059,#1060);
#1059 = CARTESIAN_POINT('',(12.191923120631,18.889243048511,-18.8));
#1060 = VECTOR('',#1061,1.);
#1061 = DIRECTION('',(-0.,-0.,-1.));
#1062 = ORIENTED_EDGE('',*,*,#1063,.T.);
#1063 = EDGE_CURVE('',#1056,#942,#1064,.T.);
#1064 = CIRCLE('',#1065,6.15);
#1065 = AXIS2_PLACEMENT_3D('',#1066,#1067,#1068);
#1066 = CARTESIAN_POINT('',(6.525,16.5,-17.8));
#1067 = DIRECTION('',(0.,-0.,-1.));
#1068 = DIRECTION('',(1.,-1.155354041886E-15,0.));
#1069 = ORIENTED_EDGE('',*,*,#941,.T.);
#1070 = ORIENTED_EDGE('',*,*,#463,.F.);
#1071 = CYLINDRICAL_SURFACE('',#1072,6.15);
#1072 = AXIS2_PLACEMENT_3D('',#1073,#1074,#1075);
#1073 = CARTESIAN_POINT('',(6.525,16.5,-18.8));
#1074 = DIRECTION('',(-0.,-0.,-1.));
#1075 = DIRECTION('',(1.,-1.155354041886E-15,0.));
#1076 = ADVANCED_FACE('',(#1077),#1096,.F.);
#1077 = FACE_BOUND('',#1078,.T.);
#1078 = EDGE_LOOP('',(#1079,#1088,#1094,#1095));
#1079 = ORIENTED_EDGE('',*,*,#1080,.T.);
#1080 = EDGE_CURVE('',#998,#1081,#1083,.T.);
#1081 = VERTEX_POINT('',#1082);
#1082 = CARTESIAN_POINT('',(-12.675,-16.5,-17.8));
#1083 = CIRCLE('',#1084,6.15);
#1084 = AXIS2_PLACEMENT_3D('',#1085,#1086,#1087);
#1085 = CARTESIAN_POINT('',(-6.525,-16.5,-17.8));
#1086 = DIRECTION('',(-0.,0.,-1.));
#1087 = DIRECTION('',(-1.,1.155354041886E-15,0.));
#1088 = ORIENTED_EDGE('',*,*,#1089,.T.);
#1089 = EDGE_CURVE('',#1081,#430,#1090,.T.);
#1090 = LINE('',#1091,#1092);
#1091 = CARTESIAN_POINT('',(-12.675,-16.5,-18.8));
#1092 = VECTOR('',#1093,1.);
#1093 = DIRECTION('',(0.,0.,1.));
#1094 = ORIENTED_EDGE('',*,*,#429,.F.);
#1095 = ORIENTED_EDGE('',*,*,#1005,.F.);
#1096 = CYLINDRICAL_SURFACE('',#1097,6.15);
#1097 = AXIS2_PLACEMENT_3D('',#1098,#1099,#1100);
#1098 = CARTESIAN_POINT('',(-6.525,-16.5,-18.8));
#1099 = DIRECTION('',(-0.,-0.,-1.));
#1100 = DIRECTION('',(-1.,1.155354041886E-15,0.));
#1101 = ADVANCED_FACE('',(#1102),#1120,.T.);
#1102 = FACE_BOUND('',#1103,.T.);
#1103 = EDGE_LOOP('',(#1104,#1112,#1113,#1114));
#1104 = ORIENTED_EDGE('',*,*,#1105,.T.);
#1105 = EDGE_CURVE('',#1106,#1022,#1108,.T.);
#1106 = VERTEX_POINT('',#1107);
#1107 = CARTESIAN_POINT('',(-6.525,22.65,-17.8));
#1108 = LINE('',#1109,#1110);
#1109 = CARTESIAN_POINT('',(3.2625,22.65,-17.8));
#1110 = VECTOR('',#1111,1.);
#1111 = DIRECTION('',(1.,0.,-0.));
#1112 = ORIENTED_EDGE('',*,*,#1021,.T.);
#1113 = ORIENTED_EDGE('',*,*,#455,.F.);
#1114 = ORIENTED_EDGE('',*,*,#1115,.F.);
#1115 = EDGE_CURVE('',#1106,#447,#1116,.T.);
#1116 = LINE('',#1117,#1118);
#1117 = CARTESIAN_POINT('',(-6.525,22.65,-18.8));
#1118 = VECTOR('',#1119,1.);
#1119 = DIRECTION('',(0.,0.,1.));
#1120 = PLANE('',#1121);
#1121 = AXIS2_PLACEMENT_3D('',#1122,#1123,#1124);
#1122 = CARTESIAN_POINT('',(6.525,22.65,-18.8));
#1123 = DIRECTION('',(0.,-1.,0.));
#1124 = DIRECTION('',(-1.,0.,0.));
#1125 = ADVANCED_FACE('',(#1126),#1176,.T.);
#1126 = FACE_BOUND('',#1127,.T.);
#1127 = EDGE_LOOP('',(#1128,#1129,#1137,#1145,#1153,#1161,#1169,#1175));
#1128 = ORIENTED_EDGE('',*,*,#1089,.F.);
#1129 = ORIENTED_EDGE('',*,*,#1130,.T.);
#1130 = EDGE_CURVE('',#1081,#1131,#1133,.T.);
#1131 = VERTEX_POINT('',#1132);
#1132 = CARTESIAN_POINT('',(-12.675,2.59487545036,-17.8));
#1133 = LINE('',#1134,#1135);
#1134 = CARTESIAN_POINT('',(-12.675,8.25,-17.8));
#1135 = VECTOR('',#1136,1.);
#1136 = DIRECTION('',(-0.,1.,0.));
#1137 = ORIENTED_EDGE('',*,*,#1138,.T.);
#1138 = EDGE_CURVE('',#1131,#1139,#1141,.T.);
#1139 = VERTEX_POINT('',#1140);
#1140 = CARTESIAN_POINT('',(-12.675,2.59487545036,-17.79));
#1141 = LINE('',#1142,#1143);
#1142 = CARTESIAN_POINT('',(-12.675,2.59487545036,-25.5));
#1143 = VECTOR('',#1144,1.);
#1144 = DIRECTION('',(0.,0.,1.));
#1145 = ORIENTED_EDGE('',*,*,#1146,.F.);
#1146 = EDGE_CURVE('',#1147,#1139,#1149,.T.);
#1147 = VERTEX_POINT('',#1148);
#1148 = CARTESIAN_POINT('',(-12.675,5.40512454964,-17.79));
#1149 = LINE('',#1150,#1151);
#1150 = CARTESIAN_POINT('',(-12.675,10.25,-17.79));
#1151 = VECTOR('',#1152,1.);
#1152 = DIRECTION('',(0.,-1.,0.));
#1153 = ORIENTED_EDGE('',*,*,#1154,.F.);
#1154 = EDGE_CURVE('',#1155,#1147,#1157,.T.);
#1155 = VERTEX_POINT('',#1156);
#1156 = CARTESIAN_POINT('',(-12.675,5.40512454964,-17.8));
#1157 = LINE('',#1158,#1159);
#1158 = CARTESIAN_POINT('',(-12.675,5.40512454964,-25.5));
#1159 = VECTOR('',#1160,1.);
#1160 = DIRECTION('',(0.,0.,1.));
#1161 = ORIENTED_EDGE('',*,*,#1162,.T.);
#1162 = EDGE_CURVE('',#1155,#1163,#1165,.T.);
#1163 = VERTEX_POINT('',#1164);
#1164 = CARTESIAN_POINT('',(-12.675,16.5,-17.8));
#1165 = LINE('',#1166,#1167);
#1166 = CARTESIAN_POINT('',(-12.675,8.25,-17.8));
#1167 = VECTOR('',#1168,1.);
#1168 = DIRECTION('',(-0.,1.,0.));
#1169 = ORIENTED_EDGE('',*,*,#1170,.T.);
#1170 = EDGE_CURVE('',#1163,#439,#1171,.T.);
#1171 = LINE('',#1172,#1173);
#1172 = CARTESIAN_POINT('',(-12.675,16.5,-18.8));
#1173 = VECTOR('',#1174,1.);
#1174 = DIRECTION('',(0.,0.,1.));
#1175 = ORIENTED_EDGE('',*,*,#438,.F.);
#1176 = PLANE('',#1177);
#1177 = AXIS2_PLACEMENT_3D('',#1178,#1179,#1180);
#1178 = CARTESIAN_POINT('',(-12.675,16.5,-18.8));
#1179 = DIRECTION('',(1.,0.,-0.));
#1180 = DIRECTION('',(0.,-1.,0.));
#1181 = ADVANCED_FACE('',(#1182),#1228,.F.);
#1182 = FACE_BOUND('',#1183,.T.);
#1183 = EDGE_LOOP('',(#1184,#1185,#1194,#1202,#1211,#1219,#1226,#1227));
#1184 = ORIENTED_EDGE('',*,*,#1170,.F.);
#1185 = ORIENTED_EDGE('',*,*,#1186,.T.);
#1186 = EDGE_CURVE('',#1163,#1187,#1189,.T.);
#1187 = VERTEX_POINT('',#1188);
#1188 = CARTESIAN_POINT('',(-12.19192312063,18.889243048511,-17.8));
#1189 = CIRCLE('',#1190,6.15);
#1190 = AXIS2_PLACEMENT_3D('',#1191,#1192,#1193);
#1191 = CARTESIAN_POINT('',(-6.525,16.5,-17.8));
#1192 = DIRECTION('',(0.,-0.,-1.));
#1193 = DIRECTION('',(1.010934786651E-15,1.,-0.));
#1194 = ORIENTED_EDGE('',*,*,#1195,.F.);
#1195 = EDGE_CURVE('',#1196,#1187,#1198,.T.);
#1196 = VERTEX_POINT('',#1197);
#1197 = CARTESIAN_POINT('',(-12.19192312063,18.889243048511,-17.79));
#1198 = LINE('',#1199,#1200);
#1199 = CARTESIAN_POINT('',(-12.19192312063,18.889243048511,-18.8));
#1200 = VECTOR('',#1201,1.);
#1201 = DIRECTION('',(-0.,-0.,-1.));
#1202 = ORIENTED_EDGE('',*,*,#1203,.T.);
#1203 = EDGE_CURVE('',#1196,#1204,#1206,.T.);
#1204 = VERTEX_POINT('',#1205);
#1205 = CARTESIAN_POINT('',(-11.71305795518,19.802507328323,-17.79));
#1206 = CIRCLE('',#1207,6.15);
#1207 = AXIS2_PLACEMENT_3D('',#1208,#1209,#1210);
#1208 = CARTESIAN_POINT('',(-6.525,16.5,-17.79));
#1209 = DIRECTION('',(0.,-0.,-1.));
#1210 = DIRECTION('',(1.010934786651E-15,1.,-0.));
#1211 = ORIENTED_EDGE('',*,*,#1212,.T.);
#1212 = EDGE_CURVE('',#1204,#1213,#1215,.T.);
#1213 = VERTEX_POINT('',#1214);
#1214 = CARTESIAN_POINT('',(-11.71305795518,19.802507328323,-17.8));
#1215 = LINE('',#1216,#1217);
#1216 = CARTESIAN_POINT('',(-11.71305795518,19.802507328323,-18.8));
#1217 = VECTOR('',#1218,1.);
#1218 = DIRECTION('',(-0.,-0.,-1.));
#1219 = ORIENTED_EDGE('',*,*,#1220,.T.);
#1220 = EDGE_CURVE('',#1213,#1106,#1221,.T.);
#1221 = CIRCLE('',#1222,6.15);
#1222 = AXIS2_PLACEMENT_3D('',#1223,#1224,#1225);
#1223 = CARTESIAN_POINT('',(-6.525,16.5,-17.8));
#1224 = DIRECTION('',(0.,-0.,-1.));
#1225 = DIRECTION('',(1.010934786651E-15,1.,-0.));
#1226 = ORIENTED_EDGE('',*,*,#1115,.T.);
#1227 = ORIENTED_EDGE('',*,*,#446,.F.);
#1228 = CYLINDRICAL_SURFACE('',#1229,6.15);
#1229 = AXIS2_PLACEMENT_3D('',#1230,#1231,#1232);
#1230 = CARTESIAN_POINT('',(-6.525,16.5,-18.8));
#1231 = DIRECTION('',(-0.,-0.,-1.));
#1232 = DIRECTION('',(1.010934786651E-15,1.,-0.));
#1233 = ADVANCED_FACE('',(#1234),#1275,.T.);
#1234 = FACE_BOUND('',#1235,.T.);
#1235 = EDGE_LOOP('',(#1236,#1246,#1252,#1253,#1261,#1269));
#1236 = ORIENTED_EDGE('',*,*,#1237,.T.);
#1237 = EDGE_CURVE('',#1238,#1240,#1242,.T.);
#1238 = VERTEX_POINT('',#1239);
#1239 = CARTESIAN_POINT('',(16.2,-17.5,-13.5));
#1240 = VERTEX_POINT('',#1241);
#1241 = CARTESIAN_POINT('',(16.2,-17.5,-12.5));
#1242 = LINE('',#1243,#1244);
#1243 = CARTESIAN_POINT('',(16.2,-17.5,-13.5));
#1244 = VECTOR('',#1245,1.);
#1245 = DIRECTION('',(0.,0.,1.));
#1246 = ORIENTED_EDGE('',*,*,#1247,.T.);
#1247 = EDGE_CURVE('',#1240,#514,#1248,.T.);
#1248 = LINE('',#1249,#1250);
#1249 = CARTESIAN_POINT('',(-92.46759562247,-17.5,-12.5));
#1250 = VECTOR('',#1251,1.);
#1251 = DIRECTION('',(-1.,0.,0.));
#1252 = ORIENTED_EDGE('',*,*,#513,.T.);
#1253 = ORIENTED_EDGE('',*,*,#1254,.T.);
#1254 = EDGE_CURVE('',#505,#1255,#1257,.T.);
#1255 = VERTEX_POINT('',#1256);
#1256 = CARTESIAN_POINT('',(14.875,-17.5,-15.75));
#1257 = LINE('',#1258,#1259);
#1258 = CARTESIAN_POINT('',(7.525,-17.5,-15.75));
#1259 = VECTOR('',#1260,1.);
#1260 = DIRECTION('',(1.,0.,-0.));
#1261 = ORIENTED_EDGE('',*,*,#1262,.F.);
#1262 = EDGE_CURVE('',#1263,#1255,#1265,.T.);
#1263 = VERTEX_POINT('',#1264);
#1264 = CARTESIAN_POINT('',(14.875,-17.5,-13.5));
#1265 = LINE('',#1266,#1267);
#1266 = CARTESIAN_POINT('',(14.875,-17.5,-16.775));
#1267 = VECTOR('',#1268,1.);
#1268 = DIRECTION('',(0.,0.,-1.));
#1269 = ORIENTED_EDGE('',*,*,#1270,.T.);
#1270 = EDGE_CURVE('',#1263,#1238,#1271,.T.);
#1271 = LINE('',#1272,#1273);
#1272 = CARTESIAN_POINT('',(13.875,-17.5,-13.5));
#1273 = VECTOR('',#1274,1.);
#1274 = DIRECTION('',(1.,0.,-0.));
#1275 = PLANE('',#1276);
#1276 = AXIS2_PLACEMENT_3D('',#1277,#1278,#1279);
#1277 = CARTESIAN_POINT('',(15.064808755058,-17.5,-12.5374464696));
#1278 = DIRECTION('',(-0.,-1.,-0.));
#1279 = DIRECTION('',(0.,0.,-1.));
#1280 = ADVANCED_FACE('',(#1281),#1302,.T.);
#1281 = FACE_BOUND('',#1282,.T.);
#1282 = EDGE_LOOP('',(#1283,#1284,#1285,#1294,#1300,#1301));
#1283 = ORIENTED_EDGE('',*,*,#220,.F.);
#1284 = ORIENTED_EDGE('',*,*,#166,.T.);
#1285 = ORIENTED_EDGE('',*,*,#1286,.F.);
#1286 = EDGE_CURVE('',#1287,#167,#1289,.T.);
#1287 = VERTEX_POINT('',#1288);
#1288 = CARTESIAN_POINT('',(14.875,-19.85,-15.75));
#1289 = CIRCLE('',#1290,5.);
#1290 = AXIS2_PLACEMENT_3D('',#1291,#1292,#1293);
#1291 = CARTESIAN_POINT('',(9.875,-19.85,-15.75));
#1292 = DIRECTION('',(-0.,-0.,-1.));
#1293 = DIRECTION('',(0.,-1.,0.));
#1294 = ORIENTED_EDGE('',*,*,#1295,.T.);
#1295 = EDGE_CURVE('',#1287,#1255,#1296,.T.);
#1296 = LINE('',#1297,#1298);
#1297 = CARTESIAN_POINT('',(14.875,-22.85,-15.75));
#1298 = VECTOR('',#1299,1.);
#1299 = DIRECTION('',(0.,1.,-0.));
#1300 = ORIENTED_EDGE('',*,*,#1254,.F.);
#1301 = ORIENTED_EDGE('',*,*,#504,.T.);
#1302 = PLANE('',#1303);
#1303 = AXIS2_PLACEMENT_3D('',#1304,#1305,#1306);
#1304 = CARTESIAN_POINT('',(7.525,-25.85,-15.75));
#1305 = DIRECTION('',(0.,0.,1.));
#1306 = DIRECTION('',(1.,0.,-0.));
#1307 = ADVANCED_FACE('',(#1308),#1324,.F.);
#1308 = FACE_BOUND('',#1309,.F.);
#1309 = EDGE_LOOP('',(#1310,#1311,#1317,#1318));
#1310 = ORIENTED_EDGE('',*,*,#21,.F.);
#1311 = ORIENTED_EDGE('',*,*,#1312,.F.);
#1312 = EDGE_CURVE('',#198,#22,#1313,.T.);
#1313 = LINE('',#1314,#1315);
#1314 = CARTESIAN_POINT('',(4.5,-25.75,-13.5));
#1315 = VECTOR('',#1316,1.);
#1316 = DIRECTION('',(1.,0.,-0.));
#1317 = ORIENTED_EDGE('',*,*,#205,.T.);
#1318 = ORIENTED_EDGE('',*,*,#1319,.T.);
#1319 = EDGE_CURVE('',#189,#24,#1320,.T.);
#1320 = LINE('',#1321,#1322);
#1321 = CARTESIAN_POINT('',(-97.75,-25.75,-12.5));
#1322 = VECTOR('',#1323,1.);
#1323 = DIRECTION('',(1.,0.,-0.));
#1324 = PLANE('',#1325);
#1325 = AXIS2_PLACEMENT_3D('',#1326,#1327,#1328);
#1326 = CARTESIAN_POINT('',(4.5,-25.75,-13.5));
#1327 = DIRECTION('',(-0.,1.,0.));
#1328 = DIRECTION('',(0.,0.,1.));
#1329 = ADVANCED_FACE('',(#1330),#1336,.T.);
#1330 = FACE_BOUND('',#1331,.T.);
#1331 = EDGE_LOOP('',(#1332,#1333,#1334,#1335));
#1332 = ORIENTED_EDGE('',*,*,#197,.T.);
#1333 = ORIENTED_EDGE('',*,*,#143,.T.);
#1334 = ORIENTED_EDGE('',*,*,#31,.F.);
#1335 = ORIENTED_EDGE('',*,*,#1312,.F.);
#1336 = PLANE('',#1337);
#1337 = AXIS2_PLACEMENT_3D('',#1338,#1339,#1340);
#1338 = CARTESIAN_POINT('',(5.75,-25.3,-13.5));
#1339 = DIRECTION('',(-0.,-0.,-1.));
#1340 = DIRECTION('',(-1.,0.,0.));
#1341 = ADVANCED_FACE('',(#1342,#1467),#1680,.T.);
#1342 = FACE_BOUND('',#1343,.T.);
#1343 = EDGE_LOOP('',(#1344,#1353,#1361,#1370,#1378,#1387,#1395,#1403,
    #1411,#1419,#1427,#1435,#1443,#1451,#1459,#1466));
#1344 = ORIENTED_EDGE('',*,*,#1345,.F.);
#1345 = EDGE_CURVE('',#1346,#62,#1348,.T.);
#1346 = VERTEX_POINT('',#1347);
#1347 = CARTESIAN_POINT('',(-14.875,-19.85,-17.8));
#1348 = CIRCLE('',#1349,5.);
#1349 = AXIS2_PLACEMENT_3D('',#1350,#1351,#1352);
#1350 = CARTESIAN_POINT('',(-9.875,-19.85,-17.8));
#1351 = DIRECTION('',(0.,0.,1.));
#1352 = DIRECTION('',(-1.,0.,0.));
#1353 = ORIENTED_EDGE('',*,*,#1354,.F.);
#1354 = EDGE_CURVE('',#1355,#1346,#1357,.T.);
#1355 = VERTEX_POINT('',#1356);
#1356 = CARTESIAN_POINT('',(-14.875,19.85,-17.8));
#1357 = LINE('',#1358,#1359);
#1358 = CARTESIAN_POINT('',(-14.875,19.85,-17.8));
#1359 = VECTOR('',#1360,1.);
#1360 = DIRECTION('',(0.,-1.,0.));
#1361 = ORIENTED_EDGE('',*,*,#1362,.F.);
#1362 = EDGE_CURVE('',#1363,#1355,#1365,.T.);
#1363 = VERTEX_POINT('',#1364);
#1364 = CARTESIAN_POINT('',(-9.875,24.85,-17.8));
#1365 = CIRCLE('',#1366,5.);
#1366 = AXIS2_PLACEMENT_3D('',#1367,#1368,#1369);
#1367 = CARTESIAN_POINT('',(-9.875,19.85,-17.8));
#1368 = DIRECTION('',(0.,-0.,1.));
#1369 = DIRECTION('',(0.,1.,0.));
#1370 = ORIENTED_EDGE('',*,*,#1371,.F.);
#1371 = EDGE_CURVE('',#1372,#1363,#1374,.T.);
#1372 = VERTEX_POINT('',#1373);
#1373 = CARTESIAN_POINT('',(9.875,24.85,-17.8));
#1374 = LINE('',#1375,#1376);
#1375 = CARTESIAN_POINT('',(9.875,24.85,-17.8));
#1376 = VECTOR('',#1377,1.);
#1377 = DIRECTION('',(-1.,0.,0.));
#1378 = ORIENTED_EDGE('',*,*,#1379,.F.);
#1379 = EDGE_CURVE('',#1380,#1372,#1382,.T.);
#1380 = VERTEX_POINT('',#1381);
#1381 = CARTESIAN_POINT('',(14.875,19.85,-17.8));
#1382 = CIRCLE('',#1383,5.);
#1383 = AXIS2_PLACEMENT_3D('',#1384,#1385,#1386);
#1384 = CARTESIAN_POINT('',(9.875,19.85,-17.8));
#1385 = DIRECTION('',(0.,0.,1.));
#1386 = DIRECTION('',(1.,0.,-0.));
#1387 = ORIENTED_EDGE('',*,*,#1388,.F.);
#1388 = EDGE_CURVE('',#1389,#1380,#1391,.T.);
#1389 = VERTEX_POINT('',#1390);
#1390 = CARTESIAN_POINT('',(14.875,16.2,-17.8));
#1391 = LINE('',#1392,#1393);
#1392 = CARTESIAN_POINT('',(14.875,-19.85,-17.8));
#1393 = VECTOR('',#1394,1.);
#1394 = DIRECTION('',(0.,1.,0.));
#1395 = ORIENTED_EDGE('',*,*,#1396,.T.);
#1396 = EDGE_CURVE('',#1389,#1397,#1399,.T.);
#1397 = VERTEX_POINT('',#1398);
#1398 = CARTESIAN_POINT('',(13.875,16.2,-17.8));
#1399 = LINE('',#1400,#1401);
#1400 = CARTESIAN_POINT('',(6.9375,16.2,-17.8));
#1401 = VECTOR('',#1402,1.);
#1402 = DIRECTION('',(-1.,-0.,0.));
#1403 = ORIENTED_EDGE('',*,*,#1404,.F.);
#1404 = EDGE_CURVE('',#1405,#1397,#1407,.T.);
#1405 = VERTEX_POINT('',#1406);
#1406 = CARTESIAN_POINT('',(13.875,15.2,-17.8));
#1407 = LINE('',#1408,#1409);
#1408 = CARTESIAN_POINT('',(13.875,7.6,-17.8));
#1409 = VECTOR('',#1410,1.);
#1410 = DIRECTION('',(-0.,1.,0.));
#1411 = ORIENTED_EDGE('',*,*,#1412,.F.);
#1412 = EDGE_CURVE('',#1413,#1405,#1415,.T.);
#1413 = VERTEX_POINT('',#1414);
#1414 = CARTESIAN_POINT('',(14.875,15.2,-17.8));
#1415 = LINE('',#1416,#1417);
#1416 = CARTESIAN_POINT('',(6.9375,15.2,-17.8));
#1417 = VECTOR('',#1418,1.);
#1418 = DIRECTION('',(-1.,-0.,0.));
#1419 = ORIENTED_EDGE('',*,*,#1420,.F.);
#1420 = EDGE_CURVE('',#1421,#1413,#1423,.T.);
#1421 = VERTEX_POINT('',#1422);
#1422 = CARTESIAN_POINT('',(14.875,-15.2,-17.8));
#1423 = LINE('',#1424,#1425);
#1424 = CARTESIAN_POINT('',(14.875,-19.85,-17.8));
#1425 = VECTOR('',#1426,1.);
#1426 = DIRECTION('',(0.,1.,0.));
#1427 = ORIENTED_EDGE('',*,*,#1428,.T.);
#1428 = EDGE_CURVE('',#1421,#1429,#1431,.T.);
#1429 = VERTEX_POINT('',#1430);
#1430 = CARTESIAN_POINT('',(13.875,-15.2,-17.8));
#1431 = LINE('',#1432,#1433);
#1432 = CARTESIAN_POINT('',(6.9375,-15.2,-17.8));
#1433 = VECTOR('',#1434,1.);
#1434 = DIRECTION('',(-1.,-0.,0.));
#1435 = ORIENTED_EDGE('',*,*,#1436,.F.);
#1436 = EDGE_CURVE('',#1437,#1429,#1439,.T.);
#1437 = VERTEX_POINT('',#1438);
#1438 = CARTESIAN_POINT('',(13.875,-16.2,-17.8));
#1439 = LINE('',#1440,#1441);
#1440 = CARTESIAN_POINT('',(13.875,-8.1,-17.8));
#1441 = VECTOR('',#1442,1.);
#1442 = DIRECTION('',(-0.,1.,0.));
#1443 = ORIENTED_EDGE('',*,*,#1444,.F.);
#1444 = EDGE_CURVE('',#1445,#1437,#1447,.T.);
#1445 = VERTEX_POINT('',#1446);
#1446 = CARTESIAN_POINT('',(14.875,-16.2,-17.8));
#1447 = LINE('',#1448,#1449);
#1448 = CARTESIAN_POINT('',(6.9375,-16.2,-17.8));
#1449 = VECTOR('',#1450,1.);
#1450 = DIRECTION('',(-1.,-0.,0.));
#1451 = ORIENTED_EDGE('',*,*,#1452,.F.);
#1452 = EDGE_CURVE('',#1453,#1445,#1455,.T.);
#1453 = VERTEX_POINT('',#1454);
#1454 = CARTESIAN_POINT('',(14.875,-19.85,-17.8));
#1455 = LINE('',#1456,#1457);
#1456 = CARTESIAN_POINT('',(14.875,-19.85,-17.8));
#1457 = VECTOR('',#1458,1.);
#1458 = DIRECTION('',(0.,1.,0.));
#1459 = ORIENTED_EDGE('',*,*,#1460,.F.);
#1460 = EDGE_CURVE('',#64,#1453,#1461,.T.);
#1461 = CIRCLE('',#1462,5.);
#1462 = AXIS2_PLACEMENT_3D('',#1463,#1464,#1465);
#1463 = CARTESIAN_POINT('',(9.875,-19.85,-17.8));
#1464 = DIRECTION('',(0.,0.,1.));
#1465 = DIRECTION('',(0.,-1.,0.));
#1466 = ORIENTED_EDGE('',*,*,#61,.F.);
#1467 = FACE_BOUND('',#1468,.T.);
#1468 = EDGE_LOOP('',(#1469,#1480,#1489,#1498,#1505,#1506,#1507,#1516,
    #1525,#1534,#1543,#1552,#1559,#1560,#1561,#1562,#1571,#1580,#1589,
    #1598,#1607,#1614,#1615,#1616,#1625,#1634,#1643,#1652,#1659,#1660,
    #1661,#1662,#1663,#1664,#1673));
#1469 = ORIENTED_EDGE('',*,*,#1470,.T.);
#1470 = EDGE_CURVE('',#1471,#1473,#1475,.T.);
#1471 = VERTEX_POINT('',#1472);
#1472 = CARTESIAN_POINT('',(13.775,2.61458489975,-17.8));
#1473 = VERTEX_POINT('',#1474);
#1474 = CARTESIAN_POINT('',(14.7,4.,-17.8));
#1475 = CIRCLE('',#1476,1.5);
#1476 = AXIS2_PLACEMENT_3D('',#1477,#1478,#1479);
#1477 = CARTESIAN_POINT('',(13.2,4.,-17.8));
#1478 = DIRECTION('',(0.,0.,1.));
#1479 = DIRECTION('',(1.,0.,-0.));
#1480 = ORIENTED_EDGE('',*,*,#1481,.T.);
#1481 = EDGE_CURVE('',#1473,#1482,#1484,.T.);
#1482 = VERTEX_POINT('',#1483);
#1483 = CARTESIAN_POINT('',(13.775,5.38541510025,-17.8));
#1484 = CIRCLE('',#1485,1.5);
#1485 = AXIS2_PLACEMENT_3D('',#1486,#1487,#1488);
#1486 = CARTESIAN_POINT('',(13.2,4.,-17.8));
#1487 = DIRECTION('',(0.,0.,1.));
#1488 = DIRECTION('',(1.,0.,-0.));
#1489 = ORIENTED_EDGE('',*,*,#1490,.T.);
#1490 = EDGE_CURVE('',#1482,#1491,#1493,.T.);
#1491 = VERTEX_POINT('',#1492);
#1492 = CARTESIAN_POINT('',(13.675,5.422805327513,-17.8));
#1493 = CIRCLE('',#1494,1.5);
#1494 = AXIS2_PLACEMENT_3D('',#1495,#1496,#1497);
#1495 = CARTESIAN_POINT('',(13.2,4.,-17.8));
#1496 = DIRECTION('',(0.,0.,1.));
#1497 = DIRECTION('',(1.,0.,-0.));
#1498 = ORIENTED_EDGE('',*,*,#1499,.T.);
#1499 = EDGE_CURVE('',#1491,#950,#1500,.T.);
#1500 = CIRCLE('',#1501,1.5);
#1501 = AXIS2_PLACEMENT_3D('',#1502,#1503,#1504);
#1502 = CARTESIAN_POINT('',(13.2,4.,-17.8));
#1503 = DIRECTION('',(0.,0.,1.));
#1504 = DIRECTION('',(1.,0.,-0.));
#1505 = ORIENTED_EDGE('',*,*,#949,.F.);
#1506 = ORIENTED_EDGE('',*,*,#1063,.F.);
#1507 = ORIENTED_EDGE('',*,*,#1508,.T.);
#1508 = EDGE_CURVE('',#1056,#1509,#1511,.T.);
#1509 = VERTEX_POINT('',#1510);
#1510 = CARTESIAN_POINT('',(13.386192495435,18.511600740848,-17.8));
#1511 = CIRCLE('',#1512,1.5);
#1512 = AXIS2_PLACEMENT_3D('',#1513,#1514,#1515);
#1513 = CARTESIAN_POINT('',(13.2,20.,-17.8));
#1514 = DIRECTION('',(0.,0.,1.));
#1515 = DIRECTION('',(1.,0.,-0.));
#1516 = ORIENTED_EDGE('',*,*,#1517,.T.);
#1517 = EDGE_CURVE('',#1509,#1518,#1520,.T.);
#1518 = VERTEX_POINT('',#1519);
#1519 = CARTESIAN_POINT('',(13.485738309616,18.52746693809,-17.8));
#1520 = CIRCLE('',#1521,1.5);
#1521 = AXIS2_PLACEMENT_3D('',#1522,#1523,#1524);
#1522 = CARTESIAN_POINT('',(13.2,20.,-17.8));
#1523 = DIRECTION('',(0.,0.,1.));
#1524 = DIRECTION('',(1.,0.,-0.));
#1525 = ORIENTED_EDGE('',*,*,#1526,.T.);
#1526 = EDGE_CURVE('',#1518,#1527,#1529,.T.);
#1527 = VERTEX_POINT('',#1528);
#1528 = CARTESIAN_POINT('',(14.7,20.,-17.8));
#1529 = CIRCLE('',#1530,1.5);
#1530 = AXIS2_PLACEMENT_3D('',#1531,#1532,#1533);
#1531 = CARTESIAN_POINT('',(13.2,20.,-17.8));
#1532 = DIRECTION('',(0.,0.,1.));
#1533 = DIRECTION('',(1.,0.,-0.));
#1534 = ORIENTED_EDGE('',*,*,#1535,.T.);
#1535 = EDGE_CURVE('',#1527,#1536,#1538,.T.);
#1536 = VERTEX_POINT('',#1537);
#1537 = CARTESIAN_POINT('',(12.151280746596,21.072468147564,-17.8));
#1538 = CIRCLE('',#1539,1.5);
#1539 = AXIS2_PLACEMENT_3D('',#1540,#1541,#1542);
#1540 = CARTESIAN_POINT('',(13.2,20.,-17.8));
#1541 = DIRECTION('',(0.,0.,1.));
#1542 = DIRECTION('',(1.,0.,-0.));
#1543 = ORIENTED_EDGE('',*,*,#1544,.T.);
#1544 = EDGE_CURVE('',#1536,#1545,#1547,.T.);
#1545 = VERTEX_POINT('',#1546);
#1546 = CARTESIAN_POINT('',(12.081617965677,20.999610736888,-17.8));
#1547 = CIRCLE('',#1548,1.5);
#1548 = AXIS2_PLACEMENT_3D('',#1549,#1550,#1551);
#1549 = CARTESIAN_POINT('',(13.2,20.,-17.8));
#1550 = DIRECTION('',(0.,0.,1.));
#1551 = DIRECTION('',(1.,0.,-0.));
#1552 = ORIENTED_EDGE('',*,*,#1553,.T.);
#1553 = EDGE_CURVE('',#1545,#1030,#1554,.T.);
#1554 = CIRCLE('',#1555,1.5);
#1555 = AXIS2_PLACEMENT_3D('',#1556,#1557,#1558);
#1556 = CARTESIAN_POINT('',(13.2,20.,-17.8));
#1557 = DIRECTION('',(0.,0.,1.));
#1558 = DIRECTION('',(1.,0.,-0.));
#1559 = ORIENTED_EDGE('',*,*,#1029,.F.);
#1560 = ORIENTED_EDGE('',*,*,#1105,.F.);
#1561 = ORIENTED_EDGE('',*,*,#1220,.F.);
#1562 = ORIENTED_EDGE('',*,*,#1563,.T.);
#1563 = EDGE_CURVE('',#1213,#1564,#1566,.T.);
#1564 = VERTEX_POINT('',#1565);
#1565 = CARTESIAN_POINT('',(-11.7,20.,-17.8));
#1566 = CIRCLE('',#1567,1.5);
#1567 = AXIS2_PLACEMENT_3D('',#1568,#1569,#1570);
#1568 = CARTESIAN_POINT('',(-13.2,20.,-17.8));
#1569 = DIRECTION('',(0.,0.,1.));
#1570 = DIRECTION('',(1.,0.,-0.));
#1571 = ORIENTED_EDGE('',*,*,#1572,.T.);
#1572 = EDGE_CURVE('',#1564,#1573,#1575,.T.);
#1573 = VERTEX_POINT('',#1574);
#1574 = CARTESIAN_POINT('',(-12.08161796567,20.999610736888,-17.8));
#1575 = CIRCLE('',#1576,1.5);
#1576 = AXIS2_PLACEMENT_3D('',#1577,#1578,#1579);
#1577 = CARTESIAN_POINT('',(-13.2,20.,-17.8));
#1578 = DIRECTION('',(0.,0.,1.));
#1579 = DIRECTION('',(1.,0.,-0.));
#1580 = ORIENTED_EDGE('',*,*,#1581,.T.);
#1581 = EDGE_CURVE('',#1573,#1582,#1584,.T.);
#1582 = VERTEX_POINT('',#1583);
#1583 = CARTESIAN_POINT('',(-12.15128074659,21.072468147564,-17.8));
#1584 = CIRCLE('',#1585,1.5);
#1585 = AXIS2_PLACEMENT_3D('',#1586,#1587,#1588);
#1586 = CARTESIAN_POINT('',(-13.2,20.,-17.8));
#1587 = DIRECTION('',(0.,0.,1.));
#1588 = DIRECTION('',(1.,0.,-0.));
#1589 = ORIENTED_EDGE('',*,*,#1590,.T.);
#1590 = EDGE_CURVE('',#1582,#1591,#1593,.T.);
#1591 = VERTEX_POINT('',#1592);
#1592 = CARTESIAN_POINT('',(-13.48573830961,18.52746693809,-17.8));
#1593 = CIRCLE('',#1594,1.5);
#1594 = AXIS2_PLACEMENT_3D('',#1595,#1596,#1597);
#1595 = CARTESIAN_POINT('',(-13.2,20.,-17.8));
#1596 = DIRECTION('',(0.,0.,1.));
#1597 = DIRECTION('',(1.,0.,-0.));
#1598 = ORIENTED_EDGE('',*,*,#1599,.T.);
#1599 = EDGE_CURVE('',#1591,#1600,#1602,.T.);
#1600 = VERTEX_POINT('',#1601);
#1601 = CARTESIAN_POINT('',(-13.38619249543,18.511600740848,-17.8));
#1602 = CIRCLE('',#1603,1.5);
#1603 = AXIS2_PLACEMENT_3D('',#1604,#1605,#1606);
#1604 = CARTESIAN_POINT('',(-13.2,20.,-17.8));
#1605 = DIRECTION('',(0.,0.,1.));
#1606 = DIRECTION('',(1.,0.,-0.));
#1607 = ORIENTED_EDGE('',*,*,#1608,.T.);
#1608 = EDGE_CURVE('',#1600,#1187,#1609,.T.);
#1609 = CIRCLE('',#1610,1.5);
#1610 = AXIS2_PLACEMENT_3D('',#1611,#1612,#1613);
#1611 = CARTESIAN_POINT('',(-13.2,20.,-17.8));
#1612 = DIRECTION('',(0.,0.,1.));
#1613 = DIRECTION('',(1.,0.,-0.));
#1614 = ORIENTED_EDGE('',*,*,#1186,.F.);
#1615 = ORIENTED_EDGE('',*,*,#1162,.F.);
#1616 = ORIENTED_EDGE('',*,*,#1617,.T.);
#1617 = EDGE_CURVE('',#1155,#1618,#1620,.T.);
#1618 = VERTEX_POINT('',#1619);
#1619 = CARTESIAN_POINT('',(-13.675,5.422805327513,-17.8));
#1620 = CIRCLE('',#1621,1.5);
#1621 = AXIS2_PLACEMENT_3D('',#1622,#1623,#1624);
#1622 = CARTESIAN_POINT('',(-13.2,4.,-17.8));
#1623 = DIRECTION('',(0.,0.,1.));
#1624 = DIRECTION('',(1.,0.,-0.));
#1625 = ORIENTED_EDGE('',*,*,#1626,.T.);
#1626 = EDGE_CURVE('',#1618,#1627,#1629,.T.);
#1627 = VERTEX_POINT('',#1628);
#1628 = CARTESIAN_POINT('',(-13.775,5.38541510025,-17.8));
#1629 = CIRCLE('',#1630,1.5);
#1630 = AXIS2_PLACEMENT_3D('',#1631,#1632,#1633);
#1631 = CARTESIAN_POINT('',(-13.2,4.,-17.8));
#1632 = DIRECTION('',(0.,0.,1.));
#1633 = DIRECTION('',(1.,0.,-0.));
#1634 = ORIENTED_EDGE('',*,*,#1635,.T.);
#1635 = EDGE_CURVE('',#1627,#1636,#1638,.T.);
#1636 = VERTEX_POINT('',#1637);
#1637 = CARTESIAN_POINT('',(-13.775,2.61458489975,-17.8));
#1638 = CIRCLE('',#1639,1.5);
#1639 = AXIS2_PLACEMENT_3D('',#1640,#1641,#1642);
#1640 = CARTESIAN_POINT('',(-13.2,4.,-17.8));
#1641 = DIRECTION('',(0.,0.,1.));
#1642 = DIRECTION('',(1.,0.,-0.));
#1643 = ORIENTED_EDGE('',*,*,#1644,.T.);
#1644 = EDGE_CURVE('',#1636,#1645,#1647,.T.);
#1645 = VERTEX_POINT('',#1646);
#1646 = CARTESIAN_POINT('',(-13.675,2.577194672487,-17.8));
#1647 = CIRCLE('',#1648,1.5);
#1648 = AXIS2_PLACEMENT_3D('',#1649,#1650,#1651);
#1649 = CARTESIAN_POINT('',(-13.2,4.,-17.8));
#1650 = DIRECTION('',(0.,0.,1.));
#1651 = DIRECTION('',(1.,0.,-0.));
#1652 = ORIENTED_EDGE('',*,*,#1653,.T.);
#1653 = EDGE_CURVE('',#1645,#1131,#1654,.T.);
#1654 = CIRCLE('',#1655,1.5);
#1655 = AXIS2_PLACEMENT_3D('',#1656,#1657,#1658);
#1656 = CARTESIAN_POINT('',(-13.2,4.,-17.8));
#1657 = DIRECTION('',(0.,0.,1.));
#1658 = DIRECTION('',(1.,0.,-0.));
#1659 = ORIENTED_EDGE('',*,*,#1130,.F.);
#1660 = ORIENTED_EDGE('',*,*,#1080,.F.);
#1661 = ORIENTED_EDGE('',*,*,#997,.F.);
#1662 = ORIENTED_EDGE('',*,*,#909,.F.);
#1663 = ORIENTED_EDGE('',*,*,#981,.F.);
#1664 = ORIENTED_EDGE('',*,*,#1665,.T.);
#1665 = EDGE_CURVE('',#974,#1666,#1668,.T.);
#1666 = VERTEX_POINT('',#1667);
#1667 = CARTESIAN_POINT('',(13.675,2.577194672487,-17.8));
#1668 = CIRCLE('',#1669,1.5);
#1669 = AXIS2_PLACEMENT_3D('',#1670,#1671,#1672);
#1670 = CARTESIAN_POINT('',(13.2,4.,-17.8));
#1671 = DIRECTION('',(0.,0.,1.));
#1672 = DIRECTION('',(1.,0.,-0.));
#1673 = ORIENTED_EDGE('',*,*,#1674,.T.);
#1674 = EDGE_CURVE('',#1666,#1471,#1675,.T.);
#1675 = CIRCLE('',#1676,1.5);
#1676 = AXIS2_PLACEMENT_3D('',#1677,#1678,#1679);
#1677 = CARTESIAN_POINT('',(13.2,4.,-17.8));
#1678 = DIRECTION('',(0.,0.,1.));
#1679 = DIRECTION('',(1.,0.,-0.));
#1680 = PLANE('',#1681);
#1681 = AXIS2_PLACEMENT_3D('',#1682,#1683,#1684);
#1682 = CARTESIAN_POINT('',(0.360487256995,0.,-17.8));
#1683 = DIRECTION('',(-0.,-0.,-1.));
#1684 = DIRECTION('',(-1.,0.,0.));
#1685 = ADVANCED_FACE('',(#1686),#1697,.T.);
#1686 = FACE_BOUND('',#1687,.F.);
#1687 = EDGE_LOOP('',(#1688,#1689,#1690,#1691));
#1688 = ORIENTED_EDGE('',*,*,#1460,.F.);
#1689 = ORIENTED_EDGE('',*,*,#174,.T.);
#1690 = ORIENTED_EDGE('',*,*,#1286,.F.);
#1691 = ORIENTED_EDGE('',*,*,#1692,.F.);
#1692 = EDGE_CURVE('',#1453,#1287,#1693,.T.);
#1693 = LINE('',#1694,#1695);
#1694 = CARTESIAN_POINT('',(14.875,-19.85,-17.8));
#1695 = VECTOR('',#1696,1.);
#1696 = DIRECTION('',(0.,0.,1.));
#1697 = CYLINDRICAL_SURFACE('',#1698,5.);
#1698 = AXIS2_PLACEMENT_3D('',#1699,#1700,#1701);
#1699 = CARTESIAN_POINT('',(9.875,-19.85,-17.8));
#1700 = DIRECTION('',(-0.,-0.,-1.));
#1701 = DIRECTION('',(0.,-1.,0.));
#1702 = ADVANCED_FACE('',(#1703),#1714,.F.);
#1703 = FACE_BOUND('',#1704,.T.);
#1704 = EDGE_LOOP('',(#1705,#1706,#1707,#1708));
#1705 = ORIENTED_EDGE('',*,*,#583,.T.);
#1706 = ORIENTED_EDGE('',*,*,#111,.T.);
#1707 = ORIENTED_EDGE('',*,*,#631,.F.);
#1708 = ORIENTED_EDGE('',*,*,#1709,.F.);
#1709 = EDGE_CURVE('',#584,#624,#1710,.T.);
#1710 = LINE('',#1711,#1712);
#1711 = CARTESIAN_POINT('',(-7.2,-25.05,-13.5));
#1712 = VECTOR('',#1713,1.);
#1713 = DIRECTION('',(1.,0.,-0.));
#1714 = PLANE('',#1715);
#1715 = AXIS2_PLACEMENT_3D('',#1716,#1717,#1718);
#1716 = CARTESIAN_POINT('',(-7.2,-26.25,-13.5));
#1717 = DIRECTION('',(0.,0.,1.));
#1718 = DIRECTION('',(1.,0.,-0.));
#1719 = ADVANCED_FACE('',(#1720),#1731,.T.);
#1720 = FACE_BOUND('',#1721,.F.);
#1721 = EDGE_LOOP('',(#1722,#1723,#1729,#1730));
#1722 = ORIENTED_EDGE('',*,*,#1345,.F.);
#1723 = ORIENTED_EDGE('',*,*,#1724,.T.);
#1724 = EDGE_CURVE('',#1346,#661,#1725,.T.);
#1725 = LINE('',#1726,#1727);
#1726 = CARTESIAN_POINT('',(-14.875,-19.85,-17.8));
#1727 = VECTOR('',#1728,1.);
#1728 = DIRECTION('',(0.,0.,1.));
#1729 = ORIENTED_EDGE('',*,*,#668,.F.);
#1730 = ORIENTED_EDGE('',*,*,#71,.F.);
#1731 = CYLINDRICAL_SURFACE('',#1732,5.);
#1732 = AXIS2_PLACEMENT_3D('',#1733,#1734,#1735);
#1733 = CARTESIAN_POINT('',(-9.875,-19.85,-17.8));
#1734 = DIRECTION('',(-0.,-0.,-1.));
#1735 = DIRECTION('',(-1.,0.,0.));
#1736 = ADVANCED_FACE('',(#1737),#1753,.F.);
#1737 = FACE_BOUND('',#1738,.F.);
#1738 = EDGE_LOOP('',(#1739,#1740,#1746,#1747));
#1739 = ORIENTED_EDGE('',*,*,#558,.F.);
#1740 = ORIENTED_EDGE('',*,*,#1741,.T.);
#1741 = EDGE_CURVE('',#559,#606,#1742,.T.);
#1742 = LINE('',#1743,#1744);
#1743 = CARTESIAN_POINT('',(-7.2,-27.45,-15.3));
#1744 = VECTOR('',#1745,1.);
#1745 = DIRECTION('',(1.,0.,-0.));
#1746 = ORIENTED_EDGE('',*,*,#615,.T.);
#1747 = ORIENTED_EDGE('',*,*,#1748,.F.);
#1748 = EDGE_CURVE('',#561,#616,#1749,.T.);
#1749 = LINE('',#1750,#1751);
#1750 = CARTESIAN_POINT('',(-7.2,-25.05,-15.3));
#1751 = VECTOR('',#1752,1.);
#1752 = DIRECTION('',(1.,0.,-0.));
#1753 = PLANE('',#1754);
#1754 = AXIS2_PLACEMENT_3D('',#1755,#1756,#1757);
#1755 = CARTESIAN_POINT('',(-7.2,-27.45,-15.3));
#1756 = DIRECTION('',(0.,0.,1.));
#1757 = DIRECTION('',(1.,0.,-0.));
#1758 = ADVANCED_FACE('',(#1759),#1765,.T.);
#1759 = FACE_BOUND('',#1760,.T.);
#1760 = EDGE_LOOP('',(#1761,#1762,#1763,#1764));
#1761 = ORIENTED_EDGE('',*,*,#623,.F.);
#1762 = ORIENTED_EDGE('',*,*,#1748,.F.);
#1763 = ORIENTED_EDGE('',*,*,#591,.T.);
#1764 = ORIENTED_EDGE('',*,*,#1709,.T.);
#1765 = PLANE('',#1766);
#1766 = AXIS2_PLACEMENT_3D('',#1767,#1768,#1769);
#1767 = CARTESIAN_POINT('',(-7.2,-25.05,-15.3));
#1768 = DIRECTION('',(-0.,1.,0.));
#1769 = DIRECTION('',(0.,0.,1.));
#1770 = ADVANCED_FACE('',(#1771),#1782,.T.);
#1771 = FACE_BOUND('',#1772,.T.);
#1772 = EDGE_LOOP('',(#1773,#1774,#1780,#1781));
#1773 = ORIENTED_EDGE('',*,*,#605,.T.);
#1774 = ORIENTED_EDGE('',*,*,#1775,.T.);
#1775 = EDGE_CURVE('',#608,#569,#1776,.T.);
#1776 = LINE('',#1777,#1778);
#1777 = CARTESIAN_POINT('',(-102.85,-27.45,-12.5));
#1778 = VECTOR('',#1779,1.);
#1779 = DIRECTION('',(-1.,0.,0.));
#1780 = ORIENTED_EDGE('',*,*,#568,.F.);
#1781 = ORIENTED_EDGE('',*,*,#1741,.T.);
#1782 = PLANE('',#1783);
#1783 = AXIS2_PLACEMENT_3D('',#1784,#1785,#1786);
#1784 = CARTESIAN_POINT('',(-5.7,-27.45,-12.15));
#1785 = DIRECTION('',(-0.,-1.,-0.));
#1786 = DIRECTION('',(0.,0.,-1.));
#1787 = ADVANCED_FACE('',(#1788),#1888,.F.);
#1788 = FACE_BOUND('',#1789,.F.);
#1789 = EDGE_LOOP('',(#1790,#1791,#1799,#1807,#1815,#1823,#1831,#1839,
    #1847,#1855,#1863,#1871,#1879,#1885,#1886,#1887));
#1790 = ORIENTED_EDGE('',*,*,#1354,.F.);
#1791 = ORIENTED_EDGE('',*,*,#1792,.T.);
#1792 = EDGE_CURVE('',#1355,#1793,#1795,.T.);
#1793 = VERTEX_POINT('',#1794);
#1794 = CARTESIAN_POINT('',(-14.875,19.85,-15.75));
#1795 = LINE('',#1796,#1797);
#1796 = CARTESIAN_POINT('',(-14.875,19.85,-17.8));
#1797 = VECTOR('',#1798,1.);
#1798 = DIRECTION('',(0.,0.,1.));
#1799 = ORIENTED_EDGE('',*,*,#1800,.T.);
#1800 = EDGE_CURVE('',#1793,#1801,#1803,.T.);
#1801 = VERTEX_POINT('',#1802);
#1802 = CARTESIAN_POINT('',(-14.875,17.5,-15.75));
#1803 = LINE('',#1804,#1805);
#1804 = CARTESIAN_POINT('',(-14.875,18.675,-15.75));
#1805 = VECTOR('',#1806,1.);
#1806 = DIRECTION('',(0.,-1.,0.));
#1807 = ORIENTED_EDGE('',*,*,#1808,.T.);
#1808 = EDGE_CURVE('',#1801,#1809,#1811,.T.);
#1809 = VERTEX_POINT('',#1810);
#1810 = CARTESIAN_POINT('',(-14.875,17.5,-13.5));
#1811 = LINE('',#1812,#1813);
#1812 = CARTESIAN_POINT('',(-14.875,17.5,-16.775));
#1813 = VECTOR('',#1814,1.);
#1814 = DIRECTION('',(0.,0.,1.));
#1815 = ORIENTED_EDGE('',*,*,#1816,.T.);
#1816 = EDGE_CURVE('',#1809,#1817,#1819,.T.);
#1817 = VERTEX_POINT('',#1818);
#1818 = CARTESIAN_POINT('',(-14.875,16.2,-13.5));
#1819 = LINE('',#1820,#1821);
#1820 = CARTESIAN_POINT('',(-14.875,18.025,-13.5));
#1821 = VECTOR('',#1822,1.);
#1822 = DIRECTION('',(0.,-1.,0.));
#1823 = ORIENTED_EDGE('',*,*,#1824,.T.);
#1824 = EDGE_CURVE('',#1817,#1825,#1827,.T.);
#1825 = VERTEX_POINT('',#1826);
#1826 = CARTESIAN_POINT('',(-14.875,16.2,-12.5));
#1827 = LINE('',#1828,#1829);
#1828 = CARTESIAN_POINT('',(-14.875,16.2,-15.65));
#1829 = VECTOR('',#1830,1.);
#1830 = DIRECTION('',(0.,0.,1.));
#1831 = ORIENTED_EDGE('',*,*,#1832,.T.);
#1832 = EDGE_CURVE('',#1825,#1833,#1835,.T.);
#1833 = VERTEX_POINT('',#1834);
#1834 = CARTESIAN_POINT('',(-14.875,3.5,-12.5));
#1835 = LINE('',#1836,#1837);
#1836 = CARTESIAN_POINT('',(-14.875,19.85,-12.5));
#1837 = VECTOR('',#1838,1.);
#1838 = DIRECTION('',(0.,-1.,0.));
#1839 = ORIENTED_EDGE('',*,*,#1840,.F.);
#1840 = EDGE_CURVE('',#1841,#1833,#1843,.T.);
#1841 = VERTEX_POINT('',#1842);
#1842 = CARTESIAN_POINT('',(-14.875,3.5,-13.5));
#1843 = LINE('',#1844,#1845);
#1844 = CARTESIAN_POINT('',(-14.875,3.5,-15.65));
#1845 = VECTOR('',#1846,1.);
#1846 = DIRECTION('',(0.,0.,1.));
#1847 = ORIENTED_EDGE('',*,*,#1848,.T.);
#1848 = EDGE_CURVE('',#1841,#1849,#1851,.T.);
#1849 = VERTEX_POINT('',#1850);
#1850 = CARTESIAN_POINT('',(-14.875,-10.,-13.5));
#1851 = LINE('',#1852,#1853);
#1852 = CARTESIAN_POINT('',(-14.875,4.925,-13.5));
#1853 = VECTOR('',#1854,1.);
#1854 = DIRECTION('',(0.,-1.,0.));
#1855 = ORIENTED_EDGE('',*,*,#1856,.T.);
#1856 = EDGE_CURVE('',#1849,#1857,#1859,.T.);
#1857 = VERTEX_POINT('',#1858);
#1858 = CARTESIAN_POINT('',(-14.875,-10.,-12.5));
#1859 = LINE('',#1860,#1861);
#1860 = CARTESIAN_POINT('',(-14.875,-10.,-15.65));
#1861 = VECTOR('',#1862,1.);
#1862 = DIRECTION('',(0.,0.,1.));
#1863 = ORIENTED_EDGE('',*,*,#1864,.T.);
#1864 = EDGE_CURVE('',#1857,#1865,#1867,.T.);
#1865 = VERTEX_POINT('',#1866);
#1866 = CARTESIAN_POINT('',(-14.875,-16.2,-12.5));
#1867 = LINE('',#1868,#1869);
#1868 = CARTESIAN_POINT('',(-14.875,19.85,-12.5));
#1869 = VECTOR('',#1870,1.);
#1870 = DIRECTION('',(0.,-1.,0.));
#1871 = ORIENTED_EDGE('',*,*,#1872,.F.);
#1872 = EDGE_CURVE('',#1873,#1865,#1875,.T.);
#1873 = VERTEX_POINT('',#1874);
#1874 = CARTESIAN_POINT('',(-14.875,-16.2,-13.5));
#1875 = LINE('',#1876,#1877);
#1876 = CARTESIAN_POINT('',(-14.875,-16.2,-15.65));
#1877 = VECTOR('',#1878,1.);
#1878 = DIRECTION('',(0.,0.,1.));
#1879 = ORIENTED_EDGE('',*,*,#1880,.T.);
#1880 = EDGE_CURVE('',#1873,#697,#1881,.T.);
#1881 = LINE('',#1882,#1883);
#1882 = CARTESIAN_POINT('',(-14.875,1.175,-13.5));
#1883 = VECTOR('',#1884,1.);
#1884 = DIRECTION('',(0.,-1.,0.));
#1885 = ORIENTED_EDGE('',*,*,#704,.F.);
#1886 = ORIENTED_EDGE('',*,*,#660,.T.);
#1887 = ORIENTED_EDGE('',*,*,#1724,.F.);
#1888 = PLANE('',#1889);
#1889 = AXIS2_PLACEMENT_3D('',#1890,#1891,#1892);
#1890 = CARTESIAN_POINT('',(-14.875,19.85,-17.8));
#1891 = DIRECTION('',(1.,0.,-0.));
#1892 = DIRECTION('',(0.,-1.,0.));
#1893 = ADVANCED_FACE('',(#1894),#1919,.T.);
#1894 = FACE_BOUND('',#1895,.T.);
#1895 = EDGE_LOOP('',(#1896,#1904,#1912,#1918));
#1896 = ORIENTED_EDGE('',*,*,#1897,.T.);
#1897 = EDGE_CURVE('',#689,#1898,#1900,.T.);
#1898 = VERTEX_POINT('',#1899);
#1899 = CARTESIAN_POINT('',(-16.2,-16.2,-12.5));
#1900 = LINE('',#1901,#1902);
#1901 = CARTESIAN_POINT('',(-16.2,-108.425,-12.5));
#1902 = VECTOR('',#1903,1.);
#1903 = DIRECTION('',(0.,1.,0.));
#1904 = ORIENTED_EDGE('',*,*,#1905,.F.);
#1905 = EDGE_CURVE('',#1906,#1898,#1908,.T.);
#1906 = VERTEX_POINT('',#1907);
#1907 = CARTESIAN_POINT('',(-16.2,-16.2,-13.5));
#1908 = LINE('',#1909,#1910);
#1909 = CARTESIAN_POINT('',(-16.2,-16.2,-12.51));
#1910 = VECTOR('',#1911,1.);
#1911 = DIRECTION('',(0.,0.,1.));
#1912 = ORIENTED_EDGE('',*,*,#1913,.F.);
#1913 = EDGE_CURVE('',#687,#1906,#1914,.T.);
#1914 = LINE('',#1915,#1916);
#1915 = CARTESIAN_POINT('',(-16.2,-17.5,-13.5));
#1916 = VECTOR('',#1917,1.);
#1917 = DIRECTION('',(-0.,1.,0.));
#1918 = ORIENTED_EDGE('',*,*,#686,.T.);
#1919 = PLANE('',#1920);
#1920 = AXIS2_PLACEMENT_3D('',#1921,#1922,#1923);
#1921 = CARTESIAN_POINT('',(-16.2,-16.85,-11.25));
#1922 = DIRECTION('',(-1.,-0.,-0.));
#1923 = DIRECTION('',(0.,0.,-1.));
#1924 = ADVANCED_FACE('',(#1925),#1936,.F.);
#1925 = FACE_BOUND('',#1926,.F.);
#1926 = EDGE_LOOP('',(#1927,#1933,#1934,#1935));
#1927 = ORIENTED_EDGE('',*,*,#1928,.F.);
#1928 = EDGE_CURVE('',#1906,#1873,#1929,.T.);
#1929 = LINE('',#1930,#1931);
#1930 = CARTESIAN_POINT('',(-16.2,-16.2,-13.5));
#1931 = VECTOR('',#1932,1.);
#1932 = DIRECTION('',(1.,0.,-0.));
#1933 = ORIENTED_EDGE('',*,*,#1913,.F.);
#1934 = ORIENTED_EDGE('',*,*,#696,.T.);
#1935 = ORIENTED_EDGE('',*,*,#1880,.F.);
#1936 = PLANE('',#1937);
#1937 = AXIS2_PLACEMENT_3D('',#1938,#1939,#1940);
#1938 = CARTESIAN_POINT('',(-16.2,-17.5,-13.5));
#1939 = DIRECTION('',(0.,0.,1.));
#1940 = DIRECTION('',(1.,0.,-0.));
#1941 = ADVANCED_FACE('',(#1942),#1974,.T.);
#1942 = FACE_BOUND('',#1943,.T.);
#1943 = EDGE_LOOP('',(#1944,#1952,#1953,#1959,#1960,#1968));
#1944 = ORIENTED_EDGE('',*,*,#1945,.T.);
#1945 = EDGE_CURVE('',#1946,#787,#1948,.T.);
#1946 = VERTEX_POINT('',#1947);
#1947 = CARTESIAN_POINT('',(-16.2,17.5,-12.5));
#1948 = LINE('',#1949,#1950);
#1949 = CARTESIAN_POINT('',(-107.5324043775,17.5,-12.5));
#1950 = VECTOR('',#1951,1.);
#1951 = DIRECTION('',(1.,0.,0.));
#1952 = ORIENTED_EDGE('',*,*,#786,.T.);
#1953 = ORIENTED_EDGE('',*,*,#1954,.F.);
#1954 = EDGE_CURVE('',#1801,#778,#1955,.T.);
#1955 = LINE('',#1956,#1957);
#1956 = CARTESIAN_POINT('',(-15.875,17.5,-15.75));
#1957 = VECTOR('',#1958,1.);
#1958 = DIRECTION('',(1.,0.,-0.));
#1959 = ORIENTED_EDGE('',*,*,#1808,.T.);
#1960 = ORIENTED_EDGE('',*,*,#1961,.F.);
#1961 = EDGE_CURVE('',#1962,#1809,#1964,.T.);
#1962 = VERTEX_POINT('',#1963);
#1963 = CARTESIAN_POINT('',(-16.2,17.5,-13.5));
#1964 = LINE('',#1965,#1966);
#1965 = CARTESIAN_POINT('',(-16.2,17.5,-13.5));
#1966 = VECTOR('',#1967,1.);
#1967 = DIRECTION('',(1.,0.,-0.));
#1968 = ORIENTED_EDGE('',*,*,#1969,.T.);
#1969 = EDGE_CURVE('',#1962,#1946,#1970,.T.);
#1970 = LINE('',#1971,#1972);
#1971 = CARTESIAN_POINT('',(-16.2,17.5,-12.51));
#1972 = VECTOR('',#1973,1.);
#1973 = DIRECTION('',(0.,0.,1.));
#1974 = PLANE('',#1975);
#1975 = AXIS2_PLACEMENT_3D('',#1976,#1977,#1978);
#1976 = CARTESIAN_POINT('',(-15.06480875505,17.5,-12.5374464696));
#1977 = DIRECTION('',(0.,1.,0.));
#1978 = DIRECTION('',(0.,-0.,1.));
#1979 = ADVANCED_FACE('',(#1980),#2005,.T.);
#1980 = FACE_BOUND('',#1981,.T.);
#1981 = EDGE_LOOP('',(#1982,#1990,#1998,#2004));
#1982 = ORIENTED_EDGE('',*,*,#1983,.T.);
#1983 = EDGE_CURVE('',#1825,#1984,#1986,.T.);
#1984 = VERTEX_POINT('',#1985);
#1985 = CARTESIAN_POINT('',(-16.2,16.2,-12.5));
#1986 = LINE('',#1987,#1988);
#1987 = CARTESIAN_POINT('',(-7.740746336996,16.2,-12.5));
#1988 = VECTOR('',#1989,1.);
#1989 = DIRECTION('',(-1.,0.,0.));
#1990 = ORIENTED_EDGE('',*,*,#1991,.F.);
#1991 = EDGE_CURVE('',#1992,#1984,#1994,.T.);
#1992 = VERTEX_POINT('',#1993);
#1993 = CARTESIAN_POINT('',(-16.2,16.2,-13.5));
#1994 = LINE('',#1995,#1996);
#1995 = CARTESIAN_POINT('',(-16.2,16.2,-13.5));
#1996 = VECTOR('',#1997,1.);
#1997 = DIRECTION('',(0.,0.,1.));
#1998 = ORIENTED_EDGE('',*,*,#1999,.T.);
#1999 = EDGE_CURVE('',#1992,#1817,#2000,.T.);
#2000 = LINE('',#2001,#2002);
#2001 = CARTESIAN_POINT('',(-16.2,16.2,-13.5));
#2002 = VECTOR('',#2003,1.);
#2003 = DIRECTION('',(1.,0.,-0.));
#2004 = ORIENTED_EDGE('',*,*,#1824,.T.);
#2005 = PLANE('',#2006);
#2006 = AXIS2_PLACEMENT_3D('',#2007,#2008,#2009);
#2007 = CARTESIAN_POINT('',(-15.48149267399,16.2,-11.54747252747));
#2008 = DIRECTION('',(-0.,-1.,-0.));
#2009 = DIRECTION('',(0.,0.,-1.));
#2010 = ADVANCED_FACE('',(#2011),#2036,.T.);
#2011 = FACE_BOUND('',#2012,.T.);
#2012 = EDGE_LOOP('',(#2013,#2021,#2022,#2030));
#2013 = ORIENTED_EDGE('',*,*,#2014,.T.);
#2014 = EDGE_CURVE('',#2015,#1833,#2017,.T.);
#2015 = VERTEX_POINT('',#2016);
#2016 = CARTESIAN_POINT('',(-16.2,3.5,-12.5));
#2017 = LINE('',#2018,#2019);
#2018 = CARTESIAN_POINT('',(-107.6960027472,3.5,-12.5));
#2019 = VECTOR('',#2020,1.);
#2020 = DIRECTION('',(1.,0.,0.));
#2021 = ORIENTED_EDGE('',*,*,#1840,.F.);
#2022 = ORIENTED_EDGE('',*,*,#2023,.F.);
#2023 = EDGE_CURVE('',#2024,#1841,#2026,.T.);
#2024 = VERTEX_POINT('',#2025);
#2025 = CARTESIAN_POINT('',(-16.2,3.5,-13.5));
#2026 = LINE('',#2027,#2028);
#2027 = CARTESIAN_POINT('',(-16.2,3.5,-13.5));
#2028 = VECTOR('',#2029,1.);
#2029 = DIRECTION('',(1.,0.,-0.));
#2030 = ORIENTED_EDGE('',*,*,#2031,.T.);
#2031 = EDGE_CURVE('',#2024,#2015,#2032,.T.);
#2032 = LINE('',#2033,#2034);
#2033 = CARTESIAN_POINT('',(-16.2,3.5,-13.5));
#2034 = VECTOR('',#2035,1.);
#2035 = DIRECTION('',(0.,0.,1.));
#2036 = PLANE('',#2037);
#2037 = AXIS2_PLACEMENT_3D('',#2038,#2039,#2040);
#2038 = CARTESIAN_POINT('',(-15.3920054945,3.5,-11.45798534798));
#2039 = DIRECTION('',(0.,1.,0.));
#2040 = DIRECTION('',(0.,-0.,1.));
#2041 = ADVANCED_FACE('',(#2042),#2067,.T.);
#2042 = FACE_BOUND('',#2043,.T.);
#2043 = EDGE_LOOP('',(#2044,#2052,#2060,#2066));
#2044 = ORIENTED_EDGE('',*,*,#2045,.T.);
#2045 = EDGE_CURVE('',#1857,#2046,#2048,.T.);
#2046 = VERTEX_POINT('',#2047);
#2047 = CARTESIAN_POINT('',(-16.2,-10.,-12.5));
#2048 = LINE('',#2049,#2050);
#2049 = CARTESIAN_POINT('',(-7.696002747253,-10.,-12.5));
#2050 = VECTOR('',#2051,1.);
#2051 = DIRECTION('',(-1.,0.,0.));
#2052 = ORIENTED_EDGE('',*,*,#2053,.F.);
#2053 = EDGE_CURVE('',#2054,#2046,#2056,.T.);
#2054 = VERTEX_POINT('',#2055);
#2055 = CARTESIAN_POINT('',(-16.2,-10.,-13.5));
#2056 = LINE('',#2057,#2058);
#2057 = CARTESIAN_POINT('',(-16.2,-10.,-12.51));
#2058 = VECTOR('',#2059,1.);
#2059 = DIRECTION('',(0.,0.,1.));
#2060 = ORIENTED_EDGE('',*,*,#2061,.T.);
#2061 = EDGE_CURVE('',#2054,#1849,#2062,.T.);
#2062 = LINE('',#2063,#2064);
#2063 = CARTESIAN_POINT('',(-16.2,-10.,-13.5));
#2064 = VECTOR('',#2065,1.);
#2065 = DIRECTION('',(1.,0.,-0.));
#2066 = ORIENTED_EDGE('',*,*,#1856,.T.);
#2067 = PLANE('',#2068);
#2068 = AXIS2_PLACEMENT_3D('',#2069,#2070,#2071);
#2069 = CARTESIAN_POINT('',(-15.3920054945,-10.,-11.45798534798));
#2070 = DIRECTION('',(-0.,-1.,-0.));
#2071 = DIRECTION('',(0.,0.,-1.));
#2072 = ADVANCED_FACE('',(#2073),#2084,.T.);
#2073 = FACE_BOUND('',#2074,.T.);
#2074 = EDGE_LOOP('',(#2075,#2081,#2082,#2083));
#2075 = ORIENTED_EDGE('',*,*,#2076,.T.);
#2076 = EDGE_CURVE('',#1898,#1865,#2077,.T.);
#2077 = LINE('',#2078,#2079);
#2078 = CARTESIAN_POINT('',(-107.7407463369,-16.2,-12.5));
#2079 = VECTOR('',#2080,1.);
#2080 = DIRECTION('',(1.,0.,0.));
#2081 = ORIENTED_EDGE('',*,*,#1872,.F.);
#2082 = ORIENTED_EDGE('',*,*,#1928,.F.);
#2083 = ORIENTED_EDGE('',*,*,#1905,.T.);
#2084 = PLANE('',#2085);
#2085 = AXIS2_PLACEMENT_3D('',#2086,#2087,#2088);
#2086 = CARTESIAN_POINT('',(-15.48149267399,-16.2,-11.54747252747));
#2087 = DIRECTION('',(0.,1.,0.));
#2088 = DIRECTION('',(0.,-0.,1.));
#2089 = ADVANCED_FACE('',(#2090),#2118,.T.);
#2090 = FACE_BOUND('',#2091,.T.);
#2091 = EDGE_LOOP('',(#2092,#2093,#2094,#2095,#2103,#2111));
#2092 = ORIENTED_EDGE('',*,*,#1800,.T.);
#2093 = ORIENTED_EDGE('',*,*,#1954,.T.);
#2094 = ORIENTED_EDGE('',*,*,#777,.T.);
#2095 = ORIENTED_EDGE('',*,*,#2096,.T.);
#2096 = EDGE_CURVE('',#770,#2097,#2099,.T.);
#2097 = VERTEX_POINT('',#2098);
#2098 = CARTESIAN_POINT('',(-7.525,24.85,-15.75));
#2099 = LINE('',#2100,#2101);
#2100 = CARTESIAN_POINT('',(-7.525,17.5,-15.75));
#2101 = VECTOR('',#2102,1.);
#2102 = DIRECTION('',(-0.,1.,0.));
#2103 = ORIENTED_EDGE('',*,*,#2104,.T.);
#2104 = EDGE_CURVE('',#2097,#2105,#2107,.T.);
#2105 = VERTEX_POINT('',#2106);
#2106 = CARTESIAN_POINT('',(-9.875,24.85,-15.75));
#2107 = LINE('',#2108,#2109);
#2108 = CARTESIAN_POINT('',(-3.,24.85,-15.75));
#2109 = VECTOR('',#2110,1.);
#2110 = DIRECTION('',(-1.,0.,0.));
#2111 = ORIENTED_EDGE('',*,*,#2112,.F.);
#2112 = EDGE_CURVE('',#1793,#2105,#2113,.T.);
#2113 = CIRCLE('',#2114,5.);
#2114 = AXIS2_PLACEMENT_3D('',#2115,#2116,#2117);
#2115 = CARTESIAN_POINT('',(-9.875,19.85,-15.75));
#2116 = DIRECTION('',(-0.,0.,-1.));
#2117 = DIRECTION('',(0.,1.,0.));
#2118 = PLANE('',#2119);
#2119 = AXIS2_PLACEMENT_3D('',#2120,#2121,#2122);
#2120 = CARTESIAN_POINT('',(-15.875,17.5,-15.75));
#2121 = DIRECTION('',(0.,0.,1.));
#2122 = DIRECTION('',(1.,0.,-0.));
#2123 = ADVANCED_FACE('',(#2124),#2142,.F.);
#2124 = FACE_BOUND('',#2125,.F.);
#2125 = EDGE_LOOP('',(#2126,#2127,#2128,#2136));
#2126 = ORIENTED_EDGE('',*,*,#769,.T.);
#2127 = ORIENTED_EDGE('',*,*,#2096,.T.);
#2128 = ORIENTED_EDGE('',*,*,#2129,.T.);
#2129 = EDGE_CURVE('',#2097,#2130,#2132,.T.);
#2130 = VERTEX_POINT('',#2131);
#2131 = CARTESIAN_POINT('',(-7.525,24.85,-12.5));
#2132 = LINE('',#2133,#2134);
#2133 = CARTESIAN_POINT('',(-7.525,24.85,-16.775));
#2134 = VECTOR('',#2135,1.);
#2135 = DIRECTION('',(0.,0.,1.));
#2136 = ORIENTED_EDGE('',*,*,#2137,.F.);
#2137 = EDGE_CURVE('',#761,#2130,#2138,.T.);
#2138 = LINE('',#2139,#2140);
#2139 = CARTESIAN_POINT('',(-7.525,8.75,-12.5));
#2140 = VECTOR('',#2141,1.);
#2141 = DIRECTION('',(-0.,1.,0.));
#2142 = PLANE('',#2143);
#2143 = AXIS2_PLACEMENT_3D('',#2144,#2145,#2146);
#2144 = CARTESIAN_POINT('',(-7.525,17.5,-15.75));
#2145 = DIRECTION('',(1.,0.,-0.));
#2146 = DIRECTION('',(0.,0.,1.));
#2147 = ADVANCED_FACE('',(#2148),#2173,.T.);
#2148 = FACE_BOUND('',#2149,.T.);
#2149 = EDGE_LOOP('',(#2150,#2151,#2159,#2167));
#2150 = ORIENTED_EDGE('',*,*,#869,.T.);
#2151 = ORIENTED_EDGE('',*,*,#2152,.T.);
#2152 = EDGE_CURVE('',#861,#2153,#2155,.T.);
#2153 = VERTEX_POINT('',#2154);
#2154 = CARTESIAN_POINT('',(7.525,24.85,-15.75));
#2155 = LINE('',#2156,#2157);
#2156 = CARTESIAN_POINT('',(7.525,17.5,-15.75));
#2157 = VECTOR('',#2158,1.);
#2158 = DIRECTION('',(-0.,1.,0.));
#2159 = ORIENTED_EDGE('',*,*,#2160,.T.);
#2160 = EDGE_CURVE('',#2153,#2161,#2163,.T.);
#2161 = VERTEX_POINT('',#2162);
#2162 = CARTESIAN_POINT('',(7.525,24.85,-12.5));
#2163 = LINE('',#2164,#2165);
#2164 = CARTESIAN_POINT('',(7.525,24.85,-16.775));
#2165 = VECTOR('',#2166,1.);
#2166 = DIRECTION('',(0.,0.,1.));
#2167 = ORIENTED_EDGE('',*,*,#2168,.F.);
#2168 = EDGE_CURVE('',#870,#2161,#2169,.T.);
#2169 = LINE('',#2170,#2171);
#2170 = CARTESIAN_POINT('',(7.525,8.75,-12.5));
#2171 = VECTOR('',#2172,1.);
#2172 = DIRECTION('',(-0.,1.,0.));
#2173 = PLANE('',#2174);
#2174 = AXIS2_PLACEMENT_3D('',#2175,#2176,#2177);
#2175 = CARTESIAN_POINT('',(7.525,17.5,-15.75));
#2176 = DIRECTION('',(1.,0.,-0.));
#2177 = DIRECTION('',(0.,0.,1.));
#2178 = ADVANCED_FACE('',(#2179),#2214,.T.);
#2179 = FACE_BOUND('',#2180,.T.);
#2180 = EDGE_LOOP('',(#2181,#2182,#2183,#2191,#2199,#2208));
#2181 = ORIENTED_EDGE('',*,*,#2152,.F.);
#2182 = ORIENTED_EDGE('',*,*,#860,.T.);
#2183 = ORIENTED_EDGE('',*,*,#2184,.T.);
#2184 = EDGE_CURVE('',#853,#2185,#2187,.T.);
#2185 = VERTEX_POINT('',#2186);
#2186 = CARTESIAN_POINT('',(14.875,17.5,-15.75));
#2187 = LINE('',#2188,#2189);
#2188 = CARTESIAN_POINT('',(7.525,17.5,-15.75));
#2189 = VECTOR('',#2190,1.);
#2190 = DIRECTION('',(1.,0.,-0.));
#2191 = ORIENTED_EDGE('',*,*,#2192,.T.);
#2192 = EDGE_CURVE('',#2185,#2193,#2195,.T.);
#2193 = VERTEX_POINT('',#2194);
#2194 = CARTESIAN_POINT('',(14.875,19.85,-15.75));
#2195 = LINE('',#2196,#2197);
#2196 = CARTESIAN_POINT('',(14.875,-1.175,-15.75));
#2197 = VECTOR('',#2198,1.);
#2198 = DIRECTION('',(0.,1.,-0.));
#2199 = ORIENTED_EDGE('',*,*,#2200,.F.);
#2200 = EDGE_CURVE('',#2201,#2193,#2203,.T.);
#2201 = VERTEX_POINT('',#2202);
#2202 = CARTESIAN_POINT('',(9.875,24.85,-15.75));
#2203 = CIRCLE('',#2204,5.);
#2204 = AXIS2_PLACEMENT_3D('',#2205,#2206,#2207);
#2205 = CARTESIAN_POINT('',(9.875,19.85,-15.75));
#2206 = DIRECTION('',(0.,-0.,-1.));
#2207 = DIRECTION('',(1.,0.,-0.));
#2208 = ORIENTED_EDGE('',*,*,#2209,.T.);
#2209 = EDGE_CURVE('',#2201,#2153,#2210,.T.);
#2210 = LINE('',#2211,#2212);
#2211 = CARTESIAN_POINT('',(8.7,24.85,-15.75));
#2212 = VECTOR('',#2213,1.);
#2213 = DIRECTION('',(-1.,0.,0.));
#2214 = PLANE('',#2215);
#2215 = AXIS2_PLACEMENT_3D('',#2216,#2217,#2218);
#2216 = CARTESIAN_POINT('',(7.525,17.5,-15.75));
#2217 = DIRECTION('',(0.,0.,1.));
#2218 = DIRECTION('',(1.,0.,-0.));
#2219 = ADVANCED_FACE('',(#2220),#2254,.T.);
#2220 = FACE_BOUND('',#2221,.T.);
#2221 = EDGE_LOOP('',(#2222,#2232,#2240,#2246,#2247,#2248));
#2222 = ORIENTED_EDGE('',*,*,#2223,.F.);
#2223 = EDGE_CURVE('',#2224,#2226,#2228,.T.);
#2224 = VERTEX_POINT('',#2225);
#2225 = CARTESIAN_POINT('',(16.2,17.5,-13.5));
#2226 = VERTEX_POINT('',#2227);
#2227 = CARTESIAN_POINT('',(16.2,17.5,-12.5));
#2228 = LINE('',#2229,#2230);
#2229 = CARTESIAN_POINT('',(16.2,17.5,-12.51));
#2230 = VECTOR('',#2231,1.);
#2231 = DIRECTION('',(0.,0.,1.));
#2232 = ORIENTED_EDGE('',*,*,#2233,.F.);
#2233 = EDGE_CURVE('',#2234,#2224,#2236,.T.);
#2234 = VERTEX_POINT('',#2235);
#2235 = CARTESIAN_POINT('',(14.875,17.5,-13.5));
#2236 = LINE('',#2237,#2238);
#2237 = CARTESIAN_POINT('',(13.875,17.5,-13.5));
#2238 = VECTOR('',#2239,1.);
#2239 = DIRECTION('',(1.,0.,-0.));
#2240 = ORIENTED_EDGE('',*,*,#2241,.T.);
#2241 = EDGE_CURVE('',#2234,#2185,#2242,.T.);
#2242 = LINE('',#2243,#2244);
#2243 = CARTESIAN_POINT('',(14.875,17.5,-16.775));
#2244 = VECTOR('',#2245,1.);
#2245 = DIRECTION('',(0.,0.,-1.));
#2246 = ORIENTED_EDGE('',*,*,#2184,.F.);
#2247 = ORIENTED_EDGE('',*,*,#852,.F.);
#2248 = ORIENTED_EDGE('',*,*,#2249,.F.);
#2249 = EDGE_CURVE('',#2226,#844,#2250,.T.);
#2250 = LINE('',#2251,#2252);
#2251 = CARTESIAN_POINT('',(3.7625,17.5,-12.5));
#2252 = VECTOR('',#2253,1.);
#2253 = DIRECTION('',(-1.,-0.,0.));
#2254 = PLANE('',#2255);
#2255 = AXIS2_PLACEMENT_3D('',#2256,#2257,#2258);
#2256 = CARTESIAN_POINT('',(15.064808755058,17.5,-12.5374464696));
#2257 = DIRECTION('',(0.,1.,0.));
#2258 = DIRECTION('',(0.,-0.,1.));
#2259 = ADVANCED_FACE('',(#2260),#2293,.T.);
#2260 = FACE_BOUND('',#2261,.T.);
#2261 = EDGE_LOOP('',(#2262,#2263,#2271,#2278,#2279,#2280,#2281,#2282,
    #2283,#2290,#2291,#2292));
#2262 = ORIENTED_EDGE('',*,*,#1481,.F.);
#2263 = ORIENTED_EDGE('',*,*,#2264,.F.);
#2264 = EDGE_CURVE('',#2265,#1473,#2267,.T.);
#2265 = VERTEX_POINT('',#2266);
#2266 = CARTESIAN_POINT('',(14.7,4.,-25.5));
#2267 = LINE('',#2268,#2269);
#2268 = CARTESIAN_POINT('',(14.7,4.,-25.5));
#2269 = VECTOR('',#2270,1.);
#2270 = DIRECTION('',(0.,0.,1.));
#2271 = ORIENTED_EDGE('',*,*,#2272,.T.);
#2272 = EDGE_CURVE('',#2265,#2265,#2273,.T.);
#2273 = CIRCLE('',#2274,1.5);
#2274 = AXIS2_PLACEMENT_3D('',#2275,#2276,#2277);
#2275 = CARTESIAN_POINT('',(13.2,4.,-25.5));
#2276 = DIRECTION('',(0.,0.,1.));
#2277 = DIRECTION('',(1.,0.,-0.));
#2278 = ORIENTED_EDGE('',*,*,#2264,.T.);
#2279 = ORIENTED_EDGE('',*,*,#1470,.F.);
#2280 = ORIENTED_EDGE('',*,*,#1674,.F.);
#2281 = ORIENTED_EDGE('',*,*,#1665,.F.);
#2282 = ORIENTED_EDGE('',*,*,#973,.T.);
#2283 = ORIENTED_EDGE('',*,*,#2284,.F.);
#2284 = EDGE_CURVE('',#958,#966,#2285,.T.);
#2285 = CIRCLE('',#2286,1.5);
#2286 = AXIS2_PLACEMENT_3D('',#2287,#2288,#2289);
#2287 = CARTESIAN_POINT('',(13.2,4.,-17.79));
#2288 = DIRECTION('',(0.,0.,1.));
#2289 = DIRECTION('',(1.,0.,-0.));
#2290 = ORIENTED_EDGE('',*,*,#957,.F.);
#2291 = ORIENTED_EDGE('',*,*,#1499,.F.);
#2292 = ORIENTED_EDGE('',*,*,#1490,.F.);
#2293 = CYLINDRICAL_SURFACE('',#2294,1.5);
#2294 = AXIS2_PLACEMENT_3D('',#2295,#2296,#2297);
#2295 = CARTESIAN_POINT('',(13.2,4.,-25.5));
#2296 = DIRECTION('',(0.,0.,1.));
#2297 = DIRECTION('',(1.,0.,-0.));
#2298 = ADVANCED_FACE('',(#2299),#2303,.T.);
#2299 = FACE_BOUND('',#2300,.T.);
#2300 = EDGE_LOOP('',(#2301,#2302));
#2301 = ORIENTED_EDGE('',*,*,#965,.T.);
#2302 = ORIENTED_EDGE('',*,*,#2284,.T.);
#2303 = PLANE('',#2304);
#2304 = AXIS2_PLACEMENT_3D('',#2305,#2306,#2307);
#2305 = CARTESIAN_POINT('',(13.2,4.,-17.79));
#2306 = DIRECTION('',(0.,0.,1.));
#2307 = DIRECTION('',(1.,0.,-0.));
#2308 = ADVANCED_FACE('',(#2309),#2342,.T.);
#2309 = FACE_BOUND('',#2310,.T.);
#2310 = EDGE_LOOP('',(#2311,#2312,#2320,#2327,#2328,#2329,#2330,#2331,
    #2332,#2339,#2340,#2341));
#2311 = ORIENTED_EDGE('',*,*,#1535,.F.);
#2312 = ORIENTED_EDGE('',*,*,#2313,.F.);
#2313 = EDGE_CURVE('',#2314,#1527,#2316,.T.);
#2314 = VERTEX_POINT('',#2315);
#2315 = CARTESIAN_POINT('',(14.7,20.,-25.5));
#2316 = LINE('',#2317,#2318);
#2317 = CARTESIAN_POINT('',(14.7,20.,-25.5));
#2318 = VECTOR('',#2319,1.);
#2319 = DIRECTION('',(0.,0.,1.));
#2320 = ORIENTED_EDGE('',*,*,#2321,.T.);
#2321 = EDGE_CURVE('',#2314,#2314,#2322,.T.);
#2322 = CIRCLE('',#2323,1.5);
#2323 = AXIS2_PLACEMENT_3D('',#2324,#2325,#2326);
#2324 = CARTESIAN_POINT('',(13.2,20.,-25.5));
#2325 = DIRECTION('',(0.,0.,1.));
#2326 = DIRECTION('',(1.,0.,-0.));
#2327 = ORIENTED_EDGE('',*,*,#2313,.T.);
#2328 = ORIENTED_EDGE('',*,*,#1526,.F.);
#2329 = ORIENTED_EDGE('',*,*,#1517,.F.);
#2330 = ORIENTED_EDGE('',*,*,#1508,.F.);
#2331 = ORIENTED_EDGE('',*,*,#1055,.F.);
#2332 = ORIENTED_EDGE('',*,*,#2333,.F.);
#2333 = EDGE_CURVE('',#1039,#1047,#2334,.T.);
#2334 = CIRCLE('',#2335,1.5);
#2335 = AXIS2_PLACEMENT_3D('',#2336,#2337,#2338);
#2336 = CARTESIAN_POINT('',(13.2,20.,-17.79));
#2337 = DIRECTION('',(0.,0.,1.));
#2338 = DIRECTION('',(1.,0.,-0.));
#2339 = ORIENTED_EDGE('',*,*,#1038,.T.);
#2340 = ORIENTED_EDGE('',*,*,#1553,.F.);
#2341 = ORIENTED_EDGE('',*,*,#1544,.F.);
#2342 = CYLINDRICAL_SURFACE('',#2343,1.5);
#2343 = AXIS2_PLACEMENT_3D('',#2344,#2345,#2346);
#2344 = CARTESIAN_POINT('',(13.2,20.,-25.5));
#2345 = DIRECTION('',(0.,0.,1.));
#2346 = DIRECTION('',(1.,0.,-0.));
#2347 = ADVANCED_FACE('',(#2348),#2352,.T.);
#2348 = FACE_BOUND('',#2349,.T.);
#2349 = EDGE_LOOP('',(#2350,#2351));
#2350 = ORIENTED_EDGE('',*,*,#1046,.F.);
#2351 = ORIENTED_EDGE('',*,*,#2333,.T.);
#2352 = PLANE('',#2353);
#2353 = AXIS2_PLACEMENT_3D('',#2354,#2355,#2356);
#2354 = CARTESIAN_POINT('',(13.2,20.,-17.79));
#2355 = DIRECTION('',(0.,0.,1.));
#2356 = DIRECTION('',(1.,0.,-0.));
#2357 = ADVANCED_FACE('',(#2358),#2399,.T.);
#2358 = FACE_BOUND('',#2359,.T.);
#2359 = EDGE_LOOP('',(#2360,#2370,#2377,#2378,#2379,#2380,#2381,#2382,
    #2383,#2384,#2391,#2392));
#2360 = ORIENTED_EDGE('',*,*,#2361,.T.);
#2361 = EDGE_CURVE('',#2362,#2364,#2366,.T.);
#2362 = VERTEX_POINT('',#2363);
#2363 = CARTESIAN_POINT('',(-11.7,4.,-25.5));
#2364 = VERTEX_POINT('',#2365);
#2365 = CARTESIAN_POINT('',(-11.7,4.,-17.79));
#2366 = LINE('',#2367,#2368);
#2367 = CARTESIAN_POINT('',(-11.7,4.,-25.5));
#2368 = VECTOR('',#2369,1.);
#2369 = DIRECTION('',(0.,0.,1.));
#2370 = ORIENTED_EDGE('',*,*,#2371,.F.);
#2371 = EDGE_CURVE('',#1139,#2364,#2372,.T.);
#2372 = CIRCLE('',#2373,1.5);
#2373 = AXIS2_PLACEMENT_3D('',#2374,#2375,#2376);
#2374 = CARTESIAN_POINT('',(-13.2,4.,-17.79));
#2375 = DIRECTION('',(0.,0.,1.));
#2376 = DIRECTION('',(1.,0.,-0.));
#2377 = ORIENTED_EDGE('',*,*,#1138,.F.);
#2378 = ORIENTED_EDGE('',*,*,#1653,.F.);
#2379 = ORIENTED_EDGE('',*,*,#1644,.F.);
#2380 = ORIENTED_EDGE('',*,*,#1635,.F.);
#2381 = ORIENTED_EDGE('',*,*,#1626,.F.);
#2382 = ORIENTED_EDGE('',*,*,#1617,.F.);
#2383 = ORIENTED_EDGE('',*,*,#1154,.T.);
#2384 = ORIENTED_EDGE('',*,*,#2385,.F.);
#2385 = EDGE_CURVE('',#2364,#1147,#2386,.T.);
#2386 = CIRCLE('',#2387,1.5);
#2387 = AXIS2_PLACEMENT_3D('',#2388,#2389,#2390);
#2388 = CARTESIAN_POINT('',(-13.2,4.,-17.79));
#2389 = DIRECTION('',(0.,0.,1.));
#2390 = DIRECTION('',(1.,0.,-0.));
#2391 = ORIENTED_EDGE('',*,*,#2361,.F.);
#2392 = ORIENTED_EDGE('',*,*,#2393,.T.);
#2393 = EDGE_CURVE('',#2362,#2362,#2394,.T.);
#2394 = CIRCLE('',#2395,1.5);
#2395 = AXIS2_PLACEMENT_3D('',#2396,#2397,#2398);
#2396 = CARTESIAN_POINT('',(-13.2,4.,-25.5));
#2397 = DIRECTION('',(0.,0.,1.));
#2398 = DIRECTION('',(1.,0.,-0.));
#2399 = CYLINDRICAL_SURFACE('',#2400,1.5);
#2400 = AXIS2_PLACEMENT_3D('',#2401,#2402,#2403);
#2401 = CARTESIAN_POINT('',(-13.2,4.,-25.5));
#2402 = DIRECTION('',(0.,0.,1.));
#2403 = DIRECTION('',(1.,0.,-0.));
#2404 = ADVANCED_FACE('',(#2405),#2410,.T.);
#2405 = FACE_BOUND('',#2406,.T.);
#2406 = EDGE_LOOP('',(#2407,#2408,#2409));
#2407 = ORIENTED_EDGE('',*,*,#2371,.T.);
#2408 = ORIENTED_EDGE('',*,*,#2385,.T.);
#2409 = ORIENTED_EDGE('',*,*,#1146,.T.);
#2410 = PLANE('',#2411);
#2411 = AXIS2_PLACEMENT_3D('',#2412,#2413,#2414);
#2412 = CARTESIAN_POINT('',(-13.2,4.,-17.79));
#2413 = DIRECTION('',(0.,0.,1.));
#2414 = DIRECTION('',(1.,0.,-0.));
#2415 = ADVANCED_FACE('',(#2416),#2449,.T.);
#2416 = FACE_BOUND('',#2417,.T.);
#2417 = EDGE_LOOP('',(#2418,#2419,#2426,#2427,#2428,#2429,#2430,#2431,
    #2432,#2440,#2447,#2448));
#2418 = ORIENTED_EDGE('',*,*,#1212,.F.);
#2419 = ORIENTED_EDGE('',*,*,#2420,.F.);
#2420 = EDGE_CURVE('',#1196,#1204,#2421,.T.);
#2421 = CIRCLE('',#2422,1.5);
#2422 = AXIS2_PLACEMENT_3D('',#2423,#2424,#2425);
#2423 = CARTESIAN_POINT('',(-13.2,20.,-17.79));
#2424 = DIRECTION('',(0.,0.,1.));
#2425 = DIRECTION('',(1.,0.,-0.));
#2426 = ORIENTED_EDGE('',*,*,#1195,.T.);
#2427 = ORIENTED_EDGE('',*,*,#1608,.F.);
#2428 = ORIENTED_EDGE('',*,*,#1599,.F.);
#2429 = ORIENTED_EDGE('',*,*,#1590,.F.);
#2430 = ORIENTED_EDGE('',*,*,#1581,.F.);
#2431 = ORIENTED_EDGE('',*,*,#1572,.F.);
#2432 = ORIENTED_EDGE('',*,*,#2433,.F.);
#2433 = EDGE_CURVE('',#2434,#1564,#2436,.T.);
#2434 = VERTEX_POINT('',#2435);
#2435 = CARTESIAN_POINT('',(-11.7,20.,-25.5));
#2436 = LINE('',#2437,#2438);
#2437 = CARTESIAN_POINT('',(-11.7,20.,-25.5));
#2438 = VECTOR('',#2439,1.);
#2439 = DIRECTION('',(0.,0.,1.));
#2440 = ORIENTED_EDGE('',*,*,#2441,.T.);
#2441 = EDGE_CURVE('',#2434,#2434,#2442,.T.);
#2442 = CIRCLE('',#2443,1.5);
#2443 = AXIS2_PLACEMENT_3D('',#2444,#2445,#2446);
#2444 = CARTESIAN_POINT('',(-13.2,20.,-25.5));
#2445 = DIRECTION('',(0.,0.,1.));
#2446 = DIRECTION('',(1.,0.,-0.));
#2447 = ORIENTED_EDGE('',*,*,#2433,.T.);
#2448 = ORIENTED_EDGE('',*,*,#1563,.F.);
#2449 = CYLINDRICAL_SURFACE('',#2450,1.5);
#2450 = AXIS2_PLACEMENT_3D('',#2451,#2452,#2453);
#2451 = CARTESIAN_POINT('',(-13.2,20.,-25.5));
#2452 = DIRECTION('',(0.,0.,1.));
#2453 = DIRECTION('',(1.,0.,-0.));
#2454 = ADVANCED_FACE('',(#2455),#2459,.T.);
#2455 = FACE_BOUND('',#2456,.T.);
#2456 = EDGE_LOOP('',(#2457,#2458));
#2457 = ORIENTED_EDGE('',*,*,#2420,.T.);
#2458 = ORIENTED_EDGE('',*,*,#1203,.F.);
#2459 = PLANE('',#2460);
#2460 = AXIS2_PLACEMENT_3D('',#2461,#2462,#2463);
#2461 = CARTESIAN_POINT('',(-13.2,20.,-17.79));
#2462 = DIRECTION('',(0.,0.,1.));
#2463 = DIRECTION('',(1.,0.,-0.));
#2464 = ADVANCED_FACE('',(#2465),#2538,.T.);
#2465 = FACE_BOUND('',#2466,.T.);
#2466 = EDGE_LOOP('',(#2467,#2477,#2485,#2493,#2501,#2509,#2517,#2525,
    #2531,#2532));
#2467 = ORIENTED_EDGE('',*,*,#2468,.T.);
#2468 = EDGE_CURVE('',#2469,#2471,#2473,.T.);
#2469 = VERTEX_POINT('',#2470);
#2470 = CARTESIAN_POINT('',(14.875,-15.2,-12.5));
#2471 = VERTEX_POINT('',#2472);
#2472 = CARTESIAN_POINT('',(20.995,-15.2,-12.5));
#2473 = LINE('',#2474,#2475);
#2474 = CARTESIAN_POINT('',(9.142077966579,-15.2,-12.5));
#2475 = VECTOR('',#2476,1.);
#2476 = DIRECTION('',(1.,0.,0.));
#2477 = ORIENTED_EDGE('',*,*,#2478,.F.);
#2478 = EDGE_CURVE('',#2479,#2471,#2481,.T.);
#2479 = VERTEX_POINT('',#2480);
#2480 = CARTESIAN_POINT('',(20.995,-15.2,-26.22));
#2481 = LINE('',#2482,#2483);
#2482 = CARTESIAN_POINT('',(20.995,-15.2,-26.22));
#2483 = VECTOR('',#2484,1.);
#2484 = DIRECTION('',(0.,0.,1.));
#2485 = ORIENTED_EDGE('',*,*,#2486,.F.);
#2486 = EDGE_CURVE('',#2487,#2479,#2489,.T.);
#2487 = VERTEX_POINT('',#2488);
#2488 = CARTESIAN_POINT('',(19.495,-15.2,-26.22));
#2489 = LINE('',#2490,#2491);
#2490 = CARTESIAN_POINT('',(15.3,-15.2,-26.22));
#2491 = VECTOR('',#2492,1.);
#2492 = DIRECTION('',(1.,0.,-0.));
#2493 = ORIENTED_EDGE('',*,*,#2494,.T.);
#2494 = EDGE_CURVE('',#2487,#2495,#2497,.T.);
#2495 = VERTEX_POINT('',#2496);
#2496 = CARTESIAN_POINT('',(19.495,-15.2,-25.02));
#2497 = LINE('',#2498,#2499);
#2498 = CARTESIAN_POINT('',(19.495,-15.2,-25.894344068));
#2499 = VECTOR('',#2500,1.);
#2500 = DIRECTION('',(0.,-0.,1.));
#2501 = ORIENTED_EDGE('',*,*,#2502,.F.);
#2502 = EDGE_CURVE('',#2503,#2495,#2505,.T.);
#2503 = VERTEX_POINT('',#2504);
#2504 = CARTESIAN_POINT('',(15.3,-15.2,-25.02));
#2505 = LINE('',#2506,#2507);
#2506 = CARTESIAN_POINT('',(14.5875,-15.2,-25.02));
#2507 = VECTOR('',#2508,1.);
#2508 = DIRECTION('',(1.,0.,-0.));
#2509 = ORIENTED_EDGE('',*,*,#2510,.F.);
#2510 = EDGE_CURVE('',#2511,#2503,#2513,.T.);
#2511 = VERTEX_POINT('',#2512);
#2512 = CARTESIAN_POINT('',(15.3,-15.2,-25.3));
#2513 = LINE('',#2514,#2515);
#2514 = CARTESIAN_POINT('',(15.3,-15.2,-25.434344068));
#2515 = VECTOR('',#2516,1.);
#2516 = DIRECTION('',(0.,-0.,1.));
#2517 = ORIENTED_EDGE('',*,*,#2518,.F.);
#2518 = EDGE_CURVE('',#2519,#2511,#2521,.T.);
#2519 = VERTEX_POINT('',#2520);
#2520 = CARTESIAN_POINT('',(13.875,-15.2,-25.3));
#2521 = LINE('',#2522,#2523);
#2522 = CARTESIAN_POINT('',(13.875,-15.2,-25.3));
#2523 = VECTOR('',#2524,1.);
#2524 = DIRECTION('',(1.,0.,-0.));
#2525 = ORIENTED_EDGE('',*,*,#2526,.T.);
#2526 = EDGE_CURVE('',#2519,#1429,#2527,.T.);
#2527 = LINE('',#2528,#2529);
#2528 = CARTESIAN_POINT('',(13.875,-15.2,-25.3));
#2529 = VECTOR('',#2530,1.);
#2530 = DIRECTION('',(0.,0.,1.));
#2531 = ORIENTED_EDGE('',*,*,#1428,.F.);
#2532 = ORIENTED_EDGE('',*,*,#2533,.F.);
#2533 = EDGE_CURVE('',#2469,#1421,#2534,.T.);
#2534 = LINE('',#2535,#2536);
#2535 = CARTESIAN_POINT('',(14.875,-15.2,-21.55));
#2536 = VECTOR('',#2537,1.);
#2537 = DIRECTION('',(0.,0.,-1.));
#2538 = PLANE('',#2539);
#2539 = AXIS2_PLACEMENT_3D('',#2540,#2541,#2542);
#2540 = CARTESIAN_POINT('',(18.405399632211,-15.2,-14.98541850561));
#2541 = DIRECTION('',(0.,1.,0.));
#2542 = DIRECTION('',(0.,-0.,1.));
#2543 = ADVANCED_FACE('',(#2544),#2562,.F.);
#2544 = FACE_BOUND('',#2545,.F.);
#2545 = EDGE_LOOP('',(#2546,#2547,#2548,#2556));
#2546 = ORIENTED_EDGE('',*,*,#1420,.F.);
#2547 = ORIENTED_EDGE('',*,*,#2533,.F.);
#2548 = ORIENTED_EDGE('',*,*,#2549,.T.);
#2549 = EDGE_CURVE('',#2469,#2550,#2552,.T.);
#2550 = VERTEX_POINT('',#2551);
#2551 = CARTESIAN_POINT('',(14.875,15.2,-12.5));
#2552 = LINE('',#2553,#2554);
#2553 = CARTESIAN_POINT('',(14.875,-19.85,-12.5));
#2554 = VECTOR('',#2555,1.);
#2555 = DIRECTION('',(0.,1.,0.));
#2556 = ORIENTED_EDGE('',*,*,#2557,.T.);
#2557 = EDGE_CURVE('',#2550,#1413,#2558,.T.);
#2558 = LINE('',#2559,#2560);
#2559 = CARTESIAN_POINT('',(14.875,15.2,-21.55));
#2560 = VECTOR('',#2561,1.);
#2561 = DIRECTION('',(0.,0.,-1.));
#2562 = PLANE('',#2563);
#2563 = AXIS2_PLACEMENT_3D('',#2564,#2565,#2566);
#2564 = CARTESIAN_POINT('',(14.875,-19.85,-17.8));
#2565 = DIRECTION('',(-1.,0.,0.));
#2566 = DIRECTION('',(0.,1.,0.));
#2567 = ADVANCED_FACE('',(#2568),#2634,.T.);
#2568 = FACE_BOUND('',#2569,.T.);
#2569 = EDGE_LOOP('',(#2570,#2580,#2586,#2587,#2588,#2596,#2604,#2612,
    #2620,#2628));
#2570 = ORIENTED_EDGE('',*,*,#2571,.T.);
#2571 = EDGE_CURVE('',#2572,#2574,#2576,.T.);
#2572 = VERTEX_POINT('',#2573);
#2573 = CARTESIAN_POINT('',(20.995,15.2,-26.22));
#2574 = VERTEX_POINT('',#2575);
#2575 = CARTESIAN_POINT('',(20.995,15.2,-12.5));
#2576 = LINE('',#2577,#2578);
#2577 = CARTESIAN_POINT('',(20.995,15.2,-24.92));
#2578 = VECTOR('',#2579,1.);
#2579 = DIRECTION('',(0.,0.,1.));
#2580 = ORIENTED_EDGE('',*,*,#2581,.T.);
#2581 = EDGE_CURVE('',#2574,#2550,#2582,.T.);
#2582 = LINE('',#2583,#2584);
#2583 = CARTESIAN_POINT('',(-90.88665528419,15.2,-12.5));
#2584 = VECTOR('',#2585,1.);
#2585 = DIRECTION('',(-1.,0.,0.));
#2586 = ORIENTED_EDGE('',*,*,#2557,.T.);
#2587 = ORIENTED_EDGE('',*,*,#1412,.T.);
#2588 = ORIENTED_EDGE('',*,*,#2589,.F.);
#2589 = EDGE_CURVE('',#2590,#1405,#2592,.T.);
#2590 = VERTEX_POINT('',#2591);
#2591 = CARTESIAN_POINT('',(13.875,15.2,-25.3));
#2592 = LINE('',#2593,#2594);
#2593 = CARTESIAN_POINT('',(13.875,15.2,-25.3));
#2594 = VECTOR('',#2595,1.);
#2595 = DIRECTION('',(0.,0.,1.));
#2596 = ORIENTED_EDGE('',*,*,#2597,.T.);
#2597 = EDGE_CURVE('',#2590,#2598,#2600,.T.);
#2598 = VERTEX_POINT('',#2599);
#2599 = CARTESIAN_POINT('',(15.225,15.2,-25.3));
#2600 = LINE('',#2601,#2602);
#2601 = CARTESIAN_POINT('',(13.875,15.2,-25.3));
#2602 = VECTOR('',#2603,1.);
#2603 = DIRECTION('',(1.,0.,-0.));
#2604 = ORIENTED_EDGE('',*,*,#2605,.T.);
#2605 = EDGE_CURVE('',#2598,#2606,#2608,.T.);
#2606 = VERTEX_POINT('',#2607);
#2607 = CARTESIAN_POINT('',(15.225,15.2,-13.06));
#2608 = LINE('',#2609,#2610);
#2609 = CARTESIAN_POINT('',(15.225,15.2,-25.02));
#2610 = VECTOR('',#2611,1.);
#2611 = DIRECTION('',(0.,0.,1.));
#2612 = ORIENTED_EDGE('',*,*,#2613,.T.);
#2613 = EDGE_CURVE('',#2606,#2614,#2616,.T.);
#2614 = VERTEX_POINT('',#2615);
#2615 = CARTESIAN_POINT('',(20.195,15.2,-13.06));
#2616 = LINE('',#2617,#2618);
#2617 = CARTESIAN_POINT('',(15.225,15.2,-13.06));
#2618 = VECTOR('',#2619,1.);
#2619 = DIRECTION('',(1.,0.,-0.));
#2620 = ORIENTED_EDGE('',*,*,#2621,.F.);
#2621 = EDGE_CURVE('',#2622,#2614,#2624,.T.);
#2622 = VERTEX_POINT('',#2623);
#2623 = CARTESIAN_POINT('',(20.195,15.2,-26.22));
#2624 = LINE('',#2625,#2626);
#2625 = CARTESIAN_POINT('',(20.195,15.2,-21.05994925395));
#2626 = VECTOR('',#2627,1.);
#2627 = DIRECTION('',(0.,-0.,1.));
#2628 = ORIENTED_EDGE('',*,*,#2629,.T.);
#2629 = EDGE_CURVE('',#2622,#2572,#2630,.T.);
#2630 = LINE('',#2631,#2632);
#2631 = CARTESIAN_POINT('',(15.3,15.2,-26.22));
#2632 = VECTOR('',#2633,1.);
#2633 = DIRECTION('',(1.,0.,-0.));
#2634 = PLANE('',#2635);
#2635 = AXIS2_PLACEMENT_3D('',#2636,#2637,#2638);
#2636 = CARTESIAN_POINT('',(18.226689431606,15.2,-15.39994349963));
#2637 = DIRECTION('',(-0.,-1.,-0.));
#2638 = DIRECTION('',(0.,0.,-1.));
#2639 = ADVANCED_FACE('',(#2640),#2665,.T.);
#2640 = FACE_BOUND('',#2641,.T.);
#2641 = EDGE_LOOP('',(#2642,#2643,#2651,#2659));
#2642 = ORIENTED_EDGE('',*,*,#1237,.F.);
#2643 = ORIENTED_EDGE('',*,*,#2644,.T.);
#2644 = EDGE_CURVE('',#1238,#2645,#2647,.T.);
#2645 = VERTEX_POINT('',#2646);
#2646 = CARTESIAN_POINT('',(16.2,-16.2,-13.5));
#2647 = LINE('',#2648,#2649);
#2648 = CARTESIAN_POINT('',(16.2,-17.5,-13.5));
#2649 = VECTOR('',#2650,1.);
#2650 = DIRECTION('',(-0.,1.,0.));
#2651 = ORIENTED_EDGE('',*,*,#2652,.T.);
#2652 = EDGE_CURVE('',#2645,#2653,#2655,.T.);
#2653 = VERTEX_POINT('',#2654);
#2654 = CARTESIAN_POINT('',(16.2,-16.2,-12.5));
#2655 = LINE('',#2656,#2657);
#2656 = CARTESIAN_POINT('',(16.2,-16.2,-12.51));
#2657 = VECTOR('',#2658,1.);
#2658 = DIRECTION('',(0.,0.,1.));
#2659 = ORIENTED_EDGE('',*,*,#2660,.T.);
#2660 = EDGE_CURVE('',#2653,#1240,#2661,.T.);
#2661 = LINE('',#2662,#2663);
#2662 = CARTESIAN_POINT('',(16.2,-108.425,-12.5));
#2663 = VECTOR('',#2664,1.);
#2664 = DIRECTION('',(0.,-1.,0.));
#2665 = PLANE('',#2666);
#2666 = AXIS2_PLACEMENT_3D('',#2667,#2668,#2669);
#2667 = CARTESIAN_POINT('',(16.2,-16.85,-11.25));
#2668 = DIRECTION('',(1.,0.,0.));
#2669 = DIRECTION('',(-0.,0.,1.));
#2670 = ADVANCED_FACE('',(#2671),#2689,.F.);
#2671 = FACE_BOUND('',#2672,.F.);
#2672 = EDGE_LOOP('',(#2673,#2681,#2682,#2683));
#2673 = ORIENTED_EDGE('',*,*,#2674,.F.);
#2674 = EDGE_CURVE('',#1263,#2675,#2677,.T.);
#2675 = VERTEX_POINT('',#2676);
#2676 = CARTESIAN_POINT('',(14.875,-16.2,-13.5));
#2677 = LINE('',#2678,#2679);
#2678 = CARTESIAN_POINT('',(14.875,-18.675,-13.5));
#2679 = VECTOR('',#2680,1.);
#2680 = DIRECTION('',(0.,1.,-0.));
#2681 = ORIENTED_EDGE('',*,*,#1270,.T.);
#2682 = ORIENTED_EDGE('',*,*,#2644,.T.);
#2683 = ORIENTED_EDGE('',*,*,#2684,.F.);
#2684 = EDGE_CURVE('',#2675,#2645,#2685,.T.);
#2685 = LINE('',#2686,#2687);
#2686 = CARTESIAN_POINT('',(13.875,-16.2,-13.5));
#2687 = VECTOR('',#2688,1.);
#2688 = DIRECTION('',(1.,0.,-0.));
#2689 = PLANE('',#2690);
#2690 = AXIS2_PLACEMENT_3D('',#2691,#2692,#2693);
#2691 = CARTESIAN_POINT('',(13.875,-17.5,-13.5));
#2692 = DIRECTION('',(0.,0.,1.));
#2693 = DIRECTION('',(1.,0.,-0.));
#2694 = ADVANCED_FACE('',(#2695),#2708,.F.);
#2695 = FACE_BOUND('',#2696,.F.);
#2696 = EDGE_LOOP('',(#2697,#2698,#2699,#2700,#2701,#2702));
#2697 = ORIENTED_EDGE('',*,*,#1452,.F.);
#2698 = ORIENTED_EDGE('',*,*,#1692,.T.);
#2699 = ORIENTED_EDGE('',*,*,#1295,.T.);
#2700 = ORIENTED_EDGE('',*,*,#1262,.F.);
#2701 = ORIENTED_EDGE('',*,*,#2674,.T.);
#2702 = ORIENTED_EDGE('',*,*,#2703,.T.);
#2703 = EDGE_CURVE('',#2675,#1445,#2704,.T.);
#2704 = LINE('',#2705,#2706);
#2705 = CARTESIAN_POINT('',(14.875,-16.2,-21.55));
#2706 = VECTOR('',#2707,1.);
#2707 = DIRECTION('',(0.,0.,-1.));
#2708 = PLANE('',#2709);
#2709 = AXIS2_PLACEMENT_3D('',#2710,#2711,#2712);
#2710 = CARTESIAN_POINT('',(14.875,-19.85,-17.8));
#2711 = DIRECTION('',(-1.,0.,0.));
#2712 = DIRECTION('',(0.,1.,0.));
#2713 = ADVANCED_FACE('',(#2714),#2725,.T.);
#2714 = FACE_BOUND('',#2715,.F.);
#2715 = EDGE_LOOP('',(#2716,#2717,#2723,#2724));
#2716 = ORIENTED_EDGE('',*,*,#1362,.F.);
#2717 = ORIENTED_EDGE('',*,*,#2718,.T.);
#2718 = EDGE_CURVE('',#1363,#2105,#2719,.T.);
#2719 = LINE('',#2720,#2721);
#2720 = CARTESIAN_POINT('',(-9.875,24.85,-17.8));
#2721 = VECTOR('',#2722,1.);
#2722 = DIRECTION('',(0.,0.,1.));
#2723 = ORIENTED_EDGE('',*,*,#2112,.F.);
#2724 = ORIENTED_EDGE('',*,*,#1792,.F.);
#2725 = CYLINDRICAL_SURFACE('',#2726,5.);
#2726 = AXIS2_PLACEMENT_3D('',#2727,#2728,#2729);
#2727 = CARTESIAN_POINT('',(-9.875,19.85,-17.8));
#2728 = DIRECTION('',(-0.,0.,-1.));
#2729 = DIRECTION('',(0.,1.,0.));
#2730 = ADVANCED_FACE('',(#2731),#2815,.F.);
#2731 = FACE_BOUND('',#2732,.F.);
#2732 = EDGE_LOOP('',(#2733,#2734,#2740,#2741,#2742,#2750,#2758,#2766,
    #2774,#2782,#2790,#2798,#2806,#2812,#2813,#2814));
#2733 = ORIENTED_EDGE('',*,*,#1371,.F.);
#2734 = ORIENTED_EDGE('',*,*,#2735,.T.);
#2735 = EDGE_CURVE('',#1372,#2201,#2736,.T.);
#2736 = LINE('',#2737,#2738);
#2737 = CARTESIAN_POINT('',(9.875,24.85,-17.8));
#2738 = VECTOR('',#2739,1.);
#2739 = DIRECTION('',(0.,0.,1.));
#2740 = ORIENTED_EDGE('',*,*,#2209,.T.);
#2741 = ORIENTED_EDGE('',*,*,#2160,.T.);
#2742 = ORIENTED_EDGE('',*,*,#2743,.T.);
#2743 = EDGE_CURVE('',#2161,#2744,#2746,.T.);
#2744 = VERTEX_POINT('',#2745);
#2745 = CARTESIAN_POINT('',(7.2,24.85,-12.5));
#2746 = LINE('',#2747,#2748);
#2747 = CARTESIAN_POINT('',(9.875,24.85,-12.5));
#2748 = VECTOR('',#2749,1.);
#2749 = DIRECTION('',(-1.,0.,0.));
#2750 = ORIENTED_EDGE('',*,*,#2751,.F.);
#2751 = EDGE_CURVE('',#2752,#2744,#2754,.T.);
#2752 = VERTEX_POINT('',#2753);
#2753 = CARTESIAN_POINT('',(7.2,24.85,-13.5));
#2754 = LINE('',#2755,#2756);
#2755 = CARTESIAN_POINT('',(7.2,24.85,-15.65));
#2756 = VECTOR('',#2757,1.);
#2757 = DIRECTION('',(0.,0.,1.));
#2758 = ORIENTED_EDGE('',*,*,#2759,.T.);
#2759 = EDGE_CURVE('',#2752,#2760,#2762,.T.);
#2760 = VERTEX_POINT('',#2761);
#2761 = CARTESIAN_POINT('',(4.2,24.85,-13.5));
#2762 = LINE('',#2763,#2764);
#2763 = CARTESIAN_POINT('',(7.0375,24.85,-13.5));
#2764 = VECTOR('',#2765,1.);
#2765 = DIRECTION('',(-1.,0.,0.));
#2766 = ORIENTED_EDGE('',*,*,#2767,.T.);
#2767 = EDGE_CURVE('',#2760,#2768,#2770,.T.);
#2768 = VERTEX_POINT('',#2769);
#2769 = CARTESIAN_POINT('',(4.2,24.85,-12.5));
#2770 = LINE('',#2771,#2772);
#2771 = CARTESIAN_POINT('',(4.2,24.85,-15.65));
#2772 = VECTOR('',#2773,1.);
#2773 = DIRECTION('',(0.,0.,1.));
#2774 = ORIENTED_EDGE('',*,*,#2775,.T.);
#2775 = EDGE_CURVE('',#2768,#2776,#2778,.T.);
#2776 = VERTEX_POINT('',#2777);
#2777 = CARTESIAN_POINT('',(-4.5,24.85,-12.5));
#2778 = LINE('',#2779,#2780);
#2779 = CARTESIAN_POINT('',(9.875,24.85,-12.5));
#2780 = VECTOR('',#2781,1.);
#2781 = DIRECTION('',(-1.,0.,0.));
#2782 = ORIENTED_EDGE('',*,*,#2783,.F.);
#2783 = EDGE_CURVE('',#2784,#2776,#2786,.T.);
#2784 = VERTEX_POINT('',#2785);
#2785 = CARTESIAN_POINT('',(-4.5,24.85,-13.5));
#2786 = LINE('',#2787,#2788);
#2787 = CARTESIAN_POINT('',(-4.5,24.85,-15.65));
#2788 = VECTOR('',#2789,1.);
#2789 = DIRECTION('',(0.,0.,1.));
#2790 = ORIENTED_EDGE('',*,*,#2791,.T.);
#2791 = EDGE_CURVE('',#2784,#2792,#2794,.T.);
#2792 = VERTEX_POINT('',#2793);
#2793 = CARTESIAN_POINT('',(-7.,24.85,-13.5));
#2794 = LINE('',#2795,#2796);
#2795 = CARTESIAN_POINT('',(1.4375,24.85,-13.5));
#2796 = VECTOR('',#2797,1.);
#2797 = DIRECTION('',(-1.,0.,0.));
#2798 = ORIENTED_EDGE('',*,*,#2799,.T.);
#2799 = EDGE_CURVE('',#2792,#2800,#2802,.T.);
#2800 = VERTEX_POINT('',#2801);
#2801 = CARTESIAN_POINT('',(-7.,24.85,-12.5));
#2802 = LINE('',#2803,#2804);
#2803 = CARTESIAN_POINT('',(-7.,24.85,-15.65));
#2804 = VECTOR('',#2805,1.);
#2805 = DIRECTION('',(0.,0.,1.));
#2806 = ORIENTED_EDGE('',*,*,#2807,.T.);
#2807 = EDGE_CURVE('',#2800,#2130,#2808,.T.);
#2808 = LINE('',#2809,#2810);
#2809 = CARTESIAN_POINT('',(9.875,24.85,-12.5));
#2810 = VECTOR('',#2811,1.);
#2811 = DIRECTION('',(-1.,0.,0.));
#2812 = ORIENTED_EDGE('',*,*,#2129,.F.);
#2813 = ORIENTED_EDGE('',*,*,#2104,.T.);
#2814 = ORIENTED_EDGE('',*,*,#2718,.F.);
#2815 = PLANE('',#2816);
#2816 = AXIS2_PLACEMENT_3D('',#2817,#2818,#2819);
#2817 = CARTESIAN_POINT('',(9.875,24.85,-17.8));
#2818 = DIRECTION('',(0.,-1.,0.));
#2819 = DIRECTION('',(-1.,0.,0.));
#2820 = ADVANCED_FACE('',(#2821),#2832,.T.);
#2821 = FACE_BOUND('',#2822,.F.);
#2822 = EDGE_LOOP('',(#2823,#2824,#2830,#2831));
#2823 = ORIENTED_EDGE('',*,*,#1379,.F.);
#2824 = ORIENTED_EDGE('',*,*,#2825,.T.);
#2825 = EDGE_CURVE('',#1380,#2193,#2826,.T.);
#2826 = LINE('',#2827,#2828);
#2827 = CARTESIAN_POINT('',(14.875,19.85,-17.8));
#2828 = VECTOR('',#2829,1.);
#2829 = DIRECTION('',(0.,0.,1.));
#2830 = ORIENTED_EDGE('',*,*,#2200,.F.);
#2831 = ORIENTED_EDGE('',*,*,#2735,.F.);
#2832 = CYLINDRICAL_SURFACE('',#2833,5.);
#2833 = AXIS2_PLACEMENT_3D('',#2834,#2835,#2836);
#2834 = CARTESIAN_POINT('',(9.875,19.85,-17.8));
#2835 = DIRECTION('',(-0.,-0.,-1.));
#2836 = DIRECTION('',(1.,0.,-0.));
#2837 = ADVANCED_FACE('',(#2838),#2858,.F.);
#2838 = FACE_BOUND('',#2839,.F.);
#2839 = EDGE_LOOP('',(#2840,#2841,#2849,#2855,#2856,#2857));
#2840 = ORIENTED_EDGE('',*,*,#1388,.F.);
#2841 = ORIENTED_EDGE('',*,*,#2842,.F.);
#2842 = EDGE_CURVE('',#2843,#1389,#2845,.T.);
#2843 = VERTEX_POINT('',#2844);
#2844 = CARTESIAN_POINT('',(14.875,16.2,-13.5));
#2845 = LINE('',#2846,#2847);
#2846 = CARTESIAN_POINT('',(14.875,16.2,-21.55));
#2847 = VECTOR('',#2848,1.);
#2848 = DIRECTION('',(0.,0.,-1.));
#2849 = ORIENTED_EDGE('',*,*,#2850,.T.);
#2850 = EDGE_CURVE('',#2843,#2234,#2851,.T.);
#2851 = LINE('',#2852,#2853);
#2852 = CARTESIAN_POINT('',(14.875,-1.825,-13.5));
#2853 = VECTOR('',#2854,1.);
#2854 = DIRECTION('',(0.,1.,-0.));
#2855 = ORIENTED_EDGE('',*,*,#2241,.T.);
#2856 = ORIENTED_EDGE('',*,*,#2192,.T.);
#2857 = ORIENTED_EDGE('',*,*,#2825,.F.);
#2858 = PLANE('',#2859);
#2859 = AXIS2_PLACEMENT_3D('',#2860,#2861,#2862);
#2860 = CARTESIAN_POINT('',(14.875,-19.85,-17.8));
#2861 = DIRECTION('',(-1.,0.,0.));
#2862 = DIRECTION('',(0.,1.,0.));
#2863 = ADVANCED_FACE('',(#2864),#2898,.T.);
#2864 = FACE_BOUND('',#2865,.T.);
#2865 = EDGE_LOOP('',(#2866,#2876,#2884,#2890,#2891,#2892));
#2866 = ORIENTED_EDGE('',*,*,#2867,.T.);
#2867 = EDGE_CURVE('',#2868,#2870,#2872,.T.);
#2868 = VERTEX_POINT('',#2869);
#2869 = CARTESIAN_POINT('',(14.975,16.2,-13.5));
#2870 = VERTEX_POINT('',#2871);
#2871 = CARTESIAN_POINT('',(14.975,16.2,-25.3));
#2872 = LINE('',#2873,#2874);
#2873 = CARTESIAN_POINT('',(14.975,16.2,-25.76));
#2874 = VECTOR('',#2875,1.);
#2875 = DIRECTION('',(-0.,0.,-1.));
#2876 = ORIENTED_EDGE('',*,*,#2877,.F.);
#2877 = EDGE_CURVE('',#2878,#2870,#2880,.T.);
#2878 = VERTEX_POINT('',#2879);
#2879 = CARTESIAN_POINT('',(13.875,16.2,-25.3));
#2880 = LINE('',#2881,#2882);
#2881 = CARTESIAN_POINT('',(13.875,16.2,-25.3));
#2882 = VECTOR('',#2883,1.);
#2883 = DIRECTION('',(1.,0.,-0.));
#2884 = ORIENTED_EDGE('',*,*,#2885,.T.);
#2885 = EDGE_CURVE('',#2878,#1397,#2886,.T.);
#2886 = LINE('',#2887,#2888);
#2887 = CARTESIAN_POINT('',(13.875,16.2,-25.3));
#2888 = VECTOR('',#2889,1.);
#2889 = DIRECTION('',(0.,0.,1.));
#2890 = ORIENTED_EDGE('',*,*,#1396,.F.);
#2891 = ORIENTED_EDGE('',*,*,#2842,.F.);
#2892 = ORIENTED_EDGE('',*,*,#2893,.T.);
#2893 = EDGE_CURVE('',#2843,#2868,#2894,.T.);
#2894 = LINE('',#2895,#2896);
#2895 = CARTESIAN_POINT('',(13.875,16.2,-13.5));
#2896 = VECTOR('',#2897,1.);
#2897 = DIRECTION('',(1.,0.,-0.));
#2898 = PLANE('',#2899);
#2899 = AXIS2_PLACEMENT_3D('',#2900,#2901,#2902);
#2900 = CARTESIAN_POINT('',(13.875,16.2,-25.3));
#2901 = DIRECTION('',(-0.,1.,0.));
#2902 = DIRECTION('',(0.,0.,1.));
#2903 = ADVANCED_FACE('',(#2904),#2915,.F.);
#2904 = FACE_BOUND('',#2905,.F.);
#2905 = EDGE_LOOP('',(#2906,#2907,#2913,#2914));
#2906 = ORIENTED_EDGE('',*,*,#2589,.F.);
#2907 = ORIENTED_EDGE('',*,*,#2908,.T.);
#2908 = EDGE_CURVE('',#2590,#2878,#2909,.T.);
#2909 = LINE('',#2910,#2911);
#2910 = CARTESIAN_POINT('',(13.875,15.2,-25.3));
#2911 = VECTOR('',#2912,1.);
#2912 = DIRECTION('',(-0.,1.,0.));
#2913 = ORIENTED_EDGE('',*,*,#2885,.T.);
#2914 = ORIENTED_EDGE('',*,*,#1404,.F.);
#2915 = PLANE('',#2916);
#2916 = AXIS2_PLACEMENT_3D('',#2917,#2918,#2919);
#2917 = CARTESIAN_POINT('',(13.875,15.2,-25.3));
#2918 = DIRECTION('',(1.,0.,-0.));
#2919 = DIRECTION('',(0.,0.,1.));
#2920 = ADVANCED_FACE('',(#2921),#2939,.F.);
#2921 = FACE_BOUND('',#2922,.F.);
#2922 = EDGE_LOOP('',(#2923,#2931,#2937,#2938));
#2923 = ORIENTED_EDGE('',*,*,#2924,.F.);
#2924 = EDGE_CURVE('',#2925,#1437,#2927,.T.);
#2925 = VERTEX_POINT('',#2926);
#2926 = CARTESIAN_POINT('',(13.875,-16.2,-25.3));
#2927 = LINE('',#2928,#2929);
#2928 = CARTESIAN_POINT('',(13.875,-16.2,-25.3));
#2929 = VECTOR('',#2930,1.);
#2930 = DIRECTION('',(0.,0.,1.));
#2931 = ORIENTED_EDGE('',*,*,#2932,.T.);
#2932 = EDGE_CURVE('',#2925,#2519,#2933,.T.);
#2933 = LINE('',#2934,#2935);
#2934 = CARTESIAN_POINT('',(13.875,-16.2,-25.3));
#2935 = VECTOR('',#2936,1.);
#2936 = DIRECTION('',(-0.,1.,0.));
#2937 = ORIENTED_EDGE('',*,*,#2526,.T.);
#2938 = ORIENTED_EDGE('',*,*,#1436,.F.);
#2939 = PLANE('',#2940);
#2940 = AXIS2_PLACEMENT_3D('',#2941,#2942,#2943);
#2941 = CARTESIAN_POINT('',(13.875,-16.2,-25.3));
#2942 = DIRECTION('',(1.,0.,-0.));
#2943 = DIRECTION('',(0.,0.,1.));
#2944 = ADVANCED_FACE('',(#2945),#2990,.T.);
#2945 = FACE_BOUND('',#2946,.T.);
#2946 = EDGE_LOOP('',(#2947,#2957,#2965,#2971,#2972,#2973,#2974,#2975,
    #2976,#2984));
#2947 = ORIENTED_EDGE('',*,*,#2948,.T.);
#2948 = EDGE_CURVE('',#2949,#2951,#2953,.T.);
#2949 = VERTEX_POINT('',#2950);
#2950 = CARTESIAN_POINT('',(15.3,-16.2,-26.22));
#2951 = VERTEX_POINT('',#2952);
#2952 = CARTESIAN_POINT('',(20.995,-16.2,-26.22));
#2953 = LINE('',#2954,#2955);
#2954 = CARTESIAN_POINT('',(15.3,-16.2,-26.22));
#2955 = VECTOR('',#2956,1.);
#2956 = DIRECTION('',(1.,0.,-0.));
#2957 = ORIENTED_EDGE('',*,*,#2958,.T.);
#2958 = EDGE_CURVE('',#2951,#2959,#2961,.T.);
#2959 = VERTEX_POINT('',#2960);
#2960 = CARTESIAN_POINT('',(20.995,-16.2,-12.5));
#2961 = LINE('',#2962,#2963);
#2962 = CARTESIAN_POINT('',(20.995,-16.2,-24.92));
#2963 = VECTOR('',#2964,1.);
#2964 = DIRECTION('',(0.,0.,1.));
#2965 = ORIENTED_EDGE('',*,*,#2966,.T.);
#2966 = EDGE_CURVE('',#2959,#2653,#2967,.T.);
#2967 = LINE('',#2968,#2969);
#2968 = CARTESIAN_POINT('',(-91.09561985898,-16.2,-12.5));
#2969 = VECTOR('',#2970,1.);
#2970 = DIRECTION('',(-1.,0.,0.));
#2971 = ORIENTED_EDGE('',*,*,#2652,.F.);
#2972 = ORIENTED_EDGE('',*,*,#2684,.F.);
#2973 = ORIENTED_EDGE('',*,*,#2703,.T.);
#2974 = ORIENTED_EDGE('',*,*,#1444,.T.);
#2975 = ORIENTED_EDGE('',*,*,#2924,.F.);
#2976 = ORIENTED_EDGE('',*,*,#2977,.T.);
#2977 = EDGE_CURVE('',#2925,#2978,#2980,.T.);
#2978 = VERTEX_POINT('',#2979);
#2979 = CARTESIAN_POINT('',(15.3,-16.2,-25.3));
#2980 = LINE('',#2981,#2982);
#2981 = CARTESIAN_POINT('',(13.875,-16.2,-25.3));
#2982 = VECTOR('',#2983,1.);
#2983 = DIRECTION('',(1.,0.,-0.));
#2984 = ORIENTED_EDGE('',*,*,#2985,.F.);
#2985 = EDGE_CURVE('',#2949,#2978,#2986,.T.);
#2986 = LINE('',#2987,#2988);
#2987 = CARTESIAN_POINT('',(15.3,-16.2,-26.22));
#2988 = VECTOR('',#2989,1.);
#2989 = DIRECTION('',(0.,0.,1.));
#2990 = PLANE('',#2991);
#2991 = AXIS2_PLACEMENT_3D('',#2992,#2993,#2994);
#2992 = CARTESIAN_POINT('',(17.808760282021,-16.2,-17.40709361535));
#2993 = DIRECTION('',(-0.,-1.,-0.));
#2994 = DIRECTION('',(0.,0.,-1.));
#2995 = ADVANCED_FACE('',(#2996),#3007,.F.);
#2996 = FACE_BOUND('',#2997,.F.);
#2997 = EDGE_LOOP('',(#2998,#2999,#3005,#3006));
#2998 = ORIENTED_EDGE('',*,*,#2023,.F.);
#2999 = ORIENTED_EDGE('',*,*,#3000,.F.);
#3000 = EDGE_CURVE('',#2054,#2024,#3001,.T.);
#3001 = LINE('',#3002,#3003);
#3002 = CARTESIAN_POINT('',(-16.2,-10.,-13.5));
#3003 = VECTOR('',#3004,1.);
#3004 = DIRECTION('',(-0.,1.,0.));
#3005 = ORIENTED_EDGE('',*,*,#2061,.T.);
#3006 = ORIENTED_EDGE('',*,*,#1848,.F.);
#3007 = PLANE('',#3008);
#3008 = AXIS2_PLACEMENT_3D('',#3009,#3010,#3011);
#3009 = CARTESIAN_POINT('',(-16.2,-10.,-13.5));
#3010 = DIRECTION('',(0.,0.,1.));
#3011 = DIRECTION('',(1.,0.,-0.));
#3012 = ADVANCED_FACE('',(#3013),#3024,.F.);
#3013 = FACE_BOUND('',#3014,.F.);
#3014 = EDGE_LOOP('',(#3015,#3016,#3022,#3023));
#3015 = ORIENTED_EDGE('',*,*,#1961,.F.);
#3016 = ORIENTED_EDGE('',*,*,#3017,.F.);
#3017 = EDGE_CURVE('',#1992,#1962,#3018,.T.);
#3018 = LINE('',#3019,#3020);
#3019 = CARTESIAN_POINT('',(-16.2,16.2,-13.5));
#3020 = VECTOR('',#3021,1.);
#3021 = DIRECTION('',(-0.,1.,0.));
#3022 = ORIENTED_EDGE('',*,*,#1999,.T.);
#3023 = ORIENTED_EDGE('',*,*,#1816,.F.);
#3024 = PLANE('',#3025);
#3025 = AXIS2_PLACEMENT_3D('',#3026,#3027,#3028);
#3026 = CARTESIAN_POINT('',(-16.2,16.2,-13.5));
#3027 = DIRECTION('',(0.,0.,1.));
#3028 = DIRECTION('',(1.,0.,-0.));
#3029 = ADVANCED_FACE('',(#3030),#3041,.T.);
#3030 = FACE_BOUND('',#3031,.T.);
#3031 = EDGE_LOOP('',(#3032,#3038,#3039,#3040));
#3032 = ORIENTED_EDGE('',*,*,#3033,.T.);
#3033 = EDGE_CURVE('',#1984,#1946,#3034,.T.);
#3034 = LINE('',#3035,#3036);
#3035 = CARTESIAN_POINT('',(-16.2,-91.575,-12.5));
#3036 = VECTOR('',#3037,1.);
#3037 = DIRECTION('',(0.,1.,0.));
#3038 = ORIENTED_EDGE('',*,*,#1969,.F.);
#3039 = ORIENTED_EDGE('',*,*,#3017,.F.);
#3040 = ORIENTED_EDGE('',*,*,#1991,.T.);
#3041 = PLANE('',#3042);
#3042 = AXIS2_PLACEMENT_3D('',#3043,#3044,#3045);
#3043 = CARTESIAN_POINT('',(-16.2,16.85,-11.25));
#3044 = DIRECTION('',(-1.,-0.,-0.));
#3045 = DIRECTION('',(0.,0.,-1.));
#3046 = ADVANCED_FACE('',(#3047),#3058,.T.);
#3047 = FACE_BOUND('',#3048,.T.);
#3048 = EDGE_LOOP('',(#3049,#3050,#3051,#3057));
#3049 = ORIENTED_EDGE('',*,*,#3000,.F.);
#3050 = ORIENTED_EDGE('',*,*,#2053,.T.);
#3051 = ORIENTED_EDGE('',*,*,#3052,.T.);
#3052 = EDGE_CURVE('',#2046,#2015,#3053,.T.);
#3053 = LINE('',#3054,#3055);
#3054 = CARTESIAN_POINT('',(-16.2,-101.625,-12.5));
#3055 = VECTOR('',#3056,1.);
#3056 = DIRECTION('',(0.,1.,0.));
#3057 = ORIENTED_EDGE('',*,*,#2031,.F.);
#3058 = PLANE('',#3059);
#3059 = AXIS2_PLACEMENT_3D('',#3060,#3061,#3062);
#3060 = CARTESIAN_POINT('',(-16.2,-3.25,-11.25));
#3061 = DIRECTION('',(-1.,-0.,-0.));
#3062 = DIRECTION('',(0.,0.,-1.));
#3063 = ADVANCED_FACE('',(#3064),#3089,.T.);
#3064 = FACE_BOUND('',#3065,.T.);
#3065 = EDGE_LOOP('',(#3066,#3074,#3082,#3088));
#3066 = ORIENTED_EDGE('',*,*,#3067,.T.);
#3067 = EDGE_CURVE('',#2800,#3068,#3070,.T.);
#3068 = VERTEX_POINT('',#3069);
#3069 = CARTESIAN_POINT('',(-7.,25.75,-12.5));
#3070 = LINE('',#3071,#3072);
#3071 = CARTESIAN_POINT('',(-7.,12.567310606061,-12.5));
#3072 = VECTOR('',#3073,1.);
#3073 = DIRECTION('',(0.,1.,0.));
#3074 = ORIENTED_EDGE('',*,*,#3075,.F.);
#3075 = EDGE_CURVE('',#3076,#3068,#3078,.T.);
#3076 = VERTEX_POINT('',#3077);
#3077 = CARTESIAN_POINT('',(-7.,25.75,-13.5));
#3078 = LINE('',#3079,#3080);
#3079 = CARTESIAN_POINT('',(-7.,25.75,-13.5));
#3080 = VECTOR('',#3081,1.);
#3081 = DIRECTION('',(0.,0.,1.));
#3082 = ORIENTED_EDGE('',*,*,#3083,.F.);
#3083 = EDGE_CURVE('',#2792,#3076,#3084,.T.);
#3084 = LINE('',#3085,#3086);
#3085 = CARTESIAN_POINT('',(-7.,24.95,-13.5));
#3086 = VECTOR('',#3087,1.);
#3087 = DIRECTION('',(-0.,1.,0.));
#3088 = ORIENTED_EDGE('',*,*,#2799,.T.);
#3089 = PLANE('',#3090);
#3090 = AXIS2_PLACEMENT_3D('',#3091,#3092,#3093);
#3091 = CARTESIAN_POINT('',(-7.,25.134621212121,-11.5028030303));
#3092 = DIRECTION('',(-1.,-0.,-0.));
#3093 = DIRECTION('',(0.,0.,-1.));
#3094 = ADVANCED_FACE('',(#3095),#3136,.T.);
#3095 = FACE_BOUND('',#3096,.T.);
#3096 = EDGE_LOOP('',(#3097,#3105,#3106,#3114,#3122,#3130));
#3097 = ORIENTED_EDGE('',*,*,#3098,.T.);
#3098 = EDGE_CURVE('',#3099,#2744,#3101,.T.);
#3099 = VERTEX_POINT('',#3100);
#3100 = CARTESIAN_POINT('',(7.2,27.45,-12.5));
#3101 = LINE('',#3102,#3103);
#3102 = CARTESIAN_POINT('',(7.2,-86.98944444444,-12.5));
#3103 = VECTOR('',#3104,1.);
#3104 = DIRECTION('',(0.,-1.,0.));
#3105 = ORIENTED_EDGE('',*,*,#2751,.F.);
#3106 = ORIENTED_EDGE('',*,*,#3107,.T.);
#3107 = EDGE_CURVE('',#2752,#3108,#3110,.T.);
#3108 = VERTEX_POINT('',#3109);
#3109 = CARTESIAN_POINT('',(7.2,25.05,-13.5));
#3110 = LINE('',#3111,#3112);
#3111 = CARTESIAN_POINT('',(7.2,23.85,-13.5));
#3112 = VECTOR('',#3113,1.);
#3113 = DIRECTION('',(-0.,1.,0.));
#3114 = ORIENTED_EDGE('',*,*,#3115,.F.);
#3115 = EDGE_CURVE('',#3116,#3108,#3118,.T.);
#3116 = VERTEX_POINT('',#3117);
#3117 = CARTESIAN_POINT('',(7.2,25.05,-15.3));
#3118 = LINE('',#3119,#3120);
#3119 = CARTESIAN_POINT('',(7.2,25.05,-15.3));
#3120 = VECTOR('',#3121,1.);
#3121 = DIRECTION('',(0.,0.,1.));
#3122 = ORIENTED_EDGE('',*,*,#3123,.T.);
#3123 = EDGE_CURVE('',#3116,#3124,#3126,.T.);
#3124 = VERTEX_POINT('',#3125);
#3125 = CARTESIAN_POINT('',(7.2,27.45,-15.3));
#3126 = LINE('',#3127,#3128);
#3127 = CARTESIAN_POINT('',(7.2,25.05,-15.3));
#3128 = VECTOR('',#3129,1.);
#3129 = DIRECTION('',(-0.,1.,0.));
#3130 = ORIENTED_EDGE('',*,*,#3131,.T.);
#3131 = EDGE_CURVE('',#3124,#3099,#3132,.T.);
#3132 = LINE('',#3133,#3134);
#3133 = CARTESIAN_POINT('',(7.2,27.45,-15.3));
#3134 = VECTOR('',#3135,1.);
#3135 = DIRECTION('',(0.,0.,1.));
#3136 = PLANE('',#3137);
#3137 = AXIS2_PLACEMENT_3D('',#3138,#3139,#3140);
#3138 = CARTESIAN_POINT('',(7.2,26.021111111111,-12.20191919191));
#3139 = DIRECTION('',(1.,0.,0.));
#3140 = DIRECTION('',(-0.,0.,1.));
#3141 = ADVANCED_FACE('',(#3142),#3183,.T.);
#3142 = FACE_BOUND('',#3143,.T.);
#3143 = EDGE_LOOP('',(#3144,#3152,#3160,#3168,#3176,#3182));
#3144 = ORIENTED_EDGE('',*,*,#3145,.T.);
#3145 = EDGE_CURVE('',#2768,#3146,#3148,.T.);
#3146 = VERTEX_POINT('',#3147);
#3147 = CARTESIAN_POINT('',(4.2,27.45,-12.5));
#3148 = LINE('',#3149,#3150);
#3149 = CARTESIAN_POINT('',(4.2,13.010555555556,-12.5));
#3150 = VECTOR('',#3151,1.);
#3151 = DIRECTION('',(0.,1.,0.));
#3152 = ORIENTED_EDGE('',*,*,#3153,.F.);
#3153 = EDGE_CURVE('',#3154,#3146,#3156,.T.);
#3154 = VERTEX_POINT('',#3155);
#3155 = CARTESIAN_POINT('',(4.2,27.45,-15.3));
#3156 = LINE('',#3157,#3158);
#3157 = CARTESIAN_POINT('',(4.2,27.45,-15.3));
#3158 = VECTOR('',#3159,1.);
#3159 = DIRECTION('',(0.,0.,1.));
#3160 = ORIENTED_EDGE('',*,*,#3161,.F.);
#3161 = EDGE_CURVE('',#3162,#3154,#3164,.T.);
#3162 = VERTEX_POINT('',#3163);
#3163 = CARTESIAN_POINT('',(4.2,25.05,-15.3));
#3164 = LINE('',#3165,#3166);
#3165 = CARTESIAN_POINT('',(4.2,25.05,-15.3));
#3166 = VECTOR('',#3167,1.);
#3167 = DIRECTION('',(-0.,1.,0.));
#3168 = ORIENTED_EDGE('',*,*,#3169,.T.);
#3169 = EDGE_CURVE('',#3162,#3170,#3172,.T.);
#3170 = VERTEX_POINT('',#3171);
#3171 = CARTESIAN_POINT('',(4.2,25.05,-13.5));
#3172 = LINE('',#3173,#3174);
#3173 = CARTESIAN_POINT('',(4.2,25.05,-15.3));
#3174 = VECTOR('',#3175,1.);
#3175 = DIRECTION('',(0.,0.,1.));
#3176 = ORIENTED_EDGE('',*,*,#3177,.F.);
#3177 = EDGE_CURVE('',#2760,#3170,#3178,.T.);
#3178 = LINE('',#3179,#3180);
#3179 = CARTESIAN_POINT('',(4.2,23.85,-13.5));
#3180 = VECTOR('',#3181,1.);
#3181 = DIRECTION('',(-0.,1.,0.));
#3182 = ORIENTED_EDGE('',*,*,#2767,.T.);
#3183 = PLANE('',#3184);
#3184 = AXIS2_PLACEMENT_3D('',#3185,#3186,#3187);
#3185 = CARTESIAN_POINT('',(4.2,26.021111111111,-12.20191919191));
#3186 = DIRECTION('',(-1.,-0.,-0.));
#3187 = DIRECTION('',(0.,0.,-1.));
#3188 = ADVANCED_FACE('',(#3189),#3214,.T.);
#3189 = FACE_BOUND('',#3190,.T.);
#3190 = EDGE_LOOP('',(#3191,#3199,#3200,#3208));
#3191 = ORIENTED_EDGE('',*,*,#3192,.T.);
#3192 = EDGE_CURVE('',#3193,#2776,#3195,.T.);
#3193 = VERTEX_POINT('',#3194);
#3194 = CARTESIAN_POINT('',(-4.5,25.75,-12.5));
#3195 = LINE('',#3196,#3197);
#3196 = CARTESIAN_POINT('',(-4.5,-87.43268939393,-12.5));
#3197 = VECTOR('',#3198,1.);
#3198 = DIRECTION('',(0.,-1.,0.));
#3199 = ORIENTED_EDGE('',*,*,#2783,.F.);
#3200 = ORIENTED_EDGE('',*,*,#3201,.T.);
#3201 = EDGE_CURVE('',#2784,#3202,#3204,.T.);
#3202 = VERTEX_POINT('',#3203);
#3203 = CARTESIAN_POINT('',(-4.5,25.75,-13.5));
#3204 = LINE('',#3205,#3206);
#3205 = CARTESIAN_POINT('',(-4.5,23.65,-13.5));
#3206 = VECTOR('',#3207,1.);
#3207 = DIRECTION('',(-0.,1.,0.));
#3208 = ORIENTED_EDGE('',*,*,#3209,.T.);
#3209 = EDGE_CURVE('',#3202,#3193,#3210,.T.);
#3210 = LINE('',#3211,#3212);
#3211 = CARTESIAN_POINT('',(-4.5,25.75,-13.5));
#3212 = VECTOR('',#3213,1.);
#3213 = DIRECTION('',(0.,0.,1.));
#3214 = PLANE('',#3215);
#3215 = AXIS2_PLACEMENT_3D('',#3216,#3217,#3218);
#3216 = CARTESIAN_POINT('',(-4.5,25.134621212121,-11.5028030303));
#3217 = DIRECTION('',(1.,0.,0.));
#3218 = DIRECTION('',(-0.,0.,1.));
#3219 = ADVANCED_FACE('',(#3220),#3245,.T.);
#3220 = FACE_BOUND('',#3221,.T.);
#3221 = EDGE_LOOP('',(#3222,#3230,#3238,#3244));
#3222 = ORIENTED_EDGE('',*,*,#3223,.T.);
#3223 = EDGE_CURVE('',#2226,#3224,#3226,.T.);
#3224 = VERTEX_POINT('',#3225);
#3225 = CARTESIAN_POINT('',(16.2,16.7,-12.5));
#3226 = LINE('',#3227,#3228);
#3227 = CARTESIAN_POINT('',(16.2,-91.54827586206,-12.5));
#3228 = VECTOR('',#3229,1.);
#3229 = DIRECTION('',(0.,-1.,0.));
#3230 = ORIENTED_EDGE('',*,*,#3231,.F.);
#3231 = EDGE_CURVE('',#3232,#3224,#3234,.T.);
#3232 = VERTEX_POINT('',#3233);
#3233 = CARTESIAN_POINT('',(16.2,16.7,-13.5));
#3234 = LINE('',#3235,#3236);
#3235 = CARTESIAN_POINT('',(16.2,16.7,-19.86));
#3236 = VECTOR('',#3237,1.);
#3237 = DIRECTION('',(0.,0.,1.));
#3238 = ORIENTED_EDGE('',*,*,#3239,.T.);
#3239 = EDGE_CURVE('',#3232,#2224,#3240,.T.);
#3240 = LINE('',#3241,#3242);
#3241 = CARTESIAN_POINT('',(16.2,16.2,-13.5));
#3242 = VECTOR('',#3243,1.);
#3243 = DIRECTION('',(-0.,1.,0.));
#3244 = ORIENTED_EDGE('',*,*,#2223,.T.);
#3245 = PLANE('',#3246);
#3246 = AXIS2_PLACEMENT_3D('',#3247,#3248,#3249);
#3247 = CARTESIAN_POINT('',(16.2,16.903448275862,-11.19655172413));
#3248 = DIRECTION('',(1.,0.,0.));
#3249 = DIRECTION('',(-0.,0.,1.));
#3250 = ADVANCED_FACE('',(#3251),#3271,.F.);
#3251 = FACE_BOUND('',#3252,.F.);
#3252 = EDGE_LOOP('',(#3253,#3254,#3255,#3263,#3269,#3270));
#3253 = ORIENTED_EDGE('',*,*,#2850,.F.);
#3254 = ORIENTED_EDGE('',*,*,#2893,.T.);
#3255 = ORIENTED_EDGE('',*,*,#3256,.T.);
#3256 = EDGE_CURVE('',#2868,#3257,#3259,.T.);
#3257 = VERTEX_POINT('',#3258);
#3258 = CARTESIAN_POINT('',(14.975,16.7,-13.5));
#3259 = LINE('',#3260,#3261);
#3260 = CARTESIAN_POINT('',(14.975,16.195,-13.5));
#3261 = VECTOR('',#3262,1.);
#3262 = DIRECTION('',(-0.,1.,0.));
#3263 = ORIENTED_EDGE('',*,*,#3264,.F.);
#3264 = EDGE_CURVE('',#3232,#3257,#3265,.T.);
#3265 = LINE('',#3266,#3267);
#3266 = CARTESIAN_POINT('',(14.425,16.7,-13.5));
#3267 = VECTOR('',#3268,1.);
#3268 = DIRECTION('',(-1.,-0.,0.));
#3269 = ORIENTED_EDGE('',*,*,#3239,.T.);
#3270 = ORIENTED_EDGE('',*,*,#2233,.F.);
#3271 = PLANE('',#3272);
#3272 = AXIS2_PLACEMENT_3D('',#3273,#3274,#3275);
#3273 = CARTESIAN_POINT('',(13.875,16.2,-13.5));
#3274 = DIRECTION('',(0.,0.,1.));
#3275 = DIRECTION('',(1.,0.,-0.));
#3276 = ADVANCED_FACE('',(#3277),#3280,.F.);
#3277 = FACE_BOUND('',#3278,.T.);
#3278 = EDGE_LOOP('',(#3279));
#3279 = ORIENTED_EDGE('',*,*,#2272,.F.);
#3280 = PLANE('',#3281);
#3281 = AXIS2_PLACEMENT_3D('',#3282,#3283,#3284);
#3282 = CARTESIAN_POINT('',(13.2,4.,-25.5));
#3283 = DIRECTION('',(0.,0.,1.));
#3284 = DIRECTION('',(1.,0.,-0.));
#3285 = ADVANCED_FACE('',(#3286),#3289,.F.);
#3286 = FACE_BOUND('',#3287,.T.);
#3287 = EDGE_LOOP('',(#3288));
#3288 = ORIENTED_EDGE('',*,*,#2321,.F.);
#3289 = PLANE('',#3290);
#3290 = AXIS2_PLACEMENT_3D('',#3291,#3292,#3293);
#3291 = CARTESIAN_POINT('',(13.2,20.,-25.5));
#3292 = DIRECTION('',(0.,0.,1.));
#3293 = DIRECTION('',(1.,0.,-0.));
#3294 = ADVANCED_FACE('',(#3295),#3298,.F.);
#3295 = FACE_BOUND('',#3296,.T.);
#3296 = EDGE_LOOP('',(#3297));
#3297 = ORIENTED_EDGE('',*,*,#2393,.F.);
#3298 = PLANE('',#3299);
#3299 = AXIS2_PLACEMENT_3D('',#3300,#3301,#3302);
#3300 = CARTESIAN_POINT('',(-13.2,4.,-25.5));
#3301 = DIRECTION('',(0.,0.,1.));
#3302 = DIRECTION('',(1.,0.,-0.));
#3303 = ADVANCED_FACE('',(#3304),#3307,.F.);
#3304 = FACE_BOUND('',#3305,.T.);
#3305 = EDGE_LOOP('',(#3306));
#3306 = ORIENTED_EDGE('',*,*,#2441,.F.);
#3307 = PLANE('',#3308);
#3308 = AXIS2_PLACEMENT_3D('',#3309,#3310,#3311);
#3309 = CARTESIAN_POINT('',(-13.2,20.,-25.5));
#3310 = DIRECTION('',(0.,0.,1.));
#3311 = DIRECTION('',(1.,0.,-0.));
#3312 = ADVANCED_FACE('',(#3313),#3329,.T.);
#3313 = FACE_BOUND('',#3314,.T.);
#3314 = EDGE_LOOP('',(#3315,#3316,#3322,#3323));
#3315 = ORIENTED_EDGE('',*,*,#2958,.F.);
#3316 = ORIENTED_EDGE('',*,*,#3317,.T.);
#3317 = EDGE_CURVE('',#2951,#2479,#3318,.T.);
#3318 = LINE('',#3319,#3320);
#3319 = CARTESIAN_POINT('',(20.995,-16.2,-26.22));
#3320 = VECTOR('',#3321,1.);
#3321 = DIRECTION('',(-0.,1.,0.));
#3322 = ORIENTED_EDGE('',*,*,#2478,.T.);
#3323 = ORIENTED_EDGE('',*,*,#3324,.T.);
#3324 = EDGE_CURVE('',#2471,#2959,#3325,.T.);
#3325 = LINE('',#3326,#3327);
#3326 = CARTESIAN_POINT('',(20.995,-107.85,-12.5));
#3327 = VECTOR('',#3328,1.);
#3328 = DIRECTION('',(0.,-1.,0.));
#3329 = PLANE('',#3330);
#3330 = AXIS2_PLACEMENT_3D('',#3331,#3332,#3333);
#3331 = CARTESIAN_POINT('',(20.995,-15.7,-17.61));
#3332 = DIRECTION('',(1.,0.,0.));
#3333 = DIRECTION('',(-0.,0.,1.));
#3334 = ADVANCED_FACE('',(#3335),#3346,.F.);
#3335 = FACE_BOUND('',#3336,.F.);
#3336 = EDGE_LOOP('',(#3337,#3338,#3339,#3340));
#3337 = ORIENTED_EDGE('',*,*,#2518,.F.);
#3338 = ORIENTED_EDGE('',*,*,#2932,.F.);
#3339 = ORIENTED_EDGE('',*,*,#2977,.T.);
#3340 = ORIENTED_EDGE('',*,*,#3341,.F.);
#3341 = EDGE_CURVE('',#2511,#2978,#3342,.T.);
#3342 = LINE('',#3343,#3344);
#3343 = CARTESIAN_POINT('',(15.3,-15.56794783659,-25.3));
#3344 = VECTOR('',#3345,1.);
#3345 = DIRECTION('',(0.,-1.,0.));
#3346 = PLANE('',#3347);
#3347 = AXIS2_PLACEMENT_3D('',#3348,#3349,#3350);
#3348 = CARTESIAN_POINT('',(13.875,-16.2,-25.3));
#3349 = DIRECTION('',(0.,0.,1.));
#3350 = DIRECTION('',(1.,0.,-0.));
#3351 = ADVANCED_FACE('',(#3352),#3387,.T.);
#3352 = FACE_BOUND('',#3353,.T.);
#3353 = EDGE_LOOP('',(#3354,#3355,#3363,#3371,#3379,#3385,#3386));
#3354 = ORIENTED_EDGE('',*,*,#2510,.T.);
#3355 = ORIENTED_EDGE('',*,*,#3356,.T.);
#3356 = EDGE_CURVE('',#2503,#3357,#3359,.T.);
#3357 = VERTEX_POINT('',#3358);
#3358 = CARTESIAN_POINT('',(15.3,-14.6,-25.02));
#3359 = LINE('',#3360,#3361);
#3360 = CARTESIAN_POINT('',(15.3,-15.21,-25.02));
#3361 = VECTOR('',#3362,1.);
#3362 = DIRECTION('',(0.,1.,0.));
#3363 = ORIENTED_EDGE('',*,*,#3364,.T.);
#3364 = EDGE_CURVE('',#3357,#3365,#3367,.T.);
#3365 = VERTEX_POINT('',#3366);
#3366 = CARTESIAN_POINT('',(15.3,-14.6,-25.82));
#3367 = LINE('',#3368,#3369);
#3368 = CARTESIAN_POINT('',(15.3,-14.6,-25.02));
#3369 = VECTOR('',#3370,1.);
#3370 = DIRECTION('',(0.,0.,-1.));
#3371 = ORIENTED_EDGE('',*,*,#3372,.T.);
#3372 = EDGE_CURVE('',#3365,#3373,#3375,.T.);
#3373 = VERTEX_POINT('',#3374);
#3374 = CARTESIAN_POINT('',(15.3,-15.,-26.22));
#3375 = LINE('',#3376,#3377);
#3376 = CARTESIAN_POINT('',(15.3,-14.6,-25.82));
#3377 = VECTOR('',#3378,1.);
#3378 = DIRECTION('',(0.,-0.707106781187,-0.707106781187));
#3379 = ORIENTED_EDGE('',*,*,#3380,.T.);
#3380 = EDGE_CURVE('',#3373,#2949,#3381,.T.);
#3381 = LINE('',#3382,#3383);
#3382 = CARTESIAN_POINT('',(15.3,-15.,-26.22));
#3383 = VECTOR('',#3384,1.);
#3384 = DIRECTION('',(0.,-1.,0.));
#3385 = ORIENTED_EDGE('',*,*,#2985,.T.);
#3386 = ORIENTED_EDGE('',*,*,#3341,.F.);
#3387 = PLANE('',#3388);
#3388 = AXIS2_PLACEMENT_3D('',#3389,#3390,#3391);
#3389 = CARTESIAN_POINT('',(15.3,-15.38892755533,-25.63980626174));
#3390 = DIRECTION('',(-1.,-0.,-3.605761454534E-16));
#3391 = DIRECTION('',(3.605761454534E-16,0.,-1.));
#3392 = ADVANCED_FACE('',(#3393),#3411,.T.);
#3393 = FACE_BOUND('',#3394,.T.);
#3394 = EDGE_LOOP('',(#3395,#3396,#3397,#3405));
#3395 = ORIENTED_EDGE('',*,*,#3356,.F.);
#3396 = ORIENTED_EDGE('',*,*,#2502,.T.);
#3397 = ORIENTED_EDGE('',*,*,#3398,.T.);
#3398 = EDGE_CURVE('',#2495,#3399,#3401,.T.);
#3399 = VERTEX_POINT('',#3400);
#3400 = CARTESIAN_POINT('',(19.495,-14.6,-25.02));
#3401 = LINE('',#3402,#3403);
#3402 = CARTESIAN_POINT('',(19.495,-15.21,-25.02));
#3403 = VECTOR('',#3404,1.);
#3404 = DIRECTION('',(0.,1.,0.));
#3405 = ORIENTED_EDGE('',*,*,#3406,.F.);
#3406 = EDGE_CURVE('',#3357,#3399,#3407,.T.);
#3407 = LINE('',#3408,#3409);
#3408 = CARTESIAN_POINT('',(15.3,-14.6,-25.02));
#3409 = VECTOR('',#3410,1.);
#3410 = DIRECTION('',(1.,0.,0.));
#3411 = PLANE('',#3412);
#3412 = AXIS2_PLACEMENT_3D('',#3413,#3414,#3415);
#3413 = CARTESIAN_POINT('',(15.3,-15.21,-25.02));
#3414 = DIRECTION('',(0.,0.,1.));
#3415 = DIRECTION('',(0.,1.,0.));
#3416 = ADVANCED_FACE('',(#3417),#3443,.F.);
#3417 = FACE_BOUND('',#3418,.F.);
#3418 = EDGE_LOOP('',(#3419,#3420,#3421,#3429,#3437));
#3419 = ORIENTED_EDGE('',*,*,#2494,.T.);
#3420 = ORIENTED_EDGE('',*,*,#3398,.T.);
#3421 = ORIENTED_EDGE('',*,*,#3422,.T.);
#3422 = EDGE_CURVE('',#3399,#3423,#3425,.T.);
#3423 = VERTEX_POINT('',#3424);
#3424 = CARTESIAN_POINT('',(19.495,-14.6,-25.82));
#3425 = LINE('',#3426,#3427);
#3426 = CARTESIAN_POINT('',(19.495,-14.6,-25.02));
#3427 = VECTOR('',#3428,1.);
#3428 = DIRECTION('',(0.,0.,-1.));
#3429 = ORIENTED_EDGE('',*,*,#3430,.T.);
#3430 = EDGE_CURVE('',#3423,#3431,#3433,.T.);
#3431 = VERTEX_POINT('',#3432);
#3432 = CARTESIAN_POINT('',(19.495,-15.,-26.22));
#3433 = LINE('',#3434,#3435);
#3434 = CARTESIAN_POINT('',(19.495,-14.6,-25.82));
#3435 = VECTOR('',#3436,1.);
#3436 = DIRECTION('',(0.,-0.707106781187,-0.707106781187));
#3437 = ORIENTED_EDGE('',*,*,#3438,.T.);
#3438 = EDGE_CURVE('',#3431,#2487,#3439,.T.);
#3439 = LINE('',#3440,#3441);
#3440 = CARTESIAN_POINT('',(19.495,-15.,-26.22));
#3441 = VECTOR('',#3442,1.);
#3442 = DIRECTION('',(0.,-1.,0.));
#3443 = PLANE('',#3444);
#3444 = AXIS2_PLACEMENT_3D('',#3445,#3446,#3447);
#3445 = CARTESIAN_POINT('',(19.495,-14.93589567318,-25.56868813601));
#3446 = DIRECTION('',(-1.,-0.,-0.));
#3447 = DIRECTION('',(0.,0.,-1.));
#3448 = ADVANCED_FACE('',(#3449),#3462,.T.);
#3449 = FACE_BOUND('',#3450,.T.);
#3450 = EDGE_LOOP('',(#3451,#3452,#3458,#3459,#3460,#3461));
#3451 = ORIENTED_EDGE('',*,*,#3380,.F.);
#3452 = ORIENTED_EDGE('',*,*,#3453,.T.);
#3453 = EDGE_CURVE('',#3373,#3431,#3454,.T.);
#3454 = LINE('',#3455,#3456);
#3455 = CARTESIAN_POINT('',(15.3,-15.,-26.22));
#3456 = VECTOR('',#3457,1.);
#3457 = DIRECTION('',(1.,0.,0.));
#3458 = ORIENTED_EDGE('',*,*,#3438,.T.);
#3459 = ORIENTED_EDGE('',*,*,#2486,.T.);
#3460 = ORIENTED_EDGE('',*,*,#3317,.F.);
#3461 = ORIENTED_EDGE('',*,*,#2948,.F.);
#3462 = PLANE('',#3463);
#3463 = AXIS2_PLACEMENT_3D('',#3464,#3465,#3466);
#3464 = CARTESIAN_POINT('',(18.125745105149,-15.62175489485,-26.22));
#3465 = DIRECTION('',(-0.,-0.,-1.));
#3466 = DIRECTION('',(-1.,0.,0.));
#3467 = ADVANCED_FACE('',(#3468),#3493,.T.);
#3468 = FACE_BOUND('',#3469,.T.);
#3469 = EDGE_LOOP('',(#3470,#3471,#3479,#3487));
#3470 = ORIENTED_EDGE('',*,*,#2571,.F.);
#3471 = ORIENTED_EDGE('',*,*,#3472,.T.);
#3472 = EDGE_CURVE('',#2572,#3473,#3475,.T.);
#3473 = VERTEX_POINT('',#3474);
#3474 = CARTESIAN_POINT('',(20.995,16.7,-26.22));
#3475 = LINE('',#3476,#3477);
#3476 = CARTESIAN_POINT('',(20.995,15.2,-26.22));
#3477 = VECTOR('',#3478,1.);
#3478 = DIRECTION('',(-0.,1.,0.));
#3479 = ORIENTED_EDGE('',*,*,#3480,.T.);
#3480 = EDGE_CURVE('',#3473,#3481,#3483,.T.);
#3481 = VERTEX_POINT('',#3482);
#3482 = CARTESIAN_POINT('',(20.995,16.7,-12.5));
#3483 = LINE('',#3484,#3485);
#3484 = CARTESIAN_POINT('',(20.995,16.7,-26.22));
#3485 = VECTOR('',#3486,1.);
#3486 = DIRECTION('',(0.,0.,1.));
#3487 = ORIENTED_EDGE('',*,*,#3488,.T.);
#3488 = EDGE_CURVE('',#3481,#2574,#3489,.T.);
#3489 = LINE('',#3490,#3491);
#3490 = CARTESIAN_POINT('',(20.995,-92.04676816239,-12.5));
#3491 = VECTOR('',#3492,1.);
#3492 = DIRECTION('',(0.,-1.,0.));
#3493 = PLANE('',#3494);
#3494 = AXIS2_PLACEMENT_3D('',#3495,#3496,#3497);
#3495 = CARTESIAN_POINT('',(20.995,15.906463675214,-17.65353632478));
#3496 = DIRECTION('',(1.,0.,0.));
#3497 = DIRECTION('',(-0.,0.,1.));
#3498 = ADVANCED_FACE('',(#3499),#3549,.T.);
#3499 = FACE_BOUND('',#3500,.T.);
#3500 = EDGE_LOOP('',(#3501,#3509,#3510,#3511,#3519,#3527,#3535,#3543));
#3501 = ORIENTED_EDGE('',*,*,#3502,.T.);
#3502 = EDGE_CURVE('',#3503,#3473,#3505,.T.);
#3503 = VERTEX_POINT('',#3504);
#3504 = CARTESIAN_POINT('',(14.975,16.7,-26.22));
#3505 = LINE('',#3506,#3507);
#3506 = CARTESIAN_POINT('',(14.975,16.7,-26.22));
#3507 = VECTOR('',#3508,1.);
#3508 = DIRECTION('',(1.,0.,-0.));
#3509 = ORIENTED_EDGE('',*,*,#3472,.F.);
#3510 = ORIENTED_EDGE('',*,*,#2629,.F.);
#3511 = ORIENTED_EDGE('',*,*,#3512,.F.);
#3512 = EDGE_CURVE('',#3513,#2622,#3515,.T.);
#3513 = VERTEX_POINT('',#3514);
#3514 = CARTESIAN_POINT('',(20.195,15.9,-26.22));
#3515 = LINE('',#3516,#3517);
#3516 = CARTESIAN_POINT('',(20.195,15.580696476064,-26.22));
#3517 = VECTOR('',#3518,1.);
#3518 = DIRECTION('',(0.,-1.,0.));
#3519 = ORIENTED_EDGE('',*,*,#3520,.F.);
#3520 = EDGE_CURVE('',#3521,#3513,#3523,.T.);
#3521 = VERTEX_POINT('',#3522);
#3522 = CARTESIAN_POINT('',(15.3,15.9,-26.22));
#3523 = LINE('',#3524,#3525);
#3524 = CARTESIAN_POINT('',(16.615696476064,15.9,-26.22));
#3525 = VECTOR('',#3526,1.);
#3526 = DIRECTION('',(1.,0.,-0.));
#3527 = ORIENTED_EDGE('',*,*,#3528,.T.);
#3528 = EDGE_CURVE('',#3521,#3529,#3531,.T.);
#3529 = VERTEX_POINT('',#3530);
#3530 = CARTESIAN_POINT('',(15.3,16.19,-26.22));
#3531 = LINE('',#3532,#3533);
#3532 = CARTESIAN_POINT('',(15.3,15.2,-26.22));
#3533 = VECTOR('',#3534,1.);
#3534 = DIRECTION('',(-0.,1.,0.));
#3535 = ORIENTED_EDGE('',*,*,#3536,.F.);
#3536 = EDGE_CURVE('',#3537,#3529,#3539,.T.);
#3537 = VERTEX_POINT('',#3538);
#3538 = CARTESIAN_POINT('',(14.975,16.19,-26.22));
#3539 = LINE('',#3540,#3541);
#3540 = CARTESIAN_POINT('',(14.975,16.19,-26.22));
#3541 = VECTOR('',#3542,1.);
#3542 = DIRECTION('',(1.,0.,-0.));
#3543 = ORIENTED_EDGE('',*,*,#3544,.T.);
#3544 = EDGE_CURVE('',#3537,#3503,#3545,.T.);
#3545 = LINE('',#3546,#3547);
#3546 = CARTESIAN_POINT('',(14.975,16.19,-26.22));
#3547 = VECTOR('',#3548,1.);
#3548 = DIRECTION('',(-0.,1.,0.));
#3549 = PLANE('',#3550);
#3550 = AXIS2_PLACEMENT_3D('',#3551,#3552,#3553);
#3551 = CARTESIAN_POINT('',(18.006392952128,15.971392952128,-26.22));
#3552 = DIRECTION('',(-0.,-0.,-1.));
#3553 = DIRECTION('',(-1.,0.,0.));
#3554 = ADVANCED_FACE('',(#3555),#3573,.F.);
#3555 = FACE_BOUND('',#3556,.F.);
#3556 = EDGE_LOOP('',(#3557,#3565,#3566,#3567));
#3557 = ORIENTED_EDGE('',*,*,#3558,.F.);
#3558 = EDGE_CURVE('',#2614,#3559,#3561,.T.);
#3559 = VERTEX_POINT('',#3560);
#3560 = CARTESIAN_POINT('',(20.195,15.9,-13.06));
#3561 = LINE('',#3562,#3563);
#3562 = CARTESIAN_POINT('',(20.195,15.19,-13.06));
#3563 = VECTOR('',#3564,1.);
#3564 = DIRECTION('',(-0.,1.,0.));
#3565 = ORIENTED_EDGE('',*,*,#2621,.F.);
#3566 = ORIENTED_EDGE('',*,*,#3512,.F.);
#3567 = ORIENTED_EDGE('',*,*,#3568,.T.);
#3568 = EDGE_CURVE('',#3513,#3559,#3569,.T.);
#3569 = LINE('',#3570,#3571);
#3570 = CARTESIAN_POINT('',(20.195,15.9,-27.22));
#3571 = VECTOR('',#3572,1.);
#3572 = DIRECTION('',(0.,0.,1.));
#3573 = PLANE('',#3574);
#3574 = AXIS2_PLACEMENT_3D('',#3575,#3576,#3577);
#3575 = CARTESIAN_POINT('',(20.195,15.19,-27.22));
#3576 = DIRECTION('',(1.,0.,-0.));
#3577 = DIRECTION('',(0.,0.,1.));
#3578 = ADVANCED_FACE('',(#3579),#3597,.F.);
#3579 = FACE_BOUND('',#3580,.F.);
#3580 = EDGE_LOOP('',(#3581,#3589,#3590,#3591));
#3581 = ORIENTED_EDGE('',*,*,#3582,.F.);
#3582 = EDGE_CURVE('',#2606,#3583,#3585,.T.);
#3583 = VERTEX_POINT('',#3584);
#3584 = CARTESIAN_POINT('',(15.225,15.9,-13.06));
#3585 = LINE('',#3586,#3587);
#3586 = CARTESIAN_POINT('',(15.225,15.19,-13.06));
#3587 = VECTOR('',#3588,1.);
#3588 = DIRECTION('',(-0.,1.,0.));
#3589 = ORIENTED_EDGE('',*,*,#2613,.T.);
#3590 = ORIENTED_EDGE('',*,*,#3558,.T.);
#3591 = ORIENTED_EDGE('',*,*,#3592,.F.);
#3592 = EDGE_CURVE('',#3583,#3559,#3593,.T.);
#3593 = LINE('',#3594,#3595);
#3594 = CARTESIAN_POINT('',(15.225,15.9,-13.06));
#3595 = VECTOR('',#3596,1.);
#3596 = DIRECTION('',(1.,0.,-0.));
#3597 = PLANE('',#3598);
#3598 = AXIS2_PLACEMENT_3D('',#3599,#3600,#3601);
#3599 = CARTESIAN_POINT('',(15.225,15.19,-13.06));
#3600 = DIRECTION('',(0.,0.,1.));
#3601 = DIRECTION('',(1.,0.,-0.));
#3602 = ADVANCED_FACE('',(#3603),#3621,.T.);
#3603 = FACE_BOUND('',#3604,.T.);
#3604 = EDGE_LOOP('',(#3605,#3606,#3614,#3620));
#3605 = ORIENTED_EDGE('',*,*,#2605,.F.);
#3606 = ORIENTED_EDGE('',*,*,#3607,.T.);
#3607 = EDGE_CURVE('',#2598,#3608,#3610,.T.);
#3608 = VERTEX_POINT('',#3609);
#3609 = CARTESIAN_POINT('',(15.225,15.9,-25.3));
#3610 = LINE('',#3611,#3612);
#3611 = CARTESIAN_POINT('',(15.225,15.195,-25.3));
#3612 = VECTOR('',#3613,1.);
#3613 = DIRECTION('',(-0.,1.,0.));
#3614 = ORIENTED_EDGE('',*,*,#3615,.T.);
#3615 = EDGE_CURVE('',#3608,#3583,#3616,.T.);
#3616 = LINE('',#3617,#3618);
#3617 = CARTESIAN_POINT('',(15.225,15.9,-27.22));
#3618 = VECTOR('',#3619,1.);
#3619 = DIRECTION('',(0.,0.,1.));
#3620 = ORIENTED_EDGE('',*,*,#3582,.F.);
#3621 = PLANE('',#3622);
#3622 = AXIS2_PLACEMENT_3D('',#3623,#3624,#3625);
#3623 = CARTESIAN_POINT('',(15.225,15.19,-27.22));
#3624 = DIRECTION('',(1.,0.,-0.));
#3625 = DIRECTION('',(0.,0.,1.));
#3626 = ADVANCED_FACE('',(#3627),#3663,.F.);
#3627 = FACE_BOUND('',#3628,.F.);
#3628 = EDGE_LOOP('',(#3629,#3630,#3631,#3632,#3633,#3641,#3649,#3657));
#3629 = ORIENTED_EDGE('',*,*,#2877,.F.);
#3630 = ORIENTED_EDGE('',*,*,#2908,.F.);
#3631 = ORIENTED_EDGE('',*,*,#2597,.T.);
#3632 = ORIENTED_EDGE('',*,*,#3607,.T.);
#3633 = ORIENTED_EDGE('',*,*,#3634,.F.);
#3634 = EDGE_CURVE('',#3635,#3608,#3637,.T.);
#3635 = VERTEX_POINT('',#3636);
#3636 = CARTESIAN_POINT('',(15.3,15.9,-25.3));
#3637 = LINE('',#3638,#3639);
#3638 = CARTESIAN_POINT('',(14.55,15.9,-25.3));
#3639 = VECTOR('',#3640,1.);
#3640 = DIRECTION('',(-1.,-0.,0.));
#3641 = ORIENTED_EDGE('',*,*,#3642,.T.);
#3642 = EDGE_CURVE('',#3635,#3643,#3645,.T.);
#3643 = VERTEX_POINT('',#3644);
#3644 = CARTESIAN_POINT('',(15.3,16.19,-25.3));
#3645 = LINE('',#3646,#3647);
#3646 = CARTESIAN_POINT('',(15.3,15.2,-25.3));
#3647 = VECTOR('',#3648,1.);
#3648 = DIRECTION('',(-0.,1.,0.));
#3649 = ORIENTED_EDGE('',*,*,#3650,.T.);
#3650 = EDGE_CURVE('',#3643,#3651,#3653,.T.);
#3651 = VERTEX_POINT('',#3652);
#3652 = CARTESIAN_POINT('',(14.975,16.19,-25.3));
#3653 = LINE('',#3654,#3655);
#3654 = CARTESIAN_POINT('',(14.425,16.19,-25.3));
#3655 = VECTOR('',#3656,1.);
#3656 = DIRECTION('',(-1.,-0.,0.));
#3657 = ORIENTED_EDGE('',*,*,#3658,.T.);
#3658 = EDGE_CURVE('',#3651,#2870,#3659,.T.);
#3659 = LINE('',#3660,#3661);
#3660 = CARTESIAN_POINT('',(14.975,15.695,-25.3));
#3661 = VECTOR('',#3662,1.);
#3662 = DIRECTION('',(-0.,1.,0.));
#3663 = PLANE('',#3664);
#3664 = AXIS2_PLACEMENT_3D('',#3665,#3666,#3667);
#3665 = CARTESIAN_POINT('',(13.875,15.2,-25.3));
#3666 = DIRECTION('',(0.,0.,1.));
#3667 = DIRECTION('',(1.,0.,-0.));
#3668 = ADVANCED_FACE('',(#3669),#3687,.T.);
#3669 = FACE_BOUND('',#3670,.T.);
#3670 = EDGE_LOOP('',(#3671,#3672,#3673,#3679,#3680,#3681));
#3671 = ORIENTED_EDGE('',*,*,#3480,.F.);
#3672 = ORIENTED_EDGE('',*,*,#3502,.F.);
#3673 = ORIENTED_EDGE('',*,*,#3674,.T.);
#3674 = EDGE_CURVE('',#3503,#3257,#3675,.T.);
#3675 = LINE('',#3676,#3677);
#3676 = CARTESIAN_POINT('',(14.975,16.7,-26.22));
#3677 = VECTOR('',#3678,1.);
#3678 = DIRECTION('',(0.,0.,1.));
#3679 = ORIENTED_EDGE('',*,*,#3264,.F.);
#3680 = ORIENTED_EDGE('',*,*,#3231,.T.);
#3681 = ORIENTED_EDGE('',*,*,#3682,.T.);
#3682 = EDGE_CURVE('',#3224,#3481,#3683,.T.);
#3683 = LINE('',#3684,#3685);
#3684 = CARTESIAN_POINT('',(-92.5125,16.7,-12.5));
#3685 = VECTOR('',#3686,1.);
#3686 = DIRECTION('',(1.,0.,-0.));
#3687 = PLANE('',#3688);
#3688 = AXIS2_PLACEMENT_3D('',#3689,#3690,#3691);
#3689 = CARTESIAN_POINT('',(14.975,16.7,-26.22));
#3690 = DIRECTION('',(-0.,1.,0.));
#3691 = DIRECTION('',(0.,0.,1.));
#3692 = ADVANCED_FACE('',(#3693),#3704,.T.);
#3693 = FACE_BOUND('',#3694,.T.);
#3694 = EDGE_LOOP('',(#3695,#3696,#3702,#3703));
#3695 = ORIENTED_EDGE('',*,*,#3083,.T.);
#3696 = ORIENTED_EDGE('',*,*,#3697,.T.);
#3697 = EDGE_CURVE('',#3076,#3202,#3698,.T.);
#3698 = LINE('',#3699,#3700);
#3699 = CARTESIAN_POINT('',(-7.,25.75,-13.5));
#3700 = VECTOR('',#3701,1.);
#3701 = DIRECTION('',(1.,0.,-0.));
#3702 = ORIENTED_EDGE('',*,*,#3201,.F.);
#3703 = ORIENTED_EDGE('',*,*,#2791,.T.);
#3704 = PLANE('',#3705);
#3705 = AXIS2_PLACEMENT_3D('',#3706,#3707,#3708);
#3706 = CARTESIAN_POINT('',(-5.75,25.3,-13.5));
#3707 = DIRECTION('',(-0.,-0.,-1.));
#3708 = DIRECTION('',(-1.,0.,0.));
#3709 = ADVANCED_FACE('',(#3710),#3721,.F.);
#3710 = FACE_BOUND('',#3711,.T.);
#3711 = EDGE_LOOP('',(#3712,#3718,#3719,#3720));
#3712 = ORIENTED_EDGE('',*,*,#3713,.T.);
#3713 = EDGE_CURVE('',#3170,#3108,#3714,.T.);
#3714 = LINE('',#3715,#3716);
#3715 = CARTESIAN_POINT('',(4.2,25.05,-13.5));
#3716 = VECTOR('',#3717,1.);
#3717 = DIRECTION('',(1.,0.,-0.));
#3718 = ORIENTED_EDGE('',*,*,#3107,.F.);
#3719 = ORIENTED_EDGE('',*,*,#2759,.T.);
#3720 = ORIENTED_EDGE('',*,*,#3177,.T.);
#3721 = PLANE('',#3722);
#3722 = AXIS2_PLACEMENT_3D('',#3723,#3724,#3725);
#3723 = CARTESIAN_POINT('',(4.2,23.85,-13.5));
#3724 = DIRECTION('',(0.,0.,1.));
#3725 = DIRECTION('',(1.,0.,-0.));
#3726 = ADVANCED_FACE('',(#3727),#3740,.F.);
#3727 = FACE_BOUND('',#3728,.F.);
#3728 = EDGE_LOOP('',(#3729,#3735,#3736,#3737,#3738,#3739));
#3729 = ORIENTED_EDGE('',*,*,#3730,.F.);
#3730 = EDGE_CURVE('',#3537,#3651,#3731,.T.);
#3731 = LINE('',#3732,#3733);
#3732 = CARTESIAN_POINT('',(14.975,16.19,-26.22));
#3733 = VECTOR('',#3734,1.);
#3734 = DIRECTION('',(0.,0.,1.));
#3735 = ORIENTED_EDGE('',*,*,#3544,.T.);
#3736 = ORIENTED_EDGE('',*,*,#3674,.T.);
#3737 = ORIENTED_EDGE('',*,*,#3256,.F.);
#3738 = ORIENTED_EDGE('',*,*,#2867,.T.);
#3739 = ORIENTED_EDGE('',*,*,#3658,.F.);
#3740 = PLANE('',#3741);
#3741 = AXIS2_PLACEMENT_3D('',#3742,#3743,#3744);
#3742 = CARTESIAN_POINT('',(14.975,16.19,-26.22));
#3743 = DIRECTION('',(1.,0.,-0.));
#3744 = DIRECTION('',(0.,0.,1.));
#3745 = ADVANCED_FACE('',(#3746),#3757,.T.);
#3746 = FACE_BOUND('',#3747,.T.);
#3747 = EDGE_LOOP('',(#3748,#3749,#3750,#3751));
#3748 = ORIENTED_EDGE('',*,*,#3209,.F.);
#3749 = ORIENTED_EDGE('',*,*,#3697,.F.);
#3750 = ORIENTED_EDGE('',*,*,#3075,.T.);
#3751 = ORIENTED_EDGE('',*,*,#3752,.T.);
#3752 = EDGE_CURVE('',#3068,#3193,#3753,.T.);
#3753 = LINE('',#3754,#3755);
#3754 = CARTESIAN_POINT('',(-103.5,25.75,-12.5));
#3755 = VECTOR('',#3756,1.);
#3756 = DIRECTION('',(1.,0.,-0.));
#3757 = PLANE('',#3758);
#3758 = AXIS2_PLACEMENT_3D('',#3759,#3760,#3761);
#3759 = CARTESIAN_POINT('',(-7.,25.75,-13.5));
#3760 = DIRECTION('',(-0.,1.,0.));
#3761 = DIRECTION('',(0.,0.,1.));
#3762 = ADVANCED_FACE('',(#3763),#3779,.T.);
#3763 = FACE_BOUND('',#3764,.T.);
#3764 = EDGE_LOOP('',(#3765,#3766,#3772,#3773));
#3765 = ORIENTED_EDGE('',*,*,#3131,.F.);
#3766 = ORIENTED_EDGE('',*,*,#3767,.F.);
#3767 = EDGE_CURVE('',#3154,#3124,#3768,.T.);
#3768 = LINE('',#3769,#3770);
#3769 = CARTESIAN_POINT('',(4.2,27.45,-15.3));
#3770 = VECTOR('',#3771,1.);
#3771 = DIRECTION('',(1.,0.,-0.));
#3772 = ORIENTED_EDGE('',*,*,#3153,.T.);
#3773 = ORIENTED_EDGE('',*,*,#3774,.T.);
#3774 = EDGE_CURVE('',#3146,#3099,#3775,.T.);
#3775 = LINE('',#3776,#3777);
#3776 = CARTESIAN_POINT('',(-97.15,27.45,-12.5));
#3777 = VECTOR('',#3778,1.);
#3778 = DIRECTION('',(1.,0.,0.));
#3779 = PLANE('',#3780);
#3780 = AXIS2_PLACEMENT_3D('',#3781,#3782,#3783);
#3781 = CARTESIAN_POINT('',(5.7,27.45,-12.15));
#3782 = DIRECTION('',(0.,1.,0.));
#3783 = DIRECTION('',(0.,-0.,1.));
#3784 = ADVANCED_FACE('',(#3785),#3796,.F.);
#3785 = FACE_BOUND('',#3786,.F.);
#3786 = EDGE_LOOP('',(#3787,#3788,#3794,#3795));
#3787 = ORIENTED_EDGE('',*,*,#3161,.F.);
#3788 = ORIENTED_EDGE('',*,*,#3789,.T.);
#3789 = EDGE_CURVE('',#3162,#3116,#3790,.T.);
#3790 = LINE('',#3791,#3792);
#3791 = CARTESIAN_POINT('',(4.2,25.05,-15.3));
#3792 = VECTOR('',#3793,1.);
#3793 = DIRECTION('',(1.,0.,-0.));
#3794 = ORIENTED_EDGE('',*,*,#3123,.T.);
#3795 = ORIENTED_EDGE('',*,*,#3767,.F.);
#3796 = PLANE('',#3797);
#3797 = AXIS2_PLACEMENT_3D('',#3798,#3799,#3800);
#3798 = CARTESIAN_POINT('',(4.2,25.05,-15.3));
#3799 = DIRECTION('',(0.,0.,1.));
#3800 = DIRECTION('',(1.,0.,-0.));
#3801 = ADVANCED_FACE('',(#3802),#3808,.F.);
#3802 = FACE_BOUND('',#3803,.F.);
#3803 = EDGE_LOOP('',(#3804,#3805,#3806,#3807));
#3804 = ORIENTED_EDGE('',*,*,#3115,.F.);
#3805 = ORIENTED_EDGE('',*,*,#3789,.F.);
#3806 = ORIENTED_EDGE('',*,*,#3169,.T.);
#3807 = ORIENTED_EDGE('',*,*,#3713,.T.);
#3808 = PLANE('',#3809);
#3809 = AXIS2_PLACEMENT_3D('',#3810,#3811,#3812);
#3810 = CARTESIAN_POINT('',(4.2,25.05,-15.3));
#3811 = DIRECTION('',(-0.,1.,0.));
#3812 = DIRECTION('',(0.,0.,1.));
#3813 = ADVANCED_FACE('',(#3814),#3825,.T.);
#3814 = FACE_BOUND('',#3815,.T.);
#3815 = EDGE_LOOP('',(#3816,#3817,#3818,#3824));
#3816 = ORIENTED_EDGE('',*,*,#3406,.T.);
#3817 = ORIENTED_EDGE('',*,*,#3422,.T.);
#3818 = ORIENTED_EDGE('',*,*,#3819,.F.);
#3819 = EDGE_CURVE('',#3365,#3423,#3820,.T.);
#3820 = LINE('',#3821,#3822);
#3821 = CARTESIAN_POINT('',(15.3,-14.6,-25.82));
#3822 = VECTOR('',#3823,1.);
#3823 = DIRECTION('',(1.,0.,0.));
#3824 = ORIENTED_EDGE('',*,*,#3364,.F.);
#3825 = PLANE('',#3826);
#3826 = AXIS2_PLACEMENT_3D('',#3827,#3828,#3829);
#3827 = CARTESIAN_POINT('',(15.3,-14.6,-25.02));
#3828 = DIRECTION('',(-0.,1.,0.));
#3829 = DIRECTION('',(0.,0.,-1.));
#3830 = ADVANCED_FACE('',(#3831),#3837,.T.);
#3831 = FACE_BOUND('',#3832,.T.);
#3832 = EDGE_LOOP('',(#3833,#3834,#3835,#3836));
#3833 = ORIENTED_EDGE('',*,*,#3819,.T.);
#3834 = ORIENTED_EDGE('',*,*,#3430,.T.);
#3835 = ORIENTED_EDGE('',*,*,#3453,.F.);
#3836 = ORIENTED_EDGE('',*,*,#3372,.F.);
#3837 = PLANE('',#3838);
#3838 = AXIS2_PLACEMENT_3D('',#3839,#3840,#3841);
#3839 = CARTESIAN_POINT('',(15.3,-14.6,-25.82));
#3840 = DIRECTION('',(0.,0.707106781187,-0.707106781187));
#3841 = DIRECTION('',(0.,-0.707106781187,-0.707106781187));
#3842 = ADVANCED_FACE('',(#3843),#3854,.F.);
#3843 = FACE_BOUND('',#3844,.F.);
#3844 = EDGE_LOOP('',(#3845,#3846,#3847,#3848));
#3845 = ORIENTED_EDGE('',*,*,#3536,.F.);
#3846 = ORIENTED_EDGE('',*,*,#3730,.T.);
#3847 = ORIENTED_EDGE('',*,*,#3650,.F.);
#3848 = ORIENTED_EDGE('',*,*,#3849,.F.);
#3849 = EDGE_CURVE('',#3529,#3643,#3850,.T.);
#3850 = LINE('',#3851,#3852);
#3851 = CARTESIAN_POINT('',(15.3,16.19,-26.22));
#3852 = VECTOR('',#3853,1.);
#3853 = DIRECTION('',(0.,0.,1.));
#3854 = PLANE('',#3855);
#3855 = AXIS2_PLACEMENT_3D('',#3856,#3857,#3858);
#3856 = CARTESIAN_POINT('',(14.975,16.19,-26.22));
#3857 = DIRECTION('',(-0.,1.,0.));
#3858 = DIRECTION('',(0.,0.,1.));
#3859 = ADVANCED_FACE('',(#3860),#3871,.F.);
#3860 = FACE_BOUND('',#3861,.F.);
#3861 = EDGE_LOOP('',(#3862,#3868,#3869,#3870));
#3862 = ORIENTED_EDGE('',*,*,#3863,.F.);
#3863 = EDGE_CURVE('',#3521,#3635,#3864,.T.);
#3864 = LINE('',#3865,#3866);
#3865 = CARTESIAN_POINT('',(15.3,15.9,-26.72));
#3866 = VECTOR('',#3867,1.);
#3867 = DIRECTION('',(0.,0.,1.));
#3868 = ORIENTED_EDGE('',*,*,#3528,.T.);
#3869 = ORIENTED_EDGE('',*,*,#3849,.T.);
#3870 = ORIENTED_EDGE('',*,*,#3642,.F.);
#3871 = PLANE('',#3872);
#3872 = AXIS2_PLACEMENT_3D('',#3873,#3874,#3875);
#3873 = CARTESIAN_POINT('',(15.3,15.2,-26.22));
#3874 = DIRECTION('',(1.,0.,-0.));
#3875 = DIRECTION('',(0.,0.,1.));
#3876 = ADVANCED_FACE('',(#3877),#3885,.F.);
#3877 = FACE_BOUND('',#3878,.F.);
#3878 = EDGE_LOOP('',(#3879,#3880,#3881,#3882,#3883,#3884));
#3879 = ORIENTED_EDGE('',*,*,#3568,.F.);
#3880 = ORIENTED_EDGE('',*,*,#3520,.F.);
#3881 = ORIENTED_EDGE('',*,*,#3863,.T.);
#3882 = ORIENTED_EDGE('',*,*,#3634,.T.);
#3883 = ORIENTED_EDGE('',*,*,#3615,.T.);
#3884 = ORIENTED_EDGE('',*,*,#3592,.T.);
#3885 = PLANE('',#3886);
#3886 = AXIS2_PLACEMENT_3D('',#3887,#3888,#3889);
#3887 = CARTESIAN_POINT('',(15.225,15.9,-27.22));
#3888 = DIRECTION('',(-0.,1.,0.));
#3889 = DIRECTION('',(0.,0.,1.));
#3890 = ADVANCED_FACE('',(#3891,#3907),#3918,.T.);
#3891 = FACE_BOUND('',#3892,.T.);
#3892 = EDGE_LOOP('',(#3893,#3894,#3895,#3896,#3897,#3898,#3899,#3900,
    #3901,#3902,#3903,#3904,#3905,#3906));
#3893 = ORIENTED_EDGE('',*,*,#188,.F.);
#3894 = ORIENTED_EDGE('',*,*,#1319,.T.);
#3895 = ORIENTED_EDGE('',*,*,#47,.F.);
#3896 = ORIENTED_EDGE('',*,*,#150,.T.);
#3897 = ORIENTED_EDGE('',*,*,#236,.T.);
#3898 = ORIENTED_EDGE('',*,*,#496,.T.);
#3899 = ORIENTED_EDGE('',*,*,#250,.T.);
#3900 = ORIENTED_EDGE('',*,*,#342,.T.);
#3901 = ORIENTED_EDGE('',*,*,#544,.F.);
#3902 = ORIENTED_EDGE('',*,*,#95,.T.);
#3903 = ORIENTED_EDGE('',*,*,#576,.F.);
#3904 = ORIENTED_EDGE('',*,*,#1775,.F.);
#3905 = ORIENTED_EDGE('',*,*,#638,.F.);
#3906 = ORIENTED_EDGE('',*,*,#127,.T.);
#3907 = FACE_BOUND('',#3908,.T.);
#3908 = EDGE_LOOP('',(#3909));
#3909 = ORIENTED_EDGE('',*,*,#3910,.F.);
#3910 = EDGE_CURVE('',#3911,#3911,#3913,.T.);
#3911 = VERTEX_POINT('',#3912);
#3912 = CARTESIAN_POINT('',(-5.,-26.25,-12.5));
#3913 = CIRCLE('',#3914,0.7);
#3914 = AXIS2_PLACEMENT_3D('',#3915,#3916,#3917);
#3915 = CARTESIAN_POINT('',(-5.7,-26.25,-12.5));
#3916 = DIRECTION('',(0.,0.,1.));
#3917 = DIRECTION('',(1.,0.,-0.));
#3918 = PLANE('',#3919);
#3919 = AXIS2_PLACEMENT_3D('',#3920,#3921,#3922);
#3920 = CARTESIAN_POINT('',(-0.486544407477,-24.79675725879,-12.5));
#3921 = DIRECTION('',(0.,6.058627330364E-16,1.));
#3922 = DIRECTION('',(0.,1.,-6.058627330364E-16));
#3923 = ADVANCED_FACE('',(#3924),#3943,.F.);
#3924 = FACE_BOUND('',#3925,.F.);
#3925 = EDGE_LOOP('',(#3926,#3927,#3935,#3942));
#3926 = ORIENTED_EDGE('',*,*,#3910,.F.);
#3927 = ORIENTED_EDGE('',*,*,#3928,.F.);
#3928 = EDGE_CURVE('',#3929,#3911,#3931,.T.);
#3929 = VERTEX_POINT('',#3930);
#3930 = CARTESIAN_POINT('',(-5.,-26.25,-14.8));
#3931 = LINE('',#3932,#3933);
#3932 = CARTESIAN_POINT('',(-5.,-26.25,-14.8));
#3933 = VECTOR('',#3934,1.);
#3934 = DIRECTION('',(0.,0.,1.));
#3935 = ORIENTED_EDGE('',*,*,#3936,.T.);
#3936 = EDGE_CURVE('',#3929,#3929,#3937,.T.);
#3937 = CIRCLE('',#3938,0.7);
#3938 = AXIS2_PLACEMENT_3D('',#3939,#3940,#3941);
#3939 = CARTESIAN_POINT('',(-5.7,-26.25,-14.8));
#3940 = DIRECTION('',(0.,0.,1.));
#3941 = DIRECTION('',(1.,0.,-0.));
#3942 = ORIENTED_EDGE('',*,*,#3928,.T.);
#3943 = CYLINDRICAL_SURFACE('',#3944,0.7);
#3944 = AXIS2_PLACEMENT_3D('',#3945,#3946,#3947);
#3945 = CARTESIAN_POINT('',(-5.7,-26.25,-14.8));
#3946 = DIRECTION('',(0.,0.,1.));
#3947 = DIRECTION('',(1.,0.,-0.));
#3948 = ADVANCED_FACE('',(#3949),#3952,.T.);
#3949 = FACE_BOUND('',#3950,.F.);
#3950 = EDGE_LOOP('',(#3951));
#3951 = ORIENTED_EDGE('',*,*,#3936,.F.);
#3952 = PLANE('',#3953);
#3953 = AXIS2_PLACEMENT_3D('',#3954,#3955,#3956);
#3954 = CARTESIAN_POINT('',(-5.7,-26.25,-14.8));
#3955 = DIRECTION('',(0.,0.,1.));
#3956 = DIRECTION('',(1.,0.,-0.));
#3957 = ADVANCED_FACE('',(#3958),#3974,.T.);
#3958 = FACE_BOUND('',#3959,.T.);
#3959 = EDGE_LOOP('',(#3960,#3961,#3962,#3963,#3964,#3965,#3966,#3967,
    #3968,#3969,#3970,#3971,#3972,#3973));
#3960 = ORIENTED_EDGE('',*,*,#712,.F.);
#3961 = ORIENTED_EDGE('',*,*,#308,.T.);
#3962 = ORIENTED_EDGE('',*,*,#736,.T.);
#3963 = ORIENTED_EDGE('',*,*,#794,.T.);
#3964 = ORIENTED_EDGE('',*,*,#1945,.F.);
#3965 = ORIENTED_EDGE('',*,*,#3033,.F.);
#3966 = ORIENTED_EDGE('',*,*,#1983,.F.);
#3967 = ORIENTED_EDGE('',*,*,#1832,.T.);
#3968 = ORIENTED_EDGE('',*,*,#2014,.F.);
#3969 = ORIENTED_EDGE('',*,*,#3052,.F.);
#3970 = ORIENTED_EDGE('',*,*,#2045,.F.);
#3971 = ORIENTED_EDGE('',*,*,#1864,.T.);
#3972 = ORIENTED_EDGE('',*,*,#2076,.F.);
#3973 = ORIENTED_EDGE('',*,*,#1897,.F.);
#3974 = PLANE('',#3975);
#3975 = AXIS2_PLACEMENT_3D('',#3976,#3977,#3978);
#3976 = CARTESIAN_POINT('',(-14.66292317119,-0.106991636266,-12.5));
#3977 = DIRECTION('',(1.490186454693E-15,0.,1.));
#3978 = DIRECTION('',(1.,0.,-1.490186454693E-15));
#3979 = ADVANCED_FACE('',(#3980),#3996,.T.);
#3980 = FACE_BOUND('',#3981,.T.);
#3981 = EDGE_LOOP('',(#3982,#3983,#3984,#3985,#3986,#3987,#3988,#3989,
    #3990,#3991,#3992,#3993,#3994,#3995));
#3982 = ORIENTED_EDGE('',*,*,#1247,.F.);
#3983 = ORIENTED_EDGE('',*,*,#2660,.F.);
#3984 = ORIENTED_EDGE('',*,*,#2966,.F.);
#3985 = ORIENTED_EDGE('',*,*,#3324,.F.);
#3986 = ORIENTED_EDGE('',*,*,#2468,.F.);
#3987 = ORIENTED_EDGE('',*,*,#2549,.T.);
#3988 = ORIENTED_EDGE('',*,*,#2581,.F.);
#3989 = ORIENTED_EDGE('',*,*,#3488,.F.);
#3990 = ORIENTED_EDGE('',*,*,#3682,.F.);
#3991 = ORIENTED_EDGE('',*,*,#3223,.F.);
#3992 = ORIENTED_EDGE('',*,*,#2249,.T.);
#3993 = ORIENTED_EDGE('',*,*,#843,.T.);
#3994 = ORIENTED_EDGE('',*,*,#895,.T.);
#3995 = ORIENTED_EDGE('',*,*,#521,.T.);
#3996 = PLANE('',#3997);
#3997 = AXIS2_PLACEMENT_3D('',#3998,#3999,#4000);
#3998 = CARTESIAN_POINT('',(15.38331639843,2.470963058421E-02,-12.5));
#3999 = DIRECTION('',(-4.034470922847E-16,0.,1.));
#4000 = DIRECTION('',(1.,0.,4.034470922847E-16));
#4001 = ADVANCED_FACE('',(#4002,#4018),#4029,.T.);
#4002 = FACE_BOUND('',#4003,.T.);
#4003 = EDGE_LOOP('',(#4004,#4005,#4006,#4007,#4008,#4009,#4010,#4011,
    #4012,#4013,#4014,#4015,#4016,#4017));
#4004 = ORIENTED_EDGE('',*,*,#3067,.F.);
#4005 = ORIENTED_EDGE('',*,*,#2807,.T.);
#4006 = ORIENTED_EDGE('',*,*,#2137,.F.);
#4007 = ORIENTED_EDGE('',*,*,#760,.T.);
#4008 = ORIENTED_EDGE('',*,*,#809,.T.);
#4009 = ORIENTED_EDGE('',*,*,#877,.T.);
#4010 = ORIENTED_EDGE('',*,*,#2168,.T.);
#4011 = ORIENTED_EDGE('',*,*,#2743,.T.);
#4012 = ORIENTED_EDGE('',*,*,#3098,.F.);
#4013 = ORIENTED_EDGE('',*,*,#3774,.F.);
#4014 = ORIENTED_EDGE('',*,*,#3145,.F.);
#4015 = ORIENTED_EDGE('',*,*,#2775,.T.);
#4016 = ORIENTED_EDGE('',*,*,#3192,.F.);
#4017 = ORIENTED_EDGE('',*,*,#3752,.F.);
#4018 = FACE_BOUND('',#4019,.T.);
#4019 = EDGE_LOOP('',(#4020));
#4020 = ORIENTED_EDGE('',*,*,#4021,.F.);
#4021 = EDGE_CURVE('',#4022,#4022,#4024,.T.);
#4022 = VERTEX_POINT('',#4023);
#4023 = CARTESIAN_POINT('',(6.4,26.25,-12.5));
#4024 = CIRCLE('',#4025,0.7);
#4025 = AXIS2_PLACEMENT_3D('',#4026,#4027,#4028);
#4026 = CARTESIAN_POINT('',(5.7,26.25,-12.5));
#4027 = DIRECTION('',(0.,0.,1.));
#4028 = DIRECTION('',(1.,0.,-0.));
#4029 = PLANE('',#4030);
#4030 = AXIS2_PLACEMENT_3D('',#4031,#4032,#4033);
#4031 = CARTESIAN_POINT('',(0.486544407477,24.796757258799,-12.5));
#4032 = DIRECTION('',(0.,-6.058627330364E-16,1.));
#4033 = DIRECTION('',(0.,1.,6.058627330364E-16));
#4034 = ADVANCED_FACE('',(#4035),#4054,.F.);
#4035 = FACE_BOUND('',#4036,.F.);
#4036 = EDGE_LOOP('',(#4037,#4038,#4046,#4053));
#4037 = ORIENTED_EDGE('',*,*,#4021,.F.);
#4038 = ORIENTED_EDGE('',*,*,#4039,.F.);
#4039 = EDGE_CURVE('',#4040,#4022,#4042,.T.);
#4040 = VERTEX_POINT('',#4041);
#4041 = CARTESIAN_POINT('',(6.4,26.25,-14.8));
#4042 = LINE('',#4043,#4044);
#4043 = CARTESIAN_POINT('',(6.4,26.25,-14.8));
#4044 = VECTOR('',#4045,1.);
#4045 = DIRECTION('',(0.,0.,1.));
#4046 = ORIENTED_EDGE('',*,*,#4047,.T.);
#4047 = EDGE_CURVE('',#4040,#4040,#4048,.T.);
#4048 = CIRCLE('',#4049,0.7);
#4049 = AXIS2_PLACEMENT_3D('',#4050,#4051,#4052);
#4050 = CARTESIAN_POINT('',(5.7,26.25,-14.8));
#4051 = DIRECTION('',(0.,0.,1.));
#4052 = DIRECTION('',(1.,0.,-0.));
#4053 = ORIENTED_EDGE('',*,*,#4039,.T.);
#4054 = CYLINDRICAL_SURFACE('',#4055,0.7);
#4055 = AXIS2_PLACEMENT_3D('',#4056,#4057,#4058);
#4056 = CARTESIAN_POINT('',(5.7,26.25,-14.8));
#4057 = DIRECTION('',(0.,0.,1.));
#4058 = DIRECTION('',(1.,0.,-0.));
#4059 = ADVANCED_FACE('',(#4060),#4063,.T.);
#4060 = FACE_BOUND('',#4061,.F.);
#4061 = EDGE_LOOP('',(#4062));
#4062 = ORIENTED_EDGE('',*,*,#4047,.F.);
#4063 = PLANE('',#4064);
#4064 = AXIS2_PLACEMENT_3D('',#4065,#4066,#4067);
#4065 = CARTESIAN_POINT('',(5.7,26.25,-14.8));
#4066 = DIRECTION('',(0.,0.,1.));
#4067 = DIRECTION('',(1.,0.,-0.));
#4068 = ( GEOMETRIC_REPRESENTATION_CONTEXT(3) 
GLOBAL_UNCERTAINTY_ASSIGNED_CONTEXT((#4072)) 
GLOBAL_UNIT_ASSIGNED_CONTEXT((#4069,#4070,#4071)) REPRESENTATION_CONTEXT
('Context #1','3D Context with UNIT and UNCERTAINTY') );
#4069 = ( LENGTH_UNIT() NAMED_UNIT(*) SI_UNIT(.MILLI.,.METRE.) );
#4070 = ( NAMED_UNIT(*) PLANE_ANGLE_UNIT() SI_UNIT($,.RADIAN.) );
#4071 = ( NAMED_UNIT(*) SI_UNIT($,.STERADIAN.) SOLID_ANGLE_UNIT() );
#4072 = UNCERTAINTY_MEASURE_WITH_UNIT(LENGTH_MEASURE(2.E-07),#4069,
  'distance_accuracy_value','confusion accuracy');
#4073 = PRODUCT_RELATED_PRODUCT_CATEGORY('part',$,(#7));
ENDSEC;
END-ISO-10303-21;
