ISO-10303-21;
HEADER;
FILE_DESCRIPTION(('FreeCAD Model'),'2;1');
FILE_NAME('Open CASCADE Shape Model','2026-10-01T03:22:47',('FreeCAD'),(
    'FreeCAD'),'Open CASCADE STEP processor 7.8','FreeCAD','Unknown');
FILE_SCHEMA(('AUTOMOTIVE_DESIGN { 1 0 10303 214 1 1 1 1 }'));
ENDSEC;
DATA;
#1 = APPLICATION_PROTOCOL_DEFINITION('international standard',
  'automotive_design',2000,#2);
#2 = APPLICATION_CONTEXT(
  'core data for automotive mechanical design processes');
#3 = SHAPE_DEFINITION_REPRESENTATION(#4,#10);
#4 = PRODUCT_DEFINITION_SHAPE('','',#5);
#5 = PRODUCT_DEFINITION('design','',#6,#9);
#6 = PRODUCT_DEFINITION_FORMATION('','',#7);
#7 = PRODUCT('Open CASCADE STEP translator 7.8 1',
  'Open CASCADE STEP translator 7.8 1','',(#8));
#8 = PRODUCT_CONTEXT('',#2,'mechanical');
#9 = PRODUCT_DEFINITION_CONTEXT('part definition',#2,'design');
#10 = SHAPE_REPRESENTATION('',(#11,#15,#1346,#2186,#3562,#4447,#5868,
    #6798,#8571,#11799,#11994,#12234),#12519);
#11 = AXIS2_PLACEMENT_3D('',#12,#13,#14);
#12 = CARTESIAN_POINT('',(0.,0.,0.));
#13 = DIRECTION('',(0.,0.,1.));
#14 = DIRECTION('',(1.,0.,-0.));
#15 = MANIFOLD_SOLID_BREP('',#16);
#16 = CLOSED_SHELL('',(#17,#188,#219,#367,#398,#429,#451,#468,#499,#530,
    #554,#578,#595,#634,#658,#674,#705,#729,#753,#770,#801,#825,#849,
    #866,#897,#925,#956,#1002,#1014,#1036,#1067,#1091,#1115,#1132,#1189,
    #1214,#1223,#1254,#1272,#1293,#1314,#1330));
#17 = ADVANCED_FACE('',(#18,#149),#183,.T.);
#18 = FACE_BOUND('',#19,.T.);
#19 = EDGE_LOOP('',(#20,#30,#38,#46,#54,#63,#71,#79,#87,#95,#103,#111,
    #119,#127,#135,#143));
#20 = ORIENTED_EDGE('',*,*,#21,.F.);
#21 = EDGE_CURVE('',#22,#24,#26,.T.);
#22 = VERTEX_POINT('',#23);
#23 = CARTESIAN_POINT('',(4.,3.,1.5));
#24 = VERTEX_POINT('',#25);
#25 = CARTESIAN_POINT('',(4.,5.6,1.5));
#26 = LINE('',#27,#28);
#27 = CARTESIAN_POINT('',(4.,3.,1.5));
#28 = VECTOR('',#29,1.);
#29 = DIRECTION('',(-0.,1.,0.));
#30 = ORIENTED_EDGE('',*,*,#31,.T.);
#31 = EDGE_CURVE('',#22,#32,#34,.T.);
#32 = VERTEX_POINT('',#33);
#33 = CARTESIAN_POINT('',(10.8,3.,1.5));
#34 = LINE('',#35,#36);
#35 = CARTESIAN_POINT('',(4.,3.,1.5));
#36 = VECTOR('',#37,1.);
#37 = DIRECTION('',(1.,0.,-0.));
#38 = ORIENTED_EDGE('',*,*,#39,.T.);
#39 = EDGE_CURVE('',#32,#40,#42,.T.);
#40 = VERTEX_POINT('',#41);
#41 = CARTESIAN_POINT('',(10.8,3.8,1.5));
#42 = LINE('',#43,#44);
#43 = CARTESIAN_POINT('',(10.8,3.,1.5));
#44 = VECTOR('',#45,1.);
#45 = DIRECTION('',(-0.,1.,0.));
#46 = ORIENTED_EDGE('',*,*,#47,.F.);
#47 = EDGE_CURVE('',#48,#40,#50,.T.);
#48 = VERTEX_POINT('',#49);
#49 = CARTESIAN_POINT('',(12.45,3.8,1.5));
#50 = LINE('',#51,#52);
#51 = CARTESIAN_POINT('',(7.4,3.8,1.5));
#52 = VECTOR('',#53,1.);
#53 = DIRECTION('',(-1.,-0.,0.));
#54 = ORIENTED_EDGE('',*,*,#55,.F.);
#55 = EDGE_CURVE('',#56,#48,#58,.T.);
#56 = VERTEX_POINT('',#57);
#57 = CARTESIAN_POINT('',(12.45,5.1,1.5));
#58 = CIRCLE('',#59,0.65);
#59 = AXIS2_PLACEMENT_3D('',#60,#61,#62);
#60 = CARTESIAN_POINT('',(12.45,4.45,1.5));
#61 = DIRECTION('',(0.,0.,1.));
#62 = DIRECTION('',(1.,0.,-0.));
#63 = ORIENTED_EDGE('',*,*,#64,.F.);
#64 = EDGE_CURVE('',#65,#56,#67,.T.);
#65 = VERTEX_POINT('',#66);
#66 = CARTESIAN_POINT('',(24.,5.1,1.5));
#67 = LINE('',#68,#69);
#68 = CARTESIAN_POINT('',(8.225,5.1,1.5));
#69 = VECTOR('',#70,1.);
#70 = DIRECTION('',(-1.,-0.,0.));
#71 = ORIENTED_EDGE('',*,*,#72,.T.);
#72 = EDGE_CURVE('',#65,#73,#75,.T.);
#73 = VERTEX_POINT('',#74);
#74 = CARTESIAN_POINT('',(24.,5.6,1.5));
#75 = LINE('',#76,#77);
#76 = CARTESIAN_POINT('',(24.,3.,1.5));
#77 = VECTOR('',#78,1.);
#78 = DIRECTION('',(-0.,1.,0.));
#79 = ORIENTED_EDGE('',*,*,#80,.T.);
#80 = EDGE_CURVE('',#73,#81,#83,.T.);
#81 = VERTEX_POINT('',#82);
#82 = CARTESIAN_POINT('',(23.,5.6,1.5));
#83 = LINE('',#84,#85);
#84 = CARTESIAN_POINT('',(13.5,5.6,1.5));
#85 = VECTOR('',#86,1.);
#86 = DIRECTION('',(-1.,-0.,0.));
#87 = ORIENTED_EDGE('',*,*,#88,.T.);
#88 = EDGE_CURVE('',#81,#89,#91,.T.);
#89 = VERTEX_POINT('',#90);
#90 = CARTESIAN_POINT('',(23.,18.4,1.5));
#91 = LINE('',#92,#93);
#92 = CARTESIAN_POINT('',(23.,4.3,1.5));
#93 = VECTOR('',#94,1.);
#94 = DIRECTION('',(-0.,1.,0.));
#95 = ORIENTED_EDGE('',*,*,#96,.F.);
#96 = EDGE_CURVE('',#97,#89,#99,.T.);
#97 = VERTEX_POINT('',#98);
#98 = CARTESIAN_POINT('',(24.,18.4,1.5));
#99 = LINE('',#100,#101);
#100 = CARTESIAN_POINT('',(13.5,18.4,1.5));
#101 = VECTOR('',#102,1.);
#102 = DIRECTION('',(-1.,-0.,0.));
#103 = ORIENTED_EDGE('',*,*,#104,.T.);
#104 = EDGE_CURVE('',#97,#105,#107,.T.);
#105 = VERTEX_POINT('',#106);
#106 = CARTESIAN_POINT('',(24.,21.,1.5));
#107 = LINE('',#108,#109);
#108 = CARTESIAN_POINT('',(24.,3.,1.5));
#109 = VECTOR('',#110,1.);
#110 = DIRECTION('',(-0.,1.,0.));
#111 = ORIENTED_EDGE('',*,*,#112,.F.);
#112 = EDGE_CURVE('',#113,#105,#115,.T.);
#113 = VERTEX_POINT('',#114);
#114 = CARTESIAN_POINT('',(4.,21.,1.5));
#115 = LINE('',#116,#117);
#116 = CARTESIAN_POINT('',(4.,21.,1.5));
#117 = VECTOR('',#118,1.);
#118 = DIRECTION('',(1.,0.,-0.));
#119 = ORIENTED_EDGE('',*,*,#120,.F.);
#120 = EDGE_CURVE('',#121,#113,#123,.T.);
#121 = VERTEX_POINT('',#122);
#122 = CARTESIAN_POINT('',(4.,18.4,1.5));
#123 = LINE('',#124,#125);
#124 = CARTESIAN_POINT('',(4.,3.,1.5));
#125 = VECTOR('',#126,1.);
#126 = DIRECTION('',(-0.,1.,0.));
#127 = ORIENTED_EDGE('',*,*,#128,.F.);
#128 = EDGE_CURVE('',#129,#121,#131,.T.);
#129 = VERTEX_POINT('',#130);
#130 = CARTESIAN_POINT('',(5.,18.4,1.5));
#131 = LINE('',#132,#133);
#132 = CARTESIAN_POINT('',(4.,18.4,1.5));
#133 = VECTOR('',#134,1.);
#134 = DIRECTION('',(-1.,-0.,0.));
#135 = ORIENTED_EDGE('',*,*,#136,.F.);
#136 = EDGE_CURVE('',#137,#129,#139,.T.);
#137 = VERTEX_POINT('',#138);
#138 = CARTESIAN_POINT('',(5.,5.6,1.5));
#139 = LINE('',#140,#141);
#140 = CARTESIAN_POINT('',(5.,4.3,1.5));
#141 = VECTOR('',#142,1.);
#142 = DIRECTION('',(-0.,1.,0.));
#143 = ORIENTED_EDGE('',*,*,#144,.T.);
#144 = EDGE_CURVE('',#137,#24,#145,.T.);
#145 = LINE('',#146,#147);
#146 = CARTESIAN_POINT('',(4.,5.6,1.5));
#147 = VECTOR('',#148,1.);
#148 = DIRECTION('',(-1.,-0.,0.));
#149 = FACE_BOUND('',#150,.T.);
#150 = EDGE_LOOP('',(#151,#161,#169,#177));
#151 = ORIENTED_EDGE('',*,*,#152,.T.);
#152 = EDGE_CURVE('',#153,#155,#157,.T.);
#153 = VERTEX_POINT('',#154);
#154 = CARTESIAN_POINT('',(19.4,7.8,1.5));
#155 = VERTEX_POINT('',#156);
#156 = CARTESIAN_POINT('',(8.6,7.8,1.5));
#157 = LINE('',#158,#159);
#158 = CARTESIAN_POINT('',(6.3,7.8,1.5));
#159 = VECTOR('',#160,1.);
#160 = DIRECTION('',(-1.,-0.,0.));
#161 = ORIENTED_EDGE('',*,*,#162,.T.);
#162 = EDGE_CURVE('',#155,#163,#165,.T.);
#163 = VERTEX_POINT('',#164);
#164 = CARTESIAN_POINT('',(8.6,16.2,1.5));
#165 = LINE('',#166,#167);
#166 = CARTESIAN_POINT('',(8.6,5.4,1.5));
#167 = VECTOR('',#168,1.);
#168 = DIRECTION('',(-0.,1.,0.));
#169 = ORIENTED_EDGE('',*,*,#170,.F.);
#170 = EDGE_CURVE('',#171,#163,#173,.T.);
#171 = VERTEX_POINT('',#172);
#172 = CARTESIAN_POINT('',(19.4,16.2,1.5));
#173 = LINE('',#174,#175);
#174 = CARTESIAN_POINT('',(6.3,16.2,1.5));
#175 = VECTOR('',#176,1.);
#176 = DIRECTION('',(-1.,-0.,0.));
#177 = ORIENTED_EDGE('',*,*,#178,.F.);
#178 = EDGE_CURVE('',#153,#171,#179,.T.);
#179 = LINE('',#180,#181);
#180 = CARTESIAN_POINT('',(19.4,5.4,1.5));
#181 = VECTOR('',#182,1.);
#182 = DIRECTION('',(-0.,1.,0.));
#183 = PLANE('',#184);
#184 = AXIS2_PLACEMENT_3D('',#185,#186,#187);
#185 = CARTESIAN_POINT('',(4.,3.,1.5));
#186 = DIRECTION('',(0.,0.,1.));
#187 = DIRECTION('',(1.,0.,-0.));
#188 = ADVANCED_FACE('',(#189),#214,.T.);
#189 = FACE_BOUND('',#190,.T.);
#190 = EDGE_LOOP('',(#191,#201,#207,#208));
#191 = ORIENTED_EDGE('',*,*,#192,.F.);
#192 = EDGE_CURVE('',#193,#195,#197,.T.);
#193 = VERTEX_POINT('',#194);
#194 = CARTESIAN_POINT('',(4.,21.,0.));
#195 = VERTEX_POINT('',#196);
#196 = CARTESIAN_POINT('',(24.,21.,0.));
#197 = LINE('',#198,#199);
#198 = CARTESIAN_POINT('',(4.,21.,0.));
#199 = VECTOR('',#200,1.);
#200 = DIRECTION('',(1.,0.,-0.));
#201 = ORIENTED_EDGE('',*,*,#202,.T.);
#202 = EDGE_CURVE('',#193,#113,#203,.T.);
#203 = LINE('',#204,#205);
#204 = CARTESIAN_POINT('',(4.,21.,0.));
#205 = VECTOR('',#206,1.);
#206 = DIRECTION('',(0.,0.,1.));
#207 = ORIENTED_EDGE('',*,*,#112,.T.);
#208 = ORIENTED_EDGE('',*,*,#209,.F.);
#209 = EDGE_CURVE('',#195,#105,#210,.T.);
#210 = LINE('',#211,#212);
#211 = CARTESIAN_POINT('',(24.,21.,0.));
#212 = VECTOR('',#213,1.);
#213 = DIRECTION('',(0.,0.,1.));
#214 = PLANE('',#215);
#215 = AXIS2_PLACEMENT_3D('',#216,#217,#218);
#216 = CARTESIAN_POINT('',(4.,21.,0.));
#217 = DIRECTION('',(-0.,1.,0.));
#218 = DIRECTION('',(0.,0.,1.));
#219 = ADVANCED_FACE('',(#220,#294,#328),#362,.F.);
#220 = FACE_BOUND('',#221,.F.);
#221 = EDGE_LOOP('',(#222,#232,#238,#239,#247,#255,#263,#271,#279,#287)
  );
#222 = ORIENTED_EDGE('',*,*,#223,.F.);
#223 = EDGE_CURVE('',#224,#226,#228,.T.);
#224 = VERTEX_POINT('',#225);
#225 = CARTESIAN_POINT('',(24.,5.1,0.));
#226 = VERTEX_POINT('',#227);
#227 = CARTESIAN_POINT('',(12.45,5.1,0.));
#228 = LINE('',#229,#230);
#229 = CARTESIAN_POINT('',(8.225,5.1,0.));
#230 = VECTOR('',#231,1.);
#231 = DIRECTION('',(-1.,-0.,0.));
#232 = ORIENTED_EDGE('',*,*,#233,.T.);
#233 = EDGE_CURVE('',#224,#195,#234,.T.);
#234 = LINE('',#235,#236);
#235 = CARTESIAN_POINT('',(24.,3.,0.));
#236 = VECTOR('',#237,1.);
#237 = DIRECTION('',(-0.,1.,0.));
#238 = ORIENTED_EDGE('',*,*,#192,.F.);
#239 = ORIENTED_EDGE('',*,*,#240,.F.);
#240 = EDGE_CURVE('',#241,#193,#243,.T.);
#241 = VERTEX_POINT('',#242);
#242 = CARTESIAN_POINT('',(4.,3.,0.));
#243 = LINE('',#244,#245);
#244 = CARTESIAN_POINT('',(4.,3.,0.));
#245 = VECTOR('',#246,1.);
#246 = DIRECTION('',(-0.,1.,0.));
#247 = ORIENTED_EDGE('',*,*,#248,.T.);
#248 = EDGE_CURVE('',#241,#249,#251,.T.);
#249 = VERTEX_POINT('',#250);
#250 = CARTESIAN_POINT('',(11.8,3.,0.));
#251 = LINE('',#252,#253);
#252 = CARTESIAN_POINT('',(4.,3.,0.));
#253 = VECTOR('',#254,1.);
#254 = DIRECTION('',(1.,0.,-0.));
#255 = ORIENTED_EDGE('',*,*,#256,.F.);
#256 = EDGE_CURVE('',#257,#249,#259,.T.);
#257 = VERTEX_POINT('',#258);
#258 = CARTESIAN_POINT('',(11.8,3.24,5.073268178785E-18));
#259 = LINE('',#260,#261);
#260 = CARTESIAN_POINT('',(11.8,3.040961940777,0.));
#261 = VECTOR('',#262,1.);
#262 = DIRECTION('',(0.,-1.,0.));
#263 = ORIENTED_EDGE('',*,*,#264,.F.);
#264 = EDGE_CURVE('',#265,#257,#267,.T.);
#265 = VERTEX_POINT('',#266);
#266 = CARTESIAN_POINT('',(24.,3.24,0.));
#267 = LINE('',#268,#269);
#268 = CARTESIAN_POINT('',(7.9,3.24,-8.326672684689E-17));
#269 = VECTOR('',#270,1.);
#270 = DIRECTION('',(-1.,-0.,0.));
#271 = ORIENTED_EDGE('',*,*,#272,.T.);
#272 = EDGE_CURVE('',#265,#273,#275,.T.);
#273 = VERTEX_POINT('',#274);
#274 = CARTESIAN_POINT('',(24.,3.8,0.));
#275 = LINE('',#276,#277);
#276 = CARTESIAN_POINT('',(24.,3.,0.));
#277 = VECTOR('',#278,1.);
#278 = DIRECTION('',(-0.,1.,0.));
#279 = ORIENTED_EDGE('',*,*,#280,.T.);
#280 = EDGE_CURVE('',#273,#281,#283,.T.);
#281 = VERTEX_POINT('',#282);
#282 = CARTESIAN_POINT('',(12.45,3.8,0.));
#283 = LINE('',#284,#285);
#284 = CARTESIAN_POINT('',(8.225,3.8,0.));
#285 = VECTOR('',#286,1.);
#286 = DIRECTION('',(-1.,-0.,0.));
#287 = ORIENTED_EDGE('',*,*,#288,.F.);
#288 = EDGE_CURVE('',#226,#281,#289,.T.);
#289 = CIRCLE('',#290,0.65);
#290 = AXIS2_PLACEMENT_3D('',#291,#292,#293);
#291 = CARTESIAN_POINT('',(12.45,4.45,0.));
#292 = DIRECTION('',(0.,0.,1.));
#293 = DIRECTION('',(1.,0.,-0.));
#294 = FACE_BOUND('',#295,.F.);
#295 = EDGE_LOOP('',(#296,#306,#314,#322));
#296 = ORIENTED_EDGE('',*,*,#297,.T.);
#297 = EDGE_CURVE('',#298,#300,#302,.T.);
#298 = VERTEX_POINT('',#299);
#299 = CARTESIAN_POINT('',(18.6,8.6,0.));
#300 = VERTEX_POINT('',#301);
#301 = CARTESIAN_POINT('',(9.4,8.6,0.));
#302 = LINE('',#303,#304);
#303 = CARTESIAN_POINT('',(6.7,8.6,0.));
#304 = VECTOR('',#305,1.);
#305 = DIRECTION('',(-1.,-0.,0.));
#306 = ORIENTED_EDGE('',*,*,#307,.T.);
#307 = EDGE_CURVE('',#300,#308,#310,.T.);
#308 = VERTEX_POINT('',#309);
#309 = CARTESIAN_POINT('',(9.4,15.4,0.));
#310 = LINE('',#311,#312);
#311 = CARTESIAN_POINT('',(9.4,5.8,0.));
#312 = VECTOR('',#313,1.);
#313 = DIRECTION('',(-0.,1.,0.));
#314 = ORIENTED_EDGE('',*,*,#315,.F.);
#315 = EDGE_CURVE('',#316,#308,#318,.T.);
#316 = VERTEX_POINT('',#317);
#317 = CARTESIAN_POINT('',(18.6,15.4,0.));
#318 = LINE('',#319,#320);
#319 = CARTESIAN_POINT('',(6.7,15.4,0.));
#320 = VECTOR('',#321,1.);
#321 = DIRECTION('',(-1.,-0.,0.));
#322 = ORIENTED_EDGE('',*,*,#323,.F.);
#323 = EDGE_CURVE('',#298,#316,#324,.T.);
#324 = LINE('',#325,#326);
#325 = CARTESIAN_POINT('',(18.6,5.8,0.));
#326 = VECTOR('',#327,1.);
#327 = DIRECTION('',(-0.,1.,0.));
#328 = FACE_BOUND('',#329,.F.);
#329 = EDGE_LOOP('',(#330,#340,#348,#356));
#330 = ORIENTED_EDGE('',*,*,#331,.T.);
#331 = EDGE_CURVE('',#332,#334,#336,.T.);
#332 = VERTEX_POINT('',#333);
#333 = CARTESIAN_POINT('',(9.3,16.,0.));
#334 = VERTEX_POINT('',#335);
#335 = CARTESIAN_POINT('',(4.3,16.,0.));
#336 = LINE('',#337,#338);
#337 = CARTESIAN_POINT('',(4.15,16.,0.));
#338 = VECTOR('',#339,1.);
#339 = DIRECTION('',(-1.,-0.,0.));
#340 = ORIENTED_EDGE('',*,*,#341,.T.);
#341 = EDGE_CURVE('',#334,#342,#344,.T.);
#342 = VERTEX_POINT('',#343);
#343 = CARTESIAN_POINT('',(4.3,19.,0.));
#344 = LINE('',#345,#346);
#345 = CARTESIAN_POINT('',(4.3,9.5,0.));
#346 = VECTOR('',#347,1.);
#347 = DIRECTION('',(-0.,1.,0.));
#348 = ORIENTED_EDGE('',*,*,#349,.F.);
#349 = EDGE_CURVE('',#350,#342,#352,.T.);
#350 = VERTEX_POINT('',#351);
#351 = CARTESIAN_POINT('',(9.3,19.,0.));
#352 = LINE('',#353,#354);
#353 = CARTESIAN_POINT('',(4.15,19.,0.));
#354 = VECTOR('',#355,1.);
#355 = DIRECTION('',(-1.,-0.,0.));
#356 = ORIENTED_EDGE('',*,*,#357,.F.);
#357 = EDGE_CURVE('',#332,#350,#358,.T.);
#358 = LINE('',#359,#360);
#359 = CARTESIAN_POINT('',(9.3,9.5,0.));
#360 = VECTOR('',#361,1.);
#361 = DIRECTION('',(-0.,1.,0.));
#362 = PLANE('',#363);
#363 = AXIS2_PLACEMENT_3D('',#364,#365,#366);
#364 = CARTESIAN_POINT('',(4.,3.,0.));
#365 = DIRECTION('',(0.,0.,1.));
#366 = DIRECTION('',(1.,0.,-0.));
#367 = ADVANCED_FACE('',(#368),#393,.T.);
#368 = FACE_BOUND('',#369,.T.);
#369 = EDGE_LOOP('',(#370,#380,#386,#387));
#370 = ORIENTED_EDGE('',*,*,#371,.F.);
#371 = EDGE_CURVE('',#372,#374,#376,.T.);
#372 = VERTEX_POINT('',#373);
#373 = CARTESIAN_POINT('',(5.,5.6,4.29));
#374 = VERTEX_POINT('',#375);
#375 = CARTESIAN_POINT('',(5.,18.4,4.29));
#376 = LINE('',#377,#378);
#377 = CARTESIAN_POINT('',(5.,5.6,4.29));
#378 = VECTOR('',#379,1.);
#379 = DIRECTION('',(-0.,1.,0.));
#380 = ORIENTED_EDGE('',*,*,#381,.F.);
#381 = EDGE_CURVE('',#137,#372,#382,.T.);
#382 = LINE('',#383,#384);
#383 = CARTESIAN_POINT('',(5.,5.6,1.49));
#384 = VECTOR('',#385,1.);
#385 = DIRECTION('',(0.,0.,1.));
#386 = ORIENTED_EDGE('',*,*,#136,.T.);
#387 = ORIENTED_EDGE('',*,*,#388,.T.);
#388 = EDGE_CURVE('',#129,#374,#389,.T.);
#389 = LINE('',#390,#391);
#390 = CARTESIAN_POINT('',(5.,18.4,1.49));
#391 = VECTOR('',#392,1.);
#392 = DIRECTION('',(0.,0.,1.));
#393 = PLANE('',#394);
#394 = AXIS2_PLACEMENT_3D('',#395,#396,#397);
#395 = CARTESIAN_POINT('',(5.,5.6,1.49));
#396 = DIRECTION('',(1.,0.,-0.));
#397 = DIRECTION('',(0.,0.,1.));
#398 = ADVANCED_FACE('',(#399),#424,.F.);
#399 = FACE_BOUND('',#400,.F.);
#400 = EDGE_LOOP('',(#401,#411,#417,#418));
#401 = ORIENTED_EDGE('',*,*,#402,.F.);
#402 = EDGE_CURVE('',#403,#405,#407,.T.);
#403 = VERTEX_POINT('',#404);
#404 = CARTESIAN_POINT('',(23.,5.6,4.29));
#405 = VERTEX_POINT('',#406);
#406 = CARTESIAN_POINT('',(23.,18.4,4.29));
#407 = LINE('',#408,#409);
#408 = CARTESIAN_POINT('',(23.,5.6,4.29));
#409 = VECTOR('',#410,1.);
#410 = DIRECTION('',(-0.,1.,0.));
#411 = ORIENTED_EDGE('',*,*,#412,.F.);
#412 = EDGE_CURVE('',#81,#403,#413,.T.);
#413 = LINE('',#414,#415);
#414 = CARTESIAN_POINT('',(23.,5.6,1.49));
#415 = VECTOR('',#416,1.);
#416 = DIRECTION('',(0.,0.,1.));
#417 = ORIENTED_EDGE('',*,*,#88,.T.);
#418 = ORIENTED_EDGE('',*,*,#419,.T.);
#419 = EDGE_CURVE('',#89,#405,#420,.T.);
#420 = LINE('',#421,#422);
#421 = CARTESIAN_POINT('',(23.,18.4,1.49));
#422 = VECTOR('',#423,1.);
#423 = DIRECTION('',(0.,0.,1.));
#424 = PLANE('',#425);
#425 = AXIS2_PLACEMENT_3D('',#426,#427,#428);
#426 = CARTESIAN_POINT('',(23.,5.6,1.49));
#427 = DIRECTION('',(1.,0.,-0.));
#428 = DIRECTION('',(0.,0.,1.));
#429 = ADVANCED_FACE('',(#430),#446,.F.);
#430 = FACE_BOUND('',#431,.F.);
#431 = EDGE_LOOP('',(#432,#433,#439,#440));
#432 = ORIENTED_EDGE('',*,*,#223,.T.);
#433 = ORIENTED_EDGE('',*,*,#434,.T.);
#434 = EDGE_CURVE('',#226,#56,#435,.T.);
#435 = LINE('',#436,#437);
#436 = CARTESIAN_POINT('',(12.45,5.1,-1.));
#437 = VECTOR('',#438,1.);
#438 = DIRECTION('',(0.,0.,1.));
#439 = ORIENTED_EDGE('',*,*,#64,.F.);
#440 = ORIENTED_EDGE('',*,*,#441,.F.);
#441 = EDGE_CURVE('',#224,#65,#442,.T.);
#442 = LINE('',#443,#444);
#443 = CARTESIAN_POINT('',(24.,5.1,-0.5));
#444 = VECTOR('',#445,1.);
#445 = DIRECTION('',(0.,0.,1.));
#446 = PLANE('',#447);
#447 = AXIS2_PLACEMENT_3D('',#448,#449,#450);
#448 = CARTESIAN_POINT('',(12.45,5.1,-1.));
#449 = DIRECTION('',(-0.,1.,0.));
#450 = DIRECTION('',(0.,0.,1.));
#451 = ADVANCED_FACE('',(#452),#463,.F.);
#452 = FACE_BOUND('',#453,.F.);
#453 = EDGE_LOOP('',(#454,#455,#456,#462));
#454 = ORIENTED_EDGE('',*,*,#434,.F.);
#455 = ORIENTED_EDGE('',*,*,#288,.T.);
#456 = ORIENTED_EDGE('',*,*,#457,.T.);
#457 = EDGE_CURVE('',#281,#48,#458,.T.);
#458 = LINE('',#459,#460);
#459 = CARTESIAN_POINT('',(12.45,3.8,-1.));
#460 = VECTOR('',#461,1.);
#461 = DIRECTION('',(0.,0.,1.));
#462 = ORIENTED_EDGE('',*,*,#55,.F.);
#463 = CYLINDRICAL_SURFACE('',#464,0.65);
#464 = AXIS2_PLACEMENT_3D('',#465,#466,#467);
#465 = CARTESIAN_POINT('',(12.45,4.45,-1.));
#466 = DIRECTION('',(0.,0.,1.));
#467 = DIRECTION('',(1.,0.,-0.));
#468 = ADVANCED_FACE('',(#469),#494,.F.);
#469 = FACE_BOUND('',#470,.F.);
#470 = EDGE_LOOP('',(#471,#479,#480,#488));
#471 = ORIENTED_EDGE('',*,*,#472,.F.);
#472 = EDGE_CURVE('',#32,#473,#475,.T.);
#473 = VERTEX_POINT('',#474);
#474 = CARTESIAN_POINT('',(10.8,3.,3.));
#475 = LINE('',#476,#477);
#476 = CARTESIAN_POINT('',(10.8,3.,1.49));
#477 = VECTOR('',#478,1.);
#478 = DIRECTION('',(0.,0.,1.));
#479 = ORIENTED_EDGE('',*,*,#39,.T.);
#480 = ORIENTED_EDGE('',*,*,#481,.T.);
#481 = EDGE_CURVE('',#40,#482,#484,.T.);
#482 = VERTEX_POINT('',#483);
#483 = CARTESIAN_POINT('',(10.8,3.8,3.));
#484 = LINE('',#485,#486);
#485 = CARTESIAN_POINT('',(10.8,3.8,1.49));
#486 = VECTOR('',#487,1.);
#487 = DIRECTION('',(0.,0.,1.));
#488 = ORIENTED_EDGE('',*,*,#489,.F.);
#489 = EDGE_CURVE('',#473,#482,#490,.T.);
#490 = LINE('',#491,#492);
#491 = CARTESIAN_POINT('',(10.8,3.,3.));
#492 = VECTOR('',#493,1.);
#493 = DIRECTION('',(-0.,1.,0.));
#494 = PLANE('',#495);
#495 = AXIS2_PLACEMENT_3D('',#496,#497,#498);
#496 = CARTESIAN_POINT('',(10.8,3.,1.49));
#497 = DIRECTION('',(1.,0.,-0.));
#498 = DIRECTION('',(0.,0.,1.));
#499 = ADVANCED_FACE('',(#500),#525,.F.);
#500 = FACE_BOUND('',#501,.F.);
#501 = EDGE_LOOP('',(#502,#510,#511,#519));
#502 = ORIENTED_EDGE('',*,*,#503,.F.);
#503 = EDGE_CURVE('',#153,#504,#506,.T.);
#504 = VERTEX_POINT('',#505);
#505 = CARTESIAN_POINT('',(19.4,7.8,4.29));
#506 = LINE('',#507,#508);
#507 = CARTESIAN_POINT('',(19.4,7.8,1.49));
#508 = VECTOR('',#509,1.);
#509 = DIRECTION('',(0.,0.,1.));
#510 = ORIENTED_EDGE('',*,*,#152,.T.);
#511 = ORIENTED_EDGE('',*,*,#512,.T.);
#512 = EDGE_CURVE('',#155,#513,#515,.T.);
#513 = VERTEX_POINT('',#514);
#514 = CARTESIAN_POINT('',(8.6,7.8,4.29));
#515 = LINE('',#516,#517);
#516 = CARTESIAN_POINT('',(8.6,7.8,1.49));
#517 = VECTOR('',#518,1.);
#518 = DIRECTION('',(0.,0.,1.));
#519 = ORIENTED_EDGE('',*,*,#520,.T.);
#520 = EDGE_CURVE('',#513,#504,#521,.T.);
#521 = LINE('',#522,#523);
#522 = CARTESIAN_POINT('',(6.3,7.8,4.29));
#523 = VECTOR('',#524,1.);
#524 = DIRECTION('',(1.,0.,-0.));
#525 = PLANE('',#526);
#526 = AXIS2_PLACEMENT_3D('',#527,#528,#529);
#527 = CARTESIAN_POINT('',(8.6,7.8,1.49));
#528 = DIRECTION('',(-0.,1.,0.));
#529 = DIRECTION('',(0.,0.,1.));
#530 = ADVANCED_FACE('',(#531),#549,.T.);
#531 = FACE_BOUND('',#532,.T.);
#532 = EDGE_LOOP('',(#533,#534,#535,#543));
#533 = ORIENTED_EDGE('',*,*,#503,.F.);
#534 = ORIENTED_EDGE('',*,*,#178,.T.);
#535 = ORIENTED_EDGE('',*,*,#536,.T.);
#536 = EDGE_CURVE('',#171,#537,#539,.T.);
#537 = VERTEX_POINT('',#538);
#538 = CARTESIAN_POINT('',(19.4,16.2,4.29));
#539 = LINE('',#540,#541);
#540 = CARTESIAN_POINT('',(19.4,16.2,1.49));
#541 = VECTOR('',#542,1.);
#542 = DIRECTION('',(0.,0.,1.));
#543 = ORIENTED_EDGE('',*,*,#544,.T.);
#544 = EDGE_CURVE('',#537,#504,#545,.T.);
#545 = LINE('',#546,#547);
#546 = CARTESIAN_POINT('',(19.4,6.7,4.29));
#547 = VECTOR('',#548,1.);
#548 = DIRECTION('',(0.,-1.,0.));
#549 = PLANE('',#550);
#550 = AXIS2_PLACEMENT_3D('',#551,#552,#553);
#551 = CARTESIAN_POINT('',(19.4,7.8,1.49));
#552 = DIRECTION('',(1.,0.,-0.));
#553 = DIRECTION('',(0.,0.,1.));
#554 = ADVANCED_FACE('',(#555),#573,.F.);
#555 = FACE_BOUND('',#556,.F.);
#556 = EDGE_LOOP('',(#557,#558,#559,#567));
#557 = ORIENTED_EDGE('',*,*,#512,.F.);
#558 = ORIENTED_EDGE('',*,*,#162,.T.);
#559 = ORIENTED_EDGE('',*,*,#560,.T.);
#560 = EDGE_CURVE('',#163,#561,#563,.T.);
#561 = VERTEX_POINT('',#562);
#562 = CARTESIAN_POINT('',(8.6,16.2,4.29));
#563 = LINE('',#564,#565);
#564 = CARTESIAN_POINT('',(8.6,16.2,1.49));
#565 = VECTOR('',#566,1.);
#566 = DIRECTION('',(0.,0.,1.));
#567 = ORIENTED_EDGE('',*,*,#568,.T.);
#568 = EDGE_CURVE('',#561,#513,#569,.T.);
#569 = LINE('',#570,#571);
#570 = CARTESIAN_POINT('',(8.6,6.7,4.29));
#571 = VECTOR('',#572,1.);
#572 = DIRECTION('',(0.,-1.,0.));
#573 = PLANE('',#574);
#574 = AXIS2_PLACEMENT_3D('',#575,#576,#577);
#575 = CARTESIAN_POINT('',(8.6,7.8,1.49));
#576 = DIRECTION('',(1.,0.,-0.));
#577 = DIRECTION('',(0.,0.,1.));
#578 = ADVANCED_FACE('',(#579),#590,.T.);
#579 = FACE_BOUND('',#580,.T.);
#580 = EDGE_LOOP('',(#581,#582,#583,#584));
#581 = ORIENTED_EDGE('',*,*,#536,.F.);
#582 = ORIENTED_EDGE('',*,*,#170,.T.);
#583 = ORIENTED_EDGE('',*,*,#560,.T.);
#584 = ORIENTED_EDGE('',*,*,#585,.T.);
#585 = EDGE_CURVE('',#561,#537,#586,.T.);
#586 = LINE('',#587,#588);
#587 = CARTESIAN_POINT('',(6.3,16.2,4.29));
#588 = VECTOR('',#589,1.);
#589 = DIRECTION('',(1.,0.,-0.));
#590 = PLANE('',#591);
#591 = AXIS2_PLACEMENT_3D('',#592,#593,#594);
#592 = CARTESIAN_POINT('',(8.6,16.2,1.49));
#593 = DIRECTION('',(-0.,1.,0.));
#594 = DIRECTION('',(0.,0.,1.));
#595 = ADVANCED_FACE('',(#596),#629,.T.);
#596 = FACE_BOUND('',#597,.T.);
#597 = EDGE_LOOP('',(#598,#608,#616,#622,#623));
#598 = ORIENTED_EDGE('',*,*,#599,.F.);
#599 = EDGE_CURVE('',#600,#602,#604,.T.);
#600 = VERTEX_POINT('',#601);
#601 = CARTESIAN_POINT('',(24.,3.,1.5));
#602 = VERTEX_POINT('',#603);
#603 = CARTESIAN_POINT('',(24.,3.8,1.5));
#604 = LINE('',#605,#606);
#605 = CARTESIAN_POINT('',(24.,3.,1.5));
#606 = VECTOR('',#607,1.);
#607 = DIRECTION('',(-0.,1.,0.));
#608 = ORIENTED_EDGE('',*,*,#609,.F.);
#609 = EDGE_CURVE('',#610,#600,#612,.T.);
#610 = VERTEX_POINT('',#611);
#611 = CARTESIAN_POINT('',(24.,3.,0.24));
#612 = LINE('',#613,#614);
#613 = CARTESIAN_POINT('',(24.,3.,0.));
#614 = VECTOR('',#615,1.);
#615 = DIRECTION('',(0.,0.,1.));
#616 = ORIENTED_EDGE('',*,*,#617,.F.);
#617 = EDGE_CURVE('',#265,#610,#618,.T.);
#618 = LINE('',#619,#620);
#619 = CARTESIAN_POINT('',(24.,3.055,0.185));
#620 = VECTOR('',#621,1.);
#621 = DIRECTION('',(0.,-0.707106781187,0.707106781187));
#622 = ORIENTED_EDGE('',*,*,#272,.T.);
#623 = ORIENTED_EDGE('',*,*,#624,.T.);
#624 = EDGE_CURVE('',#273,#602,#625,.T.);
#625 = LINE('',#626,#627);
#626 = CARTESIAN_POINT('',(24.,3.8,-0.5));
#627 = VECTOR('',#628,1.);
#628 = DIRECTION('',(0.,0.,1.));
#629 = PLANE('',#630);
#630 = AXIS2_PLACEMENT_3D('',#631,#632,#633);
#631 = CARTESIAN_POINT('',(24.,3.,0.));
#632 = DIRECTION('',(1.,0.,-0.));
#633 = DIRECTION('',(0.,0.,1.));
#634 = ADVANCED_FACE('',(#635),#653,.F.);
#635 = FACE_BOUND('',#636,.F.);
#636 = EDGE_LOOP('',(#637,#645,#651,#652));
#637 = ORIENTED_EDGE('',*,*,#638,.F.);
#638 = EDGE_CURVE('',#639,#257,#641,.T.);
#639 = VERTEX_POINT('',#640);
#640 = CARTESIAN_POINT('',(11.8,3.,0.24));
#641 = LINE('',#642,#643);
#642 = CARTESIAN_POINT('',(11.8,2.99,0.25));
#643 = VECTOR('',#644,1.);
#644 = DIRECTION('',(0.,0.707106781187,-0.707106781187));
#645 = ORIENTED_EDGE('',*,*,#646,.T.);
#646 = EDGE_CURVE('',#639,#610,#647,.T.);
#647 = LINE('',#648,#649);
#648 = CARTESIAN_POINT('',(7.9,3.,0.24));
#649 = VECTOR('',#650,1.);
#650 = DIRECTION('',(1.,0.,0.));
#651 = ORIENTED_EDGE('',*,*,#617,.F.);
#652 = ORIENTED_EDGE('',*,*,#264,.T.);
#653 = PLANE('',#654);
#654 = AXIS2_PLACEMENT_3D('',#655,#656,#657);
#655 = CARTESIAN_POINT('',(11.8,2.99,0.25));
#656 = DIRECTION('',(-0.,0.707106781187,0.707106781187));
#657 = DIRECTION('',(0.,0.707106781187,-0.707106781187));
#658 = ADVANCED_FACE('',(#659),#669,.F.);
#659 = FACE_BOUND('',#660,.F.);
#660 = EDGE_LOOP('',(#661,#662,#663));
#661 = ORIENTED_EDGE('',*,*,#638,.T.);
#662 = ORIENTED_EDGE('',*,*,#256,.T.);
#663 = ORIENTED_EDGE('',*,*,#664,.T.);
#664 = EDGE_CURVE('',#249,#639,#665,.T.);
#665 = LINE('',#666,#667);
#666 = CARTESIAN_POINT('',(11.8,3.,4.096194077713E-02));
#667 = VECTOR('',#668,1.);
#668 = DIRECTION('',(0.,-0.,1.));
#669 = PLANE('',#670);
#670 = AXIS2_PLACEMENT_3D('',#671,#672,#673);
#671 = CARTESIAN_POINT('',(11.8,3.081923881554,8.192388155425E-02));
#672 = DIRECTION('',(-1.,-0.,-0.));
#673 = DIRECTION('',(0.,0.,-1.));
#674 = ADVANCED_FACE('',(#675),#700,.T.);
#675 = FACE_BOUND('',#676,.T.);
#676 = EDGE_LOOP('',(#677,#685,#686,#694));
#677 = ORIENTED_EDGE('',*,*,#678,.F.);
#678 = EDGE_CURVE('',#298,#679,#681,.T.);
#679 = VERTEX_POINT('',#680);
#680 = CARTESIAN_POINT('',(18.6,8.6,4.3));
#681 = LINE('',#682,#683);
#682 = CARTESIAN_POINT('',(18.6,8.6,-1.));
#683 = VECTOR('',#684,1.);
#684 = DIRECTION('',(0.,0.,1.));
#685 = ORIENTED_EDGE('',*,*,#297,.T.);
#686 = ORIENTED_EDGE('',*,*,#687,.T.);
#687 = EDGE_CURVE('',#300,#688,#690,.T.);
#688 = VERTEX_POINT('',#689);
#689 = CARTESIAN_POINT('',(9.4,8.6,4.3));
#690 = LINE('',#691,#692);
#691 = CARTESIAN_POINT('',(9.4,8.6,-1.));
#692 = VECTOR('',#693,1.);
#693 = DIRECTION('',(0.,0.,1.));
#694 = ORIENTED_EDGE('',*,*,#695,.T.);
#695 = EDGE_CURVE('',#688,#679,#696,.T.);
#696 = LINE('',#697,#698);
#697 = CARTESIAN_POINT('',(9.4,8.6,4.3));
#698 = VECTOR('',#699,1.);
#699 = DIRECTION('',(1.,0.,-0.));
#700 = PLANE('',#701);
#701 = AXIS2_PLACEMENT_3D('',#702,#703,#704);
#702 = CARTESIAN_POINT('',(9.4,8.6,-1.));
#703 = DIRECTION('',(-0.,1.,0.));
#704 = DIRECTION('',(0.,0.,1.));
#705 = ADVANCED_FACE('',(#706),#724,.F.);
#706 = FACE_BOUND('',#707,.F.);
#707 = EDGE_LOOP('',(#708,#709,#710,#718));
#708 = ORIENTED_EDGE('',*,*,#678,.F.);
#709 = ORIENTED_EDGE('',*,*,#323,.T.);
#710 = ORIENTED_EDGE('',*,*,#711,.T.);
#711 = EDGE_CURVE('',#316,#712,#714,.T.);
#712 = VERTEX_POINT('',#713);
#713 = CARTESIAN_POINT('',(18.6,15.4,4.3));
#714 = LINE('',#715,#716);
#715 = CARTESIAN_POINT('',(18.6,15.4,-1.));
#716 = VECTOR('',#717,1.);
#717 = DIRECTION('',(0.,0.,1.));
#718 = ORIENTED_EDGE('',*,*,#719,.F.);
#719 = EDGE_CURVE('',#679,#712,#720,.T.);
#720 = LINE('',#721,#722);
#721 = CARTESIAN_POINT('',(18.6,8.6,4.3));
#722 = VECTOR('',#723,1.);
#723 = DIRECTION('',(-0.,1.,0.));
#724 = PLANE('',#725);
#725 = AXIS2_PLACEMENT_3D('',#726,#727,#728);
#726 = CARTESIAN_POINT('',(18.6,8.6,-1.));
#727 = DIRECTION('',(1.,0.,-0.));
#728 = DIRECTION('',(0.,0.,1.));
#729 = ADVANCED_FACE('',(#730),#748,.T.);
#730 = FACE_BOUND('',#731,.T.);
#731 = EDGE_LOOP('',(#732,#733,#734,#742));
#732 = ORIENTED_EDGE('',*,*,#687,.F.);
#733 = ORIENTED_EDGE('',*,*,#307,.T.);
#734 = ORIENTED_EDGE('',*,*,#735,.T.);
#735 = EDGE_CURVE('',#308,#736,#738,.T.);
#736 = VERTEX_POINT('',#737);
#737 = CARTESIAN_POINT('',(9.4,15.4,4.3));
#738 = LINE('',#739,#740);
#739 = CARTESIAN_POINT('',(9.4,15.4,-1.));
#740 = VECTOR('',#741,1.);
#741 = DIRECTION('',(0.,0.,1.));
#742 = ORIENTED_EDGE('',*,*,#743,.F.);
#743 = EDGE_CURVE('',#688,#736,#744,.T.);
#744 = LINE('',#745,#746);
#745 = CARTESIAN_POINT('',(9.4,8.6,4.3));
#746 = VECTOR('',#747,1.);
#747 = DIRECTION('',(-0.,1.,0.));
#748 = PLANE('',#749);
#749 = AXIS2_PLACEMENT_3D('',#750,#751,#752);
#750 = CARTESIAN_POINT('',(9.4,8.6,-1.));
#751 = DIRECTION('',(1.,0.,-0.));
#752 = DIRECTION('',(0.,0.,1.));
#753 = ADVANCED_FACE('',(#754),#765,.F.);
#754 = FACE_BOUND('',#755,.F.);
#755 = EDGE_LOOP('',(#756,#757,#758,#759));
#756 = ORIENTED_EDGE('',*,*,#711,.F.);
#757 = ORIENTED_EDGE('',*,*,#315,.T.);
#758 = ORIENTED_EDGE('',*,*,#735,.T.);
#759 = ORIENTED_EDGE('',*,*,#760,.T.);
#760 = EDGE_CURVE('',#736,#712,#761,.T.);
#761 = LINE('',#762,#763);
#762 = CARTESIAN_POINT('',(9.4,15.4,4.3));
#763 = VECTOR('',#764,1.);
#764 = DIRECTION('',(1.,0.,-0.));
#765 = PLANE('',#766);
#766 = AXIS2_PLACEMENT_3D('',#767,#768,#769);
#767 = CARTESIAN_POINT('',(9.4,15.4,-1.));
#768 = DIRECTION('',(-0.,1.,0.));
#769 = DIRECTION('',(0.,0.,1.));
#770 = ADVANCED_FACE('',(#771),#796,.T.);
#771 = FACE_BOUND('',#772,.T.);
#772 = EDGE_LOOP('',(#773,#781,#782,#790));
#773 = ORIENTED_EDGE('',*,*,#774,.F.);
#774 = EDGE_CURVE('',#332,#775,#777,.T.);
#775 = VERTEX_POINT('',#776);
#776 = CARTESIAN_POINT('',(9.3,16.,0.5));
#777 = LINE('',#778,#779);
#778 = CARTESIAN_POINT('',(9.3,16.,-1.));
#779 = VECTOR('',#780,1.);
#780 = DIRECTION('',(0.,0.,1.));
#781 = ORIENTED_EDGE('',*,*,#331,.T.);
#782 = ORIENTED_EDGE('',*,*,#783,.T.);
#783 = EDGE_CURVE('',#334,#784,#786,.T.);
#784 = VERTEX_POINT('',#785);
#785 = CARTESIAN_POINT('',(4.3,16.,0.5));
#786 = LINE('',#787,#788);
#787 = CARTESIAN_POINT('',(4.3,16.,-1.));
#788 = VECTOR('',#789,1.);
#789 = DIRECTION('',(0.,0.,1.));
#790 = ORIENTED_EDGE('',*,*,#791,.T.);
#791 = EDGE_CURVE('',#784,#775,#792,.T.);
#792 = LINE('',#793,#794);
#793 = CARTESIAN_POINT('',(4.3,16.,0.5));
#794 = VECTOR('',#795,1.);
#795 = DIRECTION('',(1.,0.,-0.));
#796 = PLANE('',#797);
#797 = AXIS2_PLACEMENT_3D('',#798,#799,#800);
#798 = CARTESIAN_POINT('',(4.3,16.,-1.));
#799 = DIRECTION('',(-0.,1.,0.));
#800 = DIRECTION('',(0.,0.,1.));
#801 = ADVANCED_FACE('',(#802),#820,.F.);
#802 = FACE_BOUND('',#803,.F.);
#803 = EDGE_LOOP('',(#804,#805,#806,#814));
#804 = ORIENTED_EDGE('',*,*,#774,.F.);
#805 = ORIENTED_EDGE('',*,*,#357,.T.);
#806 = ORIENTED_EDGE('',*,*,#807,.T.);
#807 = EDGE_CURVE('',#350,#808,#810,.T.);
#808 = VERTEX_POINT('',#809);
#809 = CARTESIAN_POINT('',(9.3,19.,0.5));
#810 = LINE('',#811,#812);
#811 = CARTESIAN_POINT('',(9.3,19.,-1.));
#812 = VECTOR('',#813,1.);
#813 = DIRECTION('',(0.,0.,1.));
#814 = ORIENTED_EDGE('',*,*,#815,.F.);
#815 = EDGE_CURVE('',#775,#808,#816,.T.);
#816 = LINE('',#817,#818);
#817 = CARTESIAN_POINT('',(9.3,16.,0.5));
#818 = VECTOR('',#819,1.);
#819 = DIRECTION('',(-0.,1.,0.));
#820 = PLANE('',#821);
#821 = AXIS2_PLACEMENT_3D('',#822,#823,#824);
#822 = CARTESIAN_POINT('',(9.3,16.,-1.));
#823 = DIRECTION('',(1.,0.,-0.));
#824 = DIRECTION('',(0.,0.,1.));
#825 = ADVANCED_FACE('',(#826),#844,.F.);
#826 = FACE_BOUND('',#827,.F.);
#827 = EDGE_LOOP('',(#828,#829,#830,#838));
#828 = ORIENTED_EDGE('',*,*,#807,.F.);
#829 = ORIENTED_EDGE('',*,*,#349,.T.);
#830 = ORIENTED_EDGE('',*,*,#831,.T.);
#831 = EDGE_CURVE('',#342,#832,#834,.T.);
#832 = VERTEX_POINT('',#833);
#833 = CARTESIAN_POINT('',(4.3,19.,0.5));
#834 = LINE('',#835,#836);
#835 = CARTESIAN_POINT('',(4.3,19.,-1.));
#836 = VECTOR('',#837,1.);
#837 = DIRECTION('',(0.,0.,1.));
#838 = ORIENTED_EDGE('',*,*,#839,.T.);
#839 = EDGE_CURVE('',#832,#808,#840,.T.);
#840 = LINE('',#841,#842);
#841 = CARTESIAN_POINT('',(4.3,19.,0.5));
#842 = VECTOR('',#843,1.);
#843 = DIRECTION('',(1.,0.,-0.));
#844 = PLANE('',#845);
#845 = AXIS2_PLACEMENT_3D('',#846,#847,#848);
#846 = CARTESIAN_POINT('',(4.3,19.,-1.));
#847 = DIRECTION('',(-0.,1.,0.));
#848 = DIRECTION('',(0.,0.,1.));
#849 = ADVANCED_FACE('',(#850),#861,.T.);
#850 = FACE_BOUND('',#851,.T.);
#851 = EDGE_LOOP('',(#852,#853,#854,#855));
#852 = ORIENTED_EDGE('',*,*,#783,.F.);
#853 = ORIENTED_EDGE('',*,*,#341,.T.);
#854 = ORIENTED_EDGE('',*,*,#831,.T.);
#855 = ORIENTED_EDGE('',*,*,#856,.F.);
#856 = EDGE_CURVE('',#784,#832,#857,.T.);
#857 = LINE('',#858,#859);
#858 = CARTESIAN_POINT('',(4.3,16.,0.5));
#859 = VECTOR('',#860,1.);
#860 = DIRECTION('',(-0.,1.,0.));
#861 = PLANE('',#862);
#862 = AXIS2_PLACEMENT_3D('',#863,#864,#865);
#863 = CARTESIAN_POINT('',(4.3,16.,-1.));
#864 = DIRECTION('',(1.,0.,-0.));
#865 = DIRECTION('',(0.,0.,1.));
#866 = ADVANCED_FACE('',(#867),#892,.T.);
#867 = FACE_BOUND('',#868,.T.);
#868 = EDGE_LOOP('',(#869,#877,#885,#891));
#869 = ORIENTED_EDGE('',*,*,#870,.T.);
#870 = EDGE_CURVE('',#602,#871,#873,.T.);
#871 = VERTEX_POINT('',#872);
#872 = CARTESIAN_POINT('',(23.5,3.8,1.5));
#873 = LINE('',#874,#875);
#874 = CARTESIAN_POINT('',(8.225,3.8,1.5));
#875 = VECTOR('',#876,1.);
#876 = DIRECTION('',(-1.,-0.,0.));
#877 = ORIENTED_EDGE('',*,*,#878,.F.);
#878 = EDGE_CURVE('',#879,#871,#881,.T.);
#879 = VERTEX_POINT('',#880);
#880 = CARTESIAN_POINT('',(23.5,3.,1.5));
#881 = LINE('',#882,#883);
#882 = CARTESIAN_POINT('',(23.5,3.,1.5));
#883 = VECTOR('',#884,1.);
#884 = DIRECTION('',(-0.,1.,0.));
#885 = ORIENTED_EDGE('',*,*,#886,.T.);
#886 = EDGE_CURVE('',#879,#600,#887,.T.);
#887 = LINE('',#888,#889);
#888 = CARTESIAN_POINT('',(4.,3.,1.5));
#889 = VECTOR('',#890,1.);
#890 = DIRECTION('',(1.,0.,-0.));
#891 = ORIENTED_EDGE('',*,*,#599,.T.);
#892 = PLANE('',#893);
#893 = AXIS2_PLACEMENT_3D('',#894,#895,#896);
#894 = CARTESIAN_POINT('',(4.,3.,1.5));
#895 = DIRECTION('',(0.,0.,1.));
#896 = DIRECTION('',(1.,0.,-0.));
#897 = ADVANCED_FACE('',(#898,#914),#920,.F.);
#898 = FACE_BOUND('',#899,.F.);
#899 = EDGE_LOOP('',(#900,#901,#907,#908));
#900 = ORIENTED_EDGE('',*,*,#371,.F.);
#901 = ORIENTED_EDGE('',*,*,#902,.T.);
#902 = EDGE_CURVE('',#372,#403,#903,.T.);
#903 = LINE('',#904,#905);
#904 = CARTESIAN_POINT('',(4.,5.6,4.29));
#905 = VECTOR('',#906,1.);
#906 = DIRECTION('',(1.,0.,-0.));
#907 = ORIENTED_EDGE('',*,*,#402,.T.);
#908 = ORIENTED_EDGE('',*,*,#909,.F.);
#909 = EDGE_CURVE('',#374,#405,#910,.T.);
#910 = LINE('',#911,#912);
#911 = CARTESIAN_POINT('',(4.,18.4,4.29));
#912 = VECTOR('',#913,1.);
#913 = DIRECTION('',(1.,0.,-0.));
#914 = FACE_BOUND('',#915,.F.);
#915 = EDGE_LOOP('',(#916,#917,#918,#919));
#916 = ORIENTED_EDGE('',*,*,#520,.F.);
#917 = ORIENTED_EDGE('',*,*,#568,.F.);
#918 = ORIENTED_EDGE('',*,*,#585,.T.);
#919 = ORIENTED_EDGE('',*,*,#544,.T.);
#920 = PLANE('',#921);
#921 = AXIS2_PLACEMENT_3D('',#922,#923,#924);
#922 = CARTESIAN_POINT('',(4.,5.6,4.29));
#923 = DIRECTION('',(0.,0.,1.));
#924 = DIRECTION('',(1.,0.,-0.));
#925 = ADVANCED_FACE('',(#926),#951,.T.);
#926 = FACE_BOUND('',#927,.T.);
#927 = EDGE_LOOP('',(#928,#929,#937,#945));
#928 = ORIENTED_EDGE('',*,*,#489,.F.);
#929 = ORIENTED_EDGE('',*,*,#930,.T.);
#930 = EDGE_CURVE('',#473,#931,#933,.T.);
#931 = VERTEX_POINT('',#932);
#932 = CARTESIAN_POINT('',(23.5,3.,3.));
#933 = LINE('',#934,#935);
#934 = CARTESIAN_POINT('',(10.8,3.,3.));
#935 = VECTOR('',#936,1.);
#936 = DIRECTION('',(1.,0.,-0.));
#937 = ORIENTED_EDGE('',*,*,#938,.T.);
#938 = EDGE_CURVE('',#931,#939,#941,.T.);
#939 = VERTEX_POINT('',#940);
#940 = CARTESIAN_POINT('',(23.5,3.8,3.));
#941 = LINE('',#942,#943);
#942 = CARTESIAN_POINT('',(23.5,3.,3.));
#943 = VECTOR('',#944,1.);
#944 = DIRECTION('',(-0.,1.,0.));
#945 = ORIENTED_EDGE('',*,*,#946,.F.);
#946 = EDGE_CURVE('',#482,#939,#947,.T.);
#947 = LINE('',#948,#949);
#948 = CARTESIAN_POINT('',(10.8,3.8,3.));
#949 = VECTOR('',#950,1.);
#950 = DIRECTION('',(1.,0.,-0.));
#951 = PLANE('',#952);
#952 = AXIS2_PLACEMENT_3D('',#953,#954,#955);
#953 = CARTESIAN_POINT('',(10.8,3.,3.));
#954 = DIRECTION('',(0.,0.,1.));
#955 = DIRECTION('',(1.,0.,-0.));
#956 = ADVANCED_FACE('',(#957,#963),#997,.F.);
#957 = FACE_BOUND('',#958,.F.);
#958 = EDGE_LOOP('',(#959,#960,#961,#962));
#959 = ORIENTED_EDGE('',*,*,#743,.F.);
#960 = ORIENTED_EDGE('',*,*,#695,.T.);
#961 = ORIENTED_EDGE('',*,*,#719,.T.);
#962 = ORIENTED_EDGE('',*,*,#760,.F.);
#963 = FACE_BOUND('',#964,.F.);
#964 = EDGE_LOOP('',(#965,#975,#983,#991));
#965 = ORIENTED_EDGE('',*,*,#966,.T.);
#966 = EDGE_CURVE('',#967,#969,#971,.T.);
#967 = VERTEX_POINT('',#968);
#968 = CARTESIAN_POINT('',(12.8,8.7,4.3));
#969 = VERTEX_POINT('',#970);
#970 = CARTESIAN_POINT('',(11.2,8.7,4.3));
#971 = LINE('',#972,#973);
#972 = CARTESIAN_POINT('',(10.3,8.7,4.3));
#973 = VECTOR('',#974,1.);
#974 = DIRECTION('',(-1.,-0.,0.));
#975 = ORIENTED_EDGE('',*,*,#976,.T.);
#976 = EDGE_CURVE('',#969,#977,#979,.T.);
#977 = VERTEX_POINT('',#978);
#978 = CARTESIAN_POINT('',(11.2,11.3,4.3));
#979 = LINE('',#980,#981);
#980 = CARTESIAN_POINT('',(11.2,8.65,4.3));
#981 = VECTOR('',#982,1.);
#982 = DIRECTION('',(-0.,1.,0.));
#983 = ORIENTED_EDGE('',*,*,#984,.F.);
#984 = EDGE_CURVE('',#985,#977,#987,.T.);
#985 = VERTEX_POINT('',#986);
#986 = CARTESIAN_POINT('',(12.8,11.3,4.3));
#987 = LINE('',#988,#989);
#988 = CARTESIAN_POINT('',(10.3,11.3,4.3));
#989 = VECTOR('',#990,1.);
#990 = DIRECTION('',(-1.,-0.,0.));
#991 = ORIENTED_EDGE('',*,*,#992,.F.);
#992 = EDGE_CURVE('',#967,#985,#993,.T.);
#993 = LINE('',#994,#995);
#994 = CARTESIAN_POINT('',(12.8,8.65,4.3));
#995 = VECTOR('',#996,1.);
#996 = DIRECTION('',(-0.,1.,0.));
#997 = PLANE('',#998);
#998 = AXIS2_PLACEMENT_3D('',#999,#1000,#1001);
#999 = CARTESIAN_POINT('',(9.4,8.6,4.3));
#1000 = DIRECTION('',(0.,0.,1.));
#1001 = DIRECTION('',(1.,0.,-0.));
#1002 = ADVANCED_FACE('',(#1003),#1009,.F.);
#1003 = FACE_BOUND('',#1004,.F.);
#1004 = EDGE_LOOP('',(#1005,#1006,#1007,#1008));
#1005 = ORIENTED_EDGE('',*,*,#856,.F.);
#1006 = ORIENTED_EDGE('',*,*,#791,.T.);
#1007 = ORIENTED_EDGE('',*,*,#815,.T.);
#1008 = ORIENTED_EDGE('',*,*,#839,.F.);
#1009 = PLANE('',#1010);
#1010 = AXIS2_PLACEMENT_3D('',#1011,#1012,#1013);
#1011 = CARTESIAN_POINT('',(4.3,16.,0.5));
#1012 = DIRECTION('',(0.,0.,1.));
#1013 = DIRECTION('',(1.,0.,-0.));
#1014 = ADVANCED_FACE('',(#1015),#1031,.T.);
#1015 = FACE_BOUND('',#1016,.T.);
#1016 = EDGE_LOOP('',(#1017,#1023,#1024,#1030));
#1017 = ORIENTED_EDGE('',*,*,#1018,.F.);
#1018 = EDGE_CURVE('',#879,#931,#1019,.T.);
#1019 = LINE('',#1020,#1021);
#1020 = CARTESIAN_POINT('',(23.5,3.,1.49));
#1021 = VECTOR('',#1022,1.);
#1022 = DIRECTION('',(0.,0.,1.));
#1023 = ORIENTED_EDGE('',*,*,#878,.T.);
#1024 = ORIENTED_EDGE('',*,*,#1025,.T.);
#1025 = EDGE_CURVE('',#871,#939,#1026,.T.);
#1026 = LINE('',#1027,#1028);
#1027 = CARTESIAN_POINT('',(23.5,3.8,1.49));
#1028 = VECTOR('',#1029,1.);
#1029 = DIRECTION('',(0.,0.,1.));
#1030 = ORIENTED_EDGE('',*,*,#938,.F.);
#1031 = PLANE('',#1032);
#1032 = AXIS2_PLACEMENT_3D('',#1033,#1034,#1035);
#1033 = CARTESIAN_POINT('',(23.5,3.,1.49));
#1034 = DIRECTION('',(1.,0.,-0.));
#1035 = DIRECTION('',(0.,0.,1.));
#1036 = ADVANCED_FACE('',(#1037),#1062,.T.);
#1037 = FACE_BOUND('',#1038,.T.);
#1038 = EDGE_LOOP('',(#1039,#1047,#1048,#1056));
#1039 = ORIENTED_EDGE('',*,*,#1040,.F.);
#1040 = EDGE_CURVE('',#967,#1041,#1043,.T.);
#1041 = VERTEX_POINT('',#1042);
#1042 = CARTESIAN_POINT('',(12.8,8.7,5.5));
#1043 = LINE('',#1044,#1045);
#1044 = CARTESIAN_POINT('',(12.8,8.7,4.29));
#1045 = VECTOR('',#1046,1.);
#1046 = DIRECTION('',(0.,0.,1.));
#1047 = ORIENTED_EDGE('',*,*,#966,.T.);
#1048 = ORIENTED_EDGE('',*,*,#1049,.T.);
#1049 = EDGE_CURVE('',#969,#1050,#1052,.T.);
#1050 = VERTEX_POINT('',#1051);
#1051 = CARTESIAN_POINT('',(11.2,8.7,5.5));
#1052 = LINE('',#1053,#1054);
#1053 = CARTESIAN_POINT('',(11.2,8.7,4.29));
#1054 = VECTOR('',#1055,1.);
#1055 = DIRECTION('',(0.,0.,1.));
#1056 = ORIENTED_EDGE('',*,*,#1057,.F.);
#1057 = EDGE_CURVE('',#1041,#1050,#1058,.T.);
#1058 = LINE('',#1059,#1060);
#1059 = CARTESIAN_POINT('',(7.6,8.7,5.5));
#1060 = VECTOR('',#1061,1.);
#1061 = DIRECTION('',(-1.,-0.,0.));
#1062 = PLANE('',#1063);
#1063 = AXIS2_PLACEMENT_3D('',#1064,#1065,#1066);
#1064 = CARTESIAN_POINT('',(11.2,8.7,4.29));
#1065 = DIRECTION('',(-0.,1.,0.));
#1066 = DIRECTION('',(0.,0.,1.));
#1067 = ADVANCED_FACE('',(#1068),#1086,.F.);
#1068 = FACE_BOUND('',#1069,.F.);
#1069 = EDGE_LOOP('',(#1070,#1071,#1072,#1080));
#1070 = ORIENTED_EDGE('',*,*,#1040,.F.);
#1071 = ORIENTED_EDGE('',*,*,#992,.T.);
#1072 = ORIENTED_EDGE('',*,*,#1073,.T.);
#1073 = EDGE_CURVE('',#985,#1074,#1076,.T.);
#1074 = VERTEX_POINT('',#1075);
#1075 = CARTESIAN_POINT('',(12.8,11.3,5.5));
#1076 = LINE('',#1077,#1078);
#1077 = CARTESIAN_POINT('',(12.8,11.3,4.29));
#1078 = VECTOR('',#1079,1.);
#1079 = DIRECTION('',(0.,0.,1.));
#1080 = ORIENTED_EDGE('',*,*,#1081,.F.);
#1081 = EDGE_CURVE('',#1041,#1074,#1082,.T.);
#1082 = LINE('',#1083,#1084);
#1083 = CARTESIAN_POINT('',(12.8,7.15,5.5));
#1084 = VECTOR('',#1085,1.);
#1085 = DIRECTION('',(-0.,1.,0.));
#1086 = PLANE('',#1087);
#1087 = AXIS2_PLACEMENT_3D('',#1088,#1089,#1090);
#1088 = CARTESIAN_POINT('',(12.8,8.7,4.29));
#1089 = DIRECTION('',(1.,0.,-0.));
#1090 = DIRECTION('',(0.,0.,1.));
#1091 = ADVANCED_FACE('',(#1092),#1110,.F.);
#1092 = FACE_BOUND('',#1093,.F.);
#1093 = EDGE_LOOP('',(#1094,#1095,#1096,#1104));
#1094 = ORIENTED_EDGE('',*,*,#1073,.F.);
#1095 = ORIENTED_EDGE('',*,*,#984,.T.);
#1096 = ORIENTED_EDGE('',*,*,#1097,.T.);
#1097 = EDGE_CURVE('',#977,#1098,#1100,.T.);
#1098 = VERTEX_POINT('',#1099);
#1099 = CARTESIAN_POINT('',(11.2,11.3,5.5));
#1100 = LINE('',#1101,#1102);
#1101 = CARTESIAN_POINT('',(11.2,11.3,4.29));
#1102 = VECTOR('',#1103,1.);
#1103 = DIRECTION('',(0.,0.,1.));
#1104 = ORIENTED_EDGE('',*,*,#1105,.F.);
#1105 = EDGE_CURVE('',#1074,#1098,#1106,.T.);
#1106 = LINE('',#1107,#1108);
#1107 = CARTESIAN_POINT('',(7.6,11.3,5.5));
#1108 = VECTOR('',#1109,1.);
#1109 = DIRECTION('',(-1.,-0.,0.));
#1110 = PLANE('',#1111);
#1111 = AXIS2_PLACEMENT_3D('',#1112,#1113,#1114);
#1112 = CARTESIAN_POINT('',(11.2,11.3,4.29));
#1113 = DIRECTION('',(-0.,1.,0.));
#1114 = DIRECTION('',(0.,0.,1.));
#1115 = ADVANCED_FACE('',(#1116),#1127,.T.);
#1116 = FACE_BOUND('',#1117,.T.);
#1117 = EDGE_LOOP('',(#1118,#1119,#1120,#1121));
#1118 = ORIENTED_EDGE('',*,*,#1049,.F.);
#1119 = ORIENTED_EDGE('',*,*,#976,.T.);
#1120 = ORIENTED_EDGE('',*,*,#1097,.T.);
#1121 = ORIENTED_EDGE('',*,*,#1122,.F.);
#1122 = EDGE_CURVE('',#1050,#1098,#1123,.T.);
#1123 = LINE('',#1124,#1125);
#1124 = CARTESIAN_POINT('',(11.2,7.15,5.5));
#1125 = VECTOR('',#1126,1.);
#1126 = DIRECTION('',(-0.,1.,0.));
#1127 = PLANE('',#1128);
#1128 = AXIS2_PLACEMENT_3D('',#1129,#1130,#1131);
#1129 = CARTESIAN_POINT('',(11.2,8.7,4.29));
#1130 = DIRECTION('',(1.,0.,-0.));
#1131 = DIRECTION('',(0.,0.,1.));
#1132 = ADVANCED_FACE('',(#1133,#1167,#1173),#1184,.T.);
#1133 = FACE_BOUND('',#1134,.T.);
#1134 = EDGE_LOOP('',(#1135,#1145,#1153,#1161));
#1135 = ORIENTED_EDGE('',*,*,#1136,.F.);
#1136 = EDGE_CURVE('',#1137,#1139,#1141,.T.);
#1137 = VERTEX_POINT('',#1138);
#1138 = CARTESIAN_POINT('',(4.,5.6,5.5));
#1139 = VERTEX_POINT('',#1140);
#1140 = CARTESIAN_POINT('',(4.,18.4,5.5));
#1141 = LINE('',#1142,#1143);
#1142 = CARTESIAN_POINT('',(4.,5.6,5.5));
#1143 = VECTOR('',#1144,1.);
#1144 = DIRECTION('',(-0.,1.,0.));
#1145 = ORIENTED_EDGE('',*,*,#1146,.T.);
#1146 = EDGE_CURVE('',#1137,#1147,#1149,.T.);
#1147 = VERTEX_POINT('',#1148);
#1148 = CARTESIAN_POINT('',(24.,5.6,5.5));
#1149 = LINE('',#1150,#1151);
#1150 = CARTESIAN_POINT('',(4.,5.6,5.5));
#1151 = VECTOR('',#1152,1.);
#1152 = DIRECTION('',(1.,0.,-0.));
#1153 = ORIENTED_EDGE('',*,*,#1154,.T.);
#1154 = EDGE_CURVE('',#1147,#1155,#1157,.T.);
#1155 = VERTEX_POINT('',#1156);
#1156 = CARTESIAN_POINT('',(24.,18.4,5.5));
#1157 = LINE('',#1158,#1159);
#1158 = CARTESIAN_POINT('',(24.,5.6,5.5));
#1159 = VECTOR('',#1160,1.);
#1160 = DIRECTION('',(-0.,1.,0.));
#1161 = ORIENTED_EDGE('',*,*,#1162,.F.);
#1162 = EDGE_CURVE('',#1139,#1155,#1163,.T.);
#1163 = LINE('',#1164,#1165);
#1164 = CARTESIAN_POINT('',(4.,18.4,5.5));
#1165 = VECTOR('',#1166,1.);
#1166 = DIRECTION('',(1.,0.,-0.));
#1167 = FACE_BOUND('',#1168,.T.);
#1168 = EDGE_LOOP('',(#1169,#1170,#1171,#1172));
#1169 = ORIENTED_EDGE('',*,*,#1057,.T.);
#1170 = ORIENTED_EDGE('',*,*,#1122,.T.);
#1171 = ORIENTED_EDGE('',*,*,#1105,.F.);
#1172 = ORIENTED_EDGE('',*,*,#1081,.F.);
#1173 = FACE_BOUND('',#1174,.T.);
#1174 = EDGE_LOOP('',(#1175));
#1175 = ORIENTED_EDGE('',*,*,#1176,.F.);
#1176 = EDGE_CURVE('',#1177,#1177,#1179,.T.);
#1177 = VERTEX_POINT('',#1178);
#1178 = CARTESIAN_POINT('',(9.15,15.5,5.5));
#1179 = CIRCLE('',#1180,0.65);
#1180 = AXIS2_PLACEMENT_3D('',#1181,#1182,#1183);
#1181 = CARTESIAN_POINT('',(8.5,15.5,5.5));
#1182 = DIRECTION('',(0.,0.,1.));
#1183 = DIRECTION('',(1.,0.,-0.));
#1184 = PLANE('',#1185);
#1185 = AXIS2_PLACEMENT_3D('',#1186,#1187,#1188);
#1186 = CARTESIAN_POINT('',(4.,5.6,5.5));
#1187 = DIRECTION('',(0.,0.,1.));
#1188 = DIRECTION('',(1.,0.,-0.));
#1189 = ADVANCED_FACE('',(#1190),#1209,.F.);
#1190 = FACE_BOUND('',#1191,.F.);
#1191 = EDGE_LOOP('',(#1192,#1193,#1201,#1208));
#1192 = ORIENTED_EDGE('',*,*,#1176,.F.);
#1193 = ORIENTED_EDGE('',*,*,#1194,.F.);
#1194 = EDGE_CURVE('',#1195,#1177,#1197,.T.);
#1195 = VERTEX_POINT('',#1196);
#1196 = CARTESIAN_POINT('',(9.15,15.5,5.1));
#1197 = LINE('',#1198,#1199);
#1198 = CARTESIAN_POINT('',(9.15,15.5,5.1));
#1199 = VECTOR('',#1200,1.);
#1200 = DIRECTION('',(0.,0.,1.));
#1201 = ORIENTED_EDGE('',*,*,#1202,.T.);
#1202 = EDGE_CURVE('',#1195,#1195,#1203,.T.);
#1203 = CIRCLE('',#1204,0.65);
#1204 = AXIS2_PLACEMENT_3D('',#1205,#1206,#1207);
#1205 = CARTESIAN_POINT('',(8.5,15.5,5.1));
#1206 = DIRECTION('',(0.,0.,1.));
#1207 = DIRECTION('',(1.,0.,-0.));
#1208 = ORIENTED_EDGE('',*,*,#1194,.T.);
#1209 = CYLINDRICAL_SURFACE('',#1210,0.65);
#1210 = AXIS2_PLACEMENT_3D('',#1211,#1212,#1213);
#1211 = CARTESIAN_POINT('',(8.5,15.5,5.1));
#1212 = DIRECTION('',(0.,0.,1.));
#1213 = DIRECTION('',(1.,0.,-0.));
#1214 = ADVANCED_FACE('',(#1215),#1218,.T.);
#1215 = FACE_BOUND('',#1216,.F.);
#1216 = EDGE_LOOP('',(#1217));
#1217 = ORIENTED_EDGE('',*,*,#1202,.F.);
#1218 = PLANE('',#1219);
#1219 = AXIS2_PLACEMENT_3D('',#1220,#1221,#1222);
#1220 = CARTESIAN_POINT('',(8.5,15.5,5.1));
#1221 = DIRECTION('',(0.,0.,1.));
#1222 = DIRECTION('',(1.,0.,-0.));
#1223 = ADVANCED_FACE('',(#1224),#1249,.T.);
#1224 = FACE_BOUND('',#1225,.T.);
#1225 = EDGE_LOOP('',(#1226,#1227,#1233,#1234,#1240,#1241,#1242,#1243));
#1226 = ORIENTED_EDGE('',*,*,#21,.T.);
#1227 = ORIENTED_EDGE('',*,*,#1228,.T.);
#1228 = EDGE_CURVE('',#24,#1137,#1229,.T.);
#1229 = LINE('',#1230,#1231);
#1230 = CARTESIAN_POINT('',(4.,5.6,1.49));
#1231 = VECTOR('',#1232,1.);
#1232 = DIRECTION('',(0.,0.,1.));
#1233 = ORIENTED_EDGE('',*,*,#1136,.T.);
#1234 = ORIENTED_EDGE('',*,*,#1235,.F.);
#1235 = EDGE_CURVE('',#121,#1139,#1236,.T.);
#1236 = LINE('',#1237,#1238);
#1237 = CARTESIAN_POINT('',(4.,18.4,4.29));
#1238 = VECTOR('',#1239,1.);
#1239 = DIRECTION('',(0.,0.,1.));
#1240 = ORIENTED_EDGE('',*,*,#120,.T.);
#1241 = ORIENTED_EDGE('',*,*,#202,.F.);
#1242 = ORIENTED_EDGE('',*,*,#240,.F.);
#1243 = ORIENTED_EDGE('',*,*,#1244,.T.);
#1244 = EDGE_CURVE('',#241,#22,#1245,.T.);
#1245 = LINE('',#1246,#1247);
#1246 = CARTESIAN_POINT('',(4.,3.,0.));
#1247 = VECTOR('',#1248,1.);
#1248 = DIRECTION('',(0.,0.,1.));
#1249 = PLANE('',#1250);
#1250 = AXIS2_PLACEMENT_3D('',#1251,#1252,#1253);
#1251 = CARTESIAN_POINT('',(4.,12.,2.307446808511));
#1252 = DIRECTION('',(-1.,-0.,-0.));
#1253 = DIRECTION('',(0.,0.,-1.));
#1254 = ADVANCED_FACE('',(#1255),#1267,.T.);
#1255 = FACE_BOUND('',#1256,.T.);
#1256 = EDGE_LOOP('',(#1257,#1258,#1259,#1260,#1261,#1262,#1263,#1264,
    #1265,#1266));
#1257 = ORIENTED_EDGE('',*,*,#609,.T.);
#1258 = ORIENTED_EDGE('',*,*,#886,.F.);
#1259 = ORIENTED_EDGE('',*,*,#1018,.T.);
#1260 = ORIENTED_EDGE('',*,*,#930,.F.);
#1261 = ORIENTED_EDGE('',*,*,#472,.F.);
#1262 = ORIENTED_EDGE('',*,*,#31,.F.);
#1263 = ORIENTED_EDGE('',*,*,#1244,.F.);
#1264 = ORIENTED_EDGE('',*,*,#248,.T.);
#1265 = ORIENTED_EDGE('',*,*,#664,.T.);
#1266 = ORIENTED_EDGE('',*,*,#646,.T.);
#1267 = PLANE('',#1268);
#1268 = AXIS2_PLACEMENT_3D('',#1269,#1270,#1271);
#1269 = CARTESIAN_POINT('',(14.141782608696,3.,1.325608695652));
#1270 = DIRECTION('',(-0.,-1.,-0.));
#1271 = DIRECTION('',(0.,0.,-1.));
#1272 = ADVANCED_FACE('',(#1273),#1288,.T.);
#1273 = FACE_BOUND('',#1274,.T.);
#1274 = EDGE_LOOP('',(#1275,#1276,#1277,#1278,#1279,#1280,#1286,#1287));
#1275 = ORIENTED_EDGE('',*,*,#144,.F.);
#1276 = ORIENTED_EDGE('',*,*,#381,.T.);
#1277 = ORIENTED_EDGE('',*,*,#902,.T.);
#1278 = ORIENTED_EDGE('',*,*,#412,.F.);
#1279 = ORIENTED_EDGE('',*,*,#80,.F.);
#1280 = ORIENTED_EDGE('',*,*,#1281,.T.);
#1281 = EDGE_CURVE('',#73,#1147,#1282,.T.);
#1282 = LINE('',#1283,#1284);
#1283 = CARTESIAN_POINT('',(24.,5.6,1.49));
#1284 = VECTOR('',#1285,1.);
#1285 = DIRECTION('',(0.,0.,1.));
#1286 = ORIENTED_EDGE('',*,*,#1146,.F.);
#1287 = ORIENTED_EDGE('',*,*,#1228,.F.);
#1288 = PLANE('',#1289);
#1289 = AXIS2_PLACEMENT_3D('',#1290,#1291,#1292);
#1290 = CARTESIAN_POINT('',(14.,5.6,4.37428331467));
#1291 = DIRECTION('',(-0.,-1.,-0.));
#1292 = DIRECTION('',(0.,0.,-1.));
#1293 = ADVANCED_FACE('',(#1294),#1309,.T.);
#1294 = FACE_BOUND('',#1295,.T.);
#1295 = EDGE_LOOP('',(#1296,#1297,#1298,#1299,#1305,#1306,#1307,#1308));
#1296 = ORIENTED_EDGE('',*,*,#128,.T.);
#1297 = ORIENTED_EDGE('',*,*,#1235,.T.);
#1298 = ORIENTED_EDGE('',*,*,#1162,.T.);
#1299 = ORIENTED_EDGE('',*,*,#1300,.F.);
#1300 = EDGE_CURVE('',#97,#1155,#1301,.T.);
#1301 = LINE('',#1302,#1303);
#1302 = CARTESIAN_POINT('',(24.,18.4,4.29));
#1303 = VECTOR('',#1304,1.);
#1304 = DIRECTION('',(0.,0.,1.));
#1305 = ORIENTED_EDGE('',*,*,#96,.T.);
#1306 = ORIENTED_EDGE('',*,*,#419,.T.);
#1307 = ORIENTED_EDGE('',*,*,#909,.F.);
#1308 = ORIENTED_EDGE('',*,*,#388,.F.);
#1309 = PLANE('',#1310);
#1310 = AXIS2_PLACEMENT_3D('',#1311,#1312,#1313);
#1311 = CARTESIAN_POINT('',(14.,18.4,4.37428331467));
#1312 = DIRECTION('',(0.,1.,0.));
#1313 = DIRECTION('',(0.,-0.,1.));
#1314 = ADVANCED_FACE('',(#1315),#1325,.T.);
#1315 = FACE_BOUND('',#1316,.T.);
#1316 = EDGE_LOOP('',(#1317,#1318,#1319,#1320,#1321,#1322,#1323,#1324));
#1317 = ORIENTED_EDGE('',*,*,#72,.F.);
#1318 = ORIENTED_EDGE('',*,*,#441,.F.);
#1319 = ORIENTED_EDGE('',*,*,#233,.T.);
#1320 = ORIENTED_EDGE('',*,*,#209,.T.);
#1321 = ORIENTED_EDGE('',*,*,#104,.F.);
#1322 = ORIENTED_EDGE('',*,*,#1300,.T.);
#1323 = ORIENTED_EDGE('',*,*,#1154,.F.);
#1324 = ORIENTED_EDGE('',*,*,#1281,.F.);
#1325 = PLANE('',#1326);
#1326 = AXIS2_PLACEMENT_3D('',#1327,#1328,#1329);
#1327 = CARTESIAN_POINT('',(24.,12.853738317757,2.460280373832));
#1328 = DIRECTION('',(1.,0.,0.));
#1329 = DIRECTION('',(-0.,0.,1.));
#1330 = ADVANCED_FACE('',(#1331),#1341,.T.);
#1331 = FACE_BOUND('',#1332,.T.);
#1332 = EDGE_LOOP('',(#1333,#1334,#1335,#1336,#1337,#1338,#1339,#1340));
#1333 = ORIENTED_EDGE('',*,*,#946,.T.);
#1334 = ORIENTED_EDGE('',*,*,#1025,.F.);
#1335 = ORIENTED_EDGE('',*,*,#870,.F.);
#1336 = ORIENTED_EDGE('',*,*,#624,.F.);
#1337 = ORIENTED_EDGE('',*,*,#280,.T.);
#1338 = ORIENTED_EDGE('',*,*,#457,.T.);
#1339 = ORIENTED_EDGE('',*,*,#47,.T.);
#1340 = ORIENTED_EDGE('',*,*,#481,.T.);
#1341 = PLANE('',#1342);
#1342 = AXIS2_PLACEMENT_3D('',#1343,#1344,#1345);
#1343 = CARTESIAN_POINT('',(17.453240740741,3.8,1.553240740741));
#1344 = DIRECTION('',(0.,1.,0.));
#1345 = DIRECTION('',(0.,-0.,1.));
#1346 = MANIFOLD_SOLID_BREP('',#1347);
#1347 = CLOSED_SHELL('',(#1348,#1404,#1435,#1466,#1513,#1544,#1583,#1614
    ,#1639,#1664,#1695,#1704,#1713,#1769,#1800,#1831,#1855,#1902,#1914,
    #1939,#1958,#1977,#1989,#2041,#2080,#2104,#2136,#2158,#2170));
#1348 = ADVANCED_FACE('',(#1349),#1399,.T.);
#1349 = FACE_BOUND('',#1350,.T.);
#1350 = EDGE_LOOP('',(#1351,#1361,#1369,#1377,#1385,#1393));
#1351 = ORIENTED_EDGE('',*,*,#1352,.F.);
#1352 = EDGE_CURVE('',#1353,#1355,#1357,.T.);
#1353 = VERTEX_POINT('',#1354);
#1354 = CARTESIAN_POINT('',(24.1,26.1,4.2));
#1355 = VERTEX_POINT('',#1356);
#1356 = CARTESIAN_POINT('',(24.1,26.9,4.2));
#1357 = LINE('',#1358,#1359);
#1358 = CARTESIAN_POINT('',(24.1,26.1,4.2));
#1359 = VECTOR('',#1360,1.);
#1360 = DIRECTION('',(-0.,1.,0.));
#1361 = ORIENTED_EDGE('',*,*,#1362,.T.);
#1362 = EDGE_CURVE('',#1353,#1363,#1365,.T.);
#1363 = VERTEX_POINT('',#1364);
#1364 = CARTESIAN_POINT('',(24.9,26.1,4.2));
#1365 = LINE('',#1366,#1367);
#1366 = CARTESIAN_POINT('',(24.1,26.1,4.2));
#1367 = VECTOR('',#1368,1.);
#1368 = DIRECTION('',(1.,0.,-0.));
#1369 = ORIENTED_EDGE('',*,*,#1370,.T.);
#1370 = EDGE_CURVE('',#1363,#1371,#1373,.T.);
#1371 = VERTEX_POINT('',#1372);
#1372 = CARTESIAN_POINT('',(24.9,45.9,4.2));
#1373 = LINE('',#1374,#1375);
#1374 = CARTESIAN_POINT('',(24.9,26.1,4.2));
#1375 = VECTOR('',#1376,1.);
#1376 = DIRECTION('',(-0.,1.,0.));
#1377 = ORIENTED_EDGE('',*,*,#1378,.F.);
#1378 = EDGE_CURVE('',#1379,#1371,#1381,.T.);
#1379 = VERTEX_POINT('',#1380);
#1380 = CARTESIAN_POINT('',(24.1,45.9,4.2));
#1381 = LINE('',#1382,#1383);
#1382 = CARTESIAN_POINT('',(24.1,45.9,4.2));
#1383 = VECTOR('',#1384,1.);
#1384 = DIRECTION('',(1.,0.,-0.));
#1385 = ORIENTED_EDGE('',*,*,#1386,.F.);
#1386 = EDGE_CURVE('',#1387,#1379,#1389,.T.);
#1387 = VERTEX_POINT('',#1388);
#1388 = CARTESIAN_POINT('',(24.1,45.1,4.2));
#1389 = LINE('',#1390,#1391);
#1390 = CARTESIAN_POINT('',(24.1,26.1,4.2));
#1391 = VECTOR('',#1392,1.);
#1392 = DIRECTION('',(-0.,1.,0.));
#1393 = ORIENTED_EDGE('',*,*,#1394,.F.);
#1394 = EDGE_CURVE('',#1355,#1387,#1395,.T.);
#1395 = LINE('',#1396,#1397);
#1396 = CARTESIAN_POINT('',(24.1,26.1,4.2));
#1397 = VECTOR('',#1398,1.);
#1398 = DIRECTION('',(-0.,1.,0.));
#1399 = PLANE('',#1400);
#1400 = AXIS2_PLACEMENT_3D('',#1401,#1402,#1403);
#1401 = CARTESIAN_POINT('',(24.1,26.1,4.2));
#1402 = DIRECTION('',(0.,0.,1.));
#1403 = DIRECTION('',(1.,0.,-0.));
#1404 = ADVANCED_FACE('',(#1405),#1430,.T.);
#1405 = FACE_BOUND('',#1406,.T.);
#1406 = EDGE_LOOP('',(#1407,#1415,#1416,#1424));
#1407 = ORIENTED_EDGE('',*,*,#1408,.F.);
#1408 = EDGE_CURVE('',#1353,#1409,#1411,.T.);
#1409 = VERTEX_POINT('',#1410);
#1410 = CARTESIAN_POINT('',(24.1,26.1,7.1));
#1411 = LINE('',#1412,#1413);
#1412 = CARTESIAN_POINT('',(24.1,26.1,1.99));
#1413 = VECTOR('',#1414,1.);
#1414 = DIRECTION('',(0.,0.,1.));
#1415 = ORIENTED_EDGE('',*,*,#1352,.T.);
#1416 = ORIENTED_EDGE('',*,*,#1417,.T.);
#1417 = EDGE_CURVE('',#1355,#1418,#1420,.T.);
#1418 = VERTEX_POINT('',#1419);
#1419 = CARTESIAN_POINT('',(24.1,26.9,7.1));
#1420 = LINE('',#1421,#1422);
#1421 = CARTESIAN_POINT('',(24.1,26.9,1.99));
#1422 = VECTOR('',#1423,1.);
#1423 = DIRECTION('',(0.,0.,1.));
#1424 = ORIENTED_EDGE('',*,*,#1425,.F.);
#1425 = EDGE_CURVE('',#1409,#1418,#1426,.T.);
#1426 = LINE('',#1427,#1428);
#1427 = CARTESIAN_POINT('',(24.1,26.1,7.1));
#1428 = VECTOR('',#1429,1.);
#1429 = DIRECTION('',(-0.,1.,0.));
#1430 = PLANE('',#1431);
#1431 = AXIS2_PLACEMENT_3D('',#1432,#1433,#1434);
#1432 = CARTESIAN_POINT('',(24.1,26.1,1.99));
#1433 = DIRECTION('',(1.,0.,-0.));
#1434 = DIRECTION('',(0.,0.,1.));
#1435 = ADVANCED_FACE('',(#1436),#1461,.F.);
#1436 = FACE_BOUND('',#1437,.F.);
#1437 = EDGE_LOOP('',(#1438,#1446,#1454,#1460));
#1438 = ORIENTED_EDGE('',*,*,#1439,.F.);
#1439 = EDGE_CURVE('',#1440,#1355,#1442,.T.);
#1440 = VERTEX_POINT('',#1441);
#1441 = CARTESIAN_POINT('',(24.1,26.9,2.));
#1442 = LINE('',#1443,#1444);
#1443 = CARTESIAN_POINT('',(24.1,26.9,1.99));
#1444 = VECTOR('',#1445,1.);
#1445 = DIRECTION('',(0.,0.,1.));
#1446 = ORIENTED_EDGE('',*,*,#1447,.T.);
#1447 = EDGE_CURVE('',#1440,#1448,#1450,.T.);
#1448 = VERTEX_POINT('',#1449);
#1449 = CARTESIAN_POINT('',(24.1,45.1,2.));
#1450 = LINE('',#1451,#1452);
#1451 = CARTESIAN_POINT('',(24.1,26.1,2.));
#1452 = VECTOR('',#1453,1.);
#1453 = DIRECTION('',(-0.,1.,0.));
#1454 = ORIENTED_EDGE('',*,*,#1455,.T.);
#1455 = EDGE_CURVE('',#1448,#1387,#1456,.T.);
#1456 = LINE('',#1457,#1458);
#1457 = CARTESIAN_POINT('',(24.1,45.1,1.99));
#1458 = VECTOR('',#1459,1.);
#1459 = DIRECTION('',(0.,0.,1.));
#1460 = ORIENTED_EDGE('',*,*,#1394,.F.);
#1461 = PLANE('',#1462);
#1462 = AXIS2_PLACEMENT_3D('',#1463,#1464,#1465);
#1463 = CARTESIAN_POINT('',(24.1,26.1,1.99));
#1464 = DIRECTION('',(1.,0.,-0.));
#1465 = DIRECTION('',(0.,0.,1.));
#1466 = ADVANCED_FACE('',(#1467),#1508,.F.);
#1467 = FACE_BOUND('',#1468,.F.);
#1468 = EDGE_LOOP('',(#1469,#1470,#1478,#1486,#1494,#1502));
#1469 = ORIENTED_EDGE('',*,*,#1455,.F.);
#1470 = ORIENTED_EDGE('',*,*,#1471,.T.);
#1471 = EDGE_CURVE('',#1448,#1472,#1474,.T.);
#1472 = VERTEX_POINT('',#1473);
#1473 = CARTESIAN_POINT('',(3.9,45.1,2.));
#1474 = LINE('',#1475,#1476);
#1475 = CARTESIAN_POINT('',(3.5,45.1,2.));
#1476 = VECTOR('',#1477,1.);
#1477 = DIRECTION('',(-1.,-0.,0.));
#1478 = ORIENTED_EDGE('',*,*,#1479,.T.);
#1479 = EDGE_CURVE('',#1472,#1480,#1482,.T.);
#1480 = VERTEX_POINT('',#1481);
#1481 = CARTESIAN_POINT('',(3.9,45.1,4.2));
#1482 = LINE('',#1483,#1484);
#1483 = CARTESIAN_POINT('',(3.9,45.1,1.99));
#1484 = VECTOR('',#1485,1.);
#1485 = DIRECTION('',(0.,0.,1.));
#1486 = ORIENTED_EDGE('',*,*,#1487,.T.);
#1487 = EDGE_CURVE('',#1480,#1488,#1490,.T.);
#1488 = VERTEX_POINT('',#1489);
#1489 = CARTESIAN_POINT('',(3.9,45.1,5.));
#1490 = LINE('',#1491,#1492);
#1491 = CARTESIAN_POINT('',(3.9,45.1,1.99));
#1492 = VECTOR('',#1493,1.);
#1493 = DIRECTION('',(0.,0.,1.));
#1494 = ORIENTED_EDGE('',*,*,#1495,.T.);
#1495 = EDGE_CURVE('',#1488,#1496,#1498,.T.);
#1496 = VERTEX_POINT('',#1497);
#1497 = CARTESIAN_POINT('',(24.1,45.1,5.));
#1498 = LINE('',#1499,#1500);
#1499 = CARTESIAN_POINT('',(3.9,45.1,5.));
#1500 = VECTOR('',#1501,1.);
#1501 = DIRECTION('',(1.,0.,-0.));
#1502 = ORIENTED_EDGE('',*,*,#1503,.F.);
#1503 = EDGE_CURVE('',#1387,#1496,#1504,.T.);
#1504 = LINE('',#1505,#1506);
#1505 = CARTESIAN_POINT('',(24.1,45.1,1.99));
#1506 = VECTOR('',#1507,1.);
#1507 = DIRECTION('',(0.,0.,1.));
#1508 = PLANE('',#1509);
#1509 = AXIS2_PLACEMENT_3D('',#1510,#1511,#1512);
#1510 = CARTESIAN_POINT('',(3.9,45.1,1.99));
#1511 = DIRECTION('',(-0.,1.,0.));
#1512 = DIRECTION('',(0.,0.,1.));
#1513 = ADVANCED_FACE('',(#1514),#1539,.T.);
#1514 = FACE_BOUND('',#1515,.T.);
#1515 = EDGE_LOOP('',(#1516,#1526,#1532,#1533));
#1516 = ORIENTED_EDGE('',*,*,#1517,.F.);
#1517 = EDGE_CURVE('',#1518,#1520,#1522,.T.);
#1518 = VERTEX_POINT('',#1519);
#1519 = CARTESIAN_POINT('',(3.9,26.9,2.));
#1520 = VERTEX_POINT('',#1521);
#1521 = CARTESIAN_POINT('',(3.9,26.9,4.2));
#1522 = LINE('',#1523,#1524);
#1523 = CARTESIAN_POINT('',(3.9,26.9,1.99));
#1524 = VECTOR('',#1525,1.);
#1525 = DIRECTION('',(0.,0.,1.));
#1526 = ORIENTED_EDGE('',*,*,#1527,.T.);
#1527 = EDGE_CURVE('',#1518,#1472,#1528,.T.);
#1528 = LINE('',#1529,#1530);
#1529 = CARTESIAN_POINT('',(3.9,26.1,2.));
#1530 = VECTOR('',#1531,1.);
#1531 = DIRECTION('',(-0.,1.,0.));
#1532 = ORIENTED_EDGE('',*,*,#1479,.T.);
#1533 = ORIENTED_EDGE('',*,*,#1534,.F.);
#1534 = EDGE_CURVE('',#1520,#1480,#1535,.T.);
#1535 = LINE('',#1536,#1537);
#1536 = CARTESIAN_POINT('',(3.9,26.1,4.2));
#1537 = VECTOR('',#1538,1.);
#1538 = DIRECTION('',(-0.,1.,0.));
#1539 = PLANE('',#1540);
#1540 = AXIS2_PLACEMENT_3D('',#1541,#1542,#1543);
#1541 = CARTESIAN_POINT('',(3.9,26.1,1.99));
#1542 = DIRECTION('',(1.,0.,-0.));
#1543 = DIRECTION('',(0.,0.,1.));
#1544 = ADVANCED_FACE('',(#1545,#1556,#1567),#1578,.T.);
#1545 = FACE_BOUND('',#1546,.T.);
#1546 = EDGE_LOOP('',(#1547,#1548,#1554,#1555));
#1547 = ORIENTED_EDGE('',*,*,#1527,.F.);
#1548 = ORIENTED_EDGE('',*,*,#1549,.F.);
#1549 = EDGE_CURVE('',#1440,#1518,#1550,.T.);
#1550 = LINE('',#1551,#1552);
#1551 = CARTESIAN_POINT('',(3.5,26.9,2.));
#1552 = VECTOR('',#1553,1.);
#1553 = DIRECTION('',(-1.,-0.,0.));
#1554 = ORIENTED_EDGE('',*,*,#1447,.T.);
#1555 = ORIENTED_EDGE('',*,*,#1471,.T.);
#1556 = FACE_BOUND('',#1557,.T.);
#1557 = EDGE_LOOP('',(#1558));
#1558 = ORIENTED_EDGE('',*,*,#1559,.F.);
#1559 = EDGE_CURVE('',#1560,#1560,#1562,.T.);
#1560 = VERTEX_POINT('',#1561);
#1561 = CARTESIAN_POINT('',(15.25,36.,2.));
#1562 = CIRCLE('',#1563,1.25);
#1563 = AXIS2_PLACEMENT_3D('',#1564,#1565,#1566);
#1564 = CARTESIAN_POINT('',(14.,36.,2.));
#1565 = DIRECTION('',(0.,0.,1.));
#1566 = DIRECTION('',(1.,0.,-0.));
#1567 = FACE_BOUND('',#1568,.T.);
#1568 = EDGE_LOOP('',(#1569));
#1569 = ORIENTED_EDGE('',*,*,#1570,.F.);
#1570 = EDGE_CURVE('',#1571,#1571,#1573,.T.);
#1571 = VERTEX_POINT('',#1572);
#1572 = CARTESIAN_POINT('',(9.15,41.,2.));
#1573 = CIRCLE('',#1574,0.65);
#1574 = AXIS2_PLACEMENT_3D('',#1575,#1576,#1577);
#1575 = CARTESIAN_POINT('',(8.5,41.,2.));
#1576 = DIRECTION('',(0.,0.,1.));
#1577 = DIRECTION('',(1.,0.,-0.));
#1578 = PLANE('',#1579);
#1579 = AXIS2_PLACEMENT_3D('',#1580,#1581,#1582);
#1580 = CARTESIAN_POINT('',(3.1,26.1,2.));
#1581 = DIRECTION('',(0.,0.,1.));
#1582 = DIRECTION('',(1.,0.,-0.));
#1583 = ADVANCED_FACE('',(#1584),#1609,.F.);
#1584 = FACE_BOUND('',#1585,.F.);
#1585 = EDGE_LOOP('',(#1586,#1594,#1602,#1608));
#1586 = ORIENTED_EDGE('',*,*,#1587,.F.);
#1587 = EDGE_CURVE('',#1588,#1488,#1590,.T.);
#1588 = VERTEX_POINT('',#1589);
#1589 = CARTESIAN_POINT('',(3.9,44.4,5.));
#1590 = LINE('',#1591,#1592);
#1591 = CARTESIAN_POINT('',(3.9,44.4,5.));
#1592 = VECTOR('',#1593,1.);
#1593 = DIRECTION('',(-0.,1.,0.));
#1594 = ORIENTED_EDGE('',*,*,#1595,.T.);
#1595 = EDGE_CURVE('',#1588,#1596,#1598,.T.);
#1596 = VERTEX_POINT('',#1597);
#1597 = CARTESIAN_POINT('',(24.1,44.4,5.));
#1598 = LINE('',#1599,#1600);
#1599 = CARTESIAN_POINT('',(3.9,44.4,5.));
#1600 = VECTOR('',#1601,1.);
#1601 = DIRECTION('',(1.,0.,-0.));
#1602 = ORIENTED_EDGE('',*,*,#1603,.T.);
#1603 = EDGE_CURVE('',#1596,#1496,#1604,.T.);
#1604 = LINE('',#1605,#1606);
#1605 = CARTESIAN_POINT('',(24.1,44.4,5.));
#1606 = VECTOR('',#1607,1.);
#1607 = DIRECTION('',(-0.,1.,0.));
#1608 = ORIENTED_EDGE('',*,*,#1495,.F.);
#1609 = PLANE('',#1610);
#1610 = AXIS2_PLACEMENT_3D('',#1611,#1612,#1613);
#1611 = CARTESIAN_POINT('',(3.9,44.4,5.));
#1612 = DIRECTION('',(0.,0.,1.));
#1613 = DIRECTION('',(1.,0.,-0.));
#1614 = ADVANCED_FACE('',(#1615),#1634,.T.);
#1615 = FACE_BOUND('',#1616,.T.);
#1616 = EDGE_LOOP('',(#1617,#1625,#1632,#1633));
#1617 = ORIENTED_EDGE('',*,*,#1618,.T.);
#1618 = EDGE_CURVE('',#1560,#1619,#1621,.T.);
#1619 = VERTEX_POINT('',#1620);
#1620 = CARTESIAN_POINT('',(15.25,36.,3.7));
#1621 = LINE('',#1622,#1623);
#1622 = CARTESIAN_POINT('',(15.25,36.,1.99));
#1623 = VECTOR('',#1624,1.);
#1624 = DIRECTION('',(0.,0.,1.));
#1625 = ORIENTED_EDGE('',*,*,#1626,.F.);
#1626 = EDGE_CURVE('',#1619,#1619,#1627,.T.);
#1627 = CIRCLE('',#1628,1.25);
#1628 = AXIS2_PLACEMENT_3D('',#1629,#1630,#1631);
#1629 = CARTESIAN_POINT('',(14.,36.,3.7));
#1630 = DIRECTION('',(0.,0.,1.));
#1631 = DIRECTION('',(1.,0.,-0.));
#1632 = ORIENTED_EDGE('',*,*,#1618,.F.);
#1633 = ORIENTED_EDGE('',*,*,#1559,.T.);
#1634 = CYLINDRICAL_SURFACE('',#1635,1.25);
#1635 = AXIS2_PLACEMENT_3D('',#1636,#1637,#1638);
#1636 = CARTESIAN_POINT('',(14.,36.,1.99));
#1637 = DIRECTION('',(0.,0.,1.));
#1638 = DIRECTION('',(1.,0.,-0.));
#1639 = ADVANCED_FACE('',(#1640),#1659,.F.);
#1640 = FACE_BOUND('',#1641,.F.);
#1641 = EDGE_LOOP('',(#1642,#1643,#1651,#1658));
#1642 = ORIENTED_EDGE('',*,*,#1570,.F.);
#1643 = ORIENTED_EDGE('',*,*,#1644,.F.);
#1644 = EDGE_CURVE('',#1645,#1571,#1647,.T.);
#1645 = VERTEX_POINT('',#1646);
#1646 = CARTESIAN_POINT('',(9.15,41.,1.6));
#1647 = LINE('',#1648,#1649);
#1648 = CARTESIAN_POINT('',(9.15,41.,1.6));
#1649 = VECTOR('',#1650,1.);
#1650 = DIRECTION('',(0.,0.,1.));
#1651 = ORIENTED_EDGE('',*,*,#1652,.T.);
#1652 = EDGE_CURVE('',#1645,#1645,#1653,.T.);
#1653 = CIRCLE('',#1654,0.65);
#1654 = AXIS2_PLACEMENT_3D('',#1655,#1656,#1657);
#1655 = CARTESIAN_POINT('',(8.5,41.,1.6));
#1656 = DIRECTION('',(0.,0.,1.));
#1657 = DIRECTION('',(1.,0.,-0.));
#1658 = ORIENTED_EDGE('',*,*,#1644,.T.);
#1659 = CYLINDRICAL_SURFACE('',#1660,0.65);
#1660 = AXIS2_PLACEMENT_3D('',#1661,#1662,#1663);
#1661 = CARTESIAN_POINT('',(8.5,41.,1.6));
#1662 = DIRECTION('',(0.,0.,1.));
#1663 = DIRECTION('',(1.,0.,-0.));
#1664 = ADVANCED_FACE('',(#1665),#1690,.F.);
#1665 = FACE_BOUND('',#1666,.F.);
#1666 = EDGE_LOOP('',(#1667,#1668,#1676,#1684));
#1667 = ORIENTED_EDGE('',*,*,#1595,.F.);
#1668 = ORIENTED_EDGE('',*,*,#1669,.T.);
#1669 = EDGE_CURVE('',#1588,#1670,#1672,.T.);
#1670 = VERTEX_POINT('',#1671);
#1671 = CARTESIAN_POINT('',(3.9,44.4,5.6));
#1672 = LINE('',#1673,#1674);
#1673 = CARTESIAN_POINT('',(3.9,44.4,5.));
#1674 = VECTOR('',#1675,1.);
#1675 = DIRECTION('',(0.,0.,1.));
#1676 = ORIENTED_EDGE('',*,*,#1677,.T.);
#1677 = EDGE_CURVE('',#1670,#1678,#1680,.T.);
#1678 = VERTEX_POINT('',#1679);
#1679 = CARTESIAN_POINT('',(24.1,44.4,5.6));
#1680 = LINE('',#1681,#1682);
#1681 = CARTESIAN_POINT('',(3.9,44.4,5.6));
#1682 = VECTOR('',#1683,1.);
#1683 = DIRECTION('',(1.,0.,-0.));
#1684 = ORIENTED_EDGE('',*,*,#1685,.F.);
#1685 = EDGE_CURVE('',#1596,#1678,#1686,.T.);
#1686 = LINE('',#1687,#1688);
#1687 = CARTESIAN_POINT('',(24.1,44.4,5.));
#1688 = VECTOR('',#1689,1.);
#1689 = DIRECTION('',(0.,0.,1.));
#1690 = PLANE('',#1691);
#1691 = AXIS2_PLACEMENT_3D('',#1692,#1693,#1694);
#1692 = CARTESIAN_POINT('',(3.9,44.4,5.));
#1693 = DIRECTION('',(-0.,1.,0.));
#1694 = DIRECTION('',(0.,0.,1.));
#1695 = ADVANCED_FACE('',(#1696),#1699,.T.);
#1696 = FACE_BOUND('',#1697,.T.);
#1697 = EDGE_LOOP('',(#1698));
#1698 = ORIENTED_EDGE('',*,*,#1626,.T.);
#1699 = PLANE('',#1700);
#1700 = AXIS2_PLACEMENT_3D('',#1701,#1702,#1703);
#1701 = CARTESIAN_POINT('',(14.,36.,3.7));
#1702 = DIRECTION('',(0.,0.,1.));
#1703 = DIRECTION('',(1.,0.,-0.));
#1704 = ADVANCED_FACE('',(#1705),#1708,.T.);
#1705 = FACE_BOUND('',#1706,.F.);
#1706 = EDGE_LOOP('',(#1707));
#1707 = ORIENTED_EDGE('',*,*,#1652,.F.);
#1708 = PLANE('',#1709);
#1709 = AXIS2_PLACEMENT_3D('',#1710,#1711,#1712);
#1710 = CARTESIAN_POINT('',(8.5,41.,1.6));
#1711 = DIRECTION('',(0.,0.,1.));
#1712 = DIRECTION('',(1.,0.,-0.));
#1713 = ADVANCED_FACE('',(#1714),#1764,.T.);
#1714 = FACE_BOUND('',#1715,.T.);
#1715 = EDGE_LOOP('',(#1716,#1724,#1725,#1726,#1734,#1742,#1750,#1758));
#1716 = ORIENTED_EDGE('',*,*,#1717,.T.);
#1717 = EDGE_CURVE('',#1718,#1363,#1720,.T.);
#1718 = VERTEX_POINT('',#1719);
#1719 = CARTESIAN_POINT('',(24.9,26.1,0.));
#1720 = LINE('',#1721,#1722);
#1721 = CARTESIAN_POINT('',(24.9,26.1,0.));
#1722 = VECTOR('',#1723,1.);
#1723 = DIRECTION('',(0.,0.,1.));
#1724 = ORIENTED_EDGE('',*,*,#1362,.F.);
#1725 = ORIENTED_EDGE('',*,*,#1408,.T.);
#1726 = ORIENTED_EDGE('',*,*,#1727,.F.);
#1727 = EDGE_CURVE('',#1728,#1409,#1730,.T.);
#1728 = VERTEX_POINT('',#1729);
#1729 = CARTESIAN_POINT('',(19.8,26.1,7.1));
#1730 = LINE('',#1731,#1732);
#1731 = CARTESIAN_POINT('',(19.8,26.1,7.1));
#1732 = VECTOR('',#1733,1.);
#1733 = DIRECTION('',(1.,0.,-0.));
#1734 = ORIENTED_EDGE('',*,*,#1735,.F.);
#1735 = EDGE_CURVE('',#1736,#1728,#1738,.T.);
#1736 = VERTEX_POINT('',#1737);
#1737 = CARTESIAN_POINT('',(19.8,26.1,4.2));
#1738 = LINE('',#1739,#1740);
#1739 = CARTESIAN_POINT('',(19.8,26.1,1.99));
#1740 = VECTOR('',#1741,1.);
#1741 = DIRECTION('',(0.,0.,1.));
#1742 = ORIENTED_EDGE('',*,*,#1743,.F.);
#1743 = EDGE_CURVE('',#1744,#1736,#1746,.T.);
#1744 = VERTEX_POINT('',#1745);
#1745 = CARTESIAN_POINT('',(3.1,26.1,4.2));
#1746 = LINE('',#1747,#1748);
#1747 = CARTESIAN_POINT('',(3.9,26.1,4.2));
#1748 = VECTOR('',#1749,1.);
#1749 = DIRECTION('',(1.,0.,-0.));
#1750 = ORIENTED_EDGE('',*,*,#1751,.F.);
#1751 = EDGE_CURVE('',#1752,#1744,#1754,.T.);
#1752 = VERTEX_POINT('',#1753);
#1753 = CARTESIAN_POINT('',(3.1,26.1,0.));
#1754 = LINE('',#1755,#1756);
#1755 = CARTESIAN_POINT('',(3.1,26.1,1.99));
#1756 = VECTOR('',#1757,1.);
#1757 = DIRECTION('',(0.,0.,1.));
#1758 = ORIENTED_EDGE('',*,*,#1759,.T.);
#1759 = EDGE_CURVE('',#1752,#1718,#1760,.T.);
#1760 = LINE('',#1761,#1762);
#1761 = CARTESIAN_POINT('',(3.1,26.1,0.));
#1762 = VECTOR('',#1763,1.);
#1763 = DIRECTION('',(1.,0.,-0.));
#1764 = PLANE('',#1765);
#1765 = AXIS2_PLACEMENT_3D('',#1766,#1767,#1768);
#1766 = CARTESIAN_POINT('',(14.797750865052,26.1,2.671972318339));
#1767 = DIRECTION('',(-0.,-1.,-0.));
#1768 = DIRECTION('',(0.,0.,-1.));
#1769 = ADVANCED_FACE('',(#1770),#1795,.F.);
#1770 = FACE_BOUND('',#1771,.F.);
#1771 = EDGE_LOOP('',(#1772,#1773,#1781,#1789));
#1772 = ORIENTED_EDGE('',*,*,#1735,.F.);
#1773 = ORIENTED_EDGE('',*,*,#1774,.T.);
#1774 = EDGE_CURVE('',#1736,#1775,#1777,.T.);
#1775 = VERTEX_POINT('',#1776);
#1776 = CARTESIAN_POINT('',(19.8,26.9,4.2));
#1777 = LINE('',#1778,#1779);
#1778 = CARTESIAN_POINT('',(19.8,26.1,4.2));
#1779 = VECTOR('',#1780,1.);
#1780 = DIRECTION('',(-0.,1.,0.));
#1781 = ORIENTED_EDGE('',*,*,#1782,.T.);
#1782 = EDGE_CURVE('',#1775,#1783,#1785,.T.);
#1783 = VERTEX_POINT('',#1784);
#1784 = CARTESIAN_POINT('',(19.8,26.9,7.1));
#1785 = LINE('',#1786,#1787);
#1786 = CARTESIAN_POINT('',(19.8,26.9,1.99));
#1787 = VECTOR('',#1788,1.);
#1788 = DIRECTION('',(0.,0.,1.));
#1789 = ORIENTED_EDGE('',*,*,#1790,.F.);
#1790 = EDGE_CURVE('',#1728,#1783,#1791,.T.);
#1791 = LINE('',#1792,#1793);
#1792 = CARTESIAN_POINT('',(19.8,26.1,7.1));
#1793 = VECTOR('',#1794,1.);
#1794 = DIRECTION('',(-0.,1.,0.));
#1795 = PLANE('',#1796);
#1796 = AXIS2_PLACEMENT_3D('',#1797,#1798,#1799);
#1797 = CARTESIAN_POINT('',(19.8,26.1,1.99));
#1798 = DIRECTION('',(1.,0.,-0.));
#1799 = DIRECTION('',(0.,0.,1.));
#1800 = ADVANCED_FACE('',(#1801),#1826,.F.);
#1801 = FACE_BOUND('',#1802,.F.);
#1802 = EDGE_LOOP('',(#1803,#1811,#1812,#1820));
#1803 = ORIENTED_EDGE('',*,*,#1804,.F.);
#1804 = EDGE_CURVE('',#1752,#1805,#1807,.T.);
#1805 = VERTEX_POINT('',#1806);
#1806 = CARTESIAN_POINT('',(3.1,45.9,0.));
#1807 = LINE('',#1808,#1809);
#1808 = CARTESIAN_POINT('',(3.1,26.1,0.));
#1809 = VECTOR('',#1810,1.);
#1810 = DIRECTION('',(-0.,1.,0.));
#1811 = ORIENTED_EDGE('',*,*,#1759,.T.);
#1812 = ORIENTED_EDGE('',*,*,#1813,.T.);
#1813 = EDGE_CURVE('',#1718,#1814,#1816,.T.);
#1814 = VERTEX_POINT('',#1815);
#1815 = CARTESIAN_POINT('',(24.9,45.9,0.));
#1816 = LINE('',#1817,#1818);
#1817 = CARTESIAN_POINT('',(24.9,26.1,0.));
#1818 = VECTOR('',#1819,1.);
#1819 = DIRECTION('',(-0.,1.,0.));
#1820 = ORIENTED_EDGE('',*,*,#1821,.F.);
#1821 = EDGE_CURVE('',#1805,#1814,#1822,.T.);
#1822 = LINE('',#1823,#1824);
#1823 = CARTESIAN_POINT('',(3.1,45.9,0.));
#1824 = VECTOR('',#1825,1.);
#1825 = DIRECTION('',(1.,0.,-0.));
#1826 = PLANE('',#1827);
#1827 = AXIS2_PLACEMENT_3D('',#1828,#1829,#1830);
#1828 = CARTESIAN_POINT('',(3.1,26.1,0.));
#1829 = DIRECTION('',(0.,0.,1.));
#1830 = DIRECTION('',(1.,0.,-0.));
#1831 = ADVANCED_FACE('',(#1832),#1850,.T.);
#1832 = FACE_BOUND('',#1833,.T.);
#1833 = EDGE_LOOP('',(#1834,#1835,#1843,#1849));
#1834 = ORIENTED_EDGE('',*,*,#1751,.T.);
#1835 = ORIENTED_EDGE('',*,*,#1836,.T.);
#1836 = EDGE_CURVE('',#1744,#1837,#1839,.T.);
#1837 = VERTEX_POINT('',#1838);
#1838 = CARTESIAN_POINT('',(3.1,45.9,4.2));
#1839 = LINE('',#1840,#1841);
#1840 = CARTESIAN_POINT('',(3.1,26.1,4.2));
#1841 = VECTOR('',#1842,1.);
#1842 = DIRECTION('',(-0.,1.,0.));
#1843 = ORIENTED_EDGE('',*,*,#1844,.F.);
#1844 = EDGE_CURVE('',#1805,#1837,#1845,.T.);
#1845 = LINE('',#1846,#1847);
#1846 = CARTESIAN_POINT('',(3.1,45.9,1.99));
#1847 = VECTOR('',#1848,1.);
#1848 = DIRECTION('',(0.,0.,1.));
#1849 = ORIENTED_EDGE('',*,*,#1804,.F.);
#1850 = PLANE('',#1851);
#1851 = AXIS2_PLACEMENT_3D('',#1852,#1853,#1854);
#1852 = CARTESIAN_POINT('',(3.1,36.,2.1));
#1853 = DIRECTION('',(-1.,-0.,-0.));
#1854 = DIRECTION('',(0.,0.,-1.));
#1855 = ADVANCED_FACE('',(#1856),#1897,.T.);
#1856 = FACE_BOUND('',#1857,.T.);
#1857 = EDGE_LOOP('',(#1858,#1859,#1860,#1868,#1876,#1884,#1890,#1891));
#1858 = ORIENTED_EDGE('',*,*,#1821,.F.);
#1859 = ORIENTED_EDGE('',*,*,#1844,.T.);
#1860 = ORIENTED_EDGE('',*,*,#1861,.T.);
#1861 = EDGE_CURVE('',#1837,#1862,#1864,.T.);
#1862 = VERTEX_POINT('',#1863);
#1863 = CARTESIAN_POINT('',(3.9,45.9,4.2));
#1864 = LINE('',#1865,#1866);
#1865 = CARTESIAN_POINT('',(3.1,45.9,4.2));
#1866 = VECTOR('',#1867,1.);
#1867 = DIRECTION('',(1.,0.,-0.));
#1868 = ORIENTED_EDGE('',*,*,#1869,.T.);
#1869 = EDGE_CURVE('',#1862,#1870,#1872,.T.);
#1870 = VERTEX_POINT('',#1871);
#1871 = CARTESIAN_POINT('',(3.9,45.9,5.6));
#1872 = LINE('',#1873,#1874);
#1873 = CARTESIAN_POINT('',(3.9,45.9,1.99));
#1874 = VECTOR('',#1875,1.);
#1875 = DIRECTION('',(0.,0.,1.));
#1876 = ORIENTED_EDGE('',*,*,#1877,.T.);
#1877 = EDGE_CURVE('',#1870,#1878,#1880,.T.);
#1878 = VERTEX_POINT('',#1879);
#1879 = CARTESIAN_POINT('',(24.1,45.9,5.6));
#1880 = LINE('',#1881,#1882);
#1881 = CARTESIAN_POINT('',(3.9,45.9,5.6));
#1882 = VECTOR('',#1883,1.);
#1883 = DIRECTION('',(1.,0.,-0.));
#1884 = ORIENTED_EDGE('',*,*,#1885,.F.);
#1885 = EDGE_CURVE('',#1379,#1878,#1886,.T.);
#1886 = LINE('',#1887,#1888);
#1887 = CARTESIAN_POINT('',(24.1,45.9,1.99));
#1888 = VECTOR('',#1889,1.);
#1889 = DIRECTION('',(0.,0.,1.));
#1890 = ORIENTED_EDGE('',*,*,#1378,.T.);
#1891 = ORIENTED_EDGE('',*,*,#1892,.F.);
#1892 = EDGE_CURVE('',#1814,#1371,#1893,.T.);
#1893 = LINE('',#1894,#1895);
#1894 = CARTESIAN_POINT('',(24.9,45.9,1.99));
#1895 = VECTOR('',#1896,1.);
#1896 = DIRECTION('',(0.,0.,1.));
#1897 = PLANE('',#1898);
#1898 = AXIS2_PLACEMENT_3D('',#1899,#1900,#1901);
#1899 = CARTESIAN_POINT('',(14.,45.9,2.759124087591));
#1900 = DIRECTION('',(0.,1.,0.));
#1901 = DIRECTION('',(0.,-0.,1.));
#1902 = ADVANCED_FACE('',(#1903),#1909,.T.);
#1903 = FACE_BOUND('',#1904,.T.);
#1904 = EDGE_LOOP('',(#1905,#1906,#1907,#1908));
#1905 = ORIENTED_EDGE('',*,*,#1717,.F.);
#1906 = ORIENTED_EDGE('',*,*,#1813,.T.);
#1907 = ORIENTED_EDGE('',*,*,#1892,.T.);
#1908 = ORIENTED_EDGE('',*,*,#1370,.F.);
#1909 = PLANE('',#1910);
#1910 = AXIS2_PLACEMENT_3D('',#1911,#1912,#1913);
#1911 = CARTESIAN_POINT('',(24.9,36.,2.1));
#1912 = DIRECTION('',(1.,0.,0.));
#1913 = DIRECTION('',(-0.,0.,1.));
#1914 = ADVANCED_FACE('',(#1915),#1934,.T.);
#1915 = FACE_BOUND('',#1916,.T.);
#1916 = EDGE_LOOP('',(#1917,#1918,#1919,#1920,#1926,#1927,#1933));
#1917 = ORIENTED_EDGE('',*,*,#1836,.F.);
#1918 = ORIENTED_EDGE('',*,*,#1743,.T.);
#1919 = ORIENTED_EDGE('',*,*,#1774,.T.);
#1920 = ORIENTED_EDGE('',*,*,#1921,.F.);
#1921 = EDGE_CURVE('',#1520,#1775,#1922,.T.);
#1922 = LINE('',#1923,#1924);
#1923 = CARTESIAN_POINT('',(3.9,26.9,4.2));
#1924 = VECTOR('',#1925,1.);
#1925 = DIRECTION('',(1.,0.,-0.));
#1926 = ORIENTED_EDGE('',*,*,#1534,.T.);
#1927 = ORIENTED_EDGE('',*,*,#1928,.T.);
#1928 = EDGE_CURVE('',#1480,#1862,#1929,.T.);
#1929 = LINE('',#1930,#1931);
#1930 = CARTESIAN_POINT('',(3.9,26.1,4.2));
#1931 = VECTOR('',#1932,1.);
#1932 = DIRECTION('',(-0.,1.,0.));
#1933 = ORIENTED_EDGE('',*,*,#1861,.F.);
#1934 = PLANE('',#1935);
#1935 = AXIS2_PLACEMENT_3D('',#1936,#1937,#1938);
#1936 = CARTESIAN_POINT('',(7.311643835616,31.861643835616,4.2));
#1937 = DIRECTION('',(0.,0.,1.));
#1938 = DIRECTION('',(1.,0.,-0.));
#1939 = ADVANCED_FACE('',(#1940),#1953,.T.);
#1940 = FACE_BOUND('',#1941,.T.);
#1941 = EDGE_LOOP('',(#1942,#1943,#1944,#1945,#1951,#1952));
#1942 = ORIENTED_EDGE('',*,*,#1487,.T.);
#1943 = ORIENTED_EDGE('',*,*,#1587,.F.);
#1944 = ORIENTED_EDGE('',*,*,#1669,.T.);
#1945 = ORIENTED_EDGE('',*,*,#1946,.T.);
#1946 = EDGE_CURVE('',#1670,#1870,#1947,.T.);
#1947 = LINE('',#1948,#1949);
#1948 = CARTESIAN_POINT('',(3.9,44.4,5.6));
#1949 = VECTOR('',#1950,1.);
#1950 = DIRECTION('',(-0.,1.,0.));
#1951 = ORIENTED_EDGE('',*,*,#1869,.F.);
#1952 = ORIENTED_EDGE('',*,*,#1928,.F.);
#1953 = PLANE('',#1954);
#1954 = AXIS2_PLACEMENT_3D('',#1955,#1956,#1957);
#1955 = CARTESIAN_POINT('',(3.9,45.246551724138,4.996551724138));
#1956 = DIRECTION('',(-1.,-0.,-0.));
#1957 = DIRECTION('',(0.,0.,-1.));
#1958 = ADVANCED_FACE('',(#1959),#1972,.T.);
#1959 = FACE_BOUND('',#1960,.T.);
#1960 = EDGE_LOOP('',(#1961,#1962,#1963,#1964,#1970,#1971));
#1961 = ORIENTED_EDGE('',*,*,#1503,.F.);
#1962 = ORIENTED_EDGE('',*,*,#1386,.T.);
#1963 = ORIENTED_EDGE('',*,*,#1885,.T.);
#1964 = ORIENTED_EDGE('',*,*,#1965,.F.);
#1965 = EDGE_CURVE('',#1678,#1878,#1966,.T.);
#1966 = LINE('',#1967,#1968);
#1967 = CARTESIAN_POINT('',(24.1,45.1,5.6));
#1968 = VECTOR('',#1969,1.);
#1969 = DIRECTION('',(-0.,1.,0.));
#1970 = ORIENTED_EDGE('',*,*,#1685,.F.);
#1971 = ORIENTED_EDGE('',*,*,#1603,.T.);
#1972 = PLANE('',#1973);
#1973 = AXIS2_PLACEMENT_3D('',#1974,#1975,#1976);
#1974 = CARTESIAN_POINT('',(24.1,45.246551724138,4.996551724138));
#1975 = DIRECTION('',(1.,0.,0.));
#1976 = DIRECTION('',(-0.,0.,1.));
#1977 = ADVANCED_FACE('',(#1978),#1984,.T.);
#1978 = FACE_BOUND('',#1979,.T.);
#1979 = EDGE_LOOP('',(#1980,#1981,#1982,#1983));
#1980 = ORIENTED_EDGE('',*,*,#1946,.F.);
#1981 = ORIENTED_EDGE('',*,*,#1677,.T.);
#1982 = ORIENTED_EDGE('',*,*,#1965,.T.);
#1983 = ORIENTED_EDGE('',*,*,#1877,.F.);
#1984 = PLANE('',#1985);
#1985 = AXIS2_PLACEMENT_3D('',#1986,#1987,#1988);
#1986 = CARTESIAN_POINT('',(14.,45.15,5.6));
#1987 = DIRECTION('',(0.,0.,1.));
#1988 = DIRECTION('',(1.,0.,-0.));
#1989 = ADVANCED_FACE('',(#1990),#2036,.T.);
#1990 = FACE_BOUND('',#1991,.T.);
#1991 = EDGE_LOOP('',(#1992,#1993,#1994,#2002,#2010,#2018,#2026,#2032,
    #2033,#2034,#2035));
#1992 = ORIENTED_EDGE('',*,*,#1921,.T.);
#1993 = ORIENTED_EDGE('',*,*,#1782,.T.);
#1994 = ORIENTED_EDGE('',*,*,#1995,.T.);
#1995 = EDGE_CURVE('',#1783,#1996,#1998,.T.);
#1996 = VERTEX_POINT('',#1997);
#1997 = CARTESIAN_POINT('',(20.3,26.9,7.1));
#1998 = LINE('',#1999,#2000);
#1999 = CARTESIAN_POINT('',(19.8,26.9,7.1));
#2000 = VECTOR('',#2001,1.);
#2001 = DIRECTION('',(1.,0.,-0.));
#2002 = ORIENTED_EDGE('',*,*,#2003,.T.);
#2003 = EDGE_CURVE('',#1996,#2004,#2006,.T.);
#2004 = VERTEX_POINT('',#2005);
#2005 = CARTESIAN_POINT('',(20.3,26.9,6.5));
#2006 = LINE('',#2007,#2008);
#2007 = CARTESIAN_POINT('',(20.3,26.9,4.369320893649));
#2008 = VECTOR('',#2009,1.);
#2009 = DIRECTION('',(0.,0.,-1.));
#2010 = ORIENTED_EDGE('',*,*,#2011,.T.);
#2011 = EDGE_CURVE('',#2004,#2012,#2014,.T.);
#2012 = VERTEX_POINT('',#2013);
#2013 = CARTESIAN_POINT('',(23.3,26.9,6.5));
#2014 = LINE('',#2015,#2016);
#2015 = CARTESIAN_POINT('',(20.05,26.9,6.5));
#2016 = VECTOR('',#2017,1.);
#2017 = DIRECTION('',(1.,0.,-0.));
#2018 = ORIENTED_EDGE('',*,*,#2019,.F.);
#2019 = EDGE_CURVE('',#2020,#2012,#2022,.T.);
#2020 = VERTEX_POINT('',#2021);
#2021 = CARTESIAN_POINT('',(23.3,26.9,7.1));
#2022 = LINE('',#2023,#2024);
#2023 = CARTESIAN_POINT('',(23.3,26.9,4.369320893649));
#2024 = VECTOR('',#2025,1.);
#2025 = DIRECTION('',(0.,0.,-1.));
#2026 = ORIENTED_EDGE('',*,*,#2027,.T.);
#2027 = EDGE_CURVE('',#2020,#1418,#2028,.T.);
#2028 = LINE('',#2029,#2030);
#2029 = CARTESIAN_POINT('',(19.8,26.9,7.1));
#2030 = VECTOR('',#2031,1.);
#2031 = DIRECTION('',(1.,0.,-0.));
#2032 = ORIENTED_EDGE('',*,*,#1417,.F.);
#2033 = ORIENTED_EDGE('',*,*,#1439,.F.);
#2034 = ORIENTED_EDGE('',*,*,#1549,.T.);
#2035 = ORIENTED_EDGE('',*,*,#1517,.T.);
#2036 = PLANE('',#2037);
#2037 = AXIS2_PLACEMENT_3D('',#2038,#2039,#2040);
#2038 = CARTESIAN_POINT('',(15.070849420849,26.9,3.67722007722));
#2039 = DIRECTION('',(0.,1.,0.));
#2040 = DIRECTION('',(0.,-0.,1.));
#2041 = ADVANCED_FACE('',(#2042),#2075,.T.);
#2042 = FACE_BOUND('',#2043,.T.);
#2043 = EDGE_LOOP('',(#2044,#2045,#2053,#2061,#2069));
#2044 = ORIENTED_EDGE('',*,*,#2019,.T.);
#2045 = ORIENTED_EDGE('',*,*,#2046,.T.);
#2046 = EDGE_CURVE('',#2012,#2047,#2049,.T.);
#2047 = VERTEX_POINT('',#2048);
#2048 = CARTESIAN_POINT('',(23.3,27.6,6.5));
#2049 = LINE('',#2050,#2051);
#2050 = CARTESIAN_POINT('',(23.3,26.89,6.5));
#2051 = VECTOR('',#2052,1.);
#2052 = DIRECTION('',(0.,1.,0.));
#2053 = ORIENTED_EDGE('',*,*,#2054,.T.);
#2054 = EDGE_CURVE('',#2047,#2055,#2057,.T.);
#2055 = VERTEX_POINT('',#2056);
#2056 = CARTESIAN_POINT('',(23.3,27.6,6.65));
#2057 = LINE('',#2058,#2059);
#2058 = CARTESIAN_POINT('',(23.3,27.6,6.5));
#2059 = VECTOR('',#2060,1.);
#2060 = DIRECTION('',(0.,0.,1.));
#2061 = ORIENTED_EDGE('',*,*,#2062,.T.);
#2062 = EDGE_CURVE('',#2055,#2063,#2065,.T.);
#2063 = VERTEX_POINT('',#2064);
#2064 = CARTESIAN_POINT('',(23.3,27.15,7.1));
#2065 = LINE('',#2066,#2067);
#2066 = CARTESIAN_POINT('',(23.3,27.6,6.65));
#2067 = VECTOR('',#2068,1.);
#2068 = DIRECTION('',(0.,-0.707106781187,0.707106781187));
#2069 = ORIENTED_EDGE('',*,*,#2070,.T.);
#2070 = EDGE_CURVE('',#2063,#2020,#2071,.T.);
#2071 = LINE('',#2072,#2073);
#2072 = CARTESIAN_POINT('',(23.3,27.15,7.1));
#2073 = VECTOR('',#2074,1.);
#2074 = DIRECTION('',(0.,-1.,0.));
#2075 = PLANE('',#2076);
#2076 = AXIS2_PLACEMENT_3D('',#2077,#2078,#2079);
#2077 = CARTESIAN_POINT('',(23.3,27.187489080497,6.748641787299));
#2078 = DIRECTION('',(1.,0.,0.));
#2079 = DIRECTION('',(-0.,0.,1.));
#2080 = ADVANCED_FACE('',(#2081),#2099,.F.);
#2081 = FACE_BOUND('',#2082,.F.);
#2082 = EDGE_LOOP('',(#2083,#2091,#2092,#2093));
#2083 = ORIENTED_EDGE('',*,*,#2084,.F.);
#2084 = EDGE_CURVE('',#2004,#2085,#2087,.T.);
#2085 = VERTEX_POINT('',#2086);
#2086 = CARTESIAN_POINT('',(20.3,27.6,6.5));
#2087 = LINE('',#2088,#2089);
#2088 = CARTESIAN_POINT('',(20.3,26.89,6.5));
#2089 = VECTOR('',#2090,1.);
#2090 = DIRECTION('',(0.,1.,0.));
#2091 = ORIENTED_EDGE('',*,*,#2011,.T.);
#2092 = ORIENTED_EDGE('',*,*,#2046,.T.);
#2093 = ORIENTED_EDGE('',*,*,#2094,.F.);
#2094 = EDGE_CURVE('',#2085,#2047,#2095,.T.);
#2095 = LINE('',#2096,#2097);
#2096 = CARTESIAN_POINT('',(20.3,27.6,6.5));
#2097 = VECTOR('',#2098,1.);
#2098 = DIRECTION('',(1.,0.,0.));
#2099 = PLANE('',#2100);
#2100 = AXIS2_PLACEMENT_3D('',#2101,#2102,#2103);
#2101 = CARTESIAN_POINT('',(20.3,26.89,6.5));
#2102 = DIRECTION('',(0.,0.,1.));
#2103 = DIRECTION('',(0.,1.,0.));
#2104 = ADVANCED_FACE('',(#2105),#2131,.F.);
#2105 = FACE_BOUND('',#2106,.F.);
#2106 = EDGE_LOOP('',(#2107,#2108,#2109,#2117,#2125));
#2107 = ORIENTED_EDGE('',*,*,#2003,.T.);
#2108 = ORIENTED_EDGE('',*,*,#2084,.T.);
#2109 = ORIENTED_EDGE('',*,*,#2110,.T.);
#2110 = EDGE_CURVE('',#2085,#2111,#2113,.T.);
#2111 = VERTEX_POINT('',#2112);
#2112 = CARTESIAN_POINT('',(20.3,27.6,6.65));
#2113 = LINE('',#2114,#2115);
#2114 = CARTESIAN_POINT('',(20.3,27.6,6.5));
#2115 = VECTOR('',#2116,1.);
#2116 = DIRECTION('',(0.,0.,1.));
#2117 = ORIENTED_EDGE('',*,*,#2118,.T.);
#2118 = EDGE_CURVE('',#2111,#2119,#2121,.T.);
#2119 = VERTEX_POINT('',#2120);
#2120 = CARTESIAN_POINT('',(20.3,27.15,7.1));
#2121 = LINE('',#2122,#2123);
#2122 = CARTESIAN_POINT('',(20.3,27.6,6.65));
#2123 = VECTOR('',#2124,1.);
#2124 = DIRECTION('',(0.,-0.707106781187,0.707106781187));
#2125 = ORIENTED_EDGE('',*,*,#2126,.T.);
#2126 = EDGE_CURVE('',#2119,#1996,#2127,.T.);
#2127 = LINE('',#2128,#2129);
#2128 = CARTESIAN_POINT('',(20.3,27.15,7.1));
#2129 = VECTOR('',#2130,1.);
#2130 = DIRECTION('',(0.,-1.,0.));
#2131 = PLANE('',#2132);
#2132 = AXIS2_PLACEMENT_3D('',#2133,#2134,#2135);
#2133 = CARTESIAN_POINT('',(20.3,27.187489080497,6.748641787299));
#2134 = DIRECTION('',(1.,0.,0.));
#2135 = DIRECTION('',(-0.,0.,1.));
#2136 = ADVANCED_FACE('',(#2137),#2153,.F.);
#2137 = FACE_BOUND('',#2138,.F.);
#2138 = EDGE_LOOP('',(#2139,#2145,#2146,#2152));
#2139 = ORIENTED_EDGE('',*,*,#2140,.T.);
#2140 = EDGE_CURVE('',#2111,#2055,#2141,.T.);
#2141 = LINE('',#2142,#2143);
#2142 = CARTESIAN_POINT('',(20.3,27.6,6.65));
#2143 = VECTOR('',#2144,1.);
#2144 = DIRECTION('',(1.,0.,0.));
#2145 = ORIENTED_EDGE('',*,*,#2062,.T.);
#2146 = ORIENTED_EDGE('',*,*,#2147,.F.);
#2147 = EDGE_CURVE('',#2119,#2063,#2148,.T.);
#2148 = LINE('',#2149,#2150);
#2149 = CARTESIAN_POINT('',(20.3,27.15,7.1));
#2150 = VECTOR('',#2151,1.);
#2151 = DIRECTION('',(1.,0.,0.));
#2152 = ORIENTED_EDGE('',*,*,#2118,.F.);
#2153 = PLANE('',#2154);
#2154 = AXIS2_PLACEMENT_3D('',#2155,#2156,#2157);
#2155 = CARTESIAN_POINT('',(20.3,27.6,6.65));
#2156 = DIRECTION('',(0.,-0.707106781187,-0.707106781187));
#2157 = DIRECTION('',(0.,-0.707106781187,0.707106781187));
#2158 = ADVANCED_FACE('',(#2159),#2165,.F.);
#2159 = FACE_BOUND('',#2160,.F.);
#2160 = EDGE_LOOP('',(#2161,#2162,#2163,#2164));
#2161 = ORIENTED_EDGE('',*,*,#2094,.T.);
#2162 = ORIENTED_EDGE('',*,*,#2054,.T.);
#2163 = ORIENTED_EDGE('',*,*,#2140,.F.);
#2164 = ORIENTED_EDGE('',*,*,#2110,.F.);
#2165 = PLANE('',#2166);
#2166 = AXIS2_PLACEMENT_3D('',#2167,#2168,#2169);
#2167 = CARTESIAN_POINT('',(20.3,27.6,6.5));
#2168 = DIRECTION('',(0.,-1.,0.));
#2169 = DIRECTION('',(0.,0.,1.));
#2170 = ADVANCED_FACE('',(#2171),#2181,.T.);
#2171 = FACE_BOUND('',#2172,.T.);
#2172 = EDGE_LOOP('',(#2173,#2174,#2175,#2176,#2177,#2178,#2179,#2180));
#2173 = ORIENTED_EDGE('',*,*,#1995,.F.);
#2174 = ORIENTED_EDGE('',*,*,#1790,.F.);
#2175 = ORIENTED_EDGE('',*,*,#1727,.T.);
#2176 = ORIENTED_EDGE('',*,*,#1425,.T.);
#2177 = ORIENTED_EDGE('',*,*,#2027,.F.);
#2178 = ORIENTED_EDGE('',*,*,#2070,.F.);
#2179 = ORIENTED_EDGE('',*,*,#2147,.F.);
#2180 = ORIENTED_EDGE('',*,*,#2126,.T.);
#2181 = PLANE('',#2182);
#2182 = AXIS2_PLACEMENT_3D('',#2183,#2184,#2185);
#2183 = CARTESIAN_POINT('',(21.942990654206,26.594626168224,7.1));
#2184 = DIRECTION('',(0.,0.,1.));
#2185 = DIRECTION('',(1.,0.,-0.));
#2186 = MANIFOLD_SOLID_BREP('',#2187);
#2187 = CLOSED_SHELL('',(#2188,#2359,#2390,#2538,#2569,#2600,#2622,#2639
    ,#2670,#2701,#2725,#2749,#2766,#2805,#2829,#2845,#2876,#2900,#2924,
    #2941,#2972,#2996,#3020,#3037,#3068,#3096,#3127,#3173,#3185,#3207,
    #3238,#3262,#3286,#3303,#3371,#3396,#3421,#3430,#3439,#3470,#3488,
    #3509,#3530,#3546));
#2188 = ADVANCED_FACE('',(#2189,#2320),#2354,.T.);
#2189 = FACE_BOUND('',#2190,.T.);
#2190 = EDGE_LOOP('',(#2191,#2201,#2209,#2217,#2225,#2234,#2242,#2250,
    #2258,#2266,#2274,#2282,#2290,#2298,#2306,#2314));
#2191 = ORIENTED_EDGE('',*,*,#2192,.F.);
#2192 = EDGE_CURVE('',#2193,#2195,#2197,.T.);
#2193 = VERTEX_POINT('',#2194);
#2194 = CARTESIAN_POINT('',(30.,3.,1.5));
#2195 = VERTEX_POINT('',#2196);
#2196 = CARTESIAN_POINT('',(30.,5.6,1.5));
#2197 = LINE('',#2198,#2199);
#2198 = CARTESIAN_POINT('',(30.,3.,1.5));
#2199 = VECTOR('',#2200,1.);
#2200 = DIRECTION('',(-0.,1.,0.));
#2201 = ORIENTED_EDGE('',*,*,#2202,.T.);
#2202 = EDGE_CURVE('',#2193,#2203,#2205,.T.);
#2203 = VERTEX_POINT('',#2204);
#2204 = CARTESIAN_POINT('',(36.8,3.,1.5));
#2205 = LINE('',#2206,#2207);
#2206 = CARTESIAN_POINT('',(30.,3.,1.5));
#2207 = VECTOR('',#2208,1.);
#2208 = DIRECTION('',(1.,0.,-0.));
#2209 = ORIENTED_EDGE('',*,*,#2210,.T.);
#2210 = EDGE_CURVE('',#2203,#2211,#2213,.T.);
#2211 = VERTEX_POINT('',#2212);
#2212 = CARTESIAN_POINT('',(36.8,3.8,1.5));
#2213 = LINE('',#2214,#2215);
#2214 = CARTESIAN_POINT('',(36.8,3.,1.5));
#2215 = VECTOR('',#2216,1.);
#2216 = DIRECTION('',(-0.,1.,0.));
#2217 = ORIENTED_EDGE('',*,*,#2218,.F.);
#2218 = EDGE_CURVE('',#2219,#2211,#2221,.T.);
#2219 = VERTEX_POINT('',#2220);
#2220 = CARTESIAN_POINT('',(38.45,3.8,1.5));
#2221 = LINE('',#2222,#2223);
#2222 = CARTESIAN_POINT('',(33.4,3.8,1.5));
#2223 = VECTOR('',#2224,1.);
#2224 = DIRECTION('',(-1.,-0.,0.));
#2225 = ORIENTED_EDGE('',*,*,#2226,.F.);
#2226 = EDGE_CURVE('',#2227,#2219,#2229,.T.);
#2227 = VERTEX_POINT('',#2228);
#2228 = CARTESIAN_POINT('',(38.45,5.1,1.5));
#2229 = CIRCLE('',#2230,0.65);
#2230 = AXIS2_PLACEMENT_3D('',#2231,#2232,#2233);
#2231 = CARTESIAN_POINT('',(38.45,4.45,1.5));
#2232 = DIRECTION('',(0.,0.,1.));
#2233 = DIRECTION('',(1.,0.,-0.));
#2234 = ORIENTED_EDGE('',*,*,#2235,.F.);
#2235 = EDGE_CURVE('',#2236,#2227,#2238,.T.);
#2236 = VERTEX_POINT('',#2237);
#2237 = CARTESIAN_POINT('',(50.,5.1,1.5));
#2238 = LINE('',#2239,#2240);
#2239 = CARTESIAN_POINT('',(34.225,5.1,1.5));
#2240 = VECTOR('',#2241,1.);
#2241 = DIRECTION('',(-1.,-0.,0.));
#2242 = ORIENTED_EDGE('',*,*,#2243,.T.);
#2243 = EDGE_CURVE('',#2236,#2244,#2246,.T.);
#2244 = VERTEX_POINT('',#2245);
#2245 = CARTESIAN_POINT('',(50.,5.6,1.5));
#2246 = LINE('',#2247,#2248);
#2247 = CARTESIAN_POINT('',(50.,3.,1.5));
#2248 = VECTOR('',#2249,1.);
#2249 = DIRECTION('',(-0.,1.,0.));
#2250 = ORIENTED_EDGE('',*,*,#2251,.T.);
#2251 = EDGE_CURVE('',#2244,#2252,#2254,.T.);
#2252 = VERTEX_POINT('',#2253);
#2253 = CARTESIAN_POINT('',(49.,5.6,1.5));
#2254 = LINE('',#2255,#2256);
#2255 = CARTESIAN_POINT('',(39.5,5.6,1.5));
#2256 = VECTOR('',#2257,1.);
#2257 = DIRECTION('',(-1.,-0.,0.));
#2258 = ORIENTED_EDGE('',*,*,#2259,.T.);
#2259 = EDGE_CURVE('',#2252,#2260,#2262,.T.);
#2260 = VERTEX_POINT('',#2261);
#2261 = CARTESIAN_POINT('',(49.,18.4,1.5));
#2262 = LINE('',#2263,#2264);
#2263 = CARTESIAN_POINT('',(49.,4.3,1.5));
#2264 = VECTOR('',#2265,1.);
#2265 = DIRECTION('',(-0.,1.,0.));
#2266 = ORIENTED_EDGE('',*,*,#2267,.F.);
#2267 = EDGE_CURVE('',#2268,#2260,#2270,.T.);
#2268 = VERTEX_POINT('',#2269);
#2269 = CARTESIAN_POINT('',(50.,18.4,1.5));
#2270 = LINE('',#2271,#2272);
#2271 = CARTESIAN_POINT('',(39.5,18.4,1.5));
#2272 = VECTOR('',#2273,1.);
#2273 = DIRECTION('',(-1.,-0.,0.));
#2274 = ORIENTED_EDGE('',*,*,#2275,.T.);
#2275 = EDGE_CURVE('',#2268,#2276,#2278,.T.);
#2276 = VERTEX_POINT('',#2277);
#2277 = CARTESIAN_POINT('',(50.,21.,1.5));
#2278 = LINE('',#2279,#2280);
#2279 = CARTESIAN_POINT('',(50.,3.,1.5));
#2280 = VECTOR('',#2281,1.);
#2281 = DIRECTION('',(-0.,1.,0.));
#2282 = ORIENTED_EDGE('',*,*,#2283,.F.);
#2283 = EDGE_CURVE('',#2284,#2276,#2286,.T.);
#2284 = VERTEX_POINT('',#2285);
#2285 = CARTESIAN_POINT('',(30.,21.,1.5));
#2286 = LINE('',#2287,#2288);
#2287 = CARTESIAN_POINT('',(30.,21.,1.5));
#2288 = VECTOR('',#2289,1.);
#2289 = DIRECTION('',(1.,0.,-0.));
#2290 = ORIENTED_EDGE('',*,*,#2291,.F.);
#2291 = EDGE_CURVE('',#2292,#2284,#2294,.T.);
#2292 = VERTEX_POINT('',#2293);
#2293 = CARTESIAN_POINT('',(30.,18.4,1.5));
#2294 = LINE('',#2295,#2296);
#2295 = CARTESIAN_POINT('',(30.,3.,1.5));
#2296 = VECTOR('',#2297,1.);
#2297 = DIRECTION('',(-0.,1.,0.));
#2298 = ORIENTED_EDGE('',*,*,#2299,.F.);
#2299 = EDGE_CURVE('',#2300,#2292,#2302,.T.);
#2300 = VERTEX_POINT('',#2301);
#2301 = CARTESIAN_POINT('',(31.,18.4,1.5));
#2302 = LINE('',#2303,#2304);
#2303 = CARTESIAN_POINT('',(30.,18.4,1.5));
#2304 = VECTOR('',#2305,1.);
#2305 = DIRECTION('',(-1.,-0.,0.));
#2306 = ORIENTED_EDGE('',*,*,#2307,.F.);
#2307 = EDGE_CURVE('',#2308,#2300,#2310,.T.);
#2308 = VERTEX_POINT('',#2309);
#2309 = CARTESIAN_POINT('',(31.,5.6,1.5));
#2310 = LINE('',#2311,#2312);
#2311 = CARTESIAN_POINT('',(31.,4.3,1.5));
#2312 = VECTOR('',#2313,1.);
#2313 = DIRECTION('',(-0.,1.,0.));
#2314 = ORIENTED_EDGE('',*,*,#2315,.T.);
#2315 = EDGE_CURVE('',#2308,#2195,#2316,.T.);
#2316 = LINE('',#2317,#2318);
#2317 = CARTESIAN_POINT('',(30.,5.6,1.5));
#2318 = VECTOR('',#2319,1.);
#2319 = DIRECTION('',(-1.,-0.,0.));
#2320 = FACE_BOUND('',#2321,.T.);
#2321 = EDGE_LOOP('',(#2322,#2332,#2340,#2348));
#2322 = ORIENTED_EDGE('',*,*,#2323,.T.);
#2323 = EDGE_CURVE('',#2324,#2326,#2328,.T.);
#2324 = VERTEX_POINT('',#2325);
#2325 = CARTESIAN_POINT('',(45.4,7.8,1.5));
#2326 = VERTEX_POINT('',#2327);
#2327 = CARTESIAN_POINT('',(34.6,7.8,1.5));
#2328 = LINE('',#2329,#2330);
#2329 = CARTESIAN_POINT('',(32.3,7.8,1.5));
#2330 = VECTOR('',#2331,1.);
#2331 = DIRECTION('',(-1.,-0.,0.));
#2332 = ORIENTED_EDGE('',*,*,#2333,.T.);
#2333 = EDGE_CURVE('',#2326,#2334,#2336,.T.);
#2334 = VERTEX_POINT('',#2335);
#2335 = CARTESIAN_POINT('',(34.6,16.2,1.5));
#2336 = LINE('',#2337,#2338);
#2337 = CARTESIAN_POINT('',(34.6,5.4,1.5));
#2338 = VECTOR('',#2339,1.);
#2339 = DIRECTION('',(-0.,1.,0.));
#2340 = ORIENTED_EDGE('',*,*,#2341,.F.);
#2341 = EDGE_CURVE('',#2342,#2334,#2344,.T.);
#2342 = VERTEX_POINT('',#2343);
#2343 = CARTESIAN_POINT('',(45.4,16.2,1.5));
#2344 = LINE('',#2345,#2346);
#2345 = CARTESIAN_POINT('',(32.3,16.2,1.5));
#2346 = VECTOR('',#2347,1.);
#2347 = DIRECTION('',(-1.,-0.,0.));
#2348 = ORIENTED_EDGE('',*,*,#2349,.F.);
#2349 = EDGE_CURVE('',#2324,#2342,#2350,.T.);
#2350 = LINE('',#2351,#2352);
#2351 = CARTESIAN_POINT('',(45.4,5.4,1.5));
#2352 = VECTOR('',#2353,1.);
#2353 = DIRECTION('',(-0.,1.,0.));
#2354 = PLANE('',#2355);
#2355 = AXIS2_PLACEMENT_3D('',#2356,#2357,#2358);
#2356 = CARTESIAN_POINT('',(30.,3.,1.5));
#2357 = DIRECTION('',(0.,0.,1.));
#2358 = DIRECTION('',(1.,0.,-0.));
#2359 = ADVANCED_FACE('',(#2360),#2385,.T.);
#2360 = FACE_BOUND('',#2361,.T.);
#2361 = EDGE_LOOP('',(#2362,#2372,#2378,#2379));
#2362 = ORIENTED_EDGE('',*,*,#2363,.F.);
#2363 = EDGE_CURVE('',#2364,#2366,#2368,.T.);
#2364 = VERTEX_POINT('',#2365);
#2365 = CARTESIAN_POINT('',(30.,21.,0.));
#2366 = VERTEX_POINT('',#2367);
#2367 = CARTESIAN_POINT('',(50.,21.,0.));
#2368 = LINE('',#2369,#2370);
#2369 = CARTESIAN_POINT('',(30.,21.,0.));
#2370 = VECTOR('',#2371,1.);
#2371 = DIRECTION('',(1.,0.,-0.));
#2372 = ORIENTED_EDGE('',*,*,#2373,.T.);
#2373 = EDGE_CURVE('',#2364,#2284,#2374,.T.);
#2374 = LINE('',#2375,#2376);
#2375 = CARTESIAN_POINT('',(30.,21.,0.));
#2376 = VECTOR('',#2377,1.);
#2377 = DIRECTION('',(0.,0.,1.));
#2378 = ORIENTED_EDGE('',*,*,#2283,.T.);
#2379 = ORIENTED_EDGE('',*,*,#2380,.F.);
#2380 = EDGE_CURVE('',#2366,#2276,#2381,.T.);
#2381 = LINE('',#2382,#2383);
#2382 = CARTESIAN_POINT('',(50.,21.,0.));
#2383 = VECTOR('',#2384,1.);
#2384 = DIRECTION('',(0.,0.,1.));
#2385 = PLANE('',#2386);
#2386 = AXIS2_PLACEMENT_3D('',#2387,#2388,#2389);
#2387 = CARTESIAN_POINT('',(30.,21.,0.));
#2388 = DIRECTION('',(-0.,1.,0.));
#2389 = DIRECTION('',(0.,0.,1.));
#2390 = ADVANCED_FACE('',(#2391,#2465,#2499),#2533,.F.);
#2391 = FACE_BOUND('',#2392,.F.);
#2392 = EDGE_LOOP('',(#2393,#2403,#2409,#2410,#2418,#2426,#2434,#2442,
    #2450,#2458));
#2393 = ORIENTED_EDGE('',*,*,#2394,.F.);
#2394 = EDGE_CURVE('',#2395,#2397,#2399,.T.);
#2395 = VERTEX_POINT('',#2396);
#2396 = CARTESIAN_POINT('',(50.,5.1,0.));
#2397 = VERTEX_POINT('',#2398);
#2398 = CARTESIAN_POINT('',(38.45,5.1,0.));
#2399 = LINE('',#2400,#2401);
#2400 = CARTESIAN_POINT('',(34.225,5.1,0.));
#2401 = VECTOR('',#2402,1.);
#2402 = DIRECTION('',(-1.,-0.,0.));
#2403 = ORIENTED_EDGE('',*,*,#2404,.T.);
#2404 = EDGE_CURVE('',#2395,#2366,#2405,.T.);
#2405 = LINE('',#2406,#2407);
#2406 = CARTESIAN_POINT('',(50.,3.,0.));
#2407 = VECTOR('',#2408,1.);
#2408 = DIRECTION('',(-0.,1.,0.));
#2409 = ORIENTED_EDGE('',*,*,#2363,.F.);
#2410 = ORIENTED_EDGE('',*,*,#2411,.F.);
#2411 = EDGE_CURVE('',#2412,#2364,#2414,.T.);
#2412 = VERTEX_POINT('',#2413);
#2413 = CARTESIAN_POINT('',(30.,3.,0.));
#2414 = LINE('',#2415,#2416);
#2415 = CARTESIAN_POINT('',(30.,3.,0.));
#2416 = VECTOR('',#2417,1.);
#2417 = DIRECTION('',(-0.,1.,0.));
#2418 = ORIENTED_EDGE('',*,*,#2419,.T.);
#2419 = EDGE_CURVE('',#2412,#2420,#2422,.T.);
#2420 = VERTEX_POINT('',#2421);
#2421 = CARTESIAN_POINT('',(37.8,3.,0.));
#2422 = LINE('',#2423,#2424);
#2423 = CARTESIAN_POINT('',(30.,3.,0.));
#2424 = VECTOR('',#2425,1.);
#2425 = DIRECTION('',(1.,0.,-0.));
#2426 = ORIENTED_EDGE('',*,*,#2427,.F.);
#2427 = EDGE_CURVE('',#2428,#2420,#2430,.T.);
#2428 = VERTEX_POINT('',#2429);
#2429 = CARTESIAN_POINT('',(37.8,3.24,5.073268178785E-18));
#2430 = LINE('',#2431,#2432);
#2431 = CARTESIAN_POINT('',(37.8,3.040961940777,0.));
#2432 = VECTOR('',#2433,1.);
#2433 = DIRECTION('',(0.,-1.,0.));
#2434 = ORIENTED_EDGE('',*,*,#2435,.F.);
#2435 = EDGE_CURVE('',#2436,#2428,#2438,.T.);
#2436 = VERTEX_POINT('',#2437);
#2437 = CARTESIAN_POINT('',(50.,3.24,0.));
#2438 = LINE('',#2439,#2440);
#2439 = CARTESIAN_POINT('',(33.9,3.24,-8.326672684689E-17));
#2440 = VECTOR('',#2441,1.);
#2441 = DIRECTION('',(-1.,-0.,0.));
#2442 = ORIENTED_EDGE('',*,*,#2443,.T.);
#2443 = EDGE_CURVE('',#2436,#2444,#2446,.T.);
#2444 = VERTEX_POINT('',#2445);
#2445 = CARTESIAN_POINT('',(50.,3.8,0.));
#2446 = LINE('',#2447,#2448);
#2447 = CARTESIAN_POINT('',(50.,3.,0.));
#2448 = VECTOR('',#2449,1.);
#2449 = DIRECTION('',(-0.,1.,0.));
#2450 = ORIENTED_EDGE('',*,*,#2451,.T.);
#2451 = EDGE_CURVE('',#2444,#2452,#2454,.T.);
#2452 = VERTEX_POINT('',#2453);
#2453 = CARTESIAN_POINT('',(38.45,3.8,0.));
#2454 = LINE('',#2455,#2456);
#2455 = CARTESIAN_POINT('',(34.225,3.8,0.));
#2456 = VECTOR('',#2457,1.);
#2457 = DIRECTION('',(-1.,-0.,0.));
#2458 = ORIENTED_EDGE('',*,*,#2459,.F.);
#2459 = EDGE_CURVE('',#2397,#2452,#2460,.T.);
#2460 = CIRCLE('',#2461,0.65);
#2461 = AXIS2_PLACEMENT_3D('',#2462,#2463,#2464);
#2462 = CARTESIAN_POINT('',(38.45,4.45,0.));
#2463 = DIRECTION('',(0.,0.,1.));
#2464 = DIRECTION('',(1.,0.,-0.));
#2465 = FACE_BOUND('',#2466,.F.);
#2466 = EDGE_LOOP('',(#2467,#2477,#2485,#2493));
#2467 = ORIENTED_EDGE('',*,*,#2468,.T.);
#2468 = EDGE_CURVE('',#2469,#2471,#2473,.T.);
#2469 = VERTEX_POINT('',#2470);
#2470 = CARTESIAN_POINT('',(44.6,8.6,0.));
#2471 = VERTEX_POINT('',#2472);
#2472 = CARTESIAN_POINT('',(35.4,8.6,0.));
#2473 = LINE('',#2474,#2475);
#2474 = CARTESIAN_POINT('',(32.7,8.6,0.));
#2475 = VECTOR('',#2476,1.);
#2476 = DIRECTION('',(-1.,-0.,0.));
#2477 = ORIENTED_EDGE('',*,*,#2478,.T.);
#2478 = EDGE_CURVE('',#2471,#2479,#2481,.T.);
#2479 = VERTEX_POINT('',#2480);
#2480 = CARTESIAN_POINT('',(35.4,15.4,0.));
#2481 = LINE('',#2482,#2483);
#2482 = CARTESIAN_POINT('',(35.4,5.8,0.));
#2483 = VECTOR('',#2484,1.);
#2484 = DIRECTION('',(-0.,1.,0.));
#2485 = ORIENTED_EDGE('',*,*,#2486,.F.);
#2486 = EDGE_CURVE('',#2487,#2479,#2489,.T.);
#2487 = VERTEX_POINT('',#2488);
#2488 = CARTESIAN_POINT('',(44.6,15.4,0.));
#2489 = LINE('',#2490,#2491);
#2490 = CARTESIAN_POINT('',(32.7,15.4,0.));
#2491 = VECTOR('',#2492,1.);
#2492 = DIRECTION('',(-1.,-0.,0.));
#2493 = ORIENTED_EDGE('',*,*,#2494,.F.);
#2494 = EDGE_CURVE('',#2469,#2487,#2495,.T.);
#2495 = LINE('',#2496,#2497);
#2496 = CARTESIAN_POINT('',(44.6,5.8,0.));
#2497 = VECTOR('',#2498,1.);
#2498 = DIRECTION('',(-0.,1.,0.));
#2499 = FACE_BOUND('',#2500,.F.);
#2500 = EDGE_LOOP('',(#2501,#2511,#2519,#2527));
#2501 = ORIENTED_EDGE('',*,*,#2502,.T.);
#2502 = EDGE_CURVE('',#2503,#2505,#2507,.T.);
#2503 = VERTEX_POINT('',#2504);
#2504 = CARTESIAN_POINT('',(35.3,16.,0.));
#2505 = VERTEX_POINT('',#2506);
#2506 = CARTESIAN_POINT('',(30.3,16.,0.));
#2507 = LINE('',#2508,#2509);
#2508 = CARTESIAN_POINT('',(30.15,16.,0.));
#2509 = VECTOR('',#2510,1.);
#2510 = DIRECTION('',(-1.,-0.,0.));
#2511 = ORIENTED_EDGE('',*,*,#2512,.T.);
#2512 = EDGE_CURVE('',#2505,#2513,#2515,.T.);
#2513 = VERTEX_POINT('',#2514);
#2514 = CARTESIAN_POINT('',(30.3,19.,0.));
#2515 = LINE('',#2516,#2517);
#2516 = CARTESIAN_POINT('',(30.3,9.5,0.));
#2517 = VECTOR('',#2518,1.);
#2518 = DIRECTION('',(-0.,1.,0.));
#2519 = ORIENTED_EDGE('',*,*,#2520,.F.);
#2520 = EDGE_CURVE('',#2521,#2513,#2523,.T.);
#2521 = VERTEX_POINT('',#2522);
#2522 = CARTESIAN_POINT('',(35.3,19.,0.));
#2523 = LINE('',#2524,#2525);
#2524 = CARTESIAN_POINT('',(30.15,19.,0.));
#2525 = VECTOR('',#2526,1.);
#2526 = DIRECTION('',(-1.,-0.,0.));
#2527 = ORIENTED_EDGE('',*,*,#2528,.F.);
#2528 = EDGE_CURVE('',#2503,#2521,#2529,.T.);
#2529 = LINE('',#2530,#2531);
#2530 = CARTESIAN_POINT('',(35.3,9.5,0.));
#2531 = VECTOR('',#2532,1.);
#2532 = DIRECTION('',(-0.,1.,0.));
#2533 = PLANE('',#2534);
#2534 = AXIS2_PLACEMENT_3D('',#2535,#2536,#2537);
#2535 = CARTESIAN_POINT('',(30.,3.,0.));
#2536 = DIRECTION('',(0.,0.,1.));
#2537 = DIRECTION('',(1.,0.,-0.));
#2538 = ADVANCED_FACE('',(#2539),#2564,.T.);
#2539 = FACE_BOUND('',#2540,.T.);
#2540 = EDGE_LOOP('',(#2541,#2551,#2557,#2558));
#2541 = ORIENTED_EDGE('',*,*,#2542,.F.);
#2542 = EDGE_CURVE('',#2543,#2545,#2547,.T.);
#2543 = VERTEX_POINT('',#2544);
#2544 = CARTESIAN_POINT('',(31.,5.6,4.29));
#2545 = VERTEX_POINT('',#2546);
#2546 = CARTESIAN_POINT('',(31.,18.4,4.29));
#2547 = LINE('',#2548,#2549);
#2548 = CARTESIAN_POINT('',(31.,5.6,4.29));
#2549 = VECTOR('',#2550,1.);
#2550 = DIRECTION('',(-0.,1.,0.));
#2551 = ORIENTED_EDGE('',*,*,#2552,.F.);
#2552 = EDGE_CURVE('',#2308,#2543,#2553,.T.);
#2553 = LINE('',#2554,#2555);
#2554 = CARTESIAN_POINT('',(31.,5.6,1.49));
#2555 = VECTOR('',#2556,1.);
#2556 = DIRECTION('',(0.,0.,1.));
#2557 = ORIENTED_EDGE('',*,*,#2307,.T.);
#2558 = ORIENTED_EDGE('',*,*,#2559,.T.);
#2559 = EDGE_CURVE('',#2300,#2545,#2560,.T.);
#2560 = LINE('',#2561,#2562);
#2561 = CARTESIAN_POINT('',(31.,18.4,1.49));
#2562 = VECTOR('',#2563,1.);
#2563 = DIRECTION('',(0.,0.,1.));
#2564 = PLANE('',#2565);
#2565 = AXIS2_PLACEMENT_3D('',#2566,#2567,#2568);
#2566 = CARTESIAN_POINT('',(31.,5.6,1.49));
#2567 = DIRECTION('',(1.,0.,-0.));
#2568 = DIRECTION('',(0.,0.,1.));
#2569 = ADVANCED_FACE('',(#2570),#2595,.F.);
#2570 = FACE_BOUND('',#2571,.F.);
#2571 = EDGE_LOOP('',(#2572,#2582,#2588,#2589));
#2572 = ORIENTED_EDGE('',*,*,#2573,.F.);
#2573 = EDGE_CURVE('',#2574,#2576,#2578,.T.);
#2574 = VERTEX_POINT('',#2575);
#2575 = CARTESIAN_POINT('',(49.,5.6,4.29));
#2576 = VERTEX_POINT('',#2577);
#2577 = CARTESIAN_POINT('',(49.,18.4,4.29));
#2578 = LINE('',#2579,#2580);
#2579 = CARTESIAN_POINT('',(49.,5.6,4.29));
#2580 = VECTOR('',#2581,1.);
#2581 = DIRECTION('',(-0.,1.,0.));
#2582 = ORIENTED_EDGE('',*,*,#2583,.F.);
#2583 = EDGE_CURVE('',#2252,#2574,#2584,.T.);
#2584 = LINE('',#2585,#2586);
#2585 = CARTESIAN_POINT('',(49.,5.6,1.49));
#2586 = VECTOR('',#2587,1.);
#2587 = DIRECTION('',(0.,0.,1.));
#2588 = ORIENTED_EDGE('',*,*,#2259,.T.);
#2589 = ORIENTED_EDGE('',*,*,#2590,.T.);
#2590 = EDGE_CURVE('',#2260,#2576,#2591,.T.);
#2591 = LINE('',#2592,#2593);
#2592 = CARTESIAN_POINT('',(49.,18.4,1.49));
#2593 = VECTOR('',#2594,1.);
#2594 = DIRECTION('',(0.,0.,1.));
#2595 = PLANE('',#2596);
#2596 = AXIS2_PLACEMENT_3D('',#2597,#2598,#2599);
#2597 = CARTESIAN_POINT('',(49.,5.6,1.49));
#2598 = DIRECTION('',(1.,0.,-0.));
#2599 = DIRECTION('',(0.,0.,1.));
#2600 = ADVANCED_FACE('',(#2601),#2617,.F.);
#2601 = FACE_BOUND('',#2602,.F.);
#2602 = EDGE_LOOP('',(#2603,#2604,#2610,#2611));
#2603 = ORIENTED_EDGE('',*,*,#2394,.T.);
#2604 = ORIENTED_EDGE('',*,*,#2605,.T.);
#2605 = EDGE_CURVE('',#2397,#2227,#2606,.T.);
#2606 = LINE('',#2607,#2608);
#2607 = CARTESIAN_POINT('',(38.45,5.1,-1.));
#2608 = VECTOR('',#2609,1.);
#2609 = DIRECTION('',(0.,0.,1.));
#2610 = ORIENTED_EDGE('',*,*,#2235,.F.);
#2611 = ORIENTED_EDGE('',*,*,#2612,.F.);
#2612 = EDGE_CURVE('',#2395,#2236,#2613,.T.);
#2613 = LINE('',#2614,#2615);
#2614 = CARTESIAN_POINT('',(50.,5.1,-0.5));
#2615 = VECTOR('',#2616,1.);
#2616 = DIRECTION('',(0.,0.,1.));
#2617 = PLANE('',#2618);
#2618 = AXIS2_PLACEMENT_3D('',#2619,#2620,#2621);
#2619 = CARTESIAN_POINT('',(38.45,5.1,-1.));
#2620 = DIRECTION('',(-0.,1.,0.));
#2621 = DIRECTION('',(0.,0.,1.));
#2622 = ADVANCED_FACE('',(#2623),#2634,.F.);
#2623 = FACE_BOUND('',#2624,.F.);
#2624 = EDGE_LOOP('',(#2625,#2626,#2627,#2633));
#2625 = ORIENTED_EDGE('',*,*,#2605,.F.);
#2626 = ORIENTED_EDGE('',*,*,#2459,.T.);
#2627 = ORIENTED_EDGE('',*,*,#2628,.T.);
#2628 = EDGE_CURVE('',#2452,#2219,#2629,.T.);
#2629 = LINE('',#2630,#2631);
#2630 = CARTESIAN_POINT('',(38.45,3.8,-1.));
#2631 = VECTOR('',#2632,1.);
#2632 = DIRECTION('',(0.,0.,1.));
#2633 = ORIENTED_EDGE('',*,*,#2226,.F.);
#2634 = CYLINDRICAL_SURFACE('',#2635,0.65);
#2635 = AXIS2_PLACEMENT_3D('',#2636,#2637,#2638);
#2636 = CARTESIAN_POINT('',(38.45,4.45,-1.));
#2637 = DIRECTION('',(0.,0.,1.));
#2638 = DIRECTION('',(1.,0.,-0.));
#2639 = ADVANCED_FACE('',(#2640),#2665,.F.);
#2640 = FACE_BOUND('',#2641,.F.);
#2641 = EDGE_LOOP('',(#2642,#2650,#2651,#2659));
#2642 = ORIENTED_EDGE('',*,*,#2643,.F.);
#2643 = EDGE_CURVE('',#2203,#2644,#2646,.T.);
#2644 = VERTEX_POINT('',#2645);
#2645 = CARTESIAN_POINT('',(36.8,3.,3.));
#2646 = LINE('',#2647,#2648);
#2647 = CARTESIAN_POINT('',(36.8,3.,1.49));
#2648 = VECTOR('',#2649,1.);
#2649 = DIRECTION('',(0.,0.,1.));
#2650 = ORIENTED_EDGE('',*,*,#2210,.T.);
#2651 = ORIENTED_EDGE('',*,*,#2652,.T.);
#2652 = EDGE_CURVE('',#2211,#2653,#2655,.T.);
#2653 = VERTEX_POINT('',#2654);
#2654 = CARTESIAN_POINT('',(36.8,3.8,3.));
#2655 = LINE('',#2656,#2657);
#2656 = CARTESIAN_POINT('',(36.8,3.8,1.49));
#2657 = VECTOR('',#2658,1.);
#2658 = DIRECTION('',(0.,0.,1.));
#2659 = ORIENTED_EDGE('',*,*,#2660,.F.);
#2660 = EDGE_CURVE('',#2644,#2653,#2661,.T.);
#2661 = LINE('',#2662,#2663);
#2662 = CARTESIAN_POINT('',(36.8,3.,3.));
#2663 = VECTOR('',#2664,1.);
#2664 = DIRECTION('',(-0.,1.,0.));
#2665 = PLANE('',#2666);
#2666 = AXIS2_PLACEMENT_3D('',#2667,#2668,#2669);
#2667 = CARTESIAN_POINT('',(36.8,3.,1.49));
#2668 = DIRECTION('',(1.,0.,-0.));
#2669 = DIRECTION('',(0.,0.,1.));
#2670 = ADVANCED_FACE('',(#2671),#2696,.F.);
#2671 = FACE_BOUND('',#2672,.F.);
#2672 = EDGE_LOOP('',(#2673,#2681,#2682,#2690));
#2673 = ORIENTED_EDGE('',*,*,#2674,.F.);
#2674 = EDGE_CURVE('',#2324,#2675,#2677,.T.);
#2675 = VERTEX_POINT('',#2676);
#2676 = CARTESIAN_POINT('',(45.4,7.8,4.29));
#2677 = LINE('',#2678,#2679);
#2678 = CARTESIAN_POINT('',(45.4,7.8,1.49));
#2679 = VECTOR('',#2680,1.);
#2680 = DIRECTION('',(0.,0.,1.));
#2681 = ORIENTED_EDGE('',*,*,#2323,.T.);
#2682 = ORIENTED_EDGE('',*,*,#2683,.T.);
#2683 = EDGE_CURVE('',#2326,#2684,#2686,.T.);
#2684 = VERTEX_POINT('',#2685);
#2685 = CARTESIAN_POINT('',(34.6,7.8,4.29));
#2686 = LINE('',#2687,#2688);
#2687 = CARTESIAN_POINT('',(34.6,7.8,1.49));
#2688 = VECTOR('',#2689,1.);
#2689 = DIRECTION('',(0.,0.,1.));
#2690 = ORIENTED_EDGE('',*,*,#2691,.T.);
#2691 = EDGE_CURVE('',#2684,#2675,#2692,.T.);
#2692 = LINE('',#2693,#2694);
#2693 = CARTESIAN_POINT('',(32.3,7.8,4.29));
#2694 = VECTOR('',#2695,1.);
#2695 = DIRECTION('',(1.,0.,-0.));
#2696 = PLANE('',#2697);
#2697 = AXIS2_PLACEMENT_3D('',#2698,#2699,#2700);
#2698 = CARTESIAN_POINT('',(34.6,7.8,1.49));
#2699 = DIRECTION('',(-0.,1.,0.));
#2700 = DIRECTION('',(0.,0.,1.));
#2701 = ADVANCED_FACE('',(#2702),#2720,.T.);
#2702 = FACE_BOUND('',#2703,.T.);
#2703 = EDGE_LOOP('',(#2704,#2705,#2706,#2714));
#2704 = ORIENTED_EDGE('',*,*,#2674,.F.);
#2705 = ORIENTED_EDGE('',*,*,#2349,.T.);
#2706 = ORIENTED_EDGE('',*,*,#2707,.T.);
#2707 = EDGE_CURVE('',#2342,#2708,#2710,.T.);
#2708 = VERTEX_POINT('',#2709);
#2709 = CARTESIAN_POINT('',(45.4,16.2,4.29));
#2710 = LINE('',#2711,#2712);
#2711 = CARTESIAN_POINT('',(45.4,16.2,1.49));
#2712 = VECTOR('',#2713,1.);
#2713 = DIRECTION('',(0.,0.,1.));
#2714 = ORIENTED_EDGE('',*,*,#2715,.T.);
#2715 = EDGE_CURVE('',#2708,#2675,#2716,.T.);
#2716 = LINE('',#2717,#2718);
#2717 = CARTESIAN_POINT('',(45.4,6.7,4.29));
#2718 = VECTOR('',#2719,1.);
#2719 = DIRECTION('',(0.,-1.,0.));
#2720 = PLANE('',#2721);
#2721 = AXIS2_PLACEMENT_3D('',#2722,#2723,#2724);
#2722 = CARTESIAN_POINT('',(45.4,7.8,1.49));
#2723 = DIRECTION('',(1.,0.,-0.));
#2724 = DIRECTION('',(0.,0.,1.));
#2725 = ADVANCED_FACE('',(#2726),#2744,.F.);
#2726 = FACE_BOUND('',#2727,.F.);
#2727 = EDGE_LOOP('',(#2728,#2729,#2730,#2738));
#2728 = ORIENTED_EDGE('',*,*,#2683,.F.);
#2729 = ORIENTED_EDGE('',*,*,#2333,.T.);
#2730 = ORIENTED_EDGE('',*,*,#2731,.T.);
#2731 = EDGE_CURVE('',#2334,#2732,#2734,.T.);
#2732 = VERTEX_POINT('',#2733);
#2733 = CARTESIAN_POINT('',(34.6,16.2,4.29));
#2734 = LINE('',#2735,#2736);
#2735 = CARTESIAN_POINT('',(34.6,16.2,1.49));
#2736 = VECTOR('',#2737,1.);
#2737 = DIRECTION('',(0.,0.,1.));
#2738 = ORIENTED_EDGE('',*,*,#2739,.T.);
#2739 = EDGE_CURVE('',#2732,#2684,#2740,.T.);
#2740 = LINE('',#2741,#2742);
#2741 = CARTESIAN_POINT('',(34.6,6.7,4.29));
#2742 = VECTOR('',#2743,1.);
#2743 = DIRECTION('',(0.,-1.,0.));
#2744 = PLANE('',#2745);
#2745 = AXIS2_PLACEMENT_3D('',#2746,#2747,#2748);
#2746 = CARTESIAN_POINT('',(34.6,7.8,1.49));
#2747 = DIRECTION('',(1.,0.,-0.));
#2748 = DIRECTION('',(0.,0.,1.));
#2749 = ADVANCED_FACE('',(#2750),#2761,.T.);
#2750 = FACE_BOUND('',#2751,.T.);
#2751 = EDGE_LOOP('',(#2752,#2753,#2754,#2755));
#2752 = ORIENTED_EDGE('',*,*,#2707,.F.);
#2753 = ORIENTED_EDGE('',*,*,#2341,.T.);
#2754 = ORIENTED_EDGE('',*,*,#2731,.T.);
#2755 = ORIENTED_EDGE('',*,*,#2756,.T.);
#2756 = EDGE_CURVE('',#2732,#2708,#2757,.T.);
#2757 = LINE('',#2758,#2759);
#2758 = CARTESIAN_POINT('',(32.3,16.2,4.29));
#2759 = VECTOR('',#2760,1.);
#2760 = DIRECTION('',(1.,0.,-0.));
#2761 = PLANE('',#2762);
#2762 = AXIS2_PLACEMENT_3D('',#2763,#2764,#2765);
#2763 = CARTESIAN_POINT('',(34.6,16.2,1.49));
#2764 = DIRECTION('',(-0.,1.,0.));
#2765 = DIRECTION('',(0.,0.,1.));
#2766 = ADVANCED_FACE('',(#2767),#2800,.T.);
#2767 = FACE_BOUND('',#2768,.T.);
#2768 = EDGE_LOOP('',(#2769,#2779,#2787,#2793,#2794));
#2769 = ORIENTED_EDGE('',*,*,#2770,.F.);
#2770 = EDGE_CURVE('',#2771,#2773,#2775,.T.);
#2771 = VERTEX_POINT('',#2772);
#2772 = CARTESIAN_POINT('',(50.,3.,1.5));
#2773 = VERTEX_POINT('',#2774);
#2774 = CARTESIAN_POINT('',(50.,3.8,1.5));
#2775 = LINE('',#2776,#2777);
#2776 = CARTESIAN_POINT('',(50.,3.,1.5));
#2777 = VECTOR('',#2778,1.);
#2778 = DIRECTION('',(-0.,1.,0.));
#2779 = ORIENTED_EDGE('',*,*,#2780,.F.);
#2780 = EDGE_CURVE('',#2781,#2771,#2783,.T.);
#2781 = VERTEX_POINT('',#2782);
#2782 = CARTESIAN_POINT('',(50.,3.,0.24));
#2783 = LINE('',#2784,#2785);
#2784 = CARTESIAN_POINT('',(50.,3.,0.));
#2785 = VECTOR('',#2786,1.);
#2786 = DIRECTION('',(0.,0.,1.));
#2787 = ORIENTED_EDGE('',*,*,#2788,.F.);
#2788 = EDGE_CURVE('',#2436,#2781,#2789,.T.);
#2789 = LINE('',#2790,#2791);
#2790 = CARTESIAN_POINT('',(50.,3.055,0.185));
#2791 = VECTOR('',#2792,1.);
#2792 = DIRECTION('',(0.,-0.707106781187,0.707106781187));
#2793 = ORIENTED_EDGE('',*,*,#2443,.T.);
#2794 = ORIENTED_EDGE('',*,*,#2795,.T.);
#2795 = EDGE_CURVE('',#2444,#2773,#2796,.T.);
#2796 = LINE('',#2797,#2798);
#2797 = CARTESIAN_POINT('',(50.,3.8,-0.5));
#2798 = VECTOR('',#2799,1.);
#2799 = DIRECTION('',(0.,0.,1.));
#2800 = PLANE('',#2801);
#2801 = AXIS2_PLACEMENT_3D('',#2802,#2803,#2804);
#2802 = CARTESIAN_POINT('',(50.,3.,0.));
#2803 = DIRECTION('',(1.,0.,-0.));
#2804 = DIRECTION('',(0.,0.,1.));
#2805 = ADVANCED_FACE('',(#2806),#2824,.F.);
#2806 = FACE_BOUND('',#2807,.F.);
#2807 = EDGE_LOOP('',(#2808,#2816,#2822,#2823));
#2808 = ORIENTED_EDGE('',*,*,#2809,.F.);
#2809 = EDGE_CURVE('',#2810,#2428,#2812,.T.);
#2810 = VERTEX_POINT('',#2811);
#2811 = CARTESIAN_POINT('',(37.8,3.,0.24));
#2812 = LINE('',#2813,#2814);
#2813 = CARTESIAN_POINT('',(37.8,2.99,0.25));
#2814 = VECTOR('',#2815,1.);
#2815 = DIRECTION('',(0.,0.707106781187,-0.707106781187));
#2816 = ORIENTED_EDGE('',*,*,#2817,.T.);
#2817 = EDGE_CURVE('',#2810,#2781,#2818,.T.);
#2818 = LINE('',#2819,#2820);
#2819 = CARTESIAN_POINT('',(33.9,3.,0.24));
#2820 = VECTOR('',#2821,1.);
#2821 = DIRECTION('',(1.,0.,0.));
#2822 = ORIENTED_EDGE('',*,*,#2788,.F.);
#2823 = ORIENTED_EDGE('',*,*,#2435,.T.);
#2824 = PLANE('',#2825);
#2825 = AXIS2_PLACEMENT_3D('',#2826,#2827,#2828);
#2826 = CARTESIAN_POINT('',(37.8,2.99,0.25));
#2827 = DIRECTION('',(-0.,0.707106781187,0.707106781187));
#2828 = DIRECTION('',(0.,0.707106781187,-0.707106781187));
#2829 = ADVANCED_FACE('',(#2830),#2840,.F.);
#2830 = FACE_BOUND('',#2831,.F.);
#2831 = EDGE_LOOP('',(#2832,#2833,#2834));
#2832 = ORIENTED_EDGE('',*,*,#2809,.T.);
#2833 = ORIENTED_EDGE('',*,*,#2427,.T.);
#2834 = ORIENTED_EDGE('',*,*,#2835,.T.);
#2835 = EDGE_CURVE('',#2420,#2810,#2836,.T.);
#2836 = LINE('',#2837,#2838);
#2837 = CARTESIAN_POINT('',(37.8,3.,4.096194077713E-02));
#2838 = VECTOR('',#2839,1.);
#2839 = DIRECTION('',(0.,-0.,1.));
#2840 = PLANE('',#2841);
#2841 = AXIS2_PLACEMENT_3D('',#2842,#2843,#2844);
#2842 = CARTESIAN_POINT('',(37.8,3.081923881554,8.192388155425E-02));
#2843 = DIRECTION('',(-1.,-0.,-0.));
#2844 = DIRECTION('',(0.,0.,-1.));
#2845 = ADVANCED_FACE('',(#2846),#2871,.T.);
#2846 = FACE_BOUND('',#2847,.T.);
#2847 = EDGE_LOOP('',(#2848,#2856,#2857,#2865));
#2848 = ORIENTED_EDGE('',*,*,#2849,.F.);
#2849 = EDGE_CURVE('',#2469,#2850,#2852,.T.);
#2850 = VERTEX_POINT('',#2851);
#2851 = CARTESIAN_POINT('',(44.6,8.6,4.3));
#2852 = LINE('',#2853,#2854);
#2853 = CARTESIAN_POINT('',(44.6,8.6,-1.));
#2854 = VECTOR('',#2855,1.);
#2855 = DIRECTION('',(0.,0.,1.));
#2856 = ORIENTED_EDGE('',*,*,#2468,.T.);
#2857 = ORIENTED_EDGE('',*,*,#2858,.T.);
#2858 = EDGE_CURVE('',#2471,#2859,#2861,.T.);
#2859 = VERTEX_POINT('',#2860);
#2860 = CARTESIAN_POINT('',(35.4,8.6,4.3));
#2861 = LINE('',#2862,#2863);
#2862 = CARTESIAN_POINT('',(35.4,8.6,-1.));
#2863 = VECTOR('',#2864,1.);
#2864 = DIRECTION('',(0.,0.,1.));
#2865 = ORIENTED_EDGE('',*,*,#2866,.T.);
#2866 = EDGE_CURVE('',#2859,#2850,#2867,.T.);
#2867 = LINE('',#2868,#2869);
#2868 = CARTESIAN_POINT('',(35.4,8.6,4.3));
#2869 = VECTOR('',#2870,1.);
#2870 = DIRECTION('',(1.,0.,-0.));
#2871 = PLANE('',#2872);
#2872 = AXIS2_PLACEMENT_3D('',#2873,#2874,#2875);
#2873 = CARTESIAN_POINT('',(35.4,8.6,-1.));
#2874 = DIRECTION('',(-0.,1.,0.));
#2875 = DIRECTION('',(0.,0.,1.));
#2876 = ADVANCED_FACE('',(#2877),#2895,.F.);
#2877 = FACE_BOUND('',#2878,.F.);
#2878 = EDGE_LOOP('',(#2879,#2880,#2881,#2889));
#2879 = ORIENTED_EDGE('',*,*,#2849,.F.);
#2880 = ORIENTED_EDGE('',*,*,#2494,.T.);
#2881 = ORIENTED_EDGE('',*,*,#2882,.T.);
#2882 = EDGE_CURVE('',#2487,#2883,#2885,.T.);
#2883 = VERTEX_POINT('',#2884);
#2884 = CARTESIAN_POINT('',(44.6,15.4,4.3));
#2885 = LINE('',#2886,#2887);
#2886 = CARTESIAN_POINT('',(44.6,15.4,-1.));
#2887 = VECTOR('',#2888,1.);
#2888 = DIRECTION('',(0.,0.,1.));
#2889 = ORIENTED_EDGE('',*,*,#2890,.F.);
#2890 = EDGE_CURVE('',#2850,#2883,#2891,.T.);
#2891 = LINE('',#2892,#2893);
#2892 = CARTESIAN_POINT('',(44.6,8.6,4.3));
#2893 = VECTOR('',#2894,1.);
#2894 = DIRECTION('',(-0.,1.,0.));
#2895 = PLANE('',#2896);
#2896 = AXIS2_PLACEMENT_3D('',#2897,#2898,#2899);
#2897 = CARTESIAN_POINT('',(44.6,8.6,-1.));
#2898 = DIRECTION('',(1.,0.,-0.));
#2899 = DIRECTION('',(0.,0.,1.));
#2900 = ADVANCED_FACE('',(#2901),#2919,.T.);
#2901 = FACE_BOUND('',#2902,.T.);
#2902 = EDGE_LOOP('',(#2903,#2904,#2905,#2913));
#2903 = ORIENTED_EDGE('',*,*,#2858,.F.);
#2904 = ORIENTED_EDGE('',*,*,#2478,.T.);
#2905 = ORIENTED_EDGE('',*,*,#2906,.T.);
#2906 = EDGE_CURVE('',#2479,#2907,#2909,.T.);
#2907 = VERTEX_POINT('',#2908);
#2908 = CARTESIAN_POINT('',(35.4,15.4,4.3));
#2909 = LINE('',#2910,#2911);
#2910 = CARTESIAN_POINT('',(35.4,15.4,-1.));
#2911 = VECTOR('',#2912,1.);
#2912 = DIRECTION('',(0.,0.,1.));
#2913 = ORIENTED_EDGE('',*,*,#2914,.F.);
#2914 = EDGE_CURVE('',#2859,#2907,#2915,.T.);
#2915 = LINE('',#2916,#2917);
#2916 = CARTESIAN_POINT('',(35.4,8.6,4.3));
#2917 = VECTOR('',#2918,1.);
#2918 = DIRECTION('',(-0.,1.,0.));
#2919 = PLANE('',#2920);
#2920 = AXIS2_PLACEMENT_3D('',#2921,#2922,#2923);
#2921 = CARTESIAN_POINT('',(35.4,8.6,-1.));
#2922 = DIRECTION('',(1.,0.,-0.));
#2923 = DIRECTION('',(0.,0.,1.));
#2924 = ADVANCED_FACE('',(#2925),#2936,.F.);
#2925 = FACE_BOUND('',#2926,.F.);
#2926 = EDGE_LOOP('',(#2927,#2928,#2929,#2930));
#2927 = ORIENTED_EDGE('',*,*,#2882,.F.);
#2928 = ORIENTED_EDGE('',*,*,#2486,.T.);
#2929 = ORIENTED_EDGE('',*,*,#2906,.T.);
#2930 = ORIENTED_EDGE('',*,*,#2931,.T.);
#2931 = EDGE_CURVE('',#2907,#2883,#2932,.T.);
#2932 = LINE('',#2933,#2934);
#2933 = CARTESIAN_POINT('',(35.4,15.4,4.3));
#2934 = VECTOR('',#2935,1.);
#2935 = DIRECTION('',(1.,0.,-0.));
#2936 = PLANE('',#2937);
#2937 = AXIS2_PLACEMENT_3D('',#2938,#2939,#2940);
#2938 = CARTESIAN_POINT('',(35.4,15.4,-1.));
#2939 = DIRECTION('',(-0.,1.,0.));
#2940 = DIRECTION('',(0.,0.,1.));
#2941 = ADVANCED_FACE('',(#2942),#2967,.T.);
#2942 = FACE_BOUND('',#2943,.T.);
#2943 = EDGE_LOOP('',(#2944,#2952,#2953,#2961));
#2944 = ORIENTED_EDGE('',*,*,#2945,.F.);
#2945 = EDGE_CURVE('',#2503,#2946,#2948,.T.);
#2946 = VERTEX_POINT('',#2947);
#2947 = CARTESIAN_POINT('',(35.3,16.,0.5));
#2948 = LINE('',#2949,#2950);
#2949 = CARTESIAN_POINT('',(35.3,16.,-1.));
#2950 = VECTOR('',#2951,1.);
#2951 = DIRECTION('',(0.,0.,1.));
#2952 = ORIENTED_EDGE('',*,*,#2502,.T.);
#2953 = ORIENTED_EDGE('',*,*,#2954,.T.);
#2954 = EDGE_CURVE('',#2505,#2955,#2957,.T.);
#2955 = VERTEX_POINT('',#2956);
#2956 = CARTESIAN_POINT('',(30.3,16.,0.5));
#2957 = LINE('',#2958,#2959);
#2958 = CARTESIAN_POINT('',(30.3,16.,-1.));
#2959 = VECTOR('',#2960,1.);
#2960 = DIRECTION('',(0.,0.,1.));
#2961 = ORIENTED_EDGE('',*,*,#2962,.T.);
#2962 = EDGE_CURVE('',#2955,#2946,#2963,.T.);
#2963 = LINE('',#2964,#2965);
#2964 = CARTESIAN_POINT('',(30.3,16.,0.5));
#2965 = VECTOR('',#2966,1.);
#2966 = DIRECTION('',(1.,0.,-0.));
#2967 = PLANE('',#2968);
#2968 = AXIS2_PLACEMENT_3D('',#2969,#2970,#2971);
#2969 = CARTESIAN_POINT('',(30.3,16.,-1.));
#2970 = DIRECTION('',(-0.,1.,0.));
#2971 = DIRECTION('',(0.,0.,1.));
#2972 = ADVANCED_FACE('',(#2973),#2991,.F.);
#2973 = FACE_BOUND('',#2974,.F.);
#2974 = EDGE_LOOP('',(#2975,#2976,#2977,#2985));
#2975 = ORIENTED_EDGE('',*,*,#2945,.F.);
#2976 = ORIENTED_EDGE('',*,*,#2528,.T.);
#2977 = ORIENTED_EDGE('',*,*,#2978,.T.);
#2978 = EDGE_CURVE('',#2521,#2979,#2981,.T.);
#2979 = VERTEX_POINT('',#2980);
#2980 = CARTESIAN_POINT('',(35.3,19.,0.5));
#2981 = LINE('',#2982,#2983);
#2982 = CARTESIAN_POINT('',(35.3,19.,-1.));
#2983 = VECTOR('',#2984,1.);
#2984 = DIRECTION('',(0.,0.,1.));
#2985 = ORIENTED_EDGE('',*,*,#2986,.F.);
#2986 = EDGE_CURVE('',#2946,#2979,#2987,.T.);
#2987 = LINE('',#2988,#2989);
#2988 = CARTESIAN_POINT('',(35.3,16.,0.5));
#2989 = VECTOR('',#2990,1.);
#2990 = DIRECTION('',(-0.,1.,0.));
#2991 = PLANE('',#2992);
#2992 = AXIS2_PLACEMENT_3D('',#2993,#2994,#2995);
#2993 = CARTESIAN_POINT('',(35.3,16.,-1.));
#2994 = DIRECTION('',(1.,0.,-0.));
#2995 = DIRECTION('',(0.,0.,1.));
#2996 = ADVANCED_FACE('',(#2997),#3015,.F.);
#2997 = FACE_BOUND('',#2998,.F.);
#2998 = EDGE_LOOP('',(#2999,#3000,#3001,#3009));
#2999 = ORIENTED_EDGE('',*,*,#2978,.F.);
#3000 = ORIENTED_EDGE('',*,*,#2520,.T.);
#3001 = ORIENTED_EDGE('',*,*,#3002,.T.);
#3002 = EDGE_CURVE('',#2513,#3003,#3005,.T.);
#3003 = VERTEX_POINT('',#3004);
#3004 = CARTESIAN_POINT('',(30.3,19.,0.5));
#3005 = LINE('',#3006,#3007);
#3006 = CARTESIAN_POINT('',(30.3,19.,-1.));
#3007 = VECTOR('',#3008,1.);
#3008 = DIRECTION('',(0.,0.,1.));
#3009 = ORIENTED_EDGE('',*,*,#3010,.T.);
#3010 = EDGE_CURVE('',#3003,#2979,#3011,.T.);
#3011 = LINE('',#3012,#3013);
#3012 = CARTESIAN_POINT('',(30.3,19.,0.5));
#3013 = VECTOR('',#3014,1.);
#3014 = DIRECTION('',(1.,0.,-0.));
#3015 = PLANE('',#3016);
#3016 = AXIS2_PLACEMENT_3D('',#3017,#3018,#3019);
#3017 = CARTESIAN_POINT('',(30.3,19.,-1.));
#3018 = DIRECTION('',(-0.,1.,0.));
#3019 = DIRECTION('',(0.,0.,1.));
#3020 = ADVANCED_FACE('',(#3021),#3032,.T.);
#3021 = FACE_BOUND('',#3022,.T.);
#3022 = EDGE_LOOP('',(#3023,#3024,#3025,#3026));
#3023 = ORIENTED_EDGE('',*,*,#2954,.F.);
#3024 = ORIENTED_EDGE('',*,*,#2512,.T.);
#3025 = ORIENTED_EDGE('',*,*,#3002,.T.);
#3026 = ORIENTED_EDGE('',*,*,#3027,.F.);
#3027 = EDGE_CURVE('',#2955,#3003,#3028,.T.);
#3028 = LINE('',#3029,#3030);
#3029 = CARTESIAN_POINT('',(30.3,16.,0.5));
#3030 = VECTOR('',#3031,1.);
#3031 = DIRECTION('',(-0.,1.,0.));
#3032 = PLANE('',#3033);
#3033 = AXIS2_PLACEMENT_3D('',#3034,#3035,#3036);
#3034 = CARTESIAN_POINT('',(30.3,16.,-1.));
#3035 = DIRECTION('',(1.,0.,-0.));
#3036 = DIRECTION('',(0.,0.,1.));
#3037 = ADVANCED_FACE('',(#3038),#3063,.T.);
#3038 = FACE_BOUND('',#3039,.T.);
#3039 = EDGE_LOOP('',(#3040,#3048,#3056,#3062));
#3040 = ORIENTED_EDGE('',*,*,#3041,.T.);
#3041 = EDGE_CURVE('',#2773,#3042,#3044,.T.);
#3042 = VERTEX_POINT('',#3043);
#3043 = CARTESIAN_POINT('',(49.5,3.8,1.5));
#3044 = LINE('',#3045,#3046);
#3045 = CARTESIAN_POINT('',(34.225,3.8,1.5));
#3046 = VECTOR('',#3047,1.);
#3047 = DIRECTION('',(-1.,-0.,0.));
#3048 = ORIENTED_EDGE('',*,*,#3049,.F.);
#3049 = EDGE_CURVE('',#3050,#3042,#3052,.T.);
#3050 = VERTEX_POINT('',#3051);
#3051 = CARTESIAN_POINT('',(49.5,3.,1.5));
#3052 = LINE('',#3053,#3054);
#3053 = CARTESIAN_POINT('',(49.5,3.,1.5));
#3054 = VECTOR('',#3055,1.);
#3055 = DIRECTION('',(-0.,1.,0.));
#3056 = ORIENTED_EDGE('',*,*,#3057,.T.);
#3057 = EDGE_CURVE('',#3050,#2771,#3058,.T.);
#3058 = LINE('',#3059,#3060);
#3059 = CARTESIAN_POINT('',(30.,3.,1.5));
#3060 = VECTOR('',#3061,1.);
#3061 = DIRECTION('',(1.,0.,-0.));
#3062 = ORIENTED_EDGE('',*,*,#2770,.T.);
#3063 = PLANE('',#3064);
#3064 = AXIS2_PLACEMENT_3D('',#3065,#3066,#3067);
#3065 = CARTESIAN_POINT('',(30.,3.,1.5));
#3066 = DIRECTION('',(0.,0.,1.));
#3067 = DIRECTION('',(1.,0.,-0.));
#3068 = ADVANCED_FACE('',(#3069,#3085),#3091,.F.);
#3069 = FACE_BOUND('',#3070,.F.);
#3070 = EDGE_LOOP('',(#3071,#3072,#3078,#3079));
#3071 = ORIENTED_EDGE('',*,*,#2542,.F.);
#3072 = ORIENTED_EDGE('',*,*,#3073,.T.);
#3073 = EDGE_CURVE('',#2543,#2574,#3074,.T.);
#3074 = LINE('',#3075,#3076);
#3075 = CARTESIAN_POINT('',(30.,5.6,4.29));
#3076 = VECTOR('',#3077,1.);
#3077 = DIRECTION('',(1.,0.,-0.));
#3078 = ORIENTED_EDGE('',*,*,#2573,.T.);
#3079 = ORIENTED_EDGE('',*,*,#3080,.F.);
#3080 = EDGE_CURVE('',#2545,#2576,#3081,.T.);
#3081 = LINE('',#3082,#3083);
#3082 = CARTESIAN_POINT('',(30.,18.4,4.29));
#3083 = VECTOR('',#3084,1.);
#3084 = DIRECTION('',(1.,0.,-0.));
#3085 = FACE_BOUND('',#3086,.F.);
#3086 = EDGE_LOOP('',(#3087,#3088,#3089,#3090));
#3087 = ORIENTED_EDGE('',*,*,#2691,.F.);
#3088 = ORIENTED_EDGE('',*,*,#2739,.F.);
#3089 = ORIENTED_EDGE('',*,*,#2756,.T.);
#3090 = ORIENTED_EDGE('',*,*,#2715,.T.);
#3091 = PLANE('',#3092);
#3092 = AXIS2_PLACEMENT_3D('',#3093,#3094,#3095);
#3093 = CARTESIAN_POINT('',(30.,5.6,4.29));
#3094 = DIRECTION('',(0.,0.,1.));
#3095 = DIRECTION('',(1.,0.,-0.));
#3096 = ADVANCED_FACE('',(#3097),#3122,.T.);
#3097 = FACE_BOUND('',#3098,.T.);
#3098 = EDGE_LOOP('',(#3099,#3100,#3108,#3116));
#3099 = ORIENTED_EDGE('',*,*,#2660,.F.);
#3100 = ORIENTED_EDGE('',*,*,#3101,.T.);
#3101 = EDGE_CURVE('',#2644,#3102,#3104,.T.);
#3102 = VERTEX_POINT('',#3103);
#3103 = CARTESIAN_POINT('',(49.5,3.,3.));
#3104 = LINE('',#3105,#3106);
#3105 = CARTESIAN_POINT('',(36.8,3.,3.));
#3106 = VECTOR('',#3107,1.);
#3107 = DIRECTION('',(1.,0.,-0.));
#3108 = ORIENTED_EDGE('',*,*,#3109,.T.);
#3109 = EDGE_CURVE('',#3102,#3110,#3112,.T.);
#3110 = VERTEX_POINT('',#3111);
#3111 = CARTESIAN_POINT('',(49.5,3.8,3.));
#3112 = LINE('',#3113,#3114);
#3113 = CARTESIAN_POINT('',(49.5,3.,3.));
#3114 = VECTOR('',#3115,1.);
#3115 = DIRECTION('',(-0.,1.,0.));
#3116 = ORIENTED_EDGE('',*,*,#3117,.F.);
#3117 = EDGE_CURVE('',#2653,#3110,#3118,.T.);
#3118 = LINE('',#3119,#3120);
#3119 = CARTESIAN_POINT('',(36.8,3.8,3.));
#3120 = VECTOR('',#3121,1.);
#3121 = DIRECTION('',(1.,0.,-0.));
#3122 = PLANE('',#3123);
#3123 = AXIS2_PLACEMENT_3D('',#3124,#3125,#3126);
#3124 = CARTESIAN_POINT('',(36.8,3.,3.));
#3125 = DIRECTION('',(0.,0.,1.));
#3126 = DIRECTION('',(1.,0.,-0.));
#3127 = ADVANCED_FACE('',(#3128,#3134),#3168,.F.);
#3128 = FACE_BOUND('',#3129,.F.);
#3129 = EDGE_LOOP('',(#3130,#3131,#3132,#3133));
#3130 = ORIENTED_EDGE('',*,*,#2914,.F.);
#3131 = ORIENTED_EDGE('',*,*,#2866,.T.);
#3132 = ORIENTED_EDGE('',*,*,#2890,.T.);
#3133 = ORIENTED_EDGE('',*,*,#2931,.F.);
#3134 = FACE_BOUND('',#3135,.F.);
#3135 = EDGE_LOOP('',(#3136,#3146,#3154,#3162));
#3136 = ORIENTED_EDGE('',*,*,#3137,.T.);
#3137 = EDGE_CURVE('',#3138,#3140,#3142,.T.);
#3138 = VERTEX_POINT('',#3139);
#3139 = CARTESIAN_POINT('',(38.8,8.7,4.3));
#3140 = VERTEX_POINT('',#3141);
#3141 = CARTESIAN_POINT('',(37.2,8.7,4.3));
#3142 = LINE('',#3143,#3144);
#3143 = CARTESIAN_POINT('',(36.3,8.7,4.3));
#3144 = VECTOR('',#3145,1.);
#3145 = DIRECTION('',(-1.,-0.,0.));
#3146 = ORIENTED_EDGE('',*,*,#3147,.T.);
#3147 = EDGE_CURVE('',#3140,#3148,#3150,.T.);
#3148 = VERTEX_POINT('',#3149);
#3149 = CARTESIAN_POINT('',(37.2,11.3,4.3));
#3150 = LINE('',#3151,#3152);
#3151 = CARTESIAN_POINT('',(37.2,8.65,4.3));
#3152 = VECTOR('',#3153,1.);
#3153 = DIRECTION('',(-0.,1.,0.));
#3154 = ORIENTED_EDGE('',*,*,#3155,.F.);
#3155 = EDGE_CURVE('',#3156,#3148,#3158,.T.);
#3156 = VERTEX_POINT('',#3157);
#3157 = CARTESIAN_POINT('',(38.8,11.3,4.3));
#3158 = LINE('',#3159,#3160);
#3159 = CARTESIAN_POINT('',(36.3,11.3,4.3));
#3160 = VECTOR('',#3161,1.);
#3161 = DIRECTION('',(-1.,-0.,0.));
#3162 = ORIENTED_EDGE('',*,*,#3163,.F.);
#3163 = EDGE_CURVE('',#3138,#3156,#3164,.T.);
#3164 = LINE('',#3165,#3166);
#3165 = CARTESIAN_POINT('',(38.8,8.65,4.3));
#3166 = VECTOR('',#3167,1.);
#3167 = DIRECTION('',(-0.,1.,0.));
#3168 = PLANE('',#3169);
#3169 = AXIS2_PLACEMENT_3D('',#3170,#3171,#3172);
#3170 = CARTESIAN_POINT('',(35.4,8.6,4.3));
#3171 = DIRECTION('',(0.,0.,1.));
#3172 = DIRECTION('',(1.,0.,-0.));
#3173 = ADVANCED_FACE('',(#3174),#3180,.F.);
#3174 = FACE_BOUND('',#3175,.F.);
#3175 = EDGE_LOOP('',(#3176,#3177,#3178,#3179));
#3176 = ORIENTED_EDGE('',*,*,#3027,.F.);
#3177 = ORIENTED_EDGE('',*,*,#2962,.T.);
#3178 = ORIENTED_EDGE('',*,*,#2986,.T.);
#3179 = ORIENTED_EDGE('',*,*,#3010,.F.);
#3180 = PLANE('',#3181);
#3181 = AXIS2_PLACEMENT_3D('',#3182,#3183,#3184);
#3182 = CARTESIAN_POINT('',(30.3,16.,0.5));
#3183 = DIRECTION('',(0.,0.,1.));
#3184 = DIRECTION('',(1.,0.,-0.));
#3185 = ADVANCED_FACE('',(#3186),#3202,.T.);
#3186 = FACE_BOUND('',#3187,.T.);
#3187 = EDGE_LOOP('',(#3188,#3194,#3195,#3201));
#3188 = ORIENTED_EDGE('',*,*,#3189,.F.);
#3189 = EDGE_CURVE('',#3050,#3102,#3190,.T.);
#3190 = LINE('',#3191,#3192);
#3191 = CARTESIAN_POINT('',(49.5,3.,1.49));
#3192 = VECTOR('',#3193,1.);
#3193 = DIRECTION('',(0.,0.,1.));
#3194 = ORIENTED_EDGE('',*,*,#3049,.T.);
#3195 = ORIENTED_EDGE('',*,*,#3196,.T.);
#3196 = EDGE_CURVE('',#3042,#3110,#3197,.T.);
#3197 = LINE('',#3198,#3199);
#3198 = CARTESIAN_POINT('',(49.5,3.8,1.49));
#3199 = VECTOR('',#3200,1.);
#3200 = DIRECTION('',(0.,0.,1.));
#3201 = ORIENTED_EDGE('',*,*,#3109,.F.);
#3202 = PLANE('',#3203);
#3203 = AXIS2_PLACEMENT_3D('',#3204,#3205,#3206);
#3204 = CARTESIAN_POINT('',(49.5,3.,1.49));
#3205 = DIRECTION('',(1.,0.,-0.));
#3206 = DIRECTION('',(0.,0.,1.));
#3207 = ADVANCED_FACE('',(#3208),#3233,.T.);
#3208 = FACE_BOUND('',#3209,.T.);
#3209 = EDGE_LOOP('',(#3210,#3218,#3219,#3227));
#3210 = ORIENTED_EDGE('',*,*,#3211,.F.);
#3211 = EDGE_CURVE('',#3138,#3212,#3214,.T.);
#3212 = VERTEX_POINT('',#3213);
#3213 = CARTESIAN_POINT('',(38.8,8.7,5.5));
#3214 = LINE('',#3215,#3216);
#3215 = CARTESIAN_POINT('',(38.8,8.7,4.29));
#3216 = VECTOR('',#3217,1.);
#3217 = DIRECTION('',(0.,0.,1.));
#3218 = ORIENTED_EDGE('',*,*,#3137,.T.);
#3219 = ORIENTED_EDGE('',*,*,#3220,.T.);
#3220 = EDGE_CURVE('',#3140,#3221,#3223,.T.);
#3221 = VERTEX_POINT('',#3222);
#3222 = CARTESIAN_POINT('',(37.2,8.7,5.5));
#3223 = LINE('',#3224,#3225);
#3224 = CARTESIAN_POINT('',(37.2,8.7,4.29));
#3225 = VECTOR('',#3226,1.);
#3226 = DIRECTION('',(0.,0.,1.));
#3227 = ORIENTED_EDGE('',*,*,#3228,.F.);
#3228 = EDGE_CURVE('',#3212,#3221,#3229,.T.);
#3229 = LINE('',#3230,#3231);
#3230 = CARTESIAN_POINT('',(33.6,8.7,5.5));
#3231 = VECTOR('',#3232,1.);
#3232 = DIRECTION('',(-1.,-0.,0.));
#3233 = PLANE('',#3234);
#3234 = AXIS2_PLACEMENT_3D('',#3235,#3236,#3237);
#3235 = CARTESIAN_POINT('',(37.2,8.7,4.29));
#3236 = DIRECTION('',(-0.,1.,0.));
#3237 = DIRECTION('',(0.,0.,1.));
#3238 = ADVANCED_FACE('',(#3239),#3257,.F.);
#3239 = FACE_BOUND('',#3240,.F.);
#3240 = EDGE_LOOP('',(#3241,#3242,#3243,#3251));
#3241 = ORIENTED_EDGE('',*,*,#3211,.F.);
#3242 = ORIENTED_EDGE('',*,*,#3163,.T.);
#3243 = ORIENTED_EDGE('',*,*,#3244,.T.);
#3244 = EDGE_CURVE('',#3156,#3245,#3247,.T.);
#3245 = VERTEX_POINT('',#3246);
#3246 = CARTESIAN_POINT('',(38.8,11.3,5.5));
#3247 = LINE('',#3248,#3249);
#3248 = CARTESIAN_POINT('',(38.8,11.3,4.29));
#3249 = VECTOR('',#3250,1.);
#3250 = DIRECTION('',(0.,0.,1.));
#3251 = ORIENTED_EDGE('',*,*,#3252,.F.);
#3252 = EDGE_CURVE('',#3212,#3245,#3253,.T.);
#3253 = LINE('',#3254,#3255);
#3254 = CARTESIAN_POINT('',(38.8,7.15,5.5));
#3255 = VECTOR('',#3256,1.);
#3256 = DIRECTION('',(-0.,1.,0.));
#3257 = PLANE('',#3258);
#3258 = AXIS2_PLACEMENT_3D('',#3259,#3260,#3261);
#3259 = CARTESIAN_POINT('',(38.8,8.7,4.29));
#3260 = DIRECTION('',(1.,0.,-0.));
#3261 = DIRECTION('',(0.,0.,1.));
#3262 = ADVANCED_FACE('',(#3263),#3281,.F.);
#3263 = FACE_BOUND('',#3264,.F.);
#3264 = EDGE_LOOP('',(#3265,#3266,#3267,#3275));
#3265 = ORIENTED_EDGE('',*,*,#3244,.F.);
#3266 = ORIENTED_EDGE('',*,*,#3155,.T.);
#3267 = ORIENTED_EDGE('',*,*,#3268,.T.);
#3268 = EDGE_CURVE('',#3148,#3269,#3271,.T.);
#3269 = VERTEX_POINT('',#3270);
#3270 = CARTESIAN_POINT('',(37.2,11.3,5.5));
#3271 = LINE('',#3272,#3273);
#3272 = CARTESIAN_POINT('',(37.2,11.3,4.29));
#3273 = VECTOR('',#3274,1.);
#3274 = DIRECTION('',(0.,0.,1.));
#3275 = ORIENTED_EDGE('',*,*,#3276,.F.);
#3276 = EDGE_CURVE('',#3245,#3269,#3277,.T.);
#3277 = LINE('',#3278,#3279);
#3278 = CARTESIAN_POINT('',(33.6,11.3,5.5));
#3279 = VECTOR('',#3280,1.);
#3280 = DIRECTION('',(-1.,-0.,0.));
#3281 = PLANE('',#3282);
#3282 = AXIS2_PLACEMENT_3D('',#3283,#3284,#3285);
#3283 = CARTESIAN_POINT('',(37.2,11.3,4.29));
#3284 = DIRECTION('',(-0.,1.,0.));
#3285 = DIRECTION('',(0.,0.,1.));
#3286 = ADVANCED_FACE('',(#3287),#3298,.T.);
#3287 = FACE_BOUND('',#3288,.T.);
#3288 = EDGE_LOOP('',(#3289,#3290,#3291,#3292));
#3289 = ORIENTED_EDGE('',*,*,#3220,.F.);
#3290 = ORIENTED_EDGE('',*,*,#3147,.T.);
#3291 = ORIENTED_EDGE('',*,*,#3268,.T.);
#3292 = ORIENTED_EDGE('',*,*,#3293,.F.);
#3293 = EDGE_CURVE('',#3221,#3269,#3294,.T.);
#3294 = LINE('',#3295,#3296);
#3295 = CARTESIAN_POINT('',(37.2,7.15,5.5));
#3296 = VECTOR('',#3297,1.);
#3297 = DIRECTION('',(-0.,1.,0.));
#3298 = PLANE('',#3299);
#3299 = AXIS2_PLACEMENT_3D('',#3300,#3301,#3302);
#3300 = CARTESIAN_POINT('',(37.2,8.7,4.29));
#3301 = DIRECTION('',(1.,0.,-0.));
#3302 = DIRECTION('',(0.,0.,1.));
#3303 = ADVANCED_FACE('',(#3304,#3338,#3344,#3355),#3366,.T.);
#3304 = FACE_BOUND('',#3305,.T.);
#3305 = EDGE_LOOP('',(#3306,#3316,#3324,#3332));
#3306 = ORIENTED_EDGE('',*,*,#3307,.F.);
#3307 = EDGE_CURVE('',#3308,#3310,#3312,.T.);
#3308 = VERTEX_POINT('',#3309);
#3309 = CARTESIAN_POINT('',(30.,5.6,5.5));
#3310 = VERTEX_POINT('',#3311);
#3311 = CARTESIAN_POINT('',(30.,18.4,5.5));
#3312 = LINE('',#3313,#3314);
#3313 = CARTESIAN_POINT('',(30.,5.6,5.5));
#3314 = VECTOR('',#3315,1.);
#3315 = DIRECTION('',(-0.,1.,0.));
#3316 = ORIENTED_EDGE('',*,*,#3317,.T.);
#3317 = EDGE_CURVE('',#3308,#3318,#3320,.T.);
#3318 = VERTEX_POINT('',#3319);
#3319 = CARTESIAN_POINT('',(50.,5.6,5.5));
#3320 = LINE('',#3321,#3322);
#3321 = CARTESIAN_POINT('',(30.,5.6,5.5));
#3322 = VECTOR('',#3323,1.);
#3323 = DIRECTION('',(1.,0.,-0.));
#3324 = ORIENTED_EDGE('',*,*,#3325,.T.);
#3325 = EDGE_CURVE('',#3318,#3326,#3328,.T.);
#3326 = VERTEX_POINT('',#3327);
#3327 = CARTESIAN_POINT('',(50.,18.4,5.5));
#3328 = LINE('',#3329,#3330);
#3329 = CARTESIAN_POINT('',(50.,5.6,5.5));
#3330 = VECTOR('',#3331,1.);
#3331 = DIRECTION('',(-0.,1.,0.));
#3332 = ORIENTED_EDGE('',*,*,#3333,.F.);
#3333 = EDGE_CURVE('',#3310,#3326,#3334,.T.);
#3334 = LINE('',#3335,#3336);
#3335 = CARTESIAN_POINT('',(30.,18.4,5.5));
#3336 = VECTOR('',#3337,1.);
#3337 = DIRECTION('',(1.,0.,-0.));
#3338 = FACE_BOUND('',#3339,.T.);
#3339 = EDGE_LOOP('',(#3340,#3341,#3342,#3343));
#3340 = ORIENTED_EDGE('',*,*,#3228,.T.);
#3341 = ORIENTED_EDGE('',*,*,#3293,.T.);
#3342 = ORIENTED_EDGE('',*,*,#3276,.F.);
#3343 = ORIENTED_EDGE('',*,*,#3252,.F.);
#3344 = FACE_BOUND('',#3345,.T.);
#3345 = EDGE_LOOP('',(#3346));
#3346 = ORIENTED_EDGE('',*,*,#3347,.F.);
#3347 = EDGE_CURVE('',#3348,#3348,#3350,.T.);
#3348 = VERTEX_POINT('',#3349);
#3349 = CARTESIAN_POINT('',(34.05,15.5,5.5));
#3350 = CIRCLE('',#3351,0.65);
#3351 = AXIS2_PLACEMENT_3D('',#3352,#3353,#3354);
#3352 = CARTESIAN_POINT('',(33.4,15.5,5.5));
#3353 = DIRECTION('',(0.,0.,1.));
#3354 = DIRECTION('',(1.,0.,-0.));
#3355 = FACE_BOUND('',#3356,.T.);
#3356 = EDGE_LOOP('',(#3357));
#3357 = ORIENTED_EDGE('',*,*,#3358,.F.);
#3358 = EDGE_CURVE('',#3359,#3359,#3361,.T.);
#3359 = VERTEX_POINT('',#3360);
#3360 = CARTESIAN_POINT('',(36.25,15.5,5.5));
#3361 = CIRCLE('',#3362,0.65);
#3362 = AXIS2_PLACEMENT_3D('',#3363,#3364,#3365);
#3363 = CARTESIAN_POINT('',(35.6,15.5,5.5));
#3364 = DIRECTION('',(0.,0.,1.));
#3365 = DIRECTION('',(1.,0.,-0.));
#3366 = PLANE('',#3367);
#3367 = AXIS2_PLACEMENT_3D('',#3368,#3369,#3370);
#3368 = CARTESIAN_POINT('',(30.,5.6,5.5));
#3369 = DIRECTION('',(0.,0.,1.));
#3370 = DIRECTION('',(1.,0.,-0.));
#3371 = ADVANCED_FACE('',(#3372),#3391,.F.);
#3372 = FACE_BOUND('',#3373,.F.);
#3373 = EDGE_LOOP('',(#3374,#3375,#3383,#3390));
#3374 = ORIENTED_EDGE('',*,*,#3347,.F.);
#3375 = ORIENTED_EDGE('',*,*,#3376,.F.);
#3376 = EDGE_CURVE('',#3377,#3348,#3379,.T.);
#3377 = VERTEX_POINT('',#3378);
#3378 = CARTESIAN_POINT('',(34.05,15.5,5.1));
#3379 = LINE('',#3380,#3381);
#3380 = CARTESIAN_POINT('',(34.05,15.5,5.1));
#3381 = VECTOR('',#3382,1.);
#3382 = DIRECTION('',(0.,0.,1.));
#3383 = ORIENTED_EDGE('',*,*,#3384,.T.);
#3384 = EDGE_CURVE('',#3377,#3377,#3385,.T.);
#3385 = CIRCLE('',#3386,0.65);
#3386 = AXIS2_PLACEMENT_3D('',#3387,#3388,#3389);
#3387 = CARTESIAN_POINT('',(33.4,15.5,5.1));
#3388 = DIRECTION('',(0.,0.,1.));
#3389 = DIRECTION('',(1.,0.,-0.));
#3390 = ORIENTED_EDGE('',*,*,#3376,.T.);
#3391 = CYLINDRICAL_SURFACE('',#3392,0.65);
#3392 = AXIS2_PLACEMENT_3D('',#3393,#3394,#3395);
#3393 = CARTESIAN_POINT('',(33.4,15.5,5.1));
#3394 = DIRECTION('',(0.,0.,1.));
#3395 = DIRECTION('',(1.,0.,-0.));
#3396 = ADVANCED_FACE('',(#3397),#3416,.F.);
#3397 = FACE_BOUND('',#3398,.F.);
#3398 = EDGE_LOOP('',(#3399,#3400,#3408,#3415));
#3399 = ORIENTED_EDGE('',*,*,#3358,.F.);
#3400 = ORIENTED_EDGE('',*,*,#3401,.F.);
#3401 = EDGE_CURVE('',#3402,#3359,#3404,.T.);
#3402 = VERTEX_POINT('',#3403);
#3403 = CARTESIAN_POINT('',(36.25,15.5,5.1));
#3404 = LINE('',#3405,#3406);
#3405 = CARTESIAN_POINT('',(36.25,15.5,5.1));
#3406 = VECTOR('',#3407,1.);
#3407 = DIRECTION('',(0.,0.,1.));
#3408 = ORIENTED_EDGE('',*,*,#3409,.T.);
#3409 = EDGE_CURVE('',#3402,#3402,#3410,.T.);
#3410 = CIRCLE('',#3411,0.65);
#3411 = AXIS2_PLACEMENT_3D('',#3412,#3413,#3414);
#3412 = CARTESIAN_POINT('',(35.6,15.5,5.1));
#3413 = DIRECTION('',(0.,0.,1.));
#3414 = DIRECTION('',(1.,0.,-0.));
#3415 = ORIENTED_EDGE('',*,*,#3401,.T.);
#3416 = CYLINDRICAL_SURFACE('',#3417,0.65);
#3417 = AXIS2_PLACEMENT_3D('',#3418,#3419,#3420);
#3418 = CARTESIAN_POINT('',(35.6,15.5,5.1));
#3419 = DIRECTION('',(0.,0.,1.));
#3420 = DIRECTION('',(1.,0.,-0.));
#3421 = ADVANCED_FACE('',(#3422),#3425,.T.);
#3422 = FACE_BOUND('',#3423,.F.);
#3423 = EDGE_LOOP('',(#3424));
#3424 = ORIENTED_EDGE('',*,*,#3384,.F.);
#3425 = PLANE('',#3426);
#3426 = AXIS2_PLACEMENT_3D('',#3427,#3428,#3429);
#3427 = CARTESIAN_POINT('',(33.4,15.5,5.1));
#3428 = DIRECTION('',(0.,0.,1.));
#3429 = DIRECTION('',(1.,0.,-0.));
#3430 = ADVANCED_FACE('',(#3431),#3434,.T.);
#3431 = FACE_BOUND('',#3432,.F.);
#3432 = EDGE_LOOP('',(#3433));
#3433 = ORIENTED_EDGE('',*,*,#3409,.F.);
#3434 = PLANE('',#3435);
#3435 = AXIS2_PLACEMENT_3D('',#3436,#3437,#3438);
#3436 = CARTESIAN_POINT('',(35.6,15.5,5.1));
#3437 = DIRECTION('',(0.,0.,1.));
#3438 = DIRECTION('',(1.,0.,-0.));
#3439 = ADVANCED_FACE('',(#3440),#3465,.T.);
#3440 = FACE_BOUND('',#3441,.T.);
#3441 = EDGE_LOOP('',(#3442,#3443,#3449,#3450,#3456,#3457,#3458,#3459));
#3442 = ORIENTED_EDGE('',*,*,#2192,.T.);
#3443 = ORIENTED_EDGE('',*,*,#3444,.T.);
#3444 = EDGE_CURVE('',#2195,#3308,#3445,.T.);
#3445 = LINE('',#3446,#3447);
#3446 = CARTESIAN_POINT('',(30.,5.6,1.49));
#3447 = VECTOR('',#3448,1.);
#3448 = DIRECTION('',(0.,0.,1.));
#3449 = ORIENTED_EDGE('',*,*,#3307,.T.);
#3450 = ORIENTED_EDGE('',*,*,#3451,.F.);
#3451 = EDGE_CURVE('',#2292,#3310,#3452,.T.);
#3452 = LINE('',#3453,#3454);
#3453 = CARTESIAN_POINT('',(30.,18.4,4.29));
#3454 = VECTOR('',#3455,1.);
#3455 = DIRECTION('',(0.,0.,1.));
#3456 = ORIENTED_EDGE('',*,*,#2291,.T.);
#3457 = ORIENTED_EDGE('',*,*,#2373,.F.);
#3458 = ORIENTED_EDGE('',*,*,#2411,.F.);
#3459 = ORIENTED_EDGE('',*,*,#3460,.T.);
#3460 = EDGE_CURVE('',#2412,#2193,#3461,.T.);
#3461 = LINE('',#3462,#3463);
#3462 = CARTESIAN_POINT('',(30.,3.,0.));
#3463 = VECTOR('',#3464,1.);
#3464 = DIRECTION('',(0.,0.,1.));
#3465 = PLANE('',#3466);
#3466 = AXIS2_PLACEMENT_3D('',#3467,#3468,#3469);
#3467 = CARTESIAN_POINT('',(30.,12.,2.307446808511));
#3468 = DIRECTION('',(-1.,-0.,-0.));
#3469 = DIRECTION('',(0.,0.,-1.));
#3470 = ADVANCED_FACE('',(#3471),#3483,.T.);
#3471 = FACE_BOUND('',#3472,.T.);
#3472 = EDGE_LOOP('',(#3473,#3474,#3475,#3476,#3477,#3478,#3479,#3480,
    #3481,#3482));
#3473 = ORIENTED_EDGE('',*,*,#2780,.T.);
#3474 = ORIENTED_EDGE('',*,*,#3057,.F.);
#3475 = ORIENTED_EDGE('',*,*,#3189,.T.);
#3476 = ORIENTED_EDGE('',*,*,#3101,.F.);
#3477 = ORIENTED_EDGE('',*,*,#2643,.F.);
#3478 = ORIENTED_EDGE('',*,*,#2202,.F.);
#3479 = ORIENTED_EDGE('',*,*,#3460,.F.);
#3480 = ORIENTED_EDGE('',*,*,#2419,.T.);
#3481 = ORIENTED_EDGE('',*,*,#2835,.T.);
#3482 = ORIENTED_EDGE('',*,*,#2817,.T.);
#3483 = PLANE('',#3484);
#3484 = AXIS2_PLACEMENT_3D('',#3485,#3486,#3487);
#3485 = CARTESIAN_POINT('',(40.141782608696,3.,1.325608695652));
#3486 = DIRECTION('',(-0.,-1.,-0.));
#3487 = DIRECTION('',(0.,0.,-1.));
#3488 = ADVANCED_FACE('',(#3489),#3504,.T.);
#3489 = FACE_BOUND('',#3490,.T.);
#3490 = EDGE_LOOP('',(#3491,#3492,#3493,#3494,#3495,#3496,#3502,#3503));
#3491 = ORIENTED_EDGE('',*,*,#2315,.F.);
#3492 = ORIENTED_EDGE('',*,*,#2552,.T.);
#3493 = ORIENTED_EDGE('',*,*,#3073,.T.);
#3494 = ORIENTED_EDGE('',*,*,#2583,.F.);
#3495 = ORIENTED_EDGE('',*,*,#2251,.F.);
#3496 = ORIENTED_EDGE('',*,*,#3497,.T.);
#3497 = EDGE_CURVE('',#2244,#3318,#3498,.T.);
#3498 = LINE('',#3499,#3500);
#3499 = CARTESIAN_POINT('',(50.,5.6,1.49));
#3500 = VECTOR('',#3501,1.);
#3501 = DIRECTION('',(0.,0.,1.));
#3502 = ORIENTED_EDGE('',*,*,#3317,.F.);
#3503 = ORIENTED_EDGE('',*,*,#3444,.F.);
#3504 = PLANE('',#3505);
#3505 = AXIS2_PLACEMENT_3D('',#3506,#3507,#3508);
#3506 = CARTESIAN_POINT('',(40.,5.6,4.37428331467));
#3507 = DIRECTION('',(-0.,-1.,-0.));
#3508 = DIRECTION('',(0.,0.,-1.));
#3509 = ADVANCED_FACE('',(#3510),#3525,.T.);
#3510 = FACE_BOUND('',#3511,.T.);
#3511 = EDGE_LOOP('',(#3512,#3513,#3514,#3515,#3521,#3522,#3523,#3524));
#3512 = ORIENTED_EDGE('',*,*,#2299,.T.);
#3513 = ORIENTED_EDGE('',*,*,#3451,.T.);
#3514 = ORIENTED_EDGE('',*,*,#3333,.T.);
#3515 = ORIENTED_EDGE('',*,*,#3516,.F.);
#3516 = EDGE_CURVE('',#2268,#3326,#3517,.T.);
#3517 = LINE('',#3518,#3519);
#3518 = CARTESIAN_POINT('',(50.,18.4,4.29));
#3519 = VECTOR('',#3520,1.);
#3520 = DIRECTION('',(0.,0.,1.));
#3521 = ORIENTED_EDGE('',*,*,#2267,.T.);
#3522 = ORIENTED_EDGE('',*,*,#2590,.T.);
#3523 = ORIENTED_EDGE('',*,*,#3080,.F.);
#3524 = ORIENTED_EDGE('',*,*,#2559,.F.);
#3525 = PLANE('',#3526);
#3526 = AXIS2_PLACEMENT_3D('',#3527,#3528,#3529);
#3527 = CARTESIAN_POINT('',(40.,18.4,4.37428331467));
#3528 = DIRECTION('',(0.,1.,0.));
#3529 = DIRECTION('',(0.,-0.,1.));
#3530 = ADVANCED_FACE('',(#3531),#3541,.T.);
#3531 = FACE_BOUND('',#3532,.T.);
#3532 = EDGE_LOOP('',(#3533,#3534,#3535,#3536,#3537,#3538,#3539,#3540));
#3533 = ORIENTED_EDGE('',*,*,#2243,.F.);
#3534 = ORIENTED_EDGE('',*,*,#2612,.F.);
#3535 = ORIENTED_EDGE('',*,*,#2404,.T.);
#3536 = ORIENTED_EDGE('',*,*,#2380,.T.);
#3537 = ORIENTED_EDGE('',*,*,#2275,.F.);
#3538 = ORIENTED_EDGE('',*,*,#3516,.T.);
#3539 = ORIENTED_EDGE('',*,*,#3325,.F.);
#3540 = ORIENTED_EDGE('',*,*,#3497,.F.);
#3541 = PLANE('',#3542);
#3542 = AXIS2_PLACEMENT_3D('',#3543,#3544,#3545);
#3543 = CARTESIAN_POINT('',(50.,12.853738317757,2.460280373832));
#3544 = DIRECTION('',(1.,0.,0.));
#3545 = DIRECTION('',(-0.,0.,1.));
#3546 = ADVANCED_FACE('',(#3547),#3557,.T.);
#3547 = FACE_BOUND('',#3548,.T.);
#3548 = EDGE_LOOP('',(#3549,#3550,#3551,#3552,#3553,#3554,#3555,#3556));
#3549 = ORIENTED_EDGE('',*,*,#3117,.T.);
#3550 = ORIENTED_EDGE('',*,*,#3196,.F.);
#3551 = ORIENTED_EDGE('',*,*,#3041,.F.);
#3552 = ORIENTED_EDGE('',*,*,#2795,.F.);
#3553 = ORIENTED_EDGE('',*,*,#2451,.T.);
#3554 = ORIENTED_EDGE('',*,*,#2628,.T.);
#3555 = ORIENTED_EDGE('',*,*,#2218,.T.);
#3556 = ORIENTED_EDGE('',*,*,#2652,.T.);
#3557 = PLANE('',#3558);
#3558 = AXIS2_PLACEMENT_3D('',#3559,#3560,#3561);
#3559 = CARTESIAN_POINT('',(43.453240740741,3.8,1.553240740741));
#3560 = DIRECTION('',(0.,1.,0.));
#3561 = DIRECTION('',(0.,-0.,1.));
#3562 = MANIFOLD_SOLID_BREP('',#3563);
#3563 = CLOSED_SHELL('',(#3564,#3620,#3651,#3682,#3729,#3760,#3810,#3841
    ,#3866,#3891,#3916,#3947,#3956,#3965,#3974,#4030,#4061,#4092,#4116,
    #4163,#4175,#4200,#4219,#4238,#4250,#4302,#4341,#4365,#4397,#4419,
    #4431));
#3564 = ADVANCED_FACE('',(#3565),#3615,.T.);
#3565 = FACE_BOUND('',#3566,.T.);
#3566 = EDGE_LOOP('',(#3567,#3577,#3585,#3593,#3601,#3609));
#3567 = ORIENTED_EDGE('',*,*,#3568,.F.);
#3568 = EDGE_CURVE('',#3569,#3571,#3573,.T.);
#3569 = VERTEX_POINT('',#3570);
#3570 = CARTESIAN_POINT('',(50.1,26.1,4.2));
#3571 = VERTEX_POINT('',#3572);
#3572 = CARTESIAN_POINT('',(50.1,26.9,4.2));
#3573 = LINE('',#3574,#3575);
#3574 = CARTESIAN_POINT('',(50.1,26.1,4.2));
#3575 = VECTOR('',#3576,1.);
#3576 = DIRECTION('',(-0.,1.,0.));
#3577 = ORIENTED_EDGE('',*,*,#3578,.T.);
#3578 = EDGE_CURVE('',#3569,#3579,#3581,.T.);
#3579 = VERTEX_POINT('',#3580);
#3580 = CARTESIAN_POINT('',(50.9,26.1,4.2));
#3581 = LINE('',#3582,#3583);
#3582 = CARTESIAN_POINT('',(50.1,26.1,4.2));
#3583 = VECTOR('',#3584,1.);
#3584 = DIRECTION('',(1.,0.,-0.));
#3585 = ORIENTED_EDGE('',*,*,#3586,.T.);
#3586 = EDGE_CURVE('',#3579,#3587,#3589,.T.);
#3587 = VERTEX_POINT('',#3588);
#3588 = CARTESIAN_POINT('',(50.9,45.9,4.2));
#3589 = LINE('',#3590,#3591);
#3590 = CARTESIAN_POINT('',(50.9,26.1,4.2));
#3591 = VECTOR('',#3592,1.);
#3592 = DIRECTION('',(-0.,1.,0.));
#3593 = ORIENTED_EDGE('',*,*,#3594,.F.);
#3594 = EDGE_CURVE('',#3595,#3587,#3597,.T.);
#3595 = VERTEX_POINT('',#3596);
#3596 = CARTESIAN_POINT('',(50.1,45.9,4.2));
#3597 = LINE('',#3598,#3599);
#3598 = CARTESIAN_POINT('',(50.1,45.9,4.2));
#3599 = VECTOR('',#3600,1.);
#3600 = DIRECTION('',(1.,0.,-0.));
#3601 = ORIENTED_EDGE('',*,*,#3602,.F.);
#3602 = EDGE_CURVE('',#3603,#3595,#3605,.T.);
#3603 = VERTEX_POINT('',#3604);
#3604 = CARTESIAN_POINT('',(50.1,45.1,4.2));
#3605 = LINE('',#3606,#3607);
#3606 = CARTESIAN_POINT('',(50.1,26.1,4.2));
#3607 = VECTOR('',#3608,1.);
#3608 = DIRECTION('',(-0.,1.,0.));
#3609 = ORIENTED_EDGE('',*,*,#3610,.F.);
#3610 = EDGE_CURVE('',#3571,#3603,#3611,.T.);
#3611 = LINE('',#3612,#3613);
#3612 = CARTESIAN_POINT('',(50.1,26.1,4.2));
#3613 = VECTOR('',#3614,1.);
#3614 = DIRECTION('',(-0.,1.,0.));
#3615 = PLANE('',#3616);
#3616 = AXIS2_PLACEMENT_3D('',#3617,#3618,#3619);
#3617 = CARTESIAN_POINT('',(50.1,26.1,4.2));
#3618 = DIRECTION('',(0.,0.,1.));
#3619 = DIRECTION('',(1.,0.,-0.));
#3620 = ADVANCED_FACE('',(#3621),#3646,.T.);
#3621 = FACE_BOUND('',#3622,.T.);
#3622 = EDGE_LOOP('',(#3623,#3631,#3632,#3640));
#3623 = ORIENTED_EDGE('',*,*,#3624,.F.);
#3624 = EDGE_CURVE('',#3569,#3625,#3627,.T.);
#3625 = VERTEX_POINT('',#3626);
#3626 = CARTESIAN_POINT('',(50.1,26.1,7.1));
#3627 = LINE('',#3628,#3629);
#3628 = CARTESIAN_POINT('',(50.1,26.1,1.99));
#3629 = VECTOR('',#3630,1.);
#3630 = DIRECTION('',(0.,0.,1.));
#3631 = ORIENTED_EDGE('',*,*,#3568,.T.);
#3632 = ORIENTED_EDGE('',*,*,#3633,.T.);
#3633 = EDGE_CURVE('',#3571,#3634,#3636,.T.);
#3634 = VERTEX_POINT('',#3635);
#3635 = CARTESIAN_POINT('',(50.1,26.9,7.1));
#3636 = LINE('',#3637,#3638);
#3637 = CARTESIAN_POINT('',(50.1,26.9,1.99));
#3638 = VECTOR('',#3639,1.);
#3639 = DIRECTION('',(0.,0.,1.));
#3640 = ORIENTED_EDGE('',*,*,#3641,.F.);
#3641 = EDGE_CURVE('',#3625,#3634,#3642,.T.);
#3642 = LINE('',#3643,#3644);
#3643 = CARTESIAN_POINT('',(50.1,26.1,7.1));
#3644 = VECTOR('',#3645,1.);
#3645 = DIRECTION('',(-0.,1.,0.));
#3646 = PLANE('',#3647);
#3647 = AXIS2_PLACEMENT_3D('',#3648,#3649,#3650);
#3648 = CARTESIAN_POINT('',(50.1,26.1,1.99));
#3649 = DIRECTION('',(1.,0.,-0.));
#3650 = DIRECTION('',(0.,0.,1.));
#3651 = ADVANCED_FACE('',(#3652),#3677,.F.);
#3652 = FACE_BOUND('',#3653,.F.);
#3653 = EDGE_LOOP('',(#3654,#3662,#3670,#3676));
#3654 = ORIENTED_EDGE('',*,*,#3655,.F.);
#3655 = EDGE_CURVE('',#3656,#3571,#3658,.T.);
#3656 = VERTEX_POINT('',#3657);
#3657 = CARTESIAN_POINT('',(50.1,26.9,2.));
#3658 = LINE('',#3659,#3660);
#3659 = CARTESIAN_POINT('',(50.1,26.9,1.99));
#3660 = VECTOR('',#3661,1.);
#3661 = DIRECTION('',(0.,0.,1.));
#3662 = ORIENTED_EDGE('',*,*,#3663,.T.);
#3663 = EDGE_CURVE('',#3656,#3664,#3666,.T.);
#3664 = VERTEX_POINT('',#3665);
#3665 = CARTESIAN_POINT('',(50.1,45.1,2.));
#3666 = LINE('',#3667,#3668);
#3667 = CARTESIAN_POINT('',(50.1,26.1,2.));
#3668 = VECTOR('',#3669,1.);
#3669 = DIRECTION('',(-0.,1.,0.));
#3670 = ORIENTED_EDGE('',*,*,#3671,.T.);
#3671 = EDGE_CURVE('',#3664,#3603,#3672,.T.);
#3672 = LINE('',#3673,#3674);
#3673 = CARTESIAN_POINT('',(50.1,45.1,1.99));
#3674 = VECTOR('',#3675,1.);
#3675 = DIRECTION('',(0.,0.,1.));
#3676 = ORIENTED_EDGE('',*,*,#3610,.F.);
#3677 = PLANE('',#3678);
#3678 = AXIS2_PLACEMENT_3D('',#3679,#3680,#3681);
#3679 = CARTESIAN_POINT('',(50.1,26.1,1.99));
#3680 = DIRECTION('',(1.,0.,-0.));
#3681 = DIRECTION('',(0.,0.,1.));
#3682 = ADVANCED_FACE('',(#3683),#3724,.F.);
#3683 = FACE_BOUND('',#3684,.F.);
#3684 = EDGE_LOOP('',(#3685,#3686,#3694,#3702,#3710,#3718));
#3685 = ORIENTED_EDGE('',*,*,#3671,.F.);
#3686 = ORIENTED_EDGE('',*,*,#3687,.T.);
#3687 = EDGE_CURVE('',#3664,#3688,#3690,.T.);
#3688 = VERTEX_POINT('',#3689);
#3689 = CARTESIAN_POINT('',(29.9,45.1,2.));
#3690 = LINE('',#3691,#3692);
#3691 = CARTESIAN_POINT('',(29.5,45.1,2.));
#3692 = VECTOR('',#3693,1.);
#3693 = DIRECTION('',(-1.,-0.,0.));
#3694 = ORIENTED_EDGE('',*,*,#3695,.T.);
#3695 = EDGE_CURVE('',#3688,#3696,#3698,.T.);
#3696 = VERTEX_POINT('',#3697);
#3697 = CARTESIAN_POINT('',(29.9,45.1,4.2));
#3698 = LINE('',#3699,#3700);
#3699 = CARTESIAN_POINT('',(29.9,45.1,1.99));
#3700 = VECTOR('',#3701,1.);
#3701 = DIRECTION('',(0.,0.,1.));
#3702 = ORIENTED_EDGE('',*,*,#3703,.T.);
#3703 = EDGE_CURVE('',#3696,#3704,#3706,.T.);
#3704 = VERTEX_POINT('',#3705);
#3705 = CARTESIAN_POINT('',(29.9,45.1,5.));
#3706 = LINE('',#3707,#3708);
#3707 = CARTESIAN_POINT('',(29.9,45.1,1.99));
#3708 = VECTOR('',#3709,1.);
#3709 = DIRECTION('',(0.,0.,1.));
#3710 = ORIENTED_EDGE('',*,*,#3711,.T.);
#3711 = EDGE_CURVE('',#3704,#3712,#3714,.T.);
#3712 = VERTEX_POINT('',#3713);
#3713 = CARTESIAN_POINT('',(50.1,45.1,5.));
#3714 = LINE('',#3715,#3716);
#3715 = CARTESIAN_POINT('',(29.9,45.1,5.));
#3716 = VECTOR('',#3717,1.);
#3717 = DIRECTION('',(1.,0.,-0.));
#3718 = ORIENTED_EDGE('',*,*,#3719,.F.);
#3719 = EDGE_CURVE('',#3603,#3712,#3720,.T.);
#3720 = LINE('',#3721,#3722);
#3721 = CARTESIAN_POINT('',(50.1,45.1,1.99));
#3722 = VECTOR('',#3723,1.);
#3723 = DIRECTION('',(0.,0.,1.));
#3724 = PLANE('',#3725);
#3725 = AXIS2_PLACEMENT_3D('',#3726,#3727,#3728);
#3726 = CARTESIAN_POINT('',(29.9,45.1,1.99));
#3727 = DIRECTION('',(-0.,1.,0.));
#3728 = DIRECTION('',(0.,0.,1.));
#3729 = ADVANCED_FACE('',(#3730),#3755,.T.);
#3730 = FACE_BOUND('',#3731,.T.);
#3731 = EDGE_LOOP('',(#3732,#3742,#3748,#3749));
#3732 = ORIENTED_EDGE('',*,*,#3733,.F.);
#3733 = EDGE_CURVE('',#3734,#3736,#3738,.T.);
#3734 = VERTEX_POINT('',#3735);
#3735 = CARTESIAN_POINT('',(29.9,26.9,2.));
#3736 = VERTEX_POINT('',#3737);
#3737 = CARTESIAN_POINT('',(29.9,26.9,4.2));
#3738 = LINE('',#3739,#3740);
#3739 = CARTESIAN_POINT('',(29.9,26.9,1.99));
#3740 = VECTOR('',#3741,1.);
#3741 = DIRECTION('',(0.,0.,1.));
#3742 = ORIENTED_EDGE('',*,*,#3743,.T.);
#3743 = EDGE_CURVE('',#3734,#3688,#3744,.T.);
#3744 = LINE('',#3745,#3746);
#3745 = CARTESIAN_POINT('',(29.9,26.1,2.));
#3746 = VECTOR('',#3747,1.);
#3747 = DIRECTION('',(-0.,1.,0.));
#3748 = ORIENTED_EDGE('',*,*,#3695,.T.);
#3749 = ORIENTED_EDGE('',*,*,#3750,.F.);
#3750 = EDGE_CURVE('',#3736,#3696,#3751,.T.);
#3751 = LINE('',#3752,#3753);
#3752 = CARTESIAN_POINT('',(29.9,26.1,4.2));
#3753 = VECTOR('',#3754,1.);
#3754 = DIRECTION('',(-0.,1.,0.));
#3755 = PLANE('',#3756);
#3756 = AXIS2_PLACEMENT_3D('',#3757,#3758,#3759);
#3757 = CARTESIAN_POINT('',(29.9,26.1,1.99));
#3758 = DIRECTION('',(1.,0.,-0.));
#3759 = DIRECTION('',(0.,0.,1.));
#3760 = ADVANCED_FACE('',(#3761,#3772,#3783,#3794),#3805,.T.);
#3761 = FACE_BOUND('',#3762,.T.);
#3762 = EDGE_LOOP('',(#3763,#3764,#3770,#3771));
#3763 = ORIENTED_EDGE('',*,*,#3743,.F.);
#3764 = ORIENTED_EDGE('',*,*,#3765,.F.);
#3765 = EDGE_CURVE('',#3656,#3734,#3766,.T.);
#3766 = LINE('',#3767,#3768);
#3767 = CARTESIAN_POINT('',(29.5,26.9,2.));
#3768 = VECTOR('',#3769,1.);
#3769 = DIRECTION('',(-1.,-0.,0.));
#3770 = ORIENTED_EDGE('',*,*,#3663,.T.);
#3771 = ORIENTED_EDGE('',*,*,#3687,.T.);
#3772 = FACE_BOUND('',#3773,.T.);
#3773 = EDGE_LOOP('',(#3774));
#3774 = ORIENTED_EDGE('',*,*,#3775,.F.);
#3775 = EDGE_CURVE('',#3776,#3776,#3778,.T.);
#3776 = VERTEX_POINT('',#3777);
#3777 = CARTESIAN_POINT('',(41.25,36.,2.));
#3778 = CIRCLE('',#3779,1.25);
#3779 = AXIS2_PLACEMENT_3D('',#3780,#3781,#3782);
#3780 = CARTESIAN_POINT('',(40.,36.,2.));
#3781 = DIRECTION('',(0.,0.,1.));
#3782 = DIRECTION('',(1.,0.,-0.));
#3783 = FACE_BOUND('',#3784,.T.);
#3784 = EDGE_LOOP('',(#3785));
#3785 = ORIENTED_EDGE('',*,*,#3786,.F.);
#3786 = EDGE_CURVE('',#3787,#3787,#3789,.T.);
#3787 = VERTEX_POINT('',#3788);
#3788 = CARTESIAN_POINT('',(34.05,41.,2.));
#3789 = CIRCLE('',#3790,0.65);
#3790 = AXIS2_PLACEMENT_3D('',#3791,#3792,#3793);
#3791 = CARTESIAN_POINT('',(33.4,41.,2.));
#3792 = DIRECTION('',(0.,0.,1.));
#3793 = DIRECTION('',(1.,0.,-0.));
#3794 = FACE_BOUND('',#3795,.T.);
#3795 = EDGE_LOOP('',(#3796));
#3796 = ORIENTED_EDGE('',*,*,#3797,.F.);
#3797 = EDGE_CURVE('',#3798,#3798,#3800,.T.);
#3798 = VERTEX_POINT('',#3799);
#3799 = CARTESIAN_POINT('',(36.25,41.,2.));
#3800 = CIRCLE('',#3801,0.65);
#3801 = AXIS2_PLACEMENT_3D('',#3802,#3803,#3804);
#3802 = CARTESIAN_POINT('',(35.6,41.,2.));
#3803 = DIRECTION('',(0.,0.,1.));
#3804 = DIRECTION('',(1.,0.,-0.));
#3805 = PLANE('',#3806);
#3806 = AXIS2_PLACEMENT_3D('',#3807,#3808,#3809);
#3807 = CARTESIAN_POINT('',(29.1,26.1,2.));
#3808 = DIRECTION('',(0.,0.,1.));
#3809 = DIRECTION('',(1.,0.,-0.));
#3810 = ADVANCED_FACE('',(#3811),#3836,.F.);
#3811 = FACE_BOUND('',#3812,.F.);
#3812 = EDGE_LOOP('',(#3813,#3821,#3829,#3835));
#3813 = ORIENTED_EDGE('',*,*,#3814,.F.);
#3814 = EDGE_CURVE('',#3815,#3704,#3817,.T.);
#3815 = VERTEX_POINT('',#3816);
#3816 = CARTESIAN_POINT('',(29.9,44.4,5.));
#3817 = LINE('',#3818,#3819);
#3818 = CARTESIAN_POINT('',(29.9,44.4,5.));
#3819 = VECTOR('',#3820,1.);
#3820 = DIRECTION('',(-0.,1.,0.));
#3821 = ORIENTED_EDGE('',*,*,#3822,.T.);
#3822 = EDGE_CURVE('',#3815,#3823,#3825,.T.);
#3823 = VERTEX_POINT('',#3824);
#3824 = CARTESIAN_POINT('',(50.1,44.4,5.));
#3825 = LINE('',#3826,#3827);
#3826 = CARTESIAN_POINT('',(29.9,44.4,5.));
#3827 = VECTOR('',#3828,1.);
#3828 = DIRECTION('',(1.,0.,-0.));
#3829 = ORIENTED_EDGE('',*,*,#3830,.T.);
#3830 = EDGE_CURVE('',#3823,#3712,#3831,.T.);
#3831 = LINE('',#3832,#3833);
#3832 = CARTESIAN_POINT('',(50.1,44.4,5.));
#3833 = VECTOR('',#3834,1.);
#3834 = DIRECTION('',(-0.,1.,0.));
#3835 = ORIENTED_EDGE('',*,*,#3711,.F.);
#3836 = PLANE('',#3837);
#3837 = AXIS2_PLACEMENT_3D('',#3838,#3839,#3840);
#3838 = CARTESIAN_POINT('',(29.9,44.4,5.));
#3839 = DIRECTION('',(0.,0.,1.));
#3840 = DIRECTION('',(1.,0.,-0.));
#3841 = ADVANCED_FACE('',(#3842),#3861,.T.);
#3842 = FACE_BOUND('',#3843,.T.);
#3843 = EDGE_LOOP('',(#3844,#3852,#3859,#3860));
#3844 = ORIENTED_EDGE('',*,*,#3845,.T.);
#3845 = EDGE_CURVE('',#3776,#3846,#3848,.T.);
#3846 = VERTEX_POINT('',#3847);
#3847 = CARTESIAN_POINT('',(41.25,36.,3.6));
#3848 = LINE('',#3849,#3850);
#3849 = CARTESIAN_POINT('',(41.25,36.,1.99));
#3850 = VECTOR('',#3851,1.);
#3851 = DIRECTION('',(0.,0.,1.));
#3852 = ORIENTED_EDGE('',*,*,#3853,.F.);
#3853 = EDGE_CURVE('',#3846,#3846,#3854,.T.);
#3854 = CIRCLE('',#3855,1.25);
#3855 = AXIS2_PLACEMENT_3D('',#3856,#3857,#3858);
#3856 = CARTESIAN_POINT('',(40.,36.,3.6));
#3857 = DIRECTION('',(0.,0.,1.));
#3858 = DIRECTION('',(1.,0.,-0.));
#3859 = ORIENTED_EDGE('',*,*,#3845,.F.);
#3860 = ORIENTED_EDGE('',*,*,#3775,.T.);
#3861 = CYLINDRICAL_SURFACE('',#3862,1.25);
#3862 = AXIS2_PLACEMENT_3D('',#3863,#3864,#3865);
#3863 = CARTESIAN_POINT('',(40.,36.,1.99));
#3864 = DIRECTION('',(0.,0.,1.));
#3865 = DIRECTION('',(1.,0.,-0.));
#3866 = ADVANCED_FACE('',(#3867),#3886,.F.);
#3867 = FACE_BOUND('',#3868,.F.);
#3868 = EDGE_LOOP('',(#3869,#3870,#3878,#3885));
#3869 = ORIENTED_EDGE('',*,*,#3786,.F.);
#3870 = ORIENTED_EDGE('',*,*,#3871,.F.);
#3871 = EDGE_CURVE('',#3872,#3787,#3874,.T.);
#3872 = VERTEX_POINT('',#3873);
#3873 = CARTESIAN_POINT('',(34.05,41.,1.6));
#3874 = LINE('',#3875,#3876);
#3875 = CARTESIAN_POINT('',(34.05,41.,1.6));
#3876 = VECTOR('',#3877,1.);
#3877 = DIRECTION('',(0.,0.,1.));
#3878 = ORIENTED_EDGE('',*,*,#3879,.T.);
#3879 = EDGE_CURVE('',#3872,#3872,#3880,.T.);
#3880 = CIRCLE('',#3881,0.65);
#3881 = AXIS2_PLACEMENT_3D('',#3882,#3883,#3884);
#3882 = CARTESIAN_POINT('',(33.4,41.,1.6));
#3883 = DIRECTION('',(0.,0.,1.));
#3884 = DIRECTION('',(1.,0.,-0.));
#3885 = ORIENTED_EDGE('',*,*,#3871,.T.);
#3886 = CYLINDRICAL_SURFACE('',#3887,0.65);
#3887 = AXIS2_PLACEMENT_3D('',#3888,#3889,#3890);
#3888 = CARTESIAN_POINT('',(33.4,41.,1.6));
#3889 = DIRECTION('',(0.,0.,1.));
#3890 = DIRECTION('',(1.,0.,-0.));
#3891 = ADVANCED_FACE('',(#3892),#3911,.F.);
#3892 = FACE_BOUND('',#3893,.F.);
#3893 = EDGE_LOOP('',(#3894,#3895,#3903,#3910));
#3894 = ORIENTED_EDGE('',*,*,#3797,.F.);
#3895 = ORIENTED_EDGE('',*,*,#3896,.F.);
#3896 = EDGE_CURVE('',#3897,#3798,#3899,.T.);
#3897 = VERTEX_POINT('',#3898);
#3898 = CARTESIAN_POINT('',(36.25,41.,1.6));
#3899 = LINE('',#3900,#3901);
#3900 = CARTESIAN_POINT('',(36.25,41.,1.6));
#3901 = VECTOR('',#3902,1.);
#3902 = DIRECTION('',(0.,0.,1.));
#3903 = ORIENTED_EDGE('',*,*,#3904,.T.);
#3904 = EDGE_CURVE('',#3897,#3897,#3905,.T.);
#3905 = CIRCLE('',#3906,0.65);
#3906 = AXIS2_PLACEMENT_3D('',#3907,#3908,#3909);
#3907 = CARTESIAN_POINT('',(35.6,41.,1.6));
#3908 = DIRECTION('',(0.,0.,1.));
#3909 = DIRECTION('',(1.,0.,-0.));
#3910 = ORIENTED_EDGE('',*,*,#3896,.T.);
#3911 = CYLINDRICAL_SURFACE('',#3912,0.65);
#3912 = AXIS2_PLACEMENT_3D('',#3913,#3914,#3915);
#3913 = CARTESIAN_POINT('',(35.6,41.,1.6));
#3914 = DIRECTION('',(0.,0.,1.));
#3915 = DIRECTION('',(1.,0.,-0.));
#3916 = ADVANCED_FACE('',(#3917),#3942,.F.);
#3917 = FACE_BOUND('',#3918,.F.);
#3918 = EDGE_LOOP('',(#3919,#3920,#3928,#3936));
#3919 = ORIENTED_EDGE('',*,*,#3822,.F.);
#3920 = ORIENTED_EDGE('',*,*,#3921,.T.);
#3921 = EDGE_CURVE('',#3815,#3922,#3924,.T.);
#3922 = VERTEX_POINT('',#3923);
#3923 = CARTESIAN_POINT('',(29.9,44.4,5.6));
#3924 = LINE('',#3925,#3926);
#3925 = CARTESIAN_POINT('',(29.9,44.4,5.));
#3926 = VECTOR('',#3927,1.);
#3927 = DIRECTION('',(0.,0.,1.));
#3928 = ORIENTED_EDGE('',*,*,#3929,.T.);
#3929 = EDGE_CURVE('',#3922,#3930,#3932,.T.);
#3930 = VERTEX_POINT('',#3931);
#3931 = CARTESIAN_POINT('',(50.1,44.4,5.6));
#3932 = LINE('',#3933,#3934);
#3933 = CARTESIAN_POINT('',(29.9,44.4,5.6));
#3934 = VECTOR('',#3935,1.);
#3935 = DIRECTION('',(1.,0.,-0.));
#3936 = ORIENTED_EDGE('',*,*,#3937,.F.);
#3937 = EDGE_CURVE('',#3823,#3930,#3938,.T.);
#3938 = LINE('',#3939,#3940);
#3939 = CARTESIAN_POINT('',(50.1,44.4,5.));
#3940 = VECTOR('',#3941,1.);
#3941 = DIRECTION('',(0.,0.,1.));
#3942 = PLANE('',#3943);
#3943 = AXIS2_PLACEMENT_3D('',#3944,#3945,#3946);
#3944 = CARTESIAN_POINT('',(29.9,44.4,5.));
#3945 = DIRECTION('',(-0.,1.,0.));
#3946 = DIRECTION('',(0.,0.,1.));
#3947 = ADVANCED_FACE('',(#3948),#3951,.T.);
#3948 = FACE_BOUND('',#3949,.T.);
#3949 = EDGE_LOOP('',(#3950));
#3950 = ORIENTED_EDGE('',*,*,#3853,.T.);
#3951 = PLANE('',#3952);
#3952 = AXIS2_PLACEMENT_3D('',#3953,#3954,#3955);
#3953 = CARTESIAN_POINT('',(40.,36.,3.6));
#3954 = DIRECTION('',(0.,0.,1.));
#3955 = DIRECTION('',(1.,0.,-0.));
#3956 = ADVANCED_FACE('',(#3957),#3960,.T.);
#3957 = FACE_BOUND('',#3958,.F.);
#3958 = EDGE_LOOP('',(#3959));
#3959 = ORIENTED_EDGE('',*,*,#3879,.F.);
#3960 = PLANE('',#3961);
#3961 = AXIS2_PLACEMENT_3D('',#3962,#3963,#3964);
#3962 = CARTESIAN_POINT('',(33.4,41.,1.6));
#3963 = DIRECTION('',(0.,0.,1.));
#3964 = DIRECTION('',(1.,0.,-0.));
#3965 = ADVANCED_FACE('',(#3966),#3969,.T.);
#3966 = FACE_BOUND('',#3967,.F.);
#3967 = EDGE_LOOP('',(#3968));
#3968 = ORIENTED_EDGE('',*,*,#3904,.F.);
#3969 = PLANE('',#3970);
#3970 = AXIS2_PLACEMENT_3D('',#3971,#3972,#3973);
#3971 = CARTESIAN_POINT('',(35.6,41.,1.6));
#3972 = DIRECTION('',(0.,0.,1.));
#3973 = DIRECTION('',(1.,0.,-0.));
#3974 = ADVANCED_FACE('',(#3975),#4025,.T.);
#3975 = FACE_BOUND('',#3976,.T.);
#3976 = EDGE_LOOP('',(#3977,#3985,#3986,#3987,#3995,#4003,#4011,#4019));
#3977 = ORIENTED_EDGE('',*,*,#3978,.T.);
#3978 = EDGE_CURVE('',#3979,#3579,#3981,.T.);
#3979 = VERTEX_POINT('',#3980);
#3980 = CARTESIAN_POINT('',(50.9,26.1,0.));
#3981 = LINE('',#3982,#3983);
#3982 = CARTESIAN_POINT('',(50.9,26.1,0.));
#3983 = VECTOR('',#3984,1.);
#3984 = DIRECTION('',(0.,0.,1.));
#3985 = ORIENTED_EDGE('',*,*,#3578,.F.);
#3986 = ORIENTED_EDGE('',*,*,#3624,.T.);
#3987 = ORIENTED_EDGE('',*,*,#3988,.F.);
#3988 = EDGE_CURVE('',#3989,#3625,#3991,.T.);
#3989 = VERTEX_POINT('',#3990);
#3990 = CARTESIAN_POINT('',(45.8,26.1,7.1));
#3991 = LINE('',#3992,#3993);
#3992 = CARTESIAN_POINT('',(45.8,26.1,7.1));
#3993 = VECTOR('',#3994,1.);
#3994 = DIRECTION('',(1.,0.,-0.));
#3995 = ORIENTED_EDGE('',*,*,#3996,.F.);
#3996 = EDGE_CURVE('',#3997,#3989,#3999,.T.);
#3997 = VERTEX_POINT('',#3998);
#3998 = CARTESIAN_POINT('',(45.8,26.1,4.2));
#3999 = LINE('',#4000,#4001);
#4000 = CARTESIAN_POINT('',(45.8,26.1,1.99));
#4001 = VECTOR('',#4002,1.);
#4002 = DIRECTION('',(0.,0.,1.));
#4003 = ORIENTED_EDGE('',*,*,#4004,.F.);
#4004 = EDGE_CURVE('',#4005,#3997,#4007,.T.);
#4005 = VERTEX_POINT('',#4006);
#4006 = CARTESIAN_POINT('',(29.1,26.1,4.2));
#4007 = LINE('',#4008,#4009);
#4008 = CARTESIAN_POINT('',(29.9,26.1,4.2));
#4009 = VECTOR('',#4010,1.);
#4010 = DIRECTION('',(1.,0.,-0.));
#4011 = ORIENTED_EDGE('',*,*,#4012,.F.);
#4012 = EDGE_CURVE('',#4013,#4005,#4015,.T.);
#4013 = VERTEX_POINT('',#4014);
#4014 = CARTESIAN_POINT('',(29.1,26.1,0.));
#4015 = LINE('',#4016,#4017);
#4016 = CARTESIAN_POINT('',(29.1,26.1,1.99));
#4017 = VECTOR('',#4018,1.);
#4018 = DIRECTION('',(0.,0.,1.));
#4019 = ORIENTED_EDGE('',*,*,#4020,.T.);
#4020 = EDGE_CURVE('',#4013,#3979,#4021,.T.);
#4021 = LINE('',#4022,#4023);
#4022 = CARTESIAN_POINT('',(29.1,26.1,0.));
#4023 = VECTOR('',#4024,1.);
#4024 = DIRECTION('',(1.,0.,-0.));
#4025 = PLANE('',#4026);
#4026 = AXIS2_PLACEMENT_3D('',#4027,#4028,#4029);
#4027 = CARTESIAN_POINT('',(40.797750865052,26.1,2.671972318339));
#4028 = DIRECTION('',(-0.,-1.,-0.));
#4029 = DIRECTION('',(0.,0.,-1.));
#4030 = ADVANCED_FACE('',(#4031),#4056,.F.);
#4031 = FACE_BOUND('',#4032,.F.);
#4032 = EDGE_LOOP('',(#4033,#4034,#4042,#4050));
#4033 = ORIENTED_EDGE('',*,*,#3996,.F.);
#4034 = ORIENTED_EDGE('',*,*,#4035,.T.);
#4035 = EDGE_CURVE('',#3997,#4036,#4038,.T.);
#4036 = VERTEX_POINT('',#4037);
#4037 = CARTESIAN_POINT('',(45.8,26.9,4.2));
#4038 = LINE('',#4039,#4040);
#4039 = CARTESIAN_POINT('',(45.8,26.1,4.2));
#4040 = VECTOR('',#4041,1.);
#4041 = DIRECTION('',(-0.,1.,0.));
#4042 = ORIENTED_EDGE('',*,*,#4043,.T.);
#4043 = EDGE_CURVE('',#4036,#4044,#4046,.T.);
#4044 = VERTEX_POINT('',#4045);
#4045 = CARTESIAN_POINT('',(45.8,26.9,7.1));
#4046 = LINE('',#4047,#4048);
#4047 = CARTESIAN_POINT('',(45.8,26.9,1.99));
#4048 = VECTOR('',#4049,1.);
#4049 = DIRECTION('',(0.,0.,1.));
#4050 = ORIENTED_EDGE('',*,*,#4051,.F.);
#4051 = EDGE_CURVE('',#3989,#4044,#4052,.T.);
#4052 = LINE('',#4053,#4054);
#4053 = CARTESIAN_POINT('',(45.8,26.1,7.1));
#4054 = VECTOR('',#4055,1.);
#4055 = DIRECTION('',(-0.,1.,0.));
#4056 = PLANE('',#4057);
#4057 = AXIS2_PLACEMENT_3D('',#4058,#4059,#4060);
#4058 = CARTESIAN_POINT('',(45.8,26.1,1.99));
#4059 = DIRECTION('',(1.,0.,-0.));
#4060 = DIRECTION('',(0.,0.,1.));
#4061 = ADVANCED_FACE('',(#4062),#4087,.F.);
#4062 = FACE_BOUND('',#4063,.F.);
#4063 = EDGE_LOOP('',(#4064,#4072,#4073,#4081));
#4064 = ORIENTED_EDGE('',*,*,#4065,.F.);
#4065 = EDGE_CURVE('',#4013,#4066,#4068,.T.);
#4066 = VERTEX_POINT('',#4067);
#4067 = CARTESIAN_POINT('',(29.1,45.9,0.));
#4068 = LINE('',#4069,#4070);
#4069 = CARTESIAN_POINT('',(29.1,26.1,0.));
#4070 = VECTOR('',#4071,1.);
#4071 = DIRECTION('',(-0.,1.,0.));
#4072 = ORIENTED_EDGE('',*,*,#4020,.T.);
#4073 = ORIENTED_EDGE('',*,*,#4074,.T.);
#4074 = EDGE_CURVE('',#3979,#4075,#4077,.T.);
#4075 = VERTEX_POINT('',#4076);
#4076 = CARTESIAN_POINT('',(50.9,45.9,0.));
#4077 = LINE('',#4078,#4079);
#4078 = CARTESIAN_POINT('',(50.9,26.1,0.));
#4079 = VECTOR('',#4080,1.);
#4080 = DIRECTION('',(-0.,1.,0.));
#4081 = ORIENTED_EDGE('',*,*,#4082,.F.);
#4082 = EDGE_CURVE('',#4066,#4075,#4083,.T.);
#4083 = LINE('',#4084,#4085);
#4084 = CARTESIAN_POINT('',(29.1,45.9,0.));
#4085 = VECTOR('',#4086,1.);
#4086 = DIRECTION('',(1.,0.,-0.));
#4087 = PLANE('',#4088);
#4088 = AXIS2_PLACEMENT_3D('',#4089,#4090,#4091);
#4089 = CARTESIAN_POINT('',(29.1,26.1,0.));
#4090 = DIRECTION('',(0.,0.,1.));
#4091 = DIRECTION('',(1.,0.,-0.));
#4092 = ADVANCED_FACE('',(#4093),#4111,.T.);
#4093 = FACE_BOUND('',#4094,.T.);
#4094 = EDGE_LOOP('',(#4095,#4096,#4104,#4110));
#4095 = ORIENTED_EDGE('',*,*,#4012,.T.);
#4096 = ORIENTED_EDGE('',*,*,#4097,.T.);
#4097 = EDGE_CURVE('',#4005,#4098,#4100,.T.);
#4098 = VERTEX_POINT('',#4099);
#4099 = CARTESIAN_POINT('',(29.1,45.9,4.2));
#4100 = LINE('',#4101,#4102);
#4101 = CARTESIAN_POINT('',(29.1,26.1,4.2));
#4102 = VECTOR('',#4103,1.);
#4103 = DIRECTION('',(-0.,1.,0.));
#4104 = ORIENTED_EDGE('',*,*,#4105,.F.);
#4105 = EDGE_CURVE('',#4066,#4098,#4106,.T.);
#4106 = LINE('',#4107,#4108);
#4107 = CARTESIAN_POINT('',(29.1,45.9,1.99));
#4108 = VECTOR('',#4109,1.);
#4109 = DIRECTION('',(0.,0.,1.));
#4110 = ORIENTED_EDGE('',*,*,#4065,.F.);
#4111 = PLANE('',#4112);
#4112 = AXIS2_PLACEMENT_3D('',#4113,#4114,#4115);
#4113 = CARTESIAN_POINT('',(29.1,36.,2.1));
#4114 = DIRECTION('',(-1.,-0.,-0.));
#4115 = DIRECTION('',(0.,0.,-1.));
#4116 = ADVANCED_FACE('',(#4117),#4158,.T.);
#4117 = FACE_BOUND('',#4118,.T.);
#4118 = EDGE_LOOP('',(#4119,#4120,#4121,#4129,#4137,#4145,#4151,#4152));
#4119 = ORIENTED_EDGE('',*,*,#4082,.F.);
#4120 = ORIENTED_EDGE('',*,*,#4105,.T.);
#4121 = ORIENTED_EDGE('',*,*,#4122,.T.);
#4122 = EDGE_CURVE('',#4098,#4123,#4125,.T.);
#4123 = VERTEX_POINT('',#4124);
#4124 = CARTESIAN_POINT('',(29.9,45.9,4.2));
#4125 = LINE('',#4126,#4127);
#4126 = CARTESIAN_POINT('',(29.1,45.9,4.2));
#4127 = VECTOR('',#4128,1.);
#4128 = DIRECTION('',(1.,0.,-0.));
#4129 = ORIENTED_EDGE('',*,*,#4130,.T.);
#4130 = EDGE_CURVE('',#4123,#4131,#4133,.T.);
#4131 = VERTEX_POINT('',#4132);
#4132 = CARTESIAN_POINT('',(29.9,45.9,5.6));
#4133 = LINE('',#4134,#4135);
#4134 = CARTESIAN_POINT('',(29.9,45.9,1.99));
#4135 = VECTOR('',#4136,1.);
#4136 = DIRECTION('',(0.,0.,1.));
#4137 = ORIENTED_EDGE('',*,*,#4138,.T.);
#4138 = EDGE_CURVE('',#4131,#4139,#4141,.T.);
#4139 = VERTEX_POINT('',#4140);
#4140 = CARTESIAN_POINT('',(50.1,45.9,5.6));
#4141 = LINE('',#4142,#4143);
#4142 = CARTESIAN_POINT('',(29.9,45.9,5.6));
#4143 = VECTOR('',#4144,1.);
#4144 = DIRECTION('',(1.,0.,-0.));
#4145 = ORIENTED_EDGE('',*,*,#4146,.F.);
#4146 = EDGE_CURVE('',#3595,#4139,#4147,.T.);
#4147 = LINE('',#4148,#4149);
#4148 = CARTESIAN_POINT('',(50.1,45.9,1.99));
#4149 = VECTOR('',#4150,1.);
#4150 = DIRECTION('',(0.,0.,1.));
#4151 = ORIENTED_EDGE('',*,*,#3594,.T.);
#4152 = ORIENTED_EDGE('',*,*,#4153,.F.);
#4153 = EDGE_CURVE('',#4075,#3587,#4154,.T.);
#4154 = LINE('',#4155,#4156);
#4155 = CARTESIAN_POINT('',(50.9,45.9,1.99));
#4156 = VECTOR('',#4157,1.);
#4157 = DIRECTION('',(0.,0.,1.));
#4158 = PLANE('',#4159);
#4159 = AXIS2_PLACEMENT_3D('',#4160,#4161,#4162);
#4160 = CARTESIAN_POINT('',(40.,45.9,2.759124087591));
#4161 = DIRECTION('',(0.,1.,0.));
#4162 = DIRECTION('',(0.,-0.,1.));
#4163 = ADVANCED_FACE('',(#4164),#4170,.T.);
#4164 = FACE_BOUND('',#4165,.T.);
#4165 = EDGE_LOOP('',(#4166,#4167,#4168,#4169));
#4166 = ORIENTED_EDGE('',*,*,#3978,.F.);
#4167 = ORIENTED_EDGE('',*,*,#4074,.T.);
#4168 = ORIENTED_EDGE('',*,*,#4153,.T.);
#4169 = ORIENTED_EDGE('',*,*,#3586,.F.);
#4170 = PLANE('',#4171);
#4171 = AXIS2_PLACEMENT_3D('',#4172,#4173,#4174);
#4172 = CARTESIAN_POINT('',(50.9,36.,2.1));
#4173 = DIRECTION('',(1.,0.,-1.691381298541E-15));
#4174 = DIRECTION('',(1.691381298541E-15,0.,1.));
#4175 = ADVANCED_FACE('',(#4176),#4195,.T.);
#4176 = FACE_BOUND('',#4177,.T.);
#4177 = EDGE_LOOP('',(#4178,#4179,#4180,#4181,#4187,#4188,#4194));
#4178 = ORIENTED_EDGE('',*,*,#4097,.F.);
#4179 = ORIENTED_EDGE('',*,*,#4004,.T.);
#4180 = ORIENTED_EDGE('',*,*,#4035,.T.);
#4181 = ORIENTED_EDGE('',*,*,#4182,.F.);
#4182 = EDGE_CURVE('',#3736,#4036,#4183,.T.);
#4183 = LINE('',#4184,#4185);
#4184 = CARTESIAN_POINT('',(29.9,26.9,4.2));
#4185 = VECTOR('',#4186,1.);
#4186 = DIRECTION('',(1.,0.,-0.));
#4187 = ORIENTED_EDGE('',*,*,#3750,.T.);
#4188 = ORIENTED_EDGE('',*,*,#4189,.T.);
#4189 = EDGE_CURVE('',#3696,#4123,#4190,.T.);
#4190 = LINE('',#4191,#4192);
#4191 = CARTESIAN_POINT('',(29.9,26.1,4.2));
#4192 = VECTOR('',#4193,1.);
#4193 = DIRECTION('',(-0.,1.,0.));
#4194 = ORIENTED_EDGE('',*,*,#4122,.F.);
#4195 = PLANE('',#4196);
#4196 = AXIS2_PLACEMENT_3D('',#4197,#4198,#4199);
#4197 = CARTESIAN_POINT('',(33.311643835616,31.861643835616,4.2));
#4198 = DIRECTION('',(0.,0.,1.));
#4199 = DIRECTION('',(1.,0.,-0.));
#4200 = ADVANCED_FACE('',(#4201),#4214,.T.);
#4201 = FACE_BOUND('',#4202,.T.);
#4202 = EDGE_LOOP('',(#4203,#4204,#4205,#4206,#4212,#4213));
#4203 = ORIENTED_EDGE('',*,*,#3703,.T.);
#4204 = ORIENTED_EDGE('',*,*,#3814,.F.);
#4205 = ORIENTED_EDGE('',*,*,#3921,.T.);
#4206 = ORIENTED_EDGE('',*,*,#4207,.T.);
#4207 = EDGE_CURVE('',#3922,#4131,#4208,.T.);
#4208 = LINE('',#4209,#4210);
#4209 = CARTESIAN_POINT('',(29.9,44.4,5.6));
#4210 = VECTOR('',#4211,1.);
#4211 = DIRECTION('',(-0.,1.,0.));
#4212 = ORIENTED_EDGE('',*,*,#4130,.F.);
#4213 = ORIENTED_EDGE('',*,*,#4189,.F.);
#4214 = PLANE('',#4215);
#4215 = AXIS2_PLACEMENT_3D('',#4216,#4217,#4218);
#4216 = CARTESIAN_POINT('',(29.9,45.246551724138,4.996551724138));
#4217 = DIRECTION('',(-1.,-0.,-0.));
#4218 = DIRECTION('',(0.,0.,-1.));
#4219 = ADVANCED_FACE('',(#4220),#4233,.T.);
#4220 = FACE_BOUND('',#4221,.T.);
#4221 = EDGE_LOOP('',(#4222,#4223,#4224,#4225,#4231,#4232));
#4222 = ORIENTED_EDGE('',*,*,#3719,.F.);
#4223 = ORIENTED_EDGE('',*,*,#3602,.T.);
#4224 = ORIENTED_EDGE('',*,*,#4146,.T.);
#4225 = ORIENTED_EDGE('',*,*,#4226,.F.);
#4226 = EDGE_CURVE('',#3930,#4139,#4227,.T.);
#4227 = LINE('',#4228,#4229);
#4228 = CARTESIAN_POINT('',(50.1,45.1,5.6));
#4229 = VECTOR('',#4230,1.);
#4230 = DIRECTION('',(-0.,1.,0.));
#4231 = ORIENTED_EDGE('',*,*,#3937,.F.);
#4232 = ORIENTED_EDGE('',*,*,#3830,.T.);
#4233 = PLANE('',#4234);
#4234 = AXIS2_PLACEMENT_3D('',#4235,#4236,#4237);
#4235 = CARTESIAN_POINT('',(50.1,45.246551724138,4.996551724138));
#4236 = DIRECTION('',(1.,0.,0.));
#4237 = DIRECTION('',(-0.,0.,1.));
#4238 = ADVANCED_FACE('',(#4239),#4245,.T.);
#4239 = FACE_BOUND('',#4240,.T.);
#4240 = EDGE_LOOP('',(#4241,#4242,#4243,#4244));
#4241 = ORIENTED_EDGE('',*,*,#4207,.F.);
#4242 = ORIENTED_EDGE('',*,*,#3929,.T.);
#4243 = ORIENTED_EDGE('',*,*,#4226,.T.);
#4244 = ORIENTED_EDGE('',*,*,#4138,.F.);
#4245 = PLANE('',#4246);
#4246 = AXIS2_PLACEMENT_3D('',#4247,#4248,#4249);
#4247 = CARTESIAN_POINT('',(40.,45.15,5.6));
#4248 = DIRECTION('',(0.,0.,1.));
#4249 = DIRECTION('',(1.,0.,-0.));
#4250 = ADVANCED_FACE('',(#4251),#4297,.T.);
#4251 = FACE_BOUND('',#4252,.T.);
#4252 = EDGE_LOOP('',(#4253,#4254,#4255,#4263,#4271,#4279,#4287,#4293,
    #4294,#4295,#4296));
#4253 = ORIENTED_EDGE('',*,*,#4182,.T.);
#4254 = ORIENTED_EDGE('',*,*,#4043,.T.);
#4255 = ORIENTED_EDGE('',*,*,#4256,.T.);
#4256 = EDGE_CURVE('',#4044,#4257,#4259,.T.);
#4257 = VERTEX_POINT('',#4258);
#4258 = CARTESIAN_POINT('',(46.3,26.9,7.1));
#4259 = LINE('',#4260,#4261);
#4260 = CARTESIAN_POINT('',(45.8,26.9,7.1));
#4261 = VECTOR('',#4262,1.);
#4262 = DIRECTION('',(1.,0.,-0.));
#4263 = ORIENTED_EDGE('',*,*,#4264,.T.);
#4264 = EDGE_CURVE('',#4257,#4265,#4267,.T.);
#4265 = VERTEX_POINT('',#4266);
#4266 = CARTESIAN_POINT('',(46.3,26.9,6.5));
#4267 = LINE('',#4268,#4269);
#4268 = CARTESIAN_POINT('',(46.3,26.9,4.369320893649));
#4269 = VECTOR('',#4270,1.);
#4270 = DIRECTION('',(0.,0.,-1.));
#4271 = ORIENTED_EDGE('',*,*,#4272,.T.);
#4272 = EDGE_CURVE('',#4265,#4273,#4275,.T.);
#4273 = VERTEX_POINT('',#4274);
#4274 = CARTESIAN_POINT('',(49.3,26.9,6.5));
#4275 = LINE('',#4276,#4277);
#4276 = CARTESIAN_POINT('',(46.05,26.9,6.5));
#4277 = VECTOR('',#4278,1.);
#4278 = DIRECTION('',(1.,0.,-0.));
#4279 = ORIENTED_EDGE('',*,*,#4280,.F.);
#4280 = EDGE_CURVE('',#4281,#4273,#4283,.T.);
#4281 = VERTEX_POINT('',#4282);
#4282 = CARTESIAN_POINT('',(49.3,26.9,7.1));
#4283 = LINE('',#4284,#4285);
#4284 = CARTESIAN_POINT('',(49.3,26.9,4.369320893649));
#4285 = VECTOR('',#4286,1.);
#4286 = DIRECTION('',(0.,0.,-1.));
#4287 = ORIENTED_EDGE('',*,*,#4288,.T.);
#4288 = EDGE_CURVE('',#4281,#3634,#4289,.T.);
#4289 = LINE('',#4290,#4291);
#4290 = CARTESIAN_POINT('',(45.8,26.9,7.1));
#4291 = VECTOR('',#4292,1.);
#4292 = DIRECTION('',(1.,0.,-0.));
#4293 = ORIENTED_EDGE('',*,*,#3633,.F.);
#4294 = ORIENTED_EDGE('',*,*,#3655,.F.);
#4295 = ORIENTED_EDGE('',*,*,#3765,.T.);
#4296 = ORIENTED_EDGE('',*,*,#3733,.T.);
#4297 = PLANE('',#4298);
#4298 = AXIS2_PLACEMENT_3D('',#4299,#4300,#4301);
#4299 = CARTESIAN_POINT('',(41.070849420849,26.9,3.67722007722));
#4300 = DIRECTION('',(0.,1.,0.));
#4301 = DIRECTION('',(0.,-0.,1.));
#4302 = ADVANCED_FACE('',(#4303),#4336,.T.);
#4303 = FACE_BOUND('',#4304,.T.);
#4304 = EDGE_LOOP('',(#4305,#4306,#4314,#4322,#4330));
#4305 = ORIENTED_EDGE('',*,*,#4280,.T.);
#4306 = ORIENTED_EDGE('',*,*,#4307,.T.);
#4307 = EDGE_CURVE('',#4273,#4308,#4310,.T.);
#4308 = VERTEX_POINT('',#4309);
#4309 = CARTESIAN_POINT('',(49.3,27.6,6.5));
#4310 = LINE('',#4311,#4312);
#4311 = CARTESIAN_POINT('',(49.3,26.89,6.5));
#4312 = VECTOR('',#4313,1.);
#4313 = DIRECTION('',(0.,1.,0.));
#4314 = ORIENTED_EDGE('',*,*,#4315,.T.);
#4315 = EDGE_CURVE('',#4308,#4316,#4318,.T.);
#4316 = VERTEX_POINT('',#4317);
#4317 = CARTESIAN_POINT('',(49.3,27.6,6.65));
#4318 = LINE('',#4319,#4320);
#4319 = CARTESIAN_POINT('',(49.3,27.6,6.5));
#4320 = VECTOR('',#4321,1.);
#4321 = DIRECTION('',(0.,0.,1.));
#4322 = ORIENTED_EDGE('',*,*,#4323,.T.);
#4323 = EDGE_CURVE('',#4316,#4324,#4326,.T.);
#4324 = VERTEX_POINT('',#4325);
#4325 = CARTESIAN_POINT('',(49.3,27.15,7.1));
#4326 = LINE('',#4327,#4328);
#4327 = CARTESIAN_POINT('',(49.3,27.6,6.65));
#4328 = VECTOR('',#4329,1.);
#4329 = DIRECTION('',(0.,-0.707106781187,0.707106781187));
#4330 = ORIENTED_EDGE('',*,*,#4331,.T.);
#4331 = EDGE_CURVE('',#4324,#4281,#4332,.T.);
#4332 = LINE('',#4333,#4334);
#4333 = CARTESIAN_POINT('',(49.3,27.15,7.1));
#4334 = VECTOR('',#4335,1.);
#4335 = DIRECTION('',(0.,-1.,0.));
#4336 = PLANE('',#4337);
#4337 = AXIS2_PLACEMENT_3D('',#4338,#4339,#4340);
#4338 = CARTESIAN_POINT('',(49.3,27.187489080497,6.748641787299));
#4339 = DIRECTION('',(1.,0.,0.));
#4340 = DIRECTION('',(-0.,0.,1.));
#4341 = ADVANCED_FACE('',(#4342),#4360,.F.);
#4342 = FACE_BOUND('',#4343,.F.);
#4343 = EDGE_LOOP('',(#4344,#4352,#4353,#4354));
#4344 = ORIENTED_EDGE('',*,*,#4345,.F.);
#4345 = EDGE_CURVE('',#4265,#4346,#4348,.T.);
#4346 = VERTEX_POINT('',#4347);
#4347 = CARTESIAN_POINT('',(46.3,27.6,6.5));
#4348 = LINE('',#4349,#4350);
#4349 = CARTESIAN_POINT('',(46.3,26.89,6.5));
#4350 = VECTOR('',#4351,1.);
#4351 = DIRECTION('',(0.,1.,0.));
#4352 = ORIENTED_EDGE('',*,*,#4272,.T.);
#4353 = ORIENTED_EDGE('',*,*,#4307,.T.);
#4354 = ORIENTED_EDGE('',*,*,#4355,.F.);
#4355 = EDGE_CURVE('',#4346,#4308,#4356,.T.);
#4356 = LINE('',#4357,#4358);
#4357 = CARTESIAN_POINT('',(46.3,27.6,6.5));
#4358 = VECTOR('',#4359,1.);
#4359 = DIRECTION('',(1.,0.,0.));
#4360 = PLANE('',#4361);
#4361 = AXIS2_PLACEMENT_3D('',#4362,#4363,#4364);
#4362 = CARTESIAN_POINT('',(46.3,26.89,6.5));
#4363 = DIRECTION('',(0.,0.,1.));
#4364 = DIRECTION('',(0.,1.,0.));
#4365 = ADVANCED_FACE('',(#4366),#4392,.F.);
#4366 = FACE_BOUND('',#4367,.F.);
#4367 = EDGE_LOOP('',(#4368,#4369,#4370,#4378,#4386));
#4368 = ORIENTED_EDGE('',*,*,#4264,.T.);
#4369 = ORIENTED_EDGE('',*,*,#4345,.T.);
#4370 = ORIENTED_EDGE('',*,*,#4371,.T.);
#4371 = EDGE_CURVE('',#4346,#4372,#4374,.T.);
#4372 = VERTEX_POINT('',#4373);
#4373 = CARTESIAN_POINT('',(46.3,27.6,6.65));
#4374 = LINE('',#4375,#4376);
#4375 = CARTESIAN_POINT('',(46.3,27.6,6.5));
#4376 = VECTOR('',#4377,1.);
#4377 = DIRECTION('',(0.,0.,1.));
#4378 = ORIENTED_EDGE('',*,*,#4379,.T.);
#4379 = EDGE_CURVE('',#4372,#4380,#4382,.T.);
#4380 = VERTEX_POINT('',#4381);
#4381 = CARTESIAN_POINT('',(46.3,27.15,7.1));
#4382 = LINE('',#4383,#4384);
#4383 = CARTESIAN_POINT('',(46.3,27.6,6.65));
#4384 = VECTOR('',#4385,1.);
#4385 = DIRECTION('',(0.,-0.707106781187,0.707106781187));
#4386 = ORIENTED_EDGE('',*,*,#4387,.T.);
#4387 = EDGE_CURVE('',#4380,#4257,#4388,.T.);
#4388 = LINE('',#4389,#4390);
#4389 = CARTESIAN_POINT('',(46.3,27.15,7.1));
#4390 = VECTOR('',#4391,1.);
#4391 = DIRECTION('',(0.,-1.,0.));
#4392 = PLANE('',#4393);
#4393 = AXIS2_PLACEMENT_3D('',#4394,#4395,#4396);
#4394 = CARTESIAN_POINT('',(46.3,27.187489080497,6.748641787299));
#4395 = DIRECTION('',(1.,0.,0.));
#4396 = DIRECTION('',(-0.,0.,1.));
#4397 = ADVANCED_FACE('',(#4398),#4414,.F.);
#4398 = FACE_BOUND('',#4399,.F.);
#4399 = EDGE_LOOP('',(#4400,#4406,#4407,#4413));
#4400 = ORIENTED_EDGE('',*,*,#4401,.T.);
#4401 = EDGE_CURVE('',#4372,#4316,#4402,.T.);
#4402 = LINE('',#4403,#4404);
#4403 = CARTESIAN_POINT('',(46.3,27.6,6.65));
#4404 = VECTOR('',#4405,1.);
#4405 = DIRECTION('',(1.,0.,0.));
#4406 = ORIENTED_EDGE('',*,*,#4323,.T.);
#4407 = ORIENTED_EDGE('',*,*,#4408,.F.);
#4408 = EDGE_CURVE('',#4380,#4324,#4409,.T.);
#4409 = LINE('',#4410,#4411);
#4410 = CARTESIAN_POINT('',(46.3,27.15,7.1));
#4411 = VECTOR('',#4412,1.);
#4412 = DIRECTION('',(1.,0.,0.));
#4413 = ORIENTED_EDGE('',*,*,#4379,.F.);
#4414 = PLANE('',#4415);
#4415 = AXIS2_PLACEMENT_3D('',#4416,#4417,#4418);
#4416 = CARTESIAN_POINT('',(46.3,27.6,6.65));
#4417 = DIRECTION('',(0.,-0.707106781187,-0.707106781187));
#4418 = DIRECTION('',(0.,-0.707106781187,0.707106781187));
#4419 = ADVANCED_FACE('',(#4420),#4426,.F.);
#4420 = FACE_BOUND('',#4421,.F.);
#4421 = EDGE_LOOP('',(#4422,#4423,#4424,#4425));
#4422 = ORIENTED_EDGE('',*,*,#4355,.T.);
#4423 = ORIENTED_EDGE('',*,*,#4315,.T.);
#4424 = ORIENTED_EDGE('',*,*,#4401,.F.);
#4425 = ORIENTED_EDGE('',*,*,#4371,.F.);
#4426 = PLANE('',#4427);
#4427 = AXIS2_PLACEMENT_3D('',#4428,#4429,#4430);
#4428 = CARTESIAN_POINT('',(46.3,27.6,6.5));
#4429 = DIRECTION('',(0.,-1.,0.));
#4430 = DIRECTION('',(0.,0.,1.));
#4431 = ADVANCED_FACE('',(#4432),#4442,.T.);
#4432 = FACE_BOUND('',#4433,.T.);
#4433 = EDGE_LOOP('',(#4434,#4435,#4436,#4437,#4438,#4439,#4440,#4441));
#4434 = ORIENTED_EDGE('',*,*,#4256,.F.);
#4435 = ORIENTED_EDGE('',*,*,#4051,.F.);
#4436 = ORIENTED_EDGE('',*,*,#3988,.T.);
#4437 = ORIENTED_EDGE('',*,*,#3641,.T.);
#4438 = ORIENTED_EDGE('',*,*,#4288,.F.);
#4439 = ORIENTED_EDGE('',*,*,#4331,.F.);
#4440 = ORIENTED_EDGE('',*,*,#4408,.F.);
#4441 = ORIENTED_EDGE('',*,*,#4387,.T.);
#4442 = PLANE('',#4443);
#4443 = AXIS2_PLACEMENT_3D('',#4444,#4445,#4446);
#4444 = CARTESIAN_POINT('',(47.942990654206,26.594626168224,7.1));
#4445 = DIRECTION('',(0.,0.,1.));
#4446 = DIRECTION('',(1.,0.,-0.));
#4447 = MANIFOLD_SOLID_BREP('',#4448);
#4448 = CLOSED_SHELL('',(#4449,#4620,#4651,#4799,#4830,#4861,#4883,#4900
    ,#4931,#4962,#4986,#5010,#5027,#5066,#5090,#5106,#5137,#5161,#5185,
    #5202,#5233,#5257,#5281,#5298,#5329,#5357,#5388,#5434,#5446,#5468,
    #5499,#5523,#5547,#5564,#5643,#5668,#5693,#5718,#5727,#5736,#5745,
    #5776,#5794,#5815,#5836,#5852));
#4449 = ADVANCED_FACE('',(#4450,#4581),#4615,.T.);
#4450 = FACE_BOUND('',#4451,.T.);
#4451 = EDGE_LOOP('',(#4452,#4462,#4470,#4478,#4486,#4495,#4503,#4511,
    #4519,#4527,#4535,#4543,#4551,#4559,#4567,#4575));
#4452 = ORIENTED_EDGE('',*,*,#4453,.F.);
#4453 = EDGE_CURVE('',#4454,#4456,#4458,.T.);
#4454 = VERTEX_POINT('',#4455);
#4455 = CARTESIAN_POINT('',(56.,3.,1.5));
#4456 = VERTEX_POINT('',#4457);
#4457 = CARTESIAN_POINT('',(56.,5.6,1.5));
#4458 = LINE('',#4459,#4460);
#4459 = CARTESIAN_POINT('',(56.,3.,1.5));
#4460 = VECTOR('',#4461,1.);
#4461 = DIRECTION('',(-0.,1.,0.));
#4462 = ORIENTED_EDGE('',*,*,#4463,.T.);
#4463 = EDGE_CURVE('',#4454,#4464,#4466,.T.);
#4464 = VERTEX_POINT('',#4465);
#4465 = CARTESIAN_POINT('',(62.8,3.,1.5));
#4466 = LINE('',#4467,#4468);
#4467 = CARTESIAN_POINT('',(56.,3.,1.5));
#4468 = VECTOR('',#4469,1.);
#4469 = DIRECTION('',(1.,0.,-0.));
#4470 = ORIENTED_EDGE('',*,*,#4471,.T.);
#4471 = EDGE_CURVE('',#4464,#4472,#4474,.T.);
#4472 = VERTEX_POINT('',#4473);
#4473 = CARTESIAN_POINT('',(62.8,3.8,1.5));
#4474 = LINE('',#4475,#4476);
#4475 = CARTESIAN_POINT('',(62.8,3.,1.5));
#4476 = VECTOR('',#4477,1.);
#4477 = DIRECTION('',(-0.,1.,0.));
#4478 = ORIENTED_EDGE('',*,*,#4479,.F.);
#4479 = EDGE_CURVE('',#4480,#4472,#4482,.T.);
#4480 = VERTEX_POINT('',#4481);
#4481 = CARTESIAN_POINT('',(64.45,3.8,1.5));
#4482 = LINE('',#4483,#4484);
#4483 = CARTESIAN_POINT('',(59.4,3.8,1.5));
#4484 = VECTOR('',#4485,1.);
#4485 = DIRECTION('',(-1.,-0.,0.));
#4486 = ORIENTED_EDGE('',*,*,#4487,.F.);
#4487 = EDGE_CURVE('',#4488,#4480,#4490,.T.);
#4488 = VERTEX_POINT('',#4489);
#4489 = CARTESIAN_POINT('',(64.45,5.1,1.5));
#4490 = CIRCLE('',#4491,0.65);
#4491 = AXIS2_PLACEMENT_3D('',#4492,#4493,#4494);
#4492 = CARTESIAN_POINT('',(64.45,4.45,1.5));
#4493 = DIRECTION('',(0.,0.,1.));
#4494 = DIRECTION('',(1.,0.,-0.));
#4495 = ORIENTED_EDGE('',*,*,#4496,.F.);
#4496 = EDGE_CURVE('',#4497,#4488,#4499,.T.);
#4497 = VERTEX_POINT('',#4498);
#4498 = CARTESIAN_POINT('',(76.,5.1,1.5));
#4499 = LINE('',#4500,#4501);
#4500 = CARTESIAN_POINT('',(60.225,5.1,1.5));
#4501 = VECTOR('',#4502,1.);
#4502 = DIRECTION('',(-1.,-0.,0.));
#4503 = ORIENTED_EDGE('',*,*,#4504,.T.);
#4504 = EDGE_CURVE('',#4497,#4505,#4507,.T.);
#4505 = VERTEX_POINT('',#4506);
#4506 = CARTESIAN_POINT('',(76.,5.6,1.5));
#4507 = LINE('',#4508,#4509);
#4508 = CARTESIAN_POINT('',(76.,3.,1.5));
#4509 = VECTOR('',#4510,1.);
#4510 = DIRECTION('',(-0.,1.,0.));
#4511 = ORIENTED_EDGE('',*,*,#4512,.T.);
#4512 = EDGE_CURVE('',#4505,#4513,#4515,.T.);
#4513 = VERTEX_POINT('',#4514);
#4514 = CARTESIAN_POINT('',(75.,5.6,1.5));
#4515 = LINE('',#4516,#4517);
#4516 = CARTESIAN_POINT('',(65.5,5.6,1.5));
#4517 = VECTOR('',#4518,1.);
#4518 = DIRECTION('',(-1.,-0.,0.));
#4519 = ORIENTED_EDGE('',*,*,#4520,.T.);
#4520 = EDGE_CURVE('',#4513,#4521,#4523,.T.);
#4521 = VERTEX_POINT('',#4522);
#4522 = CARTESIAN_POINT('',(75.,18.4,1.5));
#4523 = LINE('',#4524,#4525);
#4524 = CARTESIAN_POINT('',(75.,4.3,1.5));
#4525 = VECTOR('',#4526,1.);
#4526 = DIRECTION('',(-0.,1.,0.));
#4527 = ORIENTED_EDGE('',*,*,#4528,.F.);
#4528 = EDGE_CURVE('',#4529,#4521,#4531,.T.);
#4529 = VERTEX_POINT('',#4530);
#4530 = CARTESIAN_POINT('',(76.,18.4,1.5));
#4531 = LINE('',#4532,#4533);
#4532 = CARTESIAN_POINT('',(65.5,18.4,1.5));
#4533 = VECTOR('',#4534,1.);
#4534 = DIRECTION('',(-1.,-0.,0.));
#4535 = ORIENTED_EDGE('',*,*,#4536,.T.);
#4536 = EDGE_CURVE('',#4529,#4537,#4539,.T.);
#4537 = VERTEX_POINT('',#4538);
#4538 = CARTESIAN_POINT('',(76.,21.,1.5));
#4539 = LINE('',#4540,#4541);
#4540 = CARTESIAN_POINT('',(76.,3.,1.5));
#4541 = VECTOR('',#4542,1.);
#4542 = DIRECTION('',(-0.,1.,0.));
#4543 = ORIENTED_EDGE('',*,*,#4544,.F.);
#4544 = EDGE_CURVE('',#4545,#4537,#4547,.T.);
#4545 = VERTEX_POINT('',#4546);
#4546 = CARTESIAN_POINT('',(56.,21.,1.5));
#4547 = LINE('',#4548,#4549);
#4548 = CARTESIAN_POINT('',(56.,21.,1.5));
#4549 = VECTOR('',#4550,1.);
#4550 = DIRECTION('',(1.,0.,-0.));
#4551 = ORIENTED_EDGE('',*,*,#4552,.F.);
#4552 = EDGE_CURVE('',#4553,#4545,#4555,.T.);
#4553 = VERTEX_POINT('',#4554);
#4554 = CARTESIAN_POINT('',(56.,18.4,1.5));
#4555 = LINE('',#4556,#4557);
#4556 = CARTESIAN_POINT('',(56.,3.,1.5));
#4557 = VECTOR('',#4558,1.);
#4558 = DIRECTION('',(-0.,1.,0.));
#4559 = ORIENTED_EDGE('',*,*,#4560,.F.);
#4560 = EDGE_CURVE('',#4561,#4553,#4563,.T.);
#4561 = VERTEX_POINT('',#4562);
#4562 = CARTESIAN_POINT('',(57.,18.4,1.5));
#4563 = LINE('',#4564,#4565);
#4564 = CARTESIAN_POINT('',(56.,18.4,1.5));
#4565 = VECTOR('',#4566,1.);
#4566 = DIRECTION('',(-1.,-0.,0.));
#4567 = ORIENTED_EDGE('',*,*,#4568,.F.);
#4568 = EDGE_CURVE('',#4569,#4561,#4571,.T.);
#4569 = VERTEX_POINT('',#4570);
#4570 = CARTESIAN_POINT('',(57.,5.6,1.5));
#4571 = LINE('',#4572,#4573);
#4572 = CARTESIAN_POINT('',(57.,4.3,1.5));
#4573 = VECTOR('',#4574,1.);
#4574 = DIRECTION('',(-0.,1.,0.));
#4575 = ORIENTED_EDGE('',*,*,#4576,.T.);
#4576 = EDGE_CURVE('',#4569,#4456,#4577,.T.);
#4577 = LINE('',#4578,#4579);
#4578 = CARTESIAN_POINT('',(56.,5.6,1.5));
#4579 = VECTOR('',#4580,1.);
#4580 = DIRECTION('',(-1.,-0.,0.));
#4581 = FACE_BOUND('',#4582,.T.);
#4582 = EDGE_LOOP('',(#4583,#4593,#4601,#4609));
#4583 = ORIENTED_EDGE('',*,*,#4584,.T.);
#4584 = EDGE_CURVE('',#4585,#4587,#4589,.T.);
#4585 = VERTEX_POINT('',#4586);
#4586 = CARTESIAN_POINT('',(71.4,7.8,1.5));
#4587 = VERTEX_POINT('',#4588);
#4588 = CARTESIAN_POINT('',(60.6,7.8,1.5));
#4589 = LINE('',#4590,#4591);
#4590 = CARTESIAN_POINT('',(58.3,7.8,1.5));
#4591 = VECTOR('',#4592,1.);
#4592 = DIRECTION('',(-1.,-0.,0.));
#4593 = ORIENTED_EDGE('',*,*,#4594,.T.);
#4594 = EDGE_CURVE('',#4587,#4595,#4597,.T.);
#4595 = VERTEX_POINT('',#4596);
#4596 = CARTESIAN_POINT('',(60.6,16.2,1.5));
#4597 = LINE('',#4598,#4599);
#4598 = CARTESIAN_POINT('',(60.6,5.4,1.5));
#4599 = VECTOR('',#4600,1.);
#4600 = DIRECTION('',(-0.,1.,0.));
#4601 = ORIENTED_EDGE('',*,*,#4602,.F.);
#4602 = EDGE_CURVE('',#4603,#4595,#4605,.T.);
#4603 = VERTEX_POINT('',#4604);
#4604 = CARTESIAN_POINT('',(71.4,16.2,1.5));
#4605 = LINE('',#4606,#4607);
#4606 = CARTESIAN_POINT('',(58.3,16.2,1.5));
#4607 = VECTOR('',#4608,1.);
#4608 = DIRECTION('',(-1.,-0.,0.));
#4609 = ORIENTED_EDGE('',*,*,#4610,.F.);
#4610 = EDGE_CURVE('',#4585,#4603,#4611,.T.);
#4611 = LINE('',#4612,#4613);
#4612 = CARTESIAN_POINT('',(71.4,5.4,1.5));
#4613 = VECTOR('',#4614,1.);
#4614 = DIRECTION('',(-0.,1.,0.));
#4615 = PLANE('',#4616);
#4616 = AXIS2_PLACEMENT_3D('',#4617,#4618,#4619);
#4617 = CARTESIAN_POINT('',(56.,3.,1.5));
#4618 = DIRECTION('',(0.,0.,1.));
#4619 = DIRECTION('',(1.,0.,-0.));
#4620 = ADVANCED_FACE('',(#4621),#4646,.T.);
#4621 = FACE_BOUND('',#4622,.T.);
#4622 = EDGE_LOOP('',(#4623,#4633,#4639,#4640));
#4623 = ORIENTED_EDGE('',*,*,#4624,.F.);
#4624 = EDGE_CURVE('',#4625,#4627,#4629,.T.);
#4625 = VERTEX_POINT('',#4626);
#4626 = CARTESIAN_POINT('',(56.,21.,0.));
#4627 = VERTEX_POINT('',#4628);
#4628 = CARTESIAN_POINT('',(76.,21.,0.));
#4629 = LINE('',#4630,#4631);
#4630 = CARTESIAN_POINT('',(56.,21.,0.));
#4631 = VECTOR('',#4632,1.);
#4632 = DIRECTION('',(1.,0.,-0.));
#4633 = ORIENTED_EDGE('',*,*,#4634,.T.);
#4634 = EDGE_CURVE('',#4625,#4545,#4635,.T.);
#4635 = LINE('',#4636,#4637);
#4636 = CARTESIAN_POINT('',(56.,21.,0.));
#4637 = VECTOR('',#4638,1.);
#4638 = DIRECTION('',(0.,0.,1.));
#4639 = ORIENTED_EDGE('',*,*,#4544,.T.);
#4640 = ORIENTED_EDGE('',*,*,#4641,.F.);
#4641 = EDGE_CURVE('',#4627,#4537,#4642,.T.);
#4642 = LINE('',#4643,#4644);
#4643 = CARTESIAN_POINT('',(76.,21.,0.));
#4644 = VECTOR('',#4645,1.);
#4645 = DIRECTION('',(0.,0.,1.));
#4646 = PLANE('',#4647);
#4647 = AXIS2_PLACEMENT_3D('',#4648,#4649,#4650);
#4648 = CARTESIAN_POINT('',(56.,21.,0.));
#4649 = DIRECTION('',(-0.,1.,0.));
#4650 = DIRECTION('',(0.,0.,1.));
#4651 = ADVANCED_FACE('',(#4652,#4726,#4760),#4794,.F.);
#4652 = FACE_BOUND('',#4653,.F.);
#4653 = EDGE_LOOP('',(#4654,#4664,#4670,#4671,#4679,#4687,#4695,#4703,
    #4711,#4719));
#4654 = ORIENTED_EDGE('',*,*,#4655,.F.);
#4655 = EDGE_CURVE('',#4656,#4658,#4660,.T.);
#4656 = VERTEX_POINT('',#4657);
#4657 = CARTESIAN_POINT('',(76.,5.1,0.));
#4658 = VERTEX_POINT('',#4659);
#4659 = CARTESIAN_POINT('',(64.45,5.1,0.));
#4660 = LINE('',#4661,#4662);
#4661 = CARTESIAN_POINT('',(60.225,5.1,0.));
#4662 = VECTOR('',#4663,1.);
#4663 = DIRECTION('',(-1.,-0.,0.));
#4664 = ORIENTED_EDGE('',*,*,#4665,.T.);
#4665 = EDGE_CURVE('',#4656,#4627,#4666,.T.);
#4666 = LINE('',#4667,#4668);
#4667 = CARTESIAN_POINT('',(76.,3.,0.));
#4668 = VECTOR('',#4669,1.);
#4669 = DIRECTION('',(-0.,1.,0.));
#4670 = ORIENTED_EDGE('',*,*,#4624,.F.);
#4671 = ORIENTED_EDGE('',*,*,#4672,.F.);
#4672 = EDGE_CURVE('',#4673,#4625,#4675,.T.);
#4673 = VERTEX_POINT('',#4674);
#4674 = CARTESIAN_POINT('',(56.,3.,0.));
#4675 = LINE('',#4676,#4677);
#4676 = CARTESIAN_POINT('',(56.,3.,0.));
#4677 = VECTOR('',#4678,1.);
#4678 = DIRECTION('',(-0.,1.,0.));
#4679 = ORIENTED_EDGE('',*,*,#4680,.T.);
#4680 = EDGE_CURVE('',#4673,#4681,#4683,.T.);
#4681 = VERTEX_POINT('',#4682);
#4682 = CARTESIAN_POINT('',(63.8,3.,0.));
#4683 = LINE('',#4684,#4685);
#4684 = CARTESIAN_POINT('',(56.,3.,0.));
#4685 = VECTOR('',#4686,1.);
#4686 = DIRECTION('',(1.,0.,-0.));
#4687 = ORIENTED_EDGE('',*,*,#4688,.F.);
#4688 = EDGE_CURVE('',#4689,#4681,#4691,.T.);
#4689 = VERTEX_POINT('',#4690);
#4690 = CARTESIAN_POINT('',(63.8,3.24,5.073268178785E-18));
#4691 = LINE('',#4692,#4693);
#4692 = CARTESIAN_POINT('',(63.8,3.040961940777,0.));
#4693 = VECTOR('',#4694,1.);
#4694 = DIRECTION('',(0.,-1.,0.));
#4695 = ORIENTED_EDGE('',*,*,#4696,.F.);
#4696 = EDGE_CURVE('',#4697,#4689,#4699,.T.);
#4697 = VERTEX_POINT('',#4698);
#4698 = CARTESIAN_POINT('',(76.,3.24,0.));
#4699 = LINE('',#4700,#4701);
#4700 = CARTESIAN_POINT('',(59.9,3.24,-8.326672684689E-17));
#4701 = VECTOR('',#4702,1.);
#4702 = DIRECTION('',(-1.,-0.,0.));
#4703 = ORIENTED_EDGE('',*,*,#4704,.T.);
#4704 = EDGE_CURVE('',#4697,#4705,#4707,.T.);
#4705 = VERTEX_POINT('',#4706);
#4706 = CARTESIAN_POINT('',(76.,3.8,0.));
#4707 = LINE('',#4708,#4709);
#4708 = CARTESIAN_POINT('',(76.,3.,0.));
#4709 = VECTOR('',#4710,1.);
#4710 = DIRECTION('',(-0.,1.,0.));
#4711 = ORIENTED_EDGE('',*,*,#4712,.T.);
#4712 = EDGE_CURVE('',#4705,#4713,#4715,.T.);
#4713 = VERTEX_POINT('',#4714);
#4714 = CARTESIAN_POINT('',(64.45,3.8,0.));
#4715 = LINE('',#4716,#4717);
#4716 = CARTESIAN_POINT('',(60.225,3.8,0.));
#4717 = VECTOR('',#4718,1.);
#4718 = DIRECTION('',(-1.,-0.,0.));
#4719 = ORIENTED_EDGE('',*,*,#4720,.F.);
#4720 = EDGE_CURVE('',#4658,#4713,#4721,.T.);
#4721 = CIRCLE('',#4722,0.65);
#4722 = AXIS2_PLACEMENT_3D('',#4723,#4724,#4725);
#4723 = CARTESIAN_POINT('',(64.45,4.45,0.));
#4724 = DIRECTION('',(0.,0.,1.));
#4725 = DIRECTION('',(1.,0.,-0.));
#4726 = FACE_BOUND('',#4727,.F.);
#4727 = EDGE_LOOP('',(#4728,#4738,#4746,#4754));
#4728 = ORIENTED_EDGE('',*,*,#4729,.T.);
#4729 = EDGE_CURVE('',#4730,#4732,#4734,.T.);
#4730 = VERTEX_POINT('',#4731);
#4731 = CARTESIAN_POINT('',(70.6,8.6,0.));
#4732 = VERTEX_POINT('',#4733);
#4733 = CARTESIAN_POINT('',(61.4,8.6,0.));
#4734 = LINE('',#4735,#4736);
#4735 = CARTESIAN_POINT('',(58.7,8.6,0.));
#4736 = VECTOR('',#4737,1.);
#4737 = DIRECTION('',(-1.,-0.,0.));
#4738 = ORIENTED_EDGE('',*,*,#4739,.T.);
#4739 = EDGE_CURVE('',#4732,#4740,#4742,.T.);
#4740 = VERTEX_POINT('',#4741);
#4741 = CARTESIAN_POINT('',(61.4,15.4,0.));
#4742 = LINE('',#4743,#4744);
#4743 = CARTESIAN_POINT('',(61.4,5.8,0.));
#4744 = VECTOR('',#4745,1.);
#4745 = DIRECTION('',(-0.,1.,0.));
#4746 = ORIENTED_EDGE('',*,*,#4747,.F.);
#4747 = EDGE_CURVE('',#4748,#4740,#4750,.T.);
#4748 = VERTEX_POINT('',#4749);
#4749 = CARTESIAN_POINT('',(70.6,15.4,0.));
#4750 = LINE('',#4751,#4752);
#4751 = CARTESIAN_POINT('',(58.7,15.4,0.));
#4752 = VECTOR('',#4753,1.);
#4753 = DIRECTION('',(-1.,-0.,0.));
#4754 = ORIENTED_EDGE('',*,*,#4755,.F.);
#4755 = EDGE_CURVE('',#4730,#4748,#4756,.T.);
#4756 = LINE('',#4757,#4758);
#4757 = CARTESIAN_POINT('',(70.6,5.8,0.));
#4758 = VECTOR('',#4759,1.);
#4759 = DIRECTION('',(-0.,1.,0.));
#4760 = FACE_BOUND('',#4761,.F.);
#4761 = EDGE_LOOP('',(#4762,#4772,#4780,#4788));
#4762 = ORIENTED_EDGE('',*,*,#4763,.T.);
#4763 = EDGE_CURVE('',#4764,#4766,#4768,.T.);
#4764 = VERTEX_POINT('',#4765);
#4765 = CARTESIAN_POINT('',(61.3,16.,0.));
#4766 = VERTEX_POINT('',#4767);
#4767 = CARTESIAN_POINT('',(56.3,16.,0.));
#4768 = LINE('',#4769,#4770);
#4769 = CARTESIAN_POINT('',(56.15,16.,0.));
#4770 = VECTOR('',#4771,1.);
#4771 = DIRECTION('',(-1.,-0.,0.));
#4772 = ORIENTED_EDGE('',*,*,#4773,.T.);
#4773 = EDGE_CURVE('',#4766,#4774,#4776,.T.);
#4774 = VERTEX_POINT('',#4775);
#4775 = CARTESIAN_POINT('',(56.3,19.,0.));
#4776 = LINE('',#4777,#4778);
#4777 = CARTESIAN_POINT('',(56.3,9.5,0.));
#4778 = VECTOR('',#4779,1.);
#4779 = DIRECTION('',(-0.,1.,0.));
#4780 = ORIENTED_EDGE('',*,*,#4781,.F.);
#4781 = EDGE_CURVE('',#4782,#4774,#4784,.T.);
#4782 = VERTEX_POINT('',#4783);
#4783 = CARTESIAN_POINT('',(61.3,19.,0.));
#4784 = LINE('',#4785,#4786);
#4785 = CARTESIAN_POINT('',(56.15,19.,0.));
#4786 = VECTOR('',#4787,1.);
#4787 = DIRECTION('',(-1.,-0.,0.));
#4788 = ORIENTED_EDGE('',*,*,#4789,.F.);
#4789 = EDGE_CURVE('',#4764,#4782,#4790,.T.);
#4790 = LINE('',#4791,#4792);
#4791 = CARTESIAN_POINT('',(61.3,9.5,0.));
#4792 = VECTOR('',#4793,1.);
#4793 = DIRECTION('',(-0.,1.,0.));
#4794 = PLANE('',#4795);
#4795 = AXIS2_PLACEMENT_3D('',#4796,#4797,#4798);
#4796 = CARTESIAN_POINT('',(56.,3.,0.));
#4797 = DIRECTION('',(0.,0.,1.));
#4798 = DIRECTION('',(1.,0.,-0.));
#4799 = ADVANCED_FACE('',(#4800),#4825,.T.);
#4800 = FACE_BOUND('',#4801,.T.);
#4801 = EDGE_LOOP('',(#4802,#4812,#4818,#4819));
#4802 = ORIENTED_EDGE('',*,*,#4803,.F.);
#4803 = EDGE_CURVE('',#4804,#4806,#4808,.T.);
#4804 = VERTEX_POINT('',#4805);
#4805 = CARTESIAN_POINT('',(57.,5.6,4.29));
#4806 = VERTEX_POINT('',#4807);
#4807 = CARTESIAN_POINT('',(57.,18.4,4.29));
#4808 = LINE('',#4809,#4810);
#4809 = CARTESIAN_POINT('',(57.,5.6,4.29));
#4810 = VECTOR('',#4811,1.);
#4811 = DIRECTION('',(-0.,1.,0.));
#4812 = ORIENTED_EDGE('',*,*,#4813,.F.);
#4813 = EDGE_CURVE('',#4569,#4804,#4814,.T.);
#4814 = LINE('',#4815,#4816);
#4815 = CARTESIAN_POINT('',(57.,5.6,1.49));
#4816 = VECTOR('',#4817,1.);
#4817 = DIRECTION('',(0.,0.,1.));
#4818 = ORIENTED_EDGE('',*,*,#4568,.T.);
#4819 = ORIENTED_EDGE('',*,*,#4820,.T.);
#4820 = EDGE_CURVE('',#4561,#4806,#4821,.T.);
#4821 = LINE('',#4822,#4823);
#4822 = CARTESIAN_POINT('',(57.,18.4,1.49));
#4823 = VECTOR('',#4824,1.);
#4824 = DIRECTION('',(0.,0.,1.));
#4825 = PLANE('',#4826);
#4826 = AXIS2_PLACEMENT_3D('',#4827,#4828,#4829);
#4827 = CARTESIAN_POINT('',(57.,5.6,1.49));
#4828 = DIRECTION('',(1.,0.,-0.));
#4829 = DIRECTION('',(0.,0.,1.));
#4830 = ADVANCED_FACE('',(#4831),#4856,.F.);
#4831 = FACE_BOUND('',#4832,.F.);
#4832 = EDGE_LOOP('',(#4833,#4843,#4849,#4850));
#4833 = ORIENTED_EDGE('',*,*,#4834,.F.);
#4834 = EDGE_CURVE('',#4835,#4837,#4839,.T.);
#4835 = VERTEX_POINT('',#4836);
#4836 = CARTESIAN_POINT('',(75.,5.6,4.29));
#4837 = VERTEX_POINT('',#4838);
#4838 = CARTESIAN_POINT('',(75.,18.4,4.29));
#4839 = LINE('',#4840,#4841);
#4840 = CARTESIAN_POINT('',(75.,5.6,4.29));
#4841 = VECTOR('',#4842,1.);
#4842 = DIRECTION('',(-0.,1.,0.));
#4843 = ORIENTED_EDGE('',*,*,#4844,.F.);
#4844 = EDGE_CURVE('',#4513,#4835,#4845,.T.);
#4845 = LINE('',#4846,#4847);
#4846 = CARTESIAN_POINT('',(75.,5.6,1.49));
#4847 = VECTOR('',#4848,1.);
#4848 = DIRECTION('',(0.,0.,1.));
#4849 = ORIENTED_EDGE('',*,*,#4520,.T.);
#4850 = ORIENTED_EDGE('',*,*,#4851,.T.);
#4851 = EDGE_CURVE('',#4521,#4837,#4852,.T.);
#4852 = LINE('',#4853,#4854);
#4853 = CARTESIAN_POINT('',(75.,18.4,1.49));
#4854 = VECTOR('',#4855,1.);
#4855 = DIRECTION('',(0.,0.,1.));
#4856 = PLANE('',#4857);
#4857 = AXIS2_PLACEMENT_3D('',#4858,#4859,#4860);
#4858 = CARTESIAN_POINT('',(75.,5.6,1.49));
#4859 = DIRECTION('',(1.,0.,-0.));
#4860 = DIRECTION('',(0.,0.,1.));
#4861 = ADVANCED_FACE('',(#4862),#4878,.F.);
#4862 = FACE_BOUND('',#4863,.F.);
#4863 = EDGE_LOOP('',(#4864,#4865,#4871,#4872));
#4864 = ORIENTED_EDGE('',*,*,#4655,.T.);
#4865 = ORIENTED_EDGE('',*,*,#4866,.T.);
#4866 = EDGE_CURVE('',#4658,#4488,#4867,.T.);
#4867 = LINE('',#4868,#4869);
#4868 = CARTESIAN_POINT('',(64.45,5.1,-1.));
#4869 = VECTOR('',#4870,1.);
#4870 = DIRECTION('',(0.,0.,1.));
#4871 = ORIENTED_EDGE('',*,*,#4496,.F.);
#4872 = ORIENTED_EDGE('',*,*,#4873,.F.);
#4873 = EDGE_CURVE('',#4656,#4497,#4874,.T.);
#4874 = LINE('',#4875,#4876);
#4875 = CARTESIAN_POINT('',(76.,5.1,-0.5));
#4876 = VECTOR('',#4877,1.);
#4877 = DIRECTION('',(0.,0.,1.));
#4878 = PLANE('',#4879);
#4879 = AXIS2_PLACEMENT_3D('',#4880,#4881,#4882);
#4880 = CARTESIAN_POINT('',(64.45,5.1,-1.));
#4881 = DIRECTION('',(-0.,1.,0.));
#4882 = DIRECTION('',(0.,0.,1.));
#4883 = ADVANCED_FACE('',(#4884),#4895,.F.);
#4884 = FACE_BOUND('',#4885,.F.);
#4885 = EDGE_LOOP('',(#4886,#4887,#4888,#4894));
#4886 = ORIENTED_EDGE('',*,*,#4866,.F.);
#4887 = ORIENTED_EDGE('',*,*,#4720,.T.);
#4888 = ORIENTED_EDGE('',*,*,#4889,.T.);
#4889 = EDGE_CURVE('',#4713,#4480,#4890,.T.);
#4890 = LINE('',#4891,#4892);
#4891 = CARTESIAN_POINT('',(64.45,3.8,-1.));
#4892 = VECTOR('',#4893,1.);
#4893 = DIRECTION('',(0.,0.,1.));
#4894 = ORIENTED_EDGE('',*,*,#4487,.F.);
#4895 = CYLINDRICAL_SURFACE('',#4896,0.65);
#4896 = AXIS2_PLACEMENT_3D('',#4897,#4898,#4899);
#4897 = CARTESIAN_POINT('',(64.45,4.45,-1.));
#4898 = DIRECTION('',(0.,0.,1.));
#4899 = DIRECTION('',(1.,0.,-0.));
#4900 = ADVANCED_FACE('',(#4901),#4926,.F.);
#4901 = FACE_BOUND('',#4902,.F.);
#4902 = EDGE_LOOP('',(#4903,#4911,#4912,#4920));
#4903 = ORIENTED_EDGE('',*,*,#4904,.F.);
#4904 = EDGE_CURVE('',#4464,#4905,#4907,.T.);
#4905 = VERTEX_POINT('',#4906);
#4906 = CARTESIAN_POINT('',(62.8,3.,3.));
#4907 = LINE('',#4908,#4909);
#4908 = CARTESIAN_POINT('',(62.8,3.,1.49));
#4909 = VECTOR('',#4910,1.);
#4910 = DIRECTION('',(0.,0.,1.));
#4911 = ORIENTED_EDGE('',*,*,#4471,.T.);
#4912 = ORIENTED_EDGE('',*,*,#4913,.T.);
#4913 = EDGE_CURVE('',#4472,#4914,#4916,.T.);
#4914 = VERTEX_POINT('',#4915);
#4915 = CARTESIAN_POINT('',(62.8,3.8,3.));
#4916 = LINE('',#4917,#4918);
#4917 = CARTESIAN_POINT('',(62.8,3.8,1.49));
#4918 = VECTOR('',#4919,1.);
#4919 = DIRECTION('',(0.,0.,1.));
#4920 = ORIENTED_EDGE('',*,*,#4921,.F.);
#4921 = EDGE_CURVE('',#4905,#4914,#4922,.T.);
#4922 = LINE('',#4923,#4924);
#4923 = CARTESIAN_POINT('',(62.8,3.,3.));
#4924 = VECTOR('',#4925,1.);
#4925 = DIRECTION('',(-0.,1.,0.));
#4926 = PLANE('',#4927);
#4927 = AXIS2_PLACEMENT_3D('',#4928,#4929,#4930);
#4928 = CARTESIAN_POINT('',(62.8,3.,1.49));
#4929 = DIRECTION('',(1.,0.,-0.));
#4930 = DIRECTION('',(0.,0.,1.));
#4931 = ADVANCED_FACE('',(#4932),#4957,.F.);
#4932 = FACE_BOUND('',#4933,.F.);
#4933 = EDGE_LOOP('',(#4934,#4942,#4943,#4951));
#4934 = ORIENTED_EDGE('',*,*,#4935,.F.);
#4935 = EDGE_CURVE('',#4585,#4936,#4938,.T.);
#4936 = VERTEX_POINT('',#4937);
#4937 = CARTESIAN_POINT('',(71.4,7.8,4.29));
#4938 = LINE('',#4939,#4940);
#4939 = CARTESIAN_POINT('',(71.4,7.8,1.49));
#4940 = VECTOR('',#4941,1.);
#4941 = DIRECTION('',(0.,0.,1.));
#4942 = ORIENTED_EDGE('',*,*,#4584,.T.);
#4943 = ORIENTED_EDGE('',*,*,#4944,.T.);
#4944 = EDGE_CURVE('',#4587,#4945,#4947,.T.);
#4945 = VERTEX_POINT('',#4946);
#4946 = CARTESIAN_POINT('',(60.6,7.8,4.29));
#4947 = LINE('',#4948,#4949);
#4948 = CARTESIAN_POINT('',(60.6,7.8,1.49));
#4949 = VECTOR('',#4950,1.);
#4950 = DIRECTION('',(0.,0.,1.));
#4951 = ORIENTED_EDGE('',*,*,#4952,.T.);
#4952 = EDGE_CURVE('',#4945,#4936,#4953,.T.);
#4953 = LINE('',#4954,#4955);
#4954 = CARTESIAN_POINT('',(58.3,7.8,4.29));
#4955 = VECTOR('',#4956,1.);
#4956 = DIRECTION('',(1.,0.,-0.));
#4957 = PLANE('',#4958);
#4958 = AXIS2_PLACEMENT_3D('',#4959,#4960,#4961);
#4959 = CARTESIAN_POINT('',(60.6,7.8,1.49));
#4960 = DIRECTION('',(-0.,1.,0.));
#4961 = DIRECTION('',(0.,0.,1.));
#4962 = ADVANCED_FACE('',(#4963),#4981,.T.);
#4963 = FACE_BOUND('',#4964,.T.);
#4964 = EDGE_LOOP('',(#4965,#4966,#4967,#4975));
#4965 = ORIENTED_EDGE('',*,*,#4935,.F.);
#4966 = ORIENTED_EDGE('',*,*,#4610,.T.);
#4967 = ORIENTED_EDGE('',*,*,#4968,.T.);
#4968 = EDGE_CURVE('',#4603,#4969,#4971,.T.);
#4969 = VERTEX_POINT('',#4970);
#4970 = CARTESIAN_POINT('',(71.4,16.2,4.29));
#4971 = LINE('',#4972,#4973);
#4972 = CARTESIAN_POINT('',(71.4,16.2,1.49));
#4973 = VECTOR('',#4974,1.);
#4974 = DIRECTION('',(0.,0.,1.));
#4975 = ORIENTED_EDGE('',*,*,#4976,.T.);
#4976 = EDGE_CURVE('',#4969,#4936,#4977,.T.);
#4977 = LINE('',#4978,#4979);
#4978 = CARTESIAN_POINT('',(71.4,6.7,4.29));
#4979 = VECTOR('',#4980,1.);
#4980 = DIRECTION('',(0.,-1.,0.));
#4981 = PLANE('',#4982);
#4982 = AXIS2_PLACEMENT_3D('',#4983,#4984,#4985);
#4983 = CARTESIAN_POINT('',(71.4,7.8,1.49));
#4984 = DIRECTION('',(1.,0.,-0.));
#4985 = DIRECTION('',(0.,0.,1.));
#4986 = ADVANCED_FACE('',(#4987),#5005,.F.);
#4987 = FACE_BOUND('',#4988,.F.);
#4988 = EDGE_LOOP('',(#4989,#4990,#4991,#4999));
#4989 = ORIENTED_EDGE('',*,*,#4944,.F.);
#4990 = ORIENTED_EDGE('',*,*,#4594,.T.);
#4991 = ORIENTED_EDGE('',*,*,#4992,.T.);
#4992 = EDGE_CURVE('',#4595,#4993,#4995,.T.);
#4993 = VERTEX_POINT('',#4994);
#4994 = CARTESIAN_POINT('',(60.6,16.2,4.29));
#4995 = LINE('',#4996,#4997);
#4996 = CARTESIAN_POINT('',(60.6,16.2,1.49));
#4997 = VECTOR('',#4998,1.);
#4998 = DIRECTION('',(0.,0.,1.));
#4999 = ORIENTED_EDGE('',*,*,#5000,.T.);
#5000 = EDGE_CURVE('',#4993,#4945,#5001,.T.);
#5001 = LINE('',#5002,#5003);
#5002 = CARTESIAN_POINT('',(60.6,6.7,4.29));
#5003 = VECTOR('',#5004,1.);
#5004 = DIRECTION('',(0.,-1.,0.));
#5005 = PLANE('',#5006);
#5006 = AXIS2_PLACEMENT_3D('',#5007,#5008,#5009);
#5007 = CARTESIAN_POINT('',(60.6,7.8,1.49));
#5008 = DIRECTION('',(1.,0.,-0.));
#5009 = DIRECTION('',(0.,0.,1.));
#5010 = ADVANCED_FACE('',(#5011),#5022,.T.);
#5011 = FACE_BOUND('',#5012,.T.);
#5012 = EDGE_LOOP('',(#5013,#5014,#5015,#5016));
#5013 = ORIENTED_EDGE('',*,*,#4968,.F.);
#5014 = ORIENTED_EDGE('',*,*,#4602,.T.);
#5015 = ORIENTED_EDGE('',*,*,#4992,.T.);
#5016 = ORIENTED_EDGE('',*,*,#5017,.T.);
#5017 = EDGE_CURVE('',#4993,#4969,#5018,.T.);
#5018 = LINE('',#5019,#5020);
#5019 = CARTESIAN_POINT('',(58.3,16.2,4.29));
#5020 = VECTOR('',#5021,1.);
#5021 = DIRECTION('',(1.,0.,-0.));
#5022 = PLANE('',#5023);
#5023 = AXIS2_PLACEMENT_3D('',#5024,#5025,#5026);
#5024 = CARTESIAN_POINT('',(60.6,16.2,1.49));
#5025 = DIRECTION('',(-0.,1.,0.));
#5026 = DIRECTION('',(0.,0.,1.));
#5027 = ADVANCED_FACE('',(#5028),#5061,.T.);
#5028 = FACE_BOUND('',#5029,.T.);
#5029 = EDGE_LOOP('',(#5030,#5040,#5048,#5054,#5055));
#5030 = ORIENTED_EDGE('',*,*,#5031,.F.);
#5031 = EDGE_CURVE('',#5032,#5034,#5036,.T.);
#5032 = VERTEX_POINT('',#5033);
#5033 = CARTESIAN_POINT('',(76.,3.,1.5));
#5034 = VERTEX_POINT('',#5035);
#5035 = CARTESIAN_POINT('',(76.,3.8,1.5));
#5036 = LINE('',#5037,#5038);
#5037 = CARTESIAN_POINT('',(76.,3.,1.5));
#5038 = VECTOR('',#5039,1.);
#5039 = DIRECTION('',(-0.,1.,0.));
#5040 = ORIENTED_EDGE('',*,*,#5041,.F.);
#5041 = EDGE_CURVE('',#5042,#5032,#5044,.T.);
#5042 = VERTEX_POINT('',#5043);
#5043 = CARTESIAN_POINT('',(76.,3.,0.24));
#5044 = LINE('',#5045,#5046);
#5045 = CARTESIAN_POINT('',(76.,3.,0.));
#5046 = VECTOR('',#5047,1.);
#5047 = DIRECTION('',(0.,0.,1.));
#5048 = ORIENTED_EDGE('',*,*,#5049,.F.);
#5049 = EDGE_CURVE('',#4697,#5042,#5050,.T.);
#5050 = LINE('',#5051,#5052);
#5051 = CARTESIAN_POINT('',(76.,3.055,0.185));
#5052 = VECTOR('',#5053,1.);
#5053 = DIRECTION('',(0.,-0.707106781187,0.707106781187));
#5054 = ORIENTED_EDGE('',*,*,#4704,.T.);
#5055 = ORIENTED_EDGE('',*,*,#5056,.T.);
#5056 = EDGE_CURVE('',#4705,#5034,#5057,.T.);
#5057 = LINE('',#5058,#5059);
#5058 = CARTESIAN_POINT('',(76.,3.8,-0.5));
#5059 = VECTOR('',#5060,1.);
#5060 = DIRECTION('',(0.,0.,1.));
#5061 = PLANE('',#5062);
#5062 = AXIS2_PLACEMENT_3D('',#5063,#5064,#5065);
#5063 = CARTESIAN_POINT('',(76.,3.,0.));
#5064 = DIRECTION('',(1.,0.,-0.));
#5065 = DIRECTION('',(0.,0.,1.));
#5066 = ADVANCED_FACE('',(#5067),#5085,.F.);
#5067 = FACE_BOUND('',#5068,.F.);
#5068 = EDGE_LOOP('',(#5069,#5077,#5083,#5084));
#5069 = ORIENTED_EDGE('',*,*,#5070,.F.);
#5070 = EDGE_CURVE('',#5071,#4689,#5073,.T.);
#5071 = VERTEX_POINT('',#5072);
#5072 = CARTESIAN_POINT('',(63.8,3.,0.24));
#5073 = LINE('',#5074,#5075);
#5074 = CARTESIAN_POINT('',(63.8,2.99,0.25));
#5075 = VECTOR('',#5076,1.);
#5076 = DIRECTION('',(0.,0.707106781187,-0.707106781187));
#5077 = ORIENTED_EDGE('',*,*,#5078,.T.);
#5078 = EDGE_CURVE('',#5071,#5042,#5079,.T.);
#5079 = LINE('',#5080,#5081);
#5080 = CARTESIAN_POINT('',(59.9,3.,0.24));
#5081 = VECTOR('',#5082,1.);
#5082 = DIRECTION('',(1.,0.,0.));
#5083 = ORIENTED_EDGE('',*,*,#5049,.F.);
#5084 = ORIENTED_EDGE('',*,*,#4696,.T.);
#5085 = PLANE('',#5086);
#5086 = AXIS2_PLACEMENT_3D('',#5087,#5088,#5089);
#5087 = CARTESIAN_POINT('',(63.8,2.99,0.25));
#5088 = DIRECTION('',(-0.,0.707106781187,0.707106781187));
#5089 = DIRECTION('',(0.,0.707106781187,-0.707106781187));
#5090 = ADVANCED_FACE('',(#5091),#5101,.F.);
#5091 = FACE_BOUND('',#5092,.F.);
#5092 = EDGE_LOOP('',(#5093,#5094,#5095));
#5093 = ORIENTED_EDGE('',*,*,#5070,.T.);
#5094 = ORIENTED_EDGE('',*,*,#4688,.T.);
#5095 = ORIENTED_EDGE('',*,*,#5096,.T.);
#5096 = EDGE_CURVE('',#4681,#5071,#5097,.T.);
#5097 = LINE('',#5098,#5099);
#5098 = CARTESIAN_POINT('',(63.8,3.,4.096194077713E-02));
#5099 = VECTOR('',#5100,1.);
#5100 = DIRECTION('',(0.,-0.,1.));
#5101 = PLANE('',#5102);
#5102 = AXIS2_PLACEMENT_3D('',#5103,#5104,#5105);
#5103 = CARTESIAN_POINT('',(63.8,3.081923881554,8.192388155425E-02));
#5104 = DIRECTION('',(-1.,-0.,-0.));
#5105 = DIRECTION('',(0.,0.,-1.));
#5106 = ADVANCED_FACE('',(#5107),#5132,.T.);
#5107 = FACE_BOUND('',#5108,.T.);
#5108 = EDGE_LOOP('',(#5109,#5117,#5118,#5126));
#5109 = ORIENTED_EDGE('',*,*,#5110,.F.);
#5110 = EDGE_CURVE('',#4730,#5111,#5113,.T.);
#5111 = VERTEX_POINT('',#5112);
#5112 = CARTESIAN_POINT('',(70.6,8.6,4.3));
#5113 = LINE('',#5114,#5115);
#5114 = CARTESIAN_POINT('',(70.6,8.6,-1.));
#5115 = VECTOR('',#5116,1.);
#5116 = DIRECTION('',(0.,0.,1.));
#5117 = ORIENTED_EDGE('',*,*,#4729,.T.);
#5118 = ORIENTED_EDGE('',*,*,#5119,.T.);
#5119 = EDGE_CURVE('',#4732,#5120,#5122,.T.);
#5120 = VERTEX_POINT('',#5121);
#5121 = CARTESIAN_POINT('',(61.4,8.6,4.3));
#5122 = LINE('',#5123,#5124);
#5123 = CARTESIAN_POINT('',(61.4,8.6,-1.));
#5124 = VECTOR('',#5125,1.);
#5125 = DIRECTION('',(0.,0.,1.));
#5126 = ORIENTED_EDGE('',*,*,#5127,.T.);
#5127 = EDGE_CURVE('',#5120,#5111,#5128,.T.);
#5128 = LINE('',#5129,#5130);
#5129 = CARTESIAN_POINT('',(61.4,8.6,4.3));
#5130 = VECTOR('',#5131,1.);
#5131 = DIRECTION('',(1.,0.,-0.));
#5132 = PLANE('',#5133);
#5133 = AXIS2_PLACEMENT_3D('',#5134,#5135,#5136);
#5134 = CARTESIAN_POINT('',(61.4,8.6,-1.));
#5135 = DIRECTION('',(-0.,1.,0.));
#5136 = DIRECTION('',(0.,0.,1.));
#5137 = ADVANCED_FACE('',(#5138),#5156,.F.);
#5138 = FACE_BOUND('',#5139,.F.);
#5139 = EDGE_LOOP('',(#5140,#5141,#5142,#5150));
#5140 = ORIENTED_EDGE('',*,*,#5110,.F.);
#5141 = ORIENTED_EDGE('',*,*,#4755,.T.);
#5142 = ORIENTED_EDGE('',*,*,#5143,.T.);
#5143 = EDGE_CURVE('',#4748,#5144,#5146,.T.);
#5144 = VERTEX_POINT('',#5145);
#5145 = CARTESIAN_POINT('',(70.6,15.4,4.3));
#5146 = LINE('',#5147,#5148);
#5147 = CARTESIAN_POINT('',(70.6,15.4,-1.));
#5148 = VECTOR('',#5149,1.);
#5149 = DIRECTION('',(0.,0.,1.));
#5150 = ORIENTED_EDGE('',*,*,#5151,.F.);
#5151 = EDGE_CURVE('',#5111,#5144,#5152,.T.);
#5152 = LINE('',#5153,#5154);
#5153 = CARTESIAN_POINT('',(70.6,8.6,4.3));
#5154 = VECTOR('',#5155,1.);
#5155 = DIRECTION('',(-0.,1.,0.));
#5156 = PLANE('',#5157);
#5157 = AXIS2_PLACEMENT_3D('',#5158,#5159,#5160);
#5158 = CARTESIAN_POINT('',(70.6,8.6,-1.));
#5159 = DIRECTION('',(1.,0.,-0.));
#5160 = DIRECTION('',(0.,0.,1.));
#5161 = ADVANCED_FACE('',(#5162),#5180,.T.);
#5162 = FACE_BOUND('',#5163,.T.);
#5163 = EDGE_LOOP('',(#5164,#5165,#5166,#5174));
#5164 = ORIENTED_EDGE('',*,*,#5119,.F.);
#5165 = ORIENTED_EDGE('',*,*,#4739,.T.);
#5166 = ORIENTED_EDGE('',*,*,#5167,.T.);
#5167 = EDGE_CURVE('',#4740,#5168,#5170,.T.);
#5168 = VERTEX_POINT('',#5169);
#5169 = CARTESIAN_POINT('',(61.4,15.4,4.3));
#5170 = LINE('',#5171,#5172);
#5171 = CARTESIAN_POINT('',(61.4,15.4,-1.));
#5172 = VECTOR('',#5173,1.);
#5173 = DIRECTION('',(0.,0.,1.));
#5174 = ORIENTED_EDGE('',*,*,#5175,.F.);
#5175 = EDGE_CURVE('',#5120,#5168,#5176,.T.);
#5176 = LINE('',#5177,#5178);
#5177 = CARTESIAN_POINT('',(61.4,8.6,4.3));
#5178 = VECTOR('',#5179,1.);
#5179 = DIRECTION('',(-0.,1.,0.));
#5180 = PLANE('',#5181);
#5181 = AXIS2_PLACEMENT_3D('',#5182,#5183,#5184);
#5182 = CARTESIAN_POINT('',(61.4,8.6,-1.));
#5183 = DIRECTION('',(1.,0.,-0.));
#5184 = DIRECTION('',(0.,0.,1.));
#5185 = ADVANCED_FACE('',(#5186),#5197,.F.);
#5186 = FACE_BOUND('',#5187,.F.);
#5187 = EDGE_LOOP('',(#5188,#5189,#5190,#5191));
#5188 = ORIENTED_EDGE('',*,*,#5143,.F.);
#5189 = ORIENTED_EDGE('',*,*,#4747,.T.);
#5190 = ORIENTED_EDGE('',*,*,#5167,.T.);
#5191 = ORIENTED_EDGE('',*,*,#5192,.T.);
#5192 = EDGE_CURVE('',#5168,#5144,#5193,.T.);
#5193 = LINE('',#5194,#5195);
#5194 = CARTESIAN_POINT('',(61.4,15.4,4.3));
#5195 = VECTOR('',#5196,1.);
#5196 = DIRECTION('',(1.,0.,-0.));
#5197 = PLANE('',#5198);
#5198 = AXIS2_PLACEMENT_3D('',#5199,#5200,#5201);
#5199 = CARTESIAN_POINT('',(61.4,15.4,-1.));
#5200 = DIRECTION('',(-0.,1.,0.));
#5201 = DIRECTION('',(0.,0.,1.));
#5202 = ADVANCED_FACE('',(#5203),#5228,.T.);
#5203 = FACE_BOUND('',#5204,.T.);
#5204 = EDGE_LOOP('',(#5205,#5213,#5214,#5222));
#5205 = ORIENTED_EDGE('',*,*,#5206,.F.);
#5206 = EDGE_CURVE('',#4764,#5207,#5209,.T.);
#5207 = VERTEX_POINT('',#5208);
#5208 = CARTESIAN_POINT('',(61.3,16.,0.5));
#5209 = LINE('',#5210,#5211);
#5210 = CARTESIAN_POINT('',(61.3,16.,-1.));
#5211 = VECTOR('',#5212,1.);
#5212 = DIRECTION('',(0.,0.,1.));
#5213 = ORIENTED_EDGE('',*,*,#4763,.T.);
#5214 = ORIENTED_EDGE('',*,*,#5215,.T.);
#5215 = EDGE_CURVE('',#4766,#5216,#5218,.T.);
#5216 = VERTEX_POINT('',#5217);
#5217 = CARTESIAN_POINT('',(56.3,16.,0.5));
#5218 = LINE('',#5219,#5220);
#5219 = CARTESIAN_POINT('',(56.3,16.,-1.));
#5220 = VECTOR('',#5221,1.);
#5221 = DIRECTION('',(0.,0.,1.));
#5222 = ORIENTED_EDGE('',*,*,#5223,.T.);
#5223 = EDGE_CURVE('',#5216,#5207,#5224,.T.);
#5224 = LINE('',#5225,#5226);
#5225 = CARTESIAN_POINT('',(56.3,16.,0.5));
#5226 = VECTOR('',#5227,1.);
#5227 = DIRECTION('',(1.,0.,-0.));
#5228 = PLANE('',#5229);
#5229 = AXIS2_PLACEMENT_3D('',#5230,#5231,#5232);
#5230 = CARTESIAN_POINT('',(56.3,16.,-1.));
#5231 = DIRECTION('',(-0.,1.,0.));
#5232 = DIRECTION('',(0.,0.,1.));
#5233 = ADVANCED_FACE('',(#5234),#5252,.F.);
#5234 = FACE_BOUND('',#5235,.F.);
#5235 = EDGE_LOOP('',(#5236,#5237,#5238,#5246));
#5236 = ORIENTED_EDGE('',*,*,#5206,.F.);
#5237 = ORIENTED_EDGE('',*,*,#4789,.T.);
#5238 = ORIENTED_EDGE('',*,*,#5239,.T.);
#5239 = EDGE_CURVE('',#4782,#5240,#5242,.T.);
#5240 = VERTEX_POINT('',#5241);
#5241 = CARTESIAN_POINT('',(61.3,19.,0.5));
#5242 = LINE('',#5243,#5244);
#5243 = CARTESIAN_POINT('',(61.3,19.,-1.));
#5244 = VECTOR('',#5245,1.);
#5245 = DIRECTION('',(0.,0.,1.));
#5246 = ORIENTED_EDGE('',*,*,#5247,.F.);
#5247 = EDGE_CURVE('',#5207,#5240,#5248,.T.);
#5248 = LINE('',#5249,#5250);
#5249 = CARTESIAN_POINT('',(61.3,16.,0.5));
#5250 = VECTOR('',#5251,1.);
#5251 = DIRECTION('',(-0.,1.,0.));
#5252 = PLANE('',#5253);
#5253 = AXIS2_PLACEMENT_3D('',#5254,#5255,#5256);
#5254 = CARTESIAN_POINT('',(61.3,16.,-1.));
#5255 = DIRECTION('',(1.,0.,-0.));
#5256 = DIRECTION('',(0.,0.,1.));
#5257 = ADVANCED_FACE('',(#5258),#5276,.F.);
#5258 = FACE_BOUND('',#5259,.F.);
#5259 = EDGE_LOOP('',(#5260,#5261,#5262,#5270));
#5260 = ORIENTED_EDGE('',*,*,#5239,.F.);
#5261 = ORIENTED_EDGE('',*,*,#4781,.T.);
#5262 = ORIENTED_EDGE('',*,*,#5263,.T.);
#5263 = EDGE_CURVE('',#4774,#5264,#5266,.T.);
#5264 = VERTEX_POINT('',#5265);
#5265 = CARTESIAN_POINT('',(56.3,19.,0.5));
#5266 = LINE('',#5267,#5268);
#5267 = CARTESIAN_POINT('',(56.3,19.,-1.));
#5268 = VECTOR('',#5269,1.);
#5269 = DIRECTION('',(0.,0.,1.));
#5270 = ORIENTED_EDGE('',*,*,#5271,.T.);
#5271 = EDGE_CURVE('',#5264,#5240,#5272,.T.);
#5272 = LINE('',#5273,#5274);
#5273 = CARTESIAN_POINT('',(56.3,19.,0.5));
#5274 = VECTOR('',#5275,1.);
#5275 = DIRECTION('',(1.,0.,-0.));
#5276 = PLANE('',#5277);
#5277 = AXIS2_PLACEMENT_3D('',#5278,#5279,#5280);
#5278 = CARTESIAN_POINT('',(56.3,19.,-1.));
#5279 = DIRECTION('',(-0.,1.,0.));
#5280 = DIRECTION('',(0.,0.,1.));
#5281 = ADVANCED_FACE('',(#5282),#5293,.T.);
#5282 = FACE_BOUND('',#5283,.T.);
#5283 = EDGE_LOOP('',(#5284,#5285,#5286,#5287));
#5284 = ORIENTED_EDGE('',*,*,#5215,.F.);
#5285 = ORIENTED_EDGE('',*,*,#4773,.T.);
#5286 = ORIENTED_EDGE('',*,*,#5263,.T.);
#5287 = ORIENTED_EDGE('',*,*,#5288,.F.);
#5288 = EDGE_CURVE('',#5216,#5264,#5289,.T.);
#5289 = LINE('',#5290,#5291);
#5290 = CARTESIAN_POINT('',(56.3,16.,0.5));
#5291 = VECTOR('',#5292,1.);
#5292 = DIRECTION('',(-0.,1.,0.));
#5293 = PLANE('',#5294);
#5294 = AXIS2_PLACEMENT_3D('',#5295,#5296,#5297);
#5295 = CARTESIAN_POINT('',(56.3,16.,-1.));
#5296 = DIRECTION('',(1.,0.,-0.));
#5297 = DIRECTION('',(0.,0.,1.));
#5298 = ADVANCED_FACE('',(#5299),#5324,.T.);
#5299 = FACE_BOUND('',#5300,.T.);
#5300 = EDGE_LOOP('',(#5301,#5309,#5317,#5323));
#5301 = ORIENTED_EDGE('',*,*,#5302,.T.);
#5302 = EDGE_CURVE('',#5034,#5303,#5305,.T.);
#5303 = VERTEX_POINT('',#5304);
#5304 = CARTESIAN_POINT('',(75.5,3.8,1.5));
#5305 = LINE('',#5306,#5307);
#5306 = CARTESIAN_POINT('',(60.225,3.8,1.5));
#5307 = VECTOR('',#5308,1.);
#5308 = DIRECTION('',(-1.,-0.,0.));
#5309 = ORIENTED_EDGE('',*,*,#5310,.F.);
#5310 = EDGE_CURVE('',#5311,#5303,#5313,.T.);
#5311 = VERTEX_POINT('',#5312);
#5312 = CARTESIAN_POINT('',(75.5,3.,1.5));
#5313 = LINE('',#5314,#5315);
#5314 = CARTESIAN_POINT('',(75.5,3.,1.5));
#5315 = VECTOR('',#5316,1.);
#5316 = DIRECTION('',(-0.,1.,0.));
#5317 = ORIENTED_EDGE('',*,*,#5318,.T.);
#5318 = EDGE_CURVE('',#5311,#5032,#5319,.T.);
#5319 = LINE('',#5320,#5321);
#5320 = CARTESIAN_POINT('',(56.,3.,1.5));
#5321 = VECTOR('',#5322,1.);
#5322 = DIRECTION('',(1.,0.,-0.));
#5323 = ORIENTED_EDGE('',*,*,#5031,.T.);
#5324 = PLANE('',#5325);
#5325 = AXIS2_PLACEMENT_3D('',#5326,#5327,#5328);
#5326 = CARTESIAN_POINT('',(56.,3.,1.5));
#5327 = DIRECTION('',(0.,0.,1.));
#5328 = DIRECTION('',(1.,0.,-0.));
#5329 = ADVANCED_FACE('',(#5330,#5346),#5352,.F.);
#5330 = FACE_BOUND('',#5331,.F.);
#5331 = EDGE_LOOP('',(#5332,#5333,#5339,#5340));
#5332 = ORIENTED_EDGE('',*,*,#4803,.F.);
#5333 = ORIENTED_EDGE('',*,*,#5334,.T.);
#5334 = EDGE_CURVE('',#4804,#4835,#5335,.T.);
#5335 = LINE('',#5336,#5337);
#5336 = CARTESIAN_POINT('',(56.,5.6,4.29));
#5337 = VECTOR('',#5338,1.);
#5338 = DIRECTION('',(1.,0.,-0.));
#5339 = ORIENTED_EDGE('',*,*,#4834,.T.);
#5340 = ORIENTED_EDGE('',*,*,#5341,.F.);
#5341 = EDGE_CURVE('',#4806,#4837,#5342,.T.);
#5342 = LINE('',#5343,#5344);
#5343 = CARTESIAN_POINT('',(56.,18.4,4.29));
#5344 = VECTOR('',#5345,1.);
#5345 = DIRECTION('',(1.,0.,-0.));
#5346 = FACE_BOUND('',#5347,.F.);
#5347 = EDGE_LOOP('',(#5348,#5349,#5350,#5351));
#5348 = ORIENTED_EDGE('',*,*,#4952,.F.);
#5349 = ORIENTED_EDGE('',*,*,#5000,.F.);
#5350 = ORIENTED_EDGE('',*,*,#5017,.T.);
#5351 = ORIENTED_EDGE('',*,*,#4976,.T.);
#5352 = PLANE('',#5353);
#5353 = AXIS2_PLACEMENT_3D('',#5354,#5355,#5356);
#5354 = CARTESIAN_POINT('',(56.,5.6,4.29));
#5355 = DIRECTION('',(0.,0.,1.));
#5356 = DIRECTION('',(1.,0.,-0.));
#5357 = ADVANCED_FACE('',(#5358),#5383,.T.);
#5358 = FACE_BOUND('',#5359,.T.);
#5359 = EDGE_LOOP('',(#5360,#5361,#5369,#5377));
#5360 = ORIENTED_EDGE('',*,*,#4921,.F.);
#5361 = ORIENTED_EDGE('',*,*,#5362,.T.);
#5362 = EDGE_CURVE('',#4905,#5363,#5365,.T.);
#5363 = VERTEX_POINT('',#5364);
#5364 = CARTESIAN_POINT('',(75.5,3.,3.));
#5365 = LINE('',#5366,#5367);
#5366 = CARTESIAN_POINT('',(62.8,3.,3.));
#5367 = VECTOR('',#5368,1.);
#5368 = DIRECTION('',(1.,0.,-0.));
#5369 = ORIENTED_EDGE('',*,*,#5370,.T.);
#5370 = EDGE_CURVE('',#5363,#5371,#5373,.T.);
#5371 = VERTEX_POINT('',#5372);
#5372 = CARTESIAN_POINT('',(75.5,3.8,3.));
#5373 = LINE('',#5374,#5375);
#5374 = CARTESIAN_POINT('',(75.5,3.,3.));
#5375 = VECTOR('',#5376,1.);
#5376 = DIRECTION('',(-0.,1.,0.));
#5377 = ORIENTED_EDGE('',*,*,#5378,.F.);
#5378 = EDGE_CURVE('',#4914,#5371,#5379,.T.);
#5379 = LINE('',#5380,#5381);
#5380 = CARTESIAN_POINT('',(62.8,3.8,3.));
#5381 = VECTOR('',#5382,1.);
#5382 = DIRECTION('',(1.,0.,-0.));
#5383 = PLANE('',#5384);
#5384 = AXIS2_PLACEMENT_3D('',#5385,#5386,#5387);
#5385 = CARTESIAN_POINT('',(62.8,3.,3.));
#5386 = DIRECTION('',(0.,0.,1.));
#5387 = DIRECTION('',(1.,0.,-0.));
#5388 = ADVANCED_FACE('',(#5389,#5395),#5429,.F.);
#5389 = FACE_BOUND('',#5390,.F.);
#5390 = EDGE_LOOP('',(#5391,#5392,#5393,#5394));
#5391 = ORIENTED_EDGE('',*,*,#5175,.F.);
#5392 = ORIENTED_EDGE('',*,*,#5127,.T.);
#5393 = ORIENTED_EDGE('',*,*,#5151,.T.);
#5394 = ORIENTED_EDGE('',*,*,#5192,.F.);
#5395 = FACE_BOUND('',#5396,.F.);
#5396 = EDGE_LOOP('',(#5397,#5407,#5415,#5423));
#5397 = ORIENTED_EDGE('',*,*,#5398,.T.);
#5398 = EDGE_CURVE('',#5399,#5401,#5403,.T.);
#5399 = VERTEX_POINT('',#5400);
#5400 = CARTESIAN_POINT('',(64.8,8.7,4.3));
#5401 = VERTEX_POINT('',#5402);
#5402 = CARTESIAN_POINT('',(63.2,8.7,4.3));
#5403 = LINE('',#5404,#5405);
#5404 = CARTESIAN_POINT('',(62.3,8.7,4.3));
#5405 = VECTOR('',#5406,1.);
#5406 = DIRECTION('',(-1.,-0.,0.));
#5407 = ORIENTED_EDGE('',*,*,#5408,.T.);
#5408 = EDGE_CURVE('',#5401,#5409,#5411,.T.);
#5409 = VERTEX_POINT('',#5410);
#5410 = CARTESIAN_POINT('',(63.2,11.3,4.3));
#5411 = LINE('',#5412,#5413);
#5412 = CARTESIAN_POINT('',(63.2,8.65,4.3));
#5413 = VECTOR('',#5414,1.);
#5414 = DIRECTION('',(-0.,1.,0.));
#5415 = ORIENTED_EDGE('',*,*,#5416,.F.);
#5416 = EDGE_CURVE('',#5417,#5409,#5419,.T.);
#5417 = VERTEX_POINT('',#5418);
#5418 = CARTESIAN_POINT('',(64.8,11.3,4.3));
#5419 = LINE('',#5420,#5421);
#5420 = CARTESIAN_POINT('',(62.3,11.3,4.3));
#5421 = VECTOR('',#5422,1.);
#5422 = DIRECTION('',(-1.,-0.,0.));
#5423 = ORIENTED_EDGE('',*,*,#5424,.F.);
#5424 = EDGE_CURVE('',#5399,#5417,#5425,.T.);
#5425 = LINE('',#5426,#5427);
#5426 = CARTESIAN_POINT('',(64.8,8.65,4.3));
#5427 = VECTOR('',#5428,1.);
#5428 = DIRECTION('',(-0.,1.,0.));
#5429 = PLANE('',#5430);
#5430 = AXIS2_PLACEMENT_3D('',#5431,#5432,#5433);
#5431 = CARTESIAN_POINT('',(61.4,8.6,4.3));
#5432 = DIRECTION('',(0.,0.,1.));
#5433 = DIRECTION('',(1.,0.,-0.));
#5434 = ADVANCED_FACE('',(#5435),#5441,.F.);
#5435 = FACE_BOUND('',#5436,.F.);
#5436 = EDGE_LOOP('',(#5437,#5438,#5439,#5440));
#5437 = ORIENTED_EDGE('',*,*,#5288,.F.);
#5438 = ORIENTED_EDGE('',*,*,#5223,.T.);
#5439 = ORIENTED_EDGE('',*,*,#5247,.T.);
#5440 = ORIENTED_EDGE('',*,*,#5271,.F.);
#5441 = PLANE('',#5442);
#5442 = AXIS2_PLACEMENT_3D('',#5443,#5444,#5445);
#5443 = CARTESIAN_POINT('',(56.3,16.,0.5));
#5444 = DIRECTION('',(0.,0.,1.));
#5445 = DIRECTION('',(1.,0.,-0.));
#5446 = ADVANCED_FACE('',(#5447),#5463,.T.);
#5447 = FACE_BOUND('',#5448,.T.);
#5448 = EDGE_LOOP('',(#5449,#5455,#5456,#5462));
#5449 = ORIENTED_EDGE('',*,*,#5450,.F.);
#5450 = EDGE_CURVE('',#5311,#5363,#5451,.T.);
#5451 = LINE('',#5452,#5453);
#5452 = CARTESIAN_POINT('',(75.5,3.,1.49));
#5453 = VECTOR('',#5454,1.);
#5454 = DIRECTION('',(0.,0.,1.));
#5455 = ORIENTED_EDGE('',*,*,#5310,.T.);
#5456 = ORIENTED_EDGE('',*,*,#5457,.T.);
#5457 = EDGE_CURVE('',#5303,#5371,#5458,.T.);
#5458 = LINE('',#5459,#5460);
#5459 = CARTESIAN_POINT('',(75.5,3.8,1.49));
#5460 = VECTOR('',#5461,1.);
#5461 = DIRECTION('',(0.,0.,1.));
#5462 = ORIENTED_EDGE('',*,*,#5370,.F.);
#5463 = PLANE('',#5464);
#5464 = AXIS2_PLACEMENT_3D('',#5465,#5466,#5467);
#5465 = CARTESIAN_POINT('',(75.5,3.,1.49));
#5466 = DIRECTION('',(1.,0.,-0.));
#5467 = DIRECTION('',(0.,0.,1.));
#5468 = ADVANCED_FACE('',(#5469),#5494,.T.);
#5469 = FACE_BOUND('',#5470,.T.);
#5470 = EDGE_LOOP('',(#5471,#5479,#5480,#5488));
#5471 = ORIENTED_EDGE('',*,*,#5472,.F.);
#5472 = EDGE_CURVE('',#5399,#5473,#5475,.T.);
#5473 = VERTEX_POINT('',#5474);
#5474 = CARTESIAN_POINT('',(64.8,8.7,5.5));
#5475 = LINE('',#5476,#5477);
#5476 = CARTESIAN_POINT('',(64.8,8.7,4.29));
#5477 = VECTOR('',#5478,1.);
#5478 = DIRECTION('',(0.,0.,1.));
#5479 = ORIENTED_EDGE('',*,*,#5398,.T.);
#5480 = ORIENTED_EDGE('',*,*,#5481,.T.);
#5481 = EDGE_CURVE('',#5401,#5482,#5484,.T.);
#5482 = VERTEX_POINT('',#5483);
#5483 = CARTESIAN_POINT('',(63.2,8.7,5.5));
#5484 = LINE('',#5485,#5486);
#5485 = CARTESIAN_POINT('',(63.2,8.7,4.29));
#5486 = VECTOR('',#5487,1.);
#5487 = DIRECTION('',(0.,0.,1.));
#5488 = ORIENTED_EDGE('',*,*,#5489,.F.);
#5489 = EDGE_CURVE('',#5473,#5482,#5490,.T.);
#5490 = LINE('',#5491,#5492);
#5491 = CARTESIAN_POINT('',(59.6,8.7,5.5));
#5492 = VECTOR('',#5493,1.);
#5493 = DIRECTION('',(-1.,-0.,0.));
#5494 = PLANE('',#5495);
#5495 = AXIS2_PLACEMENT_3D('',#5496,#5497,#5498);
#5496 = CARTESIAN_POINT('',(63.2,8.7,4.29));
#5497 = DIRECTION('',(-0.,1.,0.));
#5498 = DIRECTION('',(0.,0.,1.));
#5499 = ADVANCED_FACE('',(#5500),#5518,.F.);
#5500 = FACE_BOUND('',#5501,.F.);
#5501 = EDGE_LOOP('',(#5502,#5503,#5504,#5512));
#5502 = ORIENTED_EDGE('',*,*,#5472,.F.);
#5503 = ORIENTED_EDGE('',*,*,#5424,.T.);
#5504 = ORIENTED_EDGE('',*,*,#5505,.T.);
#5505 = EDGE_CURVE('',#5417,#5506,#5508,.T.);
#5506 = VERTEX_POINT('',#5507);
#5507 = CARTESIAN_POINT('',(64.8,11.3,5.5));
#5508 = LINE('',#5509,#5510);
#5509 = CARTESIAN_POINT('',(64.8,11.3,4.29));
#5510 = VECTOR('',#5511,1.);
#5511 = DIRECTION('',(0.,0.,1.));
#5512 = ORIENTED_EDGE('',*,*,#5513,.F.);
#5513 = EDGE_CURVE('',#5473,#5506,#5514,.T.);
#5514 = LINE('',#5515,#5516);
#5515 = CARTESIAN_POINT('',(64.8,7.15,5.5));
#5516 = VECTOR('',#5517,1.);
#5517 = DIRECTION('',(-0.,1.,0.));
#5518 = PLANE('',#5519);
#5519 = AXIS2_PLACEMENT_3D('',#5520,#5521,#5522);
#5520 = CARTESIAN_POINT('',(64.8,8.7,4.29));
#5521 = DIRECTION('',(1.,0.,-0.));
#5522 = DIRECTION('',(0.,0.,1.));
#5523 = ADVANCED_FACE('',(#5524),#5542,.F.);
#5524 = FACE_BOUND('',#5525,.F.);
#5525 = EDGE_LOOP('',(#5526,#5527,#5528,#5536));
#5526 = ORIENTED_EDGE('',*,*,#5505,.F.);
#5527 = ORIENTED_EDGE('',*,*,#5416,.T.);
#5528 = ORIENTED_EDGE('',*,*,#5529,.T.);
#5529 = EDGE_CURVE('',#5409,#5530,#5532,.T.);
#5530 = VERTEX_POINT('',#5531);
#5531 = CARTESIAN_POINT('',(63.2,11.3,5.5));
#5532 = LINE('',#5533,#5534);
#5533 = CARTESIAN_POINT('',(63.2,11.3,4.29));
#5534 = VECTOR('',#5535,1.);
#5535 = DIRECTION('',(0.,0.,1.));
#5536 = ORIENTED_EDGE('',*,*,#5537,.F.);
#5537 = EDGE_CURVE('',#5506,#5530,#5538,.T.);
#5538 = LINE('',#5539,#5540);
#5539 = CARTESIAN_POINT('',(59.6,11.3,5.5));
#5540 = VECTOR('',#5541,1.);
#5541 = DIRECTION('',(-1.,-0.,0.));
#5542 = PLANE('',#5543);
#5543 = AXIS2_PLACEMENT_3D('',#5544,#5545,#5546);
#5544 = CARTESIAN_POINT('',(63.2,11.3,4.29));
#5545 = DIRECTION('',(-0.,1.,0.));
#5546 = DIRECTION('',(0.,0.,1.));
#5547 = ADVANCED_FACE('',(#5548),#5559,.T.);
#5548 = FACE_BOUND('',#5549,.T.);
#5549 = EDGE_LOOP('',(#5550,#5551,#5552,#5553));
#5550 = ORIENTED_EDGE('',*,*,#5481,.F.);
#5551 = ORIENTED_EDGE('',*,*,#5408,.T.);
#5552 = ORIENTED_EDGE('',*,*,#5529,.T.);
#5553 = ORIENTED_EDGE('',*,*,#5554,.F.);
#5554 = EDGE_CURVE('',#5482,#5530,#5555,.T.);
#5555 = LINE('',#5556,#5557);
#5556 = CARTESIAN_POINT('',(63.2,7.15,5.5));
#5557 = VECTOR('',#5558,1.);
#5558 = DIRECTION('',(-0.,1.,0.));
#5559 = PLANE('',#5560);
#5560 = AXIS2_PLACEMENT_3D('',#5561,#5562,#5563);
#5561 = CARTESIAN_POINT('',(63.2,8.7,4.29));
#5562 = DIRECTION('',(1.,0.,-0.));
#5563 = DIRECTION('',(0.,0.,1.));
#5564 = ADVANCED_FACE('',(#5565,#5599,#5605,#5616,#5627),#5638,.T.);
#5565 = FACE_BOUND('',#5566,.T.);
#5566 = EDGE_LOOP('',(#5567,#5577,#5585,#5593));
#5567 = ORIENTED_EDGE('',*,*,#5568,.F.);
#5568 = EDGE_CURVE('',#5569,#5571,#5573,.T.);
#5569 = VERTEX_POINT('',#5570);
#5570 = CARTESIAN_POINT('',(56.,5.6,5.5));
#5571 = VERTEX_POINT('',#5572);
#5572 = CARTESIAN_POINT('',(56.,18.4,5.5));
#5573 = LINE('',#5574,#5575);
#5574 = CARTESIAN_POINT('',(56.,5.6,5.5));
#5575 = VECTOR('',#5576,1.);
#5576 = DIRECTION('',(-0.,1.,0.));
#5577 = ORIENTED_EDGE('',*,*,#5578,.T.);
#5578 = EDGE_CURVE('',#5569,#5579,#5581,.T.);
#5579 = VERTEX_POINT('',#5580);
#5580 = CARTESIAN_POINT('',(76.,5.6,5.5));
#5581 = LINE('',#5582,#5583);
#5582 = CARTESIAN_POINT('',(56.,5.6,5.5));
#5583 = VECTOR('',#5584,1.);
#5584 = DIRECTION('',(1.,0.,-0.));
#5585 = ORIENTED_EDGE('',*,*,#5586,.T.);
#5586 = EDGE_CURVE('',#5579,#5587,#5589,.T.);
#5587 = VERTEX_POINT('',#5588);
#5588 = CARTESIAN_POINT('',(76.,18.4,5.5));
#5589 = LINE('',#5590,#5591);
#5590 = CARTESIAN_POINT('',(76.,5.6,5.5));
#5591 = VECTOR('',#5592,1.);
#5592 = DIRECTION('',(-0.,1.,0.));
#5593 = ORIENTED_EDGE('',*,*,#5594,.F.);
#5594 = EDGE_CURVE('',#5571,#5587,#5595,.T.);
#5595 = LINE('',#5596,#5597);
#5596 = CARTESIAN_POINT('',(56.,18.4,5.5));
#5597 = VECTOR('',#5598,1.);
#5598 = DIRECTION('',(1.,0.,-0.));
#5599 = FACE_BOUND('',#5600,.T.);
#5600 = EDGE_LOOP('',(#5601,#5602,#5603,#5604));
#5601 = ORIENTED_EDGE('',*,*,#5489,.T.);
#5602 = ORIENTED_EDGE('',*,*,#5554,.T.);
#5603 = ORIENTED_EDGE('',*,*,#5537,.F.);
#5604 = ORIENTED_EDGE('',*,*,#5513,.F.);
#5605 = FACE_BOUND('',#5606,.T.);
#5606 = EDGE_LOOP('',(#5607));
#5607 = ORIENTED_EDGE('',*,*,#5608,.F.);
#5608 = EDGE_CURVE('',#5609,#5609,#5611,.T.);
#5609 = VERTEX_POINT('',#5610);
#5610 = CARTESIAN_POINT('',(58.95,15.5,5.5));
#5611 = CIRCLE('',#5612,0.65);
#5612 = AXIS2_PLACEMENT_3D('',#5613,#5614,#5615);
#5613 = CARTESIAN_POINT('',(58.3,15.5,5.5));
#5614 = DIRECTION('',(0.,0.,1.));
#5615 = DIRECTION('',(1.,0.,-0.));
#5616 = FACE_BOUND('',#5617,.T.);
#5617 = EDGE_LOOP('',(#5618));
#5618 = ORIENTED_EDGE('',*,*,#5619,.F.);
#5619 = EDGE_CURVE('',#5620,#5620,#5622,.T.);
#5620 = VERTEX_POINT('',#5621);
#5621 = CARTESIAN_POINT('',(61.15,15.5,5.5));
#5622 = CIRCLE('',#5623,0.65);
#5623 = AXIS2_PLACEMENT_3D('',#5624,#5625,#5626);
#5624 = CARTESIAN_POINT('',(60.5,15.5,5.5));
#5625 = DIRECTION('',(0.,0.,1.));
#5626 = DIRECTION('',(1.,0.,-0.));
#5627 = FACE_BOUND('',#5628,.T.);
#5628 = EDGE_LOOP('',(#5629));
#5629 = ORIENTED_EDGE('',*,*,#5630,.F.);
#5630 = EDGE_CURVE('',#5631,#5631,#5633,.T.);
#5631 = VERTEX_POINT('',#5632);
#5632 = CARTESIAN_POINT('',(63.35,15.5,5.5));
#5633 = CIRCLE('',#5634,0.65);
#5634 = AXIS2_PLACEMENT_3D('',#5635,#5636,#5637);
#5635 = CARTESIAN_POINT('',(62.7,15.5,5.5));
#5636 = DIRECTION('',(0.,0.,1.));
#5637 = DIRECTION('',(1.,0.,-0.));
#5638 = PLANE('',#5639);
#5639 = AXIS2_PLACEMENT_3D('',#5640,#5641,#5642);
#5640 = CARTESIAN_POINT('',(56.,5.6,5.5));
#5641 = DIRECTION('',(0.,0.,1.));
#5642 = DIRECTION('',(1.,0.,-0.));
#5643 = ADVANCED_FACE('',(#5644),#5663,.F.);
#5644 = FACE_BOUND('',#5645,.F.);
#5645 = EDGE_LOOP('',(#5646,#5647,#5655,#5662));
#5646 = ORIENTED_EDGE('',*,*,#5608,.F.);
#5647 = ORIENTED_EDGE('',*,*,#5648,.F.);
#5648 = EDGE_CURVE('',#5649,#5609,#5651,.T.);
#5649 = VERTEX_POINT('',#5650);
#5650 = CARTESIAN_POINT('',(58.95,15.5,5.1));
#5651 = LINE('',#5652,#5653);
#5652 = CARTESIAN_POINT('',(58.95,15.5,5.1));
#5653 = VECTOR('',#5654,1.);
#5654 = DIRECTION('',(0.,0.,1.));
#5655 = ORIENTED_EDGE('',*,*,#5656,.T.);
#5656 = EDGE_CURVE('',#5649,#5649,#5657,.T.);
#5657 = CIRCLE('',#5658,0.65);
#5658 = AXIS2_PLACEMENT_3D('',#5659,#5660,#5661);
#5659 = CARTESIAN_POINT('',(58.3,15.5,5.1));
#5660 = DIRECTION('',(0.,0.,1.));
#5661 = DIRECTION('',(1.,0.,-0.));
#5662 = ORIENTED_EDGE('',*,*,#5648,.T.);
#5663 = CYLINDRICAL_SURFACE('',#5664,0.65);
#5664 = AXIS2_PLACEMENT_3D('',#5665,#5666,#5667);
#5665 = CARTESIAN_POINT('',(58.3,15.5,5.1));
#5666 = DIRECTION('',(0.,0.,1.));
#5667 = DIRECTION('',(1.,0.,-0.));
#5668 = ADVANCED_FACE('',(#5669),#5688,.F.);
#5669 = FACE_BOUND('',#5670,.F.);
#5670 = EDGE_LOOP('',(#5671,#5672,#5680,#5687));
#5671 = ORIENTED_EDGE('',*,*,#5619,.F.);
#5672 = ORIENTED_EDGE('',*,*,#5673,.F.);
#5673 = EDGE_CURVE('',#5674,#5620,#5676,.T.);
#5674 = VERTEX_POINT('',#5675);
#5675 = CARTESIAN_POINT('',(61.15,15.5,5.1));
#5676 = LINE('',#5677,#5678);
#5677 = CARTESIAN_POINT('',(61.15,15.5,5.1));
#5678 = VECTOR('',#5679,1.);
#5679 = DIRECTION('',(0.,0.,1.));
#5680 = ORIENTED_EDGE('',*,*,#5681,.T.);
#5681 = EDGE_CURVE('',#5674,#5674,#5682,.T.);
#5682 = CIRCLE('',#5683,0.65);
#5683 = AXIS2_PLACEMENT_3D('',#5684,#5685,#5686);
#5684 = CARTESIAN_POINT('',(60.5,15.5,5.1));
#5685 = DIRECTION('',(0.,0.,1.));
#5686 = DIRECTION('',(1.,0.,-0.));
#5687 = ORIENTED_EDGE('',*,*,#5673,.T.);
#5688 = CYLINDRICAL_SURFACE('',#5689,0.65);
#5689 = AXIS2_PLACEMENT_3D('',#5690,#5691,#5692);
#5690 = CARTESIAN_POINT('',(60.5,15.5,5.1));
#5691 = DIRECTION('',(0.,0.,1.));
#5692 = DIRECTION('',(1.,0.,-0.));
#5693 = ADVANCED_FACE('',(#5694),#5713,.F.);
#5694 = FACE_BOUND('',#5695,.F.);
#5695 = EDGE_LOOP('',(#5696,#5697,#5705,#5712));
#5696 = ORIENTED_EDGE('',*,*,#5630,.F.);
#5697 = ORIENTED_EDGE('',*,*,#5698,.F.);
#5698 = EDGE_CURVE('',#5699,#5631,#5701,.T.);
#5699 = VERTEX_POINT('',#5700);
#5700 = CARTESIAN_POINT('',(63.35,15.5,5.1));
#5701 = LINE('',#5702,#5703);
#5702 = CARTESIAN_POINT('',(63.35,15.5,5.1));
#5703 = VECTOR('',#5704,1.);
#5704 = DIRECTION('',(0.,0.,1.));
#5705 = ORIENTED_EDGE('',*,*,#5706,.T.);
#5706 = EDGE_CURVE('',#5699,#5699,#5707,.T.);
#5707 = CIRCLE('',#5708,0.65);
#5708 = AXIS2_PLACEMENT_3D('',#5709,#5710,#5711);
#5709 = CARTESIAN_POINT('',(62.7,15.5,5.1));
#5710 = DIRECTION('',(0.,0.,1.));
#5711 = DIRECTION('',(1.,0.,-0.));
#5712 = ORIENTED_EDGE('',*,*,#5698,.T.);
#5713 = CYLINDRICAL_SURFACE('',#5714,0.65);
#5714 = AXIS2_PLACEMENT_3D('',#5715,#5716,#5717);
#5715 = CARTESIAN_POINT('',(62.7,15.5,5.1));
#5716 = DIRECTION('',(0.,0.,1.));
#5717 = DIRECTION('',(1.,0.,-0.));
#5718 = ADVANCED_FACE('',(#5719),#5722,.T.);
#5719 = FACE_BOUND('',#5720,.F.);
#5720 = EDGE_LOOP('',(#5721));
#5721 = ORIENTED_EDGE('',*,*,#5656,.F.);
#5722 = PLANE('',#5723);
#5723 = AXIS2_PLACEMENT_3D('',#5724,#5725,#5726);
#5724 = CARTESIAN_POINT('',(58.3,15.5,5.1));
#5725 = DIRECTION('',(0.,0.,1.));
#5726 = DIRECTION('',(1.,0.,-0.));
#5727 = ADVANCED_FACE('',(#5728),#5731,.T.);
#5728 = FACE_BOUND('',#5729,.F.);
#5729 = EDGE_LOOP('',(#5730));
#5730 = ORIENTED_EDGE('',*,*,#5681,.F.);
#5731 = PLANE('',#5732);
#5732 = AXIS2_PLACEMENT_3D('',#5733,#5734,#5735);
#5733 = CARTESIAN_POINT('',(60.5,15.5,5.1));
#5734 = DIRECTION('',(0.,0.,1.));
#5735 = DIRECTION('',(1.,0.,-0.));
#5736 = ADVANCED_FACE('',(#5737),#5740,.T.);
#5737 = FACE_BOUND('',#5738,.F.);
#5738 = EDGE_LOOP('',(#5739));
#5739 = ORIENTED_EDGE('',*,*,#5706,.F.);
#5740 = PLANE('',#5741);
#5741 = AXIS2_PLACEMENT_3D('',#5742,#5743,#5744);
#5742 = CARTESIAN_POINT('',(62.7,15.5,5.1));
#5743 = DIRECTION('',(0.,0.,1.));
#5744 = DIRECTION('',(1.,0.,-0.));
#5745 = ADVANCED_FACE('',(#5746),#5771,.T.);
#5746 = FACE_BOUND('',#5747,.T.);
#5747 = EDGE_LOOP('',(#5748,#5749,#5755,#5756,#5762,#5763,#5764,#5765));
#5748 = ORIENTED_EDGE('',*,*,#4453,.T.);
#5749 = ORIENTED_EDGE('',*,*,#5750,.T.);
#5750 = EDGE_CURVE('',#4456,#5569,#5751,.T.);
#5751 = LINE('',#5752,#5753);
#5752 = CARTESIAN_POINT('',(56.,5.6,1.49));
#5753 = VECTOR('',#5754,1.);
#5754 = DIRECTION('',(0.,0.,1.));
#5755 = ORIENTED_EDGE('',*,*,#5568,.T.);
#5756 = ORIENTED_EDGE('',*,*,#5757,.F.);
#5757 = EDGE_CURVE('',#4553,#5571,#5758,.T.);
#5758 = LINE('',#5759,#5760);
#5759 = CARTESIAN_POINT('',(56.,18.4,4.29));
#5760 = VECTOR('',#5761,1.);
#5761 = DIRECTION('',(0.,0.,1.));
#5762 = ORIENTED_EDGE('',*,*,#4552,.T.);
#5763 = ORIENTED_EDGE('',*,*,#4634,.F.);
#5764 = ORIENTED_EDGE('',*,*,#4672,.F.);
#5765 = ORIENTED_EDGE('',*,*,#5766,.T.);
#5766 = EDGE_CURVE('',#4673,#4454,#5767,.T.);
#5767 = LINE('',#5768,#5769);
#5768 = CARTESIAN_POINT('',(56.,3.,0.));
#5769 = VECTOR('',#5770,1.);
#5770 = DIRECTION('',(0.,0.,1.));
#5771 = PLANE('',#5772);
#5772 = AXIS2_PLACEMENT_3D('',#5773,#5774,#5775);
#5773 = CARTESIAN_POINT('',(56.,12.,2.307446808511));
#5774 = DIRECTION('',(-1.,-0.,-0.));
#5775 = DIRECTION('',(0.,0.,-1.));
#5776 = ADVANCED_FACE('',(#5777),#5789,.T.);
#5777 = FACE_BOUND('',#5778,.T.);
#5778 = EDGE_LOOP('',(#5779,#5780,#5781,#5782,#5783,#5784,#5785,#5786,
    #5787,#5788));
#5779 = ORIENTED_EDGE('',*,*,#5041,.T.);
#5780 = ORIENTED_EDGE('',*,*,#5318,.F.);
#5781 = ORIENTED_EDGE('',*,*,#5450,.T.);
#5782 = ORIENTED_EDGE('',*,*,#5362,.F.);
#5783 = ORIENTED_EDGE('',*,*,#4904,.F.);
#5784 = ORIENTED_EDGE('',*,*,#4463,.F.);
#5785 = ORIENTED_EDGE('',*,*,#5766,.F.);
#5786 = ORIENTED_EDGE('',*,*,#4680,.T.);
#5787 = ORIENTED_EDGE('',*,*,#5096,.T.);
#5788 = ORIENTED_EDGE('',*,*,#5078,.T.);
#5789 = PLANE('',#5790);
#5790 = AXIS2_PLACEMENT_3D('',#5791,#5792,#5793);
#5791 = CARTESIAN_POINT('',(66.141782608696,3.,1.325608695652));
#5792 = DIRECTION('',(-0.,-1.,-0.));
#5793 = DIRECTION('',(0.,0.,-1.));
#5794 = ADVANCED_FACE('',(#5795),#5810,.T.);
#5795 = FACE_BOUND('',#5796,.T.);
#5796 = EDGE_LOOP('',(#5797,#5798,#5799,#5800,#5801,#5802,#5808,#5809));
#5797 = ORIENTED_EDGE('',*,*,#4576,.F.);
#5798 = ORIENTED_EDGE('',*,*,#4813,.T.);
#5799 = ORIENTED_EDGE('',*,*,#5334,.T.);
#5800 = ORIENTED_EDGE('',*,*,#4844,.F.);
#5801 = ORIENTED_EDGE('',*,*,#4512,.F.);
#5802 = ORIENTED_EDGE('',*,*,#5803,.T.);
#5803 = EDGE_CURVE('',#4505,#5579,#5804,.T.);
#5804 = LINE('',#5805,#5806);
#5805 = CARTESIAN_POINT('',(76.,5.6,1.49));
#5806 = VECTOR('',#5807,1.);
#5807 = DIRECTION('',(0.,0.,1.));
#5808 = ORIENTED_EDGE('',*,*,#5578,.F.);
#5809 = ORIENTED_EDGE('',*,*,#5750,.F.);
#5810 = PLANE('',#5811);
#5811 = AXIS2_PLACEMENT_3D('',#5812,#5813,#5814);
#5812 = CARTESIAN_POINT('',(66.,5.6,4.37428331467));
#5813 = DIRECTION('',(-0.,-1.,-0.));
#5814 = DIRECTION('',(0.,0.,-1.));
#5815 = ADVANCED_FACE('',(#5816),#5831,.T.);
#5816 = FACE_BOUND('',#5817,.T.);
#5817 = EDGE_LOOP('',(#5818,#5819,#5820,#5821,#5827,#5828,#5829,#5830));
#5818 = ORIENTED_EDGE('',*,*,#4560,.T.);
#5819 = ORIENTED_EDGE('',*,*,#5757,.T.);
#5820 = ORIENTED_EDGE('',*,*,#5594,.T.);
#5821 = ORIENTED_EDGE('',*,*,#5822,.F.);
#5822 = EDGE_CURVE('',#4529,#5587,#5823,.T.);
#5823 = LINE('',#5824,#5825);
#5824 = CARTESIAN_POINT('',(76.,18.4,4.29));
#5825 = VECTOR('',#5826,1.);
#5826 = DIRECTION('',(0.,0.,1.));
#5827 = ORIENTED_EDGE('',*,*,#4528,.T.);
#5828 = ORIENTED_EDGE('',*,*,#4851,.T.);
#5829 = ORIENTED_EDGE('',*,*,#5341,.F.);
#5830 = ORIENTED_EDGE('',*,*,#4820,.F.);
#5831 = PLANE('',#5832);
#5832 = AXIS2_PLACEMENT_3D('',#5833,#5834,#5835);
#5833 = CARTESIAN_POINT('',(66.,18.4,4.37428331467));
#5834 = DIRECTION('',(0.,1.,0.));
#5835 = DIRECTION('',(0.,-0.,1.));
#5836 = ADVANCED_FACE('',(#5837),#5847,.T.);
#5837 = FACE_BOUND('',#5838,.T.);
#5838 = EDGE_LOOP('',(#5839,#5840,#5841,#5842,#5843,#5844,#5845,#5846));
#5839 = ORIENTED_EDGE('',*,*,#4504,.F.);
#5840 = ORIENTED_EDGE('',*,*,#4873,.F.);
#5841 = ORIENTED_EDGE('',*,*,#4665,.T.);
#5842 = ORIENTED_EDGE('',*,*,#4641,.T.);
#5843 = ORIENTED_EDGE('',*,*,#4536,.F.);
#5844 = ORIENTED_EDGE('',*,*,#5822,.T.);
#5845 = ORIENTED_EDGE('',*,*,#5586,.F.);
#5846 = ORIENTED_EDGE('',*,*,#5803,.F.);
#5847 = PLANE('',#5848);
#5848 = AXIS2_PLACEMENT_3D('',#5849,#5850,#5851);
#5849 = CARTESIAN_POINT('',(76.,12.853738317757,2.460280373832));
#5850 = DIRECTION('',(1.,0.,0.));
#5851 = DIRECTION('',(-0.,0.,1.));
#5852 = ADVANCED_FACE('',(#5853),#5863,.T.);
#5853 = FACE_BOUND('',#5854,.T.);
#5854 = EDGE_LOOP('',(#5855,#5856,#5857,#5858,#5859,#5860,#5861,#5862));
#5855 = ORIENTED_EDGE('',*,*,#5378,.T.);
#5856 = ORIENTED_EDGE('',*,*,#5457,.F.);
#5857 = ORIENTED_EDGE('',*,*,#5302,.F.);
#5858 = ORIENTED_EDGE('',*,*,#5056,.F.);
#5859 = ORIENTED_EDGE('',*,*,#4712,.T.);
#5860 = ORIENTED_EDGE('',*,*,#4889,.T.);
#5861 = ORIENTED_EDGE('',*,*,#4479,.T.);
#5862 = ORIENTED_EDGE('',*,*,#4913,.T.);
#5863 = PLANE('',#5864);
#5864 = AXIS2_PLACEMENT_3D('',#5865,#5866,#5867);
#5865 = CARTESIAN_POINT('',(69.453240740741,3.8,1.553240740741));
#5866 = DIRECTION('',(0.,1.,0.));
#5867 = DIRECTION('',(0.,-0.,1.));
#5868 = MANIFOLD_SOLID_BREP('',#5869);
#5869 = CLOSED_SHELL('',(#5870,#5926,#5957,#5988,#6035,#6066,#6127,#6158
    ,#6183,#6208,#6233,#6258,#6289,#6298,#6307,#6316,#6325,#6381,#6412,
    #6443,#6467,#6514,#6526,#6551,#6570,#6589,#6601,#6653,#6692,#6716,
    #6748,#6770,#6782));
#5870 = ADVANCED_FACE('',(#5871),#5921,.T.);
#5871 = FACE_BOUND('',#5872,.T.);
#5872 = EDGE_LOOP('',(#5873,#5883,#5891,#5899,#5907,#5915));
#5873 = ORIENTED_EDGE('',*,*,#5874,.F.);
#5874 = EDGE_CURVE('',#5875,#5877,#5879,.T.);
#5875 = VERTEX_POINT('',#5876);
#5876 = CARTESIAN_POINT('',(76.1,26.1,4.2));
#5877 = VERTEX_POINT('',#5878);
#5878 = CARTESIAN_POINT('',(76.1,26.9,4.2));
#5879 = LINE('',#5880,#5881);
#5880 = CARTESIAN_POINT('',(76.1,26.1,4.2));
#5881 = VECTOR('',#5882,1.);
#5882 = DIRECTION('',(-0.,1.,0.));
#5883 = ORIENTED_EDGE('',*,*,#5884,.T.);
#5884 = EDGE_CURVE('',#5875,#5885,#5887,.T.);
#5885 = VERTEX_POINT('',#5886);
#5886 = CARTESIAN_POINT('',(76.9,26.1,4.2));
#5887 = LINE('',#5888,#5889);
#5888 = CARTESIAN_POINT('',(76.1,26.1,4.2));
#5889 = VECTOR('',#5890,1.);
#5890 = DIRECTION('',(1.,0.,-0.));
#5891 = ORIENTED_EDGE('',*,*,#5892,.T.);
#5892 = EDGE_CURVE('',#5885,#5893,#5895,.T.);
#5893 = VERTEX_POINT('',#5894);
#5894 = CARTESIAN_POINT('',(76.9,45.9,4.2));
#5895 = LINE('',#5896,#5897);
#5896 = CARTESIAN_POINT('',(76.9,26.1,4.2));
#5897 = VECTOR('',#5898,1.);
#5898 = DIRECTION('',(-0.,1.,0.));
#5899 = ORIENTED_EDGE('',*,*,#5900,.F.);
#5900 = EDGE_CURVE('',#5901,#5893,#5903,.T.);
#5901 = VERTEX_POINT('',#5902);
#5902 = CARTESIAN_POINT('',(76.1,45.9,4.2));
#5903 = LINE('',#5904,#5905);
#5904 = CARTESIAN_POINT('',(76.1,45.9,4.2));
#5905 = VECTOR('',#5906,1.);
#5906 = DIRECTION('',(1.,0.,-0.));
#5907 = ORIENTED_EDGE('',*,*,#5908,.F.);
#5908 = EDGE_CURVE('',#5909,#5901,#5911,.T.);
#5909 = VERTEX_POINT('',#5910);
#5910 = CARTESIAN_POINT('',(76.1,45.1,4.2));
#5911 = LINE('',#5912,#5913);
#5912 = CARTESIAN_POINT('',(76.1,26.1,4.2));
#5913 = VECTOR('',#5914,1.);
#5914 = DIRECTION('',(-0.,1.,0.));
#5915 = ORIENTED_EDGE('',*,*,#5916,.F.);
#5916 = EDGE_CURVE('',#5877,#5909,#5917,.T.);
#5917 = LINE('',#5918,#5919);
#5918 = CARTESIAN_POINT('',(76.1,26.1,4.2));
#5919 = VECTOR('',#5920,1.);
#5920 = DIRECTION('',(-0.,1.,0.));
#5921 = PLANE('',#5922);
#5922 = AXIS2_PLACEMENT_3D('',#5923,#5924,#5925);
#5923 = CARTESIAN_POINT('',(76.1,26.1,4.2));
#5924 = DIRECTION('',(0.,0.,1.));
#5925 = DIRECTION('',(1.,0.,-0.));
#5926 = ADVANCED_FACE('',(#5927),#5952,.T.);
#5927 = FACE_BOUND('',#5928,.T.);
#5928 = EDGE_LOOP('',(#5929,#5937,#5938,#5946));
#5929 = ORIENTED_EDGE('',*,*,#5930,.F.);
#5930 = EDGE_CURVE('',#5875,#5931,#5933,.T.);
#5931 = VERTEX_POINT('',#5932);
#5932 = CARTESIAN_POINT('',(76.1,26.1,7.1));
#5933 = LINE('',#5934,#5935);
#5934 = CARTESIAN_POINT('',(76.1,26.1,1.99));
#5935 = VECTOR('',#5936,1.);
#5936 = DIRECTION('',(0.,0.,1.));
#5937 = ORIENTED_EDGE('',*,*,#5874,.T.);
#5938 = ORIENTED_EDGE('',*,*,#5939,.T.);
#5939 = EDGE_CURVE('',#5877,#5940,#5942,.T.);
#5940 = VERTEX_POINT('',#5941);
#5941 = CARTESIAN_POINT('',(76.1,26.9,7.1));
#5942 = LINE('',#5943,#5944);
#5943 = CARTESIAN_POINT('',(76.1,26.9,1.99));
#5944 = VECTOR('',#5945,1.);
#5945 = DIRECTION('',(0.,0.,1.));
#5946 = ORIENTED_EDGE('',*,*,#5947,.F.);
#5947 = EDGE_CURVE('',#5931,#5940,#5948,.T.);
#5948 = LINE('',#5949,#5950);
#5949 = CARTESIAN_POINT('',(76.1,26.1,7.1));
#5950 = VECTOR('',#5951,1.);
#5951 = DIRECTION('',(-0.,1.,0.));
#5952 = PLANE('',#5953);
#5953 = AXIS2_PLACEMENT_3D('',#5954,#5955,#5956);
#5954 = CARTESIAN_POINT('',(76.1,26.1,1.99));
#5955 = DIRECTION('',(1.,0.,-0.));
#5956 = DIRECTION('',(0.,0.,1.));
#5957 = ADVANCED_FACE('',(#5958),#5983,.F.);
#5958 = FACE_BOUND('',#5959,.F.);
#5959 = EDGE_LOOP('',(#5960,#5968,#5976,#5982));
#5960 = ORIENTED_EDGE('',*,*,#5961,.F.);
#5961 = EDGE_CURVE('',#5962,#5877,#5964,.T.);
#5962 = VERTEX_POINT('',#5963);
#5963 = CARTESIAN_POINT('',(76.1,26.9,2.));
#5964 = LINE('',#5965,#5966);
#5965 = CARTESIAN_POINT('',(76.1,26.9,1.99));
#5966 = VECTOR('',#5967,1.);
#5967 = DIRECTION('',(0.,0.,1.));
#5968 = ORIENTED_EDGE('',*,*,#5969,.T.);
#5969 = EDGE_CURVE('',#5962,#5970,#5972,.T.);
#5970 = VERTEX_POINT('',#5971);
#5971 = CARTESIAN_POINT('',(76.1,45.1,2.));
#5972 = LINE('',#5973,#5974);
#5973 = CARTESIAN_POINT('',(76.1,26.1,2.));
#5974 = VECTOR('',#5975,1.);
#5975 = DIRECTION('',(-0.,1.,0.));
#5976 = ORIENTED_EDGE('',*,*,#5977,.T.);
#5977 = EDGE_CURVE('',#5970,#5909,#5978,.T.);
#5978 = LINE('',#5979,#5980);
#5979 = CARTESIAN_POINT('',(76.1,45.1,1.99));
#5980 = VECTOR('',#5981,1.);
#5981 = DIRECTION('',(0.,0.,1.));
#5982 = ORIENTED_EDGE('',*,*,#5916,.F.);
#5983 = PLANE('',#5984);
#5984 = AXIS2_PLACEMENT_3D('',#5985,#5986,#5987);
#5985 = CARTESIAN_POINT('',(76.1,26.1,1.99));
#5986 = DIRECTION('',(1.,0.,-0.));
#5987 = DIRECTION('',(0.,0.,1.));
#5988 = ADVANCED_FACE('',(#5989),#6030,.F.);
#5989 = FACE_BOUND('',#5990,.F.);
#5990 = EDGE_LOOP('',(#5991,#5992,#6000,#6008,#6016,#6024));
#5991 = ORIENTED_EDGE('',*,*,#5977,.F.);
#5992 = ORIENTED_EDGE('',*,*,#5993,.T.);
#5993 = EDGE_CURVE('',#5970,#5994,#5996,.T.);
#5994 = VERTEX_POINT('',#5995);
#5995 = CARTESIAN_POINT('',(55.9,45.1,2.));
#5996 = LINE('',#5997,#5998);
#5997 = CARTESIAN_POINT('',(55.5,45.1,2.));
#5998 = VECTOR('',#5999,1.);
#5999 = DIRECTION('',(-1.,-0.,0.));
#6000 = ORIENTED_EDGE('',*,*,#6001,.T.);
#6001 = EDGE_CURVE('',#5994,#6002,#6004,.T.);
#6002 = VERTEX_POINT('',#6003);
#6003 = CARTESIAN_POINT('',(55.9,45.1,4.2));
#6004 = LINE('',#6005,#6006);
#6005 = CARTESIAN_POINT('',(55.9,45.1,1.99));
#6006 = VECTOR('',#6007,1.);
#6007 = DIRECTION('',(0.,0.,1.));
#6008 = ORIENTED_EDGE('',*,*,#6009,.T.);
#6009 = EDGE_CURVE('',#6002,#6010,#6012,.T.);
#6010 = VERTEX_POINT('',#6011);
#6011 = CARTESIAN_POINT('',(55.9,45.1,5.));
#6012 = LINE('',#6013,#6014);
#6013 = CARTESIAN_POINT('',(55.9,45.1,1.99));
#6014 = VECTOR('',#6015,1.);
#6015 = DIRECTION('',(0.,0.,1.));
#6016 = ORIENTED_EDGE('',*,*,#6017,.T.);
#6017 = EDGE_CURVE('',#6010,#6018,#6020,.T.);
#6018 = VERTEX_POINT('',#6019);
#6019 = CARTESIAN_POINT('',(76.1,45.1,5.));
#6020 = LINE('',#6021,#6022);
#6021 = CARTESIAN_POINT('',(55.9,45.1,5.));
#6022 = VECTOR('',#6023,1.);
#6023 = DIRECTION('',(1.,0.,-0.));
#6024 = ORIENTED_EDGE('',*,*,#6025,.F.);
#6025 = EDGE_CURVE('',#5909,#6018,#6026,.T.);
#6026 = LINE('',#6027,#6028);
#6027 = CARTESIAN_POINT('',(76.1,45.1,1.99));
#6028 = VECTOR('',#6029,1.);
#6029 = DIRECTION('',(0.,0.,1.));
#6030 = PLANE('',#6031);
#6031 = AXIS2_PLACEMENT_3D('',#6032,#6033,#6034);
#6032 = CARTESIAN_POINT('',(55.9,45.1,1.99));
#6033 = DIRECTION('',(-0.,1.,0.));
#6034 = DIRECTION('',(0.,0.,1.));
#6035 = ADVANCED_FACE('',(#6036),#6061,.T.);
#6036 = FACE_BOUND('',#6037,.T.);
#6037 = EDGE_LOOP('',(#6038,#6048,#6054,#6055));
#6038 = ORIENTED_EDGE('',*,*,#6039,.F.);
#6039 = EDGE_CURVE('',#6040,#6042,#6044,.T.);
#6040 = VERTEX_POINT('',#6041);
#6041 = CARTESIAN_POINT('',(55.9,26.9,2.));
#6042 = VERTEX_POINT('',#6043);
#6043 = CARTESIAN_POINT('',(55.9,26.9,4.2));
#6044 = LINE('',#6045,#6046);
#6045 = CARTESIAN_POINT('',(55.9,26.9,1.99));
#6046 = VECTOR('',#6047,1.);
#6047 = DIRECTION('',(0.,0.,1.));
#6048 = ORIENTED_EDGE('',*,*,#6049,.T.);
#6049 = EDGE_CURVE('',#6040,#5994,#6050,.T.);
#6050 = LINE('',#6051,#6052);
#6051 = CARTESIAN_POINT('',(55.9,26.1,2.));
#6052 = VECTOR('',#6053,1.);
#6053 = DIRECTION('',(-0.,1.,0.));
#6054 = ORIENTED_EDGE('',*,*,#6001,.T.);
#6055 = ORIENTED_EDGE('',*,*,#6056,.F.);
#6056 = EDGE_CURVE('',#6042,#6002,#6057,.T.);
#6057 = LINE('',#6058,#6059);
#6058 = CARTESIAN_POINT('',(55.9,26.1,4.2));
#6059 = VECTOR('',#6060,1.);
#6060 = DIRECTION('',(-0.,1.,0.));
#6061 = PLANE('',#6062);
#6062 = AXIS2_PLACEMENT_3D('',#6063,#6064,#6065);
#6063 = CARTESIAN_POINT('',(55.9,26.1,1.99));
#6064 = DIRECTION('',(1.,0.,-0.));
#6065 = DIRECTION('',(0.,0.,1.));
#6066 = ADVANCED_FACE('',(#6067,#6078,#6089,#6100,#6111),#6122,.T.);
#6067 = FACE_BOUND('',#6068,.T.);
#6068 = EDGE_LOOP('',(#6069,#6070,#6076,#6077));
#6069 = ORIENTED_EDGE('',*,*,#6049,.F.);
#6070 = ORIENTED_EDGE('',*,*,#6071,.F.);
#6071 = EDGE_CURVE('',#5962,#6040,#6072,.T.);
#6072 = LINE('',#6073,#6074);
#6073 = CARTESIAN_POINT('',(55.5,26.9,2.));
#6074 = VECTOR('',#6075,1.);
#6075 = DIRECTION('',(-1.,-0.,0.));
#6076 = ORIENTED_EDGE('',*,*,#5969,.T.);
#6077 = ORIENTED_EDGE('',*,*,#5993,.T.);
#6078 = FACE_BOUND('',#6079,.T.);
#6079 = EDGE_LOOP('',(#6080));
#6080 = ORIENTED_EDGE('',*,*,#6081,.F.);
#6081 = EDGE_CURVE('',#6082,#6082,#6084,.T.);
#6082 = VERTEX_POINT('',#6083);
#6083 = CARTESIAN_POINT('',(67.25,36.,2.));
#6084 = CIRCLE('',#6085,1.25);
#6085 = AXIS2_PLACEMENT_3D('',#6086,#6087,#6088);
#6086 = CARTESIAN_POINT('',(66.,36.,2.));
#6087 = DIRECTION('',(0.,0.,1.));
#6088 = DIRECTION('',(1.,0.,-0.));
#6089 = FACE_BOUND('',#6090,.T.);
#6090 = EDGE_LOOP('',(#6091));
#6091 = ORIENTED_EDGE('',*,*,#6092,.F.);
#6092 = EDGE_CURVE('',#6093,#6093,#6095,.T.);
#6093 = VERTEX_POINT('',#6094);
#6094 = CARTESIAN_POINT('',(58.95,41.,2.));
#6095 = CIRCLE('',#6096,0.65);
#6096 = AXIS2_PLACEMENT_3D('',#6097,#6098,#6099);
#6097 = CARTESIAN_POINT('',(58.3,41.,2.));
#6098 = DIRECTION('',(0.,0.,1.));
#6099 = DIRECTION('',(1.,0.,-0.));
#6100 = FACE_BOUND('',#6101,.T.);
#6101 = EDGE_LOOP('',(#6102));
#6102 = ORIENTED_EDGE('',*,*,#6103,.F.);
#6103 = EDGE_CURVE('',#6104,#6104,#6106,.T.);
#6104 = VERTEX_POINT('',#6105);
#6105 = CARTESIAN_POINT('',(61.15,41.,2.));
#6106 = CIRCLE('',#6107,0.65);
#6107 = AXIS2_PLACEMENT_3D('',#6108,#6109,#6110);
#6108 = CARTESIAN_POINT('',(60.5,41.,2.));
#6109 = DIRECTION('',(0.,0.,1.));
#6110 = DIRECTION('',(1.,0.,-0.));
#6111 = FACE_BOUND('',#6112,.T.);
#6112 = EDGE_LOOP('',(#6113));
#6113 = ORIENTED_EDGE('',*,*,#6114,.F.);
#6114 = EDGE_CURVE('',#6115,#6115,#6117,.T.);
#6115 = VERTEX_POINT('',#6116);
#6116 = CARTESIAN_POINT('',(63.35,41.,2.));
#6117 = CIRCLE('',#6118,0.65);
#6118 = AXIS2_PLACEMENT_3D('',#6119,#6120,#6121);
#6119 = CARTESIAN_POINT('',(62.7,41.,2.));
#6120 = DIRECTION('',(0.,0.,1.));
#6121 = DIRECTION('',(1.,0.,-0.));
#6122 = PLANE('',#6123);
#6123 = AXIS2_PLACEMENT_3D('',#6124,#6125,#6126);
#6124 = CARTESIAN_POINT('',(55.1,26.1,2.));
#6125 = DIRECTION('',(0.,0.,1.));
#6126 = DIRECTION('',(1.,0.,-0.));
#6127 = ADVANCED_FACE('',(#6128),#6153,.F.);
#6128 = FACE_BOUND('',#6129,.F.);
#6129 = EDGE_LOOP('',(#6130,#6138,#6146,#6152));
#6130 = ORIENTED_EDGE('',*,*,#6131,.F.);
#6131 = EDGE_CURVE('',#6132,#6010,#6134,.T.);
#6132 = VERTEX_POINT('',#6133);
#6133 = CARTESIAN_POINT('',(55.9,44.4,5.));
#6134 = LINE('',#6135,#6136);
#6135 = CARTESIAN_POINT('',(55.9,44.4,5.));
#6136 = VECTOR('',#6137,1.);
#6137 = DIRECTION('',(-0.,1.,0.));
#6138 = ORIENTED_EDGE('',*,*,#6139,.T.);
#6139 = EDGE_CURVE('',#6132,#6140,#6142,.T.);
#6140 = VERTEX_POINT('',#6141);
#6141 = CARTESIAN_POINT('',(76.1,44.4,5.));
#6142 = LINE('',#6143,#6144);
#6143 = CARTESIAN_POINT('',(55.9,44.4,5.));
#6144 = VECTOR('',#6145,1.);
#6145 = DIRECTION('',(1.,0.,-0.));
#6146 = ORIENTED_EDGE('',*,*,#6147,.T.);
#6147 = EDGE_CURVE('',#6140,#6018,#6148,.T.);
#6148 = LINE('',#6149,#6150);
#6149 = CARTESIAN_POINT('',(76.1,44.4,5.));
#6150 = VECTOR('',#6151,1.);
#6151 = DIRECTION('',(-0.,1.,0.));
#6152 = ORIENTED_EDGE('',*,*,#6017,.F.);
#6153 = PLANE('',#6154);
#6154 = AXIS2_PLACEMENT_3D('',#6155,#6156,#6157);
#6155 = CARTESIAN_POINT('',(55.9,44.4,5.));
#6156 = DIRECTION('',(0.,0.,1.));
#6157 = DIRECTION('',(1.,0.,-0.));
#6158 = ADVANCED_FACE('',(#6159),#6178,.T.);
#6159 = FACE_BOUND('',#6160,.T.);
#6160 = EDGE_LOOP('',(#6161,#6169,#6176,#6177));
#6161 = ORIENTED_EDGE('',*,*,#6162,.T.);
#6162 = EDGE_CURVE('',#6082,#6163,#6165,.T.);
#6163 = VERTEX_POINT('',#6164);
#6164 = CARTESIAN_POINT('',(67.25,36.,3.5));
#6165 = LINE('',#6166,#6167);
#6166 = CARTESIAN_POINT('',(67.25,36.,1.99));
#6167 = VECTOR('',#6168,1.);
#6168 = DIRECTION('',(0.,0.,1.));
#6169 = ORIENTED_EDGE('',*,*,#6170,.F.);
#6170 = EDGE_CURVE('',#6163,#6163,#6171,.T.);
#6171 = CIRCLE('',#6172,1.25);
#6172 = AXIS2_PLACEMENT_3D('',#6173,#6174,#6175);
#6173 = CARTESIAN_POINT('',(66.,36.,3.5));
#6174 = DIRECTION('',(0.,0.,1.));
#6175 = DIRECTION('',(1.,0.,-0.));
#6176 = ORIENTED_EDGE('',*,*,#6162,.F.);
#6177 = ORIENTED_EDGE('',*,*,#6081,.T.);
#6178 = CYLINDRICAL_SURFACE('',#6179,1.25);
#6179 = AXIS2_PLACEMENT_3D('',#6180,#6181,#6182);
#6180 = CARTESIAN_POINT('',(66.,36.,1.99));
#6181 = DIRECTION('',(0.,0.,1.));
#6182 = DIRECTION('',(1.,0.,-0.));
#6183 = ADVANCED_FACE('',(#6184),#6203,.F.);
#6184 = FACE_BOUND('',#6185,.F.);
#6185 = EDGE_LOOP('',(#6186,#6187,#6195,#6202));
#6186 = ORIENTED_EDGE('',*,*,#6092,.F.);
#6187 = ORIENTED_EDGE('',*,*,#6188,.F.);
#6188 = EDGE_CURVE('',#6189,#6093,#6191,.T.);
#6189 = VERTEX_POINT('',#6190);
#6190 = CARTESIAN_POINT('',(58.95,41.,1.6));
#6191 = LINE('',#6192,#6193);
#6192 = CARTESIAN_POINT('',(58.95,41.,1.6));
#6193 = VECTOR('',#6194,1.);
#6194 = DIRECTION('',(0.,0.,1.));
#6195 = ORIENTED_EDGE('',*,*,#6196,.T.);
#6196 = EDGE_CURVE('',#6189,#6189,#6197,.T.);
#6197 = CIRCLE('',#6198,0.65);
#6198 = AXIS2_PLACEMENT_3D('',#6199,#6200,#6201);
#6199 = CARTESIAN_POINT('',(58.3,41.,1.6));
#6200 = DIRECTION('',(0.,0.,1.));
#6201 = DIRECTION('',(1.,0.,-0.));
#6202 = ORIENTED_EDGE('',*,*,#6188,.T.);
#6203 = CYLINDRICAL_SURFACE('',#6204,0.65);
#6204 = AXIS2_PLACEMENT_3D('',#6205,#6206,#6207);
#6205 = CARTESIAN_POINT('',(58.3,41.,1.6));
#6206 = DIRECTION('',(0.,0.,1.));
#6207 = DIRECTION('',(1.,0.,-0.));
#6208 = ADVANCED_FACE('',(#6209),#6228,.F.);
#6209 = FACE_BOUND('',#6210,.F.);
#6210 = EDGE_LOOP('',(#6211,#6212,#6220,#6227));
#6211 = ORIENTED_EDGE('',*,*,#6103,.F.);
#6212 = ORIENTED_EDGE('',*,*,#6213,.F.);
#6213 = EDGE_CURVE('',#6214,#6104,#6216,.T.);
#6214 = VERTEX_POINT('',#6215);
#6215 = CARTESIAN_POINT('',(61.15,41.,1.6));
#6216 = LINE('',#6217,#6218);
#6217 = CARTESIAN_POINT('',(61.15,41.,1.6));
#6218 = VECTOR('',#6219,1.);
#6219 = DIRECTION('',(0.,0.,1.));
#6220 = ORIENTED_EDGE('',*,*,#6221,.T.);
#6221 = EDGE_CURVE('',#6214,#6214,#6222,.T.);
#6222 = CIRCLE('',#6223,0.65);
#6223 = AXIS2_PLACEMENT_3D('',#6224,#6225,#6226);
#6224 = CARTESIAN_POINT('',(60.5,41.,1.6));
#6225 = DIRECTION('',(0.,0.,1.));
#6226 = DIRECTION('',(1.,0.,-0.));
#6227 = ORIENTED_EDGE('',*,*,#6213,.T.);
#6228 = CYLINDRICAL_SURFACE('',#6229,0.65);
#6229 = AXIS2_PLACEMENT_3D('',#6230,#6231,#6232);
#6230 = CARTESIAN_POINT('',(60.5,41.,1.6));
#6231 = DIRECTION('',(0.,0.,1.));
#6232 = DIRECTION('',(1.,0.,-0.));
#6233 = ADVANCED_FACE('',(#6234),#6253,.F.);
#6234 = FACE_BOUND('',#6235,.F.);
#6235 = EDGE_LOOP('',(#6236,#6237,#6245,#6252));
#6236 = ORIENTED_EDGE('',*,*,#6114,.F.);
#6237 = ORIENTED_EDGE('',*,*,#6238,.F.);
#6238 = EDGE_CURVE('',#6239,#6115,#6241,.T.);
#6239 = VERTEX_POINT('',#6240);
#6240 = CARTESIAN_POINT('',(63.35,41.,1.6));
#6241 = LINE('',#6242,#6243);
#6242 = CARTESIAN_POINT('',(63.35,41.,1.6));
#6243 = VECTOR('',#6244,1.);
#6244 = DIRECTION('',(0.,0.,1.));
#6245 = ORIENTED_EDGE('',*,*,#6246,.T.);
#6246 = EDGE_CURVE('',#6239,#6239,#6247,.T.);
#6247 = CIRCLE('',#6248,0.65);
#6248 = AXIS2_PLACEMENT_3D('',#6249,#6250,#6251);
#6249 = CARTESIAN_POINT('',(62.7,41.,1.6));
#6250 = DIRECTION('',(0.,0.,1.));
#6251 = DIRECTION('',(1.,0.,-0.));
#6252 = ORIENTED_EDGE('',*,*,#6238,.T.);
#6253 = CYLINDRICAL_SURFACE('',#6254,0.65);
#6254 = AXIS2_PLACEMENT_3D('',#6255,#6256,#6257);
#6255 = CARTESIAN_POINT('',(62.7,41.,1.6));
#6256 = DIRECTION('',(0.,0.,1.));
#6257 = DIRECTION('',(1.,0.,-0.));
#6258 = ADVANCED_FACE('',(#6259),#6284,.F.);
#6259 = FACE_BOUND('',#6260,.F.);
#6260 = EDGE_LOOP('',(#6261,#6262,#6270,#6278));
#6261 = ORIENTED_EDGE('',*,*,#6139,.F.);
#6262 = ORIENTED_EDGE('',*,*,#6263,.T.);
#6263 = EDGE_CURVE('',#6132,#6264,#6266,.T.);
#6264 = VERTEX_POINT('',#6265);
#6265 = CARTESIAN_POINT('',(55.9,44.4,5.6));
#6266 = LINE('',#6267,#6268);
#6267 = CARTESIAN_POINT('',(55.9,44.4,5.));
#6268 = VECTOR('',#6269,1.);
#6269 = DIRECTION('',(0.,0.,1.));
#6270 = ORIENTED_EDGE('',*,*,#6271,.T.);
#6271 = EDGE_CURVE('',#6264,#6272,#6274,.T.);
#6272 = VERTEX_POINT('',#6273);
#6273 = CARTESIAN_POINT('',(76.1,44.4,5.6));
#6274 = LINE('',#6275,#6276);
#6275 = CARTESIAN_POINT('',(55.9,44.4,5.6));
#6276 = VECTOR('',#6277,1.);
#6277 = DIRECTION('',(1.,0.,-0.));
#6278 = ORIENTED_EDGE('',*,*,#6279,.F.);
#6279 = EDGE_CURVE('',#6140,#6272,#6280,.T.);
#6280 = LINE('',#6281,#6282);
#6281 = CARTESIAN_POINT('',(76.1,44.4,5.));
#6282 = VECTOR('',#6283,1.);
#6283 = DIRECTION('',(0.,0.,1.));
#6284 = PLANE('',#6285);
#6285 = AXIS2_PLACEMENT_3D('',#6286,#6287,#6288);
#6286 = CARTESIAN_POINT('',(55.9,44.4,5.));
#6287 = DIRECTION('',(-0.,1.,0.));
#6288 = DIRECTION('',(0.,0.,1.));
#6289 = ADVANCED_FACE('',(#6290),#6293,.T.);
#6290 = FACE_BOUND('',#6291,.T.);
#6291 = EDGE_LOOP('',(#6292));
#6292 = ORIENTED_EDGE('',*,*,#6170,.T.);
#6293 = PLANE('',#6294);
#6294 = AXIS2_PLACEMENT_3D('',#6295,#6296,#6297);
#6295 = CARTESIAN_POINT('',(66.,36.,3.5));
#6296 = DIRECTION('',(0.,0.,1.));
#6297 = DIRECTION('',(1.,0.,-0.));
#6298 = ADVANCED_FACE('',(#6299),#6302,.T.);
#6299 = FACE_BOUND('',#6300,.F.);
#6300 = EDGE_LOOP('',(#6301));
#6301 = ORIENTED_EDGE('',*,*,#6196,.F.);
#6302 = PLANE('',#6303);
#6303 = AXIS2_PLACEMENT_3D('',#6304,#6305,#6306);
#6304 = CARTESIAN_POINT('',(58.3,41.,1.6));
#6305 = DIRECTION('',(0.,0.,1.));
#6306 = DIRECTION('',(1.,0.,-0.));
#6307 = ADVANCED_FACE('',(#6308),#6311,.T.);
#6308 = FACE_BOUND('',#6309,.F.);
#6309 = EDGE_LOOP('',(#6310));
#6310 = ORIENTED_EDGE('',*,*,#6221,.F.);
#6311 = PLANE('',#6312);
#6312 = AXIS2_PLACEMENT_3D('',#6313,#6314,#6315);
#6313 = CARTESIAN_POINT('',(60.5,41.,1.6));
#6314 = DIRECTION('',(0.,0.,1.));
#6315 = DIRECTION('',(1.,0.,-0.));
#6316 = ADVANCED_FACE('',(#6317),#6320,.T.);
#6317 = FACE_BOUND('',#6318,.F.);
#6318 = EDGE_LOOP('',(#6319));
#6319 = ORIENTED_EDGE('',*,*,#6246,.F.);
#6320 = PLANE('',#6321);
#6321 = AXIS2_PLACEMENT_3D('',#6322,#6323,#6324);
#6322 = CARTESIAN_POINT('',(62.7,41.,1.6));
#6323 = DIRECTION('',(0.,0.,1.));
#6324 = DIRECTION('',(1.,0.,-0.));
#6325 = ADVANCED_FACE('',(#6326),#6376,.T.);
#6326 = FACE_BOUND('',#6327,.T.);
#6327 = EDGE_LOOP('',(#6328,#6336,#6337,#6338,#6346,#6354,#6362,#6370));
#6328 = ORIENTED_EDGE('',*,*,#6329,.T.);
#6329 = EDGE_CURVE('',#6330,#5885,#6332,.T.);
#6330 = VERTEX_POINT('',#6331);
#6331 = CARTESIAN_POINT('',(76.9,26.1,0.));
#6332 = LINE('',#6333,#6334);
#6333 = CARTESIAN_POINT('',(76.9,26.1,0.));
#6334 = VECTOR('',#6335,1.);
#6335 = DIRECTION('',(0.,0.,1.));
#6336 = ORIENTED_EDGE('',*,*,#5884,.F.);
#6337 = ORIENTED_EDGE('',*,*,#5930,.T.);
#6338 = ORIENTED_EDGE('',*,*,#6339,.F.);
#6339 = EDGE_CURVE('',#6340,#5931,#6342,.T.);
#6340 = VERTEX_POINT('',#6341);
#6341 = CARTESIAN_POINT('',(71.8,26.1,7.1));
#6342 = LINE('',#6343,#6344);
#6343 = CARTESIAN_POINT('',(71.8,26.1,7.1));
#6344 = VECTOR('',#6345,1.);
#6345 = DIRECTION('',(1.,0.,-0.));
#6346 = ORIENTED_EDGE('',*,*,#6347,.F.);
#6347 = EDGE_CURVE('',#6348,#6340,#6350,.T.);
#6348 = VERTEX_POINT('',#6349);
#6349 = CARTESIAN_POINT('',(71.8,26.1,4.2));
#6350 = LINE('',#6351,#6352);
#6351 = CARTESIAN_POINT('',(71.8,26.1,1.99));
#6352 = VECTOR('',#6353,1.);
#6353 = DIRECTION('',(0.,0.,1.));
#6354 = ORIENTED_EDGE('',*,*,#6355,.F.);
#6355 = EDGE_CURVE('',#6356,#6348,#6358,.T.);
#6356 = VERTEX_POINT('',#6357);
#6357 = CARTESIAN_POINT('',(55.1,26.1,4.2));
#6358 = LINE('',#6359,#6360);
#6359 = CARTESIAN_POINT('',(55.9,26.1,4.2));
#6360 = VECTOR('',#6361,1.);
#6361 = DIRECTION('',(1.,0.,-0.));
#6362 = ORIENTED_EDGE('',*,*,#6363,.F.);
#6363 = EDGE_CURVE('',#6364,#6356,#6366,.T.);
#6364 = VERTEX_POINT('',#6365);
#6365 = CARTESIAN_POINT('',(55.1,26.1,0.));
#6366 = LINE('',#6367,#6368);
#6367 = CARTESIAN_POINT('',(55.1,26.1,1.99));
#6368 = VECTOR('',#6369,1.);
#6369 = DIRECTION('',(0.,0.,1.));
#6370 = ORIENTED_EDGE('',*,*,#6371,.T.);
#6371 = EDGE_CURVE('',#6364,#6330,#6372,.T.);
#6372 = LINE('',#6373,#6374);
#6373 = CARTESIAN_POINT('',(55.1,26.1,0.));
#6374 = VECTOR('',#6375,1.);
#6375 = DIRECTION('',(1.,0.,-0.));
#6376 = PLANE('',#6377);
#6377 = AXIS2_PLACEMENT_3D('',#6378,#6379,#6380);
#6378 = CARTESIAN_POINT('',(66.797750865052,26.1,2.671972318339));
#6379 = DIRECTION('',(-0.,-1.,-0.));
#6380 = DIRECTION('',(0.,0.,-1.));
#6381 = ADVANCED_FACE('',(#6382),#6407,.F.);
#6382 = FACE_BOUND('',#6383,.F.);
#6383 = EDGE_LOOP('',(#6384,#6385,#6393,#6401));
#6384 = ORIENTED_EDGE('',*,*,#6347,.F.);
#6385 = ORIENTED_EDGE('',*,*,#6386,.T.);
#6386 = EDGE_CURVE('',#6348,#6387,#6389,.T.);
#6387 = VERTEX_POINT('',#6388);
#6388 = CARTESIAN_POINT('',(71.8,26.9,4.2));
#6389 = LINE('',#6390,#6391);
#6390 = CARTESIAN_POINT('',(71.8,26.1,4.2));
#6391 = VECTOR('',#6392,1.);
#6392 = DIRECTION('',(-0.,1.,0.));
#6393 = ORIENTED_EDGE('',*,*,#6394,.T.);
#6394 = EDGE_CURVE('',#6387,#6395,#6397,.T.);
#6395 = VERTEX_POINT('',#6396);
#6396 = CARTESIAN_POINT('',(71.8,26.9,7.1));
#6397 = LINE('',#6398,#6399);
#6398 = CARTESIAN_POINT('',(71.8,26.9,1.99));
#6399 = VECTOR('',#6400,1.);
#6400 = DIRECTION('',(0.,0.,1.));
#6401 = ORIENTED_EDGE('',*,*,#6402,.F.);
#6402 = EDGE_CURVE('',#6340,#6395,#6403,.T.);
#6403 = LINE('',#6404,#6405);
#6404 = CARTESIAN_POINT('',(71.8,26.1,7.1));
#6405 = VECTOR('',#6406,1.);
#6406 = DIRECTION('',(-0.,1.,0.));
#6407 = PLANE('',#6408);
#6408 = AXIS2_PLACEMENT_3D('',#6409,#6410,#6411);
#6409 = CARTESIAN_POINT('',(71.8,26.1,1.99));
#6410 = DIRECTION('',(1.,0.,-0.));
#6411 = DIRECTION('',(0.,0.,1.));
#6412 = ADVANCED_FACE('',(#6413),#6438,.F.);
#6413 = FACE_BOUND('',#6414,.F.);
#6414 = EDGE_LOOP('',(#6415,#6423,#6424,#6432));
#6415 = ORIENTED_EDGE('',*,*,#6416,.F.);
#6416 = EDGE_CURVE('',#6364,#6417,#6419,.T.);
#6417 = VERTEX_POINT('',#6418);
#6418 = CARTESIAN_POINT('',(55.1,45.9,0.));
#6419 = LINE('',#6420,#6421);
#6420 = CARTESIAN_POINT('',(55.1,26.1,0.));
#6421 = VECTOR('',#6422,1.);
#6422 = DIRECTION('',(-0.,1.,0.));
#6423 = ORIENTED_EDGE('',*,*,#6371,.T.);
#6424 = ORIENTED_EDGE('',*,*,#6425,.T.);
#6425 = EDGE_CURVE('',#6330,#6426,#6428,.T.);
#6426 = VERTEX_POINT('',#6427);
#6427 = CARTESIAN_POINT('',(76.9,45.9,0.));
#6428 = LINE('',#6429,#6430);
#6429 = CARTESIAN_POINT('',(76.9,26.1,0.));
#6430 = VECTOR('',#6431,1.);
#6431 = DIRECTION('',(-0.,1.,0.));
#6432 = ORIENTED_EDGE('',*,*,#6433,.F.);
#6433 = EDGE_CURVE('',#6417,#6426,#6434,.T.);
#6434 = LINE('',#6435,#6436);
#6435 = CARTESIAN_POINT('',(55.1,45.9,0.));
#6436 = VECTOR('',#6437,1.);
#6437 = DIRECTION('',(1.,0.,-0.));
#6438 = PLANE('',#6439);
#6439 = AXIS2_PLACEMENT_3D('',#6440,#6441,#6442);
#6440 = CARTESIAN_POINT('',(55.1,26.1,0.));
#6441 = DIRECTION('',(0.,0.,1.));
#6442 = DIRECTION('',(1.,0.,-0.));
#6443 = ADVANCED_FACE('',(#6444),#6462,.T.);
#6444 = FACE_BOUND('',#6445,.T.);
#6445 = EDGE_LOOP('',(#6446,#6447,#6455,#6461));
#6446 = ORIENTED_EDGE('',*,*,#6363,.T.);
#6447 = ORIENTED_EDGE('',*,*,#6448,.T.);
#6448 = EDGE_CURVE('',#6356,#6449,#6451,.T.);
#6449 = VERTEX_POINT('',#6450);
#6450 = CARTESIAN_POINT('',(55.1,45.9,4.2));
#6451 = LINE('',#6452,#6453);
#6452 = CARTESIAN_POINT('',(55.1,26.1,4.2));
#6453 = VECTOR('',#6454,1.);
#6454 = DIRECTION('',(-0.,1.,0.));
#6455 = ORIENTED_EDGE('',*,*,#6456,.F.);
#6456 = EDGE_CURVE('',#6417,#6449,#6457,.T.);
#6457 = LINE('',#6458,#6459);
#6458 = CARTESIAN_POINT('',(55.1,45.9,1.99));
#6459 = VECTOR('',#6460,1.);
#6460 = DIRECTION('',(0.,0.,1.));
#6461 = ORIENTED_EDGE('',*,*,#6416,.F.);
#6462 = PLANE('',#6463);
#6463 = AXIS2_PLACEMENT_3D('',#6464,#6465,#6466);
#6464 = CARTESIAN_POINT('',(55.1,36.,2.1));
#6465 = DIRECTION('',(-1.,-0.,-1.691381298541E-15));
#6466 = DIRECTION('',(1.691381298541E-15,0.,-1.));
#6467 = ADVANCED_FACE('',(#6468),#6509,.T.);
#6468 = FACE_BOUND('',#6469,.T.);
#6469 = EDGE_LOOP('',(#6470,#6471,#6472,#6480,#6488,#6496,#6502,#6503));
#6470 = ORIENTED_EDGE('',*,*,#6433,.F.);
#6471 = ORIENTED_EDGE('',*,*,#6456,.T.);
#6472 = ORIENTED_EDGE('',*,*,#6473,.T.);
#6473 = EDGE_CURVE('',#6449,#6474,#6476,.T.);
#6474 = VERTEX_POINT('',#6475);
#6475 = CARTESIAN_POINT('',(55.9,45.9,4.2));
#6476 = LINE('',#6477,#6478);
#6477 = CARTESIAN_POINT('',(55.1,45.9,4.2));
#6478 = VECTOR('',#6479,1.);
#6479 = DIRECTION('',(1.,0.,-0.));
#6480 = ORIENTED_EDGE('',*,*,#6481,.T.);
#6481 = EDGE_CURVE('',#6474,#6482,#6484,.T.);
#6482 = VERTEX_POINT('',#6483);
#6483 = CARTESIAN_POINT('',(55.9,45.9,5.6));
#6484 = LINE('',#6485,#6486);
#6485 = CARTESIAN_POINT('',(55.9,45.9,1.99));
#6486 = VECTOR('',#6487,1.);
#6487 = DIRECTION('',(0.,0.,1.));
#6488 = ORIENTED_EDGE('',*,*,#6489,.T.);
#6489 = EDGE_CURVE('',#6482,#6490,#6492,.T.);
#6490 = VERTEX_POINT('',#6491);
#6491 = CARTESIAN_POINT('',(76.1,45.9,5.6));
#6492 = LINE('',#6493,#6494);
#6493 = CARTESIAN_POINT('',(55.9,45.9,5.6));
#6494 = VECTOR('',#6495,1.);
#6495 = DIRECTION('',(1.,0.,-0.));
#6496 = ORIENTED_EDGE('',*,*,#6497,.F.);
#6497 = EDGE_CURVE('',#5901,#6490,#6498,.T.);
#6498 = LINE('',#6499,#6500);
#6499 = CARTESIAN_POINT('',(76.1,45.9,1.99));
#6500 = VECTOR('',#6501,1.);
#6501 = DIRECTION('',(0.,0.,1.));
#6502 = ORIENTED_EDGE('',*,*,#5900,.T.);
#6503 = ORIENTED_EDGE('',*,*,#6504,.F.);
#6504 = EDGE_CURVE('',#6426,#5893,#6505,.T.);
#6505 = LINE('',#6506,#6507);
#6506 = CARTESIAN_POINT('',(76.9,45.9,1.99));
#6507 = VECTOR('',#6508,1.);
#6508 = DIRECTION('',(0.,0.,1.));
#6509 = PLANE('',#6510);
#6510 = AXIS2_PLACEMENT_3D('',#6511,#6512,#6513);
#6511 = CARTESIAN_POINT('',(66.,45.9,2.759124087591));
#6512 = DIRECTION('',(0.,1.,0.));
#6513 = DIRECTION('',(0.,-0.,1.));
#6514 = ADVANCED_FACE('',(#6515),#6521,.T.);
#6515 = FACE_BOUND('',#6516,.T.);
#6516 = EDGE_LOOP('',(#6517,#6518,#6519,#6520));
#6517 = ORIENTED_EDGE('',*,*,#6329,.F.);
#6518 = ORIENTED_EDGE('',*,*,#6425,.T.);
#6519 = ORIENTED_EDGE('',*,*,#6504,.T.);
#6520 = ORIENTED_EDGE('',*,*,#5892,.F.);
#6521 = PLANE('',#6522);
#6522 = AXIS2_PLACEMENT_3D('',#6523,#6524,#6525);
#6523 = CARTESIAN_POINT('',(76.9,36.,2.1));
#6524 = DIRECTION('',(1.,0.,-3.382762597083E-15));
#6525 = DIRECTION('',(3.382762597083E-15,0.,1.));
#6526 = ADVANCED_FACE('',(#6527),#6546,.T.);
#6527 = FACE_BOUND('',#6528,.T.);
#6528 = EDGE_LOOP('',(#6529,#6530,#6531,#6532,#6538,#6539,#6545));
#6529 = ORIENTED_EDGE('',*,*,#6448,.F.);
#6530 = ORIENTED_EDGE('',*,*,#6355,.T.);
#6531 = ORIENTED_EDGE('',*,*,#6386,.T.);
#6532 = ORIENTED_EDGE('',*,*,#6533,.F.);
#6533 = EDGE_CURVE('',#6042,#6387,#6534,.T.);
#6534 = LINE('',#6535,#6536);
#6535 = CARTESIAN_POINT('',(55.9,26.9,4.2));
#6536 = VECTOR('',#6537,1.);
#6537 = DIRECTION('',(1.,0.,-0.));
#6538 = ORIENTED_EDGE('',*,*,#6056,.T.);
#6539 = ORIENTED_EDGE('',*,*,#6540,.T.);
#6540 = EDGE_CURVE('',#6002,#6474,#6541,.T.);
#6541 = LINE('',#6542,#6543);
#6542 = CARTESIAN_POINT('',(55.9,26.1,4.2));
#6543 = VECTOR('',#6544,1.);
#6544 = DIRECTION('',(-0.,1.,0.));
#6545 = ORIENTED_EDGE('',*,*,#6473,.F.);
#6546 = PLANE('',#6547);
#6547 = AXIS2_PLACEMENT_3D('',#6548,#6549,#6550);
#6548 = CARTESIAN_POINT('',(59.311643835616,31.861643835616,4.2));
#6549 = DIRECTION('',(0.,0.,1.));
#6550 = DIRECTION('',(1.,0.,-0.));
#6551 = ADVANCED_FACE('',(#6552),#6565,.T.);
#6552 = FACE_BOUND('',#6553,.T.);
#6553 = EDGE_LOOP('',(#6554,#6555,#6556,#6557,#6563,#6564));
#6554 = ORIENTED_EDGE('',*,*,#6009,.T.);
#6555 = ORIENTED_EDGE('',*,*,#6131,.F.);
#6556 = ORIENTED_EDGE('',*,*,#6263,.T.);
#6557 = ORIENTED_EDGE('',*,*,#6558,.T.);
#6558 = EDGE_CURVE('',#6264,#6482,#6559,.T.);
#6559 = LINE('',#6560,#6561);
#6560 = CARTESIAN_POINT('',(55.9,44.4,5.6));
#6561 = VECTOR('',#6562,1.);
#6562 = DIRECTION('',(-0.,1.,0.));
#6563 = ORIENTED_EDGE('',*,*,#6481,.F.);
#6564 = ORIENTED_EDGE('',*,*,#6540,.F.);
#6565 = PLANE('',#6566);
#6566 = AXIS2_PLACEMENT_3D('',#6567,#6568,#6569);
#6567 = CARTESIAN_POINT('',(55.9,45.246551724138,4.996551724138));
#6568 = DIRECTION('',(-1.,-0.,-0.));
#6569 = DIRECTION('',(0.,0.,-1.));
#6570 = ADVANCED_FACE('',(#6571),#6584,.T.);
#6571 = FACE_BOUND('',#6572,.T.);
#6572 = EDGE_LOOP('',(#6573,#6574,#6575,#6576,#6582,#6583));
#6573 = ORIENTED_EDGE('',*,*,#6025,.F.);
#6574 = ORIENTED_EDGE('',*,*,#5908,.T.);
#6575 = ORIENTED_EDGE('',*,*,#6497,.T.);
#6576 = ORIENTED_EDGE('',*,*,#6577,.F.);
#6577 = EDGE_CURVE('',#6272,#6490,#6578,.T.);
#6578 = LINE('',#6579,#6580);
#6579 = CARTESIAN_POINT('',(76.1,45.1,5.6));
#6580 = VECTOR('',#6581,1.);
#6581 = DIRECTION('',(-0.,1.,0.));
#6582 = ORIENTED_EDGE('',*,*,#6279,.F.);
#6583 = ORIENTED_EDGE('',*,*,#6147,.T.);
#6584 = PLANE('',#6585);
#6585 = AXIS2_PLACEMENT_3D('',#6586,#6587,#6588);
#6586 = CARTESIAN_POINT('',(76.1,45.246551724138,4.996551724138));
#6587 = DIRECTION('',(1.,0.,0.));
#6588 = DIRECTION('',(-0.,0.,1.));
#6589 = ADVANCED_FACE('',(#6590),#6596,.T.);
#6590 = FACE_BOUND('',#6591,.T.);
#6591 = EDGE_LOOP('',(#6592,#6593,#6594,#6595));
#6592 = ORIENTED_EDGE('',*,*,#6558,.F.);
#6593 = ORIENTED_EDGE('',*,*,#6271,.T.);
#6594 = ORIENTED_EDGE('',*,*,#6577,.T.);
#6595 = ORIENTED_EDGE('',*,*,#6489,.F.);
#6596 = PLANE('',#6597);
#6597 = AXIS2_PLACEMENT_3D('',#6598,#6599,#6600);
#6598 = CARTESIAN_POINT('',(66.,45.15,5.6));
#6599 = DIRECTION('',(0.,0.,1.));
#6600 = DIRECTION('',(1.,0.,-0.));
#6601 = ADVANCED_FACE('',(#6602),#6648,.T.);
#6602 = FACE_BOUND('',#6603,.T.);
#6603 = EDGE_LOOP('',(#6604,#6605,#6606,#6614,#6622,#6630,#6638,#6644,
    #6645,#6646,#6647));
#6604 = ORIENTED_EDGE('',*,*,#6533,.T.);
#6605 = ORIENTED_EDGE('',*,*,#6394,.T.);
#6606 = ORIENTED_EDGE('',*,*,#6607,.T.);
#6607 = EDGE_CURVE('',#6395,#6608,#6610,.T.);
#6608 = VERTEX_POINT('',#6609);
#6609 = CARTESIAN_POINT('',(72.3,26.9,7.1));
#6610 = LINE('',#6611,#6612);
#6611 = CARTESIAN_POINT('',(71.8,26.9,7.1));
#6612 = VECTOR('',#6613,1.);
#6613 = DIRECTION('',(1.,0.,-0.));
#6614 = ORIENTED_EDGE('',*,*,#6615,.T.);
#6615 = EDGE_CURVE('',#6608,#6616,#6618,.T.);
#6616 = VERTEX_POINT('',#6617);
#6617 = CARTESIAN_POINT('',(72.3,26.9,6.5));
#6618 = LINE('',#6619,#6620);
#6619 = CARTESIAN_POINT('',(72.3,26.9,4.369320893649));
#6620 = VECTOR('',#6621,1.);
#6621 = DIRECTION('',(0.,0.,-1.));
#6622 = ORIENTED_EDGE('',*,*,#6623,.T.);
#6623 = EDGE_CURVE('',#6616,#6624,#6626,.T.);
#6624 = VERTEX_POINT('',#6625);
#6625 = CARTESIAN_POINT('',(75.3,26.9,6.5));
#6626 = LINE('',#6627,#6628);
#6627 = CARTESIAN_POINT('',(72.05,26.9,6.5));
#6628 = VECTOR('',#6629,1.);
#6629 = DIRECTION('',(1.,0.,-0.));
#6630 = ORIENTED_EDGE('',*,*,#6631,.F.);
#6631 = EDGE_CURVE('',#6632,#6624,#6634,.T.);
#6632 = VERTEX_POINT('',#6633);
#6633 = CARTESIAN_POINT('',(75.3,26.9,7.1));
#6634 = LINE('',#6635,#6636);
#6635 = CARTESIAN_POINT('',(75.3,26.9,4.369320893649));
#6636 = VECTOR('',#6637,1.);
#6637 = DIRECTION('',(0.,0.,-1.));
#6638 = ORIENTED_EDGE('',*,*,#6639,.T.);
#6639 = EDGE_CURVE('',#6632,#5940,#6640,.T.);
#6640 = LINE('',#6641,#6642);
#6641 = CARTESIAN_POINT('',(71.8,26.9,7.1));
#6642 = VECTOR('',#6643,1.);
#6643 = DIRECTION('',(1.,0.,-0.));
#6644 = ORIENTED_EDGE('',*,*,#5939,.F.);
#6645 = ORIENTED_EDGE('',*,*,#5961,.F.);
#6646 = ORIENTED_EDGE('',*,*,#6071,.T.);
#6647 = ORIENTED_EDGE('',*,*,#6039,.T.);
#6648 = PLANE('',#6649);
#6649 = AXIS2_PLACEMENT_3D('',#6650,#6651,#6652);
#6650 = CARTESIAN_POINT('',(67.070849420849,26.9,3.67722007722));
#6651 = DIRECTION('',(0.,1.,0.));
#6652 = DIRECTION('',(0.,-0.,1.));
#6653 = ADVANCED_FACE('',(#6654),#6687,.T.);
#6654 = FACE_BOUND('',#6655,.T.);
#6655 = EDGE_LOOP('',(#6656,#6657,#6665,#6673,#6681));
#6656 = ORIENTED_EDGE('',*,*,#6631,.T.);
#6657 = ORIENTED_EDGE('',*,*,#6658,.T.);
#6658 = EDGE_CURVE('',#6624,#6659,#6661,.T.);
#6659 = VERTEX_POINT('',#6660);
#6660 = CARTESIAN_POINT('',(75.3,27.6,6.5));
#6661 = LINE('',#6662,#6663);
#6662 = CARTESIAN_POINT('',(75.3,26.89,6.5));
#6663 = VECTOR('',#6664,1.);
#6664 = DIRECTION('',(0.,1.,0.));
#6665 = ORIENTED_EDGE('',*,*,#6666,.T.);
#6666 = EDGE_CURVE('',#6659,#6667,#6669,.T.);
#6667 = VERTEX_POINT('',#6668);
#6668 = CARTESIAN_POINT('',(75.3,27.6,6.65));
#6669 = LINE('',#6670,#6671);
#6670 = CARTESIAN_POINT('',(75.3,27.6,6.5));
#6671 = VECTOR('',#6672,1.);
#6672 = DIRECTION('',(0.,0.,1.));
#6673 = ORIENTED_EDGE('',*,*,#6674,.T.);
#6674 = EDGE_CURVE('',#6667,#6675,#6677,.T.);
#6675 = VERTEX_POINT('',#6676);
#6676 = CARTESIAN_POINT('',(75.3,27.15,7.1));
#6677 = LINE('',#6678,#6679);
#6678 = CARTESIAN_POINT('',(75.3,27.6,6.65));
#6679 = VECTOR('',#6680,1.);
#6680 = DIRECTION('',(0.,-0.707106781187,0.707106781187));
#6681 = ORIENTED_EDGE('',*,*,#6682,.T.);
#6682 = EDGE_CURVE('',#6675,#6632,#6683,.T.);
#6683 = LINE('',#6684,#6685);
#6684 = CARTESIAN_POINT('',(75.3,27.15,7.1));
#6685 = VECTOR('',#6686,1.);
#6686 = DIRECTION('',(0.,-1.,0.));
#6687 = PLANE('',#6688);
#6688 = AXIS2_PLACEMENT_3D('',#6689,#6690,#6691);
#6689 = CARTESIAN_POINT('',(75.3,27.187489080497,6.748641787299));
#6690 = DIRECTION('',(1.,0.,0.));
#6691 = DIRECTION('',(-0.,0.,1.));
#6692 = ADVANCED_FACE('',(#6693),#6711,.F.);
#6693 = FACE_BOUND('',#6694,.F.);
#6694 = EDGE_LOOP('',(#6695,#6703,#6704,#6705));
#6695 = ORIENTED_EDGE('',*,*,#6696,.F.);
#6696 = EDGE_CURVE('',#6616,#6697,#6699,.T.);
#6697 = VERTEX_POINT('',#6698);
#6698 = CARTESIAN_POINT('',(72.3,27.6,6.5));
#6699 = LINE('',#6700,#6701);
#6700 = CARTESIAN_POINT('',(72.3,26.89,6.5));
#6701 = VECTOR('',#6702,1.);
#6702 = DIRECTION('',(0.,1.,0.));
#6703 = ORIENTED_EDGE('',*,*,#6623,.T.);
#6704 = ORIENTED_EDGE('',*,*,#6658,.T.);
#6705 = ORIENTED_EDGE('',*,*,#6706,.F.);
#6706 = EDGE_CURVE('',#6697,#6659,#6707,.T.);
#6707 = LINE('',#6708,#6709);
#6708 = CARTESIAN_POINT('',(72.3,27.6,6.5));
#6709 = VECTOR('',#6710,1.);
#6710 = DIRECTION('',(1.,0.,0.));
#6711 = PLANE('',#6712);
#6712 = AXIS2_PLACEMENT_3D('',#6713,#6714,#6715);
#6713 = CARTESIAN_POINT('',(72.3,26.89,6.5));
#6714 = DIRECTION('',(0.,0.,1.));
#6715 = DIRECTION('',(0.,1.,0.));
#6716 = ADVANCED_FACE('',(#6717),#6743,.F.);
#6717 = FACE_BOUND('',#6718,.F.);
#6718 = EDGE_LOOP('',(#6719,#6720,#6721,#6729,#6737));
#6719 = ORIENTED_EDGE('',*,*,#6615,.T.);
#6720 = ORIENTED_EDGE('',*,*,#6696,.T.);
#6721 = ORIENTED_EDGE('',*,*,#6722,.T.);
#6722 = EDGE_CURVE('',#6697,#6723,#6725,.T.);
#6723 = VERTEX_POINT('',#6724);
#6724 = CARTESIAN_POINT('',(72.3,27.6,6.65));
#6725 = LINE('',#6726,#6727);
#6726 = CARTESIAN_POINT('',(72.3,27.6,6.5));
#6727 = VECTOR('',#6728,1.);
#6728 = DIRECTION('',(0.,0.,1.));
#6729 = ORIENTED_EDGE('',*,*,#6730,.T.);
#6730 = EDGE_CURVE('',#6723,#6731,#6733,.T.);
#6731 = VERTEX_POINT('',#6732);
#6732 = CARTESIAN_POINT('',(72.3,27.15,7.1));
#6733 = LINE('',#6734,#6735);
#6734 = CARTESIAN_POINT('',(72.3,27.6,6.65));
#6735 = VECTOR('',#6736,1.);
#6736 = DIRECTION('',(0.,-0.707106781187,0.707106781187));
#6737 = ORIENTED_EDGE('',*,*,#6738,.T.);
#6738 = EDGE_CURVE('',#6731,#6608,#6739,.T.);
#6739 = LINE('',#6740,#6741);
#6740 = CARTESIAN_POINT('',(72.3,27.15,7.1));
#6741 = VECTOR('',#6742,1.);
#6742 = DIRECTION('',(0.,-1.,0.));
#6743 = PLANE('',#6744);
#6744 = AXIS2_PLACEMENT_3D('',#6745,#6746,#6747);
#6745 = CARTESIAN_POINT('',(72.3,27.187489080497,6.748641787299));
#6746 = DIRECTION('',(1.,0.,0.));
#6747 = DIRECTION('',(-0.,0.,1.));
#6748 = ADVANCED_FACE('',(#6749),#6765,.F.);
#6749 = FACE_BOUND('',#6750,.F.);
#6750 = EDGE_LOOP('',(#6751,#6757,#6758,#6764));
#6751 = ORIENTED_EDGE('',*,*,#6752,.T.);
#6752 = EDGE_CURVE('',#6723,#6667,#6753,.T.);
#6753 = LINE('',#6754,#6755);
#6754 = CARTESIAN_POINT('',(72.3,27.6,6.65));
#6755 = VECTOR('',#6756,1.);
#6756 = DIRECTION('',(1.,0.,0.));
#6757 = ORIENTED_EDGE('',*,*,#6674,.T.);
#6758 = ORIENTED_EDGE('',*,*,#6759,.F.);
#6759 = EDGE_CURVE('',#6731,#6675,#6760,.T.);
#6760 = LINE('',#6761,#6762);
#6761 = CARTESIAN_POINT('',(72.3,27.15,7.1));
#6762 = VECTOR('',#6763,1.);
#6763 = DIRECTION('',(1.,0.,0.));
#6764 = ORIENTED_EDGE('',*,*,#6730,.F.);
#6765 = PLANE('',#6766);
#6766 = AXIS2_PLACEMENT_3D('',#6767,#6768,#6769);
#6767 = CARTESIAN_POINT('',(72.3,27.6,6.65));
#6768 = DIRECTION('',(0.,-0.707106781187,-0.707106781187));
#6769 = DIRECTION('',(0.,-0.707106781187,0.707106781187));
#6770 = ADVANCED_FACE('',(#6771),#6777,.F.);
#6771 = FACE_BOUND('',#6772,.F.);
#6772 = EDGE_LOOP('',(#6773,#6774,#6775,#6776));
#6773 = ORIENTED_EDGE('',*,*,#6706,.T.);
#6774 = ORIENTED_EDGE('',*,*,#6666,.T.);
#6775 = ORIENTED_EDGE('',*,*,#6752,.F.);
#6776 = ORIENTED_EDGE('',*,*,#6722,.F.);
#6777 = PLANE('',#6778);
#6778 = AXIS2_PLACEMENT_3D('',#6779,#6780,#6781);
#6779 = CARTESIAN_POINT('',(72.3,27.6,6.5));
#6780 = DIRECTION('',(0.,-1.,0.));
#6781 = DIRECTION('',(0.,0.,1.));
#6782 = ADVANCED_FACE('',(#6783),#6793,.T.);
#6783 = FACE_BOUND('',#6784,.T.);
#6784 = EDGE_LOOP('',(#6785,#6786,#6787,#6788,#6789,#6790,#6791,#6792));
#6785 = ORIENTED_EDGE('',*,*,#6607,.F.);
#6786 = ORIENTED_EDGE('',*,*,#6402,.F.);
#6787 = ORIENTED_EDGE('',*,*,#6339,.T.);
#6788 = ORIENTED_EDGE('',*,*,#5947,.T.);
#6789 = ORIENTED_EDGE('',*,*,#6639,.F.);
#6790 = ORIENTED_EDGE('',*,*,#6682,.F.);
#6791 = ORIENTED_EDGE('',*,*,#6759,.F.);
#6792 = ORIENTED_EDGE('',*,*,#6738,.T.);
#6793 = PLANE('',#6794);
#6794 = AXIS2_PLACEMENT_3D('',#6795,#6796,#6797);
#6795 = CARTESIAN_POINT('',(73.942990654206,26.594626168224,7.1));
#6796 = DIRECTION('',(0.,0.,1.));
#6797 = DIRECTION('',(1.,0.,-0.));
#6798 = MANIFOLD_SOLID_BREP('',#6799);
#6799 = CLOSED_SHELL('',(#6800,#6840,#6871,#6994,#7018,#7035,#7047,#7072
    ,#7097,#7122,#7147,#7172,#7197,#7222,#7247,#7272,#7379,#7388,#7495,
    #7504,#7513,#7620,#7629,#7638,#7647,#7678,#7702,#7726,#7750,#7774,
    #7798,#7822,#7846,#7870,#7894,#7918,#7935,#7966,#7990,#8014,#8038,
    #8062,#8086,#8110,#8134,#8158,#8182,#8206,#8223,#8254,#8278,#8302,
    #8326,#8350,#8374,#8398,#8422,#8446,#8470,#8494,#8511,#8531,#8551));
#6800 = ADVANCED_FACE('',(#6801),#6835,.F.);
#6801 = FACE_BOUND('',#6802,.F.);
#6802 = EDGE_LOOP('',(#6803,#6813,#6821,#6829));
#6803 = ORIENTED_EDGE('',*,*,#6804,.F.);
#6804 = EDGE_CURVE('',#6805,#6807,#6809,.T.);
#6805 = VERTEX_POINT('',#6806);
#6806 = CARTESIAN_POINT('',(4.,51.,0.));
#6807 = VERTEX_POINT('',#6808);
#6808 = CARTESIAN_POINT('',(4.,51.,1.5));
#6809 = LINE('',#6810,#6811);
#6810 = CARTESIAN_POINT('',(4.,51.,0.));
#6811 = VECTOR('',#6812,1.);
#6812 = DIRECTION('',(0.,0.,1.));
#6813 = ORIENTED_EDGE('',*,*,#6814,.T.);
#6814 = EDGE_CURVE('',#6805,#6815,#6817,.T.);
#6815 = VERTEX_POINT('',#6816);
#6816 = CARTESIAN_POINT('',(4.,61.,0.));
#6817 = LINE('',#6818,#6819);
#6818 = CARTESIAN_POINT('',(4.,51.,0.));
#6819 = VECTOR('',#6820,1.);
#6820 = DIRECTION('',(-0.,1.,0.));
#6821 = ORIENTED_EDGE('',*,*,#6822,.T.);
#6822 = EDGE_CURVE('',#6815,#6823,#6825,.T.);
#6823 = VERTEX_POINT('',#6824);
#6824 = CARTESIAN_POINT('',(4.,61.,1.5));
#6825 = LINE('',#6826,#6827);
#6826 = CARTESIAN_POINT('',(4.,61.,0.));
#6827 = VECTOR('',#6828,1.);
#6828 = DIRECTION('',(0.,0.,1.));
#6829 = ORIENTED_EDGE('',*,*,#6830,.F.);
#6830 = EDGE_CURVE('',#6807,#6823,#6831,.T.);
#6831 = LINE('',#6832,#6833);
#6832 = CARTESIAN_POINT('',(4.,51.,1.5));
#6833 = VECTOR('',#6834,1.);
#6834 = DIRECTION('',(-0.,1.,0.));
#6835 = PLANE('',#6836);
#6836 = AXIS2_PLACEMENT_3D('',#6837,#6838,#6839);
#6837 = CARTESIAN_POINT('',(4.,51.,0.));
#6838 = DIRECTION('',(1.,0.,-0.));
#6839 = DIRECTION('',(0.,0.,1.));
#6840 = ADVANCED_FACE('',(#6841),#6866,.F.);
#6841 = FACE_BOUND('',#6842,.F.);
#6842 = EDGE_LOOP('',(#6843,#6851,#6852,#6860));
#6843 = ORIENTED_EDGE('',*,*,#6844,.F.);
#6844 = EDGE_CURVE('',#6805,#6845,#6847,.T.);
#6845 = VERTEX_POINT('',#6846);
#6846 = CARTESIAN_POINT('',(76.,51.,0.));
#6847 = LINE('',#6848,#6849);
#6848 = CARTESIAN_POINT('',(4.,51.,0.));
#6849 = VECTOR('',#6850,1.);
#6850 = DIRECTION('',(1.,0.,-0.));
#6851 = ORIENTED_EDGE('',*,*,#6804,.T.);
#6852 = ORIENTED_EDGE('',*,*,#6853,.T.);
#6853 = EDGE_CURVE('',#6807,#6854,#6856,.T.);
#6854 = VERTEX_POINT('',#6855);
#6855 = CARTESIAN_POINT('',(76.,51.,1.5));
#6856 = LINE('',#6857,#6858);
#6857 = CARTESIAN_POINT('',(4.,51.,1.5));
#6858 = VECTOR('',#6859,1.);
#6859 = DIRECTION('',(1.,0.,-0.));
#6860 = ORIENTED_EDGE('',*,*,#6861,.F.);
#6861 = EDGE_CURVE('',#6845,#6854,#6862,.T.);
#6862 = LINE('',#6863,#6864);
#6863 = CARTESIAN_POINT('',(76.,51.,0.));
#6864 = VECTOR('',#6865,1.);
#6865 = DIRECTION('',(0.,0.,1.));
#6866 = PLANE('',#6867);
#6867 = AXIS2_PLACEMENT_3D('',#6868,#6869,#6870);
#6868 = CARTESIAN_POINT('',(4.,51.,0.));
#6869 = DIRECTION('',(-0.,1.,0.));
#6870 = DIRECTION('',(0.,0.,1.));
#6871 = ADVANCED_FACE('',(#6872,#6890,#6901,#6912,#6923,#6934,#6945,
    #6956,#6967,#6978),#6989,.T.);
#6872 = FACE_BOUND('',#6873,.T.);
#6873 = EDGE_LOOP('',(#6874,#6875,#6876,#6884));
#6874 = ORIENTED_EDGE('',*,*,#6830,.F.);
#6875 = ORIENTED_EDGE('',*,*,#6853,.T.);
#6876 = ORIENTED_EDGE('',*,*,#6877,.T.);
#6877 = EDGE_CURVE('',#6854,#6878,#6880,.T.);
#6878 = VERTEX_POINT('',#6879);
#6879 = CARTESIAN_POINT('',(76.,61.,1.5));
#6880 = LINE('',#6881,#6882);
#6881 = CARTESIAN_POINT('',(76.,51.,1.5));
#6882 = VECTOR('',#6883,1.);
#6883 = DIRECTION('',(-0.,1.,0.));
#6884 = ORIENTED_EDGE('',*,*,#6885,.F.);
#6885 = EDGE_CURVE('',#6823,#6878,#6886,.T.);
#6886 = LINE('',#6887,#6888);
#6887 = CARTESIAN_POINT('',(4.,61.,1.5));
#6888 = VECTOR('',#6889,1.);
#6889 = DIRECTION('',(1.,0.,-0.));
#6890 = FACE_BOUND('',#6891,.T.);
#6891 = EDGE_LOOP('',(#6892));
#6892 = ORIENTED_EDGE('',*,*,#6893,.F.);
#6893 = EDGE_CURVE('',#6894,#6894,#6896,.T.);
#6894 = VERTEX_POINT('',#6895);
#6895 = CARTESIAN_POINT('',(16.65,56.,1.5));
#6896 = CIRCLE('',#6897,2.65);
#6897 = AXIS2_PLACEMENT_3D('',#6898,#6899,#6900);
#6898 = CARTESIAN_POINT('',(14.,56.,1.5));
#6899 = DIRECTION('',(0.,0.,1.));
#6900 = DIRECTION('',(1.,0.,-0.));
#6901 = FACE_BOUND('',#6902,.T.);
#6902 = EDGE_LOOP('',(#6903));
#6903 = ORIENTED_EDGE('',*,*,#6904,.F.);
#6904 = EDGE_CURVE('',#6905,#6905,#6907,.T.);
#6905 = VERTEX_POINT('',#6906);
#6906 = CARTESIAN_POINT('',(21.65,56.,1.5));
#6907 = CIRCLE('',#6908,0.65);
#6908 = AXIS2_PLACEMENT_3D('',#6909,#6910,#6911);
#6909 = CARTESIAN_POINT('',(21.,56.,1.5));
#6910 = DIRECTION('',(0.,0.,1.));
#6911 = DIRECTION('',(1.,0.,-0.));
#6912 = FACE_BOUND('',#6913,.T.);
#6913 = EDGE_LOOP('',(#6914));
#6914 = ORIENTED_EDGE('',*,*,#6915,.F.);
#6915 = EDGE_CURVE('',#6916,#6916,#6918,.T.);
#6916 = VERTEX_POINT('',#6917);
#6917 = CARTESIAN_POINT('',(42.75,56.,1.5));
#6918 = CIRCLE('',#6919,2.75);
#6919 = AXIS2_PLACEMENT_3D('',#6920,#6921,#6922);
#6920 = CARTESIAN_POINT('',(40.,56.,1.5));
#6921 = DIRECTION('',(0.,0.,1.));
#6922 = DIRECTION('',(1.,0.,-0.));
#6923 = FACE_BOUND('',#6924,.T.);
#6924 = EDGE_LOOP('',(#6925));
#6925 = ORIENTED_EDGE('',*,*,#6926,.F.);
#6926 = EDGE_CURVE('',#6927,#6927,#6929,.T.);
#6927 = VERTEX_POINT('',#6928);
#6928 = CARTESIAN_POINT('',(46.55,56.,1.5));
#6929 = CIRCLE('',#6930,0.65);
#6930 = AXIS2_PLACEMENT_3D('',#6931,#6932,#6933);
#6931 = CARTESIAN_POINT('',(45.9,56.,1.5));
#6932 = DIRECTION('',(0.,0.,1.));
#6933 = DIRECTION('',(1.,0.,-0.));
#6934 = FACE_BOUND('',#6935,.T.);
#6935 = EDGE_LOOP('',(#6936));
#6936 = ORIENTED_EDGE('',*,*,#6937,.F.);
#6937 = EDGE_CURVE('',#6938,#6938,#6940,.T.);
#6938 = VERTEX_POINT('',#6939);
#6939 = CARTESIAN_POINT('',(48.75,56.,1.5));
#6940 = CIRCLE('',#6941,0.65);
#6941 = AXIS2_PLACEMENT_3D('',#6942,#6943,#6944);
#6942 = CARTESIAN_POINT('',(48.1,56.,1.5));
#6943 = DIRECTION('',(0.,0.,1.));
#6944 = DIRECTION('',(1.,0.,-0.));
#6945 = FACE_BOUND('',#6946,.T.);
#6946 = EDGE_LOOP('',(#6947));
#6947 = ORIENTED_EDGE('',*,*,#6948,.F.);
#6948 = EDGE_CURVE('',#6949,#6949,#6951,.T.);
#6949 = VERTEX_POINT('',#6950);
#6950 = CARTESIAN_POINT('',(68.85,56.,1.5));
#6951 = CIRCLE('',#6952,2.85);
#6952 = AXIS2_PLACEMENT_3D('',#6953,#6954,#6955);
#6953 = CARTESIAN_POINT('',(66.,56.,1.5));
#6954 = DIRECTION('',(0.,0.,1.));
#6955 = DIRECTION('',(1.,0.,-0.));
#6956 = FACE_BOUND('',#6957,.T.);
#6957 = EDGE_LOOP('',(#6958));
#6958 = ORIENTED_EDGE('',*,*,#6959,.F.);
#6959 = EDGE_CURVE('',#6960,#6960,#6962,.T.);
#6960 = VERTEX_POINT('',#6961);
#6961 = CARTESIAN_POINT('',(71.45,56.,1.5));
#6962 = CIRCLE('',#6963,0.65);
#6963 = AXIS2_PLACEMENT_3D('',#6964,#6965,#6966);
#6964 = CARTESIAN_POINT('',(70.8,56.,1.5));
#6965 = DIRECTION('',(0.,0.,1.));
#6966 = DIRECTION('',(1.,0.,-0.));
#6967 = FACE_BOUND('',#6968,.T.);
#6968 = EDGE_LOOP('',(#6969));
#6969 = ORIENTED_EDGE('',*,*,#6970,.F.);
#6970 = EDGE_CURVE('',#6971,#6971,#6973,.T.);
#6971 = VERTEX_POINT('',#6972);
#6972 = CARTESIAN_POINT('',(73.65,56.,1.5));
#6973 = CIRCLE('',#6974,0.65);
#6974 = AXIS2_PLACEMENT_3D('',#6975,#6976,#6977);
#6975 = CARTESIAN_POINT('',(73.,56.,1.5));
#6976 = DIRECTION('',(0.,0.,1.));
#6977 = DIRECTION('',(1.,0.,-0.));
#6978 = FACE_BOUND('',#6979,.T.);
#6979 = EDGE_LOOP('',(#6980));
#6980 = ORIENTED_EDGE('',*,*,#6981,.F.);
#6981 = EDGE_CURVE('',#6982,#6982,#6984,.T.);
#6982 = VERTEX_POINT('',#6983);
#6983 = CARTESIAN_POINT('',(75.85,56.,1.5));
#6984 = CIRCLE('',#6985,0.65);
#6985 = AXIS2_PLACEMENT_3D('',#6986,#6987,#6988);
#6986 = CARTESIAN_POINT('',(75.2,56.,1.5));
#6987 = DIRECTION('',(0.,0.,1.));
#6988 = DIRECTION('',(1.,0.,-0.));
#6989 = PLANE('',#6990);
#6990 = AXIS2_PLACEMENT_3D('',#6991,#6992,#6993);
#6991 = CARTESIAN_POINT('',(4.,51.,1.5));
#6992 = DIRECTION('',(0.,0.,1.));
#6993 = DIRECTION('',(1.,0.,-0.));
#6994 = ADVANCED_FACE('',(#6995),#7013,.T.);
#6995 = FACE_BOUND('',#6996,.T.);
#6996 = EDGE_LOOP('',(#6997,#7005,#7006,#7007));
#6997 = ORIENTED_EDGE('',*,*,#6998,.F.);
#6998 = EDGE_CURVE('',#6815,#6999,#7001,.T.);
#6999 = VERTEX_POINT('',#7000);
#7000 = CARTESIAN_POINT('',(76.,61.,0.));
#7001 = LINE('',#7002,#7003);
#7002 = CARTESIAN_POINT('',(4.,61.,0.));
#7003 = VECTOR('',#7004,1.);
#7004 = DIRECTION('',(1.,0.,-0.));
#7005 = ORIENTED_EDGE('',*,*,#6822,.T.);
#7006 = ORIENTED_EDGE('',*,*,#6885,.T.);
#7007 = ORIENTED_EDGE('',*,*,#7008,.F.);
#7008 = EDGE_CURVE('',#6999,#6878,#7009,.T.);
#7009 = LINE('',#7010,#7011);
#7010 = CARTESIAN_POINT('',(76.,61.,0.));
#7011 = VECTOR('',#7012,1.);
#7012 = DIRECTION('',(0.,0.,1.));
#7013 = PLANE('',#7014);
#7014 = AXIS2_PLACEMENT_3D('',#7015,#7016,#7017);
#7015 = CARTESIAN_POINT('',(4.,61.,0.));
#7016 = DIRECTION('',(-0.,1.,0.));
#7017 = DIRECTION('',(0.,0.,1.));
#7018 = ADVANCED_FACE('',(#7019),#7030,.F.);
#7019 = FACE_BOUND('',#7020,.F.);
#7020 = EDGE_LOOP('',(#7021,#7022,#7023,#7029));
#7021 = ORIENTED_EDGE('',*,*,#6814,.F.);
#7022 = ORIENTED_EDGE('',*,*,#6844,.T.);
#7023 = ORIENTED_EDGE('',*,*,#7024,.T.);
#7024 = EDGE_CURVE('',#6845,#6999,#7025,.T.);
#7025 = LINE('',#7026,#7027);
#7026 = CARTESIAN_POINT('',(76.,51.,0.));
#7027 = VECTOR('',#7028,1.);
#7028 = DIRECTION('',(-0.,1.,0.));
#7029 = ORIENTED_EDGE('',*,*,#6998,.F.);
#7030 = PLANE('',#7031);
#7031 = AXIS2_PLACEMENT_3D('',#7032,#7033,#7034);
#7032 = CARTESIAN_POINT('',(4.,51.,0.));
#7033 = DIRECTION('',(0.,0.,1.));
#7034 = DIRECTION('',(1.,0.,-0.));
#7035 = ADVANCED_FACE('',(#7036),#7042,.T.);
#7036 = FACE_BOUND('',#7037,.T.);
#7037 = EDGE_LOOP('',(#7038,#7039,#7040,#7041));
#7038 = ORIENTED_EDGE('',*,*,#6861,.F.);
#7039 = ORIENTED_EDGE('',*,*,#7024,.T.);
#7040 = ORIENTED_EDGE('',*,*,#7008,.T.);
#7041 = ORIENTED_EDGE('',*,*,#6877,.F.);
#7042 = PLANE('',#7043);
#7043 = AXIS2_PLACEMENT_3D('',#7044,#7045,#7046);
#7044 = CARTESIAN_POINT('',(76.,51.,0.));
#7045 = DIRECTION('',(1.,0.,-0.));
#7046 = DIRECTION('',(0.,0.,1.));
#7047 = ADVANCED_FACE('',(#7048),#7067,.T.);
#7048 = FACE_BOUND('',#7049,.T.);
#7049 = EDGE_LOOP('',(#7050,#7058,#7065,#7066));
#7050 = ORIENTED_EDGE('',*,*,#7051,.T.);
#7051 = EDGE_CURVE('',#6894,#7052,#7054,.T.);
#7052 = VERTEX_POINT('',#7053);
#7053 = CARTESIAN_POINT('',(16.65,56.,8.8));
#7054 = LINE('',#7055,#7056);
#7055 = CARTESIAN_POINT('',(16.65,56.,1.49));
#7056 = VECTOR('',#7057,1.);
#7057 = DIRECTION('',(0.,0.,1.));
#7058 = ORIENTED_EDGE('',*,*,#7059,.F.);
#7059 = EDGE_CURVE('',#7052,#7052,#7060,.T.);
#7060 = CIRCLE('',#7061,2.65);
#7061 = AXIS2_PLACEMENT_3D('',#7062,#7063,#7064);
#7062 = CARTESIAN_POINT('',(14.,56.,8.8));
#7063 = DIRECTION('',(0.,0.,1.));
#7064 = DIRECTION('',(1.,0.,-0.));
#7065 = ORIENTED_EDGE('',*,*,#7051,.F.);
#7066 = ORIENTED_EDGE('',*,*,#6893,.T.);
#7067 = CYLINDRICAL_SURFACE('',#7068,2.65);
#7068 = AXIS2_PLACEMENT_3D('',#7069,#7070,#7071);
#7069 = CARTESIAN_POINT('',(14.,56.,1.49));
#7070 = DIRECTION('',(0.,0.,1.));
#7071 = DIRECTION('',(1.,0.,-0.));
#7072 = ADVANCED_FACE('',(#7073),#7092,.F.);
#7073 = FACE_BOUND('',#7074,.F.);
#7074 = EDGE_LOOP('',(#7075,#7076,#7084,#7091));
#7075 = ORIENTED_EDGE('',*,*,#6904,.F.);
#7076 = ORIENTED_EDGE('',*,*,#7077,.F.);
#7077 = EDGE_CURVE('',#7078,#6905,#7080,.T.);
#7078 = VERTEX_POINT('',#7079);
#7079 = CARTESIAN_POINT('',(21.65,56.,1.1));
#7080 = LINE('',#7081,#7082);
#7081 = CARTESIAN_POINT('',(21.65,56.,1.1));
#7082 = VECTOR('',#7083,1.);
#7083 = DIRECTION('',(0.,0.,1.));
#7084 = ORIENTED_EDGE('',*,*,#7085,.T.);
#7085 = EDGE_CURVE('',#7078,#7078,#7086,.T.);
#7086 = CIRCLE('',#7087,0.65);
#7087 = AXIS2_PLACEMENT_3D('',#7088,#7089,#7090);
#7088 = CARTESIAN_POINT('',(21.,56.,1.1));
#7089 = DIRECTION('',(0.,0.,1.));
#7090 = DIRECTION('',(1.,0.,-0.));
#7091 = ORIENTED_EDGE('',*,*,#7077,.T.);
#7092 = CYLINDRICAL_SURFACE('',#7093,0.65);
#7093 = AXIS2_PLACEMENT_3D('',#7094,#7095,#7096);
#7094 = CARTESIAN_POINT('',(21.,56.,1.1));
#7095 = DIRECTION('',(0.,0.,1.));
#7096 = DIRECTION('',(1.,0.,-0.));
#7097 = ADVANCED_FACE('',(#7098),#7117,.T.);
#7098 = FACE_BOUND('',#7099,.T.);
#7099 = EDGE_LOOP('',(#7100,#7108,#7115,#7116));
#7100 = ORIENTED_EDGE('',*,*,#7101,.T.);
#7101 = EDGE_CURVE('',#6916,#7102,#7104,.T.);
#7102 = VERTEX_POINT('',#7103);
#7103 = CARTESIAN_POINT('',(42.75,56.,8.8));
#7104 = LINE('',#7105,#7106);
#7105 = CARTESIAN_POINT('',(42.75,56.,1.49));
#7106 = VECTOR('',#7107,1.);
#7107 = DIRECTION('',(0.,0.,1.));
#7108 = ORIENTED_EDGE('',*,*,#7109,.F.);
#7109 = EDGE_CURVE('',#7102,#7102,#7110,.T.);
#7110 = CIRCLE('',#7111,2.75);
#7111 = AXIS2_PLACEMENT_3D('',#7112,#7113,#7114);
#7112 = CARTESIAN_POINT('',(40.,56.,8.8));
#7113 = DIRECTION('',(0.,0.,1.));
#7114 = DIRECTION('',(1.,0.,-0.));
#7115 = ORIENTED_EDGE('',*,*,#7101,.F.);
#7116 = ORIENTED_EDGE('',*,*,#6915,.T.);
#7117 = CYLINDRICAL_SURFACE('',#7118,2.75);
#7118 = AXIS2_PLACEMENT_3D('',#7119,#7120,#7121);
#7119 = CARTESIAN_POINT('',(40.,56.,1.49));
#7120 = DIRECTION('',(0.,0.,1.));
#7121 = DIRECTION('',(1.,0.,-0.));
#7122 = ADVANCED_FACE('',(#7123),#7142,.F.);
#7123 = FACE_BOUND('',#7124,.F.);
#7124 = EDGE_LOOP('',(#7125,#7126,#7134,#7141));
#7125 = ORIENTED_EDGE('',*,*,#6926,.F.);
#7126 = ORIENTED_EDGE('',*,*,#7127,.F.);
#7127 = EDGE_CURVE('',#7128,#6927,#7130,.T.);
#7128 = VERTEX_POINT('',#7129);
#7129 = CARTESIAN_POINT('',(46.55,56.,1.1));
#7130 = LINE('',#7131,#7132);
#7131 = CARTESIAN_POINT('',(46.55,56.,1.1));
#7132 = VECTOR('',#7133,1.);
#7133 = DIRECTION('',(0.,0.,1.));
#7134 = ORIENTED_EDGE('',*,*,#7135,.T.);
#7135 = EDGE_CURVE('',#7128,#7128,#7136,.T.);
#7136 = CIRCLE('',#7137,0.65);
#7137 = AXIS2_PLACEMENT_3D('',#7138,#7139,#7140);
#7138 = CARTESIAN_POINT('',(45.9,56.,1.1));
#7139 = DIRECTION('',(0.,0.,1.));
#7140 = DIRECTION('',(1.,0.,-0.));
#7141 = ORIENTED_EDGE('',*,*,#7127,.T.);
#7142 = CYLINDRICAL_SURFACE('',#7143,0.65);
#7143 = AXIS2_PLACEMENT_3D('',#7144,#7145,#7146);
#7144 = CARTESIAN_POINT('',(45.9,56.,1.1));
#7145 = DIRECTION('',(0.,0.,1.));
#7146 = DIRECTION('',(1.,0.,-0.));
#7147 = ADVANCED_FACE('',(#7148),#7167,.F.);
#7148 = FACE_BOUND('',#7149,.F.);
#7149 = EDGE_LOOP('',(#7150,#7151,#7159,#7166));
#7150 = ORIENTED_EDGE('',*,*,#6937,.F.);
#7151 = ORIENTED_EDGE('',*,*,#7152,.F.);
#7152 = EDGE_CURVE('',#7153,#6938,#7155,.T.);
#7153 = VERTEX_POINT('',#7154);
#7154 = CARTESIAN_POINT('',(48.75,56.,1.1));
#7155 = LINE('',#7156,#7157);
#7156 = CARTESIAN_POINT('',(48.75,56.,1.1));
#7157 = VECTOR('',#7158,1.);
#7158 = DIRECTION('',(0.,0.,1.));
#7159 = ORIENTED_EDGE('',*,*,#7160,.T.);
#7160 = EDGE_CURVE('',#7153,#7153,#7161,.T.);
#7161 = CIRCLE('',#7162,0.65);
#7162 = AXIS2_PLACEMENT_3D('',#7163,#7164,#7165);
#7163 = CARTESIAN_POINT('',(48.1,56.,1.1));
#7164 = DIRECTION('',(0.,0.,1.));
#7165 = DIRECTION('',(1.,0.,-0.));
#7166 = ORIENTED_EDGE('',*,*,#7152,.T.);
#7167 = CYLINDRICAL_SURFACE('',#7168,0.65);
#7168 = AXIS2_PLACEMENT_3D('',#7169,#7170,#7171);
#7169 = CARTESIAN_POINT('',(48.1,56.,1.1));
#7170 = DIRECTION('',(0.,0.,1.));
#7171 = DIRECTION('',(1.,0.,-0.));
#7172 = ADVANCED_FACE('',(#7173),#7192,.T.);
#7173 = FACE_BOUND('',#7174,.T.);
#7174 = EDGE_LOOP('',(#7175,#7183,#7190,#7191));
#7175 = ORIENTED_EDGE('',*,*,#7176,.T.);
#7176 = EDGE_CURVE('',#6949,#7177,#7179,.T.);
#7177 = VERTEX_POINT('',#7178);
#7178 = CARTESIAN_POINT('',(68.85,56.,8.8));
#7179 = LINE('',#7180,#7181);
#7180 = CARTESIAN_POINT('',(68.85,56.,1.49));
#7181 = VECTOR('',#7182,1.);
#7182 = DIRECTION('',(0.,0.,1.));
#7183 = ORIENTED_EDGE('',*,*,#7184,.F.);
#7184 = EDGE_CURVE('',#7177,#7177,#7185,.T.);
#7185 = CIRCLE('',#7186,2.85);
#7186 = AXIS2_PLACEMENT_3D('',#7187,#7188,#7189);
#7187 = CARTESIAN_POINT('',(66.,56.,8.8));
#7188 = DIRECTION('',(0.,0.,1.));
#7189 = DIRECTION('',(1.,0.,-0.));
#7190 = ORIENTED_EDGE('',*,*,#7176,.F.);
#7191 = ORIENTED_EDGE('',*,*,#6948,.T.);
#7192 = CYLINDRICAL_SURFACE('',#7193,2.85);
#7193 = AXIS2_PLACEMENT_3D('',#7194,#7195,#7196);
#7194 = CARTESIAN_POINT('',(66.,56.,1.49));
#7195 = DIRECTION('',(0.,0.,1.));
#7196 = DIRECTION('',(1.,0.,-0.));
#7197 = ADVANCED_FACE('',(#7198),#7217,.F.);
#7198 = FACE_BOUND('',#7199,.F.);
#7199 = EDGE_LOOP('',(#7200,#7201,#7209,#7216));
#7200 = ORIENTED_EDGE('',*,*,#6959,.F.);
#7201 = ORIENTED_EDGE('',*,*,#7202,.F.);
#7202 = EDGE_CURVE('',#7203,#6960,#7205,.T.);
#7203 = VERTEX_POINT('',#7204);
#7204 = CARTESIAN_POINT('',(71.45,56.,1.1));
#7205 = LINE('',#7206,#7207);
#7206 = CARTESIAN_POINT('',(71.45,56.,1.1));
#7207 = VECTOR('',#7208,1.);
#7208 = DIRECTION('',(0.,0.,1.));
#7209 = ORIENTED_EDGE('',*,*,#7210,.T.);
#7210 = EDGE_CURVE('',#7203,#7203,#7211,.T.);
#7211 = CIRCLE('',#7212,0.65);
#7212 = AXIS2_PLACEMENT_3D('',#7213,#7214,#7215);
#7213 = CARTESIAN_POINT('',(70.8,56.,1.1));
#7214 = DIRECTION('',(0.,0.,1.));
#7215 = DIRECTION('',(1.,0.,-0.));
#7216 = ORIENTED_EDGE('',*,*,#7202,.T.);
#7217 = CYLINDRICAL_SURFACE('',#7218,0.65);
#7218 = AXIS2_PLACEMENT_3D('',#7219,#7220,#7221);
#7219 = CARTESIAN_POINT('',(70.8,56.,1.1));
#7220 = DIRECTION('',(0.,0.,1.));
#7221 = DIRECTION('',(1.,0.,-0.));
#7222 = ADVANCED_FACE('',(#7223),#7242,.F.);
#7223 = FACE_BOUND('',#7224,.F.);
#7224 = EDGE_LOOP('',(#7225,#7226,#7234,#7241));
#7225 = ORIENTED_EDGE('',*,*,#6970,.F.);
#7226 = ORIENTED_EDGE('',*,*,#7227,.F.);
#7227 = EDGE_CURVE('',#7228,#6971,#7230,.T.);
#7228 = VERTEX_POINT('',#7229);
#7229 = CARTESIAN_POINT('',(73.65,56.,1.1));
#7230 = LINE('',#7231,#7232);
#7231 = CARTESIAN_POINT('',(73.65,56.,1.1));
#7232 = VECTOR('',#7233,1.);
#7233 = DIRECTION('',(0.,0.,1.));
#7234 = ORIENTED_EDGE('',*,*,#7235,.T.);
#7235 = EDGE_CURVE('',#7228,#7228,#7236,.T.);
#7236 = CIRCLE('',#7237,0.65);
#7237 = AXIS2_PLACEMENT_3D('',#7238,#7239,#7240);
#7238 = CARTESIAN_POINT('',(73.,56.,1.1));
#7239 = DIRECTION('',(0.,0.,1.));
#7240 = DIRECTION('',(1.,0.,-0.));
#7241 = ORIENTED_EDGE('',*,*,#7227,.T.);
#7242 = CYLINDRICAL_SURFACE('',#7243,0.65);
#7243 = AXIS2_PLACEMENT_3D('',#7244,#7245,#7246);
#7244 = CARTESIAN_POINT('',(73.,56.,1.1));
#7245 = DIRECTION('',(0.,0.,1.));
#7246 = DIRECTION('',(1.,0.,-0.));
#7247 = ADVANCED_FACE('',(#7248),#7267,.F.);
#7248 = FACE_BOUND('',#7249,.F.);
#7249 = EDGE_LOOP('',(#7250,#7251,#7259,#7266));
#7250 = ORIENTED_EDGE('',*,*,#6981,.F.);
#7251 = ORIENTED_EDGE('',*,*,#7252,.F.);
#7252 = EDGE_CURVE('',#7253,#6982,#7255,.T.);
#7253 = VERTEX_POINT('',#7254);
#7254 = CARTESIAN_POINT('',(75.85,56.,1.1));
#7255 = LINE('',#7256,#7257);
#7256 = CARTESIAN_POINT('',(75.85,56.,1.1));
#7257 = VECTOR('',#7258,1.);
#7258 = DIRECTION('',(0.,0.,1.));
#7259 = ORIENTED_EDGE('',*,*,#7260,.T.);
#7260 = EDGE_CURVE('',#7253,#7253,#7261,.T.);
#7261 = CIRCLE('',#7262,0.65);
#7262 = AXIS2_PLACEMENT_3D('',#7263,#7264,#7265);
#7263 = CARTESIAN_POINT('',(75.2,56.,1.1));
#7264 = DIRECTION('',(0.,0.,1.));
#7265 = DIRECTION('',(1.,0.,-0.));
#7266 = ORIENTED_EDGE('',*,*,#7252,.T.);
#7267 = CYLINDRICAL_SURFACE('',#7268,0.65);
#7268 = AXIS2_PLACEMENT_3D('',#7269,#7270,#7271);
#7269 = CARTESIAN_POINT('',(75.2,56.,1.1));
#7270 = DIRECTION('',(0.,0.,1.));
#7271 = DIRECTION('',(1.,0.,-0.));
#7272 = ADVANCED_FACE('',(#7273,#7276),#7374,.T.);
#7273 = FACE_BOUND('',#7274,.T.);
#7274 = EDGE_LOOP('',(#7275));
#7275 = ORIENTED_EDGE('',*,*,#7059,.T.);
#7276 = FACE_BOUND('',#7277,.T.);
#7277 = EDGE_LOOP('',(#7278,#7288,#7296,#7304,#7312,#7320,#7328,#7336,
    #7344,#7352,#7360,#7368));
#7278 = ORIENTED_EDGE('',*,*,#7279,.F.);
#7279 = EDGE_CURVE('',#7280,#7282,#7284,.T.);
#7280 = VERTEX_POINT('',#7281);
#7281 = CARTESIAN_POINT('',(16.05,55.35,8.8));
#7282 = VERTEX_POINT('',#7283);
#7283 = CARTESIAN_POINT('',(16.05,56.65,8.8));
#7284 = LINE('',#7285,#7286);
#7285 = CARTESIAN_POINT('',(16.05,55.675,8.8));
#7286 = VECTOR('',#7287,1.);
#7287 = DIRECTION('',(-0.,1.,0.));
#7288 = ORIENTED_EDGE('',*,*,#7289,.T.);
#7289 = EDGE_CURVE('',#7280,#7290,#7292,.T.);
#7290 = VERTEX_POINT('',#7291);
#7291 = CARTESIAN_POINT('',(14.65,55.35,8.8));
#7292 = LINE('',#7293,#7294);
#7293 = CARTESIAN_POINT('',(12.975,55.35,8.8));
#7294 = VECTOR('',#7295,1.);
#7295 = DIRECTION('',(-1.,-0.,0.));
#7296 = ORIENTED_EDGE('',*,*,#7297,.F.);
#7297 = EDGE_CURVE('',#7298,#7290,#7300,.T.);
#7298 = VERTEX_POINT('',#7299);
#7299 = CARTESIAN_POINT('',(14.65,53.95,8.8));
#7300 = LINE('',#7301,#7302);
#7301 = CARTESIAN_POINT('',(14.65,54.975,8.8));
#7302 = VECTOR('',#7303,1.);
#7303 = DIRECTION('',(-0.,1.,0.));
#7304 = ORIENTED_EDGE('',*,*,#7305,.T.);
#7305 = EDGE_CURVE('',#7298,#7306,#7308,.T.);
#7306 = VERTEX_POINT('',#7307);
#7307 = CARTESIAN_POINT('',(13.35,53.95,8.8));
#7308 = LINE('',#7309,#7310);
#7309 = CARTESIAN_POINT('',(13.675,53.95,8.8));
#7310 = VECTOR('',#7311,1.);
#7311 = DIRECTION('',(-1.,-0.,0.));
#7312 = ORIENTED_EDGE('',*,*,#7313,.T.);
#7313 = EDGE_CURVE('',#7306,#7314,#7316,.T.);
#7314 = VERTEX_POINT('',#7315);
#7315 = CARTESIAN_POINT('',(13.35,55.35,8.8));
#7316 = LINE('',#7317,#7318);
#7317 = CARTESIAN_POINT('',(13.35,54.975,8.8));
#7318 = VECTOR('',#7319,1.);
#7319 = DIRECTION('',(-0.,1.,0.));
#7320 = ORIENTED_EDGE('',*,*,#7321,.T.);
#7321 = EDGE_CURVE('',#7314,#7322,#7324,.T.);
#7322 = VERTEX_POINT('',#7323);
#7323 = CARTESIAN_POINT('',(11.95,55.35,8.8));
#7324 = LINE('',#7325,#7326);
#7325 = CARTESIAN_POINT('',(12.975,55.35,8.8));
#7326 = VECTOR('',#7327,1.);
#7327 = DIRECTION('',(-1.,-0.,0.));
#7328 = ORIENTED_EDGE('',*,*,#7329,.T.);
#7329 = EDGE_CURVE('',#7322,#7330,#7332,.T.);
#7330 = VERTEX_POINT('',#7331);
#7331 = CARTESIAN_POINT('',(11.95,56.65,8.8));
#7332 = LINE('',#7333,#7334);
#7333 = CARTESIAN_POINT('',(11.95,55.675,8.8));
#7334 = VECTOR('',#7335,1.);
#7335 = DIRECTION('',(-0.,1.,0.));
#7336 = ORIENTED_EDGE('',*,*,#7337,.F.);
#7337 = EDGE_CURVE('',#7338,#7330,#7340,.T.);
#7338 = VERTEX_POINT('',#7339);
#7339 = CARTESIAN_POINT('',(13.35,56.65,8.8));
#7340 = LINE('',#7341,#7342);
#7341 = CARTESIAN_POINT('',(12.975,56.65,8.8));
#7342 = VECTOR('',#7343,1.);
#7343 = DIRECTION('',(-1.,-0.,0.));
#7344 = ORIENTED_EDGE('',*,*,#7345,.T.);
#7345 = EDGE_CURVE('',#7338,#7346,#7348,.T.);
#7346 = VERTEX_POINT('',#7347);
#7347 = CARTESIAN_POINT('',(13.35,58.05,8.8));
#7348 = LINE('',#7349,#7350);
#7349 = CARTESIAN_POINT('',(13.35,54.975,8.8));
#7350 = VECTOR('',#7351,1.);
#7351 = DIRECTION('',(-0.,1.,0.));
#7352 = ORIENTED_EDGE('',*,*,#7353,.F.);
#7353 = EDGE_CURVE('',#7354,#7346,#7356,.T.);
#7354 = VERTEX_POINT('',#7355);
#7355 = CARTESIAN_POINT('',(14.65,58.05,8.8));
#7356 = LINE('',#7357,#7358);
#7357 = CARTESIAN_POINT('',(13.675,58.05,8.8));
#7358 = VECTOR('',#7359,1.);
#7359 = DIRECTION('',(-1.,-0.,0.));
#7360 = ORIENTED_EDGE('',*,*,#7361,.F.);
#7361 = EDGE_CURVE('',#7362,#7354,#7364,.T.);
#7362 = VERTEX_POINT('',#7363);
#7363 = CARTESIAN_POINT('',(14.65,56.65,8.8));
#7364 = LINE('',#7365,#7366);
#7365 = CARTESIAN_POINT('',(14.65,54.975,8.8));
#7366 = VECTOR('',#7367,1.);
#7367 = DIRECTION('',(-0.,1.,0.));
#7368 = ORIENTED_EDGE('',*,*,#7369,.F.);
#7369 = EDGE_CURVE('',#7282,#7362,#7370,.T.);
#7370 = LINE('',#7371,#7372);
#7371 = CARTESIAN_POINT('',(12.975,56.65,8.8));
#7372 = VECTOR('',#7373,1.);
#7373 = DIRECTION('',(-1.,-0.,0.));
#7374 = PLANE('',#7375);
#7375 = AXIS2_PLACEMENT_3D('',#7376,#7377,#7378);
#7376 = CARTESIAN_POINT('',(14.,56.,8.8));
#7377 = DIRECTION('',(0.,0.,1.));
#7378 = DIRECTION('',(1.,0.,-0.));
#7379 = ADVANCED_FACE('',(#7380),#7383,.T.);
#7380 = FACE_BOUND('',#7381,.F.);
#7381 = EDGE_LOOP('',(#7382));
#7382 = ORIENTED_EDGE('',*,*,#7085,.F.);
#7383 = PLANE('',#7384);
#7384 = AXIS2_PLACEMENT_3D('',#7385,#7386,#7387);
#7385 = CARTESIAN_POINT('',(21.,56.,1.1));
#7386 = DIRECTION('',(0.,0.,1.));
#7387 = DIRECTION('',(1.,0.,-0.));
#7388 = ADVANCED_FACE('',(#7389,#7392),#7490,.T.);
#7389 = FACE_BOUND('',#7390,.T.);
#7390 = EDGE_LOOP('',(#7391));
#7391 = ORIENTED_EDGE('',*,*,#7109,.T.);
#7392 = FACE_BOUND('',#7393,.T.);
#7393 = EDGE_LOOP('',(#7394,#7404,#7412,#7420,#7428,#7436,#7444,#7452,
    #7460,#7468,#7476,#7484));
#7394 = ORIENTED_EDGE('',*,*,#7395,.F.);
#7395 = EDGE_CURVE('',#7396,#7398,#7400,.T.);
#7396 = VERTEX_POINT('',#7397);
#7397 = CARTESIAN_POINT('',(42.05,55.35,8.8));
#7398 = VERTEX_POINT('',#7399);
#7399 = CARTESIAN_POINT('',(42.05,56.65,8.8));
#7400 = LINE('',#7401,#7402);
#7401 = CARTESIAN_POINT('',(42.05,55.675,8.8));
#7402 = VECTOR('',#7403,1.);
#7403 = DIRECTION('',(-0.,1.,0.));
#7404 = ORIENTED_EDGE('',*,*,#7405,.T.);
#7405 = EDGE_CURVE('',#7396,#7406,#7408,.T.);
#7406 = VERTEX_POINT('',#7407);
#7407 = CARTESIAN_POINT('',(40.65,55.35,8.8));
#7408 = LINE('',#7409,#7410);
#7409 = CARTESIAN_POINT('',(38.975,55.35,8.8));
#7410 = VECTOR('',#7411,1.);
#7411 = DIRECTION('',(-1.,-0.,0.));
#7412 = ORIENTED_EDGE('',*,*,#7413,.F.);
#7413 = EDGE_CURVE('',#7414,#7406,#7416,.T.);
#7414 = VERTEX_POINT('',#7415);
#7415 = CARTESIAN_POINT('',(40.65,53.95,8.8));
#7416 = LINE('',#7417,#7418);
#7417 = CARTESIAN_POINT('',(40.65,54.975,8.8));
#7418 = VECTOR('',#7419,1.);
#7419 = DIRECTION('',(-0.,1.,0.));
#7420 = ORIENTED_EDGE('',*,*,#7421,.T.);
#7421 = EDGE_CURVE('',#7414,#7422,#7424,.T.);
#7422 = VERTEX_POINT('',#7423);
#7423 = CARTESIAN_POINT('',(39.35,53.95,8.8));
#7424 = LINE('',#7425,#7426);
#7425 = CARTESIAN_POINT('',(39.675,53.95,8.8));
#7426 = VECTOR('',#7427,1.);
#7427 = DIRECTION('',(-1.,-0.,0.));
#7428 = ORIENTED_EDGE('',*,*,#7429,.T.);
#7429 = EDGE_CURVE('',#7422,#7430,#7432,.T.);
#7430 = VERTEX_POINT('',#7431);
#7431 = CARTESIAN_POINT('',(39.35,55.35,8.8));
#7432 = LINE('',#7433,#7434);
#7433 = CARTESIAN_POINT('',(39.35,54.975,8.8));
#7434 = VECTOR('',#7435,1.);
#7435 = DIRECTION('',(-0.,1.,0.));
#7436 = ORIENTED_EDGE('',*,*,#7437,.T.);
#7437 = EDGE_CURVE('',#7430,#7438,#7440,.T.);
#7438 = VERTEX_POINT('',#7439);
#7439 = CARTESIAN_POINT('',(37.95,55.35,8.8));
#7440 = LINE('',#7441,#7442);
#7441 = CARTESIAN_POINT('',(38.975,55.35,8.8));
#7442 = VECTOR('',#7443,1.);
#7443 = DIRECTION('',(-1.,-0.,0.));
#7444 = ORIENTED_EDGE('',*,*,#7445,.T.);
#7445 = EDGE_CURVE('',#7438,#7446,#7448,.T.);
#7446 = VERTEX_POINT('',#7447);
#7447 = CARTESIAN_POINT('',(37.95,56.65,8.8));
#7448 = LINE('',#7449,#7450);
#7449 = CARTESIAN_POINT('',(37.95,55.675,8.8));
#7450 = VECTOR('',#7451,1.);
#7451 = DIRECTION('',(-0.,1.,0.));
#7452 = ORIENTED_EDGE('',*,*,#7453,.F.);
#7453 = EDGE_CURVE('',#7454,#7446,#7456,.T.);
#7454 = VERTEX_POINT('',#7455);
#7455 = CARTESIAN_POINT('',(39.35,56.65,8.8));
#7456 = LINE('',#7457,#7458);
#7457 = CARTESIAN_POINT('',(38.975,56.65,8.8));
#7458 = VECTOR('',#7459,1.);
#7459 = DIRECTION('',(-1.,-0.,0.));
#7460 = ORIENTED_EDGE('',*,*,#7461,.T.);
#7461 = EDGE_CURVE('',#7454,#7462,#7464,.T.);
#7462 = VERTEX_POINT('',#7463);
#7463 = CARTESIAN_POINT('',(39.35,58.05,8.8));
#7464 = LINE('',#7465,#7466);
#7465 = CARTESIAN_POINT('',(39.35,54.975,8.8));
#7466 = VECTOR('',#7467,1.);
#7467 = DIRECTION('',(-0.,1.,0.));
#7468 = ORIENTED_EDGE('',*,*,#7469,.F.);
#7469 = EDGE_CURVE('',#7470,#7462,#7472,.T.);
#7470 = VERTEX_POINT('',#7471);
#7471 = CARTESIAN_POINT('',(40.65,58.05,8.8));
#7472 = LINE('',#7473,#7474);
#7473 = CARTESIAN_POINT('',(39.675,58.05,8.8));
#7474 = VECTOR('',#7475,1.);
#7475 = DIRECTION('',(-1.,-0.,0.));
#7476 = ORIENTED_EDGE('',*,*,#7477,.F.);
#7477 = EDGE_CURVE('',#7478,#7470,#7480,.T.);
#7478 = VERTEX_POINT('',#7479);
#7479 = CARTESIAN_POINT('',(40.65,56.65,8.8));
#7480 = LINE('',#7481,#7482);
#7481 = CARTESIAN_POINT('',(40.65,54.975,8.8));
#7482 = VECTOR('',#7483,1.);
#7483 = DIRECTION('',(-0.,1.,0.));
#7484 = ORIENTED_EDGE('',*,*,#7485,.F.);
#7485 = EDGE_CURVE('',#7398,#7478,#7486,.T.);
#7486 = LINE('',#7487,#7488);
#7487 = CARTESIAN_POINT('',(38.975,56.65,8.8));
#7488 = VECTOR('',#7489,1.);
#7489 = DIRECTION('',(-1.,-0.,0.));
#7490 = PLANE('',#7491);
#7491 = AXIS2_PLACEMENT_3D('',#7492,#7493,#7494);
#7492 = CARTESIAN_POINT('',(40.,56.,8.8));
#7493 = DIRECTION('',(0.,0.,1.));
#7494 = DIRECTION('',(1.,0.,-0.));
#7495 = ADVANCED_FACE('',(#7496),#7499,.T.);
#7496 = FACE_BOUND('',#7497,.F.);
#7497 = EDGE_LOOP('',(#7498));
#7498 = ORIENTED_EDGE('',*,*,#7135,.F.);
#7499 = PLANE('',#7500);
#7500 = AXIS2_PLACEMENT_3D('',#7501,#7502,#7503);
#7501 = CARTESIAN_POINT('',(45.9,56.,1.1));
#7502 = DIRECTION('',(0.,0.,1.));
#7503 = DIRECTION('',(1.,0.,-0.));
#7504 = ADVANCED_FACE('',(#7505),#7508,.T.);
#7505 = FACE_BOUND('',#7506,.F.);
#7506 = EDGE_LOOP('',(#7507));
#7507 = ORIENTED_EDGE('',*,*,#7160,.F.);
#7508 = PLANE('',#7509);
#7509 = AXIS2_PLACEMENT_3D('',#7510,#7511,#7512);
#7510 = CARTESIAN_POINT('',(48.1,56.,1.1));
#7511 = DIRECTION('',(0.,0.,1.));
#7512 = DIRECTION('',(1.,0.,-0.));
#7513 = ADVANCED_FACE('',(#7514,#7517),#7615,.T.);
#7514 = FACE_BOUND('',#7515,.T.);
#7515 = EDGE_LOOP('',(#7516));
#7516 = ORIENTED_EDGE('',*,*,#7184,.T.);
#7517 = FACE_BOUND('',#7518,.T.);
#7518 = EDGE_LOOP('',(#7519,#7529,#7537,#7545,#7553,#7561,#7569,#7577,
    #7585,#7593,#7601,#7609));
#7519 = ORIENTED_EDGE('',*,*,#7520,.F.);
#7520 = EDGE_CURVE('',#7521,#7523,#7525,.T.);
#7521 = VERTEX_POINT('',#7522);
#7522 = CARTESIAN_POINT('',(68.05,55.35,8.8));
#7523 = VERTEX_POINT('',#7524);
#7524 = CARTESIAN_POINT('',(68.05,56.65,8.8));
#7525 = LINE('',#7526,#7527);
#7526 = CARTESIAN_POINT('',(68.05,55.675,8.8));
#7527 = VECTOR('',#7528,1.);
#7528 = DIRECTION('',(-0.,1.,0.));
#7529 = ORIENTED_EDGE('',*,*,#7530,.T.);
#7530 = EDGE_CURVE('',#7521,#7531,#7533,.T.);
#7531 = VERTEX_POINT('',#7532);
#7532 = CARTESIAN_POINT('',(66.65,55.35,8.8));
#7533 = LINE('',#7534,#7535);
#7534 = CARTESIAN_POINT('',(64.975,55.35,8.8));
#7535 = VECTOR('',#7536,1.);
#7536 = DIRECTION('',(-1.,-0.,0.));
#7537 = ORIENTED_EDGE('',*,*,#7538,.F.);
#7538 = EDGE_CURVE('',#7539,#7531,#7541,.T.);
#7539 = VERTEX_POINT('',#7540);
#7540 = CARTESIAN_POINT('',(66.65,53.95,8.8));
#7541 = LINE('',#7542,#7543);
#7542 = CARTESIAN_POINT('',(66.65,54.975,8.8));
#7543 = VECTOR('',#7544,1.);
#7544 = DIRECTION('',(-0.,1.,0.));
#7545 = ORIENTED_EDGE('',*,*,#7546,.T.);
#7546 = EDGE_CURVE('',#7539,#7547,#7549,.T.);
#7547 = VERTEX_POINT('',#7548);
#7548 = CARTESIAN_POINT('',(65.35,53.95,8.8));
#7549 = LINE('',#7550,#7551);
#7550 = CARTESIAN_POINT('',(65.675,53.95,8.8));
#7551 = VECTOR('',#7552,1.);
#7552 = DIRECTION('',(-1.,-0.,0.));
#7553 = ORIENTED_EDGE('',*,*,#7554,.T.);
#7554 = EDGE_CURVE('',#7547,#7555,#7557,.T.);
#7555 = VERTEX_POINT('',#7556);
#7556 = CARTESIAN_POINT('',(65.35,55.35,8.8));
#7557 = LINE('',#7558,#7559);
#7558 = CARTESIAN_POINT('',(65.35,54.975,8.8));
#7559 = VECTOR('',#7560,1.);
#7560 = DIRECTION('',(-0.,1.,0.));
#7561 = ORIENTED_EDGE('',*,*,#7562,.T.);
#7562 = EDGE_CURVE('',#7555,#7563,#7565,.T.);
#7563 = VERTEX_POINT('',#7564);
#7564 = CARTESIAN_POINT('',(63.95,55.35,8.8));
#7565 = LINE('',#7566,#7567);
#7566 = CARTESIAN_POINT('',(64.975,55.35,8.8));
#7567 = VECTOR('',#7568,1.);
#7568 = DIRECTION('',(-1.,-0.,0.));
#7569 = ORIENTED_EDGE('',*,*,#7570,.T.);
#7570 = EDGE_CURVE('',#7563,#7571,#7573,.T.);
#7571 = VERTEX_POINT('',#7572);
#7572 = CARTESIAN_POINT('',(63.95,56.65,8.8));
#7573 = LINE('',#7574,#7575);
#7574 = CARTESIAN_POINT('',(63.95,55.675,8.8));
#7575 = VECTOR('',#7576,1.);
#7576 = DIRECTION('',(-0.,1.,0.));
#7577 = ORIENTED_EDGE('',*,*,#7578,.F.);
#7578 = EDGE_CURVE('',#7579,#7571,#7581,.T.);
#7579 = VERTEX_POINT('',#7580);
#7580 = CARTESIAN_POINT('',(65.35,56.65,8.8));
#7581 = LINE('',#7582,#7583);
#7582 = CARTESIAN_POINT('',(64.975,56.65,8.8));
#7583 = VECTOR('',#7584,1.);
#7584 = DIRECTION('',(-1.,-0.,0.));
#7585 = ORIENTED_EDGE('',*,*,#7586,.T.);
#7586 = EDGE_CURVE('',#7579,#7587,#7589,.T.);
#7587 = VERTEX_POINT('',#7588);
#7588 = CARTESIAN_POINT('',(65.35,58.05,8.8));
#7589 = LINE('',#7590,#7591);
#7590 = CARTESIAN_POINT('',(65.35,54.975,8.8));
#7591 = VECTOR('',#7592,1.);
#7592 = DIRECTION('',(-0.,1.,0.));
#7593 = ORIENTED_EDGE('',*,*,#7594,.F.);
#7594 = EDGE_CURVE('',#7595,#7587,#7597,.T.);
#7595 = VERTEX_POINT('',#7596);
#7596 = CARTESIAN_POINT('',(66.65,58.05,8.8));
#7597 = LINE('',#7598,#7599);
#7598 = CARTESIAN_POINT('',(65.675,58.05,8.8));
#7599 = VECTOR('',#7600,1.);
#7600 = DIRECTION('',(-1.,-0.,0.));
#7601 = ORIENTED_EDGE('',*,*,#7602,.F.);
#7602 = EDGE_CURVE('',#7603,#7595,#7605,.T.);
#7603 = VERTEX_POINT('',#7604);
#7604 = CARTESIAN_POINT('',(66.65,56.65,8.8));
#7605 = LINE('',#7606,#7607);
#7606 = CARTESIAN_POINT('',(66.65,54.975,8.8));
#7607 = VECTOR('',#7608,1.);
#7608 = DIRECTION('',(-0.,1.,0.));
#7609 = ORIENTED_EDGE('',*,*,#7610,.F.);
#7610 = EDGE_CURVE('',#7523,#7603,#7611,.T.);
#7611 = LINE('',#7612,#7613);
#7612 = CARTESIAN_POINT('',(64.975,56.65,8.8));
#7613 = VECTOR('',#7614,1.);
#7614 = DIRECTION('',(-1.,-0.,0.));
#7615 = PLANE('',#7616);
#7616 = AXIS2_PLACEMENT_3D('',#7617,#7618,#7619);
#7617 = CARTESIAN_POINT('',(66.,56.,8.8));
#7618 = DIRECTION('',(0.,0.,1.));
#7619 = DIRECTION('',(1.,0.,-0.));
#7620 = ADVANCED_FACE('',(#7621),#7624,.T.);
#7621 = FACE_BOUND('',#7622,.F.);
#7622 = EDGE_LOOP('',(#7623));
#7623 = ORIENTED_EDGE('',*,*,#7210,.F.);
#7624 = PLANE('',#7625);
#7625 = AXIS2_PLACEMENT_3D('',#7626,#7627,#7628);
#7626 = CARTESIAN_POINT('',(70.8,56.,1.1));
#7627 = DIRECTION('',(0.,0.,1.));
#7628 = DIRECTION('',(1.,0.,-0.));
#7629 = ADVANCED_FACE('',(#7630),#7633,.T.);
#7630 = FACE_BOUND('',#7631,.F.);
#7631 = EDGE_LOOP('',(#7632));
#7632 = ORIENTED_EDGE('',*,*,#7235,.F.);
#7633 = PLANE('',#7634);
#7634 = AXIS2_PLACEMENT_3D('',#7635,#7636,#7637);
#7635 = CARTESIAN_POINT('',(73.,56.,1.1));
#7636 = DIRECTION('',(0.,0.,1.));
#7637 = DIRECTION('',(1.,0.,-0.));
#7638 = ADVANCED_FACE('',(#7639),#7642,.T.);
#7639 = FACE_BOUND('',#7640,.F.);
#7640 = EDGE_LOOP('',(#7641));
#7641 = ORIENTED_EDGE('',*,*,#7260,.F.);
#7642 = PLANE('',#7643);
#7643 = AXIS2_PLACEMENT_3D('',#7644,#7645,#7646);
#7644 = CARTESIAN_POINT('',(75.2,56.,1.1));
#7645 = DIRECTION('',(0.,0.,1.));
#7646 = DIRECTION('',(1.,0.,-0.));
#7647 = ADVANCED_FACE('',(#7648),#7673,.F.);
#7648 = FACE_BOUND('',#7649,.F.);
#7649 = EDGE_LOOP('',(#7650,#7658,#7666,#7672));
#7650 = ORIENTED_EDGE('',*,*,#7651,.F.);
#7651 = EDGE_CURVE('',#7652,#7280,#7654,.T.);
#7652 = VERTEX_POINT('',#7653);
#7653 = CARTESIAN_POINT('',(16.05,55.35,5.4));
#7654 = LINE('',#7655,#7656);
#7655 = CARTESIAN_POINT('',(16.05,55.35,5.4));
#7656 = VECTOR('',#7657,1.);
#7657 = DIRECTION('',(0.,0.,1.));
#7658 = ORIENTED_EDGE('',*,*,#7659,.T.);
#7659 = EDGE_CURVE('',#7652,#7660,#7662,.T.);
#7660 = VERTEX_POINT('',#7661);
#7661 = CARTESIAN_POINT('',(16.05,56.65,5.4));
#7662 = LINE('',#7663,#7664);
#7663 = CARTESIAN_POINT('',(16.05,55.35,5.4));
#7664 = VECTOR('',#7665,1.);
#7665 = DIRECTION('',(-0.,1.,0.));
#7666 = ORIENTED_EDGE('',*,*,#7667,.T.);
#7667 = EDGE_CURVE('',#7660,#7282,#7668,.T.);
#7668 = LINE('',#7669,#7670);
#7669 = CARTESIAN_POINT('',(16.05,56.65,5.4));
#7670 = VECTOR('',#7671,1.);
#7671 = DIRECTION('',(0.,0.,1.));
#7672 = ORIENTED_EDGE('',*,*,#7279,.F.);
#7673 = PLANE('',#7674);
#7674 = AXIS2_PLACEMENT_3D('',#7675,#7676,#7677);
#7675 = CARTESIAN_POINT('',(16.05,55.35,5.4));
#7676 = DIRECTION('',(1.,0.,-0.));
#7677 = DIRECTION('',(0.,0.,1.));
#7678 = ADVANCED_FACE('',(#7679),#7697,.F.);
#7679 = FACE_BOUND('',#7680,.F.);
#7680 = EDGE_LOOP('',(#7681,#7682,#7690,#7696));
#7681 = ORIENTED_EDGE('',*,*,#7667,.F.);
#7682 = ORIENTED_EDGE('',*,*,#7683,.F.);
#7683 = EDGE_CURVE('',#7684,#7660,#7686,.T.);
#7684 = VERTEX_POINT('',#7685);
#7685 = CARTESIAN_POINT('',(14.65,56.65,5.4));
#7686 = LINE('',#7687,#7688);
#7687 = CARTESIAN_POINT('',(11.95,56.65,5.4));
#7688 = VECTOR('',#7689,1.);
#7689 = DIRECTION('',(1.,0.,-0.));
#7690 = ORIENTED_EDGE('',*,*,#7691,.F.);
#7691 = EDGE_CURVE('',#7362,#7684,#7692,.T.);
#7692 = LINE('',#7693,#7694);
#7693 = CARTESIAN_POINT('',(14.65,56.65,5.4));
#7694 = VECTOR('',#7695,1.);
#7695 = DIRECTION('',(-0.,0.,-1.));
#7696 = ORIENTED_EDGE('',*,*,#7369,.F.);
#7697 = PLANE('',#7698);
#7698 = AXIS2_PLACEMENT_3D('',#7699,#7700,#7701);
#7699 = CARTESIAN_POINT('',(11.95,56.65,5.4));
#7700 = DIRECTION('',(-0.,1.,0.));
#7701 = DIRECTION('',(0.,0.,1.));
#7702 = ADVANCED_FACE('',(#7703),#7721,.F.);
#7703 = FACE_BOUND('',#7704,.F.);
#7704 = EDGE_LOOP('',(#7705,#7706,#7714,#7720));
#7705 = ORIENTED_EDGE('',*,*,#7691,.T.);
#7706 = ORIENTED_EDGE('',*,*,#7707,.T.);
#7707 = EDGE_CURVE('',#7684,#7708,#7710,.T.);
#7708 = VERTEX_POINT('',#7709);
#7709 = CARTESIAN_POINT('',(14.65,58.05,5.4));
#7710 = LINE('',#7711,#7712);
#7711 = CARTESIAN_POINT('',(14.65,53.95,5.4));
#7712 = VECTOR('',#7713,1.);
#7713 = DIRECTION('',(-0.,1.,0.));
#7714 = ORIENTED_EDGE('',*,*,#7715,.T.);
#7715 = EDGE_CURVE('',#7708,#7354,#7716,.T.);
#7716 = LINE('',#7717,#7718);
#7717 = CARTESIAN_POINT('',(14.65,58.05,5.4));
#7718 = VECTOR('',#7719,1.);
#7719 = DIRECTION('',(0.,0.,1.));
#7720 = ORIENTED_EDGE('',*,*,#7361,.F.);
#7721 = PLANE('',#7722);
#7722 = AXIS2_PLACEMENT_3D('',#7723,#7724,#7725);
#7723 = CARTESIAN_POINT('',(14.65,53.95,5.4));
#7724 = DIRECTION('',(1.,0.,-0.));
#7725 = DIRECTION('',(0.,0.,1.));
#7726 = ADVANCED_FACE('',(#7727),#7745,.F.);
#7727 = FACE_BOUND('',#7728,.F.);
#7728 = EDGE_LOOP('',(#7729,#7730,#7738,#7744));
#7729 = ORIENTED_EDGE('',*,*,#7715,.F.);
#7730 = ORIENTED_EDGE('',*,*,#7731,.F.);
#7731 = EDGE_CURVE('',#7732,#7708,#7734,.T.);
#7732 = VERTEX_POINT('',#7733);
#7733 = CARTESIAN_POINT('',(13.35,58.05,5.4));
#7734 = LINE('',#7735,#7736);
#7735 = CARTESIAN_POINT('',(13.35,58.05,5.4));
#7736 = VECTOR('',#7737,1.);
#7737 = DIRECTION('',(1.,0.,-0.));
#7738 = ORIENTED_EDGE('',*,*,#7739,.T.);
#7739 = EDGE_CURVE('',#7732,#7346,#7740,.T.);
#7740 = LINE('',#7741,#7742);
#7741 = CARTESIAN_POINT('',(13.35,58.05,5.4));
#7742 = VECTOR('',#7743,1.);
#7743 = DIRECTION('',(0.,0.,1.));
#7744 = ORIENTED_EDGE('',*,*,#7353,.F.);
#7745 = PLANE('',#7746);
#7746 = AXIS2_PLACEMENT_3D('',#7747,#7748,#7749);
#7747 = CARTESIAN_POINT('',(13.35,58.05,5.4));
#7748 = DIRECTION('',(-0.,1.,0.));
#7749 = DIRECTION('',(0.,0.,1.));
#7750 = ADVANCED_FACE('',(#7751),#7769,.T.);
#7751 = FACE_BOUND('',#7752,.T.);
#7752 = EDGE_LOOP('',(#7753,#7761,#7767,#7768));
#7753 = ORIENTED_EDGE('',*,*,#7754,.T.);
#7754 = EDGE_CURVE('',#7338,#7755,#7757,.T.);
#7755 = VERTEX_POINT('',#7756);
#7756 = CARTESIAN_POINT('',(13.35,56.65,5.4));
#7757 = LINE('',#7758,#7759);
#7758 = CARTESIAN_POINT('',(13.35,56.65,5.4));
#7759 = VECTOR('',#7760,1.);
#7760 = DIRECTION('',(-0.,0.,-1.));
#7761 = ORIENTED_EDGE('',*,*,#7762,.T.);
#7762 = EDGE_CURVE('',#7755,#7732,#7763,.T.);
#7763 = LINE('',#7764,#7765);
#7764 = CARTESIAN_POINT('',(13.35,53.95,5.4));
#7765 = VECTOR('',#7766,1.);
#7766 = DIRECTION('',(-0.,1.,0.));
#7767 = ORIENTED_EDGE('',*,*,#7739,.T.);
#7768 = ORIENTED_EDGE('',*,*,#7345,.F.);
#7769 = PLANE('',#7770);
#7770 = AXIS2_PLACEMENT_3D('',#7771,#7772,#7773);
#7771 = CARTESIAN_POINT('',(13.35,53.95,5.4));
#7772 = DIRECTION('',(1.,0.,-0.));
#7773 = DIRECTION('',(0.,0.,1.));
#7774 = ADVANCED_FACE('',(#7775),#7793,.F.);
#7775 = FACE_BOUND('',#7776,.F.);
#7776 = EDGE_LOOP('',(#7777,#7778,#7786,#7792));
#7777 = ORIENTED_EDGE('',*,*,#7754,.T.);
#7778 = ORIENTED_EDGE('',*,*,#7779,.F.);
#7779 = EDGE_CURVE('',#7780,#7755,#7782,.T.);
#7780 = VERTEX_POINT('',#7781);
#7781 = CARTESIAN_POINT('',(11.95,56.65,5.4));
#7782 = LINE('',#7783,#7784);
#7783 = CARTESIAN_POINT('',(11.95,56.65,5.4));
#7784 = VECTOR('',#7785,1.);
#7785 = DIRECTION('',(1.,0.,-0.));
#7786 = ORIENTED_EDGE('',*,*,#7787,.T.);
#7787 = EDGE_CURVE('',#7780,#7330,#7788,.T.);
#7788 = LINE('',#7789,#7790);
#7789 = CARTESIAN_POINT('',(11.95,56.65,5.4));
#7790 = VECTOR('',#7791,1.);
#7791 = DIRECTION('',(0.,0.,1.));
#7792 = ORIENTED_EDGE('',*,*,#7337,.F.);
#7793 = PLANE('',#7794);
#7794 = AXIS2_PLACEMENT_3D('',#7795,#7796,#7797);
#7795 = CARTESIAN_POINT('',(11.95,56.65,5.4));
#7796 = DIRECTION('',(-0.,1.,0.));
#7797 = DIRECTION('',(0.,0.,1.));
#7798 = ADVANCED_FACE('',(#7799),#7817,.T.);
#7799 = FACE_BOUND('',#7800,.T.);
#7800 = EDGE_LOOP('',(#7801,#7809,#7815,#7816));
#7801 = ORIENTED_EDGE('',*,*,#7802,.F.);
#7802 = EDGE_CURVE('',#7803,#7322,#7805,.T.);
#7803 = VERTEX_POINT('',#7804);
#7804 = CARTESIAN_POINT('',(11.95,55.35,5.4));
#7805 = LINE('',#7806,#7807);
#7806 = CARTESIAN_POINT('',(11.95,55.35,5.4));
#7807 = VECTOR('',#7808,1.);
#7808 = DIRECTION('',(0.,0.,1.));
#7809 = ORIENTED_EDGE('',*,*,#7810,.T.);
#7810 = EDGE_CURVE('',#7803,#7780,#7811,.T.);
#7811 = LINE('',#7812,#7813);
#7812 = CARTESIAN_POINT('',(11.95,55.35,5.4));
#7813 = VECTOR('',#7814,1.);
#7814 = DIRECTION('',(-0.,1.,0.));
#7815 = ORIENTED_EDGE('',*,*,#7787,.T.);
#7816 = ORIENTED_EDGE('',*,*,#7329,.F.);
#7817 = PLANE('',#7818);
#7818 = AXIS2_PLACEMENT_3D('',#7819,#7820,#7821);
#7819 = CARTESIAN_POINT('',(11.95,55.35,5.4));
#7820 = DIRECTION('',(1.,0.,-0.));
#7821 = DIRECTION('',(0.,0.,1.));
#7822 = ADVANCED_FACE('',(#7823),#7841,.T.);
#7823 = FACE_BOUND('',#7824,.T.);
#7824 = EDGE_LOOP('',(#7825,#7833,#7839,#7840));
#7825 = ORIENTED_EDGE('',*,*,#7826,.T.);
#7826 = EDGE_CURVE('',#7314,#7827,#7829,.T.);
#7827 = VERTEX_POINT('',#7828);
#7828 = CARTESIAN_POINT('',(13.35,55.35,5.4));
#7829 = LINE('',#7830,#7831);
#7830 = CARTESIAN_POINT('',(13.35,55.35,5.4));
#7831 = VECTOR('',#7832,1.);
#7832 = DIRECTION('',(-0.,0.,-1.));
#7833 = ORIENTED_EDGE('',*,*,#7834,.F.);
#7834 = EDGE_CURVE('',#7803,#7827,#7835,.T.);
#7835 = LINE('',#7836,#7837);
#7836 = CARTESIAN_POINT('',(11.95,55.35,5.4));
#7837 = VECTOR('',#7838,1.);
#7838 = DIRECTION('',(1.,0.,-0.));
#7839 = ORIENTED_EDGE('',*,*,#7802,.T.);
#7840 = ORIENTED_EDGE('',*,*,#7321,.F.);
#7841 = PLANE('',#7842);
#7842 = AXIS2_PLACEMENT_3D('',#7843,#7844,#7845);
#7843 = CARTESIAN_POINT('',(11.95,55.35,5.4));
#7844 = DIRECTION('',(-0.,1.,0.));
#7845 = DIRECTION('',(0.,0.,1.));
#7846 = ADVANCED_FACE('',(#7847),#7865,.T.);
#7847 = FACE_BOUND('',#7848,.T.);
#7848 = EDGE_LOOP('',(#7849,#7857,#7863,#7864));
#7849 = ORIENTED_EDGE('',*,*,#7850,.F.);
#7850 = EDGE_CURVE('',#7851,#7306,#7853,.T.);
#7851 = VERTEX_POINT('',#7852);
#7852 = CARTESIAN_POINT('',(13.35,53.95,5.4));
#7853 = LINE('',#7854,#7855);
#7854 = CARTESIAN_POINT('',(13.35,53.95,5.4));
#7855 = VECTOR('',#7856,1.);
#7856 = DIRECTION('',(0.,0.,1.));
#7857 = ORIENTED_EDGE('',*,*,#7858,.T.);
#7858 = EDGE_CURVE('',#7851,#7827,#7859,.T.);
#7859 = LINE('',#7860,#7861);
#7860 = CARTESIAN_POINT('',(13.35,53.95,5.4));
#7861 = VECTOR('',#7862,1.);
#7862 = DIRECTION('',(-0.,1.,0.));
#7863 = ORIENTED_EDGE('',*,*,#7826,.F.);
#7864 = ORIENTED_EDGE('',*,*,#7313,.F.);
#7865 = PLANE('',#7866);
#7866 = AXIS2_PLACEMENT_3D('',#7867,#7868,#7869);
#7867 = CARTESIAN_POINT('',(13.35,53.95,5.4));
#7868 = DIRECTION('',(1.,0.,-0.));
#7869 = DIRECTION('',(0.,0.,1.));
#7870 = ADVANCED_FACE('',(#7871),#7889,.T.);
#7871 = FACE_BOUND('',#7872,.T.);
#7872 = EDGE_LOOP('',(#7873,#7881,#7887,#7888));
#7873 = ORIENTED_EDGE('',*,*,#7874,.F.);
#7874 = EDGE_CURVE('',#7875,#7298,#7877,.T.);
#7875 = VERTEX_POINT('',#7876);
#7876 = CARTESIAN_POINT('',(14.65,53.95,5.4));
#7877 = LINE('',#7878,#7879);
#7878 = CARTESIAN_POINT('',(14.65,53.95,5.4));
#7879 = VECTOR('',#7880,1.);
#7880 = DIRECTION('',(0.,0.,1.));
#7881 = ORIENTED_EDGE('',*,*,#7882,.F.);
#7882 = EDGE_CURVE('',#7851,#7875,#7883,.T.);
#7883 = LINE('',#7884,#7885);
#7884 = CARTESIAN_POINT('',(13.35,53.95,5.4));
#7885 = VECTOR('',#7886,1.);
#7886 = DIRECTION('',(1.,0.,-0.));
#7887 = ORIENTED_EDGE('',*,*,#7850,.T.);
#7888 = ORIENTED_EDGE('',*,*,#7305,.F.);
#7889 = PLANE('',#7890);
#7890 = AXIS2_PLACEMENT_3D('',#7891,#7892,#7893);
#7891 = CARTESIAN_POINT('',(13.35,53.95,5.4));
#7892 = DIRECTION('',(-0.,1.,0.));
#7893 = DIRECTION('',(0.,0.,1.));
#7894 = ADVANCED_FACE('',(#7895),#7913,.F.);
#7895 = FACE_BOUND('',#7896,.F.);
#7896 = EDGE_LOOP('',(#7897,#7898,#7906,#7912));
#7897 = ORIENTED_EDGE('',*,*,#7874,.F.);
#7898 = ORIENTED_EDGE('',*,*,#7899,.T.);
#7899 = EDGE_CURVE('',#7875,#7900,#7902,.T.);
#7900 = VERTEX_POINT('',#7901);
#7901 = CARTESIAN_POINT('',(14.65,55.35,5.4));
#7902 = LINE('',#7903,#7904);
#7903 = CARTESIAN_POINT('',(14.65,53.95,5.4));
#7904 = VECTOR('',#7905,1.);
#7905 = DIRECTION('',(-0.,1.,0.));
#7906 = ORIENTED_EDGE('',*,*,#7907,.F.);
#7907 = EDGE_CURVE('',#7290,#7900,#7908,.T.);
#7908 = LINE('',#7909,#7910);
#7909 = CARTESIAN_POINT('',(14.65,55.35,5.4));
#7910 = VECTOR('',#7911,1.);
#7911 = DIRECTION('',(-0.,0.,-1.));
#7912 = ORIENTED_EDGE('',*,*,#7297,.F.);
#7913 = PLANE('',#7914);
#7914 = AXIS2_PLACEMENT_3D('',#7915,#7916,#7917);
#7915 = CARTESIAN_POINT('',(14.65,53.95,5.4));
#7916 = DIRECTION('',(1.,0.,-0.));
#7917 = DIRECTION('',(0.,0.,1.));
#7918 = ADVANCED_FACE('',(#7919),#7930,.T.);
#7919 = FACE_BOUND('',#7920,.T.);
#7920 = EDGE_LOOP('',(#7921,#7922,#7928,#7929));
#7921 = ORIENTED_EDGE('',*,*,#7651,.F.);
#7922 = ORIENTED_EDGE('',*,*,#7923,.F.);
#7923 = EDGE_CURVE('',#7900,#7652,#7924,.T.);
#7924 = LINE('',#7925,#7926);
#7925 = CARTESIAN_POINT('',(11.95,55.35,5.4));
#7926 = VECTOR('',#7927,1.);
#7927 = DIRECTION('',(1.,0.,-0.));
#7928 = ORIENTED_EDGE('',*,*,#7907,.F.);
#7929 = ORIENTED_EDGE('',*,*,#7289,.F.);
#7930 = PLANE('',#7931);
#7931 = AXIS2_PLACEMENT_3D('',#7932,#7933,#7934);
#7932 = CARTESIAN_POINT('',(11.95,55.35,5.4));
#7933 = DIRECTION('',(-0.,1.,0.));
#7934 = DIRECTION('',(0.,0.,1.));
#7935 = ADVANCED_FACE('',(#7936),#7961,.F.);
#7936 = FACE_BOUND('',#7937,.F.);
#7937 = EDGE_LOOP('',(#7938,#7946,#7954,#7960));
#7938 = ORIENTED_EDGE('',*,*,#7939,.F.);
#7939 = EDGE_CURVE('',#7940,#7396,#7942,.T.);
#7940 = VERTEX_POINT('',#7941);
#7941 = CARTESIAN_POINT('',(42.05,55.35,5.4));
#7942 = LINE('',#7943,#7944);
#7943 = CARTESIAN_POINT('',(42.05,55.35,5.4));
#7944 = VECTOR('',#7945,1.);
#7945 = DIRECTION('',(0.,0.,1.));
#7946 = ORIENTED_EDGE('',*,*,#7947,.T.);
#7947 = EDGE_CURVE('',#7940,#7948,#7950,.T.);
#7948 = VERTEX_POINT('',#7949);
#7949 = CARTESIAN_POINT('',(42.05,56.65,5.4));
#7950 = LINE('',#7951,#7952);
#7951 = CARTESIAN_POINT('',(42.05,55.35,5.4));
#7952 = VECTOR('',#7953,1.);
#7953 = DIRECTION('',(-0.,1.,0.));
#7954 = ORIENTED_EDGE('',*,*,#7955,.T.);
#7955 = EDGE_CURVE('',#7948,#7398,#7956,.T.);
#7956 = LINE('',#7957,#7958);
#7957 = CARTESIAN_POINT('',(42.05,56.65,5.4));
#7958 = VECTOR('',#7959,1.);
#7959 = DIRECTION('',(0.,0.,1.));
#7960 = ORIENTED_EDGE('',*,*,#7395,.F.);
#7961 = PLANE('',#7962);
#7962 = AXIS2_PLACEMENT_3D('',#7963,#7964,#7965);
#7963 = CARTESIAN_POINT('',(42.05,55.35,5.4));
#7964 = DIRECTION('',(1.,0.,-0.));
#7965 = DIRECTION('',(0.,0.,1.));
#7966 = ADVANCED_FACE('',(#7967),#7985,.F.);
#7967 = FACE_BOUND('',#7968,.F.);
#7968 = EDGE_LOOP('',(#7969,#7970,#7978,#7984));
#7969 = ORIENTED_EDGE('',*,*,#7955,.F.);
#7970 = ORIENTED_EDGE('',*,*,#7971,.F.);
#7971 = EDGE_CURVE('',#7972,#7948,#7974,.T.);
#7972 = VERTEX_POINT('',#7973);
#7973 = CARTESIAN_POINT('',(40.65,56.65,5.4));
#7974 = LINE('',#7975,#7976);
#7975 = CARTESIAN_POINT('',(37.95,56.65,5.4));
#7976 = VECTOR('',#7977,1.);
#7977 = DIRECTION('',(1.,0.,-0.));
#7978 = ORIENTED_EDGE('',*,*,#7979,.F.);
#7979 = EDGE_CURVE('',#7478,#7972,#7980,.T.);
#7980 = LINE('',#7981,#7982);
#7981 = CARTESIAN_POINT('',(40.65,56.65,5.4));
#7982 = VECTOR('',#7983,1.);
#7983 = DIRECTION('',(-0.,0.,-1.));
#7984 = ORIENTED_EDGE('',*,*,#7485,.F.);
#7985 = PLANE('',#7986);
#7986 = AXIS2_PLACEMENT_3D('',#7987,#7988,#7989);
#7987 = CARTESIAN_POINT('',(37.95,56.65,5.4));
#7988 = DIRECTION('',(-0.,1.,0.));
#7989 = DIRECTION('',(0.,0.,1.));
#7990 = ADVANCED_FACE('',(#7991),#8009,.F.);
#7991 = FACE_BOUND('',#7992,.F.);
#7992 = EDGE_LOOP('',(#7993,#7994,#8002,#8008));
#7993 = ORIENTED_EDGE('',*,*,#7979,.T.);
#7994 = ORIENTED_EDGE('',*,*,#7995,.T.);
#7995 = EDGE_CURVE('',#7972,#7996,#7998,.T.);
#7996 = VERTEX_POINT('',#7997);
#7997 = CARTESIAN_POINT('',(40.65,58.05,5.4));
#7998 = LINE('',#7999,#8000);
#7999 = CARTESIAN_POINT('',(40.65,53.95,5.4));
#8000 = VECTOR('',#8001,1.);
#8001 = DIRECTION('',(-0.,1.,0.));
#8002 = ORIENTED_EDGE('',*,*,#8003,.T.);
#8003 = EDGE_CURVE('',#7996,#7470,#8004,.T.);
#8004 = LINE('',#8005,#8006);
#8005 = CARTESIAN_POINT('',(40.65,58.05,5.4));
#8006 = VECTOR('',#8007,1.);
#8007 = DIRECTION('',(0.,0.,1.));
#8008 = ORIENTED_EDGE('',*,*,#7477,.F.);
#8009 = PLANE('',#8010);
#8010 = AXIS2_PLACEMENT_3D('',#8011,#8012,#8013);
#8011 = CARTESIAN_POINT('',(40.65,53.95,5.4));
#8012 = DIRECTION('',(1.,0.,-0.));
#8013 = DIRECTION('',(0.,0.,1.));
#8014 = ADVANCED_FACE('',(#8015),#8033,.F.);
#8015 = FACE_BOUND('',#8016,.F.);
#8016 = EDGE_LOOP('',(#8017,#8018,#8026,#8032));
#8017 = ORIENTED_EDGE('',*,*,#8003,.F.);
#8018 = ORIENTED_EDGE('',*,*,#8019,.F.);
#8019 = EDGE_CURVE('',#8020,#7996,#8022,.T.);
#8020 = VERTEX_POINT('',#8021);
#8021 = CARTESIAN_POINT('',(39.35,58.05,5.4));
#8022 = LINE('',#8023,#8024);
#8023 = CARTESIAN_POINT('',(39.35,58.05,5.4));
#8024 = VECTOR('',#8025,1.);
#8025 = DIRECTION('',(1.,0.,-0.));
#8026 = ORIENTED_EDGE('',*,*,#8027,.T.);
#8027 = EDGE_CURVE('',#8020,#7462,#8028,.T.);
#8028 = LINE('',#8029,#8030);
#8029 = CARTESIAN_POINT('',(39.35,58.05,5.4));
#8030 = VECTOR('',#8031,1.);
#8031 = DIRECTION('',(0.,0.,1.));
#8032 = ORIENTED_EDGE('',*,*,#7469,.F.);
#8033 = PLANE('',#8034);
#8034 = AXIS2_PLACEMENT_3D('',#8035,#8036,#8037);
#8035 = CARTESIAN_POINT('',(39.35,58.05,5.4));
#8036 = DIRECTION('',(-0.,1.,0.));
#8037 = DIRECTION('',(0.,0.,1.));
#8038 = ADVANCED_FACE('',(#8039),#8057,.T.);
#8039 = FACE_BOUND('',#8040,.T.);
#8040 = EDGE_LOOP('',(#8041,#8049,#8055,#8056));
#8041 = ORIENTED_EDGE('',*,*,#8042,.T.);
#8042 = EDGE_CURVE('',#7454,#8043,#8045,.T.);
#8043 = VERTEX_POINT('',#8044);
#8044 = CARTESIAN_POINT('',(39.35,56.65,5.4));
#8045 = LINE('',#8046,#8047);
#8046 = CARTESIAN_POINT('',(39.35,56.65,5.4));
#8047 = VECTOR('',#8048,1.);
#8048 = DIRECTION('',(-0.,0.,-1.));
#8049 = ORIENTED_EDGE('',*,*,#8050,.T.);
#8050 = EDGE_CURVE('',#8043,#8020,#8051,.T.);
#8051 = LINE('',#8052,#8053);
#8052 = CARTESIAN_POINT('',(39.35,53.95,5.4));
#8053 = VECTOR('',#8054,1.);
#8054 = DIRECTION('',(-0.,1.,0.));
#8055 = ORIENTED_EDGE('',*,*,#8027,.T.);
#8056 = ORIENTED_EDGE('',*,*,#7461,.F.);
#8057 = PLANE('',#8058);
#8058 = AXIS2_PLACEMENT_3D('',#8059,#8060,#8061);
#8059 = CARTESIAN_POINT('',(39.35,53.95,5.4));
#8060 = DIRECTION('',(1.,0.,-0.));
#8061 = DIRECTION('',(0.,0.,1.));
#8062 = ADVANCED_FACE('',(#8063),#8081,.F.);
#8063 = FACE_BOUND('',#8064,.F.);
#8064 = EDGE_LOOP('',(#8065,#8066,#8074,#8080));
#8065 = ORIENTED_EDGE('',*,*,#8042,.T.);
#8066 = ORIENTED_EDGE('',*,*,#8067,.F.);
#8067 = EDGE_CURVE('',#8068,#8043,#8070,.T.);
#8068 = VERTEX_POINT('',#8069);
#8069 = CARTESIAN_POINT('',(37.95,56.65,5.4));
#8070 = LINE('',#8071,#8072);
#8071 = CARTESIAN_POINT('',(37.95,56.65,5.4));
#8072 = VECTOR('',#8073,1.);
#8073 = DIRECTION('',(1.,0.,-0.));
#8074 = ORIENTED_EDGE('',*,*,#8075,.T.);
#8075 = EDGE_CURVE('',#8068,#7446,#8076,.T.);
#8076 = LINE('',#8077,#8078);
#8077 = CARTESIAN_POINT('',(37.95,56.65,5.4));
#8078 = VECTOR('',#8079,1.);
#8079 = DIRECTION('',(0.,0.,1.));
#8080 = ORIENTED_EDGE('',*,*,#7453,.F.);
#8081 = PLANE('',#8082);
#8082 = AXIS2_PLACEMENT_3D('',#8083,#8084,#8085);
#8083 = CARTESIAN_POINT('',(37.95,56.65,5.4));
#8084 = DIRECTION('',(-0.,1.,0.));
#8085 = DIRECTION('',(0.,0.,1.));
#8086 = ADVANCED_FACE('',(#8087),#8105,.T.);
#8087 = FACE_BOUND('',#8088,.T.);
#8088 = EDGE_LOOP('',(#8089,#8097,#8103,#8104));
#8089 = ORIENTED_EDGE('',*,*,#8090,.F.);
#8090 = EDGE_CURVE('',#8091,#7438,#8093,.T.);
#8091 = VERTEX_POINT('',#8092);
#8092 = CARTESIAN_POINT('',(37.95,55.35,5.4));
#8093 = LINE('',#8094,#8095);
#8094 = CARTESIAN_POINT('',(37.95,55.35,5.4));
#8095 = VECTOR('',#8096,1.);
#8096 = DIRECTION('',(0.,0.,1.));
#8097 = ORIENTED_EDGE('',*,*,#8098,.T.);
#8098 = EDGE_CURVE('',#8091,#8068,#8099,.T.);
#8099 = LINE('',#8100,#8101);
#8100 = CARTESIAN_POINT('',(37.95,55.35,5.4));
#8101 = VECTOR('',#8102,1.);
#8102 = DIRECTION('',(-0.,1.,0.));
#8103 = ORIENTED_EDGE('',*,*,#8075,.T.);
#8104 = ORIENTED_EDGE('',*,*,#7445,.F.);
#8105 = PLANE('',#8106);
#8106 = AXIS2_PLACEMENT_3D('',#8107,#8108,#8109);
#8107 = CARTESIAN_POINT('',(37.95,55.35,5.4));
#8108 = DIRECTION('',(1.,0.,-0.));
#8109 = DIRECTION('',(0.,0.,1.));
#8110 = ADVANCED_FACE('',(#8111),#8129,.T.);
#8111 = FACE_BOUND('',#8112,.T.);
#8112 = EDGE_LOOP('',(#8113,#8121,#8127,#8128));
#8113 = ORIENTED_EDGE('',*,*,#8114,.T.);
#8114 = EDGE_CURVE('',#7430,#8115,#8117,.T.);
#8115 = VERTEX_POINT('',#8116);
#8116 = CARTESIAN_POINT('',(39.35,55.35,5.4));
#8117 = LINE('',#8118,#8119);
#8118 = CARTESIAN_POINT('',(39.35,55.35,5.4));
#8119 = VECTOR('',#8120,1.);
#8120 = DIRECTION('',(-0.,0.,-1.));
#8121 = ORIENTED_EDGE('',*,*,#8122,.F.);
#8122 = EDGE_CURVE('',#8091,#8115,#8123,.T.);
#8123 = LINE('',#8124,#8125);
#8124 = CARTESIAN_POINT('',(37.95,55.35,5.4));
#8125 = VECTOR('',#8126,1.);
#8126 = DIRECTION('',(1.,0.,-0.));
#8127 = ORIENTED_EDGE('',*,*,#8090,.T.);
#8128 = ORIENTED_EDGE('',*,*,#7437,.F.);
#8129 = PLANE('',#8130);
#8130 = AXIS2_PLACEMENT_3D('',#8131,#8132,#8133);
#8131 = CARTESIAN_POINT('',(37.95,55.35,5.4));
#8132 = DIRECTION('',(-0.,1.,0.));
#8133 = DIRECTION('',(0.,0.,1.));
#8134 = ADVANCED_FACE('',(#8135),#8153,.T.);
#8135 = FACE_BOUND('',#8136,.T.);
#8136 = EDGE_LOOP('',(#8137,#8145,#8151,#8152));
#8137 = ORIENTED_EDGE('',*,*,#8138,.F.);
#8138 = EDGE_CURVE('',#8139,#7422,#8141,.T.);
#8139 = VERTEX_POINT('',#8140);
#8140 = CARTESIAN_POINT('',(39.35,53.95,5.4));
#8141 = LINE('',#8142,#8143);
#8142 = CARTESIAN_POINT('',(39.35,53.95,5.4));
#8143 = VECTOR('',#8144,1.);
#8144 = DIRECTION('',(0.,0.,1.));
#8145 = ORIENTED_EDGE('',*,*,#8146,.T.);
#8146 = EDGE_CURVE('',#8139,#8115,#8147,.T.);
#8147 = LINE('',#8148,#8149);
#8148 = CARTESIAN_POINT('',(39.35,53.95,5.4));
#8149 = VECTOR('',#8150,1.);
#8150 = DIRECTION('',(-0.,1.,0.));
#8151 = ORIENTED_EDGE('',*,*,#8114,.F.);
#8152 = ORIENTED_EDGE('',*,*,#7429,.F.);
#8153 = PLANE('',#8154);
#8154 = AXIS2_PLACEMENT_3D('',#8155,#8156,#8157);
#8155 = CARTESIAN_POINT('',(39.35,53.95,5.4));
#8156 = DIRECTION('',(1.,0.,-0.));
#8157 = DIRECTION('',(0.,0.,1.));
#8158 = ADVANCED_FACE('',(#8159),#8177,.T.);
#8159 = FACE_BOUND('',#8160,.T.);
#8160 = EDGE_LOOP('',(#8161,#8169,#8175,#8176));
#8161 = ORIENTED_EDGE('',*,*,#8162,.F.);
#8162 = EDGE_CURVE('',#8163,#7414,#8165,.T.);
#8163 = VERTEX_POINT('',#8164);
#8164 = CARTESIAN_POINT('',(40.65,53.95,5.4));
#8165 = LINE('',#8166,#8167);
#8166 = CARTESIAN_POINT('',(40.65,53.95,5.4));
#8167 = VECTOR('',#8168,1.);
#8168 = DIRECTION('',(0.,0.,1.));
#8169 = ORIENTED_EDGE('',*,*,#8170,.F.);
#8170 = EDGE_CURVE('',#8139,#8163,#8171,.T.);
#8171 = LINE('',#8172,#8173);
#8172 = CARTESIAN_POINT('',(39.35,53.95,5.4));
#8173 = VECTOR('',#8174,1.);
#8174 = DIRECTION('',(1.,0.,-0.));
#8175 = ORIENTED_EDGE('',*,*,#8138,.T.);
#8176 = ORIENTED_EDGE('',*,*,#7421,.F.);
#8177 = PLANE('',#8178);
#8178 = AXIS2_PLACEMENT_3D('',#8179,#8180,#8181);
#8179 = CARTESIAN_POINT('',(39.35,53.95,5.4));
#8180 = DIRECTION('',(-0.,1.,0.));
#8181 = DIRECTION('',(0.,0.,1.));
#8182 = ADVANCED_FACE('',(#8183),#8201,.F.);
#8183 = FACE_BOUND('',#8184,.F.);
#8184 = EDGE_LOOP('',(#8185,#8186,#8194,#8200));
#8185 = ORIENTED_EDGE('',*,*,#8162,.F.);
#8186 = ORIENTED_EDGE('',*,*,#8187,.T.);
#8187 = EDGE_CURVE('',#8163,#8188,#8190,.T.);
#8188 = VERTEX_POINT('',#8189);
#8189 = CARTESIAN_POINT('',(40.65,55.35,5.4));
#8190 = LINE('',#8191,#8192);
#8191 = CARTESIAN_POINT('',(40.65,53.95,5.4));
#8192 = VECTOR('',#8193,1.);
#8193 = DIRECTION('',(-0.,1.,0.));
#8194 = ORIENTED_EDGE('',*,*,#8195,.F.);
#8195 = EDGE_CURVE('',#7406,#8188,#8196,.T.);
#8196 = LINE('',#8197,#8198);
#8197 = CARTESIAN_POINT('',(40.65,55.35,5.4));
#8198 = VECTOR('',#8199,1.);
#8199 = DIRECTION('',(-0.,0.,-1.));
#8200 = ORIENTED_EDGE('',*,*,#7413,.F.);
#8201 = PLANE('',#8202);
#8202 = AXIS2_PLACEMENT_3D('',#8203,#8204,#8205);
#8203 = CARTESIAN_POINT('',(40.65,53.95,5.4));
#8204 = DIRECTION('',(1.,0.,-0.));
#8205 = DIRECTION('',(0.,0.,1.));
#8206 = ADVANCED_FACE('',(#8207),#8218,.T.);
#8207 = FACE_BOUND('',#8208,.T.);
#8208 = EDGE_LOOP('',(#8209,#8210,#8216,#8217));
#8209 = ORIENTED_EDGE('',*,*,#7939,.F.);
#8210 = ORIENTED_EDGE('',*,*,#8211,.F.);
#8211 = EDGE_CURVE('',#8188,#7940,#8212,.T.);
#8212 = LINE('',#8213,#8214);
#8213 = CARTESIAN_POINT('',(37.95,55.35,5.4));
#8214 = VECTOR('',#8215,1.);
#8215 = DIRECTION('',(1.,0.,-0.));
#8216 = ORIENTED_EDGE('',*,*,#8195,.F.);
#8217 = ORIENTED_EDGE('',*,*,#7405,.F.);
#8218 = PLANE('',#8219);
#8219 = AXIS2_PLACEMENT_3D('',#8220,#8221,#8222);
#8220 = CARTESIAN_POINT('',(37.95,55.35,5.4));
#8221 = DIRECTION('',(-0.,1.,0.));
#8222 = DIRECTION('',(0.,0.,1.));
#8223 = ADVANCED_FACE('',(#8224),#8249,.F.);
#8224 = FACE_BOUND('',#8225,.F.);
#8225 = EDGE_LOOP('',(#8226,#8234,#8242,#8248));
#8226 = ORIENTED_EDGE('',*,*,#8227,.F.);
#8227 = EDGE_CURVE('',#8228,#7521,#8230,.T.);
#8228 = VERTEX_POINT('',#8229);
#8229 = CARTESIAN_POINT('',(68.05,55.35,5.4));
#8230 = LINE('',#8231,#8232);
#8231 = CARTESIAN_POINT('',(68.05,55.35,5.4));
#8232 = VECTOR('',#8233,1.);
#8233 = DIRECTION('',(0.,0.,1.));
#8234 = ORIENTED_EDGE('',*,*,#8235,.T.);
#8235 = EDGE_CURVE('',#8228,#8236,#8238,.T.);
#8236 = VERTEX_POINT('',#8237);
#8237 = CARTESIAN_POINT('',(68.05,56.65,5.4));
#8238 = LINE('',#8239,#8240);
#8239 = CARTESIAN_POINT('',(68.05,55.35,5.4));
#8240 = VECTOR('',#8241,1.);
#8241 = DIRECTION('',(-0.,1.,0.));
#8242 = ORIENTED_EDGE('',*,*,#8243,.T.);
#8243 = EDGE_CURVE('',#8236,#7523,#8244,.T.);
#8244 = LINE('',#8245,#8246);
#8245 = CARTESIAN_POINT('',(68.05,56.65,5.4));
#8246 = VECTOR('',#8247,1.);
#8247 = DIRECTION('',(0.,0.,1.));
#8248 = ORIENTED_EDGE('',*,*,#7520,.F.);
#8249 = PLANE('',#8250);
#8250 = AXIS2_PLACEMENT_3D('',#8251,#8252,#8253);
#8251 = CARTESIAN_POINT('',(68.05,55.35,5.4));
#8252 = DIRECTION('',(1.,0.,-0.));
#8253 = DIRECTION('',(0.,0.,1.));
#8254 = ADVANCED_FACE('',(#8255),#8273,.F.);
#8255 = FACE_BOUND('',#8256,.F.);
#8256 = EDGE_LOOP('',(#8257,#8258,#8266,#8272));
#8257 = ORIENTED_EDGE('',*,*,#8243,.F.);
#8258 = ORIENTED_EDGE('',*,*,#8259,.F.);
#8259 = EDGE_CURVE('',#8260,#8236,#8262,.T.);
#8260 = VERTEX_POINT('',#8261);
#8261 = CARTESIAN_POINT('',(66.65,56.65,5.4));
#8262 = LINE('',#8263,#8264);
#8263 = CARTESIAN_POINT('',(63.95,56.65,5.4));
#8264 = VECTOR('',#8265,1.);
#8265 = DIRECTION('',(1.,0.,-0.));
#8266 = ORIENTED_EDGE('',*,*,#8267,.F.);
#8267 = EDGE_CURVE('',#7603,#8260,#8268,.T.);
#8268 = LINE('',#8269,#8270);
#8269 = CARTESIAN_POINT('',(66.65,56.65,5.4));
#8270 = VECTOR('',#8271,1.);
#8271 = DIRECTION('',(-0.,0.,-1.));
#8272 = ORIENTED_EDGE('',*,*,#7610,.F.);
#8273 = PLANE('',#8274);
#8274 = AXIS2_PLACEMENT_3D('',#8275,#8276,#8277);
#8275 = CARTESIAN_POINT('',(63.95,56.65,5.4));
#8276 = DIRECTION('',(-0.,1.,0.));
#8277 = DIRECTION('',(0.,0.,1.));
#8278 = ADVANCED_FACE('',(#8279),#8297,.F.);
#8279 = FACE_BOUND('',#8280,.F.);
#8280 = EDGE_LOOP('',(#8281,#8282,#8290,#8296));
#8281 = ORIENTED_EDGE('',*,*,#8267,.T.);
#8282 = ORIENTED_EDGE('',*,*,#8283,.T.);
#8283 = EDGE_CURVE('',#8260,#8284,#8286,.T.);
#8284 = VERTEX_POINT('',#8285);
#8285 = CARTESIAN_POINT('',(66.65,58.05,5.4));
#8286 = LINE('',#8287,#8288);
#8287 = CARTESIAN_POINT('',(66.65,53.95,5.4));
#8288 = VECTOR('',#8289,1.);
#8289 = DIRECTION('',(-0.,1.,0.));
#8290 = ORIENTED_EDGE('',*,*,#8291,.T.);
#8291 = EDGE_CURVE('',#8284,#7595,#8292,.T.);
#8292 = LINE('',#8293,#8294);
#8293 = CARTESIAN_POINT('',(66.65,58.05,5.4));
#8294 = VECTOR('',#8295,1.);
#8295 = DIRECTION('',(0.,0.,1.));
#8296 = ORIENTED_EDGE('',*,*,#7602,.F.);
#8297 = PLANE('',#8298);
#8298 = AXIS2_PLACEMENT_3D('',#8299,#8300,#8301);
#8299 = CARTESIAN_POINT('',(66.65,53.95,5.4));
#8300 = DIRECTION('',(1.,0.,-0.));
#8301 = DIRECTION('',(0.,0.,1.));
#8302 = ADVANCED_FACE('',(#8303),#8321,.F.);
#8303 = FACE_BOUND('',#8304,.F.);
#8304 = EDGE_LOOP('',(#8305,#8306,#8314,#8320));
#8305 = ORIENTED_EDGE('',*,*,#8291,.F.);
#8306 = ORIENTED_EDGE('',*,*,#8307,.F.);
#8307 = EDGE_CURVE('',#8308,#8284,#8310,.T.);
#8308 = VERTEX_POINT('',#8309);
#8309 = CARTESIAN_POINT('',(65.35,58.05,5.4));
#8310 = LINE('',#8311,#8312);
#8311 = CARTESIAN_POINT('',(65.35,58.05,5.4));
#8312 = VECTOR('',#8313,1.);
#8313 = DIRECTION('',(1.,0.,-0.));
#8314 = ORIENTED_EDGE('',*,*,#8315,.T.);
#8315 = EDGE_CURVE('',#8308,#7587,#8316,.T.);
#8316 = LINE('',#8317,#8318);
#8317 = CARTESIAN_POINT('',(65.35,58.05,5.4));
#8318 = VECTOR('',#8319,1.);
#8319 = DIRECTION('',(0.,0.,1.));
#8320 = ORIENTED_EDGE('',*,*,#7594,.F.);
#8321 = PLANE('',#8322);
#8322 = AXIS2_PLACEMENT_3D('',#8323,#8324,#8325);
#8323 = CARTESIAN_POINT('',(65.35,58.05,5.4));
#8324 = DIRECTION('',(-0.,1.,0.));
#8325 = DIRECTION('',(0.,0.,1.));
#8326 = ADVANCED_FACE('',(#8327),#8345,.T.);
#8327 = FACE_BOUND('',#8328,.T.);
#8328 = EDGE_LOOP('',(#8329,#8337,#8343,#8344));
#8329 = ORIENTED_EDGE('',*,*,#8330,.T.);
#8330 = EDGE_CURVE('',#7579,#8331,#8333,.T.);
#8331 = VERTEX_POINT('',#8332);
#8332 = CARTESIAN_POINT('',(65.35,56.65,5.4));
#8333 = LINE('',#8334,#8335);
#8334 = CARTESIAN_POINT('',(65.35,56.65,5.4));
#8335 = VECTOR('',#8336,1.);
#8336 = DIRECTION('',(-0.,0.,-1.));
#8337 = ORIENTED_EDGE('',*,*,#8338,.T.);
#8338 = EDGE_CURVE('',#8331,#8308,#8339,.T.);
#8339 = LINE('',#8340,#8341);
#8340 = CARTESIAN_POINT('',(65.35,53.95,5.4));
#8341 = VECTOR('',#8342,1.);
#8342 = DIRECTION('',(-0.,1.,0.));
#8343 = ORIENTED_EDGE('',*,*,#8315,.T.);
#8344 = ORIENTED_EDGE('',*,*,#7586,.F.);
#8345 = PLANE('',#8346);
#8346 = AXIS2_PLACEMENT_3D('',#8347,#8348,#8349);
#8347 = CARTESIAN_POINT('',(65.35,53.95,5.4));
#8348 = DIRECTION('',(1.,0.,-0.));
#8349 = DIRECTION('',(0.,0.,1.));
#8350 = ADVANCED_FACE('',(#8351),#8369,.F.);
#8351 = FACE_BOUND('',#8352,.F.);
#8352 = EDGE_LOOP('',(#8353,#8354,#8362,#8368));
#8353 = ORIENTED_EDGE('',*,*,#8330,.T.);
#8354 = ORIENTED_EDGE('',*,*,#8355,.F.);
#8355 = EDGE_CURVE('',#8356,#8331,#8358,.T.);
#8356 = VERTEX_POINT('',#8357);
#8357 = CARTESIAN_POINT('',(63.95,56.65,5.4));
#8358 = LINE('',#8359,#8360);
#8359 = CARTESIAN_POINT('',(63.95,56.65,5.4));
#8360 = VECTOR('',#8361,1.);
#8361 = DIRECTION('',(1.,0.,-0.));
#8362 = ORIENTED_EDGE('',*,*,#8363,.T.);
#8363 = EDGE_CURVE('',#8356,#7571,#8364,.T.);
#8364 = LINE('',#8365,#8366);
#8365 = CARTESIAN_POINT('',(63.95,56.65,5.4));
#8366 = VECTOR('',#8367,1.);
#8367 = DIRECTION('',(0.,0.,1.));
#8368 = ORIENTED_EDGE('',*,*,#7578,.F.);
#8369 = PLANE('',#8370);
#8370 = AXIS2_PLACEMENT_3D('',#8371,#8372,#8373);
#8371 = CARTESIAN_POINT('',(63.95,56.65,5.4));
#8372 = DIRECTION('',(-0.,1.,0.));
#8373 = DIRECTION('',(0.,0.,1.));
#8374 = ADVANCED_FACE('',(#8375),#8393,.T.);
#8375 = FACE_BOUND('',#8376,.T.);
#8376 = EDGE_LOOP('',(#8377,#8385,#8391,#8392));
#8377 = ORIENTED_EDGE('',*,*,#8378,.F.);
#8378 = EDGE_CURVE('',#8379,#7563,#8381,.T.);
#8379 = VERTEX_POINT('',#8380);
#8380 = CARTESIAN_POINT('',(63.95,55.35,5.4));
#8381 = LINE('',#8382,#8383);
#8382 = CARTESIAN_POINT('',(63.95,55.35,5.4));
#8383 = VECTOR('',#8384,1.);
#8384 = DIRECTION('',(0.,0.,1.));
#8385 = ORIENTED_EDGE('',*,*,#8386,.T.);
#8386 = EDGE_CURVE('',#8379,#8356,#8387,.T.);
#8387 = LINE('',#8388,#8389);
#8388 = CARTESIAN_POINT('',(63.95,55.35,5.4));
#8389 = VECTOR('',#8390,1.);
#8390 = DIRECTION('',(-0.,1.,0.));
#8391 = ORIENTED_EDGE('',*,*,#8363,.T.);
#8392 = ORIENTED_EDGE('',*,*,#7570,.F.);
#8393 = PLANE('',#8394);
#8394 = AXIS2_PLACEMENT_3D('',#8395,#8396,#8397);
#8395 = CARTESIAN_POINT('',(63.95,55.35,5.4));
#8396 = DIRECTION('',(1.,0.,-0.));
#8397 = DIRECTION('',(0.,0.,1.));
#8398 = ADVANCED_FACE('',(#8399),#8417,.T.);
#8399 = FACE_BOUND('',#8400,.T.);
#8400 = EDGE_LOOP('',(#8401,#8409,#8415,#8416));
#8401 = ORIENTED_EDGE('',*,*,#8402,.T.);
#8402 = EDGE_CURVE('',#7555,#8403,#8405,.T.);
#8403 = VERTEX_POINT('',#8404);
#8404 = CARTESIAN_POINT('',(65.35,55.35,5.4));
#8405 = LINE('',#8406,#8407);
#8406 = CARTESIAN_POINT('',(65.35,55.35,5.4));
#8407 = VECTOR('',#8408,1.);
#8408 = DIRECTION('',(-0.,0.,-1.));
#8409 = ORIENTED_EDGE('',*,*,#8410,.F.);
#8410 = EDGE_CURVE('',#8379,#8403,#8411,.T.);
#8411 = LINE('',#8412,#8413);
#8412 = CARTESIAN_POINT('',(63.95,55.35,5.4));
#8413 = VECTOR('',#8414,1.);
#8414 = DIRECTION('',(1.,0.,-0.));
#8415 = ORIENTED_EDGE('',*,*,#8378,.T.);
#8416 = ORIENTED_EDGE('',*,*,#7562,.F.);
#8417 = PLANE('',#8418);
#8418 = AXIS2_PLACEMENT_3D('',#8419,#8420,#8421);
#8419 = CARTESIAN_POINT('',(63.95,55.35,5.4));
#8420 = DIRECTION('',(-0.,1.,0.));
#8421 = DIRECTION('',(0.,0.,1.));
#8422 = ADVANCED_FACE('',(#8423),#8441,.T.);
#8423 = FACE_BOUND('',#8424,.T.);
#8424 = EDGE_LOOP('',(#8425,#8433,#8439,#8440));
#8425 = ORIENTED_EDGE('',*,*,#8426,.F.);
#8426 = EDGE_CURVE('',#8427,#7547,#8429,.T.);
#8427 = VERTEX_POINT('',#8428);
#8428 = CARTESIAN_POINT('',(65.35,53.95,5.4));
#8429 = LINE('',#8430,#8431);
#8430 = CARTESIAN_POINT('',(65.35,53.95,5.4));
#8431 = VECTOR('',#8432,1.);
#8432 = DIRECTION('',(0.,0.,1.));
#8433 = ORIENTED_EDGE('',*,*,#8434,.T.);
#8434 = EDGE_CURVE('',#8427,#8403,#8435,.T.);
#8435 = LINE('',#8436,#8437);
#8436 = CARTESIAN_POINT('',(65.35,53.95,5.4));
#8437 = VECTOR('',#8438,1.);
#8438 = DIRECTION('',(-0.,1.,0.));
#8439 = ORIENTED_EDGE('',*,*,#8402,.F.);
#8440 = ORIENTED_EDGE('',*,*,#7554,.F.);
#8441 = PLANE('',#8442);
#8442 = AXIS2_PLACEMENT_3D('',#8443,#8444,#8445);
#8443 = CARTESIAN_POINT('',(65.35,53.95,5.4));
#8444 = DIRECTION('',(1.,0.,-0.));
#8445 = DIRECTION('',(0.,0.,1.));
#8446 = ADVANCED_FACE('',(#8447),#8465,.T.);
#8447 = FACE_BOUND('',#8448,.T.);
#8448 = EDGE_LOOP('',(#8449,#8457,#8463,#8464));
#8449 = ORIENTED_EDGE('',*,*,#8450,.F.);
#8450 = EDGE_CURVE('',#8451,#7539,#8453,.T.);
#8451 = VERTEX_POINT('',#8452);
#8452 = CARTESIAN_POINT('',(66.65,53.95,5.4));
#8453 = LINE('',#8454,#8455);
#8454 = CARTESIAN_POINT('',(66.65,53.95,5.4));
#8455 = VECTOR('',#8456,1.);
#8456 = DIRECTION('',(0.,0.,1.));
#8457 = ORIENTED_EDGE('',*,*,#8458,.F.);
#8458 = EDGE_CURVE('',#8427,#8451,#8459,.T.);
#8459 = LINE('',#8460,#8461);
#8460 = CARTESIAN_POINT('',(65.35,53.95,5.4));
#8461 = VECTOR('',#8462,1.);
#8462 = DIRECTION('',(1.,0.,-0.));
#8463 = ORIENTED_EDGE('',*,*,#8426,.T.);
#8464 = ORIENTED_EDGE('',*,*,#7546,.F.);
#8465 = PLANE('',#8466);
#8466 = AXIS2_PLACEMENT_3D('',#8467,#8468,#8469);
#8467 = CARTESIAN_POINT('',(65.35,53.95,5.4));
#8468 = DIRECTION('',(-0.,1.,0.));
#8469 = DIRECTION('',(0.,0.,1.));
#8470 = ADVANCED_FACE('',(#8471),#8489,.F.);
#8471 = FACE_BOUND('',#8472,.F.);
#8472 = EDGE_LOOP('',(#8473,#8474,#8482,#8488));
#8473 = ORIENTED_EDGE('',*,*,#8450,.F.);
#8474 = ORIENTED_EDGE('',*,*,#8475,.T.);
#8475 = EDGE_CURVE('',#8451,#8476,#8478,.T.);
#8476 = VERTEX_POINT('',#8477);
#8477 = CARTESIAN_POINT('',(66.65,55.35,5.4));
#8478 = LINE('',#8479,#8480);
#8479 = CARTESIAN_POINT('',(66.65,53.95,5.4));
#8480 = VECTOR('',#8481,1.);
#8481 = DIRECTION('',(-0.,1.,0.));
#8482 = ORIENTED_EDGE('',*,*,#8483,.F.);
#8483 = EDGE_CURVE('',#7531,#8476,#8484,.T.);
#8484 = LINE('',#8485,#8486);
#8485 = CARTESIAN_POINT('',(66.65,55.35,5.4));
#8486 = VECTOR('',#8487,1.);
#8487 = DIRECTION('',(-0.,0.,-1.));
#8488 = ORIENTED_EDGE('',*,*,#7538,.F.);
#8489 = PLANE('',#8490);
#8490 = AXIS2_PLACEMENT_3D('',#8491,#8492,#8493);
#8491 = CARTESIAN_POINT('',(66.65,53.95,5.4));
#8492 = DIRECTION('',(1.,0.,-0.));
#8493 = DIRECTION('',(0.,0.,1.));
#8494 = ADVANCED_FACE('',(#8495),#8506,.T.);
#8495 = FACE_BOUND('',#8496,.T.);
#8496 = EDGE_LOOP('',(#8497,#8498,#8504,#8505));
#8497 = ORIENTED_EDGE('',*,*,#8227,.F.);
#8498 = ORIENTED_EDGE('',*,*,#8499,.F.);
#8499 = EDGE_CURVE('',#8476,#8228,#8500,.T.);
#8500 = LINE('',#8501,#8502);
#8501 = CARTESIAN_POINT('',(63.95,55.35,5.4));
#8502 = VECTOR('',#8503,1.);
#8503 = DIRECTION('',(1.,0.,-0.));
#8504 = ORIENTED_EDGE('',*,*,#8483,.F.);
#8505 = ORIENTED_EDGE('',*,*,#7530,.F.);
#8506 = PLANE('',#8507);
#8507 = AXIS2_PLACEMENT_3D('',#8508,#8509,#8510);
#8508 = CARTESIAN_POINT('',(63.95,55.35,5.4));
#8509 = DIRECTION('',(-0.,1.,0.));
#8510 = DIRECTION('',(0.,0.,1.));
#8511 = ADVANCED_FACE('',(#8512),#8526,.T.);
#8512 = FACE_BOUND('',#8513,.T.);
#8513 = EDGE_LOOP('',(#8514,#8515,#8516,#8517,#8518,#8519,#8520,#8521,
    #8522,#8523,#8524,#8525));
#8514 = ORIENTED_EDGE('',*,*,#7683,.F.);
#8515 = ORIENTED_EDGE('',*,*,#7707,.T.);
#8516 = ORIENTED_EDGE('',*,*,#7731,.F.);
#8517 = ORIENTED_EDGE('',*,*,#7762,.F.);
#8518 = ORIENTED_EDGE('',*,*,#7779,.F.);
#8519 = ORIENTED_EDGE('',*,*,#7810,.F.);
#8520 = ORIENTED_EDGE('',*,*,#7834,.T.);
#8521 = ORIENTED_EDGE('',*,*,#7858,.F.);
#8522 = ORIENTED_EDGE('',*,*,#7882,.T.);
#8523 = ORIENTED_EDGE('',*,*,#7899,.T.);
#8524 = ORIENTED_EDGE('',*,*,#7923,.T.);
#8525 = ORIENTED_EDGE('',*,*,#7659,.T.);
#8526 = PLANE('',#8527);
#8527 = AXIS2_PLACEMENT_3D('',#8528,#8529,#8530);
#8528 = CARTESIAN_POINT('',(14.,56.,5.4));
#8529 = DIRECTION('',(0.,0.,1.));
#8530 = DIRECTION('',(1.,0.,-0.));
#8531 = ADVANCED_FACE('',(#8532),#8546,.T.);
#8532 = FACE_BOUND('',#8533,.T.);
#8533 = EDGE_LOOP('',(#8534,#8535,#8536,#8537,#8538,#8539,#8540,#8541,
    #8542,#8543,#8544,#8545));
#8534 = ORIENTED_EDGE('',*,*,#7971,.F.);
#8535 = ORIENTED_EDGE('',*,*,#7995,.T.);
#8536 = ORIENTED_EDGE('',*,*,#8019,.F.);
#8537 = ORIENTED_EDGE('',*,*,#8050,.F.);
#8538 = ORIENTED_EDGE('',*,*,#8067,.F.);
#8539 = ORIENTED_EDGE('',*,*,#8098,.F.);
#8540 = ORIENTED_EDGE('',*,*,#8122,.T.);
#8541 = ORIENTED_EDGE('',*,*,#8146,.F.);
#8542 = ORIENTED_EDGE('',*,*,#8170,.T.);
#8543 = ORIENTED_EDGE('',*,*,#8187,.T.);
#8544 = ORIENTED_EDGE('',*,*,#8211,.T.);
#8545 = ORIENTED_EDGE('',*,*,#7947,.T.);
#8546 = PLANE('',#8547);
#8547 = AXIS2_PLACEMENT_3D('',#8548,#8549,#8550);
#8548 = CARTESIAN_POINT('',(40.,56.,5.4));
#8549 = DIRECTION('',(0.,0.,1.));
#8550 = DIRECTION('',(1.,0.,-0.));
#8551 = ADVANCED_FACE('',(#8552),#8566,.T.);
#8552 = FACE_BOUND('',#8553,.T.);
#8553 = EDGE_LOOP('',(#8554,#8555,#8556,#8557,#8558,#8559,#8560,#8561,
    #8562,#8563,#8564,#8565));
#8554 = ORIENTED_EDGE('',*,*,#8259,.F.);
#8555 = ORIENTED_EDGE('',*,*,#8283,.T.);
#8556 = ORIENTED_EDGE('',*,*,#8307,.F.);
#8557 = ORIENTED_EDGE('',*,*,#8338,.F.);
#8558 = ORIENTED_EDGE('',*,*,#8355,.F.);
#8559 = ORIENTED_EDGE('',*,*,#8386,.F.);
#8560 = ORIENTED_EDGE('',*,*,#8410,.T.);
#8561 = ORIENTED_EDGE('',*,*,#8434,.F.);
#8562 = ORIENTED_EDGE('',*,*,#8458,.T.);
#8563 = ORIENTED_EDGE('',*,*,#8475,.T.);
#8564 = ORIENTED_EDGE('',*,*,#8499,.T.);
#8565 = ORIENTED_EDGE('',*,*,#8235,.T.);
#8566 = PLANE('',#8567);
#8567 = AXIS2_PLACEMENT_3D('',#8568,#8569,#8570);
#8568 = CARTESIAN_POINT('',(66.,56.,5.4));
#8569 = DIRECTION('',(0.,0.,1.));
#8570 = DIRECTION('',(1.,0.,-0.));
#8571 = MANIFOLD_SOLID_BREP('',#8572);
#8572 = CLOSED_SHELL('',(#8573,#8613,#8644,#9526,#9550,#10359,#10371,
    #10388,#10405,#10422,#10439,#10456,#10473,#10490,#10507,#10524,
    #10541,#10558,#10575,#10592,#10609,#10626,#10643,#10660,#10677,
    #10694,#10711,#10736,#10753,#10770,#10787,#10804,#10821,#10838,
    #10855,#10872,#10889,#10906,#10923,#10940,#10965,#10990,#11007,
    #11024,#11041,#11058,#11083,#11108,#11133,#11150,#11167,#11184,
    #11201,#11218,#11235,#11252,#11269,#11286,#11303,#11320,#11337,
    #11354,#11371,#11388,#11405,#11422,#11439,#11456,#11473,#11490,
    #11507,#11524,#11541,#11558,#11575,#11592,#11609,#11626,#11643,
    #11660,#11677,#11694,#11711,#11728,#11745,#11754,#11763,#11772,
    #11781,#11790));
#8573 = ADVANCED_FACE('',(#8574),#8608,.F.);
#8574 = FACE_BOUND('',#8575,.F.);
#8575 = EDGE_LOOP('',(#8576,#8586,#8594,#8602));
#8576 = ORIENTED_EDGE('',*,*,#8577,.F.);
#8577 = EDGE_CURVE('',#8578,#8580,#8582,.T.);
#8578 = VERTEX_POINT('',#8579);
#8579 = CARTESIAN_POINT('',(3.,64.,0.));
#8580 = VERTEX_POINT('',#8581);
#8581 = CARTESIAN_POINT('',(3.,64.,2.));
#8582 = LINE('',#8583,#8584);
#8583 = CARTESIAN_POINT('',(3.,64.,0.));
#8584 = VECTOR('',#8585,1.);
#8585 = DIRECTION('',(0.,0.,1.));
#8586 = ORIENTED_EDGE('',*,*,#8587,.T.);
#8587 = EDGE_CURVE('',#8578,#8588,#8590,.T.);
#8588 = VERTEX_POINT('',#8589);
#8589 = CARTESIAN_POINT('',(3.,78.,0.));
#8590 = LINE('',#8591,#8592);
#8591 = CARTESIAN_POINT('',(3.,64.,0.));
#8592 = VECTOR('',#8593,1.);
#8593 = DIRECTION('',(-0.,1.,0.));
#8594 = ORIENTED_EDGE('',*,*,#8595,.T.);
#8595 = EDGE_CURVE('',#8588,#8596,#8598,.T.);
#8596 = VERTEX_POINT('',#8597);
#8597 = CARTESIAN_POINT('',(3.,78.,2.));
#8598 = LINE('',#8599,#8600);
#8599 = CARTESIAN_POINT('',(3.,78.,0.));
#8600 = VECTOR('',#8601,1.);
#8601 = DIRECTION('',(0.,0.,1.));
#8602 = ORIENTED_EDGE('',*,*,#8603,.F.);
#8603 = EDGE_CURVE('',#8580,#8596,#8604,.T.);
#8604 = LINE('',#8605,#8606);
#8605 = CARTESIAN_POINT('',(3.,64.,2.));
#8606 = VECTOR('',#8607,1.);
#8607 = DIRECTION('',(-0.,1.,0.));
#8608 = PLANE('',#8609);
#8609 = AXIS2_PLACEMENT_3D('',#8610,#8611,#8612);
#8610 = CARTESIAN_POINT('',(3.,64.,0.));
#8611 = DIRECTION('',(1.,0.,-0.));
#8612 = DIRECTION('',(0.,0.,1.));
#8613 = ADVANCED_FACE('',(#8614),#8639,.F.);
#8614 = FACE_BOUND('',#8615,.F.);
#8615 = EDGE_LOOP('',(#8616,#8624,#8625,#8633));
#8616 = ORIENTED_EDGE('',*,*,#8617,.F.);
#8617 = EDGE_CURVE('',#8578,#8618,#8620,.T.);
#8618 = VERTEX_POINT('',#8619);
#8619 = CARTESIAN_POINT('',(77.,64.,0.));
#8620 = LINE('',#8621,#8622);
#8621 = CARTESIAN_POINT('',(3.,64.,0.));
#8622 = VECTOR('',#8623,1.);
#8623 = DIRECTION('',(1.,0.,-0.));
#8624 = ORIENTED_EDGE('',*,*,#8577,.T.);
#8625 = ORIENTED_EDGE('',*,*,#8626,.T.);
#8626 = EDGE_CURVE('',#8580,#8627,#8629,.T.);
#8627 = VERTEX_POINT('',#8628);
#8628 = CARTESIAN_POINT('',(77.,64.,2.));
#8629 = LINE('',#8630,#8631);
#8630 = CARTESIAN_POINT('',(3.,64.,2.));
#8631 = VECTOR('',#8632,1.);
#8632 = DIRECTION('',(1.,0.,-0.));
#8633 = ORIENTED_EDGE('',*,*,#8634,.F.);
#8634 = EDGE_CURVE('',#8618,#8627,#8635,.T.);
#8635 = LINE('',#8636,#8637);
#8636 = CARTESIAN_POINT('',(77.,64.,0.));
#8637 = VECTOR('',#8638,1.);
#8638 = DIRECTION('',(0.,0.,1.));
#8639 = PLANE('',#8640);
#8640 = AXIS2_PLACEMENT_3D('',#8641,#8642,#8643);
#8641 = CARTESIAN_POINT('',(3.,64.,0.));
#8642 = DIRECTION('',(-0.,1.,0.));
#8643 = DIRECTION('',(0.,0.,1.));
#8644 = ADVANCED_FACE('',(#8645,#8663,#8674,#8685,#8696,#8707,#8718,
    #8729,#8740,#8751,#8762,#8773,#8784,#8795,#8806,#8817,#8828,#8839,
    #8850,#8861,#8872,#8883,#8894,#8905,#8916,#8927,#8938,#8949,#8960,
    #8971,#8982,#8993,#9004,#9015,#9026,#9037,#9048,#9059,#9070,#9081,
    #9092,#9103,#9114,#9125,#9136,#9147,#9158,#9169,#9180,#9191,#9202,
    #9213,#9224,#9235,#9246,#9257,#9268,#9279,#9290,#9301,#9312,#9323,
    #9334,#9345,#9356,#9367,#9378,#9389,#9400,#9411,#9422,#9433,#9444,
    #9455,#9466,#9477,#9488,#9499,#9510),#9521,.T.);
#8645 = FACE_BOUND('',#8646,.T.);
#8646 = EDGE_LOOP('',(#8647,#8648,#8649,#8657));
#8647 = ORIENTED_EDGE('',*,*,#8603,.F.);
#8648 = ORIENTED_EDGE('',*,*,#8626,.T.);
#8649 = ORIENTED_EDGE('',*,*,#8650,.T.);
#8650 = EDGE_CURVE('',#8627,#8651,#8653,.T.);
#8651 = VERTEX_POINT('',#8652);
#8652 = CARTESIAN_POINT('',(77.,78.,2.));
#8653 = LINE('',#8654,#8655);
#8654 = CARTESIAN_POINT('',(77.,64.,2.));
#8655 = VECTOR('',#8656,1.);
#8656 = DIRECTION('',(-0.,1.,0.));
#8657 = ORIENTED_EDGE('',*,*,#8658,.F.);
#8658 = EDGE_CURVE('',#8596,#8651,#8659,.T.);
#8659 = LINE('',#8660,#8661);
#8660 = CARTESIAN_POINT('',(3.,78.,2.));
#8661 = VECTOR('',#8662,1.);
#8662 = DIRECTION('',(1.,0.,-0.));
#8663 = FACE_BOUND('',#8664,.T.);
#8664 = EDGE_LOOP('',(#8665));
#8665 = ORIENTED_EDGE('',*,*,#8666,.F.);
#8666 = EDGE_CURVE('',#8667,#8667,#8669,.T.);
#8667 = VERTEX_POINT('',#8668);
#8668 = CARTESIAN_POINT('',(8.05,67.,2.));
#8669 = CIRCLE('',#8670,0.45);
#8670 = AXIS2_PLACEMENT_3D('',#8671,#8672,#8673);
#8671 = CARTESIAN_POINT('',(7.6,67.,2.));
#8672 = DIRECTION('',(0.,0.,1.));
#8673 = DIRECTION('',(1.,0.,-0.));
#8674 = FACE_BOUND('',#8675,.T.);
#8675 = EDGE_LOOP('',(#8676));
#8676 = ORIENTED_EDGE('',*,*,#8677,.F.);
#8677 = EDGE_CURVE('',#8678,#8678,#8680,.T.);
#8678 = VERTEX_POINT('',#8679);
#8679 = CARTESIAN_POINT('',(9.65,67.,2.));
#8680 = CIRCLE('',#8681,0.45);
#8681 = AXIS2_PLACEMENT_3D('',#8682,#8683,#8684);
#8682 = CARTESIAN_POINT('',(9.2,67.,2.));
#8683 = DIRECTION('',(0.,0.,1.));
#8684 = DIRECTION('',(1.,0.,-0.));
#8685 = FACE_BOUND('',#8686,.T.);
#8686 = EDGE_LOOP('',(#8687));
#8687 = ORIENTED_EDGE('',*,*,#8688,.F.);
#8688 = EDGE_CURVE('',#8689,#8689,#8691,.T.);
#8689 = VERTEX_POINT('',#8690);
#8690 = CARTESIAN_POINT('',(11.25,67.,2.));
#8691 = CIRCLE('',#8692,0.45);
#8692 = AXIS2_PLACEMENT_3D('',#8693,#8694,#8695);
#8693 = CARTESIAN_POINT('',(10.8,67.,2.));
#8694 = DIRECTION('',(0.,0.,1.));
#8695 = DIRECTION('',(1.,0.,-0.));
#8696 = FACE_BOUND('',#8697,.T.);
#8697 = EDGE_LOOP('',(#8698));
#8698 = ORIENTED_EDGE('',*,*,#8699,.F.);
#8699 = EDGE_CURVE('',#8700,#8700,#8702,.T.);
#8700 = VERTEX_POINT('',#8701);
#8701 = CARTESIAN_POINT('',(12.85,67.,2.));
#8702 = CIRCLE('',#8703,0.45);
#8703 = AXIS2_PLACEMENT_3D('',#8704,#8705,#8706);
#8704 = CARTESIAN_POINT('',(12.4,67.,2.));
#8705 = DIRECTION('',(0.,0.,1.));
#8706 = DIRECTION('',(1.,0.,-0.));
#8707 = FACE_BOUND('',#8708,.T.);
#8708 = EDGE_LOOP('',(#8709));
#8709 = ORIENTED_EDGE('',*,*,#8710,.F.);
#8710 = EDGE_CURVE('',#8711,#8711,#8713,.T.);
#8711 = VERTEX_POINT('',#8712);
#8712 = CARTESIAN_POINT('',(8.05,68.6,2.));
#8713 = CIRCLE('',#8714,0.45);
#8714 = AXIS2_PLACEMENT_3D('',#8715,#8716,#8717);
#8715 = CARTESIAN_POINT('',(7.6,68.6,2.));
#8716 = DIRECTION('',(0.,0.,1.));
#8717 = DIRECTION('',(1.,0.,-0.));
#8718 = FACE_BOUND('',#8719,.T.);
#8719 = EDGE_LOOP('',(#8720));
#8720 = ORIENTED_EDGE('',*,*,#8721,.F.);
#8721 = EDGE_CURVE('',#8722,#8722,#8724,.T.);
#8722 = VERTEX_POINT('',#8723);
#8723 = CARTESIAN_POINT('',(9.65,68.6,2.));
#8724 = CIRCLE('',#8725,0.45);
#8725 = AXIS2_PLACEMENT_3D('',#8726,#8727,#8728);
#8726 = CARTESIAN_POINT('',(9.2,68.6,2.));
#8727 = DIRECTION('',(0.,0.,1.));
#8728 = DIRECTION('',(1.,0.,-0.));
#8729 = FACE_BOUND('',#8730,.T.);
#8730 = EDGE_LOOP('',(#8731));
#8731 = ORIENTED_EDGE('',*,*,#8732,.F.);
#8732 = EDGE_CURVE('',#8733,#8733,#8735,.T.);
#8733 = VERTEX_POINT('',#8734);
#8734 = CARTESIAN_POINT('',(11.25,68.6,2.));
#8735 = CIRCLE('',#8736,0.45);
#8736 = AXIS2_PLACEMENT_3D('',#8737,#8738,#8739);
#8737 = CARTESIAN_POINT('',(10.8,68.6,2.));
#8738 = DIRECTION('',(0.,0.,1.));
#8739 = DIRECTION('',(1.,0.,-0.));
#8740 = FACE_BOUND('',#8741,.T.);
#8741 = EDGE_LOOP('',(#8742));
#8742 = ORIENTED_EDGE('',*,*,#8743,.F.);
#8743 = EDGE_CURVE('',#8744,#8744,#8746,.T.);
#8744 = VERTEX_POINT('',#8745);
#8745 = CARTESIAN_POINT('',(12.85,68.6,2.));
#8746 = CIRCLE('',#8747,0.45);
#8747 = AXIS2_PLACEMENT_3D('',#8748,#8749,#8750);
#8748 = CARTESIAN_POINT('',(12.4,68.6,2.));
#8749 = DIRECTION('',(0.,0.,1.));
#8750 = DIRECTION('',(1.,0.,-0.));
#8751 = FACE_BOUND('',#8752,.T.);
#8752 = EDGE_LOOP('',(#8753));
#8753 = ORIENTED_EDGE('',*,*,#8754,.F.);
#8754 = EDGE_CURVE('',#8755,#8755,#8757,.T.);
#8755 = VERTEX_POINT('',#8756);
#8756 = CARTESIAN_POINT('',(34.1,67.,2.));
#8757 = CIRCLE('',#8758,0.5);
#8758 = AXIS2_PLACEMENT_3D('',#8759,#8760,#8761);
#8759 = CARTESIAN_POINT('',(33.6,67.,2.));
#8760 = DIRECTION('',(0.,0.,1.));
#8761 = DIRECTION('',(1.,0.,-0.));
#8762 = FACE_BOUND('',#8763,.T.);
#8763 = EDGE_LOOP('',(#8764));
#8764 = ORIENTED_EDGE('',*,*,#8765,.F.);
#8765 = EDGE_CURVE('',#8766,#8766,#8768,.T.);
#8766 = VERTEX_POINT('',#8767);
#8767 = CARTESIAN_POINT('',(35.7,67.,2.));
#8768 = CIRCLE('',#8769,0.5);
#8769 = AXIS2_PLACEMENT_3D('',#8770,#8771,#8772);
#8770 = CARTESIAN_POINT('',(35.2,67.,2.));
#8771 = DIRECTION('',(0.,0.,1.));
#8772 = DIRECTION('',(1.,0.,-0.));
#8773 = FACE_BOUND('',#8774,.T.);
#8774 = EDGE_LOOP('',(#8775));
#8775 = ORIENTED_EDGE('',*,*,#8776,.F.);
#8776 = EDGE_CURVE('',#8777,#8777,#8779,.T.);
#8777 = VERTEX_POINT('',#8778);
#8778 = CARTESIAN_POINT('',(37.3,67.,2.));
#8779 = CIRCLE('',#8780,0.5);
#8780 = AXIS2_PLACEMENT_3D('',#8781,#8782,#8783);
#8781 = CARTESIAN_POINT('',(36.8,67.,2.));
#8782 = DIRECTION('',(0.,0.,1.));
#8783 = DIRECTION('',(1.,0.,-0.));
#8784 = FACE_BOUND('',#8785,.T.);
#8785 = EDGE_LOOP('',(#8786));
#8786 = ORIENTED_EDGE('',*,*,#8787,.F.);
#8787 = EDGE_CURVE('',#8788,#8788,#8790,.T.);
#8788 = VERTEX_POINT('',#8789);
#8789 = CARTESIAN_POINT('',(38.9,67.,2.));
#8790 = CIRCLE('',#8791,0.5);
#8791 = AXIS2_PLACEMENT_3D('',#8792,#8793,#8794);
#8792 = CARTESIAN_POINT('',(38.4,67.,2.));
#8793 = DIRECTION('',(0.,0.,1.));
#8794 = DIRECTION('',(1.,0.,-0.));
#8795 = FACE_BOUND('',#8796,.T.);
#8796 = EDGE_LOOP('',(#8797));
#8797 = ORIENTED_EDGE('',*,*,#8798,.F.);
#8798 = EDGE_CURVE('',#8799,#8799,#8801,.T.);
#8799 = VERTEX_POINT('',#8800);
#8800 = CARTESIAN_POINT('',(34.1,68.6,2.));
#8801 = CIRCLE('',#8802,0.5);
#8802 = AXIS2_PLACEMENT_3D('',#8803,#8804,#8805);
#8803 = CARTESIAN_POINT('',(33.6,68.6,2.));
#8804 = DIRECTION('',(0.,0.,1.));
#8805 = DIRECTION('',(1.,0.,-0.));
#8806 = FACE_BOUND('',#8807,.T.);
#8807 = EDGE_LOOP('',(#8808));
#8808 = ORIENTED_EDGE('',*,*,#8809,.F.);
#8809 = EDGE_CURVE('',#8810,#8810,#8812,.T.);
#8810 = VERTEX_POINT('',#8811);
#8811 = CARTESIAN_POINT('',(35.7,68.6,2.));
#8812 = CIRCLE('',#8813,0.5);
#8813 = AXIS2_PLACEMENT_3D('',#8814,#8815,#8816);
#8814 = CARTESIAN_POINT('',(35.2,68.6,2.));
#8815 = DIRECTION('',(0.,0.,1.));
#8816 = DIRECTION('',(1.,0.,-0.));
#8817 = FACE_BOUND('',#8818,.T.);
#8818 = EDGE_LOOP('',(#8819));
#8819 = ORIENTED_EDGE('',*,*,#8820,.F.);
#8820 = EDGE_CURVE('',#8821,#8821,#8823,.T.);
#8821 = VERTEX_POINT('',#8822);
#8822 = CARTESIAN_POINT('',(37.3,68.6,2.));
#8823 = CIRCLE('',#8824,0.5);
#8824 = AXIS2_PLACEMENT_3D('',#8825,#8826,#8827);
#8825 = CARTESIAN_POINT('',(36.8,68.6,2.));
#8826 = DIRECTION('',(0.,0.,1.));
#8827 = DIRECTION('',(1.,0.,-0.));
#8828 = FACE_BOUND('',#8829,.T.);
#8829 = EDGE_LOOP('',(#8830));
#8830 = ORIENTED_EDGE('',*,*,#8831,.F.);
#8831 = EDGE_CURVE('',#8832,#8832,#8834,.T.);
#8832 = VERTEX_POINT('',#8833);
#8833 = CARTESIAN_POINT('',(38.9,68.6,2.));
#8834 = CIRCLE('',#8835,0.5);
#8835 = AXIS2_PLACEMENT_3D('',#8836,#8837,#8838);
#8836 = CARTESIAN_POINT('',(38.4,68.6,2.));
#8837 = DIRECTION('',(0.,0.,1.));
#8838 = DIRECTION('',(1.,0.,-0.));
#8839 = FACE_BOUND('',#8840,.T.);
#8840 = EDGE_LOOP('',(#8841));
#8841 = ORIENTED_EDGE('',*,*,#8842,.F.);
#8842 = EDGE_CURVE('',#8843,#8843,#8845,.T.);
#8843 = VERTEX_POINT('',#8844);
#8844 = CARTESIAN_POINT('',(8.05,70.2,2.));
#8845 = CIRCLE('',#8846,0.45);
#8846 = AXIS2_PLACEMENT_3D('',#8847,#8848,#8849);
#8847 = CARTESIAN_POINT('',(7.6,70.2,2.));
#8848 = DIRECTION('',(0.,0.,1.));
#8849 = DIRECTION('',(1.,0.,-0.));
#8850 = FACE_BOUND('',#8851,.T.);
#8851 = EDGE_LOOP('',(#8852));
#8852 = ORIENTED_EDGE('',*,*,#8853,.F.);
#8853 = EDGE_CURVE('',#8854,#8854,#8856,.T.);
#8854 = VERTEX_POINT('',#8855);
#8855 = CARTESIAN_POINT('',(9.65,70.2,2.));
#8856 = CIRCLE('',#8857,0.45);
#8857 = AXIS2_PLACEMENT_3D('',#8858,#8859,#8860);
#8858 = CARTESIAN_POINT('',(9.2,70.2,2.));
#8859 = DIRECTION('',(0.,0.,1.));
#8860 = DIRECTION('',(1.,0.,-0.));
#8861 = FACE_BOUND('',#8862,.T.);
#8862 = EDGE_LOOP('',(#8863));
#8863 = ORIENTED_EDGE('',*,*,#8864,.F.);
#8864 = EDGE_CURVE('',#8865,#8865,#8867,.T.);
#8865 = VERTEX_POINT('',#8866);
#8866 = CARTESIAN_POINT('',(11.25,70.2,2.));
#8867 = CIRCLE('',#8868,0.45);
#8868 = AXIS2_PLACEMENT_3D('',#8869,#8870,#8871);
#8869 = CARTESIAN_POINT('',(10.8,70.2,2.));
#8870 = DIRECTION('',(0.,0.,1.));
#8871 = DIRECTION('',(1.,0.,-0.));
#8872 = FACE_BOUND('',#8873,.T.);
#8873 = EDGE_LOOP('',(#8874));
#8874 = ORIENTED_EDGE('',*,*,#8875,.F.);
#8875 = EDGE_CURVE('',#8876,#8876,#8878,.T.);
#8876 = VERTEX_POINT('',#8877);
#8877 = CARTESIAN_POINT('',(12.85,70.2,2.));
#8878 = CIRCLE('',#8879,0.45);
#8879 = AXIS2_PLACEMENT_3D('',#8880,#8881,#8882);
#8880 = CARTESIAN_POINT('',(12.4,70.2,2.));
#8881 = DIRECTION('',(0.,0.,1.));
#8882 = DIRECTION('',(1.,0.,-0.));
#8883 = FACE_BOUND('',#8884,.T.);
#8884 = EDGE_LOOP('',(#8885));
#8885 = ORIENTED_EDGE('',*,*,#8886,.F.);
#8886 = EDGE_CURVE('',#8887,#8887,#8889,.T.);
#8887 = VERTEX_POINT('',#8888);
#8888 = CARTESIAN_POINT('',(20.15,71.,2.));
#8889 = CIRCLE('',#8890,0.65);
#8890 = AXIS2_PLACEMENT_3D('',#8891,#8892,#8893);
#8891 = CARTESIAN_POINT('',(19.5,71.,2.));
#8892 = DIRECTION('',(0.,0.,1.));
#8893 = DIRECTION('',(1.,0.,-0.));
#8894 = FACE_BOUND('',#8895,.T.);
#8895 = EDGE_LOOP('',(#8896));
#8896 = ORIENTED_EDGE('',*,*,#8897,.F.);
#8897 = EDGE_CURVE('',#8898,#8898,#8900,.T.);
#8898 = VERTEX_POINT('',#8899);
#8899 = CARTESIAN_POINT('',(34.1,70.2,2.));
#8900 = CIRCLE('',#8901,0.5);
#8901 = AXIS2_PLACEMENT_3D('',#8902,#8903,#8904);
#8902 = CARTESIAN_POINT('',(33.6,70.2,2.));
#8903 = DIRECTION('',(0.,0.,1.));
#8904 = DIRECTION('',(1.,0.,-0.));
#8905 = FACE_BOUND('',#8906,.T.);
#8906 = EDGE_LOOP('',(#8907));
#8907 = ORIENTED_EDGE('',*,*,#8908,.F.);
#8908 = EDGE_CURVE('',#8909,#8909,#8911,.T.);
#8909 = VERTEX_POINT('',#8910);
#8910 = CARTESIAN_POINT('',(35.7,70.2,2.));
#8911 = CIRCLE('',#8912,0.5);
#8912 = AXIS2_PLACEMENT_3D('',#8913,#8914,#8915);
#8913 = CARTESIAN_POINT('',(35.2,70.2,2.));
#8914 = DIRECTION('',(0.,0.,1.));
#8915 = DIRECTION('',(1.,0.,-0.));
#8916 = FACE_BOUND('',#8917,.T.);
#8917 = EDGE_LOOP('',(#8918));
#8918 = ORIENTED_EDGE('',*,*,#8919,.F.);
#8919 = EDGE_CURVE('',#8920,#8920,#8922,.T.);
#8920 = VERTEX_POINT('',#8921);
#8921 = CARTESIAN_POINT('',(37.3,70.2,2.));
#8922 = CIRCLE('',#8923,0.5);
#8923 = AXIS2_PLACEMENT_3D('',#8924,#8925,#8926);
#8924 = CARTESIAN_POINT('',(36.8,70.2,2.));
#8925 = DIRECTION('',(0.,0.,1.));
#8926 = DIRECTION('',(1.,0.,-0.));
#8927 = FACE_BOUND('',#8928,.T.);
#8928 = EDGE_LOOP('',(#8929));
#8929 = ORIENTED_EDGE('',*,*,#8930,.F.);
#8930 = EDGE_CURVE('',#8931,#8931,#8933,.T.);
#8931 = VERTEX_POINT('',#8932);
#8932 = CARTESIAN_POINT('',(38.9,70.2,2.));
#8933 = CIRCLE('',#8934,0.5);
#8934 = AXIS2_PLACEMENT_3D('',#8935,#8936,#8937);
#8935 = CARTESIAN_POINT('',(38.4,70.2,2.));
#8936 = DIRECTION('',(0.,0.,1.));
#8937 = DIRECTION('',(1.,0.,-0.));
#8938 = FACE_BOUND('',#8939,.T.);
#8939 = EDGE_LOOP('',(#8940));
#8940 = ORIENTED_EDGE('',*,*,#8941,.F.);
#8941 = EDGE_CURVE('',#8942,#8942,#8944,.T.);
#8942 = VERTEX_POINT('',#8943);
#8943 = CARTESIAN_POINT('',(60.15,67.,2.));
#8944 = CIRCLE('',#8945,0.55);
#8945 = AXIS2_PLACEMENT_3D('',#8946,#8947,#8948);
#8946 = CARTESIAN_POINT('',(59.6,67.,2.));
#8947 = DIRECTION('',(0.,0.,1.));
#8948 = DIRECTION('',(1.,0.,-0.));
#8949 = FACE_BOUND('',#8950,.T.);
#8950 = EDGE_LOOP('',(#8951));
#8951 = ORIENTED_EDGE('',*,*,#8952,.F.);
#8952 = EDGE_CURVE('',#8953,#8953,#8955,.T.);
#8953 = VERTEX_POINT('',#8954);
#8954 = CARTESIAN_POINT('',(61.75,67.,2.));
#8955 = CIRCLE('',#8956,0.55);
#8956 = AXIS2_PLACEMENT_3D('',#8957,#8958,#8959);
#8957 = CARTESIAN_POINT('',(61.2,67.,2.));
#8958 = DIRECTION('',(0.,0.,1.));
#8959 = DIRECTION('',(1.,0.,-0.));
#8960 = FACE_BOUND('',#8961,.T.);
#8961 = EDGE_LOOP('',(#8962));
#8962 = ORIENTED_EDGE('',*,*,#8963,.F.);
#8963 = EDGE_CURVE('',#8964,#8964,#8966,.T.);
#8964 = VERTEX_POINT('',#8965);
#8965 = CARTESIAN_POINT('',(63.35,67.,2.));
#8966 = CIRCLE('',#8967,0.55);
#8967 = AXIS2_PLACEMENT_3D('',#8968,#8969,#8970);
#8968 = CARTESIAN_POINT('',(62.8,67.,2.));
#8969 = DIRECTION('',(0.,0.,1.));
#8970 = DIRECTION('',(1.,0.,-0.));
#8971 = FACE_BOUND('',#8972,.T.);
#8972 = EDGE_LOOP('',(#8973));
#8973 = ORIENTED_EDGE('',*,*,#8974,.F.);
#8974 = EDGE_CURVE('',#8975,#8975,#8977,.T.);
#8975 = VERTEX_POINT('',#8976);
#8976 = CARTESIAN_POINT('',(64.95,67.,2.));
#8977 = CIRCLE('',#8978,0.55);
#8978 = AXIS2_PLACEMENT_3D('',#8979,#8980,#8981);
#8979 = CARTESIAN_POINT('',(64.4,67.,2.));
#8980 = DIRECTION('',(0.,0.,1.));
#8981 = DIRECTION('',(1.,0.,-0.));
#8982 = FACE_BOUND('',#8983,.T.);
#8983 = EDGE_LOOP('',(#8984));
#8984 = ORIENTED_EDGE('',*,*,#8985,.F.);
#8985 = EDGE_CURVE('',#8986,#8986,#8988,.T.);
#8986 = VERTEX_POINT('',#8987);
#8987 = CARTESIAN_POINT('',(60.15,68.6,2.));
#8988 = CIRCLE('',#8989,0.55);
#8989 = AXIS2_PLACEMENT_3D('',#8990,#8991,#8992);
#8990 = CARTESIAN_POINT('',(59.6,68.6,2.));
#8991 = DIRECTION('',(0.,0.,1.));
#8992 = DIRECTION('',(1.,0.,-0.));
#8993 = FACE_BOUND('',#8994,.T.);
#8994 = EDGE_LOOP('',(#8995));
#8995 = ORIENTED_EDGE('',*,*,#8996,.F.);
#8996 = EDGE_CURVE('',#8997,#8997,#8999,.T.);
#8997 = VERTEX_POINT('',#8998);
#8998 = CARTESIAN_POINT('',(61.75,68.6,2.));
#8999 = CIRCLE('',#9000,0.55);
#9000 = AXIS2_PLACEMENT_3D('',#9001,#9002,#9003);
#9001 = CARTESIAN_POINT('',(61.2,68.6,2.));
#9002 = DIRECTION('',(0.,0.,1.));
#9003 = DIRECTION('',(1.,0.,-0.));
#9004 = FACE_BOUND('',#9005,.T.);
#9005 = EDGE_LOOP('',(#9006));
#9006 = ORIENTED_EDGE('',*,*,#9007,.F.);
#9007 = EDGE_CURVE('',#9008,#9008,#9010,.T.);
#9008 = VERTEX_POINT('',#9009);
#9009 = CARTESIAN_POINT('',(63.35,68.6,2.));
#9010 = CIRCLE('',#9011,0.55);
#9011 = AXIS2_PLACEMENT_3D('',#9012,#9013,#9014);
#9012 = CARTESIAN_POINT('',(62.8,68.6,2.));
#9013 = DIRECTION('',(0.,0.,1.));
#9014 = DIRECTION('',(1.,0.,-0.));
#9015 = FACE_BOUND('',#9016,.T.);
#9016 = EDGE_LOOP('',(#9017));
#9017 = ORIENTED_EDGE('',*,*,#9018,.F.);
#9018 = EDGE_CURVE('',#9019,#9019,#9021,.T.);
#9019 = VERTEX_POINT('',#9020);
#9020 = CARTESIAN_POINT('',(64.95,68.6,2.));
#9021 = CIRCLE('',#9022,0.55);
#9022 = AXIS2_PLACEMENT_3D('',#9023,#9024,#9025);
#9023 = CARTESIAN_POINT('',(64.4,68.6,2.));
#9024 = DIRECTION('',(0.,0.,1.));
#9025 = DIRECTION('',(1.,0.,-0.));
#9026 = FACE_BOUND('',#9027,.T.);
#9027 = EDGE_LOOP('',(#9028));
#9028 = ORIENTED_EDGE('',*,*,#9029,.F.);
#9029 = EDGE_CURVE('',#9030,#9030,#9032,.T.);
#9030 = VERTEX_POINT('',#9031);
#9031 = CARTESIAN_POINT('',(45.05,71.,2.));
#9032 = CIRCLE('',#9033,0.65);
#9033 = AXIS2_PLACEMENT_3D('',#9034,#9035,#9036);
#9034 = CARTESIAN_POINT('',(44.4,71.,2.));
#9035 = DIRECTION('',(0.,0.,1.));
#9036 = DIRECTION('',(1.,0.,-0.));
#9037 = FACE_BOUND('',#9038,.T.);
#9038 = EDGE_LOOP('',(#9039));
#9039 = ORIENTED_EDGE('',*,*,#9040,.F.);
#9040 = EDGE_CURVE('',#9041,#9041,#9043,.T.);
#9041 = VERTEX_POINT('',#9042);
#9042 = CARTESIAN_POINT('',(47.25,71.,2.));
#9043 = CIRCLE('',#9044,0.65);
#9044 = AXIS2_PLACEMENT_3D('',#9045,#9046,#9047);
#9045 = CARTESIAN_POINT('',(46.6,71.,2.));
#9046 = DIRECTION('',(0.,0.,1.));
#9047 = DIRECTION('',(1.,0.,-0.));
#9048 = FACE_BOUND('',#9049,.T.);
#9049 = EDGE_LOOP('',(#9050));
#9050 = ORIENTED_EDGE('',*,*,#9051,.F.);
#9051 = EDGE_CURVE('',#9052,#9052,#9054,.T.);
#9052 = VERTEX_POINT('',#9053);
#9053 = CARTESIAN_POINT('',(60.15,70.2,2.));
#9054 = CIRCLE('',#9055,0.55);
#9055 = AXIS2_PLACEMENT_3D('',#9056,#9057,#9058);
#9056 = CARTESIAN_POINT('',(59.6,70.2,2.));
#9057 = DIRECTION('',(0.,0.,1.));
#9058 = DIRECTION('',(1.,0.,-0.));
#9059 = FACE_BOUND('',#9060,.T.);
#9060 = EDGE_LOOP('',(#9061));
#9061 = ORIENTED_EDGE('',*,*,#9062,.F.);
#9062 = EDGE_CURVE('',#9063,#9063,#9065,.T.);
#9063 = VERTEX_POINT('',#9064);
#9064 = CARTESIAN_POINT('',(61.75,70.2,2.));
#9065 = CIRCLE('',#9066,0.55);
#9066 = AXIS2_PLACEMENT_3D('',#9067,#9068,#9069);
#9067 = CARTESIAN_POINT('',(61.2,70.2,2.));
#9068 = DIRECTION('',(0.,0.,1.));
#9069 = DIRECTION('',(1.,0.,-0.));
#9070 = FACE_BOUND('',#9071,.T.);
#9071 = EDGE_LOOP('',(#9072));
#9072 = ORIENTED_EDGE('',*,*,#9073,.F.);
#9073 = EDGE_CURVE('',#9074,#9074,#9076,.T.);
#9074 = VERTEX_POINT('',#9075);
#9075 = CARTESIAN_POINT('',(63.35,70.2,2.));
#9076 = CIRCLE('',#9077,0.55);
#9077 = AXIS2_PLACEMENT_3D('',#9078,#9079,#9080);
#9078 = CARTESIAN_POINT('',(62.8,70.2,2.));
#9079 = DIRECTION('',(0.,0.,1.));
#9080 = DIRECTION('',(1.,0.,-0.));
#9081 = FACE_BOUND('',#9082,.T.);
#9082 = EDGE_LOOP('',(#9083));
#9083 = ORIENTED_EDGE('',*,*,#9084,.F.);
#9084 = EDGE_CURVE('',#9085,#9085,#9087,.T.);
#9085 = VERTEX_POINT('',#9086);
#9086 = CARTESIAN_POINT('',(64.95,70.2,2.));
#9087 = CIRCLE('',#9088,0.55);
#9088 = AXIS2_PLACEMENT_3D('',#9089,#9090,#9091);
#9089 = CARTESIAN_POINT('',(64.4,70.2,2.));
#9090 = DIRECTION('',(0.,0.,1.));
#9091 = DIRECTION('',(1.,0.,-0.));
#9092 = FACE_BOUND('',#9093,.T.);
#9093 = EDGE_LOOP('',(#9094));
#9094 = ORIENTED_EDGE('',*,*,#9095,.F.);
#9095 = EDGE_CURVE('',#9096,#9096,#9098,.T.);
#9096 = VERTEX_POINT('',#9097);
#9097 = CARTESIAN_POINT('',(69.95,71.,2.));
#9098 = CIRCLE('',#9099,0.65);
#9099 = AXIS2_PLACEMENT_3D('',#9100,#9101,#9102);
#9100 = CARTESIAN_POINT('',(69.3,71.,2.));
#9101 = DIRECTION('',(0.,0.,1.));
#9102 = DIRECTION('',(1.,0.,-0.));
#9103 = FACE_BOUND('',#9104,.T.);
#9104 = EDGE_LOOP('',(#9105));
#9105 = ORIENTED_EDGE('',*,*,#9106,.F.);
#9106 = EDGE_CURVE('',#9107,#9107,#9109,.T.);
#9107 = VERTEX_POINT('',#9108);
#9108 = CARTESIAN_POINT('',(72.15,71.,2.));
#9109 = CIRCLE('',#9110,0.65);
#9110 = AXIS2_PLACEMENT_3D('',#9111,#9112,#9113);
#9111 = CARTESIAN_POINT('',(71.5,71.,2.));
#9112 = DIRECTION('',(0.,0.,1.));
#9113 = DIRECTION('',(1.,0.,-0.));
#9114 = FACE_BOUND('',#9115,.T.);
#9115 = EDGE_LOOP('',(#9116));
#9116 = ORIENTED_EDGE('',*,*,#9117,.F.);
#9117 = EDGE_CURVE('',#9118,#9118,#9120,.T.);
#9118 = VERTEX_POINT('',#9119);
#9119 = CARTESIAN_POINT('',(74.35,71.,2.));
#9120 = CIRCLE('',#9121,0.65);
#9121 = AXIS2_PLACEMENT_3D('',#9122,#9123,#9124);
#9122 = CARTESIAN_POINT('',(73.7,71.,2.));
#9123 = DIRECTION('',(0.,0.,1.));
#9124 = DIRECTION('',(1.,0.,-0.));
#9125 = FACE_BOUND('',#9126,.T.);
#9126 = EDGE_LOOP('',(#9127));
#9127 = ORIENTED_EDGE('',*,*,#9128,.F.);
#9128 = EDGE_CURVE('',#9129,#9129,#9131,.T.);
#9129 = VERTEX_POINT('',#9130);
#9130 = CARTESIAN_POINT('',(8.05,71.8,2.));
#9131 = CIRCLE('',#9132,0.45);
#9132 = AXIS2_PLACEMENT_3D('',#9133,#9134,#9135);
#9133 = CARTESIAN_POINT('',(7.6,71.8,2.));
#9134 = DIRECTION('',(0.,0.,1.));
#9135 = DIRECTION('',(1.,0.,-0.));
#9136 = FACE_BOUND('',#9137,.T.);
#9137 = EDGE_LOOP('',(#9138));
#9138 = ORIENTED_EDGE('',*,*,#9139,.F.);
#9139 = EDGE_CURVE('',#9140,#9140,#9142,.T.);
#9140 = VERTEX_POINT('',#9141);
#9141 = CARTESIAN_POINT('',(9.65,71.8,2.));
#9142 = CIRCLE('',#9143,0.45);
#9143 = AXIS2_PLACEMENT_3D('',#9144,#9145,#9146);
#9144 = CARTESIAN_POINT('',(9.2,71.8,2.));
#9145 = DIRECTION('',(0.,0.,1.));
#9146 = DIRECTION('',(1.,0.,-0.));
#9147 = FACE_BOUND('',#9148,.T.);
#9148 = EDGE_LOOP('',(#9149));
#9149 = ORIENTED_EDGE('',*,*,#9150,.F.);
#9150 = EDGE_CURVE('',#9151,#9151,#9153,.T.);
#9151 = VERTEX_POINT('',#9152);
#9152 = CARTESIAN_POINT('',(11.25,71.8,2.));
#9153 = CIRCLE('',#9154,0.45);
#9154 = AXIS2_PLACEMENT_3D('',#9155,#9156,#9157);
#9155 = CARTESIAN_POINT('',(10.8,71.8,2.));
#9156 = DIRECTION('',(0.,0.,1.));
#9157 = DIRECTION('',(1.,0.,-0.));
#9158 = FACE_BOUND('',#9159,.T.);
#9159 = EDGE_LOOP('',(#9160));
#9160 = ORIENTED_EDGE('',*,*,#9161,.F.);
#9161 = EDGE_CURVE('',#9162,#9162,#9164,.T.);
#9162 = VERTEX_POINT('',#9163);
#9163 = CARTESIAN_POINT('',(12.85,71.8,2.));
#9164 = CIRCLE('',#9165,0.45);
#9165 = AXIS2_PLACEMENT_3D('',#9166,#9167,#9168);
#9166 = CARTESIAN_POINT('',(12.4,71.8,2.));
#9167 = DIRECTION('',(0.,0.,1.));
#9168 = DIRECTION('',(1.,0.,-0.));
#9169 = FACE_BOUND('',#9170,.T.);
#9170 = EDGE_LOOP('',(#9171));
#9171 = ORIENTED_EDGE('',*,*,#9172,.F.);
#9172 = EDGE_CURVE('',#9173,#9173,#9175,.T.);
#9173 = VERTEX_POINT('',#9174);
#9174 = CARTESIAN_POINT('',(34.1,71.8,2.));
#9175 = CIRCLE('',#9176,0.5);
#9176 = AXIS2_PLACEMENT_3D('',#9177,#9178,#9179);
#9177 = CARTESIAN_POINT('',(33.6,71.8,2.));
#9178 = DIRECTION('',(0.,0.,1.));
#9179 = DIRECTION('',(1.,0.,-0.));
#9180 = FACE_BOUND('',#9181,.T.);
#9181 = EDGE_LOOP('',(#9182));
#9182 = ORIENTED_EDGE('',*,*,#9183,.F.);
#9183 = EDGE_CURVE('',#9184,#9184,#9186,.T.);
#9184 = VERTEX_POINT('',#9185);
#9185 = CARTESIAN_POINT('',(35.7,71.8,2.));
#9186 = CIRCLE('',#9187,0.5);
#9187 = AXIS2_PLACEMENT_3D('',#9188,#9189,#9190);
#9188 = CARTESIAN_POINT('',(35.2,71.8,2.));
#9189 = DIRECTION('',(0.,0.,1.));
#9190 = DIRECTION('',(1.,0.,-0.));
#9191 = FACE_BOUND('',#9192,.T.);
#9192 = EDGE_LOOP('',(#9193));
#9193 = ORIENTED_EDGE('',*,*,#9194,.F.);
#9194 = EDGE_CURVE('',#9195,#9195,#9197,.T.);
#9195 = VERTEX_POINT('',#9196);
#9196 = CARTESIAN_POINT('',(37.3,71.8,2.));
#9197 = CIRCLE('',#9198,0.5);
#9198 = AXIS2_PLACEMENT_3D('',#9199,#9200,#9201);
#9199 = CARTESIAN_POINT('',(36.8,71.8,2.));
#9200 = DIRECTION('',(0.,0.,1.));
#9201 = DIRECTION('',(1.,0.,-0.));
#9202 = FACE_BOUND('',#9203,.T.);
#9203 = EDGE_LOOP('',(#9204));
#9204 = ORIENTED_EDGE('',*,*,#9205,.F.);
#9205 = EDGE_CURVE('',#9206,#9206,#9208,.T.);
#9206 = VERTEX_POINT('',#9207);
#9207 = CARTESIAN_POINT('',(38.9,71.8,2.));
#9208 = CIRCLE('',#9209,0.5);
#9209 = AXIS2_PLACEMENT_3D('',#9210,#9211,#9212);
#9210 = CARTESIAN_POINT('',(38.4,71.8,2.));
#9211 = DIRECTION('',(0.,0.,1.));
#9212 = DIRECTION('',(1.,0.,-0.));
#9213 = FACE_BOUND('',#9214,.T.);
#9214 = EDGE_LOOP('',(#9215));
#9215 = ORIENTED_EDGE('',*,*,#9216,.F.);
#9216 = EDGE_CURVE('',#9217,#9217,#9219,.T.);
#9217 = VERTEX_POINT('',#9218);
#9218 = CARTESIAN_POINT('',(8.05,73.4,2.));
#9219 = CIRCLE('',#9220,0.45);
#9220 = AXIS2_PLACEMENT_3D('',#9221,#9222,#9223);
#9221 = CARTESIAN_POINT('',(7.6,73.4,2.));
#9222 = DIRECTION('',(0.,0.,1.));
#9223 = DIRECTION('',(1.,0.,-0.));
#9224 = FACE_BOUND('',#9225,.T.);
#9225 = EDGE_LOOP('',(#9226));
#9226 = ORIENTED_EDGE('',*,*,#9227,.F.);
#9227 = EDGE_CURVE('',#9228,#9228,#9230,.T.);
#9228 = VERTEX_POINT('',#9229);
#9229 = CARTESIAN_POINT('',(9.65,73.4,2.));
#9230 = CIRCLE('',#9231,0.45);
#9231 = AXIS2_PLACEMENT_3D('',#9232,#9233,#9234);
#9232 = CARTESIAN_POINT('',(9.2,73.4,2.));
#9233 = DIRECTION('',(0.,0.,1.));
#9234 = DIRECTION('',(1.,0.,-0.));
#9235 = FACE_BOUND('',#9236,.T.);
#9236 = EDGE_LOOP('',(#9237));
#9237 = ORIENTED_EDGE('',*,*,#9238,.F.);
#9238 = EDGE_CURVE('',#9239,#9239,#9241,.T.);
#9239 = VERTEX_POINT('',#9240);
#9240 = CARTESIAN_POINT('',(11.25,73.4,2.));
#9241 = CIRCLE('',#9242,0.45);
#9242 = AXIS2_PLACEMENT_3D('',#9243,#9244,#9245);
#9243 = CARTESIAN_POINT('',(10.8,73.4,2.));
#9244 = DIRECTION('',(0.,0.,1.));
#9245 = DIRECTION('',(1.,0.,-0.));
#9246 = FACE_BOUND('',#9247,.T.);
#9247 = EDGE_LOOP('',(#9248));
#9248 = ORIENTED_EDGE('',*,*,#9249,.F.);
#9249 = EDGE_CURVE('',#9250,#9250,#9252,.T.);
#9250 = VERTEX_POINT('',#9251);
#9251 = CARTESIAN_POINT('',(12.85,73.4,2.));
#9252 = CIRCLE('',#9253,0.45);
#9253 = AXIS2_PLACEMENT_3D('',#9254,#9255,#9256);
#9254 = CARTESIAN_POINT('',(12.4,73.4,2.));
#9255 = DIRECTION('',(0.,0.,1.));
#9256 = DIRECTION('',(1.,0.,-0.));
#9257 = FACE_BOUND('',#9258,.T.);
#9258 = EDGE_LOOP('',(#9259));
#9259 = ORIENTED_EDGE('',*,*,#9260,.F.);
#9260 = EDGE_CURVE('',#9261,#9261,#9263,.T.);
#9261 = VERTEX_POINT('',#9262);
#9262 = CARTESIAN_POINT('',(8.05,75.,2.));
#9263 = CIRCLE('',#9264,0.45);
#9264 = AXIS2_PLACEMENT_3D('',#9265,#9266,#9267);
#9265 = CARTESIAN_POINT('',(7.6,75.,2.));
#9266 = DIRECTION('',(0.,0.,1.));
#9267 = DIRECTION('',(1.,0.,-0.));
#9268 = FACE_BOUND('',#9269,.T.);
#9269 = EDGE_LOOP('',(#9270));
#9270 = ORIENTED_EDGE('',*,*,#9271,.F.);
#9271 = EDGE_CURVE('',#9272,#9272,#9274,.T.);
#9272 = VERTEX_POINT('',#9273);
#9273 = CARTESIAN_POINT('',(9.65,75.,2.));
#9274 = CIRCLE('',#9275,0.45);
#9275 = AXIS2_PLACEMENT_3D('',#9276,#9277,#9278);
#9276 = CARTESIAN_POINT('',(9.2,75.,2.));
#9277 = DIRECTION('',(0.,0.,1.));
#9278 = DIRECTION('',(1.,0.,-0.));
#9279 = FACE_BOUND('',#9280,.T.);
#9280 = EDGE_LOOP('',(#9281));
#9281 = ORIENTED_EDGE('',*,*,#9282,.F.);
#9282 = EDGE_CURVE('',#9283,#9283,#9285,.T.);
#9283 = VERTEX_POINT('',#9284);
#9284 = CARTESIAN_POINT('',(11.25,75.,2.));
#9285 = CIRCLE('',#9286,0.45);
#9286 = AXIS2_PLACEMENT_3D('',#9287,#9288,#9289);
#9287 = CARTESIAN_POINT('',(10.8,75.,2.));
#9288 = DIRECTION('',(0.,0.,1.));
#9289 = DIRECTION('',(1.,0.,-0.));
#9290 = FACE_BOUND('',#9291,.T.);
#9291 = EDGE_LOOP('',(#9292));
#9292 = ORIENTED_EDGE('',*,*,#9293,.F.);
#9293 = EDGE_CURVE('',#9294,#9294,#9296,.T.);
#9294 = VERTEX_POINT('',#9295);
#9295 = CARTESIAN_POINT('',(12.85,75.,2.));
#9296 = CIRCLE('',#9297,0.45);
#9297 = AXIS2_PLACEMENT_3D('',#9298,#9299,#9300);
#9298 = CARTESIAN_POINT('',(12.4,75.,2.));
#9299 = DIRECTION('',(0.,0.,1.));
#9300 = DIRECTION('',(1.,0.,-0.));
#9301 = FACE_BOUND('',#9302,.T.);
#9302 = EDGE_LOOP('',(#9303));
#9303 = ORIENTED_EDGE('',*,*,#9304,.F.);
#9304 = EDGE_CURVE('',#9305,#9305,#9307,.T.);
#9305 = VERTEX_POINT('',#9306);
#9306 = CARTESIAN_POINT('',(34.1,73.4,2.));
#9307 = CIRCLE('',#9308,0.5);
#9308 = AXIS2_PLACEMENT_3D('',#9309,#9310,#9311);
#9309 = CARTESIAN_POINT('',(33.6,73.4,2.));
#9310 = DIRECTION('',(0.,0.,1.));
#9311 = DIRECTION('',(1.,0.,-0.));
#9312 = FACE_BOUND('',#9313,.T.);
#9313 = EDGE_LOOP('',(#9314));
#9314 = ORIENTED_EDGE('',*,*,#9315,.F.);
#9315 = EDGE_CURVE('',#9316,#9316,#9318,.T.);
#9316 = VERTEX_POINT('',#9317);
#9317 = CARTESIAN_POINT('',(35.7,73.4,2.));
#9318 = CIRCLE('',#9319,0.5);
#9319 = AXIS2_PLACEMENT_3D('',#9320,#9321,#9322);
#9320 = CARTESIAN_POINT('',(35.2,73.4,2.));
#9321 = DIRECTION('',(0.,0.,1.));
#9322 = DIRECTION('',(1.,0.,-0.));
#9323 = FACE_BOUND('',#9324,.T.);
#9324 = EDGE_LOOP('',(#9325));
#9325 = ORIENTED_EDGE('',*,*,#9326,.F.);
#9326 = EDGE_CURVE('',#9327,#9327,#9329,.T.);
#9327 = VERTEX_POINT('',#9328);
#9328 = CARTESIAN_POINT('',(37.3,73.4,2.));
#9329 = CIRCLE('',#9330,0.5);
#9330 = AXIS2_PLACEMENT_3D('',#9331,#9332,#9333);
#9331 = CARTESIAN_POINT('',(36.8,73.4,2.));
#9332 = DIRECTION('',(0.,0.,1.));
#9333 = DIRECTION('',(1.,0.,-0.));
#9334 = FACE_BOUND('',#9335,.T.);
#9335 = EDGE_LOOP('',(#9336));
#9336 = ORIENTED_EDGE('',*,*,#9337,.F.);
#9337 = EDGE_CURVE('',#9338,#9338,#9340,.T.);
#9338 = VERTEX_POINT('',#9339);
#9339 = CARTESIAN_POINT('',(38.9,73.4,2.));
#9340 = CIRCLE('',#9341,0.5);
#9341 = AXIS2_PLACEMENT_3D('',#9342,#9343,#9344);
#9342 = CARTESIAN_POINT('',(38.4,73.4,2.));
#9343 = DIRECTION('',(0.,0.,1.));
#9344 = DIRECTION('',(1.,0.,-0.));
#9345 = FACE_BOUND('',#9346,.T.);
#9346 = EDGE_LOOP('',(#9347));
#9347 = ORIENTED_EDGE('',*,*,#9348,.F.);
#9348 = EDGE_CURVE('',#9349,#9349,#9351,.T.);
#9349 = VERTEX_POINT('',#9350);
#9350 = CARTESIAN_POINT('',(34.1,75.,2.));
#9351 = CIRCLE('',#9352,0.5);
#9352 = AXIS2_PLACEMENT_3D('',#9353,#9354,#9355);
#9353 = CARTESIAN_POINT('',(33.6,75.,2.));
#9354 = DIRECTION('',(0.,0.,1.));
#9355 = DIRECTION('',(1.,0.,-0.));
#9356 = FACE_BOUND('',#9357,.T.);
#9357 = EDGE_LOOP('',(#9358));
#9358 = ORIENTED_EDGE('',*,*,#9359,.F.);
#9359 = EDGE_CURVE('',#9360,#9360,#9362,.T.);
#9360 = VERTEX_POINT('',#9361);
#9361 = CARTESIAN_POINT('',(35.7,75.,2.));
#9362 = CIRCLE('',#9363,0.5);
#9363 = AXIS2_PLACEMENT_3D('',#9364,#9365,#9366);
#9364 = CARTESIAN_POINT('',(35.2,75.,2.));
#9365 = DIRECTION('',(0.,0.,1.));
#9366 = DIRECTION('',(1.,0.,-0.));
#9367 = FACE_BOUND('',#9368,.T.);
#9368 = EDGE_LOOP('',(#9369));
#9369 = ORIENTED_EDGE('',*,*,#9370,.F.);
#9370 = EDGE_CURVE('',#9371,#9371,#9373,.T.);
#9371 = VERTEX_POINT('',#9372);
#9372 = CARTESIAN_POINT('',(37.3,75.,2.));
#9373 = CIRCLE('',#9374,0.5);
#9374 = AXIS2_PLACEMENT_3D('',#9375,#9376,#9377);
#9375 = CARTESIAN_POINT('',(36.8,75.,2.));
#9376 = DIRECTION('',(0.,0.,1.));
#9377 = DIRECTION('',(1.,0.,-0.));
#9378 = FACE_BOUND('',#9379,.T.);
#9379 = EDGE_LOOP('',(#9380));
#9380 = ORIENTED_EDGE('',*,*,#9381,.F.);
#9381 = EDGE_CURVE('',#9382,#9382,#9384,.T.);
#9382 = VERTEX_POINT('',#9383);
#9383 = CARTESIAN_POINT('',(38.9,75.,2.));
#9384 = CIRCLE('',#9385,0.5);
#9385 = AXIS2_PLACEMENT_3D('',#9386,#9387,#9388);
#9386 = CARTESIAN_POINT('',(38.4,75.,2.));
#9387 = DIRECTION('',(0.,0.,1.));
#9388 = DIRECTION('',(1.,0.,-0.));
#9389 = FACE_BOUND('',#9390,.T.);
#9390 = EDGE_LOOP('',(#9391));
#9391 = ORIENTED_EDGE('',*,*,#9392,.F.);
#9392 = EDGE_CURVE('',#9393,#9393,#9395,.T.);
#9393 = VERTEX_POINT('',#9394);
#9394 = CARTESIAN_POINT('',(60.15,71.8,2.));
#9395 = CIRCLE('',#9396,0.55);
#9396 = AXIS2_PLACEMENT_3D('',#9397,#9398,#9399);
#9397 = CARTESIAN_POINT('',(59.6,71.8,2.));
#9398 = DIRECTION('',(0.,0.,1.));
#9399 = DIRECTION('',(1.,0.,-0.));
#9400 = FACE_BOUND('',#9401,.T.);
#9401 = EDGE_LOOP('',(#9402));
#9402 = ORIENTED_EDGE('',*,*,#9403,.F.);
#9403 = EDGE_CURVE('',#9404,#9404,#9406,.T.);
#9404 = VERTEX_POINT('',#9405);
#9405 = CARTESIAN_POINT('',(61.75,71.8,2.));
#9406 = CIRCLE('',#9407,0.55);
#9407 = AXIS2_PLACEMENT_3D('',#9408,#9409,#9410);
#9408 = CARTESIAN_POINT('',(61.2,71.8,2.));
#9409 = DIRECTION('',(0.,0.,1.));
#9410 = DIRECTION('',(1.,0.,-0.));
#9411 = FACE_BOUND('',#9412,.T.);
#9412 = EDGE_LOOP('',(#9413));
#9413 = ORIENTED_EDGE('',*,*,#9414,.F.);
#9414 = EDGE_CURVE('',#9415,#9415,#9417,.T.);
#9415 = VERTEX_POINT('',#9416);
#9416 = CARTESIAN_POINT('',(63.35,71.8,2.));
#9417 = CIRCLE('',#9418,0.55);
#9418 = AXIS2_PLACEMENT_3D('',#9419,#9420,#9421);
#9419 = CARTESIAN_POINT('',(62.8,71.8,2.));
#9420 = DIRECTION('',(0.,0.,1.));
#9421 = DIRECTION('',(1.,0.,-0.));
#9422 = FACE_BOUND('',#9423,.T.);
#9423 = EDGE_LOOP('',(#9424));
#9424 = ORIENTED_EDGE('',*,*,#9425,.F.);
#9425 = EDGE_CURVE('',#9426,#9426,#9428,.T.);
#9426 = VERTEX_POINT('',#9427);
#9427 = CARTESIAN_POINT('',(64.95,71.8,2.));
#9428 = CIRCLE('',#9429,0.55);
#9429 = AXIS2_PLACEMENT_3D('',#9430,#9431,#9432);
#9430 = CARTESIAN_POINT('',(64.4,71.8,2.));
#9431 = DIRECTION('',(0.,0.,1.));
#9432 = DIRECTION('',(1.,0.,-0.));
#9433 = FACE_BOUND('',#9434,.T.);
#9434 = EDGE_LOOP('',(#9435));
#9435 = ORIENTED_EDGE('',*,*,#9436,.F.);
#9436 = EDGE_CURVE('',#9437,#9437,#9439,.T.);
#9437 = VERTEX_POINT('',#9438);
#9438 = CARTESIAN_POINT('',(60.15,73.4,2.));
#9439 = CIRCLE('',#9440,0.55);
#9440 = AXIS2_PLACEMENT_3D('',#9441,#9442,#9443);
#9441 = CARTESIAN_POINT('',(59.6,73.4,2.));
#9442 = DIRECTION('',(0.,0.,1.));
#9443 = DIRECTION('',(1.,0.,-0.));
#9444 = FACE_BOUND('',#9445,.T.);
#9445 = EDGE_LOOP('',(#9446));
#9446 = ORIENTED_EDGE('',*,*,#9447,.F.);
#9447 = EDGE_CURVE('',#9448,#9448,#9450,.T.);
#9448 = VERTEX_POINT('',#9449);
#9449 = CARTESIAN_POINT('',(61.75,73.4,2.));
#9450 = CIRCLE('',#9451,0.55);
#9451 = AXIS2_PLACEMENT_3D('',#9452,#9453,#9454);
#9452 = CARTESIAN_POINT('',(61.2,73.4,2.));
#9453 = DIRECTION('',(0.,0.,1.));
#9454 = DIRECTION('',(1.,0.,-0.));
#9455 = FACE_BOUND('',#9456,.T.);
#9456 = EDGE_LOOP('',(#9457));
#9457 = ORIENTED_EDGE('',*,*,#9458,.F.);
#9458 = EDGE_CURVE('',#9459,#9459,#9461,.T.);
#9459 = VERTEX_POINT('',#9460);
#9460 = CARTESIAN_POINT('',(63.35,73.4,2.));
#9461 = CIRCLE('',#9462,0.55);
#9462 = AXIS2_PLACEMENT_3D('',#9463,#9464,#9465);
#9463 = CARTESIAN_POINT('',(62.8,73.4,2.));
#9464 = DIRECTION('',(0.,0.,1.));
#9465 = DIRECTION('',(1.,0.,-0.));
#9466 = FACE_BOUND('',#9467,.T.);
#9467 = EDGE_LOOP('',(#9468));
#9468 = ORIENTED_EDGE('',*,*,#9469,.F.);
#9469 = EDGE_CURVE('',#9470,#9470,#9472,.T.);
#9470 = VERTEX_POINT('',#9471);
#9471 = CARTESIAN_POINT('',(64.95,73.4,2.));
#9472 = CIRCLE('',#9473,0.55);
#9473 = AXIS2_PLACEMENT_3D('',#9474,#9475,#9476);
#9474 = CARTESIAN_POINT('',(64.4,73.4,2.));
#9475 = DIRECTION('',(0.,0.,1.));
#9476 = DIRECTION('',(1.,0.,-0.));
#9477 = FACE_BOUND('',#9478,.T.);
#9478 = EDGE_LOOP('',(#9479));
#9479 = ORIENTED_EDGE('',*,*,#9480,.F.);
#9480 = EDGE_CURVE('',#9481,#9481,#9483,.T.);
#9481 = VERTEX_POINT('',#9482);
#9482 = CARTESIAN_POINT('',(60.15,75.,2.));
#9483 = CIRCLE('',#9484,0.55);
#9484 = AXIS2_PLACEMENT_3D('',#9485,#9486,#9487);
#9485 = CARTESIAN_POINT('',(59.6,75.,2.));
#9486 = DIRECTION('',(0.,0.,1.));
#9487 = DIRECTION('',(1.,0.,-0.));
#9488 = FACE_BOUND('',#9489,.T.);
#9489 = EDGE_LOOP('',(#9490));
#9490 = ORIENTED_EDGE('',*,*,#9491,.F.);
#9491 = EDGE_CURVE('',#9492,#9492,#9494,.T.);
#9492 = VERTEX_POINT('',#9493);
#9493 = CARTESIAN_POINT('',(61.75,75.,2.));
#9494 = CIRCLE('',#9495,0.55);
#9495 = AXIS2_PLACEMENT_3D('',#9496,#9497,#9498);
#9496 = CARTESIAN_POINT('',(61.2,75.,2.));
#9497 = DIRECTION('',(0.,0.,1.));
#9498 = DIRECTION('',(1.,0.,-0.));
#9499 = FACE_BOUND('',#9500,.T.);
#9500 = EDGE_LOOP('',(#9501));
#9501 = ORIENTED_EDGE('',*,*,#9502,.F.);
#9502 = EDGE_CURVE('',#9503,#9503,#9505,.T.);
#9503 = VERTEX_POINT('',#9504);
#9504 = CARTESIAN_POINT('',(63.35,75.,2.));
#9505 = CIRCLE('',#9506,0.55);
#9506 = AXIS2_PLACEMENT_3D('',#9507,#9508,#9509);
#9507 = CARTESIAN_POINT('',(62.8,75.,2.));
#9508 = DIRECTION('',(0.,0.,1.));
#9509 = DIRECTION('',(1.,0.,-0.));
#9510 = FACE_BOUND('',#9511,.T.);
#9511 = EDGE_LOOP('',(#9512));
#9512 = ORIENTED_EDGE('',*,*,#9513,.F.);
#9513 = EDGE_CURVE('',#9514,#9514,#9516,.T.);
#9514 = VERTEX_POINT('',#9515);
#9515 = CARTESIAN_POINT('',(64.95,75.,2.));
#9516 = CIRCLE('',#9517,0.55);
#9517 = AXIS2_PLACEMENT_3D('',#9518,#9519,#9520);
#9518 = CARTESIAN_POINT('',(64.4,75.,2.));
#9519 = DIRECTION('',(0.,0.,1.));
#9520 = DIRECTION('',(1.,0.,-0.));
#9521 = PLANE('',#9522);
#9522 = AXIS2_PLACEMENT_3D('',#9523,#9524,#9525);
#9523 = CARTESIAN_POINT('',(3.,64.,2.));
#9524 = DIRECTION('',(0.,0.,1.));
#9525 = DIRECTION('',(1.,0.,-0.));
#9526 = ADVANCED_FACE('',(#9527),#9545,.T.);
#9527 = FACE_BOUND('',#9528,.T.);
#9528 = EDGE_LOOP('',(#9529,#9537,#9538,#9539));
#9529 = ORIENTED_EDGE('',*,*,#9530,.F.);
#9530 = EDGE_CURVE('',#8588,#9531,#9533,.T.);
#9531 = VERTEX_POINT('',#9532);
#9532 = CARTESIAN_POINT('',(77.,78.,0.));
#9533 = LINE('',#9534,#9535);
#9534 = CARTESIAN_POINT('',(3.,78.,0.));
#9535 = VECTOR('',#9536,1.);
#9536 = DIRECTION('',(1.,0.,-0.));
#9537 = ORIENTED_EDGE('',*,*,#8595,.T.);
#9538 = ORIENTED_EDGE('',*,*,#8658,.T.);
#9539 = ORIENTED_EDGE('',*,*,#9540,.F.);
#9540 = EDGE_CURVE('',#9531,#8651,#9541,.T.);
#9541 = LINE('',#9542,#9543);
#9542 = CARTESIAN_POINT('',(77.,78.,0.));
#9543 = VECTOR('',#9544,1.);
#9544 = DIRECTION('',(0.,0.,1.));
#9545 = PLANE('',#9546);
#9546 = AXIS2_PLACEMENT_3D('',#9547,#9548,#9549);
#9547 = CARTESIAN_POINT('',(3.,78.,0.));
#9548 = DIRECTION('',(-0.,1.,0.));
#9549 = DIRECTION('',(0.,0.,1.));
#9550 = ADVANCED_FACE('',(#9551,#9562,#9573,#9584,#9595,#9606,#9617,
    #9628,#9639,#9650,#9661,#9672,#9683,#9694,#9705,#9716,#9727,#9738,
    #9749,#9760,#9771,#9782,#9793,#9804,#9815,#9826,#9837,#9848,#9859,
    #9870,#9881,#9892,#9903,#9914,#9925,#9936,#9947,#9958,#9969,#9980,
    #9991,#10002,#10013,#10024,#10035,#10046,#10057,#10068,#10079,#10090
    ,#10101,#10112,#10123,#10134,#10145,#10156,#10167,#10178,#10189,
    #10200,#10211,#10222,#10233,#10244,#10255,#10266,#10277,#10288,
    #10299,#10310,#10321,#10332,#10343),#10354,.F.);
#9551 = FACE_BOUND('',#9552,.F.);
#9552 = EDGE_LOOP('',(#9553,#9554,#9555,#9561));
#9553 = ORIENTED_EDGE('',*,*,#8587,.F.);
#9554 = ORIENTED_EDGE('',*,*,#8617,.T.);
#9555 = ORIENTED_EDGE('',*,*,#9556,.T.);
#9556 = EDGE_CURVE('',#8618,#9531,#9557,.T.);
#9557 = LINE('',#9558,#9559);
#9558 = CARTESIAN_POINT('',(77.,64.,0.));
#9559 = VECTOR('',#9560,1.);
#9560 = DIRECTION('',(-0.,1.,0.));
#9561 = ORIENTED_EDGE('',*,*,#9530,.F.);
#9562 = FACE_BOUND('',#9563,.F.);
#9563 = EDGE_LOOP('',(#9564));
#9564 = ORIENTED_EDGE('',*,*,#9565,.F.);
#9565 = EDGE_CURVE('',#9566,#9566,#9568,.T.);
#9566 = VERTEX_POINT('',#9567);
#9567 = CARTESIAN_POINT('',(8.05,67.,0.));
#9568 = CIRCLE('',#9569,0.45);
#9569 = AXIS2_PLACEMENT_3D('',#9570,#9571,#9572);
#9570 = CARTESIAN_POINT('',(7.6,67.,0.));
#9571 = DIRECTION('',(0.,0.,1.));
#9572 = DIRECTION('',(1.,0.,-0.));
#9573 = FACE_BOUND('',#9574,.F.);
#9574 = EDGE_LOOP('',(#9575));
#9575 = ORIENTED_EDGE('',*,*,#9576,.F.);
#9576 = EDGE_CURVE('',#9577,#9577,#9579,.T.);
#9577 = VERTEX_POINT('',#9578);
#9578 = CARTESIAN_POINT('',(9.65,67.,0.));
#9579 = CIRCLE('',#9580,0.45);
#9580 = AXIS2_PLACEMENT_3D('',#9581,#9582,#9583);
#9581 = CARTESIAN_POINT('',(9.2,67.,0.));
#9582 = DIRECTION('',(0.,0.,1.));
#9583 = DIRECTION('',(1.,0.,-0.));
#9584 = FACE_BOUND('',#9585,.F.);
#9585 = EDGE_LOOP('',(#9586));
#9586 = ORIENTED_EDGE('',*,*,#9587,.F.);
#9587 = EDGE_CURVE('',#9588,#9588,#9590,.T.);
#9588 = VERTEX_POINT('',#9589);
#9589 = CARTESIAN_POINT('',(11.25,67.,0.));
#9590 = CIRCLE('',#9591,0.45);
#9591 = AXIS2_PLACEMENT_3D('',#9592,#9593,#9594);
#9592 = CARTESIAN_POINT('',(10.8,67.,0.));
#9593 = DIRECTION('',(0.,0.,1.));
#9594 = DIRECTION('',(1.,0.,-0.));
#9595 = FACE_BOUND('',#9596,.F.);
#9596 = EDGE_LOOP('',(#9597));
#9597 = ORIENTED_EDGE('',*,*,#9598,.F.);
#9598 = EDGE_CURVE('',#9599,#9599,#9601,.T.);
#9599 = VERTEX_POINT('',#9600);
#9600 = CARTESIAN_POINT('',(12.85,67.,0.));
#9601 = CIRCLE('',#9602,0.45);
#9602 = AXIS2_PLACEMENT_3D('',#9603,#9604,#9605);
#9603 = CARTESIAN_POINT('',(12.4,67.,0.));
#9604 = DIRECTION('',(0.,0.,1.));
#9605 = DIRECTION('',(1.,0.,-0.));
#9606 = FACE_BOUND('',#9607,.F.);
#9607 = EDGE_LOOP('',(#9608));
#9608 = ORIENTED_EDGE('',*,*,#9609,.F.);
#9609 = EDGE_CURVE('',#9610,#9610,#9612,.T.);
#9610 = VERTEX_POINT('',#9611);
#9611 = CARTESIAN_POINT('',(8.05,68.6,0.));
#9612 = CIRCLE('',#9613,0.45);
#9613 = AXIS2_PLACEMENT_3D('',#9614,#9615,#9616);
#9614 = CARTESIAN_POINT('',(7.6,68.6,0.));
#9615 = DIRECTION('',(0.,0.,1.));
#9616 = DIRECTION('',(1.,0.,-0.));
#9617 = FACE_BOUND('',#9618,.F.);
#9618 = EDGE_LOOP('',(#9619));
#9619 = ORIENTED_EDGE('',*,*,#9620,.F.);
#9620 = EDGE_CURVE('',#9621,#9621,#9623,.T.);
#9621 = VERTEX_POINT('',#9622);
#9622 = CARTESIAN_POINT('',(9.65,68.6,0.));
#9623 = CIRCLE('',#9624,0.45);
#9624 = AXIS2_PLACEMENT_3D('',#9625,#9626,#9627);
#9625 = CARTESIAN_POINT('',(9.2,68.6,0.));
#9626 = DIRECTION('',(0.,0.,1.));
#9627 = DIRECTION('',(1.,0.,-0.));
#9628 = FACE_BOUND('',#9629,.F.);
#9629 = EDGE_LOOP('',(#9630));
#9630 = ORIENTED_EDGE('',*,*,#9631,.F.);
#9631 = EDGE_CURVE('',#9632,#9632,#9634,.T.);
#9632 = VERTEX_POINT('',#9633);
#9633 = CARTESIAN_POINT('',(11.25,68.6,0.));
#9634 = CIRCLE('',#9635,0.45);
#9635 = AXIS2_PLACEMENT_3D('',#9636,#9637,#9638);
#9636 = CARTESIAN_POINT('',(10.8,68.6,0.));
#9637 = DIRECTION('',(0.,0.,1.));
#9638 = DIRECTION('',(1.,0.,-0.));
#9639 = FACE_BOUND('',#9640,.F.);
#9640 = EDGE_LOOP('',(#9641));
#9641 = ORIENTED_EDGE('',*,*,#9642,.F.);
#9642 = EDGE_CURVE('',#9643,#9643,#9645,.T.);
#9643 = VERTEX_POINT('',#9644);
#9644 = CARTESIAN_POINT('',(12.85,68.6,0.));
#9645 = CIRCLE('',#9646,0.45);
#9646 = AXIS2_PLACEMENT_3D('',#9647,#9648,#9649);
#9647 = CARTESIAN_POINT('',(12.4,68.6,0.));
#9648 = DIRECTION('',(0.,0.,1.));
#9649 = DIRECTION('',(1.,0.,-0.));
#9650 = FACE_BOUND('',#9651,.F.);
#9651 = EDGE_LOOP('',(#9652));
#9652 = ORIENTED_EDGE('',*,*,#9653,.F.);
#9653 = EDGE_CURVE('',#9654,#9654,#9656,.T.);
#9654 = VERTEX_POINT('',#9655);
#9655 = CARTESIAN_POINT('',(34.1,67.,0.));
#9656 = CIRCLE('',#9657,0.5);
#9657 = AXIS2_PLACEMENT_3D('',#9658,#9659,#9660);
#9658 = CARTESIAN_POINT('',(33.6,67.,0.));
#9659 = DIRECTION('',(0.,0.,1.));
#9660 = DIRECTION('',(1.,0.,-0.));
#9661 = FACE_BOUND('',#9662,.F.);
#9662 = EDGE_LOOP('',(#9663));
#9663 = ORIENTED_EDGE('',*,*,#9664,.F.);
#9664 = EDGE_CURVE('',#9665,#9665,#9667,.T.);
#9665 = VERTEX_POINT('',#9666);
#9666 = CARTESIAN_POINT('',(35.7,67.,0.));
#9667 = CIRCLE('',#9668,0.5);
#9668 = AXIS2_PLACEMENT_3D('',#9669,#9670,#9671);
#9669 = CARTESIAN_POINT('',(35.2,67.,0.));
#9670 = DIRECTION('',(0.,0.,1.));
#9671 = DIRECTION('',(1.,0.,-0.));
#9672 = FACE_BOUND('',#9673,.F.);
#9673 = EDGE_LOOP('',(#9674));
#9674 = ORIENTED_EDGE('',*,*,#9675,.F.);
#9675 = EDGE_CURVE('',#9676,#9676,#9678,.T.);
#9676 = VERTEX_POINT('',#9677);
#9677 = CARTESIAN_POINT('',(34.1,68.6,0.));
#9678 = CIRCLE('',#9679,0.5);
#9679 = AXIS2_PLACEMENT_3D('',#9680,#9681,#9682);
#9680 = CARTESIAN_POINT('',(33.6,68.6,0.));
#9681 = DIRECTION('',(0.,0.,1.));
#9682 = DIRECTION('',(1.,0.,-0.));
#9683 = FACE_BOUND('',#9684,.F.);
#9684 = EDGE_LOOP('',(#9685));
#9685 = ORIENTED_EDGE('',*,*,#9686,.F.);
#9686 = EDGE_CURVE('',#9687,#9687,#9689,.T.);
#9687 = VERTEX_POINT('',#9688);
#9688 = CARTESIAN_POINT('',(35.7,68.6,0.));
#9689 = CIRCLE('',#9690,0.5);
#9690 = AXIS2_PLACEMENT_3D('',#9691,#9692,#9693);
#9691 = CARTESIAN_POINT('',(35.2,68.6,0.));
#9692 = DIRECTION('',(0.,0.,1.));
#9693 = DIRECTION('',(1.,0.,-0.));
#9694 = FACE_BOUND('',#9695,.F.);
#9695 = EDGE_LOOP('',(#9696));
#9696 = ORIENTED_EDGE('',*,*,#9697,.F.);
#9697 = EDGE_CURVE('',#9698,#9698,#9700,.T.);
#9698 = VERTEX_POINT('',#9699);
#9699 = CARTESIAN_POINT('',(8.05,70.2,0.));
#9700 = CIRCLE('',#9701,0.45);
#9701 = AXIS2_PLACEMENT_3D('',#9702,#9703,#9704);
#9702 = CARTESIAN_POINT('',(7.6,70.2,0.));
#9703 = DIRECTION('',(0.,0.,1.));
#9704 = DIRECTION('',(1.,0.,-0.));
#9705 = FACE_BOUND('',#9706,.F.);
#9706 = EDGE_LOOP('',(#9707));
#9707 = ORIENTED_EDGE('',*,*,#9708,.F.);
#9708 = EDGE_CURVE('',#9709,#9709,#9711,.T.);
#9709 = VERTEX_POINT('',#9710);
#9710 = CARTESIAN_POINT('',(9.65,70.2,0.));
#9711 = CIRCLE('',#9712,0.45);
#9712 = AXIS2_PLACEMENT_3D('',#9713,#9714,#9715);
#9713 = CARTESIAN_POINT('',(9.2,70.2,0.));
#9714 = DIRECTION('',(0.,0.,1.));
#9715 = DIRECTION('',(1.,0.,-0.));
#9716 = FACE_BOUND('',#9717,.F.);
#9717 = EDGE_LOOP('',(#9718));
#9718 = ORIENTED_EDGE('',*,*,#9719,.F.);
#9719 = EDGE_CURVE('',#9720,#9720,#9722,.T.);
#9720 = VERTEX_POINT('',#9721);
#9721 = CARTESIAN_POINT('',(11.25,70.2,0.));
#9722 = CIRCLE('',#9723,0.45);
#9723 = AXIS2_PLACEMENT_3D('',#9724,#9725,#9726);
#9724 = CARTESIAN_POINT('',(10.8,70.2,0.));
#9725 = DIRECTION('',(0.,0.,1.));
#9726 = DIRECTION('',(1.,0.,-0.));
#9727 = FACE_BOUND('',#9728,.F.);
#9728 = EDGE_LOOP('',(#9729));
#9729 = ORIENTED_EDGE('',*,*,#9730,.F.);
#9730 = EDGE_CURVE('',#9731,#9731,#9733,.T.);
#9731 = VERTEX_POINT('',#9732);
#9732 = CARTESIAN_POINT('',(12.85,70.2,0.));
#9733 = CIRCLE('',#9734,0.45);
#9734 = AXIS2_PLACEMENT_3D('',#9735,#9736,#9737);
#9735 = CARTESIAN_POINT('',(12.4,70.2,0.));
#9736 = DIRECTION('',(0.,0.,1.));
#9737 = DIRECTION('',(1.,0.,-0.));
#9738 = FACE_BOUND('',#9739,.F.);
#9739 = EDGE_LOOP('',(#9740));
#9740 = ORIENTED_EDGE('',*,*,#9741,.F.);
#9741 = EDGE_CURVE('',#9742,#9742,#9744,.T.);
#9742 = VERTEX_POINT('',#9743);
#9743 = CARTESIAN_POINT('',(34.1,70.2,0.));
#9744 = CIRCLE('',#9745,0.5);
#9745 = AXIS2_PLACEMENT_3D('',#9746,#9747,#9748);
#9746 = CARTESIAN_POINT('',(33.6,70.2,0.));
#9747 = DIRECTION('',(0.,0.,1.));
#9748 = DIRECTION('',(1.,0.,-0.));
#9749 = FACE_BOUND('',#9750,.F.);
#9750 = EDGE_LOOP('',(#9751));
#9751 = ORIENTED_EDGE('',*,*,#9752,.F.);
#9752 = EDGE_CURVE('',#9753,#9753,#9755,.T.);
#9753 = VERTEX_POINT('',#9754);
#9754 = CARTESIAN_POINT('',(35.7,70.2,0.));
#9755 = CIRCLE('',#9756,0.5);
#9756 = AXIS2_PLACEMENT_3D('',#9757,#9758,#9759);
#9757 = CARTESIAN_POINT('',(35.2,70.2,0.));
#9758 = DIRECTION('',(0.,0.,1.));
#9759 = DIRECTION('',(1.,0.,-0.));
#9760 = FACE_BOUND('',#9761,.F.);
#9761 = EDGE_LOOP('',(#9762));
#9762 = ORIENTED_EDGE('',*,*,#9763,.F.);
#9763 = EDGE_CURVE('',#9764,#9764,#9766,.T.);
#9764 = VERTEX_POINT('',#9765);
#9765 = CARTESIAN_POINT('',(37.3,67.,0.));
#9766 = CIRCLE('',#9767,0.5);
#9767 = AXIS2_PLACEMENT_3D('',#9768,#9769,#9770);
#9768 = CARTESIAN_POINT('',(36.8,67.,0.));
#9769 = DIRECTION('',(0.,0.,1.));
#9770 = DIRECTION('',(1.,0.,-0.));
#9771 = FACE_BOUND('',#9772,.F.);
#9772 = EDGE_LOOP('',(#9773));
#9773 = ORIENTED_EDGE('',*,*,#9774,.F.);
#9774 = EDGE_CURVE('',#9775,#9775,#9777,.T.);
#9775 = VERTEX_POINT('',#9776);
#9776 = CARTESIAN_POINT('',(38.9,67.,0.));
#9777 = CIRCLE('',#9778,0.5);
#9778 = AXIS2_PLACEMENT_3D('',#9779,#9780,#9781);
#9779 = CARTESIAN_POINT('',(38.4,67.,0.));
#9780 = DIRECTION('',(0.,0.,1.));
#9781 = DIRECTION('',(1.,0.,-0.));
#9782 = FACE_BOUND('',#9783,.F.);
#9783 = EDGE_LOOP('',(#9784));
#9784 = ORIENTED_EDGE('',*,*,#9785,.F.);
#9785 = EDGE_CURVE('',#9786,#9786,#9788,.T.);
#9786 = VERTEX_POINT('',#9787);
#9787 = CARTESIAN_POINT('',(37.3,68.6,0.));
#9788 = CIRCLE('',#9789,0.5);
#9789 = AXIS2_PLACEMENT_3D('',#9790,#9791,#9792);
#9790 = CARTESIAN_POINT('',(36.8,68.6,0.));
#9791 = DIRECTION('',(0.,0.,1.));
#9792 = DIRECTION('',(1.,0.,-0.));
#9793 = FACE_BOUND('',#9794,.F.);
#9794 = EDGE_LOOP('',(#9795));
#9795 = ORIENTED_EDGE('',*,*,#9796,.F.);
#9796 = EDGE_CURVE('',#9797,#9797,#9799,.T.);
#9797 = VERTEX_POINT('',#9798);
#9798 = CARTESIAN_POINT('',(38.9,68.6,0.));
#9799 = CIRCLE('',#9800,0.5);
#9800 = AXIS2_PLACEMENT_3D('',#9801,#9802,#9803);
#9801 = CARTESIAN_POINT('',(38.4,68.6,0.));
#9802 = DIRECTION('',(0.,0.,1.));
#9803 = DIRECTION('',(1.,0.,-0.));
#9804 = FACE_BOUND('',#9805,.F.);
#9805 = EDGE_LOOP('',(#9806));
#9806 = ORIENTED_EDGE('',*,*,#9807,.F.);
#9807 = EDGE_CURVE('',#9808,#9808,#9810,.T.);
#9808 = VERTEX_POINT('',#9809);
#9809 = CARTESIAN_POINT('',(60.15,67.,0.));
#9810 = CIRCLE('',#9811,0.55);
#9811 = AXIS2_PLACEMENT_3D('',#9812,#9813,#9814);
#9812 = CARTESIAN_POINT('',(59.6,67.,0.));
#9813 = DIRECTION('',(0.,0.,1.));
#9814 = DIRECTION('',(1.,0.,-0.));
#9815 = FACE_BOUND('',#9816,.F.);
#9816 = EDGE_LOOP('',(#9817));
#9817 = ORIENTED_EDGE('',*,*,#9818,.F.);
#9818 = EDGE_CURVE('',#9819,#9819,#9821,.T.);
#9819 = VERTEX_POINT('',#9820);
#9820 = CARTESIAN_POINT('',(61.75,67.,0.));
#9821 = CIRCLE('',#9822,0.55);
#9822 = AXIS2_PLACEMENT_3D('',#9823,#9824,#9825);
#9823 = CARTESIAN_POINT('',(61.2,67.,0.));
#9824 = DIRECTION('',(0.,0.,1.));
#9825 = DIRECTION('',(1.,0.,-0.));
#9826 = FACE_BOUND('',#9827,.F.);
#9827 = EDGE_LOOP('',(#9828));
#9828 = ORIENTED_EDGE('',*,*,#9829,.F.);
#9829 = EDGE_CURVE('',#9830,#9830,#9832,.T.);
#9830 = VERTEX_POINT('',#9831);
#9831 = CARTESIAN_POINT('',(63.35,67.,0.));
#9832 = CIRCLE('',#9833,0.55);
#9833 = AXIS2_PLACEMENT_3D('',#9834,#9835,#9836);
#9834 = CARTESIAN_POINT('',(62.8,67.,0.));
#9835 = DIRECTION('',(0.,0.,1.));
#9836 = DIRECTION('',(1.,0.,-0.));
#9837 = FACE_BOUND('',#9838,.F.);
#9838 = EDGE_LOOP('',(#9839));
#9839 = ORIENTED_EDGE('',*,*,#9840,.F.);
#9840 = EDGE_CURVE('',#9841,#9841,#9843,.T.);
#9841 = VERTEX_POINT('',#9842);
#9842 = CARTESIAN_POINT('',(64.95,67.,0.));
#9843 = CIRCLE('',#9844,0.55);
#9844 = AXIS2_PLACEMENT_3D('',#9845,#9846,#9847);
#9845 = CARTESIAN_POINT('',(64.4,67.,0.));
#9846 = DIRECTION('',(0.,0.,1.));
#9847 = DIRECTION('',(1.,0.,-0.));
#9848 = FACE_BOUND('',#9849,.F.);
#9849 = EDGE_LOOP('',(#9850));
#9850 = ORIENTED_EDGE('',*,*,#9851,.F.);
#9851 = EDGE_CURVE('',#9852,#9852,#9854,.T.);
#9852 = VERTEX_POINT('',#9853);
#9853 = CARTESIAN_POINT('',(60.15,68.6,0.));
#9854 = CIRCLE('',#9855,0.55);
#9855 = AXIS2_PLACEMENT_3D('',#9856,#9857,#9858);
#9856 = CARTESIAN_POINT('',(59.6,68.6,0.));
#9857 = DIRECTION('',(0.,0.,1.));
#9858 = DIRECTION('',(1.,0.,-0.));
#9859 = FACE_BOUND('',#9860,.F.);
#9860 = EDGE_LOOP('',(#9861));
#9861 = ORIENTED_EDGE('',*,*,#9862,.F.);
#9862 = EDGE_CURVE('',#9863,#9863,#9865,.T.);
#9863 = VERTEX_POINT('',#9864);
#9864 = CARTESIAN_POINT('',(61.75,68.6,0.));
#9865 = CIRCLE('',#9866,0.55);
#9866 = AXIS2_PLACEMENT_3D('',#9867,#9868,#9869);
#9867 = CARTESIAN_POINT('',(61.2,68.6,0.));
#9868 = DIRECTION('',(0.,0.,1.));
#9869 = DIRECTION('',(1.,0.,-0.));
#9870 = FACE_BOUND('',#9871,.F.);
#9871 = EDGE_LOOP('',(#9872));
#9872 = ORIENTED_EDGE('',*,*,#9873,.F.);
#9873 = EDGE_CURVE('',#9874,#9874,#9876,.T.);
#9874 = VERTEX_POINT('',#9875);
#9875 = CARTESIAN_POINT('',(63.35,68.6,0.));
#9876 = CIRCLE('',#9877,0.55);
#9877 = AXIS2_PLACEMENT_3D('',#9878,#9879,#9880);
#9878 = CARTESIAN_POINT('',(62.8,68.6,0.));
#9879 = DIRECTION('',(0.,0.,1.));
#9880 = DIRECTION('',(1.,0.,-0.));
#9881 = FACE_BOUND('',#9882,.F.);
#9882 = EDGE_LOOP('',(#9883));
#9883 = ORIENTED_EDGE('',*,*,#9884,.F.);
#9884 = EDGE_CURVE('',#9885,#9885,#9887,.T.);
#9885 = VERTEX_POINT('',#9886);
#9886 = CARTESIAN_POINT('',(64.95,68.6,0.));
#9887 = CIRCLE('',#9888,0.55);
#9888 = AXIS2_PLACEMENT_3D('',#9889,#9890,#9891);
#9889 = CARTESIAN_POINT('',(64.4,68.6,0.));
#9890 = DIRECTION('',(0.,0.,1.));
#9891 = DIRECTION('',(1.,0.,-0.));
#9892 = FACE_BOUND('',#9893,.F.);
#9893 = EDGE_LOOP('',(#9894));
#9894 = ORIENTED_EDGE('',*,*,#9895,.F.);
#9895 = EDGE_CURVE('',#9896,#9896,#9898,.T.);
#9896 = VERTEX_POINT('',#9897);
#9897 = CARTESIAN_POINT('',(37.3,70.2,0.));
#9898 = CIRCLE('',#9899,0.5);
#9899 = AXIS2_PLACEMENT_3D('',#9900,#9901,#9902);
#9900 = CARTESIAN_POINT('',(36.8,70.2,0.));
#9901 = DIRECTION('',(0.,0.,1.));
#9902 = DIRECTION('',(1.,0.,-0.));
#9903 = FACE_BOUND('',#9904,.F.);
#9904 = EDGE_LOOP('',(#9905));
#9905 = ORIENTED_EDGE('',*,*,#9906,.F.);
#9906 = EDGE_CURVE('',#9907,#9907,#9909,.T.);
#9907 = VERTEX_POINT('',#9908);
#9908 = CARTESIAN_POINT('',(38.9,70.2,0.));
#9909 = CIRCLE('',#9910,0.5);
#9910 = AXIS2_PLACEMENT_3D('',#9911,#9912,#9913);
#9911 = CARTESIAN_POINT('',(38.4,70.2,0.));
#9912 = DIRECTION('',(0.,0.,1.));
#9913 = DIRECTION('',(1.,0.,-0.));
#9914 = FACE_BOUND('',#9915,.F.);
#9915 = EDGE_LOOP('',(#9916));
#9916 = ORIENTED_EDGE('',*,*,#9917,.F.);
#9917 = EDGE_CURVE('',#9918,#9918,#9920,.T.);
#9918 = VERTEX_POINT('',#9919);
#9919 = CARTESIAN_POINT('',(60.15,70.2,0.));
#9920 = CIRCLE('',#9921,0.55);
#9921 = AXIS2_PLACEMENT_3D('',#9922,#9923,#9924);
#9922 = CARTESIAN_POINT('',(59.6,70.2,0.));
#9923 = DIRECTION('',(0.,0.,1.));
#9924 = DIRECTION('',(1.,0.,-0.));
#9925 = FACE_BOUND('',#9926,.F.);
#9926 = EDGE_LOOP('',(#9927));
#9927 = ORIENTED_EDGE('',*,*,#9928,.F.);
#9928 = EDGE_CURVE('',#9929,#9929,#9931,.T.);
#9929 = VERTEX_POINT('',#9930);
#9930 = CARTESIAN_POINT('',(61.75,70.2,0.));
#9931 = CIRCLE('',#9932,0.55);
#9932 = AXIS2_PLACEMENT_3D('',#9933,#9934,#9935);
#9933 = CARTESIAN_POINT('',(61.2,70.2,0.));
#9934 = DIRECTION('',(0.,0.,1.));
#9935 = DIRECTION('',(1.,0.,-0.));
#9936 = FACE_BOUND('',#9937,.F.);
#9937 = EDGE_LOOP('',(#9938));
#9938 = ORIENTED_EDGE('',*,*,#9939,.F.);
#9939 = EDGE_CURVE('',#9940,#9940,#9942,.T.);
#9940 = VERTEX_POINT('',#9941);
#9941 = CARTESIAN_POINT('',(63.35,70.2,0.));
#9942 = CIRCLE('',#9943,0.55);
#9943 = AXIS2_PLACEMENT_3D('',#9944,#9945,#9946);
#9944 = CARTESIAN_POINT('',(62.8,70.2,0.));
#9945 = DIRECTION('',(0.,0.,1.));
#9946 = DIRECTION('',(1.,0.,-0.));
#9947 = FACE_BOUND('',#9948,.F.);
#9948 = EDGE_LOOP('',(#9949));
#9949 = ORIENTED_EDGE('',*,*,#9950,.F.);
#9950 = EDGE_CURVE('',#9951,#9951,#9953,.T.);
#9951 = VERTEX_POINT('',#9952);
#9952 = CARTESIAN_POINT('',(64.95,70.2,0.));
#9953 = CIRCLE('',#9954,0.55);
#9954 = AXIS2_PLACEMENT_3D('',#9955,#9956,#9957);
#9955 = CARTESIAN_POINT('',(64.4,70.2,0.));
#9956 = DIRECTION('',(0.,0.,1.));
#9957 = DIRECTION('',(1.,0.,-0.));
#9958 = FACE_BOUND('',#9959,.F.);
#9959 = EDGE_LOOP('',(#9960));
#9960 = ORIENTED_EDGE('',*,*,#9961,.F.);
#9961 = EDGE_CURVE('',#9962,#9962,#9964,.T.);
#9962 = VERTEX_POINT('',#9963);
#9963 = CARTESIAN_POINT('',(8.05,71.8,0.));
#9964 = CIRCLE('',#9965,0.45);
#9965 = AXIS2_PLACEMENT_3D('',#9966,#9967,#9968);
#9966 = CARTESIAN_POINT('',(7.6,71.8,0.));
#9967 = DIRECTION('',(0.,0.,1.));
#9968 = DIRECTION('',(1.,0.,-0.));
#9969 = FACE_BOUND('',#9970,.F.);
#9970 = EDGE_LOOP('',(#9971));
#9971 = ORIENTED_EDGE('',*,*,#9972,.F.);
#9972 = EDGE_CURVE('',#9973,#9973,#9975,.T.);
#9973 = VERTEX_POINT('',#9974);
#9974 = CARTESIAN_POINT('',(9.65,71.8,0.));
#9975 = CIRCLE('',#9976,0.45);
#9976 = AXIS2_PLACEMENT_3D('',#9977,#9978,#9979);
#9977 = CARTESIAN_POINT('',(9.2,71.8,0.));
#9978 = DIRECTION('',(0.,0.,1.));
#9979 = DIRECTION('',(1.,0.,-0.));
#9980 = FACE_BOUND('',#9981,.F.);
#9981 = EDGE_LOOP('',(#9982));
#9982 = ORIENTED_EDGE('',*,*,#9983,.F.);
#9983 = EDGE_CURVE('',#9984,#9984,#9986,.T.);
#9984 = VERTEX_POINT('',#9985);
#9985 = CARTESIAN_POINT('',(11.25,71.8,0.));
#9986 = CIRCLE('',#9987,0.45);
#9987 = AXIS2_PLACEMENT_3D('',#9988,#9989,#9990);
#9988 = CARTESIAN_POINT('',(10.8,71.8,0.));
#9989 = DIRECTION('',(0.,0.,1.));
#9990 = DIRECTION('',(1.,0.,-0.));
#9991 = FACE_BOUND('',#9992,.F.);
#9992 = EDGE_LOOP('',(#9993));
#9993 = ORIENTED_EDGE('',*,*,#9994,.F.);
#9994 = EDGE_CURVE('',#9995,#9995,#9997,.T.);
#9995 = VERTEX_POINT('',#9996);
#9996 = CARTESIAN_POINT('',(12.85,71.8,0.));
#9997 = CIRCLE('',#9998,0.45);
#9998 = AXIS2_PLACEMENT_3D('',#9999,#10000,#10001);
#9999 = CARTESIAN_POINT('',(12.4,71.8,0.));
#10000 = DIRECTION('',(0.,0.,1.));
#10001 = DIRECTION('',(1.,0.,-0.));
#10002 = FACE_BOUND('',#10003,.F.);
#10003 = EDGE_LOOP('',(#10004));
#10004 = ORIENTED_EDGE('',*,*,#10005,.F.);
#10005 = EDGE_CURVE('',#10006,#10006,#10008,.T.);
#10006 = VERTEX_POINT('',#10007);
#10007 = CARTESIAN_POINT('',(34.1,71.8,0.));
#10008 = CIRCLE('',#10009,0.5);
#10009 = AXIS2_PLACEMENT_3D('',#10010,#10011,#10012);
#10010 = CARTESIAN_POINT('',(33.6,71.8,0.));
#10011 = DIRECTION('',(0.,0.,1.));
#10012 = DIRECTION('',(1.,0.,-0.));
#10013 = FACE_BOUND('',#10014,.F.);
#10014 = EDGE_LOOP('',(#10015));
#10015 = ORIENTED_EDGE('',*,*,#10016,.F.);
#10016 = EDGE_CURVE('',#10017,#10017,#10019,.T.);
#10017 = VERTEX_POINT('',#10018);
#10018 = CARTESIAN_POINT('',(35.7,71.8,0.));
#10019 = CIRCLE('',#10020,0.5);
#10020 = AXIS2_PLACEMENT_3D('',#10021,#10022,#10023);
#10021 = CARTESIAN_POINT('',(35.2,71.8,0.));
#10022 = DIRECTION('',(0.,0.,1.));
#10023 = DIRECTION('',(1.,0.,-0.));
#10024 = FACE_BOUND('',#10025,.F.);
#10025 = EDGE_LOOP('',(#10026));
#10026 = ORIENTED_EDGE('',*,*,#10027,.F.);
#10027 = EDGE_CURVE('',#10028,#10028,#10030,.T.);
#10028 = VERTEX_POINT('',#10029);
#10029 = CARTESIAN_POINT('',(8.05,73.4,0.));
#10030 = CIRCLE('',#10031,0.45);
#10031 = AXIS2_PLACEMENT_3D('',#10032,#10033,#10034);
#10032 = CARTESIAN_POINT('',(7.6,73.4,0.));
#10033 = DIRECTION('',(0.,0.,1.));
#10034 = DIRECTION('',(1.,0.,-0.));
#10035 = FACE_BOUND('',#10036,.F.);
#10036 = EDGE_LOOP('',(#10037));
#10037 = ORIENTED_EDGE('',*,*,#10038,.F.);
#10038 = EDGE_CURVE('',#10039,#10039,#10041,.T.);
#10039 = VERTEX_POINT('',#10040);
#10040 = CARTESIAN_POINT('',(9.65,73.4,0.));
#10041 = CIRCLE('',#10042,0.45);
#10042 = AXIS2_PLACEMENT_3D('',#10043,#10044,#10045);
#10043 = CARTESIAN_POINT('',(9.2,73.4,0.));
#10044 = DIRECTION('',(0.,0.,1.));
#10045 = DIRECTION('',(1.,0.,-0.));
#10046 = FACE_BOUND('',#10047,.F.);
#10047 = EDGE_LOOP('',(#10048));
#10048 = ORIENTED_EDGE('',*,*,#10049,.F.);
#10049 = EDGE_CURVE('',#10050,#10050,#10052,.T.);
#10050 = VERTEX_POINT('',#10051);
#10051 = CARTESIAN_POINT('',(11.25,73.4,0.));
#10052 = CIRCLE('',#10053,0.45);
#10053 = AXIS2_PLACEMENT_3D('',#10054,#10055,#10056);
#10054 = CARTESIAN_POINT('',(10.8,73.4,0.));
#10055 = DIRECTION('',(0.,0.,1.));
#10056 = DIRECTION('',(1.,0.,-0.));
#10057 = FACE_BOUND('',#10058,.F.);
#10058 = EDGE_LOOP('',(#10059));
#10059 = ORIENTED_EDGE('',*,*,#10060,.F.);
#10060 = EDGE_CURVE('',#10061,#10061,#10063,.T.);
#10061 = VERTEX_POINT('',#10062);
#10062 = CARTESIAN_POINT('',(12.85,73.4,0.));
#10063 = CIRCLE('',#10064,0.45);
#10064 = AXIS2_PLACEMENT_3D('',#10065,#10066,#10067);
#10065 = CARTESIAN_POINT('',(12.4,73.4,0.));
#10066 = DIRECTION('',(0.,0.,1.));
#10067 = DIRECTION('',(1.,0.,-0.));
#10068 = FACE_BOUND('',#10069,.F.);
#10069 = EDGE_LOOP('',(#10070));
#10070 = ORIENTED_EDGE('',*,*,#10071,.F.);
#10071 = EDGE_CURVE('',#10072,#10072,#10074,.T.);
#10072 = VERTEX_POINT('',#10073);
#10073 = CARTESIAN_POINT('',(8.05,75.,0.));
#10074 = CIRCLE('',#10075,0.45);
#10075 = AXIS2_PLACEMENT_3D('',#10076,#10077,#10078);
#10076 = CARTESIAN_POINT('',(7.6,75.,0.));
#10077 = DIRECTION('',(0.,0.,1.));
#10078 = DIRECTION('',(1.,0.,-0.));
#10079 = FACE_BOUND('',#10080,.F.);
#10080 = EDGE_LOOP('',(#10081));
#10081 = ORIENTED_EDGE('',*,*,#10082,.F.);
#10082 = EDGE_CURVE('',#10083,#10083,#10085,.T.);
#10083 = VERTEX_POINT('',#10084);
#10084 = CARTESIAN_POINT('',(9.65,75.,0.));
#10085 = CIRCLE('',#10086,0.45);
#10086 = AXIS2_PLACEMENT_3D('',#10087,#10088,#10089);
#10087 = CARTESIAN_POINT('',(9.2,75.,0.));
#10088 = DIRECTION('',(0.,0.,1.));
#10089 = DIRECTION('',(1.,0.,-0.));
#10090 = FACE_BOUND('',#10091,.F.);
#10091 = EDGE_LOOP('',(#10092));
#10092 = ORIENTED_EDGE('',*,*,#10093,.F.);
#10093 = EDGE_CURVE('',#10094,#10094,#10096,.T.);
#10094 = VERTEX_POINT('',#10095);
#10095 = CARTESIAN_POINT('',(11.25,75.,0.));
#10096 = CIRCLE('',#10097,0.45);
#10097 = AXIS2_PLACEMENT_3D('',#10098,#10099,#10100);
#10098 = CARTESIAN_POINT('',(10.8,75.,0.));
#10099 = DIRECTION('',(0.,0.,1.));
#10100 = DIRECTION('',(1.,0.,-0.));
#10101 = FACE_BOUND('',#10102,.F.);
#10102 = EDGE_LOOP('',(#10103));
#10103 = ORIENTED_EDGE('',*,*,#10104,.F.);
#10104 = EDGE_CURVE('',#10105,#10105,#10107,.T.);
#10105 = VERTEX_POINT('',#10106);
#10106 = CARTESIAN_POINT('',(12.85,75.,0.));
#10107 = CIRCLE('',#10108,0.45);
#10108 = AXIS2_PLACEMENT_3D('',#10109,#10110,#10111);
#10109 = CARTESIAN_POINT('',(12.4,75.,0.));
#10110 = DIRECTION('',(0.,0.,1.));
#10111 = DIRECTION('',(1.,0.,-0.));
#10112 = FACE_BOUND('',#10113,.F.);
#10113 = EDGE_LOOP('',(#10114));
#10114 = ORIENTED_EDGE('',*,*,#10115,.F.);
#10115 = EDGE_CURVE('',#10116,#10116,#10118,.T.);
#10116 = VERTEX_POINT('',#10117);
#10117 = CARTESIAN_POINT('',(34.1,73.4,0.));
#10118 = CIRCLE('',#10119,0.5);
#10119 = AXIS2_PLACEMENT_3D('',#10120,#10121,#10122);
#10120 = CARTESIAN_POINT('',(33.6,73.4,0.));
#10121 = DIRECTION('',(0.,0.,1.));
#10122 = DIRECTION('',(1.,0.,-0.));
#10123 = FACE_BOUND('',#10124,.F.);
#10124 = EDGE_LOOP('',(#10125));
#10125 = ORIENTED_EDGE('',*,*,#10126,.F.);
#10126 = EDGE_CURVE('',#10127,#10127,#10129,.T.);
#10127 = VERTEX_POINT('',#10128);
#10128 = CARTESIAN_POINT('',(35.7,73.4,0.));
#10129 = CIRCLE('',#10130,0.5);
#10130 = AXIS2_PLACEMENT_3D('',#10131,#10132,#10133);
#10131 = CARTESIAN_POINT('',(35.2,73.4,0.));
#10132 = DIRECTION('',(0.,0.,1.));
#10133 = DIRECTION('',(1.,0.,-0.));
#10134 = FACE_BOUND('',#10135,.F.);
#10135 = EDGE_LOOP('',(#10136));
#10136 = ORIENTED_EDGE('',*,*,#10137,.F.);
#10137 = EDGE_CURVE('',#10138,#10138,#10140,.T.);
#10138 = VERTEX_POINT('',#10139);
#10139 = CARTESIAN_POINT('',(34.1,75.,0.));
#10140 = CIRCLE('',#10141,0.5);
#10141 = AXIS2_PLACEMENT_3D('',#10142,#10143,#10144);
#10142 = CARTESIAN_POINT('',(33.6,75.,0.));
#10143 = DIRECTION('',(0.,0.,1.));
#10144 = DIRECTION('',(1.,0.,-0.));
#10145 = FACE_BOUND('',#10146,.F.);
#10146 = EDGE_LOOP('',(#10147));
#10147 = ORIENTED_EDGE('',*,*,#10148,.F.);
#10148 = EDGE_CURVE('',#10149,#10149,#10151,.T.);
#10149 = VERTEX_POINT('',#10150);
#10150 = CARTESIAN_POINT('',(35.7,75.,0.));
#10151 = CIRCLE('',#10152,0.5);
#10152 = AXIS2_PLACEMENT_3D('',#10153,#10154,#10155);
#10153 = CARTESIAN_POINT('',(35.2,75.,0.));
#10154 = DIRECTION('',(0.,0.,1.));
#10155 = DIRECTION('',(1.,0.,-0.));
#10156 = FACE_BOUND('',#10157,.F.);
#10157 = EDGE_LOOP('',(#10158));
#10158 = ORIENTED_EDGE('',*,*,#10159,.F.);
#10159 = EDGE_CURVE('',#10160,#10160,#10162,.T.);
#10160 = VERTEX_POINT('',#10161);
#10161 = CARTESIAN_POINT('',(37.3,71.8,0.));
#10162 = CIRCLE('',#10163,0.5);
#10163 = AXIS2_PLACEMENT_3D('',#10164,#10165,#10166);
#10164 = CARTESIAN_POINT('',(36.8,71.8,0.));
#10165 = DIRECTION('',(0.,0.,1.));
#10166 = DIRECTION('',(1.,0.,-0.));
#10167 = FACE_BOUND('',#10168,.F.);
#10168 = EDGE_LOOP('',(#10169));
#10169 = ORIENTED_EDGE('',*,*,#10170,.F.);
#10170 = EDGE_CURVE('',#10171,#10171,#10173,.T.);
#10171 = VERTEX_POINT('',#10172);
#10172 = CARTESIAN_POINT('',(38.9,71.8,0.));
#10173 = CIRCLE('',#10174,0.5);
#10174 = AXIS2_PLACEMENT_3D('',#10175,#10176,#10177);
#10175 = CARTESIAN_POINT('',(38.4,71.8,0.));
#10176 = DIRECTION('',(0.,0.,1.));
#10177 = DIRECTION('',(1.,0.,-0.));
#10178 = FACE_BOUND('',#10179,.F.);
#10179 = EDGE_LOOP('',(#10180));
#10180 = ORIENTED_EDGE('',*,*,#10181,.F.);
#10181 = EDGE_CURVE('',#10182,#10182,#10184,.T.);
#10182 = VERTEX_POINT('',#10183);
#10183 = CARTESIAN_POINT('',(60.15,71.8,0.));
#10184 = CIRCLE('',#10185,0.55);
#10185 = AXIS2_PLACEMENT_3D('',#10186,#10187,#10188);
#10186 = CARTESIAN_POINT('',(59.6,71.8,0.));
#10187 = DIRECTION('',(0.,0.,1.));
#10188 = DIRECTION('',(1.,0.,-0.));
#10189 = FACE_BOUND('',#10190,.F.);
#10190 = EDGE_LOOP('',(#10191));
#10191 = ORIENTED_EDGE('',*,*,#10192,.F.);
#10192 = EDGE_CURVE('',#10193,#10193,#10195,.T.);
#10193 = VERTEX_POINT('',#10194);
#10194 = CARTESIAN_POINT('',(61.75,71.8,0.));
#10195 = CIRCLE('',#10196,0.55);
#10196 = AXIS2_PLACEMENT_3D('',#10197,#10198,#10199);
#10197 = CARTESIAN_POINT('',(61.2,71.8,0.));
#10198 = DIRECTION('',(0.,0.,1.));
#10199 = DIRECTION('',(1.,0.,-0.));
#10200 = FACE_BOUND('',#10201,.F.);
#10201 = EDGE_LOOP('',(#10202));
#10202 = ORIENTED_EDGE('',*,*,#10203,.F.);
#10203 = EDGE_CURVE('',#10204,#10204,#10206,.T.);
#10204 = VERTEX_POINT('',#10205);
#10205 = CARTESIAN_POINT('',(63.35,71.8,0.));
#10206 = CIRCLE('',#10207,0.55);
#10207 = AXIS2_PLACEMENT_3D('',#10208,#10209,#10210);
#10208 = CARTESIAN_POINT('',(62.8,71.8,0.));
#10209 = DIRECTION('',(0.,0.,1.));
#10210 = DIRECTION('',(1.,0.,-0.));
#10211 = FACE_BOUND('',#10212,.F.);
#10212 = EDGE_LOOP('',(#10213));
#10213 = ORIENTED_EDGE('',*,*,#10214,.F.);
#10214 = EDGE_CURVE('',#10215,#10215,#10217,.T.);
#10215 = VERTEX_POINT('',#10216);
#10216 = CARTESIAN_POINT('',(64.95,71.8,0.));
#10217 = CIRCLE('',#10218,0.55);
#10218 = AXIS2_PLACEMENT_3D('',#10219,#10220,#10221);
#10219 = CARTESIAN_POINT('',(64.4,71.8,0.));
#10220 = DIRECTION('',(0.,0.,1.));
#10221 = DIRECTION('',(1.,0.,-0.));
#10222 = FACE_BOUND('',#10223,.F.);
#10223 = EDGE_LOOP('',(#10224));
#10224 = ORIENTED_EDGE('',*,*,#10225,.F.);
#10225 = EDGE_CURVE('',#10226,#10226,#10228,.T.);
#10226 = VERTEX_POINT('',#10227);
#10227 = CARTESIAN_POINT('',(37.3,73.4,0.));
#10228 = CIRCLE('',#10229,0.5);
#10229 = AXIS2_PLACEMENT_3D('',#10230,#10231,#10232);
#10230 = CARTESIAN_POINT('',(36.8,73.4,0.));
#10231 = DIRECTION('',(0.,0.,1.));
#10232 = DIRECTION('',(1.,0.,-0.));
#10233 = FACE_BOUND('',#10234,.F.);
#10234 = EDGE_LOOP('',(#10235));
#10235 = ORIENTED_EDGE('',*,*,#10236,.F.);
#10236 = EDGE_CURVE('',#10237,#10237,#10239,.T.);
#10237 = VERTEX_POINT('',#10238);
#10238 = CARTESIAN_POINT('',(38.9,73.4,0.));
#10239 = CIRCLE('',#10240,0.5);
#10240 = AXIS2_PLACEMENT_3D('',#10241,#10242,#10243);
#10241 = CARTESIAN_POINT('',(38.4,73.4,0.));
#10242 = DIRECTION('',(0.,0.,1.));
#10243 = DIRECTION('',(1.,0.,-0.));
#10244 = FACE_BOUND('',#10245,.F.);
#10245 = EDGE_LOOP('',(#10246));
#10246 = ORIENTED_EDGE('',*,*,#10247,.F.);
#10247 = EDGE_CURVE('',#10248,#10248,#10250,.T.);
#10248 = VERTEX_POINT('',#10249);
#10249 = CARTESIAN_POINT('',(37.3,75.,0.));
#10250 = CIRCLE('',#10251,0.5);
#10251 = AXIS2_PLACEMENT_3D('',#10252,#10253,#10254);
#10252 = CARTESIAN_POINT('',(36.8,75.,0.));
#10253 = DIRECTION('',(0.,0.,1.));
#10254 = DIRECTION('',(1.,0.,-0.));
#10255 = FACE_BOUND('',#10256,.F.);
#10256 = EDGE_LOOP('',(#10257));
#10257 = ORIENTED_EDGE('',*,*,#10258,.F.);
#10258 = EDGE_CURVE('',#10259,#10259,#10261,.T.);
#10259 = VERTEX_POINT('',#10260);
#10260 = CARTESIAN_POINT('',(38.9,75.,0.));
#10261 = CIRCLE('',#10262,0.5);
#10262 = AXIS2_PLACEMENT_3D('',#10263,#10264,#10265);
#10263 = CARTESIAN_POINT('',(38.4,75.,0.));
#10264 = DIRECTION('',(0.,0.,1.));
#10265 = DIRECTION('',(1.,0.,-0.));
#10266 = FACE_BOUND('',#10267,.F.);
#10267 = EDGE_LOOP('',(#10268));
#10268 = ORIENTED_EDGE('',*,*,#10269,.F.);
#10269 = EDGE_CURVE('',#10270,#10270,#10272,.T.);
#10270 = VERTEX_POINT('',#10271);
#10271 = CARTESIAN_POINT('',(60.15,73.4,0.));
#10272 = CIRCLE('',#10273,0.55);
#10273 = AXIS2_PLACEMENT_3D('',#10274,#10275,#10276);
#10274 = CARTESIAN_POINT('',(59.6,73.4,0.));
#10275 = DIRECTION('',(0.,0.,1.));
#10276 = DIRECTION('',(1.,0.,-0.));
#10277 = FACE_BOUND('',#10278,.F.);
#10278 = EDGE_LOOP('',(#10279));
#10279 = ORIENTED_EDGE('',*,*,#10280,.F.);
#10280 = EDGE_CURVE('',#10281,#10281,#10283,.T.);
#10281 = VERTEX_POINT('',#10282);
#10282 = CARTESIAN_POINT('',(61.75,73.4,0.));
#10283 = CIRCLE('',#10284,0.55);
#10284 = AXIS2_PLACEMENT_3D('',#10285,#10286,#10287);
#10285 = CARTESIAN_POINT('',(61.2,73.4,0.));
#10286 = DIRECTION('',(0.,0.,1.));
#10287 = DIRECTION('',(1.,0.,-0.));
#10288 = FACE_BOUND('',#10289,.F.);
#10289 = EDGE_LOOP('',(#10290));
#10290 = ORIENTED_EDGE('',*,*,#10291,.F.);
#10291 = EDGE_CURVE('',#10292,#10292,#10294,.T.);
#10292 = VERTEX_POINT('',#10293);
#10293 = CARTESIAN_POINT('',(63.35,73.4,0.));
#10294 = CIRCLE('',#10295,0.55);
#10295 = AXIS2_PLACEMENT_3D('',#10296,#10297,#10298);
#10296 = CARTESIAN_POINT('',(62.8,73.4,0.));
#10297 = DIRECTION('',(0.,0.,1.));
#10298 = DIRECTION('',(1.,0.,-0.));
#10299 = FACE_BOUND('',#10300,.F.);
#10300 = EDGE_LOOP('',(#10301));
#10301 = ORIENTED_EDGE('',*,*,#10302,.F.);
#10302 = EDGE_CURVE('',#10303,#10303,#10305,.T.);
#10303 = VERTEX_POINT('',#10304);
#10304 = CARTESIAN_POINT('',(64.95,73.4,0.));
#10305 = CIRCLE('',#10306,0.55);
#10306 = AXIS2_PLACEMENT_3D('',#10307,#10308,#10309);
#10307 = CARTESIAN_POINT('',(64.4,73.4,0.));
#10308 = DIRECTION('',(0.,0.,1.));
#10309 = DIRECTION('',(1.,0.,-0.));
#10310 = FACE_BOUND('',#10311,.F.);
#10311 = EDGE_LOOP('',(#10312));
#10312 = ORIENTED_EDGE('',*,*,#10313,.F.);
#10313 = EDGE_CURVE('',#10314,#10314,#10316,.T.);
#10314 = VERTEX_POINT('',#10315);
#10315 = CARTESIAN_POINT('',(60.15,75.,0.));
#10316 = CIRCLE('',#10317,0.55);
#10317 = AXIS2_PLACEMENT_3D('',#10318,#10319,#10320);
#10318 = CARTESIAN_POINT('',(59.6,75.,0.));
#10319 = DIRECTION('',(0.,0.,1.));
#10320 = DIRECTION('',(1.,0.,-0.));
#10321 = FACE_BOUND('',#10322,.F.);
#10322 = EDGE_LOOP('',(#10323));
#10323 = ORIENTED_EDGE('',*,*,#10324,.F.);
#10324 = EDGE_CURVE('',#10325,#10325,#10327,.T.);
#10325 = VERTEX_POINT('',#10326);
#10326 = CARTESIAN_POINT('',(61.75,75.,0.));
#10327 = CIRCLE('',#10328,0.55);
#10328 = AXIS2_PLACEMENT_3D('',#10329,#10330,#10331);
#10329 = CARTESIAN_POINT('',(61.2,75.,0.));
#10330 = DIRECTION('',(0.,0.,1.));
#10331 = DIRECTION('',(1.,0.,-0.));
#10332 = FACE_BOUND('',#10333,.F.);
#10333 = EDGE_LOOP('',(#10334));
#10334 = ORIENTED_EDGE('',*,*,#10335,.F.);
#10335 = EDGE_CURVE('',#10336,#10336,#10338,.T.);
#10336 = VERTEX_POINT('',#10337);
#10337 = CARTESIAN_POINT('',(63.35,75.,0.));
#10338 = CIRCLE('',#10339,0.55);
#10339 = AXIS2_PLACEMENT_3D('',#10340,#10341,#10342);
#10340 = CARTESIAN_POINT('',(62.8,75.,0.));
#10341 = DIRECTION('',(0.,0.,1.));
#10342 = DIRECTION('',(1.,0.,-0.));
#10343 = FACE_BOUND('',#10344,.F.);
#10344 = EDGE_LOOP('',(#10345));
#10345 = ORIENTED_EDGE('',*,*,#10346,.F.);
#10346 = EDGE_CURVE('',#10347,#10347,#10349,.T.);
#10347 = VERTEX_POINT('',#10348);
#10348 = CARTESIAN_POINT('',(64.95,75.,0.));
#10349 = CIRCLE('',#10350,0.55);
#10350 = AXIS2_PLACEMENT_3D('',#10351,#10352,#10353);
#10351 = CARTESIAN_POINT('',(64.4,75.,0.));
#10352 = DIRECTION('',(0.,0.,1.));
#10353 = DIRECTION('',(1.,0.,-0.));
#10354 = PLANE('',#10355);
#10355 = AXIS2_PLACEMENT_3D('',#10356,#10357,#10358);
#10356 = CARTESIAN_POINT('',(3.,64.,0.));
#10357 = DIRECTION('',(0.,0.,1.));
#10358 = DIRECTION('',(1.,0.,-0.));
#10359 = ADVANCED_FACE('',(#10360),#10366,.T.);
#10360 = FACE_BOUND('',#10361,.T.);
#10361 = EDGE_LOOP('',(#10362,#10363,#10364,#10365));
#10362 = ORIENTED_EDGE('',*,*,#8634,.F.);
#10363 = ORIENTED_EDGE('',*,*,#9556,.T.);
#10364 = ORIENTED_EDGE('',*,*,#9540,.T.);
#10365 = ORIENTED_EDGE('',*,*,#8650,.F.);
#10366 = PLANE('',#10367);
#10367 = AXIS2_PLACEMENT_3D('',#10368,#10369,#10370);
#10368 = CARTESIAN_POINT('',(77.,64.,0.));
#10369 = DIRECTION('',(1.,0.,-0.));
#10370 = DIRECTION('',(0.,0.,1.));
#10371 = ADVANCED_FACE('',(#10372),#10383,.F.);
#10372 = FACE_BOUND('',#10373,.F.);
#10373 = EDGE_LOOP('',(#10374,#10375,#10381,#10382));
#10374 = ORIENTED_EDGE('',*,*,#8666,.F.);
#10375 = ORIENTED_EDGE('',*,*,#10376,.F.);
#10376 = EDGE_CURVE('',#9566,#8667,#10377,.T.);
#10377 = LINE('',#10378,#10379);
#10378 = CARTESIAN_POINT('',(8.05,67.,-1.E-02));
#10379 = VECTOR('',#10380,1.);
#10380 = DIRECTION('',(0.,0.,1.));
#10381 = ORIENTED_EDGE('',*,*,#9565,.T.);
#10382 = ORIENTED_EDGE('',*,*,#10376,.T.);
#10383 = CYLINDRICAL_SURFACE('',#10384,0.45);
#10384 = AXIS2_PLACEMENT_3D('',#10385,#10386,#10387);
#10385 = CARTESIAN_POINT('',(7.6,67.,-1.E-02));
#10386 = DIRECTION('',(0.,0.,1.));
#10387 = DIRECTION('',(1.,0.,-0.));
#10388 = ADVANCED_FACE('',(#10389),#10400,.F.);
#10389 = FACE_BOUND('',#10390,.F.);
#10390 = EDGE_LOOP('',(#10391,#10392,#10398,#10399));
#10391 = ORIENTED_EDGE('',*,*,#8677,.F.);
#10392 = ORIENTED_EDGE('',*,*,#10393,.F.);
#10393 = EDGE_CURVE('',#9577,#8678,#10394,.T.);
#10394 = LINE('',#10395,#10396);
#10395 = CARTESIAN_POINT('',(9.65,67.,-1.E-02));
#10396 = VECTOR('',#10397,1.);
#10397 = DIRECTION('',(0.,0.,1.));
#10398 = ORIENTED_EDGE('',*,*,#9576,.T.);
#10399 = ORIENTED_EDGE('',*,*,#10393,.T.);
#10400 = CYLINDRICAL_SURFACE('',#10401,0.45);
#10401 = AXIS2_PLACEMENT_3D('',#10402,#10403,#10404);
#10402 = CARTESIAN_POINT('',(9.2,67.,-1.E-02));
#10403 = DIRECTION('',(0.,0.,1.));
#10404 = DIRECTION('',(1.,0.,-0.));
#10405 = ADVANCED_FACE('',(#10406),#10417,.F.);
#10406 = FACE_BOUND('',#10407,.F.);
#10407 = EDGE_LOOP('',(#10408,#10409,#10415,#10416));
#10408 = ORIENTED_EDGE('',*,*,#8688,.F.);
#10409 = ORIENTED_EDGE('',*,*,#10410,.F.);
#10410 = EDGE_CURVE('',#9588,#8689,#10411,.T.);
#10411 = LINE('',#10412,#10413);
#10412 = CARTESIAN_POINT('',(11.25,67.,-1.E-02));
#10413 = VECTOR('',#10414,1.);
#10414 = DIRECTION('',(0.,0.,1.));
#10415 = ORIENTED_EDGE('',*,*,#9587,.T.);
#10416 = ORIENTED_EDGE('',*,*,#10410,.T.);
#10417 = CYLINDRICAL_SURFACE('',#10418,0.45);
#10418 = AXIS2_PLACEMENT_3D('',#10419,#10420,#10421);
#10419 = CARTESIAN_POINT('',(10.8,67.,-1.E-02));
#10420 = DIRECTION('',(0.,0.,1.));
#10421 = DIRECTION('',(1.,0.,-0.));
#10422 = ADVANCED_FACE('',(#10423),#10434,.F.);
#10423 = FACE_BOUND('',#10424,.F.);
#10424 = EDGE_LOOP('',(#10425,#10426,#10432,#10433));
#10425 = ORIENTED_EDGE('',*,*,#8699,.F.);
#10426 = ORIENTED_EDGE('',*,*,#10427,.F.);
#10427 = EDGE_CURVE('',#9599,#8700,#10428,.T.);
#10428 = LINE('',#10429,#10430);
#10429 = CARTESIAN_POINT('',(12.85,67.,-1.E-02));
#10430 = VECTOR('',#10431,1.);
#10431 = DIRECTION('',(0.,0.,1.));
#10432 = ORIENTED_EDGE('',*,*,#9598,.T.);
#10433 = ORIENTED_EDGE('',*,*,#10427,.T.);
#10434 = CYLINDRICAL_SURFACE('',#10435,0.45);
#10435 = AXIS2_PLACEMENT_3D('',#10436,#10437,#10438);
#10436 = CARTESIAN_POINT('',(12.4,67.,-1.E-02));
#10437 = DIRECTION('',(0.,0.,1.));
#10438 = DIRECTION('',(1.,0.,-0.));
#10439 = ADVANCED_FACE('',(#10440),#10451,.F.);
#10440 = FACE_BOUND('',#10441,.F.);
#10441 = EDGE_LOOP('',(#10442,#10443,#10449,#10450));
#10442 = ORIENTED_EDGE('',*,*,#8710,.F.);
#10443 = ORIENTED_EDGE('',*,*,#10444,.F.);
#10444 = EDGE_CURVE('',#9610,#8711,#10445,.T.);
#10445 = LINE('',#10446,#10447);
#10446 = CARTESIAN_POINT('',(8.05,68.6,-1.E-02));
#10447 = VECTOR('',#10448,1.);
#10448 = DIRECTION('',(0.,0.,1.));
#10449 = ORIENTED_EDGE('',*,*,#9609,.T.);
#10450 = ORIENTED_EDGE('',*,*,#10444,.T.);
#10451 = CYLINDRICAL_SURFACE('',#10452,0.45);
#10452 = AXIS2_PLACEMENT_3D('',#10453,#10454,#10455);
#10453 = CARTESIAN_POINT('',(7.6,68.6,-1.E-02));
#10454 = DIRECTION('',(0.,0.,1.));
#10455 = DIRECTION('',(1.,0.,-0.));
#10456 = ADVANCED_FACE('',(#10457),#10468,.F.);
#10457 = FACE_BOUND('',#10458,.F.);
#10458 = EDGE_LOOP('',(#10459,#10460,#10466,#10467));
#10459 = ORIENTED_EDGE('',*,*,#8721,.F.);
#10460 = ORIENTED_EDGE('',*,*,#10461,.F.);
#10461 = EDGE_CURVE('',#9621,#8722,#10462,.T.);
#10462 = LINE('',#10463,#10464);
#10463 = CARTESIAN_POINT('',(9.65,68.6,-1.E-02));
#10464 = VECTOR('',#10465,1.);
#10465 = DIRECTION('',(0.,0.,1.));
#10466 = ORIENTED_EDGE('',*,*,#9620,.T.);
#10467 = ORIENTED_EDGE('',*,*,#10461,.T.);
#10468 = CYLINDRICAL_SURFACE('',#10469,0.45);
#10469 = AXIS2_PLACEMENT_3D('',#10470,#10471,#10472);
#10470 = CARTESIAN_POINT('',(9.2,68.6,-1.E-02));
#10471 = DIRECTION('',(0.,0.,1.));
#10472 = DIRECTION('',(1.,0.,-0.));
#10473 = ADVANCED_FACE('',(#10474),#10485,.F.);
#10474 = FACE_BOUND('',#10475,.F.);
#10475 = EDGE_LOOP('',(#10476,#10477,#10483,#10484));
#10476 = ORIENTED_EDGE('',*,*,#8732,.F.);
#10477 = ORIENTED_EDGE('',*,*,#10478,.F.);
#10478 = EDGE_CURVE('',#9632,#8733,#10479,.T.);
#10479 = LINE('',#10480,#10481);
#10480 = CARTESIAN_POINT('',(11.25,68.6,-1.E-02));
#10481 = VECTOR('',#10482,1.);
#10482 = DIRECTION('',(0.,0.,1.));
#10483 = ORIENTED_EDGE('',*,*,#9631,.T.);
#10484 = ORIENTED_EDGE('',*,*,#10478,.T.);
#10485 = CYLINDRICAL_SURFACE('',#10486,0.45);
#10486 = AXIS2_PLACEMENT_3D('',#10487,#10488,#10489);
#10487 = CARTESIAN_POINT('',(10.8,68.6,-1.E-02));
#10488 = DIRECTION('',(0.,0.,1.));
#10489 = DIRECTION('',(1.,0.,-0.));
#10490 = ADVANCED_FACE('',(#10491),#10502,.F.);
#10491 = FACE_BOUND('',#10492,.F.);
#10492 = EDGE_LOOP('',(#10493,#10494,#10500,#10501));
#10493 = ORIENTED_EDGE('',*,*,#8743,.F.);
#10494 = ORIENTED_EDGE('',*,*,#10495,.F.);
#10495 = EDGE_CURVE('',#9643,#8744,#10496,.T.);
#10496 = LINE('',#10497,#10498);
#10497 = CARTESIAN_POINT('',(12.85,68.6,-1.E-02));
#10498 = VECTOR('',#10499,1.);
#10499 = DIRECTION('',(0.,0.,1.));
#10500 = ORIENTED_EDGE('',*,*,#9642,.T.);
#10501 = ORIENTED_EDGE('',*,*,#10495,.T.);
#10502 = CYLINDRICAL_SURFACE('',#10503,0.45);
#10503 = AXIS2_PLACEMENT_3D('',#10504,#10505,#10506);
#10504 = CARTESIAN_POINT('',(12.4,68.6,-1.E-02));
#10505 = DIRECTION('',(0.,0.,1.));
#10506 = DIRECTION('',(1.,0.,-0.));
#10507 = ADVANCED_FACE('',(#10508),#10519,.F.);
#10508 = FACE_BOUND('',#10509,.F.);
#10509 = EDGE_LOOP('',(#10510,#10511,#10517,#10518));
#10510 = ORIENTED_EDGE('',*,*,#8754,.F.);
#10511 = ORIENTED_EDGE('',*,*,#10512,.F.);
#10512 = EDGE_CURVE('',#9654,#8755,#10513,.T.);
#10513 = LINE('',#10514,#10515);
#10514 = CARTESIAN_POINT('',(34.1,67.,-1.E-02));
#10515 = VECTOR('',#10516,1.);
#10516 = DIRECTION('',(0.,0.,1.));
#10517 = ORIENTED_EDGE('',*,*,#9653,.T.);
#10518 = ORIENTED_EDGE('',*,*,#10512,.T.);
#10519 = CYLINDRICAL_SURFACE('',#10520,0.5);
#10520 = AXIS2_PLACEMENT_3D('',#10521,#10522,#10523);
#10521 = CARTESIAN_POINT('',(33.6,67.,-1.E-02));
#10522 = DIRECTION('',(0.,0.,1.));
#10523 = DIRECTION('',(1.,0.,-0.));
#10524 = ADVANCED_FACE('',(#10525),#10536,.F.);
#10525 = FACE_BOUND('',#10526,.F.);
#10526 = EDGE_LOOP('',(#10527,#10528,#10534,#10535));
#10527 = ORIENTED_EDGE('',*,*,#8765,.F.);
#10528 = ORIENTED_EDGE('',*,*,#10529,.F.);
#10529 = EDGE_CURVE('',#9665,#8766,#10530,.T.);
#10530 = LINE('',#10531,#10532);
#10531 = CARTESIAN_POINT('',(35.7,67.,-1.E-02));
#10532 = VECTOR('',#10533,1.);
#10533 = DIRECTION('',(0.,0.,1.));
#10534 = ORIENTED_EDGE('',*,*,#9664,.T.);
#10535 = ORIENTED_EDGE('',*,*,#10529,.T.);
#10536 = CYLINDRICAL_SURFACE('',#10537,0.5);
#10537 = AXIS2_PLACEMENT_3D('',#10538,#10539,#10540);
#10538 = CARTESIAN_POINT('',(35.2,67.,-1.E-02));
#10539 = DIRECTION('',(0.,0.,1.));
#10540 = DIRECTION('',(1.,0.,-0.));
#10541 = ADVANCED_FACE('',(#10542),#10553,.F.);
#10542 = FACE_BOUND('',#10543,.F.);
#10543 = EDGE_LOOP('',(#10544,#10545,#10551,#10552));
#10544 = ORIENTED_EDGE('',*,*,#8776,.F.);
#10545 = ORIENTED_EDGE('',*,*,#10546,.F.);
#10546 = EDGE_CURVE('',#9764,#8777,#10547,.T.);
#10547 = LINE('',#10548,#10549);
#10548 = CARTESIAN_POINT('',(37.3,67.,-1.E-02));
#10549 = VECTOR('',#10550,1.);
#10550 = DIRECTION('',(0.,0.,1.));
#10551 = ORIENTED_EDGE('',*,*,#9763,.T.);
#10552 = ORIENTED_EDGE('',*,*,#10546,.T.);
#10553 = CYLINDRICAL_SURFACE('',#10554,0.5);
#10554 = AXIS2_PLACEMENT_3D('',#10555,#10556,#10557);
#10555 = CARTESIAN_POINT('',(36.8,67.,-1.E-02));
#10556 = DIRECTION('',(0.,0.,1.));
#10557 = DIRECTION('',(1.,0.,-0.));
#10558 = ADVANCED_FACE('',(#10559),#10570,.F.);
#10559 = FACE_BOUND('',#10560,.F.);
#10560 = EDGE_LOOP('',(#10561,#10562,#10568,#10569));
#10561 = ORIENTED_EDGE('',*,*,#8787,.F.);
#10562 = ORIENTED_EDGE('',*,*,#10563,.F.);
#10563 = EDGE_CURVE('',#9775,#8788,#10564,.T.);
#10564 = LINE('',#10565,#10566);
#10565 = CARTESIAN_POINT('',(38.9,67.,-1.E-02));
#10566 = VECTOR('',#10567,1.);
#10567 = DIRECTION('',(0.,0.,1.));
#10568 = ORIENTED_EDGE('',*,*,#9774,.T.);
#10569 = ORIENTED_EDGE('',*,*,#10563,.T.);
#10570 = CYLINDRICAL_SURFACE('',#10571,0.5);
#10571 = AXIS2_PLACEMENT_3D('',#10572,#10573,#10574);
#10572 = CARTESIAN_POINT('',(38.4,67.,-1.E-02));
#10573 = DIRECTION('',(0.,0.,1.));
#10574 = DIRECTION('',(1.,0.,-0.));
#10575 = ADVANCED_FACE('',(#10576),#10587,.F.);
#10576 = FACE_BOUND('',#10577,.F.);
#10577 = EDGE_LOOP('',(#10578,#10579,#10585,#10586));
#10578 = ORIENTED_EDGE('',*,*,#8798,.F.);
#10579 = ORIENTED_EDGE('',*,*,#10580,.F.);
#10580 = EDGE_CURVE('',#9676,#8799,#10581,.T.);
#10581 = LINE('',#10582,#10583);
#10582 = CARTESIAN_POINT('',(34.1,68.6,-1.E-02));
#10583 = VECTOR('',#10584,1.);
#10584 = DIRECTION('',(0.,0.,1.));
#10585 = ORIENTED_EDGE('',*,*,#9675,.T.);
#10586 = ORIENTED_EDGE('',*,*,#10580,.T.);
#10587 = CYLINDRICAL_SURFACE('',#10588,0.5);
#10588 = AXIS2_PLACEMENT_3D('',#10589,#10590,#10591);
#10589 = CARTESIAN_POINT('',(33.6,68.6,-1.E-02));
#10590 = DIRECTION('',(0.,0.,1.));
#10591 = DIRECTION('',(1.,0.,-0.));
#10592 = ADVANCED_FACE('',(#10593),#10604,.F.);
#10593 = FACE_BOUND('',#10594,.F.);
#10594 = EDGE_LOOP('',(#10595,#10596,#10602,#10603));
#10595 = ORIENTED_EDGE('',*,*,#8809,.F.);
#10596 = ORIENTED_EDGE('',*,*,#10597,.F.);
#10597 = EDGE_CURVE('',#9687,#8810,#10598,.T.);
#10598 = LINE('',#10599,#10600);
#10599 = CARTESIAN_POINT('',(35.7,68.6,-1.E-02));
#10600 = VECTOR('',#10601,1.);
#10601 = DIRECTION('',(0.,0.,1.));
#10602 = ORIENTED_EDGE('',*,*,#9686,.T.);
#10603 = ORIENTED_EDGE('',*,*,#10597,.T.);
#10604 = CYLINDRICAL_SURFACE('',#10605,0.5);
#10605 = AXIS2_PLACEMENT_3D('',#10606,#10607,#10608);
#10606 = CARTESIAN_POINT('',(35.2,68.6,-1.E-02));
#10607 = DIRECTION('',(0.,0.,1.));
#10608 = DIRECTION('',(1.,0.,-0.));
#10609 = ADVANCED_FACE('',(#10610),#10621,.F.);
#10610 = FACE_BOUND('',#10611,.F.);
#10611 = EDGE_LOOP('',(#10612,#10613,#10619,#10620));
#10612 = ORIENTED_EDGE('',*,*,#8820,.F.);
#10613 = ORIENTED_EDGE('',*,*,#10614,.F.);
#10614 = EDGE_CURVE('',#9786,#8821,#10615,.T.);
#10615 = LINE('',#10616,#10617);
#10616 = CARTESIAN_POINT('',(37.3,68.6,-1.E-02));
#10617 = VECTOR('',#10618,1.);
#10618 = DIRECTION('',(0.,0.,1.));
#10619 = ORIENTED_EDGE('',*,*,#9785,.T.);
#10620 = ORIENTED_EDGE('',*,*,#10614,.T.);
#10621 = CYLINDRICAL_SURFACE('',#10622,0.5);
#10622 = AXIS2_PLACEMENT_3D('',#10623,#10624,#10625);
#10623 = CARTESIAN_POINT('',(36.8,68.6,-1.E-02));
#10624 = DIRECTION('',(0.,0.,1.));
#10625 = DIRECTION('',(1.,0.,-0.));
#10626 = ADVANCED_FACE('',(#10627),#10638,.F.);
#10627 = FACE_BOUND('',#10628,.F.);
#10628 = EDGE_LOOP('',(#10629,#10630,#10636,#10637));
#10629 = ORIENTED_EDGE('',*,*,#8831,.F.);
#10630 = ORIENTED_EDGE('',*,*,#10631,.F.);
#10631 = EDGE_CURVE('',#9797,#8832,#10632,.T.);
#10632 = LINE('',#10633,#10634);
#10633 = CARTESIAN_POINT('',(38.9,68.6,-1.E-02));
#10634 = VECTOR('',#10635,1.);
#10635 = DIRECTION('',(0.,0.,1.));
#10636 = ORIENTED_EDGE('',*,*,#9796,.T.);
#10637 = ORIENTED_EDGE('',*,*,#10631,.T.);
#10638 = CYLINDRICAL_SURFACE('',#10639,0.5);
#10639 = AXIS2_PLACEMENT_3D('',#10640,#10641,#10642);
#10640 = CARTESIAN_POINT('',(38.4,68.6,-1.E-02));
#10641 = DIRECTION('',(0.,0.,1.));
#10642 = DIRECTION('',(1.,0.,-0.));
#10643 = ADVANCED_FACE('',(#10644),#10655,.F.);
#10644 = FACE_BOUND('',#10645,.F.);
#10645 = EDGE_LOOP('',(#10646,#10647,#10653,#10654));
#10646 = ORIENTED_EDGE('',*,*,#8842,.F.);
#10647 = ORIENTED_EDGE('',*,*,#10648,.F.);
#10648 = EDGE_CURVE('',#9698,#8843,#10649,.T.);
#10649 = LINE('',#10650,#10651);
#10650 = CARTESIAN_POINT('',(8.05,70.2,-1.E-02));
#10651 = VECTOR('',#10652,1.);
#10652 = DIRECTION('',(0.,0.,1.));
#10653 = ORIENTED_EDGE('',*,*,#9697,.T.);
#10654 = ORIENTED_EDGE('',*,*,#10648,.T.);
#10655 = CYLINDRICAL_SURFACE('',#10656,0.45);
#10656 = AXIS2_PLACEMENT_3D('',#10657,#10658,#10659);
#10657 = CARTESIAN_POINT('',(7.6,70.2,-1.E-02));
#10658 = DIRECTION('',(0.,0.,1.));
#10659 = DIRECTION('',(1.,0.,-0.));
#10660 = ADVANCED_FACE('',(#10661),#10672,.F.);
#10661 = FACE_BOUND('',#10662,.F.);
#10662 = EDGE_LOOP('',(#10663,#10664,#10670,#10671));
#10663 = ORIENTED_EDGE('',*,*,#8853,.F.);
#10664 = ORIENTED_EDGE('',*,*,#10665,.F.);
#10665 = EDGE_CURVE('',#9709,#8854,#10666,.T.);
#10666 = LINE('',#10667,#10668);
#10667 = CARTESIAN_POINT('',(9.65,70.2,-1.E-02));
#10668 = VECTOR('',#10669,1.);
#10669 = DIRECTION('',(0.,0.,1.));
#10670 = ORIENTED_EDGE('',*,*,#9708,.T.);
#10671 = ORIENTED_EDGE('',*,*,#10665,.T.);
#10672 = CYLINDRICAL_SURFACE('',#10673,0.45);
#10673 = AXIS2_PLACEMENT_3D('',#10674,#10675,#10676);
#10674 = CARTESIAN_POINT('',(9.2,70.2,-1.E-02));
#10675 = DIRECTION('',(0.,0.,1.));
#10676 = DIRECTION('',(1.,0.,-0.));
#10677 = ADVANCED_FACE('',(#10678),#10689,.F.);
#10678 = FACE_BOUND('',#10679,.F.);
#10679 = EDGE_LOOP('',(#10680,#10681,#10687,#10688));
#10680 = ORIENTED_EDGE('',*,*,#8864,.F.);
#10681 = ORIENTED_EDGE('',*,*,#10682,.F.);
#10682 = EDGE_CURVE('',#9720,#8865,#10683,.T.);
#10683 = LINE('',#10684,#10685);
#10684 = CARTESIAN_POINT('',(11.25,70.2,-1.E-02));
#10685 = VECTOR('',#10686,1.);
#10686 = DIRECTION('',(0.,0.,1.));
#10687 = ORIENTED_EDGE('',*,*,#9719,.T.);
#10688 = ORIENTED_EDGE('',*,*,#10682,.T.);
#10689 = CYLINDRICAL_SURFACE('',#10690,0.45);
#10690 = AXIS2_PLACEMENT_3D('',#10691,#10692,#10693);
#10691 = CARTESIAN_POINT('',(10.8,70.2,-1.E-02));
#10692 = DIRECTION('',(0.,0.,1.));
#10693 = DIRECTION('',(1.,0.,-0.));
#10694 = ADVANCED_FACE('',(#10695),#10706,.F.);
#10695 = FACE_BOUND('',#10696,.F.);
#10696 = EDGE_LOOP('',(#10697,#10698,#10704,#10705));
#10697 = ORIENTED_EDGE('',*,*,#8875,.F.);
#10698 = ORIENTED_EDGE('',*,*,#10699,.F.);
#10699 = EDGE_CURVE('',#9731,#8876,#10700,.T.);
#10700 = LINE('',#10701,#10702);
#10701 = CARTESIAN_POINT('',(12.85,70.2,-1.E-02));
#10702 = VECTOR('',#10703,1.);
#10703 = DIRECTION('',(0.,0.,1.));
#10704 = ORIENTED_EDGE('',*,*,#9730,.T.);
#10705 = ORIENTED_EDGE('',*,*,#10699,.T.);
#10706 = CYLINDRICAL_SURFACE('',#10707,0.45);
#10707 = AXIS2_PLACEMENT_3D('',#10708,#10709,#10710);
#10708 = CARTESIAN_POINT('',(12.4,70.2,-1.E-02));
#10709 = DIRECTION('',(0.,0.,1.));
#10710 = DIRECTION('',(1.,0.,-0.));
#10711 = ADVANCED_FACE('',(#10712),#10731,.F.);
#10712 = FACE_BOUND('',#10713,.F.);
#10713 = EDGE_LOOP('',(#10714,#10715,#10723,#10730));
#10714 = ORIENTED_EDGE('',*,*,#8886,.F.);
#10715 = ORIENTED_EDGE('',*,*,#10716,.F.);
#10716 = EDGE_CURVE('',#10717,#8887,#10719,.T.);
#10717 = VERTEX_POINT('',#10718);
#10718 = CARTESIAN_POINT('',(20.15,71.,1.6));
#10719 = LINE('',#10720,#10721);
#10720 = CARTESIAN_POINT('',(20.15,71.,1.6));
#10721 = VECTOR('',#10722,1.);
#10722 = DIRECTION('',(0.,0.,1.));
#10723 = ORIENTED_EDGE('',*,*,#10724,.T.);
#10724 = EDGE_CURVE('',#10717,#10717,#10725,.T.);
#10725 = CIRCLE('',#10726,0.65);
#10726 = AXIS2_PLACEMENT_3D('',#10727,#10728,#10729);
#10727 = CARTESIAN_POINT('',(19.5,71.,1.6));
#10728 = DIRECTION('',(0.,0.,1.));
#10729 = DIRECTION('',(1.,0.,-0.));
#10730 = ORIENTED_EDGE('',*,*,#10716,.T.);
#10731 = CYLINDRICAL_SURFACE('',#10732,0.65);
#10732 = AXIS2_PLACEMENT_3D('',#10733,#10734,#10735);
#10733 = CARTESIAN_POINT('',(19.5,71.,1.6));
#10734 = DIRECTION('',(0.,0.,1.));
#10735 = DIRECTION('',(1.,0.,-0.));
#10736 = ADVANCED_FACE('',(#10737),#10748,.F.);
#10737 = FACE_BOUND('',#10738,.F.);
#10738 = EDGE_LOOP('',(#10739,#10740,#10746,#10747));
#10739 = ORIENTED_EDGE('',*,*,#8897,.F.);
#10740 = ORIENTED_EDGE('',*,*,#10741,.F.);
#10741 = EDGE_CURVE('',#9742,#8898,#10742,.T.);
#10742 = LINE('',#10743,#10744);
#10743 = CARTESIAN_POINT('',(34.1,70.2,-1.E-02));
#10744 = VECTOR('',#10745,1.);
#10745 = DIRECTION('',(0.,0.,1.));
#10746 = ORIENTED_EDGE('',*,*,#9741,.T.);
#10747 = ORIENTED_EDGE('',*,*,#10741,.T.);
#10748 = CYLINDRICAL_SURFACE('',#10749,0.5);
#10749 = AXIS2_PLACEMENT_3D('',#10750,#10751,#10752);
#10750 = CARTESIAN_POINT('',(33.6,70.2,-1.E-02));
#10751 = DIRECTION('',(0.,0.,1.));
#10752 = DIRECTION('',(1.,0.,-0.));
#10753 = ADVANCED_FACE('',(#10754),#10765,.F.);
#10754 = FACE_BOUND('',#10755,.F.);
#10755 = EDGE_LOOP('',(#10756,#10757,#10763,#10764));
#10756 = ORIENTED_EDGE('',*,*,#8908,.F.);
#10757 = ORIENTED_EDGE('',*,*,#10758,.F.);
#10758 = EDGE_CURVE('',#9753,#8909,#10759,.T.);
#10759 = LINE('',#10760,#10761);
#10760 = CARTESIAN_POINT('',(35.7,70.2,-1.E-02));
#10761 = VECTOR('',#10762,1.);
#10762 = DIRECTION('',(0.,0.,1.));
#10763 = ORIENTED_EDGE('',*,*,#9752,.T.);
#10764 = ORIENTED_EDGE('',*,*,#10758,.T.);
#10765 = CYLINDRICAL_SURFACE('',#10766,0.5);
#10766 = AXIS2_PLACEMENT_3D('',#10767,#10768,#10769);
#10767 = CARTESIAN_POINT('',(35.2,70.2,-1.E-02));
#10768 = DIRECTION('',(0.,0.,1.));
#10769 = DIRECTION('',(1.,0.,-0.));
#10770 = ADVANCED_FACE('',(#10771),#10782,.F.);
#10771 = FACE_BOUND('',#10772,.F.);
#10772 = EDGE_LOOP('',(#10773,#10774,#10780,#10781));
#10773 = ORIENTED_EDGE('',*,*,#8919,.F.);
#10774 = ORIENTED_EDGE('',*,*,#10775,.F.);
#10775 = EDGE_CURVE('',#9896,#8920,#10776,.T.);
#10776 = LINE('',#10777,#10778);
#10777 = CARTESIAN_POINT('',(37.3,70.2,-1.E-02));
#10778 = VECTOR('',#10779,1.);
#10779 = DIRECTION('',(0.,0.,1.));
#10780 = ORIENTED_EDGE('',*,*,#9895,.T.);
#10781 = ORIENTED_EDGE('',*,*,#10775,.T.);
#10782 = CYLINDRICAL_SURFACE('',#10783,0.5);
#10783 = AXIS2_PLACEMENT_3D('',#10784,#10785,#10786);
#10784 = CARTESIAN_POINT('',(36.8,70.2,-1.E-02));
#10785 = DIRECTION('',(0.,0.,1.));
#10786 = DIRECTION('',(1.,0.,-0.));
#10787 = ADVANCED_FACE('',(#10788),#10799,.F.);
#10788 = FACE_BOUND('',#10789,.F.);
#10789 = EDGE_LOOP('',(#10790,#10791,#10797,#10798));
#10790 = ORIENTED_EDGE('',*,*,#8930,.F.);
#10791 = ORIENTED_EDGE('',*,*,#10792,.F.);
#10792 = EDGE_CURVE('',#9907,#8931,#10793,.T.);
#10793 = LINE('',#10794,#10795);
#10794 = CARTESIAN_POINT('',(38.9,70.2,-1.E-02));
#10795 = VECTOR('',#10796,1.);
#10796 = DIRECTION('',(0.,0.,1.));
#10797 = ORIENTED_EDGE('',*,*,#9906,.T.);
#10798 = ORIENTED_EDGE('',*,*,#10792,.T.);
#10799 = CYLINDRICAL_SURFACE('',#10800,0.5);
#10800 = AXIS2_PLACEMENT_3D('',#10801,#10802,#10803);
#10801 = CARTESIAN_POINT('',(38.4,70.2,-1.E-02));
#10802 = DIRECTION('',(0.,0.,1.));
#10803 = DIRECTION('',(1.,0.,-0.));
#10804 = ADVANCED_FACE('',(#10805),#10816,.F.);
#10805 = FACE_BOUND('',#10806,.F.);
#10806 = EDGE_LOOP('',(#10807,#10808,#10814,#10815));
#10807 = ORIENTED_EDGE('',*,*,#8941,.F.);
#10808 = ORIENTED_EDGE('',*,*,#10809,.F.);
#10809 = EDGE_CURVE('',#9808,#8942,#10810,.T.);
#10810 = LINE('',#10811,#10812);
#10811 = CARTESIAN_POINT('',(60.15,67.,-1.E-02));
#10812 = VECTOR('',#10813,1.);
#10813 = DIRECTION('',(0.,0.,1.));
#10814 = ORIENTED_EDGE('',*,*,#9807,.T.);
#10815 = ORIENTED_EDGE('',*,*,#10809,.T.);
#10816 = CYLINDRICAL_SURFACE('',#10817,0.55);
#10817 = AXIS2_PLACEMENT_3D('',#10818,#10819,#10820);
#10818 = CARTESIAN_POINT('',(59.6,67.,-1.E-02));
#10819 = DIRECTION('',(0.,0.,1.));
#10820 = DIRECTION('',(1.,0.,-0.));
#10821 = ADVANCED_FACE('',(#10822),#10833,.F.);
#10822 = FACE_BOUND('',#10823,.F.);
#10823 = EDGE_LOOP('',(#10824,#10825,#10831,#10832));
#10824 = ORIENTED_EDGE('',*,*,#8952,.F.);
#10825 = ORIENTED_EDGE('',*,*,#10826,.F.);
#10826 = EDGE_CURVE('',#9819,#8953,#10827,.T.);
#10827 = LINE('',#10828,#10829);
#10828 = CARTESIAN_POINT('',(61.75,67.,-1.E-02));
#10829 = VECTOR('',#10830,1.);
#10830 = DIRECTION('',(0.,0.,1.));
#10831 = ORIENTED_EDGE('',*,*,#9818,.T.);
#10832 = ORIENTED_EDGE('',*,*,#10826,.T.);
#10833 = CYLINDRICAL_SURFACE('',#10834,0.55);
#10834 = AXIS2_PLACEMENT_3D('',#10835,#10836,#10837);
#10835 = CARTESIAN_POINT('',(61.2,67.,-1.E-02));
#10836 = DIRECTION('',(0.,0.,1.));
#10837 = DIRECTION('',(1.,0.,-0.));
#10838 = ADVANCED_FACE('',(#10839),#10850,.F.);
#10839 = FACE_BOUND('',#10840,.F.);
#10840 = EDGE_LOOP('',(#10841,#10842,#10848,#10849));
#10841 = ORIENTED_EDGE('',*,*,#8963,.F.);
#10842 = ORIENTED_EDGE('',*,*,#10843,.F.);
#10843 = EDGE_CURVE('',#9830,#8964,#10844,.T.);
#10844 = LINE('',#10845,#10846);
#10845 = CARTESIAN_POINT('',(63.35,67.,-1.E-02));
#10846 = VECTOR('',#10847,1.);
#10847 = DIRECTION('',(0.,0.,1.));
#10848 = ORIENTED_EDGE('',*,*,#9829,.T.);
#10849 = ORIENTED_EDGE('',*,*,#10843,.T.);
#10850 = CYLINDRICAL_SURFACE('',#10851,0.55);
#10851 = AXIS2_PLACEMENT_3D('',#10852,#10853,#10854);
#10852 = CARTESIAN_POINT('',(62.8,67.,-1.E-02));
#10853 = DIRECTION('',(0.,0.,1.));
#10854 = DIRECTION('',(1.,0.,-0.));
#10855 = ADVANCED_FACE('',(#10856),#10867,.F.);
#10856 = FACE_BOUND('',#10857,.F.);
#10857 = EDGE_LOOP('',(#10858,#10859,#10865,#10866));
#10858 = ORIENTED_EDGE('',*,*,#8974,.F.);
#10859 = ORIENTED_EDGE('',*,*,#10860,.F.);
#10860 = EDGE_CURVE('',#9841,#8975,#10861,.T.);
#10861 = LINE('',#10862,#10863);
#10862 = CARTESIAN_POINT('',(64.95,67.,-1.E-02));
#10863 = VECTOR('',#10864,1.);
#10864 = DIRECTION('',(0.,0.,1.));
#10865 = ORIENTED_EDGE('',*,*,#9840,.T.);
#10866 = ORIENTED_EDGE('',*,*,#10860,.T.);
#10867 = CYLINDRICAL_SURFACE('',#10868,0.55);
#10868 = AXIS2_PLACEMENT_3D('',#10869,#10870,#10871);
#10869 = CARTESIAN_POINT('',(64.4,67.,-1.E-02));
#10870 = DIRECTION('',(0.,0.,1.));
#10871 = DIRECTION('',(1.,0.,-0.));
#10872 = ADVANCED_FACE('',(#10873),#10884,.F.);
#10873 = FACE_BOUND('',#10874,.F.);
#10874 = EDGE_LOOP('',(#10875,#10876,#10882,#10883));
#10875 = ORIENTED_EDGE('',*,*,#8985,.F.);
#10876 = ORIENTED_EDGE('',*,*,#10877,.F.);
#10877 = EDGE_CURVE('',#9852,#8986,#10878,.T.);
#10878 = LINE('',#10879,#10880);
#10879 = CARTESIAN_POINT('',(60.15,68.6,-1.E-02));
#10880 = VECTOR('',#10881,1.);
#10881 = DIRECTION('',(0.,0.,1.));
#10882 = ORIENTED_EDGE('',*,*,#9851,.T.);
#10883 = ORIENTED_EDGE('',*,*,#10877,.T.);
#10884 = CYLINDRICAL_SURFACE('',#10885,0.55);
#10885 = AXIS2_PLACEMENT_3D('',#10886,#10887,#10888);
#10886 = CARTESIAN_POINT('',(59.6,68.6,-1.E-02));
#10887 = DIRECTION('',(0.,0.,1.));
#10888 = DIRECTION('',(1.,0.,-0.));
#10889 = ADVANCED_FACE('',(#10890),#10901,.F.);
#10890 = FACE_BOUND('',#10891,.F.);
#10891 = EDGE_LOOP('',(#10892,#10893,#10899,#10900));
#10892 = ORIENTED_EDGE('',*,*,#8996,.F.);
#10893 = ORIENTED_EDGE('',*,*,#10894,.F.);
#10894 = EDGE_CURVE('',#9863,#8997,#10895,.T.);
#10895 = LINE('',#10896,#10897);
#10896 = CARTESIAN_POINT('',(61.75,68.6,-1.E-02));
#10897 = VECTOR('',#10898,1.);
#10898 = DIRECTION('',(0.,0.,1.));
#10899 = ORIENTED_EDGE('',*,*,#9862,.T.);
#10900 = ORIENTED_EDGE('',*,*,#10894,.T.);
#10901 = CYLINDRICAL_SURFACE('',#10902,0.55);
#10902 = AXIS2_PLACEMENT_3D('',#10903,#10904,#10905);
#10903 = CARTESIAN_POINT('',(61.2,68.6,-1.E-02));
#10904 = DIRECTION('',(0.,0.,1.));
#10905 = DIRECTION('',(1.,0.,-0.));
#10906 = ADVANCED_FACE('',(#10907),#10918,.F.);
#10907 = FACE_BOUND('',#10908,.F.);
#10908 = EDGE_LOOP('',(#10909,#10910,#10916,#10917));
#10909 = ORIENTED_EDGE('',*,*,#9007,.F.);
#10910 = ORIENTED_EDGE('',*,*,#10911,.F.);
#10911 = EDGE_CURVE('',#9874,#9008,#10912,.T.);
#10912 = LINE('',#10913,#10914);
#10913 = CARTESIAN_POINT('',(63.35,68.6,-1.E-02));
#10914 = VECTOR('',#10915,1.);
#10915 = DIRECTION('',(0.,0.,1.));
#10916 = ORIENTED_EDGE('',*,*,#9873,.T.);
#10917 = ORIENTED_EDGE('',*,*,#10911,.T.);
#10918 = CYLINDRICAL_SURFACE('',#10919,0.55);
#10919 = AXIS2_PLACEMENT_3D('',#10920,#10921,#10922);
#10920 = CARTESIAN_POINT('',(62.8,68.6,-1.E-02));
#10921 = DIRECTION('',(0.,0.,1.));
#10922 = DIRECTION('',(1.,0.,-0.));
#10923 = ADVANCED_FACE('',(#10924),#10935,.F.);
#10924 = FACE_BOUND('',#10925,.F.);
#10925 = EDGE_LOOP('',(#10926,#10927,#10933,#10934));
#10926 = ORIENTED_EDGE('',*,*,#9018,.F.);
#10927 = ORIENTED_EDGE('',*,*,#10928,.F.);
#10928 = EDGE_CURVE('',#9885,#9019,#10929,.T.);
#10929 = LINE('',#10930,#10931);
#10930 = CARTESIAN_POINT('',(64.95,68.6,-1.E-02));
#10931 = VECTOR('',#10932,1.);
#10932 = DIRECTION('',(0.,0.,1.));
#10933 = ORIENTED_EDGE('',*,*,#9884,.T.);
#10934 = ORIENTED_EDGE('',*,*,#10928,.T.);
#10935 = CYLINDRICAL_SURFACE('',#10936,0.55);
#10936 = AXIS2_PLACEMENT_3D('',#10937,#10938,#10939);
#10937 = CARTESIAN_POINT('',(64.4,68.6,-1.E-02));
#10938 = DIRECTION('',(0.,0.,1.));
#10939 = DIRECTION('',(1.,0.,-0.));
#10940 = ADVANCED_FACE('',(#10941),#10960,.F.);
#10941 = FACE_BOUND('',#10942,.F.);
#10942 = EDGE_LOOP('',(#10943,#10944,#10952,#10959));
#10943 = ORIENTED_EDGE('',*,*,#9029,.F.);
#10944 = ORIENTED_EDGE('',*,*,#10945,.F.);
#10945 = EDGE_CURVE('',#10946,#9030,#10948,.T.);
#10946 = VERTEX_POINT('',#10947);
#10947 = CARTESIAN_POINT('',(45.05,71.,1.6));
#10948 = LINE('',#10949,#10950);
#10949 = CARTESIAN_POINT('',(45.05,71.,1.6));
#10950 = VECTOR('',#10951,1.);
#10951 = DIRECTION('',(0.,0.,1.));
#10952 = ORIENTED_EDGE('',*,*,#10953,.T.);
#10953 = EDGE_CURVE('',#10946,#10946,#10954,.T.);
#10954 = CIRCLE('',#10955,0.65);
#10955 = AXIS2_PLACEMENT_3D('',#10956,#10957,#10958);
#10956 = CARTESIAN_POINT('',(44.4,71.,1.6));
#10957 = DIRECTION('',(0.,0.,1.));
#10958 = DIRECTION('',(1.,0.,-0.));
#10959 = ORIENTED_EDGE('',*,*,#10945,.T.);
#10960 = CYLINDRICAL_SURFACE('',#10961,0.65);
#10961 = AXIS2_PLACEMENT_3D('',#10962,#10963,#10964);
#10962 = CARTESIAN_POINT('',(44.4,71.,1.6));
#10963 = DIRECTION('',(0.,0.,1.));
#10964 = DIRECTION('',(1.,0.,-0.));
#10965 = ADVANCED_FACE('',(#10966),#10985,.F.);
#10966 = FACE_BOUND('',#10967,.F.);
#10967 = EDGE_LOOP('',(#10968,#10969,#10977,#10984));
#10968 = ORIENTED_EDGE('',*,*,#9040,.F.);
#10969 = ORIENTED_EDGE('',*,*,#10970,.F.);
#10970 = EDGE_CURVE('',#10971,#9041,#10973,.T.);
#10971 = VERTEX_POINT('',#10972);
#10972 = CARTESIAN_POINT('',(47.25,71.,1.6));
#10973 = LINE('',#10974,#10975);
#10974 = CARTESIAN_POINT('',(47.25,71.,1.6));
#10975 = VECTOR('',#10976,1.);
#10976 = DIRECTION('',(0.,0.,1.));
#10977 = ORIENTED_EDGE('',*,*,#10978,.T.);
#10978 = EDGE_CURVE('',#10971,#10971,#10979,.T.);
#10979 = CIRCLE('',#10980,0.65);
#10980 = AXIS2_PLACEMENT_3D('',#10981,#10982,#10983);
#10981 = CARTESIAN_POINT('',(46.6,71.,1.6));
#10982 = DIRECTION('',(0.,0.,1.));
#10983 = DIRECTION('',(1.,0.,-0.));
#10984 = ORIENTED_EDGE('',*,*,#10970,.T.);
#10985 = CYLINDRICAL_SURFACE('',#10986,0.65);
#10986 = AXIS2_PLACEMENT_3D('',#10987,#10988,#10989);
#10987 = CARTESIAN_POINT('',(46.6,71.,1.6));
#10988 = DIRECTION('',(0.,0.,1.));
#10989 = DIRECTION('',(1.,0.,-0.));
#10990 = ADVANCED_FACE('',(#10991),#11002,.F.);
#10991 = FACE_BOUND('',#10992,.F.);
#10992 = EDGE_LOOP('',(#10993,#10994,#11000,#11001));
#10993 = ORIENTED_EDGE('',*,*,#9051,.F.);
#10994 = ORIENTED_EDGE('',*,*,#10995,.F.);
#10995 = EDGE_CURVE('',#9918,#9052,#10996,.T.);
#10996 = LINE('',#10997,#10998);
#10997 = CARTESIAN_POINT('',(60.15,70.2,-1.E-02));
#10998 = VECTOR('',#10999,1.);
#10999 = DIRECTION('',(0.,0.,1.));
#11000 = ORIENTED_EDGE('',*,*,#9917,.T.);
#11001 = ORIENTED_EDGE('',*,*,#10995,.T.);
#11002 = CYLINDRICAL_SURFACE('',#11003,0.55);
#11003 = AXIS2_PLACEMENT_3D('',#11004,#11005,#11006);
#11004 = CARTESIAN_POINT('',(59.6,70.2,-1.E-02));
#11005 = DIRECTION('',(0.,0.,1.));
#11006 = DIRECTION('',(1.,0.,-0.));
#11007 = ADVANCED_FACE('',(#11008),#11019,.F.);
#11008 = FACE_BOUND('',#11009,.F.);
#11009 = EDGE_LOOP('',(#11010,#11011,#11017,#11018));
#11010 = ORIENTED_EDGE('',*,*,#9062,.F.);
#11011 = ORIENTED_EDGE('',*,*,#11012,.F.);
#11012 = EDGE_CURVE('',#9929,#9063,#11013,.T.);
#11013 = LINE('',#11014,#11015);
#11014 = CARTESIAN_POINT('',(61.75,70.2,-1.E-02));
#11015 = VECTOR('',#11016,1.);
#11016 = DIRECTION('',(0.,0.,1.));
#11017 = ORIENTED_EDGE('',*,*,#9928,.T.);
#11018 = ORIENTED_EDGE('',*,*,#11012,.T.);
#11019 = CYLINDRICAL_SURFACE('',#11020,0.55);
#11020 = AXIS2_PLACEMENT_3D('',#11021,#11022,#11023);
#11021 = CARTESIAN_POINT('',(61.2,70.2,-1.E-02));
#11022 = DIRECTION('',(0.,0.,1.));
#11023 = DIRECTION('',(1.,0.,-0.));
#11024 = ADVANCED_FACE('',(#11025),#11036,.F.);
#11025 = FACE_BOUND('',#11026,.F.);
#11026 = EDGE_LOOP('',(#11027,#11028,#11034,#11035));
#11027 = ORIENTED_EDGE('',*,*,#9073,.F.);
#11028 = ORIENTED_EDGE('',*,*,#11029,.F.);
#11029 = EDGE_CURVE('',#9940,#9074,#11030,.T.);
#11030 = LINE('',#11031,#11032);
#11031 = CARTESIAN_POINT('',(63.35,70.2,-1.E-02));
#11032 = VECTOR('',#11033,1.);
#11033 = DIRECTION('',(0.,0.,1.));
#11034 = ORIENTED_EDGE('',*,*,#9939,.T.);
#11035 = ORIENTED_EDGE('',*,*,#11029,.T.);
#11036 = CYLINDRICAL_SURFACE('',#11037,0.55);
#11037 = AXIS2_PLACEMENT_3D('',#11038,#11039,#11040);
#11038 = CARTESIAN_POINT('',(62.8,70.2,-1.E-02));
#11039 = DIRECTION('',(0.,0.,1.));
#11040 = DIRECTION('',(1.,0.,-0.));
#11041 = ADVANCED_FACE('',(#11042),#11053,.F.);
#11042 = FACE_BOUND('',#11043,.F.);
#11043 = EDGE_LOOP('',(#11044,#11045,#11051,#11052));
#11044 = ORIENTED_EDGE('',*,*,#9084,.F.);
#11045 = ORIENTED_EDGE('',*,*,#11046,.F.);
#11046 = EDGE_CURVE('',#9951,#9085,#11047,.T.);
#11047 = LINE('',#11048,#11049);
#11048 = CARTESIAN_POINT('',(64.95,70.2,-1.E-02));
#11049 = VECTOR('',#11050,1.);
#11050 = DIRECTION('',(0.,0.,1.));
#11051 = ORIENTED_EDGE('',*,*,#9950,.T.);
#11052 = ORIENTED_EDGE('',*,*,#11046,.T.);
#11053 = CYLINDRICAL_SURFACE('',#11054,0.55);
#11054 = AXIS2_PLACEMENT_3D('',#11055,#11056,#11057);
#11055 = CARTESIAN_POINT('',(64.4,70.2,-1.E-02));
#11056 = DIRECTION('',(0.,0.,1.));
#11057 = DIRECTION('',(1.,0.,-0.));
#11058 = ADVANCED_FACE('',(#11059),#11078,.F.);
#11059 = FACE_BOUND('',#11060,.F.);
#11060 = EDGE_LOOP('',(#11061,#11062,#11070,#11077));
#11061 = ORIENTED_EDGE('',*,*,#9095,.F.);
#11062 = ORIENTED_EDGE('',*,*,#11063,.F.);
#11063 = EDGE_CURVE('',#11064,#9096,#11066,.T.);
#11064 = VERTEX_POINT('',#11065);
#11065 = CARTESIAN_POINT('',(69.95,71.,1.6));
#11066 = LINE('',#11067,#11068);
#11067 = CARTESIAN_POINT('',(69.95,71.,1.6));
#11068 = VECTOR('',#11069,1.);
#11069 = DIRECTION('',(0.,0.,1.));
#11070 = ORIENTED_EDGE('',*,*,#11071,.T.);
#11071 = EDGE_CURVE('',#11064,#11064,#11072,.T.);
#11072 = CIRCLE('',#11073,0.65);
#11073 = AXIS2_PLACEMENT_3D('',#11074,#11075,#11076);
#11074 = CARTESIAN_POINT('',(69.3,71.,1.6));
#11075 = DIRECTION('',(0.,0.,1.));
#11076 = DIRECTION('',(1.,0.,-0.));
#11077 = ORIENTED_EDGE('',*,*,#11063,.T.);
#11078 = CYLINDRICAL_SURFACE('',#11079,0.65);
#11079 = AXIS2_PLACEMENT_3D('',#11080,#11081,#11082);
#11080 = CARTESIAN_POINT('',(69.3,71.,1.6));
#11081 = DIRECTION('',(0.,0.,1.));
#11082 = DIRECTION('',(1.,0.,-0.));
#11083 = ADVANCED_FACE('',(#11084),#11103,.F.);
#11084 = FACE_BOUND('',#11085,.F.);
#11085 = EDGE_LOOP('',(#11086,#11087,#11095,#11102));
#11086 = ORIENTED_EDGE('',*,*,#9106,.F.);
#11087 = ORIENTED_EDGE('',*,*,#11088,.F.);
#11088 = EDGE_CURVE('',#11089,#9107,#11091,.T.);
#11089 = VERTEX_POINT('',#11090);
#11090 = CARTESIAN_POINT('',(72.15,71.,1.6));
#11091 = LINE('',#11092,#11093);
#11092 = CARTESIAN_POINT('',(72.15,71.,1.6));
#11093 = VECTOR('',#11094,1.);
#11094 = DIRECTION('',(0.,0.,1.));
#11095 = ORIENTED_EDGE('',*,*,#11096,.T.);
#11096 = EDGE_CURVE('',#11089,#11089,#11097,.T.);
#11097 = CIRCLE('',#11098,0.65);
#11098 = AXIS2_PLACEMENT_3D('',#11099,#11100,#11101);
#11099 = CARTESIAN_POINT('',(71.5,71.,1.6));
#11100 = DIRECTION('',(0.,0.,1.));
#11101 = DIRECTION('',(1.,0.,-0.));
#11102 = ORIENTED_EDGE('',*,*,#11088,.T.);
#11103 = CYLINDRICAL_SURFACE('',#11104,0.65);
#11104 = AXIS2_PLACEMENT_3D('',#11105,#11106,#11107);
#11105 = CARTESIAN_POINT('',(71.5,71.,1.6));
#11106 = DIRECTION('',(0.,0.,1.));
#11107 = DIRECTION('',(1.,0.,-0.));
#11108 = ADVANCED_FACE('',(#11109),#11128,.F.);
#11109 = FACE_BOUND('',#11110,.F.);
#11110 = EDGE_LOOP('',(#11111,#11112,#11120,#11127));
#11111 = ORIENTED_EDGE('',*,*,#9117,.F.);
#11112 = ORIENTED_EDGE('',*,*,#11113,.F.);
#11113 = EDGE_CURVE('',#11114,#9118,#11116,.T.);
#11114 = VERTEX_POINT('',#11115);
#11115 = CARTESIAN_POINT('',(74.35,71.,1.6));
#11116 = LINE('',#11117,#11118);
#11117 = CARTESIAN_POINT('',(74.35,71.,1.6));
#11118 = VECTOR('',#11119,1.);
#11119 = DIRECTION('',(0.,0.,1.));
#11120 = ORIENTED_EDGE('',*,*,#11121,.T.);
#11121 = EDGE_CURVE('',#11114,#11114,#11122,.T.);
#11122 = CIRCLE('',#11123,0.65);
#11123 = AXIS2_PLACEMENT_3D('',#11124,#11125,#11126);
#11124 = CARTESIAN_POINT('',(73.7,71.,1.6));
#11125 = DIRECTION('',(0.,0.,1.));
#11126 = DIRECTION('',(1.,0.,-0.));
#11127 = ORIENTED_EDGE('',*,*,#11113,.T.);
#11128 = CYLINDRICAL_SURFACE('',#11129,0.65);
#11129 = AXIS2_PLACEMENT_3D('',#11130,#11131,#11132);
#11130 = CARTESIAN_POINT('',(73.7,71.,1.6));
#11131 = DIRECTION('',(0.,0.,1.));
#11132 = DIRECTION('',(1.,0.,-0.));
#11133 = ADVANCED_FACE('',(#11134),#11145,.F.);
#11134 = FACE_BOUND('',#11135,.F.);
#11135 = EDGE_LOOP('',(#11136,#11137,#11143,#11144));
#11136 = ORIENTED_EDGE('',*,*,#9128,.F.);
#11137 = ORIENTED_EDGE('',*,*,#11138,.F.);
#11138 = EDGE_CURVE('',#9962,#9129,#11139,.T.);
#11139 = LINE('',#11140,#11141);
#11140 = CARTESIAN_POINT('',(8.05,71.8,-1.E-02));
#11141 = VECTOR('',#11142,1.);
#11142 = DIRECTION('',(0.,0.,1.));
#11143 = ORIENTED_EDGE('',*,*,#9961,.T.);
#11144 = ORIENTED_EDGE('',*,*,#11138,.T.);
#11145 = CYLINDRICAL_SURFACE('',#11146,0.45);
#11146 = AXIS2_PLACEMENT_3D('',#11147,#11148,#11149);
#11147 = CARTESIAN_POINT('',(7.6,71.8,-1.E-02));
#11148 = DIRECTION('',(0.,0.,1.));
#11149 = DIRECTION('',(1.,0.,-0.));
#11150 = ADVANCED_FACE('',(#11151),#11162,.F.);
#11151 = FACE_BOUND('',#11152,.F.);
#11152 = EDGE_LOOP('',(#11153,#11154,#11160,#11161));
#11153 = ORIENTED_EDGE('',*,*,#9139,.F.);
#11154 = ORIENTED_EDGE('',*,*,#11155,.F.);
#11155 = EDGE_CURVE('',#9973,#9140,#11156,.T.);
#11156 = LINE('',#11157,#11158);
#11157 = CARTESIAN_POINT('',(9.65,71.8,-1.E-02));
#11158 = VECTOR('',#11159,1.);
#11159 = DIRECTION('',(0.,0.,1.));
#11160 = ORIENTED_EDGE('',*,*,#9972,.T.);
#11161 = ORIENTED_EDGE('',*,*,#11155,.T.);
#11162 = CYLINDRICAL_SURFACE('',#11163,0.45);
#11163 = AXIS2_PLACEMENT_3D('',#11164,#11165,#11166);
#11164 = CARTESIAN_POINT('',(9.2,71.8,-1.E-02));
#11165 = DIRECTION('',(0.,0.,1.));
#11166 = DIRECTION('',(1.,0.,-0.));
#11167 = ADVANCED_FACE('',(#11168),#11179,.F.);
#11168 = FACE_BOUND('',#11169,.F.);
#11169 = EDGE_LOOP('',(#11170,#11171,#11177,#11178));
#11170 = ORIENTED_EDGE('',*,*,#9150,.F.);
#11171 = ORIENTED_EDGE('',*,*,#11172,.F.);
#11172 = EDGE_CURVE('',#9984,#9151,#11173,.T.);
#11173 = LINE('',#11174,#11175);
#11174 = CARTESIAN_POINT('',(11.25,71.8,-1.E-02));
#11175 = VECTOR('',#11176,1.);
#11176 = DIRECTION('',(0.,0.,1.));
#11177 = ORIENTED_EDGE('',*,*,#9983,.T.);
#11178 = ORIENTED_EDGE('',*,*,#11172,.T.);
#11179 = CYLINDRICAL_SURFACE('',#11180,0.45);
#11180 = AXIS2_PLACEMENT_3D('',#11181,#11182,#11183);
#11181 = CARTESIAN_POINT('',(10.8,71.8,-1.E-02));
#11182 = DIRECTION('',(0.,0.,1.));
#11183 = DIRECTION('',(1.,0.,-0.));
#11184 = ADVANCED_FACE('',(#11185),#11196,.F.);
#11185 = FACE_BOUND('',#11186,.F.);
#11186 = EDGE_LOOP('',(#11187,#11188,#11194,#11195));
#11187 = ORIENTED_EDGE('',*,*,#9161,.F.);
#11188 = ORIENTED_EDGE('',*,*,#11189,.F.);
#11189 = EDGE_CURVE('',#9995,#9162,#11190,.T.);
#11190 = LINE('',#11191,#11192);
#11191 = CARTESIAN_POINT('',(12.85,71.8,-1.E-02));
#11192 = VECTOR('',#11193,1.);
#11193 = DIRECTION('',(0.,0.,1.));
#11194 = ORIENTED_EDGE('',*,*,#9994,.T.);
#11195 = ORIENTED_EDGE('',*,*,#11189,.T.);
#11196 = CYLINDRICAL_SURFACE('',#11197,0.45);
#11197 = AXIS2_PLACEMENT_3D('',#11198,#11199,#11200);
#11198 = CARTESIAN_POINT('',(12.4,71.8,-1.E-02));
#11199 = DIRECTION('',(0.,0.,1.));
#11200 = DIRECTION('',(1.,0.,-0.));
#11201 = ADVANCED_FACE('',(#11202),#11213,.F.);
#11202 = FACE_BOUND('',#11203,.F.);
#11203 = EDGE_LOOP('',(#11204,#11205,#11211,#11212));
#11204 = ORIENTED_EDGE('',*,*,#9172,.F.);
#11205 = ORIENTED_EDGE('',*,*,#11206,.F.);
#11206 = EDGE_CURVE('',#10006,#9173,#11207,.T.);
#11207 = LINE('',#11208,#11209);
#11208 = CARTESIAN_POINT('',(34.1,71.8,-1.E-02));
#11209 = VECTOR('',#11210,1.);
#11210 = DIRECTION('',(0.,0.,1.));
#11211 = ORIENTED_EDGE('',*,*,#10005,.T.);
#11212 = ORIENTED_EDGE('',*,*,#11206,.T.);
#11213 = CYLINDRICAL_SURFACE('',#11214,0.5);
#11214 = AXIS2_PLACEMENT_3D('',#11215,#11216,#11217);
#11215 = CARTESIAN_POINT('',(33.6,71.8,-1.E-02));
#11216 = DIRECTION('',(0.,0.,1.));
#11217 = DIRECTION('',(1.,0.,-0.));
#11218 = ADVANCED_FACE('',(#11219),#11230,.F.);
#11219 = FACE_BOUND('',#11220,.F.);
#11220 = EDGE_LOOP('',(#11221,#11222,#11228,#11229));
#11221 = ORIENTED_EDGE('',*,*,#9183,.F.);
#11222 = ORIENTED_EDGE('',*,*,#11223,.F.);
#11223 = EDGE_CURVE('',#10017,#9184,#11224,.T.);
#11224 = LINE('',#11225,#11226);
#11225 = CARTESIAN_POINT('',(35.7,71.8,-1.E-02));
#11226 = VECTOR('',#11227,1.);
#11227 = DIRECTION('',(0.,0.,1.));
#11228 = ORIENTED_EDGE('',*,*,#10016,.T.);
#11229 = ORIENTED_EDGE('',*,*,#11223,.T.);
#11230 = CYLINDRICAL_SURFACE('',#11231,0.5);
#11231 = AXIS2_PLACEMENT_3D('',#11232,#11233,#11234);
#11232 = CARTESIAN_POINT('',(35.2,71.8,-1.E-02));
#11233 = DIRECTION('',(0.,0.,1.));
#11234 = DIRECTION('',(1.,0.,-0.));
#11235 = ADVANCED_FACE('',(#11236),#11247,.F.);
#11236 = FACE_BOUND('',#11237,.F.);
#11237 = EDGE_LOOP('',(#11238,#11239,#11245,#11246));
#11238 = ORIENTED_EDGE('',*,*,#9194,.F.);
#11239 = ORIENTED_EDGE('',*,*,#11240,.F.);
#11240 = EDGE_CURVE('',#10160,#9195,#11241,.T.);
#11241 = LINE('',#11242,#11243);
#11242 = CARTESIAN_POINT('',(37.3,71.8,-1.E-02));
#11243 = VECTOR('',#11244,1.);
#11244 = DIRECTION('',(0.,0.,1.));
#11245 = ORIENTED_EDGE('',*,*,#10159,.T.);
#11246 = ORIENTED_EDGE('',*,*,#11240,.T.);
#11247 = CYLINDRICAL_SURFACE('',#11248,0.5);
#11248 = AXIS2_PLACEMENT_3D('',#11249,#11250,#11251);
#11249 = CARTESIAN_POINT('',(36.8,71.8,-1.E-02));
#11250 = DIRECTION('',(0.,0.,1.));
#11251 = DIRECTION('',(1.,0.,-0.));
#11252 = ADVANCED_FACE('',(#11253),#11264,.F.);
#11253 = FACE_BOUND('',#11254,.F.);
#11254 = EDGE_LOOP('',(#11255,#11256,#11262,#11263));
#11255 = ORIENTED_EDGE('',*,*,#9205,.F.);
#11256 = ORIENTED_EDGE('',*,*,#11257,.F.);
#11257 = EDGE_CURVE('',#10171,#9206,#11258,.T.);
#11258 = LINE('',#11259,#11260);
#11259 = CARTESIAN_POINT('',(38.9,71.8,-1.E-02));
#11260 = VECTOR('',#11261,1.);
#11261 = DIRECTION('',(0.,0.,1.));
#11262 = ORIENTED_EDGE('',*,*,#10170,.T.);
#11263 = ORIENTED_EDGE('',*,*,#11257,.T.);
#11264 = CYLINDRICAL_SURFACE('',#11265,0.5);
#11265 = AXIS2_PLACEMENT_3D('',#11266,#11267,#11268);
#11266 = CARTESIAN_POINT('',(38.4,71.8,-1.E-02));
#11267 = DIRECTION('',(0.,0.,1.));
#11268 = DIRECTION('',(1.,0.,-0.));
#11269 = ADVANCED_FACE('',(#11270),#11281,.F.);
#11270 = FACE_BOUND('',#11271,.F.);
#11271 = EDGE_LOOP('',(#11272,#11273,#11279,#11280));
#11272 = ORIENTED_EDGE('',*,*,#9216,.F.);
#11273 = ORIENTED_EDGE('',*,*,#11274,.F.);
#11274 = EDGE_CURVE('',#10028,#9217,#11275,.T.);
#11275 = LINE('',#11276,#11277);
#11276 = CARTESIAN_POINT('',(8.05,73.4,-1.E-02));
#11277 = VECTOR('',#11278,1.);
#11278 = DIRECTION('',(0.,0.,1.));
#11279 = ORIENTED_EDGE('',*,*,#10027,.T.);
#11280 = ORIENTED_EDGE('',*,*,#11274,.T.);
#11281 = CYLINDRICAL_SURFACE('',#11282,0.45);
#11282 = AXIS2_PLACEMENT_3D('',#11283,#11284,#11285);
#11283 = CARTESIAN_POINT('',(7.6,73.4,-1.E-02));
#11284 = DIRECTION('',(0.,0.,1.));
#11285 = DIRECTION('',(1.,0.,-0.));
#11286 = ADVANCED_FACE('',(#11287),#11298,.F.);
#11287 = FACE_BOUND('',#11288,.F.);
#11288 = EDGE_LOOP('',(#11289,#11290,#11296,#11297));
#11289 = ORIENTED_EDGE('',*,*,#9227,.F.);
#11290 = ORIENTED_EDGE('',*,*,#11291,.F.);
#11291 = EDGE_CURVE('',#10039,#9228,#11292,.T.);
#11292 = LINE('',#11293,#11294);
#11293 = CARTESIAN_POINT('',(9.65,73.4,-1.E-02));
#11294 = VECTOR('',#11295,1.);
#11295 = DIRECTION('',(0.,0.,1.));
#11296 = ORIENTED_EDGE('',*,*,#10038,.T.);
#11297 = ORIENTED_EDGE('',*,*,#11291,.T.);
#11298 = CYLINDRICAL_SURFACE('',#11299,0.45);
#11299 = AXIS2_PLACEMENT_3D('',#11300,#11301,#11302);
#11300 = CARTESIAN_POINT('',(9.2,73.4,-1.E-02));
#11301 = DIRECTION('',(0.,0.,1.));
#11302 = DIRECTION('',(1.,0.,-0.));
#11303 = ADVANCED_FACE('',(#11304),#11315,.F.);
#11304 = FACE_BOUND('',#11305,.F.);
#11305 = EDGE_LOOP('',(#11306,#11307,#11313,#11314));
#11306 = ORIENTED_EDGE('',*,*,#9238,.F.);
#11307 = ORIENTED_EDGE('',*,*,#11308,.F.);
#11308 = EDGE_CURVE('',#10050,#9239,#11309,.T.);
#11309 = LINE('',#11310,#11311);
#11310 = CARTESIAN_POINT('',(11.25,73.4,-1.E-02));
#11311 = VECTOR('',#11312,1.);
#11312 = DIRECTION('',(0.,0.,1.));
#11313 = ORIENTED_EDGE('',*,*,#10049,.T.);
#11314 = ORIENTED_EDGE('',*,*,#11308,.T.);
#11315 = CYLINDRICAL_SURFACE('',#11316,0.45);
#11316 = AXIS2_PLACEMENT_3D('',#11317,#11318,#11319);
#11317 = CARTESIAN_POINT('',(10.8,73.4,-1.E-02));
#11318 = DIRECTION('',(0.,0.,1.));
#11319 = DIRECTION('',(1.,0.,-0.));
#11320 = ADVANCED_FACE('',(#11321),#11332,.F.);
#11321 = FACE_BOUND('',#11322,.F.);
#11322 = EDGE_LOOP('',(#11323,#11324,#11330,#11331));
#11323 = ORIENTED_EDGE('',*,*,#9249,.F.);
#11324 = ORIENTED_EDGE('',*,*,#11325,.F.);
#11325 = EDGE_CURVE('',#10061,#9250,#11326,.T.);
#11326 = LINE('',#11327,#11328);
#11327 = CARTESIAN_POINT('',(12.85,73.4,-1.E-02));
#11328 = VECTOR('',#11329,1.);
#11329 = DIRECTION('',(0.,0.,1.));
#11330 = ORIENTED_EDGE('',*,*,#10060,.T.);
#11331 = ORIENTED_EDGE('',*,*,#11325,.T.);
#11332 = CYLINDRICAL_SURFACE('',#11333,0.45);
#11333 = AXIS2_PLACEMENT_3D('',#11334,#11335,#11336);
#11334 = CARTESIAN_POINT('',(12.4,73.4,-1.E-02));
#11335 = DIRECTION('',(0.,0.,1.));
#11336 = DIRECTION('',(1.,0.,-0.));
#11337 = ADVANCED_FACE('',(#11338),#11349,.F.);
#11338 = FACE_BOUND('',#11339,.F.);
#11339 = EDGE_LOOP('',(#11340,#11341,#11347,#11348));
#11340 = ORIENTED_EDGE('',*,*,#9260,.F.);
#11341 = ORIENTED_EDGE('',*,*,#11342,.F.);
#11342 = EDGE_CURVE('',#10072,#9261,#11343,.T.);
#11343 = LINE('',#11344,#11345);
#11344 = CARTESIAN_POINT('',(8.05,75.,-1.E-02));
#11345 = VECTOR('',#11346,1.);
#11346 = DIRECTION('',(0.,0.,1.));
#11347 = ORIENTED_EDGE('',*,*,#10071,.T.);
#11348 = ORIENTED_EDGE('',*,*,#11342,.T.);
#11349 = CYLINDRICAL_SURFACE('',#11350,0.45);
#11350 = AXIS2_PLACEMENT_3D('',#11351,#11352,#11353);
#11351 = CARTESIAN_POINT('',(7.6,75.,-1.E-02));
#11352 = DIRECTION('',(0.,0.,1.));
#11353 = DIRECTION('',(1.,0.,-0.));
#11354 = ADVANCED_FACE('',(#11355),#11366,.F.);
#11355 = FACE_BOUND('',#11356,.F.);
#11356 = EDGE_LOOP('',(#11357,#11358,#11364,#11365));
#11357 = ORIENTED_EDGE('',*,*,#9271,.F.);
#11358 = ORIENTED_EDGE('',*,*,#11359,.F.);
#11359 = EDGE_CURVE('',#10083,#9272,#11360,.T.);
#11360 = LINE('',#11361,#11362);
#11361 = CARTESIAN_POINT('',(9.65,75.,-1.E-02));
#11362 = VECTOR('',#11363,1.);
#11363 = DIRECTION('',(0.,0.,1.));
#11364 = ORIENTED_EDGE('',*,*,#10082,.T.);
#11365 = ORIENTED_EDGE('',*,*,#11359,.T.);
#11366 = CYLINDRICAL_SURFACE('',#11367,0.45);
#11367 = AXIS2_PLACEMENT_3D('',#11368,#11369,#11370);
#11368 = CARTESIAN_POINT('',(9.2,75.,-1.E-02));
#11369 = DIRECTION('',(0.,0.,1.));
#11370 = DIRECTION('',(1.,0.,-0.));
#11371 = ADVANCED_FACE('',(#11372),#11383,.F.);
#11372 = FACE_BOUND('',#11373,.F.);
#11373 = EDGE_LOOP('',(#11374,#11375,#11381,#11382));
#11374 = ORIENTED_EDGE('',*,*,#9282,.F.);
#11375 = ORIENTED_EDGE('',*,*,#11376,.F.);
#11376 = EDGE_CURVE('',#10094,#9283,#11377,.T.);
#11377 = LINE('',#11378,#11379);
#11378 = CARTESIAN_POINT('',(11.25,75.,-1.E-02));
#11379 = VECTOR('',#11380,1.);
#11380 = DIRECTION('',(0.,0.,1.));
#11381 = ORIENTED_EDGE('',*,*,#10093,.T.);
#11382 = ORIENTED_EDGE('',*,*,#11376,.T.);
#11383 = CYLINDRICAL_SURFACE('',#11384,0.45);
#11384 = AXIS2_PLACEMENT_3D('',#11385,#11386,#11387);
#11385 = CARTESIAN_POINT('',(10.8,75.,-1.E-02));
#11386 = DIRECTION('',(0.,0.,1.));
#11387 = DIRECTION('',(1.,0.,-0.));
#11388 = ADVANCED_FACE('',(#11389),#11400,.F.);
#11389 = FACE_BOUND('',#11390,.F.);
#11390 = EDGE_LOOP('',(#11391,#11392,#11398,#11399));
#11391 = ORIENTED_EDGE('',*,*,#9293,.F.);
#11392 = ORIENTED_EDGE('',*,*,#11393,.F.);
#11393 = EDGE_CURVE('',#10105,#9294,#11394,.T.);
#11394 = LINE('',#11395,#11396);
#11395 = CARTESIAN_POINT('',(12.85,75.,-1.E-02));
#11396 = VECTOR('',#11397,1.);
#11397 = DIRECTION('',(0.,0.,1.));
#11398 = ORIENTED_EDGE('',*,*,#10104,.T.);
#11399 = ORIENTED_EDGE('',*,*,#11393,.T.);
#11400 = CYLINDRICAL_SURFACE('',#11401,0.45);
#11401 = AXIS2_PLACEMENT_3D('',#11402,#11403,#11404);
#11402 = CARTESIAN_POINT('',(12.4,75.,-1.E-02));
#11403 = DIRECTION('',(0.,0.,1.));
#11404 = DIRECTION('',(1.,0.,-0.));
#11405 = ADVANCED_FACE('',(#11406),#11417,.F.);
#11406 = FACE_BOUND('',#11407,.F.);
#11407 = EDGE_LOOP('',(#11408,#11409,#11415,#11416));
#11408 = ORIENTED_EDGE('',*,*,#9304,.F.);
#11409 = ORIENTED_EDGE('',*,*,#11410,.F.);
#11410 = EDGE_CURVE('',#10116,#9305,#11411,.T.);
#11411 = LINE('',#11412,#11413);
#11412 = CARTESIAN_POINT('',(34.1,73.4,-1.E-02));
#11413 = VECTOR('',#11414,1.);
#11414 = DIRECTION('',(0.,0.,1.));
#11415 = ORIENTED_EDGE('',*,*,#10115,.T.);
#11416 = ORIENTED_EDGE('',*,*,#11410,.T.);
#11417 = CYLINDRICAL_SURFACE('',#11418,0.5);
#11418 = AXIS2_PLACEMENT_3D('',#11419,#11420,#11421);
#11419 = CARTESIAN_POINT('',(33.6,73.4,-1.E-02));
#11420 = DIRECTION('',(0.,0.,1.));
#11421 = DIRECTION('',(1.,0.,-0.));
#11422 = ADVANCED_FACE('',(#11423),#11434,.F.);
#11423 = FACE_BOUND('',#11424,.F.);
#11424 = EDGE_LOOP('',(#11425,#11426,#11432,#11433));
#11425 = ORIENTED_EDGE('',*,*,#9315,.F.);
#11426 = ORIENTED_EDGE('',*,*,#11427,.F.);
#11427 = EDGE_CURVE('',#10127,#9316,#11428,.T.);
#11428 = LINE('',#11429,#11430);
#11429 = CARTESIAN_POINT('',(35.7,73.4,-1.E-02));
#11430 = VECTOR('',#11431,1.);
#11431 = DIRECTION('',(0.,0.,1.));
#11432 = ORIENTED_EDGE('',*,*,#10126,.T.);
#11433 = ORIENTED_EDGE('',*,*,#11427,.T.);
#11434 = CYLINDRICAL_SURFACE('',#11435,0.5);
#11435 = AXIS2_PLACEMENT_3D('',#11436,#11437,#11438);
#11436 = CARTESIAN_POINT('',(35.2,73.4,-1.E-02));
#11437 = DIRECTION('',(0.,0.,1.));
#11438 = DIRECTION('',(1.,0.,-0.));
#11439 = ADVANCED_FACE('',(#11440),#11451,.F.);
#11440 = FACE_BOUND('',#11441,.F.);
#11441 = EDGE_LOOP('',(#11442,#11443,#11449,#11450));
#11442 = ORIENTED_EDGE('',*,*,#9326,.F.);
#11443 = ORIENTED_EDGE('',*,*,#11444,.F.);
#11444 = EDGE_CURVE('',#10226,#9327,#11445,.T.);
#11445 = LINE('',#11446,#11447);
#11446 = CARTESIAN_POINT('',(37.3,73.4,-1.E-02));
#11447 = VECTOR('',#11448,1.);
#11448 = DIRECTION('',(0.,0.,1.));
#11449 = ORIENTED_EDGE('',*,*,#10225,.T.);
#11450 = ORIENTED_EDGE('',*,*,#11444,.T.);
#11451 = CYLINDRICAL_SURFACE('',#11452,0.5);
#11452 = AXIS2_PLACEMENT_3D('',#11453,#11454,#11455);
#11453 = CARTESIAN_POINT('',(36.8,73.4,-1.E-02));
#11454 = DIRECTION('',(0.,0.,1.));
#11455 = DIRECTION('',(1.,0.,-0.));
#11456 = ADVANCED_FACE('',(#11457),#11468,.F.);
#11457 = FACE_BOUND('',#11458,.F.);
#11458 = EDGE_LOOP('',(#11459,#11460,#11466,#11467));
#11459 = ORIENTED_EDGE('',*,*,#9337,.F.);
#11460 = ORIENTED_EDGE('',*,*,#11461,.F.);
#11461 = EDGE_CURVE('',#10237,#9338,#11462,.T.);
#11462 = LINE('',#11463,#11464);
#11463 = CARTESIAN_POINT('',(38.9,73.4,-1.E-02));
#11464 = VECTOR('',#11465,1.);
#11465 = DIRECTION('',(0.,0.,1.));
#11466 = ORIENTED_EDGE('',*,*,#10236,.T.);
#11467 = ORIENTED_EDGE('',*,*,#11461,.T.);
#11468 = CYLINDRICAL_SURFACE('',#11469,0.5);
#11469 = AXIS2_PLACEMENT_3D('',#11470,#11471,#11472);
#11470 = CARTESIAN_POINT('',(38.4,73.4,-1.E-02));
#11471 = DIRECTION('',(0.,0.,1.));
#11472 = DIRECTION('',(1.,0.,-0.));
#11473 = ADVANCED_FACE('',(#11474),#11485,.F.);
#11474 = FACE_BOUND('',#11475,.F.);
#11475 = EDGE_LOOP('',(#11476,#11477,#11483,#11484));
#11476 = ORIENTED_EDGE('',*,*,#9348,.F.);
#11477 = ORIENTED_EDGE('',*,*,#11478,.F.);
#11478 = EDGE_CURVE('',#10138,#9349,#11479,.T.);
#11479 = LINE('',#11480,#11481);
#11480 = CARTESIAN_POINT('',(34.1,75.,-1.E-02));
#11481 = VECTOR('',#11482,1.);
#11482 = DIRECTION('',(0.,0.,1.));
#11483 = ORIENTED_EDGE('',*,*,#10137,.T.);
#11484 = ORIENTED_EDGE('',*,*,#11478,.T.);
#11485 = CYLINDRICAL_SURFACE('',#11486,0.5);
#11486 = AXIS2_PLACEMENT_3D('',#11487,#11488,#11489);
#11487 = CARTESIAN_POINT('',(33.6,75.,-1.E-02));
#11488 = DIRECTION('',(0.,0.,1.));
#11489 = DIRECTION('',(1.,0.,-0.));
#11490 = ADVANCED_FACE('',(#11491),#11502,.F.);
#11491 = FACE_BOUND('',#11492,.F.);
#11492 = EDGE_LOOP('',(#11493,#11494,#11500,#11501));
#11493 = ORIENTED_EDGE('',*,*,#9359,.F.);
#11494 = ORIENTED_EDGE('',*,*,#11495,.F.);
#11495 = EDGE_CURVE('',#10149,#9360,#11496,.T.);
#11496 = LINE('',#11497,#11498);
#11497 = CARTESIAN_POINT('',(35.7,75.,-1.E-02));
#11498 = VECTOR('',#11499,1.);
#11499 = DIRECTION('',(0.,0.,1.));
#11500 = ORIENTED_EDGE('',*,*,#10148,.T.);
#11501 = ORIENTED_EDGE('',*,*,#11495,.T.);
#11502 = CYLINDRICAL_SURFACE('',#11503,0.5);
#11503 = AXIS2_PLACEMENT_3D('',#11504,#11505,#11506);
#11504 = CARTESIAN_POINT('',(35.2,75.,-1.E-02));
#11505 = DIRECTION('',(0.,0.,1.));
#11506 = DIRECTION('',(1.,0.,-0.));
#11507 = ADVANCED_FACE('',(#11508),#11519,.F.);
#11508 = FACE_BOUND('',#11509,.F.);
#11509 = EDGE_LOOP('',(#11510,#11511,#11517,#11518));
#11510 = ORIENTED_EDGE('',*,*,#9370,.F.);
#11511 = ORIENTED_EDGE('',*,*,#11512,.F.);
#11512 = EDGE_CURVE('',#10248,#9371,#11513,.T.);
#11513 = LINE('',#11514,#11515);
#11514 = CARTESIAN_POINT('',(37.3,75.,-1.E-02));
#11515 = VECTOR('',#11516,1.);
#11516 = DIRECTION('',(0.,0.,1.));
#11517 = ORIENTED_EDGE('',*,*,#10247,.T.);
#11518 = ORIENTED_EDGE('',*,*,#11512,.T.);
#11519 = CYLINDRICAL_SURFACE('',#11520,0.5);
#11520 = AXIS2_PLACEMENT_3D('',#11521,#11522,#11523);
#11521 = CARTESIAN_POINT('',(36.8,75.,-1.E-02));
#11522 = DIRECTION('',(0.,0.,1.));
#11523 = DIRECTION('',(1.,0.,-0.));
#11524 = ADVANCED_FACE('',(#11525),#11536,.F.);
#11525 = FACE_BOUND('',#11526,.F.);
#11526 = EDGE_LOOP('',(#11527,#11528,#11534,#11535));
#11527 = ORIENTED_EDGE('',*,*,#9381,.F.);
#11528 = ORIENTED_EDGE('',*,*,#11529,.F.);
#11529 = EDGE_CURVE('',#10259,#9382,#11530,.T.);
#11530 = LINE('',#11531,#11532);
#11531 = CARTESIAN_POINT('',(38.9,75.,-1.E-02));
#11532 = VECTOR('',#11533,1.);
#11533 = DIRECTION('',(0.,0.,1.));
#11534 = ORIENTED_EDGE('',*,*,#10258,.T.);
#11535 = ORIENTED_EDGE('',*,*,#11529,.T.);
#11536 = CYLINDRICAL_SURFACE('',#11537,0.5);
#11537 = AXIS2_PLACEMENT_3D('',#11538,#11539,#11540);
#11538 = CARTESIAN_POINT('',(38.4,75.,-1.E-02));
#11539 = DIRECTION('',(0.,0.,1.));
#11540 = DIRECTION('',(1.,0.,-0.));
#11541 = ADVANCED_FACE('',(#11542),#11553,.F.);
#11542 = FACE_BOUND('',#11543,.F.);
#11543 = EDGE_LOOP('',(#11544,#11545,#11551,#11552));
#11544 = ORIENTED_EDGE('',*,*,#9392,.F.);
#11545 = ORIENTED_EDGE('',*,*,#11546,.F.);
#11546 = EDGE_CURVE('',#10182,#9393,#11547,.T.);
#11547 = LINE('',#11548,#11549);
#11548 = CARTESIAN_POINT('',(60.15,71.8,-1.E-02));
#11549 = VECTOR('',#11550,1.);
#11550 = DIRECTION('',(0.,0.,1.));
#11551 = ORIENTED_EDGE('',*,*,#10181,.T.);
#11552 = ORIENTED_EDGE('',*,*,#11546,.T.);
#11553 = CYLINDRICAL_SURFACE('',#11554,0.55);
#11554 = AXIS2_PLACEMENT_3D('',#11555,#11556,#11557);
#11555 = CARTESIAN_POINT('',(59.6,71.8,-1.E-02));
#11556 = DIRECTION('',(0.,0.,1.));
#11557 = DIRECTION('',(1.,0.,-0.));
#11558 = ADVANCED_FACE('',(#11559),#11570,.F.);
#11559 = FACE_BOUND('',#11560,.F.);
#11560 = EDGE_LOOP('',(#11561,#11562,#11568,#11569));
#11561 = ORIENTED_EDGE('',*,*,#9403,.F.);
#11562 = ORIENTED_EDGE('',*,*,#11563,.F.);
#11563 = EDGE_CURVE('',#10193,#9404,#11564,.T.);
#11564 = LINE('',#11565,#11566);
#11565 = CARTESIAN_POINT('',(61.75,71.8,-1.E-02));
#11566 = VECTOR('',#11567,1.);
#11567 = DIRECTION('',(0.,0.,1.));
#11568 = ORIENTED_EDGE('',*,*,#10192,.T.);
#11569 = ORIENTED_EDGE('',*,*,#11563,.T.);
#11570 = CYLINDRICAL_SURFACE('',#11571,0.55);
#11571 = AXIS2_PLACEMENT_3D('',#11572,#11573,#11574);
#11572 = CARTESIAN_POINT('',(61.2,71.8,-1.E-02));
#11573 = DIRECTION('',(0.,0.,1.));
#11574 = DIRECTION('',(1.,0.,-0.));
#11575 = ADVANCED_FACE('',(#11576),#11587,.F.);
#11576 = FACE_BOUND('',#11577,.F.);
#11577 = EDGE_LOOP('',(#11578,#11579,#11585,#11586));
#11578 = ORIENTED_EDGE('',*,*,#9414,.F.);
#11579 = ORIENTED_EDGE('',*,*,#11580,.F.);
#11580 = EDGE_CURVE('',#10204,#9415,#11581,.T.);
#11581 = LINE('',#11582,#11583);
#11582 = CARTESIAN_POINT('',(63.35,71.8,-1.E-02));
#11583 = VECTOR('',#11584,1.);
#11584 = DIRECTION('',(0.,0.,1.));
#11585 = ORIENTED_EDGE('',*,*,#10203,.T.);
#11586 = ORIENTED_EDGE('',*,*,#11580,.T.);
#11587 = CYLINDRICAL_SURFACE('',#11588,0.55);
#11588 = AXIS2_PLACEMENT_3D('',#11589,#11590,#11591);
#11589 = CARTESIAN_POINT('',(62.8,71.8,-1.E-02));
#11590 = DIRECTION('',(0.,0.,1.));
#11591 = DIRECTION('',(1.,0.,-0.));
#11592 = ADVANCED_FACE('',(#11593),#11604,.F.);
#11593 = FACE_BOUND('',#11594,.F.);
#11594 = EDGE_LOOP('',(#11595,#11596,#11602,#11603));
#11595 = ORIENTED_EDGE('',*,*,#9425,.F.);
#11596 = ORIENTED_EDGE('',*,*,#11597,.F.);
#11597 = EDGE_CURVE('',#10215,#9426,#11598,.T.);
#11598 = LINE('',#11599,#11600);
#11599 = CARTESIAN_POINT('',(64.95,71.8,-1.E-02));
#11600 = VECTOR('',#11601,1.);
#11601 = DIRECTION('',(0.,0.,1.));
#11602 = ORIENTED_EDGE('',*,*,#10214,.T.);
#11603 = ORIENTED_EDGE('',*,*,#11597,.T.);
#11604 = CYLINDRICAL_SURFACE('',#11605,0.55);
#11605 = AXIS2_PLACEMENT_3D('',#11606,#11607,#11608);
#11606 = CARTESIAN_POINT('',(64.4,71.8,-1.E-02));
#11607 = DIRECTION('',(0.,0.,1.));
#11608 = DIRECTION('',(1.,0.,-0.));
#11609 = ADVANCED_FACE('',(#11610),#11621,.F.);
#11610 = FACE_BOUND('',#11611,.F.);
#11611 = EDGE_LOOP('',(#11612,#11613,#11619,#11620));
#11612 = ORIENTED_EDGE('',*,*,#9436,.F.);
#11613 = ORIENTED_EDGE('',*,*,#11614,.F.);
#11614 = EDGE_CURVE('',#10270,#9437,#11615,.T.);
#11615 = LINE('',#11616,#11617);
#11616 = CARTESIAN_POINT('',(60.15,73.4,-1.E-02));
#11617 = VECTOR('',#11618,1.);
#11618 = DIRECTION('',(0.,0.,1.));
#11619 = ORIENTED_EDGE('',*,*,#10269,.T.);
#11620 = ORIENTED_EDGE('',*,*,#11614,.T.);
#11621 = CYLINDRICAL_SURFACE('',#11622,0.55);
#11622 = AXIS2_PLACEMENT_3D('',#11623,#11624,#11625);
#11623 = CARTESIAN_POINT('',(59.6,73.4,-1.E-02));
#11624 = DIRECTION('',(0.,0.,1.));
#11625 = DIRECTION('',(1.,0.,-0.));
#11626 = ADVANCED_FACE('',(#11627),#11638,.F.);
#11627 = FACE_BOUND('',#11628,.F.);
#11628 = EDGE_LOOP('',(#11629,#11630,#11636,#11637));
#11629 = ORIENTED_EDGE('',*,*,#9447,.F.);
#11630 = ORIENTED_EDGE('',*,*,#11631,.F.);
#11631 = EDGE_CURVE('',#10281,#9448,#11632,.T.);
#11632 = LINE('',#11633,#11634);
#11633 = CARTESIAN_POINT('',(61.75,73.4,-1.E-02));
#11634 = VECTOR('',#11635,1.);
#11635 = DIRECTION('',(0.,0.,1.));
#11636 = ORIENTED_EDGE('',*,*,#10280,.T.);
#11637 = ORIENTED_EDGE('',*,*,#11631,.T.);
#11638 = CYLINDRICAL_SURFACE('',#11639,0.55);
#11639 = AXIS2_PLACEMENT_3D('',#11640,#11641,#11642);
#11640 = CARTESIAN_POINT('',(61.2,73.4,-1.E-02));
#11641 = DIRECTION('',(0.,0.,1.));
#11642 = DIRECTION('',(1.,0.,-0.));
#11643 = ADVANCED_FACE('',(#11644),#11655,.F.);
#11644 = FACE_BOUND('',#11645,.F.);
#11645 = EDGE_LOOP('',(#11646,#11647,#11653,#11654));
#11646 = ORIENTED_EDGE('',*,*,#9458,.F.);
#11647 = ORIENTED_EDGE('',*,*,#11648,.F.);
#11648 = EDGE_CURVE('',#10292,#9459,#11649,.T.);
#11649 = LINE('',#11650,#11651);
#11650 = CARTESIAN_POINT('',(63.35,73.4,-1.E-02));
#11651 = VECTOR('',#11652,1.);
#11652 = DIRECTION('',(0.,0.,1.));
#11653 = ORIENTED_EDGE('',*,*,#10291,.T.);
#11654 = ORIENTED_EDGE('',*,*,#11648,.T.);
#11655 = CYLINDRICAL_SURFACE('',#11656,0.55);
#11656 = AXIS2_PLACEMENT_3D('',#11657,#11658,#11659);
#11657 = CARTESIAN_POINT('',(62.8,73.4,-1.E-02));
#11658 = DIRECTION('',(0.,0.,1.));
#11659 = DIRECTION('',(1.,0.,-0.));
#11660 = ADVANCED_FACE('',(#11661),#11672,.F.);
#11661 = FACE_BOUND('',#11662,.F.);
#11662 = EDGE_LOOP('',(#11663,#11664,#11670,#11671));
#11663 = ORIENTED_EDGE('',*,*,#9469,.F.);
#11664 = ORIENTED_EDGE('',*,*,#11665,.F.);
#11665 = EDGE_CURVE('',#10303,#9470,#11666,.T.);
#11666 = LINE('',#11667,#11668);
#11667 = CARTESIAN_POINT('',(64.95,73.4,-1.E-02));
#11668 = VECTOR('',#11669,1.);
#11669 = DIRECTION('',(0.,0.,1.));
#11670 = ORIENTED_EDGE('',*,*,#10302,.T.);
#11671 = ORIENTED_EDGE('',*,*,#11665,.T.);
#11672 = CYLINDRICAL_SURFACE('',#11673,0.55);
#11673 = AXIS2_PLACEMENT_3D('',#11674,#11675,#11676);
#11674 = CARTESIAN_POINT('',(64.4,73.4,-1.E-02));
#11675 = DIRECTION('',(0.,0.,1.));
#11676 = DIRECTION('',(1.,0.,-0.));
#11677 = ADVANCED_FACE('',(#11678),#11689,.F.);
#11678 = FACE_BOUND('',#11679,.F.);
#11679 = EDGE_LOOP('',(#11680,#11681,#11687,#11688));
#11680 = ORIENTED_EDGE('',*,*,#9480,.F.);
#11681 = ORIENTED_EDGE('',*,*,#11682,.F.);
#11682 = EDGE_CURVE('',#10314,#9481,#11683,.T.);
#11683 = LINE('',#11684,#11685);
#11684 = CARTESIAN_POINT('',(60.15,75.,-1.E-02));
#11685 = VECTOR('',#11686,1.);
#11686 = DIRECTION('',(0.,0.,1.));
#11687 = ORIENTED_EDGE('',*,*,#10313,.T.);
#11688 = ORIENTED_EDGE('',*,*,#11682,.T.);
#11689 = CYLINDRICAL_SURFACE('',#11690,0.55);
#11690 = AXIS2_PLACEMENT_3D('',#11691,#11692,#11693);
#11691 = CARTESIAN_POINT('',(59.6,75.,-1.E-02));
#11692 = DIRECTION('',(0.,0.,1.));
#11693 = DIRECTION('',(1.,0.,-0.));
#11694 = ADVANCED_FACE('',(#11695),#11706,.F.);
#11695 = FACE_BOUND('',#11696,.F.);
#11696 = EDGE_LOOP('',(#11697,#11698,#11704,#11705));
#11697 = ORIENTED_EDGE('',*,*,#9491,.F.);
#11698 = ORIENTED_EDGE('',*,*,#11699,.F.);
#11699 = EDGE_CURVE('',#10325,#9492,#11700,.T.);
#11700 = LINE('',#11701,#11702);
#11701 = CARTESIAN_POINT('',(61.75,75.,-1.E-02));
#11702 = VECTOR('',#11703,1.);
#11703 = DIRECTION('',(0.,0.,1.));
#11704 = ORIENTED_EDGE('',*,*,#10324,.T.);
#11705 = ORIENTED_EDGE('',*,*,#11699,.T.);
#11706 = CYLINDRICAL_SURFACE('',#11707,0.55);
#11707 = AXIS2_PLACEMENT_3D('',#11708,#11709,#11710);
#11708 = CARTESIAN_POINT('',(61.2,75.,-1.E-02));
#11709 = DIRECTION('',(0.,0.,1.));
#11710 = DIRECTION('',(1.,0.,-0.));
#11711 = ADVANCED_FACE('',(#11712),#11723,.F.);
#11712 = FACE_BOUND('',#11713,.F.);
#11713 = EDGE_LOOP('',(#11714,#11715,#11721,#11722));
#11714 = ORIENTED_EDGE('',*,*,#9502,.F.);
#11715 = ORIENTED_EDGE('',*,*,#11716,.F.);
#11716 = EDGE_CURVE('',#10336,#9503,#11717,.T.);
#11717 = LINE('',#11718,#11719);
#11718 = CARTESIAN_POINT('',(63.35,75.,-1.E-02));
#11719 = VECTOR('',#11720,1.);
#11720 = DIRECTION('',(0.,0.,1.));
#11721 = ORIENTED_EDGE('',*,*,#10335,.T.);
#11722 = ORIENTED_EDGE('',*,*,#11716,.T.);
#11723 = CYLINDRICAL_SURFACE('',#11724,0.55);
#11724 = AXIS2_PLACEMENT_3D('',#11725,#11726,#11727);
#11725 = CARTESIAN_POINT('',(62.8,75.,-1.E-02));
#11726 = DIRECTION('',(0.,0.,1.));
#11727 = DIRECTION('',(1.,0.,-0.));
#11728 = ADVANCED_FACE('',(#11729),#11740,.F.);
#11729 = FACE_BOUND('',#11730,.F.);
#11730 = EDGE_LOOP('',(#11731,#11732,#11738,#11739));
#11731 = ORIENTED_EDGE('',*,*,#9513,.F.);
#11732 = ORIENTED_EDGE('',*,*,#11733,.F.);
#11733 = EDGE_CURVE('',#10347,#9514,#11734,.T.);
#11734 = LINE('',#11735,#11736);
#11735 = CARTESIAN_POINT('',(64.95,75.,-1.E-02));
#11736 = VECTOR('',#11737,1.);
#11737 = DIRECTION('',(0.,0.,1.));
#11738 = ORIENTED_EDGE('',*,*,#10346,.T.);
#11739 = ORIENTED_EDGE('',*,*,#11733,.T.);
#11740 = CYLINDRICAL_SURFACE('',#11741,0.55);
#11741 = AXIS2_PLACEMENT_3D('',#11742,#11743,#11744);
#11742 = CARTESIAN_POINT('',(64.4,75.,-1.E-02));
#11743 = DIRECTION('',(0.,0.,1.));
#11744 = DIRECTION('',(1.,0.,-0.));
#11745 = ADVANCED_FACE('',(#11746),#11749,.T.);
#11746 = FACE_BOUND('',#11747,.F.);
#11747 = EDGE_LOOP('',(#11748));
#11748 = ORIENTED_EDGE('',*,*,#10724,.F.);
#11749 = PLANE('',#11750);
#11750 = AXIS2_PLACEMENT_3D('',#11751,#11752,#11753);
#11751 = CARTESIAN_POINT('',(19.5,71.,1.6));
#11752 = DIRECTION('',(0.,0.,1.));
#11753 = DIRECTION('',(1.,0.,-0.));
#11754 = ADVANCED_FACE('',(#11755),#11758,.T.);
#11755 = FACE_BOUND('',#11756,.F.);
#11756 = EDGE_LOOP('',(#11757));
#11757 = ORIENTED_EDGE('',*,*,#10953,.F.);
#11758 = PLANE('',#11759);
#11759 = AXIS2_PLACEMENT_3D('',#11760,#11761,#11762);
#11760 = CARTESIAN_POINT('',(44.4,71.,1.6));
#11761 = DIRECTION('',(0.,0.,1.));
#11762 = DIRECTION('',(1.,0.,-0.));
#11763 = ADVANCED_FACE('',(#11764),#11767,.T.);
#11764 = FACE_BOUND('',#11765,.F.);
#11765 = EDGE_LOOP('',(#11766));
#11766 = ORIENTED_EDGE('',*,*,#10978,.F.);
#11767 = PLANE('',#11768);
#11768 = AXIS2_PLACEMENT_3D('',#11769,#11770,#11771);
#11769 = CARTESIAN_POINT('',(46.6,71.,1.6));
#11770 = DIRECTION('',(0.,0.,1.));
#11771 = DIRECTION('',(1.,0.,-0.));
#11772 = ADVANCED_FACE('',(#11773),#11776,.T.);
#11773 = FACE_BOUND('',#11774,.F.);
#11774 = EDGE_LOOP('',(#11775));
#11775 = ORIENTED_EDGE('',*,*,#11071,.F.);
#11776 = PLANE('',#11777);
#11777 = AXIS2_PLACEMENT_3D('',#11778,#11779,#11780);
#11778 = CARTESIAN_POINT('',(69.3,71.,1.6));
#11779 = DIRECTION('',(0.,0.,1.));
#11780 = DIRECTION('',(1.,0.,-0.));
#11781 = ADVANCED_FACE('',(#11782),#11785,.T.);
#11782 = FACE_BOUND('',#11783,.F.);
#11783 = EDGE_LOOP('',(#11784));
#11784 = ORIENTED_EDGE('',*,*,#11096,.F.);
#11785 = PLANE('',#11786);
#11786 = AXIS2_PLACEMENT_3D('',#11787,#11788,#11789);
#11787 = CARTESIAN_POINT('',(71.5,71.,1.6));
#11788 = DIRECTION('',(0.,0.,1.));
#11789 = DIRECTION('',(1.,0.,-0.));
#11790 = ADVANCED_FACE('',(#11791),#11794,.T.);
#11791 = FACE_BOUND('',#11792,.F.);
#11792 = EDGE_LOOP('',(#11793));
#11793 = ORIENTED_EDGE('',*,*,#11121,.F.);
#11794 = PLANE('',#11795);
#11795 = AXIS2_PLACEMENT_3D('',#11796,#11797,#11798);
#11796 = CARTESIAN_POINT('',(73.7,71.,1.6));
#11797 = DIRECTION('',(0.,0.,1.));
#11798 = DIRECTION('',(1.,0.,-0.));
#11799 = MANIFOLD_SOLID_BREP('',#11800);
#11800 = CLOSED_SHELL('',(#11801,#11841,#11872,#11907,#11931,#11948,
    #11960,#11985));
#11801 = ADVANCED_FACE('',(#11802),#11836,.F.);
#11802 = FACE_BOUND('',#11803,.F.);
#11803 = EDGE_LOOP('',(#11804,#11814,#11822,#11830));
#11804 = ORIENTED_EDGE('',*,*,#11805,.F.);
#11805 = EDGE_CURVE('',#11806,#11808,#11810,.T.);
#11806 = VERTEX_POINT('',#11807);
#11807 = CARTESIAN_POINT('',(90.,12.,0.));
#11808 = VERTEX_POINT('',#11809);
#11809 = CARTESIAN_POINT('',(90.,12.,2.));
#11810 = LINE('',#11811,#11812);
#11811 = CARTESIAN_POINT('',(90.,12.,0.));
#11812 = VECTOR('',#11813,1.);
#11813 = DIRECTION('',(0.,0.,1.));
#11814 = ORIENTED_EDGE('',*,*,#11815,.T.);
#11815 = EDGE_CURVE('',#11806,#11816,#11818,.T.);
#11816 = VERTEX_POINT('',#11817);
#11817 = CARTESIAN_POINT('',(90.,32.,0.));
#11818 = LINE('',#11819,#11820);
#11819 = CARTESIAN_POINT('',(90.,12.,0.));
#11820 = VECTOR('',#11821,1.);
#11821 = DIRECTION('',(-0.,1.,0.));
#11822 = ORIENTED_EDGE('',*,*,#11823,.T.);
#11823 = EDGE_CURVE('',#11816,#11824,#11826,.T.);
#11824 = VERTEX_POINT('',#11825);
#11825 = CARTESIAN_POINT('',(90.,32.,2.));
#11826 = LINE('',#11827,#11828);
#11827 = CARTESIAN_POINT('',(90.,32.,0.));
#11828 = VECTOR('',#11829,1.);
#11829 = DIRECTION('',(0.,0.,1.));
#11830 = ORIENTED_EDGE('',*,*,#11831,.F.);
#11831 = EDGE_CURVE('',#11808,#11824,#11832,.T.);
#11832 = LINE('',#11833,#11834);
#11833 = CARTESIAN_POINT('',(90.,12.,2.));
#11834 = VECTOR('',#11835,1.);
#11835 = DIRECTION('',(-0.,1.,0.));
#11836 = PLANE('',#11837);
#11837 = AXIS2_PLACEMENT_3D('',#11838,#11839,#11840);
#11838 = CARTESIAN_POINT('',(90.,12.,0.));
#11839 = DIRECTION('',(1.,0.,-0.));
#11840 = DIRECTION('',(0.,0.,1.));
#11841 = ADVANCED_FACE('',(#11842),#11867,.F.);
#11842 = FACE_BOUND('',#11843,.F.);
#11843 = EDGE_LOOP('',(#11844,#11852,#11853,#11861));
#11844 = ORIENTED_EDGE('',*,*,#11845,.F.);
#11845 = EDGE_CURVE('',#11806,#11846,#11848,.T.);
#11846 = VERTEX_POINT('',#11847);
#11847 = CARTESIAN_POINT('',(110.,12.,0.));
#11848 = LINE('',#11849,#11850);
#11849 = CARTESIAN_POINT('',(90.,12.,0.));
#11850 = VECTOR('',#11851,1.);
#11851 = DIRECTION('',(1.,0.,-0.));
#11852 = ORIENTED_EDGE('',*,*,#11805,.T.);
#11853 = ORIENTED_EDGE('',*,*,#11854,.T.);
#11854 = EDGE_CURVE('',#11808,#11855,#11857,.T.);
#11855 = VERTEX_POINT('',#11856);
#11856 = CARTESIAN_POINT('',(110.,12.,2.));
#11857 = LINE('',#11858,#11859);
#11858 = CARTESIAN_POINT('',(90.,12.,2.));
#11859 = VECTOR('',#11860,1.);
#11860 = DIRECTION('',(1.,0.,-0.));
#11861 = ORIENTED_EDGE('',*,*,#11862,.F.);
#11862 = EDGE_CURVE('',#11846,#11855,#11863,.T.);
#11863 = LINE('',#11864,#11865);
#11864 = CARTESIAN_POINT('',(110.,12.,0.));
#11865 = VECTOR('',#11866,1.);
#11866 = DIRECTION('',(0.,0.,1.));
#11867 = PLANE('',#11868);
#11868 = AXIS2_PLACEMENT_3D('',#11869,#11870,#11871);
#11869 = CARTESIAN_POINT('',(90.,12.,0.));
#11870 = DIRECTION('',(-0.,1.,0.));
#11871 = DIRECTION('',(0.,0.,1.));
#11872 = ADVANCED_FACE('',(#11873,#11891),#11902,.T.);
#11873 = FACE_BOUND('',#11874,.T.);
#11874 = EDGE_LOOP('',(#11875,#11876,#11877,#11885));
#11875 = ORIENTED_EDGE('',*,*,#11831,.F.);
#11876 = ORIENTED_EDGE('',*,*,#11854,.T.);
#11877 = ORIENTED_EDGE('',*,*,#11878,.T.);
#11878 = EDGE_CURVE('',#11855,#11879,#11881,.T.);
#11879 = VERTEX_POINT('',#11880);
#11880 = CARTESIAN_POINT('',(110.,32.,2.));
#11881 = LINE('',#11882,#11883);
#11882 = CARTESIAN_POINT('',(110.,12.,2.));
#11883 = VECTOR('',#11884,1.);
#11884 = DIRECTION('',(-0.,1.,0.));
#11885 = ORIENTED_EDGE('',*,*,#11886,.F.);
#11886 = EDGE_CURVE('',#11824,#11879,#11887,.T.);
#11887 = LINE('',#11888,#11889);
#11888 = CARTESIAN_POINT('',(90.,32.,2.));
#11889 = VECTOR('',#11890,1.);
#11890 = DIRECTION('',(1.,0.,-0.));
#11891 = FACE_BOUND('',#11892,.T.);
#11892 = EDGE_LOOP('',(#11893));
#11893 = ORIENTED_EDGE('',*,*,#11894,.F.);
#11894 = EDGE_CURVE('',#11895,#11895,#11897,.T.);
#11895 = VERTEX_POINT('',#11896);
#11896 = CARTESIAN_POINT('',(100.65,28.,2.));
#11897 = CIRCLE('',#11898,0.65);
#11898 = AXIS2_PLACEMENT_3D('',#11899,#11900,#11901);
#11899 = CARTESIAN_POINT('',(100.,28.,2.));
#11900 = DIRECTION('',(0.,0.,1.));
#11901 = DIRECTION('',(1.,0.,-0.));
#11902 = PLANE('',#11903);
#11903 = AXIS2_PLACEMENT_3D('',#11904,#11905,#11906);
#11904 = CARTESIAN_POINT('',(90.,12.,2.));
#11905 = DIRECTION('',(0.,0.,1.));
#11906 = DIRECTION('',(1.,0.,-0.));
#11907 = ADVANCED_FACE('',(#11908),#11926,.T.);
#11908 = FACE_BOUND('',#11909,.T.);
#11909 = EDGE_LOOP('',(#11910,#11918,#11919,#11920));
#11910 = ORIENTED_EDGE('',*,*,#11911,.F.);
#11911 = EDGE_CURVE('',#11816,#11912,#11914,.T.);
#11912 = VERTEX_POINT('',#11913);
#11913 = CARTESIAN_POINT('',(110.,32.,0.));
#11914 = LINE('',#11915,#11916);
#11915 = CARTESIAN_POINT('',(90.,32.,0.));
#11916 = VECTOR('',#11917,1.);
#11917 = DIRECTION('',(1.,0.,-0.));
#11918 = ORIENTED_EDGE('',*,*,#11823,.T.);
#11919 = ORIENTED_EDGE('',*,*,#11886,.T.);
#11920 = ORIENTED_EDGE('',*,*,#11921,.F.);
#11921 = EDGE_CURVE('',#11912,#11879,#11922,.T.);
#11922 = LINE('',#11923,#11924);
#11923 = CARTESIAN_POINT('',(110.,32.,0.));
#11924 = VECTOR('',#11925,1.);
#11925 = DIRECTION('',(0.,0.,1.));
#11926 = PLANE('',#11927);
#11927 = AXIS2_PLACEMENT_3D('',#11928,#11929,#11930);
#11928 = CARTESIAN_POINT('',(90.,32.,0.));
#11929 = DIRECTION('',(-0.,1.,0.));
#11930 = DIRECTION('',(0.,0.,1.));
#11931 = ADVANCED_FACE('',(#11932),#11943,.F.);
#11932 = FACE_BOUND('',#11933,.F.);
#11933 = EDGE_LOOP('',(#11934,#11935,#11936,#11942));
#11934 = ORIENTED_EDGE('',*,*,#11815,.F.);
#11935 = ORIENTED_EDGE('',*,*,#11845,.T.);
#11936 = ORIENTED_EDGE('',*,*,#11937,.T.);
#11937 = EDGE_CURVE('',#11846,#11912,#11938,.T.);
#11938 = LINE('',#11939,#11940);
#11939 = CARTESIAN_POINT('',(110.,12.,0.));
#11940 = VECTOR('',#11941,1.);
#11941 = DIRECTION('',(-0.,1.,0.));
#11942 = ORIENTED_EDGE('',*,*,#11911,.F.);
#11943 = PLANE('',#11944);
#11944 = AXIS2_PLACEMENT_3D('',#11945,#11946,#11947);
#11945 = CARTESIAN_POINT('',(90.,12.,0.));
#11946 = DIRECTION('',(0.,0.,1.));
#11947 = DIRECTION('',(1.,0.,-0.));
#11948 = ADVANCED_FACE('',(#11949),#11955,.T.);
#11949 = FACE_BOUND('',#11950,.T.);
#11950 = EDGE_LOOP('',(#11951,#11952,#11953,#11954));
#11951 = ORIENTED_EDGE('',*,*,#11862,.F.);
#11952 = ORIENTED_EDGE('',*,*,#11937,.T.);
#11953 = ORIENTED_EDGE('',*,*,#11921,.T.);
#11954 = ORIENTED_EDGE('',*,*,#11878,.F.);
#11955 = PLANE('',#11956);
#11956 = AXIS2_PLACEMENT_3D('',#11957,#11958,#11959);
#11957 = CARTESIAN_POINT('',(110.,12.,0.));
#11958 = DIRECTION('',(1.,0.,-0.));
#11959 = DIRECTION('',(0.,0.,1.));
#11960 = ADVANCED_FACE('',(#11961),#11980,.F.);
#11961 = FACE_BOUND('',#11962,.F.);
#11962 = EDGE_LOOP('',(#11963,#11964,#11972,#11979));
#11963 = ORIENTED_EDGE('',*,*,#11894,.F.);
#11964 = ORIENTED_EDGE('',*,*,#11965,.F.);
#11965 = EDGE_CURVE('',#11966,#11895,#11968,.T.);
#11966 = VERTEX_POINT('',#11967);
#11967 = CARTESIAN_POINT('',(100.65,28.,1.6));
#11968 = LINE('',#11969,#11970);
#11969 = CARTESIAN_POINT('',(100.65,28.,1.6));
#11970 = VECTOR('',#11971,1.);
#11971 = DIRECTION('',(0.,0.,1.));
#11972 = ORIENTED_EDGE('',*,*,#11973,.T.);
#11973 = EDGE_CURVE('',#11966,#11966,#11974,.T.);
#11974 = CIRCLE('',#11975,0.65);
#11975 = AXIS2_PLACEMENT_3D('',#11976,#11977,#11978);
#11976 = CARTESIAN_POINT('',(100.,28.,1.6));
#11977 = DIRECTION('',(0.,0.,1.));
#11978 = DIRECTION('',(1.,0.,-0.));
#11979 = ORIENTED_EDGE('',*,*,#11965,.T.);
#11980 = CYLINDRICAL_SURFACE('',#11981,0.65);
#11981 = AXIS2_PLACEMENT_3D('',#11982,#11983,#11984);
#11982 = CARTESIAN_POINT('',(100.,28.,1.6));
#11983 = DIRECTION('',(0.,0.,1.));
#11984 = DIRECTION('',(1.,0.,-0.));
#11985 = ADVANCED_FACE('',(#11986),#11989,.T.);
#11986 = FACE_BOUND('',#11987,.F.);
#11987 = EDGE_LOOP('',(#11988));
#11988 = ORIENTED_EDGE('',*,*,#11973,.F.);
#11989 = PLANE('',#11990);
#11990 = AXIS2_PLACEMENT_3D('',#11991,#11992,#11993);
#11991 = CARTESIAN_POINT('',(100.,28.,1.6));
#11992 = DIRECTION('',(0.,0.,1.));
#11993 = DIRECTION('',(1.,0.,-0.));
#11994 = MANIFOLD_SOLID_BREP('',#11995);
#11995 = CLOSED_SHELL('',(#11996,#12036,#12067,#12113,#12137,#12154,
    #12166,#12191,#12216,#12225));
#11996 = ADVANCED_FACE('',(#11997),#12031,.F.);
#11997 = FACE_BOUND('',#11998,.F.);
#11998 = EDGE_LOOP('',(#11999,#12009,#12017,#12025));
#11999 = ORIENTED_EDGE('',*,*,#12000,.F.);
#12000 = EDGE_CURVE('',#12001,#12003,#12005,.T.);
#12001 = VERTEX_POINT('',#12002);
#12002 = CARTESIAN_POINT('',(114.,12.,0.));
#12003 = VERTEX_POINT('',#12004);
#12004 = CARTESIAN_POINT('',(114.,12.,2.));
#12005 = LINE('',#12006,#12007);
#12006 = CARTESIAN_POINT('',(114.,12.,0.));
#12007 = VECTOR('',#12008,1.);
#12008 = DIRECTION('',(0.,0.,1.));
#12009 = ORIENTED_EDGE('',*,*,#12010,.T.);
#12010 = EDGE_CURVE('',#12001,#12011,#12013,.T.);
#12011 = VERTEX_POINT('',#12012);
#12012 = CARTESIAN_POINT('',(114.,32.,0.));
#12013 = LINE('',#12014,#12015);
#12014 = CARTESIAN_POINT('',(114.,12.,0.));
#12015 = VECTOR('',#12016,1.);
#12016 = DIRECTION('',(-0.,1.,0.));
#12017 = ORIENTED_EDGE('',*,*,#12018,.T.);
#12018 = EDGE_CURVE('',#12011,#12019,#12021,.T.);
#12019 = VERTEX_POINT('',#12020);
#12020 = CARTESIAN_POINT('',(114.,32.,2.));
#12021 = LINE('',#12022,#12023);
#12022 = CARTESIAN_POINT('',(114.,32.,0.));
#12023 = VECTOR('',#12024,1.);
#12024 = DIRECTION('',(0.,0.,1.));
#12025 = ORIENTED_EDGE('',*,*,#12026,.F.);
#12026 = EDGE_CURVE('',#12003,#12019,#12027,.T.);
#12027 = LINE('',#12028,#12029);
#12028 = CARTESIAN_POINT('',(114.,12.,2.));
#12029 = VECTOR('',#12030,1.);
#12030 = DIRECTION('',(-0.,1.,0.));
#12031 = PLANE('',#12032);
#12032 = AXIS2_PLACEMENT_3D('',#12033,#12034,#12035);
#12033 = CARTESIAN_POINT('',(114.,12.,0.));
#12034 = DIRECTION('',(1.,0.,-0.));
#12035 = DIRECTION('',(0.,0.,1.));
#12036 = ADVANCED_FACE('',(#12037),#12062,.F.);
#12037 = FACE_BOUND('',#12038,.F.);
#12038 = EDGE_LOOP('',(#12039,#12047,#12048,#12056));
#12039 = ORIENTED_EDGE('',*,*,#12040,.F.);
#12040 = EDGE_CURVE('',#12001,#12041,#12043,.T.);
#12041 = VERTEX_POINT('',#12042);
#12042 = CARTESIAN_POINT('',(134.,12.,0.));
#12043 = LINE('',#12044,#12045);
#12044 = CARTESIAN_POINT('',(114.,12.,0.));
#12045 = VECTOR('',#12046,1.);
#12046 = DIRECTION('',(1.,0.,-0.));
#12047 = ORIENTED_EDGE('',*,*,#12000,.T.);
#12048 = ORIENTED_EDGE('',*,*,#12049,.T.);
#12049 = EDGE_CURVE('',#12003,#12050,#12052,.T.);
#12050 = VERTEX_POINT('',#12051);
#12051 = CARTESIAN_POINT('',(134.,12.,2.));
#12052 = LINE('',#12053,#12054);
#12053 = CARTESIAN_POINT('',(114.,12.,2.));
#12054 = VECTOR('',#12055,1.);
#12055 = DIRECTION('',(1.,0.,-0.));
#12056 = ORIENTED_EDGE('',*,*,#12057,.F.);
#12057 = EDGE_CURVE('',#12041,#12050,#12058,.T.);
#12058 = LINE('',#12059,#12060);
#12059 = CARTESIAN_POINT('',(134.,12.,0.));
#12060 = VECTOR('',#12061,1.);
#12061 = DIRECTION('',(0.,0.,1.));
#12062 = PLANE('',#12063);
#12063 = AXIS2_PLACEMENT_3D('',#12064,#12065,#12066);
#12064 = CARTESIAN_POINT('',(114.,12.,0.));
#12065 = DIRECTION('',(-0.,1.,0.));
#12066 = DIRECTION('',(0.,0.,1.));
#12067 = ADVANCED_FACE('',(#12068,#12086,#12097),#12108,.T.);
#12068 = FACE_BOUND('',#12069,.T.);
#12069 = EDGE_LOOP('',(#12070,#12071,#12072,#12080));
#12070 = ORIENTED_EDGE('',*,*,#12026,.F.);
#12071 = ORIENTED_EDGE('',*,*,#12049,.T.);
#12072 = ORIENTED_EDGE('',*,*,#12073,.T.);
#12073 = EDGE_CURVE('',#12050,#12074,#12076,.T.);
#12074 = VERTEX_POINT('',#12075);
#12075 = CARTESIAN_POINT('',(134.,32.,2.));
#12076 = LINE('',#12077,#12078);
#12077 = CARTESIAN_POINT('',(134.,12.,2.));
#12078 = VECTOR('',#12079,1.);
#12079 = DIRECTION('',(-0.,1.,0.));
#12080 = ORIENTED_EDGE('',*,*,#12081,.F.);
#12081 = EDGE_CURVE('',#12019,#12074,#12082,.T.);
#12082 = LINE('',#12083,#12084);
#12083 = CARTESIAN_POINT('',(114.,32.,2.));
#12084 = VECTOR('',#12085,1.);
#12085 = DIRECTION('',(1.,0.,-0.));
#12086 = FACE_BOUND('',#12087,.T.);
#12087 = EDGE_LOOP('',(#12088));
#12088 = ORIENTED_EDGE('',*,*,#12089,.F.);
#12089 = EDGE_CURVE('',#12090,#12090,#12092,.T.);
#12090 = VERTEX_POINT('',#12091);
#12091 = CARTESIAN_POINT('',(123.55,28.,2.));
#12092 = CIRCLE('',#12093,0.65);
#12093 = AXIS2_PLACEMENT_3D('',#12094,#12095,#12096);
#12094 = CARTESIAN_POINT('',(122.9,28.,2.));
#12095 = DIRECTION('',(0.,0.,1.));
#12096 = DIRECTION('',(1.,0.,-0.));
#12097 = FACE_BOUND('',#12098,.T.);
#12098 = EDGE_LOOP('',(#12099));
#12099 = ORIENTED_EDGE('',*,*,#12100,.F.);
#12100 = EDGE_CURVE('',#12101,#12101,#12103,.T.);
#12101 = VERTEX_POINT('',#12102);
#12102 = CARTESIAN_POINT('',(125.75,28.,2.));
#12103 = CIRCLE('',#12104,0.65);
#12104 = AXIS2_PLACEMENT_3D('',#12105,#12106,#12107);
#12105 = CARTESIAN_POINT('',(125.1,28.,2.));
#12106 = DIRECTION('',(0.,0.,1.));
#12107 = DIRECTION('',(1.,0.,-0.));
#12108 = PLANE('',#12109);
#12109 = AXIS2_PLACEMENT_3D('',#12110,#12111,#12112);
#12110 = CARTESIAN_POINT('',(114.,12.,2.));
#12111 = DIRECTION('',(0.,0.,1.));
#12112 = DIRECTION('',(1.,0.,-0.));
#12113 = ADVANCED_FACE('',(#12114),#12132,.T.);
#12114 = FACE_BOUND('',#12115,.T.);
#12115 = EDGE_LOOP('',(#12116,#12124,#12125,#12126));
#12116 = ORIENTED_EDGE('',*,*,#12117,.F.);
#12117 = EDGE_CURVE('',#12011,#12118,#12120,.T.);
#12118 = VERTEX_POINT('',#12119);
#12119 = CARTESIAN_POINT('',(134.,32.,0.));
#12120 = LINE('',#12121,#12122);
#12121 = CARTESIAN_POINT('',(114.,32.,0.));
#12122 = VECTOR('',#12123,1.);
#12123 = DIRECTION('',(1.,0.,-0.));
#12124 = ORIENTED_EDGE('',*,*,#12018,.T.);
#12125 = ORIENTED_EDGE('',*,*,#12081,.T.);
#12126 = ORIENTED_EDGE('',*,*,#12127,.F.);
#12127 = EDGE_CURVE('',#12118,#12074,#12128,.T.);
#12128 = LINE('',#12129,#12130);
#12129 = CARTESIAN_POINT('',(134.,32.,0.));
#12130 = VECTOR('',#12131,1.);
#12131 = DIRECTION('',(0.,0.,1.));
#12132 = PLANE('',#12133);
#12133 = AXIS2_PLACEMENT_3D('',#12134,#12135,#12136);
#12134 = CARTESIAN_POINT('',(114.,32.,0.));
#12135 = DIRECTION('',(-0.,1.,0.));
#12136 = DIRECTION('',(0.,0.,1.));
#12137 = ADVANCED_FACE('',(#12138),#12149,.F.);
#12138 = FACE_BOUND('',#12139,.F.);
#12139 = EDGE_LOOP('',(#12140,#12141,#12142,#12148));
#12140 = ORIENTED_EDGE('',*,*,#12010,.F.);
#12141 = ORIENTED_EDGE('',*,*,#12040,.T.);
#12142 = ORIENTED_EDGE('',*,*,#12143,.T.);
#12143 = EDGE_CURVE('',#12041,#12118,#12144,.T.);
#12144 = LINE('',#12145,#12146);
#12145 = CARTESIAN_POINT('',(134.,12.,0.));
#12146 = VECTOR('',#12147,1.);
#12147 = DIRECTION('',(-0.,1.,0.));
#12148 = ORIENTED_EDGE('',*,*,#12117,.F.);
#12149 = PLANE('',#12150);
#12150 = AXIS2_PLACEMENT_3D('',#12151,#12152,#12153);
#12151 = CARTESIAN_POINT('',(114.,12.,0.));
#12152 = DIRECTION('',(0.,0.,1.));
#12153 = DIRECTION('',(1.,0.,-0.));
#12154 = ADVANCED_FACE('',(#12155),#12161,.T.);
#12155 = FACE_BOUND('',#12156,.T.);
#12156 = EDGE_LOOP('',(#12157,#12158,#12159,#12160));
#12157 = ORIENTED_EDGE('',*,*,#12057,.F.);
#12158 = ORIENTED_EDGE('',*,*,#12143,.T.);
#12159 = ORIENTED_EDGE('',*,*,#12127,.T.);
#12160 = ORIENTED_EDGE('',*,*,#12073,.F.);
#12161 = PLANE('',#12162);
#12162 = AXIS2_PLACEMENT_3D('',#12163,#12164,#12165);
#12163 = CARTESIAN_POINT('',(134.,12.,0.));
#12164 = DIRECTION('',(1.,0.,-0.));
#12165 = DIRECTION('',(0.,0.,1.));
#12166 = ADVANCED_FACE('',(#12167),#12186,.F.);
#12167 = FACE_BOUND('',#12168,.F.);
#12168 = EDGE_LOOP('',(#12169,#12170,#12178,#12185));
#12169 = ORIENTED_EDGE('',*,*,#12089,.F.);
#12170 = ORIENTED_EDGE('',*,*,#12171,.F.);
#12171 = EDGE_CURVE('',#12172,#12090,#12174,.T.);
#12172 = VERTEX_POINT('',#12173);
#12173 = CARTESIAN_POINT('',(123.55,28.,1.6));
#12174 = LINE('',#12175,#12176);
#12175 = CARTESIAN_POINT('',(123.55,28.,1.6));
#12176 = VECTOR('',#12177,1.);
#12177 = DIRECTION('',(0.,0.,1.));
#12178 = ORIENTED_EDGE('',*,*,#12179,.T.);
#12179 = EDGE_CURVE('',#12172,#12172,#12180,.T.);
#12180 = CIRCLE('',#12181,0.65);
#12181 = AXIS2_PLACEMENT_3D('',#12182,#12183,#12184);
#12182 = CARTESIAN_POINT('',(122.9,28.,1.6));
#12183 = DIRECTION('',(0.,0.,1.));
#12184 = DIRECTION('',(1.,0.,-0.));
#12185 = ORIENTED_EDGE('',*,*,#12171,.T.);
#12186 = CYLINDRICAL_SURFACE('',#12187,0.65);
#12187 = AXIS2_PLACEMENT_3D('',#12188,#12189,#12190);
#12188 = CARTESIAN_POINT('',(122.9,28.,1.6));
#12189 = DIRECTION('',(0.,0.,1.));
#12190 = DIRECTION('',(1.,0.,-0.));
#12191 = ADVANCED_FACE('',(#12192),#12211,.F.);
#12192 = FACE_BOUND('',#12193,.F.);
#12193 = EDGE_LOOP('',(#12194,#12195,#12203,#12210));
#12194 = ORIENTED_EDGE('',*,*,#12100,.F.);
#12195 = ORIENTED_EDGE('',*,*,#12196,.F.);
#12196 = EDGE_CURVE('',#12197,#12101,#12199,.T.);
#12197 = VERTEX_POINT('',#12198);
#12198 = CARTESIAN_POINT('',(125.75,28.,1.6));
#12199 = LINE('',#12200,#12201);
#12200 = CARTESIAN_POINT('',(125.75,28.,1.6));
#12201 = VECTOR('',#12202,1.);
#12202 = DIRECTION('',(0.,0.,1.));
#12203 = ORIENTED_EDGE('',*,*,#12204,.T.);
#12204 = EDGE_CURVE('',#12197,#12197,#12205,.T.);
#12205 = CIRCLE('',#12206,0.65);
#12206 = AXIS2_PLACEMENT_3D('',#12207,#12208,#12209);
#12207 = CARTESIAN_POINT('',(125.1,28.,1.6));
#12208 = DIRECTION('',(0.,0.,1.));
#12209 = DIRECTION('',(1.,0.,-0.));
#12210 = ORIENTED_EDGE('',*,*,#12196,.T.);
#12211 = CYLINDRICAL_SURFACE('',#12212,0.65);
#12212 = AXIS2_PLACEMENT_3D('',#12213,#12214,#12215);
#12213 = CARTESIAN_POINT('',(125.1,28.,1.6));
#12214 = DIRECTION('',(0.,0.,1.));
#12215 = DIRECTION('',(1.,0.,-0.));
#12216 = ADVANCED_FACE('',(#12217),#12220,.T.);
#12217 = FACE_BOUND('',#12218,.F.);
#12218 = EDGE_LOOP('',(#12219));
#12219 = ORIENTED_EDGE('',*,*,#12179,.F.);
#12220 = PLANE('',#12221);
#12221 = AXIS2_PLACEMENT_3D('',#12222,#12223,#12224);
#12222 = CARTESIAN_POINT('',(122.9,28.,1.6));
#12223 = DIRECTION('',(0.,0.,1.));
#12224 = DIRECTION('',(1.,0.,-0.));
#12225 = ADVANCED_FACE('',(#12226),#12229,.T.);
#12226 = FACE_BOUND('',#12227,.F.);
#12227 = EDGE_LOOP('',(#12228));
#12228 = ORIENTED_EDGE('',*,*,#12204,.F.);
#12229 = PLANE('',#12230);
#12230 = AXIS2_PLACEMENT_3D('',#12231,#12232,#12233);
#12231 = CARTESIAN_POINT('',(125.1,28.,1.6));
#12232 = DIRECTION('',(0.,0.,1.));
#12233 = DIRECTION('',(1.,0.,-0.));
#12234 = MANIFOLD_SOLID_BREP('',#12235);
#12235 = CLOSED_SHELL('',(#12236,#12276,#12307,#12364,#12388,#12405,
    #12417,#12442,#12467,#12492,#12501,#12510));
#12236 = ADVANCED_FACE('',(#12237),#12271,.F.);
#12237 = FACE_BOUND('',#12238,.F.);
#12238 = EDGE_LOOP('',(#12239,#12249,#12257,#12265));
#12239 = ORIENTED_EDGE('',*,*,#12240,.F.);
#12240 = EDGE_CURVE('',#12241,#12243,#12245,.T.);
#12241 = VERTEX_POINT('',#12242);
#12242 = CARTESIAN_POINT('',(114.,36.,0.));
#12243 = VERTEX_POINT('',#12244);
#12244 = CARTESIAN_POINT('',(114.,36.,2.));
#12245 = LINE('',#12246,#12247);
#12246 = CARTESIAN_POINT('',(114.,36.,0.));
#12247 = VECTOR('',#12248,1.);
#12248 = DIRECTION('',(0.,0.,1.));
#12249 = ORIENTED_EDGE('',*,*,#12250,.T.);
#12250 = EDGE_CURVE('',#12241,#12251,#12253,.T.);
#12251 = VERTEX_POINT('',#12252);
#12252 = CARTESIAN_POINT('',(114.,56.,0.));
#12253 = LINE('',#12254,#12255);
#12254 = CARTESIAN_POINT('',(114.,36.,0.));
#12255 = VECTOR('',#12256,1.);
#12256 = DIRECTION('',(-0.,1.,0.));
#12257 = ORIENTED_EDGE('',*,*,#12258,.T.);
#12258 = EDGE_CURVE('',#12251,#12259,#12261,.T.);
#12259 = VERTEX_POINT('',#12260);
#12260 = CARTESIAN_POINT('',(114.,56.,2.));
#12261 = LINE('',#12262,#12263);
#12262 = CARTESIAN_POINT('',(114.,56.,0.));
#12263 = VECTOR('',#12264,1.);
#12264 = DIRECTION('',(0.,0.,1.));
#12265 = ORIENTED_EDGE('',*,*,#12266,.F.);
#12266 = EDGE_CURVE('',#12243,#12259,#12267,.T.);
#12267 = LINE('',#12268,#12269);
#12268 = CARTESIAN_POINT('',(114.,36.,2.));
#12269 = VECTOR('',#12270,1.);
#12270 = DIRECTION('',(-0.,1.,0.));
#12271 = PLANE('',#12272);
#12272 = AXIS2_PLACEMENT_3D('',#12273,#12274,#12275);
#12273 = CARTESIAN_POINT('',(114.,36.,0.));
#12274 = DIRECTION('',(1.,0.,-0.));
#12275 = DIRECTION('',(0.,0.,1.));
#12276 = ADVANCED_FACE('',(#12277),#12302,.F.);
#12277 = FACE_BOUND('',#12278,.F.);
#12278 = EDGE_LOOP('',(#12279,#12287,#12288,#12296));
#12279 = ORIENTED_EDGE('',*,*,#12280,.F.);
#12280 = EDGE_CURVE('',#12241,#12281,#12283,.T.);
#12281 = VERTEX_POINT('',#12282);
#12282 = CARTESIAN_POINT('',(134.,36.,0.));
#12283 = LINE('',#12284,#12285);
#12284 = CARTESIAN_POINT('',(114.,36.,0.));
#12285 = VECTOR('',#12286,1.);
#12286 = DIRECTION('',(1.,0.,-0.));
#12287 = ORIENTED_EDGE('',*,*,#12240,.T.);
#12288 = ORIENTED_EDGE('',*,*,#12289,.T.);
#12289 = EDGE_CURVE('',#12243,#12290,#12292,.T.);
#12290 = VERTEX_POINT('',#12291);
#12291 = CARTESIAN_POINT('',(134.,36.,2.));
#12292 = LINE('',#12293,#12294);
#12293 = CARTESIAN_POINT('',(114.,36.,2.));
#12294 = VECTOR('',#12295,1.);
#12295 = DIRECTION('',(1.,0.,-0.));
#12296 = ORIENTED_EDGE('',*,*,#12297,.F.);
#12297 = EDGE_CURVE('',#12281,#12290,#12298,.T.);
#12298 = LINE('',#12299,#12300);
#12299 = CARTESIAN_POINT('',(134.,36.,0.));
#12300 = VECTOR('',#12301,1.);
#12301 = DIRECTION('',(0.,0.,1.));
#12302 = PLANE('',#12303);
#12303 = AXIS2_PLACEMENT_3D('',#12304,#12305,#12306);
#12304 = CARTESIAN_POINT('',(114.,36.,0.));
#12305 = DIRECTION('',(-0.,1.,0.));
#12306 = DIRECTION('',(0.,0.,1.));
#12307 = ADVANCED_FACE('',(#12308,#12326,#12337,#12348),#12359,.T.);
#12308 = FACE_BOUND('',#12309,.T.);
#12309 = EDGE_LOOP('',(#12310,#12311,#12312,#12320));
#12310 = ORIENTED_EDGE('',*,*,#12266,.F.);
#12311 = ORIENTED_EDGE('',*,*,#12289,.T.);
#12312 = ORIENTED_EDGE('',*,*,#12313,.T.);
#12313 = EDGE_CURVE('',#12290,#12314,#12316,.T.);
#12314 = VERTEX_POINT('',#12315);
#12315 = CARTESIAN_POINT('',(134.,56.,2.));
#12316 = LINE('',#12317,#12318);
#12317 = CARTESIAN_POINT('',(134.,36.,2.));
#12318 = VECTOR('',#12319,1.);
#12319 = DIRECTION('',(-0.,1.,0.));
#12320 = ORIENTED_EDGE('',*,*,#12321,.F.);
#12321 = EDGE_CURVE('',#12259,#12314,#12322,.T.);
#12322 = LINE('',#12323,#12324);
#12323 = CARTESIAN_POINT('',(114.,56.,2.));
#12324 = VECTOR('',#12325,1.);
#12325 = DIRECTION('',(1.,0.,-0.));
#12326 = FACE_BOUND('',#12327,.T.);
#12327 = EDGE_LOOP('',(#12328));
#12328 = ORIENTED_EDGE('',*,*,#12329,.F.);
#12329 = EDGE_CURVE('',#12330,#12330,#12332,.T.);
#12330 = VERTEX_POINT('',#12331);
#12331 = CARTESIAN_POINT('',(122.45,52.,2.));
#12332 = CIRCLE('',#12333,0.65);
#12333 = AXIS2_PLACEMENT_3D('',#12334,#12335,#12336);
#12334 = CARTESIAN_POINT('',(121.8,52.,2.));
#12335 = DIRECTION('',(0.,0.,1.));
#12336 = DIRECTION('',(1.,0.,-0.));
#12337 = FACE_BOUND('',#12338,.T.);
#12338 = EDGE_LOOP('',(#12339));
#12339 = ORIENTED_EDGE('',*,*,#12340,.F.);
#12340 = EDGE_CURVE('',#12341,#12341,#12343,.T.);
#12341 = VERTEX_POINT('',#12342);
#12342 = CARTESIAN_POINT('',(124.65,52.,2.));
#12343 = CIRCLE('',#12344,0.65);
#12344 = AXIS2_PLACEMENT_3D('',#12345,#12346,#12347);
#12345 = CARTESIAN_POINT('',(124.,52.,2.));
#12346 = DIRECTION('',(0.,0.,1.));
#12347 = DIRECTION('',(1.,0.,-0.));
#12348 = FACE_BOUND('',#12349,.T.);
#12349 = EDGE_LOOP('',(#12350));
#12350 = ORIENTED_EDGE('',*,*,#12351,.F.);
#12351 = EDGE_CURVE('',#12352,#12352,#12354,.T.);
#12352 = VERTEX_POINT('',#12353);
#12353 = CARTESIAN_POINT('',(126.85,52.,2.));
#12354 = CIRCLE('',#12355,0.65);
#12355 = AXIS2_PLACEMENT_3D('',#12356,#12357,#12358);
#12356 = CARTESIAN_POINT('',(126.2,52.,2.));
#12357 = DIRECTION('',(0.,0.,1.));
#12358 = DIRECTION('',(1.,0.,-0.));
#12359 = PLANE('',#12360);
#12360 = AXIS2_PLACEMENT_3D('',#12361,#12362,#12363);
#12361 = CARTESIAN_POINT('',(114.,36.,2.));
#12362 = DIRECTION('',(0.,0.,1.));
#12363 = DIRECTION('',(1.,0.,-0.));
#12364 = ADVANCED_FACE('',(#12365),#12383,.T.);
#12365 = FACE_BOUND('',#12366,.T.);
#12366 = EDGE_LOOP('',(#12367,#12375,#12376,#12377));
#12367 = ORIENTED_EDGE('',*,*,#12368,.F.);
#12368 = EDGE_CURVE('',#12251,#12369,#12371,.T.);
#12369 = VERTEX_POINT('',#12370);
#12370 = CARTESIAN_POINT('',(134.,56.,0.));
#12371 = LINE('',#12372,#12373);
#12372 = CARTESIAN_POINT('',(114.,56.,0.));
#12373 = VECTOR('',#12374,1.);
#12374 = DIRECTION('',(1.,0.,-0.));
#12375 = ORIENTED_EDGE('',*,*,#12258,.T.);
#12376 = ORIENTED_EDGE('',*,*,#12321,.T.);
#12377 = ORIENTED_EDGE('',*,*,#12378,.F.);
#12378 = EDGE_CURVE('',#12369,#12314,#12379,.T.);
#12379 = LINE('',#12380,#12381);
#12380 = CARTESIAN_POINT('',(134.,56.,0.));
#12381 = VECTOR('',#12382,1.);
#12382 = DIRECTION('',(0.,0.,1.));
#12383 = PLANE('',#12384);
#12384 = AXIS2_PLACEMENT_3D('',#12385,#12386,#12387);
#12385 = CARTESIAN_POINT('',(114.,56.,0.));
#12386 = DIRECTION('',(-0.,1.,0.));
#12387 = DIRECTION('',(0.,0.,1.));
#12388 = ADVANCED_FACE('',(#12389),#12400,.F.);
#12389 = FACE_BOUND('',#12390,.F.);
#12390 = EDGE_LOOP('',(#12391,#12392,#12393,#12399));
#12391 = ORIENTED_EDGE('',*,*,#12250,.F.);
#12392 = ORIENTED_EDGE('',*,*,#12280,.T.);
#12393 = ORIENTED_EDGE('',*,*,#12394,.T.);
#12394 = EDGE_CURVE('',#12281,#12369,#12395,.T.);
#12395 = LINE('',#12396,#12397);
#12396 = CARTESIAN_POINT('',(134.,36.,0.));
#12397 = VECTOR('',#12398,1.);
#12398 = DIRECTION('',(-0.,1.,0.));
#12399 = ORIENTED_EDGE('',*,*,#12368,.F.);
#12400 = PLANE('',#12401);
#12401 = AXIS2_PLACEMENT_3D('',#12402,#12403,#12404);
#12402 = CARTESIAN_POINT('',(114.,36.,0.));
#12403 = DIRECTION('',(0.,0.,1.));
#12404 = DIRECTION('',(1.,0.,-0.));
#12405 = ADVANCED_FACE('',(#12406),#12412,.T.);
#12406 = FACE_BOUND('',#12407,.T.);
#12407 = EDGE_LOOP('',(#12408,#12409,#12410,#12411));
#12408 = ORIENTED_EDGE('',*,*,#12297,.F.);
#12409 = ORIENTED_EDGE('',*,*,#12394,.T.);
#12410 = ORIENTED_EDGE('',*,*,#12378,.T.);
#12411 = ORIENTED_EDGE('',*,*,#12313,.F.);
#12412 = PLANE('',#12413);
#12413 = AXIS2_PLACEMENT_3D('',#12414,#12415,#12416);
#12414 = CARTESIAN_POINT('',(134.,36.,0.));
#12415 = DIRECTION('',(1.,0.,-0.));
#12416 = DIRECTION('',(0.,0.,1.));
#12417 = ADVANCED_FACE('',(#12418),#12437,.F.);
#12418 = FACE_BOUND('',#12419,.F.);
#12419 = EDGE_LOOP('',(#12420,#12421,#12429,#12436));
#12420 = ORIENTED_EDGE('',*,*,#12329,.F.);
#12421 = ORIENTED_EDGE('',*,*,#12422,.F.);
#12422 = EDGE_CURVE('',#12423,#12330,#12425,.T.);
#12423 = VERTEX_POINT('',#12424);
#12424 = CARTESIAN_POINT('',(122.45,52.,1.6));
#12425 = LINE('',#12426,#12427);
#12426 = CARTESIAN_POINT('',(122.45,52.,1.6));
#12427 = VECTOR('',#12428,1.);
#12428 = DIRECTION('',(0.,0.,1.));
#12429 = ORIENTED_EDGE('',*,*,#12430,.T.);
#12430 = EDGE_CURVE('',#12423,#12423,#12431,.T.);
#12431 = CIRCLE('',#12432,0.65);
#12432 = AXIS2_PLACEMENT_3D('',#12433,#12434,#12435);
#12433 = CARTESIAN_POINT('',(121.8,52.,1.6));
#12434 = DIRECTION('',(0.,0.,1.));
#12435 = DIRECTION('',(1.,0.,-0.));
#12436 = ORIENTED_EDGE('',*,*,#12422,.T.);
#12437 = CYLINDRICAL_SURFACE('',#12438,0.65);
#12438 = AXIS2_PLACEMENT_3D('',#12439,#12440,#12441);
#12439 = CARTESIAN_POINT('',(121.8,52.,1.6));
#12440 = DIRECTION('',(0.,0.,1.));
#12441 = DIRECTION('',(1.,0.,-0.));
#12442 = ADVANCED_FACE('',(#12443),#12462,.F.);
#12443 = FACE_BOUND('',#12444,.F.);
#12444 = EDGE_LOOP('',(#12445,#12446,#12454,#12461));
#12445 = ORIENTED_EDGE('',*,*,#12340,.F.);
#12446 = ORIENTED_EDGE('',*,*,#12447,.F.);
#12447 = EDGE_CURVE('',#12448,#12341,#12450,.T.);
#12448 = VERTEX_POINT('',#12449);
#12449 = CARTESIAN_POINT('',(124.65,52.,1.6));
#12450 = LINE('',#12451,#12452);
#12451 = CARTESIAN_POINT('',(124.65,52.,1.6));
#12452 = VECTOR('',#12453,1.);
#12453 = DIRECTION('',(0.,0.,1.));
#12454 = ORIENTED_EDGE('',*,*,#12455,.T.);
#12455 = EDGE_CURVE('',#12448,#12448,#12456,.T.);
#12456 = CIRCLE('',#12457,0.65);
#12457 = AXIS2_PLACEMENT_3D('',#12458,#12459,#12460);
#12458 = CARTESIAN_POINT('',(124.,52.,1.6));
#12459 = DIRECTION('',(0.,0.,1.));
#12460 = DIRECTION('',(1.,0.,-0.));
#12461 = ORIENTED_EDGE('',*,*,#12447,.T.);
#12462 = CYLINDRICAL_SURFACE('',#12463,0.65);
#12463 = AXIS2_PLACEMENT_3D('',#12464,#12465,#12466);
#12464 = CARTESIAN_POINT('',(124.,52.,1.6));
#12465 = DIRECTION('',(0.,0.,1.));
#12466 = DIRECTION('',(1.,0.,-0.));
#12467 = ADVANCED_FACE('',(#12468),#12487,.F.);
#12468 = FACE_BOUND('',#12469,.F.);
#12469 = EDGE_LOOP('',(#12470,#12471,#12479,#12486));
#12470 = ORIENTED_EDGE('',*,*,#12351,.F.);
#12471 = ORIENTED_EDGE('',*,*,#12472,.F.);
#12472 = EDGE_CURVE('',#12473,#12352,#12475,.T.);
#12473 = VERTEX_POINT('',#12474);
#12474 = CARTESIAN_POINT('',(126.85,52.,1.6));
#12475 = LINE('',#12476,#12477);
#12476 = CARTESIAN_POINT('',(126.85,52.,1.6));
#12477 = VECTOR('',#12478,1.);
#12478 = DIRECTION('',(0.,0.,1.));
#12479 = ORIENTED_EDGE('',*,*,#12480,.T.);
#12480 = EDGE_CURVE('',#12473,#12473,#12481,.T.);
#12481 = CIRCLE('',#12482,0.65);
#12482 = AXIS2_PLACEMENT_3D('',#12483,#12484,#12485);
#12483 = CARTESIAN_POINT('',(126.2,52.,1.6));
#12484 = DIRECTION('',(0.,0.,1.));
#12485 = DIRECTION('',(1.,0.,-0.));
#12486 = ORIENTED_EDGE('',*,*,#12472,.T.);
#12487 = CYLINDRICAL_SURFACE('',#12488,0.65);
#12488 = AXIS2_PLACEMENT_3D('',#12489,#12490,#12491);
#12489 = CARTESIAN_POINT('',(126.2,52.,1.6));
#12490 = DIRECTION('',(0.,0.,1.));
#12491 = DIRECTION('',(1.,0.,-0.));
#12492 = ADVANCED_FACE('',(#12493),#12496,.T.);
#12493 = FACE_BOUND('',#12494,.F.);
#12494 = EDGE_LOOP('',(#12495));
#12495 = ORIENTED_EDGE('',*,*,#12430,.F.);
#12496 = PLANE('',#12497);
#12497 = AXIS2_PLACEMENT_3D('',#12498,#12499,#12500);
#12498 = CARTESIAN_POINT('',(121.8,52.,1.6));
#12499 = DIRECTION('',(0.,0.,1.));
#12500 = DIRECTION('',(1.,0.,-0.));
#12501 = ADVANCED_FACE('',(#12502),#12505,.T.);
#12502 = FACE_BOUND('',#12503,.F.);
#12503 = EDGE_LOOP('',(#12504));
#12504 = ORIENTED_EDGE('',*,*,#12455,.F.);
#12505 = PLANE('',#12506);
#12506 = AXIS2_PLACEMENT_3D('',#12507,#12508,#12509);
#12507 = CARTESIAN_POINT('',(124.,52.,1.6));
#12508 = DIRECTION('',(0.,0.,1.));
#12509 = DIRECTION('',(1.,0.,-0.));
#12510 = ADVANCED_FACE('',(#12511),#12514,.T.);
#12511 = FACE_BOUND('',#12512,.F.);
#12512 = EDGE_LOOP('',(#12513));
#12513 = ORIENTED_EDGE('',*,*,#12480,.F.);
#12514 = PLANE('',#12515);
#12515 = AXIS2_PLACEMENT_3D('',#12516,#12517,#12518);
#12516 = CARTESIAN_POINT('',(126.2,52.,1.6));
#12517 = DIRECTION('',(0.,0.,1.));
#12518 = DIRECTION('',(1.,0.,-0.));
#12519 = ( GEOMETRIC_REPRESENTATION_CONTEXT(3) 
GLOBAL_UNCERTAINTY_ASSIGNED_CONTEXT((#12523)) 
GLOBAL_UNIT_ASSIGNED_CONTEXT((#12520,#12521,#12522)) 
REPRESENTATION_CONTEXT('Context #1',
  '3D Context with UNIT and UNCERTAINTY') );
#12520 = ( LENGTH_UNIT() NAMED_UNIT(*) SI_UNIT(.MILLI.,.METRE.) );
#12521 = ( NAMED_UNIT(*) PLANE_ANGLE_UNIT() SI_UNIT($,.RADIAN.) );
#12522 = ( NAMED_UNIT(*) SI_UNIT($,.STERADIAN.) SOLID_ANGLE_UNIT() );
#12523 = UNCERTAINTY_MEASURE_WITH_UNIT(LENGTH_MEASURE(1.E-07),#12520,
  'distance_accuracy_value','confusion accuracy');
#12524 = PRODUCT_RELATED_PRODUCT_CATEGORY('part',$,(#7));
ENDSEC;
END-ISO-10303-21;
