ISO-10303-21;
HEADER;
FILE_DESCRIPTION(('FreeCAD Model'),'2;1');
FILE_NAME('Open CASCADE Shape Model','2026-10-04T02:18:06',('FreeCAD'),(
    'FreeCAD'),'Open CASCADE STEP processor 7.8','FreeCAD','Unknown');
FILE_SCHEMA(('AUTOMOTIVE_DESIGN { 1 0 10303 214 1 1 1 1 }'));
ENDSEC;
DATA;
#1 = APPLICATION_PROTOCOL_DEFINITION('international standard',
  'automotive_design',2000,#2);
#2 = APPLICATION_CONTEXT(
  'core data for automotive mechanical design processes');
#3 = SHAPE_DEFINITION_REPRESENTATION(#4,#10);
#4 = PRODUCT_DEFINITION_SHAPE('','',#5);
#5 = PRODUCT_DEFINITION('design','',#6,#9);
#6 = PRODUCT_DEFINITION_FORMATION('','',#7);
#7 = PRODUCT('Open CASCADE STEP translator 7.8 2',
  'Open CASCADE STEP translator 7.8 2','',(#8));
#8 = PRODUCT_CONTEXT('',#2,'mechanical');
#9 = PRODUCT_DEFINITION_CONTEXT('part definition',#2,'design');
#10 = ADVANCED_BREP_SHAPE_REPRESENTATION('',(#11,#15),#4248);
#11 = AXIS2_PLACEMENT_3D('',#12,#13,#14);
#12 = CARTESIAN_POINT('',(0.,0.,0.));
#13 = DIRECTION('',(0.,0.,1.));
#14 = DIRECTION('',(1.,0.,-0.));
#15 = MANIFOLD_SOLID_BREP('',#16);
#16 = CLOSED_SHELL('',(#17,#75,#300,#340,#364,#426,#627,#801,#871,#888,
    #898,#1148,#1165,#1223,#1240,#1267,#1278,#1309,#1334,#1359,#1383,
    #1407,#1432,#1457,#1474,#1638,#1682,#1845,#1869,#1886,#1897,#1908,
    #1919,#1935,#1952,#1969,#1983,#2015,#2039,#2064,#2088,#2113,#2137,
    #2162,#2179,#2211,#2235,#2260,#2284,#2309,#2333,#2358,#2375,#2523,
    #2550,#2561,#2578,#2588,#2674,#2760,#2785,#2810,#2866,#2954,#3042,
    #3091,#3140,#3223,#3306,#3348,#3373,#3398,#3428,#3489,#3549,#3572,
    #3595,#3634,#3670,#3687,#3718,#3754,#3793,#3816,#3839,#3899,#3960,
    #3976,#3985,#3994,#4030,#4057,#4089,#4126,#4140,#4158,#4191,#4214,
    #4223,#4232));
#17 = ADVANCED_FACE('',(#18),#70,.T.);
#18 = FACE_BOUND('',#19,.T.);
#19 = EDGE_LOOP('',(#20,#29,#36,#43,#53,#60));
#20 = ORIENTED_EDGE('',*,*,#21,.F.);
#21 = EDGE_CURVE('',#22,#24,#26,.T.);
#22 = VERTEX_POINT('',#23);
#23 = CARTESIAN_POINT('',(-36.226375,-111.222625,-2.99));
#24 = VERTEX_POINT('',#25);
#25 = CARTESIAN_POINT('',(-26.8850991574,-100.3986069601,0.963979192634)
  );
#26 = B_SPLINE_CURVE_WITH_KNOTS('',1,(#27,#28),.UNSPECIFIED.,.F.,.F.,(2,
    2),(0.,1.),.PIECEWISE_BEZIER_KNOTS.);
#27 = CARTESIAN_POINT('',(-36.25,-111.25,-3.));
#28 = CARTESIAN_POINT('',(-26.8,-100.3,1.));
#29 = ORIENTED_EDGE('',*,*,#30,.F.);
#30 = EDGE_CURVE('',#31,#22,#33,.T.);
#31 = VERTEX_POINT('',#32);
#32 = CARTESIAN_POINT('',(36.226375,-111.222625,-2.99));
#33 = B_SPLINE_CURVE_WITH_KNOTS('',1,(#34,#35),.UNSPECIFIED.,.F.,.F.,(2,
    2),(0.,1.),.PIECEWISE_BEZIER_KNOTS.);
#34 = CARTESIAN_POINT('',(36.226375,-111.222625,-2.99));
#35 = CARTESIAN_POINT('',(-36.226375,-111.222625,-2.99));
#36 = ORIENTED_EDGE('',*,*,#37,.T.);
#37 = EDGE_CURVE('',#31,#38,#40,.T.);
#38 = VERTEX_POINT('',#39);
#39 = CARTESIAN_POINT('',(26.885099157401,-100.3986069601,0.963979192634
    ));
#40 = B_SPLINE_CURVE_WITH_KNOTS('',1,(#41,#42),.UNSPECIFIED.,.F.,.F.,(2,
    2),(0.,1.),.PIECEWISE_BEZIER_KNOTS.);
#41 = CARTESIAN_POINT('',(36.25,-111.25,-3.));
#42 = CARTESIAN_POINT('',(26.8,-100.3,1.));
#43 = ORIENTED_EDGE('',*,*,#44,.T.);
#44 = EDGE_CURVE('',#38,#45,#47,.T.);
#45 = VERTEX_POINT('',#46);
#46 = CARTESIAN_POINT('',(26.8,-100.4,0.963470319635));
#47 = B_SPLINE_CURVE_WITH_KNOTS('',3,(#48,#49,#50,#51,#52),
  .UNSPECIFIED.,.F.,.F.,(4,1,4),(0.,0.621853934289,1.),.UNSPECIFIED.);
#48 = CARTESIAN_POINT('',(26.885099157401,-100.3986069601,0.963979192634
    ));
#49 = CARTESIAN_POINT('',(26.867523476399,-100.3991825284,0.963768939395
    ));
#50 = CARTESIAN_POINT('',(26.839398270435,-100.3998204677,0.963535902205
    ));
#51 = CARTESIAN_POINT('',(26.810785348497,-100.4,0.963470319635));
#52 = CARTESIAN_POINT('',(26.8,-100.4,0.963470319635));
#53 = ORIENTED_EDGE('',*,*,#54,.T.);
#54 = EDGE_CURVE('',#45,#55,#57,.T.);
#55 = VERTEX_POINT('',#56);
#56 = CARTESIAN_POINT('',(-26.8,-100.4,0.963470319635));
#57 = B_SPLINE_CURVE_WITH_KNOTS('',1,(#58,#59),.UNSPECIFIED.,.F.,.F.,(2,
    2),(0.,1.),.PIECEWISE_BEZIER_KNOTS.);
#58 = CARTESIAN_POINT('',(26.8,-100.4,0.963470319635));
#59 = CARTESIAN_POINT('',(-26.8,-100.4,0.963470319635));
#60 = ORIENTED_EDGE('',*,*,#61,.T.);
#61 = EDGE_CURVE('',#55,#24,#62,.T.);
#62 = B_SPLINE_CURVE_WITH_KNOTS('',3,(#63,#64,#65,#66,#67,#68,#69),
  .UNSPECIFIED.,.F.,.F.,(4,1,1,1,4),(0.,0.243085883658,0.520416689947,
    0.826053664593,1.),.UNSPECIFIED.);
#63 = CARTESIAN_POINT('',(-26.8,-100.4,0.963470319635));
#64 = CARTESIAN_POINT('',(-26.80695597589,-100.4,0.963470319635));
#65 = CARTESIAN_POINT('',(-26.82181633534,-100.3999402391,0.96349215007)
  );
#66 = CARTESIAN_POINT('',(-26.8452970602,-100.3996448555,0.963600052773)
  );
#67 = CARTESIAN_POINT('',(-26.86670270978,-100.3991712957,0.963773042652
    ));
#68 = CARTESIAN_POINT('',(-26.88020820008,-100.3987671291,0.963920683401
    ));
#69 = CARTESIAN_POINT('',(-26.8850991574,-100.3986069601,0.963979192634)
  );
#70 = B_SPLINE_SURFACE_WITH_KNOTS('',1,1,(
    (#71,#72)
    ,(#73,#74)),.UNSPECIFIED.,.F.,.F.,.F.,(2,2),(2,2),(0.,72.5),(0.,1.),
  .PIECEWISE_BEZIER_KNOTS.);
#71 = CARTESIAN_POINT('',(-36.25,-111.25,-3.));
#72 = CARTESIAN_POINT('',(-26.8,-100.3,1.));
#73 = CARTESIAN_POINT('',(36.25,-111.25,-3.));
#74 = CARTESIAN_POINT('',(26.8,-100.3,1.));
#75 = ADVANCED_FACE('',(#76,#153),#281,.T.);
#76 = FACE_BOUND('',#77,.T.);
#77 = EDGE_LOOP('',(#78,#87,#127,#128));
#78 = ORIENTED_EDGE('',*,*,#79,.F.);
#79 = EDGE_CURVE('',#80,#82,#84,.T.);
#80 = VERTEX_POINT('',#81);
#81 = CARTESIAN_POINT('',(-40.222625,-107.226375,-2.99));
#82 = VERTEX_POINT('',#83);
#83 = CARTESIAN_POINT('',(-29.39860696016,-97.8850991574,0.963979192634)
  );
#84 = B_SPLINE_CURVE_WITH_KNOTS('',1,(#85,#86),.UNSPECIFIED.,.F.,.F.,(2,
    2),(0.,1.),.PIECEWISE_BEZIER_KNOTS.);
#85 = CARTESIAN_POINT('',(-40.25,-107.25,-3.));
#86 = CARTESIAN_POINT('',(-29.3,-97.8,1.));
#87 = ORIENTED_EDGE('',*,*,#88,.F.);
#88 = EDGE_CURVE('',#22,#80,#89,.T.);
#89 = B_SPLINE_CURVE_WITH_KNOTS('',6,(#90,#91,#92,#93,#94,#95,#96,#97,
    #98,#99,#100,#101,#102,#103,#104,#105,#106,#107,#108,#109,#110,#111,
    #112,#113,#114,#115,#116,#117,#118,#119,#120,#121,#122,#123,#124,
    #125,#126),.UNSPECIFIED.,.F.,.F.,(7,5,5,5,5,5,5,7),(0.,
    2.900024781447E-02,0.136001104534,0.30100204269,0.566999158082,
    0.770999574953,0.980999837599,1.),.UNSPECIFIED.);
#90 = CARTESIAN_POINT('',(-36.226375,-111.222625,-2.99));
#91 = CARTESIAN_POINT('',(-36.25671525878,-111.222625,-2.99));
#92 = CARTESIAN_POINT('',(-36.28705551791,-111.2223485811,-2.99));
#93 = CARTESIAN_POINT('',(-36.31739262873,-111.2217957434,-2.99));
#94 = CARTESIAN_POINT('',(-36.34772344369,-111.220966535,-2.99));
#95 = CARTESIAN_POINT('',(-36.37804481633,-111.2198610513,-2.99));
#96 = CARTESIAN_POINT('',(-36.52018250621,-111.213381754,-2.99));
#97 = CARTESIAN_POINT('',(-36.63184027089,-111.2045249217,-2.99));
#98 = CARTESIAN_POINT('',(-36.74316846073,-111.1919161804,-2.99));
#99 = CARTESIAN_POINT('',(-36.85400978657,-111.1755715593,-2.99));
#100 = CARTESIAN_POINT('',(-36.96420810472,-111.1555158757,-2.99));
#101 = CARTESIAN_POINT('',(-37.24230944137,-111.0951849857,-2.99));
#102 = CARTESIAN_POINT('',(-37.40911507455,-111.0498419455,-2.99));
#103 = CARTESIAN_POINT('',(-37.57345501521,-110.9958775348,-2.99));
#104 = CARTESIAN_POINT('',(-37.73477523729,-110.9334631152,-2.99));
#105 = CARTESIAN_POINT('',(-37.89253859078,-110.8628172726,-2.99));
#106 = CARTESIAN_POINT('',(-38.29398307628,-110.6574761521,-2.99));
#107 = CARTESIAN_POINT('',(-38.53116810144,-110.5100339369,-2.99));
#108 = CARTESIAN_POINT('',(-38.75557639949,-110.342999686,-2.99));
#109 = CARTESIAN_POINT('',(-38.9652302069,-110.1577841213,-2.99));
#110 = CARTESIAN_POINT('',(-39.15834186901,-109.9560322233,-2.99));
#111 = CARTESIAN_POINT('',(-39.46758779918,-109.5737361935,-2.99));
#112 = CARTESIAN_POINT('',(-39.59118310683,-109.3991957828,-2.99));
#113 = CARTESIAN_POINT('',(-39.70345147494,-109.2169096426,-2.99));
#114 = CARTESIAN_POINT('',(-39.80379817448,-109.0277986611,-2.99));
#115 = CARTESIAN_POINT('',(-39.89173022005,-108.8328419722,-2.99));
#116 = CARTESIAN_POINT('',(-40.04419427864,-108.4274327717,-2.99));
#117 = CARTESIAN_POINT('',(-40.10796584059,-108.2166828388,-2.99));
#118 = CARTESIAN_POINT('',(-40.15774778123,-108.0019559434,-2.99));
#119 = CARTESIAN_POINT('',(-40.1932444133,-107.7844108422,-2.99));
#120 = CARTESIAN_POINT('',(-40.21428921942,-107.5652317757,-2.99));
#121 = CARTESIAN_POINT('',(-40.22143851387,-107.3257566499,-2.99));
#122 = CARTESIAN_POINT('',(-40.22191309064,-107.305883861,-2.99));
#123 = CARTESIAN_POINT('',(-40.22226904088,-107.2860084163,-2.99));
#124 = CARTESIAN_POINT('',(-40.22250634695,-107.2661312011,-2.99));
#125 = CARTESIAN_POINT('',(-40.222625,-107.2462531005,-2.99));
#126 = CARTESIAN_POINT('',(-40.222625,-107.226375,-2.99));
#127 = ORIENTED_EDGE('',*,*,#21,.T.);
#128 = ORIENTED_EDGE('',*,*,#129,.T.);
#129 = EDGE_CURVE('',#24,#82,#130,.T.);
#130 = B_SPLINE_CURVE_WITH_KNOTS('',6,(#131,#132,#133,#134,#135,#136,
    #137,#138,#139,#140,#141,#142,#143,#144,#145,#146,#147,#148,#149,
    #150,#151,#152),.UNSPECIFIED.,.F.,.F.,(7,5,5,5,7),(0.,0.133773806522
    ,0.499999962393,0.865861436182,1.),.UNSPECIFIED.);
#131 = CARTESIAN_POINT('',(-26.8850991574,-100.3986069601,0.963979192634
    ));
#132 = CARTESIAN_POINT('',(-26.97210104054,-100.3957578232,
    0.965019973233));
#133 = CARTESIAN_POINT('',(-27.05903569472,-100.3894117001,
    0.965942458637));
#134 = CARTESIAN_POINT('',(-27.14571754971,-100.3795676912,
    0.966766134141));
#135 = CARTESIAN_POINT('',(-27.23196433575,-100.3662387342,
    0.967504763559));
#136 = CARTESIAN_POINT('',(-27.31759657315,-100.3494509332,
    0.968168357363));
#137 = CARTESIAN_POINT('',(-27.63470081286,-100.2739202883,0.97039892633
    ));
#138 = CARTESIAN_POINT('',(-27.86107558068,-100.1929530749,
    0.971532351311));
#139 = CARTESIAN_POINT('',(-28.07784017122,-100.0871393301,
    0.972327510087));
#140 = CARTESIAN_POINT('',(-28.28164181716,-99.95799722999,
    0.972835358236));
#141 = CARTESIAN_POINT('',(-28.46940533362,-99.80754993538,
    0.973089919387));
#142 = CARTESIAN_POINT('',(-28.80738164341,-99.46957361192,
    0.973089919294));
#143 = CARTESIAN_POINT('',(-28.95769754397,-99.28201575638,
    0.972835866337));
#144 = CARTESIAN_POINT('',(-29.08675341681,-99.07844904943,
    0.972329022728));
#145 = CARTESIAN_POINT('',(-29.19253143666,-98.86193900025,
    0.971535521411));
#146 = CARTESIAN_POINT('',(-29.27351687606,-98.63582786796,
    0.970404564541));
#147 = CARTESIAN_POINT('',(-29.34922180435,-98.31876396895,
    0.968177399194));
#148 = CARTESIAN_POINT('',(-29.36609320574,-98.2329049736,0.967512815164
    ));
#149 = CARTESIAN_POINT('',(-29.37948708984,-98.14642659718,0.96677286932
    ));
#150 = CARTESIAN_POINT('',(-29.38937706664,-98.05950977457,
    0.965947488745));
#151 = CARTESIAN_POINT('',(-29.39575005472,-97.97233826288,
    0.965022811061));
#152 = CARTESIAN_POINT('',(-29.39860696016,-97.8850991574,0.963979192634
    ));
#153 = FACE_BOUND('',#154,.T.);
#154 = EDGE_LOOP('',(#155,#224,#241));
#155 = ORIENTED_EDGE('',*,*,#156,.T.);
#156 = EDGE_CURVE('',#157,#159,#161,.T.);
#157 = VERTEX_POINT('',#158);
#158 = CARTESIAN_POINT('',(-35.60882200915,-109.8428033147,-2.5));
#159 = VERTEX_POINT('',#160);
#160 = CARTESIAN_POINT('',(-39.61869092118,-107.7938559607,
    -2.814849305299));
#161 = B_SPLINE_CURVE_WITH_KNOTS('',6,(#162,#163,#164,#165,#166,#167,
    #168,#169,#170,#171,#172,#173,#174,#175,#176,#177,#178,#179,#180,
    #181,#182,#183,#184,#185,#186,#187,#188,#189,#190,#191,#192,#193,
    #194,#195,#196,#197,#198,#199,#200,#201,#202,#203,#204,#205,#206,
    #207,#208,#209,#210,#211,#212,#213,#214,#215,#216,#217,#218,#219,
    #220,#221,#222,#223),.UNSPECIFIED.,.F.,.F.,(7,5,5,5,5,5,5,5,5,5,5,5,
    7),(0.,5.712547327248E-02,0.18658275659,0.289878429877,
    0.355569949138,0.432221209584,0.485999448101,0.523857637895,
    0.617268522579,0.742663597394,0.794128017617,0.867810940343,1.),
  .UNSPECIFIED.);
#162 = CARTESIAN_POINT('',(-35.60882067469,-109.842801658,-2.4999994));
#163 = CARTESIAN_POINT('',(-35.6450449092,-109.8877725655,
    -2.516286563562));
#164 = CARTESIAN_POINT('',(-35.68270595702,-109.9317540807,
    -2.532320237629));
#165 = CARTESIAN_POINT('',(-35.72177626469,-109.9746875901,
    -2.548077534083));
#166 = CARTESIAN_POINT('',(-35.76222347713,-110.0165142396,
    -2.563538106872));
#167 = CARTESIAN_POINT('',(-35.80401043764,-110.0571749345,
    -2.57868415201));
#168 = CARTESIAN_POINT('',(-35.94473349875,-110.1859785341,
    -2.627076885541));
#169 = CARTESIAN_POINT('',(-36.04904752855,-110.269064855,
    -2.658964210771));
#170 = CARTESIAN_POINT('',(-36.15952601337,-110.3451635763,
    -2.688975931834));
#171 = CARTESIAN_POINT('',(-36.27554753937,-110.4136240369,
    -2.71702006585));
#172 = CARTESIAN_POINT('',(-36.39637766597,-110.4738796021,
    -2.743075885681));
#173 = CARTESIAN_POINT('',(-36.62073634513,-110.5666465712,
    -2.786396282824));
#174 = CARTESIAN_POINT('',(-36.72283674935,-110.6023082165,
    -2.804374998335));
#175 = CARTESIAN_POINT('',(-36.82704386826,-110.6322338392,
    -2.821121661549));
#176 = CARTESIAN_POINT('',(-36.93291625396,-110.6562508296,
    -2.836672430246));
#177 = CARTESIAN_POINT('',(-37.0399989032,-110.6742400359,
    -2.851074718024));
#178 = CARTESIAN_POINT('',(-37.21640217974,-110.6936982163,
    -2.872836832094));
#179 = CARTESIAN_POINT('',(-37.28527975868,-110.6987972978,
    -2.880851800823));
#180 = CARTESIAN_POINT('',(-37.35434216728,-110.7014144014,
    -2.888435133217));
#181 = CARTESIAN_POINT('',(-37.42347169197,-110.7015406507,
    -2.895599896514));
#182 = CARTESIAN_POINT('',(-37.49255123179,-110.6991752435,
    -2.902359098403));
#183 = CARTESIAN_POINT('',(-37.64187457777,-110.6886665386,
    -2.916154454809));
#184 = CARTESIAN_POINT('',(-37.72205878487,-110.679624806,
    -2.923048452783));
#185 = CARTESIAN_POINT('',(-37.80183211272,-110.6672119156,
    -2.929428139403));
#186 = CARTESIAN_POINT('',(-37.88101342662,-110.6514526837,
    -2.935312420696));
#187 = CARTESIAN_POINT('',(-37.95942526413,-110.6323850814,
    -2.940718650258));
#188 = CARTESIAN_POINT('',(-38.09124549557,-110.5943972061,
    -2.949131306484));
#189 = CARTESIAN_POINT('',(-38.14513306847,-110.5771306966,
    -2.952372403787));
#190 = CARTESIAN_POINT('',(-38.19849671326,-110.5582782353,
    -2.955391312009));
#191 = CARTESIAN_POINT('',(-38.251277884,-110.5378601676,-2.95819292189)
  );
#192 = CARTESIAN_POINT('',(-38.30341932934,-110.5158996551,
    -2.960781624065));
#193 = CARTESIAN_POINT('',(-38.3910812929,-110.4758956205,
    -2.964836532514));
#194 = CARTESIAN_POINT('',(-38.42695276183,-110.4586170243,
    -2.966408170719));
#195 = CARTESIAN_POINT('',(-38.46245999747,-110.4405959324,
    -2.967877577248));
#196 = CARTESIAN_POINT('',(-38.49758387467,-110.4218420246,
    -2.969245975936));
#197 = CARTESIAN_POINT('',(-38.53230564498,-110.4023656156,
    -2.970514460881));
#198 = CARTESIAN_POINT('',(-38.65124156938,-110.3323661006,
    -2.974569695738));
#199 = CARTESIAN_POINT('',(-38.73331680747,-110.2782222681,
    -2.97685299882));
#200 = CARTESIAN_POINT('',(-38.81255593797,-110.2199111072,
    -2.978548363763));
#201 = CARTESIAN_POINT('',(-38.88869855294,-110.1576191451,
    -2.979665406783));
#202 = CARTESIAN_POINT('',(-38.9615011031,-110.0915536588,
    -2.980208868714));
#203 = CARTESIAN_POINT('',(-39.12368055046,-109.9284947312,
    -2.980137923824));
#204 = CARTESIAN_POINT('',(-39.21019953204,-109.8286543848,
    -2.979063315943));
#205 = CARTESIAN_POINT('',(-39.28974630363,-109.7229725257,
    -2.976954483066));
#206 = CARTESIAN_POINT('',(-39.36183864868,-109.6120556073,
    -2.973795088347));
#207 = CARTESIAN_POINT('',(-39.42606431451,-109.4965622915,
    -2.96955300194));
#208 = CARTESIAN_POINT('',(-39.50507704988,-109.3282128396,
    -2.96197562629));
#209 = CARTESIAN_POINT('',(-39.52668716827,-109.2785728577,
    -2.959580278501));
#210 = CARTESIAN_POINT('',(-39.54689218693,-109.2283297286,
    -2.956991218613));
#211 = CARTESIAN_POINT('',(-39.56567117726,-109.1775333168,
    -2.954204715085));
#212 = CARTESIAN_POINT('',(-39.5830055505,-109.1262345958,
    -2.951216612933));
#213 = CARTESIAN_POINT('',(-39.62160556269,-109.0003953602,
    -2.943449002737));
#214 = CARTESIAN_POINT('',(-39.64133776576,-108.9253818237,-2.9384531059
    ));
#215 = CARTESIAN_POINT('',(-39.65802767996,-108.8495982905,
    -2.93302106579));
#216 = CARTESIAN_POINT('',(-39.67163838673,-108.7732013398,
    -2.927137900619));
#217 = CARTESIAN_POINT('',(-39.68214403593,-108.6963508782,
    -2.920787224245));
#218 = CARTESIAN_POINT('',(-39.70278017877,-108.4808176685,
    -2.901687325564));
#219 = CARTESIAN_POINT('',(-39.70599043751,-108.3414827443,
    -2.887861040715));
#220 = CARTESIAN_POINT('',(-39.69907438138,-108.2021593217,
    -2.872371871647));
#221 = CARTESIAN_POINT('',(-39.68207732494,-108.0638083601,
    -2.855109418796));
#222 = CARTESIAN_POINT('',(-39.65517266912,-107.9273914205,
    -2.83596046997));
#223 = CARTESIAN_POINT('',(-39.61869092118,-107.7938559607,
    -2.814849305299));
#224 = ORIENTED_EDGE('',*,*,#225,.T.);
#225 = EDGE_CURVE('',#159,#226,#228,.T.);
#226 = VERTEX_POINT('',#227);
#227 = CARTESIAN_POINT('',(-38.84280331477,-106.6088220091,-2.5));
#228 = B_SPLINE_CURVE_WITH_KNOTS('',6,(#229,#230,#231,#232,#233,#234,
    #235,#236,#237,#238,#239,#240),.UNSPECIFIED.,.F.,.F.,(7,5,7),(0.,
    0.19749209722,1.),.UNSPECIFIED.);
#229 = CARTESIAN_POINT('',(-39.61869092118,-107.7938559607,
    -2.814849305299));
#230 = CARTESIAN_POINT('',(-39.60601604993,-107.7474616717,
    -2.807514643196));
#231 = CARTESIAN_POINT('',(-39.59218496648,-107.7014145206,
    -2.799943061681));
#232 = CARTESIAN_POINT('',(-39.57721135848,-107.6557538592,
    -2.792131196423));
#233 = CARTESIAN_POINT('',(-39.56111096751,-107.6105182124,
    -2.784076316811));
#234 = CARTESIAN_POINT('',(-39.54390158911,-107.5657452777,
    -2.775776325949));
#235 = CARTESIAN_POINT('',(-39.45124716585,-107.3415674369,
    -2.732500846014));
#236 = CARTESIAN_POINT('',(-39.3588804094,-107.1698467482,
    -2.693688085828));
#237 = CARTESIAN_POINT('',(-39.24987384141,-107.0089425541,
    -2.650728633307));
#238 = CARTESIAN_POINT('',(-39.1261259827,-106.8608791383,
    -2.603730451785));
#239 = CARTESIAN_POINT('',(-38.98970794211,-106.7271542369,
    -2.553204612257));
#240 = CARTESIAN_POINT('',(-38.84280165809,-106.6088206746,-2.4999994));
#241 = ORIENTED_EDGE('',*,*,#242,.F.);
#242 = EDGE_CURVE('',#157,#226,#243,.T.);
#243 = B_SPLINE_CURVE_WITH_KNOTS('',6,(#244,#245,#246,#247,#248,#249,
    #250,#251,#252,#253,#254,#255,#256,#257,#258,#259,#260,#261,#262,
    #263,#264,#265,#266,#267,#268,#269,#270,#271,#272,#273,#274,#275,
    #276,#277,#278,#279,#280),.UNSPECIFIED.,.F.,.F.,(7,5,5,5,5,5,5,7),(
    0.,0.219068397935,0.360546086335,0.388841666935,0.489897269977,
    0.766783741384,0.984051653746,1.),.UNSPECIFIED.);
#244 = CARTESIAN_POINT('',(-35.1,-109.8811219239,-2.5));
#245 = CARTESIAN_POINT('',(-35.31636302397,-109.8793483946,-2.5));
#246 = CARTESIAN_POINT('',(-35.53261161144,-109.8628392079,-2.5));
#247 = CARTESIAN_POINT('',(-35.74747763405,-109.831605704,-2.5));
#248 = CARTESIAN_POINT('',(-35.95971520621,-109.7858001253,-2.5));
#249 = CARTESIAN_POINT('',(-36.16810376585,-109.7257150907,-2.5));
#250 = CARTESIAN_POINT('',(-36.50277597804,-109.6040366505,-2.5));
#251 = CARTESIAN_POINT('',(-36.63200154273,-109.5505139557,-2.5));
#252 = CARTESIAN_POINT('',(-36.75880867374,-109.4913311216,-2.5));
#253 = CARTESIAN_POINT('',(-36.8828891716,-109.4266265129,-2.5));
#254 = CARTESIAN_POINT('',(-37.00394581278,-109.3565607217,-2.5));
#255 = CARTESIAN_POINT('',(-37.14524169282,-109.266267714,-2.5));
#256 = CARTESIAN_POINT('',(-37.16865865952,-109.2510117094,-2.5));
#257 = CARTESIAN_POINT('',(-37.19194097159,-109.2355500097,-2.5));
#258 = CARTESIAN_POINT('',(-37.21508637289,-109.2198841036,-2.5));
#259 = CARTESIAN_POINT('',(-37.23809262934,-109.204015513,-2.5));
#260 = CARTESIAN_POINT('',(-37.34261785074,-109.1305539567,-2.5));
#261 = CARTESIAN_POINT('',(-37.4224752738,-109.0705965971,-2.5));
#262 = CARTESIAN_POINT('',(-37.50042879238,-109.0081447155,-2.5));
#263 = CARTESIAN_POINT('',(-37.57638151234,-108.9432742839,-2.5));
#264 = CARTESIAN_POINT('',(-37.65024065113,-108.8760662444,-2.5));
#265 = CARTESIAN_POINT('',(-37.91830803595,-108.6162908762,-2.5));
#266 = CARTESIAN_POINT('',(-38.098332063,-108.4090553505,-2.5));
#267 = CARTESIAN_POINT('',(-38.26013163507,-108.1866910955,-2.5));
#268 = CARTESIAN_POINT('',(-38.40217468096,-107.9512155393,-2.5));
#269 = CARTESIAN_POINT('',(-38.5231974081,-107.7048241564,-2.5));
#270 = CARTESIAN_POINT('',(-38.70001251205,-107.2499098395,-2.5));
#271 = CARTESIAN_POINT('',(-38.76424588535,-107.044638042,-2.5));
#272 = CARTESIAN_POINT('',(-38.81452393254,-106.8352626844,-2.5));
#273 = CARTESIAN_POINT('',(-38.85053397504,-106.6229676069,-2.5));
#274 = CARTESIAN_POINT('',(-38.87209854253,-106.4089643191,-2.5));
#275 = CARTESIAN_POINT('',(-38.87969546051,-106.1787457238,-2.5));
#276 = CARTESIAN_POINT('',(-38.88013691567,-106.1629997955,-2.5));
#277 = CARTESIAN_POINT('',(-38.88050029956,-106.147251775,-2.5));
#278 = CARTESIAN_POINT('',(-38.88078560021,-106.1315021459,-2.5));
#279 = CARTESIAN_POINT('',(-38.88099280965,-106.1157513926,-2.5));
#280 = CARTESIAN_POINT('',(-38.88112192393,-106.1,-2.5));
#281 = B_SPLINE_SURFACE_WITH_KNOTS('',8,1,(
    (#282,#283)
    ,(#284,#285)
    ,(#286,#287)
    ,(#288,#289)
    ,(#290,#291)
    ,(#292,#293)
    ,(#294,#295)
    ,(#296,#297)
    ,(#298,#299
    )),.UNSPECIFIED.,.F.,.F.,.F.,(9,9),(2,2),(0.,1.570796326795),(0.,1.)
  ,.PIECEWISE_BEZIER_KNOTS.);
#282 = CARTESIAN_POINT('',(-40.25,-107.25,-3.));
#283 = CARTESIAN_POINT('',(-29.3,-97.8,1.));
#284 = CARTESIAN_POINT('',(-40.25,-108.0353981633,-3.));
#285 = CARTESIAN_POINT('',(-29.3,-98.29087385212,1.));
#286 = CARTESIAN_POINT('',(-40.07375684415,-108.820796574,-3.));
#287 = CARTESIAN_POINT('',(-29.18984802759,-98.78174785875,1.));
#288 = CARTESIAN_POINT('',(-39.72127226348,-109.5600529373,-3.));
#289 = CARTESIAN_POINT('',(-28.96954516467,-99.24378308584,1.));
#290 = CARTESIAN_POINT('',(-39.20703502311,-110.2070350231,-3.));
#291 = CARTESIAN_POINT('',(-28.64814688944,-99.64814688944,1.));
#292 = CARTESIAN_POINT('',(-38.56005293734,-110.7212722634,-3.));
#293 = CARTESIAN_POINT('',(-28.24378308583,-99.96954516468,1.));
#294 = CARTESIAN_POINT('',(-37.82079657401,-111.0737568441,-3.));
#295 = CARTESIAN_POINT('',(-27.78174785876,-100.1898480275,1.));
#296 = CARTESIAN_POINT('',(-37.03539816339,-111.25,-3.));
#297 = CARTESIAN_POINT('',(-27.29087385212,-100.3,1.));
#298 = CARTESIAN_POINT('',(-36.25,-111.25,-3.));
#299 = CARTESIAN_POINT('',(-26.8,-100.3,1.));
#300 = ADVANCED_FACE('',(#301),#335,.T.);
#301 = FACE_BOUND('',#302,.F.);
#302 = EDGE_LOOP('',(#303,#310,#318,#327,#333,#334));
#303 = ORIENTED_EDGE('',*,*,#304,.T.);
#304 = EDGE_CURVE('',#82,#305,#307,.T.);
#305 = VERTEX_POINT('',#306);
#306 = CARTESIAN_POINT('',(-29.4,-97.8,0.963470319635));
#307 = B_SPLINE_CURVE_WITH_KNOTS('',1,(#308,#309),.UNSPECIFIED.,.F.,.F.,
  (2,2),(0.,1.),.PIECEWISE_BEZIER_KNOTS.);
#308 = CARTESIAN_POINT('',(-29.39860696016,-97.8850991574,0.963979192634
    ));
#309 = CARTESIAN_POINT('',(-29.4,-97.8,0.963470319635));
#310 = ORIENTED_EDGE('',*,*,#311,.T.);
#311 = EDGE_CURVE('',#305,#312,#314,.T.);
#312 = VERTEX_POINT('',#313);
#313 = CARTESIAN_POINT('',(-29.4,-97.8,1.));
#314 = LINE('',#315,#316);
#315 = CARTESIAN_POINT('',(-29.4,-97.8,-5.5));
#316 = VECTOR('',#317,1.);
#317 = DIRECTION('',(0.,0.,1.));
#318 = ORIENTED_EDGE('',*,*,#319,.T.);
#319 = EDGE_CURVE('',#312,#320,#322,.T.);
#320 = VERTEX_POINT('',#321);
#321 = CARTESIAN_POINT('',(-26.8,-100.4,1.));
#322 = CIRCLE('',#323,2.6);
#323 = AXIS2_PLACEMENT_3D('',#324,#325,#326);
#324 = CARTESIAN_POINT('',(-26.8,-97.8,1.));
#325 = DIRECTION('',(0.,0.,1.));
#326 = DIRECTION('',(-1.,0.,0.));
#327 = ORIENTED_EDGE('',*,*,#328,.F.);
#328 = EDGE_CURVE('',#55,#320,#329,.T.);
#329 = LINE('',#330,#331);
#330 = CARTESIAN_POINT('',(-26.8,-100.4,-5.5));
#331 = VECTOR('',#332,1.);
#332 = DIRECTION('',(0.,0.,1.));
#333 = ORIENTED_EDGE('',*,*,#61,.T.);
#334 = ORIENTED_EDGE('',*,*,#129,.T.);
#335 = CYLINDRICAL_SURFACE('',#336,2.6);
#336 = AXIS2_PLACEMENT_3D('',#337,#338,#339);
#337 = CARTESIAN_POINT('',(-26.8,-97.8,-5.5));
#338 = DIRECTION('',(-0.,-0.,-1.));
#339 = DIRECTION('',(-1.,0.,0.));
#340 = ADVANCED_FACE('',(#341),#359,.F.);
#341 = FACE_BOUND('',#342,.F.);
#342 = EDGE_LOOP('',(#343,#344,#345,#353));
#343 = ORIENTED_EDGE('',*,*,#54,.T.);
#344 = ORIENTED_EDGE('',*,*,#328,.T.);
#345 = ORIENTED_EDGE('',*,*,#346,.T.);
#346 = EDGE_CURVE('',#320,#347,#349,.T.);
#347 = VERTEX_POINT('',#348);
#348 = CARTESIAN_POINT('',(26.8,-100.4,1.));
#349 = LINE('',#350,#351);
#350 = CARTESIAN_POINT('',(-26.8,-100.4,1.));
#351 = VECTOR('',#352,1.);
#352 = DIRECTION('',(1.,0.,0.));
#353 = ORIENTED_EDGE('',*,*,#354,.F.);
#354 = EDGE_CURVE('',#45,#347,#355,.T.);
#355 = LINE('',#356,#357);
#356 = CARTESIAN_POINT('',(26.8,-100.4,-5.5));
#357 = VECTOR('',#358,1.);
#358 = DIRECTION('',(0.,0.,1.));
#359 = PLANE('',#360);
#360 = AXIS2_PLACEMENT_3D('',#361,#362,#363);
#361 = CARTESIAN_POINT('',(-26.8,-100.4,-5.5));
#362 = DIRECTION('',(0.,1.,0.));
#363 = DIRECTION('',(1.,0.,0.));
#364 = ADVANCED_FACE('',(#365),#421,.T.);
#365 = FACE_BOUND('',#366,.F.);
#366 = EDGE_LOOP('',(#367,#368,#369,#378,#386,#396));
#367 = ORIENTED_EDGE('',*,*,#44,.T.);
#368 = ORIENTED_EDGE('',*,*,#354,.T.);
#369 = ORIENTED_EDGE('',*,*,#370,.T.);
#370 = EDGE_CURVE('',#347,#371,#373,.T.);
#371 = VERTEX_POINT('',#372);
#372 = CARTESIAN_POINT('',(29.4,-97.8,1.));
#373 = CIRCLE('',#374,2.6);
#374 = AXIS2_PLACEMENT_3D('',#375,#376,#377);
#375 = CARTESIAN_POINT('',(26.8,-97.8,1.));
#376 = DIRECTION('',(0.,0.,1.));
#377 = DIRECTION('',(-4.099285014001E-15,-1.,0.));
#378 = ORIENTED_EDGE('',*,*,#379,.F.);
#379 = EDGE_CURVE('',#380,#371,#382,.T.);
#380 = VERTEX_POINT('',#381);
#381 = CARTESIAN_POINT('',(29.4,-97.8,0.963470319635));
#382 = LINE('',#383,#384);
#383 = CARTESIAN_POINT('',(29.4,-97.8,-5.5));
#384 = VECTOR('',#385,1.);
#385 = DIRECTION('',(0.,0.,1.));
#386 = ORIENTED_EDGE('',*,*,#387,.T.);
#387 = EDGE_CURVE('',#380,#388,#390,.T.);
#388 = VERTEX_POINT('',#389);
#389 = CARTESIAN_POINT('',(29.398606960163,-97.8850991574,0.963979192634
    ));
#390 = B_SPLINE_CURVE_WITH_KNOTS('',3,(#391,#392,#393,#394,#395),
  .UNSPECIFIED.,.F.,.F.,(4,1,4),(0.,0.465184918892,1.),.UNSPECIFIED.);
#391 = CARTESIAN_POINT('',(29.4,-97.8,0.963470319635));
#392 = CARTESIAN_POINT('',(29.4,-97.81325046162,0.963470319635));
#393 = CARTESIAN_POINT('',(29.399779892054,-97.84183300383,
    0.963550724364));
#394 = CARTESIAN_POINT('',(29.399101851795,-97.86998703552,
    0.963798410303));
#395 = CARTESIAN_POINT('',(29.398606960163,-97.8850991574,0.963979192634
    ));
#396 = ORIENTED_EDGE('',*,*,#397,.T.);
#397 = EDGE_CURVE('',#388,#38,#398,.T.);
#398 = B_SPLINE_CURVE_WITH_KNOTS('',6,(#399,#400,#401,#402,#403,#404,
    #405,#406,#407,#408,#409,#410,#411,#412,#413,#414,#415,#416,#417,
    #418,#419,#420),.UNSPECIFIED.,.F.,.F.,(7,5,5,5,7),(0.,0.133773806522
    ,0.499999962393,0.865861436253,1.),.UNSPECIFIED.);
#399 = CARTESIAN_POINT('',(29.398606960163,-97.8850991574,0.963979192634
    ));
#400 = CARTESIAN_POINT('',(29.395757823275,-97.97210104054,
    0.965019973233));
#401 = CARTESIAN_POINT('',(29.389411700143,-98.05903569472,
    0.965942458637));
#402 = CARTESIAN_POINT('',(29.379567691218,-98.14571754971,
    0.966766134141));
#403 = CARTESIAN_POINT('',(29.366238734218,-98.23196433575,
    0.967504763559));
#404 = CARTESIAN_POINT('',(29.349450933258,-98.31759657315,
    0.968168357363));
#405 = CARTESIAN_POINT('',(29.273920288332,-98.63470081286,0.97039892633
    ));
#406 = CARTESIAN_POINT('',(29.192953074947,-98.86107558068,
    0.971532351311));
#407 = CARTESIAN_POINT('',(29.087139330175,-99.07784017122,
    0.972327510087));
#408 = CARTESIAN_POINT('',(28.957997229994,-99.28164181716,
    0.972835358236));
#409 = CARTESIAN_POINT('',(28.807549935383,-99.46940533362,
    0.973089919387));
#410 = CARTESIAN_POINT('',(28.469573611887,-99.80738164345,
    0.973089919294));
#411 = CARTESIAN_POINT('',(28.282015756311,-99.95769754403,
    0.972835866337));
#412 = CARTESIAN_POINT('',(28.078449049318,-100.0867534168,
    0.972329022728));
#413 = CARTESIAN_POINT('',(27.861939000088,-100.1925314367,0.97153552141
    ));
#414 = CARTESIAN_POINT('',(27.635827867749,-100.2735168761,0.97040456454
    ));
#415 = CARTESIAN_POINT('',(27.318763968731,-100.3492218044,
    0.968177399192));
#416 = CARTESIAN_POINT('',(27.232904973422,-100.3660932057,
    0.967512815162));
#417 = CARTESIAN_POINT('',(27.146426597045,-100.3794870898,
    0.966772869319));
#418 = CARTESIAN_POINT('',(27.059509774479,-100.3893770666,
    0.965947488744));
#419 = CARTESIAN_POINT('',(26.972338262836,-100.3957500547,0.96502281106
    ));
#420 = CARTESIAN_POINT('',(26.885099157401,-100.3986069601,
    0.963979192634));
#421 = CYLINDRICAL_SURFACE('',#422,2.6);
#422 = AXIS2_PLACEMENT_3D('',#423,#424,#425);
#423 = CARTESIAN_POINT('',(26.8,-97.8,-5.5));
#424 = DIRECTION('',(-0.,-0.,-1.));
#425 = DIRECTION('',(-4.099285014001E-15,-1.,0.));
#426 = ADVANCED_FACE('',(#427,#483),#608,.T.);
#427 = FACE_BOUND('',#428,.T.);
#428 = EDGE_LOOP('',(#429,#430,#477,#482));
#429 = ORIENTED_EDGE('',*,*,#37,.F.);
#430 = ORIENTED_EDGE('',*,*,#431,.F.);
#431 = EDGE_CURVE('',#432,#31,#434,.T.);
#432 = VERTEX_POINT('',#433);
#433 = CARTESIAN_POINT('',(40.222625,-107.226375,-2.99));
#434 = B_SPLINE_CURVE_WITH_KNOTS('',6,(#435,#436,#437,#438,#439,#440,
    #441,#442,#443,#444,#445,#446,#447,#448,#449,#450,#451,#452,#453,
    #454,#455,#456,#457,#458,#459,#460,#461,#462,#463,#464,#465,#466,
    #467,#468,#469,#470,#471,#472,#473,#474,#475,#476),.UNSPECIFIED.,.F.
  ,.F.,(7,5,5,5,5,5,5,5,7),(0.,2.900019076552E-02,0.136000836994,
    0.302001443017,0.567998035114,0.632998457099,0.814998894871,
    0.935999583063,1.),.UNSPECIFIED.);
#435 = CARTESIAN_POINT('',(40.222625,-107.226375,-2.99));
#436 = CARTESIAN_POINT('',(40.222625,-107.2567152587,-2.99));
#437 = CARTESIAN_POINT('',(40.222348581119,-107.2870555179,-2.99));
#438 = CARTESIAN_POINT('',(40.221795743491,-107.3173926287,-2.99));
#439 = CARTESIAN_POINT('',(40.220966535009,-107.3477234436,-2.99));
#440 = CARTESIAN_POINT('',(40.219861051332,-107.3780448163,-2.99));
#441 = CARTESIAN_POINT('',(40.213381754015,-107.5201825062,-2.99));
#442 = CARTESIAN_POINT('',(40.204524921755,-107.6318402708,-2.99));
#443 = CARTESIAN_POINT('',(40.191916180428,-107.7431684607,-2.99));
#444 = CARTESIAN_POINT('',(40.175571559332,-107.8540097865,-2.99));
#445 = CARTESIAN_POINT('',(40.155515875731,-107.9642081047,-2.99));
#446 = CARTESIAN_POINT('',(40.094963183696,-108.2433318603,-2.99));
#447 = CARTESIAN_POINT('',(40.049292008501,-108.4111368989,-2.99));
#448 = CARTESIAN_POINT('',(39.994895409729,-108.5764427563,-2.99));
#449 = CARTESIAN_POINT('',(39.931948179149,-108.7386853607,-2.99));
#450 = CARTESIAN_POINT('',(39.860673475192,-108.8973179679,-2.99));
#451 = CARTESIAN_POINT('',(39.654224129247,-109.2993700844,-2.99));
#452 = CARTESIAN_POINT('',(39.506409526843,-109.5363232153,-2.99));
#453 = CARTESIAN_POINT('',(39.33902298247,-109.7604688598,-2.99));
#454 = CARTESIAN_POINT('',(39.153478322924,-109.9698314727,-2.99));
#455 = CARTESIAN_POINT('',(38.951423334864,-110.1626259855,-2.99));
#456 = CARTESIAN_POINT('',(38.681848040083,-110.3799905045,-2.99));
#457 = CARTESIAN_POINT('',(38.628037804082,-110.4215950289,-2.99));
#458 = CARTESIAN_POINT('',(38.57338352524,-110.4620962666,-2.99));
#459 = CARTESIAN_POINT('',(38.517913537229,-110.5014729206,-2.99));
#460 = CARTESIAN_POINT('',(38.461656882182,-110.5397046707,-2.99));
#461 = CARTESIAN_POINT('',(38.245005962876,-110.6805607573,-2.99));
#462 = CARTESIAN_POINT('',(38.079431825945,-110.7752231802,-2.99));
#463 = CARTESIAN_POINT('',(37.908578613388,-110.8603322487,-2.99));
#464 = CARTESIAN_POINT('',(37.733136253546,-110.9355276746,-2.99));
#465 = CARTESIAN_POINT('',(37.553825866367,-111.0005165509,-2.99));
#466 = CARTESIAN_POINT('',(37.25011437361,-111.0913455427,-2.99));
#467 = CARTESIAN_POINT('',(37.127450807831,-111.1230069423,-2.99));
#468 = CARTESIAN_POINT('',(37.003627978106,-111.1499922917,-2.99));
#469 = CARTESIAN_POINT('',(36.878868636609,-111.1722500764,-2.99));
#470 = CARTESIAN_POINT('',(36.753398352428,-111.1897430018,-2.99));
#471 = CARTESIAN_POINT('',(36.56082577205,-111.2091679949,-2.99));
#472 = CARTESIAN_POINT('',(36.494070902227,-111.2145485285,-2.99));
#473 = CARTESIAN_POINT('',(36.427214603318,-111.2185861961,-2.99));
#474 = CARTESIAN_POINT('',(36.360290633591,-111.2212787313,-2.99));
#475 = CARTESIAN_POINT('',(36.293332808363,-111.222625,-2.99));
#476 = CARTESIAN_POINT('',(36.226375,-111.222625,-2.99));
#477 = ORIENTED_EDGE('',*,*,#478,.T.);
#478 = EDGE_CURVE('',#432,#388,#479,.T.);
#479 = B_SPLINE_CURVE_WITH_KNOTS('',1,(#480,#481),.UNSPECIFIED.,.F.,.F.,
  (2,2),(0.,1.),.PIECEWISE_BEZIER_KNOTS.);
#480 = CARTESIAN_POINT('',(40.25,-107.25,-3.));
#481 = CARTESIAN_POINT('',(29.3,-97.8,1.));
#482 = ORIENTED_EDGE('',*,*,#397,.T.);
#483 = FACE_BOUND('',#484,.T.);
#484 = EDGE_LOOP('',(#485,#534,#551,#588));
#485 = ORIENTED_EDGE('',*,*,#486,.T.);
#486 = EDGE_CURVE('',#487,#489,#491,.T.);
#487 = VERTEX_POINT('',#488);
#488 = CARTESIAN_POINT('',(39.7,-108.4,-2.892920205456));
#489 = VERTEX_POINT('',#490);
#490 = CARTESIAN_POINT('',(36.793855960793,-110.6186909211,
    -2.814849305299));
#491 = B_SPLINE_CURVE_WITH_KNOTS('',6,(#492,#493,#494,#495,#496,#497,
    #498,#499,#500,#501,#502,#503,#504,#505,#506,#507,#508,#509,#510,
    #511,#512,#513,#514,#515,#516,#517,#518,#519,#520,#521,#522,#523,
    #524,#525,#526,#527,#528,#529,#530,#531,#532,#533),.UNSPECIFIED.,.F.
  ,.F.,(7,5,5,5,5,5,5,5,7),(0.,0.128278991963,0.215847497713,
    0.277261332455,0.428796751618,0.615941207337,0.692748697023,
    0.80271593852,1.),.UNSPECIFIED.);
#492 = CARTESIAN_POINT('',(39.7,-108.4,-2.892920205456));
#493 = CARTESIAN_POINT('',(39.7,-108.490360141,-2.90227770594));
#494 = CARTESIAN_POINT('',(39.695739987744,-108.5807475965,
    -2.910928464241));
#495 = CARTESIAN_POINT('',(39.687215306843,-108.6708987374,
    -2.918901792947));
#496 = CARTESIAN_POINT('',(39.674444460073,-108.7605541661,
    -2.926226314266));
#497 = CARTESIAN_POINT('',(39.657467587215,-108.8494593312,
    -2.93292869423));
#498 = CARTESIAN_POINT('',(39.621925758793,-108.9973732578,
    -2.943199001266));
#499 = CARTESIAN_POINT('',(39.605574559861,-109.0569159797,
    -2.947086650729));
#500 = CARTESIAN_POINT('',(39.587310586193,-109.1159142615,
    -2.950702874574));
#501 = CARTESIAN_POINT('',(39.567157174329,-109.1742907806,
    -2.954054535919));
#502 = CARTESIAN_POINT('',(39.545141757248,-109.2319699392,
    -2.95714781172));
#503 = CARTESIAN_POINT('',(39.504572183725,-109.3287887172,
    -2.96198021823));
#504 = CARTESIAN_POINT('',(39.486948140072,-109.3683202826,
    -2.963847851671));
#505 = CARTESIAN_POINT('',(39.468434580657,-109.4074471093,
    -2.965592979685));
#506 = CARTESIAN_POINT('',(39.449043255239,-109.4461442564,
    -2.967217309005));
#507 = CARTESIAN_POINT('',(39.428786816087,-109.4843872913,
    -2.968722366515));
#508 = CARTESIAN_POINT('',(39.355595938726,-109.6153354481,
    -2.973532176574));
#509 = CARTESIAN_POINT('',(39.298328006426,-109.7056089172,
    -2.976236905637));
#510 = CARTESIAN_POINT('',(39.236079332261,-109.7926121887,
    -2.978243874453));
#511 = CARTESIAN_POINT('',(39.169084736345,-109.876007196,
    -2.979566526744));
#512 = CARTESIAN_POINT('',(39.097608255304,-109.9554791629,
    -2.980211502992));
#513 = CARTESIAN_POINT('',(38.928494731385,-110.1236805503,
    -2.980137923825));
#514 = CARTESIAN_POINT('',(38.828654385041,-110.2101995319,
    -2.979063315945));
#515 = CARTESIAN_POINT('',(38.722972525952,-110.2897463034,
    -2.976954483071));
#516 = CARTESIAN_POINT('',(38.612055607594,-110.3618386485,
    -2.973795088355));
#517 = CARTESIAN_POINT('',(38.49656229187,-110.4260643143,
    -2.969553001953));
#518 = CARTESIAN_POINT('',(38.32821284007,-110.5050770497,-2.96197562631
    ));
#519 = CARTESIAN_POINT('',(38.278572858177,-110.526687168,
    -2.959580278523));
#520 = CARTESIAN_POINT('',(38.228329729076,-110.5468921867,
    -2.956991218636));
#521 = CARTESIAN_POINT('',(38.177533317301,-110.5656711771,
    -2.95420471511));
#522 = CARTESIAN_POINT('',(38.126234596346,-110.5830055503,
    -2.95121661296));
#523 = CARTESIAN_POINT('',(38.000395360718,-110.6216055625,
    -2.943449002768));
#524 = CARTESIAN_POINT('',(37.925381824184,-110.6413377656,
    -2.938453105934));
#525 = CARTESIAN_POINT('',(37.849598291003,-110.6580276798,
    -2.933021065826));
#526 = CARTESIAN_POINT('',(37.773201340375,-110.6716383866,
    -2.927137900659));
#527 = CARTESIAN_POINT('',(37.69635087876,-110.6821440358,
    -2.920787224288));
#528 = CARTESIAN_POINT('',(37.480817668941,-110.7027801787,
    -2.901687325607));
#529 = CARTESIAN_POINT('',(37.341482744701,-110.7059904375,
    -2.887861040755));
#530 = CARTESIAN_POINT('',(37.202159322014,-110.6990743814,
    -2.872371871679));
#531 = CARTESIAN_POINT('',(37.063808360302,-110.6820773249,
    -2.855109418821));
#532 = CARTESIAN_POINT('',(36.927391420637,-110.6551726691,
    -2.835960469983));
#533 = CARTESIAN_POINT('',(36.793855960793,-110.6186909211,
    -2.814849305299));
#534 = ORIENTED_EDGE('',*,*,#535,.T.);
#535 = EDGE_CURVE('',#489,#536,#538,.T.);
#536 = VERTEX_POINT('',#537);
#537 = CARTESIAN_POINT('',(35.608822009158,-109.8428033147,-2.5));
#538 = B_SPLINE_CURVE_WITH_KNOTS('',6,(#539,#540,#541,#542,#543,#544,
    #545,#546,#547,#548,#549,#550),.UNSPECIFIED.,.F.,.F.,(7,5,7),(0.,
    0.19749209722,1.),.UNSPECIFIED.);
#539 = CARTESIAN_POINT('',(36.793855960793,-110.6186909211,
    -2.814849305299));
#540 = CARTESIAN_POINT('',(36.747461671734,-110.6060160499,
    -2.807514643196));
#541 = CARTESIAN_POINT('',(36.701414520621,-110.5921849664,
    -2.799943061681));
#542 = CARTESIAN_POINT('',(36.655753859277,-110.5772113584,
    -2.792131196423));
#543 = CARTESIAN_POINT('',(36.610518212441,-110.5611109675,
    -2.784076316811));
#544 = CARTESIAN_POINT('',(36.565745277767,-110.5439015891,
    -2.775776325949));
#545 = CARTESIAN_POINT('',(36.341567436921,-110.4512471658,
    -2.732500846014));
#546 = CARTESIAN_POINT('',(36.169846748282,-110.3588804094,
    -2.693688085828));
#547 = CARTESIAN_POINT('',(36.008942554106,-110.2498738414,
    -2.650728633307));
#548 = CARTESIAN_POINT('',(35.860879138308,-110.1261259827,
    -2.603730451785));
#549 = CARTESIAN_POINT('',(35.727154236931,-109.9897079421,
    -2.553204612257));
#550 = CARTESIAN_POINT('',(35.608820674698,-109.842801658,-2.4999994));
#551 = ORIENTED_EDGE('',*,*,#552,.F.);
#552 = EDGE_CURVE('',#553,#536,#555,.T.);
#553 = VERTEX_POINT('',#554);
#554 = CARTESIAN_POINT('',(38.842803314774,-106.6088220091,-2.5));
#555 = B_SPLINE_CURVE_WITH_KNOTS('',6,(#556,#557,#558,#559,#560,#561,
    #562,#563,#564,#565,#566,#567,#568,#569,#570,#571,#572,#573,#574,
    #575,#576,#577,#578,#579,#580,#581,#582,#583,#584,#585,#586,#587),
  .UNSPECIFIED.,.F.,.F.,(7,5,5,5,5,5,7),(0.,2.302265442255E-02,
    0.141259791103,0.512115303152,0.604077563409,0.792043589292,1.),
  .UNSPECIFIED.);
#556 = CARTESIAN_POINT('',(38.881121923932,-106.1,-2.5));
#557 = CARTESIAN_POINT('',(38.880935540959,-106.1227379292,-2.5));
#558 = CARTESIAN_POINT('',(38.880586420324,-106.1454745254,-2.5));
#559 = CARTESIAN_POINT('',(38.880074573962,-106.1682083316,-2.5));
#560 = CARTESIAN_POINT('',(38.879400031188,-106.1909378916,-2.5));
#561 = CARTESIAN_POINT('',(38.878562838698,-106.2136617505,-2.5));
#562 = CARTESIAN_POINT('',(38.872428513473,-106.353044324,-2.5));
#563 = CARTESIAN_POINT('',(38.863005695459,-106.4695217905,-2.5));
#564 = CARTESIAN_POINT('',(38.849303340095,-106.5856131108,-2.5));
#565 = CARTESIAN_POINT('',(38.8313421576,-106.7011221799,-2.5));
#566 = CARTESIAN_POINT('',(38.809154834845,-106.8158545302,-2.5));
#567 = CARTESIAN_POINT('',(38.700079240227,-107.2864389142,-2.5));
#568 = CARTESIAN_POINT('',(38.576213915772,-107.6338150493,-2.5));
#569 = CARTESIAN_POINT('',(38.412574879647,-107.9656060387,-2.5));
#570 = CARTESIAN_POINT('',(38.211749355785,-108.2763021958,-2.5));
#571 = CARTESIAN_POINT('',(37.977139017845,-108.5608558614,-2.5));
#572 = CARTESIAN_POINT('',(37.647879001735,-108.877931298,-2.5));
#573 = CARTESIAN_POINT('',(37.580653540415,-108.9390641222,-2.5));
#574 = CARTESIAN_POINT('',(37.511693836331,-108.9982621259,-2.5));
#575 = CARTESIAN_POINT('',(37.441069713059,-109.0554642033,-2.5));
#576 = CARTESIAN_POINT('',(37.368853826844,-109.1106126452,-2.5));
#577 = CARTESIAN_POINT('',(37.144417006843,-109.2720651218,-2.5));
#578 = CARTESIAN_POINT('',(36.987374905941,-109.3716725034,-2.5));
#579 = CARTESIAN_POINT('',(36.824644084127,-109.462009083,-2.5));
#580 = CARTESIAN_POINT('',(36.656909909481,-109.5426767011,-2.5));
#581 = CARTESIAN_POINT('',(36.484893264007,-109.6133458287,-2.5));
#582 = CARTESIAN_POINT('',(36.115136281666,-109.7405911834,-2.5));
#583 = CARTESIAN_POINT('',(35.916597632407,-109.7948719896,-2.5));
#584 = CARTESIAN_POINT('',(35.714758370205,-109.8362465825,-2.5));
#585 = CARTESIAN_POINT('',(35.51066524463,-109.8644767425,-2.5));
#586 = CARTESIAN_POINT('',(35.305384578529,-109.879438385,-2.5));
#587 = CARTESIAN_POINT('',(35.1,-109.8811219239,-2.5));
#588 = ORIENTED_EDGE('',*,*,#589,.T.);
#589 = EDGE_CURVE('',#553,#487,#590,.T.);
#590 = B_SPLINE_CURVE_WITH_KNOTS('',6,(#591,#592,#593,#594,#595,#596,
    #597,#598,#599,#600,#601,#602,#603,#604,#605,#606,#607),
  .UNSPECIFIED.,.F.,.F.,(7,5,5,7),(0.,0.173131699315,0.565481349502,1.),
  .UNSPECIFIED.);
#591 = CARTESIAN_POINT('',(38.842801658098,-106.6088206746,-2.4999994));
#592 = CARTESIAN_POINT('',(38.887772565531,-106.6450449091,
    -2.516286563558));
#593 = CARTESIAN_POINT('',(38.931754080735,-106.682705957,
    -2.532320237621));
#594 = CARTESIAN_POINT('',(38.97468759014,-106.7217762646,
    -2.548077534071));
#595 = CARTESIAN_POINT('',(39.016514239624,-106.762223477,
    -2.563538106857));
#596 = CARTESIAN_POINT('',(39.057174934508,-106.8040104375,
    -2.578684151991));
#597 = CARTESIAN_POINT('',(39.185978534059,-106.9447334986,
    -2.627076885521));
#598 = CARTESIAN_POINT('',(39.269064854972,-107.0490475284,
    -2.658964210754));
#599 = CARTESIAN_POINT('',(39.34516357632,-107.1595260133,
    -2.688975931818));
#600 = CARTESIAN_POINT('',(39.413624036889,-107.2755475393,
    -2.717020065835));
#601 = CARTESIAN_POINT('',(39.473879602073,-107.3963776659,
    -2.743075885668));
#602 = CARTESIAN_POINT('',(39.582619200108,-107.6593664519,
    -2.793855194485));
#603 = CARTESIAN_POINT('',(39.629152767483,-107.8024464972,
    -2.818138943568));
#604 = CARTESIAN_POINT('',(39.664460919169,-107.9492639362,
    -2.840057628545));
#605 = CARTESIAN_POINT('',(39.688147706291,-108.0986177912,
    -2.859735607882));
#606 = CARTESIAN_POINT('',(39.7,-108.2492787482,-2.877311839095));
#607 = CARTESIAN_POINT('',(39.7,-108.4,-2.892920205456));
#608 = B_SPLINE_SURFACE_WITH_KNOTS('',8,1,(
    (#609,#610)
    ,(#611,#612)
    ,(#613,#614)
    ,(#615,#616)
    ,(#617,#618)
    ,(#619,#620)
    ,(#621,#622)
    ,(#623,#624)
    ,(#625,#626
    )),.UNSPECIFIED.,.F.,.F.,.F.,(9,9),(2,2),(0.,1.570796326795),(0.,1.)
  ,.PIECEWISE_BEZIER_KNOTS.);
#609 = CARTESIAN_POINT('',(36.25,-111.25,-3.));
#610 = CARTESIAN_POINT('',(26.8,-100.3,1.));
#611 = CARTESIAN_POINT('',(37.035398163397,-111.25,-3.));
#612 = CARTESIAN_POINT('',(27.290873852123,-100.3,1.));
#613 = CARTESIAN_POINT('',(37.820796574017,-111.0737568441,-3.));
#614 = CARTESIAN_POINT('',(27.781747858761,-100.1898480275,1.));
#615 = CARTESIAN_POINT('',(38.56005293734,-110.7212722634,-3.));
#616 = CARTESIAN_POINT('',(28.243783085838,-99.96954516467,1.));
#617 = CARTESIAN_POINT('',(39.20703502312,-110.2070350231,-3.));
#618 = CARTESIAN_POINT('',(28.64814688945,-99.64814688945,1.));
#619 = CARTESIAN_POINT('',(39.721272263485,-109.5600529373,-3.));
#620 = CARTESIAN_POINT('',(28.969545164678,-99.24378308583,1.));
#621 = CARTESIAN_POINT('',(40.073756844155,-108.820796574,-3.));
#622 = CARTESIAN_POINT('',(29.189848027597,-98.78174785876,1.));
#623 = CARTESIAN_POINT('',(40.25,-108.0353981633,-3.));
#624 = CARTESIAN_POINT('',(29.3,-98.29087385212,1.));
#625 = CARTESIAN_POINT('',(40.25,-107.25,-3.));
#626 = CARTESIAN_POINT('',(29.3,-97.8,1.));
#627 = ADVANCED_FACE('',(#628,#698),#796,.T.);
#628 = FACE_BOUND('',#629,.T.);
#629 = EDGE_LOOP('',(#630,#640,#649,#657,#666,#674,#683,#691));
#630 = ORIENTED_EDGE('',*,*,#631,.T.);
#631 = EDGE_CURVE('',#632,#634,#636,.T.);
#632 = VERTEX_POINT('',#633);
#633 = CARTESIAN_POINT('',(-36.25,-111.25,-2.99));
#634 = VERTEX_POINT('',#635);
#635 = CARTESIAN_POINT('',(36.25,-111.25,-2.99));
#636 = LINE('',#637,#638);
#637 = CARTESIAN_POINT('',(-36.25,-111.25,-2.99));
#638 = VECTOR('',#639,1.);
#639 = DIRECTION('',(1.,0.,0.));
#640 = ORIENTED_EDGE('',*,*,#641,.T.);
#641 = EDGE_CURVE('',#634,#642,#644,.T.);
#642 = VERTEX_POINT('',#643);
#643 = CARTESIAN_POINT('',(40.25,-107.25,-2.99));
#644 = CIRCLE('',#645,4.);
#645 = AXIS2_PLACEMENT_3D('',#646,#647,#648);
#646 = CARTESIAN_POINT('',(36.25,-107.25,-2.99));
#647 = DIRECTION('',(0.,0.,1.));
#648 = DIRECTION('',(1.7763568394E-15,-1.,0.));
#649 = ORIENTED_EDGE('',*,*,#650,.T.);
#650 = EDGE_CURVE('',#642,#651,#653,.T.);
#651 = VERTEX_POINT('',#652);
#652 = CARTESIAN_POINT('',(40.25,36.25,-2.99));
#653 = LINE('',#654,#655);
#654 = CARTESIAN_POINT('',(40.25,-107.25,-2.99));
#655 = VECTOR('',#656,1.);
#656 = DIRECTION('',(0.,1.,0.));
#657 = ORIENTED_EDGE('',*,*,#658,.T.);
#658 = EDGE_CURVE('',#651,#659,#661,.T.);
#659 = VERTEX_POINT('',#660);
#660 = CARTESIAN_POINT('',(36.25,40.25,-2.99));
#661 = CIRCLE('',#662,4.);
#662 = AXIS2_PLACEMENT_3D('',#663,#664,#665);
#663 = CARTESIAN_POINT('',(36.25,36.25,-2.99));
#664 = DIRECTION('',(0.,0.,1.));
#665 = DIRECTION('',(1.,0.,-0.));
#666 = ORIENTED_EDGE('',*,*,#667,.T.);
#667 = EDGE_CURVE('',#659,#668,#670,.T.);
#668 = VERTEX_POINT('',#669);
#669 = CARTESIAN_POINT('',(-36.25,40.25,-2.99));
#670 = LINE('',#671,#672);
#671 = CARTESIAN_POINT('',(36.25,40.25,-2.99));
#672 = VECTOR('',#673,1.);
#673 = DIRECTION('',(-1.,0.,0.));
#674 = ORIENTED_EDGE('',*,*,#675,.T.);
#675 = EDGE_CURVE('',#668,#676,#678,.T.);
#676 = VERTEX_POINT('',#677);
#677 = CARTESIAN_POINT('',(-40.25,36.25,-2.99));
#678 = CIRCLE('',#679,4.);
#679 = AXIS2_PLACEMENT_3D('',#680,#681,#682);
#680 = CARTESIAN_POINT('',(-36.25,36.25,-2.99));
#681 = DIRECTION('',(0.,-0.,1.));
#682 = DIRECTION('',(0.,1.,0.));
#683 = ORIENTED_EDGE('',*,*,#684,.T.);
#684 = EDGE_CURVE('',#676,#685,#687,.T.);
#685 = VERTEX_POINT('',#686);
#686 = CARTESIAN_POINT('',(-40.25,-107.25,-2.99));
#687 = LINE('',#688,#689);
#688 = CARTESIAN_POINT('',(-40.25,36.25,-2.99));
#689 = VECTOR('',#690,1.);
#690 = DIRECTION('',(0.,-1.,0.));
#691 = ORIENTED_EDGE('',*,*,#692,.T.);
#692 = EDGE_CURVE('',#685,#632,#693,.T.);
#693 = CIRCLE('',#694,4.);
#694 = AXIS2_PLACEMENT_3D('',#695,#696,#697);
#695 = CARTESIAN_POINT('',(-36.25,-107.25,-2.99));
#696 = DIRECTION('',(0.,0.,1.));
#697 = DIRECTION('',(-1.,-3.5527136788E-15,0.));
#698 = FACE_BOUND('',#699,.T.);
#699 = EDGE_LOOP('',(#700,#701,#702,#703,#710,#747,#754,#791));
#700 = ORIENTED_EDGE('',*,*,#431,.T.);
#701 = ORIENTED_EDGE('',*,*,#30,.T.);
#702 = ORIENTED_EDGE('',*,*,#88,.T.);
#703 = ORIENTED_EDGE('',*,*,#704,.T.);
#704 = EDGE_CURVE('',#80,#705,#707,.T.);
#705 = VERTEX_POINT('',#706);
#706 = CARTESIAN_POINT('',(-40.222625,36.226375,-2.99));
#707 = B_SPLINE_CURVE_WITH_KNOTS('',1,(#708,#709),.UNSPECIFIED.,.F.,.F.,
  (2,2),(0.,1.),.PIECEWISE_BEZIER_KNOTS.);
#708 = CARTESIAN_POINT('',(-40.222625,-107.226375,-2.99));
#709 = CARTESIAN_POINT('',(-40.222625,36.226375,-2.99));
#710 = ORIENTED_EDGE('',*,*,#711,.T.);
#711 = EDGE_CURVE('',#705,#712,#714,.T.);
#712 = VERTEX_POINT('',#713);
#713 = CARTESIAN_POINT('',(-36.226375,40.222625,-2.99));
#714 = B_SPLINE_CURVE_WITH_KNOTS('',6,(#715,#716,#717,#718,#719,#720,
    #721,#722,#723,#724,#725,#726,#727,#728,#729,#730,#731,#732,#733,
    #734,#735,#736,#737,#738,#739,#740,#741,#742,#743,#744,#745,#746),
  .UNSPECIFIED.,.F.,.F.,(7,5,5,5,5,5,7),(0.,2.900069042595E-02,
    0.129003029936,0.334006549362,0.611006841766,0.66500812552,1.),
  .UNSPECIFIED.);
#715 = CARTESIAN_POINT('',(-40.222625,36.226375,-2.99));
#716 = CARTESIAN_POINT('',(-40.222625,36.256715258785,-2.99));
#717 = CARTESIAN_POINT('',(-40.22234858111,36.287055517912,-2.99));
#718 = CARTESIAN_POINT('',(-40.22179574349,36.317392628734,-2.99));
#719 = CARTESIAN_POINT('',(-40.220966535,36.347723443695,-2.99));
#720 = CARTESIAN_POINT('',(-40.21986105133,36.378044816334,-2.99));
#721 = CARTESIAN_POINT('',(-40.21371524662,36.512866609703,-2.99));
#722 = CARTESIAN_POINT('',(-40.20566767252,36.617230102527,-2.99));
#723 = CARTESIAN_POINT('',(-40.1943426198,36.721314799494,-2.99));
#724 = CARTESIAN_POINT('',(-40.17975270316,36.82499225727,-2.99));
#725 = CARTESIAN_POINT('',(-40.16191724579,36.928134869444,-2.99));
#726 = CARTESIAN_POINT('',(-40.09769986695,37.240700602355,-2.99));
#727 = CARTESIAN_POINT('',(-40.04100611099,37.448010491711,-2.99));
#728 = CARTESIAN_POINT('',(-39.97100769341,37.651445673271,-2.99));
#729 = CARTESIAN_POINT('',(-39.8880438479,37.849946686328,-2.99));
#730 = CARTESIAN_POINT('',(-39.79256554713,38.042496593463,-2.99));
#731 = CARTESIAN_POINT('',(-39.53997435812,38.478941223916,-2.99));
#732 = CARTESIAN_POINT('',(-39.37297574545,38.717148238687,-2.99));
#733 = CARTESIAN_POINT('',(-39.18553306946,38.940320064257,-2.99));
#734 = CARTESIAN_POINT('',(-38.97936734042,39.146320336514,-2.99));
#735 = CARTESIAN_POINT('',(-38.75645845121,39.333250123623,-2.99));
#736 = CARTESIAN_POINT('',(-38.47282827178,39.531923896829,-2.99));
#737 = CARTESIAN_POINT('',(-38.42600552545,39.563551551788,-2.99));
#738 = CARTESIAN_POINT('',(-38.37864956513,39.594382540851,-2.99));
#739 = CARTESIAN_POINT('',(-38.33077735992,39.624405679149,-2.99));
#740 = CARTESIAN_POINT('',(-38.28240618837,39.653610266096,-2.99));
#741 = CARTESIAN_POINT('',(-37.93050144974,39.858012806125,-2.99));
#742 = CARTESIAN_POINT('',(-37.60887105184,40.002177712295,-2.99));
#743 = CARTESIAN_POINT('',(-37.2729661559,40.111954380865,-2.99));
#744 = CARTESIAN_POINT('',(-36.92736765412,40.185742433014,-2.99));
#745 = CARTESIAN_POINT('',(-36.57684044408,40.222625,-2.99));
#746 = CARTESIAN_POINT('',(-36.226375,40.222625,-2.99));
#747 = ORIENTED_EDGE('',*,*,#748,.T.);
#748 = EDGE_CURVE('',#712,#749,#751,.T.);
#749 = VERTEX_POINT('',#750);
#750 = CARTESIAN_POINT('',(36.226375,40.222625,-2.99));
#751 = B_SPLINE_CURVE_WITH_KNOTS('',1,(#752,#753),.UNSPECIFIED.,.F.,.F.,
  (2,2),(0.,1.),.PIECEWISE_BEZIER_KNOTS.);
#752 = CARTESIAN_POINT('',(-36.226375,40.222625,-2.99));
#753 = CARTESIAN_POINT('',(36.226375,40.222625,-2.99));
#754 = ORIENTED_EDGE('',*,*,#755,.T.);
#755 = EDGE_CURVE('',#749,#756,#758,.T.);
#756 = VERTEX_POINT('',#757);
#757 = CARTESIAN_POINT('',(40.222625,36.226375,-2.99));
#758 = B_SPLINE_CURVE_WITH_KNOTS('',6,(#759,#760,#761,#762,#763,#764,
    #765,#766,#767,#768,#769,#770,#771,#772,#773,#774,#775,#776,#777,
    #778,#779,#780,#781,#782,#783,#784,#785,#786,#787,#788,#789,#790),
  .UNSPECIFIED.,.F.,.F.,(7,5,5,5,5,5,7),(0.,0.213001044619,
    0.389002619694,0.486003805581,0.784998384037,0.980999760452,1.),
  .UNSPECIFIED.);
#759 = CARTESIAN_POINT('',(36.226375,40.222625,-2.99));
#760 = CARTESIAN_POINT('',(36.44921725167,40.222625,-2.99));
#761 = CARTESIAN_POINT('',(36.672065646457,40.207712899365,-2.99));
#762 = CARTESIAN_POINT('',(36.893659616782,40.17788961053,-2.99));
#763 = CARTESIAN_POINT('',(37.11275899148,40.133293884458,-2.99));
#764 = CARTESIAN_POINT('',(37.328146805205,40.074201872607,-2.99));
#765 = CARTESIAN_POINT('',(37.712554939354,39.940562442741,-2.99));
#766 = CARTESIAN_POINT('',(37.883136817969,39.870480734846,-2.99));
#767 = CARTESIAN_POINT('',(38.049708256919,39.791014619322,-2.99));
#768 = CARTESIAN_POINT('',(38.211628510826,39.70245537823,-2.99));
#769 = CARTESIAN_POINT('',(38.368286401627,39.605152097877,-2.99));
#770 = CARTESIAN_POINT('',(38.602220905785,39.441288538934,-2.99));
#771 = CARTESIAN_POINT('',(38.683566527915,39.380532806769,-2.99));
#772 = CARTESIAN_POINT('',(38.76304129056,39.317311810185,-2.99));
#773 = CARTESIAN_POINT('',(38.840552270568,39.251697937598,-2.99));
#774 = CARTESIAN_POINT('',(38.916010341955,39.183768204282,-2.99));
#775 = CARTESIAN_POINT('',(39.215329813373,38.897332244655,-2.99));
#776 = CARTESIAN_POINT('',(39.421040183174,38.659807612555,-2.99));
#777 = CARTESIAN_POINT('',(39.603904064704,38.40346112732,-2.99));
#778 = CARTESIAN_POINT('',(39.761860288093,38.131059671934,-2.99));
#779 = CARTESIAN_POINT('',(39.893240047501,37.845623047631,-2.99));
#780 = CARTESIAN_POINT('',(40.064828695363,37.357010109046,-2.99));
#781 = CARTESIAN_POINT('',(40.120859828913,37.159348630692,-2.99));
#782 = CARTESIAN_POINT('',(40.164654457084,36.958425071077,-2.99));
#783 = CARTESIAN_POINT('',(40.195986050171,36.755184873006,-2.99));
#784 = CARTESIAN_POINT('',(40.214726283455,36.550591734717,-2.99));
#785 = CARTESIAN_POINT('',(40.221438513874,36.325756649954,-2.99));
#786 = CARTESIAN_POINT('',(40.221913090649,36.305883861037,-2.99));
#787 = CARTESIAN_POINT('',(40.222269040887,36.28600841639,-2.99));
#788 = CARTESIAN_POINT('',(40.22250634695,36.266131201139,-2.99));
#789 = CARTESIAN_POINT('',(40.222625,36.246253100546,-2.99));
#790 = CARTESIAN_POINT('',(40.222625,36.226375,-2.99));
#791 = ORIENTED_EDGE('',*,*,#792,.T.);
#792 = EDGE_CURVE('',#756,#432,#793,.T.);
#793 = B_SPLINE_CURVE_WITH_KNOTS('',1,(#794,#795),.UNSPECIFIED.,.F.,.F.,
  (2,2),(0.,1.),.PIECEWISE_BEZIER_KNOTS.);
#794 = CARTESIAN_POINT('',(40.222625,36.226375,-2.99));
#795 = CARTESIAN_POINT('',(40.222625,-107.226375,-2.99));
#796 = PLANE('',#797);
#797 = AXIS2_PLACEMENT_3D('',#798,#799,#800);
#798 = CARTESIAN_POINT('',(-1.135383660379E-15,-35.5,-2.99));
#799 = DIRECTION('',(0.,0.,1.));
#800 = DIRECTION('',(1.,0.,-0.));
#801 = ADVANCED_FACE('',(#802),#866,.T.);
#802 = FACE_BOUND('',#803,.T.);
#803 = EDGE_LOOP('',(#804,#811,#812,#813,#814,#821,#832,#840,#851,#858)
  );
#804 = ORIENTED_EDGE('',*,*,#805,.F.);
#805 = EDGE_CURVE('',#705,#806,#808,.T.);
#806 = VERTEX_POINT('',#807);
#807 = CARTESIAN_POINT('',(-29.39860696016,26.885099157401,
    0.963979192634));
#808 = B_SPLINE_CURVE_WITH_KNOTS('',1,(#809,#810),.UNSPECIFIED.,.F.,.F.,
  (2,2),(0.,1.),.PIECEWISE_BEZIER_KNOTS.);
#809 = CARTESIAN_POINT('',(-40.25,36.25,-3.));
#810 = CARTESIAN_POINT('',(-29.3,26.8,1.));
#811 = ORIENTED_EDGE('',*,*,#704,.F.);
#812 = ORIENTED_EDGE('',*,*,#79,.T.);
#813 = ORIENTED_EDGE('',*,*,#304,.T.);
#814 = ORIENTED_EDGE('',*,*,#815,.T.);
#815 = EDGE_CURVE('',#305,#816,#818,.T.);
#816 = VERTEX_POINT('',#817);
#817 = CARTESIAN_POINT('',(-29.4,-44.2,0.963470319635));
#818 = B_SPLINE_CURVE_WITH_KNOTS('',1,(#819,#820),.UNSPECIFIED.,.F.,.F.,
  (2,2),(0.,1.),.PIECEWISE_BEZIER_KNOTS.);
#819 = CARTESIAN_POINT('',(-29.4,-97.8,0.963470319635));
#820 = CARTESIAN_POINT('',(-29.4,-44.2,0.963470319635));
#821 = ORIENTED_EDGE('',*,*,#822,.T.);
#822 = EDGE_CURVE('',#816,#823,#825,.T.);
#823 = VERTEX_POINT('',#824);
#824 = CARTESIAN_POINT('',(-29.3,-43.48585715714,1.));
#825 = B_SPLINE_CURVE_WITH_KNOTS('',5,(#826,#827,#828,#829,#830,#831),
  .UNSPECIFIED.,.F.,.F.,(6,6),(0.,1.),.PIECEWISE_BEZIER_KNOTS.);
#826 = CARTESIAN_POINT('',(-29.4,-44.2,0.963470319635));
#827 = CARTESIAN_POINT('',(-29.4,-44.05726210168,0.963470319635));
#828 = CARTESIAN_POINT('',(-29.39020519355,-43.91389206927,
    0.967048331122));
#829 = CARTESIAN_POINT('',(-29.37043931135,-43.77044133832,
    0.974268744711));
#830 = CARTESIAN_POINT('',(-29.3404701124,-43.62753088812,0.985216397297
    ));
#831 = CARTESIAN_POINT('',(-29.3,-43.48585715714,1.));
#832 = ORIENTED_EDGE('',*,*,#833,.F.);
#833 = EDGE_CURVE('',#834,#823,#836,.T.);
#834 = VERTEX_POINT('',#835);
#835 = CARTESIAN_POINT('',(-29.3,-27.51414284285,1.));
#836 = LINE('',#837,#838);
#837 = CARTESIAN_POINT('',(-29.3,26.8,1.));
#838 = VECTOR('',#839,1.);
#839 = DIRECTION('',(0.,-1.,0.));
#840 = ORIENTED_EDGE('',*,*,#841,.T.);
#841 = EDGE_CURVE('',#834,#842,#844,.T.);
#842 = VERTEX_POINT('',#843);
#843 = CARTESIAN_POINT('',(-29.4,-26.8,0.963470319635));
#844 = B_SPLINE_CURVE_WITH_KNOTS('',5,(#845,#846,#847,#848,#849,#850),
  .UNSPECIFIED.,.F.,.F.,(6,6),(0.,1.),.PIECEWISE_BEZIER_KNOTS.);
#845 = CARTESIAN_POINT('',(-29.3,-27.51414284285,1.));
#846 = CARTESIAN_POINT('',(-29.34047039148,-27.37246813487,
    0.985216295347));
#847 = CARTESIAN_POINT('',(-29.37043830175,-27.22956160855,
    0.974269113514));
#848 = CARTESIAN_POINT('',(-29.39020475713,-27.08611321249,
    0.967048490546));
#849 = CARTESIAN_POINT('',(-29.4,-26.9427415378,0.963470319635));
#850 = CARTESIAN_POINT('',(-29.4,-26.8,0.963470319635));
#851 = ORIENTED_EDGE('',*,*,#852,.T.);
#852 = EDGE_CURVE('',#842,#853,#855,.T.);
#853 = VERTEX_POINT('',#854);
#854 = CARTESIAN_POINT('',(-29.4,26.8,0.963470319635));
#855 = B_SPLINE_CURVE_WITH_KNOTS('',1,(#856,#857),.UNSPECIFIED.,.F.,.F.,
  (2,2),(0.,1.),.PIECEWISE_BEZIER_KNOTS.);
#856 = CARTESIAN_POINT('',(-29.4,-26.8,0.963470319635));
#857 = CARTESIAN_POINT('',(-29.4,26.8,0.963470319635));
#858 = ORIENTED_EDGE('',*,*,#859,.T.);
#859 = EDGE_CURVE('',#853,#806,#860,.T.);
#860 = B_SPLINE_CURVE_WITH_KNOTS('',3,(#861,#862,#863,#864,#865),
  .UNSPECIFIED.,.F.,.F.,(4,1,4),(0.,0.465184918892,1.),.UNSPECIFIED.);
#861 = CARTESIAN_POINT('',(-29.4,26.8,0.963470319635));
#862 = CARTESIAN_POINT('',(-29.4,26.813250461628,0.963470319635));
#863 = CARTESIAN_POINT('',(-29.39977989205,26.841833003831,
    0.963550724364));
#864 = CARTESIAN_POINT('',(-29.39910185179,26.869987035523,
    0.963798410303));
#865 = CARTESIAN_POINT('',(-29.39860696016,26.885099157401,
    0.963979192634));
#866 = B_SPLINE_SURFACE_WITH_KNOTS('',1,1,(
    (#867,#868)
    ,(#869,#870
    )),.UNSPECIFIED.,.F.,.F.,.F.,(2,2),(2,2),(0.,143.5),(0.,1.),
  .PIECEWISE_BEZIER_KNOTS.);
#867 = CARTESIAN_POINT('',(-40.25,36.25,-3.));
#868 = CARTESIAN_POINT('',(-29.3,26.8,1.));
#869 = CARTESIAN_POINT('',(-40.25,-107.25,-3.));
#870 = CARTESIAN_POINT('',(-29.3,-97.8,1.));
#871 = ADVANCED_FACE('',(#872),#883,.T.);
#872 = FACE_BOUND('',#873,.T.);
#873 = EDGE_LOOP('',(#874,#881,#882));
#874 = ORIENTED_EDGE('',*,*,#875,.F.);
#875 = EDGE_CURVE('',#226,#157,#876,.T.);
#876 = CIRCLE('',#877,2.3);
#877 = AXIS2_PLACEMENT_3D('',#878,#879,#880);
#878 = CARTESIAN_POINT('',(-37.4,-108.4,-2.5));
#879 = DIRECTION('',(0.,0.,1.));
#880 = DIRECTION('',(1.,0.,-0.));
#881 = ORIENTED_EDGE('',*,*,#225,.F.);
#882 = ORIENTED_EDGE('',*,*,#156,.F.);
#883 = CYLINDRICAL_SURFACE('',#884,2.3);
#884 = AXIS2_PLACEMENT_3D('',#885,#886,#887);
#885 = CARTESIAN_POINT('',(-37.4,-108.4,-9.));
#886 = DIRECTION('',(0.,0.,1.));
#887 = DIRECTION('',(1.,0.,-0.));
#888 = ADVANCED_FACE('',(#889),#893,.T.);
#889 = FACE_BOUND('',#890,.T.);
#890 = EDGE_LOOP('',(#891,#892));
#891 = ORIENTED_EDGE('',*,*,#242,.T.);
#892 = ORIENTED_EDGE('',*,*,#875,.T.);
#893 = PLANE('',#894);
#894 = AXIS2_PLACEMENT_3D('',#895,#896,#897);
#895 = CARTESIAN_POINT('',(-37.4,-108.4,-2.5));
#896 = DIRECTION('',(0.,0.,1.));
#897 = DIRECTION('',(1.,0.,-0.));
#898 = ADVANCED_FACE('',(#899,#1003,#1073),#1143,.T.);
#899 = FACE_BOUND('',#900,.T.);
#900 = EDGE_LOOP('',(#901,#902,#903,#904,#912,#921,#929,#938,#946,#955,
    #963,#972,#980,#987,#988,#997));
#901 = ORIENTED_EDGE('',*,*,#319,.T.);
#902 = ORIENTED_EDGE('',*,*,#346,.T.);
#903 = ORIENTED_EDGE('',*,*,#370,.T.);
#904 = ORIENTED_EDGE('',*,*,#905,.T.);
#905 = EDGE_CURVE('',#371,#906,#908,.T.);
#906 = VERTEX_POINT('',#907);
#907 = CARTESIAN_POINT('',(29.4,-44.2,1.));
#908 = LINE('',#909,#910);
#909 = CARTESIAN_POINT('',(29.4,-97.8,1.));
#910 = VECTOR('',#911,1.);
#911 = DIRECTION('',(0.,1.,0.));
#912 = ORIENTED_EDGE('',*,*,#913,.T.);
#913 = EDGE_CURVE('',#906,#914,#916,.T.);
#914 = VERTEX_POINT('',#915);
#915 = CARTESIAN_POINT('',(29.3,-43.48585715714,1.));
#916 = CIRCLE('',#917,2.6);
#917 = AXIS2_PLACEMENT_3D('',#918,#919,#920);
#918 = CARTESIAN_POINT('',(26.8,-44.2,1.));
#919 = DIRECTION('',(0.,0.,1.));
#920 = DIRECTION('',(1.,0.,-0.));
#921 = ORIENTED_EDGE('',*,*,#922,.T.);
#922 = EDGE_CURVE('',#914,#923,#925,.T.);
#923 = VERTEX_POINT('',#924);
#924 = CARTESIAN_POINT('',(29.3,-27.51414284285,1.));
#925 = LINE('',#926,#927);
#926 = CARTESIAN_POINT('',(29.3,-97.8,1.));
#927 = VECTOR('',#928,1.);
#928 = DIRECTION('',(0.,1.,0.));
#929 = ORIENTED_EDGE('',*,*,#930,.T.);
#930 = EDGE_CURVE('',#923,#931,#933,.T.);
#931 = VERTEX_POINT('',#932);
#932 = CARTESIAN_POINT('',(29.4,-26.8,1.));
#933 = CIRCLE('',#934,2.6);
#934 = AXIS2_PLACEMENT_3D('',#935,#936,#937);
#935 = CARTESIAN_POINT('',(26.8,-26.8,1.));
#936 = DIRECTION('',(0.,0.,1.));
#937 = DIRECTION('',(2.732856676E-15,-1.,0.));
#938 = ORIENTED_EDGE('',*,*,#939,.T.);
#939 = EDGE_CURVE('',#931,#940,#942,.T.);
#940 = VERTEX_POINT('',#941);
#941 = CARTESIAN_POINT('',(29.4,26.8,1.));
#942 = LINE('',#943,#944);
#943 = CARTESIAN_POINT('',(29.4,-26.8,1.));
#944 = VECTOR('',#945,1.);
#945 = DIRECTION('',(0.,1.,0.));
#946 = ORIENTED_EDGE('',*,*,#947,.T.);
#947 = EDGE_CURVE('',#940,#948,#950,.T.);
#948 = VERTEX_POINT('',#949);
#949 = CARTESIAN_POINT('',(26.8,29.4,1.));
#950 = CIRCLE('',#951,2.6);
#951 = AXIS2_PLACEMENT_3D('',#952,#953,#954);
#952 = CARTESIAN_POINT('',(26.8,26.8,1.));
#953 = DIRECTION('',(0.,0.,1.));
#954 = DIRECTION('',(1.,2.732856676E-15,-0.));
#955 = ORIENTED_EDGE('',*,*,#956,.T.);
#956 = EDGE_CURVE('',#948,#957,#959,.T.);
#957 = VERTEX_POINT('',#958);
#958 = CARTESIAN_POINT('',(-26.8,29.4,1.));
#959 = LINE('',#960,#961);
#960 = CARTESIAN_POINT('',(26.8,29.4,1.));
#961 = VECTOR('',#962,1.);
#962 = DIRECTION('',(-1.,0.,0.));
#963 = ORIENTED_EDGE('',*,*,#964,.T.);
#964 = EDGE_CURVE('',#957,#965,#967,.T.);
#965 = VERTEX_POINT('',#966);
#966 = CARTESIAN_POINT('',(-29.4,26.8,1.));
#967 = CIRCLE('',#968,2.6);
#968 = AXIS2_PLACEMENT_3D('',#969,#970,#971);
#969 = CARTESIAN_POINT('',(-26.8,26.8,1.));
#970 = DIRECTION('',(0.,0.,1.));
#971 = DIRECTION('',(-2.732856676E-15,1.,0.));
#972 = ORIENTED_EDGE('',*,*,#973,.T.);
#973 = EDGE_CURVE('',#965,#974,#976,.T.);
#974 = VERTEX_POINT('',#975);
#975 = CARTESIAN_POINT('',(-29.4,-26.8,1.));
#976 = LINE('',#977,#978);
#977 = CARTESIAN_POINT('',(-29.4,26.8,1.));
#978 = VECTOR('',#979,1.);
#979 = DIRECTION('',(0.,-1.,0.));
#980 = ORIENTED_EDGE('',*,*,#981,.T.);
#981 = EDGE_CURVE('',#974,#834,#982,.T.);
#982 = CIRCLE('',#983,2.6);
#983 = AXIS2_PLACEMENT_3D('',#984,#985,#986);
#984 = CARTESIAN_POINT('',(-26.8,-26.8,1.));
#985 = DIRECTION('',(0.,0.,1.));
#986 = DIRECTION('',(-1.,-2.732856676E-15,0.));
#987 = ORIENTED_EDGE('',*,*,#833,.T.);
#988 = ORIENTED_EDGE('',*,*,#989,.T.);
#989 = EDGE_CURVE('',#823,#990,#992,.T.);
#990 = VERTEX_POINT('',#991);
#991 = CARTESIAN_POINT('',(-29.4,-44.2,1.));
#992 = CIRCLE('',#993,2.6);
#993 = AXIS2_PLACEMENT_3D('',#994,#995,#996);
#994 = CARTESIAN_POINT('',(-26.8,-44.2,1.));
#995 = DIRECTION('',(0.,-0.,1.));
#996 = DIRECTION('',(0.,1.,0.));
#997 = ORIENTED_EDGE('',*,*,#998,.T.);
#998 = EDGE_CURVE('',#990,#312,#999,.T.);
#999 = LINE('',#1000,#1001);
#1000 = CARTESIAN_POINT('',(-29.4,-44.2,1.));
#1001 = VECTOR('',#1002,1.);
#1002 = DIRECTION('',(0.,-1.,0.));
#1003 = FACE_BOUND('',#1004,.T.);
#1004 = EDGE_LOOP('',(#1005,#1016,#1024,#1033,#1041,#1050,#1058,#1067));
#1005 = ORIENTED_EDGE('',*,*,#1006,.T.);
#1006 = EDGE_CURVE('',#1007,#1009,#1011,.T.);
#1007 = VERTEX_POINT('',#1008);
#1008 = CARTESIAN_POINT('',(27.8,-97.8,1.));
#1009 = VERTEX_POINT('',#1010);
#1010 = CARTESIAN_POINT('',(26.8,-98.8,1.));
#1011 = CIRCLE('',#1012,1.);
#1012 = AXIS2_PLACEMENT_3D('',#1013,#1014,#1015);
#1013 = CARTESIAN_POINT('',(26.8,-97.8,1.));
#1014 = DIRECTION('',(-0.,0.,-1.));
#1015 = DIRECTION('',(-7.105427357601E-15,-1.,0.));
#1016 = ORIENTED_EDGE('',*,*,#1017,.T.);
#1017 = EDGE_CURVE('',#1009,#1018,#1020,.T.);
#1018 = VERTEX_POINT('',#1019);
#1019 = CARTESIAN_POINT('',(-26.8,-98.8,1.));
#1020 = LINE('',#1021,#1022);
#1021 = CARTESIAN_POINT('',(-13.4,-98.8,1.));
#1022 = VECTOR('',#1023,1.);
#1023 = DIRECTION('',(-1.,0.,0.));
#1024 = ORIENTED_EDGE('',*,*,#1025,.T.);
#1025 = EDGE_CURVE('',#1018,#1026,#1028,.T.);
#1026 = VERTEX_POINT('',#1027);
#1027 = CARTESIAN_POINT('',(-27.8,-97.8,1.));
#1028 = CIRCLE('',#1029,1.);
#1029 = AXIS2_PLACEMENT_3D('',#1030,#1031,#1032);
#1030 = CARTESIAN_POINT('',(-26.8,-97.8,1.));
#1031 = DIRECTION('',(-0.,0.,-1.));
#1032 = DIRECTION('',(-1.,1.42108547152E-14,0.));
#1033 = ORIENTED_EDGE('',*,*,#1034,.T.);
#1034 = EDGE_CURVE('',#1026,#1035,#1037,.T.);
#1035 = VERTEX_POINT('',#1036);
#1036 = CARTESIAN_POINT('',(-27.8,-44.2,1.));
#1037 = LINE('',#1038,#1039);
#1038 = CARTESIAN_POINT('',(-27.8,-39.85,1.));
#1039 = VECTOR('',#1040,1.);
#1040 = DIRECTION('',(-0.,1.,0.));
#1041 = ORIENTED_EDGE('',*,*,#1042,.T.);
#1042 = EDGE_CURVE('',#1035,#1043,#1045,.T.);
#1043 = VERTEX_POINT('',#1044);
#1044 = CARTESIAN_POINT('',(-26.8,-43.2,1.));
#1045 = CIRCLE('',#1046,1.);
#1046 = AXIS2_PLACEMENT_3D('',#1047,#1048,#1049);
#1047 = CARTESIAN_POINT('',(-26.8,-44.2,1.));
#1048 = DIRECTION('',(-0.,0.,-1.));
#1049 = DIRECTION('',(-3.552713678801E-15,1.,0.));
#1050 = ORIENTED_EDGE('',*,*,#1051,.T.);
#1051 = EDGE_CURVE('',#1043,#1052,#1054,.T.);
#1052 = VERTEX_POINT('',#1053);
#1053 = CARTESIAN_POINT('',(26.8,-43.2,1.));
#1054 = LINE('',#1055,#1056);
#1055 = CARTESIAN_POINT('',(13.4,-43.2,1.));
#1056 = VECTOR('',#1057,1.);
#1057 = DIRECTION('',(1.,0.,-0.));
#1058 = ORIENTED_EDGE('',*,*,#1059,.T.);
#1059 = EDGE_CURVE('',#1052,#1060,#1062,.T.);
#1060 = VERTEX_POINT('',#1061);
#1061 = CARTESIAN_POINT('',(27.8,-44.2,1.));
#1062 = CIRCLE('',#1063,1.);
#1063 = AXIS2_PLACEMENT_3D('',#1064,#1065,#1066);
#1064 = CARTESIAN_POINT('',(26.8,-44.2,1.));
#1065 = DIRECTION('',(0.,-0.,-1.));
#1066 = DIRECTION('',(1.,0.,-0.));
#1067 = ORIENTED_EDGE('',*,*,#1068,.T.);
#1068 = EDGE_CURVE('',#1060,#1007,#1069,.T.);
#1069 = LINE('',#1070,#1071);
#1070 = CARTESIAN_POINT('',(27.8,-66.65,1.));
#1071 = VECTOR('',#1072,1.);
#1072 = DIRECTION('',(0.,-1.,0.));
#1073 = FACE_BOUND('',#1074,.T.);
#1074 = EDGE_LOOP('',(#1075,#1086,#1094,#1103,#1111,#1120,#1128,#1137));
#1075 = ORIENTED_EDGE('',*,*,#1076,.T.);
#1076 = EDGE_CURVE('',#1077,#1079,#1081,.T.);
#1077 = VERTEX_POINT('',#1078);
#1078 = CARTESIAN_POINT('',(27.8,-26.8,1.));
#1079 = VERTEX_POINT('',#1080);
#1080 = CARTESIAN_POINT('',(26.8,-27.8,1.));
#1081 = CIRCLE('',#1082,1.);
#1082 = AXIS2_PLACEMENT_3D('',#1083,#1084,#1085);
#1083 = CARTESIAN_POINT('',(26.8,-26.8,1.));
#1084 = DIRECTION('',(0.,-0.,-1.));
#1085 = DIRECTION('',(3.5527136788E-15,-1.,0.));
#1086 = ORIENTED_EDGE('',*,*,#1087,.T.);
#1087 = EDGE_CURVE('',#1079,#1088,#1090,.T.);
#1088 = VERTEX_POINT('',#1089);
#1089 = CARTESIAN_POINT('',(-26.8,-27.8,1.));
#1090 = LINE('',#1091,#1092);
#1091 = CARTESIAN_POINT('',(-13.4,-27.8,1.));
#1092 = VECTOR('',#1093,1.);
#1093 = DIRECTION('',(-1.,0.,0.));
#1094 = ORIENTED_EDGE('',*,*,#1095,.T.);
#1095 = EDGE_CURVE('',#1088,#1096,#1098,.T.);
#1096 = VERTEX_POINT('',#1097);
#1097 = CARTESIAN_POINT('',(-27.8,-26.8,1.));
#1098 = CIRCLE('',#1099,1.);
#1099 = AXIS2_PLACEMENT_3D('',#1100,#1101,#1102);
#1100 = CARTESIAN_POINT('',(-26.8,-26.8,1.));
#1101 = DIRECTION('',(-0.,0.,-1.));
#1102 = DIRECTION('',(-1.,-3.5527136788E-15,0.));
#1103 = ORIENTED_EDGE('',*,*,#1104,.T.);
#1104 = EDGE_CURVE('',#1096,#1105,#1107,.T.);
#1105 = VERTEX_POINT('',#1106);
#1106 = CARTESIAN_POINT('',(-27.8,26.8,1.));
#1107 = LINE('',#1108,#1109);
#1108 = CARTESIAN_POINT('',(-27.8,-4.35,1.));
#1109 = VECTOR('',#1110,1.);
#1110 = DIRECTION('',(-0.,1.,0.));
#1111 = ORIENTED_EDGE('',*,*,#1112,.T.);
#1112 = EDGE_CURVE('',#1105,#1113,#1115,.T.);
#1113 = VERTEX_POINT('',#1114);
#1114 = CARTESIAN_POINT('',(-26.8,27.8,1.));
#1115 = CIRCLE('',#1116,1.);
#1116 = AXIS2_PLACEMENT_3D('',#1117,#1118,#1119);
#1117 = CARTESIAN_POINT('',(-26.8,26.8,1.));
#1118 = DIRECTION('',(-0.,0.,-1.));
#1119 = DIRECTION('',(-3.5527136788E-15,1.,0.));
#1120 = ORIENTED_EDGE('',*,*,#1121,.T.);
#1121 = EDGE_CURVE('',#1113,#1122,#1124,.T.);
#1122 = VERTEX_POINT('',#1123);
#1123 = CARTESIAN_POINT('',(26.8,27.8,1.));
#1124 = LINE('',#1125,#1126);
#1125 = CARTESIAN_POINT('',(13.4,27.8,1.));
#1126 = VECTOR('',#1127,1.);
#1127 = DIRECTION('',(1.,0.,-0.));
#1128 = ORIENTED_EDGE('',*,*,#1129,.T.);
#1129 = EDGE_CURVE('',#1122,#1130,#1132,.T.);
#1130 = VERTEX_POINT('',#1131);
#1131 = CARTESIAN_POINT('',(27.8,26.8,1.));
#1132 = CIRCLE('',#1133,1.);
#1133 = AXIS2_PLACEMENT_3D('',#1134,#1135,#1136);
#1134 = CARTESIAN_POINT('',(26.8,26.8,1.));
#1135 = DIRECTION('',(0.,-0.,-1.));
#1136 = DIRECTION('',(1.,3.5527136788E-15,-0.));
#1137 = ORIENTED_EDGE('',*,*,#1138,.T.);
#1138 = EDGE_CURVE('',#1130,#1077,#1139,.T.);
#1139 = LINE('',#1140,#1141);
#1140 = CARTESIAN_POINT('',(27.8,-31.15,1.));
#1141 = VECTOR('',#1142,1.);
#1142 = DIRECTION('',(0.,-1.,0.));
#1143 = PLANE('',#1144);
#1144 = AXIS2_PLACEMENT_3D('',#1145,#1146,#1147);
#1145 = CARTESIAN_POINT('',(1.830772416451E-15,-35.5,1.));
#1146 = DIRECTION('',(0.,0.,1.));
#1147 = DIRECTION('',(1.,0.,-0.));
#1148 = ADVANCED_FACE('',(#1149),#1160,.F.);
#1149 = FACE_BOUND('',#1150,.F.);
#1150 = EDGE_LOOP('',(#1151,#1152,#1158,#1159));
#1151 = ORIENTED_EDGE('',*,*,#815,.T.);
#1152 = ORIENTED_EDGE('',*,*,#1153,.T.);
#1153 = EDGE_CURVE('',#816,#990,#1154,.T.);
#1154 = LINE('',#1155,#1156);
#1155 = CARTESIAN_POINT('',(-29.4,-44.2,-5.5));
#1156 = VECTOR('',#1157,1.);
#1157 = DIRECTION('',(0.,0.,1.));
#1158 = ORIENTED_EDGE('',*,*,#998,.T.);
#1159 = ORIENTED_EDGE('',*,*,#311,.F.);
#1160 = PLANE('',#1161);
#1161 = AXIS2_PLACEMENT_3D('',#1162,#1163,#1164);
#1162 = CARTESIAN_POINT('',(-29.4,-44.2,-5.5));
#1163 = DIRECTION('',(1.,0.,-0.));
#1164 = DIRECTION('',(0.,-1.,0.));
#1165 = ADVANCED_FACE('',(#1166),#1218,.T.);
#1166 = FACE_BOUND('',#1167,.T.);
#1167 = EDGE_LOOP('',(#1168,#1169,#1170,#1177,#1184,#1191,#1200,#1201,
    #1212,#1217));
#1168 = ORIENTED_EDGE('',*,*,#478,.F.);
#1169 = ORIENTED_EDGE('',*,*,#792,.F.);
#1170 = ORIENTED_EDGE('',*,*,#1171,.T.);
#1171 = EDGE_CURVE('',#756,#1172,#1174,.T.);
#1172 = VERTEX_POINT('',#1173);
#1173 = CARTESIAN_POINT('',(29.398606960163,26.885099157401,
    0.963979192634));
#1174 = B_SPLINE_CURVE_WITH_KNOTS('',1,(#1175,#1176),.UNSPECIFIED.,.F.,
  .F.,(2,2),(0.,1.),.PIECEWISE_BEZIER_KNOTS.);
#1175 = CARTESIAN_POINT('',(40.25,36.25,-3.));
#1176 = CARTESIAN_POINT('',(29.3,26.8,1.));
#1177 = ORIENTED_EDGE('',*,*,#1178,.T.);
#1178 = EDGE_CURVE('',#1172,#1179,#1181,.T.);
#1179 = VERTEX_POINT('',#1180);
#1180 = CARTESIAN_POINT('',(29.4,26.8,0.963470319635));
#1181 = B_SPLINE_CURVE_WITH_KNOTS('',1,(#1182,#1183),.UNSPECIFIED.,.F.,
  .F.,(2,2),(0.,1.),.PIECEWISE_BEZIER_KNOTS.);
#1182 = CARTESIAN_POINT('',(29.398606960163,26.885099157401,
    0.963979192634));
#1183 = CARTESIAN_POINT('',(29.4,26.8,0.963470319635));
#1184 = ORIENTED_EDGE('',*,*,#1185,.T.);
#1185 = EDGE_CURVE('',#1179,#1186,#1188,.T.);
#1186 = VERTEX_POINT('',#1187);
#1187 = CARTESIAN_POINT('',(29.4,-26.8,0.963470319635));
#1188 = B_SPLINE_CURVE_WITH_KNOTS('',1,(#1189,#1190),.UNSPECIFIED.,.F.,
  .F.,(2,2),(0.,1.),.PIECEWISE_BEZIER_KNOTS.);
#1189 = CARTESIAN_POINT('',(29.4,26.8,0.963470319635));
#1190 = CARTESIAN_POINT('',(29.4,-26.8,0.963470319635));
#1191 = ORIENTED_EDGE('',*,*,#1192,.T.);
#1192 = EDGE_CURVE('',#1186,#923,#1193,.T.);
#1193 = B_SPLINE_CURVE_WITH_KNOTS('',5,(#1194,#1195,#1196,#1197,#1198,
    #1199),.UNSPECIFIED.,.F.,.F.,(6,6),(0.,1.),
  .PIECEWISE_BEZIER_KNOTS.);
#1194 = CARTESIAN_POINT('',(29.4,-26.8,0.963470319635));
#1195 = CARTESIAN_POINT('',(29.4,-26.94273789831,0.963470319635));
#1196 = CARTESIAN_POINT('',(29.390205193554,-27.08610793072,
    0.967048331122));
#1197 = CARTESIAN_POINT('',(29.370439311353,-27.22955866167,
    0.974268744711));
#1198 = CARTESIAN_POINT('',(29.340470112401,-27.37246911187,
    0.985216397297));
#1199 = CARTESIAN_POINT('',(29.3,-27.51414284285,1.));
#1200 = ORIENTED_EDGE('',*,*,#922,.F.);
#1201 = ORIENTED_EDGE('',*,*,#1202,.T.);
#1202 = EDGE_CURVE('',#914,#1203,#1205,.T.);
#1203 = VERTEX_POINT('',#1204);
#1204 = CARTESIAN_POINT('',(29.4,-44.2,0.963470319635));
#1205 = B_SPLINE_CURVE_WITH_KNOTS('',5,(#1206,#1207,#1208,#1209,#1210,
    #1211),.UNSPECIFIED.,.F.,.F.,(6,6),(0.,1.),
  .PIECEWISE_BEZIER_KNOTS.);
#1206 = CARTESIAN_POINT('',(29.3,-43.48585715714,1.));
#1207 = CARTESIAN_POINT('',(29.340470391488,-43.62753186512,
    0.985216295347));
#1208 = CARTESIAN_POINT('',(29.370438301755,-43.77043839144,
    0.974269113514));
#1209 = CARTESIAN_POINT('',(29.390204757131,-43.9138867875,
    0.967048490546));
#1210 = CARTESIAN_POINT('',(29.4,-44.05725846219,0.963470319635));
#1211 = CARTESIAN_POINT('',(29.4,-44.2,0.963470319635));
#1212 = ORIENTED_EDGE('',*,*,#1213,.T.);
#1213 = EDGE_CURVE('',#1203,#380,#1214,.T.);
#1214 = B_SPLINE_CURVE_WITH_KNOTS('',1,(#1215,#1216),.UNSPECIFIED.,.F.,
  .F.,(2,2),(0.,1.),.PIECEWISE_BEZIER_KNOTS.);
#1215 = CARTESIAN_POINT('',(29.4,-44.2,0.963470319635));
#1216 = CARTESIAN_POINT('',(29.4,-97.8,0.963470319635));
#1217 = ORIENTED_EDGE('',*,*,#387,.T.);
#1218 = B_SPLINE_SURFACE_WITH_KNOTS('',1,1,(
    (#1219,#1220)
    ,(#1221,#1222
    )),.UNSPECIFIED.,.F.,.F.,.F.,(2,2),(2,2),(0.,143.5),(0.,1.),
  .PIECEWISE_BEZIER_KNOTS.);
#1219 = CARTESIAN_POINT('',(40.25,-107.25,-3.));
#1220 = CARTESIAN_POINT('',(29.3,-97.8,1.));
#1221 = CARTESIAN_POINT('',(40.25,36.25,-3.));
#1222 = CARTESIAN_POINT('',(29.3,26.8,1.));
#1223 = ADVANCED_FACE('',(#1224),#1235,.F.);
#1224 = FACE_BOUND('',#1225,.F.);
#1225 = EDGE_LOOP('',(#1226,#1227,#1228,#1229));
#1226 = ORIENTED_EDGE('',*,*,#1213,.T.);
#1227 = ORIENTED_EDGE('',*,*,#379,.T.);
#1228 = ORIENTED_EDGE('',*,*,#905,.T.);
#1229 = ORIENTED_EDGE('',*,*,#1230,.F.);
#1230 = EDGE_CURVE('',#1203,#906,#1231,.T.);
#1231 = LINE('',#1232,#1233);
#1232 = CARTESIAN_POINT('',(29.4,-44.2,-5.5));
#1233 = VECTOR('',#1234,1.);
#1234 = DIRECTION('',(0.,0.,1.));
#1235 = PLANE('',#1236);
#1236 = AXIS2_PLACEMENT_3D('',#1237,#1238,#1239);
#1237 = CARTESIAN_POINT('',(29.4,-97.8,-5.5));
#1238 = DIRECTION('',(-1.,0.,0.));
#1239 = DIRECTION('',(0.,1.,0.));
#1240 = ADVANCED_FACE('',(#1241),#1262,.T.);
#1241 = FACE_BOUND('',#1242,.T.);
#1242 = EDGE_LOOP('',(#1243,#1244,#1253,#1260,#1261));
#1243 = ORIENTED_EDGE('',*,*,#589,.F.);
#1244 = ORIENTED_EDGE('',*,*,#1245,.F.);
#1245 = EDGE_CURVE('',#1246,#553,#1248,.T.);
#1246 = VERTEX_POINT('',#1247);
#1247 = CARTESIAN_POINT('',(39.7,-108.4,-2.5));
#1248 = CIRCLE('',#1249,2.3);
#1249 = AXIS2_PLACEMENT_3D('',#1250,#1251,#1252);
#1250 = CARTESIAN_POINT('',(37.4,-108.4,-2.5));
#1251 = DIRECTION('',(0.,0.,1.));
#1252 = DIRECTION('',(1.,0.,-0.));
#1253 = ORIENTED_EDGE('',*,*,#1254,.F.);
#1254 = EDGE_CURVE('',#536,#1246,#1255,.T.);
#1255 = CIRCLE('',#1256,2.3);
#1256 = AXIS2_PLACEMENT_3D('',#1257,#1258,#1259);
#1257 = CARTESIAN_POINT('',(37.4,-108.4,-2.5));
#1258 = DIRECTION('',(0.,0.,1.));
#1259 = DIRECTION('',(1.,0.,-0.));
#1260 = ORIENTED_EDGE('',*,*,#535,.F.);
#1261 = ORIENTED_EDGE('',*,*,#486,.F.);
#1262 = CYLINDRICAL_SURFACE('',#1263,2.3);
#1263 = AXIS2_PLACEMENT_3D('',#1264,#1265,#1266);
#1264 = CARTESIAN_POINT('',(37.4,-108.4,-9.));
#1265 = DIRECTION('',(0.,0.,1.));
#1266 = DIRECTION('',(1.,0.,-0.));
#1267 = ADVANCED_FACE('',(#1268),#1273,.T.);
#1268 = FACE_BOUND('',#1269,.T.);
#1269 = EDGE_LOOP('',(#1270,#1271,#1272));
#1270 = ORIENTED_EDGE('',*,*,#1254,.T.);
#1271 = ORIENTED_EDGE('',*,*,#1245,.T.);
#1272 = ORIENTED_EDGE('',*,*,#552,.T.);
#1273 = PLANE('',#1274);
#1274 = AXIS2_PLACEMENT_3D('',#1275,#1276,#1277);
#1275 = CARTESIAN_POINT('',(37.4,-108.4,-2.5));
#1276 = DIRECTION('',(0.,0.,1.));
#1277 = DIRECTION('',(1.,0.,-0.));
#1278 = ADVANCED_FACE('',(#1279),#1304,.T.);
#1279 = FACE_BOUND('',#1280,.T.);
#1280 = EDGE_LOOP('',(#1281,#1282,#1290,#1298));
#1281 = ORIENTED_EDGE('',*,*,#631,.F.);
#1282 = ORIENTED_EDGE('',*,*,#1283,.F.);
#1283 = EDGE_CURVE('',#1284,#632,#1286,.T.);
#1284 = VERTEX_POINT('',#1285);
#1285 = CARTESIAN_POINT('',(-36.25,-111.25,-9.));
#1286 = LINE('',#1287,#1288);
#1287 = CARTESIAN_POINT('',(-36.25,-111.25,-9.));
#1288 = VECTOR('',#1289,1.);
#1289 = DIRECTION('',(0.,0.,1.));
#1290 = ORIENTED_EDGE('',*,*,#1291,.T.);
#1291 = EDGE_CURVE('',#1284,#1292,#1294,.T.);
#1292 = VERTEX_POINT('',#1293);
#1293 = CARTESIAN_POINT('',(36.25,-111.25,-9.));
#1294 = LINE('',#1295,#1296);
#1295 = CARTESIAN_POINT('',(-36.25,-111.25,-9.));
#1296 = VECTOR('',#1297,1.);
#1297 = DIRECTION('',(1.,0.,0.));
#1298 = ORIENTED_EDGE('',*,*,#1299,.T.);
#1299 = EDGE_CURVE('',#1292,#634,#1300,.T.);
#1300 = LINE('',#1301,#1302);
#1301 = CARTESIAN_POINT('',(36.25,-111.25,-9.));
#1302 = VECTOR('',#1303,1.);
#1303 = DIRECTION('',(0.,0.,1.));
#1304 = PLANE('',#1305);
#1305 = AXIS2_PLACEMENT_3D('',#1306,#1307,#1308);
#1306 = CARTESIAN_POINT('',(0.,-111.25,-5.995));
#1307 = DIRECTION('',(-0.,-1.,-0.));
#1308 = DIRECTION('',(0.,0.,-1.));
#1309 = ADVANCED_FACE('',(#1310),#1329,.T.);
#1310 = FACE_BOUND('',#1311,.T.);
#1311 = EDGE_LOOP('',(#1312,#1320,#1327,#1328));
#1312 = ORIENTED_EDGE('',*,*,#1313,.F.);
#1313 = EDGE_CURVE('',#1314,#685,#1316,.T.);
#1314 = VERTEX_POINT('',#1315);
#1315 = CARTESIAN_POINT('',(-40.25,-107.25,-9.));
#1316 = LINE('',#1317,#1318);
#1317 = CARTESIAN_POINT('',(-40.25,-107.25,-9.));
#1318 = VECTOR('',#1319,1.);
#1319 = DIRECTION('',(0.,0.,1.));
#1320 = ORIENTED_EDGE('',*,*,#1321,.T.);
#1321 = EDGE_CURVE('',#1314,#1284,#1322,.T.);
#1322 = CIRCLE('',#1323,4.);
#1323 = AXIS2_PLACEMENT_3D('',#1324,#1325,#1326);
#1324 = CARTESIAN_POINT('',(-36.25,-107.25,-9.));
#1325 = DIRECTION('',(0.,0.,1.));
#1326 = DIRECTION('',(-1.,-3.5527136788E-15,0.));
#1327 = ORIENTED_EDGE('',*,*,#1283,.T.);
#1328 = ORIENTED_EDGE('',*,*,#692,.F.);
#1329 = CYLINDRICAL_SURFACE('',#1330,4.);
#1330 = AXIS2_PLACEMENT_3D('',#1331,#1332,#1333);
#1331 = CARTESIAN_POINT('',(-36.25,-107.25,-9.));
#1332 = DIRECTION('',(-0.,-0.,-1.));
#1333 = DIRECTION('',(-1.,-3.5527136788E-15,0.));
#1334 = ADVANCED_FACE('',(#1335),#1354,.T.);
#1335 = FACE_BOUND('',#1336,.T.);
#1336 = EDGE_LOOP('',(#1337,#1338,#1347,#1353));
#1337 = ORIENTED_EDGE('',*,*,#1299,.F.);
#1338 = ORIENTED_EDGE('',*,*,#1339,.T.);
#1339 = EDGE_CURVE('',#1292,#1340,#1342,.T.);
#1340 = VERTEX_POINT('',#1341);
#1341 = CARTESIAN_POINT('',(40.25,-107.25,-9.));
#1342 = CIRCLE('',#1343,4.);
#1343 = AXIS2_PLACEMENT_3D('',#1344,#1345,#1346);
#1344 = CARTESIAN_POINT('',(36.25,-107.25,-9.));
#1345 = DIRECTION('',(0.,0.,1.));
#1346 = DIRECTION('',(1.7763568394E-15,-1.,0.));
#1347 = ORIENTED_EDGE('',*,*,#1348,.T.);
#1348 = EDGE_CURVE('',#1340,#642,#1349,.T.);
#1349 = LINE('',#1350,#1351);
#1350 = CARTESIAN_POINT('',(40.25,-107.25,-9.));
#1351 = VECTOR('',#1352,1.);
#1352 = DIRECTION('',(0.,0.,1.));
#1353 = ORIENTED_EDGE('',*,*,#641,.F.);
#1354 = CYLINDRICAL_SURFACE('',#1355,4.);
#1355 = AXIS2_PLACEMENT_3D('',#1356,#1357,#1358);
#1356 = CARTESIAN_POINT('',(36.25,-107.25,-9.));
#1357 = DIRECTION('',(-0.,-0.,-1.));
#1358 = DIRECTION('',(1.7763568394E-15,-1.,0.));
#1359 = ADVANCED_FACE('',(#1360),#1378,.T.);
#1360 = FACE_BOUND('',#1361,.T.);
#1361 = EDGE_LOOP('',(#1362,#1363,#1371,#1377));
#1362 = ORIENTED_EDGE('',*,*,#684,.F.);
#1363 = ORIENTED_EDGE('',*,*,#1364,.F.);
#1364 = EDGE_CURVE('',#1365,#676,#1367,.T.);
#1365 = VERTEX_POINT('',#1366);
#1366 = CARTESIAN_POINT('',(-40.25,36.25,-9.));
#1367 = LINE('',#1368,#1369);
#1368 = CARTESIAN_POINT('',(-40.25,36.25,-9.));
#1369 = VECTOR('',#1370,1.);
#1370 = DIRECTION('',(0.,0.,1.));
#1371 = ORIENTED_EDGE('',*,*,#1372,.T.);
#1372 = EDGE_CURVE('',#1365,#1314,#1373,.T.);
#1373 = LINE('',#1374,#1375);
#1374 = CARTESIAN_POINT('',(-40.25,36.25,-9.));
#1375 = VECTOR('',#1376,1.);
#1376 = DIRECTION('',(0.,-1.,0.));
#1377 = ORIENTED_EDGE('',*,*,#1313,.T.);
#1378 = PLANE('',#1379);
#1379 = AXIS2_PLACEMENT_3D('',#1380,#1381,#1382);
#1380 = CARTESIAN_POINT('',(-40.25,-35.5,-5.995));
#1381 = DIRECTION('',(-1.,-0.,-0.));
#1382 = DIRECTION('',(0.,0.,-1.));
#1383 = ADVANCED_FACE('',(#1384),#1402,.T.);
#1384 = FACE_BOUND('',#1385,.T.);
#1385 = EDGE_LOOP('',(#1386,#1387,#1388,#1396));
#1386 = ORIENTED_EDGE('',*,*,#650,.F.);
#1387 = ORIENTED_EDGE('',*,*,#1348,.F.);
#1388 = ORIENTED_EDGE('',*,*,#1389,.T.);
#1389 = EDGE_CURVE('',#1340,#1390,#1392,.T.);
#1390 = VERTEX_POINT('',#1391);
#1391 = CARTESIAN_POINT('',(40.25,36.25,-9.));
#1392 = LINE('',#1393,#1394);
#1393 = CARTESIAN_POINT('',(40.25,-107.25,-9.));
#1394 = VECTOR('',#1395,1.);
#1395 = DIRECTION('',(0.,1.,0.));
#1396 = ORIENTED_EDGE('',*,*,#1397,.T.);
#1397 = EDGE_CURVE('',#1390,#651,#1398,.T.);
#1398 = LINE('',#1399,#1400);
#1399 = CARTESIAN_POINT('',(40.25,36.25,-9.));
#1400 = VECTOR('',#1401,1.);
#1401 = DIRECTION('',(0.,0.,1.));
#1402 = PLANE('',#1403);
#1403 = AXIS2_PLACEMENT_3D('',#1404,#1405,#1406);
#1404 = CARTESIAN_POINT('',(40.25,-35.5,-5.995));
#1405 = DIRECTION('',(1.,0.,0.));
#1406 = DIRECTION('',(-0.,0.,1.));
#1407 = ADVANCED_FACE('',(#1408),#1427,.T.);
#1408 = FACE_BOUND('',#1409,.T.);
#1409 = EDGE_LOOP('',(#1410,#1418,#1425,#1426));
#1410 = ORIENTED_EDGE('',*,*,#1411,.F.);
#1411 = EDGE_CURVE('',#1412,#668,#1414,.T.);
#1412 = VERTEX_POINT('',#1413);
#1413 = CARTESIAN_POINT('',(-36.25,40.25,-9.));
#1414 = LINE('',#1415,#1416);
#1415 = CARTESIAN_POINT('',(-36.25,40.25,-9.));
#1416 = VECTOR('',#1417,1.);
#1417 = DIRECTION('',(0.,0.,1.));
#1418 = ORIENTED_EDGE('',*,*,#1419,.T.);
#1419 = EDGE_CURVE('',#1412,#1365,#1420,.T.);
#1420 = CIRCLE('',#1421,4.);
#1421 = AXIS2_PLACEMENT_3D('',#1422,#1423,#1424);
#1422 = CARTESIAN_POINT('',(-36.25,36.25,-9.));
#1423 = DIRECTION('',(0.,-0.,1.));
#1424 = DIRECTION('',(0.,1.,0.));
#1425 = ORIENTED_EDGE('',*,*,#1364,.T.);
#1426 = ORIENTED_EDGE('',*,*,#675,.F.);
#1427 = CYLINDRICAL_SURFACE('',#1428,4.);
#1428 = AXIS2_PLACEMENT_3D('',#1429,#1430,#1431);
#1429 = CARTESIAN_POINT('',(-36.25,36.25,-9.));
#1430 = DIRECTION('',(-0.,0.,-1.));
#1431 = DIRECTION('',(0.,1.,0.));
#1432 = ADVANCED_FACE('',(#1433),#1452,.T.);
#1433 = FACE_BOUND('',#1434,.T.);
#1434 = EDGE_LOOP('',(#1435,#1436,#1445,#1451));
#1435 = ORIENTED_EDGE('',*,*,#1397,.F.);
#1436 = ORIENTED_EDGE('',*,*,#1437,.T.);
#1437 = EDGE_CURVE('',#1390,#1438,#1440,.T.);
#1438 = VERTEX_POINT('',#1439);
#1439 = CARTESIAN_POINT('',(36.25,40.25,-9.));
#1440 = CIRCLE('',#1441,4.);
#1441 = AXIS2_PLACEMENT_3D('',#1442,#1443,#1444);
#1442 = CARTESIAN_POINT('',(36.25,36.25,-9.));
#1443 = DIRECTION('',(0.,0.,1.));
#1444 = DIRECTION('',(1.,0.,-0.));
#1445 = ORIENTED_EDGE('',*,*,#1446,.T.);
#1446 = EDGE_CURVE('',#1438,#659,#1447,.T.);
#1447 = LINE('',#1448,#1449);
#1448 = CARTESIAN_POINT('',(36.25,40.25,-9.));
#1449 = VECTOR('',#1450,1.);
#1450 = DIRECTION('',(0.,0.,1.));
#1451 = ORIENTED_EDGE('',*,*,#658,.F.);
#1452 = CYLINDRICAL_SURFACE('',#1453,4.);
#1453 = AXIS2_PLACEMENT_3D('',#1454,#1455,#1456);
#1454 = CARTESIAN_POINT('',(36.25,36.25,-9.));
#1455 = DIRECTION('',(-0.,-0.,-1.));
#1456 = DIRECTION('',(1.,0.,-0.));
#1457 = ADVANCED_FACE('',(#1458),#1469,.T.);
#1458 = FACE_BOUND('',#1459,.T.);
#1459 = EDGE_LOOP('',(#1460,#1461,#1462,#1468));
#1460 = ORIENTED_EDGE('',*,*,#667,.F.);
#1461 = ORIENTED_EDGE('',*,*,#1446,.F.);
#1462 = ORIENTED_EDGE('',*,*,#1463,.T.);
#1463 = EDGE_CURVE('',#1438,#1412,#1464,.T.);
#1464 = LINE('',#1465,#1466);
#1465 = CARTESIAN_POINT('',(36.25,40.25,-9.));
#1466 = VECTOR('',#1467,1.);
#1467 = DIRECTION('',(-1.,0.,0.));
#1468 = ORIENTED_EDGE('',*,*,#1411,.T.);
#1469 = PLANE('',#1470);
#1470 = AXIS2_PLACEMENT_3D('',#1471,#1472,#1473);
#1471 = CARTESIAN_POINT('',(0.,40.25,-5.995));
#1472 = DIRECTION('',(0.,1.,0.));
#1473 = DIRECTION('',(0.,-0.,1.));
#1474 = ADVANCED_FACE('',(#1475,#1511),#1619,.T.);
#1475 = FACE_BOUND('',#1476,.T.);
#1476 = EDGE_LOOP('',(#1477,#1478,#1479,#1486));
#1477 = ORIENTED_EDGE('',*,*,#1171,.F.);
#1478 = ORIENTED_EDGE('',*,*,#755,.F.);
#1479 = ORIENTED_EDGE('',*,*,#1480,.T.);
#1480 = EDGE_CURVE('',#749,#1481,#1483,.T.);
#1481 = VERTEX_POINT('',#1482);
#1482 = CARTESIAN_POINT('',(26.885099157401,29.398606960163,
    0.963979192634));
#1483 = B_SPLINE_CURVE_WITH_KNOTS('',1,(#1484,#1485),.UNSPECIFIED.,.F.,
  .F.,(2,2),(0.,1.),.PIECEWISE_BEZIER_KNOTS.);
#1484 = CARTESIAN_POINT('',(36.25,40.25,-3.));
#1485 = CARTESIAN_POINT('',(26.8,29.3,1.));
#1486 = ORIENTED_EDGE('',*,*,#1487,.T.);
#1487 = EDGE_CURVE('',#1481,#1172,#1488,.T.);
#1488 = B_SPLINE_CURVE_WITH_KNOTS('',6,(#1489,#1490,#1491,#1492,#1493,
    #1494,#1495,#1496,#1497,#1498,#1499,#1500,#1501,#1502,#1503,#1504,
    #1505,#1506,#1507,#1508,#1509,#1510),.UNSPECIFIED.,.F.,.F.,(7,5,5,5,
    7),(0.,0.133773806522,0.499999962393,0.865861436182,1.),
  .UNSPECIFIED.);
#1489 = CARTESIAN_POINT('',(26.885099157401,29.398606960163,
    0.963979192634));
#1490 = CARTESIAN_POINT('',(26.97210104054,29.395757823275,
    0.965019973233));
#1491 = CARTESIAN_POINT('',(27.059035694726,29.389411700143,
    0.965942458637));
#1492 = CARTESIAN_POINT('',(27.145717549718,29.379567691218,
    0.966766134141));
#1493 = CARTESIAN_POINT('',(27.231964335754,29.366238734218,
    0.967504763559));
#1494 = CARTESIAN_POINT('',(27.317596573159,29.349450933258,
    0.968168357363));
#1495 = CARTESIAN_POINT('',(27.634700812864,29.273920288332,
    0.97039892633));
#1496 = CARTESIAN_POINT('',(27.861075580689,29.192953074947,
    0.971532351311));
#1497 = CARTESIAN_POINT('',(28.077840171223,29.087139330176,
    0.972327510087));
#1498 = CARTESIAN_POINT('',(28.281641817161,28.957997229994,
    0.972835358236));
#1499 = CARTESIAN_POINT('',(28.469405333627,28.807549935383,
    0.973089919387));
#1500 = CARTESIAN_POINT('',(28.807381643418,28.46957361192,
    0.973089919294));
#1501 = CARTESIAN_POINT('',(28.957697543977,28.282015756385,
    0.972835866337));
#1502 = CARTESIAN_POINT('',(29.08675341681,28.078449049437,
    0.972329022728));
#1503 = CARTESIAN_POINT('',(29.192531436664,27.861939000257,
    0.971535521411));
#1504 = CARTESIAN_POINT('',(29.273516876061,27.63582786797,
    0.970404564541));
#1505 = CARTESIAN_POINT('',(29.349221804356,27.31876396896,
    0.968177399194));
#1506 = CARTESIAN_POINT('',(29.366093205749,27.232904973606,
    0.967512815164));
#1507 = CARTESIAN_POINT('',(29.379487089841,27.146426597184,
    0.96677286932));
#1508 = CARTESIAN_POINT('',(29.389377066647,27.059509774572,
    0.965947488745));
#1509 = CARTESIAN_POINT('',(29.39575005472,26.972338262883,
    0.965022811061));
#1510 = CARTESIAN_POINT('',(29.398606960163,26.885099157401,
    0.963979192634));
#1511 = FACE_BOUND('',#1512,.T.);
#1512 = EDGE_LOOP('',(#1513,#1526,#1543,#1570));
#1513 = ORIENTED_EDGE('',*,*,#1514,.T.);
#1514 = EDGE_CURVE('',#1515,#1517,#1519,.T.);
#1515 = VERTEX_POINT('',#1516);
#1516 = CARTESIAN_POINT('',(39.7,37.4,-2.892920205456));
#1517 = VERTEX_POINT('',#1518);
#1518 = CARTESIAN_POINT('',(39.618690921182,36.793855960793,
    -2.814849305299));
#1519 = B_SPLINE_CURVE_WITH_KNOTS('',5,(#1520,#1521,#1522,#1523,#1524,
    #1525),.UNSPECIFIED.,.F.,.F.,(6,6),(0.,1.),
  .PIECEWISE_BEZIER_KNOTS.);
#1520 = CARTESIAN_POINT('',(39.7,37.4,-2.892920205456));
#1521 = CARTESIAN_POINT('',(39.7,37.277134858054,-2.880196557486));
#1522 = CARTESIAN_POINT('',(39.69179562741,37.154318989032,
    -2.866111382415));
#1523 = CARTESIAN_POINT('',(39.675400741236,37.032323076408,
    -2.850580788551));
#1524 = CARTESIAN_POINT('',(39.650945202045,36.91191747009,
    -2.833514130122));
#1525 = CARTESIAN_POINT('',(39.618690921182,36.793855960793,
    -2.814849305299));
#1526 = ORIENTED_EDGE('',*,*,#1527,.T.);
#1527 = EDGE_CURVE('',#1517,#1528,#1530,.T.);
#1528 = VERTEX_POINT('',#1529);
#1529 = CARTESIAN_POINT('',(38.842803314774,35.608822009158,-2.5));
#1530 = B_SPLINE_CURVE_WITH_KNOTS('',6,(#1531,#1532,#1533,#1534,#1535,
    #1536,#1537,#1538,#1539,#1540,#1541,#1542),.UNSPECIFIED.,.F.,.F.,(7,
    5,7),(0.,0.19749209722,1.),.UNSPECIFIED.);
#1531 = CARTESIAN_POINT('',(39.618690921182,36.793855960793,
    -2.814849305299));
#1532 = CARTESIAN_POINT('',(39.606016049933,36.747461671734,
    -2.807514643196));
#1533 = CARTESIAN_POINT('',(39.592184966485,36.701414520621,
    -2.799943061681));
#1534 = CARTESIAN_POINT('',(39.577211358484,36.655753859277,
    -2.792131196423));
#1535 = CARTESIAN_POINT('',(39.561110967519,36.610518212441,
    -2.784076316811));
#1536 = CARTESIAN_POINT('',(39.543901589119,36.565745277767,
    -2.775776325949));
#1537 = CARTESIAN_POINT('',(39.451247165856,36.341567436921,
    -2.732500846014));
#1538 = CARTESIAN_POINT('',(39.358880409403,36.169846748282,
    -2.693688085828));
#1539 = CARTESIAN_POINT('',(39.249873841419,36.008942554106,
    -2.650728633307));
#1540 = CARTESIAN_POINT('',(39.1261259827,35.860879138308,
    -2.603730451785));
#1541 = CARTESIAN_POINT('',(38.989707942112,35.727154236931,
    -2.553204612257));
#1542 = CARTESIAN_POINT('',(38.842801658098,35.608820674698,-2.4999994)
  );
#1543 = ORIENTED_EDGE('',*,*,#1544,.F.);
#1544 = EDGE_CURVE('',#1545,#1528,#1547,.T.);
#1545 = VERTEX_POINT('',#1546);
#1546 = CARTESIAN_POINT('',(35.608822009158,38.842803314774,-2.5));
#1547 = B_SPLINE_CURVE_WITH_KNOTS('',6,(#1548,#1549,#1550,#1551,#1552,
    #1553,#1554,#1555,#1556,#1557,#1558,#1559,#1560,#1561,#1562,#1563,
    #1564,#1565,#1566,#1567,#1568,#1569),.UNSPECIFIED.,.F.,.F.,(7,5,5,5,
    7),(0.,0.251405460716,0.501010488323,0.75061551599,1.),
  .UNSPECIFIED.);
#1548 = CARTESIAN_POINT('',(35.1,38.881121923932,-2.5));
#1549 = CARTESIAN_POINT('',(35.348299574814,38.879086610488,-2.5));
#1550 = CARTESIAN_POINT('',(35.596453432564,38.857645074467,-2.5));
#1551 = CARTESIAN_POINT('',(35.84253614603,38.816809356195,-2.5));
#1552 = CARTESIAN_POINT('',(36.084671331361,38.756852604047,-2.5));
#1553 = CARTESIAN_POINT('',(36.321027809249,38.678267058253,-2.5));
#1554 = CARTESIAN_POINT('',(36.776999291197,38.486032180592,-2.5));
#1555 = CARTESIAN_POINT('',(36.99674605692,38.372627874352,-2.5));
#1556 = CARTESIAN_POINT('',(37.207335736216,38.242319827814,-2.5));
#1557 = CARTESIAN_POINT('',(37.407171252775,38.096053065471,-2.5));
#1558 = CARTESIAN_POINT('',(37.594777137574,37.934953067852,-2.5));
#1559 = CARTESIAN_POINT('',(37.942874658803,37.585760244598,-2.5));
#1560 = CARTESIAN_POINT('',(38.103384481159,37.397649175801,-2.5));
#1561 = CARTESIAN_POINT('',(38.249022721026,37.197355135512,-2.5));
#1562 = CARTESIAN_POINT('',(38.378668538776,36.986357121313,-2.5));
#1563 = CARTESIAN_POINT('',(38.491381931732,36.76625517041,-2.5));
#1564 = CARTESIAN_POINT('',(38.681413731184,36.31152374113,-2.5));
#1565 = CARTESIAN_POINT('',(38.758773223961,36.07688357931,-2.5));
#1566 = CARTESIAN_POINT('',(38.817790488224,35.836600709676,-2.5));
#1567 = CARTESIAN_POINT('',(38.857988548297,35.592463435551,-2.5));
#1568 = CARTESIAN_POINT('',(38.879102971791,35.346303565514,-2.5));
#1569 = CARTESIAN_POINT('',(38.881121923932,35.1,-2.5));
#1570 = ORIENTED_EDGE('',*,*,#1571,.T.);
#1571 = EDGE_CURVE('',#1545,#1515,#1572,.T.);
#1572 = B_SPLINE_CURVE_WITH_KNOTS('',5,(#1573,#1574,#1575,#1576,#1577,
    #1578,#1579,#1580,#1581,#1582,#1583,#1584,#1585,#1586,#1587,#1588,
    #1589,#1590,#1591,#1592,#1593,#1594,#1595,#1596,#1597,#1598,#1599,
    #1600,#1601,#1602,#1603,#1604,#1605,#1606,#1607,#1608,#1609,#1610,
    #1611,#1612,#1613,#1614,#1615,#1616,#1617,#1618),.UNSPECIFIED.,.F.,
  .F.,(6,4,4,4,4,4,4,4,4,4,4,6),(0.,6.328930378939E-02,0.206715009763,
    0.321156271665,0.393935896611,0.478857817274,0.53843872016,
    0.683871091147,0.794428642217,0.840024068482,0.905041528971,1.),
  .UNSPECIFIED.);
#1573 = CARTESIAN_POINT('',(35.608820674698,38.842801658098,-2.4999994)
  );
#1574 = CARTESIAN_POINT('',(35.652289756102,38.896766747022,
    -2.519543996271));
#1575 = CARTESIAN_POINT('',(35.697914057468,38.949247747601,
    -2.5387083583));
#1576 = CARTESIAN_POINT('',(35.745638471883,39.000127432697,
    -2.55744670985));
#1577 = CARTESIAN_POINT('',(35.795393487561,39.04928785351,
    -2.575720900884));
#1578 = CARTESIAN_POINT('',(35.964261160888,39.203852172972,
    -2.63379218112));
#1579 = CARTESIAN_POINT('',(36.091440712327,39.301671195991,
    -2.671550225578));
#1580 = CARTESIAN_POINT('',(36.227611314333,39.388655956671,
    -2.706401638066));
#1581 = CARTESIAN_POINT('',(36.371419989326,39.463560197356,
    -2.738256921386));
#1582 = CARTESIAN_POINT('',(36.640650404329,39.574880560282,
    -2.79024139796));
#1583 = CARTESIAN_POINT('',(36.763929921799,39.616022044737,
    -2.811441798512));
#1584 = CARTESIAN_POINT('',(36.890157814653,39.648445633764,
    -2.830801524573));
#1585 = CARTESIAN_POINT('',(37.018433132476,39.671861221478,
    -2.848414241576));
#1586 = CARTESIAN_POINT('',(37.23011706433,39.695211038007,
    -2.874528778461));
#1587 = CARTESIAN_POINT('',(37.312861105817,39.700590427694,
    -2.884013311998));
#1588 = CARTESIAN_POINT('',(37.395823228699,39.702238375212,
    -2.892856954428));
#1589 = CARTESIAN_POINT('',(37.478768618445,39.700145201876,
    -2.901085780677));
#1590 = CARTESIAN_POINT('',(37.657956633619,39.687534755908,
    -2.917640208364));
#1591 = CARTESIAN_POINT('',(37.754109860457,39.675669831128,
    -2.92575257499));
#1592 = CARTESIAN_POINT('',(37.84955436494,39.658754000266,
    -2.933103703813));
#1593 = CARTESIAN_POINT('',(37.943931549921,39.636850050781,
    -2.939729854457));
#1594 = CARTESIAN_POINT('',(38.102115827653,39.591264600354,
    -2.949825041928));
#1595 = CARTESIAN_POINT('',(38.166641688848,39.57006374479,
    -2.953646084714));
#1596 = CARTESIAN_POINT('',(38.230351737627,39.546492725984,
    -2.957136539302));
#1597 = CARTESIAN_POINT('',(38.293130176692,39.520595050926,
    -2.960305687064));
#1598 = CARTESIAN_POINT('',(38.505555242089,39.423656090155,
    -2.970131661268));
#1599 = CARTESIAN_POINT('',(38.650031932642,39.34133413729,
    -2.975234047279));
#1600 = CARTESIAN_POINT('',(38.786659898811,39.246216402483,
    -2.978581106978));
#1601 = CARTESIAN_POINT('',(38.913981758652,39.139330695212,
    -2.980229655901));
#1602 = CARTESIAN_POINT('',(39.119495018965,38.932702960431,
    -2.980139754772));
#1603 = CARTESIAN_POINT('',(39.202149220648,38.837391667867,
    -2.979118739094));
#1604 = CARTESIAN_POINT('',(39.278148713105,38.736562614497,
    -2.977115201813));
#1605 = CARTESIAN_POINT('',(39.347020544891,38.63083775442,
    -2.974109600797));
#1606 = CARTESIAN_POINT('',(39.433681633312,38.475562624171,
    -2.968394860749));
#1607 = CARTESIAN_POINT('',(39.457707897087,38.429507093491,
    -2.966549229135));
#1608 = CARTESIAN_POINT('',(39.480428986394,38.382783015656,
    -2.964523923449));
#1609 = CARTESIAN_POINT('',(39.501820520867,38.335439798428,
    -2.962315702923));
#1610 = CARTESIAN_POINT('',(39.550437600198,38.21920838642,
    -2.956505722054));
#1611 = CARTESIAN_POINT('',(39.576266931115,38.149732880405,
    -2.952711049656));
#1612 = CARTESIAN_POINT('',(39.599285821862,38.079249731234,
    -2.948525764861));
#1613 = CARTESIAN_POINT('',(39.619443575003,38.007911983441,-2.943936804
    ));
#1614 = CARTESIAN_POINT('',(39.661907554142,37.830671483601,
    -2.931615176196));
#1615 = CARTESIAN_POINT('',(39.680928662477,37.723978705881,
    -2.923407922123));
#1616 = CARTESIAN_POINT('',(39.693645966281,37.616293601006,
    -2.914260740193));
#1617 = CARTESIAN_POINT('',(39.7,37.508126431409,-2.904117544486));
#1618 = CARTESIAN_POINT('',(39.7,37.4,-2.892920205456));
#1619 = B_SPLINE_SURFACE_WITH_KNOTS('',8,1,(
    (#1620,#1621)
    ,(#1622,#1623)
    ,(#1624,#1625)
    ,(#1626,#1627)
    ,(#1628,#1629)
    ,(#1630,#1631)
    ,(#1632,#1633)
    ,(#1634,#1635)
    ,(#1636,#1637
    )),.UNSPECIFIED.,.F.,.F.,.F.,(9,9),(2,2),(0.,1.570796326795),(0.,1.)
  ,.PIECEWISE_BEZIER_KNOTS.);
#1620 = CARTESIAN_POINT('',(40.25,36.25,-3.));
#1621 = CARTESIAN_POINT('',(29.3,26.8,1.));
#1622 = CARTESIAN_POINT('',(40.25,37.035398163397,-3.));
#1623 = CARTESIAN_POINT('',(29.3,27.290873852123,1.));
#1624 = CARTESIAN_POINT('',(40.073756844155,37.820796574017,-3.));
#1625 = CARTESIAN_POINT('',(29.189848027597,27.781747858761,1.));
#1626 = CARTESIAN_POINT('',(39.721272263486,38.56005293734,-3.));
#1627 = CARTESIAN_POINT('',(28.969545164679,28.243783085838,1.));
#1628 = CARTESIAN_POINT('',(39.207035023119,39.20703502312,-3.));
#1629 = CARTESIAN_POINT('',(28.64814688945,28.64814688945,1.));
#1630 = CARTESIAN_POINT('',(38.560052937341,39.721272263485,-3.));
#1631 = CARTESIAN_POINT('',(28.243783085838,28.969545164678,1.));
#1632 = CARTESIAN_POINT('',(37.820796574017,40.073756844155,-3.));
#1633 = CARTESIAN_POINT('',(27.78174785876,29.189848027597,1.));
#1634 = CARTESIAN_POINT('',(37.035398163398,40.25,-3.));
#1635 = CARTESIAN_POINT('',(27.290873852123,29.3,1.));
#1636 = CARTESIAN_POINT('',(36.25,40.25,-3.));
#1637 = CARTESIAN_POINT('',(26.8,29.3,1.));
#1638 = ADVANCED_FACE('',(#1639),#1677,.T.);
#1639 = FACE_BOUND('',#1640,.T.);
#1640 = EDGE_LOOP('',(#1641,#1642,#1643,#1650,#1660,#1667));
#1641 = ORIENTED_EDGE('',*,*,#1480,.F.);
#1642 = ORIENTED_EDGE('',*,*,#748,.F.);
#1643 = ORIENTED_EDGE('',*,*,#1644,.T.);
#1644 = EDGE_CURVE('',#712,#1645,#1647,.T.);
#1645 = VERTEX_POINT('',#1646);
#1646 = CARTESIAN_POINT('',(-26.8850991574,29.398606960163,
    0.963979192634));
#1647 = B_SPLINE_CURVE_WITH_KNOTS('',1,(#1648,#1649),.UNSPECIFIED.,.F.,
  .F.,(2,2),(0.,1.),.PIECEWISE_BEZIER_KNOTS.);
#1648 = CARTESIAN_POINT('',(-36.25,40.25,-3.));
#1649 = CARTESIAN_POINT('',(-26.8,29.3,1.));
#1650 = ORIENTED_EDGE('',*,*,#1651,.T.);
#1651 = EDGE_CURVE('',#1645,#1652,#1654,.T.);
#1652 = VERTEX_POINT('',#1653);
#1653 = CARTESIAN_POINT('',(-26.8,29.4,0.963470319635));
#1654 = B_SPLINE_CURVE_WITH_KNOTS('',3,(#1655,#1656,#1657,#1658,#1659),
  .UNSPECIFIED.,.F.,.F.,(4,1,4),(0.,0.621853934289,1.),.UNSPECIFIED.);
#1655 = CARTESIAN_POINT('',(-26.8850991574,29.398606960163,
    0.963979192634));
#1656 = CARTESIAN_POINT('',(-26.86752347639,29.399182528407,
    0.963768939395));
#1657 = CARTESIAN_POINT('',(-26.83939827043,29.399820467714,
    0.963535902205));
#1658 = CARTESIAN_POINT('',(-26.81078534849,29.4,0.963470319635));
#1659 = CARTESIAN_POINT('',(-26.8,29.4,0.963470319635));
#1660 = ORIENTED_EDGE('',*,*,#1661,.T.);
#1661 = EDGE_CURVE('',#1652,#1662,#1664,.T.);
#1662 = VERTEX_POINT('',#1663);
#1663 = CARTESIAN_POINT('',(26.8,29.4,0.963470319635));
#1664 = B_SPLINE_CURVE_WITH_KNOTS('',1,(#1665,#1666),.UNSPECIFIED.,.F.,
  .F.,(2,2),(0.,1.),.PIECEWISE_BEZIER_KNOTS.);
#1665 = CARTESIAN_POINT('',(-26.8,29.4,0.963470319635));
#1666 = CARTESIAN_POINT('',(26.8,29.4,0.963470319635));
#1667 = ORIENTED_EDGE('',*,*,#1668,.T.);
#1668 = EDGE_CURVE('',#1662,#1481,#1669,.T.);
#1669 = B_SPLINE_CURVE_WITH_KNOTS('',3,(#1670,#1671,#1672,#1673,#1674,
    #1675,#1676),.UNSPECIFIED.,.F.,.F.,(4,1,1,1,4),(0.,0.243085883658,
    0.52041668996,0.826053664616,1.),.UNSPECIFIED.);
#1670 = CARTESIAN_POINT('',(26.8,29.4,0.963470319635));
#1671 = CARTESIAN_POINT('',(26.806955975898,29.4,0.963470319635));
#1672 = CARTESIAN_POINT('',(26.821816335341,29.399940239184,
    0.96349215007));
#1673 = CARTESIAN_POINT('',(26.845297060206,29.399644855535,
    0.963600052773));
#1674 = CARTESIAN_POINT('',(26.866702709782,29.399171295741,
    0.963773042652));
#1675 = CARTESIAN_POINT('',(26.880208200085,29.39876712919,
    0.963920683401));
#1676 = CARTESIAN_POINT('',(26.885099157401,29.398606960163,
    0.963979192634));
#1677 = B_SPLINE_SURFACE_WITH_KNOTS('',1,1,(
    (#1678,#1679)
    ,(#1680,#1681
    )),.UNSPECIFIED.,.F.,.F.,.F.,(2,2),(2,2),(0.,72.5),(0.,1.),
  .PIECEWISE_BEZIER_KNOTS.);
#1678 = CARTESIAN_POINT('',(36.25,40.25,-3.));
#1679 = CARTESIAN_POINT('',(26.8,29.3,1.));
#1680 = CARTESIAN_POINT('',(-36.25,40.25,-3.));
#1681 = CARTESIAN_POINT('',(-26.8,29.3,1.));
#1682 = ADVANCED_FACE('',(#1683,#1713),#1826,.T.);
#1683 = FACE_BOUND('',#1684,.T.);
#1684 = EDGE_LOOP('',(#1685,#1686,#1687,#1688));
#1685 = ORIENTED_EDGE('',*,*,#1644,.F.);
#1686 = ORIENTED_EDGE('',*,*,#711,.F.);
#1687 = ORIENTED_EDGE('',*,*,#805,.T.);
#1688 = ORIENTED_EDGE('',*,*,#1689,.T.);
#1689 = EDGE_CURVE('',#806,#1645,#1690,.T.);
#1690 = B_SPLINE_CURVE_WITH_KNOTS('',6,(#1691,#1692,#1693,#1694,#1695,
    #1696,#1697,#1698,#1699,#1700,#1701,#1702,#1703,#1704,#1705,#1706,
    #1707,#1708,#1709,#1710,#1711,#1712),.UNSPECIFIED.,.F.,.F.,(7,5,5,5,
    7),(0.,0.133773806522,0.499999962393,0.86586143608,1.),
  .UNSPECIFIED.);
#1691 = CARTESIAN_POINT('',(-29.39860696016,26.885099157401,
    0.963979192634));
#1692 = CARTESIAN_POINT('',(-29.39575782327,26.97210104054,
    0.965019973233));
#1693 = CARTESIAN_POINT('',(-29.38941170014,27.059035694726,
    0.965942458637));
#1694 = CARTESIAN_POINT('',(-29.37956769121,27.145717549718,
    0.966766134141));
#1695 = CARTESIAN_POINT('',(-29.36623873421,27.231964335754,
    0.967504763559));
#1696 = CARTESIAN_POINT('',(-29.34945093325,27.317596573159,
    0.968168357363));
#1697 = CARTESIAN_POINT('',(-29.27392028833,27.634700812864,
    0.97039892633));
#1698 = CARTESIAN_POINT('',(-29.19295307494,27.861075580689,
    0.971532351311));
#1699 = CARTESIAN_POINT('',(-29.08713933017,28.077840171223,
    0.972327510087));
#1700 = CARTESIAN_POINT('',(-28.95799722999,28.281641817161,
    0.972835358236));
#1701 = CARTESIAN_POINT('',(-28.80754993538,28.469405333627,
    0.973089919387));
#1702 = CARTESIAN_POINT('',(-28.46957361196,28.807381643371,
    0.973089919294));
#1703 = CARTESIAN_POINT('',(-28.28201575648,28.957697543893,
    0.972835866337));
#1704 = CARTESIAN_POINT('',(-28.0784490496,29.086753416702,
    0.972329022728));
#1705 = CARTESIAN_POINT('',(-27.86193900049,29.192531436545,
    0.971535521412));
#1706 = CARTESIAN_POINT('',(-27.63582786828,29.273516875948,
    0.970404564543));
#1707 = CARTESIAN_POINT('',(-27.31876396928,29.349221804292,
    0.968177399196));
#1708 = CARTESIAN_POINT('',(-27.23290497386,29.366093205708,
    0.967512815166));
#1709 = CARTESIAN_POINT('',(-27.14642659738,29.379487089818,
    0.966772869322));
#1710 = CARTESIAN_POINT('',(-27.0595097747,29.389377066637,
    0.965947488746));
#1711 = CARTESIAN_POINT('',(-26.97233826294,29.395750054718,
    0.965022811062));
#1712 = CARTESIAN_POINT('',(-26.8850991574,29.398606960163,
    0.963979192634));
#1713 = FACE_BOUND('',#1714,.T.);
#1714 = EDGE_LOOP('',(#1715,#1784,#1801));
#1715 = ORIENTED_EDGE('',*,*,#1716,.T.);
#1716 = EDGE_CURVE('',#1717,#1719,#1721,.T.);
#1717 = VERTEX_POINT('',#1718);
#1718 = CARTESIAN_POINT('',(-38.84280331477,35.608822009158,-2.5));
#1719 = VERTEX_POINT('',#1720);
#1720 = CARTESIAN_POINT('',(-36.79385596079,39.618690921182,
    -2.814849305299));
#1721 = B_SPLINE_CURVE_WITH_KNOTS('',6,(#1722,#1723,#1724,#1725,#1726,
    #1727,#1728,#1729,#1730,#1731,#1732,#1733,#1734,#1735,#1736,#1737,
    #1738,#1739,#1740,#1741,#1742,#1743,#1744,#1745,#1746,#1747,#1748,
    #1749,#1750,#1751,#1752,#1753,#1754,#1755,#1756,#1757,#1758,#1759,
    #1760,#1761,#1762,#1763,#1764,#1765,#1766,#1767,#1768,#1769,#1770,
    #1771,#1772,#1773,#1774,#1775,#1776,#1777,#1778,#1779,#1780,#1781,
    #1782,#1783),.UNSPECIFIED.,.F.,.F.,(7,5,5,5,5,5,5,5,5,5,5,5,7),(0.,
    5.712547326864E-02,0.186582756587,0.289878429875,0.355569949136,
    0.432221209583,0.485999448099,0.523857637894,0.617268522575,
    0.742663597364,0.794128017586,0.867810940309,1.),.UNSPECIFIED.);
#1722 = CARTESIAN_POINT('',(-38.84280165809,35.608820674698,-2.4999994)
  );
#1723 = CARTESIAN_POINT('',(-38.88777256553,35.645044909205,
    -2.516286563561));
#1724 = CARTESIAN_POINT('',(-38.93175408075,35.68270595702,
    -2.532320237627));
#1725 = CARTESIAN_POINT('',(-38.97468759016,35.721776264688,
    -2.54807753408));
#1726 = CARTESIAN_POINT('',(-39.01651423965,35.762223477126,
    -2.563538106868));
#1727 = CARTESIAN_POINT('',(-39.05717493454,35.804010437629,
    -2.578684152005));
#1728 = CARTESIAN_POINT('',(-39.18597853409,35.944733498741,
    -2.627076885535));
#1729 = CARTESIAN_POINT('',(-39.269064855,36.049047528542,
    -2.658964210766));
#1730 = CARTESIAN_POINT('',(-39.34516357634,36.159526013358,
    -2.688975931829));
#1731 = CARTESIAN_POINT('',(-39.41362403691,36.275547539359,
    -2.717020065846));
#1732 = CARTESIAN_POINT('',(-39.47387960209,36.396377665954,
    -2.743075885677));
#1733 = CARTESIAN_POINT('',(-39.56664657119,36.620736345122,
    -2.786396282821));
#1734 = CARTESIAN_POINT('',(-39.60230821659,36.722836749334,
    -2.804374998332));
#1735 = CARTESIAN_POINT('',(-39.63223383925,36.82704386825,
    -2.821121661546));
#1736 = CARTESIAN_POINT('',(-39.65625082967,36.93291625395,
    -2.836672430244));
#1737 = CARTESIAN_POINT('',(-39.67424003589,37.039998903188,
    -2.851074718022));
#1738 = CARTESIAN_POINT('',(-39.69369821633,37.216402179731,
    -2.872836832093));
#1739 = CARTESIAN_POINT('',(-39.69879729779,37.285279758674,
    -2.880851800821));
#1740 = CARTESIAN_POINT('',(-39.70141440145,37.354342167277,
    -2.888435133215));
#1741 = CARTESIAN_POINT('',(-39.70154065076,37.423471691966,
    -2.895599896513));
#1742 = CARTESIAN_POINT('',(-39.69917524358,37.492551231784,
    -2.902359098402));
#1743 = CARTESIAN_POINT('',(-39.68866653861,37.641874577761,
    -2.916154454808));
#1744 = CARTESIAN_POINT('',(-39.67962480605,37.722058784861,
    -2.923048452783));
#1745 = CARTESIAN_POINT('',(-39.66721191569,37.801832112715,
    -2.929428139402));
#1746 = CARTESIAN_POINT('',(-39.65145268376,37.881013426617,
    -2.935312420695));
#1747 = CARTESIAN_POINT('',(-39.6323850815,37.959425264124,
    -2.940718650258));
#1748 = CARTESIAN_POINT('',(-39.59439720614,38.091245495567,
    -2.949131306483));
#1749 = CARTESIAN_POINT('',(-39.57713069664,38.145133068465,
    -2.952372403786));
#1750 = CARTESIAN_POINT('',(-39.55827823538,38.198496713252,
    -2.955391312009));
#1751 = CARTESIAN_POINT('',(-39.53786016762,38.251277883996,
    -2.95819292189));
#1752 = CARTESIAN_POINT('',(-39.5158996551,38.303419329332,
    -2.960781624064));
#1753 = CARTESIAN_POINT('',(-39.47589562059,38.391081292891,
    -2.964836532514));
#1754 = CARTESIAN_POINT('',(-39.45861702439,38.426952761824,
    -2.966408170719));
#1755 = CARTESIAN_POINT('',(-39.44059593246,38.462459997463,
    -2.967877577248));
#1756 = CARTESIAN_POINT('',(-39.42184202466,38.49758387467,
    -2.969245975936));
#1757 = CARTESIAN_POINT('',(-39.40236561564,38.532305644972,
    -2.97051446088));
#1758 = CARTESIAN_POINT('',(-39.33236610068,38.651241569376,
    -2.974569695738));
#1759 = CARTESIAN_POINT('',(-39.27822226812,38.733316807461,
    -2.97685299882));
#1760 = CARTESIAN_POINT('',(-39.21991110729,38.81255593796,
    -2.978548363763));
#1761 = CARTESIAN_POINT('',(-39.15761914513,38.888698552931,
    -2.979665406783));
#1762 = CARTESIAN_POINT('',(-39.09155365891,38.961501103086,
    -2.980208868714));
#1763 = CARTESIAN_POINT('',(-38.92849473131,39.123680550428,
    -2.980137923825));
#1764 = CARTESIAN_POINT('',(-38.82865438494,39.210199531992,
    -2.979063315944));
#1765 = CARTESIAN_POINT('',(-38.72297252581,39.289746303576,
    -2.976954483068));
#1766 = CARTESIAN_POINT('',(-38.61205560742,39.361838648613,
    -2.97379508835));
#1767 = CARTESIAN_POINT('',(-38.49656229166,39.426064314437,
    -2.969553001945));
#1768 = CARTESIAN_POINT('',(-38.32821283981,39.505077049813,
    -2.961975626298));
#1769 = CARTESIAN_POINT('',(-38.27857285791,39.526687168204,
    -2.95958027851));
#1770 = CARTESIAN_POINT('',(-38.22832972881,39.546892186864,
    -2.956991218622));
#1771 = CARTESIAN_POINT('',(-38.17753331703,39.565671177203,
    -2.954204715095));
#1772 = CARTESIAN_POINT('',(-38.12623459607,39.583005550446,
    -2.951216612944));
#1773 = CARTESIAN_POINT('',(-38.00039536043,39.621605562643,
    -2.943449002749));
#1774 = CARTESIAN_POINT('',(-37.92538182389,39.641337765718,
    -2.938453105914));
#1775 = CARTESIAN_POINT('',(-37.8495982907,39.658027679921,
    -2.933021065804));
#1776 = CARTESIAN_POINT('',(-37.77320134007,39.671638386701,
    -2.927137900635));
#1777 = CARTESIAN_POINT('',(-37.69635087845,39.682144035907,
    -2.920787224263));
#1778 = CARTESIAN_POINT('',(-37.48081766867,39.702780178773,
    -2.901687325581));
#1779 = CARTESIAN_POINT('',(-37.34148274449,39.705990437517,
    -2.887861040731));
#1780 = CARTESIAN_POINT('',(-37.20215932185,39.699074381396,
    -2.87237187166));
#1781 = CARTESIAN_POINT('',(-37.0638083602,39.682077324958,
    -2.855109418806));
#1782 = CARTESIAN_POINT('',(-36.92739142058,39.655172669137,
    -2.835960469975));
#1783 = CARTESIAN_POINT('',(-36.79385596079,39.618690921182,
    -2.814849305299));
#1784 = ORIENTED_EDGE('',*,*,#1785,.T.);
#1785 = EDGE_CURVE('',#1719,#1786,#1788,.T.);
#1786 = VERTEX_POINT('',#1787);
#1787 = CARTESIAN_POINT('',(-35.60882200915,38.842803314774,-2.5));
#1788 = B_SPLINE_CURVE_WITH_KNOTS('',6,(#1789,#1790,#1791,#1792,#1793,
    #1794,#1795,#1796,#1797,#1798,#1799,#1800),.UNSPECIFIED.,.F.,.F.,(7,
    5,7),(0.,0.19749209722,1.),.UNSPECIFIED.);
#1789 = CARTESIAN_POINT('',(-36.79385596079,39.618690921182,
    -2.814849305299));
#1790 = CARTESIAN_POINT('',(-36.74746167173,39.606016049933,
    -2.807514643196));
#1791 = CARTESIAN_POINT('',(-36.70141452062,39.592184966485,
    -2.799943061681));
#1792 = CARTESIAN_POINT('',(-36.65575385927,39.577211358484,
    -2.792131196423));
#1793 = CARTESIAN_POINT('',(-36.61051821244,39.561110967519,
    -2.784076316811));
#1794 = CARTESIAN_POINT('',(-36.56574527776,39.543901589119,
    -2.775776325949));
#1795 = CARTESIAN_POINT('',(-36.34156743692,39.451247165856,
    -2.732500846014));
#1796 = CARTESIAN_POINT('',(-36.16984674828,39.358880409403,
    -2.693688085828));
#1797 = CARTESIAN_POINT('',(-36.0089425541,39.249873841419,
    -2.650728633307));
#1798 = CARTESIAN_POINT('',(-35.8608791383,39.1261259827,-2.603730451785
    ));
#1799 = CARTESIAN_POINT('',(-35.72715423693,38.989707942112,
    -2.553204612257));
#1800 = CARTESIAN_POINT('',(-35.60882067469,38.842801658098,-2.4999994)
  );
#1801 = ORIENTED_EDGE('',*,*,#1802,.F.);
#1802 = EDGE_CURVE('',#1717,#1786,#1803,.T.);
#1803 = B_SPLINE_CURVE_WITH_KNOTS('',6,(#1804,#1805,#1806,#1807,#1808,
    #1809,#1810,#1811,#1812,#1813,#1814,#1815,#1816,#1817,#1818,#1819,
    #1820,#1821,#1822,#1823,#1824,#1825),.UNSPECIFIED.,.F.,.F.,(7,5,5,5,
    7),(0.,0.250394972652,0.5,0.749605027348,1.),.UNSPECIFIED.);
#1804 = CARTESIAN_POINT('',(-38.88112192393,35.1,-2.5));
#1805 = CARTESIAN_POINT('',(-38.87909479113,35.347301570736,-2.5));
#1806 = CARTESIAN_POINT('',(-38.85781712481,35.594458435667,-2.5));
#1807 = CARTESIAN_POINT('',(-38.8173008626,35.839568527224,-2.5));
#1808 = CARTESIAN_POINT('',(-38.75781476792,36.080777837442,-2.5));
#1809 = CARTESIAN_POINT('',(-38.67984340441,36.316276706978,-2.5));
#1810 = CARTESIAN_POINT('',(-38.48871127537,36.771629331645,-2.5));
#1811 = CARTESIAN_POINT('',(-38.37565228629,36.99155396128,-2.5));
#1812 = CARTESIAN_POINT('',(-38.24567519379,37.202348068083,-2.5));
#1813 = CARTESIAN_POINT('',(-38.09972251262,37.402413093328,-2.5));
#1814 = CARTESIAN_POINT('',(-37.93891740425,37.590271801888,-2.5));
#1815 = CARTESIAN_POINT('',(-37.59027180188,37.938917404254,-2.5));
#1816 = CARTESIAN_POINT('',(-37.40241309332,38.099722512627,-2.5));
#1817 = CARTESIAN_POINT('',(-37.20234806808,38.245675193793,-2.5));
#1818 = CARTESIAN_POINT('',(-36.99155396128,38.37565228629,-2.5));
#1819 = CARTESIAN_POINT('',(-36.77162933164,38.48871127537,-2.5));
#1820 = CARTESIAN_POINT('',(-36.31627670697,38.679843404412,-2.5));
#1821 = CARTESIAN_POINT('',(-36.08077783744,38.757814767929,-2.5));
#1822 = CARTESIAN_POINT('',(-35.83956852722,38.817300862608,-2.5));
#1823 = CARTESIAN_POINT('',(-35.59445843566,38.857817124816,-2.5));
#1824 = CARTESIAN_POINT('',(-35.34730157073,38.879094791135,-2.5));
#1825 = CARTESIAN_POINT('',(-35.1,38.881121923932,-2.5));
#1826 = B_SPLINE_SURFACE_WITH_KNOTS('',8,1,(
    (#1827,#1828)
    ,(#1829,#1830)
    ,(#1831,#1832)
    ,(#1833,#1834)
    ,(#1835,#1836)
    ,(#1837,#1838)
    ,(#1839,#1840)
    ,(#1841,#1842)
    ,(#1843,#1844
    )),.UNSPECIFIED.,.F.,.F.,.F.,(9,9),(2,2),(0.,1.570796326795),(0.,1.)
  ,.PIECEWISE_BEZIER_KNOTS.);
#1827 = CARTESIAN_POINT('',(-36.25,40.25,-3.));
#1828 = CARTESIAN_POINT('',(-26.8,29.3,1.));
#1829 = CARTESIAN_POINT('',(-37.03539816339,40.25,-3.));
#1830 = CARTESIAN_POINT('',(-27.29087385212,29.3,1.));
#1831 = CARTESIAN_POINT('',(-37.82079657401,40.073756844155,-3.));
#1832 = CARTESIAN_POINT('',(-27.78174785876,29.189848027597,1.));
#1833 = CARTESIAN_POINT('',(-38.56005293734,39.721272263486,-3.));
#1834 = CARTESIAN_POINT('',(-28.24378308583,28.969545164679,1.));
#1835 = CARTESIAN_POINT('',(-39.20703502312,39.207035023119,-3.));
#1836 = CARTESIAN_POINT('',(-28.64814688945,28.64814688945,1.));
#1837 = CARTESIAN_POINT('',(-39.72127226348,38.560052937341,-3.));
#1838 = CARTESIAN_POINT('',(-28.96954516467,28.243783085838,1.));
#1839 = CARTESIAN_POINT('',(-40.07375684415,37.820796574017,-3.));
#1840 = CARTESIAN_POINT('',(-29.18984802759,27.781747858761,1.));
#1841 = CARTESIAN_POINT('',(-40.25,37.035398163398,-3.));
#1842 = CARTESIAN_POINT('',(-29.3,27.290873852123,1.));
#1843 = CARTESIAN_POINT('',(-40.25,36.25,-3.));
#1844 = CARTESIAN_POINT('',(-29.3,26.8,1.));
#1845 = ADVANCED_FACE('',(#1846),#1864,.T.);
#1846 = FACE_BOUND('',#1847,.F.);
#1847 = EDGE_LOOP('',(#1848,#1849,#1855,#1856,#1862,#1863));
#1848 = ORIENTED_EDGE('',*,*,#1651,.T.);
#1849 = ORIENTED_EDGE('',*,*,#1850,.T.);
#1850 = EDGE_CURVE('',#1652,#957,#1851,.T.);
#1851 = LINE('',#1852,#1853);
#1852 = CARTESIAN_POINT('',(-26.8,29.4,-5.5));
#1853 = VECTOR('',#1854,1.);
#1854 = DIRECTION('',(0.,0.,1.));
#1855 = ORIENTED_EDGE('',*,*,#964,.T.);
#1856 = ORIENTED_EDGE('',*,*,#1857,.F.);
#1857 = EDGE_CURVE('',#853,#965,#1858,.T.);
#1858 = LINE('',#1859,#1860);
#1859 = CARTESIAN_POINT('',(-29.4,26.8,-5.5));
#1860 = VECTOR('',#1861,1.);
#1861 = DIRECTION('',(0.,0.,1.));
#1862 = ORIENTED_EDGE('',*,*,#859,.T.);
#1863 = ORIENTED_EDGE('',*,*,#1689,.T.);
#1864 = CYLINDRICAL_SURFACE('',#1865,2.6);
#1865 = AXIS2_PLACEMENT_3D('',#1866,#1867,#1868);
#1866 = CARTESIAN_POINT('',(-26.8,26.8,-5.5));
#1867 = DIRECTION('',(-0.,-0.,-1.));
#1868 = DIRECTION('',(-2.732856676E-15,1.,0.));
#1869 = ADVANCED_FACE('',(#1870),#1881,.F.);
#1870 = FACE_BOUND('',#1871,.F.);
#1871 = EDGE_LOOP('',(#1872,#1873,#1874,#1875));
#1872 = ORIENTED_EDGE('',*,*,#852,.T.);
#1873 = ORIENTED_EDGE('',*,*,#1857,.T.);
#1874 = ORIENTED_EDGE('',*,*,#973,.T.);
#1875 = ORIENTED_EDGE('',*,*,#1876,.F.);
#1876 = EDGE_CURVE('',#842,#974,#1877,.T.);
#1877 = LINE('',#1878,#1879);
#1878 = CARTESIAN_POINT('',(-29.4,-26.8,-5.5));
#1879 = VECTOR('',#1880,1.);
#1880 = DIRECTION('',(0.,0.,1.));
#1881 = PLANE('',#1882);
#1882 = AXIS2_PLACEMENT_3D('',#1883,#1884,#1885);
#1883 = CARTESIAN_POINT('',(-29.4,26.8,-5.5));
#1884 = DIRECTION('',(1.,0.,-0.));
#1885 = DIRECTION('',(0.,-1.,0.));
#1886 = ADVANCED_FACE('',(#1887),#1892,.T.);
#1887 = FACE_BOUND('',#1888,.F.);
#1888 = EDGE_LOOP('',(#1889,#1890,#1891));
#1889 = ORIENTED_EDGE('',*,*,#841,.T.);
#1890 = ORIENTED_EDGE('',*,*,#1876,.T.);
#1891 = ORIENTED_EDGE('',*,*,#981,.T.);
#1892 = CYLINDRICAL_SURFACE('',#1893,2.6);
#1893 = AXIS2_PLACEMENT_3D('',#1894,#1895,#1896);
#1894 = CARTESIAN_POINT('',(-26.8,-26.8,-5.5));
#1895 = DIRECTION('',(-0.,-0.,-1.));
#1896 = DIRECTION('',(-1.,-2.732856676E-15,0.));
#1897 = ADVANCED_FACE('',(#1898),#1903,.T.);
#1898 = FACE_BOUND('',#1899,.F.);
#1899 = EDGE_LOOP('',(#1900,#1901,#1902));
#1900 = ORIENTED_EDGE('',*,*,#822,.T.);
#1901 = ORIENTED_EDGE('',*,*,#989,.T.);
#1902 = ORIENTED_EDGE('',*,*,#1153,.F.);
#1903 = CYLINDRICAL_SURFACE('',#1904,2.6);
#1904 = AXIS2_PLACEMENT_3D('',#1905,#1906,#1907);
#1905 = CARTESIAN_POINT('',(-26.8,-44.2,-5.5));
#1906 = DIRECTION('',(-0.,0.,-1.));
#1907 = DIRECTION('',(0.,1.,0.));
#1908 = ADVANCED_FACE('',(#1909),#1914,.T.);
#1909 = FACE_BOUND('',#1910,.F.);
#1910 = EDGE_LOOP('',(#1911,#1912,#1913));
#1911 = ORIENTED_EDGE('',*,*,#1202,.T.);
#1912 = ORIENTED_EDGE('',*,*,#1230,.T.);
#1913 = ORIENTED_EDGE('',*,*,#913,.T.);
#1914 = CYLINDRICAL_SURFACE('',#1915,2.6);
#1915 = AXIS2_PLACEMENT_3D('',#1916,#1917,#1918);
#1916 = CARTESIAN_POINT('',(26.8,-44.2,-5.5));
#1917 = DIRECTION('',(-0.,-0.,-1.));
#1918 = DIRECTION('',(1.,0.,-0.));
#1919 = ADVANCED_FACE('',(#1920),#1930,.T.);
#1920 = FACE_BOUND('',#1921,.F.);
#1921 = EDGE_LOOP('',(#1922,#1923,#1924));
#1922 = ORIENTED_EDGE('',*,*,#1192,.T.);
#1923 = ORIENTED_EDGE('',*,*,#930,.T.);
#1924 = ORIENTED_EDGE('',*,*,#1925,.F.);
#1925 = EDGE_CURVE('',#1186,#931,#1926,.T.);
#1926 = LINE('',#1927,#1928);
#1927 = CARTESIAN_POINT('',(29.4,-26.8,-5.5));
#1928 = VECTOR('',#1929,1.);
#1929 = DIRECTION('',(0.,0.,1.));
#1930 = CYLINDRICAL_SURFACE('',#1931,2.6);
#1931 = AXIS2_PLACEMENT_3D('',#1932,#1933,#1934);
#1932 = CARTESIAN_POINT('',(26.8,-26.8,-5.5));
#1933 = DIRECTION('',(-0.,-0.,-1.));
#1934 = DIRECTION('',(2.732856676E-15,-1.,0.));
#1935 = ADVANCED_FACE('',(#1936),#1947,.F.);
#1936 = FACE_BOUND('',#1937,.F.);
#1937 = EDGE_LOOP('',(#1938,#1939,#1945,#1946));
#1938 = ORIENTED_EDGE('',*,*,#1661,.T.);
#1939 = ORIENTED_EDGE('',*,*,#1940,.T.);
#1940 = EDGE_CURVE('',#1662,#948,#1941,.T.);
#1941 = LINE('',#1942,#1943);
#1942 = CARTESIAN_POINT('',(26.8,29.4,-5.5));
#1943 = VECTOR('',#1944,1.);
#1944 = DIRECTION('',(0.,0.,1.));
#1945 = ORIENTED_EDGE('',*,*,#956,.T.);
#1946 = ORIENTED_EDGE('',*,*,#1850,.F.);
#1947 = PLANE('',#1948);
#1948 = AXIS2_PLACEMENT_3D('',#1949,#1950,#1951);
#1949 = CARTESIAN_POINT('',(26.8,29.4,-5.5));
#1950 = DIRECTION('',(0.,-1.,0.));
#1951 = DIRECTION('',(-1.,0.,0.));
#1952 = ADVANCED_FACE('',(#1953),#1964,.F.);
#1953 = FACE_BOUND('',#1954,.F.);
#1954 = EDGE_LOOP('',(#1955,#1956,#1957,#1958));
#1955 = ORIENTED_EDGE('',*,*,#1185,.T.);
#1956 = ORIENTED_EDGE('',*,*,#1925,.T.);
#1957 = ORIENTED_EDGE('',*,*,#939,.T.);
#1958 = ORIENTED_EDGE('',*,*,#1959,.F.);
#1959 = EDGE_CURVE('',#1179,#940,#1960,.T.);
#1960 = LINE('',#1961,#1962);
#1961 = CARTESIAN_POINT('',(29.4,26.8,-5.5));
#1962 = VECTOR('',#1963,1.);
#1963 = DIRECTION('',(0.,0.,1.));
#1964 = PLANE('',#1965);
#1965 = AXIS2_PLACEMENT_3D('',#1966,#1967,#1968);
#1966 = CARTESIAN_POINT('',(29.4,-26.8,-5.5));
#1967 = DIRECTION('',(-1.,0.,0.));
#1968 = DIRECTION('',(0.,1.,0.));
#1969 = ADVANCED_FACE('',(#1970),#1978,.T.);
#1970 = FACE_BOUND('',#1971,.F.);
#1971 = EDGE_LOOP('',(#1972,#1973,#1974,#1975,#1976,#1977));
#1972 = ORIENTED_EDGE('',*,*,#1178,.T.);
#1973 = ORIENTED_EDGE('',*,*,#1959,.T.);
#1974 = ORIENTED_EDGE('',*,*,#947,.T.);
#1975 = ORIENTED_EDGE('',*,*,#1940,.F.);
#1976 = ORIENTED_EDGE('',*,*,#1668,.T.);
#1977 = ORIENTED_EDGE('',*,*,#1487,.T.);
#1978 = CYLINDRICAL_SURFACE('',#1979,2.6);
#1979 = AXIS2_PLACEMENT_3D('',#1980,#1981,#1982);
#1980 = CARTESIAN_POINT('',(26.8,26.8,-5.5));
#1981 = DIRECTION('',(-0.,-0.,-1.));
#1982 = DIRECTION('',(1.,2.732856676E-15,-0.));
#1983 = ADVANCED_FACE('',(#1984),#2010,.F.);
#1984 = FACE_BOUND('',#1985,.T.);
#1985 = EDGE_LOOP('',(#1986,#1997,#2003,#2004));
#1986 = ORIENTED_EDGE('',*,*,#1987,.T.);
#1987 = EDGE_CURVE('',#1988,#1990,#1992,.T.);
#1988 = VERTEX_POINT('',#1989);
#1989 = CARTESIAN_POINT('',(27.8,-97.8,-5.5));
#1990 = VERTEX_POINT('',#1991);
#1991 = CARTESIAN_POINT('',(26.8,-98.8,-5.5));
#1992 = CIRCLE('',#1993,1.);
#1993 = AXIS2_PLACEMENT_3D('',#1994,#1995,#1996);
#1994 = CARTESIAN_POINT('',(26.8,-97.8,-5.5));
#1995 = DIRECTION('',(-0.,0.,-1.));
#1996 = DIRECTION('',(-7.105427357601E-15,-1.,0.));
#1997 = ORIENTED_EDGE('',*,*,#1998,.T.);
#1998 = EDGE_CURVE('',#1990,#1009,#1999,.T.);
#1999 = LINE('',#2000,#2001);
#2000 = CARTESIAN_POINT('',(26.8,-98.8,-10.));
#2001 = VECTOR('',#2002,1.);
#2002 = DIRECTION('',(0.,0.,1.));
#2003 = ORIENTED_EDGE('',*,*,#1006,.F.);
#2004 = ORIENTED_EDGE('',*,*,#2005,.F.);
#2005 = EDGE_CURVE('',#1988,#1007,#2006,.T.);
#2006 = LINE('',#2007,#2008);
#2007 = CARTESIAN_POINT('',(27.8,-97.8,-10.));
#2008 = VECTOR('',#2009,1.);
#2009 = DIRECTION('',(0.,0.,1.));
#2010 = CYLINDRICAL_SURFACE('',#2011,1.);
#2011 = AXIS2_PLACEMENT_3D('',#2012,#2013,#2014);
#2012 = CARTESIAN_POINT('',(26.8,-97.8,-10.));
#2013 = DIRECTION('',(-0.,-0.,-1.));
#2014 = DIRECTION('',(-7.105427357601E-15,-1.,0.));
#2015 = ADVANCED_FACE('',(#2016),#2034,.T.);
#2016 = FACE_BOUND('',#2017,.T.);
#2017 = EDGE_LOOP('',(#2018,#2026,#2027,#2028));
#2018 = ORIENTED_EDGE('',*,*,#2019,.T.);
#2019 = EDGE_CURVE('',#2020,#1988,#2022,.T.);
#2020 = VERTEX_POINT('',#2021);
#2021 = CARTESIAN_POINT('',(27.8,-44.2,-5.5));
#2022 = LINE('',#2023,#2024);
#2023 = CARTESIAN_POINT('',(27.8,-84.4,-5.5));
#2024 = VECTOR('',#2025,1.);
#2025 = DIRECTION('',(0.,-1.,0.));
#2026 = ORIENTED_EDGE('',*,*,#2005,.T.);
#2027 = ORIENTED_EDGE('',*,*,#1068,.F.);
#2028 = ORIENTED_EDGE('',*,*,#2029,.F.);
#2029 = EDGE_CURVE('',#2020,#1060,#2030,.T.);
#2030 = LINE('',#2031,#2032);
#2031 = CARTESIAN_POINT('',(27.8,-44.2,-10.));
#2032 = VECTOR('',#2033,1.);
#2033 = DIRECTION('',(0.,0.,1.));
#2034 = PLANE('',#2035);
#2035 = AXIS2_PLACEMENT_3D('',#2036,#2037,#2038);
#2036 = CARTESIAN_POINT('',(27.8,-97.8,-10.));
#2037 = DIRECTION('',(-1.,0.,0.));
#2038 = DIRECTION('',(0.,1.,0.));
#2039 = ADVANCED_FACE('',(#2040),#2059,.F.);
#2040 = FACE_BOUND('',#2041,.T.);
#2041 = EDGE_LOOP('',(#2042,#2051,#2052,#2053));
#2042 = ORIENTED_EDGE('',*,*,#2043,.T.);
#2043 = EDGE_CURVE('',#2044,#2020,#2046,.T.);
#2044 = VERTEX_POINT('',#2045);
#2045 = CARTESIAN_POINT('',(26.8,-43.2,-5.5));
#2046 = CIRCLE('',#2047,1.);
#2047 = AXIS2_PLACEMENT_3D('',#2048,#2049,#2050);
#2048 = CARTESIAN_POINT('',(26.8,-44.2,-5.5));
#2049 = DIRECTION('',(0.,-0.,-1.));
#2050 = DIRECTION('',(1.,0.,-0.));
#2051 = ORIENTED_EDGE('',*,*,#2029,.T.);
#2052 = ORIENTED_EDGE('',*,*,#1059,.F.);
#2053 = ORIENTED_EDGE('',*,*,#2054,.F.);
#2054 = EDGE_CURVE('',#2044,#1052,#2055,.T.);
#2055 = LINE('',#2056,#2057);
#2056 = CARTESIAN_POINT('',(26.8,-43.2,-10.));
#2057 = VECTOR('',#2058,1.);
#2058 = DIRECTION('',(0.,0.,1.));
#2059 = CYLINDRICAL_SURFACE('',#2060,1.);
#2060 = AXIS2_PLACEMENT_3D('',#2061,#2062,#2063);
#2061 = CARTESIAN_POINT('',(26.8,-44.2,-10.));
#2062 = DIRECTION('',(-0.,-0.,-1.));
#2063 = DIRECTION('',(1.,0.,-0.));
#2064 = ADVANCED_FACE('',(#2065),#2083,.T.);
#2065 = FACE_BOUND('',#2066,.T.);
#2066 = EDGE_LOOP('',(#2067,#2075,#2076,#2077));
#2067 = ORIENTED_EDGE('',*,*,#2068,.T.);
#2068 = EDGE_CURVE('',#2069,#2044,#2071,.T.);
#2069 = VERTEX_POINT('',#2070);
#2070 = CARTESIAN_POINT('',(-26.8,-43.2,-5.5));
#2071 = LINE('',#2072,#2073);
#2072 = CARTESIAN_POINT('',(13.4,-43.2,-5.5));
#2073 = VECTOR('',#2074,1.);
#2074 = DIRECTION('',(1.,0.,-0.));
#2075 = ORIENTED_EDGE('',*,*,#2054,.T.);
#2076 = ORIENTED_EDGE('',*,*,#1051,.F.);
#2077 = ORIENTED_EDGE('',*,*,#2078,.F.);
#2078 = EDGE_CURVE('',#2069,#1043,#2079,.T.);
#2079 = LINE('',#2080,#2081);
#2080 = CARTESIAN_POINT('',(-26.8,-43.2,-10.));
#2081 = VECTOR('',#2082,1.);
#2082 = DIRECTION('',(0.,0.,1.));
#2083 = PLANE('',#2084);
#2084 = AXIS2_PLACEMENT_3D('',#2085,#2086,#2087);
#2085 = CARTESIAN_POINT('',(26.8,-43.2,-10.));
#2086 = DIRECTION('',(0.,-1.,0.));
#2087 = DIRECTION('',(-1.,0.,0.));
#2088 = ADVANCED_FACE('',(#2089),#2108,.F.);
#2089 = FACE_BOUND('',#2090,.T.);
#2090 = EDGE_LOOP('',(#2091,#2100,#2101,#2102));
#2091 = ORIENTED_EDGE('',*,*,#2092,.T.);
#2092 = EDGE_CURVE('',#2093,#2069,#2095,.T.);
#2093 = VERTEX_POINT('',#2094);
#2094 = CARTESIAN_POINT('',(-27.8,-44.2,-5.5));
#2095 = CIRCLE('',#2096,1.);
#2096 = AXIS2_PLACEMENT_3D('',#2097,#2098,#2099);
#2097 = CARTESIAN_POINT('',(-26.8,-44.2,-5.5));
#2098 = DIRECTION('',(-0.,0.,-1.));
#2099 = DIRECTION('',(-3.552713678801E-15,1.,0.));
#2100 = ORIENTED_EDGE('',*,*,#2078,.T.);
#2101 = ORIENTED_EDGE('',*,*,#1042,.F.);
#2102 = ORIENTED_EDGE('',*,*,#2103,.F.);
#2103 = EDGE_CURVE('',#2093,#1035,#2104,.T.);
#2104 = LINE('',#2105,#2106);
#2105 = CARTESIAN_POINT('',(-27.8,-44.2,-10.));
#2106 = VECTOR('',#2107,1.);
#2107 = DIRECTION('',(0.,0.,1.));
#2108 = CYLINDRICAL_SURFACE('',#2109,1.);
#2109 = AXIS2_PLACEMENT_3D('',#2110,#2111,#2112);
#2110 = CARTESIAN_POINT('',(-26.8,-44.2,-10.));
#2111 = DIRECTION('',(-0.,-0.,-1.));
#2112 = DIRECTION('',(-3.552713678801E-15,1.,0.));
#2113 = ADVANCED_FACE('',(#2114),#2132,.T.);
#2114 = FACE_BOUND('',#2115,.T.);
#2115 = EDGE_LOOP('',(#2116,#2124,#2125,#2126));
#2116 = ORIENTED_EDGE('',*,*,#2117,.T.);
#2117 = EDGE_CURVE('',#2118,#2093,#2120,.T.);
#2118 = VERTEX_POINT('',#2119);
#2119 = CARTESIAN_POINT('',(-27.8,-97.8,-5.5));
#2120 = LINE('',#2121,#2122);
#2121 = CARTESIAN_POINT('',(-27.8,-57.6,-5.5));
#2122 = VECTOR('',#2123,1.);
#2123 = DIRECTION('',(-0.,1.,0.));
#2124 = ORIENTED_EDGE('',*,*,#2103,.T.);
#2125 = ORIENTED_EDGE('',*,*,#1034,.F.);
#2126 = ORIENTED_EDGE('',*,*,#2127,.F.);
#2127 = EDGE_CURVE('',#2118,#1026,#2128,.T.);
#2128 = LINE('',#2129,#2130);
#2129 = CARTESIAN_POINT('',(-27.8,-97.8,-10.));
#2130 = VECTOR('',#2131,1.);
#2131 = DIRECTION('',(0.,0.,1.));
#2132 = PLANE('',#2133);
#2133 = AXIS2_PLACEMENT_3D('',#2134,#2135,#2136);
#2134 = CARTESIAN_POINT('',(-27.8,-44.2,-10.));
#2135 = DIRECTION('',(1.,0.,-0.));
#2136 = DIRECTION('',(0.,-1.,0.));
#2137 = ADVANCED_FACE('',(#2138),#2157,.F.);
#2138 = FACE_BOUND('',#2139,.T.);
#2139 = EDGE_LOOP('',(#2140,#2149,#2150,#2151));
#2140 = ORIENTED_EDGE('',*,*,#2141,.T.);
#2141 = EDGE_CURVE('',#2142,#2118,#2144,.T.);
#2142 = VERTEX_POINT('',#2143);
#2143 = CARTESIAN_POINT('',(-26.8,-98.8,-5.5));
#2144 = CIRCLE('',#2145,1.);
#2145 = AXIS2_PLACEMENT_3D('',#2146,#2147,#2148);
#2146 = CARTESIAN_POINT('',(-26.8,-97.8,-5.5));
#2147 = DIRECTION('',(-0.,0.,-1.));
#2148 = DIRECTION('',(-1.,1.42108547152E-14,0.));
#2149 = ORIENTED_EDGE('',*,*,#2127,.T.);
#2150 = ORIENTED_EDGE('',*,*,#1025,.F.);
#2151 = ORIENTED_EDGE('',*,*,#2152,.F.);
#2152 = EDGE_CURVE('',#2142,#1018,#2153,.T.);
#2153 = LINE('',#2154,#2155);
#2154 = CARTESIAN_POINT('',(-26.8,-98.8,-10.));
#2155 = VECTOR('',#2156,1.);
#2156 = DIRECTION('',(0.,0.,1.));
#2157 = CYLINDRICAL_SURFACE('',#2158,1.);
#2158 = AXIS2_PLACEMENT_3D('',#2159,#2160,#2161);
#2159 = CARTESIAN_POINT('',(-26.8,-97.8,-10.));
#2160 = DIRECTION('',(-0.,-0.,-1.));
#2161 = DIRECTION('',(-1.,1.42108547152E-14,0.));
#2162 = ADVANCED_FACE('',(#2163),#2174,.T.);
#2163 = FACE_BOUND('',#2164,.T.);
#2164 = EDGE_LOOP('',(#2165,#2171,#2172,#2173));
#2165 = ORIENTED_EDGE('',*,*,#2166,.T.);
#2166 = EDGE_CURVE('',#1990,#2142,#2167,.T.);
#2167 = LINE('',#2168,#2169);
#2168 = CARTESIAN_POINT('',(-13.4,-98.8,-5.5));
#2169 = VECTOR('',#2170,1.);
#2170 = DIRECTION('',(-1.,0.,0.));
#2171 = ORIENTED_EDGE('',*,*,#2152,.T.);
#2172 = ORIENTED_EDGE('',*,*,#1017,.F.);
#2173 = ORIENTED_EDGE('',*,*,#1998,.F.);
#2174 = PLANE('',#2175);
#2175 = AXIS2_PLACEMENT_3D('',#2176,#2177,#2178);
#2176 = CARTESIAN_POINT('',(-26.8,-98.8,-10.));
#2177 = DIRECTION('',(0.,1.,0.));
#2178 = DIRECTION('',(1.,0.,0.));
#2179 = ADVANCED_FACE('',(#2180),#2206,.F.);
#2180 = FACE_BOUND('',#2181,.T.);
#2181 = EDGE_LOOP('',(#2182,#2193,#2199,#2200));
#2182 = ORIENTED_EDGE('',*,*,#2183,.T.);
#2183 = EDGE_CURVE('',#2184,#2186,#2188,.T.);
#2184 = VERTEX_POINT('',#2185);
#2185 = CARTESIAN_POINT('',(27.8,-26.8,-5.5));
#2186 = VERTEX_POINT('',#2187);
#2187 = CARTESIAN_POINT('',(26.8,-27.8,-5.5));
#2188 = CIRCLE('',#2189,1.);
#2189 = AXIS2_PLACEMENT_3D('',#2190,#2191,#2192);
#2190 = CARTESIAN_POINT('',(26.8,-26.8,-5.5));
#2191 = DIRECTION('',(0.,-0.,-1.));
#2192 = DIRECTION('',(3.5527136788E-15,-1.,0.));
#2193 = ORIENTED_EDGE('',*,*,#2194,.T.);
#2194 = EDGE_CURVE('',#2186,#1079,#2195,.T.);
#2195 = LINE('',#2196,#2197);
#2196 = CARTESIAN_POINT('',(26.8,-27.8,-10.));
#2197 = VECTOR('',#2198,1.);
#2198 = DIRECTION('',(0.,0.,1.));
#2199 = ORIENTED_EDGE('',*,*,#1076,.F.);
#2200 = ORIENTED_EDGE('',*,*,#2201,.F.);
#2201 = EDGE_CURVE('',#2184,#1077,#2202,.T.);
#2202 = LINE('',#2203,#2204);
#2203 = CARTESIAN_POINT('',(27.8,-26.8,-10.));
#2204 = VECTOR('',#2205,1.);
#2205 = DIRECTION('',(0.,0.,1.));
#2206 = CYLINDRICAL_SURFACE('',#2207,1.);
#2207 = AXIS2_PLACEMENT_3D('',#2208,#2209,#2210);
#2208 = CARTESIAN_POINT('',(26.8,-26.8,-10.));
#2209 = DIRECTION('',(-0.,-0.,-1.));
#2210 = DIRECTION('',(3.5527136788E-15,-1.,0.));
#2211 = ADVANCED_FACE('',(#2212),#2230,.T.);
#2212 = FACE_BOUND('',#2213,.T.);
#2213 = EDGE_LOOP('',(#2214,#2222,#2223,#2224));
#2214 = ORIENTED_EDGE('',*,*,#2215,.T.);
#2215 = EDGE_CURVE('',#2216,#2184,#2218,.T.);
#2216 = VERTEX_POINT('',#2217);
#2217 = CARTESIAN_POINT('',(27.8,26.8,-5.5));
#2218 = LINE('',#2219,#2220);
#2219 = CARTESIAN_POINT('',(27.8,-13.4,-5.5));
#2220 = VECTOR('',#2221,1.);
#2221 = DIRECTION('',(0.,-1.,0.));
#2222 = ORIENTED_EDGE('',*,*,#2201,.T.);
#2223 = ORIENTED_EDGE('',*,*,#1138,.F.);
#2224 = ORIENTED_EDGE('',*,*,#2225,.F.);
#2225 = EDGE_CURVE('',#2216,#1130,#2226,.T.);
#2226 = LINE('',#2227,#2228);
#2227 = CARTESIAN_POINT('',(27.8,26.8,-10.));
#2228 = VECTOR('',#2229,1.);
#2229 = DIRECTION('',(0.,0.,1.));
#2230 = PLANE('',#2231);
#2231 = AXIS2_PLACEMENT_3D('',#2232,#2233,#2234);
#2232 = CARTESIAN_POINT('',(27.8,-26.8,-10.));
#2233 = DIRECTION('',(-1.,0.,0.));
#2234 = DIRECTION('',(0.,1.,0.));
#2235 = ADVANCED_FACE('',(#2236),#2255,.F.);
#2236 = FACE_BOUND('',#2237,.T.);
#2237 = EDGE_LOOP('',(#2238,#2247,#2248,#2249));
#2238 = ORIENTED_EDGE('',*,*,#2239,.T.);
#2239 = EDGE_CURVE('',#2240,#2216,#2242,.T.);
#2240 = VERTEX_POINT('',#2241);
#2241 = CARTESIAN_POINT('',(26.8,27.8,-5.5));
#2242 = CIRCLE('',#2243,1.);
#2243 = AXIS2_PLACEMENT_3D('',#2244,#2245,#2246);
#2244 = CARTESIAN_POINT('',(26.8,26.8,-5.5));
#2245 = DIRECTION('',(0.,-0.,-1.));
#2246 = DIRECTION('',(1.,3.5527136788E-15,-0.));
#2247 = ORIENTED_EDGE('',*,*,#2225,.T.);
#2248 = ORIENTED_EDGE('',*,*,#1129,.F.);
#2249 = ORIENTED_EDGE('',*,*,#2250,.F.);
#2250 = EDGE_CURVE('',#2240,#1122,#2251,.T.);
#2251 = LINE('',#2252,#2253);
#2252 = CARTESIAN_POINT('',(26.8,27.8,-10.));
#2253 = VECTOR('',#2254,1.);
#2254 = DIRECTION('',(0.,0.,1.));
#2255 = CYLINDRICAL_SURFACE('',#2256,1.);
#2256 = AXIS2_PLACEMENT_3D('',#2257,#2258,#2259);
#2257 = CARTESIAN_POINT('',(26.8,26.8,-10.));
#2258 = DIRECTION('',(-0.,-0.,-1.));
#2259 = DIRECTION('',(1.,3.5527136788E-15,-0.));
#2260 = ADVANCED_FACE('',(#2261),#2279,.T.);
#2261 = FACE_BOUND('',#2262,.T.);
#2262 = EDGE_LOOP('',(#2263,#2271,#2272,#2273));
#2263 = ORIENTED_EDGE('',*,*,#2264,.T.);
#2264 = EDGE_CURVE('',#2265,#2240,#2267,.T.);
#2265 = VERTEX_POINT('',#2266);
#2266 = CARTESIAN_POINT('',(-26.8,27.8,-5.5));
#2267 = LINE('',#2268,#2269);
#2268 = CARTESIAN_POINT('',(13.4,27.8,-5.5));
#2269 = VECTOR('',#2270,1.);
#2270 = DIRECTION('',(1.,0.,-0.));
#2271 = ORIENTED_EDGE('',*,*,#2250,.T.);
#2272 = ORIENTED_EDGE('',*,*,#1121,.F.);
#2273 = ORIENTED_EDGE('',*,*,#2274,.F.);
#2274 = EDGE_CURVE('',#2265,#1113,#2275,.T.);
#2275 = LINE('',#2276,#2277);
#2276 = CARTESIAN_POINT('',(-26.8,27.8,-10.));
#2277 = VECTOR('',#2278,1.);
#2278 = DIRECTION('',(0.,0.,1.));
#2279 = PLANE('',#2280);
#2280 = AXIS2_PLACEMENT_3D('',#2281,#2282,#2283);
#2281 = CARTESIAN_POINT('',(26.8,27.8,-10.));
#2282 = DIRECTION('',(0.,-1.,0.));
#2283 = DIRECTION('',(-1.,0.,0.));
#2284 = ADVANCED_FACE('',(#2285),#2304,.F.);
#2285 = FACE_BOUND('',#2286,.T.);
#2286 = EDGE_LOOP('',(#2287,#2296,#2297,#2298));
#2287 = ORIENTED_EDGE('',*,*,#2288,.T.);
#2288 = EDGE_CURVE('',#2289,#2265,#2291,.T.);
#2289 = VERTEX_POINT('',#2290);
#2290 = CARTESIAN_POINT('',(-27.8,26.8,-5.5));
#2291 = CIRCLE('',#2292,1.);
#2292 = AXIS2_PLACEMENT_3D('',#2293,#2294,#2295);
#2293 = CARTESIAN_POINT('',(-26.8,26.8,-5.5));
#2294 = DIRECTION('',(-0.,0.,-1.));
#2295 = DIRECTION('',(-3.5527136788E-15,1.,0.));
#2296 = ORIENTED_EDGE('',*,*,#2274,.T.);
#2297 = ORIENTED_EDGE('',*,*,#1112,.F.);
#2298 = ORIENTED_EDGE('',*,*,#2299,.F.);
#2299 = EDGE_CURVE('',#2289,#1105,#2300,.T.);
#2300 = LINE('',#2301,#2302);
#2301 = CARTESIAN_POINT('',(-27.8,26.8,-10.));
#2302 = VECTOR('',#2303,1.);
#2303 = DIRECTION('',(0.,0.,1.));
#2304 = CYLINDRICAL_SURFACE('',#2305,1.);
#2305 = AXIS2_PLACEMENT_3D('',#2306,#2307,#2308);
#2306 = CARTESIAN_POINT('',(-26.8,26.8,-10.));
#2307 = DIRECTION('',(-0.,-0.,-1.));
#2308 = DIRECTION('',(-3.5527136788E-15,1.,0.));
#2309 = ADVANCED_FACE('',(#2310),#2328,.T.);
#2310 = FACE_BOUND('',#2311,.T.);
#2311 = EDGE_LOOP('',(#2312,#2320,#2321,#2322));
#2312 = ORIENTED_EDGE('',*,*,#2313,.T.);
#2313 = EDGE_CURVE('',#2314,#2289,#2316,.T.);
#2314 = VERTEX_POINT('',#2315);
#2315 = CARTESIAN_POINT('',(-27.8,-26.8,-5.5));
#2316 = LINE('',#2317,#2318);
#2317 = CARTESIAN_POINT('',(-27.8,13.4,-5.5));
#2318 = VECTOR('',#2319,1.);
#2319 = DIRECTION('',(-0.,1.,0.));
#2320 = ORIENTED_EDGE('',*,*,#2299,.T.);
#2321 = ORIENTED_EDGE('',*,*,#1104,.F.);
#2322 = ORIENTED_EDGE('',*,*,#2323,.F.);
#2323 = EDGE_CURVE('',#2314,#1096,#2324,.T.);
#2324 = LINE('',#2325,#2326);
#2325 = CARTESIAN_POINT('',(-27.8,-26.8,-10.));
#2326 = VECTOR('',#2327,1.);
#2327 = DIRECTION('',(0.,0.,1.));
#2328 = PLANE('',#2329);
#2329 = AXIS2_PLACEMENT_3D('',#2330,#2331,#2332);
#2330 = CARTESIAN_POINT('',(-27.8,26.8,-10.));
#2331 = DIRECTION('',(1.,0.,-0.));
#2332 = DIRECTION('',(0.,-1.,0.));
#2333 = ADVANCED_FACE('',(#2334),#2353,.F.);
#2334 = FACE_BOUND('',#2335,.T.);
#2335 = EDGE_LOOP('',(#2336,#2345,#2346,#2347));
#2336 = ORIENTED_EDGE('',*,*,#2337,.T.);
#2337 = EDGE_CURVE('',#2338,#2314,#2340,.T.);
#2338 = VERTEX_POINT('',#2339);
#2339 = CARTESIAN_POINT('',(-26.8,-27.8,-5.5));
#2340 = CIRCLE('',#2341,1.);
#2341 = AXIS2_PLACEMENT_3D('',#2342,#2343,#2344);
#2342 = CARTESIAN_POINT('',(-26.8,-26.8,-5.5));
#2343 = DIRECTION('',(-0.,0.,-1.));
#2344 = DIRECTION('',(-1.,-3.5527136788E-15,0.));
#2345 = ORIENTED_EDGE('',*,*,#2323,.T.);
#2346 = ORIENTED_EDGE('',*,*,#1095,.F.);
#2347 = ORIENTED_EDGE('',*,*,#2348,.F.);
#2348 = EDGE_CURVE('',#2338,#1088,#2349,.T.);
#2349 = LINE('',#2350,#2351);
#2350 = CARTESIAN_POINT('',(-26.8,-27.8,-10.));
#2351 = VECTOR('',#2352,1.);
#2352 = DIRECTION('',(0.,0.,1.));
#2353 = CYLINDRICAL_SURFACE('',#2354,1.);
#2354 = AXIS2_PLACEMENT_3D('',#2355,#2356,#2357);
#2355 = CARTESIAN_POINT('',(-26.8,-26.8,-10.));
#2356 = DIRECTION('',(-0.,-0.,-1.));
#2357 = DIRECTION('',(-1.,-3.5527136788E-15,0.));
#2358 = ADVANCED_FACE('',(#2359),#2370,.T.);
#2359 = FACE_BOUND('',#2360,.T.);
#2360 = EDGE_LOOP('',(#2361,#2367,#2368,#2369));
#2361 = ORIENTED_EDGE('',*,*,#2362,.T.);
#2362 = EDGE_CURVE('',#2186,#2338,#2363,.T.);
#2363 = LINE('',#2364,#2365);
#2364 = CARTESIAN_POINT('',(-13.4,-27.8,-5.5));
#2365 = VECTOR('',#2366,1.);
#2366 = DIRECTION('',(-1.,0.,0.));
#2367 = ORIENTED_EDGE('',*,*,#2348,.T.);
#2368 = ORIENTED_EDGE('',*,*,#1087,.F.);
#2369 = ORIENTED_EDGE('',*,*,#2194,.F.);
#2370 = PLANE('',#2371);
#2371 = AXIS2_PLACEMENT_3D('',#2372,#2373,#2374);
#2372 = CARTESIAN_POINT('',(-26.8,-27.8,-10.));
#2373 = DIRECTION('',(0.,1.,0.));
#2374 = DIRECTION('',(1.,0.,0.));
#2375 = ADVANCED_FACE('',(#2376,#2386,#2397,#2408,#2496,#2507),#2518,.T.
  );
#2376 = FACE_BOUND('',#2377,.T.);
#2377 = EDGE_LOOP('',(#2378,#2379,#2380,#2381,#2382,#2383,#2384,#2385));
#2378 = ORIENTED_EDGE('',*,*,#1291,.F.);
#2379 = ORIENTED_EDGE('',*,*,#1321,.F.);
#2380 = ORIENTED_EDGE('',*,*,#1372,.F.);
#2381 = ORIENTED_EDGE('',*,*,#1419,.F.);
#2382 = ORIENTED_EDGE('',*,*,#1463,.F.);
#2383 = ORIENTED_EDGE('',*,*,#1437,.F.);
#2384 = ORIENTED_EDGE('',*,*,#1389,.F.);
#2385 = ORIENTED_EDGE('',*,*,#1339,.F.);
#2386 = FACE_BOUND('',#2387,.T.);
#2387 = EDGE_LOOP('',(#2388));
#2388 = ORIENTED_EDGE('',*,*,#2389,.T.);
#2389 = EDGE_CURVE('',#2390,#2390,#2392,.T.);
#2390 = VERTEX_POINT('',#2391);
#2391 = CARTESIAN_POINT('',(38.7,-108.4,-9.));
#2392 = CIRCLE('',#2393,1.3);
#2393 = AXIS2_PLACEMENT_3D('',#2394,#2395,#2396);
#2394 = CARTESIAN_POINT('',(37.4,-108.4,-9.));
#2395 = DIRECTION('',(0.,0.,1.));
#2396 = DIRECTION('',(1.,0.,-0.));
#2397 = FACE_BOUND('',#2398,.T.);
#2398 = EDGE_LOOP('',(#2399));
#2399 = ORIENTED_EDGE('',*,*,#2400,.T.);
#2400 = EDGE_CURVE('',#2401,#2401,#2403,.T.);
#2401 = VERTEX_POINT('',#2402);
#2402 = CARTESIAN_POINT('',(-36.1,-108.4,-9.));
#2403 = CIRCLE('',#2404,1.3);
#2404 = AXIS2_PLACEMENT_3D('',#2405,#2406,#2407);
#2405 = CARTESIAN_POINT('',(-37.4,-108.4,-9.));
#2406 = DIRECTION('',(0.,0.,1.));
#2407 = DIRECTION('',(1.,0.,-0.));
#2408 = FACE_BOUND('',#2409,.T.);
#2409 = EDGE_LOOP('',(#2410,#2420,#2429,#2437,#2446,#2455,#2463,#2472,
    #2481,#2489));
#2410 = ORIENTED_EDGE('',*,*,#2411,.F.);
#2411 = EDGE_CURVE('',#2412,#2414,#2416,.T.);
#2412 = VERTEX_POINT('',#2413);
#2413 = CARTESIAN_POINT('',(38.65,35.469326542369,-9.));
#2414 = VERTEX_POINT('',#2415);
#2415 = CARTESIAN_POINT('',(38.65,-106.4693265423,-9.));
#2416 = LINE('',#2417,#2418);
#2417 = CARTESIAN_POINT('',(38.65,-71.375,-9.));
#2418 = VECTOR('',#2419,1.);
#2419 = DIRECTION('',(0.,-1.,0.));
#2420 = ORIENTED_EDGE('',*,*,#2421,.F.);
#2421 = EDGE_CURVE('',#2422,#2412,#2424,.T.);
#2422 = VERTEX_POINT('',#2423);
#2423 = CARTESIAN_POINT('',(35.469326542369,38.65,-9.));
#2424 = CIRCLE('',#2425,2.3);
#2425 = AXIS2_PLACEMENT_3D('',#2426,#2427,#2428);
#2426 = CARTESIAN_POINT('',(37.4,37.4,-9.));
#2427 = DIRECTION('',(0.,0.,1.));
#2428 = DIRECTION('',(1.,0.,-0.));
#2429 = ORIENTED_EDGE('',*,*,#2430,.F.);
#2430 = EDGE_CURVE('',#2431,#2422,#2433,.T.);
#2431 = VERTEX_POINT('',#2432);
#2432 = CARTESIAN_POINT('',(-35.46932654236,38.65,-9.));
#2433 = LINE('',#2434,#2435);
#2434 = CARTESIAN_POINT('',(18.125,38.65,-9.));
#2435 = VECTOR('',#2436,1.);
#2436 = DIRECTION('',(1.,0.,-0.));
#2437 = ORIENTED_EDGE('',*,*,#2438,.F.);
#2438 = EDGE_CURVE('',#2439,#2431,#2441,.T.);
#2439 = VERTEX_POINT('',#2440);
#2440 = CARTESIAN_POINT('',(-35.1,37.4,-9.));
#2441 = CIRCLE('',#2442,2.3);
#2442 = AXIS2_PLACEMENT_3D('',#2443,#2444,#2445);
#2443 = CARTESIAN_POINT('',(-37.4,37.4,-9.));
#2444 = DIRECTION('',(0.,0.,1.));
#2445 = DIRECTION('',(1.,0.,-0.));
#2446 = ORIENTED_EDGE('',*,*,#2447,.F.);
#2447 = EDGE_CURVE('',#2448,#2439,#2450,.T.);
#2448 = VERTEX_POINT('',#2449);
#2449 = CARTESIAN_POINT('',(-38.65,35.469326542369,-9.));
#2450 = CIRCLE('',#2451,2.3);
#2451 = AXIS2_PLACEMENT_3D('',#2452,#2453,#2454);
#2452 = CARTESIAN_POINT('',(-37.4,37.4,-9.));
#2453 = DIRECTION('',(0.,0.,1.));
#2454 = DIRECTION('',(1.,0.,-0.));
#2455 = ORIENTED_EDGE('',*,*,#2456,.F.);
#2456 = EDGE_CURVE('',#2457,#2448,#2459,.T.);
#2457 = VERTEX_POINT('',#2458);
#2458 = CARTESIAN_POINT('',(-38.65,-106.4693265423,-9.));
#2459 = LINE('',#2460,#2461);
#2460 = CARTESIAN_POINT('',(-38.65,0.375,-9.));
#2461 = VECTOR('',#2462,1.);
#2462 = DIRECTION('',(-0.,1.,0.));
#2463 = ORIENTED_EDGE('',*,*,#2464,.F.);
#2464 = EDGE_CURVE('',#2465,#2457,#2467,.T.);
#2465 = VERTEX_POINT('',#2466);
#2466 = CARTESIAN_POINT('',(-35.1,-108.4,-9.));
#2467 = CIRCLE('',#2468,2.3);
#2468 = AXIS2_PLACEMENT_3D('',#2469,#2470,#2471);
#2469 = CARTESIAN_POINT('',(-37.4,-108.4,-9.));
#2470 = DIRECTION('',(0.,0.,1.));
#2471 = DIRECTION('',(1.,0.,-0.));
#2472 = ORIENTED_EDGE('',*,*,#2473,.F.);
#2473 = EDGE_CURVE('',#2474,#2465,#2476,.T.);
#2474 = VERTEX_POINT('',#2475);
#2475 = CARTESIAN_POINT('',(-35.46932654236,-109.65,-9.));
#2476 = CIRCLE('',#2477,2.3);
#2477 = AXIS2_PLACEMENT_3D('',#2478,#2479,#2480);
#2478 = CARTESIAN_POINT('',(-37.4,-108.4,-9.));
#2479 = DIRECTION('',(0.,0.,1.));
#2480 = DIRECTION('',(1.,0.,-0.));
#2481 = ORIENTED_EDGE('',*,*,#2482,.F.);
#2482 = EDGE_CURVE('',#2483,#2474,#2485,.T.);
#2483 = VERTEX_POINT('',#2484);
#2484 = CARTESIAN_POINT('',(35.469326542369,-109.65,-9.));
#2485 = LINE('',#2486,#2487);
#2486 = CARTESIAN_POINT('',(-18.125,-109.65,-9.));
#2487 = VECTOR('',#2488,1.);
#2488 = DIRECTION('',(-1.,0.,0.));
#2489 = ORIENTED_EDGE('',*,*,#2490,.F.);
#2490 = EDGE_CURVE('',#2414,#2483,#2491,.T.);
#2491 = CIRCLE('',#2492,2.3);
#2492 = AXIS2_PLACEMENT_3D('',#2493,#2494,#2495);
#2493 = CARTESIAN_POINT('',(37.4,-108.4,-9.));
#2494 = DIRECTION('',(0.,0.,1.));
#2495 = DIRECTION('',(1.,0.,-0.));
#2496 = FACE_BOUND('',#2497,.T.);
#2497 = EDGE_LOOP('',(#2498));
#2498 = ORIENTED_EDGE('',*,*,#2499,.T.);
#2499 = EDGE_CURVE('',#2500,#2500,#2502,.T.);
#2500 = VERTEX_POINT('',#2501);
#2501 = CARTESIAN_POINT('',(38.7,37.4,-9.));
#2502 = CIRCLE('',#2503,1.3);
#2503 = AXIS2_PLACEMENT_3D('',#2504,#2505,#2506);
#2504 = CARTESIAN_POINT('',(37.4,37.4,-9.));
#2505 = DIRECTION('',(0.,0.,1.));
#2506 = DIRECTION('',(1.,0.,-0.));
#2507 = FACE_BOUND('',#2508,.T.);
#2508 = EDGE_LOOP('',(#2509));
#2509 = ORIENTED_EDGE('',*,*,#2510,.T.);
#2510 = EDGE_CURVE('',#2511,#2511,#2513,.T.);
#2511 = VERTEX_POINT('',#2512);
#2512 = CARTESIAN_POINT('',(-36.1,37.4,-9.));
#2513 = CIRCLE('',#2514,1.3);
#2514 = AXIS2_PLACEMENT_3D('',#2515,#2516,#2517);
#2515 = CARTESIAN_POINT('',(-37.4,37.4,-9.));
#2516 = DIRECTION('',(0.,0.,1.));
#2517 = DIRECTION('',(1.,0.,-0.));
#2518 = PLANE('',#2519);
#2519 = AXIS2_PLACEMENT_3D('',#2520,#2521,#2522);
#2520 = CARTESIAN_POINT('',(9.798516521078E-16,-35.5,-9.));
#2521 = DIRECTION('',(-0.,-0.,-1.));
#2522 = DIRECTION('',(-1.,0.,0.));
#2523 = ADVANCED_FACE('',(#2524),#2545,.T.);
#2524 = FACE_BOUND('',#2525,.T.);
#2525 = EDGE_LOOP('',(#2526,#2527,#2536,#2543,#2544));
#2526 = ORIENTED_EDGE('',*,*,#1571,.F.);
#2527 = ORIENTED_EDGE('',*,*,#2528,.F.);
#2528 = EDGE_CURVE('',#2529,#1545,#2531,.T.);
#2529 = VERTEX_POINT('',#2530);
#2530 = CARTESIAN_POINT('',(39.7,37.4,-2.5));
#2531 = CIRCLE('',#2532,2.3);
#2532 = AXIS2_PLACEMENT_3D('',#2533,#2534,#2535);
#2533 = CARTESIAN_POINT('',(37.4,37.4,-2.5));
#2534 = DIRECTION('',(0.,0.,1.));
#2535 = DIRECTION('',(1.,0.,-0.));
#2536 = ORIENTED_EDGE('',*,*,#2537,.F.);
#2537 = EDGE_CURVE('',#1528,#2529,#2538,.T.);
#2538 = CIRCLE('',#2539,2.3);
#2539 = AXIS2_PLACEMENT_3D('',#2540,#2541,#2542);
#2540 = CARTESIAN_POINT('',(37.4,37.4,-2.5));
#2541 = DIRECTION('',(0.,0.,1.));
#2542 = DIRECTION('',(1.,0.,-0.));
#2543 = ORIENTED_EDGE('',*,*,#1527,.F.);
#2544 = ORIENTED_EDGE('',*,*,#1514,.F.);
#2545 = CYLINDRICAL_SURFACE('',#2546,2.3);
#2546 = AXIS2_PLACEMENT_3D('',#2547,#2548,#2549);
#2547 = CARTESIAN_POINT('',(37.4,37.4,-9.));
#2548 = DIRECTION('',(0.,0.,1.));
#2549 = DIRECTION('',(1.,0.,-0.));
#2550 = ADVANCED_FACE('',(#2551),#2556,.T.);
#2551 = FACE_BOUND('',#2552,.T.);
#2552 = EDGE_LOOP('',(#2553,#2554,#2555));
#2553 = ORIENTED_EDGE('',*,*,#2537,.T.);
#2554 = ORIENTED_EDGE('',*,*,#2528,.T.);
#2555 = ORIENTED_EDGE('',*,*,#1544,.T.);
#2556 = PLANE('',#2557);
#2557 = AXIS2_PLACEMENT_3D('',#2558,#2559,#2560);
#2558 = CARTESIAN_POINT('',(37.4,37.4,-2.5));
#2559 = DIRECTION('',(0.,0.,1.));
#2560 = DIRECTION('',(1.,0.,-0.));
#2561 = ADVANCED_FACE('',(#2562),#2573,.T.);
#2562 = FACE_BOUND('',#2563,.T.);
#2563 = EDGE_LOOP('',(#2564,#2571,#2572));
#2564 = ORIENTED_EDGE('',*,*,#2565,.F.);
#2565 = EDGE_CURVE('',#1786,#1717,#2566,.T.);
#2566 = CIRCLE('',#2567,2.3);
#2567 = AXIS2_PLACEMENT_3D('',#2568,#2569,#2570);
#2568 = CARTESIAN_POINT('',(-37.4,37.4,-2.5));
#2569 = DIRECTION('',(0.,0.,1.));
#2570 = DIRECTION('',(1.,0.,-0.));
#2571 = ORIENTED_EDGE('',*,*,#1785,.F.);
#2572 = ORIENTED_EDGE('',*,*,#1716,.F.);
#2573 = CYLINDRICAL_SURFACE('',#2574,2.3);
#2574 = AXIS2_PLACEMENT_3D('',#2575,#2576,#2577);
#2575 = CARTESIAN_POINT('',(-37.4,37.4,-9.));
#2576 = DIRECTION('',(0.,0.,1.));
#2577 = DIRECTION('',(1.,0.,-0.));
#2578 = ADVANCED_FACE('',(#2579),#2583,.T.);
#2579 = FACE_BOUND('',#2580,.T.);
#2580 = EDGE_LOOP('',(#2581,#2582));
#2581 = ORIENTED_EDGE('',*,*,#1802,.T.);
#2582 = ORIENTED_EDGE('',*,*,#2565,.T.);
#2583 = PLANE('',#2584);
#2584 = AXIS2_PLACEMENT_3D('',#2585,#2586,#2587);
#2585 = CARTESIAN_POINT('',(-37.4,37.4,-2.5));
#2586 = DIRECTION('',(0.,0.,1.));
#2587 = DIRECTION('',(1.,0.,-0.));
#2588 = ADVANCED_FACE('',(#2589,#2659),#2669,.F.);
#2589 = FACE_BOUND('',#2590,.F.);
#2590 = EDGE_LOOP('',(#2591,#2601,#2610,#2618,#2627,#2635,#2644,#2652));
#2591 = ORIENTED_EDGE('',*,*,#2592,.T.);
#2592 = EDGE_CURVE('',#2593,#2595,#2597,.T.);
#2593 = VERTEX_POINT('',#2594);
#2594 = CARTESIAN_POINT('',(-26.8,-100.4,-5.5));
#2595 = VERTEX_POINT('',#2596);
#2596 = CARTESIAN_POINT('',(26.8,-100.4,-5.5));
#2597 = LINE('',#2598,#2599);
#2598 = CARTESIAN_POINT('',(-26.8,-100.4,-5.5));
#2599 = VECTOR('',#2600,1.);
#2600 = DIRECTION('',(1.,0.,0.));
#2601 = ORIENTED_EDGE('',*,*,#2602,.T.);
#2602 = EDGE_CURVE('',#2595,#2603,#2605,.T.);
#2603 = VERTEX_POINT('',#2604);
#2604 = CARTESIAN_POINT('',(29.4,-97.8,-5.5));
#2605 = CIRCLE('',#2606,2.6);
#2606 = AXIS2_PLACEMENT_3D('',#2607,#2608,#2609);
#2607 = CARTESIAN_POINT('',(26.8,-97.8,-5.5));
#2608 = DIRECTION('',(0.,0.,1.));
#2609 = DIRECTION('',(-4.099285014001E-15,-1.,0.));
#2610 = ORIENTED_EDGE('',*,*,#2611,.T.);
#2611 = EDGE_CURVE('',#2603,#2612,#2614,.T.);
#2612 = VERTEX_POINT('',#2613);
#2613 = CARTESIAN_POINT('',(29.4,-44.2,-5.5));
#2614 = LINE('',#2615,#2616);
#2615 = CARTESIAN_POINT('',(29.4,-97.8,-5.5));
#2616 = VECTOR('',#2617,1.);
#2617 = DIRECTION('',(0.,1.,0.));
#2618 = ORIENTED_EDGE('',*,*,#2619,.T.);
#2619 = EDGE_CURVE('',#2612,#2620,#2622,.T.);
#2620 = VERTEX_POINT('',#2621);
#2621 = CARTESIAN_POINT('',(26.8,-41.6,-5.5));
#2622 = CIRCLE('',#2623,2.6);
#2623 = AXIS2_PLACEMENT_3D('',#2624,#2625,#2626);
#2624 = CARTESIAN_POINT('',(26.8,-44.2,-5.5));
#2625 = DIRECTION('',(0.,0.,1.));
#2626 = DIRECTION('',(1.,0.,-0.));
#2627 = ORIENTED_EDGE('',*,*,#2628,.T.);
#2628 = EDGE_CURVE('',#2620,#2629,#2631,.T.);
#2629 = VERTEX_POINT('',#2630);
#2630 = CARTESIAN_POINT('',(-26.8,-41.6,-5.5));
#2631 = LINE('',#2632,#2633);
#2632 = CARTESIAN_POINT('',(26.8,-41.6,-5.5));
#2633 = VECTOR('',#2634,1.);
#2634 = DIRECTION('',(-1.,0.,0.));
#2635 = ORIENTED_EDGE('',*,*,#2636,.T.);
#2636 = EDGE_CURVE('',#2629,#2637,#2639,.T.);
#2637 = VERTEX_POINT('',#2638);
#2638 = CARTESIAN_POINT('',(-29.4,-44.2,-5.5));
#2639 = CIRCLE('',#2640,2.6);
#2640 = AXIS2_PLACEMENT_3D('',#2641,#2642,#2643);
#2641 = CARTESIAN_POINT('',(-26.8,-44.2,-5.5));
#2642 = DIRECTION('',(0.,-0.,1.));
#2643 = DIRECTION('',(0.,1.,0.));
#2644 = ORIENTED_EDGE('',*,*,#2645,.T.);
#2645 = EDGE_CURVE('',#2637,#2646,#2648,.T.);
#2646 = VERTEX_POINT('',#2647);
#2647 = CARTESIAN_POINT('',(-29.4,-97.8,-5.5));
#2648 = LINE('',#2649,#2650);
#2649 = CARTESIAN_POINT('',(-29.4,-44.2,-5.5));
#2650 = VECTOR('',#2651,1.);
#2651 = DIRECTION('',(0.,-1.,0.));
#2652 = ORIENTED_EDGE('',*,*,#2653,.T.);
#2653 = EDGE_CURVE('',#2646,#2593,#2654,.T.);
#2654 = CIRCLE('',#2655,2.6);
#2655 = AXIS2_PLACEMENT_3D('',#2656,#2657,#2658);
#2656 = CARTESIAN_POINT('',(-26.8,-97.8,-5.5));
#2657 = DIRECTION('',(0.,0.,1.));
#2658 = DIRECTION('',(-1.,0.,0.));
#2659 = FACE_BOUND('',#2660,.F.);
#2660 = EDGE_LOOP('',(#2661,#2662,#2663,#2664,#2665,#2666,#2667,#2668));
#2661 = ORIENTED_EDGE('',*,*,#1987,.T.);
#2662 = ORIENTED_EDGE('',*,*,#2166,.T.);
#2663 = ORIENTED_EDGE('',*,*,#2141,.T.);
#2664 = ORIENTED_EDGE('',*,*,#2117,.T.);
#2665 = ORIENTED_EDGE('',*,*,#2092,.T.);
#2666 = ORIENTED_EDGE('',*,*,#2068,.T.);
#2667 = ORIENTED_EDGE('',*,*,#2043,.T.);
#2668 = ORIENTED_EDGE('',*,*,#2019,.T.);
#2669 = PLANE('',#2670);
#2670 = AXIS2_PLACEMENT_3D('',#2671,#2672,#2673);
#2671 = CARTESIAN_POINT('',(4.777010484187E-16,-71.,-5.5));
#2672 = DIRECTION('',(0.,0.,1.));
#2673 = DIRECTION('',(1.,0.,-0.));
#2674 = ADVANCED_FACE('',(#2675,#2745),#2755,.F.);
#2675 = FACE_BOUND('',#2676,.F.);
#2676 = EDGE_LOOP('',(#2677,#2687,#2696,#2704,#2713,#2721,#2730,#2738));
#2677 = ORIENTED_EDGE('',*,*,#2678,.T.);
#2678 = EDGE_CURVE('',#2679,#2681,#2683,.T.);
#2679 = VERTEX_POINT('',#2680);
#2680 = CARTESIAN_POINT('',(-26.8,-29.4,-5.5));
#2681 = VERTEX_POINT('',#2682);
#2682 = CARTESIAN_POINT('',(26.8,-29.4,-5.5));
#2683 = LINE('',#2684,#2685);
#2684 = CARTESIAN_POINT('',(-26.8,-29.4,-5.5));
#2685 = VECTOR('',#2686,1.);
#2686 = DIRECTION('',(1.,0.,0.));
#2687 = ORIENTED_EDGE('',*,*,#2688,.T.);
#2688 = EDGE_CURVE('',#2681,#2689,#2691,.T.);
#2689 = VERTEX_POINT('',#2690);
#2690 = CARTESIAN_POINT('',(29.4,-26.8,-5.5));
#2691 = CIRCLE('',#2692,2.6);
#2692 = AXIS2_PLACEMENT_3D('',#2693,#2694,#2695);
#2693 = CARTESIAN_POINT('',(26.8,-26.8,-5.5));
#2694 = DIRECTION('',(0.,0.,1.));
#2695 = DIRECTION('',(2.732856676E-15,-1.,0.));
#2696 = ORIENTED_EDGE('',*,*,#2697,.T.);
#2697 = EDGE_CURVE('',#2689,#2698,#2700,.T.);
#2698 = VERTEX_POINT('',#2699);
#2699 = CARTESIAN_POINT('',(29.4,26.8,-5.5));
#2700 = LINE('',#2701,#2702);
#2701 = CARTESIAN_POINT('',(29.4,-26.8,-5.5));
#2702 = VECTOR('',#2703,1.);
#2703 = DIRECTION('',(0.,1.,0.));
#2704 = ORIENTED_EDGE('',*,*,#2705,.T.);
#2705 = EDGE_CURVE('',#2698,#2706,#2708,.T.);
#2706 = VERTEX_POINT('',#2707);
#2707 = CARTESIAN_POINT('',(26.8,29.4,-5.5));
#2708 = CIRCLE('',#2709,2.6);
#2709 = AXIS2_PLACEMENT_3D('',#2710,#2711,#2712);
#2710 = CARTESIAN_POINT('',(26.8,26.8,-5.5));
#2711 = DIRECTION('',(0.,0.,1.));
#2712 = DIRECTION('',(1.,2.732856676E-15,-0.));
#2713 = ORIENTED_EDGE('',*,*,#2714,.T.);
#2714 = EDGE_CURVE('',#2706,#2715,#2717,.T.);
#2715 = VERTEX_POINT('',#2716);
#2716 = CARTESIAN_POINT('',(-26.8,29.4,-5.5));
#2717 = LINE('',#2718,#2719);
#2718 = CARTESIAN_POINT('',(26.8,29.4,-5.5));
#2719 = VECTOR('',#2720,1.);
#2720 = DIRECTION('',(-1.,0.,0.));
#2721 = ORIENTED_EDGE('',*,*,#2722,.T.);
#2722 = EDGE_CURVE('',#2715,#2723,#2725,.T.);
#2723 = VERTEX_POINT('',#2724);
#2724 = CARTESIAN_POINT('',(-29.4,26.8,-5.5));
#2725 = CIRCLE('',#2726,2.6);
#2726 = AXIS2_PLACEMENT_3D('',#2727,#2728,#2729);
#2727 = CARTESIAN_POINT('',(-26.8,26.8,-5.5));
#2728 = DIRECTION('',(0.,0.,1.));
#2729 = DIRECTION('',(-2.732856676E-15,1.,0.));
#2730 = ORIENTED_EDGE('',*,*,#2731,.T.);
#2731 = EDGE_CURVE('',#2723,#2732,#2734,.T.);
#2732 = VERTEX_POINT('',#2733);
#2733 = CARTESIAN_POINT('',(-29.4,-26.8,-5.5));
#2734 = LINE('',#2735,#2736);
#2735 = CARTESIAN_POINT('',(-29.4,26.8,-5.5));
#2736 = VECTOR('',#2737,1.);
#2737 = DIRECTION('',(0.,-1.,0.));
#2738 = ORIENTED_EDGE('',*,*,#2739,.T.);
#2739 = EDGE_CURVE('',#2732,#2679,#2740,.T.);
#2740 = CIRCLE('',#2741,2.6);
#2741 = AXIS2_PLACEMENT_3D('',#2742,#2743,#2744);
#2742 = CARTESIAN_POINT('',(-26.8,-26.8,-5.5));
#2743 = DIRECTION('',(0.,0.,1.));
#2744 = DIRECTION('',(-1.,-2.732856676E-15,0.));
#2745 = FACE_BOUND('',#2746,.F.);
#2746 = EDGE_LOOP('',(#2747,#2748,#2749,#2750,#2751,#2752,#2753,#2754));
#2747 = ORIENTED_EDGE('',*,*,#2183,.T.);
#2748 = ORIENTED_EDGE('',*,*,#2362,.T.);
#2749 = ORIENTED_EDGE('',*,*,#2337,.T.);
#2750 = ORIENTED_EDGE('',*,*,#2313,.T.);
#2751 = ORIENTED_EDGE('',*,*,#2288,.T.);
#2752 = ORIENTED_EDGE('',*,*,#2264,.T.);
#2753 = ORIENTED_EDGE('',*,*,#2239,.T.);
#2754 = ORIENTED_EDGE('',*,*,#2215,.T.);
#2755 = PLANE('',#2756);
#2756 = AXIS2_PLACEMENT_3D('',#2757,#2758,#2759);
#2757 = CARTESIAN_POINT('',(-2.003262461111E-16,7.85895273205E-16,-5.5)
  );
#2758 = DIRECTION('',(0.,0.,1.));
#2759 = DIRECTION('',(1.,0.,-0.));
#2760 = ADVANCED_FACE('',(#2761),#2780,.F.);
#2761 = FACE_BOUND('',#2762,.F.);
#2762 = EDGE_LOOP('',(#2763,#2771,#2778,#2779));
#2763 = ORIENTED_EDGE('',*,*,#2764,.T.);
#2764 = EDGE_CURVE('',#2390,#2765,#2767,.T.);
#2765 = VERTEX_POINT('',#2766);
#2766 = CARTESIAN_POINT('',(38.7,-108.4,-3.));
#2767 = LINE('',#2768,#2769);
#2768 = CARTESIAN_POINT('',(38.7,-108.4,-10.));
#2769 = VECTOR('',#2770,1.);
#2770 = DIRECTION('',(0.,0.,1.));
#2771 = ORIENTED_EDGE('',*,*,#2772,.F.);
#2772 = EDGE_CURVE('',#2765,#2765,#2773,.T.);
#2773 = CIRCLE('',#2774,1.3);
#2774 = AXIS2_PLACEMENT_3D('',#2775,#2776,#2777);
#2775 = CARTESIAN_POINT('',(37.4,-108.4,-3.));
#2776 = DIRECTION('',(0.,0.,1.));
#2777 = DIRECTION('',(1.,0.,-0.));
#2778 = ORIENTED_EDGE('',*,*,#2764,.F.);
#2779 = ORIENTED_EDGE('',*,*,#2389,.T.);
#2780 = CYLINDRICAL_SURFACE('',#2781,1.3);
#2781 = AXIS2_PLACEMENT_3D('',#2782,#2783,#2784);
#2782 = CARTESIAN_POINT('',(37.4,-108.4,-10.));
#2783 = DIRECTION('',(0.,0.,1.));
#2784 = DIRECTION('',(1.,0.,-0.));
#2785 = ADVANCED_FACE('',(#2786),#2805,.F.);
#2786 = FACE_BOUND('',#2787,.F.);
#2787 = EDGE_LOOP('',(#2788,#2796,#2803,#2804));
#2788 = ORIENTED_EDGE('',*,*,#2789,.T.);
#2789 = EDGE_CURVE('',#2401,#2790,#2792,.T.);
#2790 = VERTEX_POINT('',#2791);
#2791 = CARTESIAN_POINT('',(-36.1,-108.4,-3.));
#2792 = LINE('',#2793,#2794);
#2793 = CARTESIAN_POINT('',(-36.1,-108.4,-10.));
#2794 = VECTOR('',#2795,1.);
#2795 = DIRECTION('',(0.,0.,1.));
#2796 = ORIENTED_EDGE('',*,*,#2797,.F.);
#2797 = EDGE_CURVE('',#2790,#2790,#2798,.T.);
#2798 = CIRCLE('',#2799,1.3);
#2799 = AXIS2_PLACEMENT_3D('',#2800,#2801,#2802);
#2800 = CARTESIAN_POINT('',(-37.4,-108.4,-3.));
#2801 = DIRECTION('',(0.,0.,1.));
#2802 = DIRECTION('',(1.,0.,-0.));
#2803 = ORIENTED_EDGE('',*,*,#2789,.F.);
#2804 = ORIENTED_EDGE('',*,*,#2400,.T.);
#2805 = CYLINDRICAL_SURFACE('',#2806,1.3);
#2806 = AXIS2_PLACEMENT_3D('',#2807,#2808,#2809);
#2807 = CARTESIAN_POINT('',(-37.4,-108.4,-10.));
#2808 = DIRECTION('',(0.,0.,1.));
#2809 = DIRECTION('',(1.,0.,-0.));
#2810 = ADVANCED_FACE('',(#2811),#2861,.T.);
#2811 = FACE_BOUND('',#2812,.T.);
#2812 = EDGE_LOOP('',(#2813,#2821,#2822,#2830,#2843,#2850));
#2813 = ORIENTED_EDGE('',*,*,#2814,.F.);
#2814 = EDGE_CURVE('',#2412,#2815,#2817,.T.);
#2815 = VERTEX_POINT('',#2816);
#2816 = CARTESIAN_POINT('',(38.65,35.469326542369,-4.43093987255));
#2817 = LINE('',#2818,#2819);
#2818 = CARTESIAN_POINT('',(38.65,35.469326542369,-9.));
#2819 = VECTOR('',#2820,1.);
#2820 = DIRECTION('',(0.,0.,1.));
#2821 = ORIENTED_EDGE('',*,*,#2411,.T.);
#2822 = ORIENTED_EDGE('',*,*,#2823,.T.);
#2823 = EDGE_CURVE('',#2414,#2824,#2826,.T.);
#2824 = VERTEX_POINT('',#2825);
#2825 = CARTESIAN_POINT('',(38.65,-106.4693265423,-4.43093987255));
#2826 = LINE('',#2827,#2828);
#2827 = CARTESIAN_POINT('',(38.65,-106.4693265423,-9.));
#2828 = VECTOR('',#2829,1.);
#2829 = DIRECTION('',(0.,0.,1.));
#2830 = ORIENTED_EDGE('',*,*,#2831,.T.);
#2831 = EDGE_CURVE('',#2824,#2832,#2834,.T.);
#2832 = VERTEX_POINT('',#2833);
#2833 = CARTESIAN_POINT('',(38.65,-105.8691780821,-4.415525114155));
#2834 = B_SPLINE_CURVE_WITH_KNOTS('',7,(#2835,#2836,#2837,#2838,#2839,
    #2840,#2841,#2842),.UNSPECIFIED.,.F.,.F.,(8,8),(0.,1.),
  .PIECEWISE_BEZIER_KNOTS.);
#2835 = CARTESIAN_POINT('',(38.65,-107.25,-4.487667593629));
#2836 = CARTESIAN_POINT('',(38.65,-107.0523254864,-4.4690000522));
#2837 = CARTESIAN_POINT('',(38.65,-106.8546743841,-4.45265389898));
#2838 = CARTESIAN_POINT('',(38.65,-106.6570658436,-4.438829772237));
#2839 = CARTESIAN_POINT('',(38.65,-106.4595647866,-4.427782998171));
#2840 = CARTESIAN_POINT('',(38.65,-106.2622891395,-4.419865392032));
#2841 = CARTESIAN_POINT('',(38.65,-106.0654089875,-4.415525114155));
#2842 = CARTESIAN_POINT('',(38.65,-105.8691780821,-4.415525114155));
#2843 = ORIENTED_EDGE('',*,*,#2844,.F.);
#2844 = EDGE_CURVE('',#2845,#2832,#2847,.T.);
#2845 = VERTEX_POINT('',#2846);
#2846 = CARTESIAN_POINT('',(38.65,34.869178082192,-4.415525114155));
#2847 = B_SPLINE_CURVE_WITH_KNOTS('',1,(#2848,#2849),.UNSPECIFIED.,.F.,
  .F.,(2,2),(0.,1.),.PIECEWISE_BEZIER_KNOTS.);
#2848 = CARTESIAN_POINT('',(38.65,34.869178082192,-4.415525114155));
#2849 = CARTESIAN_POINT('',(38.65,-105.8691780821,-4.415525114155));
#2850 = ORIENTED_EDGE('',*,*,#2851,.F.);
#2851 = EDGE_CURVE('',#2815,#2845,#2852,.T.);
#2852 = B_SPLINE_CURVE_WITH_KNOTS('',7,(#2853,#2854,#2855,#2856,#2857,
    #2858,#2859,#2860),.UNSPECIFIED.,.F.,.F.,(8,8),(0.,1.),
  .PIECEWISE_BEZIER_KNOTS.);
#2853 = CARTESIAN_POINT('',(38.65,36.25,-4.487667593629));
#2854 = CARTESIAN_POINT('',(38.65,36.052325486483,-4.4690000522));
#2855 = CARTESIAN_POINT('',(38.65,35.854674384195,-4.45265389898));
#2856 = CARTESIAN_POINT('',(38.65,35.657065843678,-4.438829772237));
#2857 = CARTESIAN_POINT('',(38.65,35.459564786619,-4.427782998171));
#2858 = CARTESIAN_POINT('',(38.65,35.262289139542,-4.419865392032));
#2859 = CARTESIAN_POINT('',(38.65,35.065408987509,-4.415525114155));
#2860 = CARTESIAN_POINT('',(38.65,34.869178082192,-4.415525114155));
#2861 = PLANE('',#2862);
#2862 = AXIS2_PLACEMENT_3D('',#2863,#2864,#2865);
#2863 = CARTESIAN_POINT('',(38.65,-107.25,-10.));
#2864 = DIRECTION('',(-1.,0.,0.));
#2865 = DIRECTION('',(0.,1.,0.));
#2866 = ADVANCED_FACE('',(#2867),#2949,.T.);
#2867 = FACE_BOUND('',#2868,.T.);
#2868 = EDGE_LOOP('',(#2869,#2877,#2878,#2879));
#2869 = ORIENTED_EDGE('',*,*,#2870,.F.);
#2870 = EDGE_CURVE('',#2422,#2871,#2873,.T.);
#2871 = VERTEX_POINT('',#2872);
#2872 = CARTESIAN_POINT('',(35.469326542369,38.65,-4.43093987255));
#2873 = LINE('',#2874,#2875);
#2874 = CARTESIAN_POINT('',(35.469326542369,38.65,-9.));
#2875 = VECTOR('',#2876,1.);
#2876 = DIRECTION('',(0.,0.,1.));
#2877 = ORIENTED_EDGE('',*,*,#2421,.T.);
#2878 = ORIENTED_EDGE('',*,*,#2814,.T.);
#2879 = ORIENTED_EDGE('',*,*,#2880,.T.);
#2880 = EDGE_CURVE('',#2815,#2871,#2881,.T.);
#2881 = B_SPLINE_CURVE_WITH_KNOTS('',6,(#2882,#2883,#2884,#2885,#2886,
    #2887,#2888,#2889,#2890,#2891,#2892,#2893,#2894,#2895,#2896,#2897,
    #2898,#2899,#2900,#2901,#2902,#2903,#2904,#2905,#2906,#2907,#2908,
    #2909,#2910,#2911,#2912,#2913,#2914,#2915,#2916,#2917,#2918,#2919,
    #2920,#2921,#2922,#2923,#2924,#2925,#2926,#2927,#2928,#2929,#2930,
    #2931,#2932,#2933,#2934,#2935,#2936,#2937,#2938,#2939,#2940,#2941,
    #2942,#2943,#2944,#2945,#2946,#2947,#2948),.UNSPECIFIED.,.F.,.F.,(7,
    5,5,5,5,5,5,5,5,5,5,5,5,7),(0.,6.774447838487E-02,0.17687421342,
    0.291416440538,0.345872010424,0.398345055949,0.499737744595,
    0.569962889864,0.601758537252,0.654228815413,0.708677640417,
    0.823136633398,0.933144573416,1.),.UNSPECIFIED.);
#2882 = CARTESIAN_POINT('',(39.032218550258,35.77954864183,
    -4.569444643874));
#2883 = CARTESIAN_POINT('',(38.974104571939,35.721012658653,
    -4.547850921429));
#2884 = CARTESIAN_POINT('',(38.913658607979,35.665166176502,
    -4.525630270836));
#2885 = CARTESIAN_POINT('',(38.851049594975,35.612118263304,
    -4.502831947848));
#2886 = CARTESIAN_POINT('',(38.786445229826,35.5619561696,
    -4.479515845633));
#2887 = CARTESIAN_POINT('',(38.720009193324,35.514749928487,
    -4.455750747711));
#2888 = CARTESIAN_POINT('',(38.542178498853,35.39936639444,
    -4.392728352799));
#2889 = CARTESIAN_POINT('',(38.428118448556,35.335999374259,
    -4.35287797728));
#2890 = CARTESIAN_POINT('',(38.310359733888,35.28068199009,
    -4.312372929523));
#2891 = CARTESIAN_POINT('',(38.189501359496,35.233571124095,
    -4.271571622941));
#2892 = CARTESIAN_POINT('',(38.066102382961,35.194788586512,
    -4.230856576241));
#2893 = CARTESIAN_POINT('',(37.809046230892,35.132617488927,
    -4.14837055936));
#2894 = CARTESIAN_POINT('',(37.675200627715,35.110091636246,
    -4.10665274552));
#2895 = CARTESIAN_POINT('',(37.539742436586,35.097009854252,
    -4.065900088379));
#2896 = CARTESIAN_POINT('',(37.403301692766,35.093523803576,
    -4.026582892433));
#2897 = CARTESIAN_POINT('',(37.266558966988,35.099776140835,
    -3.989180025589));
#2898 = CARTESIAN_POINT('',(37.065461799889,35.123524294111,
    -3.937509521394));
#2899 = CARTESIAN_POINT('',(37.000766689088,35.133401047597,
    -3.921399167863));
#2900 = CARTESIAN_POINT('',(36.936258306007,35.145512732452,
    -3.905878981596));
#2901 = CARTESIAN_POINT('',(36.872025362358,35.159866942827,
    -3.890999850442));
#2902 = CARTESIAN_POINT('',(36.808162152898,35.176466395024,
    -3.876811726427));
#2903 = CARTESIAN_POINT('',(36.683682631385,35.213461527492,
    -3.850403335448));
#2904 = CARTESIAN_POINT('',(36.623032648915,35.233697034693,
    -3.838130208696));
#2905 = CARTESIAN_POINT('',(36.562908313789,35.256009464681,
    -3.826586476527));
#2906 = CARTESIAN_POINT('',(36.503403846271,35.28038887108,
    -3.815813583931));
#2907 = CARTESIAN_POINT('',(36.444617235822,35.306817395323,
    -3.805850243358));
#2908 = CARTESIAN_POINT('',(36.274639886442,35.390240597331,
    -3.779111220597));
#2909 = CARTESIAN_POINT('',(36.165668579554,35.452770699199,
    -3.764641056638));
#2910 = CARTESIAN_POINT('',(36.060501096146,35.522645830614,
    -3.753580265868));
#2911 = CARTESIAN_POINT('',(35.959880529922,35.599528035308,
    -3.746119032914));
#2912 = CARTESIAN_POINT('',(35.864518649136,35.682945488041,
    -3.742364656412));
#2913 = CARTESIAN_POINT('',(35.713095573689,35.834107696017,
    -3.742282660357));
#2914 = CARTESIAN_POINT('',(35.653956681866,35.898795750232,
    -3.744026861262));
#2915 = CARTESIAN_POINT('',(35.597850096635,35.966108232913,
    -3.747549232468));
#2916 = CARTESIAN_POINT('',(35.54495104499,36.035818603251,
    -3.75282632647));
#2917 = CARTESIAN_POINT('',(35.495402735211,36.107686023984,
    -3.759813200993));
#2918 = CARTESIAN_POINT('',(35.428453439675,36.214860679767,
    -3.772354341953));
#2919 = CARTESIAN_POINT('',(35.408297920089,36.248653811546,
    -3.776600352375));
#2920 = CARTESIAN_POINT('',(35.388862373136,36.282815280407,
    -3.781177897155));
#2921 = CARTESIAN_POINT('',(35.370155608973,36.31732230394,
    -3.786080418665));
#2922 = CARTESIAN_POINT('',(35.352185072832,36.352152219374,
    -3.791300724503));
#2923 = CARTESIAN_POINT('',(35.306526227,36.445255661865,-3.805957218954
    ));
#2924 = CARTESIAN_POINT('',(35.280117085009,36.504047051762,
    -3.815927636179));
#2925 = CARTESIAN_POINT('',(35.255757075089,36.563555535467,
    -3.826707278832));
#2926 = CARTESIAN_POINT('',(35.233464007923,36.623683152033,
    -3.838257421537));
#2927 = CARTESIAN_POINT('',(35.213247789247,36.684335713701,
    -3.850536610923));
#2928 = CARTESIAN_POINT('',(35.17629308137,36.808814623264,
    -3.876955681499));
#2929 = CARTESIAN_POINT('',(35.15971443849,36.872674522589,
    -3.891148290076));
#2930 = CARTESIAN_POINT('',(35.145380564738,36.936903430707,
    -3.906031426553));
#2931 = CARTESIAN_POINT('',(35.133288716876,37.001407111361,
    -3.921555148636));
#2932 = CARTESIAN_POINT('',(35.123431282833,37.066096908493,
    -3.93766858143));
#2933 = CARTESIAN_POINT('',(35.099751125416,37.26709368468,
    -3.989326154819));
#2934 = CARTESIAN_POINT('',(35.093533784026,37.403738915472,
    -4.026708637897));
#2935 = CARTESIAN_POINT('',(35.097040734136,37.540080969698,
    -4.066001611644));
#2936 = CARTESIAN_POINT('',(35.110129613463,37.675440825018,
    -4.106727242195));
#2937 = CARTESIAN_POINT('',(35.132649107,37.809189808547,-4.14841624288)
  );
#2938 = CARTESIAN_POINT('',(35.195048205277,38.067163464522,
    -4.231197437416));
#2939 = CARTESIAN_POINT('',(35.234215137681,38.191540711094,
    -4.272244822937));
#2940 = CARTESIAN_POINT('',(35.281844289586,38.313331874609,
    -4.313376652543));
#2941 = CARTESIAN_POINT('',(35.337810930049,38.431963889408,
    -4.354201070438));
#2942 = CARTESIAN_POINT('',(35.401953734777,38.546822318797,
    -4.394351272739));
#2943 = CARTESIAN_POINT('',(35.517847721,38.724358606777,-4.457306945277
    ));
#2944 = CARTESIAN_POINT('',(35.564588227685,38.789829199069,
    -4.480737351499));
#2945 = CARTESIAN_POINT('',(35.614204955159,38.853509566408,
    -4.503727826238));
#2946 = CARTESIAN_POINT('',(35.666630155819,38.915242265202,
    -4.526212479339));
#2947 = CARTESIAN_POINT('',(35.721779675944,38.974866059554,
    -4.548133871464));
#2948 = CARTESIAN_POINT('',(35.77954864183,39.032218550258,
    -4.569444643874));
#2949 = CYLINDRICAL_SURFACE('',#2950,2.3);
#2950 = AXIS2_PLACEMENT_3D('',#2951,#2952,#2953);
#2951 = CARTESIAN_POINT('',(37.4,37.4,-9.));
#2952 = DIRECTION('',(0.,0.,1.));
#2953 = DIRECTION('',(1.,0.,-0.));
#2954 = ADVANCED_FACE('',(#2955),#3037,.T.);
#2955 = FACE_BOUND('',#2956,.T.);
#2956 = EDGE_LOOP('',(#2957,#2958,#2959,#2967));
#2957 = ORIENTED_EDGE('',*,*,#2823,.F.);
#2958 = ORIENTED_EDGE('',*,*,#2490,.T.);
#2959 = ORIENTED_EDGE('',*,*,#2960,.T.);
#2960 = EDGE_CURVE('',#2483,#2961,#2963,.T.);
#2961 = VERTEX_POINT('',#2962);
#2962 = CARTESIAN_POINT('',(35.469326542369,-109.65,-4.43093987255));
#2963 = LINE('',#2964,#2965);
#2964 = CARTESIAN_POINT('',(35.469326542369,-109.65,-9.));
#2965 = VECTOR('',#2966,1.);
#2966 = DIRECTION('',(0.,0.,1.));
#2967 = ORIENTED_EDGE('',*,*,#2968,.T.);
#2968 = EDGE_CURVE('',#2961,#2824,#2969,.T.);
#2969 = B_SPLINE_CURVE_WITH_KNOTS('',6,(#2970,#2971,#2972,#2973,#2974,
    #2975,#2976,#2977,#2978,#2979,#2980,#2981,#2982,#2983,#2984,#2985,
    #2986,#2987,#2988,#2989,#2990,#2991,#2992,#2993,#2994,#2995,#2996,
    #2997,#2998,#2999,#3000,#3001,#3002,#3003,#3004,#3005,#3006,#3007,
    #3008,#3009,#3010,#3011,#3012,#3013,#3014,#3015,#3016,#3017,#3018,
    #3019,#3020,#3021,#3022,#3023,#3024,#3025,#3026,#3027,#3028,#3029,
    #3030,#3031,#3032,#3033,#3034,#3035,#3036),.UNSPECIFIED.,.F.,.F.,(7,
    5,5,5,5,5,5,5,5,5,5,5,5,7),(0.,6.774447832484E-02,0.176874213364,
    0.291416440502,0.345872010391,0.398345055918,0.499737744564,
    0.569962889411,0.601758536782,0.654228814902,0.708677639839,
    0.823136632498,0.933144572416,1.),.UNSPECIFIED.);
#2970 = CARTESIAN_POINT('',(35.779548641879,-110.0322185503,
    -4.569444643891));
#2971 = CARTESIAN_POINT('',(35.72101265875,-109.974104572,
    -4.547850921466));
#2972 = CARTESIAN_POINT('',(35.665166176643,-109.9136586081,
    -4.525630270893));
#2973 = CARTESIAN_POINT('',(35.612118263484,-109.8510495951,
    -4.502831947926));
#2974 = CARTESIAN_POINT('',(35.561956169815,-109.7864452301,
    -4.479515845733));
#2975 = CARTESIAN_POINT('',(35.51474992873,-109.7200091936,
    -4.455750747833));
#2976 = CARTESIAN_POINT('',(35.399366394678,-109.5421784992,
    -4.392728352945));
#2977 = CARTESIAN_POINT('',(35.335999374468,-109.4281184489,
    -4.352877977426));
#2978 = CARTESIAN_POINT('',(35.280681990271,-109.3103597343,
    -4.312372929668));
#2979 = CARTESIAN_POINT('',(35.233571124249,-109.1895013599,
    -4.271571623084));
#2980 = CARTESIAN_POINT('',(35.19478858664,-109.0661023833,
    -4.230856576381));
#2981 = CARTESIAN_POINT('',(35.132617488998,-108.8090462312,
    -4.148370559486));
#2982 = CARTESIAN_POINT('',(35.11009163629,-108.675200628,
    -4.106652745636));
#2983 = CARTESIAN_POINT('',(35.097009854271,-108.5397424369,
    -4.065900088485));
#2984 = CARTESIAN_POINT('',(35.093523803574,-108.4033016931,
    -4.026582892527));
#2985 = CARTESIAN_POINT('',(35.099776140816,-108.2665589672,
    -3.989180025672));
#2986 = CARTESIAN_POINT('',(35.12352429407,-108.0654618001,
    -3.937509521463));
#2987 = CARTESIAN_POINT('',(35.133401047549,-108.0007666893,
    -3.921399167928));
#2988 = CARTESIAN_POINT('',(35.145512732398,-107.9362583062,
    -3.905878981658));
#2989 = CARTESIAN_POINT('',(35.159866942766,-107.8720253626,
    -3.8909998505));
#2990 = CARTESIAN_POINT('',(35.176466394957,-107.8081621531,
    -3.876811726482));
#2991 = CARTESIAN_POINT('',(35.213461527414,-107.6836826316,
    -3.850403335497));
#2992 = CARTESIAN_POINT('',(35.233697034609,-107.6230326491,
    -3.838130208742));
#2993 = CARTESIAN_POINT('',(35.256009464591,-107.562908314,
    -3.82658647657));
#2994 = CARTESIAN_POINT('',(35.280388870985,-107.5034038464,
    -3.815813583971));
#2995 = CARTESIAN_POINT('',(35.306817395223,-107.444617236,
    -3.805850243395));
#2996 = CARTESIAN_POINT('',(35.390240597216,-107.2746398866,
    -3.779111220625));
#2997 = CARTESIAN_POINT('',(35.452770699073,-107.1656685797,
    -3.764641056661));
#2998 = CARTESIAN_POINT('',(35.522645830479,-107.0605010963,
    -3.753580265884));
#2999 = CARTESIAN_POINT('',(35.599528035163,-106.9598805301,
    -3.746119032925));
#3000 = CARTESIAN_POINT('',(35.682945487889,-106.8645186493,
    -3.742364656417));
#3001 = CARTESIAN_POINT('',(35.83410769548,-106.7130955742,
    -3.742282660354));
#3002 = CARTESIAN_POINT('',(35.898795749284,-106.6539566827,
    -3.744026861233));
#3003 = CARTESIAN_POINT('',(35.966108231523,-106.5978500977,
    -3.747549232393));
#3004 = CARTESIAN_POINT('',(36.035818601395,-106.5449510463,
    -3.752826326329));
#3005 = CARTESIAN_POINT('',(36.10768602164,-106.4954027368,
    -3.759813200764));
#3006 = CARTESIAN_POINT('',(36.214860676875,-106.4284534414,
    -3.772354341594));
#3007 = CARTESIAN_POINT('',(36.248653808611,-106.4082979217,
    -3.776600351989));
#3008 = CARTESIAN_POINT('',(36.28281527743,-106.3888623747,
    -3.781177896745));
#3009 = CARTESIAN_POINT('',(36.317322300922,-106.3701556105,
    -3.786080418229));
#3010 = CARTESIAN_POINT('',(36.352152216316,-106.3521850743,
    -3.791300724041));
#3011 = CARTESIAN_POINT('',(36.445255658687,-106.3065262284,
    -3.805957218422));
#3012 = CARTESIAN_POINT('',(36.504047048506,-106.2801170863,
    -3.815927635603));
#3013 = CARTESIAN_POINT('',(36.563555532135,-106.2557570763,
    -3.826707278211));
#3014 = CARTESIAN_POINT('',(36.623683148628,-106.2334640091,
    -3.838257420871));
#3015 = CARTESIAN_POINT('',(36.684335710226,-106.2132477903,
    -3.850536610215));
#3016 = CARTESIAN_POINT('',(36.808814619623,-106.1762930823,
    -3.876955680696));
#3017 = CARTESIAN_POINT('',(36.87267451885,-106.1597144393,
    -3.891148289223));
#3018 = CARTESIAN_POINT('',(36.936903426875,-106.1453805655,
    -3.906031425649));
#3019 = CARTESIAN_POINT('',(37.001407107438,-106.1332887175,
    -3.921555147681));
#3020 = CARTESIAN_POINT('',(37.066096904483,-106.1234312834,
    -3.937668580426));
#3021 = CARTESIAN_POINT('',(37.267093680193,-106.0997511256,
    -3.989326153609));
#3022 = CARTESIAN_POINT('',(37.403738910605,-106.093533784,
    -4.026708636526));
#3023 = CARTESIAN_POINT('',(37.54008096447,-106.0970407338,
    -4.066001610111));
#3024 = CARTESIAN_POINT('',(37.675440819451,-106.1101296128,
    -4.106727240506));
#3025 = CARTESIAN_POINT('',(37.809189802668,-106.1326491059,
    -4.148416241041));
#3026 = CARTESIAN_POINT('',(38.067163458331,-106.1950482034,
    -4.231197435384));
#3027 = CARTESIAN_POINT('',(38.191540704895,-106.2342151354,
    -4.272244820861));
#3028 = CARTESIAN_POINT('',(38.313331868426,-106.2818442869,
    -4.313376650436));
#3029 = CARTESIAN_POINT('',(38.431963883266,-106.3378109269,
    -4.354201068315));
#3030 = CARTESIAN_POINT('',(38.546822312725,-106.4019537313,
    -4.394351270612));
#3031 = CARTESIAN_POINT('',(38.724358601933,-106.5178477175,
    -4.457306943543));
#3032 = CARTESIAN_POINT('',(38.789829195311,-106.5645882247,
    -4.480737350142));
#3033 = CARTESIAN_POINT('',(38.853509563689,-106.6142049528,
    -4.503727825247));
#3034 = CARTESIAN_POINT('',(38.915242263468,-106.6666301542,
    -4.526212478702));
#3035 = CARTESIAN_POINT('',(38.974866058745,-106.7217796751,
    -4.548133871163));
#3036 = CARTESIAN_POINT('',(39.032218550306,-106.7795486418,
    -4.569444643891));
#3037 = CYLINDRICAL_SURFACE('',#3038,2.3);
#3038 = AXIS2_PLACEMENT_3D('',#3039,#3040,#3041);
#3039 = CARTESIAN_POINT('',(37.4,-108.4,-9.));
#3040 = DIRECTION('',(0.,0.,1.));
#3041 = DIRECTION('',(1.,0.,-0.));
#3042 = ADVANCED_FACE('',(#3043),#3086,.T.);
#3043 = FACE_BOUND('',#3044,.T.);
#3044 = EDGE_LOOP('',(#3045,#3053,#3054,#3055,#3068,#3075));
#3045 = ORIENTED_EDGE('',*,*,#3046,.F.);
#3046 = EDGE_CURVE('',#2431,#3047,#3049,.T.);
#3047 = VERTEX_POINT('',#3048);
#3048 = CARTESIAN_POINT('',(-35.46932654236,38.65,-4.43093987255));
#3049 = LINE('',#3050,#3051);
#3050 = CARTESIAN_POINT('',(-35.46932654236,38.65,-9.));
#3051 = VECTOR('',#3052,1.);
#3052 = DIRECTION('',(0.,0.,1.));
#3053 = ORIENTED_EDGE('',*,*,#2430,.T.);
#3054 = ORIENTED_EDGE('',*,*,#2870,.T.);
#3055 = ORIENTED_EDGE('',*,*,#3056,.T.);
#3056 = EDGE_CURVE('',#2871,#3057,#3059,.T.);
#3057 = VERTEX_POINT('',#3058);
#3058 = CARTESIAN_POINT('',(34.869178082192,38.65,-4.415525114155));
#3059 = B_SPLINE_CURVE_WITH_KNOTS('',7,(#3060,#3061,#3062,#3063,#3064,
    #3065,#3066,#3067),.UNSPECIFIED.,.F.,.F.,(8,8),(0.,1.),
  .PIECEWISE_BEZIER_KNOTS.);
#3060 = CARTESIAN_POINT('',(36.25,38.65,-4.487667593629));
#3061 = CARTESIAN_POINT('',(36.052325486483,38.65,-4.4690000522));
#3062 = CARTESIAN_POINT('',(35.854674384194,38.65,-4.45265389898));
#3063 = CARTESIAN_POINT('',(35.657065843679,38.65,-4.438829772237));
#3064 = CARTESIAN_POINT('',(35.459564786617,38.65,-4.427782998171));
#3065 = CARTESIAN_POINT('',(35.262289139543,38.65,-4.419865392032));
#3066 = CARTESIAN_POINT('',(35.065408987509,38.65,-4.415525114155));
#3067 = CARTESIAN_POINT('',(34.869178082192,38.65,-4.415525114155));
#3068 = ORIENTED_EDGE('',*,*,#3069,.F.);
#3069 = EDGE_CURVE('',#3070,#3057,#3072,.T.);
#3070 = VERTEX_POINT('',#3071);
#3071 = CARTESIAN_POINT('',(-34.86917808219,38.65,-4.415525114155));
#3072 = B_SPLINE_CURVE_WITH_KNOTS('',1,(#3073,#3074),.UNSPECIFIED.,.F.,
  .F.,(2,2),(0.,1.),.PIECEWISE_BEZIER_KNOTS.);
#3073 = CARTESIAN_POINT('',(-34.86917808219,38.65,-4.415525114155));
#3074 = CARTESIAN_POINT('',(34.869178082192,38.65,-4.415525114155));
#3075 = ORIENTED_EDGE('',*,*,#3076,.F.);
#3076 = EDGE_CURVE('',#3047,#3070,#3077,.T.);
#3077 = B_SPLINE_CURVE_WITH_KNOTS('',7,(#3078,#3079,#3080,#3081,#3082,
    #3083,#3084,#3085),.UNSPECIFIED.,.F.,.F.,(8,8),(0.,1.),
  .PIECEWISE_BEZIER_KNOTS.);
#3078 = CARTESIAN_POINT('',(-36.25,38.65,-4.487667593629));
#3079 = CARTESIAN_POINT('',(-36.05232548648,38.65,-4.4690000522));
#3080 = CARTESIAN_POINT('',(-35.85467438419,38.65,-4.45265389898));
#3081 = CARTESIAN_POINT('',(-35.65706584367,38.65,-4.438829772237));
#3082 = CARTESIAN_POINT('',(-35.45956478662,38.65,-4.427782998171));
#3083 = CARTESIAN_POINT('',(-35.26228913954,38.65,-4.419865392032));
#3084 = CARTESIAN_POINT('',(-35.0654089875,38.65,-4.415525114155));
#3085 = CARTESIAN_POINT('',(-34.86917808219,38.65,-4.415525114155));
#3086 = PLANE('',#3087);
#3087 = AXIS2_PLACEMENT_3D('',#3088,#3089,#3090);
#3088 = CARTESIAN_POINT('',(36.25,38.65,-10.));
#3089 = DIRECTION('',(0.,-1.,0.));
#3090 = DIRECTION('',(-1.,0.,0.));
#3091 = ADVANCED_FACE('',(#3092),#3135,.T.);
#3092 = FACE_BOUND('',#3093,.T.);
#3093 = EDGE_LOOP('',(#3094,#3095,#3096,#3104,#3117,#3124));
#3094 = ORIENTED_EDGE('',*,*,#2960,.F.);
#3095 = ORIENTED_EDGE('',*,*,#2482,.T.);
#3096 = ORIENTED_EDGE('',*,*,#3097,.T.);
#3097 = EDGE_CURVE('',#2474,#3098,#3100,.T.);
#3098 = VERTEX_POINT('',#3099);
#3099 = CARTESIAN_POINT('',(-35.46932654236,-109.65,-4.43093987255));
#3100 = LINE('',#3101,#3102);
#3101 = CARTESIAN_POINT('',(-35.46932654236,-109.65,-9.));
#3102 = VECTOR('',#3103,1.);
#3103 = DIRECTION('',(0.,0.,1.));
#3104 = ORIENTED_EDGE('',*,*,#3105,.T.);
#3105 = EDGE_CURVE('',#3098,#3106,#3108,.T.);
#3106 = VERTEX_POINT('',#3107);
#3107 = CARTESIAN_POINT('',(-34.86917808219,-109.65,-4.415525114155));
#3108 = B_SPLINE_CURVE_WITH_KNOTS('',7,(#3109,#3110,#3111,#3112,#3113,
    #3114,#3115,#3116),.UNSPECIFIED.,.F.,.F.,(8,8),(0.,1.),
  .PIECEWISE_BEZIER_KNOTS.);
#3109 = CARTESIAN_POINT('',(-36.25,-109.65,-4.487667593629));
#3110 = CARTESIAN_POINT('',(-36.05232548648,-109.65,-4.4690000522));
#3111 = CARTESIAN_POINT('',(-35.85467438419,-109.65,-4.45265389898));
#3112 = CARTESIAN_POINT('',(-35.65706584367,-109.65,-4.438829772237));
#3113 = CARTESIAN_POINT('',(-35.45956478661,-109.65,-4.427782998171));
#3114 = CARTESIAN_POINT('',(-35.26228913954,-109.65,-4.419865392032));
#3115 = CARTESIAN_POINT('',(-35.0654089875,-109.65,-4.415525114155));
#3116 = CARTESIAN_POINT('',(-34.86917808219,-109.65,-4.415525114155));
#3117 = ORIENTED_EDGE('',*,*,#3118,.F.);
#3118 = EDGE_CURVE('',#3119,#3106,#3121,.T.);
#3119 = VERTEX_POINT('',#3120);
#3120 = CARTESIAN_POINT('',(34.869178082192,-109.65,-4.415525114155));
#3121 = B_SPLINE_CURVE_WITH_KNOTS('',1,(#3122,#3123),.UNSPECIFIED.,.F.,
  .F.,(2,2),(0.,1.),.PIECEWISE_BEZIER_KNOTS.);
#3122 = CARTESIAN_POINT('',(34.869178082192,-109.65,-4.415525114155));
#3123 = CARTESIAN_POINT('',(-34.86917808219,-109.65,-4.415525114155));
#3124 = ORIENTED_EDGE('',*,*,#3125,.F.);
#3125 = EDGE_CURVE('',#2961,#3119,#3126,.T.);
#3126 = B_SPLINE_CURVE_WITH_KNOTS('',7,(#3127,#3128,#3129,#3130,#3131,
    #3132,#3133,#3134),.UNSPECIFIED.,.F.,.F.,(8,8),(0.,1.),
  .PIECEWISE_BEZIER_KNOTS.);
#3127 = CARTESIAN_POINT('',(36.25,-109.65,-4.487667593629));
#3128 = CARTESIAN_POINT('',(36.052325486483,-109.65,-4.4690000522));
#3129 = CARTESIAN_POINT('',(35.854674384195,-109.65,-4.45265389898));
#3130 = CARTESIAN_POINT('',(35.657065843679,-109.65,-4.438829772237));
#3131 = CARTESIAN_POINT('',(35.459564786618,-109.65,-4.427782998171));
#3132 = CARTESIAN_POINT('',(35.262289139542,-109.65,-4.419865392032));
#3133 = CARTESIAN_POINT('',(35.065408987509,-109.65,-4.415525114155));
#3134 = CARTESIAN_POINT('',(34.869178082192,-109.65,-4.415525114155));
#3135 = PLANE('',#3136);
#3136 = AXIS2_PLACEMENT_3D('',#3137,#3138,#3139);
#3137 = CARTESIAN_POINT('',(-36.25,-109.65,-10.));
#3138 = DIRECTION('',(0.,1.,0.));
#3139 = DIRECTION('',(1.,0.,0.));
#3140 = ADVANCED_FACE('',(#3141),#3218,.T.);
#3141 = FACE_BOUND('',#3142,.T.);
#3142 = EDGE_LOOP('',(#3143,#3192,#3198,#3199,#3200,#3201));
#3143 = ORIENTED_EDGE('',*,*,#3144,.T.);
#3144 = EDGE_CURVE('',#3145,#3147,#3149,.T.);
#3145 = VERTEX_POINT('',#3146);
#3146 = CARTESIAN_POINT('',(-35.1,37.4,-4.026960102816));
#3147 = VERTEX_POINT('',#3148);
#3148 = CARTESIAN_POINT('',(-38.65,35.469326542369,-4.43093987255));
#3149 = B_SPLINE_CURVE_WITH_KNOTS('',5,(#3150,#3151,#3152,#3153,#3154,
    #3155,#3156,#3157,#3158,#3159,#3160,#3161,#3162,#3163,#3164,#3165,
    #3166,#3167,#3168,#3169,#3170,#3171,#3172,#3173,#3174,#3175,#3176,
    #3177,#3178,#3179,#3180,#3181,#3182,#3183,#3184,#3185,#3186,#3187,
    #3188,#3189,#3190,#3191),.UNSPECIFIED.,.F.,.F.,(6,4,4,4,4,4,4,4,4,4,
    6),(0.,0.140568868025,0.20438119763,0.329709523524,0.423802662404,
    0.466404956297,0.53670873666,0.609663528724,0.763024634728,
    0.910421872242,1.),.UNSPECIFIED.);
#3150 = CARTESIAN_POINT('',(-35.1,37.4,-4.026960102816));
#3151 = CARTESIAN_POINT('',(-35.1,37.250251918851,-3.984714621784));
#3152 = CARTESIAN_POINT('',(-35.11218754665,37.099874722343,
    -3.944684944284));
#3153 = CARTESIAN_POINT('',(-35.13676564101,36.949908418494,
    -3.907591850849));
#3154 = CARTESIAN_POINT('',(-35.17391361758,36.801608950505,
    -3.874192731065));
#3155 = CARTESIAN_POINT('',(-35.24601959236,36.590544682194,
    -3.831970657059));
#3156 = CARTESIAN_POINT('',(-35.27109660562,36.525293341638,
    -3.819686736867));
#3157 = CARTESIAN_POINT('',(-35.2987244385,36.46082898938,
    -3.808364042682));
#3158 = CARTESIAN_POINT('',(-35.32887607641,36.397298956984,
    -3.798060524018));
#3159 = CARTESIAN_POINT('',(-35.42558423067,36.212216743706,
    -3.770688239869));
#3160 = CARTESIAN_POINT('',(-35.49922550127,36.093751232752,
    -3.756670226719));
#3161 = CARTESIAN_POINT('',(-35.58204345784,35.980659786717,
    -3.747154506465));
#3162 = CARTESIAN_POINT('',(-35.67338711197,35.874093520537,
    -3.742369841238));
#3163 = CARTESIAN_POINT('',(-35.84647865699,35.700703263576,
    -3.74227594988));
#3164 = CARTESIAN_POINT('',(-35.92495429581,35.630583391952,
    -3.744902316921));
#3165 = CARTESIAN_POINT('',(-36.00726216798,35.565116803,-3.750196147906
    ));
#3166 = CARTESIAN_POINT('',(-36.09293146971,35.504619532045,
    -3.758086683289));
#3167 = CARTESIAN_POINT('',(-36.22154105617,35.424280377511,
    -3.773136052328));
#3168 = CARTESIAN_POINT('',(-36.26221018601,35.400306693237,
    -3.778332501976));
#3169 = CARTESIAN_POINT('',(-36.30342037045,35.377418055452,
    -3.784023291735));
#3170 = CARTESIAN_POINT('',(-36.3451261643,35.355630719544,
    -3.790194671571));
#3171 = CARTESIAN_POINT('',(-36.45685029518,35.300840104445,
    -3.807782464851));
#3172 = CARTESIAN_POINT('',(-36.52764542648,35.269755576801,
    -3.820000221212));
#3173 = CARTESIAN_POINT('',(-36.59946563958,35.241758575279,
    -3.833414335545));
#3174 = CARTESIAN_POINT('',(-36.67211816946,35.216874875886,
    -3.847943592063));
#3175 = CARTESIAN_POINT('',(-36.82149286079,35.172529226287,
    -3.879646476672));
#3176 = CARTESIAN_POINT('',(-36.89826534938,35.153307045559,
    -3.896899195844));
#3177 = CARTESIAN_POINT('',(-36.97554150642,35.137454085073,
    -3.915163655941));
#3178 = CARTESIAN_POINT('',(-37.05313831263,35.124957981999,
    -3.934338131934));
#3179 = CARTESIAN_POINT('',(-37.29433444363,35.096541792828,
    -3.996327219819));
#3180 = CARTESIAN_POINT('',(-37.45844114605,35.092029779654,
    -4.041899345433));
#3181 = CARTESIAN_POINT('',(-37.6217207857,35.10205168821,
    -4.090103875615));
#3182 = CARTESIAN_POINT('',(-37.78288089145,35.126285462579,
    -4.139973971653));
#3183 = CARTESIAN_POINT('',(-38.09244927835,35.201164379786,
    -4.239311404927));
#3184 = CARTESIAN_POINT('',(-38.24108642067,35.25074051416,
    -4.288711529668));
#3185 = CARTESIAN_POINT('',(-38.38557731951,35.312948061139,
    -4.338041772341));
#3186 = CARTESIAN_POINT('',(-38.52473701574,35.387536661168,
    -4.38651966198));
#3187 = CARTESIAN_POINT('',(-38.73778056239,35.52660944465,
    -4.462066469371));
#3188 = CARTESIAN_POINT('',(-38.81585351329,35.583577615993,
    -4.490072791077));
#3189 = CARTESIAN_POINT('',(-38.89116561555,35.644832290948,
    -4.517382859953));
#3190 = CARTESIAN_POINT('',(-38.96339556069,35.710225882043,
    -4.543871716716));
#3191 = CARTESIAN_POINT('',(-39.03221855029,35.779548641866,
    -4.569444643887));
#3192 = ORIENTED_EDGE('',*,*,#3193,.F.);
#3193 = EDGE_CURVE('',#2448,#3147,#3194,.T.);
#3194 = LINE('',#3195,#3196);
#3195 = CARTESIAN_POINT('',(-38.65,35.469326542369,-9.));
#3196 = VECTOR('',#3197,1.);
#3197 = DIRECTION('',(0.,0.,1.));
#3198 = ORIENTED_EDGE('',*,*,#2447,.T.);
#3199 = ORIENTED_EDGE('',*,*,#2438,.T.);
#3200 = ORIENTED_EDGE('',*,*,#3046,.T.);
#3201 = ORIENTED_EDGE('',*,*,#3202,.T.);
#3202 = EDGE_CURVE('',#3047,#3145,#3203,.T.);
#3203 = B_SPLINE_CURVE_WITH_KNOTS('',5,(#3204,#3205,#3206,#3207,#3208,
    #3209,#3210,#3211,#3212,#3213,#3214,#3215,#3216,#3217),
  .UNSPECIFIED.,.F.,.F.,(6,4,4,6),(0.,0.267064863348,0.69728026229,1.),
  .UNSPECIFIED.);
#3204 = CARTESIAN_POINT('',(-35.77954864186,39.032218550294,
    -4.569444643887));
#3205 = CARTESIAN_POINT('',(-35.70930546209,38.962481776356,
    -4.54353217697));
#3206 = CARTESIAN_POINT('',(-35.64309653386,38.889247023963,
    -4.516679317832));
#3207 = CARTESIAN_POINT('',(-35.58113999301,38.812852166305,
    -4.48898457798));
#3208 = CARTESIAN_POINT('',(-35.52358852325,38.733631357483,
    -4.460578381162));
#3209 = CARTESIAN_POINT('',(-35.38512828239,38.520234524184,
    -4.384951507289));
#3210 = CARTESIAN_POINT('',(-35.31143492042,38.382060411211,
    -4.336841212438));
#3211 = CARTESIAN_POINT('',(-35.24992906002,38.238659057193,
    -4.287904646822));
#3212 = CARTESIAN_POINT('',(-35.20085525258,38.091185965049,
    -4.238905575495));
#3213 = CARTESIAN_POINT('',(-35.138842512,37.834784565012,
    -4.156629660125));
#3214 = CARTESIAN_POINT('',(-35.11950622026,37.727391725605,
    -4.122998976488));
#3215 = CARTESIAN_POINT('',(-35.10652914329,37.618872576862,
    -4.089988385885));
#3216 = CARTESIAN_POINT('',(-35.1,37.509606659773,-4.057881274098));
#3217 = CARTESIAN_POINT('',(-35.1,37.4,-4.026960102816));
#3218 = CYLINDRICAL_SURFACE('',#3219,2.3);
#3219 = AXIS2_PLACEMENT_3D('',#3220,#3221,#3222);
#3220 = CARTESIAN_POINT('',(-37.4,37.4,-9.));
#3221 = DIRECTION('',(0.,0.,1.));
#3222 = DIRECTION('',(1.,0.,-0.));
#3223 = ADVANCED_FACE('',(#3224),#3301,.T.);
#3224 = FACE_BOUND('',#3225,.T.);
#3225 = EDGE_LOOP('',(#3226,#3245,#3246,#3247,#3248,#3256));
#3226 = ORIENTED_EDGE('',*,*,#3227,.T.);
#3227 = EDGE_CURVE('',#3228,#3098,#3230,.T.);
#3228 = VERTEX_POINT('',#3229);
#3229 = CARTESIAN_POINT('',(-35.1,-108.4,-4.026960102816));
#3230 = B_SPLINE_CURVE_WITH_KNOTS('',5,(#3231,#3232,#3233,#3234,#3235,
    #3236,#3237,#3238,#3239,#3240,#3241,#3242,#3243,#3244),
  .UNSPECIFIED.,.F.,.F.,(6,4,4,6),(0.,0.30274826668,0.736434603723,1.),
  .UNSPECIFIED.);
#3231 = CARTESIAN_POINT('',(-35.1,-108.4,-4.026960102816));
#3232 = CARTESIAN_POINT('',(-35.1,-108.5096169854,-4.057884187067));
#3233 = CARTESIAN_POINT('',(-35.10653037352,-108.6188931635,
    -4.08999443517));
#3234 = CARTESIAN_POINT('',(-35.11950988791,-108.7274223951,
    -4.123008305925));
#3235 = CARTESIAN_POINT('',(-35.13884979889,-108.8348250338,
    -4.156642333227));
#3236 = CARTESIAN_POINT('',(-35.20116437597,-109.0924492661,
    -4.239311400918));
#3237 = CARTESIAN_POINT('',(-35.25074050943,-109.2410864085,
    -4.288711525564));
#3238 = CARTESIAN_POINT('',(-35.31294805546,-109.3855773074,
    -4.33804176818));
#3239 = CARTESIAN_POINT('',(-35.38753665451,-109.5247370037,
    -4.386519657804));
#3240 = CARTESIAN_POINT('',(-35.52660943803,-109.7377805533,
    -4.462066466121));
#3241 = CARTESIAN_POINT('',(-35.58357761068,-109.8158535067,
    -4.490072788709));
#3242 = CARTESIAN_POINT('',(-35.64483228719,-109.8911656114,
    -4.517382858434));
#3243 = CARTESIAN_POINT('',(-35.71022588009,-109.9633955587,
    -4.543871716001));
#3244 = CARTESIAN_POINT('',(-35.77954864196,-110.0322185503,
    -4.569444643922));
#3245 = ORIENTED_EDGE('',*,*,#3097,.F.);
#3246 = ORIENTED_EDGE('',*,*,#2473,.T.);
#3247 = ORIENTED_EDGE('',*,*,#2464,.T.);
#3248 = ORIENTED_EDGE('',*,*,#3249,.T.);
#3249 = EDGE_CURVE('',#2457,#3250,#3252,.T.);
#3250 = VERTEX_POINT('',#3251);
#3251 = CARTESIAN_POINT('',(-38.65,-106.4693265423,-4.43093987255));
#3252 = LINE('',#3253,#3254);
#3253 = CARTESIAN_POINT('',(-38.65,-106.4693265423,-9.));
#3254 = VECTOR('',#3255,1.);
#3255 = DIRECTION('',(0.,0.,1.));
#3256 = ORIENTED_EDGE('',*,*,#3257,.T.);
#3257 = EDGE_CURVE('',#3250,#3228,#3258,.T.);
#3258 = B_SPLINE_CURVE_WITH_KNOTS('',5,(#3259,#3260,#3261,#3262,#3263,
    #3264,#3265,#3266,#3267,#3268,#3269,#3270,#3271,#3272,#3273,#3274,
    #3275,#3276,#3277,#3278,#3279,#3280,#3281,#3282,#3283,#3284,#3285,
    #3286,#3287,#3288,#3289,#3290,#3291,#3292,#3293,#3294,#3295,#3296,
    #3297,#3298,#3299,#3300),.UNSPECIFIED.,.F.,.F.,(6,4,4,4,4,4,4,4,4,4,
    6),(0.,9.076749255539E-02,0.236985054097,0.390454547479,
    0.463416885735,0.533722937158,0.576325654559,0.669580132469,
    0.795746780312,0.859557545134,1.),.UNSPECIFIED.);
#3259 = CARTESIAN_POINT('',(-39.03221855038,-106.7795486419,
    -4.569444643922));
#3260 = CARTESIAN_POINT('',(-38.96248177657,-106.7093054623,
    -4.543532177051));
#3261 = CARTESIAN_POINT('',(-38.88924702431,-106.6430965341,
    -4.516679317962));
#3262 = CARTESIAN_POINT('',(-38.8128521668,-106.5811399934,
    -4.48898457816));
#3263 = CARTESIAN_POINT('',(-38.73363135813,-106.5235885237,
    -4.460578381396));
#3264 = CARTESIAN_POINT('',(-38.52023452501,-106.3851282828,
    -4.384951507578));
#3265 = CARTESIAN_POINT('',(-38.38206041205,-106.3114349208,
    -4.336841212726));
#3266 = CARTESIAN_POINT('',(-38.23865905803,-106.2499290603,
    -4.287904647107));
#3267 = CARTESIAN_POINT('',(-38.09118596589,-106.2008552528,
    -4.238905575774));
#3268 = CARTESIAN_POINT('',(-37.78271858334,-106.1262499355,
    -4.139922355473));
#3269 = CARTESIAN_POINT('',(-37.62144165146,-106.1020124867,
    -4.090017941018));
#3270 = CARTESIAN_POINT('',(-37.45804322366,-106.0920072218,
    -4.041782236315));
#3271 = CARTESIAN_POINT('',(-37.2938186337,-106.096556967,-3.99618420544
    ));
#3272 = CARTESIAN_POINT('',(-37.05250203307,-106.1250547508,
    -3.93417960036));
#3273 = CARTESIAN_POINT('',(-36.97489901819,-106.1375741957,
    -3.915008951882));
#3274 = CARTESIAN_POINT('',(-36.89761759525,-106.1534512688,
    -3.896749011647));
#3275 = CARTESIAN_POINT('',(-36.82084089866,-106.1726982902,
    -3.879501528509));
#3276 = CARTESIAN_POINT('',(-36.67146547281,-106.2170924492,
    -3.847811459313));
#3277 = CARTESIAN_POINT('',(-36.59881623792,-106.241999327,
    -3.833289583574));
#3278 = CARTESIAN_POINT('',(-36.5270003909,-106.2700196017,
    -3.819883369713));
#3279 = CARTESIAN_POINT('',(-36.45621075883,-106.3011274089,
    -3.807674012691));
#3280 = CARTESIAN_POINT('',(-36.34449829741,-106.3559547801,
    -3.790100600342));
#3281 = CARTESIAN_POINT('',(-36.30279790648,-106.377755609,
    -3.783934888292));
#3282 = CARTESIAN_POINT('',(-36.26159354492,-106.4006576283,
    -3.778249906391));
#3283 = CARTESIAN_POINT('',(-36.2209306616,-106.4246445573,
    -3.773059393654));
#3284 = CARTESIAN_POINT('',(-36.09313227088,-106.5045319814,
    -3.758121761081));
#3285 = CARTESIAN_POINT('',(-36.00821887289,-106.564471256,
    -3.750293622928));
#3286 = CARTESIAN_POINT('',(-35.92660469278,-106.6292925354,
    -3.745015329216));
#3287 = CARTESIAN_POINT('',(-35.84874826595,-106.6986887024,
    -3.742356116714));
#3288 = CARTESIAN_POINT('',(-35.67535827916,-106.8717799777,
    -3.742262225481));
#3289 = CARTESIAN_POINT('',(-35.58326564217,-106.9789548697,
    -3.747002768476));
#3290 = CARTESIAN_POINT('',(-35.49980647008,-107.0927548732,
    -3.756540462544));
#3291 = CARTESIAN_POINT('',(-35.42564623205,-107.2120058653,
    -3.770642680314));
#3292 = CARTESIAN_POINT('',(-35.32856946528,-107.3979327505,
    -3.798161581407));
#3293 = CARTESIAN_POINT('',(-35.29843868339,-107.4614689709,
    -3.808473095291));
#3294 = CARTESIAN_POINT('',(-35.27083178471,-107.5259385679,
    -3.819803402426));
#3295 = CARTESIAN_POINT('',(-35.24577571175,-107.5911942488,
    -3.832094532084));
#3296 = CARTESIAN_POINT('',(-35.17377998184,-107.8021426782,
    -3.87431294895));
#3297 = CARTESIAN_POINT('',(-35.13669933329,-107.950313213,
    -3.907691982263));
#3298 = CARTESIAN_POINT('',(-35.11216562542,-108.100145311,
    -3.944756975134));
#3299 = CARTESIAN_POINT('',(-35.1,-108.2503866439,-3.984752629138));
#3300 = CARTESIAN_POINT('',(-35.1,-108.4,-4.026960102816));
#3301 = CYLINDRICAL_SURFACE('',#3302,2.3);
#3302 = AXIS2_PLACEMENT_3D('',#3303,#3304,#3305);
#3303 = CARTESIAN_POINT('',(-37.4,-108.4,-9.));
#3304 = DIRECTION('',(0.,0.,1.));
#3305 = DIRECTION('',(1.,0.,-0.));
#3306 = ADVANCED_FACE('',(#3307),#3343,.T.);
#3307 = FACE_BOUND('',#3308,.T.);
#3308 = EDGE_LOOP('',(#3309,#3310,#3311,#3312,#3325,#3332));
#3309 = ORIENTED_EDGE('',*,*,#3249,.F.);
#3310 = ORIENTED_EDGE('',*,*,#2456,.T.);
#3311 = ORIENTED_EDGE('',*,*,#3193,.T.);
#3312 = ORIENTED_EDGE('',*,*,#3313,.T.);
#3313 = EDGE_CURVE('',#3147,#3314,#3316,.T.);
#3314 = VERTEX_POINT('',#3315);
#3315 = CARTESIAN_POINT('',(-38.65,34.869178082192,-4.415525114155));
#3316 = B_SPLINE_CURVE_WITH_KNOTS('',7,(#3317,#3318,#3319,#3320,#3321,
    #3322,#3323,#3324),.UNSPECIFIED.,.F.,.F.,(8,8),(0.,1.),
  .PIECEWISE_BEZIER_KNOTS.);
#3317 = CARTESIAN_POINT('',(-38.65,36.25,-4.487667593629));
#3318 = CARTESIAN_POINT('',(-38.65,36.052325486483,-4.4690000522));
#3319 = CARTESIAN_POINT('',(-38.65,35.854674384194,-4.45265389898));
#3320 = CARTESIAN_POINT('',(-38.65,35.657065843679,-4.438829772237));
#3321 = CARTESIAN_POINT('',(-38.65,35.459564786618,-4.427782998171));
#3322 = CARTESIAN_POINT('',(-38.65,35.262289139542,-4.419865392032));
#3323 = CARTESIAN_POINT('',(-38.65,35.065408987509,-4.415525114155));
#3324 = CARTESIAN_POINT('',(-38.65,34.869178082192,-4.415525114155));
#3325 = ORIENTED_EDGE('',*,*,#3326,.F.);
#3326 = EDGE_CURVE('',#3327,#3314,#3329,.T.);
#3327 = VERTEX_POINT('',#3328);
#3328 = CARTESIAN_POINT('',(-38.65,-105.8691780821,-4.415525114155));
#3329 = B_SPLINE_CURVE_WITH_KNOTS('',1,(#3330,#3331),.UNSPECIFIED.,.F.,
  .F.,(2,2),(0.,1.),.PIECEWISE_BEZIER_KNOTS.);
#3330 = CARTESIAN_POINT('',(-38.65,-105.8691780821,-4.415525114155));
#3331 = CARTESIAN_POINT('',(-38.65,34.869178082192,-4.415525114155));
#3332 = ORIENTED_EDGE('',*,*,#3333,.F.);
#3333 = EDGE_CURVE('',#3250,#3327,#3334,.T.);
#3334 = B_SPLINE_CURVE_WITH_KNOTS('',7,(#3335,#3336,#3337,#3338,#3339,
    #3340,#3341,#3342),.UNSPECIFIED.,.F.,.F.,(8,8),(0.,1.),
  .PIECEWISE_BEZIER_KNOTS.);
#3335 = CARTESIAN_POINT('',(-38.65,-107.25,-4.487667593629));
#3336 = CARTESIAN_POINT('',(-38.65,-107.0523254864,-4.4690000522));
#3337 = CARTESIAN_POINT('',(-38.65,-106.8546743841,-4.45265389898));
#3338 = CARTESIAN_POINT('',(-38.65,-106.6570658436,-4.438829772237));
#3339 = CARTESIAN_POINT('',(-38.65,-106.4595647866,-4.427782998171));
#3340 = CARTESIAN_POINT('',(-38.65,-106.2622891395,-4.419865392032));
#3341 = CARTESIAN_POINT('',(-38.65,-106.0654089875,-4.415525114155));
#3342 = CARTESIAN_POINT('',(-38.65,-105.8691780821,-4.415525114155));
#3343 = PLANE('',#3344);
#3344 = AXIS2_PLACEMENT_3D('',#3345,#3346,#3347);
#3345 = CARTESIAN_POINT('',(-38.65,36.25,-10.));
#3346 = DIRECTION('',(1.,0.,-0.));
#3347 = DIRECTION('',(0.,-1.,0.));
#3348 = ADVANCED_FACE('',(#3349),#3368,.F.);
#3349 = FACE_BOUND('',#3350,.F.);
#3350 = EDGE_LOOP('',(#3351,#3359,#3366,#3367));
#3351 = ORIENTED_EDGE('',*,*,#3352,.T.);
#3352 = EDGE_CURVE('',#2500,#3353,#3355,.T.);
#3353 = VERTEX_POINT('',#3354);
#3354 = CARTESIAN_POINT('',(38.7,37.4,-3.));
#3355 = LINE('',#3356,#3357);
#3356 = CARTESIAN_POINT('',(38.7,37.4,-10.));
#3357 = VECTOR('',#3358,1.);
#3358 = DIRECTION('',(0.,0.,1.));
#3359 = ORIENTED_EDGE('',*,*,#3360,.F.);
#3360 = EDGE_CURVE('',#3353,#3353,#3361,.T.);
#3361 = CIRCLE('',#3362,1.3);
#3362 = AXIS2_PLACEMENT_3D('',#3363,#3364,#3365);
#3363 = CARTESIAN_POINT('',(37.4,37.4,-3.));
#3364 = DIRECTION('',(0.,0.,1.));
#3365 = DIRECTION('',(1.,0.,-0.));
#3366 = ORIENTED_EDGE('',*,*,#3352,.F.);
#3367 = ORIENTED_EDGE('',*,*,#2499,.T.);
#3368 = CYLINDRICAL_SURFACE('',#3369,1.3);
#3369 = AXIS2_PLACEMENT_3D('',#3370,#3371,#3372);
#3370 = CARTESIAN_POINT('',(37.4,37.4,-10.));
#3371 = DIRECTION('',(0.,0.,1.));
#3372 = DIRECTION('',(1.,0.,-0.));
#3373 = ADVANCED_FACE('',(#3374),#3393,.F.);
#3374 = FACE_BOUND('',#3375,.F.);
#3375 = EDGE_LOOP('',(#3376,#3384,#3391,#3392));
#3376 = ORIENTED_EDGE('',*,*,#3377,.T.);
#3377 = EDGE_CURVE('',#2511,#3378,#3380,.T.);
#3378 = VERTEX_POINT('',#3379);
#3379 = CARTESIAN_POINT('',(-36.1,37.4,-3.));
#3380 = LINE('',#3381,#3382);
#3381 = CARTESIAN_POINT('',(-36.1,37.4,-10.));
#3382 = VECTOR('',#3383,1.);
#3383 = DIRECTION('',(0.,0.,1.));
#3384 = ORIENTED_EDGE('',*,*,#3385,.F.);
#3385 = EDGE_CURVE('',#3378,#3378,#3386,.T.);
#3386 = CIRCLE('',#3387,1.3);
#3387 = AXIS2_PLACEMENT_3D('',#3388,#3389,#3390);
#3388 = CARTESIAN_POINT('',(-37.4,37.4,-3.));
#3389 = DIRECTION('',(0.,0.,1.));
#3390 = DIRECTION('',(1.,0.,-0.));
#3391 = ORIENTED_EDGE('',*,*,#3377,.F.);
#3392 = ORIENTED_EDGE('',*,*,#2510,.T.);
#3393 = CYLINDRICAL_SURFACE('',#3394,1.3);
#3394 = AXIS2_PLACEMENT_3D('',#3395,#3396,#3397);
#3395 = CARTESIAN_POINT('',(-37.4,37.4,-10.));
#3396 = DIRECTION('',(0.,0.,1.));
#3397 = DIRECTION('',(1.,0.,-0.));
#3398 = ADVANCED_FACE('',(#3399),#3423,.F.);
#3399 = FACE_BOUND('',#3400,.F.);
#3400 = EDGE_LOOP('',(#3401,#3402,#3410,#3417));
#3401 = ORIENTED_EDGE('',*,*,#2592,.F.);
#3402 = ORIENTED_EDGE('',*,*,#3403,.T.);
#3403 = EDGE_CURVE('',#2593,#3404,#3406,.T.);
#3404 = VERTEX_POINT('',#3405);
#3405 = CARTESIAN_POINT('',(-26.8,-100.4,-1.036529680365));
#3406 = LINE('',#3407,#3408);
#3407 = CARTESIAN_POINT('',(-26.8,-100.4,-5.5));
#3408 = VECTOR('',#3409,1.);
#3409 = DIRECTION('',(0.,0.,1.));
#3410 = ORIENTED_EDGE('',*,*,#3411,.F.);
#3411 = EDGE_CURVE('',#3412,#3404,#3414,.T.);
#3412 = VERTEX_POINT('',#3413);
#3413 = CARTESIAN_POINT('',(26.8,-100.4,-1.036529680365));
#3414 = B_SPLINE_CURVE_WITH_KNOTS('',1,(#3415,#3416),.UNSPECIFIED.,.F.,
  .F.,(2,2),(0.,1.),.PIECEWISE_BEZIER_KNOTS.);
#3415 = CARTESIAN_POINT('',(26.8,-100.4,-1.036529680365));
#3416 = CARTESIAN_POINT('',(-26.8,-100.4,-1.036529680365));
#3417 = ORIENTED_EDGE('',*,*,#3418,.F.);
#3418 = EDGE_CURVE('',#2595,#3412,#3419,.T.);
#3419 = LINE('',#3420,#3421);
#3420 = CARTESIAN_POINT('',(26.8,-100.4,-5.5));
#3421 = VECTOR('',#3422,1.);
#3422 = DIRECTION('',(0.,0.,1.));
#3423 = PLANE('',#3424);
#3424 = AXIS2_PLACEMENT_3D('',#3425,#3426,#3427);
#3425 = CARTESIAN_POINT('',(-26.8,-100.4,-5.5));
#3426 = DIRECTION('',(0.,1.,0.));
#3427 = DIRECTION('',(1.,0.,0.));
#3428 = ADVANCED_FACE('',(#3429),#3484,.T.);
#3429 = FACE_BOUND('',#3430,.F.);
#3430 = EDGE_LOOP('',(#3431,#3432,#3440,#3447,#3474,#3483));
#3431 = ORIENTED_EDGE('',*,*,#2653,.F.);
#3432 = ORIENTED_EDGE('',*,*,#3433,.T.);
#3433 = EDGE_CURVE('',#2646,#3434,#3436,.T.);
#3434 = VERTEX_POINT('',#3435);
#3435 = CARTESIAN_POINT('',(-29.4,-97.8,-1.036529680365));
#3436 = LINE('',#3437,#3438);
#3437 = CARTESIAN_POINT('',(-29.4,-97.8,-5.5));
#3438 = VECTOR('',#3439,1.);
#3439 = DIRECTION('',(0.,0.,1.));
#3440 = ORIENTED_EDGE('',*,*,#3441,.F.);
#3441 = EDGE_CURVE('',#3442,#3434,#3444,.T.);
#3442 = VERTEX_POINT('',#3443);
#3443 = CARTESIAN_POINT('',(-29.39860696016,-97.8850991574,
    -1.036020807366));
#3444 = B_SPLINE_CURVE_WITH_KNOTS('',1,(#3445,#3446),.UNSPECIFIED.,.F.,
  .F.,(2,2),(0.,1.),.PIECEWISE_BEZIER_KNOTS.);
#3445 = CARTESIAN_POINT('',(-29.39860696016,-97.8850991574,
    -1.036020807366));
#3446 = CARTESIAN_POINT('',(-29.4,-97.8,-1.036529680365));
#3447 = ORIENTED_EDGE('',*,*,#3448,.F.);
#3448 = EDGE_CURVE('',#3449,#3442,#3451,.T.);
#3449 = VERTEX_POINT('',#3450);
#3450 = CARTESIAN_POINT('',(-26.8850991574,-100.3986069601,
    -1.036020807366));
#3451 = B_SPLINE_CURVE_WITH_KNOTS('',6,(#3452,#3453,#3454,#3455,#3456,
    #3457,#3458,#3459,#3460,#3461,#3462,#3463,#3464,#3465,#3466,#3467,
    #3468,#3469,#3470,#3471,#3472,#3473),.UNSPECIFIED.,.F.,.F.,(7,5,5,5,
    7),(0.,0.133773806522,0.499999962393,0.865861436163,1.),
  .UNSPECIFIED.);
#3452 = CARTESIAN_POINT('',(-26.8850991574,-100.3986069601,
    -1.036020807366));
#3453 = CARTESIAN_POINT('',(-26.97210104054,-100.3957578232,
    -1.034980026767));
#3454 = CARTESIAN_POINT('',(-27.05903569472,-100.3894117001,
    -1.034057541363));
#3455 = CARTESIAN_POINT('',(-27.14571754971,-100.3795676912,
    -1.033233865859));
#3456 = CARTESIAN_POINT('',(-27.23196433575,-100.3662387342,
    -1.032495236441));
#3457 = CARTESIAN_POINT('',(-27.31759657315,-100.3494509332,
    -1.031831642637));
#3458 = CARTESIAN_POINT('',(-27.63470081286,-100.2739202883,
    -1.02960107367));
#3459 = CARTESIAN_POINT('',(-27.86107558068,-100.1929530749,
    -1.028467648689));
#3460 = CARTESIAN_POINT('',(-28.07784017122,-100.0871393301,
    -1.027672489913));
#3461 = CARTESIAN_POINT('',(-28.28164181716,-99.95799722999,
    -1.027164641764));
#3462 = CARTESIAN_POINT('',(-28.46940533362,-99.80754993538,
    -1.026910080613));
#3463 = CARTESIAN_POINT('',(-28.8073816434,-99.46957361192,
    -1.026910080706));
#3464 = CARTESIAN_POINT('',(-28.95769754396,-99.2820157564,
    -1.027164133663));
#3465 = CARTESIAN_POINT('',(-29.08675341679,-99.07844904946,
    -1.027670977272));
#3466 = CARTESIAN_POINT('',(-29.19253143664,-98.8619390003,
    -1.028464478589));
#3467 = CARTESIAN_POINT('',(-29.27351687604,-98.63582786802,
    -1.029595435459));
#3468 = CARTESIAN_POINT('',(-29.34922180434,-98.31876396902,
    -1.031822600806));
#3469 = CARTESIAN_POINT('',(-29.36609320574,-98.23290497365,
    -1.032487184836));
#3470 = CARTESIAN_POINT('',(-29.37948708983,-98.14642659722,
    -1.033227130679));
#3471 = CARTESIAN_POINT('',(-29.38937706664,-98.05950977459,
    -1.034052511255));
#3472 = CARTESIAN_POINT('',(-29.39575005472,-97.97233826289,
    -1.034977188939));
#3473 = CARTESIAN_POINT('',(-29.39860696016,-97.8850991574,
    -1.036020807366));
#3474 = ORIENTED_EDGE('',*,*,#3475,.F.);
#3475 = EDGE_CURVE('',#3404,#3449,#3476,.T.);
#3476 = B_SPLINE_CURVE_WITH_KNOTS('',3,(#3477,#3478,#3479,#3480,#3481,
    #3482),.UNSPECIFIED.,.F.,.F.,(4,1,1,4),(0.,0.180513915826,
    0.803624060359,1.),.UNSPECIFIED.);
#3477 = CARTESIAN_POINT('',(-26.8,-100.4,-1.036529680365));
#3478 = CARTESIAN_POINT('',(-26.80515733987,-100.4,-1.036529680365));
#3479 = CARTESIAN_POINT('',(-26.82813722791,-100.3999315215,
    -1.036504665423));
#3480 = CARTESIAN_POINT('',(-26.85650800837,-100.3994696856,
    -1.036335958224));
#3481 = CARTESIAN_POINT('',(-26.87956859174,-100.398788075,
    -1.036086968065));
#3482 = CARTESIAN_POINT('',(-26.8850991574,-100.3986069601,
    -1.036020807366));
#3483 = ORIENTED_EDGE('',*,*,#3403,.F.);
#3484 = CYLINDRICAL_SURFACE('',#3485,2.6);
#3485 = AXIS2_PLACEMENT_3D('',#3486,#3487,#3488);
#3486 = CARTESIAN_POINT('',(-26.8,-97.8,-5.5));
#3487 = DIRECTION('',(-0.,-0.,-1.));
#3488 = DIRECTION('',(-1.,0.,0.));
#3489 = ADVANCED_FACE('',(#3490),#3544,.T.);
#3490 = FACE_BOUND('',#3491,.F.);
#3491 = EDGE_LOOP('',(#3492,#3493,#3494,#3504,#3531,#3538));
#3492 = ORIENTED_EDGE('',*,*,#2602,.F.);
#3493 = ORIENTED_EDGE('',*,*,#3418,.T.);
#3494 = ORIENTED_EDGE('',*,*,#3495,.F.);
#3495 = EDGE_CURVE('',#3496,#3412,#3498,.T.);
#3496 = VERTEX_POINT('',#3497);
#3497 = CARTESIAN_POINT('',(26.885099157401,-100.3986069601,
    -1.036020807366));
#3498 = B_SPLINE_CURVE_WITH_KNOTS('',3,(#3499,#3500,#3501,#3502,#3503),
  .UNSPECIFIED.,.F.,.F.,(4,1,4),(0.,0.621853934289,1.),.UNSPECIFIED.);
#3499 = CARTESIAN_POINT('',(26.885099157401,-100.3986069601,
    -1.036020807366));
#3500 = CARTESIAN_POINT('',(26.867523476399,-100.3991825284,
    -1.036231060605));
#3501 = CARTESIAN_POINT('',(26.839398270435,-100.3998204677,
    -1.036464097795));
#3502 = CARTESIAN_POINT('',(26.810785348497,-100.4,-1.036529680365));
#3503 = CARTESIAN_POINT('',(26.8,-100.4,-1.036529680365));
#3504 = ORIENTED_EDGE('',*,*,#3505,.F.);
#3505 = EDGE_CURVE('',#3506,#3496,#3508,.T.);
#3506 = VERTEX_POINT('',#3507);
#3507 = CARTESIAN_POINT('',(29.398606960163,-97.8850991574,
    -1.036020807366));
#3508 = B_SPLINE_CURVE_WITH_KNOTS('',6,(#3509,#3510,#3511,#3512,#3513,
    #3514,#3515,#3516,#3517,#3518,#3519,#3520,#3521,#3522,#3523,#3524,
    #3525,#3526,#3527,#3528,#3529,#3530),.UNSPECIFIED.,.F.,.F.,(7,5,5,5,
    7),(0.,0.133773806522,0.499999962393,0.865861436253,1.),
  .UNSPECIFIED.);
#3509 = CARTESIAN_POINT('',(29.398606960163,-97.8850991574,
    -1.036020807366));
#3510 = CARTESIAN_POINT('',(29.395757823275,-97.97210104054,
    -1.034980026767));
#3511 = CARTESIAN_POINT('',(29.389411700143,-98.05903569472,
    -1.034057541363));
#3512 = CARTESIAN_POINT('',(29.379567691218,-98.14571754971,
    -1.033233865859));
#3513 = CARTESIAN_POINT('',(29.366238734218,-98.23196433575,
    -1.032495236441));
#3514 = CARTESIAN_POINT('',(29.349450933258,-98.31759657315,
    -1.031831642637));
#3515 = CARTESIAN_POINT('',(29.273920288332,-98.63470081286,
    -1.02960107367));
#3516 = CARTESIAN_POINT('',(29.192953074947,-98.86107558068,
    -1.028467648689));
#3517 = CARTESIAN_POINT('',(29.087139330176,-99.07784017122,
    -1.027672489913));
#3518 = CARTESIAN_POINT('',(28.957997229994,-99.28164181716,
    -1.027164641764));
#3519 = CARTESIAN_POINT('',(28.807549935383,-99.46940533362,
    -1.026910080613));
#3520 = CARTESIAN_POINT('',(28.469573611887,-99.80738164345,
    -1.026910080706));
#3521 = CARTESIAN_POINT('',(28.282015756311,-99.95769754403,
    -1.027164133663));
#3522 = CARTESIAN_POINT('',(28.078449049318,-100.0867534168,
    -1.027670977272));
#3523 = CARTESIAN_POINT('',(27.861939000088,-100.1925314367,
    -1.02846447859));
#3524 = CARTESIAN_POINT('',(27.635827867749,-100.2735168761,
    -1.02959543546));
#3525 = CARTESIAN_POINT('',(27.318763968731,-100.3492218044,
    -1.031822600808));
#3526 = CARTESIAN_POINT('',(27.232904973422,-100.3660932057,
    -1.032487184838));
#3527 = CARTESIAN_POINT('',(27.146426597045,-100.3794870898,
    -1.033227130681));
#3528 = CARTESIAN_POINT('',(27.059509774479,-100.3893770666,
    -1.034052511256));
#3529 = CARTESIAN_POINT('',(26.972338262836,-100.3957500547,
    -1.03497718894));
#3530 = CARTESIAN_POINT('',(26.885099157401,-100.3986069601,
    -1.036020807366));
#3531 = ORIENTED_EDGE('',*,*,#3532,.F.);
#3532 = EDGE_CURVE('',#3533,#3506,#3535,.T.);
#3533 = VERTEX_POINT('',#3534);
#3534 = CARTESIAN_POINT('',(29.4,-97.8,-1.036529680365));
#3535 = B_SPLINE_CURVE_WITH_KNOTS('',1,(#3536,#3537),.UNSPECIFIED.,.F.,
  .F.,(2,2),(0.,1.),.PIECEWISE_BEZIER_KNOTS.);
#3536 = CARTESIAN_POINT('',(29.4,-97.8,-1.036529680365));
#3537 = CARTESIAN_POINT('',(29.398606960163,-97.8850991574,
    -1.036020807366));
#3538 = ORIENTED_EDGE('',*,*,#3539,.F.);
#3539 = EDGE_CURVE('',#2603,#3533,#3540,.T.);
#3540 = LINE('',#3541,#3542);
#3541 = CARTESIAN_POINT('',(29.4,-97.8,-5.5));
#3542 = VECTOR('',#3543,1.);
#3543 = DIRECTION('',(0.,0.,1.));
#3544 = CYLINDRICAL_SURFACE('',#3545,2.6);
#3545 = AXIS2_PLACEMENT_3D('',#3546,#3547,#3548);
#3546 = CARTESIAN_POINT('',(26.8,-97.8,-5.5));
#3547 = DIRECTION('',(-0.,-0.,-1.));
#3548 = DIRECTION('',(-4.099285014001E-15,-1.,0.));
#3549 = ADVANCED_FACE('',(#3550),#3567,.F.);
#3550 = FACE_BOUND('',#3551,.F.);
#3551 = EDGE_LOOP('',(#3552,#3553,#3561,#3566));
#3552 = ORIENTED_EDGE('',*,*,#2645,.F.);
#3553 = ORIENTED_EDGE('',*,*,#3554,.T.);
#3554 = EDGE_CURVE('',#2637,#3555,#3557,.T.);
#3555 = VERTEX_POINT('',#3556);
#3556 = CARTESIAN_POINT('',(-29.4,-44.2,-1.036529680365));
#3557 = LINE('',#3558,#3559);
#3558 = CARTESIAN_POINT('',(-29.4,-44.2,-5.5));
#3559 = VECTOR('',#3560,1.);
#3560 = DIRECTION('',(0.,0.,1.));
#3561 = ORIENTED_EDGE('',*,*,#3562,.F.);
#3562 = EDGE_CURVE('',#3434,#3555,#3563,.T.);
#3563 = B_SPLINE_CURVE_WITH_KNOTS('',1,(#3564,#3565),.UNSPECIFIED.,.F.,
  .F.,(2,2),(0.,1.),.PIECEWISE_BEZIER_KNOTS.);
#3564 = CARTESIAN_POINT('',(-29.4,-97.8,-1.036529680365));
#3565 = CARTESIAN_POINT('',(-29.4,-44.2,-1.036529680365));
#3566 = ORIENTED_EDGE('',*,*,#3433,.F.);
#3567 = PLANE('',#3568);
#3568 = AXIS2_PLACEMENT_3D('',#3569,#3570,#3571);
#3569 = CARTESIAN_POINT('',(-29.4,-44.2,-5.5));
#3570 = DIRECTION('',(1.,0.,-0.));
#3571 = DIRECTION('',(0.,-1.,0.));
#3572 = ADVANCED_FACE('',(#3573),#3590,.F.);
#3573 = FACE_BOUND('',#3574,.F.);
#3574 = EDGE_LOOP('',(#3575,#3576,#3577,#3584));
#3575 = ORIENTED_EDGE('',*,*,#2611,.F.);
#3576 = ORIENTED_EDGE('',*,*,#3539,.T.);
#3577 = ORIENTED_EDGE('',*,*,#3578,.F.);
#3578 = EDGE_CURVE('',#3579,#3533,#3581,.T.);
#3579 = VERTEX_POINT('',#3580);
#3580 = CARTESIAN_POINT('',(29.4,-44.2,-1.036529680365));
#3581 = B_SPLINE_CURVE_WITH_KNOTS('',1,(#3582,#3583),.UNSPECIFIED.,.F.,
  .F.,(2,2),(0.,1.),.PIECEWISE_BEZIER_KNOTS.);
#3582 = CARTESIAN_POINT('',(29.4,-44.2,-1.036529680365));
#3583 = CARTESIAN_POINT('',(29.4,-97.8,-1.036529680365));
#3584 = ORIENTED_EDGE('',*,*,#3585,.F.);
#3585 = EDGE_CURVE('',#2612,#3579,#3586,.T.);
#3586 = LINE('',#3587,#3588);
#3587 = CARTESIAN_POINT('',(29.4,-44.2,-5.5));
#3588 = VECTOR('',#3589,1.);
#3589 = DIRECTION('',(0.,0.,1.));
#3590 = PLANE('',#3591);
#3591 = AXIS2_PLACEMENT_3D('',#3592,#3593,#3594);
#3592 = CARTESIAN_POINT('',(29.4,-97.8,-5.5));
#3593 = DIRECTION('',(-1.,0.,0.));
#3594 = DIRECTION('',(0.,1.,0.));
#3595 = ADVANCED_FACE('',(#3596),#3629,.T.);
#3596 = FACE_BOUND('',#3597,.F.);
#3597 = EDGE_LOOP('',(#3598,#3599,#3607,#3616,#3628));
#3598 = ORIENTED_EDGE('',*,*,#2636,.F.);
#3599 = ORIENTED_EDGE('',*,*,#3600,.T.);
#3600 = EDGE_CURVE('',#2629,#3601,#3603,.T.);
#3601 = VERTEX_POINT('',#3602);
#3602 = CARTESIAN_POINT('',(-26.8,-41.6,-1.));
#3603 = LINE('',#3604,#3605);
#3604 = CARTESIAN_POINT('',(-26.8,-41.6,-5.5));
#3605 = VECTOR('',#3606,1.);
#3606 = DIRECTION('',(0.,0.,1.));
#3607 = ORIENTED_EDGE('',*,*,#3608,.F.);
#3608 = EDGE_CURVE('',#3609,#3601,#3611,.T.);
#3609 = VERTEX_POINT('',#3610);
#3610 = CARTESIAN_POINT('',(-29.3,-43.48585715714,-1.));
#3611 = CIRCLE('',#3612,2.6);
#3612 = AXIS2_PLACEMENT_3D('',#3613,#3614,#3615);
#3613 = CARTESIAN_POINT('',(-26.8,-44.2,-1.));
#3614 = DIRECTION('',(-0.,0.,-1.));
#3615 = DIRECTION('',(0.,1.,0.));
#3616 = ORIENTED_EDGE('',*,*,#3617,.F.);
#3617 = EDGE_CURVE('',#3555,#3609,#3618,.T.);
#3618 = B_SPLINE_CURVE_WITH_KNOTS('',8,(#3619,#3620,#3621,#3622,#3623,
    #3624,#3625,#3626,#3627),.UNSPECIFIED.,.F.,.F.,(9,9),(0.,1.),
  .PIECEWISE_BEZIER_KNOTS.);
#3619 = CARTESIAN_POINT('',(-29.4,-44.2,-1.036529680365));
#3620 = CARTESIAN_POINT('',(-29.4,-44.03821692015,-1.036529680365));
#3621 = CARTESIAN_POINT('',(-29.38849480444,-43.89912511161,
    -1.032326869203));
#3622 = CARTESIAN_POINT('',(-29.37113436195,-43.78382747989,
    -1.02598515505));
#3623 = CARTESIAN_POINT('',(-29.352601862,-43.69156431426,
    -1.019215292057));
#3624 = CARTESIAN_POINT('',(-29.33593791782,-43.61996495128,
    -1.013128006512));
#3625 = CARTESIAN_POINT('',(-29.32202949809,-43.56531814367,
    -1.008047305241));
#3626 = CARTESIAN_POINT('',(-29.31050869314,-43.52264494145,
    -1.003838792018));
#3627 = CARTESIAN_POINT('',(-29.3,-43.48585715714,-1.));
#3628 = ORIENTED_EDGE('',*,*,#3554,.F.);
#3629 = CYLINDRICAL_SURFACE('',#3630,2.6);
#3630 = AXIS2_PLACEMENT_3D('',#3631,#3632,#3633);
#3631 = CARTESIAN_POINT('',(-26.8,-44.2,-5.5));
#3632 = DIRECTION('',(-0.,0.,-1.));
#3633 = DIRECTION('',(0.,1.,0.));
#3634 = ADVANCED_FACE('',(#3635),#3665,.T.);
#3635 = FACE_BOUND('',#3636,.F.);
#3636 = EDGE_LOOP('',(#3637,#3638,#3639,#3650,#3659));
#3637 = ORIENTED_EDGE('',*,*,#2619,.F.);
#3638 = ORIENTED_EDGE('',*,*,#3585,.T.);
#3639 = ORIENTED_EDGE('',*,*,#3640,.F.);
#3640 = EDGE_CURVE('',#3641,#3579,#3643,.T.);
#3641 = VERTEX_POINT('',#3642);
#3642 = CARTESIAN_POINT('',(29.3,-43.48585715714,-1.));
#3643 = B_SPLINE_CURVE_WITH_KNOTS('',5,(#3644,#3645,#3646,#3647,#3648,
    #3649),.UNSPECIFIED.,.F.,.F.,(6,6),(0.,1.),
  .PIECEWISE_BEZIER_KNOTS.);
#3644 = CARTESIAN_POINT('',(29.3,-43.48585715714,-1.));
#3645 = CARTESIAN_POINT('',(29.340470113188,-43.62753089088,
    -1.014783602991));
#3646 = CARTESIAN_POINT('',(29.370438984405,-43.77044032282,
    -1.025731135856));
#3647 = CARTESIAN_POINT('',(29.390204145103,-43.91388700278,
    -1.032951285882));
#3648 = CARTESIAN_POINT('',(29.4,-44.05725412103,-1.036529680365));
#3649 = CARTESIAN_POINT('',(29.4,-44.2,-1.036529680365));
#3650 = ORIENTED_EDGE('',*,*,#3651,.F.);
#3651 = EDGE_CURVE('',#3652,#3641,#3654,.T.);
#3652 = VERTEX_POINT('',#3653);
#3653 = CARTESIAN_POINT('',(26.8,-41.6,-1.));
#3654 = CIRCLE('',#3655,2.6);
#3655 = AXIS2_PLACEMENT_3D('',#3656,#3657,#3658);
#3656 = CARTESIAN_POINT('',(26.8,-44.2,-1.));
#3657 = DIRECTION('',(0.,-0.,-1.));
#3658 = DIRECTION('',(1.,0.,-0.));
#3659 = ORIENTED_EDGE('',*,*,#3660,.F.);
#3660 = EDGE_CURVE('',#2620,#3652,#3661,.T.);
#3661 = LINE('',#3662,#3663);
#3662 = CARTESIAN_POINT('',(26.8,-41.6,-5.5));
#3663 = VECTOR('',#3664,1.);
#3664 = DIRECTION('',(0.,0.,1.));
#3665 = CYLINDRICAL_SURFACE('',#3666,2.6);
#3666 = AXIS2_PLACEMENT_3D('',#3667,#3668,#3669);
#3667 = CARTESIAN_POINT('',(26.8,-44.2,-5.5));
#3668 = DIRECTION('',(-0.,-0.,-1.));
#3669 = DIRECTION('',(1.,0.,-0.));
#3670 = ADVANCED_FACE('',(#3671),#3682,.F.);
#3671 = FACE_BOUND('',#3672,.F.);
#3672 = EDGE_LOOP('',(#3673,#3674,#3675,#3681));
#3673 = ORIENTED_EDGE('',*,*,#2628,.F.);
#3674 = ORIENTED_EDGE('',*,*,#3660,.T.);
#3675 = ORIENTED_EDGE('',*,*,#3676,.F.);
#3676 = EDGE_CURVE('',#3601,#3652,#3677,.T.);
#3677 = LINE('',#3678,#3679);
#3678 = CARTESIAN_POINT('',(26.8,-41.6,-1.));
#3679 = VECTOR('',#3680,1.);
#3680 = DIRECTION('',(1.,0.,-0.));
#3681 = ORIENTED_EDGE('',*,*,#3600,.F.);
#3682 = PLANE('',#3683);
#3683 = AXIS2_PLACEMENT_3D('',#3684,#3685,#3686);
#3684 = CARTESIAN_POINT('',(26.8,-41.6,-5.5));
#3685 = DIRECTION('',(0.,-1.,0.));
#3686 = DIRECTION('',(-1.,0.,0.));
#3687 = ADVANCED_FACE('',(#3688),#3713,.F.);
#3688 = FACE_BOUND('',#3689,.F.);
#3689 = EDGE_LOOP('',(#3690,#3691,#3699,#3707));
#3690 = ORIENTED_EDGE('',*,*,#2678,.F.);
#3691 = ORIENTED_EDGE('',*,*,#3692,.T.);
#3692 = EDGE_CURVE('',#2679,#3693,#3695,.T.);
#3693 = VERTEX_POINT('',#3694);
#3694 = CARTESIAN_POINT('',(-26.8,-29.4,-1.));
#3695 = LINE('',#3696,#3697);
#3696 = CARTESIAN_POINT('',(-26.8,-29.4,-5.5));
#3697 = VECTOR('',#3698,1.);
#3698 = DIRECTION('',(0.,0.,1.));
#3699 = ORIENTED_EDGE('',*,*,#3700,.F.);
#3700 = EDGE_CURVE('',#3701,#3693,#3703,.T.);
#3701 = VERTEX_POINT('',#3702);
#3702 = CARTESIAN_POINT('',(26.8,-29.4,-1.));
#3703 = LINE('',#3704,#3705);
#3704 = CARTESIAN_POINT('',(0.,-29.4,-1.));
#3705 = VECTOR('',#3706,1.);
#3706 = DIRECTION('',(-1.,0.,0.));
#3707 = ORIENTED_EDGE('',*,*,#3708,.F.);
#3708 = EDGE_CURVE('',#2681,#3701,#3709,.T.);
#3709 = LINE('',#3710,#3711);
#3710 = CARTESIAN_POINT('',(26.8,-29.4,-5.5));
#3711 = VECTOR('',#3712,1.);
#3712 = DIRECTION('',(0.,0.,1.));
#3713 = PLANE('',#3714);
#3714 = AXIS2_PLACEMENT_3D('',#3715,#3716,#3717);
#3715 = CARTESIAN_POINT('',(-26.8,-29.4,-5.5));
#3716 = DIRECTION('',(0.,1.,0.));
#3717 = DIRECTION('',(1.,0.,0.));
#3718 = ADVANCED_FACE('',(#3719),#3749,.T.);
#3719 = FACE_BOUND('',#3720,.F.);
#3720 = EDGE_LOOP('',(#3721,#3722,#3730,#3741,#3748));
#3721 = ORIENTED_EDGE('',*,*,#2739,.F.);
#3722 = ORIENTED_EDGE('',*,*,#3723,.T.);
#3723 = EDGE_CURVE('',#2732,#3724,#3726,.T.);
#3724 = VERTEX_POINT('',#3725);
#3725 = CARTESIAN_POINT('',(-29.4,-26.8,-1.036529680365));
#3726 = LINE('',#3727,#3728);
#3727 = CARTESIAN_POINT('',(-29.4,-26.8,-5.5));
#3728 = VECTOR('',#3729,1.);
#3729 = DIRECTION('',(0.,0.,1.));
#3730 = ORIENTED_EDGE('',*,*,#3731,.F.);
#3731 = EDGE_CURVE('',#3732,#3724,#3734,.T.);
#3732 = VERTEX_POINT('',#3733);
#3733 = CARTESIAN_POINT('',(-29.3,-27.51414284285,-1.));
#3734 = B_SPLINE_CURVE_WITH_KNOTS('',5,(#3735,#3736,#3737,#3738,#3739,
    #3740),.UNSPECIFIED.,.F.,.F.,(6,6),(0.,1.),
  .PIECEWISE_BEZIER_KNOTS.);
#3735 = CARTESIAN_POINT('',(-29.3,-27.51414284285,-1.));
#3736 = CARTESIAN_POINT('',(-29.34047011318,-27.37246910911,
    -1.014783602991));
#3737 = CARTESIAN_POINT('',(-29.3704389844,-27.22955967718,
    -1.025731135856));
#3738 = CARTESIAN_POINT('',(-29.3902041451,-27.08611299721,
    -1.032951285882));
#3739 = CARTESIAN_POINT('',(-29.4,-26.94274587896,-1.036529680365));
#3740 = CARTESIAN_POINT('',(-29.4,-26.8,-1.036529680365));
#3741 = ORIENTED_EDGE('',*,*,#3742,.F.);
#3742 = EDGE_CURVE('',#3693,#3732,#3743,.T.);
#3743 = CIRCLE('',#3744,2.6);
#3744 = AXIS2_PLACEMENT_3D('',#3745,#3746,#3747);
#3745 = CARTESIAN_POINT('',(-26.8,-26.8,-1.));
#3746 = DIRECTION('',(-0.,0.,-1.));
#3747 = DIRECTION('',(-1.,-2.732856676E-15,0.));
#3748 = ORIENTED_EDGE('',*,*,#3692,.F.);
#3749 = CYLINDRICAL_SURFACE('',#3750,2.6);
#3750 = AXIS2_PLACEMENT_3D('',#3751,#3752,#3753);
#3751 = CARTESIAN_POINT('',(-26.8,-26.8,-5.5));
#3752 = DIRECTION('',(-0.,-0.,-1.));
#3753 = DIRECTION('',(-1.,-2.732856676E-15,0.));
#3754 = ADVANCED_FACE('',(#3755),#3788,.T.);
#3755 = FACE_BOUND('',#3756,.F.);
#3756 = EDGE_LOOP('',(#3757,#3758,#3759,#3768,#3782));
#3757 = ORIENTED_EDGE('',*,*,#2688,.F.);
#3758 = ORIENTED_EDGE('',*,*,#3708,.T.);
#3759 = ORIENTED_EDGE('',*,*,#3760,.F.);
#3760 = EDGE_CURVE('',#3761,#3701,#3763,.T.);
#3761 = VERTEX_POINT('',#3762);
#3762 = CARTESIAN_POINT('',(29.3,-27.51414284285,-1.));
#3763 = CIRCLE('',#3764,2.6);
#3764 = AXIS2_PLACEMENT_3D('',#3765,#3766,#3767);
#3765 = CARTESIAN_POINT('',(26.8,-26.8,-1.));
#3766 = DIRECTION('',(0.,-0.,-1.));
#3767 = DIRECTION('',(2.732856676E-15,-1.,0.));
#3768 = ORIENTED_EDGE('',*,*,#3769,.F.);
#3769 = EDGE_CURVE('',#3770,#3761,#3772,.T.);
#3770 = VERTEX_POINT('',#3771);
#3771 = CARTESIAN_POINT('',(29.4,-26.8,-1.036529680365));
#3772 = B_SPLINE_CURVE_WITH_KNOTS('',8,(#3773,#3774,#3775,#3776,#3777,
    #3778,#3779,#3780,#3781),.UNSPECIFIED.,.F.,.F.,(9,9),(0.,1.),
  .PIECEWISE_BEZIER_KNOTS.);
#3773 = CARTESIAN_POINT('',(29.4,-26.8,-1.036529680365));
#3774 = CARTESIAN_POINT('',(29.4,-26.96178307984,-1.036529680365));
#3775 = CARTESIAN_POINT('',(29.388494804443,-27.10087488838,
    -1.032326869203));
#3776 = CARTESIAN_POINT('',(29.371134361951,-27.21617252011,
    -1.02598515505));
#3777 = CARTESIAN_POINT('',(29.352601862005,-27.30843568573,
    -1.019215292057));
#3778 = CARTESIAN_POINT('',(29.335937917827,-27.38003504871,
    -1.013128006512));
#3779 = CARTESIAN_POINT('',(29.322029498096,-27.43468185632,
    -1.008047305241));
#3780 = CARTESIAN_POINT('',(29.310508693149,-27.47735505854,
    -1.003838792018));
#3781 = CARTESIAN_POINT('',(29.3,-27.51414284285,-1.));
#3782 = ORIENTED_EDGE('',*,*,#3783,.F.);
#3783 = EDGE_CURVE('',#2689,#3770,#3784,.T.);
#3784 = LINE('',#3785,#3786);
#3785 = CARTESIAN_POINT('',(29.4,-26.8,-5.5));
#3786 = VECTOR('',#3787,1.);
#3787 = DIRECTION('',(0.,0.,1.));
#3788 = CYLINDRICAL_SURFACE('',#3789,2.6);
#3789 = AXIS2_PLACEMENT_3D('',#3790,#3791,#3792);
#3790 = CARTESIAN_POINT('',(26.8,-26.8,-5.5));
#3791 = DIRECTION('',(-0.,-0.,-1.));
#3792 = DIRECTION('',(2.732856676E-15,-1.,0.));
#3793 = ADVANCED_FACE('',(#3794),#3811,.F.);
#3794 = FACE_BOUND('',#3795,.F.);
#3795 = EDGE_LOOP('',(#3796,#3797,#3805,#3810));
#3796 = ORIENTED_EDGE('',*,*,#2731,.F.);
#3797 = ORIENTED_EDGE('',*,*,#3798,.T.);
#3798 = EDGE_CURVE('',#2723,#3799,#3801,.T.);
#3799 = VERTEX_POINT('',#3800);
#3800 = CARTESIAN_POINT('',(-29.4,26.8,-1.036529680365));
#3801 = LINE('',#3802,#3803);
#3802 = CARTESIAN_POINT('',(-29.4,26.8,-5.5));
#3803 = VECTOR('',#3804,1.);
#3804 = DIRECTION('',(0.,0.,1.));
#3805 = ORIENTED_EDGE('',*,*,#3806,.F.);
#3806 = EDGE_CURVE('',#3724,#3799,#3807,.T.);
#3807 = B_SPLINE_CURVE_WITH_KNOTS('',1,(#3808,#3809),.UNSPECIFIED.,.F.,
  .F.,(2,2),(0.,1.),.PIECEWISE_BEZIER_KNOTS.);
#3808 = CARTESIAN_POINT('',(-29.4,-26.8,-1.036529680365));
#3809 = CARTESIAN_POINT('',(-29.4,26.8,-1.036529680365));
#3810 = ORIENTED_EDGE('',*,*,#3723,.F.);
#3811 = PLANE('',#3812);
#3812 = AXIS2_PLACEMENT_3D('',#3813,#3814,#3815);
#3813 = CARTESIAN_POINT('',(-29.4,26.8,-5.5));
#3814 = DIRECTION('',(1.,0.,-0.));
#3815 = DIRECTION('',(0.,-1.,0.));
#3816 = ADVANCED_FACE('',(#3817),#3834,.F.);
#3817 = FACE_BOUND('',#3818,.F.);
#3818 = EDGE_LOOP('',(#3819,#3820,#3821,#3828));
#3819 = ORIENTED_EDGE('',*,*,#2697,.F.);
#3820 = ORIENTED_EDGE('',*,*,#3783,.T.);
#3821 = ORIENTED_EDGE('',*,*,#3822,.F.);
#3822 = EDGE_CURVE('',#3823,#3770,#3825,.T.);
#3823 = VERTEX_POINT('',#3824);
#3824 = CARTESIAN_POINT('',(29.4,26.8,-1.036529680365));
#3825 = B_SPLINE_CURVE_WITH_KNOTS('',1,(#3826,#3827),.UNSPECIFIED.,.F.,
  .F.,(2,2),(0.,1.),.PIECEWISE_BEZIER_KNOTS.);
#3826 = CARTESIAN_POINT('',(29.4,26.8,-1.036529680365));
#3827 = CARTESIAN_POINT('',(29.4,-26.8,-1.036529680365));
#3828 = ORIENTED_EDGE('',*,*,#3829,.F.);
#3829 = EDGE_CURVE('',#2698,#3823,#3830,.T.);
#3830 = LINE('',#3831,#3832);
#3831 = CARTESIAN_POINT('',(29.4,26.8,-5.5));
#3832 = VECTOR('',#3833,1.);
#3833 = DIRECTION('',(0.,0.,1.));
#3834 = PLANE('',#3835);
#3835 = AXIS2_PLACEMENT_3D('',#3836,#3837,#3838);
#3836 = CARTESIAN_POINT('',(29.4,-26.8,-5.5));
#3837 = DIRECTION('',(-1.,0.,0.));
#3838 = DIRECTION('',(0.,1.,0.));
#3839 = ADVANCED_FACE('',(#3840),#3894,.T.);
#3840 = FACE_BOUND('',#3841,.F.);
#3841 = EDGE_LOOP('',(#3842,#3843,#3851,#3861,#3888,#3893));
#3842 = ORIENTED_EDGE('',*,*,#2722,.F.);
#3843 = ORIENTED_EDGE('',*,*,#3844,.T.);
#3844 = EDGE_CURVE('',#2715,#3845,#3847,.T.);
#3845 = VERTEX_POINT('',#3846);
#3846 = CARTESIAN_POINT('',(-26.8,29.4,-1.036529680365));
#3847 = LINE('',#3848,#3849);
#3848 = CARTESIAN_POINT('',(-26.8,29.4,-5.5));
#3849 = VECTOR('',#3850,1.);
#3850 = DIRECTION('',(0.,0.,1.));
#3851 = ORIENTED_EDGE('',*,*,#3852,.F.);
#3852 = EDGE_CURVE('',#3853,#3845,#3855,.T.);
#3853 = VERTEX_POINT('',#3854);
#3854 = CARTESIAN_POINT('',(-26.8850991574,29.398606960163,
    -1.036020807366));
#3855 = B_SPLINE_CURVE_WITH_KNOTS('',3,(#3856,#3857,#3858,#3859,#3860),
  .UNSPECIFIED.,.F.,.F.,(4,1,4),(0.,0.621853934289,1.),.UNSPECIFIED.);
#3856 = CARTESIAN_POINT('',(-26.8850991574,29.398606960163,
    -1.036020807366));
#3857 = CARTESIAN_POINT('',(-26.86752347639,29.399182528407,
    -1.036231060605));
#3858 = CARTESIAN_POINT('',(-26.83939827043,29.399820467714,
    -1.036464097795));
#3859 = CARTESIAN_POINT('',(-26.81078534849,29.4,-1.036529680365));
#3860 = CARTESIAN_POINT('',(-26.8,29.4,-1.036529680365));
#3861 = ORIENTED_EDGE('',*,*,#3862,.F.);
#3862 = EDGE_CURVE('',#3863,#3853,#3865,.T.);
#3863 = VERTEX_POINT('',#3864);
#3864 = CARTESIAN_POINT('',(-29.39860696016,26.885099157401,
    -1.036020807366));
#3865 = B_SPLINE_CURVE_WITH_KNOTS('',6,(#3866,#3867,#3868,#3869,#3870,
    #3871,#3872,#3873,#3874,#3875,#3876,#3877,#3878,#3879,#3880,#3881,
    #3882,#3883,#3884,#3885,#3886,#3887),.UNSPECIFIED.,.F.,.F.,(7,5,5,5,
    7),(0.,0.133773806522,0.499999962393,0.86586143608,1.),
  .UNSPECIFIED.);
#3866 = CARTESIAN_POINT('',(-29.39860696016,26.885099157401,
    -1.036020807366));
#3867 = CARTESIAN_POINT('',(-29.39575782327,26.97210104054,
    -1.034980026767));
#3868 = CARTESIAN_POINT('',(-29.38941170014,27.059035694726,
    -1.034057541363));
#3869 = CARTESIAN_POINT('',(-29.37956769121,27.145717549718,
    -1.033233865859));
#3870 = CARTESIAN_POINT('',(-29.36623873421,27.231964335754,
    -1.032495236441));
#3871 = CARTESIAN_POINT('',(-29.34945093325,27.317596573159,
    -1.031831642637));
#3872 = CARTESIAN_POINT('',(-29.27392028833,27.634700812864,
    -1.02960107367));
#3873 = CARTESIAN_POINT('',(-29.19295307494,27.861075580689,
    -1.028467648689));
#3874 = CARTESIAN_POINT('',(-29.08713933017,28.077840171223,
    -1.027672489913));
#3875 = CARTESIAN_POINT('',(-28.95799722999,28.281641817161,
    -1.027164641764));
#3876 = CARTESIAN_POINT('',(-28.80754993538,28.469405333627,
    -1.026910080613));
#3877 = CARTESIAN_POINT('',(-28.46957361196,28.807381643371,
    -1.026910080706));
#3878 = CARTESIAN_POINT('',(-28.28201575648,28.957697543893,
    -1.027164133663));
#3879 = CARTESIAN_POINT('',(-28.0784490496,29.086753416702,
    -1.027670977272));
#3880 = CARTESIAN_POINT('',(-27.86193900049,29.192531436546,
    -1.028464478588));
#3881 = CARTESIAN_POINT('',(-27.63582786828,29.273516875948,
    -1.029595435457));
#3882 = CARTESIAN_POINT('',(-27.31876396928,29.349221804292,
    -1.031822600804));
#3883 = CARTESIAN_POINT('',(-27.23290497386,29.366093205708,
    -1.032487184834));
#3884 = CARTESIAN_POINT('',(-27.14642659738,29.379487089818,
    -1.033227130678));
#3885 = CARTESIAN_POINT('',(-27.0595097747,29.389377066637,
    -1.034052511254));
#3886 = CARTESIAN_POINT('',(-26.97233826294,29.395750054718,
    -1.034977188938));
#3887 = CARTESIAN_POINT('',(-26.8850991574,29.398606960163,
    -1.036020807366));
#3888 = ORIENTED_EDGE('',*,*,#3889,.F.);
#3889 = EDGE_CURVE('',#3799,#3863,#3890,.T.);
#3890 = B_SPLINE_CURVE_WITH_KNOTS('',1,(#3891,#3892),.UNSPECIFIED.,.F.,
  .F.,(2,2),(0.,1.),.PIECEWISE_BEZIER_KNOTS.);
#3891 = CARTESIAN_POINT('',(-29.4,26.8,-1.036529680365));
#3892 = CARTESIAN_POINT('',(-29.39860696016,26.885099157401,
    -1.036020807366));
#3893 = ORIENTED_EDGE('',*,*,#3798,.F.);
#3894 = CYLINDRICAL_SURFACE('',#3895,2.6);
#3895 = AXIS2_PLACEMENT_3D('',#3896,#3897,#3898);
#3896 = CARTESIAN_POINT('',(-26.8,26.8,-5.5));
#3897 = DIRECTION('',(-0.,-0.,-1.));
#3898 = DIRECTION('',(-2.732856676E-15,1.,0.));
#3899 = ADVANCED_FACE('',(#3900),#3955,.T.);
#3900 = FACE_BOUND('',#3901,.F.);
#3901 = EDGE_LOOP('',(#3902,#3903,#3904,#3911,#3938,#3949));
#3902 = ORIENTED_EDGE('',*,*,#2705,.F.);
#3903 = ORIENTED_EDGE('',*,*,#3829,.T.);
#3904 = ORIENTED_EDGE('',*,*,#3905,.F.);
#3905 = EDGE_CURVE('',#3906,#3823,#3908,.T.);
#3906 = VERTEX_POINT('',#3907);
#3907 = CARTESIAN_POINT('',(29.398606960163,26.885099157401,
    -1.036020807366));
#3908 = B_SPLINE_CURVE_WITH_KNOTS('',1,(#3909,#3910),.UNSPECIFIED.,.F.,
  .F.,(2,2),(0.,1.),.PIECEWISE_BEZIER_KNOTS.);
#3909 = CARTESIAN_POINT('',(29.398606960163,26.885099157401,
    -1.036020807366));
#3910 = CARTESIAN_POINT('',(29.4,26.8,-1.036529680365));
#3911 = ORIENTED_EDGE('',*,*,#3912,.F.);
#3912 = EDGE_CURVE('',#3913,#3906,#3915,.T.);
#3913 = VERTEX_POINT('',#3914);
#3914 = CARTESIAN_POINT('',(26.885099157401,29.398606960163,
    -1.036020807366));
#3915 = B_SPLINE_CURVE_WITH_KNOTS('',6,(#3916,#3917,#3918,#3919,#3920,
    #3921,#3922,#3923,#3924,#3925,#3926,#3927,#3928,#3929,#3930,#3931,
    #3932,#3933,#3934,#3935,#3936,#3937),.UNSPECIFIED.,.F.,.F.,(7,5,5,5,
    7),(0.,0.133773806522,0.499999962393,0.865861436182,1.),
  .UNSPECIFIED.);
#3916 = CARTESIAN_POINT('',(26.885099157401,29.398606960163,
    -1.036020807366));
#3917 = CARTESIAN_POINT('',(26.97210104054,29.395757823275,
    -1.034980026767));
#3918 = CARTESIAN_POINT('',(27.059035694726,29.389411700143,
    -1.034057541363));
#3919 = CARTESIAN_POINT('',(27.145717549718,29.379567691218,
    -1.033233865859));
#3920 = CARTESIAN_POINT('',(27.231964335754,29.366238734218,
    -1.032495236441));
#3921 = CARTESIAN_POINT('',(27.317596573159,29.349450933258,
    -1.031831642637));
#3922 = CARTESIAN_POINT('',(27.634700812864,29.273920288332,
    -1.02960107367));
#3923 = CARTESIAN_POINT('',(27.861075580689,29.192953074947,
    -1.028467648689));
#3924 = CARTESIAN_POINT('',(28.077840171223,29.087139330176,
    -1.027672489913));
#3925 = CARTESIAN_POINT('',(28.281641817161,28.957997229994,
    -1.027164641764));
#3926 = CARTESIAN_POINT('',(28.469405333627,28.807549935383,
    -1.026910080613));
#3927 = CARTESIAN_POINT('',(28.807381643418,28.46957361192,
    -1.026910080706));
#3928 = CARTESIAN_POINT('',(28.957697543976,28.282015756385,
    -1.027164133663));
#3929 = CARTESIAN_POINT('',(29.08675341681,28.078449049436,
    -1.027670977272));
#3930 = CARTESIAN_POINT('',(29.192531436663,27.861939000257,
    -1.028464478589));
#3931 = CARTESIAN_POINT('',(29.273516876061,27.635827867969,
    -1.029595435459));
#3932 = CARTESIAN_POINT('',(29.349221804356,27.31876396896,
    -1.031822600806));
#3933 = CARTESIAN_POINT('',(29.366093205749,27.232904973606,
    -1.032487184836));
#3934 = CARTESIAN_POINT('',(29.379487089841,27.146426597184,
    -1.03322713068));
#3935 = CARTESIAN_POINT('',(29.389377066647,27.059509774572,
    -1.034052511255));
#3936 = CARTESIAN_POINT('',(29.39575005472,26.972338262883,
    -1.034977188939));
#3937 = CARTESIAN_POINT('',(29.398606960163,26.885099157401,
    -1.036020807366));
#3938 = ORIENTED_EDGE('',*,*,#3939,.F.);
#3939 = EDGE_CURVE('',#3940,#3913,#3942,.T.);
#3940 = VERTEX_POINT('',#3941);
#3941 = CARTESIAN_POINT('',(26.8,29.4,-1.036529680365));
#3942 = B_SPLINE_CURVE_WITH_KNOTS('',3,(#3943,#3944,#3945,#3946,#3947,
    #3948),.UNSPECIFIED.,.F.,.F.,(4,1,1,4),(0.,0.180513915826,
    0.803624060359,1.),.UNSPECIFIED.);
#3943 = CARTESIAN_POINT('',(26.8,29.4,-1.036529680365));
#3944 = CARTESIAN_POINT('',(26.805157339871,29.4,-1.036529680365));
#3945 = CARTESIAN_POINT('',(26.828137227918,29.399931521596,
    -1.036504665423));
#3946 = CARTESIAN_POINT('',(26.856508008371,29.399469685637,
    -1.036335958224));
#3947 = CARTESIAN_POINT('',(26.879568591746,29.398788075078,
    -1.036086968065));
#3948 = CARTESIAN_POINT('',(26.885099157401,29.398606960163,
    -1.036020807366));
#3949 = ORIENTED_EDGE('',*,*,#3950,.F.);
#3950 = EDGE_CURVE('',#2706,#3940,#3951,.T.);
#3951 = LINE('',#3952,#3953);
#3952 = CARTESIAN_POINT('',(26.8,29.4,-5.5));
#3953 = VECTOR('',#3954,1.);
#3954 = DIRECTION('',(0.,0.,1.));
#3955 = CYLINDRICAL_SURFACE('',#3956,2.6);
#3956 = AXIS2_PLACEMENT_3D('',#3957,#3958,#3959);
#3957 = CARTESIAN_POINT('',(26.8,26.8,-5.5));
#3958 = DIRECTION('',(-0.,-0.,-1.));
#3959 = DIRECTION('',(1.,2.732856676E-15,-0.));
#3960 = ADVANCED_FACE('',(#3961),#3971,.F.);
#3961 = FACE_BOUND('',#3962,.F.);
#3962 = EDGE_LOOP('',(#3963,#3964,#3965,#3970));
#3963 = ORIENTED_EDGE('',*,*,#2714,.F.);
#3964 = ORIENTED_EDGE('',*,*,#3950,.T.);
#3965 = ORIENTED_EDGE('',*,*,#3966,.F.);
#3966 = EDGE_CURVE('',#3845,#3940,#3967,.T.);
#3967 = B_SPLINE_CURVE_WITH_KNOTS('',1,(#3968,#3969),.UNSPECIFIED.,.F.,
  .F.,(2,2),(0.,1.),.PIECEWISE_BEZIER_KNOTS.);
#3968 = CARTESIAN_POINT('',(-26.8,29.4,-1.036529680365));
#3969 = CARTESIAN_POINT('',(26.8,29.4,-1.036529680365));
#3970 = ORIENTED_EDGE('',*,*,#3844,.F.);
#3971 = PLANE('',#3972);
#3972 = AXIS2_PLACEMENT_3D('',#3973,#3974,#3975);
#3973 = CARTESIAN_POINT('',(26.8,29.4,-5.5));
#3974 = DIRECTION('',(0.,-1.,0.));
#3975 = DIRECTION('',(-1.,0.,0.));
#3976 = ADVANCED_FACE('',(#3977),#3980,.F.);
#3977 = FACE_BOUND('',#3978,.F.);
#3978 = EDGE_LOOP('',(#3979));
#3979 = ORIENTED_EDGE('',*,*,#2772,.T.);
#3980 = PLANE('',#3981);
#3981 = AXIS2_PLACEMENT_3D('',#3982,#3983,#3984);
#3982 = CARTESIAN_POINT('',(37.4,-108.4,-3.));
#3983 = DIRECTION('',(0.,0.,1.));
#3984 = DIRECTION('',(1.,0.,-0.));
#3985 = ADVANCED_FACE('',(#3986),#3989,.F.);
#3986 = FACE_BOUND('',#3987,.F.);
#3987 = EDGE_LOOP('',(#3988));
#3988 = ORIENTED_EDGE('',*,*,#2797,.T.);
#3989 = PLANE('',#3990);
#3990 = AXIS2_PLACEMENT_3D('',#3991,#3992,#3993);
#3991 = CARTESIAN_POINT('',(-37.4,-108.4,-3.));
#3992 = DIRECTION('',(0.,0.,1.));
#3993 = DIRECTION('',(1.,0.,-0.));
#3994 = ADVANCED_FACE('',(#3995),#4011,.F.);
#3995 = FACE_BOUND('',#3996,.F.);
#3996 = EDGE_LOOP('',(#3997,#4002,#4003,#4004,#4005,#4010));
#3997 = ORIENTED_EDGE('',*,*,#3998,.F.);
#3998 = EDGE_CURVE('',#2845,#3906,#3999,.T.);
#3999 = B_SPLINE_CURVE_WITH_KNOTS('',1,(#4000,#4001),.UNSPECIFIED.,.F.,
  .F.,(2,2),(0.,1.),.PIECEWISE_BEZIER_KNOTS.);
#4000 = CARTESIAN_POINT('',(40.25,36.25,-5.));
#4001 = CARTESIAN_POINT('',(29.3,26.8,-1.));
#4002 = ORIENTED_EDGE('',*,*,#2851,.F.);
#4003 = ORIENTED_EDGE('',*,*,#2880,.T.);
#4004 = ORIENTED_EDGE('',*,*,#3056,.T.);
#4005 = ORIENTED_EDGE('',*,*,#4006,.T.);
#4006 = EDGE_CURVE('',#3057,#3913,#4007,.T.);
#4007 = B_SPLINE_CURVE_WITH_KNOTS('',1,(#4008,#4009),.UNSPECIFIED.,.F.,
  .F.,(2,2),(0.,1.),.PIECEWISE_BEZIER_KNOTS.);
#4008 = CARTESIAN_POINT('',(36.25,40.25,-5.));
#4009 = CARTESIAN_POINT('',(26.8,29.3,-1.));
#4010 = ORIENTED_EDGE('',*,*,#3912,.T.);
#4011 = B_SPLINE_SURFACE_WITH_KNOTS('',8,1,(
    (#4012,#4013)
    ,(#4014,#4015)
    ,(#4016,#4017)
    ,(#4018,#4019)
    ,(#4020,#4021)
    ,(#4022,#4023)
    ,(#4024,#4025)
    ,(#4026,#4027)
    ,(#4028,#4029
    )),.UNSPECIFIED.,.F.,.F.,.F.,(9,9),(2,2),(0.,1.570796326795),(0.,1.)
  ,.PIECEWISE_BEZIER_KNOTS.);
#4012 = CARTESIAN_POINT('',(40.25,36.25,-5.));
#4013 = CARTESIAN_POINT('',(29.3,26.8,-1.));
#4014 = CARTESIAN_POINT('',(40.25,37.035398163397,-5.));
#4015 = CARTESIAN_POINT('',(29.3,27.290873852123,-1.));
#4016 = CARTESIAN_POINT('',(40.073756844155,37.820796574017,-5.));
#4017 = CARTESIAN_POINT('',(29.189848027597,27.781747858761,-1.));
#4018 = CARTESIAN_POINT('',(39.721272263486,38.56005293734,-5.));
#4019 = CARTESIAN_POINT('',(28.969545164679,28.243783085838,-1.));
#4020 = CARTESIAN_POINT('',(39.207035023119,39.20703502312,-5.));
#4021 = CARTESIAN_POINT('',(28.64814688945,28.64814688945,-1.));
#4022 = CARTESIAN_POINT('',(38.560052937341,39.721272263485,-5.));
#4023 = CARTESIAN_POINT('',(28.243783085838,28.969545164678,-1.));
#4024 = CARTESIAN_POINT('',(37.820796574017,40.073756844155,-5.));
#4025 = CARTESIAN_POINT('',(27.78174785876,29.189848027597,-1.));
#4026 = CARTESIAN_POINT('',(37.035398163398,40.25,-5.));
#4027 = CARTESIAN_POINT('',(27.290873852123,29.3,-1.));
#4028 = CARTESIAN_POINT('',(36.25,40.25,-5.));
#4029 = CARTESIAN_POINT('',(26.8,29.3,-1.));
#4030 = ADVANCED_FACE('',(#4031),#4052,.F.);
#4031 = FACE_BOUND('',#4032,.F.);
#4032 = EDGE_LOOP('',(#4033,#4038,#4039,#4040,#4041,#4042,#4043,#4049,
    #4050,#4051));
#4033 = ORIENTED_EDGE('',*,*,#4034,.F.);
#4034 = EDGE_CURVE('',#2832,#3506,#4035,.T.);
#4035 = B_SPLINE_CURVE_WITH_KNOTS('',1,(#4036,#4037),.UNSPECIFIED.,.F.,
  .F.,(2,2),(0.,1.),.PIECEWISE_BEZIER_KNOTS.);
#4036 = CARTESIAN_POINT('',(40.25,-107.25,-5.));
#4037 = CARTESIAN_POINT('',(29.3,-97.8,-1.));
#4038 = ORIENTED_EDGE('',*,*,#2844,.F.);
#4039 = ORIENTED_EDGE('',*,*,#3998,.T.);
#4040 = ORIENTED_EDGE('',*,*,#3905,.T.);
#4041 = ORIENTED_EDGE('',*,*,#3822,.T.);
#4042 = ORIENTED_EDGE('',*,*,#3769,.T.);
#4043 = ORIENTED_EDGE('',*,*,#4044,.F.);
#4044 = EDGE_CURVE('',#3641,#3761,#4045,.T.);
#4045 = LINE('',#4046,#4047);
#4046 = CARTESIAN_POINT('',(29.3,-97.8,-1.));
#4047 = VECTOR('',#4048,1.);
#4048 = DIRECTION('',(0.,1.,0.));
#4049 = ORIENTED_EDGE('',*,*,#3640,.T.);
#4050 = ORIENTED_EDGE('',*,*,#3578,.T.);
#4051 = ORIENTED_EDGE('',*,*,#3532,.T.);
#4052 = B_SPLINE_SURFACE_WITH_KNOTS('',1,1,(
    (#4053,#4054)
    ,(#4055,#4056
    )),.UNSPECIFIED.,.F.,.F.,.F.,(2,2),(2,2),(0.,143.5),(0.,1.),
  .PIECEWISE_BEZIER_KNOTS.);
#4053 = CARTESIAN_POINT('',(40.25,-107.25,-5.));
#4054 = CARTESIAN_POINT('',(29.3,-97.8,-1.));
#4055 = CARTESIAN_POINT('',(40.25,36.25,-5.));
#4056 = CARTESIAN_POINT('',(29.3,26.8,-1.));
#4057 = ADVANCED_FACE('',(#4058),#4070,.F.);
#4058 = FACE_BOUND('',#4059,.F.);
#4059 = EDGE_LOOP('',(#4060,#4065,#4066,#4067,#4068,#4069));
#4060 = ORIENTED_EDGE('',*,*,#4061,.F.);
#4061 = EDGE_CURVE('',#3119,#3496,#4062,.T.);
#4062 = B_SPLINE_CURVE_WITH_KNOTS('',1,(#4063,#4064),.UNSPECIFIED.,.F.,
  .F.,(2,2),(0.,1.),.PIECEWISE_BEZIER_KNOTS.);
#4063 = CARTESIAN_POINT('',(36.25,-111.25,-5.));
#4064 = CARTESIAN_POINT('',(26.8,-100.3,-1.));
#4065 = ORIENTED_EDGE('',*,*,#3125,.F.);
#4066 = ORIENTED_EDGE('',*,*,#2968,.T.);
#4067 = ORIENTED_EDGE('',*,*,#2831,.T.);
#4068 = ORIENTED_EDGE('',*,*,#4034,.T.);
#4069 = ORIENTED_EDGE('',*,*,#3505,.T.);
#4070 = B_SPLINE_SURFACE_WITH_KNOTS('',8,1,(
    (#4071,#4072)
    ,(#4073,#4074)
    ,(#4075,#4076)
    ,(#4077,#4078)
    ,(#4079,#4080)
    ,(#4081,#4082)
    ,(#4083,#4084)
    ,(#4085,#4086)
    ,(#4087,#4088
    )),.UNSPECIFIED.,.F.,.F.,.F.,(9,9),(2,2),(0.,1.570796326795),(0.,1.)
  ,.PIECEWISE_BEZIER_KNOTS.);
#4071 = CARTESIAN_POINT('',(36.25,-111.25,-5.));
#4072 = CARTESIAN_POINT('',(26.8,-100.3,-1.));
#4073 = CARTESIAN_POINT('',(37.035398163397,-111.25,-5.));
#4074 = CARTESIAN_POINT('',(27.290873852123,-100.3,-1.));
#4075 = CARTESIAN_POINT('',(37.820796574017,-111.0737568441,-5.));
#4076 = CARTESIAN_POINT('',(27.781747858761,-100.1898480275,-1.));
#4077 = CARTESIAN_POINT('',(38.56005293734,-110.7212722634,-5.));
#4078 = CARTESIAN_POINT('',(28.243783085838,-99.96954516467,-1.));
#4079 = CARTESIAN_POINT('',(39.20703502312,-110.2070350231,-5.));
#4080 = CARTESIAN_POINT('',(28.64814688945,-99.64814688945,-1.));
#4081 = CARTESIAN_POINT('',(39.721272263485,-109.5600529373,-5.));
#4082 = CARTESIAN_POINT('',(28.969545164678,-99.24378308583,-1.));
#4083 = CARTESIAN_POINT('',(40.073756844155,-108.820796574,-5.));
#4084 = CARTESIAN_POINT('',(29.189848027597,-98.78174785876,-1.));
#4085 = CARTESIAN_POINT('',(40.25,-108.0353981633,-5.));
#4086 = CARTESIAN_POINT('',(29.3,-98.29087385212,-1.));
#4087 = CARTESIAN_POINT('',(40.25,-107.25,-5.));
#4088 = CARTESIAN_POINT('',(29.3,-97.8,-1.));
#4089 = ADVANCED_FACE('',(#4090),#4107,.F.);
#4090 = FACE_BOUND('',#4091,.F.);
#4091 = EDGE_LOOP('',(#4092,#4097,#4098,#4099,#4100,#4101,#4106));
#4092 = ORIENTED_EDGE('',*,*,#4093,.F.);
#4093 = EDGE_CURVE('',#3070,#3853,#4094,.T.);
#4094 = B_SPLINE_CURVE_WITH_KNOTS('',1,(#4095,#4096),.UNSPECIFIED.,.F.,
  .F.,(2,2),(0.,1.),.PIECEWISE_BEZIER_KNOTS.);
#4095 = CARTESIAN_POINT('',(-36.25,40.25,-5.));
#4096 = CARTESIAN_POINT('',(-26.8,29.3,-1.));
#4097 = ORIENTED_EDGE('',*,*,#3076,.F.);
#4098 = ORIENTED_EDGE('',*,*,#3202,.T.);
#4099 = ORIENTED_EDGE('',*,*,#3144,.T.);
#4100 = ORIENTED_EDGE('',*,*,#3313,.T.);
#4101 = ORIENTED_EDGE('',*,*,#4102,.T.);
#4102 = EDGE_CURVE('',#3314,#3863,#4103,.T.);
#4103 = B_SPLINE_CURVE_WITH_KNOTS('',1,(#4104,#4105),.UNSPECIFIED.,.F.,
  .F.,(2,2),(0.,1.),.PIECEWISE_BEZIER_KNOTS.);
#4104 = CARTESIAN_POINT('',(-40.25,36.25,-5.));
#4105 = CARTESIAN_POINT('',(-29.3,26.8,-1.));
#4106 = ORIENTED_EDGE('',*,*,#3862,.T.);
#4107 = B_SPLINE_SURFACE_WITH_KNOTS('',8,1,(
    (#4108,#4109)
    ,(#4110,#4111)
    ,(#4112,#4113)
    ,(#4114,#4115)
    ,(#4116,#4117)
    ,(#4118,#4119)
    ,(#4120,#4121)
    ,(#4122,#4123)
    ,(#4124,#4125
    )),.UNSPECIFIED.,.F.,.F.,.F.,(9,9),(2,2),(0.,1.570796326795),(0.,1.)
  ,.PIECEWISE_BEZIER_KNOTS.);
#4108 = CARTESIAN_POINT('',(-36.25,40.25,-5.));
#4109 = CARTESIAN_POINT('',(-26.8,29.3,-1.));
#4110 = CARTESIAN_POINT('',(-37.03539816339,40.25,-5.));
#4111 = CARTESIAN_POINT('',(-27.29087385212,29.3,-1.));
#4112 = CARTESIAN_POINT('',(-37.82079657401,40.073756844155,-5.));
#4113 = CARTESIAN_POINT('',(-27.78174785876,29.189848027597,-1.));
#4114 = CARTESIAN_POINT('',(-38.56005293734,39.721272263486,-5.));
#4115 = CARTESIAN_POINT('',(-28.24378308583,28.969545164679,-1.));
#4116 = CARTESIAN_POINT('',(-39.20703502312,39.207035023119,-5.));
#4117 = CARTESIAN_POINT('',(-28.64814688945,28.64814688945,-1.));
#4118 = CARTESIAN_POINT('',(-39.72127226348,38.560052937341,-5.));
#4119 = CARTESIAN_POINT('',(-28.96954516467,28.243783085838,-1.));
#4120 = CARTESIAN_POINT('',(-40.07375684415,37.820796574017,-5.));
#4121 = CARTESIAN_POINT('',(-29.18984802759,27.781747858761,-1.));
#4122 = CARTESIAN_POINT('',(-40.25,37.035398163398,-5.));
#4123 = CARTESIAN_POINT('',(-29.3,27.290873852123,-1.));
#4124 = CARTESIAN_POINT('',(-40.25,36.25,-5.));
#4125 = CARTESIAN_POINT('',(-29.3,26.8,-1.));
#4126 = ADVANCED_FACE('',(#4127),#4135,.F.);
#4127 = FACE_BOUND('',#4128,.F.);
#4128 = EDGE_LOOP('',(#4129,#4130,#4131,#4132,#4133,#4134));
#4129 = ORIENTED_EDGE('',*,*,#4006,.F.);
#4130 = ORIENTED_EDGE('',*,*,#3069,.F.);
#4131 = ORIENTED_EDGE('',*,*,#4093,.T.);
#4132 = ORIENTED_EDGE('',*,*,#3852,.T.);
#4133 = ORIENTED_EDGE('',*,*,#3966,.T.);
#4134 = ORIENTED_EDGE('',*,*,#3939,.T.);
#4135 = B_SPLINE_SURFACE_WITH_KNOTS('',1,1,(
    (#4136,#4137)
    ,(#4138,#4139
    )),.UNSPECIFIED.,.F.,.F.,.F.,(2,2),(2,2),(0.,72.5),(0.,1.),
  .PIECEWISE_BEZIER_KNOTS.);
#4136 = CARTESIAN_POINT('',(36.25,40.25,-5.));
#4137 = CARTESIAN_POINT('',(26.8,29.3,-1.));
#4138 = CARTESIAN_POINT('',(-36.25,40.25,-5.));
#4139 = CARTESIAN_POINT('',(-26.8,29.3,-1.));
#4140 = ADVANCED_FACE('',(#4141),#4153,.F.);
#4141 = FACE_BOUND('',#4142,.F.);
#4142 = EDGE_LOOP('',(#4143,#4148,#4149,#4150,#4151,#4152));
#4143 = ORIENTED_EDGE('',*,*,#4144,.F.);
#4144 = EDGE_CURVE('',#3106,#3449,#4145,.T.);
#4145 = B_SPLINE_CURVE_WITH_KNOTS('',1,(#4146,#4147),.UNSPECIFIED.,.F.,
  .F.,(2,2),(0.,1.),.PIECEWISE_BEZIER_KNOTS.);
#4146 = CARTESIAN_POINT('',(-36.25,-111.25,-5.));
#4147 = CARTESIAN_POINT('',(-26.8,-100.3,-1.));
#4148 = ORIENTED_EDGE('',*,*,#3118,.F.);
#4149 = ORIENTED_EDGE('',*,*,#4061,.T.);
#4150 = ORIENTED_EDGE('',*,*,#3495,.T.);
#4151 = ORIENTED_EDGE('',*,*,#3411,.T.);
#4152 = ORIENTED_EDGE('',*,*,#3475,.T.);
#4153 = B_SPLINE_SURFACE_WITH_KNOTS('',1,1,(
    (#4154,#4155)
    ,(#4156,#4157
    )),.UNSPECIFIED.,.F.,.F.,.F.,(2,2),(2,2),(0.,72.5),(0.,1.),
  .PIECEWISE_BEZIER_KNOTS.);
#4154 = CARTESIAN_POINT('',(-36.25,-111.25,-5.));
#4155 = CARTESIAN_POINT('',(-26.8,-100.3,-1.));
#4156 = CARTESIAN_POINT('',(36.25,-111.25,-5.));
#4157 = CARTESIAN_POINT('',(26.8,-100.3,-1.));
#4158 = ADVANCED_FACE('',(#4159),#4172,.F.);
#4159 = FACE_BOUND('',#4160,.F.);
#4160 = EDGE_LOOP('',(#4161,#4166,#4167,#4168,#4169,#4170,#4171));
#4161 = ORIENTED_EDGE('',*,*,#4162,.F.);
#4162 = EDGE_CURVE('',#3327,#3442,#4163,.T.);
#4163 = B_SPLINE_CURVE_WITH_KNOTS('',1,(#4164,#4165),.UNSPECIFIED.,.F.,
  .F.,(2,2),(0.,1.),.PIECEWISE_BEZIER_KNOTS.);
#4164 = CARTESIAN_POINT('',(-40.25,-107.25,-5.));
#4165 = CARTESIAN_POINT('',(-29.3,-97.8,-1.));
#4166 = ORIENTED_EDGE('',*,*,#3333,.F.);
#4167 = ORIENTED_EDGE('',*,*,#3257,.T.);
#4168 = ORIENTED_EDGE('',*,*,#3227,.T.);
#4169 = ORIENTED_EDGE('',*,*,#3105,.T.);
#4170 = ORIENTED_EDGE('',*,*,#4144,.T.);
#4171 = ORIENTED_EDGE('',*,*,#3448,.T.);
#4172 = B_SPLINE_SURFACE_WITH_KNOTS('',8,1,(
    (#4173,#4174)
    ,(#4175,#4176)
    ,(#4177,#4178)
    ,(#4179,#4180)
    ,(#4181,#4182)
    ,(#4183,#4184)
    ,(#4185,#4186)
    ,(#4187,#4188)
    ,(#4189,#4190
    )),.UNSPECIFIED.,.F.,.F.,.F.,(9,9),(2,2),(0.,1.570796326795),(0.,1.)
  ,.PIECEWISE_BEZIER_KNOTS.);
#4173 = CARTESIAN_POINT('',(-40.25,-107.25,-5.));
#4174 = CARTESIAN_POINT('',(-29.3,-97.8,-1.));
#4175 = CARTESIAN_POINT('',(-40.25,-108.0353981633,-5.));
#4176 = CARTESIAN_POINT('',(-29.3,-98.29087385212,-1.));
#4177 = CARTESIAN_POINT('',(-40.07375684415,-108.820796574,-5.));
#4178 = CARTESIAN_POINT('',(-29.18984802759,-98.78174785875,-1.));
#4179 = CARTESIAN_POINT('',(-39.72127226348,-109.5600529373,-5.));
#4180 = CARTESIAN_POINT('',(-28.96954516467,-99.24378308584,-1.));
#4181 = CARTESIAN_POINT('',(-39.20703502311,-110.2070350231,-5.));
#4182 = CARTESIAN_POINT('',(-28.64814688944,-99.64814688944,-1.));
#4183 = CARTESIAN_POINT('',(-38.56005293734,-110.7212722634,-5.));
#4184 = CARTESIAN_POINT('',(-28.24378308583,-99.96954516468,-1.));
#4185 = CARTESIAN_POINT('',(-37.82079657401,-111.0737568441,-5.));
#4186 = CARTESIAN_POINT('',(-27.78174785876,-100.1898480275,-1.));
#4187 = CARTESIAN_POINT('',(-37.03539816339,-111.25,-5.));
#4188 = CARTESIAN_POINT('',(-27.29087385212,-100.3,-1.));
#4189 = CARTESIAN_POINT('',(-36.25,-111.25,-5.));
#4190 = CARTESIAN_POINT('',(-26.8,-100.3,-1.));
#4191 = ADVANCED_FACE('',(#4192),#4209,.F.);
#4192 = FACE_BOUND('',#4193,.F.);
#4193 = EDGE_LOOP('',(#4194,#4195,#4196,#4197,#4198,#4199,#4200,#4206,
    #4207,#4208));
#4194 = ORIENTED_EDGE('',*,*,#4102,.F.);
#4195 = ORIENTED_EDGE('',*,*,#3326,.F.);
#4196 = ORIENTED_EDGE('',*,*,#4162,.T.);
#4197 = ORIENTED_EDGE('',*,*,#3441,.T.);
#4198 = ORIENTED_EDGE('',*,*,#3562,.T.);
#4199 = ORIENTED_EDGE('',*,*,#3617,.T.);
#4200 = ORIENTED_EDGE('',*,*,#4201,.F.);
#4201 = EDGE_CURVE('',#3732,#3609,#4202,.T.);
#4202 = LINE('',#4203,#4204);
#4203 = CARTESIAN_POINT('',(-29.3,26.8,-1.));
#4204 = VECTOR('',#4205,1.);
#4205 = DIRECTION('',(0.,-1.,0.));
#4206 = ORIENTED_EDGE('',*,*,#3731,.T.);
#4207 = ORIENTED_EDGE('',*,*,#3806,.T.);
#4208 = ORIENTED_EDGE('',*,*,#3889,.T.);
#4209 = B_SPLINE_SURFACE_WITH_KNOTS('',1,1,(
    (#4210,#4211)
    ,(#4212,#4213
    )),.UNSPECIFIED.,.F.,.F.,.F.,(2,2),(2,2),(0.,143.5),(0.,1.),
  .PIECEWISE_BEZIER_KNOTS.);
#4210 = CARTESIAN_POINT('',(-40.25,36.25,-5.));
#4211 = CARTESIAN_POINT('',(-29.3,26.8,-1.));
#4212 = CARTESIAN_POINT('',(-40.25,-107.25,-5.));
#4213 = CARTESIAN_POINT('',(-29.3,-97.8,-1.));
#4214 = ADVANCED_FACE('',(#4215),#4218,.F.);
#4215 = FACE_BOUND('',#4216,.F.);
#4216 = EDGE_LOOP('',(#4217));
#4217 = ORIENTED_EDGE('',*,*,#3360,.T.);
#4218 = PLANE('',#4219);
#4219 = AXIS2_PLACEMENT_3D('',#4220,#4221,#4222);
#4220 = CARTESIAN_POINT('',(37.4,37.4,-3.));
#4221 = DIRECTION('',(0.,0.,1.));
#4222 = DIRECTION('',(1.,0.,-0.));
#4223 = ADVANCED_FACE('',(#4224),#4227,.F.);
#4224 = FACE_BOUND('',#4225,.F.);
#4225 = EDGE_LOOP('',(#4226));
#4226 = ORIENTED_EDGE('',*,*,#3385,.T.);
#4227 = PLANE('',#4228);
#4228 = AXIS2_PLACEMENT_3D('',#4229,#4230,#4231);
#4229 = CARTESIAN_POINT('',(-37.4,37.4,-3.));
#4230 = DIRECTION('',(0.,0.,1.));
#4231 = DIRECTION('',(1.,0.,-0.));
#4232 = ADVANCED_FACE('',(#4233),#4243,.F.);
#4233 = FACE_BOUND('',#4234,.F.);
#4234 = EDGE_LOOP('',(#4235,#4236,#4237,#4238,#4239,#4240,#4241,#4242));
#4235 = ORIENTED_EDGE('',*,*,#4201,.T.);
#4236 = ORIENTED_EDGE('',*,*,#3608,.T.);
#4237 = ORIENTED_EDGE('',*,*,#3676,.T.);
#4238 = ORIENTED_EDGE('',*,*,#3651,.T.);
#4239 = ORIENTED_EDGE('',*,*,#4044,.T.);
#4240 = ORIENTED_EDGE('',*,*,#3760,.T.);
#4241 = ORIENTED_EDGE('',*,*,#3700,.T.);
#4242 = ORIENTED_EDGE('',*,*,#3742,.T.);
#4243 = PLANE('',#4244);
#4244 = AXIS2_PLACEMENT_3D('',#4245,#4246,#4247);
#4245 = CARTESIAN_POINT('',(26.8,-97.8,-1.));
#4246 = DIRECTION('',(0.,0.,1.));
#4247 = DIRECTION('',(0.,-1.,0.));
#4248 = ( GEOMETRIC_REPRESENTATION_CONTEXT(3) 
GLOBAL_UNCERTAINTY_ASSIGNED_CONTEXT((#4252)) 
GLOBAL_UNIT_ASSIGNED_CONTEXT((#4249,#4250,#4251)) REPRESENTATION_CONTEXT
('Context #1','3D Context with UNIT and UNCERTAINTY') );
#4249 = ( LENGTH_UNIT() NAMED_UNIT(*) SI_UNIT(.MILLI.,.METRE.) );
#4250 = ( NAMED_UNIT(*) PLANE_ANGLE_UNIT() SI_UNIT($,.RADIAN.) );
#4251 = ( NAMED_UNIT(*) SI_UNIT($,.STERADIAN.) SOLID_ANGLE_UNIT() );
#4252 = UNCERTAINTY_MEASURE_WITH_UNIT(LENGTH_MEASURE(2.E-05),#4249,
  'distance_accuracy_value','confusion accuracy');
#4253 = PRODUCT_RELATED_PRODUCT_CATEGORY('part',$,(#7));
ENDSEC;
END-ISO-10303-21;
