ISO-10303-21;
HEADER;
FILE_DESCRIPTION(('FreeCAD Model'),'2;1');
FILE_NAME('Open CASCADE Shape Model','2026-10-04T02:18:06',('FreeCAD'),(
    'FreeCAD'),'Open CASCADE STEP processor 7.8','FreeCAD','Unknown');
FILE_SCHEMA(('AUTOMOTIVE_DESIGN { 1 0 10303 214 1 1 1 1 }'));
ENDSEC;
DATA;
#1 = APPLICATION_PROTOCOL_DEFINITION('international standard',
  'automotive_design',2000,#2);
#2 = APPLICATION_CONTEXT(
  'core data for automotive mechanical design processes');
#3 = SHAPE_DEFINITION_REPRESENTATION(#4,#10);
#4 = PRODUCT_DEFINITION_SHAPE('','',#5);
#5 = PRODUCT_DEFINITION('design','',#6,#9);
#6 = PRODUCT_DEFINITION_FORMATION('','',#7);
#7 = PRODUCT('Open CASCADE STEP translator 7.8 4',
  'Open CASCADE STEP translator 7.8 4','',(#8));
#8 = PRODUCT_CONTEXT('',#2,'mechanical');
#9 = PRODUCT_DEFINITION_CONTEXT('part definition',#2,'design');
#10 = ADVANCED_BREP_SHAPE_REPRESENTATION('',(#11,#15),#6332);
#11 = AXIS2_PLACEMENT_3D('',#12,#13,#14);
#12 = CARTESIAN_POINT('',(0.,0.,0.));
#13 = DIRECTION('',(0.,0.,1.));
#14 = DIRECTION('',(1.,0.,-0.));
#15 = MANIFOLD_SOLID_BREP('',#16);
#16 = CLOSED_SHELL('',(#17,#57,#90,#123,#244,#416,#433,#450,#467,#484,
    #496,#528,#552,#577,#601,#626,#650,#675,#692,#717,#742,#767,#792,
    #817,#842,#867,#892,#917,#942,#967,#1181,#1944,#1964,#1986,#2026,
    #2050,#2097,#2121,#2146,#2170,#2195,#2212,#2229,#2246,#2279,#2303,
    #2334,#2351,#2384,#2408,#2439,#2456,#2473,#2490,#2502,#2526,#2550,
    #2574,#2598,#2615,#2632,#2663,#2687,#2711,#2728,#2759,#2783,#2807,
    #2824,#2855,#2879,#2919,#2943,#2967,#2991,#3015,#3039,#3063,#3087,
    #3111,#3135,#3166,#3190,#3214,#3231,#3262,#3286,#3310,#3334,#3358,
    #3375,#3406,#3430,#3454,#3471,#3502,#3526,#3550,#3567,#3598,#3622,
    #3646,#3663,#3710,#3734,#3758,#3782,#3806,#3830,#3854,#3878,#3902,
    #3926,#3957,#3974,#4005,#4029,#4053,#4070,#4101,#4125,#4149,#4173,
    #4197,#4214,#4245,#4269,#4293,#4310,#4335,#4360,#4372,#4756,#4770,
    #4784,#4796,#4808,#4824,#4838,#4850,#4864,#4876,#4888,#4900,#4916,
    #4930,#4942,#4956,#4968,#4988,#5008,#5039,#5063,#5087,#5111,#5135,
    #5152,#5183,#5207,#5231,#5248,#5279,#5303,#5327,#5344,#5375,#5399,
    #5423,#5447,#5471,#5488,#5519,#5543,#5567,#5584,#5615,#5639,#5663,
    #5687,#5711,#5728,#5759,#5783,#5807,#5824,#5855,#5879,#5903,#5920,
    #5951,#5975,#5999,#6023,#6047,#6064,#6089,#6114,#6128,#6140,#6152,
    #6166,#6178,#6192,#6204,#6216,#6230,#6264,#6289,#6314,#6323));
#17 = ADVANCED_FACE('',(#18),#52,.F.);
#18 = FACE_BOUND('',#19,.F.);
#19 = EDGE_LOOP('',(#20,#30,#38,#46));
#20 = ORIENTED_EDGE('',*,*,#21,.T.);
#21 = EDGE_CURVE('',#22,#24,#26,.T.);
#22 = VERTEX_POINT('',#23);
#23 = CARTESIAN_POINT('',(-25.5,-27.5,-2.));
#24 = VERTEX_POINT('',#25);
#25 = CARTESIAN_POINT('',(-25.5,-27.5,0.));
#26 = LINE('',#27,#28);
#27 = CARTESIAN_POINT('',(-25.5,-27.5,-2.));
#28 = VECTOR('',#29,1.);
#29 = DIRECTION('',(0.,0.,1.));
#30 = ORIENTED_EDGE('',*,*,#31,.T.);
#31 = EDGE_CURVE('',#24,#32,#34,.T.);
#32 = VERTEX_POINT('',#33);
#33 = CARTESIAN_POINT('',(25.5,-27.5,0.));
#34 = LINE('',#35,#36);
#35 = CARTESIAN_POINT('',(-25.5,-27.5,0.));
#36 = VECTOR('',#37,1.);
#37 = DIRECTION('',(1.,0.,0.));
#38 = ORIENTED_EDGE('',*,*,#39,.F.);
#39 = EDGE_CURVE('',#40,#32,#42,.T.);
#40 = VERTEX_POINT('',#41);
#41 = CARTESIAN_POINT('',(25.5,-27.5,-2.));
#42 = LINE('',#43,#44);
#43 = CARTESIAN_POINT('',(25.5,-27.5,-2.));
#44 = VECTOR('',#45,1.);
#45 = DIRECTION('',(0.,0.,1.));
#46 = ORIENTED_EDGE('',*,*,#47,.F.);
#47 = EDGE_CURVE('',#22,#40,#48,.T.);
#48 = LINE('',#49,#50);
#49 = CARTESIAN_POINT('',(-25.5,-27.5,-2.));
#50 = VECTOR('',#51,1.);
#51 = DIRECTION('',(1.,0.,0.));
#52 = PLANE('',#53);
#53 = AXIS2_PLACEMENT_3D('',#54,#55,#56);
#54 = CARTESIAN_POINT('',(-25.5,-27.5,-2.));
#55 = DIRECTION('',(0.,1.,0.));
#56 = DIRECTION('',(1.,0.,0.));
#57 = ADVANCED_FACE('',(#58),#85,.T.);
#58 = FACE_BOUND('',#59,.F.);
#59 = EDGE_LOOP('',(#60,#70,#77,#78));
#60 = ORIENTED_EDGE('',*,*,#61,.T.);
#61 = EDGE_CURVE('',#62,#64,#66,.T.);
#62 = VERTEX_POINT('',#63);
#63 = CARTESIAN_POINT('',(-27.5,-25.5,-2.));
#64 = VERTEX_POINT('',#65);
#65 = CARTESIAN_POINT('',(-27.5,-25.5,0.));
#66 = LINE('',#67,#68);
#67 = CARTESIAN_POINT('',(-27.5,-25.5,-2.));
#68 = VECTOR('',#69,1.);
#69 = DIRECTION('',(0.,0.,1.));
#70 = ORIENTED_EDGE('',*,*,#71,.T.);
#71 = EDGE_CURVE('',#64,#24,#72,.T.);
#72 = CIRCLE('',#73,2.);
#73 = AXIS2_PLACEMENT_3D('',#74,#75,#76);
#74 = CARTESIAN_POINT('',(-25.5,-25.5,0.));
#75 = DIRECTION('',(0.,0.,1.));
#76 = DIRECTION('',(-1.,0.,0.));
#77 = ORIENTED_EDGE('',*,*,#21,.F.);
#78 = ORIENTED_EDGE('',*,*,#79,.F.);
#79 = EDGE_CURVE('',#62,#22,#80,.T.);
#80 = CIRCLE('',#81,2.);
#81 = AXIS2_PLACEMENT_3D('',#82,#83,#84);
#82 = CARTESIAN_POINT('',(-25.5,-25.5,-2.));
#83 = DIRECTION('',(0.,0.,1.));
#84 = DIRECTION('',(-1.,0.,0.));
#85 = CYLINDRICAL_SURFACE('',#86,2.);
#86 = AXIS2_PLACEMENT_3D('',#87,#88,#89);
#87 = CARTESIAN_POINT('',(-25.5,-25.5,-2.));
#88 = DIRECTION('',(-0.,-0.,-1.));
#89 = DIRECTION('',(-1.,0.,0.));
#90 = ADVANCED_FACE('',(#91),#118,.T.);
#91 = FACE_BOUND('',#92,.F.);
#92 = EDGE_LOOP('',(#93,#94,#103,#111));
#93 = ORIENTED_EDGE('',*,*,#39,.T.);
#94 = ORIENTED_EDGE('',*,*,#95,.T.);
#95 = EDGE_CURVE('',#32,#96,#98,.T.);
#96 = VERTEX_POINT('',#97);
#97 = CARTESIAN_POINT('',(27.5,-25.5,0.));
#98 = CIRCLE('',#99,2.);
#99 = AXIS2_PLACEMENT_3D('',#100,#101,#102);
#100 = CARTESIAN_POINT('',(25.5,-25.5,0.));
#101 = DIRECTION('',(0.,0.,1.));
#102 = DIRECTION('',(0.,-1.,0.));
#103 = ORIENTED_EDGE('',*,*,#104,.F.);
#104 = EDGE_CURVE('',#105,#96,#107,.T.);
#105 = VERTEX_POINT('',#106);
#106 = CARTESIAN_POINT('',(27.5,-25.5,-2.));
#107 = LINE('',#108,#109);
#108 = CARTESIAN_POINT('',(27.5,-25.5,-2.));
#109 = VECTOR('',#110,1.);
#110 = DIRECTION('',(0.,0.,1.));
#111 = ORIENTED_EDGE('',*,*,#112,.F.);
#112 = EDGE_CURVE('',#40,#105,#113,.T.);
#113 = CIRCLE('',#114,2.);
#114 = AXIS2_PLACEMENT_3D('',#115,#116,#117);
#115 = CARTESIAN_POINT('',(25.5,-25.5,-2.));
#116 = DIRECTION('',(0.,0.,1.));
#117 = DIRECTION('',(0.,-1.,0.));
#118 = CYLINDRICAL_SURFACE('',#119,2.);
#119 = AXIS2_PLACEMENT_3D('',#120,#121,#122);
#120 = CARTESIAN_POINT('',(25.5,-25.5,-2.));
#121 = DIRECTION('',(-0.,-0.,-1.));
#122 = DIRECTION('',(0.,-1.,0.));
#123 = ADVANCED_FACE('',(#124,#169),#239,.F.);
#124 = FACE_BOUND('',#125,.F.);
#125 = EDGE_LOOP('',(#126,#127,#128,#136,#145,#153,#162,#168));
#126 = ORIENTED_EDGE('',*,*,#47,.T.);
#127 = ORIENTED_EDGE('',*,*,#112,.T.);
#128 = ORIENTED_EDGE('',*,*,#129,.T.);
#129 = EDGE_CURVE('',#105,#130,#132,.T.);
#130 = VERTEX_POINT('',#131);
#131 = CARTESIAN_POINT('',(27.5,25.5,-2.));
#132 = LINE('',#133,#134);
#133 = CARTESIAN_POINT('',(27.5,-25.5,-2.));
#134 = VECTOR('',#135,1.);
#135 = DIRECTION('',(0.,1.,0.));
#136 = ORIENTED_EDGE('',*,*,#137,.T.);
#137 = EDGE_CURVE('',#130,#138,#140,.T.);
#138 = VERTEX_POINT('',#139);
#139 = CARTESIAN_POINT('',(25.5,27.5,-2.));
#140 = CIRCLE('',#141,2.);
#141 = AXIS2_PLACEMENT_3D('',#142,#143,#144);
#142 = CARTESIAN_POINT('',(25.5,25.5,-2.));
#143 = DIRECTION('',(0.,0.,1.));
#144 = DIRECTION('',(1.,0.,-0.));
#145 = ORIENTED_EDGE('',*,*,#146,.T.);
#146 = EDGE_CURVE('',#138,#147,#149,.T.);
#147 = VERTEX_POINT('',#148);
#148 = CARTESIAN_POINT('',(-25.5,27.5,-2.));
#149 = LINE('',#150,#151);
#150 = CARTESIAN_POINT('',(25.5,27.5,-2.));
#151 = VECTOR('',#152,1.);
#152 = DIRECTION('',(-1.,0.,0.));
#153 = ORIENTED_EDGE('',*,*,#154,.T.);
#154 = EDGE_CURVE('',#147,#155,#157,.T.);
#155 = VERTEX_POINT('',#156);
#156 = CARTESIAN_POINT('',(-27.5,25.5,-2.));
#157 = CIRCLE('',#158,2.);
#158 = AXIS2_PLACEMENT_3D('',#159,#160,#161);
#159 = CARTESIAN_POINT('',(-25.5,25.5,-2.));
#160 = DIRECTION('',(0.,-0.,1.));
#161 = DIRECTION('',(0.,1.,0.));
#162 = ORIENTED_EDGE('',*,*,#163,.T.);
#163 = EDGE_CURVE('',#155,#62,#164,.T.);
#164 = LINE('',#165,#166);
#165 = CARTESIAN_POINT('',(-27.5,25.5,-2.));
#166 = VECTOR('',#167,1.);
#167 = DIRECTION('',(0.,-1.,0.));
#168 = ORIENTED_EDGE('',*,*,#79,.T.);
#169 = FACE_BOUND('',#170,.F.);
#170 = EDGE_LOOP('',(#171,#182,#190,#199,#207,#216,#224,#233));
#171 = ORIENTED_EDGE('',*,*,#172,.T.);
#172 = EDGE_CURVE('',#173,#175,#177,.T.);
#173 = VERTEX_POINT('',#174);
#174 = CARTESIAN_POINT('',(26.15,-25.15,-2.));
#175 = VERTEX_POINT('',#176);
#176 = CARTESIAN_POINT('',(25.15,-26.15,-2.));
#177 = CIRCLE('',#178,1.);
#178 = AXIS2_PLACEMENT_3D('',#179,#180,#181);
#179 = CARTESIAN_POINT('',(25.15,-25.15,-2.));
#180 = DIRECTION('',(0.,-0.,-1.));
#181 = DIRECTION('',(3.5527136788E-15,-1.,0.));
#182 = ORIENTED_EDGE('',*,*,#183,.T.);
#183 = EDGE_CURVE('',#175,#184,#186,.T.);
#184 = VERTEX_POINT('',#185);
#185 = CARTESIAN_POINT('',(-25.15,-26.15,-2.));
#186 = LINE('',#187,#188);
#187 = CARTESIAN_POINT('',(-12.575,-26.15,-2.));
#188 = VECTOR('',#189,1.);
#189 = DIRECTION('',(-1.,0.,0.));
#190 = ORIENTED_EDGE('',*,*,#191,.T.);
#191 = EDGE_CURVE('',#184,#192,#194,.T.);
#192 = VERTEX_POINT('',#193);
#193 = CARTESIAN_POINT('',(-26.15,-25.15,-2.));
#194 = CIRCLE('',#195,1.);
#195 = AXIS2_PLACEMENT_3D('',#196,#197,#198);
#196 = CARTESIAN_POINT('',(-25.15,-25.15,-2.));
#197 = DIRECTION('',(-0.,0.,-1.));
#198 = DIRECTION('',(-1.,-3.5527136788E-15,0.));
#199 = ORIENTED_EDGE('',*,*,#200,.T.);
#200 = EDGE_CURVE('',#192,#201,#203,.T.);
#201 = VERTEX_POINT('',#202);
#202 = CARTESIAN_POINT('',(-26.15,25.15,-2.));
#203 = LINE('',#204,#205);
#204 = CARTESIAN_POINT('',(-26.15,12.575,-2.));
#205 = VECTOR('',#206,1.);
#206 = DIRECTION('',(-0.,1.,0.));
#207 = ORIENTED_EDGE('',*,*,#208,.T.);
#208 = EDGE_CURVE('',#201,#209,#211,.T.);
#209 = VERTEX_POINT('',#210);
#210 = CARTESIAN_POINT('',(-25.15,26.15,-2.));
#211 = CIRCLE('',#212,1.);
#212 = AXIS2_PLACEMENT_3D('',#213,#214,#215);
#213 = CARTESIAN_POINT('',(-25.15,25.15,-2.));
#214 = DIRECTION('',(-0.,0.,-1.));
#215 = DIRECTION('',(-3.5527136788E-15,1.,0.));
#216 = ORIENTED_EDGE('',*,*,#217,.T.);
#217 = EDGE_CURVE('',#209,#218,#220,.T.);
#218 = VERTEX_POINT('',#219);
#219 = CARTESIAN_POINT('',(25.15,26.15,-2.));
#220 = LINE('',#221,#222);
#221 = CARTESIAN_POINT('',(12.575,26.15,-2.));
#222 = VECTOR('',#223,1.);
#223 = DIRECTION('',(1.,0.,-0.));
#224 = ORIENTED_EDGE('',*,*,#225,.T.);
#225 = EDGE_CURVE('',#218,#226,#228,.T.);
#226 = VERTEX_POINT('',#227);
#227 = CARTESIAN_POINT('',(26.15,25.15,-2.));
#228 = CIRCLE('',#229,1.);
#229 = AXIS2_PLACEMENT_3D('',#230,#231,#232);
#230 = CARTESIAN_POINT('',(25.15,25.15,-2.));
#231 = DIRECTION('',(0.,-0.,-1.));
#232 = DIRECTION('',(1.,3.5527136788E-15,-0.));
#233 = ORIENTED_EDGE('',*,*,#234,.T.);
#234 = EDGE_CURVE('',#226,#173,#235,.T.);
#235 = LINE('',#236,#237);
#236 = CARTESIAN_POINT('',(26.15,-12.575,-2.));
#237 = VECTOR('',#238,1.);
#238 = DIRECTION('',(0.,-1.,0.));
#239 = PLANE('',#240);
#240 = AXIS2_PLACEMENT_3D('',#241,#242,#243);
#241 = CARTESIAN_POINT('',(8.04363295761E-16,-1.969869295741E-16,-2.));
#242 = DIRECTION('',(0.,0.,1.));
#243 = DIRECTION('',(1.,0.,-0.));
#244 = ADVANCED_FACE('',(#245,#290,#301,#312,#323,#334,#345,#356,#367,
    #378,#389,#400),#411,.T.);
#245 = FACE_BOUND('',#246,.T.);
#246 = EDGE_LOOP('',(#247,#248,#249,#257,#266,#274,#283,#289));
#247 = ORIENTED_EDGE('',*,*,#31,.T.);
#248 = ORIENTED_EDGE('',*,*,#95,.T.);
#249 = ORIENTED_EDGE('',*,*,#250,.T.);
#250 = EDGE_CURVE('',#96,#251,#253,.T.);
#251 = VERTEX_POINT('',#252);
#252 = CARTESIAN_POINT('',(27.5,25.5,0.));
#253 = LINE('',#254,#255);
#254 = CARTESIAN_POINT('',(27.5,-25.5,0.));
#255 = VECTOR('',#256,1.);
#256 = DIRECTION('',(0.,1.,0.));
#257 = ORIENTED_EDGE('',*,*,#258,.T.);
#258 = EDGE_CURVE('',#251,#259,#261,.T.);
#259 = VERTEX_POINT('',#260);
#260 = CARTESIAN_POINT('',(25.5,27.5,0.));
#261 = CIRCLE('',#262,2.);
#262 = AXIS2_PLACEMENT_3D('',#263,#264,#265);
#263 = CARTESIAN_POINT('',(25.5,25.5,0.));
#264 = DIRECTION('',(0.,0.,1.));
#265 = DIRECTION('',(1.,0.,-0.));
#266 = ORIENTED_EDGE('',*,*,#267,.T.);
#267 = EDGE_CURVE('',#259,#268,#270,.T.);
#268 = VERTEX_POINT('',#269);
#269 = CARTESIAN_POINT('',(-25.5,27.5,0.));
#270 = LINE('',#271,#272);
#271 = CARTESIAN_POINT('',(25.5,27.5,0.));
#272 = VECTOR('',#273,1.);
#273 = DIRECTION('',(-1.,0.,0.));
#274 = ORIENTED_EDGE('',*,*,#275,.T.);
#275 = EDGE_CURVE('',#268,#276,#278,.T.);
#276 = VERTEX_POINT('',#277);
#277 = CARTESIAN_POINT('',(-27.5,25.5,0.));
#278 = CIRCLE('',#279,2.);
#279 = AXIS2_PLACEMENT_3D('',#280,#281,#282);
#280 = CARTESIAN_POINT('',(-25.5,25.5,0.));
#281 = DIRECTION('',(0.,-0.,1.));
#282 = DIRECTION('',(0.,1.,0.));
#283 = ORIENTED_EDGE('',*,*,#284,.T.);
#284 = EDGE_CURVE('',#276,#64,#285,.T.);
#285 = LINE('',#286,#287);
#286 = CARTESIAN_POINT('',(-27.5,25.5,0.));
#287 = VECTOR('',#288,1.);
#288 = DIRECTION('',(0.,-1.,0.));
#289 = ORIENTED_EDGE('',*,*,#71,.T.);
#290 = FACE_BOUND('',#291,.T.);
#291 = EDGE_LOOP('',(#292));
#292 = ORIENTED_EDGE('',*,*,#293,.F.);
#293 = EDGE_CURVE('',#294,#294,#296,.T.);
#294 = VERTEX_POINT('',#295);
#295 = CARTESIAN_POINT('',(-15.13,-13.315,0.));
#296 = CIRCLE('',#297,1.25);
#297 = AXIS2_PLACEMENT_3D('',#298,#299,#300);
#298 = CARTESIAN_POINT('',(-16.38,-13.315,0.));
#299 = DIRECTION('',(0.,0.,1.));
#300 = DIRECTION('',(1.,0.,-0.));
#301 = FACE_BOUND('',#302,.T.);
#302 = EDGE_LOOP('',(#303));
#303 = ORIENTED_EDGE('',*,*,#304,.F.);
#304 = EDGE_CURVE('',#305,#305,#307,.T.);
#305 = VERTEX_POINT('',#306);
#306 = CARTESIAN_POINT('',(0.1,-13.28,0.));
#307 = CIRCLE('',#308,0.5);
#308 = AXIS2_PLACEMENT_3D('',#309,#310,#311);
#309 = CARTESIAN_POINT('',(-0.4,-13.28,0.));
#310 = DIRECTION('',(0.,0.,1.));
#311 = DIRECTION('',(1.,0.,-0.));
#312 = FACE_BOUND('',#313,.T.);
#313 = EDGE_LOOP('',(#314));
#314 = ORIENTED_EDGE('',*,*,#315,.F.);
#315 = EDGE_CURVE('',#316,#316,#318,.T.);
#316 = VERTEX_POINT('',#317);
#317 = CARTESIAN_POINT('',(1.7,-13.28,0.));
#318 = CIRCLE('',#319,0.5);
#319 = AXIS2_PLACEMENT_3D('',#320,#321,#322);
#320 = CARTESIAN_POINT('',(1.2,-13.28,0.));
#321 = DIRECTION('',(0.,0.,1.));
#322 = DIRECTION('',(1.,0.,-0.));
#323 = FACE_BOUND('',#324,.T.);
#324 = EDGE_LOOP('',(#325));
#325 = ORIENTED_EDGE('',*,*,#326,.F.);
#326 = EDGE_CURVE('',#327,#327,#329,.T.);
#327 = VERTEX_POINT('',#328);
#328 = CARTESIAN_POINT('',(3.3,-13.28,0.));
#329 = CIRCLE('',#330,0.5);
#330 = AXIS2_PLACEMENT_3D('',#331,#332,#333);
#331 = CARTESIAN_POINT('',(2.8,-13.28,0.));
#332 = DIRECTION('',(0.,0.,1.));
#333 = DIRECTION('',(1.,0.,-0.));
#334 = FACE_BOUND('',#335,.T.);
#335 = EDGE_LOOP('',(#336));
#336 = ORIENTED_EDGE('',*,*,#337,.F.);
#337 = EDGE_CURVE('',#338,#338,#340,.T.);
#338 = VERTEX_POINT('',#339);
#339 = CARTESIAN_POINT('',(17.5,-12.2,0.));
#340 = CIRCLE('',#341,0.5);
#341 = AXIS2_PLACEMENT_3D('',#342,#343,#344);
#342 = CARTESIAN_POINT('',(17.,-12.2,0.));
#343 = DIRECTION('',(0.,0.,1.));
#344 = DIRECTION('',(1.,0.,-0.));
#345 = FACE_BOUND('',#346,.T.);
#346 = EDGE_LOOP('',(#347));
#347 = ORIENTED_EDGE('',*,*,#348,.F.);
#348 = EDGE_CURVE('',#349,#349,#351,.T.);
#349 = VERTEX_POINT('',#350);
#350 = CARTESIAN_POINT('',(0.1,-11.68,0.));
#351 = CIRCLE('',#352,0.5);
#352 = AXIS2_PLACEMENT_3D('',#353,#354,#355);
#353 = CARTESIAN_POINT('',(-0.4,-11.68,0.));
#354 = DIRECTION('',(0.,0.,1.));
#355 = DIRECTION('',(1.,0.,-0.));
#356 = FACE_BOUND('',#357,.T.);
#357 = EDGE_LOOP('',(#358));
#358 = ORIENTED_EDGE('',*,*,#359,.F.);
#359 = EDGE_CURVE('',#360,#360,#362,.T.);
#360 = VERTEX_POINT('',#361);
#361 = CARTESIAN_POINT('',(0.1,-10.08,0.));
#362 = CIRCLE('',#363,0.5);
#363 = AXIS2_PLACEMENT_3D('',#364,#365,#366);
#364 = CARTESIAN_POINT('',(-0.4,-10.08,0.));
#365 = DIRECTION('',(0.,0.,1.));
#366 = DIRECTION('',(1.,0.,-0.));
#367 = FACE_BOUND('',#368,.T.);
#368 = EDGE_LOOP('',(#369));
#369 = ORIENTED_EDGE('',*,*,#370,.F.);
#370 = EDGE_CURVE('',#371,#371,#373,.T.);
#371 = VERTEX_POINT('',#372);
#372 = CARTESIAN_POINT('',(1.7,-11.68,0.));
#373 = CIRCLE('',#374,0.5);
#374 = AXIS2_PLACEMENT_3D('',#375,#376,#377);
#375 = CARTESIAN_POINT('',(1.2,-11.68,0.));
#376 = DIRECTION('',(0.,0.,1.));
#377 = DIRECTION('',(1.,0.,-0.));
#378 = FACE_BOUND('',#379,.T.);
#379 = EDGE_LOOP('',(#380));
#380 = ORIENTED_EDGE('',*,*,#381,.F.);
#381 = EDGE_CURVE('',#382,#382,#384,.T.);
#382 = VERTEX_POINT('',#383);
#383 = CARTESIAN_POINT('',(3.3,-11.68,0.));
#384 = CIRCLE('',#385,0.5);
#385 = AXIS2_PLACEMENT_3D('',#386,#387,#388);
#386 = CARTESIAN_POINT('',(2.8,-11.68,0.));
#387 = DIRECTION('',(0.,0.,1.));
#388 = DIRECTION('',(1.,0.,-0.));
#389 = FACE_BOUND('',#390,.T.);
#390 = EDGE_LOOP('',(#391));
#391 = ORIENTED_EDGE('',*,*,#392,.F.);
#392 = EDGE_CURVE('',#393,#393,#395,.T.);
#393 = VERTEX_POINT('',#394);
#394 = CARTESIAN_POINT('',(1.7,-10.08,0.));
#395 = CIRCLE('',#396,0.5);
#396 = AXIS2_PLACEMENT_3D('',#397,#398,#399);
#397 = CARTESIAN_POINT('',(1.2,-10.08,0.));
#398 = DIRECTION('',(0.,0.,1.));
#399 = DIRECTION('',(1.,0.,-0.));
#400 = FACE_BOUND('',#401,.T.);
#401 = EDGE_LOOP('',(#402));
#402 = ORIENTED_EDGE('',*,*,#403,.F.);
#403 = EDGE_CURVE('',#404,#404,#406,.T.);
#404 = VERTEX_POINT('',#405);
#405 = CARTESIAN_POINT('',(3.3,-10.08,0.));
#406 = CIRCLE('',#407,0.5);
#407 = AXIS2_PLACEMENT_3D('',#408,#409,#410);
#408 = CARTESIAN_POINT('',(2.8,-10.08,0.));
#409 = DIRECTION('',(0.,0.,1.));
#410 = DIRECTION('',(1.,0.,-0.));
#411 = PLANE('',#412);
#412 = AXIS2_PLACEMENT_3D('',#413,#414,#415);
#413 = CARTESIAN_POINT('',(8.04363295761E-16,-1.969869295741E-16,0.));
#414 = DIRECTION('',(0.,0.,1.));
#415 = DIRECTION('',(1.,0.,-0.));
#416 = ADVANCED_FACE('',(#417),#428,.F.);
#417 = FACE_BOUND('',#418,.F.);
#418 = EDGE_LOOP('',(#419,#425,#426,#427));
#419 = ORIENTED_EDGE('',*,*,#420,.T.);
#420 = EDGE_CURVE('',#155,#276,#421,.T.);
#421 = LINE('',#422,#423);
#422 = CARTESIAN_POINT('',(-27.5,25.5,-2.));
#423 = VECTOR('',#424,1.);
#424 = DIRECTION('',(0.,0.,1.));
#425 = ORIENTED_EDGE('',*,*,#284,.T.);
#426 = ORIENTED_EDGE('',*,*,#61,.F.);
#427 = ORIENTED_EDGE('',*,*,#163,.F.);
#428 = PLANE('',#429);
#429 = AXIS2_PLACEMENT_3D('',#430,#431,#432);
#430 = CARTESIAN_POINT('',(-27.5,25.5,-2.));
#431 = DIRECTION('',(1.,0.,-0.));
#432 = DIRECTION('',(0.,-1.,0.));
#433 = ADVANCED_FACE('',(#434),#445,.F.);
#434 = FACE_BOUND('',#435,.F.);
#435 = EDGE_LOOP('',(#436,#437,#438,#444));
#436 = ORIENTED_EDGE('',*,*,#104,.T.);
#437 = ORIENTED_EDGE('',*,*,#250,.T.);
#438 = ORIENTED_EDGE('',*,*,#439,.F.);
#439 = EDGE_CURVE('',#130,#251,#440,.T.);
#440 = LINE('',#441,#442);
#441 = CARTESIAN_POINT('',(27.5,25.5,-2.));
#442 = VECTOR('',#443,1.);
#443 = DIRECTION('',(0.,0.,1.));
#444 = ORIENTED_EDGE('',*,*,#129,.F.);
#445 = PLANE('',#446);
#446 = AXIS2_PLACEMENT_3D('',#447,#448,#449);
#447 = CARTESIAN_POINT('',(27.5,-25.5,-2.));
#448 = DIRECTION('',(-1.,0.,0.));
#449 = DIRECTION('',(0.,1.,0.));
#450 = ADVANCED_FACE('',(#451),#462,.T.);
#451 = FACE_BOUND('',#452,.F.);
#452 = EDGE_LOOP('',(#453,#459,#460,#461));
#453 = ORIENTED_EDGE('',*,*,#454,.T.);
#454 = EDGE_CURVE('',#147,#268,#455,.T.);
#455 = LINE('',#456,#457);
#456 = CARTESIAN_POINT('',(-25.5,27.5,-2.));
#457 = VECTOR('',#458,1.);
#458 = DIRECTION('',(0.,0.,1.));
#459 = ORIENTED_EDGE('',*,*,#275,.T.);
#460 = ORIENTED_EDGE('',*,*,#420,.F.);
#461 = ORIENTED_EDGE('',*,*,#154,.F.);
#462 = CYLINDRICAL_SURFACE('',#463,2.);
#463 = AXIS2_PLACEMENT_3D('',#464,#465,#466);
#464 = CARTESIAN_POINT('',(-25.5,25.5,-2.));
#465 = DIRECTION('',(-0.,0.,-1.));
#466 = DIRECTION('',(0.,1.,0.));
#467 = ADVANCED_FACE('',(#468),#479,.T.);
#468 = FACE_BOUND('',#469,.F.);
#469 = EDGE_LOOP('',(#470,#471,#472,#478));
#470 = ORIENTED_EDGE('',*,*,#439,.T.);
#471 = ORIENTED_EDGE('',*,*,#258,.T.);
#472 = ORIENTED_EDGE('',*,*,#473,.F.);
#473 = EDGE_CURVE('',#138,#259,#474,.T.);
#474 = LINE('',#475,#476);
#475 = CARTESIAN_POINT('',(25.5,27.5,-2.));
#476 = VECTOR('',#477,1.);
#477 = DIRECTION('',(0.,0.,1.));
#478 = ORIENTED_EDGE('',*,*,#137,.F.);
#479 = CYLINDRICAL_SURFACE('',#480,2.);
#480 = AXIS2_PLACEMENT_3D('',#481,#482,#483);
#481 = CARTESIAN_POINT('',(25.5,25.5,-2.));
#482 = DIRECTION('',(-0.,-0.,-1.));
#483 = DIRECTION('',(1.,0.,-0.));
#484 = ADVANCED_FACE('',(#485),#491,.F.);
#485 = FACE_BOUND('',#486,.F.);
#486 = EDGE_LOOP('',(#487,#488,#489,#490));
#487 = ORIENTED_EDGE('',*,*,#473,.T.);
#488 = ORIENTED_EDGE('',*,*,#267,.T.);
#489 = ORIENTED_EDGE('',*,*,#454,.F.);
#490 = ORIENTED_EDGE('',*,*,#146,.F.);
#491 = PLANE('',#492);
#492 = AXIS2_PLACEMENT_3D('',#493,#494,#495);
#493 = CARTESIAN_POINT('',(25.5,27.5,-2.));
#494 = DIRECTION('',(0.,-1.,0.));
#495 = DIRECTION('',(-1.,0.,0.));
#496 = ADVANCED_FACE('',(#497),#523,.T.);
#497 = FACE_BOUND('',#498,.F.);
#498 = EDGE_LOOP('',(#499,#510,#516,#517));
#499 = ORIENTED_EDGE('',*,*,#500,.F.);
#500 = EDGE_CURVE('',#501,#503,#505,.T.);
#501 = VERTEX_POINT('',#502);
#502 = CARTESIAN_POINT('',(25.15,-26.15,-3.2));
#503 = VERTEX_POINT('',#504);
#504 = CARTESIAN_POINT('',(26.15,-25.15,-3.2));
#505 = CIRCLE('',#506,1.);
#506 = AXIS2_PLACEMENT_3D('',#507,#508,#509);
#507 = CARTESIAN_POINT('',(25.15,-25.15,-3.2));
#508 = DIRECTION('',(0.,0.,1.));
#509 = DIRECTION('',(3.5527136788E-15,-1.,0.));
#510 = ORIENTED_EDGE('',*,*,#511,.T.);
#511 = EDGE_CURVE('',#501,#175,#512,.T.);
#512 = LINE('',#513,#514);
#513 = CARTESIAN_POINT('',(25.15,-26.15,-3.2));
#514 = VECTOR('',#515,1.);
#515 = DIRECTION('',(0.,0.,1.));
#516 = ORIENTED_EDGE('',*,*,#172,.F.);
#517 = ORIENTED_EDGE('',*,*,#518,.F.);
#518 = EDGE_CURVE('',#503,#173,#519,.T.);
#519 = LINE('',#520,#521);
#520 = CARTESIAN_POINT('',(26.15,-25.15,-3.2));
#521 = VECTOR('',#522,1.);
#522 = DIRECTION('',(0.,0.,1.));
#523 = CYLINDRICAL_SURFACE('',#524,1.);
#524 = AXIS2_PLACEMENT_3D('',#525,#526,#527);
#525 = CARTESIAN_POINT('',(25.15,-25.15,-3.2));
#526 = DIRECTION('',(-0.,-0.,-1.));
#527 = DIRECTION('',(3.5527136788E-15,-1.,0.));
#528 = ADVANCED_FACE('',(#529),#547,.F.);
#529 = FACE_BOUND('',#530,.F.);
#530 = EDGE_LOOP('',(#531,#539,#540,#541));
#531 = ORIENTED_EDGE('',*,*,#532,.F.);
#532 = EDGE_CURVE('',#503,#533,#535,.T.);
#533 = VERTEX_POINT('',#534);
#534 = CARTESIAN_POINT('',(26.15,25.15,-3.2));
#535 = LINE('',#536,#537);
#536 = CARTESIAN_POINT('',(26.15,-25.15,-3.2));
#537 = VECTOR('',#538,1.);
#538 = DIRECTION('',(0.,1.,0.));
#539 = ORIENTED_EDGE('',*,*,#518,.T.);
#540 = ORIENTED_EDGE('',*,*,#234,.F.);
#541 = ORIENTED_EDGE('',*,*,#542,.F.);
#542 = EDGE_CURVE('',#533,#226,#543,.T.);
#543 = LINE('',#544,#545);
#544 = CARTESIAN_POINT('',(26.15,25.15,-3.2));
#545 = VECTOR('',#546,1.);
#546 = DIRECTION('',(0.,0.,1.));
#547 = PLANE('',#548);
#548 = AXIS2_PLACEMENT_3D('',#549,#550,#551);
#549 = CARTESIAN_POINT('',(26.15,-25.15,-3.2));
#550 = DIRECTION('',(-1.,0.,0.));
#551 = DIRECTION('',(0.,1.,0.));
#552 = ADVANCED_FACE('',(#553),#572,.T.);
#553 = FACE_BOUND('',#554,.F.);
#554 = EDGE_LOOP('',(#555,#564,#565,#566));
#555 = ORIENTED_EDGE('',*,*,#556,.F.);
#556 = EDGE_CURVE('',#533,#557,#559,.T.);
#557 = VERTEX_POINT('',#558);
#558 = CARTESIAN_POINT('',(25.15,26.15,-3.2));
#559 = CIRCLE('',#560,1.);
#560 = AXIS2_PLACEMENT_3D('',#561,#562,#563);
#561 = CARTESIAN_POINT('',(25.15,25.15,-3.2));
#562 = DIRECTION('',(0.,0.,1.));
#563 = DIRECTION('',(1.,3.5527136788E-15,-0.));
#564 = ORIENTED_EDGE('',*,*,#542,.T.);
#565 = ORIENTED_EDGE('',*,*,#225,.F.);
#566 = ORIENTED_EDGE('',*,*,#567,.F.);
#567 = EDGE_CURVE('',#557,#218,#568,.T.);
#568 = LINE('',#569,#570);
#569 = CARTESIAN_POINT('',(25.15,26.15,-3.2));
#570 = VECTOR('',#571,1.);
#571 = DIRECTION('',(0.,0.,1.));
#572 = CYLINDRICAL_SURFACE('',#573,1.);
#573 = AXIS2_PLACEMENT_3D('',#574,#575,#576);
#574 = CARTESIAN_POINT('',(25.15,25.15,-3.2));
#575 = DIRECTION('',(-0.,-0.,-1.));
#576 = DIRECTION('',(1.,3.5527136788E-15,-0.));
#577 = ADVANCED_FACE('',(#578),#596,.F.);
#578 = FACE_BOUND('',#579,.F.);
#579 = EDGE_LOOP('',(#580,#588,#589,#590));
#580 = ORIENTED_EDGE('',*,*,#581,.F.);
#581 = EDGE_CURVE('',#557,#582,#584,.T.);
#582 = VERTEX_POINT('',#583);
#583 = CARTESIAN_POINT('',(-25.15,26.15,-3.2));
#584 = LINE('',#585,#586);
#585 = CARTESIAN_POINT('',(25.15,26.15,-3.2));
#586 = VECTOR('',#587,1.);
#587 = DIRECTION('',(-1.,0.,0.));
#588 = ORIENTED_EDGE('',*,*,#567,.T.);
#589 = ORIENTED_EDGE('',*,*,#217,.F.);
#590 = ORIENTED_EDGE('',*,*,#591,.F.);
#591 = EDGE_CURVE('',#582,#209,#592,.T.);
#592 = LINE('',#593,#594);
#593 = CARTESIAN_POINT('',(-25.15,26.15,-3.2));
#594 = VECTOR('',#595,1.);
#595 = DIRECTION('',(0.,0.,1.));
#596 = PLANE('',#597);
#597 = AXIS2_PLACEMENT_3D('',#598,#599,#600);
#598 = CARTESIAN_POINT('',(25.15,26.15,-3.2));
#599 = DIRECTION('',(0.,-1.,0.));
#600 = DIRECTION('',(-1.,0.,0.));
#601 = ADVANCED_FACE('',(#602),#621,.T.);
#602 = FACE_BOUND('',#603,.F.);
#603 = EDGE_LOOP('',(#604,#613,#614,#615));
#604 = ORIENTED_EDGE('',*,*,#605,.F.);
#605 = EDGE_CURVE('',#582,#606,#608,.T.);
#606 = VERTEX_POINT('',#607);
#607 = CARTESIAN_POINT('',(-26.15,25.15,-3.2));
#608 = CIRCLE('',#609,1.);
#609 = AXIS2_PLACEMENT_3D('',#610,#611,#612);
#610 = CARTESIAN_POINT('',(-25.15,25.15,-3.2));
#611 = DIRECTION('',(0.,0.,1.));
#612 = DIRECTION('',(-3.5527136788E-15,1.,0.));
#613 = ORIENTED_EDGE('',*,*,#591,.T.);
#614 = ORIENTED_EDGE('',*,*,#208,.F.);
#615 = ORIENTED_EDGE('',*,*,#616,.F.);
#616 = EDGE_CURVE('',#606,#201,#617,.T.);
#617 = LINE('',#618,#619);
#618 = CARTESIAN_POINT('',(-26.15,25.15,-3.2));
#619 = VECTOR('',#620,1.);
#620 = DIRECTION('',(0.,0.,1.));
#621 = CYLINDRICAL_SURFACE('',#622,1.);
#622 = AXIS2_PLACEMENT_3D('',#623,#624,#625);
#623 = CARTESIAN_POINT('',(-25.15,25.15,-3.2));
#624 = DIRECTION('',(-0.,-0.,-1.));
#625 = DIRECTION('',(-3.5527136788E-15,1.,0.));
#626 = ADVANCED_FACE('',(#627),#645,.F.);
#627 = FACE_BOUND('',#628,.F.);
#628 = EDGE_LOOP('',(#629,#637,#638,#639));
#629 = ORIENTED_EDGE('',*,*,#630,.F.);
#630 = EDGE_CURVE('',#606,#631,#633,.T.);
#631 = VERTEX_POINT('',#632);
#632 = CARTESIAN_POINT('',(-26.15,-25.15,-3.2));
#633 = LINE('',#634,#635);
#634 = CARTESIAN_POINT('',(-26.15,25.15,-3.2));
#635 = VECTOR('',#636,1.);
#636 = DIRECTION('',(0.,-1.,0.));
#637 = ORIENTED_EDGE('',*,*,#616,.T.);
#638 = ORIENTED_EDGE('',*,*,#200,.F.);
#639 = ORIENTED_EDGE('',*,*,#640,.F.);
#640 = EDGE_CURVE('',#631,#192,#641,.T.);
#641 = LINE('',#642,#643);
#642 = CARTESIAN_POINT('',(-26.15,-25.15,-3.2));
#643 = VECTOR('',#644,1.);
#644 = DIRECTION('',(0.,0.,1.));
#645 = PLANE('',#646);
#646 = AXIS2_PLACEMENT_3D('',#647,#648,#649);
#647 = CARTESIAN_POINT('',(-26.15,25.15,-3.2));
#648 = DIRECTION('',(1.,0.,-0.));
#649 = DIRECTION('',(0.,-1.,0.));
#650 = ADVANCED_FACE('',(#651),#670,.T.);
#651 = FACE_BOUND('',#652,.F.);
#652 = EDGE_LOOP('',(#653,#662,#663,#664));
#653 = ORIENTED_EDGE('',*,*,#654,.F.);
#654 = EDGE_CURVE('',#631,#655,#657,.T.);
#655 = VERTEX_POINT('',#656);
#656 = CARTESIAN_POINT('',(-25.15,-26.15,-3.2));
#657 = CIRCLE('',#658,1.);
#658 = AXIS2_PLACEMENT_3D('',#659,#660,#661);
#659 = CARTESIAN_POINT('',(-25.15,-25.15,-3.2));
#660 = DIRECTION('',(0.,0.,1.));
#661 = DIRECTION('',(-1.,-3.5527136788E-15,0.));
#662 = ORIENTED_EDGE('',*,*,#640,.T.);
#663 = ORIENTED_EDGE('',*,*,#191,.F.);
#664 = ORIENTED_EDGE('',*,*,#665,.F.);
#665 = EDGE_CURVE('',#655,#184,#666,.T.);
#666 = LINE('',#667,#668);
#667 = CARTESIAN_POINT('',(-25.15,-26.15,-3.2));
#668 = VECTOR('',#669,1.);
#669 = DIRECTION('',(0.,0.,1.));
#670 = CYLINDRICAL_SURFACE('',#671,1.);
#671 = AXIS2_PLACEMENT_3D('',#672,#673,#674);
#672 = CARTESIAN_POINT('',(-25.15,-25.15,-3.2));
#673 = DIRECTION('',(-0.,-0.,-1.));
#674 = DIRECTION('',(-1.,-3.5527136788E-15,0.));
#675 = ADVANCED_FACE('',(#676),#687,.F.);
#676 = FACE_BOUND('',#677,.F.);
#677 = EDGE_LOOP('',(#678,#684,#685,#686));
#678 = ORIENTED_EDGE('',*,*,#679,.F.);
#679 = EDGE_CURVE('',#655,#501,#680,.T.);
#680 = LINE('',#681,#682);
#681 = CARTESIAN_POINT('',(-25.15,-26.15,-3.2));
#682 = VECTOR('',#683,1.);
#683 = DIRECTION('',(1.,0.,0.));
#684 = ORIENTED_EDGE('',*,*,#665,.T.);
#685 = ORIENTED_EDGE('',*,*,#183,.F.);
#686 = ORIENTED_EDGE('',*,*,#511,.F.);
#687 = PLANE('',#688);
#688 = AXIS2_PLACEMENT_3D('',#689,#690,#691);
#689 = CARTESIAN_POINT('',(-25.15,-26.15,-3.2));
#690 = DIRECTION('',(0.,1.,0.));
#691 = DIRECTION('',(1.,0.,0.));
#692 = ADVANCED_FACE('',(#693),#712,.F.);
#693 = FACE_BOUND('',#694,.F.);
#694 = EDGE_LOOP('',(#695,#696,#704,#711));
#695 = ORIENTED_EDGE('',*,*,#293,.F.);
#696 = ORIENTED_EDGE('',*,*,#697,.F.);
#697 = EDGE_CURVE('',#698,#294,#700,.T.);
#698 = VERTEX_POINT('',#699);
#699 = CARTESIAN_POINT('',(-15.13,-13.315,-2.));
#700 = LINE('',#701,#702);
#701 = CARTESIAN_POINT('',(-15.13,-13.315,-2.5));
#702 = VECTOR('',#703,1.);
#703 = DIRECTION('',(0.,0.,1.));
#704 = ORIENTED_EDGE('',*,*,#705,.T.);
#705 = EDGE_CURVE('',#698,#698,#706,.T.);
#706 = CIRCLE('',#707,1.25);
#707 = AXIS2_PLACEMENT_3D('',#708,#709,#710);
#708 = CARTESIAN_POINT('',(-16.38,-13.315,-2.));
#709 = DIRECTION('',(0.,0.,1.));
#710 = DIRECTION('',(1.,0.,-0.));
#711 = ORIENTED_EDGE('',*,*,#697,.T.);
#712 = CYLINDRICAL_SURFACE('',#713,1.25);
#713 = AXIS2_PLACEMENT_3D('',#714,#715,#716);
#714 = CARTESIAN_POINT('',(-16.38,-13.315,-2.5));
#715 = DIRECTION('',(0.,0.,1.));
#716 = DIRECTION('',(1.,0.,-0.));
#717 = ADVANCED_FACE('',(#718),#737,.F.);
#718 = FACE_BOUND('',#719,.F.);
#719 = EDGE_LOOP('',(#720,#721,#729,#736));
#720 = ORIENTED_EDGE('',*,*,#304,.F.);
#721 = ORIENTED_EDGE('',*,*,#722,.F.);
#722 = EDGE_CURVE('',#723,#305,#725,.T.);
#723 = VERTEX_POINT('',#724);
#724 = CARTESIAN_POINT('',(0.1,-13.28,-2.));
#725 = LINE('',#726,#727);
#726 = CARTESIAN_POINT('',(0.1,-13.28,-2.5));
#727 = VECTOR('',#728,1.);
#728 = DIRECTION('',(0.,0.,1.));
#729 = ORIENTED_EDGE('',*,*,#730,.T.);
#730 = EDGE_CURVE('',#723,#723,#731,.T.);
#731 = CIRCLE('',#732,0.5);
#732 = AXIS2_PLACEMENT_3D('',#733,#734,#735);
#733 = CARTESIAN_POINT('',(-0.4,-13.28,-2.));
#734 = DIRECTION('',(0.,0.,1.));
#735 = DIRECTION('',(1.,0.,-0.));
#736 = ORIENTED_EDGE('',*,*,#722,.T.);
#737 = CYLINDRICAL_SURFACE('',#738,0.5);
#738 = AXIS2_PLACEMENT_3D('',#739,#740,#741);
#739 = CARTESIAN_POINT('',(-0.4,-13.28,-2.5));
#740 = DIRECTION('',(0.,0.,1.));
#741 = DIRECTION('',(1.,0.,-0.));
#742 = ADVANCED_FACE('',(#743),#762,.F.);
#743 = FACE_BOUND('',#744,.F.);
#744 = EDGE_LOOP('',(#745,#746,#754,#761));
#745 = ORIENTED_EDGE('',*,*,#315,.F.);
#746 = ORIENTED_EDGE('',*,*,#747,.F.);
#747 = EDGE_CURVE('',#748,#316,#750,.T.);
#748 = VERTEX_POINT('',#749);
#749 = CARTESIAN_POINT('',(1.7,-13.28,-2.));
#750 = LINE('',#751,#752);
#751 = CARTESIAN_POINT('',(1.7,-13.28,-2.5));
#752 = VECTOR('',#753,1.);
#753 = DIRECTION('',(0.,0.,1.));
#754 = ORIENTED_EDGE('',*,*,#755,.T.);
#755 = EDGE_CURVE('',#748,#748,#756,.T.);
#756 = CIRCLE('',#757,0.5);
#757 = AXIS2_PLACEMENT_3D('',#758,#759,#760);
#758 = CARTESIAN_POINT('',(1.2,-13.28,-2.));
#759 = DIRECTION('',(0.,0.,1.));
#760 = DIRECTION('',(1.,0.,-0.));
#761 = ORIENTED_EDGE('',*,*,#747,.T.);
#762 = CYLINDRICAL_SURFACE('',#763,0.5);
#763 = AXIS2_PLACEMENT_3D('',#764,#765,#766);
#764 = CARTESIAN_POINT('',(1.2,-13.28,-2.5));
#765 = DIRECTION('',(0.,0.,1.));
#766 = DIRECTION('',(1.,0.,-0.));
#767 = ADVANCED_FACE('',(#768),#787,.F.);
#768 = FACE_BOUND('',#769,.F.);
#769 = EDGE_LOOP('',(#770,#771,#779,#786));
#770 = ORIENTED_EDGE('',*,*,#326,.F.);
#771 = ORIENTED_EDGE('',*,*,#772,.F.);
#772 = EDGE_CURVE('',#773,#327,#775,.T.);
#773 = VERTEX_POINT('',#774);
#774 = CARTESIAN_POINT('',(3.3,-13.28,-2.));
#775 = LINE('',#776,#777);
#776 = CARTESIAN_POINT('',(3.3,-13.28,-2.5));
#777 = VECTOR('',#778,1.);
#778 = DIRECTION('',(0.,0.,1.));
#779 = ORIENTED_EDGE('',*,*,#780,.T.);
#780 = EDGE_CURVE('',#773,#773,#781,.T.);
#781 = CIRCLE('',#782,0.5);
#782 = AXIS2_PLACEMENT_3D('',#783,#784,#785);
#783 = CARTESIAN_POINT('',(2.8,-13.28,-2.));
#784 = DIRECTION('',(0.,0.,1.));
#785 = DIRECTION('',(1.,0.,-0.));
#786 = ORIENTED_EDGE('',*,*,#772,.T.);
#787 = CYLINDRICAL_SURFACE('',#788,0.5);
#788 = AXIS2_PLACEMENT_3D('',#789,#790,#791);
#789 = CARTESIAN_POINT('',(2.8,-13.28,-2.5));
#790 = DIRECTION('',(0.,0.,1.));
#791 = DIRECTION('',(1.,0.,-0.));
#792 = ADVANCED_FACE('',(#793),#812,.F.);
#793 = FACE_BOUND('',#794,.F.);
#794 = EDGE_LOOP('',(#795,#796,#804,#811));
#795 = ORIENTED_EDGE('',*,*,#337,.F.);
#796 = ORIENTED_EDGE('',*,*,#797,.F.);
#797 = EDGE_CURVE('',#798,#338,#800,.T.);
#798 = VERTEX_POINT('',#799);
#799 = CARTESIAN_POINT('',(17.5,-12.2,-2.));
#800 = LINE('',#801,#802);
#801 = CARTESIAN_POINT('',(17.5,-12.2,-2.5));
#802 = VECTOR('',#803,1.);
#803 = DIRECTION('',(0.,0.,1.));
#804 = ORIENTED_EDGE('',*,*,#805,.T.);
#805 = EDGE_CURVE('',#798,#798,#806,.T.);
#806 = CIRCLE('',#807,0.5);
#807 = AXIS2_PLACEMENT_3D('',#808,#809,#810);
#808 = CARTESIAN_POINT('',(17.,-12.2,-2.));
#809 = DIRECTION('',(0.,0.,1.));
#810 = DIRECTION('',(1.,0.,-0.));
#811 = ORIENTED_EDGE('',*,*,#797,.T.);
#812 = CYLINDRICAL_SURFACE('',#813,0.5);
#813 = AXIS2_PLACEMENT_3D('',#814,#815,#816);
#814 = CARTESIAN_POINT('',(17.,-12.2,-2.5));
#815 = DIRECTION('',(0.,0.,1.));
#816 = DIRECTION('',(1.,0.,-0.));
#817 = ADVANCED_FACE('',(#818),#837,.F.);
#818 = FACE_BOUND('',#819,.F.);
#819 = EDGE_LOOP('',(#820,#821,#829,#836));
#820 = ORIENTED_EDGE('',*,*,#348,.F.);
#821 = ORIENTED_EDGE('',*,*,#822,.F.);
#822 = EDGE_CURVE('',#823,#349,#825,.T.);
#823 = VERTEX_POINT('',#824);
#824 = CARTESIAN_POINT('',(0.1,-11.68,-2.));
#825 = LINE('',#826,#827);
#826 = CARTESIAN_POINT('',(0.1,-11.68,-2.5));
#827 = VECTOR('',#828,1.);
#828 = DIRECTION('',(0.,0.,1.));
#829 = ORIENTED_EDGE('',*,*,#830,.T.);
#830 = EDGE_CURVE('',#823,#823,#831,.T.);
#831 = CIRCLE('',#832,0.5);
#832 = AXIS2_PLACEMENT_3D('',#833,#834,#835);
#833 = CARTESIAN_POINT('',(-0.4,-11.68,-2.));
#834 = DIRECTION('',(0.,0.,1.));
#835 = DIRECTION('',(1.,0.,-0.));
#836 = ORIENTED_EDGE('',*,*,#822,.T.);
#837 = CYLINDRICAL_SURFACE('',#838,0.5);
#838 = AXIS2_PLACEMENT_3D('',#839,#840,#841);
#839 = CARTESIAN_POINT('',(-0.4,-11.68,-2.5));
#840 = DIRECTION('',(0.,0.,1.));
#841 = DIRECTION('',(1.,0.,-0.));
#842 = ADVANCED_FACE('',(#843),#862,.F.);
#843 = FACE_BOUND('',#844,.F.);
#844 = EDGE_LOOP('',(#845,#846,#854,#861));
#845 = ORIENTED_EDGE('',*,*,#359,.F.);
#846 = ORIENTED_EDGE('',*,*,#847,.F.);
#847 = EDGE_CURVE('',#848,#360,#850,.T.);
#848 = VERTEX_POINT('',#849);
#849 = CARTESIAN_POINT('',(0.1,-10.08,-2.));
#850 = LINE('',#851,#852);
#851 = CARTESIAN_POINT('',(0.1,-10.08,-2.5));
#852 = VECTOR('',#853,1.);
#853 = DIRECTION('',(0.,0.,1.));
#854 = ORIENTED_EDGE('',*,*,#855,.T.);
#855 = EDGE_CURVE('',#848,#848,#856,.T.);
#856 = CIRCLE('',#857,0.5);
#857 = AXIS2_PLACEMENT_3D('',#858,#859,#860);
#858 = CARTESIAN_POINT('',(-0.4,-10.08,-2.));
#859 = DIRECTION('',(0.,0.,1.));
#860 = DIRECTION('',(1.,0.,-0.));
#861 = ORIENTED_EDGE('',*,*,#847,.T.);
#862 = CYLINDRICAL_SURFACE('',#863,0.5);
#863 = AXIS2_PLACEMENT_3D('',#864,#865,#866);
#864 = CARTESIAN_POINT('',(-0.4,-10.08,-2.5));
#865 = DIRECTION('',(0.,0.,1.));
#866 = DIRECTION('',(1.,0.,-0.));
#867 = ADVANCED_FACE('',(#868),#887,.F.);
#868 = FACE_BOUND('',#869,.F.);
#869 = EDGE_LOOP('',(#870,#871,#879,#886));
#870 = ORIENTED_EDGE('',*,*,#370,.F.);
#871 = ORIENTED_EDGE('',*,*,#872,.F.);
#872 = EDGE_CURVE('',#873,#371,#875,.T.);
#873 = VERTEX_POINT('',#874);
#874 = CARTESIAN_POINT('',(1.7,-11.68,-2.));
#875 = LINE('',#876,#877);
#876 = CARTESIAN_POINT('',(1.7,-11.68,-2.5));
#877 = VECTOR('',#878,1.);
#878 = DIRECTION('',(0.,0.,1.));
#879 = ORIENTED_EDGE('',*,*,#880,.T.);
#880 = EDGE_CURVE('',#873,#873,#881,.T.);
#881 = CIRCLE('',#882,0.5);
#882 = AXIS2_PLACEMENT_3D('',#883,#884,#885);
#883 = CARTESIAN_POINT('',(1.2,-11.68,-2.));
#884 = DIRECTION('',(0.,0.,1.));
#885 = DIRECTION('',(1.,0.,-0.));
#886 = ORIENTED_EDGE('',*,*,#872,.T.);
#887 = CYLINDRICAL_SURFACE('',#888,0.5);
#888 = AXIS2_PLACEMENT_3D('',#889,#890,#891);
#889 = CARTESIAN_POINT('',(1.2,-11.68,-2.5));
#890 = DIRECTION('',(0.,0.,1.));
#891 = DIRECTION('',(1.,0.,-0.));
#892 = ADVANCED_FACE('',(#893),#912,.F.);
#893 = FACE_BOUND('',#894,.F.);
#894 = EDGE_LOOP('',(#895,#896,#904,#911));
#895 = ORIENTED_EDGE('',*,*,#381,.F.);
#896 = ORIENTED_EDGE('',*,*,#897,.F.);
#897 = EDGE_CURVE('',#898,#382,#900,.T.);
#898 = VERTEX_POINT('',#899);
#899 = CARTESIAN_POINT('',(3.3,-11.68,-2.));
#900 = LINE('',#901,#902);
#901 = CARTESIAN_POINT('',(3.3,-11.68,-2.5));
#902 = VECTOR('',#903,1.);
#903 = DIRECTION('',(0.,0.,1.));
#904 = ORIENTED_EDGE('',*,*,#905,.T.);
#905 = EDGE_CURVE('',#898,#898,#906,.T.);
#906 = CIRCLE('',#907,0.5);
#907 = AXIS2_PLACEMENT_3D('',#908,#909,#910);
#908 = CARTESIAN_POINT('',(2.8,-11.68,-2.));
#909 = DIRECTION('',(0.,0.,1.));
#910 = DIRECTION('',(1.,0.,-0.));
#911 = ORIENTED_EDGE('',*,*,#897,.T.);
#912 = CYLINDRICAL_SURFACE('',#913,0.5);
#913 = AXIS2_PLACEMENT_3D('',#914,#915,#916);
#914 = CARTESIAN_POINT('',(2.8,-11.68,-2.5));
#915 = DIRECTION('',(0.,0.,1.));
#916 = DIRECTION('',(1.,0.,-0.));
#917 = ADVANCED_FACE('',(#918),#937,.F.);
#918 = FACE_BOUND('',#919,.F.);
#919 = EDGE_LOOP('',(#920,#921,#929,#936));
#920 = ORIENTED_EDGE('',*,*,#392,.F.);
#921 = ORIENTED_EDGE('',*,*,#922,.F.);
#922 = EDGE_CURVE('',#923,#393,#925,.T.);
#923 = VERTEX_POINT('',#924);
#924 = CARTESIAN_POINT('',(1.7,-10.08,-2.));
#925 = LINE('',#926,#927);
#926 = CARTESIAN_POINT('',(1.7,-10.08,-2.5));
#927 = VECTOR('',#928,1.);
#928 = DIRECTION('',(0.,0.,1.));
#929 = ORIENTED_EDGE('',*,*,#930,.T.);
#930 = EDGE_CURVE('',#923,#923,#931,.T.);
#931 = CIRCLE('',#932,0.5);
#932 = AXIS2_PLACEMENT_3D('',#933,#934,#935);
#933 = CARTESIAN_POINT('',(1.2,-10.08,-2.));
#934 = DIRECTION('',(0.,0.,1.));
#935 = DIRECTION('',(1.,0.,-0.));
#936 = ORIENTED_EDGE('',*,*,#922,.T.);
#937 = CYLINDRICAL_SURFACE('',#938,0.5);
#938 = AXIS2_PLACEMENT_3D('',#939,#940,#941);
#939 = CARTESIAN_POINT('',(1.2,-10.08,-2.5));
#940 = DIRECTION('',(0.,0.,1.));
#941 = DIRECTION('',(1.,0.,-0.));
#942 = ADVANCED_FACE('',(#943),#962,.F.);
#943 = FACE_BOUND('',#944,.F.);
#944 = EDGE_LOOP('',(#945,#946,#954,#961));
#945 = ORIENTED_EDGE('',*,*,#403,.F.);
#946 = ORIENTED_EDGE('',*,*,#947,.F.);
#947 = EDGE_CURVE('',#948,#404,#950,.T.);
#948 = VERTEX_POINT('',#949);
#949 = CARTESIAN_POINT('',(3.3,-10.08,-2.));
#950 = LINE('',#951,#952);
#951 = CARTESIAN_POINT('',(3.3,-10.08,-2.5));
#952 = VECTOR('',#953,1.);
#953 = DIRECTION('',(0.,0.,1.));
#954 = ORIENTED_EDGE('',*,*,#955,.T.);
#955 = EDGE_CURVE('',#948,#948,#956,.T.);
#956 = CIRCLE('',#957,0.5);
#957 = AXIS2_PLACEMENT_3D('',#958,#959,#960);
#958 = CARTESIAN_POINT('',(2.8,-10.08,-2.));
#959 = DIRECTION('',(0.,0.,1.));
#960 = DIRECTION('',(1.,0.,-0.));
#961 = ORIENTED_EDGE('',*,*,#947,.T.);
#962 = CYLINDRICAL_SURFACE('',#963,0.5);
#963 = AXIS2_PLACEMENT_3D('',#964,#965,#966);
#964 = CARTESIAN_POINT('',(2.8,-10.08,-2.5));
#965 = DIRECTION('',(0.,0.,1.));
#966 = DIRECTION('',(1.,0.,-0.));
#967 = ADVANCED_FACE('',(#968,#978),#1176,.F.);
#968 = FACE_BOUND('',#969,.F.);
#969 = EDGE_LOOP('',(#970,#971,#972,#973,#974,#975,#976,#977));
#970 = ORIENTED_EDGE('',*,*,#679,.T.);
#971 = ORIENTED_EDGE('',*,*,#500,.T.);
#972 = ORIENTED_EDGE('',*,*,#532,.T.);
#973 = ORIENTED_EDGE('',*,*,#556,.T.);
#974 = ORIENTED_EDGE('',*,*,#581,.T.);
#975 = ORIENTED_EDGE('',*,*,#605,.T.);
#976 = ORIENTED_EDGE('',*,*,#630,.T.);
#977 = ORIENTED_EDGE('',*,*,#654,.T.);
#978 = FACE_BOUND('',#979,.F.);
#979 = EDGE_LOOP('',(#980,#990,#999,#1007,#1016,#1024,#1032,#1040,#1048,
    #1056,#1064,#1072,#1080,#1088,#1096,#1104,#1112,#1120,#1129,#1137,
    #1146,#1154,#1162,#1170));
#980 = ORIENTED_EDGE('',*,*,#981,.T.);
#981 = EDGE_CURVE('',#982,#984,#986,.T.);
#982 = VERTEX_POINT('',#983);
#983 = CARTESIAN_POINT('',(24.95,1.,-3.2));
#984 = VERTEX_POINT('',#985);
#985 = CARTESIAN_POINT('',(24.95,-24.45,-3.2));
#986 = LINE('',#987,#988);
#987 = CARTESIAN_POINT('',(24.95,-12.225,-3.2));
#988 = VECTOR('',#989,1.);
#989 = DIRECTION('',(0.,-1.,0.));
#990 = ORIENTED_EDGE('',*,*,#991,.T.);
#991 = EDGE_CURVE('',#984,#992,#994,.T.);
#992 = VERTEX_POINT('',#993);
#993 = CARTESIAN_POINT('',(24.45,-24.95,-3.2));
#994 = CIRCLE('',#995,0.5);
#995 = AXIS2_PLACEMENT_3D('',#996,#997,#998);
#996 = CARTESIAN_POINT('',(24.45,-24.45,-3.2));
#997 = DIRECTION('',(-0.,-0.,-1.));
#998 = DIRECTION('',(0.,-1.,0.));
#999 = ORIENTED_EDGE('',*,*,#1000,.T.);
#1000 = EDGE_CURVE('',#992,#1001,#1003,.T.);
#1001 = VERTEX_POINT('',#1002);
#1002 = CARTESIAN_POINT('',(-24.45,-24.95,-3.2));
#1003 = LINE('',#1004,#1005);
#1004 = CARTESIAN_POINT('',(-12.225,-24.95,-3.2));
#1005 = VECTOR('',#1006,1.);
#1006 = DIRECTION('',(-1.,0.,0.));
#1007 = ORIENTED_EDGE('',*,*,#1008,.T.);
#1008 = EDGE_CURVE('',#1001,#1009,#1011,.T.);
#1009 = VERTEX_POINT('',#1010);
#1010 = CARTESIAN_POINT('',(-24.95,-24.45,-3.2));
#1011 = CIRCLE('',#1012,0.5);
#1012 = AXIS2_PLACEMENT_3D('',#1013,#1014,#1015);
#1013 = CARTESIAN_POINT('',(-24.45,-24.45,-3.2));
#1014 = DIRECTION('',(-0.,0.,-1.));
#1015 = DIRECTION('',(-1.,0.,0.));
#1016 = ORIENTED_EDGE('',*,*,#1017,.T.);
#1017 = EDGE_CURVE('',#1009,#1018,#1020,.T.);
#1018 = VERTEX_POINT('',#1019);
#1019 = CARTESIAN_POINT('',(-24.95,-22.385,-3.2));
#1020 = LINE('',#1021,#1022);
#1021 = CARTESIAN_POINT('',(-24.95,12.225,-3.2));
#1022 = VECTOR('',#1023,1.);
#1023 = DIRECTION('',(-0.,1.,0.));
#1024 = ORIENTED_EDGE('',*,*,#1025,.T.);
#1025 = EDGE_CURVE('',#1018,#1026,#1028,.T.);
#1026 = VERTEX_POINT('',#1027);
#1027 = CARTESIAN_POINT('',(-25.38,-22.385,-3.2));
#1028 = LINE('',#1029,#1030);
#1029 = CARTESIAN_POINT('',(-12.69,-22.385,-3.2));
#1030 = VECTOR('',#1031,1.);
#1031 = DIRECTION('',(-1.,-0.,0.));
#1032 = ORIENTED_EDGE('',*,*,#1033,.T.);
#1033 = EDGE_CURVE('',#1026,#1034,#1036,.T.);
#1034 = VERTEX_POINT('',#1035);
#1035 = CARTESIAN_POINT('',(-25.38,-18.385,-3.2));
#1036 = LINE('',#1037,#1038);
#1037 = CARTESIAN_POINT('',(-25.38,-11.1925,-3.2));
#1038 = VECTOR('',#1039,1.);
#1039 = DIRECTION('',(-0.,1.,0.));
#1040 = ORIENTED_EDGE('',*,*,#1041,.F.);
#1041 = EDGE_CURVE('',#1042,#1034,#1044,.T.);
#1042 = VERTEX_POINT('',#1043);
#1043 = CARTESIAN_POINT('',(-24.95,-18.385,-3.2));
#1044 = LINE('',#1045,#1046);
#1045 = CARTESIAN_POINT('',(-12.69,-18.385,-3.2));
#1046 = VECTOR('',#1047,1.);
#1047 = DIRECTION('',(-1.,-0.,0.));
#1048 = ORIENTED_EDGE('',*,*,#1049,.T.);
#1049 = EDGE_CURVE('',#1042,#1050,#1052,.T.);
#1050 = VERTEX_POINT('',#1051);
#1051 = CARTESIAN_POINT('',(-24.95,-7.615,-3.2));
#1052 = LINE('',#1053,#1054);
#1053 = CARTESIAN_POINT('',(-24.95,12.225,-3.2));
#1054 = VECTOR('',#1055,1.);
#1055 = DIRECTION('',(-0.,1.,0.));
#1056 = ORIENTED_EDGE('',*,*,#1057,.T.);
#1057 = EDGE_CURVE('',#1050,#1058,#1060,.T.);
#1058 = VERTEX_POINT('',#1059);
#1059 = CARTESIAN_POINT('',(-25.38,-7.615,-3.2));
#1060 = LINE('',#1061,#1062);
#1061 = CARTESIAN_POINT('',(-12.69,-7.615,-3.2));
#1062 = VECTOR('',#1063,1.);
#1063 = DIRECTION('',(-1.,-0.,0.));
#1064 = ORIENTED_EDGE('',*,*,#1065,.T.);
#1065 = EDGE_CURVE('',#1058,#1066,#1068,.T.);
#1066 = VERTEX_POINT('',#1067);
#1067 = CARTESIAN_POINT('',(-25.38,-3.615,-3.2));
#1068 = LINE('',#1069,#1070);
#1069 = CARTESIAN_POINT('',(-25.38,-2.3075,-3.2));
#1070 = VECTOR('',#1071,1.);
#1071 = DIRECTION('',(-0.,1.,0.));
#1072 = ORIENTED_EDGE('',*,*,#1073,.F.);
#1073 = EDGE_CURVE('',#1074,#1066,#1076,.T.);
#1074 = VERTEX_POINT('',#1075);
#1075 = CARTESIAN_POINT('',(-24.95,-3.615,-3.2));
#1076 = LINE('',#1077,#1078);
#1077 = CARTESIAN_POINT('',(-12.69,-3.615,-3.2));
#1078 = VECTOR('',#1079,1.);
#1079 = DIRECTION('',(-1.,-0.,0.));
#1080 = ORIENTED_EDGE('',*,*,#1081,.T.);
#1081 = EDGE_CURVE('',#1074,#1082,#1084,.T.);
#1082 = VERTEX_POINT('',#1083);
#1083 = CARTESIAN_POINT('',(-24.95,1.,-3.2));
#1084 = LINE('',#1085,#1086);
#1085 = CARTESIAN_POINT('',(-24.95,12.225,-3.2));
#1086 = VECTOR('',#1087,1.);
#1087 = DIRECTION('',(-0.,1.,0.));
#1088 = ORIENTED_EDGE('',*,*,#1089,.T.);
#1089 = EDGE_CURVE('',#1082,#1090,#1092,.T.);
#1090 = VERTEX_POINT('',#1091);
#1091 = CARTESIAN_POINT('',(-25.55,1.,-3.2));
#1092 = LINE('',#1093,#1094);
#1093 = CARTESIAN_POINT('',(-12.775,1.,-3.2));
#1094 = VECTOR('',#1095,1.);
#1095 = DIRECTION('',(-1.,-0.,0.));
#1096 = ORIENTED_EDGE('',*,*,#1097,.T.);
#1097 = EDGE_CURVE('',#1090,#1098,#1100,.T.);
#1098 = VERTEX_POINT('',#1099);
#1099 = CARTESIAN_POINT('',(-25.55,2.2,-3.2));
#1100 = LINE('',#1101,#1102);
#1101 = CARTESIAN_POINT('',(-25.55,0.5,-3.2));
#1102 = VECTOR('',#1103,1.);
#1103 = DIRECTION('',(-0.,1.,0.));
#1104 = ORIENTED_EDGE('',*,*,#1105,.F.);
#1105 = EDGE_CURVE('',#1106,#1098,#1108,.T.);
#1106 = VERTEX_POINT('',#1107);
#1107 = CARTESIAN_POINT('',(-24.95,2.2,-3.2));
#1108 = LINE('',#1109,#1110);
#1109 = CARTESIAN_POINT('',(-12.775,2.2,-3.2));
#1110 = VECTOR('',#1111,1.);
#1111 = DIRECTION('',(-1.,-0.,0.));
#1112 = ORIENTED_EDGE('',*,*,#1113,.T.);
#1113 = EDGE_CURVE('',#1106,#1114,#1116,.T.);
#1114 = VERTEX_POINT('',#1115);
#1115 = CARTESIAN_POINT('',(-24.95,24.45,-3.2));
#1116 = LINE('',#1117,#1118);
#1117 = CARTESIAN_POINT('',(-24.95,12.225,-3.2));
#1118 = VECTOR('',#1119,1.);
#1119 = DIRECTION('',(-0.,1.,0.));
#1120 = ORIENTED_EDGE('',*,*,#1121,.T.);
#1121 = EDGE_CURVE('',#1114,#1122,#1124,.T.);
#1122 = VERTEX_POINT('',#1123);
#1123 = CARTESIAN_POINT('',(-24.45,24.95,-3.2));
#1124 = CIRCLE('',#1125,0.5);
#1125 = AXIS2_PLACEMENT_3D('',#1126,#1127,#1128);
#1126 = CARTESIAN_POINT('',(-24.45,24.45,-3.2));
#1127 = DIRECTION('',(-0.,0.,-1.));
#1128 = DIRECTION('',(0.,1.,0.));
#1129 = ORIENTED_EDGE('',*,*,#1130,.T.);
#1130 = EDGE_CURVE('',#1122,#1131,#1133,.T.);
#1131 = VERTEX_POINT('',#1132);
#1132 = CARTESIAN_POINT('',(24.45,24.95,-3.2));
#1133 = LINE('',#1134,#1135);
#1134 = CARTESIAN_POINT('',(12.225,24.95,-3.2));
#1135 = VECTOR('',#1136,1.);
#1136 = DIRECTION('',(1.,0.,-0.));
#1137 = ORIENTED_EDGE('',*,*,#1138,.T.);
#1138 = EDGE_CURVE('',#1131,#1139,#1141,.T.);
#1139 = VERTEX_POINT('',#1140);
#1140 = CARTESIAN_POINT('',(24.95,24.45,-3.2));
#1141 = CIRCLE('',#1142,0.5);
#1142 = AXIS2_PLACEMENT_3D('',#1143,#1144,#1145);
#1143 = CARTESIAN_POINT('',(24.45,24.45,-3.2));
#1144 = DIRECTION('',(0.,-0.,-1.));
#1145 = DIRECTION('',(1.,0.,-0.));
#1146 = ORIENTED_EDGE('',*,*,#1147,.T.);
#1147 = EDGE_CURVE('',#1139,#1148,#1150,.T.);
#1148 = VERTEX_POINT('',#1149);
#1149 = CARTESIAN_POINT('',(24.95,2.2,-3.2));
#1150 = LINE('',#1151,#1152);
#1151 = CARTESIAN_POINT('',(24.95,-12.225,-3.2));
#1152 = VECTOR('',#1153,1.);
#1153 = DIRECTION('',(0.,-1.,0.));
#1154 = ORIENTED_EDGE('',*,*,#1155,.F.);
#1155 = EDGE_CURVE('',#1156,#1148,#1158,.T.);
#1156 = VERTEX_POINT('',#1157);
#1157 = CARTESIAN_POINT('',(25.55,2.2,-3.2));
#1158 = LINE('',#1159,#1160);
#1159 = CARTESIAN_POINT('',(-12.775,2.2,-3.2));
#1160 = VECTOR('',#1161,1.);
#1161 = DIRECTION('',(-1.,-0.,0.));
#1162 = ORIENTED_EDGE('',*,*,#1163,.F.);
#1163 = EDGE_CURVE('',#1164,#1156,#1166,.T.);
#1164 = VERTEX_POINT('',#1165);
#1165 = CARTESIAN_POINT('',(25.55,1.,-3.2));
#1166 = LINE('',#1167,#1168);
#1167 = CARTESIAN_POINT('',(25.55,0.5,-3.2));
#1168 = VECTOR('',#1169,1.);
#1169 = DIRECTION('',(-0.,1.,0.));
#1170 = ORIENTED_EDGE('',*,*,#1171,.T.);
#1171 = EDGE_CURVE('',#1164,#982,#1172,.T.);
#1172 = LINE('',#1173,#1174);
#1173 = CARTESIAN_POINT('',(-12.775,1.,-3.2));
#1174 = VECTOR('',#1175,1.);
#1175 = DIRECTION('',(-1.,-0.,0.));
#1176 = PLANE('',#1177);
#1177 = AXIS2_PLACEMENT_3D('',#1178,#1179,#1180);
#1178 = CARTESIAN_POINT('',(3.511404876653E-16,-2.012634502472E-16,-3.2)
  );
#1179 = DIRECTION('',(0.,0.,1.));
#1180 = DIRECTION('',(1.,0.,-0.));
#1181 = ADVANCED_FACE('',(#1182,#1330,#1364,#1398,#1496,#1530,#1533,
    #1536,#1586,#1620,#1623,#1626,#1629,#1632,#1666,#1700,#1798,#1832,
    #1835,#1838,#1841,#1844,#1894,#1928),#1939,.F.);
#1182 = FACE_BOUND('',#1183,.F.);
#1183 = EDGE_LOOP('',(#1184,#1195,#1203,#1211,#1219,#1227,#1235,#1243,
    #1251,#1259,#1267,#1275,#1283,#1291,#1299,#1307,#1315,#1324));
#1184 = ORIENTED_EDGE('',*,*,#1185,.F.);
#1185 = EDGE_CURVE('',#1186,#1188,#1190,.T.);
#1186 = VERTEX_POINT('',#1187);
#1187 = CARTESIAN_POINT('',(24.95,-24.45,-2.));
#1188 = VERTEX_POINT('',#1189);
#1189 = CARTESIAN_POINT('',(24.45,-24.95,-2.));
#1190 = CIRCLE('',#1191,0.5);
#1191 = AXIS2_PLACEMENT_3D('',#1192,#1193,#1194);
#1192 = CARTESIAN_POINT('',(24.45,-24.45,-2.));
#1193 = DIRECTION('',(-0.,-0.,-1.));
#1194 = DIRECTION('',(0.,-1.,0.));
#1195 = ORIENTED_EDGE('',*,*,#1196,.F.);
#1196 = EDGE_CURVE('',#1197,#1186,#1199,.T.);
#1197 = VERTEX_POINT('',#1198);
#1198 = CARTESIAN_POINT('',(24.95,1.,-2.));
#1199 = LINE('',#1200,#1201);
#1200 = CARTESIAN_POINT('',(24.95,-12.225,-2.));
#1201 = VECTOR('',#1202,1.);
#1202 = DIRECTION('',(0.,-1.,0.));
#1203 = ORIENTED_EDGE('',*,*,#1204,.T.);
#1204 = EDGE_CURVE('',#1197,#1205,#1207,.T.);
#1205 = VERTEX_POINT('',#1206);
#1206 = CARTESIAN_POINT('',(-24.95,1.,-2.));
#1207 = LINE('',#1208,#1209);
#1208 = CARTESIAN_POINT('',(-12.775,1.,-2.));
#1209 = VECTOR('',#1210,1.);
#1210 = DIRECTION('',(-1.,-0.,0.));
#1211 = ORIENTED_EDGE('',*,*,#1212,.F.);
#1212 = EDGE_CURVE('',#1213,#1205,#1215,.T.);
#1213 = VERTEX_POINT('',#1214);
#1214 = CARTESIAN_POINT('',(-24.95,-3.615,-2.));
#1215 = LINE('',#1216,#1217);
#1216 = CARTESIAN_POINT('',(-24.95,12.225,-2.));
#1217 = VECTOR('',#1218,1.);
#1218 = DIRECTION('',(-0.,1.,0.));
#1219 = ORIENTED_EDGE('',*,*,#1220,.F.);
#1220 = EDGE_CURVE('',#1221,#1213,#1223,.T.);
#1221 = VERTEX_POINT('',#1222);
#1222 = CARTESIAN_POINT('',(-21.38,-3.615,-2.));
#1223 = LINE('',#1224,#1225);
#1224 = CARTESIAN_POINT('',(-12.69,-3.615,-2.));
#1225 = VECTOR('',#1226,1.);
#1226 = DIRECTION('',(-1.,-0.,0.));
#1227 = ORIENTED_EDGE('',*,*,#1228,.F.);
#1228 = EDGE_CURVE('',#1229,#1221,#1231,.T.);
#1229 = VERTEX_POINT('',#1230);
#1230 = CARTESIAN_POINT('',(-21.38,-4.615,-2.));
#1231 = LINE('',#1232,#1233);
#1232 = CARTESIAN_POINT('',(-21.38,-2.3075,-2.));
#1233 = VECTOR('',#1234,1.);
#1234 = DIRECTION('',(-0.,1.,0.));
#1235 = ORIENTED_EDGE('',*,*,#1236,.T.);
#1236 = EDGE_CURVE('',#1229,#1237,#1239,.T.);
#1237 = VERTEX_POINT('',#1238);
#1238 = CARTESIAN_POINT('',(-24.38,-4.615,-2.));
#1239 = LINE('',#1240,#1241);
#1240 = CARTESIAN_POINT('',(-12.69,-4.615,-2.));
#1241 = VECTOR('',#1242,1.);
#1242 = DIRECTION('',(-1.,-0.,0.));
#1243 = ORIENTED_EDGE('',*,*,#1244,.F.);
#1244 = EDGE_CURVE('',#1245,#1237,#1247,.T.);
#1245 = VERTEX_POINT('',#1246);
#1246 = CARTESIAN_POINT('',(-24.38,-7.615,-2.));
#1247 = LINE('',#1248,#1249);
#1248 = CARTESIAN_POINT('',(-24.38,-3.8075,-2.));
#1249 = VECTOR('',#1250,1.);
#1250 = DIRECTION('',(-0.,1.,0.));
#1251 = ORIENTED_EDGE('',*,*,#1252,.T.);
#1252 = EDGE_CURVE('',#1245,#1253,#1255,.T.);
#1253 = VERTEX_POINT('',#1254);
#1254 = CARTESIAN_POINT('',(-24.95,-7.615,-2.));
#1255 = LINE('',#1256,#1257);
#1256 = CARTESIAN_POINT('',(-12.69,-7.615,-2.));
#1257 = VECTOR('',#1258,1.);
#1258 = DIRECTION('',(-1.,-0.,0.));
#1259 = ORIENTED_EDGE('',*,*,#1260,.F.);
#1260 = EDGE_CURVE('',#1261,#1253,#1263,.T.);
#1261 = VERTEX_POINT('',#1262);
#1262 = CARTESIAN_POINT('',(-24.95,-18.385,-2.));
#1263 = LINE('',#1264,#1265);
#1264 = CARTESIAN_POINT('',(-24.95,12.225,-2.));
#1265 = VECTOR('',#1266,1.);
#1266 = DIRECTION('',(-0.,1.,0.));
#1267 = ORIENTED_EDGE('',*,*,#1268,.F.);
#1268 = EDGE_CURVE('',#1269,#1261,#1271,.T.);
#1269 = VERTEX_POINT('',#1270);
#1270 = CARTESIAN_POINT('',(-24.38,-18.385,-2.));
#1271 = LINE('',#1272,#1273);
#1272 = CARTESIAN_POINT('',(-12.69,-18.385,-2.));
#1273 = VECTOR('',#1274,1.);
#1274 = DIRECTION('',(-1.,-0.,0.));
#1275 = ORIENTED_EDGE('',*,*,#1276,.F.);
#1276 = EDGE_CURVE('',#1277,#1269,#1279,.T.);
#1277 = VERTEX_POINT('',#1278);
#1278 = CARTESIAN_POINT('',(-24.38,-21.385,-2.));
#1279 = LINE('',#1280,#1281);
#1280 = CARTESIAN_POINT('',(-24.38,-11.1925,-2.));
#1281 = VECTOR('',#1282,1.);
#1282 = DIRECTION('',(-0.,1.,0.));
#1283 = ORIENTED_EDGE('',*,*,#1284,.F.);
#1284 = EDGE_CURVE('',#1285,#1277,#1287,.T.);
#1285 = VERTEX_POINT('',#1286);
#1286 = CARTESIAN_POINT('',(-21.38,-21.385,-2.));
#1287 = LINE('',#1288,#1289);
#1288 = CARTESIAN_POINT('',(-12.69,-21.385,-2.));
#1289 = VECTOR('',#1290,1.);
#1290 = DIRECTION('',(-1.,-0.,0.));
#1291 = ORIENTED_EDGE('',*,*,#1292,.F.);
#1292 = EDGE_CURVE('',#1293,#1285,#1295,.T.);
#1293 = VERTEX_POINT('',#1294);
#1294 = CARTESIAN_POINT('',(-21.38,-22.385,-2.));
#1295 = LINE('',#1296,#1297);
#1296 = CARTESIAN_POINT('',(-21.38,-11.1925,-2.));
#1297 = VECTOR('',#1298,1.);
#1298 = DIRECTION('',(-0.,1.,0.));
#1299 = ORIENTED_EDGE('',*,*,#1300,.T.);
#1300 = EDGE_CURVE('',#1293,#1301,#1303,.T.);
#1301 = VERTEX_POINT('',#1302);
#1302 = CARTESIAN_POINT('',(-24.95,-22.385,-2.));
#1303 = LINE('',#1304,#1305);
#1304 = CARTESIAN_POINT('',(-12.69,-22.385,-2.));
#1305 = VECTOR('',#1306,1.);
#1306 = DIRECTION('',(-1.,-0.,0.));
#1307 = ORIENTED_EDGE('',*,*,#1308,.F.);
#1308 = EDGE_CURVE('',#1309,#1301,#1311,.T.);
#1309 = VERTEX_POINT('',#1310);
#1310 = CARTESIAN_POINT('',(-24.95,-24.45,-2.));
#1311 = LINE('',#1312,#1313);
#1312 = CARTESIAN_POINT('',(-24.95,12.225,-2.));
#1313 = VECTOR('',#1314,1.);
#1314 = DIRECTION('',(-0.,1.,0.));
#1315 = ORIENTED_EDGE('',*,*,#1316,.F.);
#1316 = EDGE_CURVE('',#1317,#1309,#1319,.T.);
#1317 = VERTEX_POINT('',#1318);
#1318 = CARTESIAN_POINT('',(-24.45,-24.95,-2.));
#1319 = CIRCLE('',#1320,0.5);
#1320 = AXIS2_PLACEMENT_3D('',#1321,#1322,#1323);
#1321 = CARTESIAN_POINT('',(-24.45,-24.45,-2.));
#1322 = DIRECTION('',(-0.,0.,-1.));
#1323 = DIRECTION('',(-1.,0.,0.));
#1324 = ORIENTED_EDGE('',*,*,#1325,.F.);
#1325 = EDGE_CURVE('',#1188,#1317,#1326,.T.);
#1326 = LINE('',#1327,#1328);
#1327 = CARTESIAN_POINT('',(-12.225,-24.95,-2.));
#1328 = VECTOR('',#1329,1.);
#1329 = DIRECTION('',(-1.,0.,0.));
#1330 = FACE_BOUND('',#1331,.F.);
#1331 = EDGE_LOOP('',(#1332,#1342,#1350,#1358));
#1332 = ORIENTED_EDGE('',*,*,#1333,.T.);
#1333 = EDGE_CURVE('',#1334,#1336,#1338,.T.);
#1334 = VERTEX_POINT('',#1335);
#1335 = CARTESIAN_POINT('',(-22.58,-21.185,-2.));
#1336 = VERTEX_POINT('',#1337);
#1337 = CARTESIAN_POINT('',(-24.18,-21.185,-2.));
#1338 = LINE('',#1339,#1340);
#1339 = CARTESIAN_POINT('',(-12.09,-21.185,-2.));
#1340 = VECTOR('',#1341,1.);
#1341 = DIRECTION('',(-1.,-0.,0.));
#1342 = ORIENTED_EDGE('',*,*,#1343,.T.);
#1343 = EDGE_CURVE('',#1336,#1344,#1346,.T.);
#1344 = VERTEX_POINT('',#1345);
#1345 = CARTESIAN_POINT('',(-24.18,-19.585,-2.));
#1346 = LINE('',#1347,#1348);
#1347 = CARTESIAN_POINT('',(-24.18,-10.5925,-2.));
#1348 = VECTOR('',#1349,1.);
#1349 = DIRECTION('',(-0.,1.,0.));
#1350 = ORIENTED_EDGE('',*,*,#1351,.F.);
#1351 = EDGE_CURVE('',#1352,#1344,#1354,.T.);
#1352 = VERTEX_POINT('',#1353);
#1353 = CARTESIAN_POINT('',(-22.58,-19.585,-2.));
#1354 = LINE('',#1355,#1356);
#1355 = CARTESIAN_POINT('',(-12.09,-19.585,-2.));
#1356 = VECTOR('',#1357,1.);
#1357 = DIRECTION('',(-1.,-0.,0.));
#1358 = ORIENTED_EDGE('',*,*,#1359,.F.);
#1359 = EDGE_CURVE('',#1334,#1352,#1360,.T.);
#1360 = LINE('',#1361,#1362);
#1361 = CARTESIAN_POINT('',(-22.58,-10.5925,-2.));
#1362 = VECTOR('',#1363,1.);
#1363 = DIRECTION('',(-0.,1.,0.));
#1364 = FACE_BOUND('',#1365,.F.);
#1365 = EDGE_LOOP('',(#1366,#1376,#1384,#1392));
#1366 = ORIENTED_EDGE('',*,*,#1367,.T.);
#1367 = EDGE_CURVE('',#1368,#1370,#1372,.T.);
#1368 = VERTEX_POINT('',#1369);
#1369 = CARTESIAN_POINT('',(-7.82,-21.185,-2.));
#1370 = VERTEX_POINT('',#1371);
#1371 = CARTESIAN_POINT('',(-9.42,-21.185,-2.));
#1372 = LINE('',#1373,#1374);
#1373 = CARTESIAN_POINT('',(-4.71,-21.185,-2.));
#1374 = VECTOR('',#1375,1.);
#1375 = DIRECTION('',(-1.,-0.,0.));
#1376 = ORIENTED_EDGE('',*,*,#1377,.T.);
#1377 = EDGE_CURVE('',#1370,#1378,#1380,.T.);
#1378 = VERTEX_POINT('',#1379);
#1379 = CARTESIAN_POINT('',(-9.42,-19.585,-2.));
#1380 = LINE('',#1381,#1382);
#1381 = CARTESIAN_POINT('',(-9.42,-10.5925,-2.));
#1382 = VECTOR('',#1383,1.);
#1383 = DIRECTION('',(-0.,1.,0.));
#1384 = ORIENTED_EDGE('',*,*,#1385,.F.);
#1385 = EDGE_CURVE('',#1386,#1378,#1388,.T.);
#1386 = VERTEX_POINT('',#1387);
#1387 = CARTESIAN_POINT('',(-7.82,-19.585,-2.));
#1388 = LINE('',#1389,#1390);
#1389 = CARTESIAN_POINT('',(-4.71,-19.585,-2.));
#1390 = VECTOR('',#1391,1.);
#1391 = DIRECTION('',(-1.,-0.,0.));
#1392 = ORIENTED_EDGE('',*,*,#1393,.F.);
#1393 = EDGE_CURVE('',#1368,#1386,#1394,.T.);
#1394 = LINE('',#1395,#1396);
#1395 = CARTESIAN_POINT('',(-7.82,-10.5925,-2.));
#1396 = VECTOR('',#1397,1.);
#1397 = DIRECTION('',(-0.,1.,0.));
#1398 = FACE_BOUND('',#1399,.F.);
#1399 = EDGE_LOOP('',(#1400,#1410,#1418,#1426,#1434,#1442,#1450,#1458,
    #1466,#1474,#1482,#1490));
#1400 = ORIENTED_EDGE('',*,*,#1401,.T.);
#1401 = EDGE_CURVE('',#1402,#1404,#1406,.T.);
#1402 = VERTEX_POINT('',#1403);
#1403 = CARTESIAN_POINT('',(-7.2,-22.47,-2.));
#1404 = VERTEX_POINT('',#1405);
#1405 = CARTESIAN_POINT('',(-7.2,-22.385,-2.));
#1406 = LINE('',#1407,#1408);
#1407 = CARTESIAN_POINT('',(-7.2,-11.235,-2.));
#1408 = VECTOR('',#1409,1.);
#1409 = DIRECTION('',(-0.,1.,0.));
#1410 = ORIENTED_EDGE('',*,*,#1411,.T.);
#1411 = EDGE_CURVE('',#1404,#1412,#1414,.T.);
#1412 = VERTEX_POINT('',#1413);
#1413 = CARTESIAN_POINT('',(-10.62,-22.385,-2.));
#1414 = LINE('',#1415,#1416);
#1415 = CARTESIAN_POINT('',(-5.31,-22.385,-2.));
#1416 = VECTOR('',#1417,1.);
#1417 = DIRECTION('',(-1.,-0.,0.));
#1418 = ORIENTED_EDGE('',*,*,#1419,.T.);
#1419 = EDGE_CURVE('',#1412,#1420,#1422,.T.);
#1420 = VERTEX_POINT('',#1421);
#1421 = CARTESIAN_POINT('',(-10.62,-21.385,-2.));
#1422 = LINE('',#1423,#1424);
#1423 = CARTESIAN_POINT('',(-10.62,-11.1925,-2.));
#1424 = VECTOR('',#1425,1.);
#1425 = DIRECTION('',(-0.,1.,0.));
#1426 = ORIENTED_EDGE('',*,*,#1427,.F.);
#1427 = EDGE_CURVE('',#1428,#1420,#1430,.T.);
#1428 = VERTEX_POINT('',#1429);
#1429 = CARTESIAN_POINT('',(-7.62,-21.385,-2.));
#1430 = LINE('',#1431,#1432);
#1431 = CARTESIAN_POINT('',(-5.31,-21.385,-2.));
#1432 = VECTOR('',#1433,1.);
#1433 = DIRECTION('',(-1.,-0.,0.));
#1434 = ORIENTED_EDGE('',*,*,#1435,.T.);
#1435 = EDGE_CURVE('',#1428,#1436,#1438,.T.);
#1436 = VERTEX_POINT('',#1437);
#1437 = CARTESIAN_POINT('',(-7.62,-18.385,-2.));
#1438 = LINE('',#1439,#1440);
#1439 = CARTESIAN_POINT('',(-7.62,-11.1925,-2.));
#1440 = VECTOR('',#1441,1.);
#1441 = DIRECTION('',(-0.,1.,0.));
#1442 = ORIENTED_EDGE('',*,*,#1443,.F.);
#1443 = EDGE_CURVE('',#1444,#1436,#1446,.T.);
#1444 = VERTEX_POINT('',#1445);
#1445 = CARTESIAN_POINT('',(-6.62,-18.385,-2.));
#1446 = LINE('',#1447,#1448);
#1447 = CARTESIAN_POINT('',(-3.81,-18.385,-2.));
#1448 = VECTOR('',#1449,1.);
#1449 = DIRECTION('',(-1.,-0.,0.));
#1450 = ORIENTED_EDGE('',*,*,#1451,.F.);
#1451 = EDGE_CURVE('',#1452,#1444,#1454,.T.);
#1452 = VERTEX_POINT('',#1453);
#1453 = CARTESIAN_POINT('',(-6.62,-18.47,-2.));
#1454 = LINE('',#1455,#1456);
#1455 = CARTESIAN_POINT('',(-6.62,-11.1925,-2.));
#1456 = VECTOR('',#1457,1.);
#1457 = DIRECTION('',(-0.,1.,0.));
#1458 = ORIENTED_EDGE('',*,*,#1459,.F.);
#1459 = EDGE_CURVE('',#1460,#1452,#1462,.T.);
#1460 = VERTEX_POINT('',#1461);
#1461 = CARTESIAN_POINT('',(-6.2,-18.47,-2.));
#1462 = LINE('',#1463,#1464);
#1463 = CARTESIAN_POINT('',(-3.6,-18.47,-2.));
#1464 = VECTOR('',#1465,1.);
#1465 = DIRECTION('',(-1.,-0.,0.));
#1466 = ORIENTED_EDGE('',*,*,#1467,.F.);
#1467 = EDGE_CURVE('',#1468,#1460,#1470,.T.);
#1468 = VERTEX_POINT('',#1469);
#1469 = CARTESIAN_POINT('',(-6.2,-21.47,-2.));
#1470 = LINE('',#1471,#1472);
#1471 = CARTESIAN_POINT('',(-6.2,-11.235,-2.));
#1472 = VECTOR('',#1473,1.);
#1473 = DIRECTION('',(-0.,1.,0.));
#1474 = ORIENTED_EDGE('',*,*,#1475,.F.);
#1475 = EDGE_CURVE('',#1476,#1468,#1478,.T.);
#1476 = VERTEX_POINT('',#1477);
#1477 = CARTESIAN_POINT('',(-3.2,-21.47,-2.));
#1478 = LINE('',#1479,#1480);
#1479 = CARTESIAN_POINT('',(-3.6,-21.47,-2.));
#1480 = VECTOR('',#1481,1.);
#1481 = DIRECTION('',(-1.,-0.,0.));
#1482 = ORIENTED_EDGE('',*,*,#1483,.F.);
#1483 = EDGE_CURVE('',#1484,#1476,#1486,.T.);
#1484 = VERTEX_POINT('',#1485);
#1485 = CARTESIAN_POINT('',(-3.2,-22.47,-2.));
#1486 = LINE('',#1487,#1488);
#1487 = CARTESIAN_POINT('',(-3.2,-11.235,-2.));
#1488 = VECTOR('',#1489,1.);
#1489 = DIRECTION('',(-0.,1.,0.));
#1490 = ORIENTED_EDGE('',*,*,#1491,.T.);
#1491 = EDGE_CURVE('',#1484,#1402,#1492,.T.);
#1492 = LINE('',#1493,#1494);
#1493 = CARTESIAN_POINT('',(-3.6,-22.47,-2.));
#1494 = VECTOR('',#1495,1.);
#1495 = DIRECTION('',(-1.,-0.,0.));
#1496 = FACE_BOUND('',#1497,.F.);
#1497 = EDGE_LOOP('',(#1498,#1508,#1516,#1524));
#1498 = ORIENTED_EDGE('',*,*,#1499,.T.);
#1499 = EDGE_CURVE('',#1500,#1502,#1504,.T.);
#1500 = VERTEX_POINT('',#1501);
#1501 = CARTESIAN_POINT('',(-4.4,-21.27,-2.));
#1502 = VERTEX_POINT('',#1503);
#1503 = CARTESIAN_POINT('',(-6.,-21.27,-2.));
#1504 = LINE('',#1505,#1506);
#1505 = CARTESIAN_POINT('',(-3.,-21.27,-2.));
#1506 = VECTOR('',#1507,1.);
#1507 = DIRECTION('',(-1.,-0.,0.));
#1508 = ORIENTED_EDGE('',*,*,#1509,.T.);
#1509 = EDGE_CURVE('',#1502,#1510,#1512,.T.);
#1510 = VERTEX_POINT('',#1511);
#1511 = CARTESIAN_POINT('',(-6.,-19.67,-2.));
#1512 = LINE('',#1513,#1514);
#1513 = CARTESIAN_POINT('',(-6.,-10.635,-2.));
#1514 = VECTOR('',#1515,1.);
#1515 = DIRECTION('',(-0.,1.,0.));
#1516 = ORIENTED_EDGE('',*,*,#1517,.F.);
#1517 = EDGE_CURVE('',#1518,#1510,#1520,.T.);
#1518 = VERTEX_POINT('',#1519);
#1519 = CARTESIAN_POINT('',(-4.4,-19.67,-2.));
#1520 = LINE('',#1521,#1522);
#1521 = CARTESIAN_POINT('',(-3.,-19.67,-2.));
#1522 = VECTOR('',#1523,1.);
#1523 = DIRECTION('',(-1.,-0.,0.));
#1524 = ORIENTED_EDGE('',*,*,#1525,.F.);
#1525 = EDGE_CURVE('',#1500,#1518,#1526,.T.);
#1526 = LINE('',#1527,#1528);
#1527 = CARTESIAN_POINT('',(-4.4,-10.635,-2.));
#1528 = VECTOR('',#1529,1.);
#1529 = DIRECTION('',(-0.,1.,0.));
#1530 = FACE_BOUND('',#1531,.F.);
#1531 = EDGE_LOOP('',(#1532));
#1532 = ORIENTED_EDGE('',*,*,#705,.F.);
#1533 = FACE_BOUND('',#1534,.F.);
#1534 = EDGE_LOOP('',(#1535));
#1535 = ORIENTED_EDGE('',*,*,#730,.F.);
#1536 = FACE_BOUND('',#1537,.F.);
#1537 = EDGE_LOOP('',(#1538,#1548,#1556,#1564,#1572,#1580));
#1538 = ORIENTED_EDGE('',*,*,#1539,.F.);
#1539 = EDGE_CURVE('',#1540,#1542,#1544,.T.);
#1540 = VERTEX_POINT('',#1541);
#1541 = CARTESIAN_POINT('',(5.7,-22.47,-2.));
#1542 = VERTEX_POINT('',#1543);
#1543 = CARTESIAN_POINT('',(5.7,-18.47,-2.));
#1544 = LINE('',#1545,#1546);
#1545 = CARTESIAN_POINT('',(5.7,-11.235,-2.));
#1546 = VECTOR('',#1547,1.);
#1547 = DIRECTION('',(-0.,1.,0.));
#1548 = ORIENTED_EDGE('',*,*,#1549,.T.);
#1549 = EDGE_CURVE('',#1540,#1550,#1552,.T.);
#1550 = VERTEX_POINT('',#1551);
#1551 = CARTESIAN_POINT('',(1.7,-22.47,-2.));
#1552 = LINE('',#1553,#1554);
#1553 = CARTESIAN_POINT('',(0.85,-22.47,-2.));
#1554 = VECTOR('',#1555,1.);
#1555 = DIRECTION('',(-1.,-0.,0.));
#1556 = ORIENTED_EDGE('',*,*,#1557,.T.);
#1557 = EDGE_CURVE('',#1550,#1558,#1560,.T.);
#1558 = VERTEX_POINT('',#1559);
#1559 = CARTESIAN_POINT('',(1.7,-21.47,-2.));
#1560 = LINE('',#1561,#1562);
#1561 = CARTESIAN_POINT('',(1.7,-11.235,-2.));
#1562 = VECTOR('',#1563,1.);
#1563 = DIRECTION('',(-0.,1.,0.));
#1564 = ORIENTED_EDGE('',*,*,#1565,.F.);
#1565 = EDGE_CURVE('',#1566,#1558,#1568,.T.);
#1566 = VERTEX_POINT('',#1567);
#1567 = CARTESIAN_POINT('',(4.7,-21.47,-2.));
#1568 = LINE('',#1569,#1570);
#1569 = CARTESIAN_POINT('',(0.85,-21.47,-2.));
#1570 = VECTOR('',#1571,1.);
#1571 = DIRECTION('',(-1.,-0.,0.));
#1572 = ORIENTED_EDGE('',*,*,#1573,.T.);
#1573 = EDGE_CURVE('',#1566,#1574,#1576,.T.);
#1574 = VERTEX_POINT('',#1575);
#1575 = CARTESIAN_POINT('',(4.7,-18.47,-2.));
#1576 = LINE('',#1577,#1578);
#1577 = CARTESIAN_POINT('',(4.7,-11.235,-2.));
#1578 = VECTOR('',#1579,1.);
#1579 = DIRECTION('',(-0.,1.,0.));
#1580 = ORIENTED_EDGE('',*,*,#1581,.F.);
#1581 = EDGE_CURVE('',#1542,#1574,#1582,.T.);
#1582 = LINE('',#1583,#1584);
#1583 = CARTESIAN_POINT('',(2.35,-18.47,-2.));
#1584 = VECTOR('',#1585,1.);
#1585 = DIRECTION('',(-1.,-0.,0.));
#1586 = FACE_BOUND('',#1587,.F.);
#1587 = EDGE_LOOP('',(#1588,#1598,#1606,#1614));
#1588 = ORIENTED_EDGE('',*,*,#1589,.T.);
#1589 = EDGE_CURVE('',#1590,#1592,#1594,.T.);
#1590 = VERTEX_POINT('',#1591);
#1591 = CARTESIAN_POINT('',(4.5,-21.27,-2.));
#1592 = VERTEX_POINT('',#1593);
#1593 = CARTESIAN_POINT('',(2.9,-21.27,-2.));
#1594 = LINE('',#1595,#1596);
#1595 = CARTESIAN_POINT('',(1.45,-21.27,-2.));
#1596 = VECTOR('',#1597,1.);
#1597 = DIRECTION('',(-1.,-0.,0.));
#1598 = ORIENTED_EDGE('',*,*,#1599,.T.);
#1599 = EDGE_CURVE('',#1592,#1600,#1602,.T.);
#1600 = VERTEX_POINT('',#1601);
#1601 = CARTESIAN_POINT('',(2.9,-19.67,-2.));
#1602 = LINE('',#1603,#1604);
#1603 = CARTESIAN_POINT('',(2.9,-10.635,-2.));
#1604 = VECTOR('',#1605,1.);
#1605 = DIRECTION('',(-0.,1.,0.));
#1606 = ORIENTED_EDGE('',*,*,#1607,.F.);
#1607 = EDGE_CURVE('',#1608,#1600,#1610,.T.);
#1608 = VERTEX_POINT('',#1609);
#1609 = CARTESIAN_POINT('',(4.5,-19.67,-2.));
#1610 = LINE('',#1611,#1612);
#1611 = CARTESIAN_POINT('',(1.45,-19.67,-2.));
#1612 = VECTOR('',#1613,1.);
#1613 = DIRECTION('',(-1.,-0.,0.));
#1614 = ORIENTED_EDGE('',*,*,#1615,.F.);
#1615 = EDGE_CURVE('',#1590,#1608,#1616,.T.);
#1616 = LINE('',#1617,#1618);
#1617 = CARTESIAN_POINT('',(4.5,-10.635,-2.));
#1618 = VECTOR('',#1619,1.);
#1619 = DIRECTION('',(-0.,1.,0.));
#1620 = FACE_BOUND('',#1621,.F.);
#1621 = EDGE_LOOP('',(#1622));
#1622 = ORIENTED_EDGE('',*,*,#755,.F.);
#1623 = FACE_BOUND('',#1624,.F.);
#1624 = EDGE_LOOP('',(#1625));
#1625 = ORIENTED_EDGE('',*,*,#780,.F.);
#1626 = FACE_BOUND('',#1627,.F.);
#1627 = EDGE_LOOP('',(#1628));
#1628 = ORIENTED_EDGE('',*,*,#830,.F.);
#1629 = FACE_BOUND('',#1630,.F.);
#1630 = EDGE_LOOP('',(#1631));
#1631 = ORIENTED_EDGE('',*,*,#855,.F.);
#1632 = FACE_BOUND('',#1633,.F.);
#1633 = EDGE_LOOP('',(#1634,#1644,#1652,#1660));
#1634 = ORIENTED_EDGE('',*,*,#1635,.T.);
#1635 = EDGE_CURVE('',#1636,#1638,#1640,.T.);
#1636 = VERTEX_POINT('',#1637);
#1637 = CARTESIAN_POINT('',(-4.4,-9.53,-2.));
#1638 = VERTEX_POINT('',#1639);
#1639 = CARTESIAN_POINT('',(-6.,-9.53,-2.));
#1640 = LINE('',#1641,#1642);
#1641 = CARTESIAN_POINT('',(-3.,-9.53,-2.));
#1642 = VECTOR('',#1643,1.);
#1643 = DIRECTION('',(-1.,-0.,0.));
#1644 = ORIENTED_EDGE('',*,*,#1645,.T.);
#1645 = EDGE_CURVE('',#1638,#1646,#1648,.T.);
#1646 = VERTEX_POINT('',#1647);
#1647 = CARTESIAN_POINT('',(-6.,-7.93,-2.));
#1648 = LINE('',#1649,#1650);
#1649 = CARTESIAN_POINT('',(-6.,-4.765,-2.));
#1650 = VECTOR('',#1651,1.);
#1651 = DIRECTION('',(-0.,1.,0.));
#1652 = ORIENTED_EDGE('',*,*,#1653,.F.);
#1653 = EDGE_CURVE('',#1654,#1646,#1656,.T.);
#1654 = VERTEX_POINT('',#1655);
#1655 = CARTESIAN_POINT('',(-4.4,-7.93,-2.));
#1656 = LINE('',#1657,#1658);
#1657 = CARTESIAN_POINT('',(-3.,-7.93,-2.));
#1658 = VECTOR('',#1659,1.);
#1659 = DIRECTION('',(-1.,-0.,0.));
#1660 = ORIENTED_EDGE('',*,*,#1661,.F.);
#1661 = EDGE_CURVE('',#1636,#1654,#1662,.T.);
#1662 = LINE('',#1663,#1664);
#1663 = CARTESIAN_POINT('',(-4.4,-4.765,-2.));
#1664 = VECTOR('',#1665,1.);
#1665 = DIRECTION('',(-0.,1.,0.));
#1666 = FACE_BOUND('',#1667,.F.);
#1667 = EDGE_LOOP('',(#1668,#1678,#1686,#1694));
#1668 = ORIENTED_EDGE('',*,*,#1669,.T.);
#1669 = EDGE_CURVE('',#1670,#1672,#1674,.T.);
#1670 = VERTEX_POINT('',#1671);
#1671 = CARTESIAN_POINT('',(-22.58,-6.415,-2.));
#1672 = VERTEX_POINT('',#1673);
#1673 = CARTESIAN_POINT('',(-24.18,-6.415,-2.));
#1674 = LINE('',#1675,#1676);
#1675 = CARTESIAN_POINT('',(-12.09,-6.415,-2.));
#1676 = VECTOR('',#1677,1.);
#1677 = DIRECTION('',(-1.,-0.,0.));
#1678 = ORIENTED_EDGE('',*,*,#1679,.T.);
#1679 = EDGE_CURVE('',#1672,#1680,#1682,.T.);
#1680 = VERTEX_POINT('',#1681);
#1681 = CARTESIAN_POINT('',(-24.18,-4.815,-2.));
#1682 = LINE('',#1683,#1684);
#1683 = CARTESIAN_POINT('',(-24.18,-3.2075,-2.));
#1684 = VECTOR('',#1685,1.);
#1685 = DIRECTION('',(-0.,1.,0.));
#1686 = ORIENTED_EDGE('',*,*,#1687,.F.);
#1687 = EDGE_CURVE('',#1688,#1680,#1690,.T.);
#1688 = VERTEX_POINT('',#1689);
#1689 = CARTESIAN_POINT('',(-22.58,-4.815,-2.));
#1690 = LINE('',#1691,#1692);
#1691 = CARTESIAN_POINT('',(-12.09,-4.815,-2.));
#1692 = VECTOR('',#1693,1.);
#1693 = DIRECTION('',(-1.,-0.,0.));
#1694 = ORIENTED_EDGE('',*,*,#1695,.F.);
#1695 = EDGE_CURVE('',#1670,#1688,#1696,.T.);
#1696 = LINE('',#1697,#1698);
#1697 = CARTESIAN_POINT('',(-22.58,-3.2075,-2.));
#1698 = VECTOR('',#1699,1.);
#1699 = DIRECTION('',(-0.,1.,0.));
#1700 = FACE_BOUND('',#1701,.F.);
#1701 = EDGE_LOOP('',(#1702,#1712,#1720,#1728,#1736,#1744,#1752,#1760,
    #1768,#1776,#1784,#1792));
#1702 = ORIENTED_EDGE('',*,*,#1703,.T.);
#1703 = EDGE_CURVE('',#1704,#1706,#1708,.T.);
#1704 = VERTEX_POINT('',#1705);
#1705 = CARTESIAN_POINT('',(-7.2,-7.615,-2.));
#1706 = VERTEX_POINT('',#1707);
#1707 = CARTESIAN_POINT('',(-7.62,-7.615,-2.));
#1708 = LINE('',#1709,#1710);
#1709 = CARTESIAN_POINT('',(-3.81,-7.615,-2.));
#1710 = VECTOR('',#1711,1.);
#1711 = DIRECTION('',(-1.,-0.,0.));
#1712 = ORIENTED_EDGE('',*,*,#1713,.T.);
#1713 = EDGE_CURVE('',#1706,#1714,#1716,.T.);
#1714 = VERTEX_POINT('',#1715);
#1715 = CARTESIAN_POINT('',(-7.62,-4.615,-2.));
#1716 = LINE('',#1717,#1718);
#1717 = CARTESIAN_POINT('',(-7.62,-3.8075,-2.));
#1718 = VECTOR('',#1719,1.);
#1719 = DIRECTION('',(-0.,1.,0.));
#1720 = ORIENTED_EDGE('',*,*,#1721,.T.);
#1721 = EDGE_CURVE('',#1714,#1722,#1724,.T.);
#1722 = VERTEX_POINT('',#1723);
#1723 = CARTESIAN_POINT('',(-10.62,-4.615,-2.));
#1724 = LINE('',#1725,#1726);
#1725 = CARTESIAN_POINT('',(-5.31,-4.615,-2.));
#1726 = VECTOR('',#1727,1.);
#1727 = DIRECTION('',(-1.,-0.,0.));
#1728 = ORIENTED_EDGE('',*,*,#1729,.T.);
#1729 = EDGE_CURVE('',#1722,#1730,#1732,.T.);
#1730 = VERTEX_POINT('',#1731);
#1731 = CARTESIAN_POINT('',(-10.62,-3.615,-2.));
#1732 = LINE('',#1733,#1734);
#1733 = CARTESIAN_POINT('',(-10.62,-2.3075,-2.));
#1734 = VECTOR('',#1735,1.);
#1735 = DIRECTION('',(-0.,1.,0.));
#1736 = ORIENTED_EDGE('',*,*,#1737,.F.);
#1737 = EDGE_CURVE('',#1738,#1730,#1740,.T.);
#1738 = VERTEX_POINT('',#1739);
#1739 = CARTESIAN_POINT('',(-6.62,-3.615,-2.));
#1740 = LINE('',#1741,#1742);
#1741 = CARTESIAN_POINT('',(-5.31,-3.615,-2.));
#1742 = VECTOR('',#1743,1.);
#1743 = DIRECTION('',(-1.,-0.,0.));
#1744 = ORIENTED_EDGE('',*,*,#1745,.F.);
#1745 = EDGE_CURVE('',#1746,#1738,#1748,.T.);
#1746 = VERTEX_POINT('',#1747);
#1747 = CARTESIAN_POINT('',(-6.62,-6.73,-2.));
#1748 = LINE('',#1749,#1750);
#1749 = CARTESIAN_POINT('',(-6.62,-3.8075,-2.));
#1750 = VECTOR('',#1751,1.);
#1751 = DIRECTION('',(-0.,1.,0.));
#1752 = ORIENTED_EDGE('',*,*,#1753,.F.);
#1753 = EDGE_CURVE('',#1754,#1746,#1756,.T.);
#1754 = VERTEX_POINT('',#1755);
#1755 = CARTESIAN_POINT('',(-3.2,-6.73,-2.));
#1756 = LINE('',#1757,#1758);
#1757 = CARTESIAN_POINT('',(-3.6,-6.73,-2.));
#1758 = VECTOR('',#1759,1.);
#1759 = DIRECTION('',(-1.,-0.,0.));
#1760 = ORIENTED_EDGE('',*,*,#1761,.F.);
#1761 = EDGE_CURVE('',#1762,#1754,#1764,.T.);
#1762 = VERTEX_POINT('',#1763);
#1763 = CARTESIAN_POINT('',(-3.2,-7.73,-2.));
#1764 = LINE('',#1765,#1766);
#1765 = CARTESIAN_POINT('',(-3.2,-3.865,-2.));
#1766 = VECTOR('',#1767,1.);
#1767 = DIRECTION('',(-0.,1.,0.));
#1768 = ORIENTED_EDGE('',*,*,#1769,.T.);
#1769 = EDGE_CURVE('',#1762,#1770,#1772,.T.);
#1770 = VERTEX_POINT('',#1771);
#1771 = CARTESIAN_POINT('',(-6.2,-7.73,-2.));
#1772 = LINE('',#1773,#1774);
#1773 = CARTESIAN_POINT('',(-3.6,-7.73,-2.));
#1774 = VECTOR('',#1775,1.);
#1775 = DIRECTION('',(-1.,-0.,0.));
#1776 = ORIENTED_EDGE('',*,*,#1777,.F.);
#1777 = EDGE_CURVE('',#1778,#1770,#1780,.T.);
#1778 = VERTEX_POINT('',#1779);
#1779 = CARTESIAN_POINT('',(-6.2,-10.73,-2.));
#1780 = LINE('',#1781,#1782);
#1781 = CARTESIAN_POINT('',(-6.2,-5.365,-2.));
#1782 = VECTOR('',#1783,1.);
#1783 = DIRECTION('',(-0.,1.,0.));
#1784 = ORIENTED_EDGE('',*,*,#1785,.T.);
#1785 = EDGE_CURVE('',#1778,#1786,#1788,.T.);
#1786 = VERTEX_POINT('',#1787);
#1787 = CARTESIAN_POINT('',(-7.2,-10.73,-2.));
#1788 = LINE('',#1789,#1790);
#1789 = CARTESIAN_POINT('',(-3.6,-10.73,-2.));
#1790 = VECTOR('',#1791,1.);
#1791 = DIRECTION('',(-1.,-0.,0.));
#1792 = ORIENTED_EDGE('',*,*,#1793,.T.);
#1793 = EDGE_CURVE('',#1786,#1704,#1794,.T.);
#1794 = LINE('',#1795,#1796);
#1795 = CARTESIAN_POINT('',(-7.2,-3.865,-2.));
#1796 = VECTOR('',#1797,1.);
#1797 = DIRECTION('',(-0.,1.,0.));
#1798 = FACE_BOUND('',#1799,.F.);
#1799 = EDGE_LOOP('',(#1800,#1810,#1818,#1826));
#1800 = ORIENTED_EDGE('',*,*,#1801,.T.);
#1801 = EDGE_CURVE('',#1802,#1804,#1806,.T.);
#1802 = VERTEX_POINT('',#1803);
#1803 = CARTESIAN_POINT('',(-7.82,-6.415,-2.));
#1804 = VERTEX_POINT('',#1805);
#1805 = CARTESIAN_POINT('',(-9.42,-6.415,-2.));
#1806 = LINE('',#1807,#1808);
#1807 = CARTESIAN_POINT('',(-4.71,-6.415,-2.));
#1808 = VECTOR('',#1809,1.);
#1809 = DIRECTION('',(-1.,-0.,0.));
#1810 = ORIENTED_EDGE('',*,*,#1811,.T.);
#1811 = EDGE_CURVE('',#1804,#1812,#1814,.T.);
#1812 = VERTEX_POINT('',#1813);
#1813 = CARTESIAN_POINT('',(-9.42,-4.815,-2.));
#1814 = LINE('',#1815,#1816);
#1815 = CARTESIAN_POINT('',(-9.42,-3.2075,-2.));
#1816 = VECTOR('',#1817,1.);
#1817 = DIRECTION('',(-0.,1.,0.));
#1818 = ORIENTED_EDGE('',*,*,#1819,.F.);
#1819 = EDGE_CURVE('',#1820,#1812,#1822,.T.);
#1820 = VERTEX_POINT('',#1821);
#1821 = CARTESIAN_POINT('',(-7.82,-4.815,-2.));
#1822 = LINE('',#1823,#1824);
#1823 = CARTESIAN_POINT('',(-4.71,-4.815,-2.));
#1824 = VECTOR('',#1825,1.);
#1825 = DIRECTION('',(-1.,-0.,0.));
#1826 = ORIENTED_EDGE('',*,*,#1827,.F.);
#1827 = EDGE_CURVE('',#1802,#1820,#1828,.T.);
#1828 = LINE('',#1829,#1830);
#1829 = CARTESIAN_POINT('',(-7.82,-3.2075,-2.));
#1830 = VECTOR('',#1831,1.);
#1831 = DIRECTION('',(-0.,1.,0.));
#1832 = FACE_BOUND('',#1833,.F.);
#1833 = EDGE_LOOP('',(#1834));
#1834 = ORIENTED_EDGE('',*,*,#880,.F.);
#1835 = FACE_BOUND('',#1836,.F.);
#1836 = EDGE_LOOP('',(#1837));
#1837 = ORIENTED_EDGE('',*,*,#905,.F.);
#1838 = FACE_BOUND('',#1839,.F.);
#1839 = EDGE_LOOP('',(#1840));
#1840 = ORIENTED_EDGE('',*,*,#930,.F.);
#1841 = FACE_BOUND('',#1842,.F.);
#1842 = EDGE_LOOP('',(#1843));
#1843 = ORIENTED_EDGE('',*,*,#955,.F.);
#1844 = FACE_BOUND('',#1845,.F.);
#1845 = EDGE_LOOP('',(#1846,#1856,#1864,#1872,#1880,#1888));
#1846 = ORIENTED_EDGE('',*,*,#1847,.T.);
#1847 = EDGE_CURVE('',#1848,#1850,#1852,.T.);
#1848 = VERTEX_POINT('',#1849);
#1849 = CARTESIAN_POINT('',(5.7,-10.73,-2.));
#1850 = VERTEX_POINT('',#1851);
#1851 = CARTESIAN_POINT('',(4.7,-10.73,-2.));
#1852 = LINE('',#1853,#1854);
#1853 = CARTESIAN_POINT('',(2.35,-10.73,-2.));
#1854 = VECTOR('',#1855,1.);
#1855 = DIRECTION('',(-1.,-0.,0.));
#1856 = ORIENTED_EDGE('',*,*,#1857,.T.);
#1857 = EDGE_CURVE('',#1850,#1858,#1860,.T.);
#1858 = VERTEX_POINT('',#1859);
#1859 = CARTESIAN_POINT('',(4.7,-7.73,-2.));
#1860 = LINE('',#1861,#1862);
#1861 = CARTESIAN_POINT('',(4.7,-5.365,-2.));
#1862 = VECTOR('',#1863,1.);
#1863 = DIRECTION('',(-0.,1.,0.));
#1864 = ORIENTED_EDGE('',*,*,#1865,.T.);
#1865 = EDGE_CURVE('',#1858,#1866,#1868,.T.);
#1866 = VERTEX_POINT('',#1867);
#1867 = CARTESIAN_POINT('',(1.7,-7.73,-2.));
#1868 = LINE('',#1869,#1870);
#1869 = CARTESIAN_POINT('',(0.85,-7.73,-2.));
#1870 = VECTOR('',#1871,1.);
#1871 = DIRECTION('',(-1.,-0.,0.));
#1872 = ORIENTED_EDGE('',*,*,#1873,.T.);
#1873 = EDGE_CURVE('',#1866,#1874,#1876,.T.);
#1874 = VERTEX_POINT('',#1875);
#1875 = CARTESIAN_POINT('',(1.7,-6.73,-2.));
#1876 = LINE('',#1877,#1878);
#1877 = CARTESIAN_POINT('',(1.7,-3.865,-2.));
#1878 = VECTOR('',#1879,1.);
#1879 = DIRECTION('',(-0.,1.,0.));
#1880 = ORIENTED_EDGE('',*,*,#1881,.F.);
#1881 = EDGE_CURVE('',#1882,#1874,#1884,.T.);
#1882 = VERTEX_POINT('',#1883);
#1883 = CARTESIAN_POINT('',(5.7,-6.73,-2.));
#1884 = LINE('',#1885,#1886);
#1885 = CARTESIAN_POINT('',(0.85,-6.73,-2.));
#1886 = VECTOR('',#1887,1.);
#1887 = DIRECTION('',(-1.,-0.,0.));
#1888 = ORIENTED_EDGE('',*,*,#1889,.F.);
#1889 = EDGE_CURVE('',#1848,#1882,#1890,.T.);
#1890 = LINE('',#1891,#1892);
#1891 = CARTESIAN_POINT('',(5.7,-5.365,-2.));
#1892 = VECTOR('',#1893,1.);
#1893 = DIRECTION('',(-0.,1.,0.));
#1894 = FACE_BOUND('',#1895,.F.);
#1895 = EDGE_LOOP('',(#1896,#1906,#1914,#1922));
#1896 = ORIENTED_EDGE('',*,*,#1897,.T.);
#1897 = EDGE_CURVE('',#1898,#1900,#1902,.T.);
#1898 = VERTEX_POINT('',#1899);
#1899 = CARTESIAN_POINT('',(4.5,-9.53,-2.));
#1900 = VERTEX_POINT('',#1901);
#1901 = CARTESIAN_POINT('',(2.9,-9.53,-2.));
#1902 = LINE('',#1903,#1904);
#1903 = CARTESIAN_POINT('',(1.45,-9.53,-2.));
#1904 = VECTOR('',#1905,1.);
#1905 = DIRECTION('',(-1.,-0.,0.));
#1906 = ORIENTED_EDGE('',*,*,#1907,.T.);
#1907 = EDGE_CURVE('',#1900,#1908,#1910,.T.);
#1908 = VERTEX_POINT('',#1909);
#1909 = CARTESIAN_POINT('',(2.9,-7.93,-2.));
#1910 = LINE('',#1911,#1912);
#1911 = CARTESIAN_POINT('',(2.9,-4.765,-2.));
#1912 = VECTOR('',#1913,1.);
#1913 = DIRECTION('',(-0.,1.,0.));
#1914 = ORIENTED_EDGE('',*,*,#1915,.F.);
#1915 = EDGE_CURVE('',#1916,#1908,#1918,.T.);
#1916 = VERTEX_POINT('',#1917);
#1917 = CARTESIAN_POINT('',(4.5,-7.93,-2.));
#1918 = LINE('',#1919,#1920);
#1919 = CARTESIAN_POINT('',(1.45,-7.93,-2.));
#1920 = VECTOR('',#1921,1.);
#1921 = DIRECTION('',(-1.,-0.,0.));
#1922 = ORIENTED_EDGE('',*,*,#1923,.F.);
#1923 = EDGE_CURVE('',#1898,#1916,#1924,.T.);
#1924 = LINE('',#1925,#1926);
#1925 = CARTESIAN_POINT('',(4.5,-4.765,-2.));
#1926 = VECTOR('',#1927,1.);
#1927 = DIRECTION('',(-0.,1.,0.));
#1928 = FACE_BOUND('',#1929,.F.);
#1929 = EDGE_LOOP('',(#1930));
#1930 = ORIENTED_EDGE('',*,*,#1931,.F.);
#1931 = EDGE_CURVE('',#1932,#1932,#1934,.T.);
#1932 = VERTEX_POINT('',#1933);
#1933 = CARTESIAN_POINT('',(24.77,-13.,-2.));
#1934 = CIRCLE('',#1935,7.77);
#1935 = AXIS2_PLACEMENT_3D('',#1936,#1937,#1938);
#1936 = CARTESIAN_POINT('',(17.,-13.,-2.));
#1937 = DIRECTION('',(0.,0.,1.));
#1938 = DIRECTION('',(1.,0.,-0.));
#1939 = PLANE('',#1940);
#1940 = AXIS2_PLACEMENT_3D('',#1941,#1942,#1943);
#1941 = CARTESIAN_POINT('',(8.04363295761E-16,-1.969869295741E-16,-2.));
#1942 = DIRECTION('',(0.,0.,1.));
#1943 = DIRECTION('',(1.,0.,-0.));
#1944 = ADVANCED_FACE('',(#1945,#1956),#1959,.F.);
#1945 = FACE_BOUND('',#1946,.F.);
#1946 = EDGE_LOOP('',(#1947));
#1947 = ORIENTED_EDGE('',*,*,#1948,.T.);
#1948 = EDGE_CURVE('',#1949,#1949,#1951,.T.);
#1949 = VERTEX_POINT('',#1950);
#1950 = CARTESIAN_POINT('',(17.8,-12.2,-2.));
#1951 = CIRCLE('',#1952,0.8);
#1952 = AXIS2_PLACEMENT_3D('',#1953,#1954,#1955);
#1953 = CARTESIAN_POINT('',(17.,-12.2,-2.));
#1954 = DIRECTION('',(0.,0.,1.));
#1955 = DIRECTION('',(1.,0.,-0.));
#1956 = FACE_BOUND('',#1957,.F.);
#1957 = EDGE_LOOP('',(#1958));
#1958 = ORIENTED_EDGE('',*,*,#805,.F.);
#1959 = PLANE('',#1960);
#1960 = AXIS2_PLACEMENT_3D('',#1961,#1962,#1963);
#1961 = CARTESIAN_POINT('',(8.04363295761E-16,-1.969869295741E-16,-2.));
#1962 = DIRECTION('',(0.,0.,1.));
#1963 = DIRECTION('',(1.,0.,-0.));
#1964 = ADVANCED_FACE('',(#1965),#1981,.T.);
#1965 = FACE_BOUND('',#1966,.T.);
#1966 = EDGE_LOOP('',(#1967,#1973,#1974,#1980));
#1967 = ORIENTED_EDGE('',*,*,#1968,.T.);
#1968 = EDGE_CURVE('',#1197,#982,#1969,.T.);
#1969 = LINE('',#1970,#1971);
#1970 = CARTESIAN_POINT('',(24.95,1.,-6.1));
#1971 = VECTOR('',#1972,1.);
#1972 = DIRECTION('',(0.,0.,-1.));
#1973 = ORIENTED_EDGE('',*,*,#981,.T.);
#1974 = ORIENTED_EDGE('',*,*,#1975,.T.);
#1975 = EDGE_CURVE('',#984,#1186,#1976,.T.);
#1976 = LINE('',#1977,#1978);
#1977 = CARTESIAN_POINT('',(24.95,-24.45,-4.2));
#1978 = VECTOR('',#1979,1.);
#1979 = DIRECTION('',(0.,0.,1.));
#1980 = ORIENTED_EDGE('',*,*,#1196,.F.);
#1981 = PLANE('',#1982);
#1982 = AXIS2_PLACEMENT_3D('',#1983,#1984,#1985);
#1983 = CARTESIAN_POINT('',(24.95,-24.45,-4.2));
#1984 = DIRECTION('',(-1.,0.,0.));
#1985 = DIRECTION('',(0.,1.,0.));
#1986 = ADVANCED_FACE('',(#1987),#2021,.F.);
#1987 = FACE_BOUND('',#1988,.F.);
#1988 = EDGE_LOOP('',(#1989,#1997,#2005,#2011,#2012,#2018,#2019,#2020));
#1989 = ORIENTED_EDGE('',*,*,#1990,.F.);
#1990 = EDGE_CURVE('',#1991,#1164,#1993,.T.);
#1991 = VERTEX_POINT('',#1992);
#1992 = CARTESIAN_POINT('',(25.55,1.,-8.));
#1993 = LINE('',#1994,#1995);
#1994 = CARTESIAN_POINT('',(25.55,1.,-8.));
#1995 = VECTOR('',#1996,1.);
#1996 = DIRECTION('',(0.,0.,1.));
#1997 = ORIENTED_EDGE('',*,*,#1998,.F.);
#1998 = EDGE_CURVE('',#1999,#1991,#2001,.T.);
#1999 = VERTEX_POINT('',#2000);
#2000 = CARTESIAN_POINT('',(-25.55,1.,-8.));
#2001 = LINE('',#2002,#2003);
#2002 = CARTESIAN_POINT('',(-25.55,1.,-8.));
#2003 = VECTOR('',#2004,1.);
#2004 = DIRECTION('',(1.,0.,-0.));
#2005 = ORIENTED_EDGE('',*,*,#2006,.T.);
#2006 = EDGE_CURVE('',#1999,#1090,#2007,.T.);
#2007 = LINE('',#2008,#2009);
#2008 = CARTESIAN_POINT('',(-25.55,1.,-8.));
#2009 = VECTOR('',#2010,1.);
#2010 = DIRECTION('',(0.,0.,1.));
#2011 = ORIENTED_EDGE('',*,*,#1089,.F.);
#2012 = ORIENTED_EDGE('',*,*,#2013,.T.);
#2013 = EDGE_CURVE('',#1082,#1205,#2014,.T.);
#2014 = LINE('',#2015,#2016);
#2015 = CARTESIAN_POINT('',(-24.95,1.,-6.1));
#2016 = VECTOR('',#2017,1.);
#2017 = DIRECTION('',(0.,0.,1.));
#2018 = ORIENTED_EDGE('',*,*,#1204,.F.);
#2019 = ORIENTED_EDGE('',*,*,#1968,.T.);
#2020 = ORIENTED_EDGE('',*,*,#1171,.F.);
#2021 = PLANE('',#2022);
#2022 = AXIS2_PLACEMENT_3D('',#2023,#2024,#2025);
#2023 = CARTESIAN_POINT('',(-25.55,1.,-8.));
#2024 = DIRECTION('',(-0.,1.,0.));
#2025 = DIRECTION('',(0.,0.,1.));
#2026 = ADVANCED_FACE('',(#2027),#2045,.T.);
#2027 = FACE_BOUND('',#2028,.T.);
#2028 = EDGE_LOOP('',(#2029,#2030,#2038,#2044));
#2029 = ORIENTED_EDGE('',*,*,#1990,.F.);
#2030 = ORIENTED_EDGE('',*,*,#2031,.T.);
#2031 = EDGE_CURVE('',#1991,#2032,#2034,.T.);
#2032 = VERTEX_POINT('',#2033);
#2033 = CARTESIAN_POINT('',(25.55,2.2,-8.));
#2034 = LINE('',#2035,#2036);
#2035 = CARTESIAN_POINT('',(25.55,1.,-8.));
#2036 = VECTOR('',#2037,1.);
#2037 = DIRECTION('',(-0.,1.,0.));
#2038 = ORIENTED_EDGE('',*,*,#2039,.T.);
#2039 = EDGE_CURVE('',#2032,#1156,#2040,.T.);
#2040 = LINE('',#2041,#2042);
#2041 = CARTESIAN_POINT('',(25.55,2.2,-8.));
#2042 = VECTOR('',#2043,1.);
#2043 = DIRECTION('',(0.,0.,1.));
#2044 = ORIENTED_EDGE('',*,*,#1163,.F.);
#2045 = PLANE('',#2046);
#2046 = AXIS2_PLACEMENT_3D('',#2047,#2048,#2049);
#2047 = CARTESIAN_POINT('',(25.55,1.,-8.));
#2048 = DIRECTION('',(1.,0.,-0.));
#2049 = DIRECTION('',(0.,0.,1.));
#2050 = ADVANCED_FACE('',(#2051),#2092,.T.);
#2051 = FACE_BOUND('',#2052,.T.);
#2052 = EDGE_LOOP('',(#2053,#2054,#2062,#2068,#2069,#2077,#2085,#2091));
#2053 = ORIENTED_EDGE('',*,*,#2039,.F.);
#2054 = ORIENTED_EDGE('',*,*,#2055,.F.);
#2055 = EDGE_CURVE('',#2056,#2032,#2058,.T.);
#2056 = VERTEX_POINT('',#2057);
#2057 = CARTESIAN_POINT('',(-25.55,2.2,-8.));
#2058 = LINE('',#2059,#2060);
#2059 = CARTESIAN_POINT('',(-25.55,2.2,-8.));
#2060 = VECTOR('',#2061,1.);
#2061 = DIRECTION('',(1.,0.,-0.));
#2062 = ORIENTED_EDGE('',*,*,#2063,.T.);
#2063 = EDGE_CURVE('',#2056,#1098,#2064,.T.);
#2064 = LINE('',#2065,#2066);
#2065 = CARTESIAN_POINT('',(-25.55,2.2,-8.));
#2066 = VECTOR('',#2067,1.);
#2067 = DIRECTION('',(0.,0.,1.));
#2068 = ORIENTED_EDGE('',*,*,#1105,.F.);
#2069 = ORIENTED_EDGE('',*,*,#2070,.T.);
#2070 = EDGE_CURVE('',#1106,#2071,#2073,.T.);
#2071 = VERTEX_POINT('',#2072);
#2072 = CARTESIAN_POINT('',(-24.95,2.2,-2.));
#2073 = LINE('',#2074,#2075);
#2074 = CARTESIAN_POINT('',(-24.95,2.2,-6.1));
#2075 = VECTOR('',#2076,1.);
#2076 = DIRECTION('',(0.,0.,1.));
#2077 = ORIENTED_EDGE('',*,*,#2078,.F.);
#2078 = EDGE_CURVE('',#2079,#2071,#2081,.T.);
#2079 = VERTEX_POINT('',#2080);
#2080 = CARTESIAN_POINT('',(24.95,2.2,-2.));
#2081 = LINE('',#2082,#2083);
#2082 = CARTESIAN_POINT('',(-12.775,2.2,-2.));
#2083 = VECTOR('',#2084,1.);
#2084 = DIRECTION('',(-1.,-0.,0.));
#2085 = ORIENTED_EDGE('',*,*,#2086,.T.);
#2086 = EDGE_CURVE('',#2079,#1148,#2087,.T.);
#2087 = LINE('',#2088,#2089);
#2088 = CARTESIAN_POINT('',(24.95,2.2,-6.1));
#2089 = VECTOR('',#2090,1.);
#2090 = DIRECTION('',(0.,0.,-1.));
#2091 = ORIENTED_EDGE('',*,*,#1155,.F.);
#2092 = PLANE('',#2093);
#2093 = AXIS2_PLACEMENT_3D('',#2094,#2095,#2096);
#2094 = CARTESIAN_POINT('',(-25.55,2.2,-8.));
#2095 = DIRECTION('',(-0.,1.,0.));
#2096 = DIRECTION('',(0.,0.,1.));
#2097 = ADVANCED_FACE('',(#2098),#2116,.T.);
#2098 = FACE_BOUND('',#2099,.T.);
#2099 = EDGE_LOOP('',(#2100,#2108,#2109,#2110));
#2100 = ORIENTED_EDGE('',*,*,#2101,.F.);
#2101 = EDGE_CURVE('',#1139,#2102,#2104,.T.);
#2102 = VERTEX_POINT('',#2103);
#2103 = CARTESIAN_POINT('',(24.95,24.45,-2.));
#2104 = LINE('',#2105,#2106);
#2105 = CARTESIAN_POINT('',(24.95,24.45,-4.2));
#2106 = VECTOR('',#2107,1.);
#2107 = DIRECTION('',(0.,0.,1.));
#2108 = ORIENTED_EDGE('',*,*,#1147,.T.);
#2109 = ORIENTED_EDGE('',*,*,#2086,.F.);
#2110 = ORIENTED_EDGE('',*,*,#2111,.F.);
#2111 = EDGE_CURVE('',#2102,#2079,#2112,.T.);
#2112 = LINE('',#2113,#2114);
#2113 = CARTESIAN_POINT('',(24.95,-12.225,-2.));
#2114 = VECTOR('',#2115,1.);
#2115 = DIRECTION('',(0.,-1.,0.));
#2116 = PLANE('',#2117);
#2117 = AXIS2_PLACEMENT_3D('',#2118,#2119,#2120);
#2118 = CARTESIAN_POINT('',(24.95,-24.45,-4.2));
#2119 = DIRECTION('',(-1.,0.,0.));
#2120 = DIRECTION('',(0.,1.,0.));
#2121 = ADVANCED_FACE('',(#2122),#2141,.F.);
#2122 = FACE_BOUND('',#2123,.T.);
#2123 = EDGE_LOOP('',(#2124,#2132,#2133,#2134));
#2124 = ORIENTED_EDGE('',*,*,#2125,.F.);
#2125 = EDGE_CURVE('',#1131,#2126,#2128,.T.);
#2126 = VERTEX_POINT('',#2127);
#2127 = CARTESIAN_POINT('',(24.45,24.95,-2.));
#2128 = LINE('',#2129,#2130);
#2129 = CARTESIAN_POINT('',(24.45,24.95,-4.2));
#2130 = VECTOR('',#2131,1.);
#2131 = DIRECTION('',(0.,0.,1.));
#2132 = ORIENTED_EDGE('',*,*,#1138,.T.);
#2133 = ORIENTED_EDGE('',*,*,#2101,.T.);
#2134 = ORIENTED_EDGE('',*,*,#2135,.F.);
#2135 = EDGE_CURVE('',#2126,#2102,#2136,.T.);
#2136 = CIRCLE('',#2137,0.5);
#2137 = AXIS2_PLACEMENT_3D('',#2138,#2139,#2140);
#2138 = CARTESIAN_POINT('',(24.45,24.45,-2.));
#2139 = DIRECTION('',(0.,-0.,-1.));
#2140 = DIRECTION('',(1.,0.,-0.));
#2141 = CYLINDRICAL_SURFACE('',#2142,0.5);
#2142 = AXIS2_PLACEMENT_3D('',#2143,#2144,#2145);
#2143 = CARTESIAN_POINT('',(24.45,24.45,-4.2));
#2144 = DIRECTION('',(-0.,-0.,-1.));
#2145 = DIRECTION('',(1.,0.,-0.));
#2146 = ADVANCED_FACE('',(#2147),#2165,.T.);
#2147 = FACE_BOUND('',#2148,.T.);
#2148 = EDGE_LOOP('',(#2149,#2157,#2158,#2159));
#2149 = ORIENTED_EDGE('',*,*,#2150,.F.);
#2150 = EDGE_CURVE('',#1122,#2151,#2153,.T.);
#2151 = VERTEX_POINT('',#2152);
#2152 = CARTESIAN_POINT('',(-24.45,24.95,-2.));
#2153 = LINE('',#2154,#2155);
#2154 = CARTESIAN_POINT('',(-24.45,24.95,-4.2));
#2155 = VECTOR('',#2156,1.);
#2156 = DIRECTION('',(0.,0.,1.));
#2157 = ORIENTED_EDGE('',*,*,#1130,.T.);
#2158 = ORIENTED_EDGE('',*,*,#2125,.T.);
#2159 = ORIENTED_EDGE('',*,*,#2160,.F.);
#2160 = EDGE_CURVE('',#2151,#2126,#2161,.T.);
#2161 = LINE('',#2162,#2163);
#2162 = CARTESIAN_POINT('',(12.225,24.95,-2.));
#2163 = VECTOR('',#2164,1.);
#2164 = DIRECTION('',(1.,0.,-0.));
#2165 = PLANE('',#2166);
#2166 = AXIS2_PLACEMENT_3D('',#2167,#2168,#2169);
#2167 = CARTESIAN_POINT('',(24.45,24.95,-4.2));
#2168 = DIRECTION('',(0.,-1.,0.));
#2169 = DIRECTION('',(-1.,0.,0.));
#2170 = ADVANCED_FACE('',(#2171),#2190,.F.);
#2171 = FACE_BOUND('',#2172,.T.);
#2172 = EDGE_LOOP('',(#2173,#2181,#2182,#2183));
#2173 = ORIENTED_EDGE('',*,*,#2174,.F.);
#2174 = EDGE_CURVE('',#1114,#2175,#2177,.T.);
#2175 = VERTEX_POINT('',#2176);
#2176 = CARTESIAN_POINT('',(-24.95,24.45,-2.));
#2177 = LINE('',#2178,#2179);
#2178 = CARTESIAN_POINT('',(-24.95,24.45,-4.2));
#2179 = VECTOR('',#2180,1.);
#2180 = DIRECTION('',(0.,0.,1.));
#2181 = ORIENTED_EDGE('',*,*,#1121,.T.);
#2182 = ORIENTED_EDGE('',*,*,#2150,.T.);
#2183 = ORIENTED_EDGE('',*,*,#2184,.F.);
#2184 = EDGE_CURVE('',#2175,#2151,#2185,.T.);
#2185 = CIRCLE('',#2186,0.5);
#2186 = AXIS2_PLACEMENT_3D('',#2187,#2188,#2189);
#2187 = CARTESIAN_POINT('',(-24.45,24.45,-2.));
#2188 = DIRECTION('',(-0.,0.,-1.));
#2189 = DIRECTION('',(0.,1.,0.));
#2190 = CYLINDRICAL_SURFACE('',#2191,0.5);
#2191 = AXIS2_PLACEMENT_3D('',#2192,#2193,#2194);
#2192 = CARTESIAN_POINT('',(-24.45,24.45,-4.2));
#2193 = DIRECTION('',(-0.,0.,-1.));
#2194 = DIRECTION('',(0.,1.,0.));
#2195 = ADVANCED_FACE('',(#2196),#2207,.T.);
#2196 = FACE_BOUND('',#2197,.T.);
#2197 = EDGE_LOOP('',(#2198,#2199,#2200,#2201));
#2198 = ORIENTED_EDGE('',*,*,#2070,.F.);
#2199 = ORIENTED_EDGE('',*,*,#1113,.T.);
#2200 = ORIENTED_EDGE('',*,*,#2174,.T.);
#2201 = ORIENTED_EDGE('',*,*,#2202,.F.);
#2202 = EDGE_CURVE('',#2071,#2175,#2203,.T.);
#2203 = LINE('',#2204,#2205);
#2204 = CARTESIAN_POINT('',(-24.95,12.225,-2.));
#2205 = VECTOR('',#2206,1.);
#2206 = DIRECTION('',(-0.,1.,0.));
#2207 = PLANE('',#2208);
#2208 = AXIS2_PLACEMENT_3D('',#2209,#2210,#2211);
#2209 = CARTESIAN_POINT('',(-24.95,24.45,-4.2));
#2210 = DIRECTION('',(1.,0.,-0.));
#2211 = DIRECTION('',(0.,-1.,0.));
#2212 = ADVANCED_FACE('',(#2213),#2224,.F.);
#2213 = FACE_BOUND('',#2214,.F.);
#2214 = EDGE_LOOP('',(#2215,#2216,#2222,#2223));
#2215 = ORIENTED_EDGE('',*,*,#2006,.F.);
#2216 = ORIENTED_EDGE('',*,*,#2217,.T.);
#2217 = EDGE_CURVE('',#1999,#2056,#2218,.T.);
#2218 = LINE('',#2219,#2220);
#2219 = CARTESIAN_POINT('',(-25.55,1.,-8.));
#2220 = VECTOR('',#2221,1.);
#2221 = DIRECTION('',(-0.,1.,0.));
#2222 = ORIENTED_EDGE('',*,*,#2063,.T.);
#2223 = ORIENTED_EDGE('',*,*,#1097,.F.);
#2224 = PLANE('',#2225);
#2225 = AXIS2_PLACEMENT_3D('',#2226,#2227,#2228);
#2226 = CARTESIAN_POINT('',(-25.55,1.,-8.));
#2227 = DIRECTION('',(1.,0.,-0.));
#2228 = DIRECTION('',(0.,0.,1.));
#2229 = ADVANCED_FACE('',(#2230),#2241,.T.);
#2230 = FACE_BOUND('',#2231,.T.);
#2231 = EDGE_LOOP('',(#2232,#2238,#2239,#2240));
#2232 = ORIENTED_EDGE('',*,*,#2233,.F.);
#2233 = EDGE_CURVE('',#1074,#1213,#2234,.T.);
#2234 = LINE('',#2235,#2236);
#2235 = CARTESIAN_POINT('',(-24.95,-3.615,-5.405));
#2236 = VECTOR('',#2237,1.);
#2237 = DIRECTION('',(0.,0.,1.));
#2238 = ORIENTED_EDGE('',*,*,#1081,.T.);
#2239 = ORIENTED_EDGE('',*,*,#2013,.T.);
#2240 = ORIENTED_EDGE('',*,*,#1212,.F.);
#2241 = PLANE('',#2242);
#2242 = AXIS2_PLACEMENT_3D('',#2243,#2244,#2245);
#2243 = CARTESIAN_POINT('',(-24.95,24.45,-4.2));
#2244 = DIRECTION('',(1.,0.,-0.));
#2245 = DIRECTION('',(0.,-1.,0.));
#2246 = ADVANCED_FACE('',(#2247),#2274,.T.);
#2247 = FACE_BOUND('',#2248,.T.);
#2248 = EDGE_LOOP('',(#2249,#2257,#2258,#2259,#2260,#2268));
#2249 = ORIENTED_EDGE('',*,*,#2250,.T.);
#2250 = EDGE_CURVE('',#2251,#1066,#2253,.T.);
#2251 = VERTEX_POINT('',#2252);
#2252 = CARTESIAN_POINT('',(-25.38,-3.615,-6.61));
#2253 = LINE('',#2254,#2255);
#2254 = CARTESIAN_POINT('',(-25.38,-3.615,-6.61));
#2255 = VECTOR('',#2256,1.);
#2256 = DIRECTION('',(0.,0.,1.));
#2257 = ORIENTED_EDGE('',*,*,#1073,.F.);
#2258 = ORIENTED_EDGE('',*,*,#2233,.T.);
#2259 = ORIENTED_EDGE('',*,*,#1220,.F.);
#2260 = ORIENTED_EDGE('',*,*,#2261,.F.);
#2261 = EDGE_CURVE('',#2262,#1221,#2264,.T.);
#2262 = VERTEX_POINT('',#2263);
#2263 = CARTESIAN_POINT('',(-21.38,-3.615,-6.61));
#2264 = LINE('',#2265,#2266);
#2265 = CARTESIAN_POINT('',(-21.38,-3.615,-6.61));
#2266 = VECTOR('',#2267,1.);
#2267 = DIRECTION('',(0.,0.,1.));
#2268 = ORIENTED_EDGE('',*,*,#2269,.F.);
#2269 = EDGE_CURVE('',#2251,#2262,#2270,.T.);
#2270 = LINE('',#2271,#2272);
#2271 = CARTESIAN_POINT('',(-25.38,-3.615,-6.61));
#2272 = VECTOR('',#2273,1.);
#2273 = DIRECTION('',(1.,0.,-0.));
#2274 = PLANE('',#2275);
#2275 = AXIS2_PLACEMENT_3D('',#2276,#2277,#2278);
#2276 = CARTESIAN_POINT('',(-23.3500348432,-3.615,-4.334965156794));
#2277 = DIRECTION('',(0.,1.,0.));
#2278 = DIRECTION('',(0.,-0.,1.));
#2279 = ADVANCED_FACE('',(#2280),#2298,.T.);
#2280 = FACE_BOUND('',#2281,.T.);
#2281 = EDGE_LOOP('',(#2282,#2283,#2284,#2292));
#2282 = ORIENTED_EDGE('',*,*,#1065,.T.);
#2283 = ORIENTED_EDGE('',*,*,#2250,.F.);
#2284 = ORIENTED_EDGE('',*,*,#2285,.F.);
#2285 = EDGE_CURVE('',#2286,#2251,#2288,.T.);
#2286 = VERTEX_POINT('',#2287);
#2287 = CARTESIAN_POINT('',(-25.38,-7.615,-6.61));
#2288 = LINE('',#2289,#2290);
#2289 = CARTESIAN_POINT('',(-25.38,-7.615,-6.61));
#2290 = VECTOR('',#2291,1.);
#2291 = DIRECTION('',(-0.,1.,0.));
#2292 = ORIENTED_EDGE('',*,*,#2293,.T.);
#2293 = EDGE_CURVE('',#2286,#1058,#2294,.T.);
#2294 = LINE('',#2295,#2296);
#2295 = CARTESIAN_POINT('',(-25.38,-7.615,-6.61));
#2296 = VECTOR('',#2297,1.);
#2297 = DIRECTION('',(0.,0.,1.));
#2298 = PLANE('',#2299);
#2299 = AXIS2_PLACEMENT_3D('',#2300,#2301,#2302);
#2300 = CARTESIAN_POINT('',(-25.38,-5.615,-4.905));
#2301 = DIRECTION('',(-1.,-0.,-0.));
#2302 = DIRECTION('',(0.,0.,-1.));
#2303 = ADVANCED_FACE('',(#2304),#2329,.F.);
#2304 = FACE_BOUND('',#2305,.F.);
#2305 = EDGE_LOOP('',(#2306,#2314,#2320,#2321,#2322,#2328));
#2306 = ORIENTED_EDGE('',*,*,#2307,.F.);
#2307 = EDGE_CURVE('',#2308,#1245,#2310,.T.);
#2308 = VERTEX_POINT('',#2309);
#2309 = CARTESIAN_POINT('',(-24.38,-7.615,-6.61));
#2310 = LINE('',#2311,#2312);
#2311 = CARTESIAN_POINT('',(-24.38,-7.615,-6.61));
#2312 = VECTOR('',#2313,1.);
#2313 = DIRECTION('',(0.,0.,1.));
#2314 = ORIENTED_EDGE('',*,*,#2315,.F.);
#2315 = EDGE_CURVE('',#2286,#2308,#2316,.T.);
#2316 = LINE('',#2317,#2318);
#2317 = CARTESIAN_POINT('',(-25.38,-7.615,-6.61));
#2318 = VECTOR('',#2319,1.);
#2319 = DIRECTION('',(1.,0.,-0.));
#2320 = ORIENTED_EDGE('',*,*,#2293,.T.);
#2321 = ORIENTED_EDGE('',*,*,#1057,.F.);
#2322 = ORIENTED_EDGE('',*,*,#2323,.T.);
#2323 = EDGE_CURVE('',#1050,#1253,#2324,.T.);
#2324 = LINE('',#2325,#2326);
#2325 = CARTESIAN_POINT('',(-24.95,-7.615,-5.405));
#2326 = VECTOR('',#2327,1.);
#2327 = DIRECTION('',(0.,0.,1.));
#2328 = ORIENTED_EDGE('',*,*,#1252,.F.);
#2329 = PLANE('',#2330);
#2330 = AXIS2_PLACEMENT_3D('',#2331,#2332,#2333);
#2331 = CARTESIAN_POINT('',(-25.38,-7.615,-6.61));
#2332 = DIRECTION('',(-0.,1.,0.));
#2333 = DIRECTION('',(0.,0.,1.));
#2334 = ADVANCED_FACE('',(#2335),#2346,.T.);
#2335 = FACE_BOUND('',#2336,.T.);
#2336 = EDGE_LOOP('',(#2337,#2343,#2344,#2345));
#2337 = ORIENTED_EDGE('',*,*,#2338,.F.);
#2338 = EDGE_CURVE('',#1042,#1261,#2339,.T.);
#2339 = LINE('',#2340,#2341);
#2340 = CARTESIAN_POINT('',(-24.95,-18.385,-5.405));
#2341 = VECTOR('',#2342,1.);
#2342 = DIRECTION('',(0.,0.,1.));
#2343 = ORIENTED_EDGE('',*,*,#1049,.T.);
#2344 = ORIENTED_EDGE('',*,*,#2323,.T.);
#2345 = ORIENTED_EDGE('',*,*,#1260,.F.);
#2346 = PLANE('',#2347);
#2347 = AXIS2_PLACEMENT_3D('',#2348,#2349,#2350);
#2348 = CARTESIAN_POINT('',(-24.95,24.45,-4.2));
#2349 = DIRECTION('',(1.,0.,-0.));
#2350 = DIRECTION('',(0.,-1.,0.));
#2351 = ADVANCED_FACE('',(#2352),#2379,.T.);
#2352 = FACE_BOUND('',#2353,.T.);
#2353 = EDGE_LOOP('',(#2354,#2362,#2370,#2376,#2377,#2378));
#2354 = ORIENTED_EDGE('',*,*,#2355,.F.);
#2355 = EDGE_CURVE('',#2356,#1269,#2358,.T.);
#2356 = VERTEX_POINT('',#2357);
#2357 = CARTESIAN_POINT('',(-24.38,-18.385,-6.61));
#2358 = LINE('',#2359,#2360);
#2359 = CARTESIAN_POINT('',(-24.38,-18.385,-6.61));
#2360 = VECTOR('',#2361,1.);
#2361 = DIRECTION('',(0.,0.,1.));
#2362 = ORIENTED_EDGE('',*,*,#2363,.F.);
#2363 = EDGE_CURVE('',#2364,#2356,#2366,.T.);
#2364 = VERTEX_POINT('',#2365);
#2365 = CARTESIAN_POINT('',(-25.38,-18.385,-6.61));
#2366 = LINE('',#2367,#2368);
#2367 = CARTESIAN_POINT('',(-25.38,-18.385,-6.61));
#2368 = VECTOR('',#2369,1.);
#2369 = DIRECTION('',(1.,0.,-0.));
#2370 = ORIENTED_EDGE('',*,*,#2371,.T.);
#2371 = EDGE_CURVE('',#2364,#1034,#2372,.T.);
#2372 = LINE('',#2373,#2374);
#2373 = CARTESIAN_POINT('',(-25.38,-18.385,-6.61));
#2374 = VECTOR('',#2375,1.);
#2375 = DIRECTION('',(0.,0.,1.));
#2376 = ORIENTED_EDGE('',*,*,#1041,.F.);
#2377 = ORIENTED_EDGE('',*,*,#2338,.T.);
#2378 = ORIENTED_EDGE('',*,*,#1268,.F.);
#2379 = PLANE('',#2380);
#2380 = AXIS2_PLACEMENT_3D('',#2381,#2382,#2383);
#2381 = CARTESIAN_POINT('',(-25.38,-18.385,-6.61));
#2382 = DIRECTION('',(-0.,1.,0.));
#2383 = DIRECTION('',(0.,0.,1.));
#2384 = ADVANCED_FACE('',(#2385),#2403,.T.);
#2385 = FACE_BOUND('',#2386,.T.);
#2386 = EDGE_LOOP('',(#2387,#2388,#2389,#2397));
#2387 = ORIENTED_EDGE('',*,*,#1033,.T.);
#2388 = ORIENTED_EDGE('',*,*,#2371,.F.);
#2389 = ORIENTED_EDGE('',*,*,#2390,.F.);
#2390 = EDGE_CURVE('',#2391,#2364,#2393,.T.);
#2391 = VERTEX_POINT('',#2392);
#2392 = CARTESIAN_POINT('',(-25.38,-22.385,-6.61));
#2393 = LINE('',#2394,#2395);
#2394 = CARTESIAN_POINT('',(-25.38,-22.385,-6.61));
#2395 = VECTOR('',#2396,1.);
#2396 = DIRECTION('',(-0.,1.,0.));
#2397 = ORIENTED_EDGE('',*,*,#2398,.T.);
#2398 = EDGE_CURVE('',#2391,#1026,#2399,.T.);
#2399 = LINE('',#2400,#2401);
#2400 = CARTESIAN_POINT('',(-25.38,-22.385,-6.61));
#2401 = VECTOR('',#2402,1.);
#2402 = DIRECTION('',(0.,0.,1.));
#2403 = PLANE('',#2404);
#2404 = AXIS2_PLACEMENT_3D('',#2405,#2406,#2407);
#2405 = CARTESIAN_POINT('',(-25.38,-20.385,-4.905));
#2406 = DIRECTION('',(-1.,-0.,-0.));
#2407 = DIRECTION('',(0.,0.,-1.));
#2408 = ADVANCED_FACE('',(#2409),#2434,.T.);
#2409 = FACE_BOUND('',#2410,.T.);
#2410 = EDGE_LOOP('',(#2411,#2419,#2425,#2426,#2432,#2433));
#2411 = ORIENTED_EDGE('',*,*,#2412,.T.);
#2412 = EDGE_CURVE('',#2391,#2413,#2415,.T.);
#2413 = VERTEX_POINT('',#2414);
#2414 = CARTESIAN_POINT('',(-21.38,-22.385,-6.61));
#2415 = LINE('',#2416,#2417);
#2416 = CARTESIAN_POINT('',(-25.38,-22.385,-6.61));
#2417 = VECTOR('',#2418,1.);
#2418 = DIRECTION('',(1.,0.,-0.));
#2419 = ORIENTED_EDGE('',*,*,#2420,.T.);
#2420 = EDGE_CURVE('',#2413,#1293,#2421,.T.);
#2421 = LINE('',#2422,#2423);
#2422 = CARTESIAN_POINT('',(-21.38,-22.385,-6.61));
#2423 = VECTOR('',#2424,1.);
#2424 = DIRECTION('',(0.,0.,1.));
#2425 = ORIENTED_EDGE('',*,*,#1300,.T.);
#2426 = ORIENTED_EDGE('',*,*,#2427,.F.);
#2427 = EDGE_CURVE('',#1018,#1301,#2428,.T.);
#2428 = LINE('',#2429,#2430);
#2429 = CARTESIAN_POINT('',(-24.95,-22.385,-5.405));
#2430 = VECTOR('',#2431,1.);
#2431 = DIRECTION('',(0.,0.,1.));
#2432 = ORIENTED_EDGE('',*,*,#1025,.T.);
#2433 = ORIENTED_EDGE('',*,*,#2398,.F.);
#2434 = PLANE('',#2435);
#2435 = AXIS2_PLACEMENT_3D('',#2436,#2437,#2438);
#2436 = CARTESIAN_POINT('',(-23.3500348432,-22.385,-4.334965156794));
#2437 = DIRECTION('',(-0.,-1.,-0.));
#2438 = DIRECTION('',(0.,0.,-1.));
#2439 = ADVANCED_FACE('',(#2440),#2451,.T.);
#2440 = FACE_BOUND('',#2441,.T.);
#2441 = EDGE_LOOP('',(#2442,#2448,#2449,#2450));
#2442 = ORIENTED_EDGE('',*,*,#2443,.F.);
#2443 = EDGE_CURVE('',#1009,#1309,#2444,.T.);
#2444 = LINE('',#2445,#2446);
#2445 = CARTESIAN_POINT('',(-24.95,-24.45,-4.2));
#2446 = VECTOR('',#2447,1.);
#2447 = DIRECTION('',(0.,0.,1.));
#2448 = ORIENTED_EDGE('',*,*,#1017,.T.);
#2449 = ORIENTED_EDGE('',*,*,#2427,.T.);
#2450 = ORIENTED_EDGE('',*,*,#1308,.F.);
#2451 = PLANE('',#2452);
#2452 = AXIS2_PLACEMENT_3D('',#2453,#2454,#2455);
#2453 = CARTESIAN_POINT('',(-24.95,24.45,-4.2));
#2454 = DIRECTION('',(1.,0.,-0.));
#2455 = DIRECTION('',(0.,-1.,0.));
#2456 = ADVANCED_FACE('',(#2457),#2468,.F.);
#2457 = FACE_BOUND('',#2458,.T.);
#2458 = EDGE_LOOP('',(#2459,#2465,#2466,#2467));
#2459 = ORIENTED_EDGE('',*,*,#2460,.F.);
#2460 = EDGE_CURVE('',#1001,#1317,#2461,.T.);
#2461 = LINE('',#2462,#2463);
#2462 = CARTESIAN_POINT('',(-24.45,-24.95,-4.2));
#2463 = VECTOR('',#2464,1.);
#2464 = DIRECTION('',(0.,0.,1.));
#2465 = ORIENTED_EDGE('',*,*,#1008,.T.);
#2466 = ORIENTED_EDGE('',*,*,#2443,.T.);
#2467 = ORIENTED_EDGE('',*,*,#1316,.F.);
#2468 = CYLINDRICAL_SURFACE('',#2469,0.5);
#2469 = AXIS2_PLACEMENT_3D('',#2470,#2471,#2472);
#2470 = CARTESIAN_POINT('',(-24.45,-24.45,-4.2));
#2471 = DIRECTION('',(-0.,-0.,-1.));
#2472 = DIRECTION('',(-1.,0.,0.));
#2473 = ADVANCED_FACE('',(#2474),#2485,.T.);
#2474 = FACE_BOUND('',#2475,.T.);
#2475 = EDGE_LOOP('',(#2476,#2482,#2483,#2484));
#2476 = ORIENTED_EDGE('',*,*,#2477,.F.);
#2477 = EDGE_CURVE('',#992,#1188,#2478,.T.);
#2478 = LINE('',#2479,#2480);
#2479 = CARTESIAN_POINT('',(24.45,-24.95,-4.2));
#2480 = VECTOR('',#2481,1.);
#2481 = DIRECTION('',(0.,0.,1.));
#2482 = ORIENTED_EDGE('',*,*,#1000,.T.);
#2483 = ORIENTED_EDGE('',*,*,#2460,.T.);
#2484 = ORIENTED_EDGE('',*,*,#1325,.F.);
#2485 = PLANE('',#2486);
#2486 = AXIS2_PLACEMENT_3D('',#2487,#2488,#2489);
#2487 = CARTESIAN_POINT('',(-24.45,-24.95,-4.2));
#2488 = DIRECTION('',(0.,1.,0.));
#2489 = DIRECTION('',(1.,0.,0.));
#2490 = ADVANCED_FACE('',(#2491),#2497,.F.);
#2491 = FACE_BOUND('',#2492,.T.);
#2492 = EDGE_LOOP('',(#2493,#2494,#2495,#2496));
#2493 = ORIENTED_EDGE('',*,*,#1975,.F.);
#2494 = ORIENTED_EDGE('',*,*,#991,.T.);
#2495 = ORIENTED_EDGE('',*,*,#2477,.T.);
#2496 = ORIENTED_EDGE('',*,*,#1185,.F.);
#2497 = CYLINDRICAL_SURFACE('',#2498,0.5);
#2498 = AXIS2_PLACEMENT_3D('',#2499,#2500,#2501);
#2499 = CARTESIAN_POINT('',(24.45,-24.45,-4.2));
#2500 = DIRECTION('',(-0.,-0.,-1.));
#2501 = DIRECTION('',(0.,-1.,0.));
#2502 = ADVANCED_FACE('',(#2503),#2521,.T.);
#2503 = FACE_BOUND('',#2504,.T.);
#2504 = EDGE_LOOP('',(#2505,#2513,#2519,#2520));
#2505 = ORIENTED_EDGE('',*,*,#2506,.F.);
#2506 = EDGE_CURVE('',#2507,#1229,#2509,.T.);
#2507 = VERTEX_POINT('',#2508);
#2508 = CARTESIAN_POINT('',(-21.38,-4.615,-6.61));
#2509 = LINE('',#2510,#2511);
#2510 = CARTESIAN_POINT('',(-21.38,-4.615,-6.61));
#2511 = VECTOR('',#2512,1.);
#2512 = DIRECTION('',(0.,0.,1.));
#2513 = ORIENTED_EDGE('',*,*,#2514,.T.);
#2514 = EDGE_CURVE('',#2507,#2262,#2515,.T.);
#2515 = LINE('',#2516,#2517);
#2516 = CARTESIAN_POINT('',(-21.38,-4.615,-6.61));
#2517 = VECTOR('',#2518,1.);
#2518 = DIRECTION('',(-0.,1.,0.));
#2519 = ORIENTED_EDGE('',*,*,#2261,.T.);
#2520 = ORIENTED_EDGE('',*,*,#1228,.F.);
#2521 = PLANE('',#2522);
#2522 = AXIS2_PLACEMENT_3D('',#2523,#2524,#2525);
#2523 = CARTESIAN_POINT('',(-21.38,-4.615,-6.61));
#2524 = DIRECTION('',(1.,0.,-0.));
#2525 = DIRECTION('',(0.,0.,1.));
#2526 = ADVANCED_FACE('',(#2527),#2545,.T.);
#2527 = FACE_BOUND('',#2528,.T.);
#2528 = EDGE_LOOP('',(#2529,#2530,#2538,#2544));
#2529 = ORIENTED_EDGE('',*,*,#2420,.F.);
#2530 = ORIENTED_EDGE('',*,*,#2531,.T.);
#2531 = EDGE_CURVE('',#2413,#2532,#2534,.T.);
#2532 = VERTEX_POINT('',#2533);
#2533 = CARTESIAN_POINT('',(-21.38,-21.385,-6.61));
#2534 = LINE('',#2535,#2536);
#2535 = CARTESIAN_POINT('',(-21.38,-22.385,-6.61));
#2536 = VECTOR('',#2537,1.);
#2537 = DIRECTION('',(-0.,1.,0.));
#2538 = ORIENTED_EDGE('',*,*,#2539,.T.);
#2539 = EDGE_CURVE('',#2532,#1285,#2540,.T.);
#2540 = LINE('',#2541,#2542);
#2541 = CARTESIAN_POINT('',(-21.38,-21.385,-6.61));
#2542 = VECTOR('',#2543,1.);
#2543 = DIRECTION('',(0.,0.,1.));
#2544 = ORIENTED_EDGE('',*,*,#1292,.F.);
#2545 = PLANE('',#2546);
#2546 = AXIS2_PLACEMENT_3D('',#2547,#2548,#2549);
#2547 = CARTESIAN_POINT('',(-21.38,-22.385,-6.61));
#2548 = DIRECTION('',(1.,0.,-0.));
#2549 = DIRECTION('',(0.,0.,1.));
#2550 = ADVANCED_FACE('',(#2551),#2569,.F.);
#2551 = FACE_BOUND('',#2552,.F.);
#2552 = EDGE_LOOP('',(#2553,#2561,#2567,#2568));
#2553 = ORIENTED_EDGE('',*,*,#2554,.F.);
#2554 = EDGE_CURVE('',#2555,#2507,#2557,.T.);
#2555 = VERTEX_POINT('',#2556);
#2556 = CARTESIAN_POINT('',(-24.38,-4.615,-6.61));
#2557 = LINE('',#2558,#2559);
#2558 = CARTESIAN_POINT('',(-25.38,-4.615,-6.61));
#2559 = VECTOR('',#2560,1.);
#2560 = DIRECTION('',(1.,0.,-0.));
#2561 = ORIENTED_EDGE('',*,*,#2562,.T.);
#2562 = EDGE_CURVE('',#2555,#1237,#2563,.T.);
#2563 = LINE('',#2564,#2565);
#2564 = CARTESIAN_POINT('',(-24.38,-4.615,-6.61));
#2565 = VECTOR('',#2566,1.);
#2566 = DIRECTION('',(0.,0.,1.));
#2567 = ORIENTED_EDGE('',*,*,#1236,.F.);
#2568 = ORIENTED_EDGE('',*,*,#2506,.F.);
#2569 = PLANE('',#2570);
#2570 = AXIS2_PLACEMENT_3D('',#2571,#2572,#2573);
#2571 = CARTESIAN_POINT('',(-25.38,-4.615,-6.61));
#2572 = DIRECTION('',(-0.,1.,0.));
#2573 = DIRECTION('',(0.,0.,1.));
#2574 = ADVANCED_FACE('',(#2575),#2593,.T.);
#2575 = FACE_BOUND('',#2576,.T.);
#2576 = EDGE_LOOP('',(#2577,#2585,#2591,#2592));
#2577 = ORIENTED_EDGE('',*,*,#2578,.F.);
#2578 = EDGE_CURVE('',#2579,#2532,#2581,.T.);
#2579 = VERTEX_POINT('',#2580);
#2580 = CARTESIAN_POINT('',(-24.38,-21.385,-6.61));
#2581 = LINE('',#2582,#2583);
#2582 = CARTESIAN_POINT('',(-25.38,-21.385,-6.61));
#2583 = VECTOR('',#2584,1.);
#2584 = DIRECTION('',(1.,0.,-0.));
#2585 = ORIENTED_EDGE('',*,*,#2586,.T.);
#2586 = EDGE_CURVE('',#2579,#1277,#2587,.T.);
#2587 = LINE('',#2588,#2589);
#2588 = CARTESIAN_POINT('',(-24.38,-21.385,-6.61));
#2589 = VECTOR('',#2590,1.);
#2590 = DIRECTION('',(0.,0.,1.));
#2591 = ORIENTED_EDGE('',*,*,#1284,.F.);
#2592 = ORIENTED_EDGE('',*,*,#2539,.F.);
#2593 = PLANE('',#2594);
#2594 = AXIS2_PLACEMENT_3D('',#2595,#2596,#2597);
#2595 = CARTESIAN_POINT('',(-25.38,-21.385,-6.61));
#2596 = DIRECTION('',(-0.,1.,0.));
#2597 = DIRECTION('',(0.,0.,1.));
#2598 = ADVANCED_FACE('',(#2599),#2610,.T.);
#2599 = FACE_BOUND('',#2600,.T.);
#2600 = EDGE_LOOP('',(#2601,#2602,#2608,#2609));
#2601 = ORIENTED_EDGE('',*,*,#2307,.F.);
#2602 = ORIENTED_EDGE('',*,*,#2603,.T.);
#2603 = EDGE_CURVE('',#2308,#2555,#2604,.T.);
#2604 = LINE('',#2605,#2606);
#2605 = CARTESIAN_POINT('',(-24.38,-7.615,-6.61));
#2606 = VECTOR('',#2607,1.);
#2607 = DIRECTION('',(-0.,1.,0.));
#2608 = ORIENTED_EDGE('',*,*,#2562,.T.);
#2609 = ORIENTED_EDGE('',*,*,#1244,.F.);
#2610 = PLANE('',#2611);
#2611 = AXIS2_PLACEMENT_3D('',#2612,#2613,#2614);
#2612 = CARTESIAN_POINT('',(-24.38,-7.615,-6.61));
#2613 = DIRECTION('',(1.,0.,-0.));
#2614 = DIRECTION('',(0.,0.,1.));
#2615 = ADVANCED_FACE('',(#2616),#2627,.T.);
#2616 = FACE_BOUND('',#2617,.T.);
#2617 = EDGE_LOOP('',(#2618,#2619,#2625,#2626));
#2618 = ORIENTED_EDGE('',*,*,#2586,.F.);
#2619 = ORIENTED_EDGE('',*,*,#2620,.T.);
#2620 = EDGE_CURVE('',#2579,#2356,#2621,.T.);
#2621 = LINE('',#2622,#2623);
#2622 = CARTESIAN_POINT('',(-24.38,-22.385,-6.61));
#2623 = VECTOR('',#2624,1.);
#2624 = DIRECTION('',(-0.,1.,0.));
#2625 = ORIENTED_EDGE('',*,*,#2355,.T.);
#2626 = ORIENTED_EDGE('',*,*,#1276,.F.);
#2627 = PLANE('',#2628);
#2628 = AXIS2_PLACEMENT_3D('',#2629,#2630,#2631);
#2629 = CARTESIAN_POINT('',(-24.38,-22.385,-6.61));
#2630 = DIRECTION('',(1.,0.,-0.));
#2631 = DIRECTION('',(0.,0.,1.));
#2632 = ADVANCED_FACE('',(#2633),#2658,.F.);
#2633 = FACE_BOUND('',#2634,.F.);
#2634 = EDGE_LOOP('',(#2635,#2643,#2651,#2657));
#2635 = ORIENTED_EDGE('',*,*,#2636,.F.);
#2636 = EDGE_CURVE('',#2637,#1334,#2639,.T.);
#2637 = VERTEX_POINT('',#2638);
#2638 = CARTESIAN_POINT('',(-22.58,-21.185,-4.6));
#2639 = LINE('',#2640,#2641);
#2640 = CARTESIAN_POINT('',(-22.58,-21.185,-4.6));
#2641 = VECTOR('',#2642,1.);
#2642 = DIRECTION('',(0.,0.,1.));
#2643 = ORIENTED_EDGE('',*,*,#2644,.F.);
#2644 = EDGE_CURVE('',#2645,#2637,#2647,.T.);
#2645 = VERTEX_POINT('',#2646);
#2646 = CARTESIAN_POINT('',(-24.18,-21.185,-4.6));
#2647 = LINE('',#2648,#2649);
#2648 = CARTESIAN_POINT('',(-24.18,-21.185,-4.6));
#2649 = VECTOR('',#2650,1.);
#2650 = DIRECTION('',(1.,0.,-0.));
#2651 = ORIENTED_EDGE('',*,*,#2652,.T.);
#2652 = EDGE_CURVE('',#2645,#1336,#2653,.T.);
#2653 = LINE('',#2654,#2655);
#2654 = CARTESIAN_POINT('',(-24.18,-21.185,-4.6));
#2655 = VECTOR('',#2656,1.);
#2656 = DIRECTION('',(0.,0.,1.));
#2657 = ORIENTED_EDGE('',*,*,#1333,.F.);
#2658 = PLANE('',#2659);
#2659 = AXIS2_PLACEMENT_3D('',#2660,#2661,#2662);
#2660 = CARTESIAN_POINT('',(-24.18,-21.185,-4.6));
#2661 = DIRECTION('',(-0.,1.,0.));
#2662 = DIRECTION('',(0.,0.,1.));
#2663 = ADVANCED_FACE('',(#2664),#2682,.T.);
#2664 = FACE_BOUND('',#2665,.T.);
#2665 = EDGE_LOOP('',(#2666,#2667,#2675,#2681));
#2666 = ORIENTED_EDGE('',*,*,#2636,.F.);
#2667 = ORIENTED_EDGE('',*,*,#2668,.T.);
#2668 = EDGE_CURVE('',#2637,#2669,#2671,.T.);
#2669 = VERTEX_POINT('',#2670);
#2670 = CARTESIAN_POINT('',(-22.58,-19.585,-4.6));
#2671 = LINE('',#2672,#2673);
#2672 = CARTESIAN_POINT('',(-22.58,-21.185,-4.6));
#2673 = VECTOR('',#2674,1.);
#2674 = DIRECTION('',(-0.,1.,0.));
#2675 = ORIENTED_EDGE('',*,*,#2676,.T.);
#2676 = EDGE_CURVE('',#2669,#1352,#2677,.T.);
#2677 = LINE('',#2678,#2679);
#2678 = CARTESIAN_POINT('',(-22.58,-19.585,-4.6));
#2679 = VECTOR('',#2680,1.);
#2680 = DIRECTION('',(0.,0.,1.));
#2681 = ORIENTED_EDGE('',*,*,#1359,.F.);
#2682 = PLANE('',#2683);
#2683 = AXIS2_PLACEMENT_3D('',#2684,#2685,#2686);
#2684 = CARTESIAN_POINT('',(-22.58,-21.185,-4.6));
#2685 = DIRECTION('',(1.,0.,-0.));
#2686 = DIRECTION('',(0.,0.,1.));
#2687 = ADVANCED_FACE('',(#2688),#2706,.F.);
#2688 = FACE_BOUND('',#2689,.F.);
#2689 = EDGE_LOOP('',(#2690,#2691,#2699,#2705));
#2690 = ORIENTED_EDGE('',*,*,#2652,.F.);
#2691 = ORIENTED_EDGE('',*,*,#2692,.T.);
#2692 = EDGE_CURVE('',#2645,#2693,#2695,.T.);
#2693 = VERTEX_POINT('',#2694);
#2694 = CARTESIAN_POINT('',(-24.18,-19.585,-4.6));
#2695 = LINE('',#2696,#2697);
#2696 = CARTESIAN_POINT('',(-24.18,-21.185,-4.6));
#2697 = VECTOR('',#2698,1.);
#2698 = DIRECTION('',(-0.,1.,0.));
#2699 = ORIENTED_EDGE('',*,*,#2700,.T.);
#2700 = EDGE_CURVE('',#2693,#1344,#2701,.T.);
#2701 = LINE('',#2702,#2703);
#2702 = CARTESIAN_POINT('',(-24.18,-19.585,-4.6));
#2703 = VECTOR('',#2704,1.);
#2704 = DIRECTION('',(0.,0.,1.));
#2705 = ORIENTED_EDGE('',*,*,#1343,.F.);
#2706 = PLANE('',#2707);
#2707 = AXIS2_PLACEMENT_3D('',#2708,#2709,#2710);
#2708 = CARTESIAN_POINT('',(-24.18,-21.185,-4.6));
#2709 = DIRECTION('',(1.,0.,-0.));
#2710 = DIRECTION('',(0.,0.,1.));
#2711 = ADVANCED_FACE('',(#2712),#2723,.T.);
#2712 = FACE_BOUND('',#2713,.T.);
#2713 = EDGE_LOOP('',(#2714,#2715,#2721,#2722));
#2714 = ORIENTED_EDGE('',*,*,#2676,.F.);
#2715 = ORIENTED_EDGE('',*,*,#2716,.F.);
#2716 = EDGE_CURVE('',#2693,#2669,#2717,.T.);
#2717 = LINE('',#2718,#2719);
#2718 = CARTESIAN_POINT('',(-24.18,-19.585,-4.6));
#2719 = VECTOR('',#2720,1.);
#2720 = DIRECTION('',(1.,0.,-0.));
#2721 = ORIENTED_EDGE('',*,*,#2700,.T.);
#2722 = ORIENTED_EDGE('',*,*,#1351,.F.);
#2723 = PLANE('',#2724);
#2724 = AXIS2_PLACEMENT_3D('',#2725,#2726,#2727);
#2725 = CARTESIAN_POINT('',(-24.18,-19.585,-4.6));
#2726 = DIRECTION('',(-0.,1.,0.));
#2727 = DIRECTION('',(0.,0.,1.));
#2728 = ADVANCED_FACE('',(#2729),#2754,.F.);
#2729 = FACE_BOUND('',#2730,.F.);
#2730 = EDGE_LOOP('',(#2731,#2739,#2747,#2753));
#2731 = ORIENTED_EDGE('',*,*,#2732,.F.);
#2732 = EDGE_CURVE('',#2733,#1368,#2735,.T.);
#2733 = VERTEX_POINT('',#2734);
#2734 = CARTESIAN_POINT('',(-7.82,-21.185,-4.6));
#2735 = LINE('',#2736,#2737);
#2736 = CARTESIAN_POINT('',(-7.82,-21.185,-4.6));
#2737 = VECTOR('',#2738,1.);
#2738 = DIRECTION('',(0.,0.,1.));
#2739 = ORIENTED_EDGE('',*,*,#2740,.F.);
#2740 = EDGE_CURVE('',#2741,#2733,#2743,.T.);
#2741 = VERTEX_POINT('',#2742);
#2742 = CARTESIAN_POINT('',(-9.42,-21.185,-4.6));
#2743 = LINE('',#2744,#2745);
#2744 = CARTESIAN_POINT('',(-9.42,-21.185,-4.6));
#2745 = VECTOR('',#2746,1.);
#2746 = DIRECTION('',(1.,0.,-0.));
#2747 = ORIENTED_EDGE('',*,*,#2748,.T.);
#2748 = EDGE_CURVE('',#2741,#1370,#2749,.T.);
#2749 = LINE('',#2750,#2751);
#2750 = CARTESIAN_POINT('',(-9.42,-21.185,-4.6));
#2751 = VECTOR('',#2752,1.);
#2752 = DIRECTION('',(0.,0.,1.));
#2753 = ORIENTED_EDGE('',*,*,#1367,.F.);
#2754 = PLANE('',#2755);
#2755 = AXIS2_PLACEMENT_3D('',#2756,#2757,#2758);
#2756 = CARTESIAN_POINT('',(-9.42,-21.185,-4.6));
#2757 = DIRECTION('',(-0.,1.,0.));
#2758 = DIRECTION('',(0.,0.,1.));
#2759 = ADVANCED_FACE('',(#2760),#2778,.T.);
#2760 = FACE_BOUND('',#2761,.T.);
#2761 = EDGE_LOOP('',(#2762,#2763,#2771,#2777));
#2762 = ORIENTED_EDGE('',*,*,#2732,.F.);
#2763 = ORIENTED_EDGE('',*,*,#2764,.T.);
#2764 = EDGE_CURVE('',#2733,#2765,#2767,.T.);
#2765 = VERTEX_POINT('',#2766);
#2766 = CARTESIAN_POINT('',(-7.82,-19.585,-4.6));
#2767 = LINE('',#2768,#2769);
#2768 = CARTESIAN_POINT('',(-7.82,-21.185,-4.6));
#2769 = VECTOR('',#2770,1.);
#2770 = DIRECTION('',(-0.,1.,0.));
#2771 = ORIENTED_EDGE('',*,*,#2772,.T.);
#2772 = EDGE_CURVE('',#2765,#1386,#2773,.T.);
#2773 = LINE('',#2774,#2775);
#2774 = CARTESIAN_POINT('',(-7.82,-19.585,-4.6));
#2775 = VECTOR('',#2776,1.);
#2776 = DIRECTION('',(0.,0.,1.));
#2777 = ORIENTED_EDGE('',*,*,#1393,.F.);
#2778 = PLANE('',#2779);
#2779 = AXIS2_PLACEMENT_3D('',#2780,#2781,#2782);
#2780 = CARTESIAN_POINT('',(-7.82,-21.185,-4.6));
#2781 = DIRECTION('',(1.,0.,-0.));
#2782 = DIRECTION('',(0.,0.,1.));
#2783 = ADVANCED_FACE('',(#2784),#2802,.F.);
#2784 = FACE_BOUND('',#2785,.F.);
#2785 = EDGE_LOOP('',(#2786,#2787,#2795,#2801));
#2786 = ORIENTED_EDGE('',*,*,#2748,.F.);
#2787 = ORIENTED_EDGE('',*,*,#2788,.T.);
#2788 = EDGE_CURVE('',#2741,#2789,#2791,.T.);
#2789 = VERTEX_POINT('',#2790);
#2790 = CARTESIAN_POINT('',(-9.42,-19.585,-4.6));
#2791 = LINE('',#2792,#2793);
#2792 = CARTESIAN_POINT('',(-9.42,-21.185,-4.6));
#2793 = VECTOR('',#2794,1.);
#2794 = DIRECTION('',(-0.,1.,0.));
#2795 = ORIENTED_EDGE('',*,*,#2796,.T.);
#2796 = EDGE_CURVE('',#2789,#1378,#2797,.T.);
#2797 = LINE('',#2798,#2799);
#2798 = CARTESIAN_POINT('',(-9.42,-19.585,-4.6));
#2799 = VECTOR('',#2800,1.);
#2800 = DIRECTION('',(0.,0.,1.));
#2801 = ORIENTED_EDGE('',*,*,#1377,.F.);
#2802 = PLANE('',#2803);
#2803 = AXIS2_PLACEMENT_3D('',#2804,#2805,#2806);
#2804 = CARTESIAN_POINT('',(-9.42,-21.185,-4.6));
#2805 = DIRECTION('',(1.,0.,-0.));
#2806 = DIRECTION('',(0.,0.,1.));
#2807 = ADVANCED_FACE('',(#2808),#2819,.T.);
#2808 = FACE_BOUND('',#2809,.T.);
#2809 = EDGE_LOOP('',(#2810,#2811,#2817,#2818));
#2810 = ORIENTED_EDGE('',*,*,#2772,.F.);
#2811 = ORIENTED_EDGE('',*,*,#2812,.F.);
#2812 = EDGE_CURVE('',#2789,#2765,#2813,.T.);
#2813 = LINE('',#2814,#2815);
#2814 = CARTESIAN_POINT('',(-9.42,-19.585,-4.6));
#2815 = VECTOR('',#2816,1.);
#2816 = DIRECTION('',(1.,0.,-0.));
#2817 = ORIENTED_EDGE('',*,*,#2796,.T.);
#2818 = ORIENTED_EDGE('',*,*,#1385,.F.);
#2819 = PLANE('',#2820);
#2820 = AXIS2_PLACEMENT_3D('',#2821,#2822,#2823);
#2821 = CARTESIAN_POINT('',(-9.42,-19.585,-4.6));
#2822 = DIRECTION('',(-0.,1.,0.));
#2823 = DIRECTION('',(0.,0.,1.));
#2824 = ADVANCED_FACE('',(#2825),#2850,.F.);
#2825 = FACE_BOUND('',#2826,.F.);
#2826 = EDGE_LOOP('',(#2827,#2835,#2843,#2849));
#2827 = ORIENTED_EDGE('',*,*,#2828,.F.);
#2828 = EDGE_CURVE('',#2829,#1402,#2831,.T.);
#2829 = VERTEX_POINT('',#2830);
#2830 = CARTESIAN_POINT('',(-7.2,-22.47,-5.47));
#2831 = LINE('',#2832,#2833);
#2832 = CARTESIAN_POINT('',(-7.2,-22.47,-5.47));
#2833 = VECTOR('',#2834,1.);
#2834 = DIRECTION('',(0.,0.,1.));
#2835 = ORIENTED_EDGE('',*,*,#2836,.T.);
#2836 = EDGE_CURVE('',#2829,#2837,#2839,.T.);
#2837 = VERTEX_POINT('',#2838);
#2838 = CARTESIAN_POINT('',(-7.2,-22.385,-5.47));
#2839 = LINE('',#2840,#2841);
#2840 = CARTESIAN_POINT('',(-7.2,-22.47,-5.47));
#2841 = VECTOR('',#2842,1.);
#2842 = DIRECTION('',(-0.,1.,0.));
#2843 = ORIENTED_EDGE('',*,*,#2844,.F.);
#2844 = EDGE_CURVE('',#1404,#2837,#2845,.T.);
#2845 = LINE('',#2846,#2847);
#2846 = CARTESIAN_POINT('',(-7.2,-22.385,-6.04));
#2847 = VECTOR('',#2848,1.);
#2848 = DIRECTION('',(-0.,0.,-1.));
#2849 = ORIENTED_EDGE('',*,*,#1401,.F.);
#2850 = PLANE('',#2851);
#2851 = AXIS2_PLACEMENT_3D('',#2852,#2853,#2854);
#2852 = CARTESIAN_POINT('',(-7.2,-22.47,-5.47));
#2853 = DIRECTION('',(1.,0.,-0.));
#2854 = DIRECTION('',(0.,0.,1.));
#2855 = ADVANCED_FACE('',(#2856),#2874,.T.);
#2856 = FACE_BOUND('',#2857,.T.);
#2857 = EDGE_LOOP('',(#2858,#2866,#2872,#2873));
#2858 = ORIENTED_EDGE('',*,*,#2859,.T.);
#2859 = EDGE_CURVE('',#2829,#2860,#2862,.T.);
#2860 = VERTEX_POINT('',#2861);
#2861 = CARTESIAN_POINT('',(-3.2,-22.47,-5.47));
#2862 = LINE('',#2863,#2864);
#2863 = CARTESIAN_POINT('',(-7.2,-22.47,-5.47));
#2864 = VECTOR('',#2865,1.);
#2865 = DIRECTION('',(1.,0.,-0.));
#2866 = ORIENTED_EDGE('',*,*,#2867,.T.);
#2867 = EDGE_CURVE('',#2860,#1484,#2868,.T.);
#2868 = LINE('',#2869,#2870);
#2869 = CARTESIAN_POINT('',(-3.2,-22.47,-5.47));
#2870 = VECTOR('',#2871,1.);
#2871 = DIRECTION('',(0.,0.,1.));
#2872 = ORIENTED_EDGE('',*,*,#1491,.T.);
#2873 = ORIENTED_EDGE('',*,*,#2828,.F.);
#2874 = PLANE('',#2875);
#2875 = AXIS2_PLACEMENT_3D('',#2876,#2877,#2878);
#2876 = CARTESIAN_POINT('',(-5.2,-22.47,-3.735));
#2877 = DIRECTION('',(-0.,-1.,-0.));
#2878 = DIRECTION('',(0.,0.,-1.));
#2879 = ADVANCED_FACE('',(#2880),#2914,.T.);
#2880 = FACE_BOUND('',#2881,.T.);
#2881 = EDGE_LOOP('',(#2882,#2892,#2898,#2899,#2900,#2908));
#2882 = ORIENTED_EDGE('',*,*,#2883,.T.);
#2883 = EDGE_CURVE('',#2884,#2886,#2888,.T.);
#2884 = VERTEX_POINT('',#2885);
#2885 = CARTESIAN_POINT('',(-6.62,-22.385,-6.61));
#2886 = VERTEX_POINT('',#2887);
#2887 = CARTESIAN_POINT('',(-6.62,-22.385,-5.47));
#2888 = LINE('',#2889,#2890);
#2889 = CARTESIAN_POINT('',(-6.62,-22.385,-6.61));
#2890 = VECTOR('',#2891,1.);
#2891 = DIRECTION('',(0.,0.,1.));
#2892 = ORIENTED_EDGE('',*,*,#2893,.F.);
#2893 = EDGE_CURVE('',#2837,#2886,#2894,.T.);
#2894 = LINE('',#2895,#2896);
#2895 = CARTESIAN_POINT('',(-8.91,-22.385,-5.47));
#2896 = VECTOR('',#2897,1.);
#2897 = DIRECTION('',(1.,0.,-0.));
#2898 = ORIENTED_EDGE('',*,*,#2844,.F.);
#2899 = ORIENTED_EDGE('',*,*,#1411,.T.);
#2900 = ORIENTED_EDGE('',*,*,#2901,.F.);
#2901 = EDGE_CURVE('',#2902,#1412,#2904,.T.);
#2902 = VERTEX_POINT('',#2903);
#2903 = CARTESIAN_POINT('',(-10.62,-22.385,-6.61));
#2904 = LINE('',#2905,#2906);
#2905 = CARTESIAN_POINT('',(-10.62,-22.385,-6.61));
#2906 = VECTOR('',#2907,1.);
#2907 = DIRECTION('',(0.,0.,1.));
#2908 = ORIENTED_EDGE('',*,*,#2909,.T.);
#2909 = EDGE_CURVE('',#2902,#2884,#2910,.T.);
#2910 = LINE('',#2911,#2912);
#2911 = CARTESIAN_POINT('',(-10.62,-22.385,-6.61));
#2912 = VECTOR('',#2913,1.);
#2913 = DIRECTION('',(1.,0.,-0.));
#2914 = PLANE('',#2915);
#2915 = AXIS2_PLACEMENT_3D('',#2916,#2917,#2918);
#2916 = CARTESIAN_POINT('',(-8.7368757259,-22.385,-4.4218757259));
#2917 = DIRECTION('',(-0.,-1.,-0.));
#2918 = DIRECTION('',(0.,0.,-1.));
#2919 = ADVANCED_FACE('',(#2920),#2938,.T.);
#2920 = FACE_BOUND('',#2921,.T.);
#2921 = EDGE_LOOP('',(#2922,#2923,#2931,#2937));
#2922 = ORIENTED_EDGE('',*,*,#2867,.F.);
#2923 = ORIENTED_EDGE('',*,*,#2924,.T.);
#2924 = EDGE_CURVE('',#2860,#2925,#2927,.T.);
#2925 = VERTEX_POINT('',#2926);
#2926 = CARTESIAN_POINT('',(-3.2,-21.47,-5.47));
#2927 = LINE('',#2928,#2929);
#2928 = CARTESIAN_POINT('',(-3.2,-22.47,-5.47));
#2929 = VECTOR('',#2930,1.);
#2930 = DIRECTION('',(-0.,1.,0.));
#2931 = ORIENTED_EDGE('',*,*,#2932,.T.);
#2932 = EDGE_CURVE('',#2925,#1476,#2933,.T.);
#2933 = LINE('',#2934,#2935);
#2934 = CARTESIAN_POINT('',(-3.2,-21.47,-5.47));
#2935 = VECTOR('',#2936,1.);
#2936 = DIRECTION('',(0.,0.,1.));
#2937 = ORIENTED_EDGE('',*,*,#1483,.F.);
#2938 = PLANE('',#2939);
#2939 = AXIS2_PLACEMENT_3D('',#2940,#2941,#2942);
#2940 = CARTESIAN_POINT('',(-3.2,-22.47,-5.47));
#2941 = DIRECTION('',(1.,0.,-0.));
#2942 = DIRECTION('',(0.,0.,1.));
#2943 = ADVANCED_FACE('',(#2944),#2962,.F.);
#2944 = FACE_BOUND('',#2945,.F.);
#2945 = EDGE_LOOP('',(#2946,#2947,#2955,#2961));
#2946 = ORIENTED_EDGE('',*,*,#2901,.F.);
#2947 = ORIENTED_EDGE('',*,*,#2948,.T.);
#2948 = EDGE_CURVE('',#2902,#2949,#2951,.T.);
#2949 = VERTEX_POINT('',#2950);
#2950 = CARTESIAN_POINT('',(-10.62,-21.385,-6.61));
#2951 = LINE('',#2952,#2953);
#2952 = CARTESIAN_POINT('',(-10.62,-22.385,-6.61));
#2953 = VECTOR('',#2954,1.);
#2954 = DIRECTION('',(-0.,1.,0.));
#2955 = ORIENTED_EDGE('',*,*,#2956,.T.);
#2956 = EDGE_CURVE('',#2949,#1420,#2957,.T.);
#2957 = LINE('',#2958,#2959);
#2958 = CARTESIAN_POINT('',(-10.62,-21.385,-6.61));
#2959 = VECTOR('',#2960,1.);
#2960 = DIRECTION('',(0.,0.,1.));
#2961 = ORIENTED_EDGE('',*,*,#1419,.F.);
#2962 = PLANE('',#2963);
#2963 = AXIS2_PLACEMENT_3D('',#2964,#2965,#2966);
#2964 = CARTESIAN_POINT('',(-10.62,-22.385,-6.61));
#2965 = DIRECTION('',(1.,0.,-0.));
#2966 = DIRECTION('',(0.,0.,1.));
#2967 = ADVANCED_FACE('',(#2968),#2986,.T.);
#2968 = FACE_BOUND('',#2969,.T.);
#2969 = EDGE_LOOP('',(#2970,#2978,#2984,#2985));
#2970 = ORIENTED_EDGE('',*,*,#2971,.F.);
#2971 = EDGE_CURVE('',#2972,#2925,#2974,.T.);
#2972 = VERTEX_POINT('',#2973);
#2973 = CARTESIAN_POINT('',(-6.2,-21.47,-5.47));
#2974 = LINE('',#2975,#2976);
#2975 = CARTESIAN_POINT('',(-7.2,-21.47,-5.47));
#2976 = VECTOR('',#2977,1.);
#2977 = DIRECTION('',(1.,0.,-0.));
#2978 = ORIENTED_EDGE('',*,*,#2979,.T.);
#2979 = EDGE_CURVE('',#2972,#1468,#2980,.T.);
#2980 = LINE('',#2981,#2982);
#2981 = CARTESIAN_POINT('',(-6.2,-21.47,-5.47));
#2982 = VECTOR('',#2983,1.);
#2983 = DIRECTION('',(0.,0.,1.));
#2984 = ORIENTED_EDGE('',*,*,#1475,.F.);
#2985 = ORIENTED_EDGE('',*,*,#2932,.F.);
#2986 = PLANE('',#2987);
#2987 = AXIS2_PLACEMENT_3D('',#2988,#2989,#2990);
#2988 = CARTESIAN_POINT('',(-7.2,-21.47,-5.47));
#2989 = DIRECTION('',(-0.,1.,0.));
#2990 = DIRECTION('',(0.,0.,1.));
#2991 = ADVANCED_FACE('',(#2992),#3010,.T.);
#2992 = FACE_BOUND('',#2993,.T.);
#2993 = EDGE_LOOP('',(#2994,#3002,#3003,#3004));
#2994 = ORIENTED_EDGE('',*,*,#2995,.F.);
#2995 = EDGE_CURVE('',#2949,#2996,#2998,.T.);
#2996 = VERTEX_POINT('',#2997);
#2997 = CARTESIAN_POINT('',(-7.62,-21.385,-6.61));
#2998 = LINE('',#2999,#3000);
#2999 = CARTESIAN_POINT('',(-10.62,-21.385,-6.61));
#3000 = VECTOR('',#3001,1.);
#3001 = DIRECTION('',(1.,0.,-0.));
#3002 = ORIENTED_EDGE('',*,*,#2956,.T.);
#3003 = ORIENTED_EDGE('',*,*,#1427,.F.);
#3004 = ORIENTED_EDGE('',*,*,#3005,.F.);
#3005 = EDGE_CURVE('',#2996,#1428,#3006,.T.);
#3006 = LINE('',#3007,#3008);
#3007 = CARTESIAN_POINT('',(-7.62,-21.385,-6.61));
#3008 = VECTOR('',#3009,1.);
#3009 = DIRECTION('',(0.,0.,1.));
#3010 = PLANE('',#3011);
#3011 = AXIS2_PLACEMENT_3D('',#3012,#3013,#3014);
#3012 = CARTESIAN_POINT('',(-10.62,-21.385,-6.61));
#3013 = DIRECTION('',(-0.,1.,0.));
#3014 = DIRECTION('',(0.,0.,1.));
#3015 = ADVANCED_FACE('',(#3016),#3034,.T.);
#3016 = FACE_BOUND('',#3017,.T.);
#3017 = EDGE_LOOP('',(#3018,#3019,#3027,#3033));
#3018 = ORIENTED_EDGE('',*,*,#2979,.F.);
#3019 = ORIENTED_EDGE('',*,*,#3020,.T.);
#3020 = EDGE_CURVE('',#2972,#3021,#3023,.T.);
#3021 = VERTEX_POINT('',#3022);
#3022 = CARTESIAN_POINT('',(-6.2,-18.47,-5.47));
#3023 = LINE('',#3024,#3025);
#3024 = CARTESIAN_POINT('',(-6.2,-22.47,-5.47));
#3025 = VECTOR('',#3026,1.);
#3026 = DIRECTION('',(-0.,1.,0.));
#3027 = ORIENTED_EDGE('',*,*,#3028,.T.);
#3028 = EDGE_CURVE('',#3021,#1460,#3029,.T.);
#3029 = LINE('',#3030,#3031);
#3030 = CARTESIAN_POINT('',(-6.2,-18.47,-5.47));
#3031 = VECTOR('',#3032,1.);
#3032 = DIRECTION('',(0.,0.,1.));
#3033 = ORIENTED_EDGE('',*,*,#1467,.F.);
#3034 = PLANE('',#3035);
#3035 = AXIS2_PLACEMENT_3D('',#3036,#3037,#3038);
#3036 = CARTESIAN_POINT('',(-6.2,-22.47,-5.47));
#3037 = DIRECTION('',(1.,0.,-0.));
#3038 = DIRECTION('',(0.,0.,1.));
#3039 = ADVANCED_FACE('',(#3040),#3058,.F.);
#3040 = FACE_BOUND('',#3041,.F.);
#3041 = EDGE_LOOP('',(#3042,#3043,#3051,#3057));
#3042 = ORIENTED_EDGE('',*,*,#3005,.F.);
#3043 = ORIENTED_EDGE('',*,*,#3044,.T.);
#3044 = EDGE_CURVE('',#2996,#3045,#3047,.T.);
#3045 = VERTEX_POINT('',#3046);
#3046 = CARTESIAN_POINT('',(-7.62,-18.385,-6.61));
#3047 = LINE('',#3048,#3049);
#3048 = CARTESIAN_POINT('',(-7.62,-22.385,-6.61));
#3049 = VECTOR('',#3050,1.);
#3050 = DIRECTION('',(-0.,1.,0.));
#3051 = ORIENTED_EDGE('',*,*,#3052,.T.);
#3052 = EDGE_CURVE('',#3045,#1436,#3053,.T.);
#3053 = LINE('',#3054,#3055);
#3054 = CARTESIAN_POINT('',(-7.62,-18.385,-6.61));
#3055 = VECTOR('',#3056,1.);
#3056 = DIRECTION('',(0.,0.,1.));
#3057 = ORIENTED_EDGE('',*,*,#1435,.F.);
#3058 = PLANE('',#3059);
#3059 = AXIS2_PLACEMENT_3D('',#3060,#3061,#3062);
#3060 = CARTESIAN_POINT('',(-7.62,-22.385,-6.61));
#3061 = DIRECTION('',(1.,0.,-0.));
#3062 = DIRECTION('',(0.,0.,1.));
#3063 = ADVANCED_FACE('',(#3064),#3082,.T.);
#3064 = FACE_BOUND('',#3065,.T.);
#3065 = EDGE_LOOP('',(#3066,#3074,#3080,#3081));
#3066 = ORIENTED_EDGE('',*,*,#3067,.F.);
#3067 = EDGE_CURVE('',#3068,#3021,#3070,.T.);
#3068 = VERTEX_POINT('',#3069);
#3069 = CARTESIAN_POINT('',(-6.62,-18.47,-5.47));
#3070 = LINE('',#3071,#3072);
#3071 = CARTESIAN_POINT('',(-7.2,-18.47,-5.47));
#3072 = VECTOR('',#3073,1.);
#3073 = DIRECTION('',(1.,0.,-0.));
#3074 = ORIENTED_EDGE('',*,*,#3075,.T.);
#3075 = EDGE_CURVE('',#3068,#1452,#3076,.T.);
#3076 = LINE('',#3077,#3078);
#3077 = CARTESIAN_POINT('',(-6.62,-18.47,-6.04));
#3078 = VECTOR('',#3079,1.);
#3079 = DIRECTION('',(0.,0.,1.));
#3080 = ORIENTED_EDGE('',*,*,#1459,.F.);
#3081 = ORIENTED_EDGE('',*,*,#3028,.F.);
#3082 = PLANE('',#3083);
#3083 = AXIS2_PLACEMENT_3D('',#3084,#3085,#3086);
#3084 = CARTESIAN_POINT('',(-7.2,-18.47,-5.47));
#3085 = DIRECTION('',(-0.,1.,0.));
#3086 = DIRECTION('',(0.,0.,1.));
#3087 = ADVANCED_FACE('',(#3088),#3106,.T.);
#3088 = FACE_BOUND('',#3089,.T.);
#3089 = EDGE_LOOP('',(#3090,#3098,#3104,#3105));
#3090 = ORIENTED_EDGE('',*,*,#3091,.F.);
#3091 = EDGE_CURVE('',#3092,#1444,#3094,.T.);
#3092 = VERTEX_POINT('',#3093);
#3093 = CARTESIAN_POINT('',(-6.62,-18.385,-6.61));
#3094 = LINE('',#3095,#3096);
#3095 = CARTESIAN_POINT('',(-6.62,-18.385,-6.61));
#3096 = VECTOR('',#3097,1.);
#3097 = DIRECTION('',(0.,0.,1.));
#3098 = ORIENTED_EDGE('',*,*,#3099,.F.);
#3099 = EDGE_CURVE('',#3045,#3092,#3100,.T.);
#3100 = LINE('',#3101,#3102);
#3101 = CARTESIAN_POINT('',(-7.62,-18.385,-6.61));
#3102 = VECTOR('',#3103,1.);
#3103 = DIRECTION('',(1.,0.,-0.));
#3104 = ORIENTED_EDGE('',*,*,#3052,.T.);
#3105 = ORIENTED_EDGE('',*,*,#1443,.F.);
#3106 = PLANE('',#3107);
#3107 = AXIS2_PLACEMENT_3D('',#3108,#3109,#3110);
#3108 = CARTESIAN_POINT('',(-7.62,-18.385,-6.61));
#3109 = DIRECTION('',(-0.,1.,0.));
#3110 = DIRECTION('',(0.,0.,1.));
#3111 = ADVANCED_FACE('',(#3112),#3130,.T.);
#3112 = FACE_BOUND('',#3113,.T.);
#3113 = EDGE_LOOP('',(#3114,#3120,#3121,#3127,#3128,#3129));
#3114 = ORIENTED_EDGE('',*,*,#3115,.T.);
#3115 = EDGE_CURVE('',#3068,#2886,#3116,.T.);
#3116 = LINE('',#3117,#3118);
#3117 = CARTESIAN_POINT('',(-6.62,-22.4275,-5.47));
#3118 = VECTOR('',#3119,1.);
#3119 = DIRECTION('',(0.,-1.,0.));
#3120 = ORIENTED_EDGE('',*,*,#2883,.F.);
#3121 = ORIENTED_EDGE('',*,*,#3122,.T.);
#3122 = EDGE_CURVE('',#2884,#3092,#3123,.T.);
#3123 = LINE('',#3124,#3125);
#3124 = CARTESIAN_POINT('',(-6.62,-22.385,-6.61));
#3125 = VECTOR('',#3126,1.);
#3126 = DIRECTION('',(-0.,1.,0.));
#3127 = ORIENTED_EDGE('',*,*,#3091,.T.);
#3128 = ORIENTED_EDGE('',*,*,#1451,.F.);
#3129 = ORIENTED_EDGE('',*,*,#3075,.F.);
#3130 = PLANE('',#3131);
#3131 = AXIS2_PLACEMENT_3D('',#3132,#3133,#3134);
#3132 = CARTESIAN_POINT('',(-6.62,-19.59608885017,-5.093911149826));
#3133 = DIRECTION('',(1.,0.,0.));
#3134 = DIRECTION('',(-0.,0.,1.));
#3135 = ADVANCED_FACE('',(#3136),#3161,.F.);
#3136 = FACE_BOUND('',#3137,.F.);
#3137 = EDGE_LOOP('',(#3138,#3146,#3154,#3160));
#3138 = ORIENTED_EDGE('',*,*,#3139,.F.);
#3139 = EDGE_CURVE('',#3140,#1500,#3142,.T.);
#3140 = VERTEX_POINT('',#3141);
#3141 = CARTESIAN_POINT('',(-4.4,-21.27,-3.4));
#3142 = LINE('',#3143,#3144);
#3143 = CARTESIAN_POINT('',(-4.4,-21.27,-3.4));
#3144 = VECTOR('',#3145,1.);
#3145 = DIRECTION('',(0.,0.,1.));
#3146 = ORIENTED_EDGE('',*,*,#3147,.F.);
#3147 = EDGE_CURVE('',#3148,#3140,#3150,.T.);
#3148 = VERTEX_POINT('',#3149);
#3149 = CARTESIAN_POINT('',(-6.,-21.27,-3.4));
#3150 = LINE('',#3151,#3152);
#3151 = CARTESIAN_POINT('',(-6.,-21.27,-3.4));
#3152 = VECTOR('',#3153,1.);
#3153 = DIRECTION('',(1.,0.,-0.));
#3154 = ORIENTED_EDGE('',*,*,#3155,.T.);
#3155 = EDGE_CURVE('',#3148,#1502,#3156,.T.);
#3156 = LINE('',#3157,#3158);
#3157 = CARTESIAN_POINT('',(-6.,-21.27,-3.4));
#3158 = VECTOR('',#3159,1.);
#3159 = DIRECTION('',(0.,0.,1.));
#3160 = ORIENTED_EDGE('',*,*,#1499,.F.);
#3161 = PLANE('',#3162);
#3162 = AXIS2_PLACEMENT_3D('',#3163,#3164,#3165);
#3163 = CARTESIAN_POINT('',(-6.,-21.27,-3.4));
#3164 = DIRECTION('',(-0.,1.,0.));
#3165 = DIRECTION('',(0.,0.,1.));
#3166 = ADVANCED_FACE('',(#3167),#3185,.T.);
#3167 = FACE_BOUND('',#3168,.T.);
#3168 = EDGE_LOOP('',(#3169,#3170,#3178,#3184));
#3169 = ORIENTED_EDGE('',*,*,#3139,.F.);
#3170 = ORIENTED_EDGE('',*,*,#3171,.T.);
#3171 = EDGE_CURVE('',#3140,#3172,#3174,.T.);
#3172 = VERTEX_POINT('',#3173);
#3173 = CARTESIAN_POINT('',(-4.4,-19.67,-3.4));
#3174 = LINE('',#3175,#3176);
#3175 = CARTESIAN_POINT('',(-4.4,-21.27,-3.4));
#3176 = VECTOR('',#3177,1.);
#3177 = DIRECTION('',(-0.,1.,0.));
#3178 = ORIENTED_EDGE('',*,*,#3179,.T.);
#3179 = EDGE_CURVE('',#3172,#1518,#3180,.T.);
#3180 = LINE('',#3181,#3182);
#3181 = CARTESIAN_POINT('',(-4.4,-19.67,-3.4));
#3182 = VECTOR('',#3183,1.);
#3183 = DIRECTION('',(0.,0.,1.));
#3184 = ORIENTED_EDGE('',*,*,#1525,.F.);
#3185 = PLANE('',#3186);
#3186 = AXIS2_PLACEMENT_3D('',#3187,#3188,#3189);
#3187 = CARTESIAN_POINT('',(-4.4,-21.27,-3.4));
#3188 = DIRECTION('',(1.,0.,-0.));
#3189 = DIRECTION('',(0.,0.,1.));
#3190 = ADVANCED_FACE('',(#3191),#3209,.F.);
#3191 = FACE_BOUND('',#3192,.F.);
#3192 = EDGE_LOOP('',(#3193,#3194,#3202,#3208));
#3193 = ORIENTED_EDGE('',*,*,#3155,.F.);
#3194 = ORIENTED_EDGE('',*,*,#3195,.T.);
#3195 = EDGE_CURVE('',#3148,#3196,#3198,.T.);
#3196 = VERTEX_POINT('',#3197);
#3197 = CARTESIAN_POINT('',(-6.,-19.67,-3.4));
#3198 = LINE('',#3199,#3200);
#3199 = CARTESIAN_POINT('',(-6.,-21.27,-3.4));
#3200 = VECTOR('',#3201,1.);
#3201 = DIRECTION('',(-0.,1.,0.));
#3202 = ORIENTED_EDGE('',*,*,#3203,.T.);
#3203 = EDGE_CURVE('',#3196,#1510,#3204,.T.);
#3204 = LINE('',#3205,#3206);
#3205 = CARTESIAN_POINT('',(-6.,-19.67,-3.4));
#3206 = VECTOR('',#3207,1.);
#3207 = DIRECTION('',(0.,0.,1.));
#3208 = ORIENTED_EDGE('',*,*,#1509,.F.);
#3209 = PLANE('',#3210);
#3210 = AXIS2_PLACEMENT_3D('',#3211,#3212,#3213);
#3211 = CARTESIAN_POINT('',(-6.,-21.27,-3.4));
#3212 = DIRECTION('',(1.,0.,-0.));
#3213 = DIRECTION('',(0.,0.,1.));
#3214 = ADVANCED_FACE('',(#3215),#3226,.T.);
#3215 = FACE_BOUND('',#3216,.T.);
#3216 = EDGE_LOOP('',(#3217,#3218,#3224,#3225));
#3217 = ORIENTED_EDGE('',*,*,#3179,.F.);
#3218 = ORIENTED_EDGE('',*,*,#3219,.F.);
#3219 = EDGE_CURVE('',#3196,#3172,#3220,.T.);
#3220 = LINE('',#3221,#3222);
#3221 = CARTESIAN_POINT('',(-6.,-19.67,-3.4));
#3222 = VECTOR('',#3223,1.);
#3223 = DIRECTION('',(1.,0.,-0.));
#3224 = ORIENTED_EDGE('',*,*,#3203,.T.);
#3225 = ORIENTED_EDGE('',*,*,#1517,.F.);
#3226 = PLANE('',#3227);
#3227 = AXIS2_PLACEMENT_3D('',#3228,#3229,#3230);
#3228 = CARTESIAN_POINT('',(-6.,-19.67,-3.4));
#3229 = DIRECTION('',(-0.,1.,0.));
#3230 = DIRECTION('',(0.,0.,1.));
#3231 = ADVANCED_FACE('',(#3232),#3257,.T.);
#3232 = FACE_BOUND('',#3233,.T.);
#3233 = EDGE_LOOP('',(#3234,#3242,#3250,#3256));
#3234 = ORIENTED_EDGE('',*,*,#3235,.F.);
#3235 = EDGE_CURVE('',#3236,#1540,#3238,.T.);
#3236 = VERTEX_POINT('',#3237);
#3237 = CARTESIAN_POINT('',(5.7,-22.47,-5.47));
#3238 = LINE('',#3239,#3240);
#3239 = CARTESIAN_POINT('',(5.7,-22.47,-5.47));
#3240 = VECTOR('',#3241,1.);
#3241 = DIRECTION('',(0.,0.,1.));
#3242 = ORIENTED_EDGE('',*,*,#3243,.T.);
#3243 = EDGE_CURVE('',#3236,#3244,#3246,.T.);
#3244 = VERTEX_POINT('',#3245);
#3245 = CARTESIAN_POINT('',(5.7,-18.47,-5.47));
#3246 = LINE('',#3247,#3248);
#3247 = CARTESIAN_POINT('',(5.7,-22.47,-5.47));
#3248 = VECTOR('',#3249,1.);
#3249 = DIRECTION('',(-0.,1.,0.));
#3250 = ORIENTED_EDGE('',*,*,#3251,.T.);
#3251 = EDGE_CURVE('',#3244,#1542,#3252,.T.);
#3252 = LINE('',#3253,#3254);
#3253 = CARTESIAN_POINT('',(5.7,-18.47,-5.47));
#3254 = VECTOR('',#3255,1.);
#3255 = DIRECTION('',(0.,0.,1.));
#3256 = ORIENTED_EDGE('',*,*,#1539,.F.);
#3257 = PLANE('',#3258);
#3258 = AXIS2_PLACEMENT_3D('',#3259,#3260,#3261);
#3259 = CARTESIAN_POINT('',(5.7,-20.47,-3.735));
#3260 = DIRECTION('',(1.,0.,0.));
#3261 = DIRECTION('',(-0.,0.,1.));
#3262 = ADVANCED_FACE('',(#3263),#3281,.T.);
#3263 = FACE_BOUND('',#3264,.T.);
#3264 = EDGE_LOOP('',(#3265,#3266,#3267,#3275));
#3265 = ORIENTED_EDGE('',*,*,#3235,.T.);
#3266 = ORIENTED_EDGE('',*,*,#1549,.T.);
#3267 = ORIENTED_EDGE('',*,*,#3268,.F.);
#3268 = EDGE_CURVE('',#3269,#1550,#3271,.T.);
#3269 = VERTEX_POINT('',#3270);
#3270 = CARTESIAN_POINT('',(1.7,-22.47,-5.47));
#3271 = LINE('',#3272,#3273);
#3272 = CARTESIAN_POINT('',(1.7,-22.47,-5.47));
#3273 = VECTOR('',#3274,1.);
#3274 = DIRECTION('',(0.,0.,1.));
#3275 = ORIENTED_EDGE('',*,*,#3276,.T.);
#3276 = EDGE_CURVE('',#3269,#3236,#3277,.T.);
#3277 = LINE('',#3278,#3279);
#3278 = CARTESIAN_POINT('',(1.7,-22.47,-5.47));
#3279 = VECTOR('',#3280,1.);
#3280 = DIRECTION('',(1.,0.,-0.));
#3281 = PLANE('',#3282);
#3282 = AXIS2_PLACEMENT_3D('',#3283,#3284,#3285);
#3283 = CARTESIAN_POINT('',(3.7,-22.47,-3.735));
#3284 = DIRECTION('',(-0.,-1.,-0.));
#3285 = DIRECTION('',(0.,0.,-1.));
#3286 = ADVANCED_FACE('',(#3287),#3305,.T.);
#3287 = FACE_BOUND('',#3288,.T.);
#3288 = EDGE_LOOP('',(#3289,#3290,#3298,#3304));
#3289 = ORIENTED_EDGE('',*,*,#3251,.F.);
#3290 = ORIENTED_EDGE('',*,*,#3291,.F.);
#3291 = EDGE_CURVE('',#3292,#3244,#3294,.T.);
#3292 = VERTEX_POINT('',#3293);
#3293 = CARTESIAN_POINT('',(4.7,-18.47,-5.47));
#3294 = LINE('',#3295,#3296);
#3295 = CARTESIAN_POINT('',(4.7,-18.47,-5.47));
#3296 = VECTOR('',#3297,1.);
#3297 = DIRECTION('',(1.,0.,-0.));
#3298 = ORIENTED_EDGE('',*,*,#3299,.T.);
#3299 = EDGE_CURVE('',#3292,#1574,#3300,.T.);
#3300 = LINE('',#3301,#3302);
#3301 = CARTESIAN_POINT('',(4.7,-18.47,-5.47));
#3302 = VECTOR('',#3303,1.);
#3303 = DIRECTION('',(0.,0.,1.));
#3304 = ORIENTED_EDGE('',*,*,#1581,.F.);
#3305 = PLANE('',#3306);
#3306 = AXIS2_PLACEMENT_3D('',#3307,#3308,#3309);
#3307 = CARTESIAN_POINT('',(4.7,-18.47,-5.47));
#3308 = DIRECTION('',(-0.,1.,0.));
#3309 = DIRECTION('',(0.,0.,1.));
#3310 = ADVANCED_FACE('',(#3311),#3329,.F.);
#3311 = FACE_BOUND('',#3312,.F.);
#3312 = EDGE_LOOP('',(#3313,#3314,#3322,#3328));
#3313 = ORIENTED_EDGE('',*,*,#3268,.F.);
#3314 = ORIENTED_EDGE('',*,*,#3315,.T.);
#3315 = EDGE_CURVE('',#3269,#3316,#3318,.T.);
#3316 = VERTEX_POINT('',#3317);
#3317 = CARTESIAN_POINT('',(1.7,-21.47,-5.47));
#3318 = LINE('',#3319,#3320);
#3319 = CARTESIAN_POINT('',(1.7,-22.47,-5.47));
#3320 = VECTOR('',#3321,1.);
#3321 = DIRECTION('',(-0.,1.,0.));
#3322 = ORIENTED_EDGE('',*,*,#3323,.T.);
#3323 = EDGE_CURVE('',#3316,#1558,#3324,.T.);
#3324 = LINE('',#3325,#3326);
#3325 = CARTESIAN_POINT('',(1.7,-21.47,-5.47));
#3326 = VECTOR('',#3327,1.);
#3327 = DIRECTION('',(0.,0.,1.));
#3328 = ORIENTED_EDGE('',*,*,#1557,.F.);
#3329 = PLANE('',#3330);
#3330 = AXIS2_PLACEMENT_3D('',#3331,#3332,#3333);
#3331 = CARTESIAN_POINT('',(1.7,-22.47,-5.47));
#3332 = DIRECTION('',(1.,0.,-0.));
#3333 = DIRECTION('',(0.,0.,1.));
#3334 = ADVANCED_FACE('',(#3335),#3353,.F.);
#3335 = FACE_BOUND('',#3336,.F.);
#3336 = EDGE_LOOP('',(#3337,#3345,#3351,#3352));
#3337 = ORIENTED_EDGE('',*,*,#3338,.F.);
#3338 = EDGE_CURVE('',#3339,#1566,#3341,.T.);
#3339 = VERTEX_POINT('',#3340);
#3340 = CARTESIAN_POINT('',(4.7,-21.47,-5.47));
#3341 = LINE('',#3342,#3343);
#3342 = CARTESIAN_POINT('',(4.7,-21.47,-5.47));
#3343 = VECTOR('',#3344,1.);
#3344 = DIRECTION('',(0.,0.,1.));
#3345 = ORIENTED_EDGE('',*,*,#3346,.T.);
#3346 = EDGE_CURVE('',#3339,#3292,#3347,.T.);
#3347 = LINE('',#3348,#3349);
#3348 = CARTESIAN_POINT('',(4.7,-22.47,-5.47));
#3349 = VECTOR('',#3350,1.);
#3350 = DIRECTION('',(-0.,1.,0.));
#3351 = ORIENTED_EDGE('',*,*,#3299,.T.);
#3352 = ORIENTED_EDGE('',*,*,#1573,.F.);
#3353 = PLANE('',#3354);
#3354 = AXIS2_PLACEMENT_3D('',#3355,#3356,#3357);
#3355 = CARTESIAN_POINT('',(4.7,-22.47,-5.47));
#3356 = DIRECTION('',(1.,0.,-0.));
#3357 = DIRECTION('',(0.,0.,1.));
#3358 = ADVANCED_FACE('',(#3359),#3370,.T.);
#3359 = FACE_BOUND('',#3360,.T.);
#3360 = EDGE_LOOP('',(#3361,#3367,#3368,#3369));
#3361 = ORIENTED_EDGE('',*,*,#3362,.F.);
#3362 = EDGE_CURVE('',#3316,#3339,#3363,.T.);
#3363 = LINE('',#3364,#3365);
#3364 = CARTESIAN_POINT('',(1.7,-21.47,-5.47));
#3365 = VECTOR('',#3366,1.);
#3366 = DIRECTION('',(1.,0.,-0.));
#3367 = ORIENTED_EDGE('',*,*,#3323,.T.);
#3368 = ORIENTED_EDGE('',*,*,#1565,.F.);
#3369 = ORIENTED_EDGE('',*,*,#3338,.F.);
#3370 = PLANE('',#3371);
#3371 = AXIS2_PLACEMENT_3D('',#3372,#3373,#3374);
#3372 = CARTESIAN_POINT('',(1.7,-21.47,-5.47));
#3373 = DIRECTION('',(-0.,1.,0.));
#3374 = DIRECTION('',(0.,0.,1.));
#3375 = ADVANCED_FACE('',(#3376),#3401,.F.);
#3376 = FACE_BOUND('',#3377,.F.);
#3377 = EDGE_LOOP('',(#3378,#3386,#3394,#3400));
#3378 = ORIENTED_EDGE('',*,*,#3379,.F.);
#3379 = EDGE_CURVE('',#3380,#1590,#3382,.T.);
#3380 = VERTEX_POINT('',#3381);
#3381 = CARTESIAN_POINT('',(4.5,-21.27,-3.4));
#3382 = LINE('',#3383,#3384);
#3383 = CARTESIAN_POINT('',(4.5,-21.27,-3.4));
#3384 = VECTOR('',#3385,1.);
#3385 = DIRECTION('',(0.,0.,1.));
#3386 = ORIENTED_EDGE('',*,*,#3387,.F.);
#3387 = EDGE_CURVE('',#3388,#3380,#3390,.T.);
#3388 = VERTEX_POINT('',#3389);
#3389 = CARTESIAN_POINT('',(2.9,-21.27,-3.4));
#3390 = LINE('',#3391,#3392);
#3391 = CARTESIAN_POINT('',(2.9,-21.27,-3.4));
#3392 = VECTOR('',#3393,1.);
#3393 = DIRECTION('',(1.,0.,-0.));
#3394 = ORIENTED_EDGE('',*,*,#3395,.T.);
#3395 = EDGE_CURVE('',#3388,#1592,#3396,.T.);
#3396 = LINE('',#3397,#3398);
#3397 = CARTESIAN_POINT('',(2.9,-21.27,-3.4));
#3398 = VECTOR('',#3399,1.);
#3399 = DIRECTION('',(0.,0.,1.));
#3400 = ORIENTED_EDGE('',*,*,#1589,.F.);
#3401 = PLANE('',#3402);
#3402 = AXIS2_PLACEMENT_3D('',#3403,#3404,#3405);
#3403 = CARTESIAN_POINT('',(2.9,-21.27,-3.4));
#3404 = DIRECTION('',(-0.,1.,0.));
#3405 = DIRECTION('',(0.,0.,1.));
#3406 = ADVANCED_FACE('',(#3407),#3425,.T.);
#3407 = FACE_BOUND('',#3408,.T.);
#3408 = EDGE_LOOP('',(#3409,#3410,#3418,#3424));
#3409 = ORIENTED_EDGE('',*,*,#3379,.F.);
#3410 = ORIENTED_EDGE('',*,*,#3411,.T.);
#3411 = EDGE_CURVE('',#3380,#3412,#3414,.T.);
#3412 = VERTEX_POINT('',#3413);
#3413 = CARTESIAN_POINT('',(4.5,-19.67,-3.4));
#3414 = LINE('',#3415,#3416);
#3415 = CARTESIAN_POINT('',(4.5,-21.27,-3.4));
#3416 = VECTOR('',#3417,1.);
#3417 = DIRECTION('',(-0.,1.,0.));
#3418 = ORIENTED_EDGE('',*,*,#3419,.T.);
#3419 = EDGE_CURVE('',#3412,#1608,#3420,.T.);
#3420 = LINE('',#3421,#3422);
#3421 = CARTESIAN_POINT('',(4.5,-19.67,-3.4));
#3422 = VECTOR('',#3423,1.);
#3423 = DIRECTION('',(0.,0.,1.));
#3424 = ORIENTED_EDGE('',*,*,#1615,.F.);
#3425 = PLANE('',#3426);
#3426 = AXIS2_PLACEMENT_3D('',#3427,#3428,#3429);
#3427 = CARTESIAN_POINT('',(4.5,-21.27,-3.4));
#3428 = DIRECTION('',(1.,0.,-0.));
#3429 = DIRECTION('',(0.,0.,1.));
#3430 = ADVANCED_FACE('',(#3431),#3449,.F.);
#3431 = FACE_BOUND('',#3432,.F.);
#3432 = EDGE_LOOP('',(#3433,#3434,#3442,#3448));
#3433 = ORIENTED_EDGE('',*,*,#3395,.F.);
#3434 = ORIENTED_EDGE('',*,*,#3435,.T.);
#3435 = EDGE_CURVE('',#3388,#3436,#3438,.T.);
#3436 = VERTEX_POINT('',#3437);
#3437 = CARTESIAN_POINT('',(2.9,-19.67,-3.4));
#3438 = LINE('',#3439,#3440);
#3439 = CARTESIAN_POINT('',(2.9,-21.27,-3.4));
#3440 = VECTOR('',#3441,1.);
#3441 = DIRECTION('',(-0.,1.,0.));
#3442 = ORIENTED_EDGE('',*,*,#3443,.T.);
#3443 = EDGE_CURVE('',#3436,#1600,#3444,.T.);
#3444 = LINE('',#3445,#3446);
#3445 = CARTESIAN_POINT('',(2.9,-19.67,-3.4));
#3446 = VECTOR('',#3447,1.);
#3447 = DIRECTION('',(0.,0.,1.));
#3448 = ORIENTED_EDGE('',*,*,#1599,.F.);
#3449 = PLANE('',#3450);
#3450 = AXIS2_PLACEMENT_3D('',#3451,#3452,#3453);
#3451 = CARTESIAN_POINT('',(2.9,-21.27,-3.4));
#3452 = DIRECTION('',(1.,0.,-0.));
#3453 = DIRECTION('',(0.,0.,1.));
#3454 = ADVANCED_FACE('',(#3455),#3466,.T.);
#3455 = FACE_BOUND('',#3456,.T.);
#3456 = EDGE_LOOP('',(#3457,#3458,#3464,#3465));
#3457 = ORIENTED_EDGE('',*,*,#3419,.F.);
#3458 = ORIENTED_EDGE('',*,*,#3459,.F.);
#3459 = EDGE_CURVE('',#3436,#3412,#3460,.T.);
#3460 = LINE('',#3461,#3462);
#3461 = CARTESIAN_POINT('',(2.9,-19.67,-3.4));
#3462 = VECTOR('',#3463,1.);
#3463 = DIRECTION('',(1.,0.,-0.));
#3464 = ORIENTED_EDGE('',*,*,#3443,.T.);
#3465 = ORIENTED_EDGE('',*,*,#1607,.F.);
#3466 = PLANE('',#3467);
#3467 = AXIS2_PLACEMENT_3D('',#3468,#3469,#3470);
#3468 = CARTESIAN_POINT('',(2.9,-19.67,-3.4));
#3469 = DIRECTION('',(-0.,1.,0.));
#3470 = DIRECTION('',(0.,0.,1.));
#3471 = ADVANCED_FACE('',(#3472),#3497,.F.);
#3472 = FACE_BOUND('',#3473,.F.);
#3473 = EDGE_LOOP('',(#3474,#3482,#3490,#3496));
#3474 = ORIENTED_EDGE('',*,*,#3475,.F.);
#3475 = EDGE_CURVE('',#3476,#1636,#3478,.T.);
#3476 = VERTEX_POINT('',#3477);
#3477 = CARTESIAN_POINT('',(-4.4,-9.53,-3.4));
#3478 = LINE('',#3479,#3480);
#3479 = CARTESIAN_POINT('',(-4.4,-9.53,-3.4));
#3480 = VECTOR('',#3481,1.);
#3481 = DIRECTION('',(0.,0.,1.));
#3482 = ORIENTED_EDGE('',*,*,#3483,.F.);
#3483 = EDGE_CURVE('',#3484,#3476,#3486,.T.);
#3484 = VERTEX_POINT('',#3485);
#3485 = CARTESIAN_POINT('',(-6.,-9.53,-3.4));
#3486 = LINE('',#3487,#3488);
#3487 = CARTESIAN_POINT('',(-6.,-9.53,-3.4));
#3488 = VECTOR('',#3489,1.);
#3489 = DIRECTION('',(1.,0.,-0.));
#3490 = ORIENTED_EDGE('',*,*,#3491,.T.);
#3491 = EDGE_CURVE('',#3484,#1638,#3492,.T.);
#3492 = LINE('',#3493,#3494);
#3493 = CARTESIAN_POINT('',(-6.,-9.53,-3.4));
#3494 = VECTOR('',#3495,1.);
#3495 = DIRECTION('',(0.,0.,1.));
#3496 = ORIENTED_EDGE('',*,*,#1635,.F.);
#3497 = PLANE('',#3498);
#3498 = AXIS2_PLACEMENT_3D('',#3499,#3500,#3501);
#3499 = CARTESIAN_POINT('',(-6.,-9.53,-3.4));
#3500 = DIRECTION('',(-0.,1.,0.));
#3501 = DIRECTION('',(0.,0.,1.));
#3502 = ADVANCED_FACE('',(#3503),#3521,.T.);
#3503 = FACE_BOUND('',#3504,.T.);
#3504 = EDGE_LOOP('',(#3505,#3506,#3514,#3520));
#3505 = ORIENTED_EDGE('',*,*,#3475,.F.);
#3506 = ORIENTED_EDGE('',*,*,#3507,.T.);
#3507 = EDGE_CURVE('',#3476,#3508,#3510,.T.);
#3508 = VERTEX_POINT('',#3509);
#3509 = CARTESIAN_POINT('',(-4.4,-7.93,-3.4));
#3510 = LINE('',#3511,#3512);
#3511 = CARTESIAN_POINT('',(-4.4,-9.53,-3.4));
#3512 = VECTOR('',#3513,1.);
#3513 = DIRECTION('',(-0.,1.,0.));
#3514 = ORIENTED_EDGE('',*,*,#3515,.T.);
#3515 = EDGE_CURVE('',#3508,#1654,#3516,.T.);
#3516 = LINE('',#3517,#3518);
#3517 = CARTESIAN_POINT('',(-4.4,-7.93,-3.4));
#3518 = VECTOR('',#3519,1.);
#3519 = DIRECTION('',(0.,0.,1.));
#3520 = ORIENTED_EDGE('',*,*,#1661,.F.);
#3521 = PLANE('',#3522);
#3522 = AXIS2_PLACEMENT_3D('',#3523,#3524,#3525);
#3523 = CARTESIAN_POINT('',(-4.4,-9.53,-3.4));
#3524 = DIRECTION('',(1.,0.,-0.));
#3525 = DIRECTION('',(0.,0.,1.));
#3526 = ADVANCED_FACE('',(#3527),#3545,.F.);
#3527 = FACE_BOUND('',#3528,.F.);
#3528 = EDGE_LOOP('',(#3529,#3530,#3538,#3544));
#3529 = ORIENTED_EDGE('',*,*,#3491,.F.);
#3530 = ORIENTED_EDGE('',*,*,#3531,.T.);
#3531 = EDGE_CURVE('',#3484,#3532,#3534,.T.);
#3532 = VERTEX_POINT('',#3533);
#3533 = CARTESIAN_POINT('',(-6.,-7.93,-3.4));
#3534 = LINE('',#3535,#3536);
#3535 = CARTESIAN_POINT('',(-6.,-9.53,-3.4));
#3536 = VECTOR('',#3537,1.);
#3537 = DIRECTION('',(-0.,1.,0.));
#3538 = ORIENTED_EDGE('',*,*,#3539,.T.);
#3539 = EDGE_CURVE('',#3532,#1646,#3540,.T.);
#3540 = LINE('',#3541,#3542);
#3541 = CARTESIAN_POINT('',(-6.,-7.93,-3.4));
#3542 = VECTOR('',#3543,1.);
#3543 = DIRECTION('',(0.,0.,1.));
#3544 = ORIENTED_EDGE('',*,*,#1645,.F.);
#3545 = PLANE('',#3546);
#3546 = AXIS2_PLACEMENT_3D('',#3547,#3548,#3549);
#3547 = CARTESIAN_POINT('',(-6.,-9.53,-3.4));
#3548 = DIRECTION('',(1.,0.,-0.));
#3549 = DIRECTION('',(0.,0.,1.));
#3550 = ADVANCED_FACE('',(#3551),#3562,.T.);
#3551 = FACE_BOUND('',#3552,.T.);
#3552 = EDGE_LOOP('',(#3553,#3554,#3560,#3561));
#3553 = ORIENTED_EDGE('',*,*,#3515,.F.);
#3554 = ORIENTED_EDGE('',*,*,#3555,.F.);
#3555 = EDGE_CURVE('',#3532,#3508,#3556,.T.);
#3556 = LINE('',#3557,#3558);
#3557 = CARTESIAN_POINT('',(-6.,-7.93,-3.4));
#3558 = VECTOR('',#3559,1.);
#3559 = DIRECTION('',(1.,0.,-0.));
#3560 = ORIENTED_EDGE('',*,*,#3539,.T.);
#3561 = ORIENTED_EDGE('',*,*,#1653,.F.);
#3562 = PLANE('',#3563);
#3563 = AXIS2_PLACEMENT_3D('',#3564,#3565,#3566);
#3564 = CARTESIAN_POINT('',(-6.,-7.93,-3.4));
#3565 = DIRECTION('',(-0.,1.,0.));
#3566 = DIRECTION('',(0.,0.,1.));
#3567 = ADVANCED_FACE('',(#3568),#3593,.F.);
#3568 = FACE_BOUND('',#3569,.F.);
#3569 = EDGE_LOOP('',(#3570,#3578,#3586,#3592));
#3570 = ORIENTED_EDGE('',*,*,#3571,.F.);
#3571 = EDGE_CURVE('',#3572,#1670,#3574,.T.);
#3572 = VERTEX_POINT('',#3573);
#3573 = CARTESIAN_POINT('',(-22.58,-6.415,-4.6));
#3574 = LINE('',#3575,#3576);
#3575 = CARTESIAN_POINT('',(-22.58,-6.415,-4.6));
#3576 = VECTOR('',#3577,1.);
#3577 = DIRECTION('',(0.,0.,1.));
#3578 = ORIENTED_EDGE('',*,*,#3579,.F.);
#3579 = EDGE_CURVE('',#3580,#3572,#3582,.T.);
#3580 = VERTEX_POINT('',#3581);
#3581 = CARTESIAN_POINT('',(-24.18,-6.415,-4.6));
#3582 = LINE('',#3583,#3584);
#3583 = CARTESIAN_POINT('',(-24.18,-6.415,-4.6));
#3584 = VECTOR('',#3585,1.);
#3585 = DIRECTION('',(1.,0.,-0.));
#3586 = ORIENTED_EDGE('',*,*,#3587,.T.);
#3587 = EDGE_CURVE('',#3580,#1672,#3588,.T.);
#3588 = LINE('',#3589,#3590);
#3589 = CARTESIAN_POINT('',(-24.18,-6.415,-4.6));
#3590 = VECTOR('',#3591,1.);
#3591 = DIRECTION('',(0.,0.,1.));
#3592 = ORIENTED_EDGE('',*,*,#1669,.F.);
#3593 = PLANE('',#3594);
#3594 = AXIS2_PLACEMENT_3D('',#3595,#3596,#3597);
#3595 = CARTESIAN_POINT('',(-24.18,-6.415,-4.6));
#3596 = DIRECTION('',(-0.,1.,0.));
#3597 = DIRECTION('',(0.,0.,1.));
#3598 = ADVANCED_FACE('',(#3599),#3617,.T.);
#3599 = FACE_BOUND('',#3600,.T.);
#3600 = EDGE_LOOP('',(#3601,#3602,#3610,#3616));
#3601 = ORIENTED_EDGE('',*,*,#3571,.F.);
#3602 = ORIENTED_EDGE('',*,*,#3603,.T.);
#3603 = EDGE_CURVE('',#3572,#3604,#3606,.T.);
#3604 = VERTEX_POINT('',#3605);
#3605 = CARTESIAN_POINT('',(-22.58,-4.815,-4.6));
#3606 = LINE('',#3607,#3608);
#3607 = CARTESIAN_POINT('',(-22.58,-6.415,-4.6));
#3608 = VECTOR('',#3609,1.);
#3609 = DIRECTION('',(-0.,1.,0.));
#3610 = ORIENTED_EDGE('',*,*,#3611,.T.);
#3611 = EDGE_CURVE('',#3604,#1688,#3612,.T.);
#3612 = LINE('',#3613,#3614);
#3613 = CARTESIAN_POINT('',(-22.58,-4.815,-4.6));
#3614 = VECTOR('',#3615,1.);
#3615 = DIRECTION('',(0.,0.,1.));
#3616 = ORIENTED_EDGE('',*,*,#1695,.F.);
#3617 = PLANE('',#3618);
#3618 = AXIS2_PLACEMENT_3D('',#3619,#3620,#3621);
#3619 = CARTESIAN_POINT('',(-22.58,-6.415,-4.6));
#3620 = DIRECTION('',(1.,0.,-0.));
#3621 = DIRECTION('',(0.,0.,1.));
#3622 = ADVANCED_FACE('',(#3623),#3641,.F.);
#3623 = FACE_BOUND('',#3624,.F.);
#3624 = EDGE_LOOP('',(#3625,#3626,#3634,#3640));
#3625 = ORIENTED_EDGE('',*,*,#3587,.F.);
#3626 = ORIENTED_EDGE('',*,*,#3627,.T.);
#3627 = EDGE_CURVE('',#3580,#3628,#3630,.T.);
#3628 = VERTEX_POINT('',#3629);
#3629 = CARTESIAN_POINT('',(-24.18,-4.815,-4.6));
#3630 = LINE('',#3631,#3632);
#3631 = CARTESIAN_POINT('',(-24.18,-6.415,-4.6));
#3632 = VECTOR('',#3633,1.);
#3633 = DIRECTION('',(-0.,1.,0.));
#3634 = ORIENTED_EDGE('',*,*,#3635,.T.);
#3635 = EDGE_CURVE('',#3628,#1680,#3636,.T.);
#3636 = LINE('',#3637,#3638);
#3637 = CARTESIAN_POINT('',(-24.18,-4.815,-4.6));
#3638 = VECTOR('',#3639,1.);
#3639 = DIRECTION('',(0.,0.,1.));
#3640 = ORIENTED_EDGE('',*,*,#1679,.F.);
#3641 = PLANE('',#3642);
#3642 = AXIS2_PLACEMENT_3D('',#3643,#3644,#3645);
#3643 = CARTESIAN_POINT('',(-24.18,-6.415,-4.6));
#3644 = DIRECTION('',(1.,0.,-0.));
#3645 = DIRECTION('',(0.,0.,1.));
#3646 = ADVANCED_FACE('',(#3647),#3658,.T.);
#3647 = FACE_BOUND('',#3648,.T.);
#3648 = EDGE_LOOP('',(#3649,#3650,#3656,#3657));
#3649 = ORIENTED_EDGE('',*,*,#3611,.F.);
#3650 = ORIENTED_EDGE('',*,*,#3651,.F.);
#3651 = EDGE_CURVE('',#3628,#3604,#3652,.T.);
#3652 = LINE('',#3653,#3654);
#3653 = CARTESIAN_POINT('',(-24.18,-4.815,-4.6));
#3654 = VECTOR('',#3655,1.);
#3655 = DIRECTION('',(1.,0.,-0.));
#3656 = ORIENTED_EDGE('',*,*,#3635,.T.);
#3657 = ORIENTED_EDGE('',*,*,#1687,.F.);
#3658 = PLANE('',#3659);
#3659 = AXIS2_PLACEMENT_3D('',#3660,#3661,#3662);
#3660 = CARTESIAN_POINT('',(-24.18,-4.815,-4.6));
#3661 = DIRECTION('',(-0.,1.,0.));
#3662 = DIRECTION('',(0.,0.,1.));
#3663 = ADVANCED_FACE('',(#3664),#3705,.F.);
#3664 = FACE_BOUND('',#3665,.F.);
#3665 = EDGE_LOOP('',(#3666,#3676,#3684,#3690,#3691,#3699));
#3666 = ORIENTED_EDGE('',*,*,#3667,.F.);
#3667 = EDGE_CURVE('',#3668,#3670,#3672,.T.);
#3668 = VERTEX_POINT('',#3669);
#3669 = CARTESIAN_POINT('',(-6.62,-7.615,-6.61));
#3670 = VERTEX_POINT('',#3671);
#3671 = CARTESIAN_POINT('',(-6.62,-7.615,-5.47));
#3672 = LINE('',#3673,#3674);
#3673 = CARTESIAN_POINT('',(-6.62,-7.615,-6.61));
#3674 = VECTOR('',#3675,1.);
#3675 = DIRECTION('',(0.,0.,1.));
#3676 = ORIENTED_EDGE('',*,*,#3677,.F.);
#3677 = EDGE_CURVE('',#3678,#3668,#3680,.T.);
#3678 = VERTEX_POINT('',#3679);
#3679 = CARTESIAN_POINT('',(-7.62,-7.615,-6.61));
#3680 = LINE('',#3681,#3682);
#3681 = CARTESIAN_POINT('',(-7.62,-7.615,-6.61));
#3682 = VECTOR('',#3683,1.);
#3683 = DIRECTION('',(1.,0.,-0.));
#3684 = ORIENTED_EDGE('',*,*,#3685,.T.);
#3685 = EDGE_CURVE('',#3678,#1706,#3686,.T.);
#3686 = LINE('',#3687,#3688);
#3687 = CARTESIAN_POINT('',(-7.62,-7.615,-6.61));
#3688 = VECTOR('',#3689,1.);
#3689 = DIRECTION('',(0.,0.,1.));
#3690 = ORIENTED_EDGE('',*,*,#1703,.F.);
#3691 = ORIENTED_EDGE('',*,*,#3692,.T.);
#3692 = EDGE_CURVE('',#1704,#3693,#3695,.T.);
#3693 = VERTEX_POINT('',#3694);
#3694 = CARTESIAN_POINT('',(-7.2,-7.615,-5.47));
#3695 = LINE('',#3696,#3697);
#3696 = CARTESIAN_POINT('',(-7.2,-7.615,-6.04));
#3697 = VECTOR('',#3698,1.);
#3698 = DIRECTION('',(-0.,0.,-1.));
#3699 = ORIENTED_EDGE('',*,*,#3700,.T.);
#3700 = EDGE_CURVE('',#3693,#3670,#3701,.T.);
#3701 = LINE('',#3702,#3703);
#3702 = CARTESIAN_POINT('',(-7.41,-7.615,-5.47));
#3703 = VECTOR('',#3704,1.);
#3704 = DIRECTION('',(1.,0.,-0.));
#3705 = PLANE('',#3706);
#3706 = AXIS2_PLACEMENT_3D('',#3707,#3708,#3709);
#3707 = CARTESIAN_POINT('',(-7.62,-7.615,-6.61));
#3708 = DIRECTION('',(-0.,1.,0.));
#3709 = DIRECTION('',(0.,0.,1.));
#3710 = ADVANCED_FACE('',(#3711),#3729,.T.);
#3711 = FACE_BOUND('',#3712,.T.);
#3712 = EDGE_LOOP('',(#3713,#3714,#3715,#3723));
#3713 = ORIENTED_EDGE('',*,*,#1793,.T.);
#3714 = ORIENTED_EDGE('',*,*,#3692,.T.);
#3715 = ORIENTED_EDGE('',*,*,#3716,.F.);
#3716 = EDGE_CURVE('',#3717,#3693,#3719,.T.);
#3717 = VERTEX_POINT('',#3718);
#3718 = CARTESIAN_POINT('',(-7.2,-10.73,-5.47));
#3719 = LINE('',#3720,#3721);
#3720 = CARTESIAN_POINT('',(-7.2,-10.73,-5.47));
#3721 = VECTOR('',#3722,1.);
#3722 = DIRECTION('',(-0.,1.,0.));
#3723 = ORIENTED_EDGE('',*,*,#3724,.T.);
#3724 = EDGE_CURVE('',#3717,#1786,#3725,.T.);
#3725 = LINE('',#3726,#3727);
#3726 = CARTESIAN_POINT('',(-7.2,-10.73,-5.47));
#3727 = VECTOR('',#3728,1.);
#3728 = DIRECTION('',(0.,0.,1.));
#3729 = PLANE('',#3730);
#3730 = AXIS2_PLACEMENT_3D('',#3731,#3732,#3733);
#3731 = CARTESIAN_POINT('',(-7.2,-9.1725,-3.735));
#3732 = DIRECTION('',(-1.,-0.,-0.));
#3733 = DIRECTION('',(0.,0.,-1.));
#3734 = ADVANCED_FACE('',(#3735),#3753,.F.);
#3735 = FACE_BOUND('',#3736,.F.);
#3736 = EDGE_LOOP('',(#3737,#3738,#3746,#3752));
#3737 = ORIENTED_EDGE('',*,*,#3685,.F.);
#3738 = ORIENTED_EDGE('',*,*,#3739,.T.);
#3739 = EDGE_CURVE('',#3678,#3740,#3742,.T.);
#3740 = VERTEX_POINT('',#3741);
#3741 = CARTESIAN_POINT('',(-7.62,-4.615,-6.61));
#3742 = LINE('',#3743,#3744);
#3743 = CARTESIAN_POINT('',(-7.62,-7.615,-6.61));
#3744 = VECTOR('',#3745,1.);
#3745 = DIRECTION('',(-0.,1.,0.));
#3746 = ORIENTED_EDGE('',*,*,#3747,.T.);
#3747 = EDGE_CURVE('',#3740,#1714,#3748,.T.);
#3748 = LINE('',#3749,#3750);
#3749 = CARTESIAN_POINT('',(-7.62,-4.615,-6.61));
#3750 = VECTOR('',#3751,1.);
#3751 = DIRECTION('',(0.,0.,1.));
#3752 = ORIENTED_EDGE('',*,*,#1713,.F.);
#3753 = PLANE('',#3754);
#3754 = AXIS2_PLACEMENT_3D('',#3755,#3756,#3757);
#3755 = CARTESIAN_POINT('',(-7.62,-7.615,-6.61));
#3756 = DIRECTION('',(1.,0.,-0.));
#3757 = DIRECTION('',(0.,0.,1.));
#3758 = ADVANCED_FACE('',(#3759),#3777,.F.);
#3759 = FACE_BOUND('',#3760,.F.);
#3760 = EDGE_LOOP('',(#3761,#3769,#3775,#3776));
#3761 = ORIENTED_EDGE('',*,*,#3762,.F.);
#3762 = EDGE_CURVE('',#3763,#1778,#3765,.T.);
#3763 = VERTEX_POINT('',#3764);
#3764 = CARTESIAN_POINT('',(-6.2,-10.73,-5.47));
#3765 = LINE('',#3766,#3767);
#3766 = CARTESIAN_POINT('',(-6.2,-10.73,-5.47));
#3767 = VECTOR('',#3768,1.);
#3768 = DIRECTION('',(0.,0.,1.));
#3769 = ORIENTED_EDGE('',*,*,#3770,.F.);
#3770 = EDGE_CURVE('',#3717,#3763,#3771,.T.);
#3771 = LINE('',#3772,#3773);
#3772 = CARTESIAN_POINT('',(-7.2,-10.73,-5.47));
#3773 = VECTOR('',#3774,1.);
#3774 = DIRECTION('',(1.,0.,-0.));
#3775 = ORIENTED_EDGE('',*,*,#3724,.T.);
#3776 = ORIENTED_EDGE('',*,*,#1785,.F.);
#3777 = PLANE('',#3778);
#3778 = AXIS2_PLACEMENT_3D('',#3779,#3780,#3781);
#3779 = CARTESIAN_POINT('',(-7.2,-10.73,-5.47));
#3780 = DIRECTION('',(-0.,1.,0.));
#3781 = DIRECTION('',(0.,0.,1.));
#3782 = ADVANCED_FACE('',(#3783),#3801,.F.);
#3783 = FACE_BOUND('',#3784,.F.);
#3784 = EDGE_LOOP('',(#3785,#3793,#3799,#3800));
#3785 = ORIENTED_EDGE('',*,*,#3786,.F.);
#3786 = EDGE_CURVE('',#3787,#3740,#3789,.T.);
#3787 = VERTEX_POINT('',#3788);
#3788 = CARTESIAN_POINT('',(-10.62,-4.615,-6.61));
#3789 = LINE('',#3790,#3791);
#3790 = CARTESIAN_POINT('',(-10.62,-4.615,-6.61));
#3791 = VECTOR('',#3792,1.);
#3792 = DIRECTION('',(1.,0.,-0.));
#3793 = ORIENTED_EDGE('',*,*,#3794,.T.);
#3794 = EDGE_CURVE('',#3787,#1722,#3795,.T.);
#3795 = LINE('',#3796,#3797);
#3796 = CARTESIAN_POINT('',(-10.62,-4.615,-6.61));
#3797 = VECTOR('',#3798,1.);
#3798 = DIRECTION('',(0.,0.,1.));
#3799 = ORIENTED_EDGE('',*,*,#1721,.F.);
#3800 = ORIENTED_EDGE('',*,*,#3747,.F.);
#3801 = PLANE('',#3802);
#3802 = AXIS2_PLACEMENT_3D('',#3803,#3804,#3805);
#3803 = CARTESIAN_POINT('',(-10.62,-4.615,-6.61));
#3804 = DIRECTION('',(-0.,1.,0.));
#3805 = DIRECTION('',(0.,0.,1.));
#3806 = ADVANCED_FACE('',(#3807),#3825,.T.);
#3807 = FACE_BOUND('',#3808,.T.);
#3808 = EDGE_LOOP('',(#3809,#3810,#3818,#3824));
#3809 = ORIENTED_EDGE('',*,*,#3762,.F.);
#3810 = ORIENTED_EDGE('',*,*,#3811,.T.);
#3811 = EDGE_CURVE('',#3763,#3812,#3814,.T.);
#3812 = VERTEX_POINT('',#3813);
#3813 = CARTESIAN_POINT('',(-6.2,-7.73,-5.47));
#3814 = LINE('',#3815,#3816);
#3815 = CARTESIAN_POINT('',(-6.2,-10.73,-5.47));
#3816 = VECTOR('',#3817,1.);
#3817 = DIRECTION('',(-0.,1.,0.));
#3818 = ORIENTED_EDGE('',*,*,#3819,.T.);
#3819 = EDGE_CURVE('',#3812,#1770,#3820,.T.);
#3820 = LINE('',#3821,#3822);
#3821 = CARTESIAN_POINT('',(-6.2,-7.73,-5.47));
#3822 = VECTOR('',#3823,1.);
#3823 = DIRECTION('',(0.,0.,1.));
#3824 = ORIENTED_EDGE('',*,*,#1777,.F.);
#3825 = PLANE('',#3826);
#3826 = AXIS2_PLACEMENT_3D('',#3827,#3828,#3829);
#3827 = CARTESIAN_POINT('',(-6.2,-10.73,-5.47));
#3828 = DIRECTION('',(1.,0.,-0.));
#3829 = DIRECTION('',(0.,0.,1.));
#3830 = ADVANCED_FACE('',(#3831),#3849,.F.);
#3831 = FACE_BOUND('',#3832,.F.);
#3832 = EDGE_LOOP('',(#3833,#3834,#3842,#3848));
#3833 = ORIENTED_EDGE('',*,*,#3794,.F.);
#3834 = ORIENTED_EDGE('',*,*,#3835,.T.);
#3835 = EDGE_CURVE('',#3787,#3836,#3838,.T.);
#3836 = VERTEX_POINT('',#3837);
#3837 = CARTESIAN_POINT('',(-10.62,-3.615,-6.61));
#3838 = LINE('',#3839,#3840);
#3839 = CARTESIAN_POINT('',(-10.62,-4.615,-6.61));
#3840 = VECTOR('',#3841,1.);
#3841 = DIRECTION('',(-0.,1.,0.));
#3842 = ORIENTED_EDGE('',*,*,#3843,.T.);
#3843 = EDGE_CURVE('',#3836,#1730,#3844,.T.);
#3844 = LINE('',#3845,#3846);
#3845 = CARTESIAN_POINT('',(-10.62,-3.615,-6.61));
#3846 = VECTOR('',#3847,1.);
#3847 = DIRECTION('',(0.,0.,1.));
#3848 = ORIENTED_EDGE('',*,*,#1729,.F.);
#3849 = PLANE('',#3850);
#3850 = AXIS2_PLACEMENT_3D('',#3851,#3852,#3853);
#3851 = CARTESIAN_POINT('',(-10.62,-4.615,-6.61));
#3852 = DIRECTION('',(1.,0.,-0.));
#3853 = DIRECTION('',(0.,0.,1.));
#3854 = ADVANCED_FACE('',(#3855),#3873,.F.);
#3855 = FACE_BOUND('',#3856,.F.);
#3856 = EDGE_LOOP('',(#3857,#3865,#3866,#3867));
#3857 = ORIENTED_EDGE('',*,*,#3858,.F.);
#3858 = EDGE_CURVE('',#3812,#3859,#3861,.T.);
#3859 = VERTEX_POINT('',#3860);
#3860 = CARTESIAN_POINT('',(-3.2,-7.73,-5.47));
#3861 = LINE('',#3862,#3863);
#3862 = CARTESIAN_POINT('',(-7.2,-7.73,-5.47));
#3863 = VECTOR('',#3864,1.);
#3864 = DIRECTION('',(1.,0.,-0.));
#3865 = ORIENTED_EDGE('',*,*,#3819,.T.);
#3866 = ORIENTED_EDGE('',*,*,#1769,.F.);
#3867 = ORIENTED_EDGE('',*,*,#3868,.F.);
#3868 = EDGE_CURVE('',#3859,#1762,#3869,.T.);
#3869 = LINE('',#3870,#3871);
#3870 = CARTESIAN_POINT('',(-3.2,-7.73,-5.47));
#3871 = VECTOR('',#3872,1.);
#3872 = DIRECTION('',(0.,0.,1.));
#3873 = PLANE('',#3874);
#3874 = AXIS2_PLACEMENT_3D('',#3875,#3876,#3877);
#3875 = CARTESIAN_POINT('',(-7.2,-7.73,-5.47));
#3876 = DIRECTION('',(-0.,1.,0.));
#3877 = DIRECTION('',(0.,0.,1.));
#3878 = ADVANCED_FACE('',(#3879),#3897,.T.);
#3879 = FACE_BOUND('',#3880,.T.);
#3880 = EDGE_LOOP('',(#3881,#3889,#3890,#3891));
#3881 = ORIENTED_EDGE('',*,*,#3882,.F.);
#3882 = EDGE_CURVE('',#3836,#3883,#3885,.T.);
#3883 = VERTEX_POINT('',#3884);
#3884 = CARTESIAN_POINT('',(-6.62,-3.615,-6.61));
#3885 = LINE('',#3886,#3887);
#3886 = CARTESIAN_POINT('',(-7.62,-3.615,-6.61));
#3887 = VECTOR('',#3888,1.);
#3888 = DIRECTION('',(1.,0.,-0.));
#3889 = ORIENTED_EDGE('',*,*,#3843,.T.);
#3890 = ORIENTED_EDGE('',*,*,#1737,.F.);
#3891 = ORIENTED_EDGE('',*,*,#3892,.F.);
#3892 = EDGE_CURVE('',#3883,#1738,#3893,.T.);
#3893 = LINE('',#3894,#3895);
#3894 = CARTESIAN_POINT('',(-6.62,-3.615,-6.61));
#3895 = VECTOR('',#3896,1.);
#3896 = DIRECTION('',(0.,0.,1.));
#3897 = PLANE('',#3898);
#3898 = AXIS2_PLACEMENT_3D('',#3899,#3900,#3901);
#3899 = CARTESIAN_POINT('',(-8.62,-3.615,-4.305));
#3900 = DIRECTION('',(0.,1.,0.));
#3901 = DIRECTION('',(0.,-0.,1.));
#3902 = ADVANCED_FACE('',(#3903),#3921,.T.);
#3903 = FACE_BOUND('',#3904,.T.);
#3904 = EDGE_LOOP('',(#3905,#3906,#3914,#3920));
#3905 = ORIENTED_EDGE('',*,*,#3868,.F.);
#3906 = ORIENTED_EDGE('',*,*,#3907,.T.);
#3907 = EDGE_CURVE('',#3859,#3908,#3910,.T.);
#3908 = VERTEX_POINT('',#3909);
#3909 = CARTESIAN_POINT('',(-3.2,-6.73,-5.47));
#3910 = LINE('',#3911,#3912);
#3911 = CARTESIAN_POINT('',(-3.2,-7.73,-5.47));
#3912 = VECTOR('',#3913,1.);
#3913 = DIRECTION('',(-0.,1.,0.));
#3914 = ORIENTED_EDGE('',*,*,#3915,.T.);
#3915 = EDGE_CURVE('',#3908,#1754,#3916,.T.);
#3916 = LINE('',#3917,#3918);
#3917 = CARTESIAN_POINT('',(-3.2,-6.73,-5.47));
#3918 = VECTOR('',#3919,1.);
#3919 = DIRECTION('',(0.,0.,1.));
#3920 = ORIENTED_EDGE('',*,*,#1761,.F.);
#3921 = PLANE('',#3922);
#3922 = AXIS2_PLACEMENT_3D('',#3923,#3924,#3925);
#3923 = CARTESIAN_POINT('',(-3.2,-7.73,-5.47));
#3924 = DIRECTION('',(1.,0.,-0.));
#3925 = DIRECTION('',(0.,0.,1.));
#3926 = ADVANCED_FACE('',(#3927),#3952,.T.);
#3927 = FACE_BOUND('',#3928,.T.);
#3928 = EDGE_LOOP('',(#3929,#3930,#3936,#3937,#3938,#3946));
#3929 = ORIENTED_EDGE('',*,*,#3667,.F.);
#3930 = ORIENTED_EDGE('',*,*,#3931,.T.);
#3931 = EDGE_CURVE('',#3668,#3883,#3932,.T.);
#3932 = LINE('',#3933,#3934);
#3933 = CARTESIAN_POINT('',(-6.62,-7.615,-6.61));
#3934 = VECTOR('',#3935,1.);
#3935 = DIRECTION('',(-0.,1.,0.));
#3936 = ORIENTED_EDGE('',*,*,#3892,.T.);
#3937 = ORIENTED_EDGE('',*,*,#1745,.F.);
#3938 = ORIENTED_EDGE('',*,*,#3939,.F.);
#3939 = EDGE_CURVE('',#3940,#1746,#3942,.T.);
#3940 = VERTEX_POINT('',#3941);
#3941 = CARTESIAN_POINT('',(-6.62,-6.73,-5.47));
#3942 = LINE('',#3943,#3944);
#3943 = CARTESIAN_POINT('',(-6.62,-6.73,-6.04));
#3944 = VECTOR('',#3945,1.);
#3945 = DIRECTION('',(0.,0.,1.));
#3946 = ORIENTED_EDGE('',*,*,#3947,.T.);
#3947 = EDGE_CURVE('',#3940,#3670,#3948,.T.);
#3948 = LINE('',#3949,#3950);
#3949 = CARTESIAN_POINT('',(-6.62,-7.6725,-5.47));
#3950 = VECTOR('',#3951,1.);
#3951 = DIRECTION('',(0.,-1.,0.));
#3952 = PLANE('',#3953);
#3953 = AXIS2_PLACEMENT_3D('',#3954,#3955,#3956);
#3954 = CARTESIAN_POINT('',(-6.62,-5.436663763066,-4.483336236934));
#3955 = DIRECTION('',(1.,0.,0.));
#3956 = DIRECTION('',(-0.,0.,1.));
#3957 = ADVANCED_FACE('',(#3958),#3969,.T.);
#3958 = FACE_BOUND('',#3959,.T.);
#3959 = EDGE_LOOP('',(#3960,#3966,#3967,#3968));
#3960 = ORIENTED_EDGE('',*,*,#3961,.F.);
#3961 = EDGE_CURVE('',#3940,#3908,#3962,.T.);
#3962 = LINE('',#3963,#3964);
#3963 = CARTESIAN_POINT('',(-7.2,-6.73,-5.47));
#3964 = VECTOR('',#3965,1.);
#3965 = DIRECTION('',(1.,0.,-0.));
#3966 = ORIENTED_EDGE('',*,*,#3939,.T.);
#3967 = ORIENTED_EDGE('',*,*,#1753,.F.);
#3968 = ORIENTED_EDGE('',*,*,#3915,.F.);
#3969 = PLANE('',#3970);
#3970 = AXIS2_PLACEMENT_3D('',#3971,#3972,#3973);
#3971 = CARTESIAN_POINT('',(-4.91,-6.73,-3.735));
#3972 = DIRECTION('',(0.,1.,0.));
#3973 = DIRECTION('',(0.,-0.,1.));
#3974 = ADVANCED_FACE('',(#3975),#4000,.F.);
#3975 = FACE_BOUND('',#3976,.F.);
#3976 = EDGE_LOOP('',(#3977,#3985,#3993,#3999));
#3977 = ORIENTED_EDGE('',*,*,#3978,.F.);
#3978 = EDGE_CURVE('',#3979,#1802,#3981,.T.);
#3979 = VERTEX_POINT('',#3980);
#3980 = CARTESIAN_POINT('',(-7.82,-6.415,-4.6));
#3981 = LINE('',#3982,#3983);
#3982 = CARTESIAN_POINT('',(-7.82,-6.415,-4.6));
#3983 = VECTOR('',#3984,1.);
#3984 = DIRECTION('',(0.,0.,1.));
#3985 = ORIENTED_EDGE('',*,*,#3986,.F.);
#3986 = EDGE_CURVE('',#3987,#3979,#3989,.T.);
#3987 = VERTEX_POINT('',#3988);
#3988 = CARTESIAN_POINT('',(-9.42,-6.415,-4.6));
#3989 = LINE('',#3990,#3991);
#3990 = CARTESIAN_POINT('',(-9.42,-6.415,-4.6));
#3991 = VECTOR('',#3992,1.);
#3992 = DIRECTION('',(1.,0.,-0.));
#3993 = ORIENTED_EDGE('',*,*,#3994,.T.);
#3994 = EDGE_CURVE('',#3987,#1804,#3995,.T.);
#3995 = LINE('',#3996,#3997);
#3996 = CARTESIAN_POINT('',(-9.42,-6.415,-4.6));
#3997 = VECTOR('',#3998,1.);
#3998 = DIRECTION('',(0.,0.,1.));
#3999 = ORIENTED_EDGE('',*,*,#1801,.F.);
#4000 = PLANE('',#4001);
#4001 = AXIS2_PLACEMENT_3D('',#4002,#4003,#4004);
#4002 = CARTESIAN_POINT('',(-9.42,-6.415,-4.6));
#4003 = DIRECTION('',(-0.,1.,0.));
#4004 = DIRECTION('',(0.,0.,1.));
#4005 = ADVANCED_FACE('',(#4006),#4024,.T.);
#4006 = FACE_BOUND('',#4007,.T.);
#4007 = EDGE_LOOP('',(#4008,#4009,#4017,#4023));
#4008 = ORIENTED_EDGE('',*,*,#3978,.F.);
#4009 = ORIENTED_EDGE('',*,*,#4010,.T.);
#4010 = EDGE_CURVE('',#3979,#4011,#4013,.T.);
#4011 = VERTEX_POINT('',#4012);
#4012 = CARTESIAN_POINT('',(-7.82,-4.815,-4.6));
#4013 = LINE('',#4014,#4015);
#4014 = CARTESIAN_POINT('',(-7.82,-6.415,-4.6));
#4015 = VECTOR('',#4016,1.);
#4016 = DIRECTION('',(-0.,1.,0.));
#4017 = ORIENTED_EDGE('',*,*,#4018,.T.);
#4018 = EDGE_CURVE('',#4011,#1820,#4019,.T.);
#4019 = LINE('',#4020,#4021);
#4020 = CARTESIAN_POINT('',(-7.82,-4.815,-4.6));
#4021 = VECTOR('',#4022,1.);
#4022 = DIRECTION('',(0.,0.,1.));
#4023 = ORIENTED_EDGE('',*,*,#1827,.F.);
#4024 = PLANE('',#4025);
#4025 = AXIS2_PLACEMENT_3D('',#4026,#4027,#4028);
#4026 = CARTESIAN_POINT('',(-7.82,-6.415,-4.6));
#4027 = DIRECTION('',(1.,0.,-0.));
#4028 = DIRECTION('',(0.,0.,1.));
#4029 = ADVANCED_FACE('',(#4030),#4048,.F.);
#4030 = FACE_BOUND('',#4031,.F.);
#4031 = EDGE_LOOP('',(#4032,#4033,#4041,#4047));
#4032 = ORIENTED_EDGE('',*,*,#3994,.F.);
#4033 = ORIENTED_EDGE('',*,*,#4034,.T.);
#4034 = EDGE_CURVE('',#3987,#4035,#4037,.T.);
#4035 = VERTEX_POINT('',#4036);
#4036 = CARTESIAN_POINT('',(-9.42,-4.815,-4.6));
#4037 = LINE('',#4038,#4039);
#4038 = CARTESIAN_POINT('',(-9.42,-6.415,-4.6));
#4039 = VECTOR('',#4040,1.);
#4040 = DIRECTION('',(-0.,1.,0.));
#4041 = ORIENTED_EDGE('',*,*,#4042,.T.);
#4042 = EDGE_CURVE('',#4035,#1812,#4043,.T.);
#4043 = LINE('',#4044,#4045);
#4044 = CARTESIAN_POINT('',(-9.42,-4.815,-4.6));
#4045 = VECTOR('',#4046,1.);
#4046 = DIRECTION('',(0.,0.,1.));
#4047 = ORIENTED_EDGE('',*,*,#1811,.F.);
#4048 = PLANE('',#4049);
#4049 = AXIS2_PLACEMENT_3D('',#4050,#4051,#4052);
#4050 = CARTESIAN_POINT('',(-9.42,-6.415,-4.6));
#4051 = DIRECTION('',(1.,0.,-0.));
#4052 = DIRECTION('',(0.,0.,1.));
#4053 = ADVANCED_FACE('',(#4054),#4065,.T.);
#4054 = FACE_BOUND('',#4055,.T.);
#4055 = EDGE_LOOP('',(#4056,#4057,#4063,#4064));
#4056 = ORIENTED_EDGE('',*,*,#4018,.F.);
#4057 = ORIENTED_EDGE('',*,*,#4058,.F.);
#4058 = EDGE_CURVE('',#4035,#4011,#4059,.T.);
#4059 = LINE('',#4060,#4061);
#4060 = CARTESIAN_POINT('',(-9.42,-4.815,-4.6));
#4061 = VECTOR('',#4062,1.);
#4062 = DIRECTION('',(1.,0.,-0.));
#4063 = ORIENTED_EDGE('',*,*,#4042,.T.);
#4064 = ORIENTED_EDGE('',*,*,#1819,.F.);
#4065 = PLANE('',#4066);
#4066 = AXIS2_PLACEMENT_3D('',#4067,#4068,#4069);
#4067 = CARTESIAN_POINT('',(-9.42,-4.815,-4.6));
#4068 = DIRECTION('',(-0.,1.,0.));
#4069 = DIRECTION('',(0.,0.,1.));
#4070 = ADVANCED_FACE('',(#4071),#4096,.F.);
#4071 = FACE_BOUND('',#4072,.F.);
#4072 = EDGE_LOOP('',(#4073,#4081,#4089,#4095));
#4073 = ORIENTED_EDGE('',*,*,#4074,.F.);
#4074 = EDGE_CURVE('',#4075,#1848,#4077,.T.);
#4075 = VERTEX_POINT('',#4076);
#4076 = CARTESIAN_POINT('',(5.7,-10.73,-5.47));
#4077 = LINE('',#4078,#4079);
#4078 = CARTESIAN_POINT('',(5.7,-10.73,-5.47));
#4079 = VECTOR('',#4080,1.);
#4080 = DIRECTION('',(0.,0.,1.));
#4081 = ORIENTED_EDGE('',*,*,#4082,.F.);
#4082 = EDGE_CURVE('',#4083,#4075,#4085,.T.);
#4083 = VERTEX_POINT('',#4084);
#4084 = CARTESIAN_POINT('',(4.7,-10.73,-5.47));
#4085 = LINE('',#4086,#4087);
#4086 = CARTESIAN_POINT('',(4.7,-10.73,-5.47));
#4087 = VECTOR('',#4088,1.);
#4088 = DIRECTION('',(1.,0.,-0.));
#4089 = ORIENTED_EDGE('',*,*,#4090,.T.);
#4090 = EDGE_CURVE('',#4083,#1850,#4091,.T.);
#4091 = LINE('',#4092,#4093);
#4092 = CARTESIAN_POINT('',(4.7,-10.73,-5.47));
#4093 = VECTOR('',#4094,1.);
#4094 = DIRECTION('',(0.,0.,1.));
#4095 = ORIENTED_EDGE('',*,*,#1847,.F.);
#4096 = PLANE('',#4097);
#4097 = AXIS2_PLACEMENT_3D('',#4098,#4099,#4100);
#4098 = CARTESIAN_POINT('',(4.7,-10.73,-5.47));
#4099 = DIRECTION('',(-0.,1.,0.));
#4100 = DIRECTION('',(0.,0.,1.));
#4101 = ADVANCED_FACE('',(#4102),#4120,.T.);
#4102 = FACE_BOUND('',#4103,.T.);
#4103 = EDGE_LOOP('',(#4104,#4105,#4113,#4119));
#4104 = ORIENTED_EDGE('',*,*,#4074,.F.);
#4105 = ORIENTED_EDGE('',*,*,#4106,.T.);
#4106 = EDGE_CURVE('',#4075,#4107,#4109,.T.);
#4107 = VERTEX_POINT('',#4108);
#4108 = CARTESIAN_POINT('',(5.7,-6.73,-5.47));
#4109 = LINE('',#4110,#4111);
#4110 = CARTESIAN_POINT('',(5.7,-10.73,-5.47));
#4111 = VECTOR('',#4112,1.);
#4112 = DIRECTION('',(-0.,1.,0.));
#4113 = ORIENTED_EDGE('',*,*,#4114,.T.);
#4114 = EDGE_CURVE('',#4107,#1882,#4115,.T.);
#4115 = LINE('',#4116,#4117);
#4116 = CARTESIAN_POINT('',(5.7,-6.73,-5.47));
#4117 = VECTOR('',#4118,1.);
#4118 = DIRECTION('',(0.,0.,1.));
#4119 = ORIENTED_EDGE('',*,*,#1889,.F.);
#4120 = PLANE('',#4121);
#4121 = AXIS2_PLACEMENT_3D('',#4122,#4123,#4124);
#4122 = CARTESIAN_POINT('',(5.7,-8.73,-3.735));
#4123 = DIRECTION('',(1.,0.,0.));
#4124 = DIRECTION('',(-0.,0.,1.));
#4125 = ADVANCED_FACE('',(#4126),#4144,.F.);
#4126 = FACE_BOUND('',#4127,.F.);
#4127 = EDGE_LOOP('',(#4128,#4129,#4137,#4143));
#4128 = ORIENTED_EDGE('',*,*,#4090,.F.);
#4129 = ORIENTED_EDGE('',*,*,#4130,.T.);
#4130 = EDGE_CURVE('',#4083,#4131,#4133,.T.);
#4131 = VERTEX_POINT('',#4132);
#4132 = CARTESIAN_POINT('',(4.7,-7.73,-5.47));
#4133 = LINE('',#4134,#4135);
#4134 = CARTESIAN_POINT('',(4.7,-10.73,-5.47));
#4135 = VECTOR('',#4136,1.);
#4136 = DIRECTION('',(-0.,1.,0.));
#4137 = ORIENTED_EDGE('',*,*,#4138,.T.);
#4138 = EDGE_CURVE('',#4131,#1858,#4139,.T.);
#4139 = LINE('',#4140,#4141);
#4140 = CARTESIAN_POINT('',(4.7,-7.73,-5.47));
#4141 = VECTOR('',#4142,1.);
#4142 = DIRECTION('',(0.,0.,1.));
#4143 = ORIENTED_EDGE('',*,*,#1857,.F.);
#4144 = PLANE('',#4145);
#4145 = AXIS2_PLACEMENT_3D('',#4146,#4147,#4148);
#4146 = CARTESIAN_POINT('',(4.7,-10.73,-5.47));
#4147 = DIRECTION('',(1.,0.,-0.));
#4148 = DIRECTION('',(0.,0.,1.));
#4149 = ADVANCED_FACE('',(#4150),#4168,.T.);
#4150 = FACE_BOUND('',#4151,.T.);
#4151 = EDGE_LOOP('',(#4152,#4160,#4166,#4167));
#4152 = ORIENTED_EDGE('',*,*,#4153,.F.);
#4153 = EDGE_CURVE('',#4154,#4107,#4156,.T.);
#4154 = VERTEX_POINT('',#4155);
#4155 = CARTESIAN_POINT('',(1.7,-6.73,-5.47));
#4156 = LINE('',#4157,#4158);
#4157 = CARTESIAN_POINT('',(4.7,-6.73,-5.47));
#4158 = VECTOR('',#4159,1.);
#4159 = DIRECTION('',(1.,0.,-0.));
#4160 = ORIENTED_EDGE('',*,*,#4161,.T.);
#4161 = EDGE_CURVE('',#4154,#1874,#4162,.T.);
#4162 = LINE('',#4163,#4164);
#4163 = CARTESIAN_POINT('',(1.7,-6.73,-5.47));
#4164 = VECTOR('',#4165,1.);
#4165 = DIRECTION('',(0.,0.,1.));
#4166 = ORIENTED_EDGE('',*,*,#1881,.F.);
#4167 = ORIENTED_EDGE('',*,*,#4114,.F.);
#4168 = PLANE('',#4169);
#4169 = AXIS2_PLACEMENT_3D('',#4170,#4171,#4172);
#4170 = CARTESIAN_POINT('',(3.7,-6.73,-3.735));
#4171 = DIRECTION('',(0.,1.,0.));
#4172 = DIRECTION('',(0.,-0.,1.));
#4173 = ADVANCED_FACE('',(#4174),#4192,.F.);
#4174 = FACE_BOUND('',#4175,.F.);
#4175 = EDGE_LOOP('',(#4176,#4184,#4190,#4191));
#4176 = ORIENTED_EDGE('',*,*,#4177,.F.);
#4177 = EDGE_CURVE('',#4178,#4131,#4180,.T.);
#4178 = VERTEX_POINT('',#4179);
#4179 = CARTESIAN_POINT('',(1.7,-7.73,-5.47));
#4180 = LINE('',#4181,#4182);
#4181 = CARTESIAN_POINT('',(1.7,-7.73,-5.47));
#4182 = VECTOR('',#4183,1.);
#4183 = DIRECTION('',(1.,0.,-0.));
#4184 = ORIENTED_EDGE('',*,*,#4185,.T.);
#4185 = EDGE_CURVE('',#4178,#1866,#4186,.T.);
#4186 = LINE('',#4187,#4188);
#4187 = CARTESIAN_POINT('',(1.7,-7.73,-5.47));
#4188 = VECTOR('',#4189,1.);
#4189 = DIRECTION('',(0.,0.,1.));
#4190 = ORIENTED_EDGE('',*,*,#1865,.F.);
#4191 = ORIENTED_EDGE('',*,*,#4138,.F.);
#4192 = PLANE('',#4193);
#4193 = AXIS2_PLACEMENT_3D('',#4194,#4195,#4196);
#4194 = CARTESIAN_POINT('',(1.7,-7.73,-5.47));
#4195 = DIRECTION('',(-0.,1.,0.));
#4196 = DIRECTION('',(0.,0.,1.));
#4197 = ADVANCED_FACE('',(#4198),#4209,.F.);
#4198 = FACE_BOUND('',#4199,.F.);
#4199 = EDGE_LOOP('',(#4200,#4201,#4207,#4208));
#4200 = ORIENTED_EDGE('',*,*,#4185,.F.);
#4201 = ORIENTED_EDGE('',*,*,#4202,.T.);
#4202 = EDGE_CURVE('',#4178,#4154,#4203,.T.);
#4203 = LINE('',#4204,#4205);
#4204 = CARTESIAN_POINT('',(1.7,-7.73,-5.47));
#4205 = VECTOR('',#4206,1.);
#4206 = DIRECTION('',(-0.,1.,0.));
#4207 = ORIENTED_EDGE('',*,*,#4161,.T.);
#4208 = ORIENTED_EDGE('',*,*,#1873,.F.);
#4209 = PLANE('',#4210);
#4210 = AXIS2_PLACEMENT_3D('',#4211,#4212,#4213);
#4211 = CARTESIAN_POINT('',(1.7,-7.73,-5.47));
#4212 = DIRECTION('',(1.,0.,-0.));
#4213 = DIRECTION('',(0.,0.,1.));
#4214 = ADVANCED_FACE('',(#4215),#4240,.F.);
#4215 = FACE_BOUND('',#4216,.F.);
#4216 = EDGE_LOOP('',(#4217,#4225,#4233,#4239));
#4217 = ORIENTED_EDGE('',*,*,#4218,.F.);
#4218 = EDGE_CURVE('',#4219,#1898,#4221,.T.);
#4219 = VERTEX_POINT('',#4220);
#4220 = CARTESIAN_POINT('',(4.5,-9.53,-3.4));
#4221 = LINE('',#4222,#4223);
#4222 = CARTESIAN_POINT('',(4.5,-9.53,-3.4));
#4223 = VECTOR('',#4224,1.);
#4224 = DIRECTION('',(0.,0.,1.));
#4225 = ORIENTED_EDGE('',*,*,#4226,.F.);
#4226 = EDGE_CURVE('',#4227,#4219,#4229,.T.);
#4227 = VERTEX_POINT('',#4228);
#4228 = CARTESIAN_POINT('',(2.9,-9.53,-3.4));
#4229 = LINE('',#4230,#4231);
#4230 = CARTESIAN_POINT('',(2.9,-9.53,-3.4));
#4231 = VECTOR('',#4232,1.);
#4232 = DIRECTION('',(1.,0.,-0.));
#4233 = ORIENTED_EDGE('',*,*,#4234,.T.);
#4234 = EDGE_CURVE('',#4227,#1900,#4235,.T.);
#4235 = LINE('',#4236,#4237);
#4236 = CARTESIAN_POINT('',(2.9,-9.53,-3.4));
#4237 = VECTOR('',#4238,1.);
#4238 = DIRECTION('',(0.,0.,1.));
#4239 = ORIENTED_EDGE('',*,*,#1897,.F.);
#4240 = PLANE('',#4241);
#4241 = AXIS2_PLACEMENT_3D('',#4242,#4243,#4244);
#4242 = CARTESIAN_POINT('',(2.9,-9.53,-3.4));
#4243 = DIRECTION('',(-0.,1.,0.));
#4244 = DIRECTION('',(0.,0.,1.));
#4245 = ADVANCED_FACE('',(#4246),#4264,.T.);
#4246 = FACE_BOUND('',#4247,.T.);
#4247 = EDGE_LOOP('',(#4248,#4249,#4257,#4263));
#4248 = ORIENTED_EDGE('',*,*,#4218,.F.);
#4249 = ORIENTED_EDGE('',*,*,#4250,.T.);
#4250 = EDGE_CURVE('',#4219,#4251,#4253,.T.);
#4251 = VERTEX_POINT('',#4252);
#4252 = CARTESIAN_POINT('',(4.5,-7.93,-3.4));
#4253 = LINE('',#4254,#4255);
#4254 = CARTESIAN_POINT('',(4.5,-9.53,-3.4));
#4255 = VECTOR('',#4256,1.);
#4256 = DIRECTION('',(-0.,1.,0.));
#4257 = ORIENTED_EDGE('',*,*,#4258,.T.);
#4258 = EDGE_CURVE('',#4251,#1916,#4259,.T.);
#4259 = LINE('',#4260,#4261);
#4260 = CARTESIAN_POINT('',(4.5,-7.93,-3.4));
#4261 = VECTOR('',#4262,1.);
#4262 = DIRECTION('',(0.,0.,1.));
#4263 = ORIENTED_EDGE('',*,*,#1923,.F.);
#4264 = PLANE('',#4265);
#4265 = AXIS2_PLACEMENT_3D('',#4266,#4267,#4268);
#4266 = CARTESIAN_POINT('',(4.5,-9.53,-3.4));
#4267 = DIRECTION('',(1.,0.,-0.));
#4268 = DIRECTION('',(0.,0.,1.));
#4269 = ADVANCED_FACE('',(#4270),#4288,.F.);
#4270 = FACE_BOUND('',#4271,.F.);
#4271 = EDGE_LOOP('',(#4272,#4273,#4281,#4287));
#4272 = ORIENTED_EDGE('',*,*,#4234,.F.);
#4273 = ORIENTED_EDGE('',*,*,#4274,.T.);
#4274 = EDGE_CURVE('',#4227,#4275,#4277,.T.);
#4275 = VERTEX_POINT('',#4276);
#4276 = CARTESIAN_POINT('',(2.9,-7.93,-3.4));
#4277 = LINE('',#4278,#4279);
#4278 = CARTESIAN_POINT('',(2.9,-9.53,-3.4));
#4279 = VECTOR('',#4280,1.);
#4280 = DIRECTION('',(-0.,1.,0.));
#4281 = ORIENTED_EDGE('',*,*,#4282,.T.);
#4282 = EDGE_CURVE('',#4275,#1908,#4283,.T.);
#4283 = LINE('',#4284,#4285);
#4284 = CARTESIAN_POINT('',(2.9,-7.93,-3.4));
#4285 = VECTOR('',#4286,1.);
#4286 = DIRECTION('',(0.,0.,1.));
#4287 = ORIENTED_EDGE('',*,*,#1907,.F.);
#4288 = PLANE('',#4289);
#4289 = AXIS2_PLACEMENT_3D('',#4290,#4291,#4292);
#4290 = CARTESIAN_POINT('',(2.9,-9.53,-3.4));
#4291 = DIRECTION('',(1.,0.,-0.));
#4292 = DIRECTION('',(0.,0.,1.));
#4293 = ADVANCED_FACE('',(#4294),#4305,.T.);
#4294 = FACE_BOUND('',#4295,.T.);
#4295 = EDGE_LOOP('',(#4296,#4297,#4303,#4304));
#4296 = ORIENTED_EDGE('',*,*,#4258,.F.);
#4297 = ORIENTED_EDGE('',*,*,#4298,.F.);
#4298 = EDGE_CURVE('',#4275,#4251,#4299,.T.);
#4299 = LINE('',#4300,#4301);
#4300 = CARTESIAN_POINT('',(2.9,-7.93,-3.4));
#4301 = VECTOR('',#4302,1.);
#4302 = DIRECTION('',(1.,0.,-0.));
#4303 = ORIENTED_EDGE('',*,*,#4282,.T.);
#4304 = ORIENTED_EDGE('',*,*,#1915,.F.);
#4305 = PLANE('',#4306);
#4306 = AXIS2_PLACEMENT_3D('',#4307,#4308,#4309);
#4307 = CARTESIAN_POINT('',(2.9,-7.93,-3.4));
#4308 = DIRECTION('',(-0.,1.,0.));
#4309 = DIRECTION('',(0.,0.,1.));
#4310 = ADVANCED_FACE('',(#4311),#4330,.T.);
#4311 = FACE_BOUND('',#4312,.T.);
#4312 = EDGE_LOOP('',(#4313,#4314,#4322,#4329));
#4313 = ORIENTED_EDGE('',*,*,#1931,.F.);
#4314 = ORIENTED_EDGE('',*,*,#4315,.F.);
#4315 = EDGE_CURVE('',#4316,#1932,#4318,.T.);
#4316 = VERTEX_POINT('',#4317);
#4317 = CARTESIAN_POINT('',(24.77,-13.,-4.8));
#4318 = LINE('',#4319,#4320);
#4319 = CARTESIAN_POINT('',(24.77,-13.,-4.8));
#4320 = VECTOR('',#4321,1.);
#4321 = DIRECTION('',(0.,0.,1.));
#4322 = ORIENTED_EDGE('',*,*,#4323,.T.);
#4323 = EDGE_CURVE('',#4316,#4316,#4324,.T.);
#4324 = CIRCLE('',#4325,7.77);
#4325 = AXIS2_PLACEMENT_3D('',#4326,#4327,#4328);
#4326 = CARTESIAN_POINT('',(17.,-13.,-4.8));
#4327 = DIRECTION('',(0.,0.,1.));
#4328 = DIRECTION('',(1.,0.,-0.));
#4329 = ORIENTED_EDGE('',*,*,#4315,.T.);
#4330 = CYLINDRICAL_SURFACE('',#4331,7.77);
#4331 = AXIS2_PLACEMENT_3D('',#4332,#4333,#4334);
#4332 = CARTESIAN_POINT('',(17.,-13.,-4.8));
#4333 = DIRECTION('',(0.,0.,1.));
#4334 = DIRECTION('',(1.,0.,-0.));
#4335 = ADVANCED_FACE('',(#4336),#4355,.F.);
#4336 = FACE_BOUND('',#4337,.F.);
#4337 = EDGE_LOOP('',(#4338,#4339,#4347,#4354));
#4338 = ORIENTED_EDGE('',*,*,#1948,.F.);
#4339 = ORIENTED_EDGE('',*,*,#4340,.F.);
#4340 = EDGE_CURVE('',#4341,#1949,#4343,.T.);
#4341 = VERTEX_POINT('',#4342);
#4342 = CARTESIAN_POINT('',(17.8,-12.2,-3.2));
#4343 = LINE('',#4344,#4345);
#4344 = CARTESIAN_POINT('',(17.8,-12.2,-11.));
#4345 = VECTOR('',#4346,1.);
#4346 = DIRECTION('',(0.,0.,1.));
#4347 = ORIENTED_EDGE('',*,*,#4348,.T.);
#4348 = EDGE_CURVE('',#4341,#4341,#4349,.T.);
#4349 = CIRCLE('',#4350,0.8);
#4350 = AXIS2_PLACEMENT_3D('',#4351,#4352,#4353);
#4351 = CARTESIAN_POINT('',(17.,-12.2,-3.2));
#4352 = DIRECTION('',(0.,0.,1.));
#4353 = DIRECTION('',(1.,0.,-0.));
#4354 = ORIENTED_EDGE('',*,*,#4340,.T.);
#4355 = CYLINDRICAL_SURFACE('',#4356,0.8);
#4356 = AXIS2_PLACEMENT_3D('',#4357,#4358,#4359);
#4357 = CARTESIAN_POINT('',(17.,-12.2,-11.));
#4358 = DIRECTION('',(0.,0.,1.));
#4359 = DIRECTION('',(1.,0.,-0.));
#4360 = ADVANCED_FACE('',(#4361),#4367,.F.);
#4361 = FACE_BOUND('',#4362,.F.);
#4362 = EDGE_LOOP('',(#4363,#4364,#4365,#4366));
#4363 = ORIENTED_EDGE('',*,*,#2217,.F.);
#4364 = ORIENTED_EDGE('',*,*,#1998,.T.);
#4365 = ORIENTED_EDGE('',*,*,#2031,.T.);
#4366 = ORIENTED_EDGE('',*,*,#2055,.F.);
#4367 = PLANE('',#4368);
#4368 = AXIS2_PLACEMENT_3D('',#4369,#4370,#4371);
#4369 = CARTESIAN_POINT('',(-25.55,1.,-8.));
#4370 = DIRECTION('',(0.,0.,1.));
#4371 = DIRECTION('',(1.,0.,-0.));
#4372 = ADVANCED_FACE('',(#4373,#4381,#4431,#4465,#4499,#4549,#4583,
    #4633,#4667,#4701),#4751,.F.);
#4373 = FACE_BOUND('',#4374,.F.);
#4374 = EDGE_LOOP('',(#4375,#4376,#4377,#4378,#4379,#4380));
#4375 = ORIENTED_EDGE('',*,*,#2078,.F.);
#4376 = ORIENTED_EDGE('',*,*,#2111,.F.);
#4377 = ORIENTED_EDGE('',*,*,#2135,.F.);
#4378 = ORIENTED_EDGE('',*,*,#2160,.F.);
#4379 = ORIENTED_EDGE('',*,*,#2184,.F.);
#4380 = ORIENTED_EDGE('',*,*,#2202,.F.);
#4381 = FACE_BOUND('',#4382,.F.);
#4382 = EDGE_LOOP('',(#4383,#4393,#4401,#4409,#4417,#4425));
#4383 = ORIENTED_EDGE('',*,*,#4384,.T.);
#4384 = EDGE_CURVE('',#4385,#4387,#4389,.T.);
#4385 = VERTEX_POINT('',#4386);
#4386 = CARTESIAN_POINT('',(-8.33,5.88,-2.));
#4387 = VERTEX_POINT('',#4388);
#4388 = CARTESIAN_POINT('',(-12.33,5.88,-2.));
#4389 = LINE('',#4390,#4391);
#4390 = CARTESIAN_POINT('',(-6.165,5.88,-2.));
#4391 = VECTOR('',#4392,1.);
#4392 = DIRECTION('',(-1.,-0.,0.));
#4393 = ORIENTED_EDGE('',*,*,#4394,.T.);
#4394 = EDGE_CURVE('',#4387,#4395,#4397,.T.);
#4395 = VERTEX_POINT('',#4396);
#4396 = CARTESIAN_POINT('',(-12.33,9.88,-2.));
#4397 = LINE('',#4398,#4399);
#4398 = CARTESIAN_POINT('',(-12.33,2.94,-2.));
#4399 = VECTOR('',#4400,1.);
#4400 = DIRECTION('',(-0.,1.,0.));
#4401 = ORIENTED_EDGE('',*,*,#4402,.F.);
#4402 = EDGE_CURVE('',#4403,#4395,#4405,.T.);
#4403 = VERTEX_POINT('',#4404);
#4404 = CARTESIAN_POINT('',(-11.33,9.88,-2.));
#4405 = LINE('',#4406,#4407);
#4406 = CARTESIAN_POINT('',(-6.165,9.88,-2.));
#4407 = VECTOR('',#4408,1.);
#4408 = DIRECTION('',(-1.,-0.,0.));
#4409 = ORIENTED_EDGE('',*,*,#4410,.F.);
#4410 = EDGE_CURVE('',#4411,#4403,#4413,.T.);
#4411 = VERTEX_POINT('',#4412);
#4412 = CARTESIAN_POINT('',(-11.33,6.88,-2.));
#4413 = LINE('',#4414,#4415);
#4414 = CARTESIAN_POINT('',(-11.33,2.94,-2.));
#4415 = VECTOR('',#4416,1.);
#4416 = DIRECTION('',(-0.,1.,0.));
#4417 = ORIENTED_EDGE('',*,*,#4418,.F.);
#4418 = EDGE_CURVE('',#4419,#4411,#4421,.T.);
#4419 = VERTEX_POINT('',#4420);
#4420 = CARTESIAN_POINT('',(-8.33,6.88,-2.));
#4421 = LINE('',#4422,#4423);
#4422 = CARTESIAN_POINT('',(-6.165,6.88,-2.));
#4423 = VECTOR('',#4424,1.);
#4424 = DIRECTION('',(-1.,-0.,0.));
#4425 = ORIENTED_EDGE('',*,*,#4426,.F.);
#4426 = EDGE_CURVE('',#4385,#4419,#4427,.T.);
#4427 = LINE('',#4428,#4429);
#4428 = CARTESIAN_POINT('',(-8.33,2.94,-2.));
#4429 = VECTOR('',#4430,1.);
#4430 = DIRECTION('',(-0.,1.,0.));
#4431 = FACE_BOUND('',#4432,.F.);
#4432 = EDGE_LOOP('',(#4433,#4443,#4451,#4459));
#4433 = ORIENTED_EDGE('',*,*,#4434,.T.);
#4434 = EDGE_CURVE('',#4435,#4437,#4439,.T.);
#4435 = VERTEX_POINT('',#4436);
#4436 = CARTESIAN_POINT('',(-9.53,7.08,-2.));
#4437 = VERTEX_POINT('',#4438);
#4438 = CARTESIAN_POINT('',(-11.13,7.08,-2.));
#4439 = LINE('',#4440,#4441);
#4440 = CARTESIAN_POINT('',(-5.565,7.08,-2.));
#4441 = VECTOR('',#4442,1.);
#4442 = DIRECTION('',(-1.,-0.,0.));
#4443 = ORIENTED_EDGE('',*,*,#4444,.T.);
#4444 = EDGE_CURVE('',#4437,#4445,#4447,.T.);
#4445 = VERTEX_POINT('',#4446);
#4446 = CARTESIAN_POINT('',(-11.13,8.68,-2.));
#4447 = LINE('',#4448,#4449);
#4448 = CARTESIAN_POINT('',(-11.13,3.54,-2.));
#4449 = VECTOR('',#4450,1.);
#4450 = DIRECTION('',(-0.,1.,0.));
#4451 = ORIENTED_EDGE('',*,*,#4452,.F.);
#4452 = EDGE_CURVE('',#4453,#4445,#4455,.T.);
#4453 = VERTEX_POINT('',#4454);
#4454 = CARTESIAN_POINT('',(-9.53,8.68,-2.));
#4455 = LINE('',#4456,#4457);
#4456 = CARTESIAN_POINT('',(-5.565,8.68,-2.));
#4457 = VECTOR('',#4458,1.);
#4458 = DIRECTION('',(-1.,-0.,0.));
#4459 = ORIENTED_EDGE('',*,*,#4460,.F.);
#4460 = EDGE_CURVE('',#4435,#4453,#4461,.T.);
#4461 = LINE('',#4462,#4463);
#4462 = CARTESIAN_POINT('',(-9.53,3.54,-2.));
#4463 = VECTOR('',#4464,1.);
#4464 = DIRECTION('',(-0.,1.,0.));
#4465 = FACE_BOUND('',#4466,.F.);
#4466 = EDGE_LOOP('',(#4467,#4477,#4485,#4493));
#4467 = ORIENTED_EDGE('',*,*,#4468,.T.);
#4468 = EDGE_CURVE('',#4469,#4471,#4473,.T.);
#4469 = VERTEX_POINT('',#4470);
#4470 = CARTESIAN_POINT('',(11.13,7.08,-2.));
#4471 = VERTEX_POINT('',#4472);
#4472 = CARTESIAN_POINT('',(9.53,7.08,-2.));
#4473 = LINE('',#4474,#4475);
#4474 = CARTESIAN_POINT('',(4.765,7.08,-2.));
#4475 = VECTOR('',#4476,1.);
#4476 = DIRECTION('',(-1.,-0.,0.));
#4477 = ORIENTED_EDGE('',*,*,#4478,.T.);
#4478 = EDGE_CURVE('',#4471,#4479,#4481,.T.);
#4479 = VERTEX_POINT('',#4480);
#4480 = CARTESIAN_POINT('',(9.53,8.68,-2.));
#4481 = LINE('',#4482,#4483);
#4482 = CARTESIAN_POINT('',(9.53,3.54,-2.));
#4483 = VECTOR('',#4484,1.);
#4484 = DIRECTION('',(-0.,1.,0.));
#4485 = ORIENTED_EDGE('',*,*,#4486,.F.);
#4486 = EDGE_CURVE('',#4487,#4479,#4489,.T.);
#4487 = VERTEX_POINT('',#4488);
#4488 = CARTESIAN_POINT('',(11.13,8.68,-2.));
#4489 = LINE('',#4490,#4491);
#4490 = CARTESIAN_POINT('',(4.765,8.68,-2.));
#4491 = VECTOR('',#4492,1.);
#4492 = DIRECTION('',(-1.,-0.,0.));
#4493 = ORIENTED_EDGE('',*,*,#4494,.F.);
#4494 = EDGE_CURVE('',#4469,#4487,#4495,.T.);
#4495 = LINE('',#4496,#4497);
#4496 = CARTESIAN_POINT('',(11.13,3.54,-2.));
#4497 = VECTOR('',#4498,1.);
#4498 = DIRECTION('',(-0.,1.,0.));
#4499 = FACE_BOUND('',#4500,.F.);
#4500 = EDGE_LOOP('',(#4501,#4511,#4519,#4527,#4535,#4543));
#4501 = ORIENTED_EDGE('',*,*,#4502,.F.);
#4502 = EDGE_CURVE('',#4503,#4505,#4507,.T.);
#4503 = VERTEX_POINT('',#4504);
#4504 = CARTESIAN_POINT('',(12.33,5.88,-2.));
#4505 = VERTEX_POINT('',#4506);
#4506 = CARTESIAN_POINT('',(12.33,9.88,-2.));
#4507 = LINE('',#4508,#4509);
#4508 = CARTESIAN_POINT('',(12.33,2.94,-2.));
#4509 = VECTOR('',#4510,1.);
#4510 = DIRECTION('',(-0.,1.,0.));
#4511 = ORIENTED_EDGE('',*,*,#4512,.T.);
#4512 = EDGE_CURVE('',#4503,#4513,#4515,.T.);
#4513 = VERTEX_POINT('',#4514);
#4514 = CARTESIAN_POINT('',(8.33,5.88,-2.));
#4515 = LINE('',#4516,#4517);
#4516 = CARTESIAN_POINT('',(4.165,5.88,-2.));
#4517 = VECTOR('',#4518,1.);
#4518 = DIRECTION('',(-1.,-0.,0.));
#4519 = ORIENTED_EDGE('',*,*,#4520,.T.);
#4520 = EDGE_CURVE('',#4513,#4521,#4523,.T.);
#4521 = VERTEX_POINT('',#4522);
#4522 = CARTESIAN_POINT('',(8.33,6.88,-2.));
#4523 = LINE('',#4524,#4525);
#4524 = CARTESIAN_POINT('',(8.33,2.94,-2.));
#4525 = VECTOR('',#4526,1.);
#4526 = DIRECTION('',(-0.,1.,0.));
#4527 = ORIENTED_EDGE('',*,*,#4528,.F.);
#4528 = EDGE_CURVE('',#4529,#4521,#4531,.T.);
#4529 = VERTEX_POINT('',#4530);
#4530 = CARTESIAN_POINT('',(11.33,6.88,-2.));
#4531 = LINE('',#4532,#4533);
#4532 = CARTESIAN_POINT('',(4.165,6.88,-2.));
#4533 = VECTOR('',#4534,1.);
#4534 = DIRECTION('',(-1.,-0.,0.));
#4535 = ORIENTED_EDGE('',*,*,#4536,.T.);
#4536 = EDGE_CURVE('',#4529,#4537,#4539,.T.);
#4537 = VERTEX_POINT('',#4538);
#4538 = CARTESIAN_POINT('',(11.33,9.88,-2.));
#4539 = LINE('',#4540,#4541);
#4540 = CARTESIAN_POINT('',(11.33,2.94,-2.));
#4541 = VECTOR('',#4542,1.);
#4542 = DIRECTION('',(-0.,1.,0.));
#4543 = ORIENTED_EDGE('',*,*,#4544,.F.);
#4544 = EDGE_CURVE('',#4505,#4537,#4545,.T.);
#4545 = LINE('',#4546,#4547);
#4546 = CARTESIAN_POINT('',(5.665,9.88,-2.));
#4547 = VECTOR('',#4548,1.);
#4548 = DIRECTION('',(-1.,-0.,0.));
#4549 = FACE_BOUND('',#4550,.F.);
#4550 = EDGE_LOOP('',(#4551,#4561,#4569,#4577));
#4551 = ORIENTED_EDGE('',*,*,#4552,.T.);
#4552 = EDGE_CURVE('',#4553,#4555,#4557,.T.);
#4553 = VERTEX_POINT('',#4554);
#4554 = CARTESIAN_POINT('',(-9.53,21.32,-2.));
#4555 = VERTEX_POINT('',#4556);
#4556 = CARTESIAN_POINT('',(-11.13,21.32,-2.));
#4557 = LINE('',#4558,#4559);
#4558 = CARTESIAN_POINT('',(-5.565,21.32,-2.));
#4559 = VECTOR('',#4560,1.);
#4560 = DIRECTION('',(-1.,-0.,0.));
#4561 = ORIENTED_EDGE('',*,*,#4562,.T.);
#4562 = EDGE_CURVE('',#4555,#4563,#4565,.T.);
#4563 = VERTEX_POINT('',#4564);
#4564 = CARTESIAN_POINT('',(-11.13,22.92,-2.));
#4565 = LINE('',#4566,#4567);
#4566 = CARTESIAN_POINT('',(-11.13,10.66,-2.));
#4567 = VECTOR('',#4568,1.);
#4568 = DIRECTION('',(-0.,1.,0.));
#4569 = ORIENTED_EDGE('',*,*,#4570,.F.);
#4570 = EDGE_CURVE('',#4571,#4563,#4573,.T.);
#4571 = VERTEX_POINT('',#4572);
#4572 = CARTESIAN_POINT('',(-9.53,22.92,-2.));
#4573 = LINE('',#4574,#4575);
#4574 = CARTESIAN_POINT('',(-5.565,22.92,-2.));
#4575 = VECTOR('',#4576,1.);
#4576 = DIRECTION('',(-1.,-0.,0.));
#4577 = ORIENTED_EDGE('',*,*,#4578,.F.);
#4578 = EDGE_CURVE('',#4553,#4571,#4579,.T.);
#4579 = LINE('',#4580,#4581);
#4580 = CARTESIAN_POINT('',(-9.53,10.66,-2.));
#4581 = VECTOR('',#4582,1.);
#4582 = DIRECTION('',(-0.,1.,0.));
#4583 = FACE_BOUND('',#4584,.F.);
#4584 = EDGE_LOOP('',(#4585,#4595,#4603,#4611,#4619,#4627));
#4585 = ORIENTED_EDGE('',*,*,#4586,.T.);
#4586 = EDGE_CURVE('',#4587,#4589,#4591,.T.);
#4587 = VERTEX_POINT('',#4588);
#4588 = CARTESIAN_POINT('',(-11.33,20.12,-2.));
#4589 = VERTEX_POINT('',#4590);
#4590 = CARTESIAN_POINT('',(-12.33,20.12,-2.));
#4591 = LINE('',#4592,#4593);
#4592 = CARTESIAN_POINT('',(-6.165,20.12,-2.));
#4593 = VECTOR('',#4594,1.);
#4594 = DIRECTION('',(-1.,-0.,0.));
#4595 = ORIENTED_EDGE('',*,*,#4596,.T.);
#4596 = EDGE_CURVE('',#4589,#4597,#4599,.T.);
#4597 = VERTEX_POINT('',#4598);
#4598 = CARTESIAN_POINT('',(-12.33,24.12,-2.));
#4599 = LINE('',#4600,#4601);
#4600 = CARTESIAN_POINT('',(-12.33,11.56,-2.));
#4601 = VECTOR('',#4602,1.);
#4602 = DIRECTION('',(-0.,1.,0.));
#4603 = ORIENTED_EDGE('',*,*,#4604,.F.);
#4604 = EDGE_CURVE('',#4605,#4597,#4607,.T.);
#4605 = VERTEX_POINT('',#4606);
#4606 = CARTESIAN_POINT('',(-8.33,24.12,-2.));
#4607 = LINE('',#4608,#4609);
#4608 = CARTESIAN_POINT('',(-6.165,24.12,-2.));
#4609 = VECTOR('',#4610,1.);
#4610 = DIRECTION('',(-1.,-0.,0.));
#4611 = ORIENTED_EDGE('',*,*,#4612,.F.);
#4612 = EDGE_CURVE('',#4613,#4605,#4615,.T.);
#4613 = VERTEX_POINT('',#4614);
#4614 = CARTESIAN_POINT('',(-8.33,23.12,-2.));
#4615 = LINE('',#4616,#4617);
#4616 = CARTESIAN_POINT('',(-8.33,11.56,-2.));
#4617 = VECTOR('',#4618,1.);
#4618 = DIRECTION('',(-0.,1.,0.));
#4619 = ORIENTED_EDGE('',*,*,#4620,.T.);
#4620 = EDGE_CURVE('',#4613,#4621,#4623,.T.);
#4621 = VERTEX_POINT('',#4622);
#4622 = CARTESIAN_POINT('',(-11.33,23.12,-2.));
#4623 = LINE('',#4624,#4625);
#4624 = CARTESIAN_POINT('',(-6.165,23.12,-2.));
#4625 = VECTOR('',#4626,1.);
#4626 = DIRECTION('',(-1.,-0.,0.));
#4627 = ORIENTED_EDGE('',*,*,#4628,.F.);
#4628 = EDGE_CURVE('',#4587,#4621,#4629,.T.);
#4629 = LINE('',#4630,#4631);
#4630 = CARTESIAN_POINT('',(-11.33,10.06,-2.));
#4631 = VECTOR('',#4632,1.);
#4632 = DIRECTION('',(-0.,1.,0.));
#4633 = FACE_BOUND('',#4634,.F.);
#4634 = EDGE_LOOP('',(#4635,#4645,#4653,#4661));
#4635 = ORIENTED_EDGE('',*,*,#4636,.T.);
#4636 = EDGE_CURVE('',#4637,#4639,#4641,.T.);
#4637 = VERTEX_POINT('',#4638);
#4638 = CARTESIAN_POINT('',(9.13,9.08,-2.));
#4639 = VERTEX_POINT('',#4640);
#4640 = CARTESIAN_POINT('',(-9.13,9.08,-2.));
#4641 = LINE('',#4642,#4643);
#4642 = CARTESIAN_POINT('',(-4.565,9.08,-2.));
#4643 = VECTOR('',#4644,1.);
#4644 = DIRECTION('',(-1.,-0.,0.));
#4645 = ORIENTED_EDGE('',*,*,#4646,.T.);
#4646 = EDGE_CURVE('',#4639,#4647,#4649,.T.);
#4647 = VERTEX_POINT('',#4648);
#4648 = CARTESIAN_POINT('',(-9.13,20.92,-2.));
#4649 = LINE('',#4650,#4651);
#4650 = CARTESIAN_POINT('',(-9.13,4.54,-2.));
#4651 = VECTOR('',#4652,1.);
#4652 = DIRECTION('',(-0.,1.,0.));
#4653 = ORIENTED_EDGE('',*,*,#4654,.F.);
#4654 = EDGE_CURVE('',#4655,#4647,#4657,.T.);
#4655 = VERTEX_POINT('',#4656);
#4656 = CARTESIAN_POINT('',(9.13,20.92,-2.));
#4657 = LINE('',#4658,#4659);
#4658 = CARTESIAN_POINT('',(-4.565,20.92,-2.));
#4659 = VECTOR('',#4660,1.);
#4660 = DIRECTION('',(-1.,-0.,0.));
#4661 = ORIENTED_EDGE('',*,*,#4662,.F.);
#4662 = EDGE_CURVE('',#4637,#4655,#4663,.T.);
#4663 = LINE('',#4664,#4665);
#4664 = CARTESIAN_POINT('',(9.13,4.54,-2.));
#4665 = VECTOR('',#4666,1.);
#4666 = DIRECTION('',(-0.,1.,0.));
#4667 = FACE_BOUND('',#4668,.F.);
#4668 = EDGE_LOOP('',(#4669,#4679,#4687,#4695));
#4669 = ORIENTED_EDGE('',*,*,#4670,.T.);
#4670 = EDGE_CURVE('',#4671,#4673,#4675,.T.);
#4671 = VERTEX_POINT('',#4672);
#4672 = CARTESIAN_POINT('',(11.13,21.32,-2.));
#4673 = VERTEX_POINT('',#4674);
#4674 = CARTESIAN_POINT('',(9.53,21.32,-2.));
#4675 = LINE('',#4676,#4677);
#4676 = CARTESIAN_POINT('',(4.765,21.32,-2.));
#4677 = VECTOR('',#4678,1.);
#4678 = DIRECTION('',(-1.,-0.,0.));
#4679 = ORIENTED_EDGE('',*,*,#4680,.T.);
#4680 = EDGE_CURVE('',#4673,#4681,#4683,.T.);
#4681 = VERTEX_POINT('',#4682);
#4682 = CARTESIAN_POINT('',(9.53,22.92,-2.));
#4683 = LINE('',#4684,#4685);
#4684 = CARTESIAN_POINT('',(9.53,10.66,-2.));
#4685 = VECTOR('',#4686,1.);
#4686 = DIRECTION('',(-0.,1.,0.));
#4687 = ORIENTED_EDGE('',*,*,#4688,.F.);
#4688 = EDGE_CURVE('',#4689,#4681,#4691,.T.);
#4689 = VERTEX_POINT('',#4690);
#4690 = CARTESIAN_POINT('',(11.13,22.92,-2.));
#4691 = LINE('',#4692,#4693);
#4692 = CARTESIAN_POINT('',(4.765,22.92,-2.));
#4693 = VECTOR('',#4694,1.);
#4694 = DIRECTION('',(-1.,-0.,0.));
#4695 = ORIENTED_EDGE('',*,*,#4696,.F.);
#4696 = EDGE_CURVE('',#4671,#4689,#4697,.T.);
#4697 = LINE('',#4698,#4699);
#4698 = CARTESIAN_POINT('',(11.13,10.66,-2.));
#4699 = VECTOR('',#4700,1.);
#4700 = DIRECTION('',(-0.,1.,0.));
#4701 = FACE_BOUND('',#4702,.F.);
#4702 = EDGE_LOOP('',(#4703,#4713,#4721,#4729,#4737,#4745));
#4703 = ORIENTED_EDGE('',*,*,#4704,.T.);
#4704 = EDGE_CURVE('',#4705,#4707,#4709,.T.);
#4705 = VERTEX_POINT('',#4706);
#4706 = CARTESIAN_POINT('',(12.33,20.12,-2.));
#4707 = VERTEX_POINT('',#4708);
#4708 = CARTESIAN_POINT('',(11.33,20.12,-2.));
#4709 = LINE('',#4710,#4711);
#4710 = CARTESIAN_POINT('',(5.665,20.12,-2.));
#4711 = VECTOR('',#4712,1.);
#4712 = DIRECTION('',(-1.,-0.,0.));
#4713 = ORIENTED_EDGE('',*,*,#4714,.T.);
#4714 = EDGE_CURVE('',#4707,#4715,#4717,.T.);
#4715 = VERTEX_POINT('',#4716);
#4716 = CARTESIAN_POINT('',(11.33,23.12,-2.));
#4717 = LINE('',#4718,#4719);
#4718 = CARTESIAN_POINT('',(11.33,10.06,-2.));
#4719 = VECTOR('',#4720,1.);
#4720 = DIRECTION('',(-0.,1.,0.));
#4721 = ORIENTED_EDGE('',*,*,#4722,.T.);
#4722 = EDGE_CURVE('',#4715,#4723,#4725,.T.);
#4723 = VERTEX_POINT('',#4724);
#4724 = CARTESIAN_POINT('',(8.33,23.12,-2.));
#4725 = LINE('',#4726,#4727);
#4726 = CARTESIAN_POINT('',(4.165,23.12,-2.));
#4727 = VECTOR('',#4728,1.);
#4728 = DIRECTION('',(-1.,-0.,0.));
#4729 = ORIENTED_EDGE('',*,*,#4730,.T.);
#4730 = EDGE_CURVE('',#4723,#4731,#4733,.T.);
#4731 = VERTEX_POINT('',#4732);
#4732 = CARTESIAN_POINT('',(8.33,24.12,-2.));
#4733 = LINE('',#4734,#4735);
#4734 = CARTESIAN_POINT('',(8.33,11.56,-2.));
#4735 = VECTOR('',#4736,1.);
#4736 = DIRECTION('',(-0.,1.,0.));
#4737 = ORIENTED_EDGE('',*,*,#4738,.F.);
#4738 = EDGE_CURVE('',#4739,#4731,#4741,.T.);
#4739 = VERTEX_POINT('',#4740);
#4740 = CARTESIAN_POINT('',(12.33,24.12,-2.));
#4741 = LINE('',#4742,#4743);
#4742 = CARTESIAN_POINT('',(4.165,24.12,-2.));
#4743 = VECTOR('',#4744,1.);
#4744 = DIRECTION('',(-1.,-0.,0.));
#4745 = ORIENTED_EDGE('',*,*,#4746,.F.);
#4746 = EDGE_CURVE('',#4705,#4739,#4747,.T.);
#4747 = LINE('',#4748,#4749);
#4748 = CARTESIAN_POINT('',(12.33,10.06,-2.));
#4749 = VECTOR('',#4750,1.);
#4750 = DIRECTION('',(-0.,1.,0.));
#4751 = PLANE('',#4752);
#4752 = AXIS2_PLACEMENT_3D('',#4753,#4754,#4755);
#4753 = CARTESIAN_POINT('',(8.04363295761E-16,-1.969869295741E-16,-2.));
#4754 = DIRECTION('',(0.,0.,1.));
#4755 = DIRECTION('',(1.,0.,-0.));
#4756 = ADVANCED_FACE('',(#4757),#4765,.T.);
#4757 = FACE_BOUND('',#4758,.T.);
#4758 = EDGE_LOOP('',(#4759,#4760,#4761,#4762,#4763,#4764));
#4759 = ORIENTED_EDGE('',*,*,#2285,.T.);
#4760 = ORIENTED_EDGE('',*,*,#2269,.T.);
#4761 = ORIENTED_EDGE('',*,*,#2514,.F.);
#4762 = ORIENTED_EDGE('',*,*,#2554,.F.);
#4763 = ORIENTED_EDGE('',*,*,#2603,.F.);
#4764 = ORIENTED_EDGE('',*,*,#2315,.F.);
#4765 = PLANE('',#4766);
#4766 = AXIS2_PLACEMENT_3D('',#4767,#4768,#4769);
#4767 = CARTESIAN_POINT('',(-23.9425,-5.0525,-6.61));
#4768 = DIRECTION('',(-0.,-0.,-1.));
#4769 = DIRECTION('',(-1.,0.,0.));
#4770 = ADVANCED_FACE('',(#4771),#4779,.T.);
#4771 = FACE_BOUND('',#4772,.T.);
#4772 = EDGE_LOOP('',(#4773,#4774,#4775,#4776,#4777,#4778));
#4773 = ORIENTED_EDGE('',*,*,#2390,.T.);
#4774 = ORIENTED_EDGE('',*,*,#2363,.T.);
#4775 = ORIENTED_EDGE('',*,*,#2620,.F.);
#4776 = ORIENTED_EDGE('',*,*,#2578,.T.);
#4777 = ORIENTED_EDGE('',*,*,#2531,.F.);
#4778 = ORIENTED_EDGE('',*,*,#2412,.F.);
#4779 = PLANE('',#4780);
#4780 = AXIS2_PLACEMENT_3D('',#4781,#4782,#4783);
#4781 = CARTESIAN_POINT('',(-23.9425,-20.9475,-6.61));
#4782 = DIRECTION('',(-0.,-0.,-1.));
#4783 = DIRECTION('',(-1.,0.,0.));
#4784 = ADVANCED_FACE('',(#4785),#4791,.F.);
#4785 = FACE_BOUND('',#4786,.F.);
#4786 = EDGE_LOOP('',(#4787,#4788,#4789,#4790));
#4787 = ORIENTED_EDGE('',*,*,#2692,.F.);
#4788 = ORIENTED_EDGE('',*,*,#2644,.T.);
#4789 = ORIENTED_EDGE('',*,*,#2668,.T.);
#4790 = ORIENTED_EDGE('',*,*,#2716,.F.);
#4791 = PLANE('',#4792);
#4792 = AXIS2_PLACEMENT_3D('',#4793,#4794,#4795);
#4793 = CARTESIAN_POINT('',(-24.18,-21.185,-4.6));
#4794 = DIRECTION('',(0.,0.,1.));
#4795 = DIRECTION('',(1.,0.,-0.));
#4796 = ADVANCED_FACE('',(#4797),#4803,.F.);
#4797 = FACE_BOUND('',#4798,.F.);
#4798 = EDGE_LOOP('',(#4799,#4800,#4801,#4802));
#4799 = ORIENTED_EDGE('',*,*,#2788,.F.);
#4800 = ORIENTED_EDGE('',*,*,#2740,.T.);
#4801 = ORIENTED_EDGE('',*,*,#2764,.T.);
#4802 = ORIENTED_EDGE('',*,*,#2812,.F.);
#4803 = PLANE('',#4804);
#4804 = AXIS2_PLACEMENT_3D('',#4805,#4806,#4807);
#4805 = CARTESIAN_POINT('',(-9.42,-21.185,-4.6));
#4806 = DIRECTION('',(0.,0.,1.));
#4807 = DIRECTION('',(1.,0.,-0.));
#4808 = ADVANCED_FACE('',(#4809),#4819,.T.);
#4809 = FACE_BOUND('',#4810,.T.);
#4810 = EDGE_LOOP('',(#4811,#4812,#4813,#4814,#4815,#4816,#4817,#4818));
#4811 = ORIENTED_EDGE('',*,*,#2836,.T.);
#4812 = ORIENTED_EDGE('',*,*,#2893,.T.);
#4813 = ORIENTED_EDGE('',*,*,#3115,.F.);
#4814 = ORIENTED_EDGE('',*,*,#3067,.T.);
#4815 = ORIENTED_EDGE('',*,*,#3020,.F.);
#4816 = ORIENTED_EDGE('',*,*,#2971,.T.);
#4817 = ORIENTED_EDGE('',*,*,#2924,.F.);
#4818 = ORIENTED_EDGE('',*,*,#2859,.F.);
#4819 = PLANE('',#4820);
#4820 = AXIS2_PLACEMENT_3D('',#4821,#4822,#4823);
#4821 = CARTESIAN_POINT('',(-5.62058125,-21.17441875,-5.47));
#4822 = DIRECTION('',(-0.,-0.,-1.));
#4823 = DIRECTION('',(-1.,0.,0.));
#4824 = ADVANCED_FACE('',(#4825),#4833,.T.);
#4825 = FACE_BOUND('',#4826,.T.);
#4826 = EDGE_LOOP('',(#4827,#4828,#4829,#4830,#4831,#4832));
#4827 = ORIENTED_EDGE('',*,*,#2909,.F.);
#4828 = ORIENTED_EDGE('',*,*,#2948,.T.);
#4829 = ORIENTED_EDGE('',*,*,#2995,.T.);
#4830 = ORIENTED_EDGE('',*,*,#3044,.T.);
#4831 = ORIENTED_EDGE('',*,*,#3099,.T.);
#4832 = ORIENTED_EDGE('',*,*,#3122,.F.);
#4833 = PLANE('',#4834);
#4834 = AXIS2_PLACEMENT_3D('',#4835,#4836,#4837);
#4835 = CARTESIAN_POINT('',(-8.0575,-20.9475,-6.61));
#4836 = DIRECTION('',(-0.,-0.,-1.));
#4837 = DIRECTION('',(-1.,0.,0.));
#4838 = ADVANCED_FACE('',(#4839),#4845,.F.);
#4839 = FACE_BOUND('',#4840,.F.);
#4840 = EDGE_LOOP('',(#4841,#4842,#4843,#4844));
#4841 = ORIENTED_EDGE('',*,*,#3195,.F.);
#4842 = ORIENTED_EDGE('',*,*,#3147,.T.);
#4843 = ORIENTED_EDGE('',*,*,#3171,.T.);
#4844 = ORIENTED_EDGE('',*,*,#3219,.F.);
#4845 = PLANE('',#4846);
#4846 = AXIS2_PLACEMENT_3D('',#4847,#4848,#4849);
#4847 = CARTESIAN_POINT('',(-6.,-21.27,-3.4));
#4848 = DIRECTION('',(0.,0.,1.));
#4849 = DIRECTION('',(1.,0.,-0.));
#4850 = ADVANCED_FACE('',(#4851),#4859,.T.);
#4851 = FACE_BOUND('',#4852,.T.);
#4852 = EDGE_LOOP('',(#4853,#4854,#4855,#4856,#4857,#4858));
#4853 = ORIENTED_EDGE('',*,*,#3243,.F.);
#4854 = ORIENTED_EDGE('',*,*,#3276,.F.);
#4855 = ORIENTED_EDGE('',*,*,#3315,.T.);
#4856 = ORIENTED_EDGE('',*,*,#3362,.T.);
#4857 = ORIENTED_EDGE('',*,*,#3346,.T.);
#4858 = ORIENTED_EDGE('',*,*,#3291,.T.);
#4859 = PLANE('',#4860);
#4860 = AXIS2_PLACEMENT_3D('',#4861,#4862,#4863);
#4861 = CARTESIAN_POINT('',(4.2625,-21.0325,-5.47));
#4862 = DIRECTION('',(-0.,-0.,-1.));
#4863 = DIRECTION('',(-1.,0.,0.));
#4864 = ADVANCED_FACE('',(#4865),#4871,.F.);
#4865 = FACE_BOUND('',#4866,.F.);
#4866 = EDGE_LOOP('',(#4867,#4868,#4869,#4870));
#4867 = ORIENTED_EDGE('',*,*,#3435,.F.);
#4868 = ORIENTED_EDGE('',*,*,#3387,.T.);
#4869 = ORIENTED_EDGE('',*,*,#3411,.T.);
#4870 = ORIENTED_EDGE('',*,*,#3459,.F.);
#4871 = PLANE('',#4872);
#4872 = AXIS2_PLACEMENT_3D('',#4873,#4874,#4875);
#4873 = CARTESIAN_POINT('',(2.9,-21.27,-3.4));
#4874 = DIRECTION('',(0.,0.,1.));
#4875 = DIRECTION('',(1.,0.,-0.));
#4876 = ADVANCED_FACE('',(#4877),#4883,.F.);
#4877 = FACE_BOUND('',#4878,.F.);
#4878 = EDGE_LOOP('',(#4879,#4880,#4881,#4882));
#4879 = ORIENTED_EDGE('',*,*,#3531,.F.);
#4880 = ORIENTED_EDGE('',*,*,#3483,.T.);
#4881 = ORIENTED_EDGE('',*,*,#3507,.T.);
#4882 = ORIENTED_EDGE('',*,*,#3555,.F.);
#4883 = PLANE('',#4884);
#4884 = AXIS2_PLACEMENT_3D('',#4885,#4886,#4887);
#4885 = CARTESIAN_POINT('',(-6.,-9.53,-3.4));
#4886 = DIRECTION('',(0.,0.,1.));
#4887 = DIRECTION('',(1.,0.,-0.));
#4888 = ADVANCED_FACE('',(#4889),#4895,.F.);
#4889 = FACE_BOUND('',#4890,.F.);
#4890 = EDGE_LOOP('',(#4891,#4892,#4893,#4894));
#4891 = ORIENTED_EDGE('',*,*,#3627,.F.);
#4892 = ORIENTED_EDGE('',*,*,#3579,.T.);
#4893 = ORIENTED_EDGE('',*,*,#3603,.T.);
#4894 = ORIENTED_EDGE('',*,*,#3651,.F.);
#4895 = PLANE('',#4896);
#4896 = AXIS2_PLACEMENT_3D('',#4897,#4898,#4899);
#4897 = CARTESIAN_POINT('',(-24.18,-6.415,-4.6));
#4898 = DIRECTION('',(0.,0.,1.));
#4899 = DIRECTION('',(1.,0.,-0.));
#4900 = ADVANCED_FACE('',(#4901),#4911,.T.);
#4901 = FACE_BOUND('',#4902,.T.);
#4902 = EDGE_LOOP('',(#4903,#4904,#4905,#4906,#4907,#4908,#4909,#4910));
#4903 = ORIENTED_EDGE('',*,*,#3716,.T.);
#4904 = ORIENTED_EDGE('',*,*,#3700,.T.);
#4905 = ORIENTED_EDGE('',*,*,#3947,.F.);
#4906 = ORIENTED_EDGE('',*,*,#3961,.T.);
#4907 = ORIENTED_EDGE('',*,*,#3907,.F.);
#4908 = ORIENTED_EDGE('',*,*,#3858,.F.);
#4909 = ORIENTED_EDGE('',*,*,#3811,.F.);
#4910 = ORIENTED_EDGE('',*,*,#3770,.F.);
#4911 = PLANE('',#4912);
#4912 = AXIS2_PLACEMENT_3D('',#4913,#4914,#4915);
#4913 = CARTESIAN_POINT('',(-5.73041875,-8.19958125,-5.47));
#4914 = DIRECTION('',(-0.,-0.,-1.));
#4915 = DIRECTION('',(-1.,0.,0.));
#4916 = ADVANCED_FACE('',(#4917),#4925,.T.);
#4917 = FACE_BOUND('',#4918,.T.);
#4918 = EDGE_LOOP('',(#4919,#4920,#4921,#4922,#4923,#4924));
#4919 = ORIENTED_EDGE('',*,*,#3739,.T.);
#4920 = ORIENTED_EDGE('',*,*,#3786,.F.);
#4921 = ORIENTED_EDGE('',*,*,#3835,.T.);
#4922 = ORIENTED_EDGE('',*,*,#3882,.T.);
#4923 = ORIENTED_EDGE('',*,*,#3931,.F.);
#4924 = ORIENTED_EDGE('',*,*,#3677,.F.);
#4925 = PLANE('',#4926);
#4926 = AXIS2_PLACEMENT_3D('',#4927,#4928,#4929);
#4927 = CARTESIAN_POINT('',(-8.0575,-5.0525,-6.61));
#4928 = DIRECTION('',(-0.,-0.,-1.));
#4929 = DIRECTION('',(-1.,0.,0.));
#4930 = ADVANCED_FACE('',(#4931),#4937,.F.);
#4931 = FACE_BOUND('',#4932,.F.);
#4932 = EDGE_LOOP('',(#4933,#4934,#4935,#4936));
#4933 = ORIENTED_EDGE('',*,*,#4034,.F.);
#4934 = ORIENTED_EDGE('',*,*,#3986,.T.);
#4935 = ORIENTED_EDGE('',*,*,#4010,.T.);
#4936 = ORIENTED_EDGE('',*,*,#4058,.F.);
#4937 = PLANE('',#4938);
#4938 = AXIS2_PLACEMENT_3D('',#4939,#4940,#4941);
#4939 = CARTESIAN_POINT('',(-9.42,-6.415,-4.6));
#4940 = DIRECTION('',(0.,0.,1.));
#4941 = DIRECTION('',(1.,0.,-0.));
#4942 = ADVANCED_FACE('',(#4943),#4951,.T.);
#4943 = FACE_BOUND('',#4944,.T.);
#4944 = EDGE_LOOP('',(#4945,#4946,#4947,#4948,#4949,#4950));
#4945 = ORIENTED_EDGE('',*,*,#4130,.T.);
#4946 = ORIENTED_EDGE('',*,*,#4177,.F.);
#4947 = ORIENTED_EDGE('',*,*,#4202,.T.);
#4948 = ORIENTED_EDGE('',*,*,#4153,.T.);
#4949 = ORIENTED_EDGE('',*,*,#4106,.F.);
#4950 = ORIENTED_EDGE('',*,*,#4082,.F.);
#4951 = PLANE('',#4952);
#4952 = AXIS2_PLACEMENT_3D('',#4953,#4954,#4955);
#4953 = CARTESIAN_POINT('',(4.2625,-8.1675,-5.47));
#4954 = DIRECTION('',(-0.,-0.,-1.));
#4955 = DIRECTION('',(-1.,0.,0.));
#4956 = ADVANCED_FACE('',(#4957),#4963,.F.);
#4957 = FACE_BOUND('',#4958,.F.);
#4958 = EDGE_LOOP('',(#4959,#4960,#4961,#4962));
#4959 = ORIENTED_EDGE('',*,*,#4274,.F.);
#4960 = ORIENTED_EDGE('',*,*,#4226,.T.);
#4961 = ORIENTED_EDGE('',*,*,#4250,.T.);
#4962 = ORIENTED_EDGE('',*,*,#4298,.F.);
#4963 = PLANE('',#4964);
#4964 = AXIS2_PLACEMENT_3D('',#4965,#4966,#4967);
#4965 = CARTESIAN_POINT('',(2.9,-9.53,-3.4));
#4966 = DIRECTION('',(0.,0.,1.));
#4967 = DIRECTION('',(1.,0.,-0.));
#4968 = ADVANCED_FACE('',(#4969,#4972),#4983,.F.);
#4969 = FACE_BOUND('',#4970,.F.);
#4970 = EDGE_LOOP('',(#4971));
#4971 = ORIENTED_EDGE('',*,*,#4323,.T.);
#4972 = FACE_BOUND('',#4973,.F.);
#4973 = EDGE_LOOP('',(#4974));
#4974 = ORIENTED_EDGE('',*,*,#4975,.F.);
#4975 = EDGE_CURVE('',#4976,#4976,#4978,.T.);
#4976 = VERTEX_POINT('',#4977);
#4977 = CARTESIAN_POINT('',(23.77,-13.,-4.8));
#4978 = CIRCLE('',#4979,6.77);
#4979 = AXIS2_PLACEMENT_3D('',#4980,#4981,#4982);
#4980 = CARTESIAN_POINT('',(17.,-13.,-4.8));
#4981 = DIRECTION('',(0.,0.,1.));
#4982 = DIRECTION('',(1.,0.,-0.));
#4983 = PLANE('',#4984);
#4984 = AXIS2_PLACEMENT_3D('',#4985,#4986,#4987);
#4985 = CARTESIAN_POINT('',(17.,-13.,-4.8));
#4986 = DIRECTION('',(0.,0.,1.));
#4987 = DIRECTION('',(1.,0.,-0.));
#4988 = ADVANCED_FACE('',(#4989,#5000),#5003,.F.);
#4989 = FACE_BOUND('',#4990,.F.);
#4990 = EDGE_LOOP('',(#4991));
#4991 = ORIENTED_EDGE('',*,*,#4992,.T.);
#4992 = EDGE_CURVE('',#4993,#4993,#4995,.T.);
#4993 = VERTEX_POINT('',#4994);
#4994 = CARTESIAN_POINT('',(19.,-12.2,-3.2));
#4995 = CIRCLE('',#4996,2.);
#4996 = AXIS2_PLACEMENT_3D('',#4997,#4998,#4999);
#4997 = CARTESIAN_POINT('',(17.,-12.2,-3.2));
#4998 = DIRECTION('',(0.,0.,1.));
#4999 = DIRECTION('',(1.,0.,-0.));
#5000 = FACE_BOUND('',#5001,.F.);
#5001 = EDGE_LOOP('',(#5002));
#5002 = ORIENTED_EDGE('',*,*,#4348,.F.);
#5003 = PLANE('',#5004);
#5004 = AXIS2_PLACEMENT_3D('',#5005,#5006,#5007);
#5005 = CARTESIAN_POINT('',(17.,-12.2,-3.2));
#5006 = DIRECTION('',(0.,0.,1.));
#5007 = DIRECTION('',(1.,0.,-0.));
#5008 = ADVANCED_FACE('',(#5009),#5034,.T.);
#5009 = FACE_BOUND('',#5010,.T.);
#5010 = EDGE_LOOP('',(#5011,#5021,#5027,#5028));
#5011 = ORIENTED_EDGE('',*,*,#5012,.T.);
#5012 = EDGE_CURVE('',#5013,#5015,#5017,.T.);
#5013 = VERTEX_POINT('',#5014);
#5014 = CARTESIAN_POINT('',(-12.33,5.88,-5.16));
#5015 = VERTEX_POINT('',#5016);
#5016 = CARTESIAN_POINT('',(-8.33,5.88,-5.16));
#5017 = LINE('',#5018,#5019);
#5018 = CARTESIAN_POINT('',(-12.33,5.88,-5.16));
#5019 = VECTOR('',#5020,1.);
#5020 = DIRECTION('',(1.,0.,-0.));
#5021 = ORIENTED_EDGE('',*,*,#5022,.T.);
#5022 = EDGE_CURVE('',#5015,#4385,#5023,.T.);
#5023 = LINE('',#5024,#5025);
#5024 = CARTESIAN_POINT('',(-8.33,5.88,-5.16));
#5025 = VECTOR('',#5026,1.);
#5026 = DIRECTION('',(0.,0.,1.));
#5027 = ORIENTED_EDGE('',*,*,#4384,.T.);
#5028 = ORIENTED_EDGE('',*,*,#5029,.F.);
#5029 = EDGE_CURVE('',#5013,#4387,#5030,.T.);
#5030 = LINE('',#5031,#5032);
#5031 = CARTESIAN_POINT('',(-12.33,5.88,-5.16));
#5032 = VECTOR('',#5033,1.);
#5033 = DIRECTION('',(0.,0.,1.));
#5034 = PLANE('',#5035);
#5035 = AXIS2_PLACEMENT_3D('',#5036,#5037,#5038);
#5036 = CARTESIAN_POINT('',(-10.33,5.88,-3.58));
#5037 = DIRECTION('',(-0.,-1.,-0.));
#5038 = DIRECTION('',(0.,0.,-1.));
#5039 = ADVANCED_FACE('',(#5040),#5058,.T.);
#5040 = FACE_BOUND('',#5041,.T.);
#5041 = EDGE_LOOP('',(#5042,#5043,#5051,#5057));
#5042 = ORIENTED_EDGE('',*,*,#5022,.F.);
#5043 = ORIENTED_EDGE('',*,*,#5044,.T.);
#5044 = EDGE_CURVE('',#5015,#5045,#5047,.T.);
#5045 = VERTEX_POINT('',#5046);
#5046 = CARTESIAN_POINT('',(-8.33,6.88,-5.16));
#5047 = LINE('',#5048,#5049);
#5048 = CARTESIAN_POINT('',(-8.33,5.88,-5.16));
#5049 = VECTOR('',#5050,1.);
#5050 = DIRECTION('',(-0.,1.,0.));
#5051 = ORIENTED_EDGE('',*,*,#5052,.T.);
#5052 = EDGE_CURVE('',#5045,#4419,#5053,.T.);
#5053 = LINE('',#5054,#5055);
#5054 = CARTESIAN_POINT('',(-8.33,6.88,-5.16));
#5055 = VECTOR('',#5056,1.);
#5056 = DIRECTION('',(0.,0.,1.));
#5057 = ORIENTED_EDGE('',*,*,#4426,.F.);
#5058 = PLANE('',#5059);
#5059 = AXIS2_PLACEMENT_3D('',#5060,#5061,#5062);
#5060 = CARTESIAN_POINT('',(-8.33,5.88,-5.16));
#5061 = DIRECTION('',(1.,0.,-0.));
#5062 = DIRECTION('',(0.,0.,1.));
#5063 = ADVANCED_FACE('',(#5064),#5082,.T.);
#5064 = FACE_BOUND('',#5065,.T.);
#5065 = EDGE_LOOP('',(#5066,#5067,#5068,#5076));
#5066 = ORIENTED_EDGE('',*,*,#5029,.T.);
#5067 = ORIENTED_EDGE('',*,*,#4394,.T.);
#5068 = ORIENTED_EDGE('',*,*,#5069,.F.);
#5069 = EDGE_CURVE('',#5070,#4395,#5072,.T.);
#5070 = VERTEX_POINT('',#5071);
#5071 = CARTESIAN_POINT('',(-12.33,9.88,-5.16));
#5072 = LINE('',#5073,#5074);
#5073 = CARTESIAN_POINT('',(-12.33,9.88,-5.16));
#5074 = VECTOR('',#5075,1.);
#5075 = DIRECTION('',(0.,0.,1.));
#5076 = ORIENTED_EDGE('',*,*,#5077,.F.);
#5077 = EDGE_CURVE('',#5013,#5070,#5078,.T.);
#5078 = LINE('',#5079,#5080);
#5079 = CARTESIAN_POINT('',(-12.33,5.88,-5.16));
#5080 = VECTOR('',#5081,1.);
#5081 = DIRECTION('',(-0.,1.,0.));
#5082 = PLANE('',#5083);
#5083 = AXIS2_PLACEMENT_3D('',#5084,#5085,#5086);
#5084 = CARTESIAN_POINT('',(-12.33,7.88,-3.58));
#5085 = DIRECTION('',(-1.,-0.,-0.));
#5086 = DIRECTION('',(0.,0.,-1.));
#5087 = ADVANCED_FACE('',(#5088),#5106,.T.);
#5088 = FACE_BOUND('',#5089,.T.);
#5089 = EDGE_LOOP('',(#5090,#5098,#5104,#5105));
#5090 = ORIENTED_EDGE('',*,*,#5091,.F.);
#5091 = EDGE_CURVE('',#5092,#5045,#5094,.T.);
#5092 = VERTEX_POINT('',#5093);
#5093 = CARTESIAN_POINT('',(-11.33,6.88,-5.16));
#5094 = LINE('',#5095,#5096);
#5095 = CARTESIAN_POINT('',(-12.33,6.88,-5.16));
#5096 = VECTOR('',#5097,1.);
#5097 = DIRECTION('',(1.,0.,-0.));
#5098 = ORIENTED_EDGE('',*,*,#5099,.T.);
#5099 = EDGE_CURVE('',#5092,#4411,#5100,.T.);
#5100 = LINE('',#5101,#5102);
#5101 = CARTESIAN_POINT('',(-11.33,6.88,-5.16));
#5102 = VECTOR('',#5103,1.);
#5103 = DIRECTION('',(0.,0.,1.));
#5104 = ORIENTED_EDGE('',*,*,#4418,.F.);
#5105 = ORIENTED_EDGE('',*,*,#5052,.F.);
#5106 = PLANE('',#5107);
#5107 = AXIS2_PLACEMENT_3D('',#5108,#5109,#5110);
#5108 = CARTESIAN_POINT('',(-12.33,6.88,-5.16));
#5109 = DIRECTION('',(-0.,1.,0.));
#5110 = DIRECTION('',(0.,0.,1.));
#5111 = ADVANCED_FACE('',(#5112),#5130,.T.);
#5112 = FACE_BOUND('',#5113,.T.);
#5113 = EDGE_LOOP('',(#5114,#5122,#5128,#5129));
#5114 = ORIENTED_EDGE('',*,*,#5115,.F.);
#5115 = EDGE_CURVE('',#5116,#4403,#5118,.T.);
#5116 = VERTEX_POINT('',#5117);
#5117 = CARTESIAN_POINT('',(-11.33,9.88,-5.16));
#5118 = LINE('',#5119,#5120);
#5119 = CARTESIAN_POINT('',(-11.33,9.88,-5.16));
#5120 = VECTOR('',#5121,1.);
#5121 = DIRECTION('',(0.,0.,1.));
#5122 = ORIENTED_EDGE('',*,*,#5123,.F.);
#5123 = EDGE_CURVE('',#5070,#5116,#5124,.T.);
#5124 = LINE('',#5125,#5126);
#5125 = CARTESIAN_POINT('',(-12.33,9.88,-5.16));
#5126 = VECTOR('',#5127,1.);
#5127 = DIRECTION('',(1.,0.,-0.));
#5128 = ORIENTED_EDGE('',*,*,#5069,.T.);
#5129 = ORIENTED_EDGE('',*,*,#4402,.F.);
#5130 = PLANE('',#5131);
#5131 = AXIS2_PLACEMENT_3D('',#5132,#5133,#5134);
#5132 = CARTESIAN_POINT('',(-12.33,9.88,-5.16));
#5133 = DIRECTION('',(-0.,1.,0.));
#5134 = DIRECTION('',(0.,0.,1.));
#5135 = ADVANCED_FACE('',(#5136),#5147,.T.);
#5136 = FACE_BOUND('',#5137,.T.);
#5137 = EDGE_LOOP('',(#5138,#5139,#5145,#5146));
#5138 = ORIENTED_EDGE('',*,*,#5099,.F.);
#5139 = ORIENTED_EDGE('',*,*,#5140,.T.);
#5140 = EDGE_CURVE('',#5092,#5116,#5141,.T.);
#5141 = LINE('',#5142,#5143);
#5142 = CARTESIAN_POINT('',(-11.33,5.88,-5.16));
#5143 = VECTOR('',#5144,1.);
#5144 = DIRECTION('',(-0.,1.,0.));
#5145 = ORIENTED_EDGE('',*,*,#5115,.T.);
#5146 = ORIENTED_EDGE('',*,*,#4410,.F.);
#5147 = PLANE('',#5148);
#5148 = AXIS2_PLACEMENT_3D('',#5149,#5150,#5151);
#5149 = CARTESIAN_POINT('',(-11.33,5.88,-5.16));
#5150 = DIRECTION('',(1.,0.,-0.));
#5151 = DIRECTION('',(0.,0.,1.));
#5152 = ADVANCED_FACE('',(#5153),#5178,.F.);
#5153 = FACE_BOUND('',#5154,.F.);
#5154 = EDGE_LOOP('',(#5155,#5163,#5171,#5177));
#5155 = ORIENTED_EDGE('',*,*,#5156,.F.);
#5156 = EDGE_CURVE('',#5157,#4435,#5159,.T.);
#5157 = VERTEX_POINT('',#5158);
#5158 = CARTESIAN_POINT('',(-9.53,7.08,-3.));
#5159 = LINE('',#5160,#5161);
#5160 = CARTESIAN_POINT('',(-9.53,7.08,-3.));
#5161 = VECTOR('',#5162,1.);
#5162 = DIRECTION('',(0.,0.,1.));
#5163 = ORIENTED_EDGE('',*,*,#5164,.F.);
#5164 = EDGE_CURVE('',#5165,#5157,#5167,.T.);
#5165 = VERTEX_POINT('',#5166);
#5166 = CARTESIAN_POINT('',(-11.13,7.08,-3.));
#5167 = LINE('',#5168,#5169);
#5168 = CARTESIAN_POINT('',(-11.13,7.08,-3.));
#5169 = VECTOR('',#5170,1.);
#5170 = DIRECTION('',(1.,0.,-0.));
#5171 = ORIENTED_EDGE('',*,*,#5172,.T.);
#5172 = EDGE_CURVE('',#5165,#4437,#5173,.T.);
#5173 = LINE('',#5174,#5175);
#5174 = CARTESIAN_POINT('',(-11.13,7.08,-3.));
#5175 = VECTOR('',#5176,1.);
#5176 = DIRECTION('',(0.,0.,1.));
#5177 = ORIENTED_EDGE('',*,*,#4434,.F.);
#5178 = PLANE('',#5179);
#5179 = AXIS2_PLACEMENT_3D('',#5180,#5181,#5182);
#5180 = CARTESIAN_POINT('',(-11.13,7.08,-3.));
#5181 = DIRECTION('',(-0.,1.,0.));
#5182 = DIRECTION('',(0.,0.,1.));
#5183 = ADVANCED_FACE('',(#5184),#5202,.T.);
#5184 = FACE_BOUND('',#5185,.T.);
#5185 = EDGE_LOOP('',(#5186,#5187,#5195,#5201));
#5186 = ORIENTED_EDGE('',*,*,#5156,.F.);
#5187 = ORIENTED_EDGE('',*,*,#5188,.T.);
#5188 = EDGE_CURVE('',#5157,#5189,#5191,.T.);
#5189 = VERTEX_POINT('',#5190);
#5190 = CARTESIAN_POINT('',(-9.53,8.68,-3.));
#5191 = LINE('',#5192,#5193);
#5192 = CARTESIAN_POINT('',(-9.53,7.08,-3.));
#5193 = VECTOR('',#5194,1.);
#5194 = DIRECTION('',(-0.,1.,0.));
#5195 = ORIENTED_EDGE('',*,*,#5196,.T.);
#5196 = EDGE_CURVE('',#5189,#4453,#5197,.T.);
#5197 = LINE('',#5198,#5199);
#5198 = CARTESIAN_POINT('',(-9.53,8.68,-3.));
#5199 = VECTOR('',#5200,1.);
#5200 = DIRECTION('',(0.,0.,1.));
#5201 = ORIENTED_EDGE('',*,*,#4460,.F.);
#5202 = PLANE('',#5203);
#5203 = AXIS2_PLACEMENT_3D('',#5204,#5205,#5206);
#5204 = CARTESIAN_POINT('',(-9.53,7.08,-3.));
#5205 = DIRECTION('',(1.,0.,-0.));
#5206 = DIRECTION('',(0.,0.,1.));
#5207 = ADVANCED_FACE('',(#5208),#5226,.F.);
#5208 = FACE_BOUND('',#5209,.F.);
#5209 = EDGE_LOOP('',(#5210,#5211,#5219,#5225));
#5210 = ORIENTED_EDGE('',*,*,#5172,.F.);
#5211 = ORIENTED_EDGE('',*,*,#5212,.T.);
#5212 = EDGE_CURVE('',#5165,#5213,#5215,.T.);
#5213 = VERTEX_POINT('',#5214);
#5214 = CARTESIAN_POINT('',(-11.13,8.68,-3.));
#5215 = LINE('',#5216,#5217);
#5216 = CARTESIAN_POINT('',(-11.13,7.08,-3.));
#5217 = VECTOR('',#5218,1.);
#5218 = DIRECTION('',(-0.,1.,0.));
#5219 = ORIENTED_EDGE('',*,*,#5220,.T.);
#5220 = EDGE_CURVE('',#5213,#4445,#5221,.T.);
#5221 = LINE('',#5222,#5223);
#5222 = CARTESIAN_POINT('',(-11.13,8.68,-3.));
#5223 = VECTOR('',#5224,1.);
#5224 = DIRECTION('',(0.,0.,1.));
#5225 = ORIENTED_EDGE('',*,*,#4444,.F.);
#5226 = PLANE('',#5227);
#5227 = AXIS2_PLACEMENT_3D('',#5228,#5229,#5230);
#5228 = CARTESIAN_POINT('',(-11.13,7.08,-3.));
#5229 = DIRECTION('',(1.,0.,-0.));
#5230 = DIRECTION('',(0.,0.,1.));
#5231 = ADVANCED_FACE('',(#5232),#5243,.T.);
#5232 = FACE_BOUND('',#5233,.T.);
#5233 = EDGE_LOOP('',(#5234,#5235,#5241,#5242));
#5234 = ORIENTED_EDGE('',*,*,#5196,.F.);
#5235 = ORIENTED_EDGE('',*,*,#5236,.F.);
#5236 = EDGE_CURVE('',#5213,#5189,#5237,.T.);
#5237 = LINE('',#5238,#5239);
#5238 = CARTESIAN_POINT('',(-11.13,8.68,-3.));
#5239 = VECTOR('',#5240,1.);
#5240 = DIRECTION('',(1.,0.,-0.));
#5241 = ORIENTED_EDGE('',*,*,#5220,.T.);
#5242 = ORIENTED_EDGE('',*,*,#4452,.F.);
#5243 = PLANE('',#5244);
#5244 = AXIS2_PLACEMENT_3D('',#5245,#5246,#5247);
#5245 = CARTESIAN_POINT('',(-11.13,8.68,-3.));
#5246 = DIRECTION('',(-0.,1.,0.));
#5247 = DIRECTION('',(0.,0.,1.));
#5248 = ADVANCED_FACE('',(#5249),#5274,.F.);
#5249 = FACE_BOUND('',#5250,.F.);
#5250 = EDGE_LOOP('',(#5251,#5259,#5267,#5273));
#5251 = ORIENTED_EDGE('',*,*,#5252,.F.);
#5252 = EDGE_CURVE('',#5253,#4469,#5255,.T.);
#5253 = VERTEX_POINT('',#5254);
#5254 = CARTESIAN_POINT('',(11.13,7.08,-3.));
#5255 = LINE('',#5256,#5257);
#5256 = CARTESIAN_POINT('',(11.13,7.08,-3.));
#5257 = VECTOR('',#5258,1.);
#5258 = DIRECTION('',(0.,0.,1.));
#5259 = ORIENTED_EDGE('',*,*,#5260,.F.);
#5260 = EDGE_CURVE('',#5261,#5253,#5263,.T.);
#5261 = VERTEX_POINT('',#5262);
#5262 = CARTESIAN_POINT('',(9.53,7.08,-3.));
#5263 = LINE('',#5264,#5265);
#5264 = CARTESIAN_POINT('',(9.53,7.08,-3.));
#5265 = VECTOR('',#5266,1.);
#5266 = DIRECTION('',(1.,0.,-0.));
#5267 = ORIENTED_EDGE('',*,*,#5268,.T.);
#5268 = EDGE_CURVE('',#5261,#4471,#5269,.T.);
#5269 = LINE('',#5270,#5271);
#5270 = CARTESIAN_POINT('',(9.53,7.08,-3.));
#5271 = VECTOR('',#5272,1.);
#5272 = DIRECTION('',(0.,0.,1.));
#5273 = ORIENTED_EDGE('',*,*,#4468,.F.);
#5274 = PLANE('',#5275);
#5275 = AXIS2_PLACEMENT_3D('',#5276,#5277,#5278);
#5276 = CARTESIAN_POINT('',(9.53,7.08,-3.));
#5277 = DIRECTION('',(-0.,1.,0.));
#5278 = DIRECTION('',(0.,0.,1.));
#5279 = ADVANCED_FACE('',(#5280),#5298,.T.);
#5280 = FACE_BOUND('',#5281,.T.);
#5281 = EDGE_LOOP('',(#5282,#5283,#5291,#5297));
#5282 = ORIENTED_EDGE('',*,*,#5252,.F.);
#5283 = ORIENTED_EDGE('',*,*,#5284,.T.);
#5284 = EDGE_CURVE('',#5253,#5285,#5287,.T.);
#5285 = VERTEX_POINT('',#5286);
#5286 = CARTESIAN_POINT('',(11.13,8.68,-3.));
#5287 = LINE('',#5288,#5289);
#5288 = CARTESIAN_POINT('',(11.13,7.08,-3.));
#5289 = VECTOR('',#5290,1.);
#5290 = DIRECTION('',(-0.,1.,0.));
#5291 = ORIENTED_EDGE('',*,*,#5292,.T.);
#5292 = EDGE_CURVE('',#5285,#4487,#5293,.T.);
#5293 = LINE('',#5294,#5295);
#5294 = CARTESIAN_POINT('',(11.13,8.68,-3.));
#5295 = VECTOR('',#5296,1.);
#5296 = DIRECTION('',(0.,0.,1.));
#5297 = ORIENTED_EDGE('',*,*,#4494,.F.);
#5298 = PLANE('',#5299);
#5299 = AXIS2_PLACEMENT_3D('',#5300,#5301,#5302);
#5300 = CARTESIAN_POINT('',(11.13,7.08,-3.));
#5301 = DIRECTION('',(1.,0.,-0.));
#5302 = DIRECTION('',(0.,0.,1.));
#5303 = ADVANCED_FACE('',(#5304),#5322,.F.);
#5304 = FACE_BOUND('',#5305,.F.);
#5305 = EDGE_LOOP('',(#5306,#5307,#5315,#5321));
#5306 = ORIENTED_EDGE('',*,*,#5268,.F.);
#5307 = ORIENTED_EDGE('',*,*,#5308,.T.);
#5308 = EDGE_CURVE('',#5261,#5309,#5311,.T.);
#5309 = VERTEX_POINT('',#5310);
#5310 = CARTESIAN_POINT('',(9.53,8.68,-3.));
#5311 = LINE('',#5312,#5313);
#5312 = CARTESIAN_POINT('',(9.53,7.08,-3.));
#5313 = VECTOR('',#5314,1.);
#5314 = DIRECTION('',(-0.,1.,0.));
#5315 = ORIENTED_EDGE('',*,*,#5316,.T.);
#5316 = EDGE_CURVE('',#5309,#4479,#5317,.T.);
#5317 = LINE('',#5318,#5319);
#5318 = CARTESIAN_POINT('',(9.53,8.68,-3.));
#5319 = VECTOR('',#5320,1.);
#5320 = DIRECTION('',(0.,0.,1.));
#5321 = ORIENTED_EDGE('',*,*,#4478,.F.);
#5322 = PLANE('',#5323);
#5323 = AXIS2_PLACEMENT_3D('',#5324,#5325,#5326);
#5324 = CARTESIAN_POINT('',(9.53,7.08,-3.));
#5325 = DIRECTION('',(1.,0.,-0.));
#5326 = DIRECTION('',(0.,0.,1.));
#5327 = ADVANCED_FACE('',(#5328),#5339,.T.);
#5328 = FACE_BOUND('',#5329,.T.);
#5329 = EDGE_LOOP('',(#5330,#5331,#5337,#5338));
#5330 = ORIENTED_EDGE('',*,*,#5292,.F.);
#5331 = ORIENTED_EDGE('',*,*,#5332,.F.);
#5332 = EDGE_CURVE('',#5309,#5285,#5333,.T.);
#5333 = LINE('',#5334,#5335);
#5334 = CARTESIAN_POINT('',(9.53,8.68,-3.));
#5335 = VECTOR('',#5336,1.);
#5336 = DIRECTION('',(1.,0.,-0.));
#5337 = ORIENTED_EDGE('',*,*,#5316,.T.);
#5338 = ORIENTED_EDGE('',*,*,#4486,.F.);
#5339 = PLANE('',#5340);
#5340 = AXIS2_PLACEMENT_3D('',#5341,#5342,#5343);
#5341 = CARTESIAN_POINT('',(9.53,8.68,-3.));
#5342 = DIRECTION('',(-0.,1.,0.));
#5343 = DIRECTION('',(0.,0.,1.));
#5344 = ADVANCED_FACE('',(#5345),#5370,.T.);
#5345 = FACE_BOUND('',#5346,.T.);
#5346 = EDGE_LOOP('',(#5347,#5355,#5363,#5369));
#5347 = ORIENTED_EDGE('',*,*,#5348,.F.);
#5348 = EDGE_CURVE('',#5349,#4503,#5351,.T.);
#5349 = VERTEX_POINT('',#5350);
#5350 = CARTESIAN_POINT('',(12.33,5.88,-5.16));
#5351 = LINE('',#5352,#5353);
#5352 = CARTESIAN_POINT('',(12.33,5.88,-5.16));
#5353 = VECTOR('',#5354,1.);
#5354 = DIRECTION('',(0.,0.,1.));
#5355 = ORIENTED_EDGE('',*,*,#5356,.T.);
#5356 = EDGE_CURVE('',#5349,#5357,#5359,.T.);
#5357 = VERTEX_POINT('',#5358);
#5358 = CARTESIAN_POINT('',(12.33,9.88,-5.16));
#5359 = LINE('',#5360,#5361);
#5360 = CARTESIAN_POINT('',(12.33,5.88,-5.16));
#5361 = VECTOR('',#5362,1.);
#5362 = DIRECTION('',(-0.,1.,0.));
#5363 = ORIENTED_EDGE('',*,*,#5364,.T.);
#5364 = EDGE_CURVE('',#5357,#4505,#5365,.T.);
#5365 = LINE('',#5366,#5367);
#5366 = CARTESIAN_POINT('',(12.33,9.88,-5.16));
#5367 = VECTOR('',#5368,1.);
#5368 = DIRECTION('',(0.,0.,1.));
#5369 = ORIENTED_EDGE('',*,*,#4502,.F.);
#5370 = PLANE('',#5371);
#5371 = AXIS2_PLACEMENT_3D('',#5372,#5373,#5374);
#5372 = CARTESIAN_POINT('',(12.33,7.88,-3.58));
#5373 = DIRECTION('',(1.,0.,0.));
#5374 = DIRECTION('',(-0.,0.,1.));
#5375 = ADVANCED_FACE('',(#5376),#5394,.T.);
#5376 = FACE_BOUND('',#5377,.T.);
#5377 = EDGE_LOOP('',(#5378,#5379,#5380,#5388));
#5378 = ORIENTED_EDGE('',*,*,#5348,.T.);
#5379 = ORIENTED_EDGE('',*,*,#4512,.T.);
#5380 = ORIENTED_EDGE('',*,*,#5381,.F.);
#5381 = EDGE_CURVE('',#5382,#4513,#5384,.T.);
#5382 = VERTEX_POINT('',#5383);
#5383 = CARTESIAN_POINT('',(8.33,5.88,-5.16));
#5384 = LINE('',#5385,#5386);
#5385 = CARTESIAN_POINT('',(8.33,5.88,-5.16));
#5386 = VECTOR('',#5387,1.);
#5387 = DIRECTION('',(0.,0.,1.));
#5388 = ORIENTED_EDGE('',*,*,#5389,.T.);
#5389 = EDGE_CURVE('',#5382,#5349,#5390,.T.);
#5390 = LINE('',#5391,#5392);
#5391 = CARTESIAN_POINT('',(8.33,5.88,-5.16));
#5392 = VECTOR('',#5393,1.);
#5393 = DIRECTION('',(1.,0.,-0.));
#5394 = PLANE('',#5395);
#5395 = AXIS2_PLACEMENT_3D('',#5396,#5397,#5398);
#5396 = CARTESIAN_POINT('',(10.33,5.88,-3.58));
#5397 = DIRECTION('',(-0.,-1.,-0.));
#5398 = DIRECTION('',(0.,0.,-1.));
#5399 = ADVANCED_FACE('',(#5400),#5418,.T.);
#5400 = FACE_BOUND('',#5401,.T.);
#5401 = EDGE_LOOP('',(#5402,#5403,#5411,#5417));
#5402 = ORIENTED_EDGE('',*,*,#5364,.F.);
#5403 = ORIENTED_EDGE('',*,*,#5404,.F.);
#5404 = EDGE_CURVE('',#5405,#5357,#5407,.T.);
#5405 = VERTEX_POINT('',#5406);
#5406 = CARTESIAN_POINT('',(11.33,9.88,-5.16));
#5407 = LINE('',#5408,#5409);
#5408 = CARTESIAN_POINT('',(11.33,9.88,-5.16));
#5409 = VECTOR('',#5410,1.);
#5410 = DIRECTION('',(1.,0.,-0.));
#5411 = ORIENTED_EDGE('',*,*,#5412,.T.);
#5412 = EDGE_CURVE('',#5405,#4537,#5413,.T.);
#5413 = LINE('',#5414,#5415);
#5414 = CARTESIAN_POINT('',(11.33,9.88,-5.16));
#5415 = VECTOR('',#5416,1.);
#5416 = DIRECTION('',(0.,0.,1.));
#5417 = ORIENTED_EDGE('',*,*,#4544,.F.);
#5418 = PLANE('',#5419);
#5419 = AXIS2_PLACEMENT_3D('',#5420,#5421,#5422);
#5420 = CARTESIAN_POINT('',(11.33,9.88,-5.16));
#5421 = DIRECTION('',(-0.,1.,0.));
#5422 = DIRECTION('',(0.,0.,1.));
#5423 = ADVANCED_FACE('',(#5424),#5442,.F.);
#5424 = FACE_BOUND('',#5425,.F.);
#5425 = EDGE_LOOP('',(#5426,#5427,#5435,#5441));
#5426 = ORIENTED_EDGE('',*,*,#5381,.F.);
#5427 = ORIENTED_EDGE('',*,*,#5428,.T.);
#5428 = EDGE_CURVE('',#5382,#5429,#5431,.T.);
#5429 = VERTEX_POINT('',#5430);
#5430 = CARTESIAN_POINT('',(8.33,6.88,-5.16));
#5431 = LINE('',#5432,#5433);
#5432 = CARTESIAN_POINT('',(8.33,5.88,-5.16));
#5433 = VECTOR('',#5434,1.);
#5434 = DIRECTION('',(-0.,1.,0.));
#5435 = ORIENTED_EDGE('',*,*,#5436,.T.);
#5436 = EDGE_CURVE('',#5429,#4521,#5437,.T.);
#5437 = LINE('',#5438,#5439);
#5438 = CARTESIAN_POINT('',(8.33,6.88,-5.16));
#5439 = VECTOR('',#5440,1.);
#5440 = DIRECTION('',(0.,0.,1.));
#5441 = ORIENTED_EDGE('',*,*,#4520,.F.);
#5442 = PLANE('',#5443);
#5443 = AXIS2_PLACEMENT_3D('',#5444,#5445,#5446);
#5444 = CARTESIAN_POINT('',(8.33,5.88,-5.16));
#5445 = DIRECTION('',(1.,0.,-0.));
#5446 = DIRECTION('',(0.,0.,1.));
#5447 = ADVANCED_FACE('',(#5448),#5466,.F.);
#5448 = FACE_BOUND('',#5449,.F.);
#5449 = EDGE_LOOP('',(#5450,#5458,#5464,#5465));
#5450 = ORIENTED_EDGE('',*,*,#5451,.F.);
#5451 = EDGE_CURVE('',#5452,#4529,#5454,.T.);
#5452 = VERTEX_POINT('',#5453);
#5453 = CARTESIAN_POINT('',(11.33,6.88,-5.16));
#5454 = LINE('',#5455,#5456);
#5455 = CARTESIAN_POINT('',(11.33,6.88,-5.16));
#5456 = VECTOR('',#5457,1.);
#5457 = DIRECTION('',(0.,0.,1.));
#5458 = ORIENTED_EDGE('',*,*,#5459,.T.);
#5459 = EDGE_CURVE('',#5452,#5405,#5460,.T.);
#5460 = LINE('',#5461,#5462);
#5461 = CARTESIAN_POINT('',(11.33,5.88,-5.16));
#5462 = VECTOR('',#5463,1.);
#5463 = DIRECTION('',(-0.,1.,0.));
#5464 = ORIENTED_EDGE('',*,*,#5412,.T.);
#5465 = ORIENTED_EDGE('',*,*,#4536,.F.);
#5466 = PLANE('',#5467);
#5467 = AXIS2_PLACEMENT_3D('',#5468,#5469,#5470);
#5468 = CARTESIAN_POINT('',(11.33,5.88,-5.16));
#5469 = DIRECTION('',(1.,0.,-0.));
#5470 = DIRECTION('',(0.,0.,1.));
#5471 = ADVANCED_FACE('',(#5472),#5483,.T.);
#5472 = FACE_BOUND('',#5473,.T.);
#5473 = EDGE_LOOP('',(#5474,#5480,#5481,#5482));
#5474 = ORIENTED_EDGE('',*,*,#5475,.F.);
#5475 = EDGE_CURVE('',#5429,#5452,#5476,.T.);
#5476 = LINE('',#5477,#5478);
#5477 = CARTESIAN_POINT('',(8.33,6.88,-5.16));
#5478 = VECTOR('',#5479,1.);
#5479 = DIRECTION('',(1.,0.,-0.));
#5480 = ORIENTED_EDGE('',*,*,#5436,.T.);
#5481 = ORIENTED_EDGE('',*,*,#4528,.F.);
#5482 = ORIENTED_EDGE('',*,*,#5451,.F.);
#5483 = PLANE('',#5484);
#5484 = AXIS2_PLACEMENT_3D('',#5485,#5486,#5487);
#5485 = CARTESIAN_POINT('',(8.33,6.88,-5.16));
#5486 = DIRECTION('',(-0.,1.,0.));
#5487 = DIRECTION('',(0.,0.,1.));
#5488 = ADVANCED_FACE('',(#5489),#5514,.F.);
#5489 = FACE_BOUND('',#5490,.F.);
#5490 = EDGE_LOOP('',(#5491,#5499,#5507,#5513));
#5491 = ORIENTED_EDGE('',*,*,#5492,.F.);
#5492 = EDGE_CURVE('',#5493,#4553,#5495,.T.);
#5493 = VERTEX_POINT('',#5494);
#5494 = CARTESIAN_POINT('',(-9.53,21.32,-3.));
#5495 = LINE('',#5496,#5497);
#5496 = CARTESIAN_POINT('',(-9.53,21.32,-3.));
#5497 = VECTOR('',#5498,1.);
#5498 = DIRECTION('',(0.,0.,1.));
#5499 = ORIENTED_EDGE('',*,*,#5500,.F.);
#5500 = EDGE_CURVE('',#5501,#5493,#5503,.T.);
#5501 = VERTEX_POINT('',#5502);
#5502 = CARTESIAN_POINT('',(-11.13,21.32,-3.));
#5503 = LINE('',#5504,#5505);
#5504 = CARTESIAN_POINT('',(-11.13,21.32,-3.));
#5505 = VECTOR('',#5506,1.);
#5506 = DIRECTION('',(1.,0.,-0.));
#5507 = ORIENTED_EDGE('',*,*,#5508,.T.);
#5508 = EDGE_CURVE('',#5501,#4555,#5509,.T.);
#5509 = LINE('',#5510,#5511);
#5510 = CARTESIAN_POINT('',(-11.13,21.32,-3.));
#5511 = VECTOR('',#5512,1.);
#5512 = DIRECTION('',(0.,0.,1.));
#5513 = ORIENTED_EDGE('',*,*,#4552,.F.);
#5514 = PLANE('',#5515);
#5515 = AXIS2_PLACEMENT_3D('',#5516,#5517,#5518);
#5516 = CARTESIAN_POINT('',(-11.13,21.32,-3.));
#5517 = DIRECTION('',(-0.,1.,0.));
#5518 = DIRECTION('',(0.,0.,1.));
#5519 = ADVANCED_FACE('',(#5520),#5538,.T.);
#5520 = FACE_BOUND('',#5521,.T.);
#5521 = EDGE_LOOP('',(#5522,#5523,#5531,#5537));
#5522 = ORIENTED_EDGE('',*,*,#5492,.F.);
#5523 = ORIENTED_EDGE('',*,*,#5524,.T.);
#5524 = EDGE_CURVE('',#5493,#5525,#5527,.T.);
#5525 = VERTEX_POINT('',#5526);
#5526 = CARTESIAN_POINT('',(-9.53,22.92,-3.));
#5527 = LINE('',#5528,#5529);
#5528 = CARTESIAN_POINT('',(-9.53,21.32,-3.));
#5529 = VECTOR('',#5530,1.);
#5530 = DIRECTION('',(-0.,1.,0.));
#5531 = ORIENTED_EDGE('',*,*,#5532,.T.);
#5532 = EDGE_CURVE('',#5525,#4571,#5533,.T.);
#5533 = LINE('',#5534,#5535);
#5534 = CARTESIAN_POINT('',(-9.53,22.92,-3.));
#5535 = VECTOR('',#5536,1.);
#5536 = DIRECTION('',(0.,0.,1.));
#5537 = ORIENTED_EDGE('',*,*,#4578,.F.);
#5538 = PLANE('',#5539);
#5539 = AXIS2_PLACEMENT_3D('',#5540,#5541,#5542);
#5540 = CARTESIAN_POINT('',(-9.53,21.32,-3.));
#5541 = DIRECTION('',(1.,0.,-0.));
#5542 = DIRECTION('',(0.,0.,1.));
#5543 = ADVANCED_FACE('',(#5544),#5562,.F.);
#5544 = FACE_BOUND('',#5545,.F.);
#5545 = EDGE_LOOP('',(#5546,#5547,#5555,#5561));
#5546 = ORIENTED_EDGE('',*,*,#5508,.F.);
#5547 = ORIENTED_EDGE('',*,*,#5548,.T.);
#5548 = EDGE_CURVE('',#5501,#5549,#5551,.T.);
#5549 = VERTEX_POINT('',#5550);
#5550 = CARTESIAN_POINT('',(-11.13,22.92,-3.));
#5551 = LINE('',#5552,#5553);
#5552 = CARTESIAN_POINT('',(-11.13,21.32,-3.));
#5553 = VECTOR('',#5554,1.);
#5554 = DIRECTION('',(-0.,1.,0.));
#5555 = ORIENTED_EDGE('',*,*,#5556,.T.);
#5556 = EDGE_CURVE('',#5549,#4563,#5557,.T.);
#5557 = LINE('',#5558,#5559);
#5558 = CARTESIAN_POINT('',(-11.13,22.92,-3.));
#5559 = VECTOR('',#5560,1.);
#5560 = DIRECTION('',(0.,0.,1.));
#5561 = ORIENTED_EDGE('',*,*,#4562,.F.);
#5562 = PLANE('',#5563);
#5563 = AXIS2_PLACEMENT_3D('',#5564,#5565,#5566);
#5564 = CARTESIAN_POINT('',(-11.13,21.32,-3.));
#5565 = DIRECTION('',(1.,0.,-0.));
#5566 = DIRECTION('',(0.,0.,1.));
#5567 = ADVANCED_FACE('',(#5568),#5579,.T.);
#5568 = FACE_BOUND('',#5569,.T.);
#5569 = EDGE_LOOP('',(#5570,#5571,#5577,#5578));
#5570 = ORIENTED_EDGE('',*,*,#5532,.F.);
#5571 = ORIENTED_EDGE('',*,*,#5572,.F.);
#5572 = EDGE_CURVE('',#5549,#5525,#5573,.T.);
#5573 = LINE('',#5574,#5575);
#5574 = CARTESIAN_POINT('',(-11.13,22.92,-3.));
#5575 = VECTOR('',#5576,1.);
#5576 = DIRECTION('',(1.,0.,-0.));
#5577 = ORIENTED_EDGE('',*,*,#5556,.T.);
#5578 = ORIENTED_EDGE('',*,*,#4570,.F.);
#5579 = PLANE('',#5580);
#5580 = AXIS2_PLACEMENT_3D('',#5581,#5582,#5583);
#5581 = CARTESIAN_POINT('',(-11.13,22.92,-3.));
#5582 = DIRECTION('',(-0.,1.,0.));
#5583 = DIRECTION('',(0.,0.,1.));
#5584 = ADVANCED_FACE('',(#5585),#5610,.F.);
#5585 = FACE_BOUND('',#5586,.F.);
#5586 = EDGE_LOOP('',(#5587,#5595,#5603,#5609));
#5587 = ORIENTED_EDGE('',*,*,#5588,.F.);
#5588 = EDGE_CURVE('',#5589,#4587,#5591,.T.);
#5589 = VERTEX_POINT('',#5590);
#5590 = CARTESIAN_POINT('',(-11.33,20.12,-5.16));
#5591 = LINE('',#5592,#5593);
#5592 = CARTESIAN_POINT('',(-11.33,20.12,-5.16));
#5593 = VECTOR('',#5594,1.);
#5594 = DIRECTION('',(0.,0.,1.));
#5595 = ORIENTED_EDGE('',*,*,#5596,.F.);
#5596 = EDGE_CURVE('',#5597,#5589,#5599,.T.);
#5597 = VERTEX_POINT('',#5598);
#5598 = CARTESIAN_POINT('',(-12.33,20.12,-5.16));
#5599 = LINE('',#5600,#5601);
#5600 = CARTESIAN_POINT('',(-12.33,20.12,-5.16));
#5601 = VECTOR('',#5602,1.);
#5602 = DIRECTION('',(1.,0.,-0.));
#5603 = ORIENTED_EDGE('',*,*,#5604,.T.);
#5604 = EDGE_CURVE('',#5597,#4589,#5605,.T.);
#5605 = LINE('',#5606,#5607);
#5606 = CARTESIAN_POINT('',(-12.33,20.12,-5.16));
#5607 = VECTOR('',#5608,1.);
#5608 = DIRECTION('',(0.,0.,1.));
#5609 = ORIENTED_EDGE('',*,*,#4586,.F.);
#5610 = PLANE('',#5611);
#5611 = AXIS2_PLACEMENT_3D('',#5612,#5613,#5614);
#5612 = CARTESIAN_POINT('',(-12.33,20.12,-5.16));
#5613 = DIRECTION('',(-0.,1.,0.));
#5614 = DIRECTION('',(0.,0.,1.));
#5615 = ADVANCED_FACE('',(#5616),#5634,.T.);
#5616 = FACE_BOUND('',#5617,.T.);
#5617 = EDGE_LOOP('',(#5618,#5619,#5627,#5633));
#5618 = ORIENTED_EDGE('',*,*,#5588,.F.);
#5619 = ORIENTED_EDGE('',*,*,#5620,.T.);
#5620 = EDGE_CURVE('',#5589,#5621,#5623,.T.);
#5621 = VERTEX_POINT('',#5622);
#5622 = CARTESIAN_POINT('',(-11.33,23.12,-5.16));
#5623 = LINE('',#5624,#5625);
#5624 = CARTESIAN_POINT('',(-11.33,20.12,-5.16));
#5625 = VECTOR('',#5626,1.);
#5626 = DIRECTION('',(-0.,1.,0.));
#5627 = ORIENTED_EDGE('',*,*,#5628,.T.);
#5628 = EDGE_CURVE('',#5621,#4621,#5629,.T.);
#5629 = LINE('',#5630,#5631);
#5630 = CARTESIAN_POINT('',(-11.33,23.12,-5.16));
#5631 = VECTOR('',#5632,1.);
#5632 = DIRECTION('',(0.,0.,1.));
#5633 = ORIENTED_EDGE('',*,*,#4628,.F.);
#5634 = PLANE('',#5635);
#5635 = AXIS2_PLACEMENT_3D('',#5636,#5637,#5638);
#5636 = CARTESIAN_POINT('',(-11.33,20.12,-5.16));
#5637 = DIRECTION('',(1.,0.,-0.));
#5638 = DIRECTION('',(0.,0.,1.));
#5639 = ADVANCED_FACE('',(#5640),#5658,.T.);
#5640 = FACE_BOUND('',#5641,.T.);
#5641 = EDGE_LOOP('',(#5642,#5643,#5644,#5652));
#5642 = ORIENTED_EDGE('',*,*,#5604,.T.);
#5643 = ORIENTED_EDGE('',*,*,#4596,.T.);
#5644 = ORIENTED_EDGE('',*,*,#5645,.F.);
#5645 = EDGE_CURVE('',#5646,#4597,#5648,.T.);
#5646 = VERTEX_POINT('',#5647);
#5647 = CARTESIAN_POINT('',(-12.33,24.12,-5.16));
#5648 = LINE('',#5649,#5650);
#5649 = CARTESIAN_POINT('',(-12.33,24.12,-5.16));
#5650 = VECTOR('',#5651,1.);
#5651 = DIRECTION('',(0.,0.,1.));
#5652 = ORIENTED_EDGE('',*,*,#5653,.F.);
#5653 = EDGE_CURVE('',#5597,#5646,#5654,.T.);
#5654 = LINE('',#5655,#5656);
#5655 = CARTESIAN_POINT('',(-12.33,20.12,-5.16));
#5656 = VECTOR('',#5657,1.);
#5657 = DIRECTION('',(-0.,1.,0.));
#5658 = PLANE('',#5659);
#5659 = AXIS2_PLACEMENT_3D('',#5660,#5661,#5662);
#5660 = CARTESIAN_POINT('',(-12.33,22.12,-3.58));
#5661 = DIRECTION('',(-1.,-0.,-0.));
#5662 = DIRECTION('',(0.,0.,-1.));
#5663 = ADVANCED_FACE('',(#5664),#5682,.F.);
#5664 = FACE_BOUND('',#5665,.F.);
#5665 = EDGE_LOOP('',(#5666,#5674,#5675,#5676));
#5666 = ORIENTED_EDGE('',*,*,#5667,.F.);
#5667 = EDGE_CURVE('',#5621,#5668,#5670,.T.);
#5668 = VERTEX_POINT('',#5669);
#5669 = CARTESIAN_POINT('',(-8.33,23.12,-5.16));
#5670 = LINE('',#5671,#5672);
#5671 = CARTESIAN_POINT('',(-12.33,23.12,-5.16));
#5672 = VECTOR('',#5673,1.);
#5673 = DIRECTION('',(1.,0.,-0.));
#5674 = ORIENTED_EDGE('',*,*,#5628,.T.);
#5675 = ORIENTED_EDGE('',*,*,#4620,.F.);
#5676 = ORIENTED_EDGE('',*,*,#5677,.F.);
#5677 = EDGE_CURVE('',#5668,#4613,#5678,.T.);
#5678 = LINE('',#5679,#5680);
#5679 = CARTESIAN_POINT('',(-8.33,23.12,-5.16));
#5680 = VECTOR('',#5681,1.);
#5681 = DIRECTION('',(0.,0.,1.));
#5682 = PLANE('',#5683);
#5683 = AXIS2_PLACEMENT_3D('',#5684,#5685,#5686);
#5684 = CARTESIAN_POINT('',(-12.33,23.12,-5.16));
#5685 = DIRECTION('',(-0.,1.,0.));
#5686 = DIRECTION('',(0.,0.,1.));
#5687 = ADVANCED_FACE('',(#5688),#5706,.T.);
#5688 = FACE_BOUND('',#5689,.T.);
#5689 = EDGE_LOOP('',(#5690,#5698,#5699,#5700));
#5690 = ORIENTED_EDGE('',*,*,#5691,.F.);
#5691 = EDGE_CURVE('',#5646,#5692,#5694,.T.);
#5692 = VERTEX_POINT('',#5693);
#5693 = CARTESIAN_POINT('',(-8.33,24.12,-5.16));
#5694 = LINE('',#5695,#5696);
#5695 = CARTESIAN_POINT('',(-12.33,24.12,-5.16));
#5696 = VECTOR('',#5697,1.);
#5697 = DIRECTION('',(1.,0.,-0.));
#5698 = ORIENTED_EDGE('',*,*,#5645,.T.);
#5699 = ORIENTED_EDGE('',*,*,#4604,.F.);
#5700 = ORIENTED_EDGE('',*,*,#5701,.F.);
#5701 = EDGE_CURVE('',#5692,#4605,#5702,.T.);
#5702 = LINE('',#5703,#5704);
#5703 = CARTESIAN_POINT('',(-8.33,24.12,-5.16));
#5704 = VECTOR('',#5705,1.);
#5705 = DIRECTION('',(0.,0.,1.));
#5706 = PLANE('',#5707);
#5707 = AXIS2_PLACEMENT_3D('',#5708,#5709,#5710);
#5708 = CARTESIAN_POINT('',(-10.33,24.12,-3.58));
#5709 = DIRECTION('',(0.,1.,0.));
#5710 = DIRECTION('',(0.,-0.,1.));
#5711 = ADVANCED_FACE('',(#5712),#5723,.T.);
#5712 = FACE_BOUND('',#5713,.T.);
#5713 = EDGE_LOOP('',(#5714,#5715,#5721,#5722));
#5714 = ORIENTED_EDGE('',*,*,#5677,.F.);
#5715 = ORIENTED_EDGE('',*,*,#5716,.T.);
#5716 = EDGE_CURVE('',#5668,#5692,#5717,.T.);
#5717 = LINE('',#5718,#5719);
#5718 = CARTESIAN_POINT('',(-8.33,23.12,-5.16));
#5719 = VECTOR('',#5720,1.);
#5720 = DIRECTION('',(-0.,1.,0.));
#5721 = ORIENTED_EDGE('',*,*,#5701,.T.);
#5722 = ORIENTED_EDGE('',*,*,#4612,.F.);
#5723 = PLANE('',#5724);
#5724 = AXIS2_PLACEMENT_3D('',#5725,#5726,#5727);
#5725 = CARTESIAN_POINT('',(-8.33,23.12,-5.16));
#5726 = DIRECTION('',(1.,0.,-0.));
#5727 = DIRECTION('',(0.,0.,1.));
#5728 = ADVANCED_FACE('',(#5729),#5754,.T.);
#5729 = FACE_BOUND('',#5730,.T.);
#5730 = EDGE_LOOP('',(#5731,#5739,#5740,#5748));
#5731 = ORIENTED_EDGE('',*,*,#5732,.F.);
#5732 = EDGE_CURVE('',#4637,#5733,#5735,.T.);
#5733 = VERTEX_POINT('',#5734);
#5734 = CARTESIAN_POINT('',(9.13,9.08,-1.2));
#5735 = LINE('',#5736,#5737);
#5736 = CARTESIAN_POINT('',(9.13,9.08,-2.01));
#5737 = VECTOR('',#5738,1.);
#5738 = DIRECTION('',(0.,0.,1.));
#5739 = ORIENTED_EDGE('',*,*,#4636,.T.);
#5740 = ORIENTED_EDGE('',*,*,#5741,.T.);
#5741 = EDGE_CURVE('',#4639,#5742,#5744,.T.);
#5742 = VERTEX_POINT('',#5743);
#5743 = CARTESIAN_POINT('',(-9.13,9.08,-1.2));
#5744 = LINE('',#5745,#5746);
#5745 = CARTESIAN_POINT('',(-9.13,9.08,-2.01));
#5746 = VECTOR('',#5747,1.);
#5747 = DIRECTION('',(0.,0.,1.));
#5748 = ORIENTED_EDGE('',*,*,#5749,.T.);
#5749 = EDGE_CURVE('',#5742,#5733,#5750,.T.);
#5750 = LINE('',#5751,#5752);
#5751 = CARTESIAN_POINT('',(-9.13,9.08,-1.2));
#5752 = VECTOR('',#5753,1.);
#5753 = DIRECTION('',(1.,0.,-0.));
#5754 = PLANE('',#5755);
#5755 = AXIS2_PLACEMENT_3D('',#5756,#5757,#5758);
#5756 = CARTESIAN_POINT('',(-9.13,9.08,-2.01));
#5757 = DIRECTION('',(-0.,1.,0.));
#5758 = DIRECTION('',(0.,0.,1.));
#5759 = ADVANCED_FACE('',(#5760),#5778,.F.);
#5760 = FACE_BOUND('',#5761,.F.);
#5761 = EDGE_LOOP('',(#5762,#5763,#5764,#5772));
#5762 = ORIENTED_EDGE('',*,*,#5732,.F.);
#5763 = ORIENTED_EDGE('',*,*,#4662,.T.);
#5764 = ORIENTED_EDGE('',*,*,#5765,.T.);
#5765 = EDGE_CURVE('',#4655,#5766,#5768,.T.);
#5766 = VERTEX_POINT('',#5767);
#5767 = CARTESIAN_POINT('',(9.13,20.92,-1.2));
#5768 = LINE('',#5769,#5770);
#5769 = CARTESIAN_POINT('',(9.13,20.92,-2.01));
#5770 = VECTOR('',#5771,1.);
#5771 = DIRECTION('',(0.,0.,1.));
#5772 = ORIENTED_EDGE('',*,*,#5773,.F.);
#5773 = EDGE_CURVE('',#5733,#5766,#5774,.T.);
#5774 = LINE('',#5775,#5776);
#5775 = CARTESIAN_POINT('',(9.13,9.08,-1.2));
#5776 = VECTOR('',#5777,1.);
#5777 = DIRECTION('',(-0.,1.,0.));
#5778 = PLANE('',#5779);
#5779 = AXIS2_PLACEMENT_3D('',#5780,#5781,#5782);
#5780 = CARTESIAN_POINT('',(9.13,9.08,-2.01));
#5781 = DIRECTION('',(1.,0.,-0.));
#5782 = DIRECTION('',(0.,0.,1.));
#5783 = ADVANCED_FACE('',(#5784),#5802,.F.);
#5784 = FACE_BOUND('',#5785,.F.);
#5785 = EDGE_LOOP('',(#5786,#5787,#5788,#5796));
#5786 = ORIENTED_EDGE('',*,*,#5765,.F.);
#5787 = ORIENTED_EDGE('',*,*,#4654,.T.);
#5788 = ORIENTED_EDGE('',*,*,#5789,.T.);
#5789 = EDGE_CURVE('',#4647,#5790,#5792,.T.);
#5790 = VERTEX_POINT('',#5791);
#5791 = CARTESIAN_POINT('',(-9.13,20.92,-1.2));
#5792 = LINE('',#5793,#5794);
#5793 = CARTESIAN_POINT('',(-9.13,20.92,-2.01));
#5794 = VECTOR('',#5795,1.);
#5795 = DIRECTION('',(0.,0.,1.));
#5796 = ORIENTED_EDGE('',*,*,#5797,.T.);
#5797 = EDGE_CURVE('',#5790,#5766,#5798,.T.);
#5798 = LINE('',#5799,#5800);
#5799 = CARTESIAN_POINT('',(-9.13,20.92,-1.2));
#5800 = VECTOR('',#5801,1.);
#5801 = DIRECTION('',(1.,0.,-0.));
#5802 = PLANE('',#5803);
#5803 = AXIS2_PLACEMENT_3D('',#5804,#5805,#5806);
#5804 = CARTESIAN_POINT('',(-9.13,20.92,-2.01));
#5805 = DIRECTION('',(-0.,1.,0.));
#5806 = DIRECTION('',(0.,0.,1.));
#5807 = ADVANCED_FACE('',(#5808),#5819,.T.);
#5808 = FACE_BOUND('',#5809,.T.);
#5809 = EDGE_LOOP('',(#5810,#5811,#5812,#5813));
#5810 = ORIENTED_EDGE('',*,*,#5741,.F.);
#5811 = ORIENTED_EDGE('',*,*,#4646,.T.);
#5812 = ORIENTED_EDGE('',*,*,#5789,.T.);
#5813 = ORIENTED_EDGE('',*,*,#5814,.F.);
#5814 = EDGE_CURVE('',#5742,#5790,#5815,.T.);
#5815 = LINE('',#5816,#5817);
#5816 = CARTESIAN_POINT('',(-9.13,9.08,-1.2));
#5817 = VECTOR('',#5818,1.);
#5818 = DIRECTION('',(-0.,1.,0.));
#5819 = PLANE('',#5820);
#5820 = AXIS2_PLACEMENT_3D('',#5821,#5822,#5823);
#5821 = CARTESIAN_POINT('',(-9.13,9.08,-2.01));
#5822 = DIRECTION('',(1.,0.,-0.));
#5823 = DIRECTION('',(0.,0.,1.));
#5824 = ADVANCED_FACE('',(#5825),#5850,.F.);
#5825 = FACE_BOUND('',#5826,.F.);
#5826 = EDGE_LOOP('',(#5827,#5835,#5843,#5849));
#5827 = ORIENTED_EDGE('',*,*,#5828,.F.);
#5828 = EDGE_CURVE('',#5829,#4671,#5831,.T.);
#5829 = VERTEX_POINT('',#5830);
#5830 = CARTESIAN_POINT('',(11.13,21.32,-3.));
#5831 = LINE('',#5832,#5833);
#5832 = CARTESIAN_POINT('',(11.13,21.32,-3.));
#5833 = VECTOR('',#5834,1.);
#5834 = DIRECTION('',(0.,0.,1.));
#5835 = ORIENTED_EDGE('',*,*,#5836,.F.);
#5836 = EDGE_CURVE('',#5837,#5829,#5839,.T.);
#5837 = VERTEX_POINT('',#5838);
#5838 = CARTESIAN_POINT('',(9.53,21.32,-3.));
#5839 = LINE('',#5840,#5841);
#5840 = CARTESIAN_POINT('',(9.53,21.32,-3.));
#5841 = VECTOR('',#5842,1.);
#5842 = DIRECTION('',(1.,0.,-0.));
#5843 = ORIENTED_EDGE('',*,*,#5844,.T.);
#5844 = EDGE_CURVE('',#5837,#4673,#5845,.T.);
#5845 = LINE('',#5846,#5847);
#5846 = CARTESIAN_POINT('',(9.53,21.32,-3.));
#5847 = VECTOR('',#5848,1.);
#5848 = DIRECTION('',(0.,0.,1.));
#5849 = ORIENTED_EDGE('',*,*,#4670,.F.);
#5850 = PLANE('',#5851);
#5851 = AXIS2_PLACEMENT_3D('',#5852,#5853,#5854);
#5852 = CARTESIAN_POINT('',(9.53,21.32,-3.));
#5853 = DIRECTION('',(-0.,1.,0.));
#5854 = DIRECTION('',(0.,0.,1.));
#5855 = ADVANCED_FACE('',(#5856),#5874,.T.);
#5856 = FACE_BOUND('',#5857,.T.);
#5857 = EDGE_LOOP('',(#5858,#5859,#5867,#5873));
#5858 = ORIENTED_EDGE('',*,*,#5828,.F.);
#5859 = ORIENTED_EDGE('',*,*,#5860,.T.);
#5860 = EDGE_CURVE('',#5829,#5861,#5863,.T.);
#5861 = VERTEX_POINT('',#5862);
#5862 = CARTESIAN_POINT('',(11.13,22.92,-3.));
#5863 = LINE('',#5864,#5865);
#5864 = CARTESIAN_POINT('',(11.13,21.32,-3.));
#5865 = VECTOR('',#5866,1.);
#5866 = DIRECTION('',(-0.,1.,0.));
#5867 = ORIENTED_EDGE('',*,*,#5868,.T.);
#5868 = EDGE_CURVE('',#5861,#4689,#5869,.T.);
#5869 = LINE('',#5870,#5871);
#5870 = CARTESIAN_POINT('',(11.13,22.92,-3.));
#5871 = VECTOR('',#5872,1.);
#5872 = DIRECTION('',(0.,0.,1.));
#5873 = ORIENTED_EDGE('',*,*,#4696,.F.);
#5874 = PLANE('',#5875);
#5875 = AXIS2_PLACEMENT_3D('',#5876,#5877,#5878);
#5876 = CARTESIAN_POINT('',(11.13,21.32,-3.));
#5877 = DIRECTION('',(1.,0.,-0.));
#5878 = DIRECTION('',(0.,0.,1.));
#5879 = ADVANCED_FACE('',(#5880),#5898,.F.);
#5880 = FACE_BOUND('',#5881,.F.);
#5881 = EDGE_LOOP('',(#5882,#5883,#5891,#5897));
#5882 = ORIENTED_EDGE('',*,*,#5844,.F.);
#5883 = ORIENTED_EDGE('',*,*,#5884,.T.);
#5884 = EDGE_CURVE('',#5837,#5885,#5887,.T.);
#5885 = VERTEX_POINT('',#5886);
#5886 = CARTESIAN_POINT('',(9.53,22.92,-3.));
#5887 = LINE('',#5888,#5889);
#5888 = CARTESIAN_POINT('',(9.53,21.32,-3.));
#5889 = VECTOR('',#5890,1.);
#5890 = DIRECTION('',(-0.,1.,0.));
#5891 = ORIENTED_EDGE('',*,*,#5892,.T.);
#5892 = EDGE_CURVE('',#5885,#4681,#5893,.T.);
#5893 = LINE('',#5894,#5895);
#5894 = CARTESIAN_POINT('',(9.53,22.92,-3.));
#5895 = VECTOR('',#5896,1.);
#5896 = DIRECTION('',(0.,0.,1.));
#5897 = ORIENTED_EDGE('',*,*,#4680,.F.);
#5898 = PLANE('',#5899);
#5899 = AXIS2_PLACEMENT_3D('',#5900,#5901,#5902);
#5900 = CARTESIAN_POINT('',(9.53,21.32,-3.));
#5901 = DIRECTION('',(1.,0.,-0.));
#5902 = DIRECTION('',(0.,0.,1.));
#5903 = ADVANCED_FACE('',(#5904),#5915,.T.);
#5904 = FACE_BOUND('',#5905,.T.);
#5905 = EDGE_LOOP('',(#5906,#5907,#5913,#5914));
#5906 = ORIENTED_EDGE('',*,*,#5868,.F.);
#5907 = ORIENTED_EDGE('',*,*,#5908,.F.);
#5908 = EDGE_CURVE('',#5885,#5861,#5909,.T.);
#5909 = LINE('',#5910,#5911);
#5910 = CARTESIAN_POINT('',(9.53,22.92,-3.));
#5911 = VECTOR('',#5912,1.);
#5912 = DIRECTION('',(1.,0.,-0.));
#5913 = ORIENTED_EDGE('',*,*,#5892,.T.);
#5914 = ORIENTED_EDGE('',*,*,#4688,.F.);
#5915 = PLANE('',#5916);
#5916 = AXIS2_PLACEMENT_3D('',#5917,#5918,#5919);
#5917 = CARTESIAN_POINT('',(9.53,22.92,-3.));
#5918 = DIRECTION('',(-0.,1.,0.));
#5919 = DIRECTION('',(0.,0.,1.));
#5920 = ADVANCED_FACE('',(#5921),#5946,.F.);
#5921 = FACE_BOUND('',#5922,.F.);
#5922 = EDGE_LOOP('',(#5923,#5931,#5939,#5945));
#5923 = ORIENTED_EDGE('',*,*,#5924,.F.);
#5924 = EDGE_CURVE('',#5925,#4705,#5927,.T.);
#5925 = VERTEX_POINT('',#5926);
#5926 = CARTESIAN_POINT('',(12.33,20.12,-5.16));
#5927 = LINE('',#5928,#5929);
#5928 = CARTESIAN_POINT('',(12.33,20.12,-5.16));
#5929 = VECTOR('',#5930,1.);
#5930 = DIRECTION('',(0.,0.,1.));
#5931 = ORIENTED_EDGE('',*,*,#5932,.F.);
#5932 = EDGE_CURVE('',#5933,#5925,#5935,.T.);
#5933 = VERTEX_POINT('',#5934);
#5934 = CARTESIAN_POINT('',(11.33,20.12,-5.16));
#5935 = LINE('',#5936,#5937);
#5936 = CARTESIAN_POINT('',(11.33,20.12,-5.16));
#5937 = VECTOR('',#5938,1.);
#5938 = DIRECTION('',(1.,0.,-0.));
#5939 = ORIENTED_EDGE('',*,*,#5940,.T.);
#5940 = EDGE_CURVE('',#5933,#4707,#5941,.T.);
#5941 = LINE('',#5942,#5943);
#5942 = CARTESIAN_POINT('',(11.33,20.12,-5.16));
#5943 = VECTOR('',#5944,1.);
#5944 = DIRECTION('',(0.,0.,1.));
#5945 = ORIENTED_EDGE('',*,*,#4704,.F.);
#5946 = PLANE('',#5947);
#5947 = AXIS2_PLACEMENT_3D('',#5948,#5949,#5950);
#5948 = CARTESIAN_POINT('',(11.33,20.12,-5.16));
#5949 = DIRECTION('',(-0.,1.,0.));
#5950 = DIRECTION('',(0.,0.,1.));
#5951 = ADVANCED_FACE('',(#5952),#5970,.T.);
#5952 = FACE_BOUND('',#5953,.T.);
#5953 = EDGE_LOOP('',(#5954,#5955,#5963,#5969));
#5954 = ORIENTED_EDGE('',*,*,#5924,.F.);
#5955 = ORIENTED_EDGE('',*,*,#5956,.T.);
#5956 = EDGE_CURVE('',#5925,#5957,#5959,.T.);
#5957 = VERTEX_POINT('',#5958);
#5958 = CARTESIAN_POINT('',(12.33,24.12,-5.16));
#5959 = LINE('',#5960,#5961);
#5960 = CARTESIAN_POINT('',(12.33,20.12,-5.16));
#5961 = VECTOR('',#5962,1.);
#5962 = DIRECTION('',(-0.,1.,0.));
#5963 = ORIENTED_EDGE('',*,*,#5964,.T.);
#5964 = EDGE_CURVE('',#5957,#4739,#5965,.T.);
#5965 = LINE('',#5966,#5967);
#5966 = CARTESIAN_POINT('',(12.33,24.12,-5.16));
#5967 = VECTOR('',#5968,1.);
#5968 = DIRECTION('',(0.,0.,1.));
#5969 = ORIENTED_EDGE('',*,*,#4746,.F.);
#5970 = PLANE('',#5971);
#5971 = AXIS2_PLACEMENT_3D('',#5972,#5973,#5974);
#5972 = CARTESIAN_POINT('',(12.33,22.12,-3.58));
#5973 = DIRECTION('',(1.,0.,0.));
#5974 = DIRECTION('',(-0.,0.,1.));
#5975 = ADVANCED_FACE('',(#5976),#5994,.F.);
#5976 = FACE_BOUND('',#5977,.F.);
#5977 = EDGE_LOOP('',(#5978,#5979,#5987,#5993));
#5978 = ORIENTED_EDGE('',*,*,#5940,.F.);
#5979 = ORIENTED_EDGE('',*,*,#5980,.T.);
#5980 = EDGE_CURVE('',#5933,#5981,#5983,.T.);
#5981 = VERTEX_POINT('',#5982);
#5982 = CARTESIAN_POINT('',(11.33,23.12,-5.16));
#5983 = LINE('',#5984,#5985);
#5984 = CARTESIAN_POINT('',(11.33,20.12,-5.16));
#5985 = VECTOR('',#5986,1.);
#5986 = DIRECTION('',(-0.,1.,0.));
#5987 = ORIENTED_EDGE('',*,*,#5988,.T.);
#5988 = EDGE_CURVE('',#5981,#4715,#5989,.T.);
#5989 = LINE('',#5990,#5991);
#5990 = CARTESIAN_POINT('',(11.33,23.12,-5.16));
#5991 = VECTOR('',#5992,1.);
#5992 = DIRECTION('',(0.,0.,1.));
#5993 = ORIENTED_EDGE('',*,*,#4714,.F.);
#5994 = PLANE('',#5995);
#5995 = AXIS2_PLACEMENT_3D('',#5996,#5997,#5998);
#5996 = CARTESIAN_POINT('',(11.33,20.12,-5.16));
#5997 = DIRECTION('',(1.,0.,-0.));
#5998 = DIRECTION('',(0.,0.,1.));
#5999 = ADVANCED_FACE('',(#6000),#6018,.T.);
#6000 = FACE_BOUND('',#6001,.T.);
#6001 = EDGE_LOOP('',(#6002,#6010,#6016,#6017));
#6002 = ORIENTED_EDGE('',*,*,#6003,.F.);
#6003 = EDGE_CURVE('',#6004,#5957,#6006,.T.);
#6004 = VERTEX_POINT('',#6005);
#6005 = CARTESIAN_POINT('',(8.33,24.12,-5.16));
#6006 = LINE('',#6007,#6008);
#6007 = CARTESIAN_POINT('',(11.33,24.12,-5.16));
#6008 = VECTOR('',#6009,1.);
#6009 = DIRECTION('',(1.,0.,-0.));
#6010 = ORIENTED_EDGE('',*,*,#6011,.T.);
#6011 = EDGE_CURVE('',#6004,#4731,#6012,.T.);
#6012 = LINE('',#6013,#6014);
#6013 = CARTESIAN_POINT('',(8.33,24.12,-5.16));
#6014 = VECTOR('',#6015,1.);
#6015 = DIRECTION('',(0.,0.,1.));
#6016 = ORIENTED_EDGE('',*,*,#4738,.F.);
#6017 = ORIENTED_EDGE('',*,*,#5964,.F.);
#6018 = PLANE('',#6019);
#6019 = AXIS2_PLACEMENT_3D('',#6020,#6021,#6022);
#6020 = CARTESIAN_POINT('',(10.33,24.12,-3.58));
#6021 = DIRECTION('',(0.,1.,0.));
#6022 = DIRECTION('',(0.,-0.,1.));
#6023 = ADVANCED_FACE('',(#6024),#6042,.F.);
#6024 = FACE_BOUND('',#6025,.F.);
#6025 = EDGE_LOOP('',(#6026,#6034,#6040,#6041));
#6026 = ORIENTED_EDGE('',*,*,#6027,.F.);
#6027 = EDGE_CURVE('',#6028,#5981,#6030,.T.);
#6028 = VERTEX_POINT('',#6029);
#6029 = CARTESIAN_POINT('',(8.33,23.12,-5.16));
#6030 = LINE('',#6031,#6032);
#6031 = CARTESIAN_POINT('',(8.33,23.12,-5.16));
#6032 = VECTOR('',#6033,1.);
#6033 = DIRECTION('',(1.,0.,-0.));
#6034 = ORIENTED_EDGE('',*,*,#6035,.T.);
#6035 = EDGE_CURVE('',#6028,#4723,#6036,.T.);
#6036 = LINE('',#6037,#6038);
#6037 = CARTESIAN_POINT('',(8.33,23.12,-5.16));
#6038 = VECTOR('',#6039,1.);
#6039 = DIRECTION('',(0.,0.,1.));
#6040 = ORIENTED_EDGE('',*,*,#4722,.F.);
#6041 = ORIENTED_EDGE('',*,*,#5988,.F.);
#6042 = PLANE('',#6043);
#6043 = AXIS2_PLACEMENT_3D('',#6044,#6045,#6046);
#6044 = CARTESIAN_POINT('',(8.33,23.12,-5.16));
#6045 = DIRECTION('',(-0.,1.,0.));
#6046 = DIRECTION('',(0.,0.,1.));
#6047 = ADVANCED_FACE('',(#6048),#6059,.F.);
#6048 = FACE_BOUND('',#6049,.F.);
#6049 = EDGE_LOOP('',(#6050,#6051,#6057,#6058));
#6050 = ORIENTED_EDGE('',*,*,#6035,.F.);
#6051 = ORIENTED_EDGE('',*,*,#6052,.T.);
#6052 = EDGE_CURVE('',#6028,#6004,#6053,.T.);
#6053 = LINE('',#6054,#6055);
#6054 = CARTESIAN_POINT('',(8.33,23.12,-5.16));
#6055 = VECTOR('',#6056,1.);
#6056 = DIRECTION('',(-0.,1.,0.));
#6057 = ORIENTED_EDGE('',*,*,#6011,.T.);
#6058 = ORIENTED_EDGE('',*,*,#4730,.F.);
#6059 = PLANE('',#6060);
#6060 = AXIS2_PLACEMENT_3D('',#6061,#6062,#6063);
#6061 = CARTESIAN_POINT('',(8.33,23.12,-5.16));
#6062 = DIRECTION('',(1.,0.,-0.));
#6063 = DIRECTION('',(0.,0.,1.));
#6064 = ADVANCED_FACE('',(#6065),#6084,.F.);
#6065 = FACE_BOUND('',#6066,.F.);
#6066 = EDGE_LOOP('',(#6067,#6076,#6082,#6083));
#6067 = ORIENTED_EDGE('',*,*,#6068,.F.);
#6068 = EDGE_CURVE('',#6069,#6069,#6071,.T.);
#6069 = VERTEX_POINT('',#6070);
#6070 = CARTESIAN_POINT('',(23.77,-13.,-2.));
#6071 = CIRCLE('',#6072,6.77);
#6072 = AXIS2_PLACEMENT_3D('',#6073,#6074,#6075);
#6073 = CARTESIAN_POINT('',(17.,-13.,-2.));
#6074 = DIRECTION('',(0.,0.,1.));
#6075 = DIRECTION('',(1.,0.,-0.));
#6076 = ORIENTED_EDGE('',*,*,#6077,.F.);
#6077 = EDGE_CURVE('',#4976,#6069,#6078,.T.);
#6078 = LINE('',#6079,#6080);
#6079 = CARTESIAN_POINT('',(23.77,-13.,-11.));
#6080 = VECTOR('',#6081,1.);
#6081 = DIRECTION('',(0.,0.,1.));
#6082 = ORIENTED_EDGE('',*,*,#4975,.T.);
#6083 = ORIENTED_EDGE('',*,*,#6077,.T.);
#6084 = CYLINDRICAL_SURFACE('',#6085,6.77);
#6085 = AXIS2_PLACEMENT_3D('',#6086,#6087,#6088);
#6086 = CARTESIAN_POINT('',(17.,-13.,-11.));
#6087 = DIRECTION('',(0.,0.,1.));
#6088 = DIRECTION('',(1.,0.,-0.));
#6089 = ADVANCED_FACE('',(#6090),#6109,.T.);
#6090 = FACE_BOUND('',#6091,.T.);
#6091 = EDGE_LOOP('',(#6092,#6101,#6107,#6108));
#6092 = ORIENTED_EDGE('',*,*,#6093,.F.);
#6093 = EDGE_CURVE('',#6094,#6094,#6096,.T.);
#6094 = VERTEX_POINT('',#6095);
#6095 = CARTESIAN_POINT('',(19.,-12.2,-2.));
#6096 = CIRCLE('',#6097,2.);
#6097 = AXIS2_PLACEMENT_3D('',#6098,#6099,#6100);
#6098 = CARTESIAN_POINT('',(17.,-12.2,-2.));
#6099 = DIRECTION('',(0.,0.,1.));
#6100 = DIRECTION('',(1.,0.,-0.));
#6101 = ORIENTED_EDGE('',*,*,#6102,.F.);
#6102 = EDGE_CURVE('',#4993,#6094,#6103,.T.);
#6103 = LINE('',#6104,#6105);
#6104 = CARTESIAN_POINT('',(19.,-12.2,-3.2));
#6105 = VECTOR('',#6106,1.);
#6106 = DIRECTION('',(0.,0.,1.));
#6107 = ORIENTED_EDGE('',*,*,#4992,.T.);
#6108 = ORIENTED_EDGE('',*,*,#6102,.T.);
#6109 = CYLINDRICAL_SURFACE('',#6110,2.);
#6110 = AXIS2_PLACEMENT_3D('',#6111,#6112,#6113);
#6111 = CARTESIAN_POINT('',(17.,-12.2,-3.2));
#6112 = DIRECTION('',(0.,0.,1.));
#6113 = DIRECTION('',(1.,0.,-0.));
#6114 = ADVANCED_FACE('',(#6115),#6123,.T.);
#6115 = FACE_BOUND('',#6116,.T.);
#6116 = EDGE_LOOP('',(#6117,#6118,#6119,#6120,#6121,#6122));
#6117 = ORIENTED_EDGE('',*,*,#5077,.T.);
#6118 = ORIENTED_EDGE('',*,*,#5123,.T.);
#6119 = ORIENTED_EDGE('',*,*,#5140,.F.);
#6120 = ORIENTED_EDGE('',*,*,#5091,.T.);
#6121 = ORIENTED_EDGE('',*,*,#5044,.F.);
#6122 = ORIENTED_EDGE('',*,*,#5012,.F.);
#6123 = PLANE('',#6124);
#6124 = AXIS2_PLACEMENT_3D('',#6125,#6126,#6127);
#6125 = CARTESIAN_POINT('',(-10.8925,7.3175,-5.16));
#6126 = DIRECTION('',(-0.,-0.,-1.));
#6127 = DIRECTION('',(-1.,0.,0.));
#6128 = ADVANCED_FACE('',(#6129),#6135,.F.);
#6129 = FACE_BOUND('',#6130,.F.);
#6130 = EDGE_LOOP('',(#6131,#6132,#6133,#6134));
#6131 = ORIENTED_EDGE('',*,*,#5212,.F.);
#6132 = ORIENTED_EDGE('',*,*,#5164,.T.);
#6133 = ORIENTED_EDGE('',*,*,#5188,.T.);
#6134 = ORIENTED_EDGE('',*,*,#5236,.F.);
#6135 = PLANE('',#6136);
#6136 = AXIS2_PLACEMENT_3D('',#6137,#6138,#6139);
#6137 = CARTESIAN_POINT('',(-11.13,7.08,-3.));
#6138 = DIRECTION('',(0.,0.,1.));
#6139 = DIRECTION('',(1.,0.,-0.));
#6140 = ADVANCED_FACE('',(#6141),#6147,.F.);
#6141 = FACE_BOUND('',#6142,.F.);
#6142 = EDGE_LOOP('',(#6143,#6144,#6145,#6146));
#6143 = ORIENTED_EDGE('',*,*,#5308,.F.);
#6144 = ORIENTED_EDGE('',*,*,#5260,.T.);
#6145 = ORIENTED_EDGE('',*,*,#5284,.T.);
#6146 = ORIENTED_EDGE('',*,*,#5332,.F.);
#6147 = PLANE('',#6148);
#6148 = AXIS2_PLACEMENT_3D('',#6149,#6150,#6151);
#6149 = CARTESIAN_POINT('',(9.53,7.08,-3.));
#6150 = DIRECTION('',(0.,0.,1.));
#6151 = DIRECTION('',(1.,0.,-0.));
#6152 = ADVANCED_FACE('',(#6153),#6161,.T.);
#6153 = FACE_BOUND('',#6154,.T.);
#6154 = EDGE_LOOP('',(#6155,#6156,#6157,#6158,#6159,#6160));
#6155 = ORIENTED_EDGE('',*,*,#5356,.F.);
#6156 = ORIENTED_EDGE('',*,*,#5389,.F.);
#6157 = ORIENTED_EDGE('',*,*,#5428,.T.);
#6158 = ORIENTED_EDGE('',*,*,#5475,.T.);
#6159 = ORIENTED_EDGE('',*,*,#5459,.T.);
#6160 = ORIENTED_EDGE('',*,*,#5404,.T.);
#6161 = PLANE('',#6162);
#6162 = AXIS2_PLACEMENT_3D('',#6163,#6164,#6165);
#6163 = CARTESIAN_POINT('',(10.8925,7.3175,-5.16));
#6164 = DIRECTION('',(-0.,-0.,-1.));
#6165 = DIRECTION('',(-1.,0.,0.));
#6166 = ADVANCED_FACE('',(#6167),#6173,.F.);
#6167 = FACE_BOUND('',#6168,.F.);
#6168 = EDGE_LOOP('',(#6169,#6170,#6171,#6172));
#6169 = ORIENTED_EDGE('',*,*,#5548,.F.);
#6170 = ORIENTED_EDGE('',*,*,#5500,.T.);
#6171 = ORIENTED_EDGE('',*,*,#5524,.T.);
#6172 = ORIENTED_EDGE('',*,*,#5572,.F.);
#6173 = PLANE('',#6174);
#6174 = AXIS2_PLACEMENT_3D('',#6175,#6176,#6177);
#6175 = CARTESIAN_POINT('',(-11.13,21.32,-3.));
#6176 = DIRECTION('',(0.,0.,1.));
#6177 = DIRECTION('',(1.,0.,-0.));
#6178 = ADVANCED_FACE('',(#6179),#6187,.T.);
#6179 = FACE_BOUND('',#6180,.T.);
#6180 = EDGE_LOOP('',(#6181,#6182,#6183,#6184,#6185,#6186));
#6181 = ORIENTED_EDGE('',*,*,#5653,.T.);
#6182 = ORIENTED_EDGE('',*,*,#5691,.T.);
#6183 = ORIENTED_EDGE('',*,*,#5716,.F.);
#6184 = ORIENTED_EDGE('',*,*,#5667,.F.);
#6185 = ORIENTED_EDGE('',*,*,#5620,.F.);
#6186 = ORIENTED_EDGE('',*,*,#5596,.F.);
#6187 = PLANE('',#6188);
#6188 = AXIS2_PLACEMENT_3D('',#6189,#6190,#6191);
#6189 = CARTESIAN_POINT('',(-10.8925,22.6825,-5.16));
#6190 = DIRECTION('',(-0.,-0.,-1.));
#6191 = DIRECTION('',(-1.,0.,0.));
#6192 = ADVANCED_FACE('',(#6193),#6199,.F.);
#6193 = FACE_BOUND('',#6194,.F.);
#6194 = EDGE_LOOP('',(#6195,#6196,#6197,#6198));
#6195 = ORIENTED_EDGE('',*,*,#5814,.F.);
#6196 = ORIENTED_EDGE('',*,*,#5749,.T.);
#6197 = ORIENTED_EDGE('',*,*,#5773,.T.);
#6198 = ORIENTED_EDGE('',*,*,#5797,.F.);
#6199 = PLANE('',#6200);
#6200 = AXIS2_PLACEMENT_3D('',#6201,#6202,#6203);
#6201 = CARTESIAN_POINT('',(-9.13,9.08,-1.2));
#6202 = DIRECTION('',(0.,0.,1.));
#6203 = DIRECTION('',(1.,0.,-0.));
#6204 = ADVANCED_FACE('',(#6205),#6211,.F.);
#6205 = FACE_BOUND('',#6206,.F.);
#6206 = EDGE_LOOP('',(#6207,#6208,#6209,#6210));
#6207 = ORIENTED_EDGE('',*,*,#5884,.F.);
#6208 = ORIENTED_EDGE('',*,*,#5836,.T.);
#6209 = ORIENTED_EDGE('',*,*,#5860,.T.);
#6210 = ORIENTED_EDGE('',*,*,#5908,.F.);
#6211 = PLANE('',#6212);
#6212 = AXIS2_PLACEMENT_3D('',#6213,#6214,#6215);
#6213 = CARTESIAN_POINT('',(9.53,21.32,-3.));
#6214 = DIRECTION('',(0.,0.,1.));
#6215 = DIRECTION('',(1.,0.,-0.));
#6216 = ADVANCED_FACE('',(#6217),#6225,.T.);
#6217 = FACE_BOUND('',#6218,.T.);
#6218 = EDGE_LOOP('',(#6219,#6220,#6221,#6222,#6223,#6224));
#6219 = ORIENTED_EDGE('',*,*,#5980,.T.);
#6220 = ORIENTED_EDGE('',*,*,#6027,.F.);
#6221 = ORIENTED_EDGE('',*,*,#6052,.T.);
#6222 = ORIENTED_EDGE('',*,*,#6003,.T.);
#6223 = ORIENTED_EDGE('',*,*,#5956,.F.);
#6224 = ORIENTED_EDGE('',*,*,#5932,.F.);
#6225 = PLANE('',#6226);
#6226 = AXIS2_PLACEMENT_3D('',#6227,#6228,#6229);
#6227 = CARTESIAN_POINT('',(10.8925,22.6825,-5.16));
#6228 = DIRECTION('',(-0.,-0.,-1.));
#6229 = DIRECTION('',(-1.,0.,0.));
#6230 = ADVANCED_FACE('',(#6231,#6234,#6245,#6248),#6259,.F.);
#6231 = FACE_BOUND('',#6232,.F.);
#6232 = EDGE_LOOP('',(#6233));
#6233 = ORIENTED_EDGE('',*,*,#6068,.T.);
#6234 = FACE_BOUND('',#6235,.F.);
#6235 = EDGE_LOOP('',(#6236));
#6236 = ORIENTED_EDGE('',*,*,#6237,.F.);
#6237 = EDGE_CURVE('',#6238,#6238,#6240,.T.);
#6238 = VERTEX_POINT('',#6239);
#6239 = CARTESIAN_POINT('',(17.8,-18.5,-2.));
#6240 = CIRCLE('',#6241,0.8);
#6241 = AXIS2_PLACEMENT_3D('',#6242,#6243,#6244);
#6242 = CARTESIAN_POINT('',(17.,-18.5,-2.));
#6243 = DIRECTION('',(0.,0.,1.));
#6244 = DIRECTION('',(1.,0.,-0.));
#6245 = FACE_BOUND('',#6246,.F.);
#6246 = EDGE_LOOP('',(#6247));
#6247 = ORIENTED_EDGE('',*,*,#6093,.F.);
#6248 = FACE_BOUND('',#6249,.F.);
#6249 = EDGE_LOOP('',(#6250));
#6250 = ORIENTED_EDGE('',*,*,#6251,.F.);
#6251 = EDGE_CURVE('',#6252,#6252,#6254,.T.);
#6252 = VERTEX_POINT('',#6253);
#6253 = CARTESIAN_POINT('',(17.8,-7.5,-2.));
#6254 = CIRCLE('',#6255,0.8);
#6255 = AXIS2_PLACEMENT_3D('',#6256,#6257,#6258);
#6256 = CARTESIAN_POINT('',(17.,-7.5,-2.));
#6257 = DIRECTION('',(0.,0.,1.));
#6258 = DIRECTION('',(1.,0.,-0.));
#6259 = PLANE('',#6260);
#6260 = AXIS2_PLACEMENT_3D('',#6261,#6262,#6263);
#6261 = CARTESIAN_POINT('',(8.04363295761E-16,-1.969869295741E-16,-2.));
#6262 = DIRECTION('',(0.,0.,1.));
#6263 = DIRECTION('',(1.,0.,-0.));
#6264 = ADVANCED_FACE('',(#6265),#6284,.T.);
#6265 = FACE_BOUND('',#6266,.T.);
#6266 = EDGE_LOOP('',(#6267,#6268,#6276,#6283));
#6267 = ORIENTED_EDGE('',*,*,#6237,.F.);
#6268 = ORIENTED_EDGE('',*,*,#6269,.F.);
#6269 = EDGE_CURVE('',#6270,#6238,#6272,.T.);
#6270 = VERTEX_POINT('',#6271);
#6271 = CARTESIAN_POINT('',(17.8,-18.5,-3.2));
#6272 = LINE('',#6273,#6274);
#6273 = CARTESIAN_POINT('',(17.8,-18.5,-3.2));
#6274 = VECTOR('',#6275,1.);
#6275 = DIRECTION('',(0.,0.,1.));
#6276 = ORIENTED_EDGE('',*,*,#6277,.T.);
#6277 = EDGE_CURVE('',#6270,#6270,#6278,.T.);
#6278 = CIRCLE('',#6279,0.8);
#6279 = AXIS2_PLACEMENT_3D('',#6280,#6281,#6282);
#6280 = CARTESIAN_POINT('',(17.,-18.5,-3.2));
#6281 = DIRECTION('',(0.,0.,1.));
#6282 = DIRECTION('',(1.,0.,-0.));
#6283 = ORIENTED_EDGE('',*,*,#6269,.T.);
#6284 = CYLINDRICAL_SURFACE('',#6285,0.8);
#6285 = AXIS2_PLACEMENT_3D('',#6286,#6287,#6288);
#6286 = CARTESIAN_POINT('',(17.,-18.5,-3.2));
#6287 = DIRECTION('',(0.,0.,1.));
#6288 = DIRECTION('',(1.,0.,-0.));
#6289 = ADVANCED_FACE('',(#6290),#6309,.T.);
#6290 = FACE_BOUND('',#6291,.T.);
#6291 = EDGE_LOOP('',(#6292,#6293,#6301,#6308));
#6292 = ORIENTED_EDGE('',*,*,#6251,.F.);
#6293 = ORIENTED_EDGE('',*,*,#6294,.F.);
#6294 = EDGE_CURVE('',#6295,#6252,#6297,.T.);
#6295 = VERTEX_POINT('',#6296);
#6296 = CARTESIAN_POINT('',(17.8,-7.5,-3.2));
#6297 = LINE('',#6298,#6299);
#6298 = CARTESIAN_POINT('',(17.8,-7.5,-3.2));
#6299 = VECTOR('',#6300,1.);
#6300 = DIRECTION('',(0.,0.,1.));
#6301 = ORIENTED_EDGE('',*,*,#6302,.T.);
#6302 = EDGE_CURVE('',#6295,#6295,#6303,.T.);
#6303 = CIRCLE('',#6304,0.8);
#6304 = AXIS2_PLACEMENT_3D('',#6305,#6306,#6307);
#6305 = CARTESIAN_POINT('',(17.,-7.5,-3.2));
#6306 = DIRECTION('',(0.,0.,1.));
#6307 = DIRECTION('',(1.,0.,-0.));
#6308 = ORIENTED_EDGE('',*,*,#6294,.T.);
#6309 = CYLINDRICAL_SURFACE('',#6310,0.8);
#6310 = AXIS2_PLACEMENT_3D('',#6311,#6312,#6313);
#6311 = CARTESIAN_POINT('',(17.,-7.5,-3.2));
#6312 = DIRECTION('',(0.,0.,1.));
#6313 = DIRECTION('',(1.,0.,-0.));
#6314 = ADVANCED_FACE('',(#6315),#6318,.F.);
#6315 = FACE_BOUND('',#6316,.T.);
#6316 = EDGE_LOOP('',(#6317));
#6317 = ORIENTED_EDGE('',*,*,#6277,.F.);
#6318 = PLANE('',#6319);
#6319 = AXIS2_PLACEMENT_3D('',#6320,#6321,#6322);
#6320 = CARTESIAN_POINT('',(17.,-18.5,-3.2));
#6321 = DIRECTION('',(0.,0.,1.));
#6322 = DIRECTION('',(1.,0.,-0.));
#6323 = ADVANCED_FACE('',(#6324),#6327,.F.);
#6324 = FACE_BOUND('',#6325,.T.);
#6325 = EDGE_LOOP('',(#6326));
#6326 = ORIENTED_EDGE('',*,*,#6302,.F.);
#6327 = PLANE('',#6328);
#6328 = AXIS2_PLACEMENT_3D('',#6329,#6330,#6331);
#6329 = CARTESIAN_POINT('',(17.,-7.5,-3.2));
#6330 = DIRECTION('',(0.,0.,1.));
#6331 = DIRECTION('',(1.,0.,-0.));
#6332 = ( GEOMETRIC_REPRESENTATION_CONTEXT(3) 
GLOBAL_UNCERTAINTY_ASSIGNED_CONTEXT((#6336)) 
GLOBAL_UNIT_ASSIGNED_CONTEXT((#6333,#6334,#6335)) REPRESENTATION_CONTEXT
('Context #1','3D Context with UNIT and UNCERTAINTY') );
#6333 = ( LENGTH_UNIT() NAMED_UNIT(*) SI_UNIT(.MILLI.,.METRE.) );
#6334 = ( NAMED_UNIT(*) PLANE_ANGLE_UNIT() SI_UNIT($,.RADIAN.) );
#6335 = ( NAMED_UNIT(*) SI_UNIT($,.STERADIAN.) SOLID_ANGLE_UNIT() );
#6336 = UNCERTAINTY_MEASURE_WITH_UNIT(LENGTH_MEASURE(2.E-07),#6333,
  'distance_accuracy_value','confusion accuracy');
#6337 = PRODUCT_RELATED_PRODUCT_CATEGORY('part',$,(#7));
ENDSEC;
END-ISO-10303-21;
