ISO-10303-21;
HEADER;
FILE_DESCRIPTION(('FreeCAD Model'),'2;1');
FILE_NAME('Open CASCADE Shape Model','2026-10-07T17:57:25',('FreeCAD'),(
    'FreeCAD'),'Open CASCADE STEP processor 7.8','FreeCAD','Unknown');
FILE_SCHEMA(('AUTOMOTIVE_DESIGN { 1 0 10303 214 1 1 1 1 }'));
ENDSEC;
DATA;
#1 = APPLICATION_PROTOCOL_DEFINITION('international standard',
  'automotive_design',2000,#2);
#2 = APPLICATION_CONTEXT(
  'core data for automotive mechanical design processes');
#3 = SHAPE_DEFINITION_REPRESENTATION(#4,#10);
#4 = PRODUCT_DEFINITION_SHAPE('','',#5);
#5 = PRODUCT_DEFINITION('design','',#6,#9);
#6 = PRODUCT_DEFINITION_FORMATION('','',#7);
#7 = PRODUCT('Open CASCADE STEP translator 7.8 3',
  'Open CASCADE STEP translator 7.8 3','',(#8));
#8 = PRODUCT_CONTEXT('',#2,'mechanical');
#9 = PRODUCT_DEFINITION_CONTEXT('part definition',#2,'design');
#10 = ADVANCED_BREP_SHAPE_REPRESENTATION('',(#11,#15),#2841);
#11 = AXIS2_PLACEMENT_3D('',#12,#13,#14);
#12 = CARTESIAN_POINT('',(0.,0.,0.));
#13 = DIRECTION('',(0.,0.,1.));
#14 = DIRECTION('',(1.,0.,-0.));
#15 = MANIFOLD_SOLID_BREP('',#16);
#16 = CLOSED_SHELL('',(#17,#471,#502,#526,#566,#625,#649,#673,#690,#717,
    #741,#800,#827,#851,#875,#892,#932,#956,#980,#1004,#1037,#1061,#1094
    ,#1111,#1136,#1167,#1223,#1247,#1264,#1357,#1382,#1413,#1437,#1493,
    #1510,#1564,#1588,#1612,#1636,#1683,#1700,#1724,#1748,#1765,#1782,
    #1807,#1820,#1904,#1916,#1933,#1945,#1962,#1975,#1992,#2009,#2032,
    #2044,#2092,#2116,#2195,#2219,#2259,#2276,#2293,#2310,#2322,#2334,
    #2441,#2458,#2475,#2487,#2504,#2521,#2533,#2564,#2588,#2612,#2636,
    #2660,#2684,#2708,#2732,#2756,#2780,#2804,#2821));
#17 = ADVANCED_FACE('',(#18,#256,#267,#301,#312,#323,#357,#455),#466,.F.
  );
#18 = FACE_BOUND('',#19,.F.);
#19 = EDGE_LOOP('',(#20,#30,#38,#47,#55,#64,#72,#80,#88,#96,#105,#113,
    #121,#129,#138,#147,#156,#165,#173,#182,#191,#200,#209,#217,#225,
    #233,#242,#250));
#20 = ORIENTED_EDGE('',*,*,#21,.F.);
#21 = EDGE_CURVE('',#22,#24,#26,.T.);
#22 = VERTEX_POINT('',#23);
#23 = CARTESIAN_POINT('',(-11.25,-17.5,-4.2));
#24 = VERTEX_POINT('',#25);
#25 = CARTESIAN_POINT('',(-11.25,-15.5,-4.2));
#26 = LINE('',#27,#28);
#27 = CARTESIAN_POINT('',(-11.25,-8.75,-4.2));
#28 = VECTOR('',#29,1.);
#29 = DIRECTION('',(-0.,1.,0.));
#30 = ORIENTED_EDGE('',*,*,#31,.T.);
#31 = EDGE_CURVE('',#22,#32,#34,.T.);
#32 = VERTEX_POINT('',#33);
#33 = CARTESIAN_POINT('',(-12.23814274283,-17.5,-4.2));
#34 = LINE('',#35,#36);
#35 = CARTESIAN_POINT('',(-6.1675,-17.5,-4.2));
#36 = VECTOR('',#37,1.);
#37 = DIRECTION('',(-1.,-0.,0.));
#38 = ORIENTED_EDGE('',*,*,#39,.F.);
#39 = EDGE_CURVE('',#40,#32,#42,.T.);
#40 = VERTEX_POINT('',#41);
#41 = CARTESIAN_POINT('',(-6.525,-22.3,-4.2));
#42 = CIRCLE('',#43,5.8);
#43 = AXIS2_PLACEMENT_3D('',#44,#45,#46);
#44 = CARTESIAN_POINT('',(-6.525,-16.5,-4.2));
#45 = DIRECTION('',(-0.,0.,-1.));
#46 = DIRECTION('',(-1.,1.225073682345E-15,0.));
#47 = ORIENTED_EDGE('',*,*,#48,.F.);
#48 = EDGE_CURVE('',#49,#40,#51,.T.);
#49 = VERTEX_POINT('',#50);
#50 = CARTESIAN_POINT('',(6.525,-22.3,-4.2));
#51 = LINE('',#52,#53);
#52 = CARTESIAN_POINT('',(-3.2625,-22.3,-4.2));
#53 = VECTOR('',#54,1.);
#54 = DIRECTION('',(-1.,0.,0.));
#55 = ORIENTED_EDGE('',*,*,#56,.F.);
#56 = EDGE_CURVE('',#57,#49,#59,.T.);
#57 = VERTEX_POINT('',#58);
#58 = CARTESIAN_POINT('',(12.238142742834,-17.5,-4.2));
#59 = CIRCLE('',#60,5.8);
#60 = AXIS2_PLACEMENT_3D('',#61,#62,#63);
#61 = CARTESIAN_POINT('',(6.525,-16.5,-4.2));
#62 = DIRECTION('',(-0.,0.,-1.));
#63 = DIRECTION('',(-1.071939472052E-15,-1.,0.));
#64 = ORIENTED_EDGE('',*,*,#65,.T.);
#65 = EDGE_CURVE('',#57,#66,#68,.T.);
#66 = VERTEX_POINT('',#67);
#67 = CARTESIAN_POINT('',(11.25,-17.5,-4.2));
#68 = LINE('',#69,#70);
#69 = CARTESIAN_POINT('',(5.625,-17.5,-4.2));
#70 = VECTOR('',#71,1.);
#71 = DIRECTION('',(-1.,-0.,0.));
#72 = ORIENTED_EDGE('',*,*,#73,.T.);
#73 = EDGE_CURVE('',#66,#74,#76,.T.);
#74 = VERTEX_POINT('',#75);
#75 = CARTESIAN_POINT('',(11.25,-15.5,-4.2));
#76 = LINE('',#77,#78);
#77 = CARTESIAN_POINT('',(11.25,-8.75,-4.2));
#78 = VECTOR('',#79,1.);
#79 = DIRECTION('',(-0.,1.,0.));
#80 = ORIENTED_EDGE('',*,*,#81,.F.);
#81 = EDGE_CURVE('',#82,#74,#84,.T.);
#82 = VERTEX_POINT('',#83);
#83 = CARTESIAN_POINT('',(12.325,-15.5,-4.2));
#84 = LINE('',#85,#86);
#85 = CARTESIAN_POINT('',(5.625,-15.5,-4.2));
#86 = VECTOR('',#87,1.);
#87 = DIRECTION('',(-1.,-0.,0.));
#88 = ORIENTED_EDGE('',*,*,#89,.F.);
#89 = EDGE_CURVE('',#90,#82,#92,.T.);
#90 = VERTEX_POINT('',#91);
#91 = CARTESIAN_POINT('',(12.325,16.5,-4.2));
#92 = LINE('',#93,#94);
#93 = CARTESIAN_POINT('',(12.325,-8.25,-4.2));
#94 = VECTOR('',#95,1.);
#95 = DIRECTION('',(0.,-1.,0.));
#96 = ORIENTED_EDGE('',*,*,#97,.F.);
#97 = EDGE_CURVE('',#98,#90,#100,.T.);
#98 = VERTEX_POINT('',#99);
#99 = CARTESIAN_POINT('',(12.238142742834,17.5,-4.2));
#100 = CIRCLE('',#101,5.8);
#101 = AXIS2_PLACEMENT_3D('',#102,#103,#104);
#102 = CARTESIAN_POINT('',(6.525,16.5,-4.2));
#103 = DIRECTION('',(0.,-0.,-1.));
#104 = DIRECTION('',(1.,-1.225073682345E-15,0.));
#105 = ORIENTED_EDGE('',*,*,#106,.T.);
#106 = EDGE_CURVE('',#98,#107,#109,.T.);
#107 = VERTEX_POINT('',#108);
#108 = CARTESIAN_POINT('',(11.25,17.5,-4.2));
#109 = LINE('',#110,#111);
#110 = CARTESIAN_POINT('',(5.625,17.5,-4.2));
#111 = VECTOR('',#112,1.);
#112 = DIRECTION('',(-1.,-0.,0.));
#113 = ORIENTED_EDGE('',*,*,#114,.T.);
#114 = EDGE_CURVE('',#107,#115,#117,.T.);
#115 = VERTEX_POINT('',#116);
#116 = CARTESIAN_POINT('',(11.25,19.5,-4.2));
#117 = LINE('',#118,#119);
#118 = CARTESIAN_POINT('',(11.25,8.75,-4.2));
#119 = VECTOR('',#120,1.);
#120 = DIRECTION('',(-0.,1.,0.));
#121 = ORIENTED_EDGE('',*,*,#122,.F.);
#122 = EDGE_CURVE('',#123,#115,#125,.T.);
#123 = VERTEX_POINT('',#124);
#124 = CARTESIAN_POINT('',(11.488869458396,19.5,-4.2));
#125 = LINE('',#126,#127);
#126 = CARTESIAN_POINT('',(5.625,19.5,-4.2));
#127 = VECTOR('',#128,1.);
#128 = DIRECTION('',(-1.,-0.,0.));
#129 = ORIENTED_EDGE('',*,*,#130,.F.);
#130 = EDGE_CURVE('',#131,#123,#133,.T.);
#131 = VERTEX_POINT('',#132);
#132 = CARTESIAN_POINT('',(10.306280730325,20.89794452426,-4.2));
#133 = CIRCLE('',#134,5.8);
#134 = AXIS2_PLACEMENT_3D('',#135,#136,#137);
#135 = CARTESIAN_POINT('',(6.525,16.5,-4.2));
#136 = DIRECTION('',(0.,-0.,-1.));
#137 = DIRECTION('',(1.,-1.225073682345E-15,0.));
#138 = ORIENTED_EDGE('',*,*,#139,.F.);
#139 = EDGE_CURVE('',#140,#131,#142,.T.);
#140 = VERTEX_POINT('',#141);
#141 = CARTESIAN_POINT('',(10.88,19.5,-4.2));
#142 = CIRCLE('',#143,1.99);
#143 = AXIS2_PLACEMENT_3D('',#144,#145,#146);
#144 = CARTESIAN_POINT('',(8.89,19.5,-4.2));
#145 = DIRECTION('',(0.,0.,1.));
#146 = DIRECTION('',(1.,0.,-0.));
#147 = ORIENTED_EDGE('',*,*,#148,.F.);
#148 = EDGE_CURVE('',#149,#140,#151,.T.);
#149 = VERTEX_POINT('',#150);
#150 = CARTESIAN_POINT('',(9.918688519104,21.203496384107,-4.2));
#151 = CIRCLE('',#152,1.99);
#152 = AXIS2_PLACEMENT_3D('',#153,#154,#155);
#153 = CARTESIAN_POINT('',(8.89,19.5,-4.2));
#154 = DIRECTION('',(0.,0.,1.));
#155 = DIRECTION('',(1.,0.,-0.));
#156 = ORIENTED_EDGE('',*,*,#157,.F.);
#157 = EDGE_CURVE('',#158,#149,#160,.T.);
#158 = VERTEX_POINT('',#159);
#159 = CARTESIAN_POINT('',(6.525,22.3,-4.2));
#160 = CIRCLE('',#161,5.8);
#161 = AXIS2_PLACEMENT_3D('',#162,#163,#164);
#162 = CARTESIAN_POINT('',(6.525,16.5,-4.2));
#163 = DIRECTION('',(0.,-0.,-1.));
#164 = DIRECTION('',(1.,-1.225073682345E-15,0.));
#165 = ORIENTED_EDGE('',*,*,#166,.F.);
#166 = EDGE_CURVE('',#167,#158,#169,.T.);
#167 = VERTEX_POINT('',#168);
#168 = CARTESIAN_POINT('',(-6.525,22.3,-4.2));
#169 = LINE('',#170,#171);
#170 = CARTESIAN_POINT('',(3.2625,22.3,-4.2));
#171 = VECTOR('',#172,1.);
#172 = DIRECTION('',(1.,0.,-0.));
#173 = ORIENTED_EDGE('',*,*,#174,.F.);
#174 = EDGE_CURVE('',#175,#167,#177,.T.);
#175 = VERTEX_POINT('',#176);
#176 = CARTESIAN_POINT('',(-9.918688519104,21.203496384107,-4.2));
#177 = CIRCLE('',#178,5.8);
#178 = AXIS2_PLACEMENT_3D('',#179,#180,#181);
#179 = CARTESIAN_POINT('',(-6.525,16.5,-4.2));
#180 = DIRECTION('',(0.,-0.,-1.));
#181 = DIRECTION('',(1.071939472052E-15,1.,-0.));
#182 = ORIENTED_EDGE('',*,*,#183,.F.);
#183 = EDGE_CURVE('',#184,#175,#186,.T.);
#184 = VERTEX_POINT('',#185);
#185 = CARTESIAN_POINT('',(-6.9,19.5,-4.2));
#186 = CIRCLE('',#187,1.99);
#187 = AXIS2_PLACEMENT_3D('',#188,#189,#190);
#188 = CARTESIAN_POINT('',(-8.89,19.5,-4.2));
#189 = DIRECTION('',(0.,0.,1.));
#190 = DIRECTION('',(1.,0.,-0.));
#191 = ORIENTED_EDGE('',*,*,#192,.F.);
#192 = EDGE_CURVE('',#193,#184,#195,.T.);
#193 = VERTEX_POINT('',#194);
#194 = CARTESIAN_POINT('',(-10.30628073032,20.89794452426,-4.2));
#195 = CIRCLE('',#196,1.99);
#196 = AXIS2_PLACEMENT_3D('',#197,#198,#199);
#197 = CARTESIAN_POINT('',(-8.89,19.5,-4.2));
#198 = DIRECTION('',(0.,0.,1.));
#199 = DIRECTION('',(1.,0.,-0.));
#200 = ORIENTED_EDGE('',*,*,#201,.F.);
#201 = EDGE_CURVE('',#202,#193,#204,.T.);
#202 = VERTEX_POINT('',#203);
#203 = CARTESIAN_POINT('',(-11.48886945839,19.5,-4.2));
#204 = CIRCLE('',#205,5.8);
#205 = AXIS2_PLACEMENT_3D('',#206,#207,#208);
#206 = CARTESIAN_POINT('',(-6.525,16.5,-4.2));
#207 = DIRECTION('',(0.,-0.,-1.));
#208 = DIRECTION('',(1.071939472052E-15,1.,-0.));
#209 = ORIENTED_EDGE('',*,*,#210,.F.);
#210 = EDGE_CURVE('',#211,#202,#213,.T.);
#211 = VERTEX_POINT('',#212);
#212 = CARTESIAN_POINT('',(-11.25,19.5,-4.2));
#213 = LINE('',#214,#215);
#214 = CARTESIAN_POINT('',(-6.1675,19.5,-4.2));
#215 = VECTOR('',#216,1.);
#216 = DIRECTION('',(-1.,-0.,0.));
#217 = ORIENTED_EDGE('',*,*,#218,.F.);
#218 = EDGE_CURVE('',#219,#211,#221,.T.);
#219 = VERTEX_POINT('',#220);
#220 = CARTESIAN_POINT('',(-11.25,17.5,-4.2));
#221 = LINE('',#222,#223);
#222 = CARTESIAN_POINT('',(-11.25,8.75,-4.2));
#223 = VECTOR('',#224,1.);
#224 = DIRECTION('',(-0.,1.,0.));
#225 = ORIENTED_EDGE('',*,*,#226,.T.);
#226 = EDGE_CURVE('',#219,#227,#229,.T.);
#227 = VERTEX_POINT('',#228);
#228 = CARTESIAN_POINT('',(-12.23814274283,17.5,-4.2));
#229 = LINE('',#230,#231);
#230 = CARTESIAN_POINT('',(-6.1675,17.5,-4.2));
#231 = VECTOR('',#232,1.);
#232 = DIRECTION('',(-1.,-0.,0.));
#233 = ORIENTED_EDGE('',*,*,#234,.F.);
#234 = EDGE_CURVE('',#235,#227,#237,.T.);
#235 = VERTEX_POINT('',#236);
#236 = CARTESIAN_POINT('',(-12.325,16.5,-4.2));
#237 = CIRCLE('',#238,5.8);
#238 = AXIS2_PLACEMENT_3D('',#239,#240,#241);
#239 = CARTESIAN_POINT('',(-6.525,16.5,-4.2));
#240 = DIRECTION('',(0.,-0.,-1.));
#241 = DIRECTION('',(1.071939472052E-15,1.,-0.));
#242 = ORIENTED_EDGE('',*,*,#243,.F.);
#243 = EDGE_CURVE('',#244,#235,#246,.T.);
#244 = VERTEX_POINT('',#245);
#245 = CARTESIAN_POINT('',(-12.325,-15.5,-4.2));
#246 = LINE('',#247,#248);
#247 = CARTESIAN_POINT('',(-12.325,8.25,-4.2));
#248 = VECTOR('',#249,1.);
#249 = DIRECTION('',(-0.,1.,0.));
#250 = ORIENTED_EDGE('',*,*,#251,.F.);
#251 = EDGE_CURVE('',#24,#244,#252,.T.);
#252 = LINE('',#253,#254);
#253 = CARTESIAN_POINT('',(-6.1675,-15.5,-4.2));
#254 = VECTOR('',#255,1.);
#255 = DIRECTION('',(-1.,-0.,0.));
#256 = FACE_BOUND('',#257,.F.);
#257 = EDGE_LOOP('',(#258));
#258 = ORIENTED_EDGE('',*,*,#259,.F.);
#259 = EDGE_CURVE('',#260,#260,#262,.T.);
#260 = VERTEX_POINT('',#261);
#261 = CARTESIAN_POINT('',(-6.51,-19.5,-4.2));
#262 = CIRCLE('',#263,1.99);
#263 = AXIS2_PLACEMENT_3D('',#264,#265,#266);
#264 = CARTESIAN_POINT('',(-8.5,-19.5,-4.2));
#265 = DIRECTION('',(0.,0.,1.));
#266 = DIRECTION('',(1.,0.,-0.));
#267 = FACE_BOUND('',#268,.F.);
#268 = EDGE_LOOP('',(#269,#279,#287,#295));
#269 = ORIENTED_EDGE('',*,*,#270,.T.);
#270 = EDGE_CURVE('',#271,#273,#275,.T.);
#271 = VERTEX_POINT('',#272);
#272 = CARTESIAN_POINT('',(-7.39,-16.6,-4.2));
#273 = VERTEX_POINT('',#274);
#274 = CARTESIAN_POINT('',(-10.39,-16.6,-4.2));
#275 = LINE('',#276,#277);
#276 = CARTESIAN_POINT('',(-5.195,-16.6,-4.2));
#277 = VECTOR('',#278,1.);
#278 = DIRECTION('',(-1.,-0.,0.));
#279 = ORIENTED_EDGE('',*,*,#280,.T.);
#280 = EDGE_CURVE('',#273,#281,#283,.T.);
#281 = VERTEX_POINT('',#282);
#282 = CARTESIAN_POINT('',(-10.39,10.9,-4.2));
#283 = LINE('',#284,#285);
#284 = CARTESIAN_POINT('',(-10.39,-8.3,-4.2));
#285 = VECTOR('',#286,1.);
#286 = DIRECTION('',(-0.,1.,0.));
#287 = ORIENTED_EDGE('',*,*,#288,.F.);
#288 = EDGE_CURVE('',#289,#281,#291,.T.);
#289 = VERTEX_POINT('',#290);
#290 = CARTESIAN_POINT('',(-7.39,10.9,-4.2));
#291 = LINE('',#292,#293);
#292 = CARTESIAN_POINT('',(-5.195,10.9,-4.2));
#293 = VECTOR('',#294,1.);
#294 = DIRECTION('',(-1.,-0.,0.));
#295 = ORIENTED_EDGE('',*,*,#296,.F.);
#296 = EDGE_CURVE('',#271,#289,#297,.T.);
#297 = LINE('',#298,#299);
#298 = CARTESIAN_POINT('',(-7.39,-8.3,-4.2));
#299 = VECTOR('',#300,1.);
#300 = DIRECTION('',(-0.,1.,0.));
#301 = FACE_BOUND('',#302,.F.);
#302 = EDGE_LOOP('',(#303));
#303 = ORIENTED_EDGE('',*,*,#304,.F.);
#304 = EDGE_CURVE('',#305,#305,#307,.T.);
#305 = VERTEX_POINT('',#306);
#306 = CARTESIAN_POINT('',(2.75,-13.,-4.2));
#307 = CIRCLE('',#308,2.75);
#308 = AXIS2_PLACEMENT_3D('',#309,#310,#311);
#309 = CARTESIAN_POINT('',(0.,-13.,-4.2));
#310 = DIRECTION('',(0.,0.,1.));
#311 = DIRECTION('',(1.,0.,-0.));
#312 = FACE_BOUND('',#313,.F.);
#313 = EDGE_LOOP('',(#314));
#314 = ORIENTED_EDGE('',*,*,#315,.F.);
#315 = EDGE_CURVE('',#316,#316,#318,.T.);
#316 = VERTEX_POINT('',#317);
#317 = CARTESIAN_POINT('',(10.49,-19.5,-4.2));
#318 = CIRCLE('',#319,1.99);
#319 = AXIS2_PLACEMENT_3D('',#320,#321,#322);
#320 = CARTESIAN_POINT('',(8.5,-19.5,-4.2));
#321 = DIRECTION('',(0.,0.,1.));
#322 = DIRECTION('',(1.,0.,-0.));
#323 = FACE_BOUND('',#324,.F.);
#324 = EDGE_LOOP('',(#325,#335,#343,#351));
#325 = ORIENTED_EDGE('',*,*,#326,.T.);
#326 = EDGE_CURVE('',#327,#329,#331,.T.);
#327 = VERTEX_POINT('',#328);
#328 = CARTESIAN_POINT('',(10.39,-16.6,-4.2));
#329 = VERTEX_POINT('',#330);
#330 = CARTESIAN_POINT('',(7.39,-16.6,-4.2));
#331 = LINE('',#332,#333);
#332 = CARTESIAN_POINT('',(3.695,-16.6,-4.2));
#333 = VECTOR('',#334,1.);
#334 = DIRECTION('',(-1.,-0.,0.));
#335 = ORIENTED_EDGE('',*,*,#336,.T.);
#336 = EDGE_CURVE('',#329,#337,#339,.T.);
#337 = VERTEX_POINT('',#338);
#338 = CARTESIAN_POINT('',(7.39,10.9,-4.2));
#339 = LINE('',#340,#341);
#340 = CARTESIAN_POINT('',(7.39,-8.3,-4.2));
#341 = VECTOR('',#342,1.);
#342 = DIRECTION('',(-0.,1.,0.));
#343 = ORIENTED_EDGE('',*,*,#344,.F.);
#344 = EDGE_CURVE('',#345,#337,#347,.T.);
#345 = VERTEX_POINT('',#346);
#346 = CARTESIAN_POINT('',(10.39,10.9,-4.2));
#347 = LINE('',#348,#349);
#348 = CARTESIAN_POINT('',(3.695,10.9,-4.2));
#349 = VECTOR('',#350,1.);
#350 = DIRECTION('',(-1.,-0.,0.));
#351 = ORIENTED_EDGE('',*,*,#352,.F.);
#352 = EDGE_CURVE('',#327,#345,#353,.T.);
#353 = LINE('',#354,#355);
#354 = CARTESIAN_POINT('',(10.39,-8.3,-4.2));
#355 = VECTOR('',#356,1.);
#356 = DIRECTION('',(-0.,1.,0.));
#357 = FACE_BOUND('',#358,.F.);
#358 = EDGE_LOOP('',(#359,#369,#377,#385,#393,#401,#409,#417,#425,#433,
    #441,#449));
#359 = ORIENTED_EDGE('',*,*,#360,.T.);
#360 = EDGE_CURVE('',#361,#363,#365,.T.);
#361 = VERTEX_POINT('',#362);
#362 = CARTESIAN_POINT('',(6.4,-1.5,-4.2));
#363 = VERTEX_POINT('',#364);
#364 = CARTESIAN_POINT('',(6.4,0.2,-4.2));
#365 = LINE('',#366,#367);
#366 = CARTESIAN_POINT('',(6.4,-0.75,-4.2));
#367 = VECTOR('',#368,1.);
#368 = DIRECTION('',(-0.,1.,0.));
#369 = ORIENTED_EDGE('',*,*,#370,.T.);
#370 = EDGE_CURVE('',#363,#371,#373,.T.);
#371 = VERTEX_POINT('',#372);
#372 = CARTESIAN_POINT('',(-6.4,0.2,-4.2));
#373 = LINE('',#374,#375);
#374 = CARTESIAN_POINT('',(-3.2,0.2,-4.2));
#375 = VECTOR('',#376,1.);
#376 = DIRECTION('',(-1.,-0.,0.));
#377 = ORIENTED_EDGE('',*,*,#378,.F.);
#378 = EDGE_CURVE('',#379,#371,#381,.T.);
#379 = VERTEX_POINT('',#380);
#380 = CARTESIAN_POINT('',(-6.4,-1.5,-4.2));
#381 = LINE('',#382,#383);
#382 = CARTESIAN_POINT('',(-6.4,-0.75,-4.2));
#383 = VECTOR('',#384,1.);
#384 = DIRECTION('',(-0.,1.,0.));
#385 = ORIENTED_EDGE('',*,*,#386,.T.);
#386 = EDGE_CURVE('',#379,#387,#389,.T.);
#387 = VERTEX_POINT('',#388);
#388 = CARTESIAN_POINT('',(-7.29,-1.5,-4.2));
#389 = LINE('',#390,#391);
#390 = CARTESIAN_POINT('',(-3.645,-1.5,-4.2));
#391 = VECTOR('',#392,1.);
#392 = DIRECTION('',(-1.,-0.,0.));
#393 = ORIENTED_EDGE('',*,*,#394,.T.);
#394 = EDGE_CURVE('',#387,#395,#397,.T.);
#395 = VERTEX_POINT('',#396);
#396 = CARTESIAN_POINT('',(-7.29,4.5,-4.2));
#397 = LINE('',#398,#399);
#398 = CARTESIAN_POINT('',(-7.29,-0.75,-4.2));
#399 = VECTOR('',#400,1.);
#400 = DIRECTION('',(-0.,1.,0.));
#401 = ORIENTED_EDGE('',*,*,#402,.F.);
#402 = EDGE_CURVE('',#403,#395,#405,.T.);
#403 = VERTEX_POINT('',#404);
#404 = CARTESIAN_POINT('',(-6.4,4.5,-4.2));
#405 = LINE('',#406,#407);
#406 = CARTESIAN_POINT('',(-3.645,4.5,-4.2));
#407 = VECTOR('',#408,1.);
#408 = DIRECTION('',(-1.,-0.,0.));
#409 = ORIENTED_EDGE('',*,*,#410,.F.);
#410 = EDGE_CURVE('',#411,#403,#413,.T.);
#411 = VERTEX_POINT('',#412);
#412 = CARTESIAN_POINT('',(-6.4,2.8,-4.2));
#413 = LINE('',#414,#415);
#414 = CARTESIAN_POINT('',(-6.4,-0.75,-4.2));
#415 = VECTOR('',#416,1.);
#416 = DIRECTION('',(-0.,1.,0.));
#417 = ORIENTED_EDGE('',*,*,#418,.F.);
#418 = EDGE_CURVE('',#419,#411,#421,.T.);
#419 = VERTEX_POINT('',#420);
#420 = CARTESIAN_POINT('',(6.4,2.8,-4.2));
#421 = LINE('',#422,#423);
#422 = CARTESIAN_POINT('',(-3.2,2.8,-4.2));
#423 = VECTOR('',#424,1.);
#424 = DIRECTION('',(-1.,-0.,0.));
#425 = ORIENTED_EDGE('',*,*,#426,.T.);
#426 = EDGE_CURVE('',#419,#427,#429,.T.);
#427 = VERTEX_POINT('',#428);
#428 = CARTESIAN_POINT('',(6.4,4.5,-4.2));
#429 = LINE('',#430,#431);
#430 = CARTESIAN_POINT('',(6.4,-0.75,-4.2));
#431 = VECTOR('',#432,1.);
#432 = DIRECTION('',(-0.,1.,0.));
#433 = ORIENTED_EDGE('',*,*,#434,.F.);
#434 = EDGE_CURVE('',#435,#427,#437,.T.);
#435 = VERTEX_POINT('',#436);
#436 = CARTESIAN_POINT('',(7.29,4.5,-4.2));
#437 = LINE('',#438,#439);
#438 = CARTESIAN_POINT('',(3.2,4.5,-4.2));
#439 = VECTOR('',#440,1.);
#440 = DIRECTION('',(-1.,-0.,0.));
#441 = ORIENTED_EDGE('',*,*,#442,.F.);
#442 = EDGE_CURVE('',#443,#435,#445,.T.);
#443 = VERTEX_POINT('',#444);
#444 = CARTESIAN_POINT('',(7.29,-1.5,-4.2));
#445 = LINE('',#446,#447);
#446 = CARTESIAN_POINT('',(7.29,-0.75,-4.2));
#447 = VECTOR('',#448,1.);
#448 = DIRECTION('',(-0.,1.,0.));
#449 = ORIENTED_EDGE('',*,*,#450,.T.);
#450 = EDGE_CURVE('',#443,#361,#451,.T.);
#451 = LINE('',#452,#453);
#452 = CARTESIAN_POINT('',(3.2,-1.5,-4.2));
#453 = VECTOR('',#454,1.);
#454 = DIRECTION('',(-1.,-0.,0.));
#455 = FACE_BOUND('',#456,.F.);
#456 = EDGE_LOOP('',(#457));
#457 = ORIENTED_EDGE('',*,*,#458,.F.);
#458 = EDGE_CURVE('',#459,#459,#461,.T.);
#459 = VERTEX_POINT('',#460);
#460 = CARTESIAN_POINT('',(2.75,15.,-4.2));
#461 = CIRCLE('',#462,2.75);
#462 = AXIS2_PLACEMENT_3D('',#463,#464,#465);
#463 = CARTESIAN_POINT('',(0.,15.,-4.2));
#464 = DIRECTION('',(0.,0.,1.));
#465 = DIRECTION('',(1.,0.,-0.));
#466 = PLANE('',#467);
#467 = AXIS2_PLACEMENT_3D('',#468,#469,#470);
#468 = CARTESIAN_POINT('',(-1.184585074032E-16,3.685375785876E-16,-4.2)
  );
#469 = DIRECTION('',(0.,0.,1.));
#470 = DIRECTION('',(1.,0.,-0.));
#471 = ADVANCED_FACE('',(#472),#497,.T.);
#472 = FACE_BOUND('',#473,.T.);
#473 = EDGE_LOOP('',(#474,#482,#490,#496));
#474 = ORIENTED_EDGE('',*,*,#475,.F.);
#475 = EDGE_CURVE('',#476,#22,#478,.T.);
#476 = VERTEX_POINT('',#477);
#477 = CARTESIAN_POINT('',(-11.25,-17.5,-11.9));
#478 = LINE('',#479,#480);
#479 = CARTESIAN_POINT('',(-11.25,-17.5,-11.9));
#480 = VECTOR('',#481,1.);
#481 = DIRECTION('',(0.,0.,1.));
#482 = ORIENTED_EDGE('',*,*,#483,.T.);
#483 = EDGE_CURVE('',#476,#484,#486,.T.);
#484 = VERTEX_POINT('',#485);
#485 = CARTESIAN_POINT('',(-11.25,-15.5,-11.9));
#486 = LINE('',#487,#488);
#487 = CARTESIAN_POINT('',(-11.25,-17.5,-11.9));
#488 = VECTOR('',#489,1.);
#489 = DIRECTION('',(-0.,1.,0.));
#490 = ORIENTED_EDGE('',*,*,#491,.T.);
#491 = EDGE_CURVE('',#484,#24,#492,.T.);
#492 = LINE('',#493,#494);
#493 = CARTESIAN_POINT('',(-11.25,-15.5,-11.9));
#494 = VECTOR('',#495,1.);
#495 = DIRECTION('',(0.,0.,1.));
#496 = ORIENTED_EDGE('',*,*,#21,.F.);
#497 = PLANE('',#498);
#498 = AXIS2_PLACEMENT_3D('',#499,#500,#501);
#499 = CARTESIAN_POINT('',(-11.25,-17.5,-11.9));
#500 = DIRECTION('',(1.,0.,-0.));
#501 = DIRECTION('',(0.,0.,1.));
#502 = ADVANCED_FACE('',(#503),#521,.T.);
#503 = FACE_BOUND('',#504,.T.);
#504 = EDGE_LOOP('',(#505,#506,#514,#520));
#505 = ORIENTED_EDGE('',*,*,#491,.F.);
#506 = ORIENTED_EDGE('',*,*,#507,.F.);
#507 = EDGE_CURVE('',#508,#484,#510,.T.);
#508 = VERTEX_POINT('',#509);
#509 = CARTESIAN_POINT('',(-12.325,-15.5,-11.9));
#510 = LINE('',#511,#512);
#511 = CARTESIAN_POINT('',(-12.335,-15.5,-11.9));
#512 = VECTOR('',#513,1.);
#513 = DIRECTION('',(1.,0.,-0.));
#514 = ORIENTED_EDGE('',*,*,#515,.F.);
#515 = EDGE_CURVE('',#244,#508,#516,.T.);
#516 = LINE('',#517,#518);
#517 = CARTESIAN_POINT('',(-12.325,-15.5,-19.95));
#518 = VECTOR('',#519,1.);
#519 = DIRECTION('',(-0.,0.,-1.));
#520 = ORIENTED_EDGE('',*,*,#251,.F.);
#521 = PLANE('',#522);
#522 = AXIS2_PLACEMENT_3D('',#523,#524,#525);
#523 = CARTESIAN_POINT('',(-12.335,-15.5,-11.9));
#524 = DIRECTION('',(-0.,1.,0.));
#525 = DIRECTION('',(0.,0.,1.));
#526 = ADVANCED_FACE('',(#527),#561,.F.);
#527 = FACE_BOUND('',#528,.F.);
#528 = EDGE_LOOP('',(#529,#530,#538,#546,#554,#560));
#529 = ORIENTED_EDGE('',*,*,#243,.T.);
#530 = ORIENTED_EDGE('',*,*,#531,.T.);
#531 = EDGE_CURVE('',#235,#532,#534,.T.);
#532 = VERTEX_POINT('',#533);
#533 = CARTESIAN_POINT('',(-12.325,16.5,-2.6));
#534 = LINE('',#535,#536);
#535 = CARTESIAN_POINT('',(-12.325,16.5,-28.));
#536 = VECTOR('',#537,1.);
#537 = DIRECTION('',(0.,0.,1.));
#538 = ORIENTED_EDGE('',*,*,#539,.F.);
#539 = EDGE_CURVE('',#540,#532,#542,.T.);
#540 = VERTEX_POINT('',#541);
#541 = CARTESIAN_POINT('',(-12.325,-16.5,-2.6));
#542 = LINE('',#543,#544);
#543 = CARTESIAN_POINT('',(-12.325,8.25,-2.6));
#544 = VECTOR('',#545,1.);
#545 = DIRECTION('',(-0.,1.,0.));
#546 = ORIENTED_EDGE('',*,*,#547,.F.);
#547 = EDGE_CURVE('',#548,#540,#550,.T.);
#548 = VERTEX_POINT('',#549);
#549 = CARTESIAN_POINT('',(-12.325,-16.5,-11.9));
#550 = LINE('',#551,#552);
#551 = CARTESIAN_POINT('',(-12.325,-16.5,-28.));
#552 = VECTOR('',#553,1.);
#553 = DIRECTION('',(0.,0.,1.));
#554 = ORIENTED_EDGE('',*,*,#555,.T.);
#555 = EDGE_CURVE('',#548,#508,#556,.T.);
#556 = LINE('',#557,#558);
#557 = CARTESIAN_POINT('',(-12.325,-0.5,-11.9));
#558 = VECTOR('',#559,1.);
#559 = DIRECTION('',(-0.,1.,0.));
#560 = ORIENTED_EDGE('',*,*,#515,.F.);
#561 = PLANE('',#562);
#562 = AXIS2_PLACEMENT_3D('',#563,#564,#565);
#563 = CARTESIAN_POINT('',(-12.325,16.5,-28.));
#564 = DIRECTION('',(1.,0.,-0.));
#565 = DIRECTION('',(0.,-1.,0.));
#566 = ADVANCED_FACE('',(#567),#620,.T.);
#567 = FACE_BOUND('',#568,.F.);
#568 = EDGE_LOOP('',(#569,#570,#578,#585,#586,#587,#595,#604,#610,#611)
  );
#569 = ORIENTED_EDGE('',*,*,#174,.T.);
#570 = ORIENTED_EDGE('',*,*,#571,.T.);
#571 = EDGE_CURVE('',#167,#572,#574,.T.);
#572 = VERTEX_POINT('',#573);
#573 = CARTESIAN_POINT('',(-6.525,22.3,-2.6));
#574 = LINE('',#575,#576);
#575 = CARTESIAN_POINT('',(-6.525,22.3,-28.));
#576 = VECTOR('',#577,1.);
#577 = DIRECTION('',(0.,0.,1.));
#578 = ORIENTED_EDGE('',*,*,#579,.F.);
#579 = EDGE_CURVE('',#532,#572,#580,.T.);
#580 = CIRCLE('',#581,5.8);
#581 = AXIS2_PLACEMENT_3D('',#582,#583,#584);
#582 = CARTESIAN_POINT('',(-6.525,16.5,-2.6));
#583 = DIRECTION('',(0.,-0.,-1.));
#584 = DIRECTION('',(1.071939472052E-15,1.,-0.));
#585 = ORIENTED_EDGE('',*,*,#531,.F.);
#586 = ORIENTED_EDGE('',*,*,#234,.T.);
#587 = ORIENTED_EDGE('',*,*,#588,.T.);
#588 = EDGE_CURVE('',#227,#589,#591,.T.);
#589 = VERTEX_POINT('',#590);
#590 = CARTESIAN_POINT('',(-12.23814274283,17.5,-11.9));
#591 = LINE('',#592,#593);
#592 = CARTESIAN_POINT('',(-12.23814274283,17.5,-28.));
#593 = VECTOR('',#594,1.);
#594 = DIRECTION('',(-0.,-0.,-1.));
#595 = ORIENTED_EDGE('',*,*,#596,.T.);
#596 = EDGE_CURVE('',#589,#597,#599,.T.);
#597 = VERTEX_POINT('',#598);
#598 = CARTESIAN_POINT('',(-11.48886945839,19.5,-11.9));
#599 = CIRCLE('',#600,5.8);
#600 = AXIS2_PLACEMENT_3D('',#601,#602,#603);
#601 = CARTESIAN_POINT('',(-6.525,16.5,-11.9));
#602 = DIRECTION('',(0.,-0.,-1.));
#603 = DIRECTION('',(1.071939472052E-15,1.,-0.));
#604 = ORIENTED_EDGE('',*,*,#605,.F.);
#605 = EDGE_CURVE('',#202,#597,#606,.T.);
#606 = LINE('',#607,#608);
#607 = CARTESIAN_POINT('',(-11.48886945839,19.5,-28.));
#608 = VECTOR('',#609,1.);
#609 = DIRECTION('',(-0.,-0.,-1.));
#610 = ORIENTED_EDGE('',*,*,#201,.T.);
#611 = ORIENTED_EDGE('',*,*,#612,.F.);
#612 = EDGE_CURVE('',#175,#193,#613,.T.);
#613 = B_SPLINE_CURVE_WITH_KNOTS('',5,(#614,#615,#616,#617,#618,#619),
  .UNSPECIFIED.,.F.,.F.,(6,6),(0.,1.),.PIECEWISE_BEZIER_KNOTS.);
#614 = CARTESIAN_POINT('',(-9.918688519104,21.203496384107,-4.2));
#615 = CARTESIAN_POINT('',(-9.998296197497,21.146057482887,
    -4.191982183045));
#616 = CARTESIAN_POINT('',(-10.07738947614,21.086428592529,
    -4.187836181091));
#617 = CARTESIAN_POINT('',(-10.15539904614,21.024931048809,
    -4.187836180142));
#618 = CARTESIAN_POINT('',(-10.23184459416,20.961943495992,
    -4.191982184328));
#619 = CARTESIAN_POINT('',(-10.30628073032,20.89794452426,-4.2));
#620 = CYLINDRICAL_SURFACE('',#621,5.8);
#621 = AXIS2_PLACEMENT_3D('',#622,#623,#624);
#622 = CARTESIAN_POINT('',(-6.525,16.5,-28.));
#623 = DIRECTION('',(-0.,-0.,-1.));
#624 = DIRECTION('',(1.071939472052E-15,1.,-0.));
#625 = ADVANCED_FACE('',(#626),#644,.F.);
#626 = FACE_BOUND('',#627,.F.);
#627 = EDGE_LOOP('',(#628,#636,#642,#643));
#628 = ORIENTED_EDGE('',*,*,#629,.F.);
#629 = EDGE_CURVE('',#630,#219,#632,.T.);
#630 = VERTEX_POINT('',#631);
#631 = CARTESIAN_POINT('',(-11.25,17.5,-11.9));
#632 = LINE('',#633,#634);
#633 = CARTESIAN_POINT('',(-11.25,17.5,-11.9));
#634 = VECTOR('',#635,1.);
#635 = DIRECTION('',(0.,0.,1.));
#636 = ORIENTED_EDGE('',*,*,#637,.F.);
#637 = EDGE_CURVE('',#589,#630,#638,.T.);
#638 = LINE('',#639,#640);
#639 = CARTESIAN_POINT('',(-12.335,17.5,-11.9));
#640 = VECTOR('',#641,1.);
#641 = DIRECTION('',(1.,0.,-0.));
#642 = ORIENTED_EDGE('',*,*,#588,.F.);
#643 = ORIENTED_EDGE('',*,*,#226,.F.);
#644 = PLANE('',#645);
#645 = AXIS2_PLACEMENT_3D('',#646,#647,#648);
#646 = CARTESIAN_POINT('',(-12.335,17.5,-11.9));
#647 = DIRECTION('',(-0.,1.,0.));
#648 = DIRECTION('',(0.,0.,1.));
#649 = ADVANCED_FACE('',(#650),#668,.T.);
#650 = FACE_BOUND('',#651,.T.);
#651 = EDGE_LOOP('',(#652,#653,#661,#667));
#652 = ORIENTED_EDGE('',*,*,#629,.F.);
#653 = ORIENTED_EDGE('',*,*,#654,.T.);
#654 = EDGE_CURVE('',#630,#655,#657,.T.);
#655 = VERTEX_POINT('',#656);
#656 = CARTESIAN_POINT('',(-11.25,19.5,-11.9));
#657 = LINE('',#658,#659);
#658 = CARTESIAN_POINT('',(-11.25,17.5,-11.9));
#659 = VECTOR('',#660,1.);
#660 = DIRECTION('',(-0.,1.,0.));
#661 = ORIENTED_EDGE('',*,*,#662,.T.);
#662 = EDGE_CURVE('',#655,#211,#663,.T.);
#663 = LINE('',#664,#665);
#664 = CARTESIAN_POINT('',(-11.25,19.5,-11.9));
#665 = VECTOR('',#666,1.);
#666 = DIRECTION('',(0.,0.,1.));
#667 = ORIENTED_EDGE('',*,*,#218,.F.);
#668 = PLANE('',#669);
#669 = AXIS2_PLACEMENT_3D('',#670,#671,#672);
#670 = CARTESIAN_POINT('',(-11.25,17.5,-11.9));
#671 = DIRECTION('',(1.,0.,-0.));
#672 = DIRECTION('',(0.,0.,1.));
#673 = ADVANCED_FACE('',(#674),#685,.T.);
#674 = FACE_BOUND('',#675,.T.);
#675 = EDGE_LOOP('',(#676,#677,#683,#684));
#676 = ORIENTED_EDGE('',*,*,#662,.F.);
#677 = ORIENTED_EDGE('',*,*,#678,.F.);
#678 = EDGE_CURVE('',#597,#655,#679,.T.);
#679 = LINE('',#680,#681);
#680 = CARTESIAN_POINT('',(-12.335,19.5,-11.9));
#681 = VECTOR('',#682,1.);
#682 = DIRECTION('',(1.,0.,-0.));
#683 = ORIENTED_EDGE('',*,*,#605,.F.);
#684 = ORIENTED_EDGE('',*,*,#210,.F.);
#685 = PLANE('',#686);
#686 = AXIS2_PLACEMENT_3D('',#687,#688,#689);
#687 = CARTESIAN_POINT('',(-12.335,19.5,-11.9));
#688 = DIRECTION('',(-0.,1.,0.));
#689 = DIRECTION('',(0.,0.,1.));
#690 = ADVANCED_FACE('',(#691),#712,.F.);
#691 = FACE_BOUND('',#692,.F.);
#692 = EDGE_LOOP('',(#693,#694,#702,#709,#710,#711));
#693 = ORIENTED_EDGE('',*,*,#192,.T.);
#694 = ORIENTED_EDGE('',*,*,#695,.T.);
#695 = EDGE_CURVE('',#184,#696,#698,.T.);
#696 = VERTEX_POINT('',#697);
#697 = CARTESIAN_POINT('',(-7.79,19.5,-3.31));
#698 = LINE('',#699,#700);
#699 = CARTESIAN_POINT('',(-6.89,19.5,-4.21));
#700 = VECTOR('',#701,1.);
#701 = DIRECTION('',(-0.707106781187,1.731912112471E-16,0.707106781187)
  );
#702 = ORIENTED_EDGE('',*,*,#703,.F.);
#703 = EDGE_CURVE('',#696,#696,#704,.T.);
#704 = CIRCLE('',#705,1.1);
#705 = AXIS2_PLACEMENT_3D('',#706,#707,#708);
#706 = CARTESIAN_POINT('',(-8.89,19.5,-3.31));
#707 = DIRECTION('',(0.,0.,1.));
#708 = DIRECTION('',(1.,0.,-0.));
#709 = ORIENTED_EDGE('',*,*,#695,.F.);
#710 = ORIENTED_EDGE('',*,*,#183,.T.);
#711 = ORIENTED_EDGE('',*,*,#612,.T.);
#712 = CONICAL_SURFACE('',#713,2.,0.785398163397);
#713 = AXIS2_PLACEMENT_3D('',#714,#715,#716);
#714 = CARTESIAN_POINT('',(-8.89,19.5,-4.21));
#715 = DIRECTION('',(-0.,-0.,-1.));
#716 = DIRECTION('',(1.,0.,-0.));
#717 = ADVANCED_FACE('',(#718),#736,.F.);
#718 = FACE_BOUND('',#719,.F.);
#719 = EDGE_LOOP('',(#720,#721,#729,#735));
#720 = ORIENTED_EDGE('',*,*,#166,.T.);
#721 = ORIENTED_EDGE('',*,*,#722,.T.);
#722 = EDGE_CURVE('',#158,#723,#725,.T.);
#723 = VERTEX_POINT('',#724);
#724 = CARTESIAN_POINT('',(6.525,22.3,-2.6));
#725 = LINE('',#726,#727);
#726 = CARTESIAN_POINT('',(6.525,22.3,-28.));
#727 = VECTOR('',#728,1.);
#728 = DIRECTION('',(0.,0.,1.));
#729 = ORIENTED_EDGE('',*,*,#730,.F.);
#730 = EDGE_CURVE('',#572,#723,#731,.T.);
#731 = LINE('',#732,#733);
#732 = CARTESIAN_POINT('',(3.2625,22.3,-2.6));
#733 = VECTOR('',#734,1.);
#734 = DIRECTION('',(1.,0.,-0.));
#735 = ORIENTED_EDGE('',*,*,#571,.F.);
#736 = PLANE('',#737);
#737 = AXIS2_PLACEMENT_3D('',#738,#739,#740);
#738 = CARTESIAN_POINT('',(6.525,22.3,-28.));
#739 = DIRECTION('',(0.,-1.,0.));
#740 = DIRECTION('',(-1.,0.,0.));
#741 = ADVANCED_FACE('',(#742),#795,.T.);
#742 = FACE_BOUND('',#743,.F.);
#743 = EDGE_LOOP('',(#744,#745,#753,#760,#761,#762,#771,#772,#780,#789)
  );
#744 = ORIENTED_EDGE('',*,*,#97,.T.);
#745 = ORIENTED_EDGE('',*,*,#746,.T.);
#746 = EDGE_CURVE('',#90,#747,#749,.T.);
#747 = VERTEX_POINT('',#748);
#748 = CARTESIAN_POINT('',(12.325,16.5,-2.6));
#749 = LINE('',#750,#751);
#750 = CARTESIAN_POINT('',(12.325,16.5,-28.));
#751 = VECTOR('',#752,1.);
#752 = DIRECTION('',(0.,0.,1.));
#753 = ORIENTED_EDGE('',*,*,#754,.F.);
#754 = EDGE_CURVE('',#723,#747,#755,.T.);
#755 = CIRCLE('',#756,5.8);
#756 = AXIS2_PLACEMENT_3D('',#757,#758,#759);
#757 = CARTESIAN_POINT('',(6.525,16.5,-2.6));
#758 = DIRECTION('',(0.,-0.,-1.));
#759 = DIRECTION('',(1.,-1.225073682345E-15,0.));
#760 = ORIENTED_EDGE('',*,*,#722,.F.);
#761 = ORIENTED_EDGE('',*,*,#157,.T.);
#762 = ORIENTED_EDGE('',*,*,#763,.F.);
#763 = EDGE_CURVE('',#131,#149,#764,.T.);
#764 = B_SPLINE_CURVE_WITH_KNOTS('',5,(#765,#766,#767,#768,#769,#770),
  .UNSPECIFIED.,.F.,.F.,(6,6),(0.,1.),.PIECEWISE_BEZIER_KNOTS.);
#765 = CARTESIAN_POINT('',(10.306280730325,20.89794452426,-4.2));
#766 = CARTESIAN_POINT('',(10.231844576117,20.961943511513,
    -4.191982182384));
#767 = CARTESIAN_POINT('',(10.155399046018,21.024931047558,
    -4.187836182171));
#768 = CARTESIAN_POINT('',(10.077389475259,21.086428594797,
    -4.187836178732));
#769 = CARTESIAN_POINT('',(9.998296171798,21.146057501429,
    -4.191982185634));
#770 = CARTESIAN_POINT('',(9.918688519104,21.203496384107,-4.2));
#771 = ORIENTED_EDGE('',*,*,#130,.T.);
#772 = ORIENTED_EDGE('',*,*,#773,.T.);
#773 = EDGE_CURVE('',#123,#774,#776,.T.);
#774 = VERTEX_POINT('',#775);
#775 = CARTESIAN_POINT('',(11.488869458396,19.5,-11.9));
#776 = LINE('',#777,#778);
#777 = CARTESIAN_POINT('',(11.488869458396,19.5,-28.));
#778 = VECTOR('',#779,1.);
#779 = DIRECTION('',(-0.,-0.,-1.));
#780 = ORIENTED_EDGE('',*,*,#781,.T.);
#781 = EDGE_CURVE('',#774,#782,#784,.T.);
#782 = VERTEX_POINT('',#783);
#783 = CARTESIAN_POINT('',(12.238142742834,17.5,-11.9));
#784 = CIRCLE('',#785,5.8);
#785 = AXIS2_PLACEMENT_3D('',#786,#787,#788);
#786 = CARTESIAN_POINT('',(6.525,16.5,-11.9));
#787 = DIRECTION('',(0.,-0.,-1.));
#788 = DIRECTION('',(1.,-1.225073682345E-15,0.));
#789 = ORIENTED_EDGE('',*,*,#790,.F.);
#790 = EDGE_CURVE('',#98,#782,#791,.T.);
#791 = LINE('',#792,#793);
#792 = CARTESIAN_POINT('',(12.238142742834,17.5,-28.));
#793 = VECTOR('',#794,1.);
#794 = DIRECTION('',(-0.,-0.,-1.));
#795 = CYLINDRICAL_SURFACE('',#796,5.8);
#796 = AXIS2_PLACEMENT_3D('',#797,#798,#799);
#797 = CARTESIAN_POINT('',(6.525,16.5,-28.));
#798 = DIRECTION('',(-0.,-0.,-1.));
#799 = DIRECTION('',(1.,-1.225073682345E-15,0.));
#800 = ADVANCED_FACE('',(#801),#822,.F.);
#801 = FACE_BOUND('',#802,.F.);
#802 = EDGE_LOOP('',(#803,#804,#812,#819,#820,#821));
#803 = ORIENTED_EDGE('',*,*,#148,.T.);
#804 = ORIENTED_EDGE('',*,*,#805,.T.);
#805 = EDGE_CURVE('',#140,#806,#808,.T.);
#806 = VERTEX_POINT('',#807);
#807 = CARTESIAN_POINT('',(9.99,19.5,-3.31));
#808 = LINE('',#809,#810);
#809 = CARTESIAN_POINT('',(10.89,19.5,-4.21));
#810 = VECTOR('',#811,1.);
#811 = DIRECTION('',(-0.707106781187,1.731912112471E-16,0.707106781187)
  );
#812 = ORIENTED_EDGE('',*,*,#813,.F.);
#813 = EDGE_CURVE('',#806,#806,#814,.T.);
#814 = CIRCLE('',#815,1.1);
#815 = AXIS2_PLACEMENT_3D('',#816,#817,#818);
#816 = CARTESIAN_POINT('',(8.89,19.5,-3.31));
#817 = DIRECTION('',(0.,0.,1.));
#818 = DIRECTION('',(1.,0.,-0.));
#819 = ORIENTED_EDGE('',*,*,#805,.F.);
#820 = ORIENTED_EDGE('',*,*,#139,.T.);
#821 = ORIENTED_EDGE('',*,*,#763,.T.);
#822 = CONICAL_SURFACE('',#823,2.,0.785398163397);
#823 = AXIS2_PLACEMENT_3D('',#824,#825,#826);
#824 = CARTESIAN_POINT('',(8.89,19.5,-4.21));
#825 = DIRECTION('',(-0.,-0.,-1.));
#826 = DIRECTION('',(1.,0.,-0.));
#827 = ADVANCED_FACE('',(#828),#846,.T.);
#828 = FACE_BOUND('',#829,.T.);
#829 = EDGE_LOOP('',(#830,#831,#839,#845));
#830 = ORIENTED_EDGE('',*,*,#773,.T.);
#831 = ORIENTED_EDGE('',*,*,#832,.F.);
#832 = EDGE_CURVE('',#833,#774,#835,.T.);
#833 = VERTEX_POINT('',#834);
#834 = CARTESIAN_POINT('',(11.25,19.5,-11.9));
#835 = LINE('',#836,#837);
#836 = CARTESIAN_POINT('',(11.25,19.5,-11.9));
#837 = VECTOR('',#838,1.);
#838 = DIRECTION('',(1.,0.,-0.));
#839 = ORIENTED_EDGE('',*,*,#840,.T.);
#840 = EDGE_CURVE('',#833,#115,#841,.T.);
#841 = LINE('',#842,#843);
#842 = CARTESIAN_POINT('',(11.25,19.5,-11.9));
#843 = VECTOR('',#844,1.);
#844 = DIRECTION('',(0.,0.,1.));
#845 = ORIENTED_EDGE('',*,*,#122,.F.);
#846 = PLANE('',#847);
#847 = AXIS2_PLACEMENT_3D('',#848,#849,#850);
#848 = CARTESIAN_POINT('',(11.25,19.5,-11.9));
#849 = DIRECTION('',(-0.,1.,0.));
#850 = DIRECTION('',(0.,0.,1.));
#851 = ADVANCED_FACE('',(#852),#870,.F.);
#852 = FACE_BOUND('',#853,.F.);
#853 = EDGE_LOOP('',(#854,#862,#868,#869));
#854 = ORIENTED_EDGE('',*,*,#855,.F.);
#855 = EDGE_CURVE('',#856,#107,#858,.T.);
#856 = VERTEX_POINT('',#857);
#857 = CARTESIAN_POINT('',(11.25,17.5,-11.9));
#858 = LINE('',#859,#860);
#859 = CARTESIAN_POINT('',(11.25,17.5,-11.9));
#860 = VECTOR('',#861,1.);
#861 = DIRECTION('',(0.,0.,1.));
#862 = ORIENTED_EDGE('',*,*,#863,.T.);
#863 = EDGE_CURVE('',#856,#833,#864,.T.);
#864 = LINE('',#865,#866);
#865 = CARTESIAN_POINT('',(11.25,17.5,-11.9));
#866 = VECTOR('',#867,1.);
#867 = DIRECTION('',(-0.,1.,0.));
#868 = ORIENTED_EDGE('',*,*,#840,.T.);
#869 = ORIENTED_EDGE('',*,*,#114,.F.);
#870 = PLANE('',#871);
#871 = AXIS2_PLACEMENT_3D('',#872,#873,#874);
#872 = CARTESIAN_POINT('',(11.25,17.5,-11.9));
#873 = DIRECTION('',(1.,0.,-0.));
#874 = DIRECTION('',(0.,0.,1.));
#875 = ADVANCED_FACE('',(#876),#887,.F.);
#876 = FACE_BOUND('',#877,.F.);
#877 = EDGE_LOOP('',(#878,#879,#885,#886));
#878 = ORIENTED_EDGE('',*,*,#790,.T.);
#879 = ORIENTED_EDGE('',*,*,#880,.F.);
#880 = EDGE_CURVE('',#856,#782,#881,.T.);
#881 = LINE('',#882,#883);
#882 = CARTESIAN_POINT('',(11.25,17.5,-11.9));
#883 = VECTOR('',#884,1.);
#884 = DIRECTION('',(1.,0.,-0.));
#885 = ORIENTED_EDGE('',*,*,#855,.T.);
#886 = ORIENTED_EDGE('',*,*,#106,.F.);
#887 = PLANE('',#888);
#888 = AXIS2_PLACEMENT_3D('',#889,#890,#891);
#889 = CARTESIAN_POINT('',(11.25,17.5,-11.9));
#890 = DIRECTION('',(-0.,1.,0.));
#891 = DIRECTION('',(0.,0.,1.));
#892 = ADVANCED_FACE('',(#893),#927,.F.);
#893 = FACE_BOUND('',#894,.F.);
#894 = EDGE_LOOP('',(#895,#905,#913,#919,#920,#921));
#895 = ORIENTED_EDGE('',*,*,#896,.T.);
#896 = EDGE_CURVE('',#897,#899,#901,.T.);
#897 = VERTEX_POINT('',#898);
#898 = CARTESIAN_POINT('',(12.325,-15.5,-11.9));
#899 = VERTEX_POINT('',#900);
#900 = CARTESIAN_POINT('',(12.325,-16.5,-11.9));
#901 = LINE('',#902,#903);
#902 = CARTESIAN_POINT('',(12.325,-17.,-11.9));
#903 = VECTOR('',#904,1.);
#904 = DIRECTION('',(0.,-1.,0.));
#905 = ORIENTED_EDGE('',*,*,#906,.T.);
#906 = EDGE_CURVE('',#899,#907,#909,.T.);
#907 = VERTEX_POINT('',#908);
#908 = CARTESIAN_POINT('',(12.325,-16.5,-2.6));
#909 = LINE('',#910,#911);
#910 = CARTESIAN_POINT('',(12.325,-16.5,-28.));
#911 = VECTOR('',#912,1.);
#912 = DIRECTION('',(0.,0.,1.));
#913 = ORIENTED_EDGE('',*,*,#914,.F.);
#914 = EDGE_CURVE('',#747,#907,#915,.T.);
#915 = LINE('',#916,#917);
#916 = CARTESIAN_POINT('',(12.325,-8.25,-2.6));
#917 = VECTOR('',#918,1.);
#918 = DIRECTION('',(0.,-1.,0.));
#919 = ORIENTED_EDGE('',*,*,#746,.F.);
#920 = ORIENTED_EDGE('',*,*,#89,.T.);
#921 = ORIENTED_EDGE('',*,*,#922,.F.);
#922 = EDGE_CURVE('',#897,#82,#923,.T.);
#923 = LINE('',#924,#925);
#924 = CARTESIAN_POINT('',(12.325,-15.5,-19.95));
#925 = VECTOR('',#926,1.);
#926 = DIRECTION('',(0.,0.,1.));
#927 = PLANE('',#928);
#928 = AXIS2_PLACEMENT_3D('',#929,#930,#931);
#929 = CARTESIAN_POINT('',(12.325,-16.5,-28.));
#930 = DIRECTION('',(-1.,0.,0.));
#931 = DIRECTION('',(0.,1.,0.));
#932 = ADVANCED_FACE('',(#933),#951,.T.);
#933 = FACE_BOUND('',#934,.T.);
#934 = EDGE_LOOP('',(#935,#936,#944,#950));
#935 = ORIENTED_EDGE('',*,*,#922,.F.);
#936 = ORIENTED_EDGE('',*,*,#937,.F.);
#937 = EDGE_CURVE('',#938,#897,#940,.T.);
#938 = VERTEX_POINT('',#939);
#939 = CARTESIAN_POINT('',(11.25,-15.5,-11.9));
#940 = LINE('',#941,#942);
#941 = CARTESIAN_POINT('',(11.25,-15.5,-11.9));
#942 = VECTOR('',#943,1.);
#943 = DIRECTION('',(1.,0.,-0.));
#944 = ORIENTED_EDGE('',*,*,#945,.T.);
#945 = EDGE_CURVE('',#938,#74,#946,.T.);
#946 = LINE('',#947,#948);
#947 = CARTESIAN_POINT('',(11.25,-15.5,-11.9));
#948 = VECTOR('',#949,1.);
#949 = DIRECTION('',(0.,0.,1.));
#950 = ORIENTED_EDGE('',*,*,#81,.F.);
#951 = PLANE('',#952);
#952 = AXIS2_PLACEMENT_3D('',#953,#954,#955);
#953 = CARTESIAN_POINT('',(11.25,-15.5,-11.9));
#954 = DIRECTION('',(-0.,1.,0.));
#955 = DIRECTION('',(0.,0.,1.));
#956 = ADVANCED_FACE('',(#957),#975,.F.);
#957 = FACE_BOUND('',#958,.F.);
#958 = EDGE_LOOP('',(#959,#967,#973,#974));
#959 = ORIENTED_EDGE('',*,*,#960,.F.);
#960 = EDGE_CURVE('',#961,#66,#963,.T.);
#961 = VERTEX_POINT('',#962);
#962 = CARTESIAN_POINT('',(11.25,-17.5,-11.9));
#963 = LINE('',#964,#965);
#964 = CARTESIAN_POINT('',(11.25,-17.5,-11.9));
#965 = VECTOR('',#966,1.);
#966 = DIRECTION('',(0.,0.,1.));
#967 = ORIENTED_EDGE('',*,*,#968,.T.);
#968 = EDGE_CURVE('',#961,#938,#969,.T.);
#969 = LINE('',#970,#971);
#970 = CARTESIAN_POINT('',(11.25,-17.5,-11.9));
#971 = VECTOR('',#972,1.);
#972 = DIRECTION('',(-0.,1.,0.));
#973 = ORIENTED_EDGE('',*,*,#945,.T.);
#974 = ORIENTED_EDGE('',*,*,#73,.F.);
#975 = PLANE('',#976);
#976 = AXIS2_PLACEMENT_3D('',#977,#978,#979);
#977 = CARTESIAN_POINT('',(11.25,-17.5,-11.9));
#978 = DIRECTION('',(1.,0.,-0.));
#979 = DIRECTION('',(0.,0.,1.));
#980 = ADVANCED_FACE('',(#981),#999,.F.);
#981 = FACE_BOUND('',#982,.F.);
#982 = EDGE_LOOP('',(#983,#991,#997,#998));
#983 = ORIENTED_EDGE('',*,*,#984,.T.);
#984 = EDGE_CURVE('',#57,#985,#987,.T.);
#985 = VERTEX_POINT('',#986);
#986 = CARTESIAN_POINT('',(12.238142742834,-17.5,-11.9));
#987 = LINE('',#988,#989);
#988 = CARTESIAN_POINT('',(12.238142742834,-17.5,-28.));
#989 = VECTOR('',#990,1.);
#990 = DIRECTION('',(-0.,-0.,-1.));
#991 = ORIENTED_EDGE('',*,*,#992,.F.);
#992 = EDGE_CURVE('',#961,#985,#993,.T.);
#993 = LINE('',#994,#995);
#994 = CARTESIAN_POINT('',(11.25,-17.5,-11.9));
#995 = VECTOR('',#996,1.);
#996 = DIRECTION('',(1.,0.,-0.));
#997 = ORIENTED_EDGE('',*,*,#960,.T.);
#998 = ORIENTED_EDGE('',*,*,#65,.F.);
#999 = PLANE('',#1000);
#1000 = AXIS2_PLACEMENT_3D('',#1001,#1002,#1003);
#1001 = CARTESIAN_POINT('',(11.25,-17.5,-11.9));
#1002 = DIRECTION('',(-0.,1.,0.));
#1003 = DIRECTION('',(0.,0.,1.));
#1004 = ADVANCED_FACE('',(#1005),#1032,.T.);
#1005 = FACE_BOUND('',#1006,.F.);
#1006 = EDGE_LOOP('',(#1007,#1008,#1016,#1023,#1024,#1031));
#1007 = ORIENTED_EDGE('',*,*,#56,.T.);
#1008 = ORIENTED_EDGE('',*,*,#1009,.T.);
#1009 = EDGE_CURVE('',#49,#1010,#1012,.T.);
#1010 = VERTEX_POINT('',#1011);
#1011 = CARTESIAN_POINT('',(6.525,-22.3,-2.6));
#1012 = LINE('',#1013,#1014);
#1013 = CARTESIAN_POINT('',(6.525,-22.3,-28.));
#1014 = VECTOR('',#1015,1.);
#1015 = DIRECTION('',(0.,0.,1.));
#1016 = ORIENTED_EDGE('',*,*,#1017,.F.);
#1017 = EDGE_CURVE('',#907,#1010,#1018,.T.);
#1018 = CIRCLE('',#1019,5.8);
#1019 = AXIS2_PLACEMENT_3D('',#1020,#1021,#1022);
#1020 = CARTESIAN_POINT('',(6.525,-16.5,-2.6));
#1021 = DIRECTION('',(-0.,0.,-1.));
#1022 = DIRECTION('',(-1.071939472052E-15,-1.,0.));
#1023 = ORIENTED_EDGE('',*,*,#906,.F.);
#1024 = ORIENTED_EDGE('',*,*,#1025,.T.);
#1025 = EDGE_CURVE('',#899,#985,#1026,.T.);
#1026 = CIRCLE('',#1027,5.8);
#1027 = AXIS2_PLACEMENT_3D('',#1028,#1029,#1030);
#1028 = CARTESIAN_POINT('',(6.525,-16.5,-11.9));
#1029 = DIRECTION('',(-0.,0.,-1.));
#1030 = DIRECTION('',(-1.071939472052E-15,-1.,0.));
#1031 = ORIENTED_EDGE('',*,*,#984,.F.);
#1032 = CYLINDRICAL_SURFACE('',#1033,5.8);
#1033 = AXIS2_PLACEMENT_3D('',#1034,#1035,#1036);
#1034 = CARTESIAN_POINT('',(6.525,-16.5,-28.));
#1035 = DIRECTION('',(-0.,-0.,-1.));
#1036 = DIRECTION('',(-1.071939472052E-15,-1.,0.));
#1037 = ADVANCED_FACE('',(#1038),#1056,.F.);
#1038 = FACE_BOUND('',#1039,.F.);
#1039 = EDGE_LOOP('',(#1040,#1041,#1049,#1055));
#1040 = ORIENTED_EDGE('',*,*,#48,.T.);
#1041 = ORIENTED_EDGE('',*,*,#1042,.T.);
#1042 = EDGE_CURVE('',#40,#1043,#1045,.T.);
#1043 = VERTEX_POINT('',#1044);
#1044 = CARTESIAN_POINT('',(-6.525,-22.3,-2.6));
#1045 = LINE('',#1046,#1047);
#1046 = CARTESIAN_POINT('',(-6.525,-22.3,-28.));
#1047 = VECTOR('',#1048,1.);
#1048 = DIRECTION('',(0.,0.,1.));
#1049 = ORIENTED_EDGE('',*,*,#1050,.F.);
#1050 = EDGE_CURVE('',#1010,#1043,#1051,.T.);
#1051 = LINE('',#1052,#1053);
#1052 = CARTESIAN_POINT('',(-3.2625,-22.3,-2.6));
#1053 = VECTOR('',#1054,1.);
#1054 = DIRECTION('',(-1.,0.,0.));
#1055 = ORIENTED_EDGE('',*,*,#1009,.F.);
#1056 = PLANE('',#1057);
#1057 = AXIS2_PLACEMENT_3D('',#1058,#1059,#1060);
#1058 = CARTESIAN_POINT('',(-6.525,-22.3,-28.));
#1059 = DIRECTION('',(0.,1.,0.));
#1060 = DIRECTION('',(1.,0.,0.));
#1061 = ADVANCED_FACE('',(#1062),#1089,.T.);
#1062 = FACE_BOUND('',#1063,.F.);
#1063 = EDGE_LOOP('',(#1064,#1073,#1074,#1081,#1082,#1083));
#1064 = ORIENTED_EDGE('',*,*,#1065,.T.);
#1065 = EDGE_CURVE('',#1066,#548,#1068,.T.);
#1066 = VERTEX_POINT('',#1067);
#1067 = CARTESIAN_POINT('',(-12.23814274283,-17.5,-11.9));
#1068 = CIRCLE('',#1069,5.8);
#1069 = AXIS2_PLACEMENT_3D('',#1070,#1071,#1072);
#1070 = CARTESIAN_POINT('',(-6.525,-16.5,-11.9));
#1071 = DIRECTION('',(-0.,0.,-1.));
#1072 = DIRECTION('',(-1.,1.225073682345E-15,0.));
#1073 = ORIENTED_EDGE('',*,*,#547,.T.);
#1074 = ORIENTED_EDGE('',*,*,#1075,.F.);
#1075 = EDGE_CURVE('',#1043,#540,#1076,.T.);
#1076 = CIRCLE('',#1077,5.8);
#1077 = AXIS2_PLACEMENT_3D('',#1078,#1079,#1080);
#1078 = CARTESIAN_POINT('',(-6.525,-16.5,-2.6));
#1079 = DIRECTION('',(-0.,0.,-1.));
#1080 = DIRECTION('',(-1.,1.225073682345E-15,0.));
#1081 = ORIENTED_EDGE('',*,*,#1042,.F.);
#1082 = ORIENTED_EDGE('',*,*,#39,.T.);
#1083 = ORIENTED_EDGE('',*,*,#1084,.T.);
#1084 = EDGE_CURVE('',#32,#1066,#1085,.T.);
#1085 = LINE('',#1086,#1087);
#1086 = CARTESIAN_POINT('',(-12.23814274283,-17.5,-28.));
#1087 = VECTOR('',#1088,1.);
#1088 = DIRECTION('',(-0.,-0.,-1.));
#1089 = CYLINDRICAL_SURFACE('',#1090,5.8);
#1090 = AXIS2_PLACEMENT_3D('',#1091,#1092,#1093);
#1091 = CARTESIAN_POINT('',(-6.525,-16.5,-28.));
#1092 = DIRECTION('',(-0.,-0.,-1.));
#1093 = DIRECTION('',(-1.,1.225073682345E-15,0.));
#1094 = ADVANCED_FACE('',(#1095),#1106,.F.);
#1095 = FACE_BOUND('',#1096,.F.);
#1096 = EDGE_LOOP('',(#1097,#1098,#1104,#1105));
#1097 = ORIENTED_EDGE('',*,*,#475,.F.);
#1098 = ORIENTED_EDGE('',*,*,#1099,.F.);
#1099 = EDGE_CURVE('',#1066,#476,#1100,.T.);
#1100 = LINE('',#1101,#1102);
#1101 = CARTESIAN_POINT('',(-12.335,-17.5,-11.9));
#1102 = VECTOR('',#1103,1.);
#1103 = DIRECTION('',(1.,0.,-0.));
#1104 = ORIENTED_EDGE('',*,*,#1084,.F.);
#1105 = ORIENTED_EDGE('',*,*,#31,.F.);
#1106 = PLANE('',#1107);
#1107 = AXIS2_PLACEMENT_3D('',#1108,#1109,#1110);
#1108 = CARTESIAN_POINT('',(-12.335,-17.5,-11.9));
#1109 = DIRECTION('',(-0.,1.,0.));
#1110 = DIRECTION('',(0.,0.,1.));
#1111 = ADVANCED_FACE('',(#1112),#1131,.F.);
#1112 = FACE_BOUND('',#1113,.F.);
#1113 = EDGE_LOOP('',(#1114,#1122,#1129,#1130));
#1114 = ORIENTED_EDGE('',*,*,#1115,.T.);
#1115 = EDGE_CURVE('',#260,#1116,#1118,.T.);
#1116 = VERTEX_POINT('',#1117);
#1117 = CARTESIAN_POINT('',(-7.4,-19.5,-3.31));
#1118 = LINE('',#1119,#1120);
#1119 = CARTESIAN_POINT('',(-6.5,-19.5,-4.21));
#1120 = VECTOR('',#1121,1.);
#1121 = DIRECTION('',(-0.707106781187,1.731912112471E-16,0.707106781187)
  );
#1122 = ORIENTED_EDGE('',*,*,#1123,.F.);
#1123 = EDGE_CURVE('',#1116,#1116,#1124,.T.);
#1124 = CIRCLE('',#1125,1.1);
#1125 = AXIS2_PLACEMENT_3D('',#1126,#1127,#1128);
#1126 = CARTESIAN_POINT('',(-8.5,-19.5,-3.31));
#1127 = DIRECTION('',(0.,0.,1.));
#1128 = DIRECTION('',(1.,0.,-0.));
#1129 = ORIENTED_EDGE('',*,*,#1115,.F.);
#1130 = ORIENTED_EDGE('',*,*,#259,.T.);
#1131 = CONICAL_SURFACE('',#1132,2.,0.785398163397);
#1132 = AXIS2_PLACEMENT_3D('',#1133,#1134,#1135);
#1133 = CARTESIAN_POINT('',(-8.5,-19.5,-4.21));
#1134 = DIRECTION('',(-0.,-0.,-1.));
#1135 = DIRECTION('',(1.,0.,-0.));
#1136 = ADVANCED_FACE('',(#1137),#1162,.T.);
#1137 = FACE_BOUND('',#1138,.T.);
#1138 = EDGE_LOOP('',(#1139,#1147,#1148,#1156));
#1139 = ORIENTED_EDGE('',*,*,#1140,.F.);
#1140 = EDGE_CURVE('',#271,#1141,#1143,.T.);
#1141 = VERTEX_POINT('',#1142);
#1142 = CARTESIAN_POINT('',(-7.39,-16.6,-2.6));
#1143 = LINE('',#1144,#1145);
#1144 = CARTESIAN_POINT('',(-7.39,-16.6,-4.7));
#1145 = VECTOR('',#1146,1.);
#1146 = DIRECTION('',(0.,0.,1.));
#1147 = ORIENTED_EDGE('',*,*,#270,.T.);
#1148 = ORIENTED_EDGE('',*,*,#1149,.T.);
#1149 = EDGE_CURVE('',#273,#1150,#1152,.T.);
#1150 = VERTEX_POINT('',#1151);
#1151 = CARTESIAN_POINT('',(-10.39,-16.6,-2.6));
#1152 = LINE('',#1153,#1154);
#1153 = CARTESIAN_POINT('',(-10.39,-16.6,-4.7));
#1154 = VECTOR('',#1155,1.);
#1155 = DIRECTION('',(0.,0.,1.));
#1156 = ORIENTED_EDGE('',*,*,#1157,.F.);
#1157 = EDGE_CURVE('',#1141,#1150,#1158,.T.);
#1158 = LINE('',#1159,#1160);
#1159 = CARTESIAN_POINT('',(-5.195,-16.6,-2.6));
#1160 = VECTOR('',#1161,1.);
#1161 = DIRECTION('',(-1.,-0.,0.));
#1162 = PLANE('',#1163);
#1163 = AXIS2_PLACEMENT_3D('',#1164,#1165,#1166);
#1164 = CARTESIAN_POINT('',(-10.39,-16.6,-4.7));
#1165 = DIRECTION('',(-0.,1.,0.));
#1166 = DIRECTION('',(0.,0.,1.));
#1167 = ADVANCED_FACE('',(#1168),#1218,.F.);
#1168 = FACE_BOUND('',#1169,.F.);
#1169 = EDGE_LOOP('',(#1170,#1171,#1172,#1180,#1188,#1196,#1204,#1212));
#1170 = ORIENTED_EDGE('',*,*,#1140,.F.);
#1171 = ORIENTED_EDGE('',*,*,#296,.T.);
#1172 = ORIENTED_EDGE('',*,*,#1173,.T.);
#1173 = EDGE_CURVE('',#289,#1174,#1176,.T.);
#1174 = VERTEX_POINT('',#1175);
#1175 = CARTESIAN_POINT('',(-7.39,10.9,-2.6));
#1176 = LINE('',#1177,#1178);
#1177 = CARTESIAN_POINT('',(-7.39,10.9,-4.7));
#1178 = VECTOR('',#1179,1.);
#1179 = DIRECTION('',(0.,0.,1.));
#1180 = ORIENTED_EDGE('',*,*,#1181,.F.);
#1181 = EDGE_CURVE('',#1182,#1174,#1184,.T.);
#1182 = VERTEX_POINT('',#1183);
#1183 = CARTESIAN_POINT('',(-7.39,9.5,-2.6));
#1184 = LINE('',#1185,#1186);
#1185 = CARTESIAN_POINT('',(-7.39,-8.3,-2.6));
#1186 = VECTOR('',#1187,1.);
#1187 = DIRECTION('',(-0.,1.,0.));
#1188 = ORIENTED_EDGE('',*,*,#1189,.F.);
#1189 = EDGE_CURVE('',#1190,#1182,#1192,.T.);
#1190 = VERTEX_POINT('',#1191);
#1191 = CARTESIAN_POINT('',(-7.39,9.5,-3.));
#1192 = LINE('',#1193,#1194);
#1193 = CARTESIAN_POINT('',(-7.39,9.5,-3.85));
#1194 = VECTOR('',#1195,1.);
#1195 = DIRECTION('',(0.,0.,1.));
#1196 = ORIENTED_EDGE('',*,*,#1197,.T.);
#1197 = EDGE_CURVE('',#1190,#1198,#1200,.T.);
#1198 = VERTEX_POINT('',#1199);
#1199 = CARTESIAN_POINT('',(-7.39,-6.5,-3.));
#1200 = LINE('',#1201,#1202);
#1201 = CARTESIAN_POINT('',(-7.39,-11.55,-3.));
#1202 = VECTOR('',#1203,1.);
#1203 = DIRECTION('',(0.,-1.,0.));
#1204 = ORIENTED_EDGE('',*,*,#1205,.T.);
#1205 = EDGE_CURVE('',#1198,#1206,#1208,.T.);
#1206 = VERTEX_POINT('',#1207);
#1207 = CARTESIAN_POINT('',(-7.39,-6.5,-2.6));
#1208 = LINE('',#1209,#1210);
#1209 = CARTESIAN_POINT('',(-7.39,-6.5,-3.85));
#1210 = VECTOR('',#1211,1.);
#1211 = DIRECTION('',(0.,0.,1.));
#1212 = ORIENTED_EDGE('',*,*,#1213,.F.);
#1213 = EDGE_CURVE('',#1141,#1206,#1214,.T.);
#1214 = LINE('',#1215,#1216);
#1215 = CARTESIAN_POINT('',(-7.39,-8.3,-2.6));
#1216 = VECTOR('',#1217,1.);
#1217 = DIRECTION('',(-0.,1.,0.));
#1218 = PLANE('',#1219);
#1219 = AXIS2_PLACEMENT_3D('',#1220,#1221,#1222);
#1220 = CARTESIAN_POINT('',(-7.39,-16.6,-4.7));
#1221 = DIRECTION('',(1.,0.,-0.));
#1222 = DIRECTION('',(0.,0.,1.));
#1223 = ADVANCED_FACE('',(#1224),#1242,.T.);
#1224 = FACE_BOUND('',#1225,.T.);
#1225 = EDGE_LOOP('',(#1226,#1227,#1228,#1236));
#1226 = ORIENTED_EDGE('',*,*,#1149,.F.);
#1227 = ORIENTED_EDGE('',*,*,#280,.T.);
#1228 = ORIENTED_EDGE('',*,*,#1229,.T.);
#1229 = EDGE_CURVE('',#281,#1230,#1232,.T.);
#1230 = VERTEX_POINT('',#1231);
#1231 = CARTESIAN_POINT('',(-10.39,10.9,-2.6));
#1232 = LINE('',#1233,#1234);
#1233 = CARTESIAN_POINT('',(-10.39,10.9,-4.7));
#1234 = VECTOR('',#1235,1.);
#1235 = DIRECTION('',(0.,0.,1.));
#1236 = ORIENTED_EDGE('',*,*,#1237,.F.);
#1237 = EDGE_CURVE('',#1150,#1230,#1238,.T.);
#1238 = LINE('',#1239,#1240);
#1239 = CARTESIAN_POINT('',(-10.39,-8.3,-2.6));
#1240 = VECTOR('',#1241,1.);
#1241 = DIRECTION('',(-0.,1.,0.));
#1242 = PLANE('',#1243);
#1243 = AXIS2_PLACEMENT_3D('',#1244,#1245,#1246);
#1244 = CARTESIAN_POINT('',(-10.39,-16.6,-4.7));
#1245 = DIRECTION('',(1.,0.,-0.));
#1246 = DIRECTION('',(0.,0.,1.));
#1247 = ADVANCED_FACE('',(#1248),#1259,.F.);
#1248 = FACE_BOUND('',#1249,.F.);
#1249 = EDGE_LOOP('',(#1250,#1251,#1252,#1253));
#1250 = ORIENTED_EDGE('',*,*,#1173,.F.);
#1251 = ORIENTED_EDGE('',*,*,#288,.T.);
#1252 = ORIENTED_EDGE('',*,*,#1229,.T.);
#1253 = ORIENTED_EDGE('',*,*,#1254,.F.);
#1254 = EDGE_CURVE('',#1174,#1230,#1255,.T.);
#1255 = LINE('',#1256,#1257);
#1256 = CARTESIAN_POINT('',(-5.195,10.9,-2.6));
#1257 = VECTOR('',#1258,1.);
#1258 = DIRECTION('',(-1.,-0.,0.));
#1259 = PLANE('',#1260);
#1260 = AXIS2_PLACEMENT_3D('',#1261,#1262,#1263);
#1261 = CARTESIAN_POINT('',(-10.39,10.9,-4.7));
#1262 = DIRECTION('',(-0.,1.,0.));
#1263 = DIRECTION('',(0.,0.,1.));
#1264 = ADVANCED_FACE('',(#1265),#1352,.T.);
#1265 = FACE_BOUND('',#1266,.T.);
#1266 = EDGE_LOOP('',(#1267,#1275,#1276,#1277,#1286,#1294,#1303,#1311,
    #1320,#1328,#1337,#1345));
#1267 = ORIENTED_EDGE('',*,*,#1268,.T.);
#1268 = EDGE_CURVE('',#1269,#305,#1271,.T.);
#1269 = VERTEX_POINT('',#1270);
#1270 = CARTESIAN_POINT('',(2.75,-13.,-8.5));
#1271 = LINE('',#1272,#1273);
#1272 = CARTESIAN_POINT('',(2.75,-13.,-8.5));
#1273 = VECTOR('',#1274,1.);
#1274 = DIRECTION('',(0.,0.,1.));
#1275 = ORIENTED_EDGE('',*,*,#304,.F.);
#1276 = ORIENTED_EDGE('',*,*,#1268,.F.);
#1277 = ORIENTED_EDGE('',*,*,#1278,.T.);
#1278 = EDGE_CURVE('',#1269,#1279,#1281,.T.);
#1279 = VERTEX_POINT('',#1280);
#1280 = CARTESIAN_POINT('',(0.65,-10.32792215682,-8.5));
#1281 = CIRCLE('',#1282,2.75);
#1282 = AXIS2_PLACEMENT_3D('',#1283,#1284,#1285);
#1283 = CARTESIAN_POINT('',(0.,-13.,-8.5));
#1284 = DIRECTION('',(0.,0.,1.));
#1285 = DIRECTION('',(1.,0.,-0.));
#1286 = ORIENTED_EDGE('',*,*,#1287,.T.);
#1287 = EDGE_CURVE('',#1279,#1288,#1290,.T.);
#1288 = VERTEX_POINT('',#1289);
#1289 = CARTESIAN_POINT('',(0.65,-10.32792215682,-5.1));
#1290 = LINE('',#1291,#1292);
#1291 = CARTESIAN_POINT('',(0.65,-10.32792215682,-8.5));
#1292 = VECTOR('',#1293,1.);
#1293 = DIRECTION('',(0.,0.,1.));
#1294 = ORIENTED_EDGE('',*,*,#1295,.T.);
#1295 = EDGE_CURVE('',#1288,#1296,#1298,.T.);
#1296 = VERTEX_POINT('',#1297);
#1297 = CARTESIAN_POINT('',(-0.65,-10.32792215682,-5.1));
#1298 = CIRCLE('',#1299,2.75);
#1299 = AXIS2_PLACEMENT_3D('',#1300,#1301,#1302);
#1300 = CARTESIAN_POINT('',(0.,-13.,-5.1));
#1301 = DIRECTION('',(0.,0.,1.));
#1302 = DIRECTION('',(1.,0.,-0.));
#1303 = ORIENTED_EDGE('',*,*,#1304,.F.);
#1304 = EDGE_CURVE('',#1305,#1296,#1307,.T.);
#1305 = VERTEX_POINT('',#1306);
#1306 = CARTESIAN_POINT('',(-0.65,-10.32792215682,-8.5));
#1307 = LINE('',#1308,#1309);
#1308 = CARTESIAN_POINT('',(-0.65,-10.32792215682,-8.5));
#1309 = VECTOR('',#1310,1.);
#1310 = DIRECTION('',(0.,0.,1.));
#1311 = ORIENTED_EDGE('',*,*,#1312,.T.);
#1312 = EDGE_CURVE('',#1305,#1313,#1315,.T.);
#1313 = VERTEX_POINT('',#1314);
#1314 = CARTESIAN_POINT('',(-0.65,-15.67207784317,-8.5));
#1315 = CIRCLE('',#1316,2.75);
#1316 = AXIS2_PLACEMENT_3D('',#1317,#1318,#1319);
#1317 = CARTESIAN_POINT('',(0.,-13.,-8.5));
#1318 = DIRECTION('',(0.,0.,1.));
#1319 = DIRECTION('',(1.,0.,-0.));
#1320 = ORIENTED_EDGE('',*,*,#1321,.T.);
#1321 = EDGE_CURVE('',#1313,#1322,#1324,.T.);
#1322 = VERTEX_POINT('',#1323);
#1323 = CARTESIAN_POINT('',(-0.65,-15.67207784317,-5.1));
#1324 = LINE('',#1325,#1326);
#1325 = CARTESIAN_POINT('',(-0.65,-15.67207784317,-8.5));
#1326 = VECTOR('',#1327,1.);
#1327 = DIRECTION('',(0.,0.,1.));
#1328 = ORIENTED_EDGE('',*,*,#1329,.T.);
#1329 = EDGE_CURVE('',#1322,#1330,#1332,.T.);
#1330 = VERTEX_POINT('',#1331);
#1331 = CARTESIAN_POINT('',(0.65,-15.67207784317,-5.1));
#1332 = CIRCLE('',#1333,2.75);
#1333 = AXIS2_PLACEMENT_3D('',#1334,#1335,#1336);
#1334 = CARTESIAN_POINT('',(0.,-13.,-5.1));
#1335 = DIRECTION('',(0.,0.,1.));
#1336 = DIRECTION('',(1.,0.,-0.));
#1337 = ORIENTED_EDGE('',*,*,#1338,.F.);
#1338 = EDGE_CURVE('',#1339,#1330,#1341,.T.);
#1339 = VERTEX_POINT('',#1340);
#1340 = CARTESIAN_POINT('',(0.65,-15.67207784317,-8.5));
#1341 = LINE('',#1342,#1343);
#1342 = CARTESIAN_POINT('',(0.65,-15.67207784317,-8.5));
#1343 = VECTOR('',#1344,1.);
#1344 = DIRECTION('',(0.,0.,1.));
#1345 = ORIENTED_EDGE('',*,*,#1346,.T.);
#1346 = EDGE_CURVE('',#1339,#1269,#1347,.T.);
#1347 = CIRCLE('',#1348,2.75);
#1348 = AXIS2_PLACEMENT_3D('',#1349,#1350,#1351);
#1349 = CARTESIAN_POINT('',(0.,-13.,-8.5));
#1350 = DIRECTION('',(0.,0.,1.));
#1351 = DIRECTION('',(1.,0.,-0.));
#1352 = CYLINDRICAL_SURFACE('',#1353,2.75);
#1353 = AXIS2_PLACEMENT_3D('',#1354,#1355,#1356);
#1354 = CARTESIAN_POINT('',(0.,-13.,-8.5));
#1355 = DIRECTION('',(0.,0.,1.));
#1356 = DIRECTION('',(1.,0.,-0.));
#1357 = ADVANCED_FACE('',(#1358),#1377,.F.);
#1358 = FACE_BOUND('',#1359,.F.);
#1359 = EDGE_LOOP('',(#1360,#1368,#1375,#1376));
#1360 = ORIENTED_EDGE('',*,*,#1361,.T.);
#1361 = EDGE_CURVE('',#316,#1362,#1364,.T.);
#1362 = VERTEX_POINT('',#1363);
#1363 = CARTESIAN_POINT('',(9.6,-19.5,-3.31));
#1364 = LINE('',#1365,#1366);
#1365 = CARTESIAN_POINT('',(10.5,-19.5,-4.21));
#1366 = VECTOR('',#1367,1.);
#1367 = DIRECTION('',(-0.707106781187,1.731912112471E-16,0.707106781187)
  );
#1368 = ORIENTED_EDGE('',*,*,#1369,.F.);
#1369 = EDGE_CURVE('',#1362,#1362,#1370,.T.);
#1370 = CIRCLE('',#1371,1.1);
#1371 = AXIS2_PLACEMENT_3D('',#1372,#1373,#1374);
#1372 = CARTESIAN_POINT('',(8.5,-19.5,-3.31));
#1373 = DIRECTION('',(0.,0.,1.));
#1374 = DIRECTION('',(1.,0.,-0.));
#1375 = ORIENTED_EDGE('',*,*,#1361,.F.);
#1376 = ORIENTED_EDGE('',*,*,#315,.T.);
#1377 = CONICAL_SURFACE('',#1378,2.,0.785398163397);
#1378 = AXIS2_PLACEMENT_3D('',#1379,#1380,#1381);
#1379 = CARTESIAN_POINT('',(8.5,-19.5,-4.21));
#1380 = DIRECTION('',(-0.,-0.,-1.));
#1381 = DIRECTION('',(1.,0.,-0.));
#1382 = ADVANCED_FACE('',(#1383),#1408,.T.);
#1383 = FACE_BOUND('',#1384,.T.);
#1384 = EDGE_LOOP('',(#1385,#1393,#1394,#1402));
#1385 = ORIENTED_EDGE('',*,*,#1386,.F.);
#1386 = EDGE_CURVE('',#327,#1387,#1389,.T.);
#1387 = VERTEX_POINT('',#1388);
#1388 = CARTESIAN_POINT('',(10.39,-16.6,-2.6));
#1389 = LINE('',#1390,#1391);
#1390 = CARTESIAN_POINT('',(10.39,-16.6,-4.7));
#1391 = VECTOR('',#1392,1.);
#1392 = DIRECTION('',(0.,0.,1.));
#1393 = ORIENTED_EDGE('',*,*,#326,.T.);
#1394 = ORIENTED_EDGE('',*,*,#1395,.T.);
#1395 = EDGE_CURVE('',#329,#1396,#1398,.T.);
#1396 = VERTEX_POINT('',#1397);
#1397 = CARTESIAN_POINT('',(7.39,-16.6,-2.6));
#1398 = LINE('',#1399,#1400);
#1399 = CARTESIAN_POINT('',(7.39,-16.6,-4.7));
#1400 = VECTOR('',#1401,1.);
#1401 = DIRECTION('',(0.,0.,1.));
#1402 = ORIENTED_EDGE('',*,*,#1403,.F.);
#1403 = EDGE_CURVE('',#1387,#1396,#1404,.T.);
#1404 = LINE('',#1405,#1406);
#1405 = CARTESIAN_POINT('',(3.695,-16.6,-2.6));
#1406 = VECTOR('',#1407,1.);
#1407 = DIRECTION('',(-1.,-0.,0.));
#1408 = PLANE('',#1409);
#1409 = AXIS2_PLACEMENT_3D('',#1410,#1411,#1412);
#1410 = CARTESIAN_POINT('',(7.39,-16.6,-4.7));
#1411 = DIRECTION('',(-0.,1.,0.));
#1412 = DIRECTION('',(0.,0.,1.));
#1413 = ADVANCED_FACE('',(#1414),#1432,.F.);
#1414 = FACE_BOUND('',#1415,.T.);
#1415 = EDGE_LOOP('',(#1416,#1417,#1425,#1431));
#1416 = ORIENTED_EDGE('',*,*,#1386,.T.);
#1417 = ORIENTED_EDGE('',*,*,#1418,.T.);
#1418 = EDGE_CURVE('',#1387,#1419,#1421,.T.);
#1419 = VERTEX_POINT('',#1420);
#1420 = CARTESIAN_POINT('',(10.39,10.9,-2.6));
#1421 = LINE('',#1422,#1423);
#1422 = CARTESIAN_POINT('',(10.39,-8.3,-2.6));
#1423 = VECTOR('',#1424,1.);
#1424 = DIRECTION('',(-0.,1.,0.));
#1425 = ORIENTED_EDGE('',*,*,#1426,.F.);
#1426 = EDGE_CURVE('',#345,#1419,#1427,.T.);
#1427 = LINE('',#1428,#1429);
#1428 = CARTESIAN_POINT('',(10.39,10.9,-4.7));
#1429 = VECTOR('',#1430,1.);
#1430 = DIRECTION('',(0.,0.,1.));
#1431 = ORIENTED_EDGE('',*,*,#352,.F.);
#1432 = PLANE('',#1433);
#1433 = AXIS2_PLACEMENT_3D('',#1434,#1435,#1436);
#1434 = CARTESIAN_POINT('',(10.39,-16.6,-4.7));
#1435 = DIRECTION('',(1.,0.,-0.));
#1436 = DIRECTION('',(0.,0.,1.));
#1437 = ADVANCED_FACE('',(#1438),#1488,.T.);
#1438 = FACE_BOUND('',#1439,.T.);
#1439 = EDGE_LOOP('',(#1440,#1441,#1442,#1450,#1458,#1466,#1474,#1482));
#1440 = ORIENTED_EDGE('',*,*,#1395,.F.);
#1441 = ORIENTED_EDGE('',*,*,#336,.T.);
#1442 = ORIENTED_EDGE('',*,*,#1443,.T.);
#1443 = EDGE_CURVE('',#337,#1444,#1446,.T.);
#1444 = VERTEX_POINT('',#1445);
#1445 = CARTESIAN_POINT('',(7.39,10.9,-2.6));
#1446 = LINE('',#1447,#1448);
#1447 = CARTESIAN_POINT('',(7.39,10.9,-4.7));
#1448 = VECTOR('',#1449,1.);
#1449 = DIRECTION('',(0.,0.,1.));
#1450 = ORIENTED_EDGE('',*,*,#1451,.F.);
#1451 = EDGE_CURVE('',#1452,#1444,#1454,.T.);
#1452 = VERTEX_POINT('',#1453);
#1453 = CARTESIAN_POINT('',(7.39,9.5,-2.6));
#1454 = LINE('',#1455,#1456);
#1455 = CARTESIAN_POINT('',(7.39,-8.3,-2.6));
#1456 = VECTOR('',#1457,1.);
#1457 = DIRECTION('',(-0.,1.,0.));
#1458 = ORIENTED_EDGE('',*,*,#1459,.F.);
#1459 = EDGE_CURVE('',#1460,#1452,#1462,.T.);
#1460 = VERTEX_POINT('',#1461);
#1461 = CARTESIAN_POINT('',(7.39,9.5,-3.));
#1462 = LINE('',#1463,#1464);
#1463 = CARTESIAN_POINT('',(7.39,9.5,-3.85));
#1464 = VECTOR('',#1465,1.);
#1465 = DIRECTION('',(0.,0.,1.));
#1466 = ORIENTED_EDGE('',*,*,#1467,.T.);
#1467 = EDGE_CURVE('',#1460,#1468,#1470,.T.);
#1468 = VERTEX_POINT('',#1469);
#1469 = CARTESIAN_POINT('',(7.39,-6.5,-3.));
#1470 = LINE('',#1471,#1472);
#1471 = CARTESIAN_POINT('',(7.39,-11.55,-3.));
#1472 = VECTOR('',#1473,1.);
#1473 = DIRECTION('',(0.,-1.,0.));
#1474 = ORIENTED_EDGE('',*,*,#1475,.T.);
#1475 = EDGE_CURVE('',#1468,#1476,#1478,.T.);
#1476 = VERTEX_POINT('',#1477);
#1477 = CARTESIAN_POINT('',(7.39,-6.5,-2.6));
#1478 = LINE('',#1479,#1480);
#1479 = CARTESIAN_POINT('',(7.39,-6.5,-3.85));
#1480 = VECTOR('',#1481,1.);
#1481 = DIRECTION('',(0.,0.,1.));
#1482 = ORIENTED_EDGE('',*,*,#1483,.F.);
#1483 = EDGE_CURVE('',#1396,#1476,#1484,.T.);
#1484 = LINE('',#1485,#1486);
#1485 = CARTESIAN_POINT('',(7.39,-8.3,-2.6));
#1486 = VECTOR('',#1487,1.);
#1487 = DIRECTION('',(-0.,1.,0.));
#1488 = PLANE('',#1489);
#1489 = AXIS2_PLACEMENT_3D('',#1490,#1491,#1492);
#1490 = CARTESIAN_POINT('',(7.39,-16.6,-4.7));
#1491 = DIRECTION('',(1.,0.,-0.));
#1492 = DIRECTION('',(0.,0.,1.));
#1493 = ADVANCED_FACE('',(#1494),#1505,.F.);
#1494 = FACE_BOUND('',#1495,.F.);
#1495 = EDGE_LOOP('',(#1496,#1497,#1498,#1499));
#1496 = ORIENTED_EDGE('',*,*,#1426,.F.);
#1497 = ORIENTED_EDGE('',*,*,#344,.T.);
#1498 = ORIENTED_EDGE('',*,*,#1443,.T.);
#1499 = ORIENTED_EDGE('',*,*,#1500,.F.);
#1500 = EDGE_CURVE('',#1419,#1444,#1501,.T.);
#1501 = LINE('',#1502,#1503);
#1502 = CARTESIAN_POINT('',(3.695,10.9,-2.6));
#1503 = VECTOR('',#1504,1.);
#1504 = DIRECTION('',(-1.,-0.,0.));
#1505 = PLANE('',#1506);
#1506 = AXIS2_PLACEMENT_3D('',#1507,#1508,#1509);
#1507 = CARTESIAN_POINT('',(7.39,10.9,-4.7));
#1508 = DIRECTION('',(-0.,1.,0.));
#1509 = DIRECTION('',(0.,0.,1.));
#1510 = ADVANCED_FACE('',(#1511),#1559,.T.);
#1511 = FACE_BOUND('',#1512,.T.);
#1512 = EDGE_LOOP('',(#1513,#1523,#1529,#1530,#1538,#1546,#1552,#1553));
#1513 = ORIENTED_EDGE('',*,*,#1514,.F.);
#1514 = EDGE_CURVE('',#1515,#1517,#1519,.T.);
#1515 = VERTEX_POINT('',#1516);
#1516 = CARTESIAN_POINT('',(6.4,-1.5,-5.4));
#1517 = VERTEX_POINT('',#1518);
#1518 = CARTESIAN_POINT('',(6.4,4.5,-5.4));
#1519 = LINE('',#1520,#1521);
#1520 = CARTESIAN_POINT('',(6.4,-1.5,-5.4));
#1521 = VECTOR('',#1522,1.);
#1522 = DIRECTION('',(-0.,1.,0.));
#1523 = ORIENTED_EDGE('',*,*,#1524,.T.);
#1524 = EDGE_CURVE('',#1515,#361,#1525,.T.);
#1525 = LINE('',#1526,#1527);
#1526 = CARTESIAN_POINT('',(6.4,-1.5,-5.4));
#1527 = VECTOR('',#1528,1.);
#1528 = DIRECTION('',(0.,0.,1.));
#1529 = ORIENTED_EDGE('',*,*,#360,.T.);
#1530 = ORIENTED_EDGE('',*,*,#1531,.T.);
#1531 = EDGE_CURVE('',#363,#1532,#1534,.T.);
#1532 = VERTEX_POINT('',#1533);
#1533 = CARTESIAN_POINT('',(6.4,0.2,-3.));
#1534 = LINE('',#1535,#1536);
#1535 = CARTESIAN_POINT('',(6.4,0.2,-4.7));
#1536 = VECTOR('',#1537,1.);
#1537 = DIRECTION('',(0.,0.,1.));
#1538 = ORIENTED_EDGE('',*,*,#1539,.T.);
#1539 = EDGE_CURVE('',#1532,#1540,#1542,.T.);
#1540 = VERTEX_POINT('',#1541);
#1541 = CARTESIAN_POINT('',(6.4,2.8,-3.));
#1542 = LINE('',#1543,#1544);
#1543 = CARTESIAN_POINT('',(6.4,-2.5,-3.));
#1544 = VECTOR('',#1545,1.);
#1545 = DIRECTION('',(0.,1.,0.));
#1546 = ORIENTED_EDGE('',*,*,#1547,.F.);
#1547 = EDGE_CURVE('',#419,#1540,#1548,.T.);
#1548 = LINE('',#1549,#1550);
#1549 = CARTESIAN_POINT('',(6.4,2.8,-4.7));
#1550 = VECTOR('',#1551,1.);
#1551 = DIRECTION('',(0.,0.,1.));
#1552 = ORIENTED_EDGE('',*,*,#426,.T.);
#1553 = ORIENTED_EDGE('',*,*,#1554,.F.);
#1554 = EDGE_CURVE('',#1517,#427,#1555,.T.);
#1555 = LINE('',#1556,#1557);
#1556 = CARTESIAN_POINT('',(6.4,4.5,-5.4));
#1557 = VECTOR('',#1558,1.);
#1558 = DIRECTION('',(0.,0.,1.));
#1559 = PLANE('',#1560);
#1560 = AXIS2_PLACEMENT_3D('',#1561,#1562,#1563);
#1561 = CARTESIAN_POINT('',(6.4,1.5,-4.309090909091));
#1562 = DIRECTION('',(-1.,-0.,-0.));
#1563 = DIRECTION('',(0.,0.,-1.));
#1564 = ADVANCED_FACE('',(#1565),#1583,.F.);
#1565 = FACE_BOUND('',#1566,.F.);
#1566 = EDGE_LOOP('',(#1567,#1575,#1581,#1582));
#1567 = ORIENTED_EDGE('',*,*,#1568,.F.);
#1568 = EDGE_CURVE('',#1569,#443,#1571,.T.);
#1569 = VERTEX_POINT('',#1570);
#1570 = CARTESIAN_POINT('',(7.29,-1.5,-5.4));
#1571 = LINE('',#1572,#1573);
#1572 = CARTESIAN_POINT('',(7.29,-1.5,-5.4));
#1573 = VECTOR('',#1574,1.);
#1574 = DIRECTION('',(0.,0.,1.));
#1575 = ORIENTED_EDGE('',*,*,#1576,.F.);
#1576 = EDGE_CURVE('',#1515,#1569,#1577,.T.);
#1577 = LINE('',#1578,#1579);
#1578 = CARTESIAN_POINT('',(6.4,-1.5,-5.4));
#1579 = VECTOR('',#1580,1.);
#1580 = DIRECTION('',(1.,0.,-0.));
#1581 = ORIENTED_EDGE('',*,*,#1524,.T.);
#1582 = ORIENTED_EDGE('',*,*,#450,.F.);
#1583 = PLANE('',#1584);
#1584 = AXIS2_PLACEMENT_3D('',#1585,#1586,#1587);
#1585 = CARTESIAN_POINT('',(6.4,-1.5,-5.4));
#1586 = DIRECTION('',(-0.,1.,0.));
#1587 = DIRECTION('',(0.,0.,1.));
#1588 = ADVANCED_FACE('',(#1589),#1607,.T.);
#1589 = FACE_BOUND('',#1590,.T.);
#1590 = EDGE_LOOP('',(#1591,#1592,#1593,#1601));
#1591 = ORIENTED_EDGE('',*,*,#1531,.F.);
#1592 = ORIENTED_EDGE('',*,*,#370,.T.);
#1593 = ORIENTED_EDGE('',*,*,#1594,.T.);
#1594 = EDGE_CURVE('',#371,#1595,#1597,.T.);
#1595 = VERTEX_POINT('',#1596);
#1596 = CARTESIAN_POINT('',(-6.4,0.2,-3.));
#1597 = LINE('',#1598,#1599);
#1598 = CARTESIAN_POINT('',(-6.4,0.2,-4.7));
#1599 = VECTOR('',#1600,1.);
#1600 = DIRECTION('',(0.,0.,1.));
#1601 = ORIENTED_EDGE('',*,*,#1602,.T.);
#1602 = EDGE_CURVE('',#1595,#1532,#1603,.T.);
#1603 = LINE('',#1604,#1605);
#1604 = CARTESIAN_POINT('',(-8.395,0.2,-3.));
#1605 = VECTOR('',#1606,1.);
#1606 = DIRECTION('',(1.,0.,-0.));
#1607 = PLANE('',#1608);
#1608 = AXIS2_PLACEMENT_3D('',#1609,#1610,#1611);
#1609 = CARTESIAN_POINT('',(-6.4,0.2,-4.7));
#1610 = DIRECTION('',(-0.,1.,0.));
#1611 = DIRECTION('',(0.,0.,1.));
#1612 = ADVANCED_FACE('',(#1613),#1631,.T.);
#1613 = FACE_BOUND('',#1614,.T.);
#1614 = EDGE_LOOP('',(#1615,#1616,#1624,#1630));
#1615 = ORIENTED_EDGE('',*,*,#1568,.F.);
#1616 = ORIENTED_EDGE('',*,*,#1617,.T.);
#1617 = EDGE_CURVE('',#1569,#1618,#1620,.T.);
#1618 = VERTEX_POINT('',#1619);
#1619 = CARTESIAN_POINT('',(7.29,4.5,-5.4));
#1620 = LINE('',#1621,#1622);
#1621 = CARTESIAN_POINT('',(7.29,-1.5,-5.4));
#1622 = VECTOR('',#1623,1.);
#1623 = DIRECTION('',(-0.,1.,0.));
#1624 = ORIENTED_EDGE('',*,*,#1625,.T.);
#1625 = EDGE_CURVE('',#1618,#435,#1626,.T.);
#1626 = LINE('',#1627,#1628);
#1627 = CARTESIAN_POINT('',(7.29,4.5,-5.4));
#1628 = VECTOR('',#1629,1.);
#1629 = DIRECTION('',(0.,0.,1.));
#1630 = ORIENTED_EDGE('',*,*,#442,.F.);
#1631 = PLANE('',#1632);
#1632 = AXIS2_PLACEMENT_3D('',#1633,#1634,#1635);
#1633 = CARTESIAN_POINT('',(7.29,-1.5,-5.4));
#1634 = DIRECTION('',(1.,0.,-0.));
#1635 = DIRECTION('',(0.,0.,1.));
#1636 = ADVANCED_FACE('',(#1637),#1678,.T.);
#1637 = FACE_BOUND('',#1638,.T.);
#1638 = EDGE_LOOP('',(#1639,#1647,#1655,#1661,#1662,#1670,#1676,#1677));
#1639 = ORIENTED_EDGE('',*,*,#1640,.F.);
#1640 = EDGE_CURVE('',#1641,#379,#1643,.T.);
#1641 = VERTEX_POINT('',#1642);
#1642 = CARTESIAN_POINT('',(-6.4,-1.5,-5.4));
#1643 = LINE('',#1644,#1645);
#1644 = CARTESIAN_POINT('',(-6.4,-1.5,-5.4));
#1645 = VECTOR('',#1646,1.);
#1646 = DIRECTION('',(0.,0.,1.));
#1647 = ORIENTED_EDGE('',*,*,#1648,.T.);
#1648 = EDGE_CURVE('',#1641,#1649,#1651,.T.);
#1649 = VERTEX_POINT('',#1650);
#1650 = CARTESIAN_POINT('',(-6.4,4.5,-5.4));
#1651 = LINE('',#1652,#1653);
#1652 = CARTESIAN_POINT('',(-6.4,-1.5,-5.4));
#1653 = VECTOR('',#1654,1.);
#1654 = DIRECTION('',(-0.,1.,0.));
#1655 = ORIENTED_EDGE('',*,*,#1656,.T.);
#1656 = EDGE_CURVE('',#1649,#403,#1657,.T.);
#1657 = LINE('',#1658,#1659);
#1658 = CARTESIAN_POINT('',(-6.4,4.5,-5.4));
#1659 = VECTOR('',#1660,1.);
#1660 = DIRECTION('',(0.,0.,1.));
#1661 = ORIENTED_EDGE('',*,*,#410,.F.);
#1662 = ORIENTED_EDGE('',*,*,#1663,.T.);
#1663 = EDGE_CURVE('',#411,#1664,#1666,.T.);
#1664 = VERTEX_POINT('',#1665);
#1665 = CARTESIAN_POINT('',(-6.4,2.8,-3.));
#1666 = LINE('',#1667,#1668);
#1667 = CARTESIAN_POINT('',(-6.4,2.8,-4.7));
#1668 = VECTOR('',#1669,1.);
#1669 = DIRECTION('',(0.,0.,1.));
#1670 = ORIENTED_EDGE('',*,*,#1671,.T.);
#1671 = EDGE_CURVE('',#1664,#1595,#1672,.T.);
#1672 = LINE('',#1673,#1674);
#1673 = CARTESIAN_POINT('',(-6.4,-2.5,-3.));
#1674 = VECTOR('',#1675,1.);
#1675 = DIRECTION('',(0.,-1.,0.));
#1676 = ORIENTED_EDGE('',*,*,#1594,.F.);
#1677 = ORIENTED_EDGE('',*,*,#378,.F.);
#1678 = PLANE('',#1679);
#1679 = AXIS2_PLACEMENT_3D('',#1680,#1681,#1682);
#1680 = CARTESIAN_POINT('',(-6.4,1.5,-4.309090909091));
#1681 = DIRECTION('',(1.,0.,0.));
#1682 = DIRECTION('',(-0.,0.,1.));
#1683 = ADVANCED_FACE('',(#1684),#1695,.T.);
#1684 = FACE_BOUND('',#1685,.T.);
#1685 = EDGE_LOOP('',(#1686,#1687,#1693,#1694));
#1686 = ORIENTED_EDGE('',*,*,#1625,.F.);
#1687 = ORIENTED_EDGE('',*,*,#1688,.F.);
#1688 = EDGE_CURVE('',#1517,#1618,#1689,.T.);
#1689 = LINE('',#1690,#1691);
#1690 = CARTESIAN_POINT('',(6.4,4.5,-5.4));
#1691 = VECTOR('',#1692,1.);
#1692 = DIRECTION('',(1.,0.,-0.));
#1693 = ORIENTED_EDGE('',*,*,#1554,.T.);
#1694 = ORIENTED_EDGE('',*,*,#434,.F.);
#1695 = PLANE('',#1696);
#1696 = AXIS2_PLACEMENT_3D('',#1697,#1698,#1699);
#1697 = CARTESIAN_POINT('',(6.4,4.5,-5.4));
#1698 = DIRECTION('',(-0.,1.,0.));
#1699 = DIRECTION('',(0.,0.,1.));
#1700 = ADVANCED_FACE('',(#1701),#1719,.F.);
#1701 = FACE_BOUND('',#1702,.F.);
#1702 = EDGE_LOOP('',(#1703,#1704,#1712,#1718));
#1703 = ORIENTED_EDGE('',*,*,#1640,.F.);
#1704 = ORIENTED_EDGE('',*,*,#1705,.F.);
#1705 = EDGE_CURVE('',#1706,#1641,#1708,.T.);
#1706 = VERTEX_POINT('',#1707);
#1707 = CARTESIAN_POINT('',(-7.29,-1.5,-5.4));
#1708 = LINE('',#1709,#1710);
#1709 = CARTESIAN_POINT('',(-7.29,-1.5,-5.4));
#1710 = VECTOR('',#1711,1.);
#1711 = DIRECTION('',(1.,0.,-0.));
#1712 = ORIENTED_EDGE('',*,*,#1713,.T.);
#1713 = EDGE_CURVE('',#1706,#387,#1714,.T.);
#1714 = LINE('',#1715,#1716);
#1715 = CARTESIAN_POINT('',(-7.29,-1.5,-5.4));
#1716 = VECTOR('',#1717,1.);
#1717 = DIRECTION('',(0.,0.,1.));
#1718 = ORIENTED_EDGE('',*,*,#386,.F.);
#1719 = PLANE('',#1720);
#1720 = AXIS2_PLACEMENT_3D('',#1721,#1722,#1723);
#1721 = CARTESIAN_POINT('',(-7.29,-1.5,-5.4));
#1722 = DIRECTION('',(-0.,1.,0.));
#1723 = DIRECTION('',(0.,0.,1.));
#1724 = ADVANCED_FACE('',(#1725),#1743,.F.);
#1725 = FACE_BOUND('',#1726,.F.);
#1726 = EDGE_LOOP('',(#1727,#1728,#1736,#1742));
#1727 = ORIENTED_EDGE('',*,*,#1713,.F.);
#1728 = ORIENTED_EDGE('',*,*,#1729,.T.);
#1729 = EDGE_CURVE('',#1706,#1730,#1732,.T.);
#1730 = VERTEX_POINT('',#1731);
#1731 = CARTESIAN_POINT('',(-7.29,4.5,-5.4));
#1732 = LINE('',#1733,#1734);
#1733 = CARTESIAN_POINT('',(-7.29,-1.5,-5.4));
#1734 = VECTOR('',#1735,1.);
#1735 = DIRECTION('',(-0.,1.,0.));
#1736 = ORIENTED_EDGE('',*,*,#1737,.T.);
#1737 = EDGE_CURVE('',#1730,#395,#1738,.T.);
#1738 = LINE('',#1739,#1740);
#1739 = CARTESIAN_POINT('',(-7.29,4.5,-5.4));
#1740 = VECTOR('',#1741,1.);
#1741 = DIRECTION('',(0.,0.,1.));
#1742 = ORIENTED_EDGE('',*,*,#394,.F.);
#1743 = PLANE('',#1744);
#1744 = AXIS2_PLACEMENT_3D('',#1745,#1746,#1747);
#1745 = CARTESIAN_POINT('',(-7.29,-1.5,-5.4));
#1746 = DIRECTION('',(1.,0.,-0.));
#1747 = DIRECTION('',(0.,0.,1.));
#1748 = ADVANCED_FACE('',(#1749),#1760,.F.);
#1749 = FACE_BOUND('',#1750,.F.);
#1750 = EDGE_LOOP('',(#1751,#1752,#1753,#1754));
#1751 = ORIENTED_EDGE('',*,*,#1547,.F.);
#1752 = ORIENTED_EDGE('',*,*,#418,.T.);
#1753 = ORIENTED_EDGE('',*,*,#1663,.T.);
#1754 = ORIENTED_EDGE('',*,*,#1755,.T.);
#1755 = EDGE_CURVE('',#1664,#1540,#1756,.T.);
#1756 = LINE('',#1757,#1758);
#1757 = CARTESIAN_POINT('',(-8.395,2.8,-3.));
#1758 = VECTOR('',#1759,1.);
#1759 = DIRECTION('',(1.,0.,-0.));
#1760 = PLANE('',#1761);
#1761 = AXIS2_PLACEMENT_3D('',#1762,#1763,#1764);
#1762 = CARTESIAN_POINT('',(-6.4,2.8,-4.7));
#1763 = DIRECTION('',(-0.,1.,0.));
#1764 = DIRECTION('',(0.,0.,1.));
#1765 = ADVANCED_FACE('',(#1766),#1777,.T.);
#1766 = FACE_BOUND('',#1767,.T.);
#1767 = EDGE_LOOP('',(#1768,#1769,#1775,#1776));
#1768 = ORIENTED_EDGE('',*,*,#1656,.F.);
#1769 = ORIENTED_EDGE('',*,*,#1770,.F.);
#1770 = EDGE_CURVE('',#1730,#1649,#1771,.T.);
#1771 = LINE('',#1772,#1773);
#1772 = CARTESIAN_POINT('',(-7.29,4.5,-5.4));
#1773 = VECTOR('',#1774,1.);
#1774 = DIRECTION('',(1.,0.,-0.));
#1775 = ORIENTED_EDGE('',*,*,#1737,.T.);
#1776 = ORIENTED_EDGE('',*,*,#402,.F.);
#1777 = PLANE('',#1778);
#1778 = AXIS2_PLACEMENT_3D('',#1779,#1780,#1781);
#1779 = CARTESIAN_POINT('',(-7.29,4.5,-5.4));
#1780 = DIRECTION('',(-0.,1.,0.));
#1781 = DIRECTION('',(0.,0.,1.));
#1782 = ADVANCED_FACE('',(#1783),#1802,.T.);
#1783 = FACE_BOUND('',#1784,.T.);
#1784 = EDGE_LOOP('',(#1785,#1786,#1794,#1801));
#1785 = ORIENTED_EDGE('',*,*,#458,.F.);
#1786 = ORIENTED_EDGE('',*,*,#1787,.F.);
#1787 = EDGE_CURVE('',#1788,#459,#1790,.T.);
#1788 = VERTEX_POINT('',#1789);
#1789 = CARTESIAN_POINT('',(2.75,15.,-8.5));
#1790 = LINE('',#1791,#1792);
#1791 = CARTESIAN_POINT('',(2.75,15.,-8.5));
#1792 = VECTOR('',#1793,1.);
#1793 = DIRECTION('',(0.,0.,1.));
#1794 = ORIENTED_EDGE('',*,*,#1795,.T.);
#1795 = EDGE_CURVE('',#1788,#1788,#1796,.T.);
#1796 = CIRCLE('',#1797,2.75);
#1797 = AXIS2_PLACEMENT_3D('',#1798,#1799,#1800);
#1798 = CARTESIAN_POINT('',(0.,15.,-8.5));
#1799 = DIRECTION('',(0.,0.,1.));
#1800 = DIRECTION('',(1.,0.,-0.));
#1801 = ORIENTED_EDGE('',*,*,#1787,.T.);
#1802 = CYLINDRICAL_SURFACE('',#1803,2.75);
#1803 = AXIS2_PLACEMENT_3D('',#1804,#1805,#1806);
#1804 = CARTESIAN_POINT('',(0.,15.,-8.5));
#1805 = DIRECTION('',(0.,0.,1.));
#1806 = DIRECTION('',(1.,0.,-0.));
#1807 = ADVANCED_FACE('',(#1808),#1815,.F.);
#1808 = FACE_BOUND('',#1809,.F.);
#1809 = EDGE_LOOP('',(#1810,#1811,#1812,#1813,#1814));
#1810 = ORIENTED_EDGE('',*,*,#507,.F.);
#1811 = ORIENTED_EDGE('',*,*,#555,.F.);
#1812 = ORIENTED_EDGE('',*,*,#1065,.F.);
#1813 = ORIENTED_EDGE('',*,*,#1099,.T.);
#1814 = ORIENTED_EDGE('',*,*,#483,.T.);
#1815 = PLANE('',#1816);
#1816 = AXIS2_PLACEMENT_3D('',#1817,#1818,#1819);
#1817 = CARTESIAN_POINT('',(-12.335,-17.5,-11.9));
#1818 = DIRECTION('',(0.,0.,1.));
#1819 = DIRECTION('',(1.,0.,-0.));
#1820 = ADVANCED_FACE('',(#1821,#1831,#1842,#1853,#1877,#1888),#1899,.T.
  );
#1821 = FACE_BOUND('',#1822,.T.);
#1822 = EDGE_LOOP('',(#1823,#1824,#1825,#1826,#1827,#1828,#1829,#1830));
#1823 = ORIENTED_EDGE('',*,*,#1050,.F.);
#1824 = ORIENTED_EDGE('',*,*,#1017,.F.);
#1825 = ORIENTED_EDGE('',*,*,#914,.F.);
#1826 = ORIENTED_EDGE('',*,*,#754,.F.);
#1827 = ORIENTED_EDGE('',*,*,#730,.F.);
#1828 = ORIENTED_EDGE('',*,*,#579,.F.);
#1829 = ORIENTED_EDGE('',*,*,#539,.F.);
#1830 = ORIENTED_EDGE('',*,*,#1075,.F.);
#1831 = FACE_BOUND('',#1832,.T.);
#1832 = EDGE_LOOP('',(#1833));
#1833 = ORIENTED_EDGE('',*,*,#1834,.F.);
#1834 = EDGE_CURVE('',#1835,#1835,#1837,.T.);
#1835 = VERTEX_POINT('',#1836);
#1836 = CARTESIAN_POINT('',(-7.4,-19.5,-2.6));
#1837 = CIRCLE('',#1838,1.1);
#1838 = AXIS2_PLACEMENT_3D('',#1839,#1840,#1841);
#1839 = CARTESIAN_POINT('',(-8.5,-19.5,-2.6));
#1840 = DIRECTION('',(0.,0.,1.));
#1841 = DIRECTION('',(1.,0.,-0.));
#1842 = FACE_BOUND('',#1843,.T.);
#1843 = EDGE_LOOP('',(#1844));
#1844 = ORIENTED_EDGE('',*,*,#1845,.F.);
#1845 = EDGE_CURVE('',#1846,#1846,#1848,.T.);
#1846 = VERTEX_POINT('',#1847);
#1847 = CARTESIAN_POINT('',(9.6,-19.5,-2.6));
#1848 = CIRCLE('',#1849,1.1);
#1849 = AXIS2_PLACEMENT_3D('',#1850,#1851,#1852);
#1850 = CARTESIAN_POINT('',(8.5,-19.5,-2.6));
#1851 = DIRECTION('',(0.,0.,1.));
#1852 = DIRECTION('',(1.,0.,-0.));
#1853 = FACE_BOUND('',#1854,.T.);
#1854 = EDGE_LOOP('',(#1855,#1856,#1857,#1858,#1859,#1860,#1866,#1867,
    #1868,#1869,#1870,#1871));
#1855 = ORIENTED_EDGE('',*,*,#1213,.F.);
#1856 = ORIENTED_EDGE('',*,*,#1157,.T.);
#1857 = ORIENTED_EDGE('',*,*,#1237,.T.);
#1858 = ORIENTED_EDGE('',*,*,#1254,.F.);
#1859 = ORIENTED_EDGE('',*,*,#1181,.F.);
#1860 = ORIENTED_EDGE('',*,*,#1861,.F.);
#1861 = EDGE_CURVE('',#1452,#1182,#1862,.T.);
#1862 = LINE('',#1863,#1864);
#1863 = CARTESIAN_POINT('',(-5.195,9.5,-2.6));
#1864 = VECTOR('',#1865,1.);
#1865 = DIRECTION('',(-1.,-0.,0.));
#1866 = ORIENTED_EDGE('',*,*,#1451,.T.);
#1867 = ORIENTED_EDGE('',*,*,#1500,.F.);
#1868 = ORIENTED_EDGE('',*,*,#1418,.F.);
#1869 = ORIENTED_EDGE('',*,*,#1403,.T.);
#1870 = ORIENTED_EDGE('',*,*,#1483,.T.);
#1871 = ORIENTED_EDGE('',*,*,#1872,.T.);
#1872 = EDGE_CURVE('',#1476,#1206,#1873,.T.);
#1873 = LINE('',#1874,#1875);
#1874 = CARTESIAN_POINT('',(-5.195,-6.5,-2.6));
#1875 = VECTOR('',#1876,1.);
#1876 = DIRECTION('',(-1.,-0.,0.));
#1877 = FACE_BOUND('',#1878,.T.);
#1878 = EDGE_LOOP('',(#1879));
#1879 = ORIENTED_EDGE('',*,*,#1880,.F.);
#1880 = EDGE_CURVE('',#1881,#1881,#1883,.T.);
#1881 = VERTEX_POINT('',#1882);
#1882 = CARTESIAN_POINT('',(-7.79,19.5,-2.6));
#1883 = CIRCLE('',#1884,1.1);
#1884 = AXIS2_PLACEMENT_3D('',#1885,#1886,#1887);
#1885 = CARTESIAN_POINT('',(-8.89,19.5,-2.6));
#1886 = DIRECTION('',(0.,0.,1.));
#1887 = DIRECTION('',(1.,0.,-0.));
#1888 = FACE_BOUND('',#1889,.T.);
#1889 = EDGE_LOOP('',(#1890));
#1890 = ORIENTED_EDGE('',*,*,#1891,.F.);
#1891 = EDGE_CURVE('',#1892,#1892,#1894,.T.);
#1892 = VERTEX_POINT('',#1893);
#1893 = CARTESIAN_POINT('',(9.99,19.5,-2.6));
#1894 = CIRCLE('',#1895,1.1);
#1895 = AXIS2_PLACEMENT_3D('',#1896,#1897,#1898);
#1896 = CARTESIAN_POINT('',(8.89,19.5,-2.6));
#1897 = DIRECTION('',(0.,0.,1.));
#1898 = DIRECTION('',(1.,0.,-0.));
#1899 = PLANE('',#1900);
#1900 = AXIS2_PLACEMENT_3D('',#1901,#1902,#1903);
#1901 = CARTESIAN_POINT('',(3.311298577717E-16,1.103766192572E-16,-2.6)
  );
#1902 = DIRECTION('',(0.,0.,1.));
#1903 = DIRECTION('',(1.,0.,-0.));
#1904 = ADVANCED_FACE('',(#1905),#1911,.F.);
#1905 = FACE_BOUND('',#1906,.F.);
#1906 = EDGE_LOOP('',(#1907,#1908,#1909,#1910));
#1907 = ORIENTED_EDGE('',*,*,#678,.F.);
#1908 = ORIENTED_EDGE('',*,*,#596,.F.);
#1909 = ORIENTED_EDGE('',*,*,#637,.T.);
#1910 = ORIENTED_EDGE('',*,*,#654,.T.);
#1911 = PLANE('',#1912);
#1912 = AXIS2_PLACEMENT_3D('',#1913,#1914,#1915);
#1913 = CARTESIAN_POINT('',(-12.335,17.5,-11.9));
#1914 = DIRECTION('',(0.,0.,1.));
#1915 = DIRECTION('',(1.,0.,-0.));
#1916 = ADVANCED_FACE('',(#1917),#1928,.F.);
#1917 = FACE_BOUND('',#1918,.F.);
#1918 = EDGE_LOOP('',(#1919,#1920,#1926,#1927));
#1919 = ORIENTED_EDGE('',*,*,#703,.T.);
#1920 = ORIENTED_EDGE('',*,*,#1921,.T.);
#1921 = EDGE_CURVE('',#696,#1881,#1922,.T.);
#1922 = LINE('',#1923,#1924);
#1923 = CARTESIAN_POINT('',(-7.79,19.5,-4.21));
#1924 = VECTOR('',#1925,1.);
#1925 = DIRECTION('',(0.,0.,1.));
#1926 = ORIENTED_EDGE('',*,*,#1880,.F.);
#1927 = ORIENTED_EDGE('',*,*,#1921,.F.);
#1928 = CYLINDRICAL_SURFACE('',#1929,1.1);
#1929 = AXIS2_PLACEMENT_3D('',#1930,#1931,#1932);
#1930 = CARTESIAN_POINT('',(-8.89,19.5,-4.21));
#1931 = DIRECTION('',(0.,0.,1.));
#1932 = DIRECTION('',(1.,0.,-0.));
#1933 = ADVANCED_FACE('',(#1934),#1940,.F.);
#1934 = FACE_BOUND('',#1935,.F.);
#1935 = EDGE_LOOP('',(#1936,#1937,#1938,#1939));
#1936 = ORIENTED_EDGE('',*,*,#832,.F.);
#1937 = ORIENTED_EDGE('',*,*,#863,.F.);
#1938 = ORIENTED_EDGE('',*,*,#880,.T.);
#1939 = ORIENTED_EDGE('',*,*,#781,.F.);
#1940 = PLANE('',#1941);
#1941 = AXIS2_PLACEMENT_3D('',#1942,#1943,#1944);
#1942 = CARTESIAN_POINT('',(11.25,17.5,-11.9));
#1943 = DIRECTION('',(0.,0.,1.));
#1944 = DIRECTION('',(1.,0.,-0.));
#1945 = ADVANCED_FACE('',(#1946),#1957,.F.);
#1946 = FACE_BOUND('',#1947,.F.);
#1947 = EDGE_LOOP('',(#1948,#1949,#1955,#1956));
#1948 = ORIENTED_EDGE('',*,*,#813,.T.);
#1949 = ORIENTED_EDGE('',*,*,#1950,.T.);
#1950 = EDGE_CURVE('',#806,#1892,#1951,.T.);
#1951 = LINE('',#1952,#1953);
#1952 = CARTESIAN_POINT('',(9.99,19.5,-4.21));
#1953 = VECTOR('',#1954,1.);
#1954 = DIRECTION('',(0.,0.,1.));
#1955 = ORIENTED_EDGE('',*,*,#1891,.F.);
#1956 = ORIENTED_EDGE('',*,*,#1950,.F.);
#1957 = CYLINDRICAL_SURFACE('',#1958,1.1);
#1958 = AXIS2_PLACEMENT_3D('',#1959,#1960,#1961);
#1959 = CARTESIAN_POINT('',(8.89,19.5,-4.21));
#1960 = DIRECTION('',(0.,0.,1.));
#1961 = DIRECTION('',(1.,0.,-0.));
#1962 = ADVANCED_FACE('',(#1963),#1970,.F.);
#1963 = FACE_BOUND('',#1964,.F.);
#1964 = EDGE_LOOP('',(#1965,#1966,#1967,#1968,#1969));
#1965 = ORIENTED_EDGE('',*,*,#937,.F.);
#1966 = ORIENTED_EDGE('',*,*,#968,.F.);
#1967 = ORIENTED_EDGE('',*,*,#992,.T.);
#1968 = ORIENTED_EDGE('',*,*,#1025,.F.);
#1969 = ORIENTED_EDGE('',*,*,#896,.F.);
#1970 = PLANE('',#1971);
#1971 = AXIS2_PLACEMENT_3D('',#1972,#1973,#1974);
#1972 = CARTESIAN_POINT('',(11.25,-17.5,-11.9));
#1973 = DIRECTION('',(0.,0.,1.));
#1974 = DIRECTION('',(1.,0.,-0.));
#1975 = ADVANCED_FACE('',(#1976),#1987,.F.);
#1976 = FACE_BOUND('',#1977,.F.);
#1977 = EDGE_LOOP('',(#1978,#1979,#1985,#1986));
#1978 = ORIENTED_EDGE('',*,*,#1123,.T.);
#1979 = ORIENTED_EDGE('',*,*,#1980,.T.);
#1980 = EDGE_CURVE('',#1116,#1835,#1981,.T.);
#1981 = LINE('',#1982,#1983);
#1982 = CARTESIAN_POINT('',(-7.4,-19.5,-4.21));
#1983 = VECTOR('',#1984,1.);
#1984 = DIRECTION('',(0.,0.,1.));
#1985 = ORIENTED_EDGE('',*,*,#1834,.F.);
#1986 = ORIENTED_EDGE('',*,*,#1980,.F.);
#1987 = CYLINDRICAL_SURFACE('',#1988,1.1);
#1988 = AXIS2_PLACEMENT_3D('',#1989,#1990,#1991);
#1989 = CARTESIAN_POINT('',(-8.5,-19.5,-4.21));
#1990 = DIRECTION('',(0.,0.,1.));
#1991 = DIRECTION('',(1.,0.,-0.));
#1992 = ADVANCED_FACE('',(#1993),#2004,.T.);
#1993 = FACE_BOUND('',#1994,.T.);
#1994 = EDGE_LOOP('',(#1995,#2001,#2002,#2003));
#1995 = ORIENTED_EDGE('',*,*,#1996,.F.);
#1996 = EDGE_CURVE('',#1198,#1468,#1997,.T.);
#1997 = LINE('',#1998,#1999);
#1998 = CARTESIAN_POINT('',(-10.39,-6.5,-3.));
#1999 = VECTOR('',#2000,1.);
#2000 = DIRECTION('',(1.,0.,-0.));
#2001 = ORIENTED_EDGE('',*,*,#1205,.T.);
#2002 = ORIENTED_EDGE('',*,*,#1872,.F.);
#2003 = ORIENTED_EDGE('',*,*,#1475,.F.);
#2004 = PLANE('',#2005);
#2005 = AXIS2_PLACEMENT_3D('',#2006,#2007,#2008);
#2006 = CARTESIAN_POINT('',(-10.39,-6.5,-3.));
#2007 = DIRECTION('',(-0.,1.,0.));
#2008 = DIRECTION('',(0.,0.,1.));
#2009 = ADVANCED_FACE('',(#2010,#2021),#2027,.T.);
#2010 = FACE_BOUND('',#2011,.T.);
#2011 = EDGE_LOOP('',(#2012,#2013,#2014,#2015));
#2012 = ORIENTED_EDGE('',*,*,#1197,.T.);
#2013 = ORIENTED_EDGE('',*,*,#1996,.T.);
#2014 = ORIENTED_EDGE('',*,*,#1467,.F.);
#2015 = ORIENTED_EDGE('',*,*,#2016,.F.);
#2016 = EDGE_CURVE('',#1190,#1460,#2017,.T.);
#2017 = LINE('',#2018,#2019);
#2018 = CARTESIAN_POINT('',(-10.39,9.5,-3.));
#2019 = VECTOR('',#2020,1.);
#2020 = DIRECTION('',(1.,0.,-0.));
#2021 = FACE_BOUND('',#2022,.T.);
#2022 = EDGE_LOOP('',(#2023,#2024,#2025,#2026));
#2023 = ORIENTED_EDGE('',*,*,#1671,.F.);
#2024 = ORIENTED_EDGE('',*,*,#1755,.T.);
#2025 = ORIENTED_EDGE('',*,*,#1539,.F.);
#2026 = ORIENTED_EDGE('',*,*,#1602,.F.);
#2027 = PLANE('',#2028);
#2028 = AXIS2_PLACEMENT_3D('',#2029,#2030,#2031);
#2029 = CARTESIAN_POINT('',(-10.39,-6.5,-3.));
#2030 = DIRECTION('',(0.,0.,1.));
#2031 = DIRECTION('',(1.,0.,-0.));
#2032 = ADVANCED_FACE('',(#2033),#2039,.F.);
#2033 = FACE_BOUND('',#2034,.F.);
#2034 = EDGE_LOOP('',(#2035,#2036,#2037,#2038));
#2035 = ORIENTED_EDGE('',*,*,#2016,.F.);
#2036 = ORIENTED_EDGE('',*,*,#1189,.T.);
#2037 = ORIENTED_EDGE('',*,*,#1861,.F.);
#2038 = ORIENTED_EDGE('',*,*,#1459,.F.);
#2039 = PLANE('',#2040);
#2040 = AXIS2_PLACEMENT_3D('',#2041,#2042,#2043);
#2041 = CARTESIAN_POINT('',(-10.39,9.5,-3.));
#2042 = DIRECTION('',(-0.,1.,0.));
#2043 = DIRECTION('',(0.,0.,1.));
#2044 = ADVANCED_FACE('',(#2045),#2087,.F.);
#2045 = FACE_BOUND('',#2046,.F.);
#2046 = EDGE_LOOP('',(#2047,#2048,#2049,#2057,#2065,#2073,#2081));
#2047 = ORIENTED_EDGE('',*,*,#1346,.T.);
#2048 = ORIENTED_EDGE('',*,*,#1278,.T.);
#2049 = ORIENTED_EDGE('',*,*,#2050,.F.);
#2050 = EDGE_CURVE('',#2051,#1279,#2053,.T.);
#2051 = VERTEX_POINT('',#2052);
#2052 = CARTESIAN_POINT('',(0.65,-12.1,-8.5));
#2053 = LINE('',#2054,#2055);
#2054 = CARTESIAN_POINT('',(0.65,-14.625,-8.5));
#2055 = VECTOR('',#2056,1.);
#2056 = DIRECTION('',(-0.,1.,0.));
#2057 = ORIENTED_EDGE('',*,*,#2058,.F.);
#2058 = EDGE_CURVE('',#2059,#2051,#2061,.T.);
#2059 = VERTEX_POINT('',#2060);
#2060 = CARTESIAN_POINT('',(2.05,-12.1,-8.5));
#2061 = LINE('',#2062,#2063);
#2062 = CARTESIAN_POINT('',(-1.025,-12.1,-8.5));
#2063 = VECTOR('',#2064,1.);
#2064 = DIRECTION('',(-1.,-0.,0.));
#2065 = ORIENTED_EDGE('',*,*,#2066,.F.);
#2066 = EDGE_CURVE('',#2067,#2059,#2069,.T.);
#2067 = VERTEX_POINT('',#2068);
#2068 = CARTESIAN_POINT('',(2.05,-13.9,-8.5));
#2069 = LINE('',#2070,#2071);
#2070 = CARTESIAN_POINT('',(2.05,-13.45,-8.5));
#2071 = VECTOR('',#2072,1.);
#2072 = DIRECTION('',(-0.,1.,0.));
#2073 = ORIENTED_EDGE('',*,*,#2074,.T.);
#2074 = EDGE_CURVE('',#2067,#2075,#2077,.T.);
#2075 = VERTEX_POINT('',#2076);
#2076 = CARTESIAN_POINT('',(0.65,-13.9,-8.5));
#2077 = LINE('',#2078,#2079);
#2078 = CARTESIAN_POINT('',(-1.025,-13.9,-8.5));
#2079 = VECTOR('',#2080,1.);
#2080 = DIRECTION('',(-1.,-0.,0.));
#2081 = ORIENTED_EDGE('',*,*,#2082,.F.);
#2082 = EDGE_CURVE('',#1339,#2075,#2083,.T.);
#2083 = LINE('',#2084,#2085);
#2084 = CARTESIAN_POINT('',(0.65,-14.625,-8.5));
#2085 = VECTOR('',#2086,1.);
#2086 = DIRECTION('',(-0.,1.,0.));
#2087 = PLANE('',#2088);
#2088 = AXIS2_PLACEMENT_3D('',#2089,#2090,#2091);
#2089 = CARTESIAN_POINT('',(0.,-13.,-8.5));
#2090 = DIRECTION('',(0.,0.,1.));
#2091 = DIRECTION('',(1.,0.,-0.));
#2092 = ADVANCED_FACE('',(#2093),#2111,.F.);
#2093 = FACE_BOUND('',#2094,.F.);
#2094 = EDGE_LOOP('',(#2095,#2103,#2104,#2105));
#2095 = ORIENTED_EDGE('',*,*,#2096,.F.);
#2096 = EDGE_CURVE('',#1330,#2097,#2099,.T.);
#2097 = VERTEX_POINT('',#2098);
#2098 = CARTESIAN_POINT('',(0.65,-13.9,-5.1));
#2099 = LINE('',#2100,#2101);
#2100 = CARTESIAN_POINT('',(0.65,-16.25,-5.1));
#2101 = VECTOR('',#2102,1.);
#2102 = DIRECTION('',(-0.,1.,0.));
#2103 = ORIENTED_EDGE('',*,*,#1338,.F.);
#2104 = ORIENTED_EDGE('',*,*,#2082,.T.);
#2105 = ORIENTED_EDGE('',*,*,#2106,.F.);
#2106 = EDGE_CURVE('',#2097,#2075,#2107,.T.);
#2107 = LINE('',#2108,#2109);
#2108 = CARTESIAN_POINT('',(0.65,-13.9,-8.51));
#2109 = VECTOR('',#2110,1.);
#2110 = DIRECTION('',(-0.,0.,-1.));
#2111 = PLANE('',#2112);
#2112 = AXIS2_PLACEMENT_3D('',#2113,#2114,#2115);
#2113 = CARTESIAN_POINT('',(0.65,-16.25,-8.51));
#2114 = DIRECTION('',(1.,0.,-0.));
#2115 = DIRECTION('',(0.,0.,1.));
#2116 = ADVANCED_FACE('',(#2117),#2190,.T.);
#2117 = FACE_BOUND('',#2118,.T.);
#2118 = EDGE_LOOP('',(#2119,#2120,#2121,#2129,#2137,#2145,#2153,#2159,
    #2160,#2168,#2176,#2184));
#2119 = ORIENTED_EDGE('',*,*,#2096,.F.);
#2120 = ORIENTED_EDGE('',*,*,#1329,.F.);
#2121 = ORIENTED_EDGE('',*,*,#2122,.T.);
#2122 = EDGE_CURVE('',#1322,#2123,#2125,.T.);
#2123 = VERTEX_POINT('',#2124);
#2124 = CARTESIAN_POINT('',(-0.65,-13.9,-5.1));
#2125 = LINE('',#2126,#2127);
#2126 = CARTESIAN_POINT('',(-0.65,-16.25,-5.1));
#2127 = VECTOR('',#2128,1.);
#2128 = DIRECTION('',(-0.,1.,0.));
#2129 = ORIENTED_EDGE('',*,*,#2130,.F.);
#2130 = EDGE_CURVE('',#2131,#2123,#2133,.T.);
#2131 = VERTEX_POINT('',#2132);
#2132 = CARTESIAN_POINT('',(-2.05,-13.9,-5.1));
#2133 = LINE('',#2134,#2135);
#2134 = CARTESIAN_POINT('',(-2.05,-13.9,-5.1));
#2135 = VECTOR('',#2136,1.);
#2136 = DIRECTION('',(1.,0.,-0.));
#2137 = ORIENTED_EDGE('',*,*,#2138,.T.);
#2138 = EDGE_CURVE('',#2131,#2139,#2141,.T.);
#2139 = VERTEX_POINT('',#2140);
#2140 = CARTESIAN_POINT('',(-2.05,-12.1,-5.1));
#2141 = LINE('',#2142,#2143);
#2142 = CARTESIAN_POINT('',(-2.05,-13.9,-5.1));
#2143 = VECTOR('',#2144,1.);
#2144 = DIRECTION('',(-0.,1.,0.));
#2145 = ORIENTED_EDGE('',*,*,#2146,.T.);
#2146 = EDGE_CURVE('',#2139,#2147,#2149,.T.);
#2147 = VERTEX_POINT('',#2148);
#2148 = CARTESIAN_POINT('',(-0.65,-12.1,-5.1));
#2149 = LINE('',#2150,#2151);
#2150 = CARTESIAN_POINT('',(-2.05,-12.1,-5.1));
#2151 = VECTOR('',#2152,1.);
#2152 = DIRECTION('',(1.,0.,-0.));
#2153 = ORIENTED_EDGE('',*,*,#2154,.T.);
#2154 = EDGE_CURVE('',#2147,#1296,#2155,.T.);
#2155 = LINE('',#2156,#2157);
#2156 = CARTESIAN_POINT('',(-0.65,-16.25,-5.1));
#2157 = VECTOR('',#2158,1.);
#2158 = DIRECTION('',(-0.,1.,0.));
#2159 = ORIENTED_EDGE('',*,*,#1295,.F.);
#2160 = ORIENTED_EDGE('',*,*,#2161,.F.);
#2161 = EDGE_CURVE('',#2162,#1288,#2164,.T.);
#2162 = VERTEX_POINT('',#2163);
#2163 = CARTESIAN_POINT('',(0.65,-12.1,-5.1));
#2164 = LINE('',#2165,#2166);
#2165 = CARTESIAN_POINT('',(0.65,-16.25,-5.1));
#2166 = VECTOR('',#2167,1.);
#2167 = DIRECTION('',(-0.,1.,0.));
#2168 = ORIENTED_EDGE('',*,*,#2169,.T.);
#2169 = EDGE_CURVE('',#2162,#2170,#2172,.T.);
#2170 = VERTEX_POINT('',#2171);
#2171 = CARTESIAN_POINT('',(2.05,-12.1,-5.1));
#2172 = LINE('',#2173,#2174);
#2173 = CARTESIAN_POINT('',(-2.05,-12.1,-5.1));
#2174 = VECTOR('',#2175,1.);
#2175 = DIRECTION('',(1.,0.,-0.));
#2176 = ORIENTED_EDGE('',*,*,#2177,.F.);
#2177 = EDGE_CURVE('',#2178,#2170,#2180,.T.);
#2178 = VERTEX_POINT('',#2179);
#2179 = CARTESIAN_POINT('',(2.05,-13.9,-5.1));
#2180 = LINE('',#2181,#2182);
#2181 = CARTESIAN_POINT('',(2.05,-13.9,-5.1));
#2182 = VECTOR('',#2183,1.);
#2183 = DIRECTION('',(-0.,1.,0.));
#2184 = ORIENTED_EDGE('',*,*,#2185,.F.);
#2185 = EDGE_CURVE('',#2097,#2178,#2186,.T.);
#2186 = LINE('',#2187,#2188);
#2187 = CARTESIAN_POINT('',(-2.05,-13.9,-5.1));
#2188 = VECTOR('',#2189,1.);
#2189 = DIRECTION('',(1.,0.,-0.));
#2190 = PLANE('',#2191);
#2191 = AXIS2_PLACEMENT_3D('',#2192,#2193,#2194);
#2192 = CARTESIAN_POINT('',(0.,-13.,-5.1));
#2193 = DIRECTION('',(-0.,-0.,-1.));
#2194 = DIRECTION('',(-1.,0.,0.));
#2195 = ADVANCED_FACE('',(#2196),#2214,.T.);
#2196 = FACE_BOUND('',#2197,.T.);
#2197 = EDGE_LOOP('',(#2198,#2199,#2200,#2208));
#2198 = ORIENTED_EDGE('',*,*,#2122,.F.);
#2199 = ORIENTED_EDGE('',*,*,#1321,.F.);
#2200 = ORIENTED_EDGE('',*,*,#2201,.T.);
#2201 = EDGE_CURVE('',#1313,#2202,#2204,.T.);
#2202 = VERTEX_POINT('',#2203);
#2203 = CARTESIAN_POINT('',(-0.65,-13.9,-8.5));
#2204 = LINE('',#2205,#2206);
#2205 = CARTESIAN_POINT('',(-0.65,-14.625,-8.5));
#2206 = VECTOR('',#2207,1.);
#2207 = DIRECTION('',(-0.,1.,0.));
#2208 = ORIENTED_EDGE('',*,*,#2209,.F.);
#2209 = EDGE_CURVE('',#2123,#2202,#2210,.T.);
#2210 = LINE('',#2211,#2212);
#2211 = CARTESIAN_POINT('',(-0.65,-13.9,-8.51));
#2212 = VECTOR('',#2213,1.);
#2213 = DIRECTION('',(-0.,0.,-1.));
#2214 = PLANE('',#2215);
#2215 = AXIS2_PLACEMENT_3D('',#2216,#2217,#2218);
#2216 = CARTESIAN_POINT('',(-0.65,-16.25,-8.51));
#2217 = DIRECTION('',(1.,0.,-0.));
#2218 = DIRECTION('',(0.,0.,1.));
#2219 = ADVANCED_FACE('',(#2220),#2254,.F.);
#2220 = FACE_BOUND('',#2221,.F.);
#2221 = EDGE_LOOP('',(#2222,#2230,#2231,#2232,#2240,#2248));
#2222 = ORIENTED_EDGE('',*,*,#2223,.T.);
#2223 = EDGE_CURVE('',#2224,#1305,#2226,.T.);
#2224 = VERTEX_POINT('',#2225);
#2225 = CARTESIAN_POINT('',(-0.65,-12.1,-8.5));
#2226 = LINE('',#2227,#2228);
#2227 = CARTESIAN_POINT('',(-0.65,-14.625,-8.5));
#2228 = VECTOR('',#2229,1.);
#2229 = DIRECTION('',(-0.,1.,0.));
#2230 = ORIENTED_EDGE('',*,*,#1312,.T.);
#2231 = ORIENTED_EDGE('',*,*,#2201,.T.);
#2232 = ORIENTED_EDGE('',*,*,#2233,.T.);
#2233 = EDGE_CURVE('',#2202,#2234,#2236,.T.);
#2234 = VERTEX_POINT('',#2235);
#2235 = CARTESIAN_POINT('',(-2.05,-13.9,-8.5));
#2236 = LINE('',#2237,#2238);
#2237 = CARTESIAN_POINT('',(-1.025,-13.9,-8.5));
#2238 = VECTOR('',#2239,1.);
#2239 = DIRECTION('',(-1.,-0.,0.));
#2240 = ORIENTED_EDGE('',*,*,#2241,.T.);
#2241 = EDGE_CURVE('',#2234,#2242,#2244,.T.);
#2242 = VERTEX_POINT('',#2243);
#2243 = CARTESIAN_POINT('',(-2.05,-12.1,-8.5));
#2244 = LINE('',#2245,#2246);
#2245 = CARTESIAN_POINT('',(-2.05,-13.45,-8.5));
#2246 = VECTOR('',#2247,1.);
#2247 = DIRECTION('',(-0.,1.,0.));
#2248 = ORIENTED_EDGE('',*,*,#2249,.F.);
#2249 = EDGE_CURVE('',#2224,#2242,#2250,.T.);
#2250 = LINE('',#2251,#2252);
#2251 = CARTESIAN_POINT('',(-1.025,-12.1,-8.5));
#2252 = VECTOR('',#2253,1.);
#2253 = DIRECTION('',(-1.,-0.,0.));
#2254 = PLANE('',#2255);
#2255 = AXIS2_PLACEMENT_3D('',#2256,#2257,#2258);
#2256 = CARTESIAN_POINT('',(0.,-13.,-8.5));
#2257 = DIRECTION('',(0.,0.,1.));
#2258 = DIRECTION('',(1.,0.,-0.));
#2259 = ADVANCED_FACE('',(#2260),#2271,.T.);
#2260 = FACE_BOUND('',#2261,.T.);
#2261 = EDGE_LOOP('',(#2262,#2263,#2269,#2270));
#2262 = ORIENTED_EDGE('',*,*,#2154,.F.);
#2263 = ORIENTED_EDGE('',*,*,#2264,.T.);
#2264 = EDGE_CURVE('',#2147,#2224,#2265,.T.);
#2265 = LINE('',#2266,#2267);
#2266 = CARTESIAN_POINT('',(-0.65,-12.1,-8.51));
#2267 = VECTOR('',#2268,1.);
#2268 = DIRECTION('',(-0.,0.,-1.));
#2269 = ORIENTED_EDGE('',*,*,#2223,.T.);
#2270 = ORIENTED_EDGE('',*,*,#1304,.T.);
#2271 = PLANE('',#2272);
#2272 = AXIS2_PLACEMENT_3D('',#2273,#2274,#2275);
#2273 = CARTESIAN_POINT('',(-0.65,-16.25,-8.51));
#2274 = DIRECTION('',(1.,0.,-0.));
#2275 = DIRECTION('',(0.,0.,1.));
#2276 = ADVANCED_FACE('',(#2277),#2288,.F.);
#2277 = FACE_BOUND('',#2278,.F.);
#2278 = EDGE_LOOP('',(#2279,#2280,#2286,#2287));
#2279 = ORIENTED_EDGE('',*,*,#2161,.F.);
#2280 = ORIENTED_EDGE('',*,*,#2281,.T.);
#2281 = EDGE_CURVE('',#2162,#2051,#2282,.T.);
#2282 = LINE('',#2283,#2284);
#2283 = CARTESIAN_POINT('',(0.65,-12.1,-8.51));
#2284 = VECTOR('',#2285,1.);
#2285 = DIRECTION('',(-0.,0.,-1.));
#2286 = ORIENTED_EDGE('',*,*,#2050,.T.);
#2287 = ORIENTED_EDGE('',*,*,#1287,.T.);
#2288 = PLANE('',#2289);
#2289 = AXIS2_PLACEMENT_3D('',#2290,#2291,#2292);
#2290 = CARTESIAN_POINT('',(0.65,-16.25,-8.51));
#2291 = DIRECTION('',(1.,0.,-0.));
#2292 = DIRECTION('',(0.,0.,1.));
#2293 = ADVANCED_FACE('',(#2294),#2305,.F.);
#2294 = FACE_BOUND('',#2295,.F.);
#2295 = EDGE_LOOP('',(#2296,#2297,#2303,#2304));
#2296 = ORIENTED_EDGE('',*,*,#1369,.T.);
#2297 = ORIENTED_EDGE('',*,*,#2298,.T.);
#2298 = EDGE_CURVE('',#1362,#1846,#2299,.T.);
#2299 = LINE('',#2300,#2301);
#2300 = CARTESIAN_POINT('',(9.6,-19.5,-4.21));
#2301 = VECTOR('',#2302,1.);
#2302 = DIRECTION('',(0.,0.,1.));
#2303 = ORIENTED_EDGE('',*,*,#1845,.F.);
#2304 = ORIENTED_EDGE('',*,*,#2298,.F.);
#2305 = CYLINDRICAL_SURFACE('',#2306,1.1);
#2306 = AXIS2_PLACEMENT_3D('',#2307,#2308,#2309);
#2307 = CARTESIAN_POINT('',(8.5,-19.5,-4.21));
#2308 = DIRECTION('',(0.,0.,1.));
#2309 = DIRECTION('',(1.,0.,-0.));
#2310 = ADVANCED_FACE('',(#2311),#2317,.F.);
#2311 = FACE_BOUND('',#2312,.F.);
#2312 = EDGE_LOOP('',(#2313,#2314,#2315,#2316));
#2313 = ORIENTED_EDGE('',*,*,#1514,.F.);
#2314 = ORIENTED_EDGE('',*,*,#1576,.T.);
#2315 = ORIENTED_EDGE('',*,*,#1617,.T.);
#2316 = ORIENTED_EDGE('',*,*,#1688,.F.);
#2317 = PLANE('',#2318);
#2318 = AXIS2_PLACEMENT_3D('',#2319,#2320,#2321);
#2319 = CARTESIAN_POINT('',(6.4,-1.5,-5.4));
#2320 = DIRECTION('',(0.,0.,1.));
#2321 = DIRECTION('',(1.,0.,-0.));
#2322 = ADVANCED_FACE('',(#2323),#2329,.F.);
#2323 = FACE_BOUND('',#2324,.F.);
#2324 = EDGE_LOOP('',(#2325,#2326,#2327,#2328));
#2325 = ORIENTED_EDGE('',*,*,#1729,.F.);
#2326 = ORIENTED_EDGE('',*,*,#1705,.T.);
#2327 = ORIENTED_EDGE('',*,*,#1648,.T.);
#2328 = ORIENTED_EDGE('',*,*,#1770,.F.);
#2329 = PLANE('',#2330);
#2330 = AXIS2_PLACEMENT_3D('',#2331,#2332,#2333);
#2331 = CARTESIAN_POINT('',(-7.29,-1.5,-5.4));
#2332 = DIRECTION('',(0.,0.,1.));
#2333 = DIRECTION('',(1.,0.,-0.));
#2334 = ADVANCED_FACE('',(#2335,#2338),#2436,.F.);
#2335 = FACE_BOUND('',#2336,.F.);
#2336 = EDGE_LOOP('',(#2337));
#2337 = ORIENTED_EDGE('',*,*,#1795,.T.);
#2338 = FACE_BOUND('',#2339,.F.);
#2339 = EDGE_LOOP('',(#2340,#2350,#2358,#2366,#2374,#2382,#2390,#2398,
    #2406,#2414,#2422,#2430));
#2340 = ORIENTED_EDGE('',*,*,#2341,.T.);
#2341 = EDGE_CURVE('',#2342,#2344,#2346,.T.);
#2342 = VERTEX_POINT('',#2343);
#2343 = CARTESIAN_POINT('',(-0.65,14.35,-8.5));
#2344 = VERTEX_POINT('',#2345);
#2345 = CARTESIAN_POINT('',(-2.05,14.35,-8.5));
#2346 = LINE('',#2347,#2348);
#2347 = CARTESIAN_POINT('',(-1.025,14.35,-8.5));
#2348 = VECTOR('',#2349,1.);
#2349 = DIRECTION('',(-1.,-0.,0.));
#2350 = ORIENTED_EDGE('',*,*,#2351,.T.);
#2351 = EDGE_CURVE('',#2344,#2352,#2354,.T.);
#2352 = VERTEX_POINT('',#2353);
#2353 = CARTESIAN_POINT('',(-2.05,15.65,-8.5));
#2354 = LINE('',#2355,#2356);
#2355 = CARTESIAN_POINT('',(-2.05,14.675,-8.5));
#2356 = VECTOR('',#2357,1.);
#2357 = DIRECTION('',(-0.,1.,0.));
#2358 = ORIENTED_EDGE('',*,*,#2359,.F.);
#2359 = EDGE_CURVE('',#2360,#2352,#2362,.T.);
#2360 = VERTEX_POINT('',#2361);
#2361 = CARTESIAN_POINT('',(-0.65,15.65,-8.5));
#2362 = LINE('',#2363,#2364);
#2363 = CARTESIAN_POINT('',(-1.025,15.65,-8.5));
#2364 = VECTOR('',#2365,1.);
#2365 = DIRECTION('',(-1.,-0.,0.));
#2366 = ORIENTED_EDGE('',*,*,#2367,.T.);
#2367 = EDGE_CURVE('',#2360,#2368,#2370,.T.);
#2368 = VERTEX_POINT('',#2369);
#2369 = CARTESIAN_POINT('',(-0.65,17.05,-8.5));
#2370 = LINE('',#2371,#2372);
#2371 = CARTESIAN_POINT('',(-0.65,13.975,-8.5));
#2372 = VECTOR('',#2373,1.);
#2373 = DIRECTION('',(-0.,1.,0.));
#2374 = ORIENTED_EDGE('',*,*,#2375,.F.);
#2375 = EDGE_CURVE('',#2376,#2368,#2378,.T.);
#2376 = VERTEX_POINT('',#2377);
#2377 = CARTESIAN_POINT('',(0.65,17.05,-8.5));
#2378 = LINE('',#2379,#2380);
#2379 = CARTESIAN_POINT('',(-0.325,17.05,-8.5));
#2380 = VECTOR('',#2381,1.);
#2381 = DIRECTION('',(-1.,-0.,0.));
#2382 = ORIENTED_EDGE('',*,*,#2383,.F.);
#2383 = EDGE_CURVE('',#2384,#2376,#2386,.T.);
#2384 = VERTEX_POINT('',#2385);
#2385 = CARTESIAN_POINT('',(0.65,15.65,-8.5));
#2386 = LINE('',#2387,#2388);
#2387 = CARTESIAN_POINT('',(0.65,13.975,-8.5));
#2388 = VECTOR('',#2389,1.);
#2389 = DIRECTION('',(-0.,1.,0.));
#2390 = ORIENTED_EDGE('',*,*,#2391,.F.);
#2391 = EDGE_CURVE('',#2392,#2384,#2394,.T.);
#2392 = VERTEX_POINT('',#2393);
#2393 = CARTESIAN_POINT('',(2.05,15.65,-8.5));
#2394 = LINE('',#2395,#2396);
#2395 = CARTESIAN_POINT('',(-1.025,15.65,-8.5));
#2396 = VECTOR('',#2397,1.);
#2397 = DIRECTION('',(-1.,-0.,0.));
#2398 = ORIENTED_EDGE('',*,*,#2399,.F.);
#2399 = EDGE_CURVE('',#2400,#2392,#2402,.T.);
#2400 = VERTEX_POINT('',#2401);
#2401 = CARTESIAN_POINT('',(2.05,14.35,-8.5));
#2402 = LINE('',#2403,#2404);
#2403 = CARTESIAN_POINT('',(2.05,14.675,-8.5));
#2404 = VECTOR('',#2405,1.);
#2405 = DIRECTION('',(-0.,1.,0.));
#2406 = ORIENTED_EDGE('',*,*,#2407,.T.);
#2407 = EDGE_CURVE('',#2400,#2408,#2410,.T.);
#2408 = VERTEX_POINT('',#2409);
#2409 = CARTESIAN_POINT('',(0.65,14.35,-8.5));
#2410 = LINE('',#2411,#2412);
#2411 = CARTESIAN_POINT('',(-1.025,14.35,-8.5));
#2412 = VECTOR('',#2413,1.);
#2413 = DIRECTION('',(-1.,-0.,0.));
#2414 = ORIENTED_EDGE('',*,*,#2415,.F.);
#2415 = EDGE_CURVE('',#2416,#2408,#2418,.T.);
#2416 = VERTEX_POINT('',#2417);
#2417 = CARTESIAN_POINT('',(0.65,12.95,-8.5));
#2418 = LINE('',#2419,#2420);
#2419 = CARTESIAN_POINT('',(0.65,13.975,-8.5));
#2420 = VECTOR('',#2421,1.);
#2421 = DIRECTION('',(-0.,1.,0.));
#2422 = ORIENTED_EDGE('',*,*,#2423,.T.);
#2423 = EDGE_CURVE('',#2416,#2424,#2426,.T.);
#2424 = VERTEX_POINT('',#2425);
#2425 = CARTESIAN_POINT('',(-0.65,12.95,-8.5));
#2426 = LINE('',#2427,#2428);
#2427 = CARTESIAN_POINT('',(-0.325,12.95,-8.5));
#2428 = VECTOR('',#2429,1.);
#2429 = DIRECTION('',(-1.,-0.,0.));
#2430 = ORIENTED_EDGE('',*,*,#2431,.T.);
#2431 = EDGE_CURVE('',#2424,#2342,#2432,.T.);
#2432 = LINE('',#2433,#2434);
#2433 = CARTESIAN_POINT('',(-0.65,13.975,-8.5));
#2434 = VECTOR('',#2435,1.);
#2435 = DIRECTION('',(-0.,1.,0.));
#2436 = PLANE('',#2437);
#2437 = AXIS2_PLACEMENT_3D('',#2438,#2439,#2440);
#2438 = CARTESIAN_POINT('',(0.,15.,-8.5));
#2439 = DIRECTION('',(0.,0.,1.));
#2440 = DIRECTION('',(1.,0.,-0.));
#2441 = ADVANCED_FACE('',(#2442),#2453,.T.);
#2442 = FACE_BOUND('',#2443,.T.);
#2443 = EDGE_LOOP('',(#2444,#2445,#2446,#2447));
#2444 = ORIENTED_EDGE('',*,*,#2074,.T.);
#2445 = ORIENTED_EDGE('',*,*,#2106,.F.);
#2446 = ORIENTED_EDGE('',*,*,#2185,.T.);
#2447 = ORIENTED_EDGE('',*,*,#2448,.F.);
#2448 = EDGE_CURVE('',#2067,#2178,#2449,.T.);
#2449 = LINE('',#2450,#2451);
#2450 = CARTESIAN_POINT('',(2.05,-13.9,-8.51));
#2451 = VECTOR('',#2452,1.);
#2452 = DIRECTION('',(0.,0.,1.));
#2453 = PLANE('',#2454);
#2454 = AXIS2_PLACEMENT_3D('',#2455,#2456,#2457);
#2455 = CARTESIAN_POINT('',(-2.05,-13.9,-8.51));
#2456 = DIRECTION('',(-0.,1.,0.));
#2457 = DIRECTION('',(0.,0.,1.));
#2458 = ADVANCED_FACE('',(#2459),#2470,.F.);
#2459 = FACE_BOUND('',#2460,.F.);
#2460 = EDGE_LOOP('',(#2461,#2462,#2463,#2469));
#2461 = ORIENTED_EDGE('',*,*,#2448,.F.);
#2462 = ORIENTED_EDGE('',*,*,#2066,.T.);
#2463 = ORIENTED_EDGE('',*,*,#2464,.T.);
#2464 = EDGE_CURVE('',#2059,#2170,#2465,.T.);
#2465 = LINE('',#2466,#2467);
#2466 = CARTESIAN_POINT('',(2.05,-12.1,-8.51));
#2467 = VECTOR('',#2468,1.);
#2468 = DIRECTION('',(0.,0.,1.));
#2469 = ORIENTED_EDGE('',*,*,#2177,.F.);
#2470 = PLANE('',#2471);
#2471 = AXIS2_PLACEMENT_3D('',#2472,#2473,#2474);
#2472 = CARTESIAN_POINT('',(2.05,-13.9,-8.51));
#2473 = DIRECTION('',(1.,0.,-0.));
#2474 = DIRECTION('',(0.,0.,1.));
#2475 = ADVANCED_FACE('',(#2476),#2482,.F.);
#2476 = FACE_BOUND('',#2477,.F.);
#2477 = EDGE_LOOP('',(#2478,#2479,#2480,#2481));
#2478 = ORIENTED_EDGE('',*,*,#2058,.T.);
#2479 = ORIENTED_EDGE('',*,*,#2281,.F.);
#2480 = ORIENTED_EDGE('',*,*,#2169,.T.);
#2481 = ORIENTED_EDGE('',*,*,#2464,.F.);
#2482 = PLANE('',#2483);
#2483 = AXIS2_PLACEMENT_3D('',#2484,#2485,#2486);
#2484 = CARTESIAN_POINT('',(-2.05,-12.1,-8.51));
#2485 = DIRECTION('',(-0.,1.,0.));
#2486 = DIRECTION('',(0.,0.,1.));
#2487 = ADVANCED_FACE('',(#2488),#2499,.T.);
#2488 = FACE_BOUND('',#2489,.T.);
#2489 = EDGE_LOOP('',(#2490,#2491,#2497,#2498));
#2490 = ORIENTED_EDGE('',*,*,#2233,.T.);
#2491 = ORIENTED_EDGE('',*,*,#2492,.T.);
#2492 = EDGE_CURVE('',#2234,#2131,#2493,.T.);
#2493 = LINE('',#2494,#2495);
#2494 = CARTESIAN_POINT('',(-2.05,-13.9,-8.51));
#2495 = VECTOR('',#2496,1.);
#2496 = DIRECTION('',(0.,0.,1.));
#2497 = ORIENTED_EDGE('',*,*,#2130,.T.);
#2498 = ORIENTED_EDGE('',*,*,#2209,.T.);
#2499 = PLANE('',#2500);
#2500 = AXIS2_PLACEMENT_3D('',#2501,#2502,#2503);
#2501 = CARTESIAN_POINT('',(-2.05,-13.9,-8.51));
#2502 = DIRECTION('',(-0.,1.,0.));
#2503 = DIRECTION('',(0.,0.,1.));
#2504 = ADVANCED_FACE('',(#2505),#2516,.T.);
#2505 = FACE_BOUND('',#2506,.T.);
#2506 = EDGE_LOOP('',(#2507,#2508,#2509,#2515));
#2507 = ORIENTED_EDGE('',*,*,#2492,.F.);
#2508 = ORIENTED_EDGE('',*,*,#2241,.T.);
#2509 = ORIENTED_EDGE('',*,*,#2510,.T.);
#2510 = EDGE_CURVE('',#2242,#2139,#2511,.T.);
#2511 = LINE('',#2512,#2513);
#2512 = CARTESIAN_POINT('',(-2.05,-12.1,-8.51));
#2513 = VECTOR('',#2514,1.);
#2514 = DIRECTION('',(0.,0.,1.));
#2515 = ORIENTED_EDGE('',*,*,#2138,.F.);
#2516 = PLANE('',#2517);
#2517 = AXIS2_PLACEMENT_3D('',#2518,#2519,#2520);
#2518 = CARTESIAN_POINT('',(-2.05,-13.9,-8.51));
#2519 = DIRECTION('',(1.,0.,-0.));
#2520 = DIRECTION('',(0.,0.,1.));
#2521 = ADVANCED_FACE('',(#2522),#2528,.F.);
#2522 = FACE_BOUND('',#2523,.F.);
#2523 = EDGE_LOOP('',(#2524,#2525,#2526,#2527));
#2524 = ORIENTED_EDGE('',*,*,#2249,.T.);
#2525 = ORIENTED_EDGE('',*,*,#2510,.T.);
#2526 = ORIENTED_EDGE('',*,*,#2146,.T.);
#2527 = ORIENTED_EDGE('',*,*,#2264,.T.);
#2528 = PLANE('',#2529);
#2529 = AXIS2_PLACEMENT_3D('',#2530,#2531,#2532);
#2530 = CARTESIAN_POINT('',(-2.05,-12.1,-8.51));
#2531 = DIRECTION('',(-0.,1.,0.));
#2532 = DIRECTION('',(0.,0.,1.));
#2533 = ADVANCED_FACE('',(#2534),#2559,.T.);
#2534 = FACE_BOUND('',#2535,.T.);
#2535 = EDGE_LOOP('',(#2536,#2537,#2545,#2553));
#2536 = ORIENTED_EDGE('',*,*,#2341,.T.);
#2537 = ORIENTED_EDGE('',*,*,#2538,.T.);
#2538 = EDGE_CURVE('',#2344,#2539,#2541,.T.);
#2539 = VERTEX_POINT('',#2540);
#2540 = CARTESIAN_POINT('',(-2.05,14.35,-5.1));
#2541 = LINE('',#2542,#2543);
#2542 = CARTESIAN_POINT('',(-2.05,14.35,-8.51));
#2543 = VECTOR('',#2544,1.);
#2544 = DIRECTION('',(0.,0.,1.));
#2545 = ORIENTED_EDGE('',*,*,#2546,.T.);
#2546 = EDGE_CURVE('',#2539,#2547,#2549,.T.);
#2547 = VERTEX_POINT('',#2548);
#2548 = CARTESIAN_POINT('',(-0.65,14.35,-5.1));
#2549 = LINE('',#2550,#2551);
#2550 = CARTESIAN_POINT('',(-2.05,14.35,-5.1));
#2551 = VECTOR('',#2552,1.);
#2552 = DIRECTION('',(1.,0.,-0.));
#2553 = ORIENTED_EDGE('',*,*,#2554,.T.);
#2554 = EDGE_CURVE('',#2547,#2342,#2555,.T.);
#2555 = LINE('',#2556,#2557);
#2556 = CARTESIAN_POINT('',(-0.65,14.35,-8.51));
#2557 = VECTOR('',#2558,1.);
#2558 = DIRECTION('',(-0.,0.,-1.));
#2559 = PLANE('',#2560);
#2560 = AXIS2_PLACEMENT_3D('',#2561,#2562,#2563);
#2561 = CARTESIAN_POINT('',(-2.05,14.35,-8.51));
#2562 = DIRECTION('',(-0.,1.,0.));
#2563 = DIRECTION('',(0.,0.,1.));
#2564 = ADVANCED_FACE('',(#2565),#2583,.T.);
#2565 = FACE_BOUND('',#2566,.T.);
#2566 = EDGE_LOOP('',(#2567,#2575,#2576,#2577));
#2567 = ORIENTED_EDGE('',*,*,#2568,.F.);
#2568 = EDGE_CURVE('',#2424,#2569,#2571,.T.);
#2569 = VERTEX_POINT('',#2570);
#2570 = CARTESIAN_POINT('',(-0.65,12.95,-5.1));
#2571 = LINE('',#2572,#2573);
#2572 = CARTESIAN_POINT('',(-0.65,12.95,-8.51));
#2573 = VECTOR('',#2574,1.);
#2574 = DIRECTION('',(0.,0.,1.));
#2575 = ORIENTED_EDGE('',*,*,#2431,.T.);
#2576 = ORIENTED_EDGE('',*,*,#2554,.F.);
#2577 = ORIENTED_EDGE('',*,*,#2578,.F.);
#2578 = EDGE_CURVE('',#2569,#2547,#2579,.T.);
#2579 = LINE('',#2580,#2581);
#2580 = CARTESIAN_POINT('',(-0.65,12.95,-5.1));
#2581 = VECTOR('',#2582,1.);
#2582 = DIRECTION('',(-0.,1.,0.));
#2583 = PLANE('',#2584);
#2584 = AXIS2_PLACEMENT_3D('',#2585,#2586,#2587);
#2585 = CARTESIAN_POINT('',(-0.65,12.95,-8.51));
#2586 = DIRECTION('',(1.,0.,-0.));
#2587 = DIRECTION('',(0.,0.,1.));
#2588 = ADVANCED_FACE('',(#2589),#2607,.T.);
#2589 = FACE_BOUND('',#2590,.T.);
#2590 = EDGE_LOOP('',(#2591,#2599,#2600,#2601));
#2591 = ORIENTED_EDGE('',*,*,#2592,.F.);
#2592 = EDGE_CURVE('',#2416,#2593,#2595,.T.);
#2593 = VERTEX_POINT('',#2594);
#2594 = CARTESIAN_POINT('',(0.65,12.95,-5.1));
#2595 = LINE('',#2596,#2597);
#2596 = CARTESIAN_POINT('',(0.65,12.95,-8.51));
#2597 = VECTOR('',#2598,1.);
#2598 = DIRECTION('',(0.,0.,1.));
#2599 = ORIENTED_EDGE('',*,*,#2423,.T.);
#2600 = ORIENTED_EDGE('',*,*,#2568,.T.);
#2601 = ORIENTED_EDGE('',*,*,#2602,.T.);
#2602 = EDGE_CURVE('',#2569,#2593,#2603,.T.);
#2603 = LINE('',#2604,#2605);
#2604 = CARTESIAN_POINT('',(-0.65,12.95,-5.1));
#2605 = VECTOR('',#2606,1.);
#2606 = DIRECTION('',(1.,0.,-0.));
#2607 = PLANE('',#2608);
#2608 = AXIS2_PLACEMENT_3D('',#2609,#2610,#2611);
#2609 = CARTESIAN_POINT('',(-0.65,12.95,-8.51));
#2610 = DIRECTION('',(-0.,1.,0.));
#2611 = DIRECTION('',(0.,0.,1.));
#2612 = ADVANCED_FACE('',(#2613),#2631,.F.);
#2613 = FACE_BOUND('',#2614,.F.);
#2614 = EDGE_LOOP('',(#2615,#2616,#2617,#2625));
#2615 = ORIENTED_EDGE('',*,*,#2592,.F.);
#2616 = ORIENTED_EDGE('',*,*,#2415,.T.);
#2617 = ORIENTED_EDGE('',*,*,#2618,.F.);
#2618 = EDGE_CURVE('',#2619,#2408,#2621,.T.);
#2619 = VERTEX_POINT('',#2620);
#2620 = CARTESIAN_POINT('',(0.65,14.35,-5.1));
#2621 = LINE('',#2622,#2623);
#2622 = CARTESIAN_POINT('',(0.65,14.35,-8.51));
#2623 = VECTOR('',#2624,1.);
#2624 = DIRECTION('',(-0.,0.,-1.));
#2625 = ORIENTED_EDGE('',*,*,#2626,.F.);
#2626 = EDGE_CURVE('',#2593,#2619,#2627,.T.);
#2627 = LINE('',#2628,#2629);
#2628 = CARTESIAN_POINT('',(0.65,12.95,-5.1));
#2629 = VECTOR('',#2630,1.);
#2630 = DIRECTION('',(-0.,1.,0.));
#2631 = PLANE('',#2632);
#2632 = AXIS2_PLACEMENT_3D('',#2633,#2634,#2635);
#2633 = CARTESIAN_POINT('',(0.65,12.95,-8.51));
#2634 = DIRECTION('',(1.,0.,-0.));
#2635 = DIRECTION('',(0.,0.,1.));
#2636 = ADVANCED_FACE('',(#2637),#2655,.T.);
#2637 = FACE_BOUND('',#2638,.T.);
#2638 = EDGE_LOOP('',(#2639,#2640,#2641,#2649));
#2639 = ORIENTED_EDGE('',*,*,#2407,.T.);
#2640 = ORIENTED_EDGE('',*,*,#2618,.F.);
#2641 = ORIENTED_EDGE('',*,*,#2642,.T.);
#2642 = EDGE_CURVE('',#2619,#2643,#2645,.T.);
#2643 = VERTEX_POINT('',#2644);
#2644 = CARTESIAN_POINT('',(2.05,14.35,-5.1));
#2645 = LINE('',#2646,#2647);
#2646 = CARTESIAN_POINT('',(-2.05,14.35,-5.1));
#2647 = VECTOR('',#2648,1.);
#2648 = DIRECTION('',(1.,0.,-0.));
#2649 = ORIENTED_EDGE('',*,*,#2650,.F.);
#2650 = EDGE_CURVE('',#2400,#2643,#2651,.T.);
#2651 = LINE('',#2652,#2653);
#2652 = CARTESIAN_POINT('',(2.05,14.35,-8.51));
#2653 = VECTOR('',#2654,1.);
#2654 = DIRECTION('',(0.,0.,1.));
#2655 = PLANE('',#2656);
#2656 = AXIS2_PLACEMENT_3D('',#2657,#2658,#2659);
#2657 = CARTESIAN_POINT('',(-2.05,14.35,-8.51));
#2658 = DIRECTION('',(-0.,1.,0.));
#2659 = DIRECTION('',(0.,0.,1.));
#2660 = ADVANCED_FACE('',(#2661),#2679,.F.);
#2661 = FACE_BOUND('',#2662,.F.);
#2662 = EDGE_LOOP('',(#2663,#2664,#2665,#2673));
#2663 = ORIENTED_EDGE('',*,*,#2650,.F.);
#2664 = ORIENTED_EDGE('',*,*,#2399,.T.);
#2665 = ORIENTED_EDGE('',*,*,#2666,.T.);
#2666 = EDGE_CURVE('',#2392,#2667,#2669,.T.);
#2667 = VERTEX_POINT('',#2668);
#2668 = CARTESIAN_POINT('',(2.05,15.65,-5.1));
#2669 = LINE('',#2670,#2671);
#2670 = CARTESIAN_POINT('',(2.05,15.65,-8.51));
#2671 = VECTOR('',#2672,1.);
#2672 = DIRECTION('',(0.,0.,1.));
#2673 = ORIENTED_EDGE('',*,*,#2674,.F.);
#2674 = EDGE_CURVE('',#2643,#2667,#2675,.T.);
#2675 = LINE('',#2676,#2677);
#2676 = CARTESIAN_POINT('',(2.05,14.35,-5.1));
#2677 = VECTOR('',#2678,1.);
#2678 = DIRECTION('',(-0.,1.,0.));
#2679 = PLANE('',#2680);
#2680 = AXIS2_PLACEMENT_3D('',#2681,#2682,#2683);
#2681 = CARTESIAN_POINT('',(2.05,14.35,-8.51));
#2682 = DIRECTION('',(1.,0.,-0.));
#2683 = DIRECTION('',(0.,0.,1.));
#2684 = ADVANCED_FACE('',(#2685),#2703,.F.);
#2685 = FACE_BOUND('',#2686,.F.);
#2686 = EDGE_LOOP('',(#2687,#2688,#2696,#2702));
#2687 = ORIENTED_EDGE('',*,*,#2391,.T.);
#2688 = ORIENTED_EDGE('',*,*,#2689,.F.);
#2689 = EDGE_CURVE('',#2690,#2384,#2692,.T.);
#2690 = VERTEX_POINT('',#2691);
#2691 = CARTESIAN_POINT('',(0.65,15.65,-5.1));
#2692 = LINE('',#2693,#2694);
#2693 = CARTESIAN_POINT('',(0.65,15.65,-8.51));
#2694 = VECTOR('',#2695,1.);
#2695 = DIRECTION('',(-0.,0.,-1.));
#2696 = ORIENTED_EDGE('',*,*,#2697,.T.);
#2697 = EDGE_CURVE('',#2690,#2667,#2698,.T.);
#2698 = LINE('',#2699,#2700);
#2699 = CARTESIAN_POINT('',(-2.05,15.65,-5.1));
#2700 = VECTOR('',#2701,1.);
#2701 = DIRECTION('',(1.,0.,-0.));
#2702 = ORIENTED_EDGE('',*,*,#2666,.F.);
#2703 = PLANE('',#2704);
#2704 = AXIS2_PLACEMENT_3D('',#2705,#2706,#2707);
#2705 = CARTESIAN_POINT('',(-2.05,15.65,-8.51));
#2706 = DIRECTION('',(-0.,1.,0.));
#2707 = DIRECTION('',(0.,0.,1.));
#2708 = ADVANCED_FACE('',(#2709),#2727,.F.);
#2709 = FACE_BOUND('',#2710,.F.);
#2710 = EDGE_LOOP('',(#2711,#2712,#2713,#2721));
#2711 = ORIENTED_EDGE('',*,*,#2689,.T.);
#2712 = ORIENTED_EDGE('',*,*,#2383,.T.);
#2713 = ORIENTED_EDGE('',*,*,#2714,.T.);
#2714 = EDGE_CURVE('',#2376,#2715,#2717,.T.);
#2715 = VERTEX_POINT('',#2716);
#2716 = CARTESIAN_POINT('',(0.65,17.05,-5.1));
#2717 = LINE('',#2718,#2719);
#2718 = CARTESIAN_POINT('',(0.65,17.05,-8.51));
#2719 = VECTOR('',#2720,1.);
#2720 = DIRECTION('',(0.,0.,1.));
#2721 = ORIENTED_EDGE('',*,*,#2722,.F.);
#2722 = EDGE_CURVE('',#2690,#2715,#2723,.T.);
#2723 = LINE('',#2724,#2725);
#2724 = CARTESIAN_POINT('',(0.65,12.95,-5.1));
#2725 = VECTOR('',#2726,1.);
#2726 = DIRECTION('',(-0.,1.,0.));
#2727 = PLANE('',#2728);
#2728 = AXIS2_PLACEMENT_3D('',#2729,#2730,#2731);
#2729 = CARTESIAN_POINT('',(0.65,12.95,-8.51));
#2730 = DIRECTION('',(1.,0.,-0.));
#2731 = DIRECTION('',(0.,0.,1.));
#2732 = ADVANCED_FACE('',(#2733),#2751,.F.);
#2733 = FACE_BOUND('',#2734,.F.);
#2734 = EDGE_LOOP('',(#2735,#2736,#2737,#2745));
#2735 = ORIENTED_EDGE('',*,*,#2714,.F.);
#2736 = ORIENTED_EDGE('',*,*,#2375,.T.);
#2737 = ORIENTED_EDGE('',*,*,#2738,.T.);
#2738 = EDGE_CURVE('',#2368,#2739,#2741,.T.);
#2739 = VERTEX_POINT('',#2740);
#2740 = CARTESIAN_POINT('',(-0.65,17.05,-5.1));
#2741 = LINE('',#2742,#2743);
#2742 = CARTESIAN_POINT('',(-0.65,17.05,-8.51));
#2743 = VECTOR('',#2744,1.);
#2744 = DIRECTION('',(0.,0.,1.));
#2745 = ORIENTED_EDGE('',*,*,#2746,.T.);
#2746 = EDGE_CURVE('',#2739,#2715,#2747,.T.);
#2747 = LINE('',#2748,#2749);
#2748 = CARTESIAN_POINT('',(-0.65,17.05,-5.1));
#2749 = VECTOR('',#2750,1.);
#2750 = DIRECTION('',(1.,0.,-0.));
#2751 = PLANE('',#2752);
#2752 = AXIS2_PLACEMENT_3D('',#2753,#2754,#2755);
#2753 = CARTESIAN_POINT('',(-0.65,17.05,-8.51));
#2754 = DIRECTION('',(-0.,1.,0.));
#2755 = DIRECTION('',(0.,0.,1.));
#2756 = ADVANCED_FACE('',(#2757),#2775,.T.);
#2757 = FACE_BOUND('',#2758,.T.);
#2758 = EDGE_LOOP('',(#2759,#2767,#2768,#2769));
#2759 = ORIENTED_EDGE('',*,*,#2760,.T.);
#2760 = EDGE_CURVE('',#2761,#2360,#2763,.T.);
#2761 = VERTEX_POINT('',#2762);
#2762 = CARTESIAN_POINT('',(-0.65,15.65,-5.1));
#2763 = LINE('',#2764,#2765);
#2764 = CARTESIAN_POINT('',(-0.65,15.65,-8.51));
#2765 = VECTOR('',#2766,1.);
#2766 = DIRECTION('',(-0.,0.,-1.));
#2767 = ORIENTED_EDGE('',*,*,#2367,.T.);
#2768 = ORIENTED_EDGE('',*,*,#2738,.T.);
#2769 = ORIENTED_EDGE('',*,*,#2770,.F.);
#2770 = EDGE_CURVE('',#2761,#2739,#2771,.T.);
#2771 = LINE('',#2772,#2773);
#2772 = CARTESIAN_POINT('',(-0.65,12.95,-5.1));
#2773 = VECTOR('',#2774,1.);
#2774 = DIRECTION('',(-0.,1.,0.));
#2775 = PLANE('',#2776);
#2776 = AXIS2_PLACEMENT_3D('',#2777,#2778,#2779);
#2777 = CARTESIAN_POINT('',(-0.65,12.95,-8.51));
#2778 = DIRECTION('',(1.,0.,-0.));
#2779 = DIRECTION('',(0.,0.,1.));
#2780 = ADVANCED_FACE('',(#2781),#2799,.F.);
#2781 = FACE_BOUND('',#2782,.F.);
#2782 = EDGE_LOOP('',(#2783,#2784,#2792,#2798));
#2783 = ORIENTED_EDGE('',*,*,#2359,.T.);
#2784 = ORIENTED_EDGE('',*,*,#2785,.T.);
#2785 = EDGE_CURVE('',#2352,#2786,#2788,.T.);
#2786 = VERTEX_POINT('',#2787);
#2787 = CARTESIAN_POINT('',(-2.05,15.65,-5.1));
#2788 = LINE('',#2789,#2790);
#2789 = CARTESIAN_POINT('',(-2.05,15.65,-8.51));
#2790 = VECTOR('',#2791,1.);
#2791 = DIRECTION('',(0.,0.,1.));
#2792 = ORIENTED_EDGE('',*,*,#2793,.T.);
#2793 = EDGE_CURVE('',#2786,#2761,#2794,.T.);
#2794 = LINE('',#2795,#2796);
#2795 = CARTESIAN_POINT('',(-2.05,15.65,-5.1));
#2796 = VECTOR('',#2797,1.);
#2797 = DIRECTION('',(1.,0.,-0.));
#2798 = ORIENTED_EDGE('',*,*,#2760,.T.);
#2799 = PLANE('',#2800);
#2800 = AXIS2_PLACEMENT_3D('',#2801,#2802,#2803);
#2801 = CARTESIAN_POINT('',(-2.05,15.65,-8.51));
#2802 = DIRECTION('',(-0.,1.,0.));
#2803 = DIRECTION('',(0.,0.,1.));
#2804 = ADVANCED_FACE('',(#2805),#2816,.T.);
#2805 = FACE_BOUND('',#2806,.T.);
#2806 = EDGE_LOOP('',(#2807,#2808,#2809,#2810));
#2807 = ORIENTED_EDGE('',*,*,#2538,.F.);
#2808 = ORIENTED_EDGE('',*,*,#2351,.T.);
#2809 = ORIENTED_EDGE('',*,*,#2785,.T.);
#2810 = ORIENTED_EDGE('',*,*,#2811,.F.);
#2811 = EDGE_CURVE('',#2539,#2786,#2812,.T.);
#2812 = LINE('',#2813,#2814);
#2813 = CARTESIAN_POINT('',(-2.05,14.35,-5.1));
#2814 = VECTOR('',#2815,1.);
#2815 = DIRECTION('',(-0.,1.,0.));
#2816 = PLANE('',#2817);
#2817 = AXIS2_PLACEMENT_3D('',#2818,#2819,#2820);
#2818 = CARTESIAN_POINT('',(-2.05,14.35,-8.51));
#2819 = DIRECTION('',(1.,0.,-0.));
#2820 = DIRECTION('',(0.,0.,1.));
#2821 = ADVANCED_FACE('',(#2822),#2836,.T.);
#2822 = FACE_BOUND('',#2823,.T.);
#2823 = EDGE_LOOP('',(#2824,#2825,#2826,#2827,#2828,#2829,#2830,#2831,
    #2832,#2833,#2834,#2835));
#2824 = ORIENTED_EDGE('',*,*,#2793,.T.);
#2825 = ORIENTED_EDGE('',*,*,#2770,.T.);
#2826 = ORIENTED_EDGE('',*,*,#2746,.T.);
#2827 = ORIENTED_EDGE('',*,*,#2722,.F.);
#2828 = ORIENTED_EDGE('',*,*,#2697,.T.);
#2829 = ORIENTED_EDGE('',*,*,#2674,.F.);
#2830 = ORIENTED_EDGE('',*,*,#2642,.F.);
#2831 = ORIENTED_EDGE('',*,*,#2626,.F.);
#2832 = ORIENTED_EDGE('',*,*,#2602,.F.);
#2833 = ORIENTED_EDGE('',*,*,#2578,.T.);
#2834 = ORIENTED_EDGE('',*,*,#2546,.F.);
#2835 = ORIENTED_EDGE('',*,*,#2811,.T.);
#2836 = PLANE('',#2837);
#2837 = AXIS2_PLACEMENT_3D('',#2838,#2839,#2840);
#2838 = CARTESIAN_POINT('',(2.707861035671E-17,15.,-5.1));
#2839 = DIRECTION('',(-0.,-0.,-1.));
#2840 = DIRECTION('',(-1.,0.,0.));
#2841 = ( GEOMETRIC_REPRESENTATION_CONTEXT(3) 
GLOBAL_UNCERTAINTY_ASSIGNED_CONTEXT((#2845)) 
GLOBAL_UNIT_ASSIGNED_CONTEXT((#2842,#2843,#2844)) REPRESENTATION_CONTEXT
('Context #1','3D Context with UNIT and UNCERTAINTY') );
#2842 = ( LENGTH_UNIT() NAMED_UNIT(*) SI_UNIT(.MILLI.,.METRE.) );
#2843 = ( NAMED_UNIT(*) PLANE_ANGLE_UNIT() SI_UNIT($,.RADIAN.) );
#2844 = ( NAMED_UNIT(*) SI_UNIT($,.STERADIAN.) SOLID_ANGLE_UNIT() );
#2845 = UNCERTAINTY_MEASURE_WITH_UNIT(LENGTH_MEASURE(1.E-07),#2842,
  'distance_accuracy_value','confusion accuracy');
#2846 = PRODUCT_RELATED_PRODUCT_CATEGORY('part',$,(#7));
ENDSEC;
END-ISO-10303-21;
