ISO-10303-21;
HEADER;
FILE_DESCRIPTION(('FreeCAD Model'),'2;1');
FILE_NAME('Open CASCADE Shape Model','2026-10-07T17:57:25',('FreeCAD'),(
    'FreeCAD'),'Open CASCADE STEP processor 7.8','FreeCAD','Unknown');
FILE_SCHEMA(('AUTOMOTIVE_DESIGN { 1 0 10303 214 1 1 1 1 }'));
ENDSEC;
DATA;
#1 = APPLICATION_PROTOCOL_DEFINITION('international standard',
  'automotive_design',2000,#2);
#2 = APPLICATION_CONTEXT(
  'core data for automotive mechanical design processes');
#3 = SHAPE_DEFINITION_REPRESENTATION(#4,#10);
#4 = PRODUCT_DEFINITION_SHAPE('','',#5);
#5 = PRODUCT_DEFINITION('design','',#6,#9);
#6 = PRODUCT_DEFINITION_FORMATION('','',#7);
#7 = PRODUCT('Open CASCADE STEP translator 7.8 1',
  'Open CASCADE STEP translator 7.8 1','',(#8));
#8 = PRODUCT_CONTEXT('',#2,'mechanical');
#9 = PRODUCT_DEFINITION_CONTEXT('part definition',#2,'design');
#10 = SHAPE_REPRESENTATION('',(#11,#15,#1299),#4125);
#11 = AXIS2_PLACEMENT_3D('',#12,#13,#14);
#12 = CARTESIAN_POINT('',(0.,0.,0.));
#13 = DIRECTION('',(0.,0.,1.));
#14 = DIRECTION('',(1.,0.,-0.));
#15 = MANIFOLD_SOLID_BREP('',#16);
#16 = CLOSED_SHELL('',(#17,#163,#196,#229,#262,#334,#406,#440,#474,#491,
    #508,#559,#590,#637,#661,#685,#702,#719,#743,#790,#814,#838,#855,
    #879,#896,#983,#995,#1007,#1038,#1062,#1093,#1117,#1134,#1151,#1175,
    #1197,#1221,#1243,#1255,#1271,#1287));
#17 = ADVANCED_FACE('',(#18,#88),#158,.T.);
#18 = FACE_BOUND('',#19,.T.);
#19 = EDGE_LOOP('',(#20,#30,#39,#47,#56,#64,#73,#81));
#20 = ORIENTED_EDGE('',*,*,#21,.T.);
#21 = EDGE_CURVE('',#22,#24,#26,.T.);
#22 = VERTEX_POINT('',#23);
#23 = CARTESIAN_POINT('',(-6.525,-23.4,8.));
#24 = VERTEX_POINT('',#25);
#25 = CARTESIAN_POINT('',(6.525,-23.4,8.));
#26 = LINE('',#27,#28);
#27 = CARTESIAN_POINT('',(-6.525,-23.4,8.));
#28 = VECTOR('',#29,1.);
#29 = DIRECTION('',(1.,0.,0.));
#30 = ORIENTED_EDGE('',*,*,#31,.T.);
#31 = EDGE_CURVE('',#24,#32,#34,.T.);
#32 = VERTEX_POINT('',#33);
#33 = CARTESIAN_POINT('',(13.425,-16.5,8.));
#34 = CIRCLE('',#35,6.9);
#35 = AXIS2_PLACEMENT_3D('',#36,#37,#38);
#36 = CARTESIAN_POINT('',(6.525,-16.5,8.));
#37 = DIRECTION('',(0.,0.,1.));
#38 = DIRECTION('',(0.,-1.,0.));
#39 = ORIENTED_EDGE('',*,*,#40,.T.);
#40 = EDGE_CURVE('',#32,#41,#43,.T.);
#41 = VERTEX_POINT('',#42);
#42 = CARTESIAN_POINT('',(13.425,16.5,8.));
#43 = LINE('',#44,#45);
#44 = CARTESIAN_POINT('',(13.425,-16.5,8.));
#45 = VECTOR('',#46,1.);
#46 = DIRECTION('',(0.,1.,0.));
#47 = ORIENTED_EDGE('',*,*,#48,.T.);
#48 = EDGE_CURVE('',#41,#49,#51,.T.);
#49 = VERTEX_POINT('',#50);
#50 = CARTESIAN_POINT('',(6.525,23.4,8.));
#51 = CIRCLE('',#52,6.9);
#52 = AXIS2_PLACEMENT_3D('',#53,#54,#55);
#53 = CARTESIAN_POINT('',(6.525,16.5,8.));
#54 = DIRECTION('',(0.,0.,1.));
#55 = DIRECTION('',(1.,0.,-0.));
#56 = ORIENTED_EDGE('',*,*,#57,.T.);
#57 = EDGE_CURVE('',#49,#58,#60,.T.);
#58 = VERTEX_POINT('',#59);
#59 = CARTESIAN_POINT('',(-6.525,23.4,8.));
#60 = LINE('',#61,#62);
#61 = CARTESIAN_POINT('',(6.525,23.4,8.));
#62 = VECTOR('',#63,1.);
#63 = DIRECTION('',(-1.,0.,0.));
#64 = ORIENTED_EDGE('',*,*,#65,.T.);
#65 = EDGE_CURVE('',#58,#66,#68,.T.);
#66 = VERTEX_POINT('',#67);
#67 = CARTESIAN_POINT('',(-13.425,16.5,8.));
#68 = CIRCLE('',#69,6.9);
#69 = AXIS2_PLACEMENT_3D('',#70,#71,#72);
#70 = CARTESIAN_POINT('',(-6.525,16.5,8.));
#71 = DIRECTION('',(0.,-0.,1.));
#72 = DIRECTION('',(0.,1.,0.));
#73 = ORIENTED_EDGE('',*,*,#74,.T.);
#74 = EDGE_CURVE('',#66,#75,#77,.T.);
#75 = VERTEX_POINT('',#76);
#76 = CARTESIAN_POINT('',(-13.425,-16.5,8.));
#77 = LINE('',#78,#79);
#78 = CARTESIAN_POINT('',(-13.425,16.5,8.));
#79 = VECTOR('',#80,1.);
#80 = DIRECTION('',(0.,-1.,0.));
#81 = ORIENTED_EDGE('',*,*,#82,.T.);
#82 = EDGE_CURVE('',#75,#22,#83,.T.);
#83 = CIRCLE('',#84,6.9);
#84 = AXIS2_PLACEMENT_3D('',#85,#86,#87);
#85 = CARTESIAN_POINT('',(-6.525,-16.5,8.));
#86 = DIRECTION('',(0.,0.,1.));
#87 = DIRECTION('',(-1.,0.,0.));
#88 = FACE_BOUND('',#89,.T.);
#89 = EDGE_LOOP('',(#90,#101,#109,#118,#126,#135,#143,#152));
#90 = ORIENTED_EDGE('',*,*,#91,.T.);
#91 = EDGE_CURVE('',#92,#94,#96,.T.);
#92 = VERTEX_POINT('',#93);
#93 = CARTESIAN_POINT('',(12.425,-16.5,8.));
#94 = VERTEX_POINT('',#95);
#95 = CARTESIAN_POINT('',(6.525,-22.4,8.));
#96 = CIRCLE('',#97,5.9);
#97 = AXIS2_PLACEMENT_3D('',#98,#99,#100);
#98 = CARTESIAN_POINT('',(6.525,-16.5,8.));
#99 = DIRECTION('',(-0.,0.,-1.));
#100 = DIRECTION('',(-9.032322912205E-16,-1.,0.));
#101 = ORIENTED_EDGE('',*,*,#102,.T.);
#102 = EDGE_CURVE('',#94,#103,#105,.T.);
#103 = VERTEX_POINT('',#104);
#104 = CARTESIAN_POINT('',(-6.525,-22.4,8.));
#105 = LINE('',#106,#107);
#106 = CARTESIAN_POINT('',(-3.2625,-22.4,8.));
#107 = VECTOR('',#108,1.);
#108 = DIRECTION('',(-1.,0.,0.));
#109 = ORIENTED_EDGE('',*,*,#110,.T.);
#110 = EDGE_CURVE('',#103,#111,#113,.T.);
#111 = VERTEX_POINT('',#112);
#112 = CARTESIAN_POINT('',(-12.425,-16.5,8.));
#113 = CIRCLE('',#114,5.9);
#114 = AXIS2_PLACEMENT_3D('',#115,#116,#117);
#115 = CARTESIAN_POINT('',(-6.525,-16.5,8.));
#116 = DIRECTION('',(-0.,0.,-1.));
#117 = DIRECTION('',(-1.,1.204309721627E-15,0.));
#118 = ORIENTED_EDGE('',*,*,#119,.T.);
#119 = EDGE_CURVE('',#111,#120,#122,.T.);
#120 = VERTEX_POINT('',#121);
#121 = CARTESIAN_POINT('',(-12.425,16.5,8.));
#122 = LINE('',#123,#124);
#123 = CARTESIAN_POINT('',(-12.425,8.25,8.));
#124 = VECTOR('',#125,1.);
#125 = DIRECTION('',(-0.,1.,0.));
#126 = ORIENTED_EDGE('',*,*,#127,.T.);
#127 = EDGE_CURVE('',#120,#128,#130,.T.);
#128 = VERTEX_POINT('',#129);
#129 = CARTESIAN_POINT('',(-6.525,22.4,8.));
#130 = CIRCLE('',#131,5.9);
#131 = AXIS2_PLACEMENT_3D('',#132,#133,#134);
#132 = CARTESIAN_POINT('',(-6.525,16.5,8.));
#133 = DIRECTION('',(0.,-0.,-1.));
#134 = DIRECTION('',(9.032322912205E-16,1.,-0.));
#135 = ORIENTED_EDGE('',*,*,#136,.T.);
#136 = EDGE_CURVE('',#128,#137,#139,.T.);
#137 = VERTEX_POINT('',#138);
#138 = CARTESIAN_POINT('',(6.525,22.4,8.));
#139 = LINE('',#140,#141);
#140 = CARTESIAN_POINT('',(3.2625,22.4,8.));
#141 = VECTOR('',#142,1.);
#142 = DIRECTION('',(1.,0.,-0.));
#143 = ORIENTED_EDGE('',*,*,#144,.T.);
#144 = EDGE_CURVE('',#137,#145,#147,.T.);
#145 = VERTEX_POINT('',#146);
#146 = CARTESIAN_POINT('',(12.425,16.5,8.));
#147 = CIRCLE('',#148,5.9);
#148 = AXIS2_PLACEMENT_3D('',#149,#150,#151);
#149 = CARTESIAN_POINT('',(6.525,16.5,8.));
#150 = DIRECTION('',(0.,-0.,-1.));
#151 = DIRECTION('',(1.,-1.204309721627E-15,0.));
#152 = ORIENTED_EDGE('',*,*,#153,.T.);
#153 = EDGE_CURVE('',#145,#92,#154,.T.);
#154 = LINE('',#155,#156);
#155 = CARTESIAN_POINT('',(12.425,-8.25,8.));
#156 = VECTOR('',#157,1.);
#157 = DIRECTION('',(0.,-1.,0.));
#158 = PLANE('',#159);
#159 = AXIS2_PLACEMENT_3D('',#160,#161,#162);
#160 = CARTESIAN_POINT('',(-1.184585074032E-16,3.685375785876E-16,8.));
#161 = DIRECTION('',(0.,0.,1.));
#162 = DIRECTION('',(1.,0.,-0.));
#163 = ADVANCED_FACE('',(#164),#191,.F.);
#164 = FACE_BOUND('',#165,.F.);
#165 = EDGE_LOOP('',(#166,#175,#176,#185));
#166 = ORIENTED_EDGE('',*,*,#167,.T.);
#167 = EDGE_CURVE('',#168,#22,#170,.T.);
#168 = VERTEX_POINT('',#169);
#169 = CARTESIAN_POINT('',(-8.174242250247,-23.2,2.4));
#170 = ELLIPSE('',#171,193.32317502048,6.9);
#171 = AXIS2_PLACEMENT_3D('',#172,#173,#174);
#172 = CARTESIAN_POINT('',(-6.525,-16.5,-185.2));
#173 = DIRECTION('',(0.,0.999362854348,3.569153051241E-02));
#174 = DIRECTION('',(0.,3.569153051241E-02,-0.999362854348));
#175 = ORIENTED_EDGE('',*,*,#21,.T.);
#176 = ORIENTED_EDGE('',*,*,#177,.T.);
#177 = EDGE_CURVE('',#24,#178,#180,.T.);
#178 = VERTEX_POINT('',#179);
#179 = CARTESIAN_POINT('',(8.174242250247,-23.2,2.4));
#180 = ELLIPSE('',#181,193.32317502048,6.9);
#181 = AXIS2_PLACEMENT_3D('',#182,#183,#184);
#182 = CARTESIAN_POINT('',(6.525,-16.5,-185.2));
#183 = DIRECTION('',(0.,0.999362854348,3.569153051241E-02));
#184 = DIRECTION('',(0.,3.569153051241E-02,-0.999362854348));
#185 = ORIENTED_EDGE('',*,*,#186,.F.);
#186 = EDGE_CURVE('',#168,#178,#187,.T.);
#187 = LINE('',#188,#189);
#188 = CARTESIAN_POINT('',(-14.425,-23.2,2.4));
#189 = VECTOR('',#190,1.);
#190 = DIRECTION('',(1.,0.,0.));
#191 = PLANE('',#192);
#192 = AXIS2_PLACEMENT_3D('',#193,#194,#195);
#193 = CARTESIAN_POINT('',(-14.425,-23.4,8.));
#194 = DIRECTION('',(-0.,0.999362854348,3.569153051241E-02));
#195 = DIRECTION('',(0.,3.569153051241E-02,-0.999362854348));
#196 = ADVANCED_FACE('',(#197),#224,.T.);
#197 = FACE_BOUND('',#198,.F.);
#198 = EDGE_LOOP('',(#199,#210,#216,#217,#218));
#199 = ORIENTED_EDGE('',*,*,#200,.F.);
#200 = EDGE_CURVE('',#201,#203,#205,.T.);
#201 = VERTEX_POINT('',#202);
#202 = CARTESIAN_POINT('',(-13.425,-16.5,-4.2));
#203 = VERTEX_POINT('',#204);
#204 = CARTESIAN_POINT('',(-8.174242250247,-23.2,-4.2));
#205 = CIRCLE('',#206,6.9);
#206 = AXIS2_PLACEMENT_3D('',#207,#208,#209);
#207 = CARTESIAN_POINT('',(-6.525,-16.5,-4.2));
#208 = DIRECTION('',(0.,0.,1.));
#209 = DIRECTION('',(-1.,0.,0.));
#210 = ORIENTED_EDGE('',*,*,#211,.T.);
#211 = EDGE_CURVE('',#201,#75,#212,.T.);
#212 = LINE('',#213,#214);
#213 = CARTESIAN_POINT('',(-13.425,-16.5,-4.2));
#214 = VECTOR('',#215,1.);
#215 = DIRECTION('',(0.,0.,1.));
#216 = ORIENTED_EDGE('',*,*,#82,.T.);
#217 = ORIENTED_EDGE('',*,*,#167,.F.);
#218 = ORIENTED_EDGE('',*,*,#219,.T.);
#219 = EDGE_CURVE('',#168,#203,#220,.T.);
#220 = LINE('',#221,#222);
#221 = CARTESIAN_POINT('',(-8.174242250247,-23.2,-4.2));
#222 = VECTOR('',#223,1.);
#223 = DIRECTION('',(-0.,-0.,-1.));
#224 = CYLINDRICAL_SURFACE('',#225,6.9);
#225 = AXIS2_PLACEMENT_3D('',#226,#227,#228);
#226 = CARTESIAN_POINT('',(-6.525,-16.5,-4.2));
#227 = DIRECTION('',(-0.,-0.,-1.));
#228 = DIRECTION('',(-1.,0.,0.));
#229 = ADVANCED_FACE('',(#230),#257,.T.);
#230 = FACE_BOUND('',#231,.F.);
#231 = EDGE_LOOP('',(#232,#233,#234,#242,#251));
#232 = ORIENTED_EDGE('',*,*,#177,.F.);
#233 = ORIENTED_EDGE('',*,*,#31,.T.);
#234 = ORIENTED_EDGE('',*,*,#235,.F.);
#235 = EDGE_CURVE('',#236,#32,#238,.T.);
#236 = VERTEX_POINT('',#237);
#237 = CARTESIAN_POINT('',(13.425,-16.5,-4.2));
#238 = LINE('',#239,#240);
#239 = CARTESIAN_POINT('',(13.425,-16.5,-4.2));
#240 = VECTOR('',#241,1.);
#241 = DIRECTION('',(0.,0.,1.));
#242 = ORIENTED_EDGE('',*,*,#243,.F.);
#243 = EDGE_CURVE('',#244,#236,#246,.T.);
#244 = VERTEX_POINT('',#245);
#245 = CARTESIAN_POINT('',(8.174242250247,-23.2,-4.2));
#246 = CIRCLE('',#247,6.9);
#247 = AXIS2_PLACEMENT_3D('',#248,#249,#250);
#248 = CARTESIAN_POINT('',(6.525,-16.5,-4.2));
#249 = DIRECTION('',(0.,0.,1.));
#250 = DIRECTION('',(0.,-1.,0.));
#251 = ORIENTED_EDGE('',*,*,#252,.F.);
#252 = EDGE_CURVE('',#178,#244,#253,.T.);
#253 = LINE('',#254,#255);
#254 = CARTESIAN_POINT('',(8.174242250247,-23.2,-4.2));
#255 = VECTOR('',#256,1.);
#256 = DIRECTION('',(-0.,-0.,-1.));
#257 = CYLINDRICAL_SURFACE('',#258,6.9);
#258 = AXIS2_PLACEMENT_3D('',#259,#260,#261);
#259 = CARTESIAN_POINT('',(6.525,-16.5,-4.2));
#260 = DIRECTION('',(-0.,-0.,-1.));
#261 = DIRECTION('',(0.,-1.,0.));
#262 = ADVANCED_FACE('',(#263),#329,.T.);
#263 = FACE_BOUND('',#264,.T.);
#264 = EDGE_LOOP('',(#265,#266,#267,#275,#283,#291,#299,#307,#315,#323)
  );
#265 = ORIENTED_EDGE('',*,*,#211,.T.);
#266 = ORIENTED_EDGE('',*,*,#74,.F.);
#267 = ORIENTED_EDGE('',*,*,#268,.F.);
#268 = EDGE_CURVE('',#269,#66,#271,.T.);
#269 = VERTEX_POINT('',#270);
#270 = CARTESIAN_POINT('',(-13.425,16.5,-4.2));
#271 = LINE('',#272,#273);
#272 = CARTESIAN_POINT('',(-13.425,16.5,-4.2));
#273 = VECTOR('',#274,1.);
#274 = DIRECTION('',(0.,0.,1.));
#275 = ORIENTED_EDGE('',*,*,#276,.F.);
#276 = EDGE_CURVE('',#277,#269,#279,.T.);
#277 = VERTEX_POINT('',#278);
#278 = CARTESIAN_POINT('',(-13.425,16.5,-8.));
#279 = LINE('',#280,#281);
#280 = CARTESIAN_POINT('',(-13.425,16.5,-8.));
#281 = VECTOR('',#282,1.);
#282 = DIRECTION('',(0.,0.,1.));
#283 = ORIENTED_EDGE('',*,*,#284,.F.);
#284 = EDGE_CURVE('',#285,#277,#287,.T.);
#285 = VERTEX_POINT('',#286);
#286 = CARTESIAN_POINT('',(-13.425,3.,-8.));
#287 = LINE('',#288,#289);
#288 = CARTESIAN_POINT('',(-13.425,-16.5,-8.));
#289 = VECTOR('',#290,1.);
#290 = DIRECTION('',(-0.,1.,0.));
#291 = ORIENTED_EDGE('',*,*,#292,.T.);
#292 = EDGE_CURVE('',#285,#293,#295,.T.);
#293 = VERTEX_POINT('',#294);
#294 = CARTESIAN_POINT('',(-13.425,3.,-7.));
#295 = LINE('',#296,#297);
#296 = CARTESIAN_POINT('',(-13.425,3.,-8.));
#297 = VECTOR('',#298,1.);
#298 = DIRECTION('',(0.,0.,1.));
#299 = ORIENTED_EDGE('',*,*,#300,.T.);
#300 = EDGE_CURVE('',#293,#301,#303,.T.);
#301 = VERTEX_POINT('',#302);
#302 = CARTESIAN_POINT('',(-13.425,-3.,-7.));
#303 = LINE('',#304,#305);
#304 = CARTESIAN_POINT('',(-13.425,-9.75,-7.));
#305 = VECTOR('',#306,1.);
#306 = DIRECTION('',(0.,-1.,0.));
#307 = ORIENTED_EDGE('',*,*,#308,.F.);
#308 = EDGE_CURVE('',#309,#301,#311,.T.);
#309 = VERTEX_POINT('',#310);
#310 = CARTESIAN_POINT('',(-13.425,-3.,-8.));
#311 = LINE('',#312,#313);
#312 = CARTESIAN_POINT('',(-13.425,-3.,-8.));
#313 = VECTOR('',#314,1.);
#314 = DIRECTION('',(0.,0.,1.));
#315 = ORIENTED_EDGE('',*,*,#316,.F.);
#316 = EDGE_CURVE('',#317,#309,#319,.T.);
#317 = VERTEX_POINT('',#318);
#318 = CARTESIAN_POINT('',(-13.425,-16.5,-8.));
#319 = LINE('',#320,#321);
#320 = CARTESIAN_POINT('',(-13.425,-16.5,-8.));
#321 = VECTOR('',#322,1.);
#322 = DIRECTION('',(-0.,1.,0.));
#323 = ORIENTED_EDGE('',*,*,#324,.T.);
#324 = EDGE_CURVE('',#317,#201,#325,.T.);
#325 = LINE('',#326,#327);
#326 = CARTESIAN_POINT('',(-13.425,-16.5,-8.));
#327 = VECTOR('',#328,1.);
#328 = DIRECTION('',(0.,0.,1.));
#329 = PLANE('',#330);
#330 = AXIS2_PLACEMENT_3D('',#331,#332,#333);
#331 = CARTESIAN_POINT('',(-13.425,2.6645352591E-17,-9.E-02));
#332 = DIRECTION('',(-1.,-0.,-0.));
#333 = DIRECTION('',(0.,0.,-1.));
#334 = ADVANCED_FACE('',(#335),#401,.T.);
#335 = FACE_BOUND('',#336,.T.);
#336 = EDGE_LOOP('',(#337,#345,#346,#347,#355,#363,#371,#379,#387,#395)
  );
#337 = ORIENTED_EDGE('',*,*,#338,.T.);
#338 = EDGE_CURVE('',#339,#41,#341,.T.);
#339 = VERTEX_POINT('',#340);
#340 = CARTESIAN_POINT('',(13.425,16.5,-4.2));
#341 = LINE('',#342,#343);
#342 = CARTESIAN_POINT('',(13.425,16.5,-4.2));
#343 = VECTOR('',#344,1.);
#344 = DIRECTION('',(0.,0.,1.));
#345 = ORIENTED_EDGE('',*,*,#40,.F.);
#346 = ORIENTED_EDGE('',*,*,#235,.F.);
#347 = ORIENTED_EDGE('',*,*,#348,.F.);
#348 = EDGE_CURVE('',#349,#236,#351,.T.);
#349 = VERTEX_POINT('',#350);
#350 = CARTESIAN_POINT('',(13.425,-16.5,-8.));
#351 = LINE('',#352,#353);
#352 = CARTESIAN_POINT('',(13.425,-16.5,-8.));
#353 = VECTOR('',#354,1.);
#354 = DIRECTION('',(0.,0.,1.));
#355 = ORIENTED_EDGE('',*,*,#356,.T.);
#356 = EDGE_CURVE('',#349,#357,#359,.T.);
#357 = VERTEX_POINT('',#358);
#358 = CARTESIAN_POINT('',(13.425,-3.,-8.));
#359 = LINE('',#360,#361);
#360 = CARTESIAN_POINT('',(13.425,-16.5,-8.));
#361 = VECTOR('',#362,1.);
#362 = DIRECTION('',(-0.,1.,0.));
#363 = ORIENTED_EDGE('',*,*,#364,.T.);
#364 = EDGE_CURVE('',#357,#365,#367,.T.);
#365 = VERTEX_POINT('',#366);
#366 = CARTESIAN_POINT('',(13.425,-3.,-7.));
#367 = LINE('',#368,#369);
#368 = CARTESIAN_POINT('',(13.425,-3.,-8.));
#369 = VECTOR('',#370,1.);
#370 = DIRECTION('',(0.,0.,1.));
#371 = ORIENTED_EDGE('',*,*,#372,.F.);
#372 = EDGE_CURVE('',#373,#365,#375,.T.);
#373 = VERTEX_POINT('',#374);
#374 = CARTESIAN_POINT('',(13.425,3.,-7.));
#375 = LINE('',#376,#377);
#376 = CARTESIAN_POINT('',(13.425,-9.75,-7.));
#377 = VECTOR('',#378,1.);
#378 = DIRECTION('',(0.,-1.,0.));
#379 = ORIENTED_EDGE('',*,*,#380,.F.);
#380 = EDGE_CURVE('',#381,#373,#383,.T.);
#381 = VERTEX_POINT('',#382);
#382 = CARTESIAN_POINT('',(13.425,3.,-8.));
#383 = LINE('',#384,#385);
#384 = CARTESIAN_POINT('',(13.425,3.,-8.));
#385 = VECTOR('',#386,1.);
#386 = DIRECTION('',(0.,0.,1.));
#387 = ORIENTED_EDGE('',*,*,#388,.T.);
#388 = EDGE_CURVE('',#381,#389,#391,.T.);
#389 = VERTEX_POINT('',#390);
#390 = CARTESIAN_POINT('',(13.425,16.5,-8.));
#391 = LINE('',#392,#393);
#392 = CARTESIAN_POINT('',(13.425,-16.5,-8.));
#393 = VECTOR('',#394,1.);
#394 = DIRECTION('',(-0.,1.,0.));
#395 = ORIENTED_EDGE('',*,*,#396,.T.);
#396 = EDGE_CURVE('',#389,#339,#397,.T.);
#397 = LINE('',#398,#399);
#398 = CARTESIAN_POINT('',(13.425,16.5,-8.));
#399 = VECTOR('',#400,1.);
#400 = DIRECTION('',(0.,0.,1.));
#401 = PLANE('',#402);
#402 = AXIS2_PLACEMENT_3D('',#403,#404,#405);
#403 = CARTESIAN_POINT('',(13.425,-2.6645352591E-17,-9.E-02));
#404 = DIRECTION('',(1.,0.,0.));
#405 = DIRECTION('',(-0.,0.,1.));
#406 = ADVANCED_FACE('',(#407),#435,.T.);
#407 = FACE_BOUND('',#408,.F.);
#408 = EDGE_LOOP('',(#409,#418,#419,#420,#429));
#409 = ORIENTED_EDGE('',*,*,#410,.T.);
#410 = EDGE_CURVE('',#411,#58,#413,.T.);
#411 = VERTEX_POINT('',#412);
#412 = CARTESIAN_POINT('',(-8.174242250247,23.2,2.4));
#413 = ELLIPSE('',#414,193.32317502048,6.9);
#414 = AXIS2_PLACEMENT_3D('',#415,#416,#417);
#415 = CARTESIAN_POINT('',(-6.525,16.5,-185.2));
#416 = DIRECTION('',(0.,0.999362854348,-3.569153051241E-02));
#417 = DIRECTION('',(0.,-3.569153051241E-02,-0.999362854348));
#418 = ORIENTED_EDGE('',*,*,#65,.T.);
#419 = ORIENTED_EDGE('',*,*,#268,.F.);
#420 = ORIENTED_EDGE('',*,*,#421,.F.);
#421 = EDGE_CURVE('',#422,#269,#424,.T.);
#422 = VERTEX_POINT('',#423);
#423 = CARTESIAN_POINT('',(-8.174242250247,23.2,-4.2));
#424 = CIRCLE('',#425,6.9);
#425 = AXIS2_PLACEMENT_3D('',#426,#427,#428);
#426 = CARTESIAN_POINT('',(-6.525,16.5,-4.2));
#427 = DIRECTION('',(0.,-0.,1.));
#428 = DIRECTION('',(0.,1.,0.));
#429 = ORIENTED_EDGE('',*,*,#430,.F.);
#430 = EDGE_CURVE('',#411,#422,#431,.T.);
#431 = LINE('',#432,#433);
#432 = CARTESIAN_POINT('',(-8.174242250247,23.2,-4.2));
#433 = VECTOR('',#434,1.);
#434 = DIRECTION('',(-0.,0.,-1.));
#435 = CYLINDRICAL_SURFACE('',#436,6.9);
#436 = AXIS2_PLACEMENT_3D('',#437,#438,#439);
#437 = CARTESIAN_POINT('',(-6.525,16.5,-4.2));
#438 = DIRECTION('',(-0.,0.,-1.));
#439 = DIRECTION('',(0.,1.,0.));
#440 = ADVANCED_FACE('',(#441),#469,.T.);
#441 = FACE_BOUND('',#442,.F.);
#442 = EDGE_LOOP('',(#443,#452,#453,#454,#463));
#443 = ORIENTED_EDGE('',*,*,#444,.F.);
#444 = EDGE_CURVE('',#339,#445,#447,.T.);
#445 = VERTEX_POINT('',#446);
#446 = CARTESIAN_POINT('',(8.174242250247,23.2,-4.2));
#447 = CIRCLE('',#448,6.9);
#448 = AXIS2_PLACEMENT_3D('',#449,#450,#451);
#449 = CARTESIAN_POINT('',(6.525,16.5,-4.2));
#450 = DIRECTION('',(0.,0.,1.));
#451 = DIRECTION('',(1.,0.,-0.));
#452 = ORIENTED_EDGE('',*,*,#338,.T.);
#453 = ORIENTED_EDGE('',*,*,#48,.T.);
#454 = ORIENTED_EDGE('',*,*,#455,.T.);
#455 = EDGE_CURVE('',#49,#456,#458,.T.);
#456 = VERTEX_POINT('',#457);
#457 = CARTESIAN_POINT('',(8.174242250247,23.2,2.4));
#458 = ELLIPSE('',#459,193.32317502048,6.9);
#459 = AXIS2_PLACEMENT_3D('',#460,#461,#462);
#460 = CARTESIAN_POINT('',(6.525,16.5,-185.2));
#461 = DIRECTION('',(0.,0.999362854348,-3.569153051241E-02));
#462 = DIRECTION('',(0.,-3.569153051241E-02,-0.999362854348));
#463 = ORIENTED_EDGE('',*,*,#464,.T.);
#464 = EDGE_CURVE('',#456,#445,#465,.T.);
#465 = LINE('',#466,#467);
#466 = CARTESIAN_POINT('',(8.174242250247,23.2,-4.2));
#467 = VECTOR('',#468,1.);
#468 = DIRECTION('',(-0.,-0.,-1.));
#469 = CYLINDRICAL_SURFACE('',#470,6.9);
#470 = AXIS2_PLACEMENT_3D('',#471,#472,#473);
#471 = CARTESIAN_POINT('',(6.525,16.5,-4.2));
#472 = DIRECTION('',(-0.,-0.,-1.));
#473 = DIRECTION('',(1.,0.,-0.));
#474 = ADVANCED_FACE('',(#475),#486,.T.);
#475 = FACE_BOUND('',#476,.T.);
#476 = EDGE_LOOP('',(#477,#478,#479,#480));
#477 = ORIENTED_EDGE('',*,*,#410,.T.);
#478 = ORIENTED_EDGE('',*,*,#57,.F.);
#479 = ORIENTED_EDGE('',*,*,#455,.T.);
#480 = ORIENTED_EDGE('',*,*,#481,.F.);
#481 = EDGE_CURVE('',#411,#456,#482,.T.);
#482 = LINE('',#483,#484);
#483 = CARTESIAN_POINT('',(-14.425,23.2,2.4));
#484 = VECTOR('',#485,1.);
#485 = DIRECTION('',(1.,0.,0.));
#486 = PLANE('',#487);
#487 = AXIS2_PLACEMENT_3D('',#488,#489,#490);
#488 = CARTESIAN_POINT('',(-14.425,23.4,8.));
#489 = DIRECTION('',(0.,0.999362854348,-3.569153051241E-02));
#490 = DIRECTION('',(0.,-3.569153051241E-02,-0.999362854348));
#491 = ADVANCED_FACE('',(#492),#503,.F.);
#492 = FACE_BOUND('',#493,.F.);
#493 = EDGE_LOOP('',(#494,#495,#496,#497));
#494 = ORIENTED_EDGE('',*,*,#219,.F.);
#495 = ORIENTED_EDGE('',*,*,#186,.T.);
#496 = ORIENTED_EDGE('',*,*,#252,.T.);
#497 = ORIENTED_EDGE('',*,*,#498,.T.);
#498 = EDGE_CURVE('',#244,#203,#499,.T.);
#499 = LINE('',#500,#501);
#500 = CARTESIAN_POINT('',(-7.2125,-23.2,-4.2));
#501 = VECTOR('',#502,1.);
#502 = DIRECTION('',(-1.,-0.,0.));
#503 = PLANE('',#504);
#504 = AXIS2_PLACEMENT_3D('',#505,#506,#507);
#505 = CARTESIAN_POINT('',(-14.425,-23.2,2.4));
#506 = DIRECTION('',(-0.,1.,0.));
#507 = DIRECTION('',(0.,0.,-1.));
#508 = ADVANCED_FACE('',(#509),#554,.F.);
#509 = FACE_BOUND('',#510,.F.);
#510 = EDGE_LOOP('',(#511,#522,#528,#529,#530,#531,#539,#548));
#511 = ORIENTED_EDGE('',*,*,#512,.T.);
#512 = EDGE_CURVE('',#513,#515,#517,.T.);
#513 = VERTEX_POINT('',#514);
#514 = CARTESIAN_POINT('',(-6.525,-22.4,-4.2));
#515 = VERTEX_POINT('',#516);
#516 = CARTESIAN_POINT('',(-12.425,-16.5,-4.2));
#517 = CIRCLE('',#518,5.9);
#518 = AXIS2_PLACEMENT_3D('',#519,#520,#521);
#519 = CARTESIAN_POINT('',(-6.525,-16.5,-4.2));
#520 = DIRECTION('',(-0.,0.,-1.));
#521 = DIRECTION('',(-1.,1.204309721627E-15,0.));
#522 = ORIENTED_EDGE('',*,*,#523,.T.);
#523 = EDGE_CURVE('',#515,#201,#524,.T.);
#524 = LINE('',#525,#526);
#525 = CARTESIAN_POINT('',(-6.7125,-16.5,-4.2));
#526 = VECTOR('',#527,1.);
#527 = DIRECTION('',(-1.,-0.,0.));
#528 = ORIENTED_EDGE('',*,*,#200,.T.);
#529 = ORIENTED_EDGE('',*,*,#498,.F.);
#530 = ORIENTED_EDGE('',*,*,#243,.T.);
#531 = ORIENTED_EDGE('',*,*,#532,.T.);
#532 = EDGE_CURVE('',#236,#533,#535,.T.);
#533 = VERTEX_POINT('',#534);
#534 = CARTESIAN_POINT('',(12.425,-16.5,-4.2));
#535 = LINE('',#536,#537);
#536 = CARTESIAN_POINT('',(6.2125,-16.5,-4.2));
#537 = VECTOR('',#538,1.);
#538 = DIRECTION('',(-1.,-0.,0.));
#539 = ORIENTED_EDGE('',*,*,#540,.T.);
#540 = EDGE_CURVE('',#533,#541,#543,.T.);
#541 = VERTEX_POINT('',#542);
#542 = CARTESIAN_POINT('',(6.525,-22.4,-4.2));
#543 = CIRCLE('',#544,5.9);
#544 = AXIS2_PLACEMENT_3D('',#545,#546,#547);
#545 = CARTESIAN_POINT('',(6.525,-16.5,-4.2));
#546 = DIRECTION('',(-0.,0.,-1.));
#547 = DIRECTION('',(-9.032322912205E-16,-1.,0.));
#548 = ORIENTED_EDGE('',*,*,#549,.T.);
#549 = EDGE_CURVE('',#541,#513,#550,.T.);
#550 = LINE('',#551,#552);
#551 = CARTESIAN_POINT('',(-3.2625,-22.4,-4.2));
#552 = VECTOR('',#553,1.);
#553 = DIRECTION('',(-1.,0.,0.));
#554 = PLANE('',#555);
#555 = AXIS2_PLACEMENT_3D('',#556,#557,#558);
#556 = CARTESIAN_POINT('',(-1.184585074032E-16,3.685375785876E-16,-4.2)
  );
#557 = DIRECTION('',(0.,0.,1.));
#558 = DIRECTION('',(1.,0.,-0.));
#559 = ADVANCED_FACE('',(#560),#585,.T.);
#560 = FACE_BOUND('',#561,.T.);
#561 = EDGE_LOOP('',(#562,#572,#578,#579));
#562 = ORIENTED_EDGE('',*,*,#563,.F.);
#563 = EDGE_CURVE('',#564,#566,#568,.T.);
#564 = VERTEX_POINT('',#565);
#565 = CARTESIAN_POINT('',(-12.425,16.5,-8.));
#566 = VERTEX_POINT('',#567);
#567 = CARTESIAN_POINT('',(-12.425,16.5,-4.2));
#568 = LINE('',#569,#570);
#569 = CARTESIAN_POINT('',(-12.425,16.5,-8.));
#570 = VECTOR('',#571,1.);
#571 = DIRECTION('',(0.,0.,1.));
#572 = ORIENTED_EDGE('',*,*,#573,.F.);
#573 = EDGE_CURVE('',#277,#564,#574,.T.);
#574 = LINE('',#575,#576);
#575 = CARTESIAN_POINT('',(-13.425,16.5,-8.));
#576 = VECTOR('',#577,1.);
#577 = DIRECTION('',(1.,0.,-0.));
#578 = ORIENTED_EDGE('',*,*,#276,.T.);
#579 = ORIENTED_EDGE('',*,*,#580,.F.);
#580 = EDGE_CURVE('',#566,#269,#581,.T.);
#581 = LINE('',#582,#583);
#582 = CARTESIAN_POINT('',(-6.7125,16.5,-4.2));
#583 = VECTOR('',#584,1.);
#584 = DIRECTION('',(-1.,-0.,0.));
#585 = PLANE('',#586);
#586 = AXIS2_PLACEMENT_3D('',#587,#588,#589);
#587 = CARTESIAN_POINT('',(-13.425,16.5,-8.));
#588 = DIRECTION('',(-0.,1.,0.));
#589 = DIRECTION('',(0.,0.,1.));
#590 = ADVANCED_FACE('',(#591),#632,.T.);
#591 = FACE_BOUND('',#592,.T.);
#592 = EDGE_LOOP('',(#593,#594,#602,#610,#616,#617,#618,#626));
#593 = ORIENTED_EDGE('',*,*,#316,.T.);
#594 = ORIENTED_EDGE('',*,*,#595,.F.);
#595 = EDGE_CURVE('',#596,#309,#598,.T.);
#596 = VERTEX_POINT('',#597);
#597 = CARTESIAN_POINT('',(-13.975,-3.,-8.));
#598 = LINE('',#599,#600);
#599 = CARTESIAN_POINT('',(-13.975,-3.,-8.));
#600 = VECTOR('',#601,1.);
#601 = DIRECTION('',(1.,0.,-0.));
#602 = ORIENTED_EDGE('',*,*,#603,.T.);
#603 = EDGE_CURVE('',#596,#604,#606,.T.);
#604 = VERTEX_POINT('',#605);
#605 = CARTESIAN_POINT('',(-13.975,3.,-8.));
#606 = LINE('',#607,#608);
#607 = CARTESIAN_POINT('',(-13.975,-3.,-8.));
#608 = VECTOR('',#609,1.);
#609 = DIRECTION('',(-0.,1.,0.));
#610 = ORIENTED_EDGE('',*,*,#611,.T.);
#611 = EDGE_CURVE('',#604,#285,#612,.T.);
#612 = LINE('',#613,#614);
#613 = CARTESIAN_POINT('',(-13.975,3.,-8.));
#614 = VECTOR('',#615,1.);
#615 = DIRECTION('',(1.,0.,-0.));
#616 = ORIENTED_EDGE('',*,*,#284,.T.);
#617 = ORIENTED_EDGE('',*,*,#573,.T.);
#618 = ORIENTED_EDGE('',*,*,#619,.F.);
#619 = EDGE_CURVE('',#620,#564,#622,.T.);
#620 = VERTEX_POINT('',#621);
#621 = CARTESIAN_POINT('',(-12.425,-16.5,-8.));
#622 = LINE('',#623,#624);
#623 = CARTESIAN_POINT('',(-12.425,-16.5,-8.));
#624 = VECTOR('',#625,1.);
#625 = DIRECTION('',(-0.,1.,0.));
#626 = ORIENTED_EDGE('',*,*,#627,.F.);
#627 = EDGE_CURVE('',#317,#620,#628,.T.);
#628 = LINE('',#629,#630);
#629 = CARTESIAN_POINT('',(-13.425,-16.5,-8.));
#630 = VECTOR('',#631,1.);
#631 = DIRECTION('',(1.,0.,-0.));
#632 = PLANE('',#633);
#633 = AXIS2_PLACEMENT_3D('',#634,#635,#636);
#634 = CARTESIAN_POINT('',(-12.98509406657,0.,-8.));
#635 = DIRECTION('',(-0.,-0.,-1.));
#636 = DIRECTION('',(-1.,0.,0.));
#637 = ADVANCED_FACE('',(#638),#656,.T.);
#638 = FACE_BOUND('',#639,.T.);
#639 = EDGE_LOOP('',(#640,#641,#649,#655));
#640 = ORIENTED_EDGE('',*,*,#611,.F.);
#641 = ORIENTED_EDGE('',*,*,#642,.T.);
#642 = EDGE_CURVE('',#604,#643,#645,.T.);
#643 = VERTEX_POINT('',#644);
#644 = CARTESIAN_POINT('',(-13.975,3.,-7.));
#645 = LINE('',#646,#647);
#646 = CARTESIAN_POINT('',(-13.975,3.,-8.));
#647 = VECTOR('',#648,1.);
#648 = DIRECTION('',(0.,0.,1.));
#649 = ORIENTED_EDGE('',*,*,#650,.T.);
#650 = EDGE_CURVE('',#643,#293,#651,.T.);
#651 = LINE('',#652,#653);
#652 = CARTESIAN_POINT('',(-13.975,3.,-7.));
#653 = VECTOR('',#654,1.);
#654 = DIRECTION('',(1.,0.,-0.));
#655 = ORIENTED_EDGE('',*,*,#292,.F.);
#656 = PLANE('',#657);
#657 = AXIS2_PLACEMENT_3D('',#658,#659,#660);
#658 = CARTESIAN_POINT('',(-13.975,3.,-8.));
#659 = DIRECTION('',(-0.,1.,0.));
#660 = DIRECTION('',(0.,0.,1.));
#661 = ADVANCED_FACE('',(#662),#680,.T.);
#662 = FACE_BOUND('',#663,.T.);
#663 = EDGE_LOOP('',(#664,#665,#673,#679));
#664 = ORIENTED_EDGE('',*,*,#650,.F.);
#665 = ORIENTED_EDGE('',*,*,#666,.F.);
#666 = EDGE_CURVE('',#667,#643,#669,.T.);
#667 = VERTEX_POINT('',#668);
#668 = CARTESIAN_POINT('',(-13.975,-3.,-7.));
#669 = LINE('',#670,#671);
#670 = CARTESIAN_POINT('',(-13.975,-3.,-7.));
#671 = VECTOR('',#672,1.);
#672 = DIRECTION('',(-0.,1.,0.));
#673 = ORIENTED_EDGE('',*,*,#674,.T.);
#674 = EDGE_CURVE('',#667,#301,#675,.T.);
#675 = LINE('',#676,#677);
#676 = CARTESIAN_POINT('',(-13.975,-3.,-7.));
#677 = VECTOR('',#678,1.);
#678 = DIRECTION('',(1.,0.,-0.));
#679 = ORIENTED_EDGE('',*,*,#300,.F.);
#680 = PLANE('',#681);
#681 = AXIS2_PLACEMENT_3D('',#682,#683,#684);
#682 = CARTESIAN_POINT('',(-13.975,-3.,-7.));
#683 = DIRECTION('',(0.,0.,1.));
#684 = DIRECTION('',(1.,0.,-0.));
#685 = ADVANCED_FACE('',(#686),#697,.F.);
#686 = FACE_BOUND('',#687,.F.);
#687 = EDGE_LOOP('',(#688,#689,#695,#696));
#688 = ORIENTED_EDGE('',*,*,#595,.F.);
#689 = ORIENTED_EDGE('',*,*,#690,.T.);
#690 = EDGE_CURVE('',#596,#667,#691,.T.);
#691 = LINE('',#692,#693);
#692 = CARTESIAN_POINT('',(-13.975,-3.,-8.));
#693 = VECTOR('',#694,1.);
#694 = DIRECTION('',(0.,0.,1.));
#695 = ORIENTED_EDGE('',*,*,#674,.T.);
#696 = ORIENTED_EDGE('',*,*,#308,.F.);
#697 = PLANE('',#698);
#698 = AXIS2_PLACEMENT_3D('',#699,#700,#701);
#699 = CARTESIAN_POINT('',(-13.975,-3.,-8.));
#700 = DIRECTION('',(-0.,1.,0.));
#701 = DIRECTION('',(0.,0.,1.));
#702 = ADVANCED_FACE('',(#703),#714,.F.);
#703 = FACE_BOUND('',#704,.F.);
#704 = EDGE_LOOP('',(#705,#711,#712,#713));
#705 = ORIENTED_EDGE('',*,*,#706,.F.);
#706 = EDGE_CURVE('',#620,#515,#707,.T.);
#707 = LINE('',#708,#709);
#708 = CARTESIAN_POINT('',(-12.425,-16.5,-8.));
#709 = VECTOR('',#710,1.);
#710 = DIRECTION('',(0.,0.,1.));
#711 = ORIENTED_EDGE('',*,*,#627,.F.);
#712 = ORIENTED_EDGE('',*,*,#324,.T.);
#713 = ORIENTED_EDGE('',*,*,#523,.F.);
#714 = PLANE('',#715);
#715 = AXIS2_PLACEMENT_3D('',#716,#717,#718);
#716 = CARTESIAN_POINT('',(-13.425,-16.5,-8.));
#717 = DIRECTION('',(-0.,1.,0.));
#718 = DIRECTION('',(0.,0.,1.));
#719 = ADVANCED_FACE('',(#720),#738,.F.);
#720 = FACE_BOUND('',#721,.F.);
#721 = EDGE_LOOP('',(#722,#723,#731,#737));
#722 = ORIENTED_EDGE('',*,*,#348,.F.);
#723 = ORIENTED_EDGE('',*,*,#724,.F.);
#724 = EDGE_CURVE('',#725,#349,#727,.T.);
#725 = VERTEX_POINT('',#726);
#726 = CARTESIAN_POINT('',(12.425,-16.5,-8.));
#727 = LINE('',#728,#729);
#728 = CARTESIAN_POINT('',(12.425,-16.5,-8.));
#729 = VECTOR('',#730,1.);
#730 = DIRECTION('',(1.,0.,-0.));
#731 = ORIENTED_EDGE('',*,*,#732,.T.);
#732 = EDGE_CURVE('',#725,#533,#733,.T.);
#733 = LINE('',#734,#735);
#734 = CARTESIAN_POINT('',(12.425,-16.5,-8.));
#735 = VECTOR('',#736,1.);
#736 = DIRECTION('',(0.,0.,1.));
#737 = ORIENTED_EDGE('',*,*,#532,.F.);
#738 = PLANE('',#739);
#739 = AXIS2_PLACEMENT_3D('',#740,#741,#742);
#740 = CARTESIAN_POINT('',(12.425,-16.5,-8.));
#741 = DIRECTION('',(-0.,1.,0.));
#742 = DIRECTION('',(0.,0.,1.));
#743 = ADVANCED_FACE('',(#744),#785,.T.);
#744 = FACE_BOUND('',#745,.T.);
#745 = EDGE_LOOP('',(#746,#754,#755,#763,#771,#777,#778,#779));
#746 = ORIENTED_EDGE('',*,*,#747,.T.);
#747 = EDGE_CURVE('',#748,#389,#750,.T.);
#748 = VERTEX_POINT('',#749);
#749 = CARTESIAN_POINT('',(12.425,16.5,-8.));
#750 = LINE('',#751,#752);
#751 = CARTESIAN_POINT('',(12.425,16.5,-8.));
#752 = VECTOR('',#753,1.);
#753 = DIRECTION('',(1.,0.,-0.));
#754 = ORIENTED_EDGE('',*,*,#388,.F.);
#755 = ORIENTED_EDGE('',*,*,#756,.T.);
#756 = EDGE_CURVE('',#381,#757,#759,.T.);
#757 = VERTEX_POINT('',#758);
#758 = CARTESIAN_POINT('',(13.975,3.,-8.));
#759 = LINE('',#760,#761);
#760 = CARTESIAN_POINT('',(13.415,3.,-8.));
#761 = VECTOR('',#762,1.);
#762 = DIRECTION('',(1.,0.,-0.));
#763 = ORIENTED_EDGE('',*,*,#764,.F.);
#764 = EDGE_CURVE('',#765,#757,#767,.T.);
#765 = VERTEX_POINT('',#766);
#766 = CARTESIAN_POINT('',(13.975,-3.,-8.));
#767 = LINE('',#768,#769);
#768 = CARTESIAN_POINT('',(13.975,-3.,-8.));
#769 = VECTOR('',#770,1.);
#770 = DIRECTION('',(-0.,1.,0.));
#771 = ORIENTED_EDGE('',*,*,#772,.F.);
#772 = EDGE_CURVE('',#357,#765,#773,.T.);
#773 = LINE('',#774,#775);
#774 = CARTESIAN_POINT('',(13.415,-3.,-8.));
#775 = VECTOR('',#776,1.);
#776 = DIRECTION('',(1.,0.,-0.));
#777 = ORIENTED_EDGE('',*,*,#356,.F.);
#778 = ORIENTED_EDGE('',*,*,#724,.F.);
#779 = ORIENTED_EDGE('',*,*,#780,.T.);
#780 = EDGE_CURVE('',#725,#748,#781,.T.);
#781 = LINE('',#782,#783);
#782 = CARTESIAN_POINT('',(12.425,-16.5,-8.));
#783 = VECTOR('',#784,1.);
#784 = DIRECTION('',(-0.,1.,0.));
#785 = PLANE('',#786);
#786 = AXIS2_PLACEMENT_3D('',#787,#788,#789);
#787 = CARTESIAN_POINT('',(12.98509406657,0.,-8.));
#788 = DIRECTION('',(-0.,-0.,-1.));
#789 = DIRECTION('',(-1.,0.,0.));
#790 = ADVANCED_FACE('',(#791),#809,.F.);
#791 = FACE_BOUND('',#792,.F.);
#792 = EDGE_LOOP('',(#793,#794,#795,#803));
#793 = ORIENTED_EDGE('',*,*,#772,.F.);
#794 = ORIENTED_EDGE('',*,*,#364,.T.);
#795 = ORIENTED_EDGE('',*,*,#796,.T.);
#796 = EDGE_CURVE('',#365,#797,#799,.T.);
#797 = VERTEX_POINT('',#798);
#798 = CARTESIAN_POINT('',(13.975,-3.,-7.));
#799 = LINE('',#800,#801);
#800 = CARTESIAN_POINT('',(13.415,-3.,-7.));
#801 = VECTOR('',#802,1.);
#802 = DIRECTION('',(1.,0.,-0.));
#803 = ORIENTED_EDGE('',*,*,#804,.F.);
#804 = EDGE_CURVE('',#765,#797,#805,.T.);
#805 = LINE('',#806,#807);
#806 = CARTESIAN_POINT('',(13.975,-3.,-8.));
#807 = VECTOR('',#808,1.);
#808 = DIRECTION('',(0.,0.,1.));
#809 = PLANE('',#810);
#810 = AXIS2_PLACEMENT_3D('',#811,#812,#813);
#811 = CARTESIAN_POINT('',(13.415,-3.,-8.));
#812 = DIRECTION('',(-0.,1.,0.));
#813 = DIRECTION('',(0.,0.,1.));
#814 = ADVANCED_FACE('',(#815),#833,.T.);
#815 = FACE_BOUND('',#816,.T.);
#816 = EDGE_LOOP('',(#817,#825,#826,#827));
#817 = ORIENTED_EDGE('',*,*,#818,.F.);
#818 = EDGE_CURVE('',#373,#819,#821,.T.);
#819 = VERTEX_POINT('',#820);
#820 = CARTESIAN_POINT('',(13.975,3.,-7.));
#821 = LINE('',#822,#823);
#822 = CARTESIAN_POINT('',(13.415,3.,-7.));
#823 = VECTOR('',#824,1.);
#824 = DIRECTION('',(1.,0.,-0.));
#825 = ORIENTED_EDGE('',*,*,#372,.T.);
#826 = ORIENTED_EDGE('',*,*,#796,.T.);
#827 = ORIENTED_EDGE('',*,*,#828,.T.);
#828 = EDGE_CURVE('',#797,#819,#829,.T.);
#829 = LINE('',#830,#831);
#830 = CARTESIAN_POINT('',(13.975,-3.,-7.));
#831 = VECTOR('',#832,1.);
#832 = DIRECTION('',(-0.,1.,0.));
#833 = PLANE('',#834);
#834 = AXIS2_PLACEMENT_3D('',#835,#836,#837);
#835 = CARTESIAN_POINT('',(13.415,-3.,-7.));
#836 = DIRECTION('',(0.,0.,1.));
#837 = DIRECTION('',(1.,0.,-0.));
#838 = ADVANCED_FACE('',(#839),#850,.T.);
#839 = FACE_BOUND('',#840,.T.);
#840 = EDGE_LOOP('',(#841,#842,#843,#844));
#841 = ORIENTED_EDGE('',*,*,#756,.F.);
#842 = ORIENTED_EDGE('',*,*,#380,.T.);
#843 = ORIENTED_EDGE('',*,*,#818,.T.);
#844 = ORIENTED_EDGE('',*,*,#845,.F.);
#845 = EDGE_CURVE('',#757,#819,#846,.T.);
#846 = LINE('',#847,#848);
#847 = CARTESIAN_POINT('',(13.975,3.,-8.));
#848 = VECTOR('',#849,1.);
#849 = DIRECTION('',(0.,0.,1.));
#850 = PLANE('',#851);
#851 = AXIS2_PLACEMENT_3D('',#852,#853,#854);
#852 = CARTESIAN_POINT('',(13.415,3.,-8.));
#853 = DIRECTION('',(-0.,1.,0.));
#854 = DIRECTION('',(0.,0.,1.));
#855 = ADVANCED_FACE('',(#856),#874,.T.);
#856 = FACE_BOUND('',#857,.T.);
#857 = EDGE_LOOP('',(#858,#859,#860,#868));
#858 = ORIENTED_EDGE('',*,*,#396,.F.);
#859 = ORIENTED_EDGE('',*,*,#747,.F.);
#860 = ORIENTED_EDGE('',*,*,#861,.T.);
#861 = EDGE_CURVE('',#748,#862,#864,.T.);
#862 = VERTEX_POINT('',#863);
#863 = CARTESIAN_POINT('',(12.425,16.5,-4.2));
#864 = LINE('',#865,#866);
#865 = CARTESIAN_POINT('',(12.425,16.5,-8.));
#866 = VECTOR('',#867,1.);
#867 = DIRECTION('',(0.,0.,1.));
#868 = ORIENTED_EDGE('',*,*,#869,.F.);
#869 = EDGE_CURVE('',#339,#862,#870,.T.);
#870 = LINE('',#871,#872);
#871 = CARTESIAN_POINT('',(6.2125,16.5,-4.2));
#872 = VECTOR('',#873,1.);
#873 = DIRECTION('',(-1.,-0.,0.));
#874 = PLANE('',#875);
#875 = AXIS2_PLACEMENT_3D('',#876,#877,#878);
#876 = CARTESIAN_POINT('',(12.425,16.5,-8.));
#877 = DIRECTION('',(-0.,1.,0.));
#878 = DIRECTION('',(0.,0.,1.));
#879 = ADVANCED_FACE('',(#880),#891,.T.);
#880 = FACE_BOUND('',#881,.T.);
#881 = EDGE_LOOP('',(#882,#883,#884,#885));
#882 = ORIENTED_EDGE('',*,*,#430,.F.);
#883 = ORIENTED_EDGE('',*,*,#481,.T.);
#884 = ORIENTED_EDGE('',*,*,#464,.T.);
#885 = ORIENTED_EDGE('',*,*,#886,.T.);
#886 = EDGE_CURVE('',#445,#422,#887,.T.);
#887 = LINE('',#888,#889);
#888 = CARTESIAN_POINT('',(-7.2125,23.2,-4.2));
#889 = VECTOR('',#890,1.);
#890 = DIRECTION('',(-1.,-0.,0.));
#891 = PLANE('',#892);
#892 = AXIS2_PLACEMENT_3D('',#893,#894,#895);
#893 = CARTESIAN_POINT('',(-14.425,23.2,2.4));
#894 = DIRECTION('',(-0.,1.,0.));
#895 = DIRECTION('',(0.,0.,-1.));
#896 = ADVANCED_FACE('',(#897),#978,.F.);
#897 = FACE_BOUND('',#898,.F.);
#898 = EDGE_LOOP('',(#899,#900,#909,#917,#925,#934,#942,#951,#959,#967,
    #974,#975,#976,#977));
#899 = ORIENTED_EDGE('',*,*,#580,.F.);
#900 = ORIENTED_EDGE('',*,*,#901,.T.);
#901 = EDGE_CURVE('',#566,#902,#904,.T.);
#902 = VERTEX_POINT('',#903);
#903 = CARTESIAN_POINT('',(-12.335,17.526596317936,-4.2));
#904 = CIRCLE('',#905,5.9);
#905 = AXIS2_PLACEMENT_3D('',#906,#907,#908);
#906 = CARTESIAN_POINT('',(-6.525,16.5,-4.2));
#907 = DIRECTION('',(0.,-0.,-1.));
#908 = DIRECTION('',(9.032322912205E-16,1.,-0.));
#909 = ORIENTED_EDGE('',*,*,#910,.T.);
#910 = EDGE_CURVE('',#902,#911,#913,.T.);
#911 = VERTEX_POINT('',#912);
#912 = CARTESIAN_POINT('',(-12.335,19.5,-4.2));
#913 = LINE('',#914,#915);
#914 = CARTESIAN_POINT('',(-12.335,8.75,-4.2));
#915 = VECTOR('',#916,1.);
#916 = DIRECTION('',(-0.,1.,0.));
#917 = ORIENTED_EDGE('',*,*,#918,.F.);
#918 = EDGE_CURVE('',#919,#911,#921,.T.);
#919 = VERTEX_POINT('',#920);
#920 = CARTESIAN_POINT('',(-11.60535431835,19.5,-4.2));
#921 = LINE('',#922,#923);
#922 = CARTESIAN_POINT('',(-6.1675,19.5,-4.2));
#923 = VECTOR('',#924,1.);
#924 = DIRECTION('',(-1.,-0.,0.));
#925 = ORIENTED_EDGE('',*,*,#926,.T.);
#926 = EDGE_CURVE('',#919,#927,#929,.T.);
#927 = VERTEX_POINT('',#928);
#928 = CARTESIAN_POINT('',(-6.525,22.4,-4.2));
#929 = CIRCLE('',#930,5.9);
#930 = AXIS2_PLACEMENT_3D('',#931,#932,#933);
#931 = CARTESIAN_POINT('',(-6.525,16.5,-4.2));
#932 = DIRECTION('',(0.,-0.,-1.));
#933 = DIRECTION('',(9.032322912205E-16,1.,-0.));
#934 = ORIENTED_EDGE('',*,*,#935,.T.);
#935 = EDGE_CURVE('',#927,#936,#938,.T.);
#936 = VERTEX_POINT('',#937);
#937 = CARTESIAN_POINT('',(6.525,22.4,-4.2));
#938 = LINE('',#939,#940);
#939 = CARTESIAN_POINT('',(3.2625,22.4,-4.2));
#940 = VECTOR('',#941,1.);
#941 = DIRECTION('',(1.,0.,-0.));
#942 = ORIENTED_EDGE('',*,*,#943,.T.);
#943 = EDGE_CURVE('',#936,#944,#946,.T.);
#944 = VERTEX_POINT('',#945);
#945 = CARTESIAN_POINT('',(11.605354318352,19.5,-4.2));
#946 = CIRCLE('',#947,5.9);
#947 = AXIS2_PLACEMENT_3D('',#948,#949,#950);
#948 = CARTESIAN_POINT('',(6.525,16.5,-4.2));
#949 = DIRECTION('',(0.,-0.,-1.));
#950 = DIRECTION('',(1.,-1.204309721627E-15,0.));
#951 = ORIENTED_EDGE('',*,*,#952,.F.);
#952 = EDGE_CURVE('',#953,#944,#955,.T.);
#953 = VERTEX_POINT('',#954);
#954 = CARTESIAN_POINT('',(12.335,19.5,-4.2));
#955 = LINE('',#956,#957);
#956 = CARTESIAN_POINT('',(5.625,19.5,-4.2));
#957 = VECTOR('',#958,1.);
#958 = DIRECTION('',(-1.,-0.,0.));
#959 = ORIENTED_EDGE('',*,*,#960,.F.);
#960 = EDGE_CURVE('',#961,#953,#963,.T.);
#961 = VERTEX_POINT('',#962);
#962 = CARTESIAN_POINT('',(12.335,17.526596317936,-4.2));
#963 = LINE('',#964,#965);
#964 = CARTESIAN_POINT('',(12.335,8.75,-4.2));
#965 = VECTOR('',#966,1.);
#966 = DIRECTION('',(-0.,1.,0.));
#967 = ORIENTED_EDGE('',*,*,#968,.T.);
#968 = EDGE_CURVE('',#961,#862,#969,.T.);
#969 = CIRCLE('',#970,5.9);
#970 = AXIS2_PLACEMENT_3D('',#971,#972,#973);
#971 = CARTESIAN_POINT('',(6.525,16.5,-4.2));
#972 = DIRECTION('',(0.,-0.,-1.));
#973 = DIRECTION('',(1.,-1.204309721627E-15,0.));
#974 = ORIENTED_EDGE('',*,*,#869,.F.);
#975 = ORIENTED_EDGE('',*,*,#444,.T.);
#976 = ORIENTED_EDGE('',*,*,#886,.T.);
#977 = ORIENTED_EDGE('',*,*,#421,.T.);
#978 = PLANE('',#979);
#979 = AXIS2_PLACEMENT_3D('',#980,#981,#982);
#980 = CARTESIAN_POINT('',(-1.184585074032E-16,3.685375785876E-16,-4.2)
  );
#981 = DIRECTION('',(0.,0.,1.));
#982 = DIRECTION('',(1.,0.,-0.));
#983 = ADVANCED_FACE('',(#984),#990,.F.);
#984 = FACE_BOUND('',#985,.F.);
#985 = EDGE_LOOP('',(#986,#987,#988,#989));
#986 = ORIENTED_EDGE('',*,*,#690,.F.);
#987 = ORIENTED_EDGE('',*,*,#603,.T.);
#988 = ORIENTED_EDGE('',*,*,#642,.T.);
#989 = ORIENTED_EDGE('',*,*,#666,.F.);
#990 = PLANE('',#991);
#991 = AXIS2_PLACEMENT_3D('',#992,#993,#994);
#992 = CARTESIAN_POINT('',(-13.975,-3.,-8.));
#993 = DIRECTION('',(1.,0.,-0.));
#994 = DIRECTION('',(0.,0.,1.));
#995 = ADVANCED_FACE('',(#996),#1002,.T.);
#996 = FACE_BOUND('',#997,.T.);
#997 = EDGE_LOOP('',(#998,#999,#1000,#1001));
#998 = ORIENTED_EDGE('',*,*,#804,.F.);
#999 = ORIENTED_EDGE('',*,*,#764,.T.);
#1000 = ORIENTED_EDGE('',*,*,#845,.T.);
#1001 = ORIENTED_EDGE('',*,*,#828,.F.);
#1002 = PLANE('',#1003);
#1003 = AXIS2_PLACEMENT_3D('',#1004,#1005,#1006);
#1004 = CARTESIAN_POINT('',(13.975,-3.,-8.));
#1005 = DIRECTION('',(1.,0.,-0.));
#1006 = DIRECTION('',(0.,0.,1.));
#1007 = ADVANCED_FACE('',(#1008),#1033,.T.);
#1008 = FACE_BOUND('',#1009,.T.);
#1009 = EDGE_LOOP('',(#1010,#1018,#1026,#1032));
#1010 = ORIENTED_EDGE('',*,*,#1011,.T.);
#1011 = EDGE_CURVE('',#961,#1012,#1014,.T.);
#1012 = VERTEX_POINT('',#1013);
#1013 = CARTESIAN_POINT('',(12.335,17.526596317936,-11.9));
#1014 = LINE('',#1015,#1016);
#1015 = CARTESIAN_POINT('',(12.335,17.526596317936,-28.));
#1016 = VECTOR('',#1017,1.);
#1017 = DIRECTION('',(-0.,-0.,-1.));
#1018 = ORIENTED_EDGE('',*,*,#1019,.T.);
#1019 = EDGE_CURVE('',#1012,#1020,#1022,.T.);
#1020 = VERTEX_POINT('',#1021);
#1021 = CARTESIAN_POINT('',(12.335,19.5,-11.9));
#1022 = LINE('',#1023,#1024);
#1023 = CARTESIAN_POINT('',(12.335,17.5,-11.9));
#1024 = VECTOR('',#1025,1.);
#1025 = DIRECTION('',(-0.,1.,0.));
#1026 = ORIENTED_EDGE('',*,*,#1027,.T.);
#1027 = EDGE_CURVE('',#1020,#953,#1028,.T.);
#1028 = LINE('',#1029,#1030);
#1029 = CARTESIAN_POINT('',(12.335,19.5,-11.9));
#1030 = VECTOR('',#1031,1.);
#1031 = DIRECTION('',(0.,0.,1.));
#1032 = ORIENTED_EDGE('',*,*,#960,.F.);
#1033 = PLANE('',#1034);
#1034 = AXIS2_PLACEMENT_3D('',#1035,#1036,#1037);
#1035 = CARTESIAN_POINT('',(12.335,17.5,-11.9));
#1036 = DIRECTION('',(1.,0.,-0.));
#1037 = DIRECTION('',(0.,0.,1.));
#1038 = ADVANCED_FACE('',(#1039),#1057,.T.);
#1039 = FACE_BOUND('',#1040,.T.);
#1040 = EDGE_LOOP('',(#1041,#1042,#1050,#1056));
#1041 = ORIENTED_EDGE('',*,*,#1027,.F.);
#1042 = ORIENTED_EDGE('',*,*,#1043,.F.);
#1043 = EDGE_CURVE('',#1044,#1020,#1046,.T.);
#1044 = VERTEX_POINT('',#1045);
#1045 = CARTESIAN_POINT('',(11.605354318352,19.5,-11.9));
#1046 = LINE('',#1047,#1048);
#1047 = CARTESIAN_POINT('',(11.25,19.5,-11.9));
#1048 = VECTOR('',#1049,1.);
#1049 = DIRECTION('',(1.,0.,-0.));
#1050 = ORIENTED_EDGE('',*,*,#1051,.F.);
#1051 = EDGE_CURVE('',#944,#1044,#1052,.T.);
#1052 = LINE('',#1053,#1054);
#1053 = CARTESIAN_POINT('',(11.605354318352,19.5,-28.));
#1054 = VECTOR('',#1055,1.);
#1055 = DIRECTION('',(-0.,-0.,-1.));
#1056 = ORIENTED_EDGE('',*,*,#952,.F.);
#1057 = PLANE('',#1058);
#1058 = AXIS2_PLACEMENT_3D('',#1059,#1060,#1061);
#1059 = CARTESIAN_POINT('',(11.25,19.5,-11.9));
#1060 = DIRECTION('',(-0.,1.,0.));
#1061 = DIRECTION('',(0.,0.,1.));
#1062 = ADVANCED_FACE('',(#1063),#1088,.T.);
#1063 = FACE_BOUND('',#1064,.T.);
#1064 = EDGE_LOOP('',(#1065,#1073,#1081,#1087));
#1065 = ORIENTED_EDGE('',*,*,#1066,.T.);
#1066 = EDGE_CURVE('',#919,#1067,#1069,.T.);
#1067 = VERTEX_POINT('',#1068);
#1068 = CARTESIAN_POINT('',(-11.60535431835,19.5,-11.9));
#1069 = LINE('',#1070,#1071);
#1070 = CARTESIAN_POINT('',(-11.60535431835,19.5,-28.));
#1071 = VECTOR('',#1072,1.);
#1072 = DIRECTION('',(-0.,-0.,-1.));
#1073 = ORIENTED_EDGE('',*,*,#1074,.F.);
#1074 = EDGE_CURVE('',#1075,#1067,#1077,.T.);
#1075 = VERTEX_POINT('',#1076);
#1076 = CARTESIAN_POINT('',(-12.335,19.5,-11.9));
#1077 = LINE('',#1078,#1079);
#1078 = CARTESIAN_POINT('',(-12.335,19.5,-11.9));
#1079 = VECTOR('',#1080,1.);
#1080 = DIRECTION('',(1.,0.,-0.));
#1081 = ORIENTED_EDGE('',*,*,#1082,.T.);
#1082 = EDGE_CURVE('',#1075,#911,#1083,.T.);
#1083 = LINE('',#1084,#1085);
#1084 = CARTESIAN_POINT('',(-12.335,19.5,-11.9));
#1085 = VECTOR('',#1086,1.);
#1086 = DIRECTION('',(0.,0.,1.));
#1087 = ORIENTED_EDGE('',*,*,#918,.F.);
#1088 = PLANE('',#1089);
#1089 = AXIS2_PLACEMENT_3D('',#1090,#1091,#1092);
#1090 = CARTESIAN_POINT('',(-12.335,19.5,-11.9));
#1091 = DIRECTION('',(-0.,1.,0.));
#1092 = DIRECTION('',(0.,0.,1.));
#1093 = ADVANCED_FACE('',(#1094),#1112,.F.);
#1094 = FACE_BOUND('',#1095,.F.);
#1095 = EDGE_LOOP('',(#1096,#1104,#1110,#1111));
#1096 = ORIENTED_EDGE('',*,*,#1097,.T.);
#1097 = EDGE_CURVE('',#902,#1098,#1100,.T.);
#1098 = VERTEX_POINT('',#1099);
#1099 = CARTESIAN_POINT('',(-12.335,17.526596317936,-11.9));
#1100 = LINE('',#1101,#1102);
#1101 = CARTESIAN_POINT('',(-12.335,17.526596317936,-28.));
#1102 = VECTOR('',#1103,1.);
#1103 = DIRECTION('',(-0.,-0.,-1.));
#1104 = ORIENTED_EDGE('',*,*,#1105,.T.);
#1105 = EDGE_CURVE('',#1098,#1075,#1106,.T.);
#1106 = LINE('',#1107,#1108);
#1107 = CARTESIAN_POINT('',(-12.335,17.5,-11.9));
#1108 = VECTOR('',#1109,1.);
#1109 = DIRECTION('',(-0.,1.,0.));
#1110 = ORIENTED_EDGE('',*,*,#1082,.T.);
#1111 = ORIENTED_EDGE('',*,*,#910,.F.);
#1112 = PLANE('',#1113);
#1113 = AXIS2_PLACEMENT_3D('',#1114,#1115,#1116);
#1114 = CARTESIAN_POINT('',(-12.335,17.5,-11.9));
#1115 = DIRECTION('',(1.,0.,-0.));
#1116 = DIRECTION('',(0.,0.,1.));
#1117 = ADVANCED_FACE('',(#1118),#1129,.F.);
#1118 = FACE_BOUND('',#1119,.F.);
#1119 = EDGE_LOOP('',(#1120,#1121,#1128));
#1120 = ORIENTED_EDGE('',*,*,#1043,.F.);
#1121 = ORIENTED_EDGE('',*,*,#1122,.T.);
#1122 = EDGE_CURVE('',#1044,#1012,#1123,.T.);
#1123 = CIRCLE('',#1124,5.9);
#1124 = AXIS2_PLACEMENT_3D('',#1125,#1126,#1127);
#1125 = CARTESIAN_POINT('',(6.525,16.5,-11.9));
#1126 = DIRECTION('',(0.,-0.,-1.));
#1127 = DIRECTION('',(1.,-1.204309721627E-15,0.));
#1128 = ORIENTED_EDGE('',*,*,#1019,.T.);
#1129 = PLANE('',#1130);
#1130 = AXIS2_PLACEMENT_3D('',#1131,#1132,#1133);
#1131 = CARTESIAN_POINT('',(11.25,17.5,-11.9));
#1132 = DIRECTION('',(0.,0.,1.));
#1133 = DIRECTION('',(1.,0.,-0.));
#1134 = ADVANCED_FACE('',(#1135),#1146,.F.);
#1135 = FACE_BOUND('',#1136,.F.);
#1136 = EDGE_LOOP('',(#1137,#1138,#1145));
#1137 = ORIENTED_EDGE('',*,*,#1105,.F.);
#1138 = ORIENTED_EDGE('',*,*,#1139,.T.);
#1139 = EDGE_CURVE('',#1098,#1067,#1140,.T.);
#1140 = CIRCLE('',#1141,5.9);
#1141 = AXIS2_PLACEMENT_3D('',#1142,#1143,#1144);
#1142 = CARTESIAN_POINT('',(-6.525,16.5,-11.9));
#1143 = DIRECTION('',(0.,-0.,-1.));
#1144 = DIRECTION('',(9.032322912205E-16,1.,-0.));
#1145 = ORIENTED_EDGE('',*,*,#1074,.F.);
#1146 = PLANE('',#1147);
#1147 = AXIS2_PLACEMENT_3D('',#1148,#1149,#1150);
#1148 = CARTESIAN_POINT('',(-12.335,17.5,-11.9));
#1149 = DIRECTION('',(0.,0.,1.));
#1150 = DIRECTION('',(1.,0.,-0.));
#1151 = ADVANCED_FACE('',(#1152),#1170,.T.);
#1152 = FACE_BOUND('',#1153,.T.);
#1153 = EDGE_LOOP('',(#1154,#1160,#1161,#1162,#1163,#1169));
#1154 = ORIENTED_EDGE('',*,*,#1155,.F.);
#1155 = EDGE_CURVE('',#862,#145,#1156,.T.);
#1156 = LINE('',#1157,#1158);
#1157 = CARTESIAN_POINT('',(12.425,16.5,-2.6));
#1158 = VECTOR('',#1159,1.);
#1159 = DIRECTION('',(0.,0.,1.));
#1160 = ORIENTED_EDGE('',*,*,#861,.F.);
#1161 = ORIENTED_EDGE('',*,*,#780,.F.);
#1162 = ORIENTED_EDGE('',*,*,#732,.T.);
#1163 = ORIENTED_EDGE('',*,*,#1164,.T.);
#1164 = EDGE_CURVE('',#533,#92,#1165,.T.);
#1165 = LINE('',#1166,#1167);
#1166 = CARTESIAN_POINT('',(12.425,-16.5,-28.));
#1167 = VECTOR('',#1168,1.);
#1168 = DIRECTION('',(0.,0.,1.));
#1169 = ORIENTED_EDGE('',*,*,#153,.F.);
#1170 = PLANE('',#1171);
#1171 = AXIS2_PLACEMENT_3D('',#1172,#1173,#1174);
#1172 = CARTESIAN_POINT('',(12.425,0.,0.));
#1173 = DIRECTION('',(-1.,-0.,-0.));
#1174 = DIRECTION('',(0.,0.,-1.));
#1175 = ADVANCED_FACE('',(#1176),#1192,.T.);
#1176 = FACE_BOUND('',#1177,.T.);
#1177 = EDGE_LOOP('',(#1178,#1184,#1185,#1191));
#1178 = ORIENTED_EDGE('',*,*,#1179,.F.);
#1179 = EDGE_CURVE('',#927,#128,#1180,.T.);
#1180 = LINE('',#1181,#1182);
#1181 = CARTESIAN_POINT('',(-6.525,22.4,-2.6));
#1182 = VECTOR('',#1183,1.);
#1183 = DIRECTION('',(0.,0.,1.));
#1184 = ORIENTED_EDGE('',*,*,#935,.T.);
#1185 = ORIENTED_EDGE('',*,*,#1186,.T.);
#1186 = EDGE_CURVE('',#936,#137,#1187,.T.);
#1187 = LINE('',#1188,#1189);
#1188 = CARTESIAN_POINT('',(6.525,22.4,-28.));
#1189 = VECTOR('',#1190,1.);
#1190 = DIRECTION('',(0.,0.,1.));
#1191 = ORIENTED_EDGE('',*,*,#136,.F.);
#1192 = PLANE('',#1193);
#1193 = AXIS2_PLACEMENT_3D('',#1194,#1195,#1196);
#1194 = CARTESIAN_POINT('',(-2.814030636674E-16,22.4,1.9));
#1195 = DIRECTION('',(-0.,-1.,-0.));
#1196 = DIRECTION('',(0.,0.,-1.));
#1197 = ADVANCED_FACE('',(#1198),#1216,.T.);
#1198 = FACE_BOUND('',#1199,.T.);
#1199 = EDGE_LOOP('',(#1200,#1206,#1207,#1208,#1209,#1215));
#1200 = ORIENTED_EDGE('',*,*,#1201,.F.);
#1201 = EDGE_CURVE('',#515,#111,#1202,.T.);
#1202 = LINE('',#1203,#1204);
#1203 = CARTESIAN_POINT('',(-12.425,-16.5,-2.6));
#1204 = VECTOR('',#1205,1.);
#1205 = DIRECTION('',(0.,0.,1.));
#1206 = ORIENTED_EDGE('',*,*,#706,.F.);
#1207 = ORIENTED_EDGE('',*,*,#619,.T.);
#1208 = ORIENTED_EDGE('',*,*,#563,.T.);
#1209 = ORIENTED_EDGE('',*,*,#1210,.T.);
#1210 = EDGE_CURVE('',#566,#120,#1211,.T.);
#1211 = LINE('',#1212,#1213);
#1212 = CARTESIAN_POINT('',(-12.425,16.5,-28.));
#1213 = VECTOR('',#1214,1.);
#1214 = DIRECTION('',(0.,0.,1.));
#1215 = ORIENTED_EDGE('',*,*,#119,.F.);
#1216 = PLANE('',#1217);
#1217 = AXIS2_PLACEMENT_3D('',#1218,#1219,#1220);
#1218 = CARTESIAN_POINT('',(-12.425,5.800348863348E-16,0.));
#1219 = DIRECTION('',(1.,0.,0.));
#1220 = DIRECTION('',(-0.,0.,1.));
#1221 = ADVANCED_FACE('',(#1222),#1238,.T.);
#1222 = FACE_BOUND('',#1223,.T.);
#1223 = EDGE_LOOP('',(#1224,#1230,#1231,#1237));
#1224 = ORIENTED_EDGE('',*,*,#1225,.F.);
#1225 = EDGE_CURVE('',#541,#94,#1226,.T.);
#1226 = LINE('',#1227,#1228);
#1227 = CARTESIAN_POINT('',(6.525,-22.4,-2.6));
#1228 = VECTOR('',#1229,1.);
#1229 = DIRECTION('',(0.,0.,1.));
#1230 = ORIENTED_EDGE('',*,*,#549,.T.);
#1231 = ORIENTED_EDGE('',*,*,#1232,.T.);
#1232 = EDGE_CURVE('',#513,#103,#1233,.T.);
#1233 = LINE('',#1234,#1235);
#1234 = CARTESIAN_POINT('',(-6.525,-22.4,-28.));
#1235 = VECTOR('',#1236,1.);
#1236 = DIRECTION('',(0.,0.,1.));
#1237 = ORIENTED_EDGE('',*,*,#102,.F.);
#1238 = PLANE('',#1239);
#1239 = AXIS2_PLACEMENT_3D('',#1240,#1241,#1242);
#1240 = CARTESIAN_POINT('',(2.814030636674E-16,-22.4,1.9));
#1241 = DIRECTION('',(0.,1.,0.));
#1242 = DIRECTION('',(0.,-0.,1.));
#1243 = ADVANCED_FACE('',(#1244),#1250,.F.);
#1244 = FACE_BOUND('',#1245,.T.);
#1245 = EDGE_LOOP('',(#1246,#1247,#1248,#1249));
#1246 = ORIENTED_EDGE('',*,*,#1164,.F.);
#1247 = ORIENTED_EDGE('',*,*,#540,.T.);
#1248 = ORIENTED_EDGE('',*,*,#1225,.T.);
#1249 = ORIENTED_EDGE('',*,*,#91,.F.);
#1250 = CYLINDRICAL_SURFACE('',#1251,5.9);
#1251 = AXIS2_PLACEMENT_3D('',#1252,#1253,#1254);
#1252 = CARTESIAN_POINT('',(6.525,-16.5,-2.6));
#1253 = DIRECTION('',(-0.,-0.,-1.));
#1254 = DIRECTION('',(-9.032322912205E-16,-1.,0.));
#1255 = ADVANCED_FACE('',(#1256),#1266,.F.);
#1256 = FACE_BOUND('',#1257,.T.);
#1257 = EDGE_LOOP('',(#1258,#1259,#1260,#1261,#1262,#1263,#1264,#1265));
#1258 = ORIENTED_EDGE('',*,*,#1155,.T.);
#1259 = ORIENTED_EDGE('',*,*,#144,.F.);
#1260 = ORIENTED_EDGE('',*,*,#1186,.F.);
#1261 = ORIENTED_EDGE('',*,*,#943,.T.);
#1262 = ORIENTED_EDGE('',*,*,#1051,.T.);
#1263 = ORIENTED_EDGE('',*,*,#1122,.T.);
#1264 = ORIENTED_EDGE('',*,*,#1011,.F.);
#1265 = ORIENTED_EDGE('',*,*,#968,.T.);
#1266 = CYLINDRICAL_SURFACE('',#1267,5.9);
#1267 = AXIS2_PLACEMENT_3D('',#1268,#1269,#1270);
#1268 = CARTESIAN_POINT('',(6.525,16.5,-2.6));
#1269 = DIRECTION('',(-0.,-0.,-1.));
#1270 = DIRECTION('',(1.,-1.204309721627E-15,0.));
#1271 = ADVANCED_FACE('',(#1272),#1282,.F.);
#1272 = FACE_BOUND('',#1273,.T.);
#1273 = EDGE_LOOP('',(#1274,#1275,#1276,#1277,#1278,#1279,#1280,#1281));
#1274 = ORIENTED_EDGE('',*,*,#1210,.F.);
#1275 = ORIENTED_EDGE('',*,*,#901,.T.);
#1276 = ORIENTED_EDGE('',*,*,#1097,.T.);
#1277 = ORIENTED_EDGE('',*,*,#1139,.T.);
#1278 = ORIENTED_EDGE('',*,*,#1066,.F.);
#1279 = ORIENTED_EDGE('',*,*,#926,.T.);
#1280 = ORIENTED_EDGE('',*,*,#1179,.T.);
#1281 = ORIENTED_EDGE('',*,*,#127,.F.);
#1282 = CYLINDRICAL_SURFACE('',#1283,5.9);
#1283 = AXIS2_PLACEMENT_3D('',#1284,#1285,#1286);
#1284 = CARTESIAN_POINT('',(-6.525,16.5,-2.6));
#1285 = DIRECTION('',(-0.,-0.,-1.));
#1286 = DIRECTION('',(9.032322912205E-16,1.,-0.));
#1287 = ADVANCED_FACE('',(#1288),#1294,.F.);
#1288 = FACE_BOUND('',#1289,.T.);
#1289 = EDGE_LOOP('',(#1290,#1291,#1292,#1293));
#1290 = ORIENTED_EDGE('',*,*,#1201,.T.);
#1291 = ORIENTED_EDGE('',*,*,#110,.F.);
#1292 = ORIENTED_EDGE('',*,*,#1232,.F.);
#1293 = ORIENTED_EDGE('',*,*,#512,.T.);
#1294 = CYLINDRICAL_SURFACE('',#1295,5.9);
#1295 = AXIS2_PLACEMENT_3D('',#1296,#1297,#1298);
#1296 = CARTESIAN_POINT('',(-6.525,-16.5,-2.6));
#1297 = DIRECTION('',(-0.,-0.,-1.));
#1298 = DIRECTION('',(-1.,1.204309721627E-15,0.));
#1299 = MANIFOLD_SOLID_BREP('',#1300);
#1300 = CLOSED_SHELL('',(#1301,#1755,#1786,#1810,#1850,#1909,#1933,#1957
    ,#1974,#2001,#2025,#2084,#2111,#2135,#2159,#2176,#2216,#2240,#2264,
    #2288,#2321,#2345,#2378,#2395,#2420,#2451,#2507,#2531,#2548,#2641,
    #2666,#2697,#2721,#2777,#2794,#2848,#2872,#2896,#2920,#2967,#2984,
    #3008,#3032,#3049,#3066,#3091,#3104,#3188,#3200,#3217,#3229,#3246,
    #3259,#3276,#3293,#3316,#3328,#3376,#3400,#3479,#3503,#3543,#3560,
    #3577,#3594,#3606,#3618,#3725,#3742,#3759,#3771,#3788,#3805,#3817,
    #3848,#3872,#3896,#3920,#3944,#3968,#3992,#4016,#4040,#4064,#4088,
    #4105));
#1301 = ADVANCED_FACE('',(#1302,#1540,#1551,#1585,#1596,#1607,#1641,
    #1739),#1750,.F.);
#1302 = FACE_BOUND('',#1303,.F.);
#1303 = EDGE_LOOP('',(#1304,#1314,#1322,#1331,#1339,#1348,#1356,#1364,
    #1372,#1380,#1389,#1397,#1405,#1413,#1422,#1431,#1440,#1449,#1457,
    #1466,#1475,#1484,#1493,#1501,#1509,#1517,#1526,#1534));
#1304 = ORIENTED_EDGE('',*,*,#1305,.F.);
#1305 = EDGE_CURVE('',#1306,#1308,#1310,.T.);
#1306 = VERTEX_POINT('',#1307);
#1307 = CARTESIAN_POINT('',(-11.25,-17.5,-4.2));
#1308 = VERTEX_POINT('',#1309);
#1309 = CARTESIAN_POINT('',(-11.25,-15.5,-4.2));
#1310 = LINE('',#1311,#1312);
#1311 = CARTESIAN_POINT('',(-11.25,-8.75,-4.2));
#1312 = VECTOR('',#1313,1.);
#1313 = DIRECTION('',(-0.,1.,0.));
#1314 = ORIENTED_EDGE('',*,*,#1315,.T.);
#1315 = EDGE_CURVE('',#1306,#1316,#1318,.T.);
#1316 = VERTEX_POINT('',#1317);
#1317 = CARTESIAN_POINT('',(-12.23814274283,-17.5,-4.2));
#1318 = LINE('',#1319,#1320);
#1319 = CARTESIAN_POINT('',(-6.1675,-17.5,-4.2));
#1320 = VECTOR('',#1321,1.);
#1321 = DIRECTION('',(-1.,-0.,0.));
#1322 = ORIENTED_EDGE('',*,*,#1323,.F.);
#1323 = EDGE_CURVE('',#1324,#1316,#1326,.T.);
#1324 = VERTEX_POINT('',#1325);
#1325 = CARTESIAN_POINT('',(-6.525,-22.3,-4.2));
#1326 = CIRCLE('',#1327,5.8);
#1327 = AXIS2_PLACEMENT_3D('',#1328,#1329,#1330);
#1328 = CARTESIAN_POINT('',(-6.525,-16.5,-4.2));
#1329 = DIRECTION('',(-0.,0.,-1.));
#1330 = DIRECTION('',(-1.,1.225073682345E-15,0.));
#1331 = ORIENTED_EDGE('',*,*,#1332,.F.);
#1332 = EDGE_CURVE('',#1333,#1324,#1335,.T.);
#1333 = VERTEX_POINT('',#1334);
#1334 = CARTESIAN_POINT('',(6.525,-22.3,-4.2));
#1335 = LINE('',#1336,#1337);
#1336 = CARTESIAN_POINT('',(-3.2625,-22.3,-4.2));
#1337 = VECTOR('',#1338,1.);
#1338 = DIRECTION('',(-1.,0.,0.));
#1339 = ORIENTED_EDGE('',*,*,#1340,.F.);
#1340 = EDGE_CURVE('',#1341,#1333,#1343,.T.);
#1341 = VERTEX_POINT('',#1342);
#1342 = CARTESIAN_POINT('',(12.238142742834,-17.5,-4.2));
#1343 = CIRCLE('',#1344,5.8);
#1344 = AXIS2_PLACEMENT_3D('',#1345,#1346,#1347);
#1345 = CARTESIAN_POINT('',(6.525,-16.5,-4.2));
#1346 = DIRECTION('',(-0.,0.,-1.));
#1347 = DIRECTION('',(-1.071939472052E-15,-1.,0.));
#1348 = ORIENTED_EDGE('',*,*,#1349,.T.);
#1349 = EDGE_CURVE('',#1341,#1350,#1352,.T.);
#1350 = VERTEX_POINT('',#1351);
#1351 = CARTESIAN_POINT('',(11.25,-17.5,-4.2));
#1352 = LINE('',#1353,#1354);
#1353 = CARTESIAN_POINT('',(5.625,-17.5,-4.2));
#1354 = VECTOR('',#1355,1.);
#1355 = DIRECTION('',(-1.,-0.,0.));
#1356 = ORIENTED_EDGE('',*,*,#1357,.T.);
#1357 = EDGE_CURVE('',#1350,#1358,#1360,.T.);
#1358 = VERTEX_POINT('',#1359);
#1359 = CARTESIAN_POINT('',(11.25,-15.5,-4.2));
#1360 = LINE('',#1361,#1362);
#1361 = CARTESIAN_POINT('',(11.25,-8.75,-4.2));
#1362 = VECTOR('',#1363,1.);
#1363 = DIRECTION('',(-0.,1.,0.));
#1364 = ORIENTED_EDGE('',*,*,#1365,.F.);
#1365 = EDGE_CURVE('',#1366,#1358,#1368,.T.);
#1366 = VERTEX_POINT('',#1367);
#1367 = CARTESIAN_POINT('',(12.325,-15.5,-4.2));
#1368 = LINE('',#1369,#1370);
#1369 = CARTESIAN_POINT('',(5.625,-15.5,-4.2));
#1370 = VECTOR('',#1371,1.);
#1371 = DIRECTION('',(-1.,-0.,0.));
#1372 = ORIENTED_EDGE('',*,*,#1373,.F.);
#1373 = EDGE_CURVE('',#1374,#1366,#1376,.T.);
#1374 = VERTEX_POINT('',#1375);
#1375 = CARTESIAN_POINT('',(12.325,16.5,-4.2));
#1376 = LINE('',#1377,#1378);
#1377 = CARTESIAN_POINT('',(12.325,-8.25,-4.2));
#1378 = VECTOR('',#1379,1.);
#1379 = DIRECTION('',(0.,-1.,0.));
#1380 = ORIENTED_EDGE('',*,*,#1381,.F.);
#1381 = EDGE_CURVE('',#1382,#1374,#1384,.T.);
#1382 = VERTEX_POINT('',#1383);
#1383 = CARTESIAN_POINT('',(12.238142742834,17.5,-4.2));
#1384 = CIRCLE('',#1385,5.8);
#1385 = AXIS2_PLACEMENT_3D('',#1386,#1387,#1388);
#1386 = CARTESIAN_POINT('',(6.525,16.5,-4.2));
#1387 = DIRECTION('',(0.,-0.,-1.));
#1388 = DIRECTION('',(1.,-1.225073682345E-15,0.));
#1389 = ORIENTED_EDGE('',*,*,#1390,.T.);
#1390 = EDGE_CURVE('',#1382,#1391,#1393,.T.);
#1391 = VERTEX_POINT('',#1392);
#1392 = CARTESIAN_POINT('',(11.25,17.5,-4.2));
#1393 = LINE('',#1394,#1395);
#1394 = CARTESIAN_POINT('',(5.625,17.5,-4.2));
#1395 = VECTOR('',#1396,1.);
#1396 = DIRECTION('',(-1.,-0.,0.));
#1397 = ORIENTED_EDGE('',*,*,#1398,.T.);
#1398 = EDGE_CURVE('',#1391,#1399,#1401,.T.);
#1399 = VERTEX_POINT('',#1400);
#1400 = CARTESIAN_POINT('',(11.25,19.5,-4.2));
#1401 = LINE('',#1402,#1403);
#1402 = CARTESIAN_POINT('',(11.25,8.75,-4.2));
#1403 = VECTOR('',#1404,1.);
#1404 = DIRECTION('',(-0.,1.,0.));
#1405 = ORIENTED_EDGE('',*,*,#1406,.F.);
#1406 = EDGE_CURVE('',#1407,#1399,#1409,.T.);
#1407 = VERTEX_POINT('',#1408);
#1408 = CARTESIAN_POINT('',(11.488869458396,19.5,-4.2));
#1409 = LINE('',#1410,#1411);
#1410 = CARTESIAN_POINT('',(5.625,19.5,-4.2));
#1411 = VECTOR('',#1412,1.);
#1412 = DIRECTION('',(-1.,-0.,0.));
#1413 = ORIENTED_EDGE('',*,*,#1414,.F.);
#1414 = EDGE_CURVE('',#1415,#1407,#1417,.T.);
#1415 = VERTEX_POINT('',#1416);
#1416 = CARTESIAN_POINT('',(10.306280730325,20.89794452426,-4.2));
#1417 = CIRCLE('',#1418,5.8);
#1418 = AXIS2_PLACEMENT_3D('',#1419,#1420,#1421);
#1419 = CARTESIAN_POINT('',(6.525,16.5,-4.2));
#1420 = DIRECTION('',(0.,-0.,-1.));
#1421 = DIRECTION('',(1.,-1.225073682345E-15,0.));
#1422 = ORIENTED_EDGE('',*,*,#1423,.F.);
#1423 = EDGE_CURVE('',#1424,#1415,#1426,.T.);
#1424 = VERTEX_POINT('',#1425);
#1425 = CARTESIAN_POINT('',(10.88,19.5,-4.2));
#1426 = CIRCLE('',#1427,1.99);
#1427 = AXIS2_PLACEMENT_3D('',#1428,#1429,#1430);
#1428 = CARTESIAN_POINT('',(8.89,19.5,-4.2));
#1429 = DIRECTION('',(0.,0.,1.));
#1430 = DIRECTION('',(1.,0.,-0.));
#1431 = ORIENTED_EDGE('',*,*,#1432,.F.);
#1432 = EDGE_CURVE('',#1433,#1424,#1435,.T.);
#1433 = VERTEX_POINT('',#1434);
#1434 = CARTESIAN_POINT('',(9.918688519104,21.203496384107,-4.2));
#1435 = CIRCLE('',#1436,1.99);
#1436 = AXIS2_PLACEMENT_3D('',#1437,#1438,#1439);
#1437 = CARTESIAN_POINT('',(8.89,19.5,-4.2));
#1438 = DIRECTION('',(0.,0.,1.));
#1439 = DIRECTION('',(1.,0.,-0.));
#1440 = ORIENTED_EDGE('',*,*,#1441,.F.);
#1441 = EDGE_CURVE('',#1442,#1433,#1444,.T.);
#1442 = VERTEX_POINT('',#1443);
#1443 = CARTESIAN_POINT('',(6.525,22.3,-4.2));
#1444 = CIRCLE('',#1445,5.8);
#1445 = AXIS2_PLACEMENT_3D('',#1446,#1447,#1448);
#1446 = CARTESIAN_POINT('',(6.525,16.5,-4.2));
#1447 = DIRECTION('',(0.,-0.,-1.));
#1448 = DIRECTION('',(1.,-1.225073682345E-15,0.));
#1449 = ORIENTED_EDGE('',*,*,#1450,.F.);
#1450 = EDGE_CURVE('',#1451,#1442,#1453,.T.);
#1451 = VERTEX_POINT('',#1452);
#1452 = CARTESIAN_POINT('',(-6.525,22.3,-4.2));
#1453 = LINE('',#1454,#1455);
#1454 = CARTESIAN_POINT('',(3.2625,22.3,-4.2));
#1455 = VECTOR('',#1456,1.);
#1456 = DIRECTION('',(1.,0.,-0.));
#1457 = ORIENTED_EDGE('',*,*,#1458,.F.);
#1458 = EDGE_CURVE('',#1459,#1451,#1461,.T.);
#1459 = VERTEX_POINT('',#1460);
#1460 = CARTESIAN_POINT('',(-9.918688519104,21.203496384107,-4.2));
#1461 = CIRCLE('',#1462,5.8);
#1462 = AXIS2_PLACEMENT_3D('',#1463,#1464,#1465);
#1463 = CARTESIAN_POINT('',(-6.525,16.5,-4.2));
#1464 = DIRECTION('',(0.,-0.,-1.));
#1465 = DIRECTION('',(1.071939472052E-15,1.,-0.));
#1466 = ORIENTED_EDGE('',*,*,#1467,.F.);
#1467 = EDGE_CURVE('',#1468,#1459,#1470,.T.);
#1468 = VERTEX_POINT('',#1469);
#1469 = CARTESIAN_POINT('',(-6.9,19.5,-4.2));
#1470 = CIRCLE('',#1471,1.99);
#1471 = AXIS2_PLACEMENT_3D('',#1472,#1473,#1474);
#1472 = CARTESIAN_POINT('',(-8.89,19.5,-4.2));
#1473 = DIRECTION('',(0.,0.,1.));
#1474 = DIRECTION('',(1.,0.,-0.));
#1475 = ORIENTED_EDGE('',*,*,#1476,.F.);
#1476 = EDGE_CURVE('',#1477,#1468,#1479,.T.);
#1477 = VERTEX_POINT('',#1478);
#1478 = CARTESIAN_POINT('',(-10.30628073032,20.89794452426,-4.2));
#1479 = CIRCLE('',#1480,1.99);
#1480 = AXIS2_PLACEMENT_3D('',#1481,#1482,#1483);
#1481 = CARTESIAN_POINT('',(-8.89,19.5,-4.2));
#1482 = DIRECTION('',(0.,0.,1.));
#1483 = DIRECTION('',(1.,0.,-0.));
#1484 = ORIENTED_EDGE('',*,*,#1485,.F.);
#1485 = EDGE_CURVE('',#1486,#1477,#1488,.T.);
#1486 = VERTEX_POINT('',#1487);
#1487 = CARTESIAN_POINT('',(-11.48886945839,19.5,-4.2));
#1488 = CIRCLE('',#1489,5.8);
#1489 = AXIS2_PLACEMENT_3D('',#1490,#1491,#1492);
#1490 = CARTESIAN_POINT('',(-6.525,16.5,-4.2));
#1491 = DIRECTION('',(0.,-0.,-1.));
#1492 = DIRECTION('',(1.071939472052E-15,1.,-0.));
#1493 = ORIENTED_EDGE('',*,*,#1494,.F.);
#1494 = EDGE_CURVE('',#1495,#1486,#1497,.T.);
#1495 = VERTEX_POINT('',#1496);
#1496 = CARTESIAN_POINT('',(-11.25,19.5,-4.2));
#1497 = LINE('',#1498,#1499);
#1498 = CARTESIAN_POINT('',(-6.1675,19.5,-4.2));
#1499 = VECTOR('',#1500,1.);
#1500 = DIRECTION('',(-1.,-0.,0.));
#1501 = ORIENTED_EDGE('',*,*,#1502,.F.);
#1502 = EDGE_CURVE('',#1503,#1495,#1505,.T.);
#1503 = VERTEX_POINT('',#1504);
#1504 = CARTESIAN_POINT('',(-11.25,17.5,-4.2));
#1505 = LINE('',#1506,#1507);
#1506 = CARTESIAN_POINT('',(-11.25,8.75,-4.2));
#1507 = VECTOR('',#1508,1.);
#1508 = DIRECTION('',(-0.,1.,0.));
#1509 = ORIENTED_EDGE('',*,*,#1510,.T.);
#1510 = EDGE_CURVE('',#1503,#1511,#1513,.T.);
#1511 = VERTEX_POINT('',#1512);
#1512 = CARTESIAN_POINT('',(-12.23814274283,17.5,-4.2));
#1513 = LINE('',#1514,#1515);
#1514 = CARTESIAN_POINT('',(-6.1675,17.5,-4.2));
#1515 = VECTOR('',#1516,1.);
#1516 = DIRECTION('',(-1.,-0.,0.));
#1517 = ORIENTED_EDGE('',*,*,#1518,.F.);
#1518 = EDGE_CURVE('',#1519,#1511,#1521,.T.);
#1519 = VERTEX_POINT('',#1520);
#1520 = CARTESIAN_POINT('',(-12.325,16.5,-4.2));
#1521 = CIRCLE('',#1522,5.8);
#1522 = AXIS2_PLACEMENT_3D('',#1523,#1524,#1525);
#1523 = CARTESIAN_POINT('',(-6.525,16.5,-4.2));
#1524 = DIRECTION('',(0.,-0.,-1.));
#1525 = DIRECTION('',(1.071939472052E-15,1.,-0.));
#1526 = ORIENTED_EDGE('',*,*,#1527,.F.);
#1527 = EDGE_CURVE('',#1528,#1519,#1530,.T.);
#1528 = VERTEX_POINT('',#1529);
#1529 = CARTESIAN_POINT('',(-12.325,-15.5,-4.2));
#1530 = LINE('',#1531,#1532);
#1531 = CARTESIAN_POINT('',(-12.325,8.25,-4.2));
#1532 = VECTOR('',#1533,1.);
#1533 = DIRECTION('',(-0.,1.,0.));
#1534 = ORIENTED_EDGE('',*,*,#1535,.F.);
#1535 = EDGE_CURVE('',#1308,#1528,#1536,.T.);
#1536 = LINE('',#1537,#1538);
#1537 = CARTESIAN_POINT('',(-6.1675,-15.5,-4.2));
#1538 = VECTOR('',#1539,1.);
#1539 = DIRECTION('',(-1.,-0.,0.));
#1540 = FACE_BOUND('',#1541,.F.);
#1541 = EDGE_LOOP('',(#1542));
#1542 = ORIENTED_EDGE('',*,*,#1543,.F.);
#1543 = EDGE_CURVE('',#1544,#1544,#1546,.T.);
#1544 = VERTEX_POINT('',#1545);
#1545 = CARTESIAN_POINT('',(-6.51,-19.5,-4.2));
#1546 = CIRCLE('',#1547,1.99);
#1547 = AXIS2_PLACEMENT_3D('',#1548,#1549,#1550);
#1548 = CARTESIAN_POINT('',(-8.5,-19.5,-4.2));
#1549 = DIRECTION('',(0.,0.,1.));
#1550 = DIRECTION('',(1.,0.,-0.));
#1551 = FACE_BOUND('',#1552,.F.);
#1552 = EDGE_LOOP('',(#1553,#1563,#1571,#1579));
#1553 = ORIENTED_EDGE('',*,*,#1554,.T.);
#1554 = EDGE_CURVE('',#1555,#1557,#1559,.T.);
#1555 = VERTEX_POINT('',#1556);
#1556 = CARTESIAN_POINT('',(-7.39,-16.6,-4.2));
#1557 = VERTEX_POINT('',#1558);
#1558 = CARTESIAN_POINT('',(-10.39,-16.6,-4.2));
#1559 = LINE('',#1560,#1561);
#1560 = CARTESIAN_POINT('',(-5.195,-16.6,-4.2));
#1561 = VECTOR('',#1562,1.);
#1562 = DIRECTION('',(-1.,-0.,0.));
#1563 = ORIENTED_EDGE('',*,*,#1564,.T.);
#1564 = EDGE_CURVE('',#1557,#1565,#1567,.T.);
#1565 = VERTEX_POINT('',#1566);
#1566 = CARTESIAN_POINT('',(-10.39,10.9,-4.2));
#1567 = LINE('',#1568,#1569);
#1568 = CARTESIAN_POINT('',(-10.39,-8.3,-4.2));
#1569 = VECTOR('',#1570,1.);
#1570 = DIRECTION('',(-0.,1.,0.));
#1571 = ORIENTED_EDGE('',*,*,#1572,.F.);
#1572 = EDGE_CURVE('',#1573,#1565,#1575,.T.);
#1573 = VERTEX_POINT('',#1574);
#1574 = CARTESIAN_POINT('',(-7.39,10.9,-4.2));
#1575 = LINE('',#1576,#1577);
#1576 = CARTESIAN_POINT('',(-5.195,10.9,-4.2));
#1577 = VECTOR('',#1578,1.);
#1578 = DIRECTION('',(-1.,-0.,0.));
#1579 = ORIENTED_EDGE('',*,*,#1580,.F.);
#1580 = EDGE_CURVE('',#1555,#1573,#1581,.T.);
#1581 = LINE('',#1582,#1583);
#1582 = CARTESIAN_POINT('',(-7.39,-8.3,-4.2));
#1583 = VECTOR('',#1584,1.);
#1584 = DIRECTION('',(-0.,1.,0.));
#1585 = FACE_BOUND('',#1586,.F.);
#1586 = EDGE_LOOP('',(#1587));
#1587 = ORIENTED_EDGE('',*,*,#1588,.F.);
#1588 = EDGE_CURVE('',#1589,#1589,#1591,.T.);
#1589 = VERTEX_POINT('',#1590);
#1590 = CARTESIAN_POINT('',(2.75,-13.,-4.2));
#1591 = CIRCLE('',#1592,2.75);
#1592 = AXIS2_PLACEMENT_3D('',#1593,#1594,#1595);
#1593 = CARTESIAN_POINT('',(0.,-13.,-4.2));
#1594 = DIRECTION('',(0.,0.,1.));
#1595 = DIRECTION('',(1.,0.,-0.));
#1596 = FACE_BOUND('',#1597,.F.);
#1597 = EDGE_LOOP('',(#1598));
#1598 = ORIENTED_EDGE('',*,*,#1599,.F.);
#1599 = EDGE_CURVE('',#1600,#1600,#1602,.T.);
#1600 = VERTEX_POINT('',#1601);
#1601 = CARTESIAN_POINT('',(10.49,-19.5,-4.2));
#1602 = CIRCLE('',#1603,1.99);
#1603 = AXIS2_PLACEMENT_3D('',#1604,#1605,#1606);
#1604 = CARTESIAN_POINT('',(8.5,-19.5,-4.2));
#1605 = DIRECTION('',(0.,0.,1.));
#1606 = DIRECTION('',(1.,0.,-0.));
#1607 = FACE_BOUND('',#1608,.F.);
#1608 = EDGE_LOOP('',(#1609,#1619,#1627,#1635));
#1609 = ORIENTED_EDGE('',*,*,#1610,.T.);
#1610 = EDGE_CURVE('',#1611,#1613,#1615,.T.);
#1611 = VERTEX_POINT('',#1612);
#1612 = CARTESIAN_POINT('',(10.39,-16.6,-4.2));
#1613 = VERTEX_POINT('',#1614);
#1614 = CARTESIAN_POINT('',(7.39,-16.6,-4.2));
#1615 = LINE('',#1616,#1617);
#1616 = CARTESIAN_POINT('',(3.695,-16.6,-4.2));
#1617 = VECTOR('',#1618,1.);
#1618 = DIRECTION('',(-1.,-0.,0.));
#1619 = ORIENTED_EDGE('',*,*,#1620,.T.);
#1620 = EDGE_CURVE('',#1613,#1621,#1623,.T.);
#1621 = VERTEX_POINT('',#1622);
#1622 = CARTESIAN_POINT('',(7.39,10.9,-4.2));
#1623 = LINE('',#1624,#1625);
#1624 = CARTESIAN_POINT('',(7.39,-8.3,-4.2));
#1625 = VECTOR('',#1626,1.);
#1626 = DIRECTION('',(-0.,1.,0.));
#1627 = ORIENTED_EDGE('',*,*,#1628,.F.);
#1628 = EDGE_CURVE('',#1629,#1621,#1631,.T.);
#1629 = VERTEX_POINT('',#1630);
#1630 = CARTESIAN_POINT('',(10.39,10.9,-4.2));
#1631 = LINE('',#1632,#1633);
#1632 = CARTESIAN_POINT('',(3.695,10.9,-4.2));
#1633 = VECTOR('',#1634,1.);
#1634 = DIRECTION('',(-1.,-0.,0.));
#1635 = ORIENTED_EDGE('',*,*,#1636,.F.);
#1636 = EDGE_CURVE('',#1611,#1629,#1637,.T.);
#1637 = LINE('',#1638,#1639);
#1638 = CARTESIAN_POINT('',(10.39,-8.3,-4.2));
#1639 = VECTOR('',#1640,1.);
#1640 = DIRECTION('',(-0.,1.,0.));
#1641 = FACE_BOUND('',#1642,.F.);
#1642 = EDGE_LOOP('',(#1643,#1653,#1661,#1669,#1677,#1685,#1693,#1701,
    #1709,#1717,#1725,#1733));
#1643 = ORIENTED_EDGE('',*,*,#1644,.T.);
#1644 = EDGE_CURVE('',#1645,#1647,#1649,.T.);
#1645 = VERTEX_POINT('',#1646);
#1646 = CARTESIAN_POINT('',(6.4,-1.5,-4.2));
#1647 = VERTEX_POINT('',#1648);
#1648 = CARTESIAN_POINT('',(6.4,0.2,-4.2));
#1649 = LINE('',#1650,#1651);
#1650 = CARTESIAN_POINT('',(6.4,-0.75,-4.2));
#1651 = VECTOR('',#1652,1.);
#1652 = DIRECTION('',(-0.,1.,0.));
#1653 = ORIENTED_EDGE('',*,*,#1654,.T.);
#1654 = EDGE_CURVE('',#1647,#1655,#1657,.T.);
#1655 = VERTEX_POINT('',#1656);
#1656 = CARTESIAN_POINT('',(-6.4,0.2,-4.2));
#1657 = LINE('',#1658,#1659);
#1658 = CARTESIAN_POINT('',(-3.2,0.2,-4.2));
#1659 = VECTOR('',#1660,1.);
#1660 = DIRECTION('',(-1.,-0.,0.));
#1661 = ORIENTED_EDGE('',*,*,#1662,.F.);
#1662 = EDGE_CURVE('',#1663,#1655,#1665,.T.);
#1663 = VERTEX_POINT('',#1664);
#1664 = CARTESIAN_POINT('',(-6.4,-1.5,-4.2));
#1665 = LINE('',#1666,#1667);
#1666 = CARTESIAN_POINT('',(-6.4,-0.75,-4.2));
#1667 = VECTOR('',#1668,1.);
#1668 = DIRECTION('',(-0.,1.,0.));
#1669 = ORIENTED_EDGE('',*,*,#1670,.T.);
#1670 = EDGE_CURVE('',#1663,#1671,#1673,.T.);
#1671 = VERTEX_POINT('',#1672);
#1672 = CARTESIAN_POINT('',(-7.29,-1.5,-4.2));
#1673 = LINE('',#1674,#1675);
#1674 = CARTESIAN_POINT('',(-3.645,-1.5,-4.2));
#1675 = VECTOR('',#1676,1.);
#1676 = DIRECTION('',(-1.,-0.,0.));
#1677 = ORIENTED_EDGE('',*,*,#1678,.T.);
#1678 = EDGE_CURVE('',#1671,#1679,#1681,.T.);
#1679 = VERTEX_POINT('',#1680);
#1680 = CARTESIAN_POINT('',(-7.29,4.5,-4.2));
#1681 = LINE('',#1682,#1683);
#1682 = CARTESIAN_POINT('',(-7.29,-0.75,-4.2));
#1683 = VECTOR('',#1684,1.);
#1684 = DIRECTION('',(-0.,1.,0.));
#1685 = ORIENTED_EDGE('',*,*,#1686,.F.);
#1686 = EDGE_CURVE('',#1687,#1679,#1689,.T.);
#1687 = VERTEX_POINT('',#1688);
#1688 = CARTESIAN_POINT('',(-6.4,4.5,-4.2));
#1689 = LINE('',#1690,#1691);
#1690 = CARTESIAN_POINT('',(-3.645,4.5,-4.2));
#1691 = VECTOR('',#1692,1.);
#1692 = DIRECTION('',(-1.,-0.,0.));
#1693 = ORIENTED_EDGE('',*,*,#1694,.F.);
#1694 = EDGE_CURVE('',#1695,#1687,#1697,.T.);
#1695 = VERTEX_POINT('',#1696);
#1696 = CARTESIAN_POINT('',(-6.4,2.8,-4.2));
#1697 = LINE('',#1698,#1699);
#1698 = CARTESIAN_POINT('',(-6.4,-0.75,-4.2));
#1699 = VECTOR('',#1700,1.);
#1700 = DIRECTION('',(-0.,1.,0.));
#1701 = ORIENTED_EDGE('',*,*,#1702,.F.);
#1702 = EDGE_CURVE('',#1703,#1695,#1705,.T.);
#1703 = VERTEX_POINT('',#1704);
#1704 = CARTESIAN_POINT('',(6.4,2.8,-4.2));
#1705 = LINE('',#1706,#1707);
#1706 = CARTESIAN_POINT('',(-3.2,2.8,-4.2));
#1707 = VECTOR('',#1708,1.);
#1708 = DIRECTION('',(-1.,-0.,0.));
#1709 = ORIENTED_EDGE('',*,*,#1710,.T.);
#1710 = EDGE_CURVE('',#1703,#1711,#1713,.T.);
#1711 = VERTEX_POINT('',#1712);
#1712 = CARTESIAN_POINT('',(6.4,4.5,-4.2));
#1713 = LINE('',#1714,#1715);
#1714 = CARTESIAN_POINT('',(6.4,-0.75,-4.2));
#1715 = VECTOR('',#1716,1.);
#1716 = DIRECTION('',(-0.,1.,0.));
#1717 = ORIENTED_EDGE('',*,*,#1718,.F.);
#1718 = EDGE_CURVE('',#1719,#1711,#1721,.T.);
#1719 = VERTEX_POINT('',#1720);
#1720 = CARTESIAN_POINT('',(7.29,4.5,-4.2));
#1721 = LINE('',#1722,#1723);
#1722 = CARTESIAN_POINT('',(3.2,4.5,-4.2));
#1723 = VECTOR('',#1724,1.);
#1724 = DIRECTION('',(-1.,-0.,0.));
#1725 = ORIENTED_EDGE('',*,*,#1726,.F.);
#1726 = EDGE_CURVE('',#1727,#1719,#1729,.T.);
#1727 = VERTEX_POINT('',#1728);
#1728 = CARTESIAN_POINT('',(7.29,-1.5,-4.2));
#1729 = LINE('',#1730,#1731);
#1730 = CARTESIAN_POINT('',(7.29,-0.75,-4.2));
#1731 = VECTOR('',#1732,1.);
#1732 = DIRECTION('',(-0.,1.,0.));
#1733 = ORIENTED_EDGE('',*,*,#1734,.T.);
#1734 = EDGE_CURVE('',#1727,#1645,#1735,.T.);
#1735 = LINE('',#1736,#1737);
#1736 = CARTESIAN_POINT('',(3.2,-1.5,-4.2));
#1737 = VECTOR('',#1738,1.);
#1738 = DIRECTION('',(-1.,-0.,0.));
#1739 = FACE_BOUND('',#1740,.F.);
#1740 = EDGE_LOOP('',(#1741));
#1741 = ORIENTED_EDGE('',*,*,#1742,.F.);
#1742 = EDGE_CURVE('',#1743,#1743,#1745,.T.);
#1743 = VERTEX_POINT('',#1744);
#1744 = CARTESIAN_POINT('',(2.75,15.,-4.2));
#1745 = CIRCLE('',#1746,2.75);
#1746 = AXIS2_PLACEMENT_3D('',#1747,#1748,#1749);
#1747 = CARTESIAN_POINT('',(0.,15.,-4.2));
#1748 = DIRECTION('',(0.,0.,1.));
#1749 = DIRECTION('',(1.,0.,-0.));
#1750 = PLANE('',#1751);
#1751 = AXIS2_PLACEMENT_3D('',#1752,#1753,#1754);
#1752 = CARTESIAN_POINT('',(-1.184585074032E-16,3.685375785876E-16,-4.2)
  );
#1753 = DIRECTION('',(0.,0.,1.));
#1754 = DIRECTION('',(1.,0.,-0.));
#1755 = ADVANCED_FACE('',(#1756),#1781,.T.);
#1756 = FACE_BOUND('',#1757,.T.);
#1757 = EDGE_LOOP('',(#1758,#1766,#1774,#1780));
#1758 = ORIENTED_EDGE('',*,*,#1759,.F.);
#1759 = EDGE_CURVE('',#1760,#1306,#1762,.T.);
#1760 = VERTEX_POINT('',#1761);
#1761 = CARTESIAN_POINT('',(-11.25,-17.5,-11.9));
#1762 = LINE('',#1763,#1764);
#1763 = CARTESIAN_POINT('',(-11.25,-17.5,-11.9));
#1764 = VECTOR('',#1765,1.);
#1765 = DIRECTION('',(0.,0.,1.));
#1766 = ORIENTED_EDGE('',*,*,#1767,.T.);
#1767 = EDGE_CURVE('',#1760,#1768,#1770,.T.);
#1768 = VERTEX_POINT('',#1769);
#1769 = CARTESIAN_POINT('',(-11.25,-15.5,-11.9));
#1770 = LINE('',#1771,#1772);
#1771 = CARTESIAN_POINT('',(-11.25,-17.5,-11.9));
#1772 = VECTOR('',#1773,1.);
#1773 = DIRECTION('',(-0.,1.,0.));
#1774 = ORIENTED_EDGE('',*,*,#1775,.T.);
#1775 = EDGE_CURVE('',#1768,#1308,#1776,.T.);
#1776 = LINE('',#1777,#1778);
#1777 = CARTESIAN_POINT('',(-11.25,-15.5,-11.9));
#1778 = VECTOR('',#1779,1.);
#1779 = DIRECTION('',(0.,0.,1.));
#1780 = ORIENTED_EDGE('',*,*,#1305,.F.);
#1781 = PLANE('',#1782);
#1782 = AXIS2_PLACEMENT_3D('',#1783,#1784,#1785);
#1783 = CARTESIAN_POINT('',(-11.25,-17.5,-11.9));
#1784 = DIRECTION('',(1.,0.,-0.));
#1785 = DIRECTION('',(0.,0.,1.));
#1786 = ADVANCED_FACE('',(#1787),#1805,.T.);
#1787 = FACE_BOUND('',#1788,.T.);
#1788 = EDGE_LOOP('',(#1789,#1790,#1798,#1804));
#1789 = ORIENTED_EDGE('',*,*,#1775,.F.);
#1790 = ORIENTED_EDGE('',*,*,#1791,.F.);
#1791 = EDGE_CURVE('',#1792,#1768,#1794,.T.);
#1792 = VERTEX_POINT('',#1793);
#1793 = CARTESIAN_POINT('',(-12.325,-15.5,-11.9));
#1794 = LINE('',#1795,#1796);
#1795 = CARTESIAN_POINT('',(-12.335,-15.5,-11.9));
#1796 = VECTOR('',#1797,1.);
#1797 = DIRECTION('',(1.,0.,-0.));
#1798 = ORIENTED_EDGE('',*,*,#1799,.F.);
#1799 = EDGE_CURVE('',#1528,#1792,#1800,.T.);
#1800 = LINE('',#1801,#1802);
#1801 = CARTESIAN_POINT('',(-12.325,-15.5,-19.95));
#1802 = VECTOR('',#1803,1.);
#1803 = DIRECTION('',(-0.,0.,-1.));
#1804 = ORIENTED_EDGE('',*,*,#1535,.F.);
#1805 = PLANE('',#1806);
#1806 = AXIS2_PLACEMENT_3D('',#1807,#1808,#1809);
#1807 = CARTESIAN_POINT('',(-12.335,-15.5,-11.9));
#1808 = DIRECTION('',(-0.,1.,0.));
#1809 = DIRECTION('',(0.,0.,1.));
#1810 = ADVANCED_FACE('',(#1811),#1845,.F.);
#1811 = FACE_BOUND('',#1812,.F.);
#1812 = EDGE_LOOP('',(#1813,#1814,#1822,#1830,#1838,#1844));
#1813 = ORIENTED_EDGE('',*,*,#1527,.T.);
#1814 = ORIENTED_EDGE('',*,*,#1815,.T.);
#1815 = EDGE_CURVE('',#1519,#1816,#1818,.T.);
#1816 = VERTEX_POINT('',#1817);
#1817 = CARTESIAN_POINT('',(-12.325,16.5,-2.6));
#1818 = LINE('',#1819,#1820);
#1819 = CARTESIAN_POINT('',(-12.325,16.5,-28.));
#1820 = VECTOR('',#1821,1.);
#1821 = DIRECTION('',(0.,0.,1.));
#1822 = ORIENTED_EDGE('',*,*,#1823,.F.);
#1823 = EDGE_CURVE('',#1824,#1816,#1826,.T.);
#1824 = VERTEX_POINT('',#1825);
#1825 = CARTESIAN_POINT('',(-12.325,-16.5,-2.6));
#1826 = LINE('',#1827,#1828);
#1827 = CARTESIAN_POINT('',(-12.325,8.25,-2.6));
#1828 = VECTOR('',#1829,1.);
#1829 = DIRECTION('',(-0.,1.,0.));
#1830 = ORIENTED_EDGE('',*,*,#1831,.F.);
#1831 = EDGE_CURVE('',#1832,#1824,#1834,.T.);
#1832 = VERTEX_POINT('',#1833);
#1833 = CARTESIAN_POINT('',(-12.325,-16.5,-11.9));
#1834 = LINE('',#1835,#1836);
#1835 = CARTESIAN_POINT('',(-12.325,-16.5,-28.));
#1836 = VECTOR('',#1837,1.);
#1837 = DIRECTION('',(0.,0.,1.));
#1838 = ORIENTED_EDGE('',*,*,#1839,.T.);
#1839 = EDGE_CURVE('',#1832,#1792,#1840,.T.);
#1840 = LINE('',#1841,#1842);
#1841 = CARTESIAN_POINT('',(-12.325,-0.5,-11.9));
#1842 = VECTOR('',#1843,1.);
#1843 = DIRECTION('',(-0.,1.,0.));
#1844 = ORIENTED_EDGE('',*,*,#1799,.F.);
#1845 = PLANE('',#1846);
#1846 = AXIS2_PLACEMENT_3D('',#1847,#1848,#1849);
#1847 = CARTESIAN_POINT('',(-12.325,16.5,-28.));
#1848 = DIRECTION('',(1.,0.,-0.));
#1849 = DIRECTION('',(0.,-1.,0.));
#1850 = ADVANCED_FACE('',(#1851),#1904,.T.);
#1851 = FACE_BOUND('',#1852,.F.);
#1852 = EDGE_LOOP('',(#1853,#1854,#1862,#1869,#1870,#1871,#1879,#1888,
    #1894,#1895));
#1853 = ORIENTED_EDGE('',*,*,#1458,.T.);
#1854 = ORIENTED_EDGE('',*,*,#1855,.T.);
#1855 = EDGE_CURVE('',#1451,#1856,#1858,.T.);
#1856 = VERTEX_POINT('',#1857);
#1857 = CARTESIAN_POINT('',(-6.525,22.3,-2.6));
#1858 = LINE('',#1859,#1860);
#1859 = CARTESIAN_POINT('',(-6.525,22.3,-28.));
#1860 = VECTOR('',#1861,1.);
#1861 = DIRECTION('',(0.,0.,1.));
#1862 = ORIENTED_EDGE('',*,*,#1863,.F.);
#1863 = EDGE_CURVE('',#1816,#1856,#1864,.T.);
#1864 = CIRCLE('',#1865,5.8);
#1865 = AXIS2_PLACEMENT_3D('',#1866,#1867,#1868);
#1866 = CARTESIAN_POINT('',(-6.525,16.5,-2.6));
#1867 = DIRECTION('',(0.,-0.,-1.));
#1868 = DIRECTION('',(1.071939472052E-15,1.,-0.));
#1869 = ORIENTED_EDGE('',*,*,#1815,.F.);
#1870 = ORIENTED_EDGE('',*,*,#1518,.T.);
#1871 = ORIENTED_EDGE('',*,*,#1872,.T.);
#1872 = EDGE_CURVE('',#1511,#1873,#1875,.T.);
#1873 = VERTEX_POINT('',#1874);
#1874 = CARTESIAN_POINT('',(-12.23814274283,17.5,-11.9));
#1875 = LINE('',#1876,#1877);
#1876 = CARTESIAN_POINT('',(-12.23814274283,17.5,-28.));
#1877 = VECTOR('',#1878,1.);
#1878 = DIRECTION('',(-0.,-0.,-1.));
#1879 = ORIENTED_EDGE('',*,*,#1880,.T.);
#1880 = EDGE_CURVE('',#1873,#1881,#1883,.T.);
#1881 = VERTEX_POINT('',#1882);
#1882 = CARTESIAN_POINT('',(-11.48886945839,19.5,-11.9));
#1883 = CIRCLE('',#1884,5.8);
#1884 = AXIS2_PLACEMENT_3D('',#1885,#1886,#1887);
#1885 = CARTESIAN_POINT('',(-6.525,16.5,-11.9));
#1886 = DIRECTION('',(0.,-0.,-1.));
#1887 = DIRECTION('',(1.071939472052E-15,1.,-0.));
#1888 = ORIENTED_EDGE('',*,*,#1889,.F.);
#1889 = EDGE_CURVE('',#1486,#1881,#1890,.T.);
#1890 = LINE('',#1891,#1892);
#1891 = CARTESIAN_POINT('',(-11.48886945839,19.5,-28.));
#1892 = VECTOR('',#1893,1.);
#1893 = DIRECTION('',(-0.,-0.,-1.));
#1894 = ORIENTED_EDGE('',*,*,#1485,.T.);
#1895 = ORIENTED_EDGE('',*,*,#1896,.F.);
#1896 = EDGE_CURVE('',#1459,#1477,#1897,.T.);
#1897 = B_SPLINE_CURVE_WITH_KNOTS('',5,(#1898,#1899,#1900,#1901,#1902,
    #1903),.UNSPECIFIED.,.F.,.F.,(6,6),(0.,1.),
  .PIECEWISE_BEZIER_KNOTS.);
#1898 = CARTESIAN_POINT('',(-9.918688519104,21.203496384107,-4.2));
#1899 = CARTESIAN_POINT('',(-9.998296197497,21.146057482887,
    -4.191982183045));
#1900 = CARTESIAN_POINT('',(-10.07738947614,21.086428592529,
    -4.187836181091));
#1901 = CARTESIAN_POINT('',(-10.15539904614,21.024931048809,
    -4.187836180142));
#1902 = CARTESIAN_POINT('',(-10.23184459416,20.961943495992,
    -4.191982184328));
#1903 = CARTESIAN_POINT('',(-10.30628073032,20.89794452426,-4.2));
#1904 = CYLINDRICAL_SURFACE('',#1905,5.8);
#1905 = AXIS2_PLACEMENT_3D('',#1906,#1907,#1908);
#1906 = CARTESIAN_POINT('',(-6.525,16.5,-28.));
#1907 = DIRECTION('',(-0.,-0.,-1.));
#1908 = DIRECTION('',(1.071939472052E-15,1.,-0.));
#1909 = ADVANCED_FACE('',(#1910),#1928,.F.);
#1910 = FACE_BOUND('',#1911,.F.);
#1911 = EDGE_LOOP('',(#1912,#1920,#1926,#1927));
#1912 = ORIENTED_EDGE('',*,*,#1913,.F.);
#1913 = EDGE_CURVE('',#1914,#1503,#1916,.T.);
#1914 = VERTEX_POINT('',#1915);
#1915 = CARTESIAN_POINT('',(-11.25,17.5,-11.9));
#1916 = LINE('',#1917,#1918);
#1917 = CARTESIAN_POINT('',(-11.25,17.5,-11.9));
#1918 = VECTOR('',#1919,1.);
#1919 = DIRECTION('',(0.,0.,1.));
#1920 = ORIENTED_EDGE('',*,*,#1921,.F.);
#1921 = EDGE_CURVE('',#1873,#1914,#1922,.T.);
#1922 = LINE('',#1923,#1924);
#1923 = CARTESIAN_POINT('',(-12.335,17.5,-11.9));
#1924 = VECTOR('',#1925,1.);
#1925 = DIRECTION('',(1.,0.,-0.));
#1926 = ORIENTED_EDGE('',*,*,#1872,.F.);
#1927 = ORIENTED_EDGE('',*,*,#1510,.F.);
#1928 = PLANE('',#1929);
#1929 = AXIS2_PLACEMENT_3D('',#1930,#1931,#1932);
#1930 = CARTESIAN_POINT('',(-12.335,17.5,-11.9));
#1931 = DIRECTION('',(-0.,1.,0.));
#1932 = DIRECTION('',(0.,0.,1.));
#1933 = ADVANCED_FACE('',(#1934),#1952,.T.);
#1934 = FACE_BOUND('',#1935,.T.);
#1935 = EDGE_LOOP('',(#1936,#1937,#1945,#1951));
#1936 = ORIENTED_EDGE('',*,*,#1913,.F.);
#1937 = ORIENTED_EDGE('',*,*,#1938,.T.);
#1938 = EDGE_CURVE('',#1914,#1939,#1941,.T.);
#1939 = VERTEX_POINT('',#1940);
#1940 = CARTESIAN_POINT('',(-11.25,19.5,-11.9));
#1941 = LINE('',#1942,#1943);
#1942 = CARTESIAN_POINT('',(-11.25,17.5,-11.9));
#1943 = VECTOR('',#1944,1.);
#1944 = DIRECTION('',(-0.,1.,0.));
#1945 = ORIENTED_EDGE('',*,*,#1946,.T.);
#1946 = EDGE_CURVE('',#1939,#1495,#1947,.T.);
#1947 = LINE('',#1948,#1949);
#1948 = CARTESIAN_POINT('',(-11.25,19.5,-11.9));
#1949 = VECTOR('',#1950,1.);
#1950 = DIRECTION('',(0.,0.,1.));
#1951 = ORIENTED_EDGE('',*,*,#1502,.F.);
#1952 = PLANE('',#1953);
#1953 = AXIS2_PLACEMENT_3D('',#1954,#1955,#1956);
#1954 = CARTESIAN_POINT('',(-11.25,17.5,-11.9));
#1955 = DIRECTION('',(1.,0.,-0.));
#1956 = DIRECTION('',(0.,0.,1.));
#1957 = ADVANCED_FACE('',(#1958),#1969,.T.);
#1958 = FACE_BOUND('',#1959,.T.);
#1959 = EDGE_LOOP('',(#1960,#1961,#1967,#1968));
#1960 = ORIENTED_EDGE('',*,*,#1946,.F.);
#1961 = ORIENTED_EDGE('',*,*,#1962,.F.);
#1962 = EDGE_CURVE('',#1881,#1939,#1963,.T.);
#1963 = LINE('',#1964,#1965);
#1964 = CARTESIAN_POINT('',(-12.335,19.5,-11.9));
#1965 = VECTOR('',#1966,1.);
#1966 = DIRECTION('',(1.,0.,-0.));
#1967 = ORIENTED_EDGE('',*,*,#1889,.F.);
#1968 = ORIENTED_EDGE('',*,*,#1494,.F.);
#1969 = PLANE('',#1970);
#1970 = AXIS2_PLACEMENT_3D('',#1971,#1972,#1973);
#1971 = CARTESIAN_POINT('',(-12.335,19.5,-11.9));
#1972 = DIRECTION('',(-0.,1.,0.));
#1973 = DIRECTION('',(0.,0.,1.));
#1974 = ADVANCED_FACE('',(#1975),#1996,.F.);
#1975 = FACE_BOUND('',#1976,.F.);
#1976 = EDGE_LOOP('',(#1977,#1978,#1986,#1993,#1994,#1995));
#1977 = ORIENTED_EDGE('',*,*,#1476,.T.);
#1978 = ORIENTED_EDGE('',*,*,#1979,.T.);
#1979 = EDGE_CURVE('',#1468,#1980,#1982,.T.);
#1980 = VERTEX_POINT('',#1981);
#1981 = CARTESIAN_POINT('',(-7.79,19.5,-3.31));
#1982 = LINE('',#1983,#1984);
#1983 = CARTESIAN_POINT('',(-6.89,19.5,-4.21));
#1984 = VECTOR('',#1985,1.);
#1985 = DIRECTION('',(-0.707106781187,1.731912112471E-16,0.707106781187)
  );
#1986 = ORIENTED_EDGE('',*,*,#1987,.F.);
#1987 = EDGE_CURVE('',#1980,#1980,#1988,.T.);
#1988 = CIRCLE('',#1989,1.1);
#1989 = AXIS2_PLACEMENT_3D('',#1990,#1991,#1992);
#1990 = CARTESIAN_POINT('',(-8.89,19.5,-3.31));
#1991 = DIRECTION('',(0.,0.,1.));
#1992 = DIRECTION('',(1.,0.,-0.));
#1993 = ORIENTED_EDGE('',*,*,#1979,.F.);
#1994 = ORIENTED_EDGE('',*,*,#1467,.T.);
#1995 = ORIENTED_EDGE('',*,*,#1896,.T.);
#1996 = CONICAL_SURFACE('',#1997,2.,0.785398163397);
#1997 = AXIS2_PLACEMENT_3D('',#1998,#1999,#2000);
#1998 = CARTESIAN_POINT('',(-8.89,19.5,-4.21));
#1999 = DIRECTION('',(-0.,-0.,-1.));
#2000 = DIRECTION('',(1.,0.,-0.));
#2001 = ADVANCED_FACE('',(#2002),#2020,.F.);
#2002 = FACE_BOUND('',#2003,.F.);
#2003 = EDGE_LOOP('',(#2004,#2005,#2013,#2019));
#2004 = ORIENTED_EDGE('',*,*,#1450,.T.);
#2005 = ORIENTED_EDGE('',*,*,#2006,.T.);
#2006 = EDGE_CURVE('',#1442,#2007,#2009,.T.);
#2007 = VERTEX_POINT('',#2008);
#2008 = CARTESIAN_POINT('',(6.525,22.3,-2.6));
#2009 = LINE('',#2010,#2011);
#2010 = CARTESIAN_POINT('',(6.525,22.3,-28.));
#2011 = VECTOR('',#2012,1.);
#2012 = DIRECTION('',(0.,0.,1.));
#2013 = ORIENTED_EDGE('',*,*,#2014,.F.);
#2014 = EDGE_CURVE('',#1856,#2007,#2015,.T.);
#2015 = LINE('',#2016,#2017);
#2016 = CARTESIAN_POINT('',(3.2625,22.3,-2.6));
#2017 = VECTOR('',#2018,1.);
#2018 = DIRECTION('',(1.,0.,-0.));
#2019 = ORIENTED_EDGE('',*,*,#1855,.F.);
#2020 = PLANE('',#2021);
#2021 = AXIS2_PLACEMENT_3D('',#2022,#2023,#2024);
#2022 = CARTESIAN_POINT('',(6.525,22.3,-28.));
#2023 = DIRECTION('',(0.,-1.,0.));
#2024 = DIRECTION('',(-1.,0.,0.));
#2025 = ADVANCED_FACE('',(#2026),#2079,.T.);
#2026 = FACE_BOUND('',#2027,.F.);
#2027 = EDGE_LOOP('',(#2028,#2029,#2037,#2044,#2045,#2046,#2055,#2056,
    #2064,#2073));
#2028 = ORIENTED_EDGE('',*,*,#1381,.T.);
#2029 = ORIENTED_EDGE('',*,*,#2030,.T.);
#2030 = EDGE_CURVE('',#1374,#2031,#2033,.T.);
#2031 = VERTEX_POINT('',#2032);
#2032 = CARTESIAN_POINT('',(12.325,16.5,-2.6));
#2033 = LINE('',#2034,#2035);
#2034 = CARTESIAN_POINT('',(12.325,16.5,-28.));
#2035 = VECTOR('',#2036,1.);
#2036 = DIRECTION('',(0.,0.,1.));
#2037 = ORIENTED_EDGE('',*,*,#2038,.F.);
#2038 = EDGE_CURVE('',#2007,#2031,#2039,.T.);
#2039 = CIRCLE('',#2040,5.8);
#2040 = AXIS2_PLACEMENT_3D('',#2041,#2042,#2043);
#2041 = CARTESIAN_POINT('',(6.525,16.5,-2.6));
#2042 = DIRECTION('',(0.,-0.,-1.));
#2043 = DIRECTION('',(1.,-1.225073682345E-15,0.));
#2044 = ORIENTED_EDGE('',*,*,#2006,.F.);
#2045 = ORIENTED_EDGE('',*,*,#1441,.T.);
#2046 = ORIENTED_EDGE('',*,*,#2047,.F.);
#2047 = EDGE_CURVE('',#1415,#1433,#2048,.T.);
#2048 = B_SPLINE_CURVE_WITH_KNOTS('',5,(#2049,#2050,#2051,#2052,#2053,
    #2054),.UNSPECIFIED.,.F.,.F.,(6,6),(0.,1.),
  .PIECEWISE_BEZIER_KNOTS.);
#2049 = CARTESIAN_POINT('',(10.306280730325,20.89794452426,-4.2));
#2050 = CARTESIAN_POINT('',(10.231844576117,20.961943511513,
    -4.191982182384));
#2051 = CARTESIAN_POINT('',(10.155399046018,21.024931047558,
    -4.187836182171));
#2052 = CARTESIAN_POINT('',(10.077389475259,21.086428594797,
    -4.187836178732));
#2053 = CARTESIAN_POINT('',(9.998296171798,21.146057501429,
    -4.191982185634));
#2054 = CARTESIAN_POINT('',(9.918688519104,21.203496384107,-4.2));
#2055 = ORIENTED_EDGE('',*,*,#1414,.T.);
#2056 = ORIENTED_EDGE('',*,*,#2057,.T.);
#2057 = EDGE_CURVE('',#1407,#2058,#2060,.T.);
#2058 = VERTEX_POINT('',#2059);
#2059 = CARTESIAN_POINT('',(11.488869458396,19.5,-11.9));
#2060 = LINE('',#2061,#2062);
#2061 = CARTESIAN_POINT('',(11.488869458396,19.5,-28.));
#2062 = VECTOR('',#2063,1.);
#2063 = DIRECTION('',(-0.,-0.,-1.));
#2064 = ORIENTED_EDGE('',*,*,#2065,.T.);
#2065 = EDGE_CURVE('',#2058,#2066,#2068,.T.);
#2066 = VERTEX_POINT('',#2067);
#2067 = CARTESIAN_POINT('',(12.238142742834,17.5,-11.9));
#2068 = CIRCLE('',#2069,5.8);
#2069 = AXIS2_PLACEMENT_3D('',#2070,#2071,#2072);
#2070 = CARTESIAN_POINT('',(6.525,16.5,-11.9));
#2071 = DIRECTION('',(0.,-0.,-1.));
#2072 = DIRECTION('',(1.,-1.225073682345E-15,0.));
#2073 = ORIENTED_EDGE('',*,*,#2074,.F.);
#2074 = EDGE_CURVE('',#1382,#2066,#2075,.T.);
#2075 = LINE('',#2076,#2077);
#2076 = CARTESIAN_POINT('',(12.238142742834,17.5,-28.));
#2077 = VECTOR('',#2078,1.);
#2078 = DIRECTION('',(-0.,-0.,-1.));
#2079 = CYLINDRICAL_SURFACE('',#2080,5.8);
#2080 = AXIS2_PLACEMENT_3D('',#2081,#2082,#2083);
#2081 = CARTESIAN_POINT('',(6.525,16.5,-28.));
#2082 = DIRECTION('',(-0.,-0.,-1.));
#2083 = DIRECTION('',(1.,-1.225073682345E-15,0.));
#2084 = ADVANCED_FACE('',(#2085),#2106,.F.);
#2085 = FACE_BOUND('',#2086,.F.);
#2086 = EDGE_LOOP('',(#2087,#2088,#2096,#2103,#2104,#2105));
#2087 = ORIENTED_EDGE('',*,*,#1432,.T.);
#2088 = ORIENTED_EDGE('',*,*,#2089,.T.);
#2089 = EDGE_CURVE('',#1424,#2090,#2092,.T.);
#2090 = VERTEX_POINT('',#2091);
#2091 = CARTESIAN_POINT('',(9.99,19.5,-3.31));
#2092 = LINE('',#2093,#2094);
#2093 = CARTESIAN_POINT('',(10.89,19.5,-4.21));
#2094 = VECTOR('',#2095,1.);
#2095 = DIRECTION('',(-0.707106781187,1.731912112471E-16,0.707106781187)
  );
#2096 = ORIENTED_EDGE('',*,*,#2097,.F.);
#2097 = EDGE_CURVE('',#2090,#2090,#2098,.T.);
#2098 = CIRCLE('',#2099,1.1);
#2099 = AXIS2_PLACEMENT_3D('',#2100,#2101,#2102);
#2100 = CARTESIAN_POINT('',(8.89,19.5,-3.31));
#2101 = DIRECTION('',(0.,0.,1.));
#2102 = DIRECTION('',(1.,0.,-0.));
#2103 = ORIENTED_EDGE('',*,*,#2089,.F.);
#2104 = ORIENTED_EDGE('',*,*,#1423,.T.);
#2105 = ORIENTED_EDGE('',*,*,#2047,.T.);
#2106 = CONICAL_SURFACE('',#2107,2.,0.785398163397);
#2107 = AXIS2_PLACEMENT_3D('',#2108,#2109,#2110);
#2108 = CARTESIAN_POINT('',(8.89,19.5,-4.21));
#2109 = DIRECTION('',(-0.,-0.,-1.));
#2110 = DIRECTION('',(1.,0.,-0.));
#2111 = ADVANCED_FACE('',(#2112),#2130,.T.);
#2112 = FACE_BOUND('',#2113,.T.);
#2113 = EDGE_LOOP('',(#2114,#2115,#2123,#2129));
#2114 = ORIENTED_EDGE('',*,*,#2057,.T.);
#2115 = ORIENTED_EDGE('',*,*,#2116,.F.);
#2116 = EDGE_CURVE('',#2117,#2058,#2119,.T.);
#2117 = VERTEX_POINT('',#2118);
#2118 = CARTESIAN_POINT('',(11.25,19.5,-11.9));
#2119 = LINE('',#2120,#2121);
#2120 = CARTESIAN_POINT('',(11.25,19.5,-11.9));
#2121 = VECTOR('',#2122,1.);
#2122 = DIRECTION('',(1.,0.,-0.));
#2123 = ORIENTED_EDGE('',*,*,#2124,.T.);
#2124 = EDGE_CURVE('',#2117,#1399,#2125,.T.);
#2125 = LINE('',#2126,#2127);
#2126 = CARTESIAN_POINT('',(11.25,19.5,-11.9));
#2127 = VECTOR('',#2128,1.);
#2128 = DIRECTION('',(0.,0.,1.));
#2129 = ORIENTED_EDGE('',*,*,#1406,.F.);
#2130 = PLANE('',#2131);
#2131 = AXIS2_PLACEMENT_3D('',#2132,#2133,#2134);
#2132 = CARTESIAN_POINT('',(11.25,19.5,-11.9));
#2133 = DIRECTION('',(-0.,1.,0.));
#2134 = DIRECTION('',(0.,0.,1.));
#2135 = ADVANCED_FACE('',(#2136),#2154,.F.);
#2136 = FACE_BOUND('',#2137,.F.);
#2137 = EDGE_LOOP('',(#2138,#2146,#2152,#2153));
#2138 = ORIENTED_EDGE('',*,*,#2139,.F.);
#2139 = EDGE_CURVE('',#2140,#1391,#2142,.T.);
#2140 = VERTEX_POINT('',#2141);
#2141 = CARTESIAN_POINT('',(11.25,17.5,-11.9));
#2142 = LINE('',#2143,#2144);
#2143 = CARTESIAN_POINT('',(11.25,17.5,-11.9));
#2144 = VECTOR('',#2145,1.);
#2145 = DIRECTION('',(0.,0.,1.));
#2146 = ORIENTED_EDGE('',*,*,#2147,.T.);
#2147 = EDGE_CURVE('',#2140,#2117,#2148,.T.);
#2148 = LINE('',#2149,#2150);
#2149 = CARTESIAN_POINT('',(11.25,17.5,-11.9));
#2150 = VECTOR('',#2151,1.);
#2151 = DIRECTION('',(-0.,1.,0.));
#2152 = ORIENTED_EDGE('',*,*,#2124,.T.);
#2153 = ORIENTED_EDGE('',*,*,#1398,.F.);
#2154 = PLANE('',#2155);
#2155 = AXIS2_PLACEMENT_3D('',#2156,#2157,#2158);
#2156 = CARTESIAN_POINT('',(11.25,17.5,-11.9));
#2157 = DIRECTION('',(1.,0.,-0.));
#2158 = DIRECTION('',(0.,0.,1.));
#2159 = ADVANCED_FACE('',(#2160),#2171,.F.);
#2160 = FACE_BOUND('',#2161,.F.);
#2161 = EDGE_LOOP('',(#2162,#2163,#2169,#2170));
#2162 = ORIENTED_EDGE('',*,*,#2074,.T.);
#2163 = ORIENTED_EDGE('',*,*,#2164,.F.);
#2164 = EDGE_CURVE('',#2140,#2066,#2165,.T.);
#2165 = LINE('',#2166,#2167);
#2166 = CARTESIAN_POINT('',(11.25,17.5,-11.9));
#2167 = VECTOR('',#2168,1.);
#2168 = DIRECTION('',(1.,0.,-0.));
#2169 = ORIENTED_EDGE('',*,*,#2139,.T.);
#2170 = ORIENTED_EDGE('',*,*,#1390,.F.);
#2171 = PLANE('',#2172);
#2172 = AXIS2_PLACEMENT_3D('',#2173,#2174,#2175);
#2173 = CARTESIAN_POINT('',(11.25,17.5,-11.9));
#2174 = DIRECTION('',(-0.,1.,0.));
#2175 = DIRECTION('',(0.,0.,1.));
#2176 = ADVANCED_FACE('',(#2177),#2211,.F.);
#2177 = FACE_BOUND('',#2178,.F.);
#2178 = EDGE_LOOP('',(#2179,#2189,#2197,#2203,#2204,#2205));
#2179 = ORIENTED_EDGE('',*,*,#2180,.T.);
#2180 = EDGE_CURVE('',#2181,#2183,#2185,.T.);
#2181 = VERTEX_POINT('',#2182);
#2182 = CARTESIAN_POINT('',(12.325,-15.5,-11.9));
#2183 = VERTEX_POINT('',#2184);
#2184 = CARTESIAN_POINT('',(12.325,-16.5,-11.9));
#2185 = LINE('',#2186,#2187);
#2186 = CARTESIAN_POINT('',(12.325,-17.,-11.9));
#2187 = VECTOR('',#2188,1.);
#2188 = DIRECTION('',(0.,-1.,0.));
#2189 = ORIENTED_EDGE('',*,*,#2190,.T.);
#2190 = EDGE_CURVE('',#2183,#2191,#2193,.T.);
#2191 = VERTEX_POINT('',#2192);
#2192 = CARTESIAN_POINT('',(12.325,-16.5,-2.6));
#2193 = LINE('',#2194,#2195);
#2194 = CARTESIAN_POINT('',(12.325,-16.5,-28.));
#2195 = VECTOR('',#2196,1.);
#2196 = DIRECTION('',(0.,0.,1.));
#2197 = ORIENTED_EDGE('',*,*,#2198,.F.);
#2198 = EDGE_CURVE('',#2031,#2191,#2199,.T.);
#2199 = LINE('',#2200,#2201);
#2200 = CARTESIAN_POINT('',(12.325,-8.25,-2.6));
#2201 = VECTOR('',#2202,1.);
#2202 = DIRECTION('',(0.,-1.,0.));
#2203 = ORIENTED_EDGE('',*,*,#2030,.F.);
#2204 = ORIENTED_EDGE('',*,*,#1373,.T.);
#2205 = ORIENTED_EDGE('',*,*,#2206,.F.);
#2206 = EDGE_CURVE('',#2181,#1366,#2207,.T.);
#2207 = LINE('',#2208,#2209);
#2208 = CARTESIAN_POINT('',(12.325,-15.5,-19.95));
#2209 = VECTOR('',#2210,1.);
#2210 = DIRECTION('',(0.,0.,1.));
#2211 = PLANE('',#2212);
#2212 = AXIS2_PLACEMENT_3D('',#2213,#2214,#2215);
#2213 = CARTESIAN_POINT('',(12.325,-16.5,-28.));
#2214 = DIRECTION('',(-1.,0.,0.));
#2215 = DIRECTION('',(0.,1.,0.));
#2216 = ADVANCED_FACE('',(#2217),#2235,.T.);
#2217 = FACE_BOUND('',#2218,.T.);
#2218 = EDGE_LOOP('',(#2219,#2220,#2228,#2234));
#2219 = ORIENTED_EDGE('',*,*,#2206,.F.);
#2220 = ORIENTED_EDGE('',*,*,#2221,.F.);
#2221 = EDGE_CURVE('',#2222,#2181,#2224,.T.);
#2222 = VERTEX_POINT('',#2223);
#2223 = CARTESIAN_POINT('',(11.25,-15.5,-11.9));
#2224 = LINE('',#2225,#2226);
#2225 = CARTESIAN_POINT('',(11.25,-15.5,-11.9));
#2226 = VECTOR('',#2227,1.);
#2227 = DIRECTION('',(1.,0.,-0.));
#2228 = ORIENTED_EDGE('',*,*,#2229,.T.);
#2229 = EDGE_CURVE('',#2222,#1358,#2230,.T.);
#2230 = LINE('',#2231,#2232);
#2231 = CARTESIAN_POINT('',(11.25,-15.5,-11.9));
#2232 = VECTOR('',#2233,1.);
#2233 = DIRECTION('',(0.,0.,1.));
#2234 = ORIENTED_EDGE('',*,*,#1365,.F.);
#2235 = PLANE('',#2236);
#2236 = AXIS2_PLACEMENT_3D('',#2237,#2238,#2239);
#2237 = CARTESIAN_POINT('',(11.25,-15.5,-11.9));
#2238 = DIRECTION('',(-0.,1.,0.));
#2239 = DIRECTION('',(0.,0.,1.));
#2240 = ADVANCED_FACE('',(#2241),#2259,.F.);
#2241 = FACE_BOUND('',#2242,.F.);
#2242 = EDGE_LOOP('',(#2243,#2251,#2257,#2258));
#2243 = ORIENTED_EDGE('',*,*,#2244,.F.);
#2244 = EDGE_CURVE('',#2245,#1350,#2247,.T.);
#2245 = VERTEX_POINT('',#2246);
#2246 = CARTESIAN_POINT('',(11.25,-17.5,-11.9));
#2247 = LINE('',#2248,#2249);
#2248 = CARTESIAN_POINT('',(11.25,-17.5,-11.9));
#2249 = VECTOR('',#2250,1.);
#2250 = DIRECTION('',(0.,0.,1.));
#2251 = ORIENTED_EDGE('',*,*,#2252,.T.);
#2252 = EDGE_CURVE('',#2245,#2222,#2253,.T.);
#2253 = LINE('',#2254,#2255);
#2254 = CARTESIAN_POINT('',(11.25,-17.5,-11.9));
#2255 = VECTOR('',#2256,1.);
#2256 = DIRECTION('',(-0.,1.,0.));
#2257 = ORIENTED_EDGE('',*,*,#2229,.T.);
#2258 = ORIENTED_EDGE('',*,*,#1357,.F.);
#2259 = PLANE('',#2260);
#2260 = AXIS2_PLACEMENT_3D('',#2261,#2262,#2263);
#2261 = CARTESIAN_POINT('',(11.25,-17.5,-11.9));
#2262 = DIRECTION('',(1.,0.,-0.));
#2263 = DIRECTION('',(0.,0.,1.));
#2264 = ADVANCED_FACE('',(#2265),#2283,.F.);
#2265 = FACE_BOUND('',#2266,.F.);
#2266 = EDGE_LOOP('',(#2267,#2275,#2281,#2282));
#2267 = ORIENTED_EDGE('',*,*,#2268,.T.);
#2268 = EDGE_CURVE('',#1341,#2269,#2271,.T.);
#2269 = VERTEX_POINT('',#2270);
#2270 = CARTESIAN_POINT('',(12.238142742834,-17.5,-11.9));
#2271 = LINE('',#2272,#2273);
#2272 = CARTESIAN_POINT('',(12.238142742834,-17.5,-28.));
#2273 = VECTOR('',#2274,1.);
#2274 = DIRECTION('',(-0.,-0.,-1.));
#2275 = ORIENTED_EDGE('',*,*,#2276,.F.);
#2276 = EDGE_CURVE('',#2245,#2269,#2277,.T.);
#2277 = LINE('',#2278,#2279);
#2278 = CARTESIAN_POINT('',(11.25,-17.5,-11.9));
#2279 = VECTOR('',#2280,1.);
#2280 = DIRECTION('',(1.,0.,-0.));
#2281 = ORIENTED_EDGE('',*,*,#2244,.T.);
#2282 = ORIENTED_EDGE('',*,*,#1349,.F.);
#2283 = PLANE('',#2284);
#2284 = AXIS2_PLACEMENT_3D('',#2285,#2286,#2287);
#2285 = CARTESIAN_POINT('',(11.25,-17.5,-11.9));
#2286 = DIRECTION('',(-0.,1.,0.));
#2287 = DIRECTION('',(0.,0.,1.));
#2288 = ADVANCED_FACE('',(#2289),#2316,.T.);
#2289 = FACE_BOUND('',#2290,.F.);
#2290 = EDGE_LOOP('',(#2291,#2292,#2300,#2307,#2308,#2315));
#2291 = ORIENTED_EDGE('',*,*,#1340,.T.);
#2292 = ORIENTED_EDGE('',*,*,#2293,.T.);
#2293 = EDGE_CURVE('',#1333,#2294,#2296,.T.);
#2294 = VERTEX_POINT('',#2295);
#2295 = CARTESIAN_POINT('',(6.525,-22.3,-2.6));
#2296 = LINE('',#2297,#2298);
#2297 = CARTESIAN_POINT('',(6.525,-22.3,-28.));
#2298 = VECTOR('',#2299,1.);
#2299 = DIRECTION('',(0.,0.,1.));
#2300 = ORIENTED_EDGE('',*,*,#2301,.F.);
#2301 = EDGE_CURVE('',#2191,#2294,#2302,.T.);
#2302 = CIRCLE('',#2303,5.8);
#2303 = AXIS2_PLACEMENT_3D('',#2304,#2305,#2306);
#2304 = CARTESIAN_POINT('',(6.525,-16.5,-2.6));
#2305 = DIRECTION('',(-0.,0.,-1.));
#2306 = DIRECTION('',(-1.071939472052E-15,-1.,0.));
#2307 = ORIENTED_EDGE('',*,*,#2190,.F.);
#2308 = ORIENTED_EDGE('',*,*,#2309,.T.);
#2309 = EDGE_CURVE('',#2183,#2269,#2310,.T.);
#2310 = CIRCLE('',#2311,5.8);
#2311 = AXIS2_PLACEMENT_3D('',#2312,#2313,#2314);
#2312 = CARTESIAN_POINT('',(6.525,-16.5,-11.9));
#2313 = DIRECTION('',(-0.,0.,-1.));
#2314 = DIRECTION('',(-1.071939472052E-15,-1.,0.));
#2315 = ORIENTED_EDGE('',*,*,#2268,.F.);
#2316 = CYLINDRICAL_SURFACE('',#2317,5.8);
#2317 = AXIS2_PLACEMENT_3D('',#2318,#2319,#2320);
#2318 = CARTESIAN_POINT('',(6.525,-16.5,-28.));
#2319 = DIRECTION('',(-0.,-0.,-1.));
#2320 = DIRECTION('',(-1.071939472052E-15,-1.,0.));
#2321 = ADVANCED_FACE('',(#2322),#2340,.F.);
#2322 = FACE_BOUND('',#2323,.F.);
#2323 = EDGE_LOOP('',(#2324,#2325,#2333,#2339));
#2324 = ORIENTED_EDGE('',*,*,#1332,.T.);
#2325 = ORIENTED_EDGE('',*,*,#2326,.T.);
#2326 = EDGE_CURVE('',#1324,#2327,#2329,.T.);
#2327 = VERTEX_POINT('',#2328);
#2328 = CARTESIAN_POINT('',(-6.525,-22.3,-2.6));
#2329 = LINE('',#2330,#2331);
#2330 = CARTESIAN_POINT('',(-6.525,-22.3,-28.));
#2331 = VECTOR('',#2332,1.);
#2332 = DIRECTION('',(0.,0.,1.));
#2333 = ORIENTED_EDGE('',*,*,#2334,.F.);
#2334 = EDGE_CURVE('',#2294,#2327,#2335,.T.);
#2335 = LINE('',#2336,#2337);
#2336 = CARTESIAN_POINT('',(-3.2625,-22.3,-2.6));
#2337 = VECTOR('',#2338,1.);
#2338 = DIRECTION('',(-1.,0.,0.));
#2339 = ORIENTED_EDGE('',*,*,#2293,.F.);
#2340 = PLANE('',#2341);
#2341 = AXIS2_PLACEMENT_3D('',#2342,#2343,#2344);
#2342 = CARTESIAN_POINT('',(-6.525,-22.3,-28.));
#2343 = DIRECTION('',(0.,1.,0.));
#2344 = DIRECTION('',(1.,0.,0.));
#2345 = ADVANCED_FACE('',(#2346),#2373,.T.);
#2346 = FACE_BOUND('',#2347,.F.);
#2347 = EDGE_LOOP('',(#2348,#2357,#2358,#2365,#2366,#2367));
#2348 = ORIENTED_EDGE('',*,*,#2349,.T.);
#2349 = EDGE_CURVE('',#2350,#1832,#2352,.T.);
#2350 = VERTEX_POINT('',#2351);
#2351 = CARTESIAN_POINT('',(-12.23814274283,-17.5,-11.9));
#2352 = CIRCLE('',#2353,5.8);
#2353 = AXIS2_PLACEMENT_3D('',#2354,#2355,#2356);
#2354 = CARTESIAN_POINT('',(-6.525,-16.5,-11.9));
#2355 = DIRECTION('',(-0.,0.,-1.));
#2356 = DIRECTION('',(-1.,1.225073682345E-15,0.));
#2357 = ORIENTED_EDGE('',*,*,#1831,.T.);
#2358 = ORIENTED_EDGE('',*,*,#2359,.F.);
#2359 = EDGE_CURVE('',#2327,#1824,#2360,.T.);
#2360 = CIRCLE('',#2361,5.8);
#2361 = AXIS2_PLACEMENT_3D('',#2362,#2363,#2364);
#2362 = CARTESIAN_POINT('',(-6.525,-16.5,-2.6));
#2363 = DIRECTION('',(-0.,0.,-1.));
#2364 = DIRECTION('',(-1.,1.225073682345E-15,0.));
#2365 = ORIENTED_EDGE('',*,*,#2326,.F.);
#2366 = ORIENTED_EDGE('',*,*,#1323,.T.);
#2367 = ORIENTED_EDGE('',*,*,#2368,.T.);
#2368 = EDGE_CURVE('',#1316,#2350,#2369,.T.);
#2369 = LINE('',#2370,#2371);
#2370 = CARTESIAN_POINT('',(-12.23814274283,-17.5,-28.));
#2371 = VECTOR('',#2372,1.);
#2372 = DIRECTION('',(-0.,-0.,-1.));
#2373 = CYLINDRICAL_SURFACE('',#2374,5.8);
#2374 = AXIS2_PLACEMENT_3D('',#2375,#2376,#2377);
#2375 = CARTESIAN_POINT('',(-6.525,-16.5,-28.));
#2376 = DIRECTION('',(-0.,-0.,-1.));
#2377 = DIRECTION('',(-1.,1.225073682345E-15,0.));
#2378 = ADVANCED_FACE('',(#2379),#2390,.F.);
#2379 = FACE_BOUND('',#2380,.F.);
#2380 = EDGE_LOOP('',(#2381,#2382,#2388,#2389));
#2381 = ORIENTED_EDGE('',*,*,#1759,.F.);
#2382 = ORIENTED_EDGE('',*,*,#2383,.F.);
#2383 = EDGE_CURVE('',#2350,#1760,#2384,.T.);
#2384 = LINE('',#2385,#2386);
#2385 = CARTESIAN_POINT('',(-12.335,-17.5,-11.9));
#2386 = VECTOR('',#2387,1.);
#2387 = DIRECTION('',(1.,0.,-0.));
#2388 = ORIENTED_EDGE('',*,*,#2368,.F.);
#2389 = ORIENTED_EDGE('',*,*,#1315,.F.);
#2390 = PLANE('',#2391);
#2391 = AXIS2_PLACEMENT_3D('',#2392,#2393,#2394);
#2392 = CARTESIAN_POINT('',(-12.335,-17.5,-11.9));
#2393 = DIRECTION('',(-0.,1.,0.));
#2394 = DIRECTION('',(0.,0.,1.));
#2395 = ADVANCED_FACE('',(#2396),#2415,.F.);
#2396 = FACE_BOUND('',#2397,.F.);
#2397 = EDGE_LOOP('',(#2398,#2406,#2413,#2414));
#2398 = ORIENTED_EDGE('',*,*,#2399,.T.);
#2399 = EDGE_CURVE('',#1544,#2400,#2402,.T.);
#2400 = VERTEX_POINT('',#2401);
#2401 = CARTESIAN_POINT('',(-7.4,-19.5,-3.31));
#2402 = LINE('',#2403,#2404);
#2403 = CARTESIAN_POINT('',(-6.5,-19.5,-4.21));
#2404 = VECTOR('',#2405,1.);
#2405 = DIRECTION('',(-0.707106781187,1.731912112471E-16,0.707106781187)
  );
#2406 = ORIENTED_EDGE('',*,*,#2407,.F.);
#2407 = EDGE_CURVE('',#2400,#2400,#2408,.T.);
#2408 = CIRCLE('',#2409,1.1);
#2409 = AXIS2_PLACEMENT_3D('',#2410,#2411,#2412);
#2410 = CARTESIAN_POINT('',(-8.5,-19.5,-3.31));
#2411 = DIRECTION('',(0.,0.,1.));
#2412 = DIRECTION('',(1.,0.,-0.));
#2413 = ORIENTED_EDGE('',*,*,#2399,.F.);
#2414 = ORIENTED_EDGE('',*,*,#1543,.T.);
#2415 = CONICAL_SURFACE('',#2416,2.,0.785398163397);
#2416 = AXIS2_PLACEMENT_3D('',#2417,#2418,#2419);
#2417 = CARTESIAN_POINT('',(-8.5,-19.5,-4.21));
#2418 = DIRECTION('',(-0.,-0.,-1.));
#2419 = DIRECTION('',(1.,0.,-0.));
#2420 = ADVANCED_FACE('',(#2421),#2446,.T.);
#2421 = FACE_BOUND('',#2422,.T.);
#2422 = EDGE_LOOP('',(#2423,#2431,#2432,#2440));
#2423 = ORIENTED_EDGE('',*,*,#2424,.F.);
#2424 = EDGE_CURVE('',#1555,#2425,#2427,.T.);
#2425 = VERTEX_POINT('',#2426);
#2426 = CARTESIAN_POINT('',(-7.39,-16.6,-2.6));
#2427 = LINE('',#2428,#2429);
#2428 = CARTESIAN_POINT('',(-7.39,-16.6,-4.7));
#2429 = VECTOR('',#2430,1.);
#2430 = DIRECTION('',(0.,0.,1.));
#2431 = ORIENTED_EDGE('',*,*,#1554,.T.);
#2432 = ORIENTED_EDGE('',*,*,#2433,.T.);
#2433 = EDGE_CURVE('',#1557,#2434,#2436,.T.);
#2434 = VERTEX_POINT('',#2435);
#2435 = CARTESIAN_POINT('',(-10.39,-16.6,-2.6));
#2436 = LINE('',#2437,#2438);
#2437 = CARTESIAN_POINT('',(-10.39,-16.6,-4.7));
#2438 = VECTOR('',#2439,1.);
#2439 = DIRECTION('',(0.,0.,1.));
#2440 = ORIENTED_EDGE('',*,*,#2441,.F.);
#2441 = EDGE_CURVE('',#2425,#2434,#2442,.T.);
#2442 = LINE('',#2443,#2444);
#2443 = CARTESIAN_POINT('',(-5.195,-16.6,-2.6));
#2444 = VECTOR('',#2445,1.);
#2445 = DIRECTION('',(-1.,-0.,0.));
#2446 = PLANE('',#2447);
#2447 = AXIS2_PLACEMENT_3D('',#2448,#2449,#2450);
#2448 = CARTESIAN_POINT('',(-10.39,-16.6,-4.7));
#2449 = DIRECTION('',(-0.,1.,0.));
#2450 = DIRECTION('',(0.,0.,1.));
#2451 = ADVANCED_FACE('',(#2452),#2502,.F.);
#2452 = FACE_BOUND('',#2453,.F.);
#2453 = EDGE_LOOP('',(#2454,#2455,#2456,#2464,#2472,#2480,#2488,#2496));
#2454 = ORIENTED_EDGE('',*,*,#2424,.F.);
#2455 = ORIENTED_EDGE('',*,*,#1580,.T.);
#2456 = ORIENTED_EDGE('',*,*,#2457,.T.);
#2457 = EDGE_CURVE('',#1573,#2458,#2460,.T.);
#2458 = VERTEX_POINT('',#2459);
#2459 = CARTESIAN_POINT('',(-7.39,10.9,-2.6));
#2460 = LINE('',#2461,#2462);
#2461 = CARTESIAN_POINT('',(-7.39,10.9,-4.7));
#2462 = VECTOR('',#2463,1.);
#2463 = DIRECTION('',(0.,0.,1.));
#2464 = ORIENTED_EDGE('',*,*,#2465,.F.);
#2465 = EDGE_CURVE('',#2466,#2458,#2468,.T.);
#2466 = VERTEX_POINT('',#2467);
#2467 = CARTESIAN_POINT('',(-7.39,9.5,-2.6));
#2468 = LINE('',#2469,#2470);
#2469 = CARTESIAN_POINT('',(-7.39,-8.3,-2.6));
#2470 = VECTOR('',#2471,1.);
#2471 = DIRECTION('',(-0.,1.,0.));
#2472 = ORIENTED_EDGE('',*,*,#2473,.F.);
#2473 = EDGE_CURVE('',#2474,#2466,#2476,.T.);
#2474 = VERTEX_POINT('',#2475);
#2475 = CARTESIAN_POINT('',(-7.39,9.5,-3.));
#2476 = LINE('',#2477,#2478);
#2477 = CARTESIAN_POINT('',(-7.39,9.5,-3.85));
#2478 = VECTOR('',#2479,1.);
#2479 = DIRECTION('',(0.,0.,1.));
#2480 = ORIENTED_EDGE('',*,*,#2481,.T.);
#2481 = EDGE_CURVE('',#2474,#2482,#2484,.T.);
#2482 = VERTEX_POINT('',#2483);
#2483 = CARTESIAN_POINT('',(-7.39,-6.5,-3.));
#2484 = LINE('',#2485,#2486);
#2485 = CARTESIAN_POINT('',(-7.39,-11.55,-3.));
#2486 = VECTOR('',#2487,1.);
#2487 = DIRECTION('',(0.,-1.,0.));
#2488 = ORIENTED_EDGE('',*,*,#2489,.T.);
#2489 = EDGE_CURVE('',#2482,#2490,#2492,.T.);
#2490 = VERTEX_POINT('',#2491);
#2491 = CARTESIAN_POINT('',(-7.39,-6.5,-2.6));
#2492 = LINE('',#2493,#2494);
#2493 = CARTESIAN_POINT('',(-7.39,-6.5,-3.85));
#2494 = VECTOR('',#2495,1.);
#2495 = DIRECTION('',(0.,0.,1.));
#2496 = ORIENTED_EDGE('',*,*,#2497,.F.);
#2497 = EDGE_CURVE('',#2425,#2490,#2498,.T.);
#2498 = LINE('',#2499,#2500);
#2499 = CARTESIAN_POINT('',(-7.39,-8.3,-2.6));
#2500 = VECTOR('',#2501,1.);
#2501 = DIRECTION('',(-0.,1.,0.));
#2502 = PLANE('',#2503);
#2503 = AXIS2_PLACEMENT_3D('',#2504,#2505,#2506);
#2504 = CARTESIAN_POINT('',(-7.39,-16.6,-4.7));
#2505 = DIRECTION('',(1.,0.,-0.));
#2506 = DIRECTION('',(0.,0.,1.));
#2507 = ADVANCED_FACE('',(#2508),#2526,.T.);
#2508 = FACE_BOUND('',#2509,.T.);
#2509 = EDGE_LOOP('',(#2510,#2511,#2512,#2520));
#2510 = ORIENTED_EDGE('',*,*,#2433,.F.);
#2511 = ORIENTED_EDGE('',*,*,#1564,.T.);
#2512 = ORIENTED_EDGE('',*,*,#2513,.T.);
#2513 = EDGE_CURVE('',#1565,#2514,#2516,.T.);
#2514 = VERTEX_POINT('',#2515);
#2515 = CARTESIAN_POINT('',(-10.39,10.9,-2.6));
#2516 = LINE('',#2517,#2518);
#2517 = CARTESIAN_POINT('',(-10.39,10.9,-4.7));
#2518 = VECTOR('',#2519,1.);
#2519 = DIRECTION('',(0.,0.,1.));
#2520 = ORIENTED_EDGE('',*,*,#2521,.F.);
#2521 = EDGE_CURVE('',#2434,#2514,#2522,.T.);
#2522 = LINE('',#2523,#2524);
#2523 = CARTESIAN_POINT('',(-10.39,-8.3,-2.6));
#2524 = VECTOR('',#2525,1.);
#2525 = DIRECTION('',(-0.,1.,0.));
#2526 = PLANE('',#2527);
#2527 = AXIS2_PLACEMENT_3D('',#2528,#2529,#2530);
#2528 = CARTESIAN_POINT('',(-10.39,-16.6,-4.7));
#2529 = DIRECTION('',(1.,0.,-0.));
#2530 = DIRECTION('',(0.,0.,1.));
#2531 = ADVANCED_FACE('',(#2532),#2543,.F.);
#2532 = FACE_BOUND('',#2533,.F.);
#2533 = EDGE_LOOP('',(#2534,#2535,#2536,#2537));
#2534 = ORIENTED_EDGE('',*,*,#2457,.F.);
#2535 = ORIENTED_EDGE('',*,*,#1572,.T.);
#2536 = ORIENTED_EDGE('',*,*,#2513,.T.);
#2537 = ORIENTED_EDGE('',*,*,#2538,.F.);
#2538 = EDGE_CURVE('',#2458,#2514,#2539,.T.);
#2539 = LINE('',#2540,#2541);
#2540 = CARTESIAN_POINT('',(-5.195,10.9,-2.6));
#2541 = VECTOR('',#2542,1.);
#2542 = DIRECTION('',(-1.,-0.,0.));
#2543 = PLANE('',#2544);
#2544 = AXIS2_PLACEMENT_3D('',#2545,#2546,#2547);
#2545 = CARTESIAN_POINT('',(-10.39,10.9,-4.7));
#2546 = DIRECTION('',(-0.,1.,0.));
#2547 = DIRECTION('',(0.,0.,1.));
#2548 = ADVANCED_FACE('',(#2549),#2636,.T.);
#2549 = FACE_BOUND('',#2550,.T.);
#2550 = EDGE_LOOP('',(#2551,#2559,#2560,#2561,#2570,#2578,#2587,#2595,
    #2604,#2612,#2621,#2629));
#2551 = ORIENTED_EDGE('',*,*,#2552,.T.);
#2552 = EDGE_CURVE('',#2553,#1589,#2555,.T.);
#2553 = VERTEX_POINT('',#2554);
#2554 = CARTESIAN_POINT('',(2.75,-13.,-8.5));
#2555 = LINE('',#2556,#2557);
#2556 = CARTESIAN_POINT('',(2.75,-13.,-8.5));
#2557 = VECTOR('',#2558,1.);
#2558 = DIRECTION('',(0.,0.,1.));
#2559 = ORIENTED_EDGE('',*,*,#1588,.F.);
#2560 = ORIENTED_EDGE('',*,*,#2552,.F.);
#2561 = ORIENTED_EDGE('',*,*,#2562,.T.);
#2562 = EDGE_CURVE('',#2553,#2563,#2565,.T.);
#2563 = VERTEX_POINT('',#2564);
#2564 = CARTESIAN_POINT('',(0.65,-10.32792215682,-8.5));
#2565 = CIRCLE('',#2566,2.75);
#2566 = AXIS2_PLACEMENT_3D('',#2567,#2568,#2569);
#2567 = CARTESIAN_POINT('',(0.,-13.,-8.5));
#2568 = DIRECTION('',(0.,0.,1.));
#2569 = DIRECTION('',(1.,0.,-0.));
#2570 = ORIENTED_EDGE('',*,*,#2571,.T.);
#2571 = EDGE_CURVE('',#2563,#2572,#2574,.T.);
#2572 = VERTEX_POINT('',#2573);
#2573 = CARTESIAN_POINT('',(0.65,-10.32792215682,-5.1));
#2574 = LINE('',#2575,#2576);
#2575 = CARTESIAN_POINT('',(0.65,-10.32792215682,-8.5));
#2576 = VECTOR('',#2577,1.);
#2577 = DIRECTION('',(0.,0.,1.));
#2578 = ORIENTED_EDGE('',*,*,#2579,.T.);
#2579 = EDGE_CURVE('',#2572,#2580,#2582,.T.);
#2580 = VERTEX_POINT('',#2581);
#2581 = CARTESIAN_POINT('',(-0.65,-10.32792215682,-5.1));
#2582 = CIRCLE('',#2583,2.75);
#2583 = AXIS2_PLACEMENT_3D('',#2584,#2585,#2586);
#2584 = CARTESIAN_POINT('',(0.,-13.,-5.1));
#2585 = DIRECTION('',(0.,0.,1.));
#2586 = DIRECTION('',(1.,0.,-0.));
#2587 = ORIENTED_EDGE('',*,*,#2588,.F.);
#2588 = EDGE_CURVE('',#2589,#2580,#2591,.T.);
#2589 = VERTEX_POINT('',#2590);
#2590 = CARTESIAN_POINT('',(-0.65,-10.32792215682,-8.5));
#2591 = LINE('',#2592,#2593);
#2592 = CARTESIAN_POINT('',(-0.65,-10.32792215682,-8.5));
#2593 = VECTOR('',#2594,1.);
#2594 = DIRECTION('',(0.,0.,1.));
#2595 = ORIENTED_EDGE('',*,*,#2596,.T.);
#2596 = EDGE_CURVE('',#2589,#2597,#2599,.T.);
#2597 = VERTEX_POINT('',#2598);
#2598 = CARTESIAN_POINT('',(-0.65,-15.67207784317,-8.5));
#2599 = CIRCLE('',#2600,2.75);
#2600 = AXIS2_PLACEMENT_3D('',#2601,#2602,#2603);
#2601 = CARTESIAN_POINT('',(0.,-13.,-8.5));
#2602 = DIRECTION('',(0.,0.,1.));
#2603 = DIRECTION('',(1.,0.,-0.));
#2604 = ORIENTED_EDGE('',*,*,#2605,.T.);
#2605 = EDGE_CURVE('',#2597,#2606,#2608,.T.);
#2606 = VERTEX_POINT('',#2607);
#2607 = CARTESIAN_POINT('',(-0.65,-15.67207784317,-5.1));
#2608 = LINE('',#2609,#2610);
#2609 = CARTESIAN_POINT('',(-0.65,-15.67207784317,-8.5));
#2610 = VECTOR('',#2611,1.);
#2611 = DIRECTION('',(0.,0.,1.));
#2612 = ORIENTED_EDGE('',*,*,#2613,.T.);
#2613 = EDGE_CURVE('',#2606,#2614,#2616,.T.);
#2614 = VERTEX_POINT('',#2615);
#2615 = CARTESIAN_POINT('',(0.65,-15.67207784317,-5.1));
#2616 = CIRCLE('',#2617,2.75);
#2617 = AXIS2_PLACEMENT_3D('',#2618,#2619,#2620);
#2618 = CARTESIAN_POINT('',(0.,-13.,-5.1));
#2619 = DIRECTION('',(0.,0.,1.));
#2620 = DIRECTION('',(1.,0.,-0.));
#2621 = ORIENTED_EDGE('',*,*,#2622,.F.);
#2622 = EDGE_CURVE('',#2623,#2614,#2625,.T.);
#2623 = VERTEX_POINT('',#2624);
#2624 = CARTESIAN_POINT('',(0.65,-15.67207784317,-8.5));
#2625 = LINE('',#2626,#2627);
#2626 = CARTESIAN_POINT('',(0.65,-15.67207784317,-8.5));
#2627 = VECTOR('',#2628,1.);
#2628 = DIRECTION('',(0.,0.,1.));
#2629 = ORIENTED_EDGE('',*,*,#2630,.T.);
#2630 = EDGE_CURVE('',#2623,#2553,#2631,.T.);
#2631 = CIRCLE('',#2632,2.75);
#2632 = AXIS2_PLACEMENT_3D('',#2633,#2634,#2635);
#2633 = CARTESIAN_POINT('',(0.,-13.,-8.5));
#2634 = DIRECTION('',(0.,0.,1.));
#2635 = DIRECTION('',(1.,0.,-0.));
#2636 = CYLINDRICAL_SURFACE('',#2637,2.75);
#2637 = AXIS2_PLACEMENT_3D('',#2638,#2639,#2640);
#2638 = CARTESIAN_POINT('',(0.,-13.,-8.5));
#2639 = DIRECTION('',(0.,0.,1.));
#2640 = DIRECTION('',(1.,0.,-0.));
#2641 = ADVANCED_FACE('',(#2642),#2661,.F.);
#2642 = FACE_BOUND('',#2643,.F.);
#2643 = EDGE_LOOP('',(#2644,#2652,#2659,#2660));
#2644 = ORIENTED_EDGE('',*,*,#2645,.T.);
#2645 = EDGE_CURVE('',#1600,#2646,#2648,.T.);
#2646 = VERTEX_POINT('',#2647);
#2647 = CARTESIAN_POINT('',(9.6,-19.5,-3.31));
#2648 = LINE('',#2649,#2650);
#2649 = CARTESIAN_POINT('',(10.5,-19.5,-4.21));
#2650 = VECTOR('',#2651,1.);
#2651 = DIRECTION('',(-0.707106781187,1.731912112471E-16,0.707106781187)
  );
#2652 = ORIENTED_EDGE('',*,*,#2653,.F.);
#2653 = EDGE_CURVE('',#2646,#2646,#2654,.T.);
#2654 = CIRCLE('',#2655,1.1);
#2655 = AXIS2_PLACEMENT_3D('',#2656,#2657,#2658);
#2656 = CARTESIAN_POINT('',(8.5,-19.5,-3.31));
#2657 = DIRECTION('',(0.,0.,1.));
#2658 = DIRECTION('',(1.,0.,-0.));
#2659 = ORIENTED_EDGE('',*,*,#2645,.F.);
#2660 = ORIENTED_EDGE('',*,*,#1599,.T.);
#2661 = CONICAL_SURFACE('',#2662,2.,0.785398163397);
#2662 = AXIS2_PLACEMENT_3D('',#2663,#2664,#2665);
#2663 = CARTESIAN_POINT('',(8.5,-19.5,-4.21));
#2664 = DIRECTION('',(-0.,-0.,-1.));
#2665 = DIRECTION('',(1.,0.,-0.));
#2666 = ADVANCED_FACE('',(#2667),#2692,.T.);
#2667 = FACE_BOUND('',#2668,.T.);
#2668 = EDGE_LOOP('',(#2669,#2677,#2678,#2686));
#2669 = ORIENTED_EDGE('',*,*,#2670,.F.);
#2670 = EDGE_CURVE('',#1611,#2671,#2673,.T.);
#2671 = VERTEX_POINT('',#2672);
#2672 = CARTESIAN_POINT('',(10.39,-16.6,-2.6));
#2673 = LINE('',#2674,#2675);
#2674 = CARTESIAN_POINT('',(10.39,-16.6,-4.7));
#2675 = VECTOR('',#2676,1.);
#2676 = DIRECTION('',(0.,0.,1.));
#2677 = ORIENTED_EDGE('',*,*,#1610,.T.);
#2678 = ORIENTED_EDGE('',*,*,#2679,.T.);
#2679 = EDGE_CURVE('',#1613,#2680,#2682,.T.);
#2680 = VERTEX_POINT('',#2681);
#2681 = CARTESIAN_POINT('',(7.39,-16.6,-2.6));
#2682 = LINE('',#2683,#2684);
#2683 = CARTESIAN_POINT('',(7.39,-16.6,-4.7));
#2684 = VECTOR('',#2685,1.);
#2685 = DIRECTION('',(0.,0.,1.));
#2686 = ORIENTED_EDGE('',*,*,#2687,.F.);
#2687 = EDGE_CURVE('',#2671,#2680,#2688,.T.);
#2688 = LINE('',#2689,#2690);
#2689 = CARTESIAN_POINT('',(3.695,-16.6,-2.6));
#2690 = VECTOR('',#2691,1.);
#2691 = DIRECTION('',(-1.,-0.,0.));
#2692 = PLANE('',#2693);
#2693 = AXIS2_PLACEMENT_3D('',#2694,#2695,#2696);
#2694 = CARTESIAN_POINT('',(7.39,-16.6,-4.7));
#2695 = DIRECTION('',(-0.,1.,0.));
#2696 = DIRECTION('',(0.,0.,1.));
#2697 = ADVANCED_FACE('',(#2698),#2716,.F.);
#2698 = FACE_BOUND('',#2699,.T.);
#2699 = EDGE_LOOP('',(#2700,#2701,#2709,#2715));
#2700 = ORIENTED_EDGE('',*,*,#2670,.T.);
#2701 = ORIENTED_EDGE('',*,*,#2702,.T.);
#2702 = EDGE_CURVE('',#2671,#2703,#2705,.T.);
#2703 = VERTEX_POINT('',#2704);
#2704 = CARTESIAN_POINT('',(10.39,10.9,-2.6));
#2705 = LINE('',#2706,#2707);
#2706 = CARTESIAN_POINT('',(10.39,-8.3,-2.6));
#2707 = VECTOR('',#2708,1.);
#2708 = DIRECTION('',(-0.,1.,0.));
#2709 = ORIENTED_EDGE('',*,*,#2710,.F.);
#2710 = EDGE_CURVE('',#1629,#2703,#2711,.T.);
#2711 = LINE('',#2712,#2713);
#2712 = CARTESIAN_POINT('',(10.39,10.9,-4.7));
#2713 = VECTOR('',#2714,1.);
#2714 = DIRECTION('',(0.,0.,1.));
#2715 = ORIENTED_EDGE('',*,*,#1636,.F.);
#2716 = PLANE('',#2717);
#2717 = AXIS2_PLACEMENT_3D('',#2718,#2719,#2720);
#2718 = CARTESIAN_POINT('',(10.39,-16.6,-4.7));
#2719 = DIRECTION('',(1.,0.,-0.));
#2720 = DIRECTION('',(0.,0.,1.));
#2721 = ADVANCED_FACE('',(#2722),#2772,.T.);
#2722 = FACE_BOUND('',#2723,.T.);
#2723 = EDGE_LOOP('',(#2724,#2725,#2726,#2734,#2742,#2750,#2758,#2766));
#2724 = ORIENTED_EDGE('',*,*,#2679,.F.);
#2725 = ORIENTED_EDGE('',*,*,#1620,.T.);
#2726 = ORIENTED_EDGE('',*,*,#2727,.T.);
#2727 = EDGE_CURVE('',#1621,#2728,#2730,.T.);
#2728 = VERTEX_POINT('',#2729);
#2729 = CARTESIAN_POINT('',(7.39,10.9,-2.6));
#2730 = LINE('',#2731,#2732);
#2731 = CARTESIAN_POINT('',(7.39,10.9,-4.7));
#2732 = VECTOR('',#2733,1.);
#2733 = DIRECTION('',(0.,0.,1.));
#2734 = ORIENTED_EDGE('',*,*,#2735,.F.);
#2735 = EDGE_CURVE('',#2736,#2728,#2738,.T.);
#2736 = VERTEX_POINT('',#2737);
#2737 = CARTESIAN_POINT('',(7.39,9.5,-2.6));
#2738 = LINE('',#2739,#2740);
#2739 = CARTESIAN_POINT('',(7.39,-8.3,-2.6));
#2740 = VECTOR('',#2741,1.);
#2741 = DIRECTION('',(-0.,1.,0.));
#2742 = ORIENTED_EDGE('',*,*,#2743,.F.);
#2743 = EDGE_CURVE('',#2744,#2736,#2746,.T.);
#2744 = VERTEX_POINT('',#2745);
#2745 = CARTESIAN_POINT('',(7.39,9.5,-3.));
#2746 = LINE('',#2747,#2748);
#2747 = CARTESIAN_POINT('',(7.39,9.5,-3.85));
#2748 = VECTOR('',#2749,1.);
#2749 = DIRECTION('',(0.,0.,1.));
#2750 = ORIENTED_EDGE('',*,*,#2751,.T.);
#2751 = EDGE_CURVE('',#2744,#2752,#2754,.T.);
#2752 = VERTEX_POINT('',#2753);
#2753 = CARTESIAN_POINT('',(7.39,-6.5,-3.));
#2754 = LINE('',#2755,#2756);
#2755 = CARTESIAN_POINT('',(7.39,-11.55,-3.));
#2756 = VECTOR('',#2757,1.);
#2757 = DIRECTION('',(0.,-1.,0.));
#2758 = ORIENTED_EDGE('',*,*,#2759,.T.);
#2759 = EDGE_CURVE('',#2752,#2760,#2762,.T.);
#2760 = VERTEX_POINT('',#2761);
#2761 = CARTESIAN_POINT('',(7.39,-6.5,-2.6));
#2762 = LINE('',#2763,#2764);
#2763 = CARTESIAN_POINT('',(7.39,-6.5,-3.85));
#2764 = VECTOR('',#2765,1.);
#2765 = DIRECTION('',(0.,0.,1.));
#2766 = ORIENTED_EDGE('',*,*,#2767,.F.);
#2767 = EDGE_CURVE('',#2680,#2760,#2768,.T.);
#2768 = LINE('',#2769,#2770);
#2769 = CARTESIAN_POINT('',(7.39,-8.3,-2.6));
#2770 = VECTOR('',#2771,1.);
#2771 = DIRECTION('',(-0.,1.,0.));
#2772 = PLANE('',#2773);
#2773 = AXIS2_PLACEMENT_3D('',#2774,#2775,#2776);
#2774 = CARTESIAN_POINT('',(7.39,-16.6,-4.7));
#2775 = DIRECTION('',(1.,0.,-0.));
#2776 = DIRECTION('',(0.,0.,1.));
#2777 = ADVANCED_FACE('',(#2778),#2789,.F.);
#2778 = FACE_BOUND('',#2779,.F.);
#2779 = EDGE_LOOP('',(#2780,#2781,#2782,#2783));
#2780 = ORIENTED_EDGE('',*,*,#2710,.F.);
#2781 = ORIENTED_EDGE('',*,*,#1628,.T.);
#2782 = ORIENTED_EDGE('',*,*,#2727,.T.);
#2783 = ORIENTED_EDGE('',*,*,#2784,.F.);
#2784 = EDGE_CURVE('',#2703,#2728,#2785,.T.);
#2785 = LINE('',#2786,#2787);
#2786 = CARTESIAN_POINT('',(3.695,10.9,-2.6));
#2787 = VECTOR('',#2788,1.);
#2788 = DIRECTION('',(-1.,-0.,0.));
#2789 = PLANE('',#2790);
#2790 = AXIS2_PLACEMENT_3D('',#2791,#2792,#2793);
#2791 = CARTESIAN_POINT('',(7.39,10.9,-4.7));
#2792 = DIRECTION('',(-0.,1.,0.));
#2793 = DIRECTION('',(0.,0.,1.));
#2794 = ADVANCED_FACE('',(#2795),#2843,.T.);
#2795 = FACE_BOUND('',#2796,.T.);
#2796 = EDGE_LOOP('',(#2797,#2807,#2813,#2814,#2822,#2830,#2836,#2837));
#2797 = ORIENTED_EDGE('',*,*,#2798,.F.);
#2798 = EDGE_CURVE('',#2799,#2801,#2803,.T.);
#2799 = VERTEX_POINT('',#2800);
#2800 = CARTESIAN_POINT('',(6.4,-1.5,-5.4));
#2801 = VERTEX_POINT('',#2802);
#2802 = CARTESIAN_POINT('',(6.4,4.5,-5.4));
#2803 = LINE('',#2804,#2805);
#2804 = CARTESIAN_POINT('',(6.4,-1.5,-5.4));
#2805 = VECTOR('',#2806,1.);
#2806 = DIRECTION('',(-0.,1.,0.));
#2807 = ORIENTED_EDGE('',*,*,#2808,.T.);
#2808 = EDGE_CURVE('',#2799,#1645,#2809,.T.);
#2809 = LINE('',#2810,#2811);
#2810 = CARTESIAN_POINT('',(6.4,-1.5,-5.4));
#2811 = VECTOR('',#2812,1.);
#2812 = DIRECTION('',(0.,0.,1.));
#2813 = ORIENTED_EDGE('',*,*,#1644,.T.);
#2814 = ORIENTED_EDGE('',*,*,#2815,.T.);
#2815 = EDGE_CURVE('',#1647,#2816,#2818,.T.);
#2816 = VERTEX_POINT('',#2817);
#2817 = CARTESIAN_POINT('',(6.4,0.2,-3.));
#2818 = LINE('',#2819,#2820);
#2819 = CARTESIAN_POINT('',(6.4,0.2,-4.7));
#2820 = VECTOR('',#2821,1.);
#2821 = DIRECTION('',(0.,0.,1.));
#2822 = ORIENTED_EDGE('',*,*,#2823,.T.);
#2823 = EDGE_CURVE('',#2816,#2824,#2826,.T.);
#2824 = VERTEX_POINT('',#2825);
#2825 = CARTESIAN_POINT('',(6.4,2.8,-3.));
#2826 = LINE('',#2827,#2828);
#2827 = CARTESIAN_POINT('',(6.4,-2.5,-3.));
#2828 = VECTOR('',#2829,1.);
#2829 = DIRECTION('',(0.,1.,0.));
#2830 = ORIENTED_EDGE('',*,*,#2831,.F.);
#2831 = EDGE_CURVE('',#1703,#2824,#2832,.T.);
#2832 = LINE('',#2833,#2834);
#2833 = CARTESIAN_POINT('',(6.4,2.8,-4.7));
#2834 = VECTOR('',#2835,1.);
#2835 = DIRECTION('',(0.,0.,1.));
#2836 = ORIENTED_EDGE('',*,*,#1710,.T.);
#2837 = ORIENTED_EDGE('',*,*,#2838,.F.);
#2838 = EDGE_CURVE('',#2801,#1711,#2839,.T.);
#2839 = LINE('',#2840,#2841);
#2840 = CARTESIAN_POINT('',(6.4,4.5,-5.4));
#2841 = VECTOR('',#2842,1.);
#2842 = DIRECTION('',(0.,0.,1.));
#2843 = PLANE('',#2844);
#2844 = AXIS2_PLACEMENT_3D('',#2845,#2846,#2847);
#2845 = CARTESIAN_POINT('',(6.4,1.5,-4.309090909091));
#2846 = DIRECTION('',(-1.,-0.,-0.));
#2847 = DIRECTION('',(0.,0.,-1.));
#2848 = ADVANCED_FACE('',(#2849),#2867,.F.);
#2849 = FACE_BOUND('',#2850,.F.);
#2850 = EDGE_LOOP('',(#2851,#2859,#2865,#2866));
#2851 = ORIENTED_EDGE('',*,*,#2852,.F.);
#2852 = EDGE_CURVE('',#2853,#1727,#2855,.T.);
#2853 = VERTEX_POINT('',#2854);
#2854 = CARTESIAN_POINT('',(7.29,-1.5,-5.4));
#2855 = LINE('',#2856,#2857);
#2856 = CARTESIAN_POINT('',(7.29,-1.5,-5.4));
#2857 = VECTOR('',#2858,1.);
#2858 = DIRECTION('',(0.,0.,1.));
#2859 = ORIENTED_EDGE('',*,*,#2860,.F.);
#2860 = EDGE_CURVE('',#2799,#2853,#2861,.T.);
#2861 = LINE('',#2862,#2863);
#2862 = CARTESIAN_POINT('',(6.4,-1.5,-5.4));
#2863 = VECTOR('',#2864,1.);
#2864 = DIRECTION('',(1.,0.,-0.));
#2865 = ORIENTED_EDGE('',*,*,#2808,.T.);
#2866 = ORIENTED_EDGE('',*,*,#1734,.F.);
#2867 = PLANE('',#2868);
#2868 = AXIS2_PLACEMENT_3D('',#2869,#2870,#2871);
#2869 = CARTESIAN_POINT('',(6.4,-1.5,-5.4));
#2870 = DIRECTION('',(-0.,1.,0.));
#2871 = DIRECTION('',(0.,0.,1.));
#2872 = ADVANCED_FACE('',(#2873),#2891,.T.);
#2873 = FACE_BOUND('',#2874,.T.);
#2874 = EDGE_LOOP('',(#2875,#2876,#2877,#2885));
#2875 = ORIENTED_EDGE('',*,*,#2815,.F.);
#2876 = ORIENTED_EDGE('',*,*,#1654,.T.);
#2877 = ORIENTED_EDGE('',*,*,#2878,.T.);
#2878 = EDGE_CURVE('',#1655,#2879,#2881,.T.);
#2879 = VERTEX_POINT('',#2880);
#2880 = CARTESIAN_POINT('',(-6.4,0.2,-3.));
#2881 = LINE('',#2882,#2883);
#2882 = CARTESIAN_POINT('',(-6.4,0.2,-4.7));
#2883 = VECTOR('',#2884,1.);
#2884 = DIRECTION('',(0.,0.,1.));
#2885 = ORIENTED_EDGE('',*,*,#2886,.T.);
#2886 = EDGE_CURVE('',#2879,#2816,#2887,.T.);
#2887 = LINE('',#2888,#2889);
#2888 = CARTESIAN_POINT('',(-8.395,0.2,-3.));
#2889 = VECTOR('',#2890,1.);
#2890 = DIRECTION('',(1.,0.,-0.));
#2891 = PLANE('',#2892);
#2892 = AXIS2_PLACEMENT_3D('',#2893,#2894,#2895);
#2893 = CARTESIAN_POINT('',(-6.4,0.2,-4.7));
#2894 = DIRECTION('',(-0.,1.,0.));
#2895 = DIRECTION('',(0.,0.,1.));
#2896 = ADVANCED_FACE('',(#2897),#2915,.T.);
#2897 = FACE_BOUND('',#2898,.T.);
#2898 = EDGE_LOOP('',(#2899,#2900,#2908,#2914));
#2899 = ORIENTED_EDGE('',*,*,#2852,.F.);
#2900 = ORIENTED_EDGE('',*,*,#2901,.T.);
#2901 = EDGE_CURVE('',#2853,#2902,#2904,.T.);
#2902 = VERTEX_POINT('',#2903);
#2903 = CARTESIAN_POINT('',(7.29,4.5,-5.4));
#2904 = LINE('',#2905,#2906);
#2905 = CARTESIAN_POINT('',(7.29,-1.5,-5.4));
#2906 = VECTOR('',#2907,1.);
#2907 = DIRECTION('',(-0.,1.,0.));
#2908 = ORIENTED_EDGE('',*,*,#2909,.T.);
#2909 = EDGE_CURVE('',#2902,#1719,#2910,.T.);
#2910 = LINE('',#2911,#2912);
#2911 = CARTESIAN_POINT('',(7.29,4.5,-5.4));
#2912 = VECTOR('',#2913,1.);
#2913 = DIRECTION('',(0.,0.,1.));
#2914 = ORIENTED_EDGE('',*,*,#1726,.F.);
#2915 = PLANE('',#2916);
#2916 = AXIS2_PLACEMENT_3D('',#2917,#2918,#2919);
#2917 = CARTESIAN_POINT('',(7.29,-1.5,-5.4));
#2918 = DIRECTION('',(1.,0.,-0.));
#2919 = DIRECTION('',(0.,0.,1.));
#2920 = ADVANCED_FACE('',(#2921),#2962,.T.);
#2921 = FACE_BOUND('',#2922,.T.);
#2922 = EDGE_LOOP('',(#2923,#2931,#2939,#2945,#2946,#2954,#2960,#2961));
#2923 = ORIENTED_EDGE('',*,*,#2924,.F.);
#2924 = EDGE_CURVE('',#2925,#1663,#2927,.T.);
#2925 = VERTEX_POINT('',#2926);
#2926 = CARTESIAN_POINT('',(-6.4,-1.5,-5.4));
#2927 = LINE('',#2928,#2929);
#2928 = CARTESIAN_POINT('',(-6.4,-1.5,-5.4));
#2929 = VECTOR('',#2930,1.);
#2930 = DIRECTION('',(0.,0.,1.));
#2931 = ORIENTED_EDGE('',*,*,#2932,.T.);
#2932 = EDGE_CURVE('',#2925,#2933,#2935,.T.);
#2933 = VERTEX_POINT('',#2934);
#2934 = CARTESIAN_POINT('',(-6.4,4.5,-5.4));
#2935 = LINE('',#2936,#2937);
#2936 = CARTESIAN_POINT('',(-6.4,-1.5,-5.4));
#2937 = VECTOR('',#2938,1.);
#2938 = DIRECTION('',(-0.,1.,0.));
#2939 = ORIENTED_EDGE('',*,*,#2940,.T.);
#2940 = EDGE_CURVE('',#2933,#1687,#2941,.T.);
#2941 = LINE('',#2942,#2943);
#2942 = CARTESIAN_POINT('',(-6.4,4.5,-5.4));
#2943 = VECTOR('',#2944,1.);
#2944 = DIRECTION('',(0.,0.,1.));
#2945 = ORIENTED_EDGE('',*,*,#1694,.F.);
#2946 = ORIENTED_EDGE('',*,*,#2947,.T.);
#2947 = EDGE_CURVE('',#1695,#2948,#2950,.T.);
#2948 = VERTEX_POINT('',#2949);
#2949 = CARTESIAN_POINT('',(-6.4,2.8,-3.));
#2950 = LINE('',#2951,#2952);
#2951 = CARTESIAN_POINT('',(-6.4,2.8,-4.7));
#2952 = VECTOR('',#2953,1.);
#2953 = DIRECTION('',(0.,0.,1.));
#2954 = ORIENTED_EDGE('',*,*,#2955,.T.);
#2955 = EDGE_CURVE('',#2948,#2879,#2956,.T.);
#2956 = LINE('',#2957,#2958);
#2957 = CARTESIAN_POINT('',(-6.4,-2.5,-3.));
#2958 = VECTOR('',#2959,1.);
#2959 = DIRECTION('',(0.,-1.,0.));
#2960 = ORIENTED_EDGE('',*,*,#2878,.F.);
#2961 = ORIENTED_EDGE('',*,*,#1662,.F.);
#2962 = PLANE('',#2963);
#2963 = AXIS2_PLACEMENT_3D('',#2964,#2965,#2966);
#2964 = CARTESIAN_POINT('',(-6.4,1.5,-4.309090909091));
#2965 = DIRECTION('',(1.,0.,0.));
#2966 = DIRECTION('',(-0.,0.,1.));
#2967 = ADVANCED_FACE('',(#2968),#2979,.T.);
#2968 = FACE_BOUND('',#2969,.T.);
#2969 = EDGE_LOOP('',(#2970,#2971,#2977,#2978));
#2970 = ORIENTED_EDGE('',*,*,#2909,.F.);
#2971 = ORIENTED_EDGE('',*,*,#2972,.F.);
#2972 = EDGE_CURVE('',#2801,#2902,#2973,.T.);
#2973 = LINE('',#2974,#2975);
#2974 = CARTESIAN_POINT('',(6.4,4.5,-5.4));
#2975 = VECTOR('',#2976,1.);
#2976 = DIRECTION('',(1.,0.,-0.));
#2977 = ORIENTED_EDGE('',*,*,#2838,.T.);
#2978 = ORIENTED_EDGE('',*,*,#1718,.F.);
#2979 = PLANE('',#2980);
#2980 = AXIS2_PLACEMENT_3D('',#2981,#2982,#2983);
#2981 = CARTESIAN_POINT('',(6.4,4.5,-5.4));
#2982 = DIRECTION('',(-0.,1.,0.));
#2983 = DIRECTION('',(0.,0.,1.));
#2984 = ADVANCED_FACE('',(#2985),#3003,.F.);
#2985 = FACE_BOUND('',#2986,.F.);
#2986 = EDGE_LOOP('',(#2987,#2988,#2996,#3002));
#2987 = ORIENTED_EDGE('',*,*,#2924,.F.);
#2988 = ORIENTED_EDGE('',*,*,#2989,.F.);
#2989 = EDGE_CURVE('',#2990,#2925,#2992,.T.);
#2990 = VERTEX_POINT('',#2991);
#2991 = CARTESIAN_POINT('',(-7.29,-1.5,-5.4));
#2992 = LINE('',#2993,#2994);
#2993 = CARTESIAN_POINT('',(-7.29,-1.5,-5.4));
#2994 = VECTOR('',#2995,1.);
#2995 = DIRECTION('',(1.,0.,-0.));
#2996 = ORIENTED_EDGE('',*,*,#2997,.T.);
#2997 = EDGE_CURVE('',#2990,#1671,#2998,.T.);
#2998 = LINE('',#2999,#3000);
#2999 = CARTESIAN_POINT('',(-7.29,-1.5,-5.4));
#3000 = VECTOR('',#3001,1.);
#3001 = DIRECTION('',(0.,0.,1.));
#3002 = ORIENTED_EDGE('',*,*,#1670,.F.);
#3003 = PLANE('',#3004);
#3004 = AXIS2_PLACEMENT_3D('',#3005,#3006,#3007);
#3005 = CARTESIAN_POINT('',(-7.29,-1.5,-5.4));
#3006 = DIRECTION('',(-0.,1.,0.));
#3007 = DIRECTION('',(0.,0.,1.));
#3008 = ADVANCED_FACE('',(#3009),#3027,.F.);
#3009 = FACE_BOUND('',#3010,.F.);
#3010 = EDGE_LOOP('',(#3011,#3012,#3020,#3026));
#3011 = ORIENTED_EDGE('',*,*,#2997,.F.);
#3012 = ORIENTED_EDGE('',*,*,#3013,.T.);
#3013 = EDGE_CURVE('',#2990,#3014,#3016,.T.);
#3014 = VERTEX_POINT('',#3015);
#3015 = CARTESIAN_POINT('',(-7.29,4.5,-5.4));
#3016 = LINE('',#3017,#3018);
#3017 = CARTESIAN_POINT('',(-7.29,-1.5,-5.4));
#3018 = VECTOR('',#3019,1.);
#3019 = DIRECTION('',(-0.,1.,0.));
#3020 = ORIENTED_EDGE('',*,*,#3021,.T.);
#3021 = EDGE_CURVE('',#3014,#1679,#3022,.T.);
#3022 = LINE('',#3023,#3024);
#3023 = CARTESIAN_POINT('',(-7.29,4.5,-5.4));
#3024 = VECTOR('',#3025,1.);
#3025 = DIRECTION('',(0.,0.,1.));
#3026 = ORIENTED_EDGE('',*,*,#1678,.F.);
#3027 = PLANE('',#3028);
#3028 = AXIS2_PLACEMENT_3D('',#3029,#3030,#3031);
#3029 = CARTESIAN_POINT('',(-7.29,-1.5,-5.4));
#3030 = DIRECTION('',(1.,0.,-0.));
#3031 = DIRECTION('',(0.,0.,1.));
#3032 = ADVANCED_FACE('',(#3033),#3044,.F.);
#3033 = FACE_BOUND('',#3034,.F.);
#3034 = EDGE_LOOP('',(#3035,#3036,#3037,#3038));
#3035 = ORIENTED_EDGE('',*,*,#2831,.F.);
#3036 = ORIENTED_EDGE('',*,*,#1702,.T.);
#3037 = ORIENTED_EDGE('',*,*,#2947,.T.);
#3038 = ORIENTED_EDGE('',*,*,#3039,.T.);
#3039 = EDGE_CURVE('',#2948,#2824,#3040,.T.);
#3040 = LINE('',#3041,#3042);
#3041 = CARTESIAN_POINT('',(-8.395,2.8,-3.));
#3042 = VECTOR('',#3043,1.);
#3043 = DIRECTION('',(1.,0.,-0.));
#3044 = PLANE('',#3045);
#3045 = AXIS2_PLACEMENT_3D('',#3046,#3047,#3048);
#3046 = CARTESIAN_POINT('',(-6.4,2.8,-4.7));
#3047 = DIRECTION('',(-0.,1.,0.));
#3048 = DIRECTION('',(0.,0.,1.));
#3049 = ADVANCED_FACE('',(#3050),#3061,.T.);
#3050 = FACE_BOUND('',#3051,.T.);
#3051 = EDGE_LOOP('',(#3052,#3053,#3059,#3060));
#3052 = ORIENTED_EDGE('',*,*,#2940,.F.);
#3053 = ORIENTED_EDGE('',*,*,#3054,.F.);
#3054 = EDGE_CURVE('',#3014,#2933,#3055,.T.);
#3055 = LINE('',#3056,#3057);
#3056 = CARTESIAN_POINT('',(-7.29,4.5,-5.4));
#3057 = VECTOR('',#3058,1.);
#3058 = DIRECTION('',(1.,0.,-0.));
#3059 = ORIENTED_EDGE('',*,*,#3021,.T.);
#3060 = ORIENTED_EDGE('',*,*,#1686,.F.);
#3061 = PLANE('',#3062);
#3062 = AXIS2_PLACEMENT_3D('',#3063,#3064,#3065);
#3063 = CARTESIAN_POINT('',(-7.29,4.5,-5.4));
#3064 = DIRECTION('',(-0.,1.,0.));
#3065 = DIRECTION('',(0.,0.,1.));
#3066 = ADVANCED_FACE('',(#3067),#3086,.T.);
#3067 = FACE_BOUND('',#3068,.T.);
#3068 = EDGE_LOOP('',(#3069,#3070,#3078,#3085));
#3069 = ORIENTED_EDGE('',*,*,#1742,.F.);
#3070 = ORIENTED_EDGE('',*,*,#3071,.F.);
#3071 = EDGE_CURVE('',#3072,#1743,#3074,.T.);
#3072 = VERTEX_POINT('',#3073);
#3073 = CARTESIAN_POINT('',(2.75,15.,-8.5));
#3074 = LINE('',#3075,#3076);
#3075 = CARTESIAN_POINT('',(2.75,15.,-8.5));
#3076 = VECTOR('',#3077,1.);
#3077 = DIRECTION('',(0.,0.,1.));
#3078 = ORIENTED_EDGE('',*,*,#3079,.T.);
#3079 = EDGE_CURVE('',#3072,#3072,#3080,.T.);
#3080 = CIRCLE('',#3081,2.75);
#3081 = AXIS2_PLACEMENT_3D('',#3082,#3083,#3084);
#3082 = CARTESIAN_POINT('',(0.,15.,-8.5));
#3083 = DIRECTION('',(0.,0.,1.));
#3084 = DIRECTION('',(1.,0.,-0.));
#3085 = ORIENTED_EDGE('',*,*,#3071,.T.);
#3086 = CYLINDRICAL_SURFACE('',#3087,2.75);
#3087 = AXIS2_PLACEMENT_3D('',#3088,#3089,#3090);
#3088 = CARTESIAN_POINT('',(0.,15.,-8.5));
#3089 = DIRECTION('',(0.,0.,1.));
#3090 = DIRECTION('',(1.,0.,-0.));
#3091 = ADVANCED_FACE('',(#3092),#3099,.F.);
#3092 = FACE_BOUND('',#3093,.F.);
#3093 = EDGE_LOOP('',(#3094,#3095,#3096,#3097,#3098));
#3094 = ORIENTED_EDGE('',*,*,#1791,.F.);
#3095 = ORIENTED_EDGE('',*,*,#1839,.F.);
#3096 = ORIENTED_EDGE('',*,*,#2349,.F.);
#3097 = ORIENTED_EDGE('',*,*,#2383,.T.);
#3098 = ORIENTED_EDGE('',*,*,#1767,.T.);
#3099 = PLANE('',#3100);
#3100 = AXIS2_PLACEMENT_3D('',#3101,#3102,#3103);
#3101 = CARTESIAN_POINT('',(-12.335,-17.5,-11.9));
#3102 = DIRECTION('',(0.,0.,1.));
#3103 = DIRECTION('',(1.,0.,-0.));
#3104 = ADVANCED_FACE('',(#3105,#3115,#3126,#3137,#3161,#3172),#3183,.T.
  );
#3105 = FACE_BOUND('',#3106,.T.);
#3106 = EDGE_LOOP('',(#3107,#3108,#3109,#3110,#3111,#3112,#3113,#3114));
#3107 = ORIENTED_EDGE('',*,*,#2334,.F.);
#3108 = ORIENTED_EDGE('',*,*,#2301,.F.);
#3109 = ORIENTED_EDGE('',*,*,#2198,.F.);
#3110 = ORIENTED_EDGE('',*,*,#2038,.F.);
#3111 = ORIENTED_EDGE('',*,*,#2014,.F.);
#3112 = ORIENTED_EDGE('',*,*,#1863,.F.);
#3113 = ORIENTED_EDGE('',*,*,#1823,.F.);
#3114 = ORIENTED_EDGE('',*,*,#2359,.F.);
#3115 = FACE_BOUND('',#3116,.T.);
#3116 = EDGE_LOOP('',(#3117));
#3117 = ORIENTED_EDGE('',*,*,#3118,.F.);
#3118 = EDGE_CURVE('',#3119,#3119,#3121,.T.);
#3119 = VERTEX_POINT('',#3120);
#3120 = CARTESIAN_POINT('',(-7.4,-19.5,-2.6));
#3121 = CIRCLE('',#3122,1.1);
#3122 = AXIS2_PLACEMENT_3D('',#3123,#3124,#3125);
#3123 = CARTESIAN_POINT('',(-8.5,-19.5,-2.6));
#3124 = DIRECTION('',(0.,0.,1.));
#3125 = DIRECTION('',(1.,0.,-0.));
#3126 = FACE_BOUND('',#3127,.T.);
#3127 = EDGE_LOOP('',(#3128));
#3128 = ORIENTED_EDGE('',*,*,#3129,.F.);
#3129 = EDGE_CURVE('',#3130,#3130,#3132,.T.);
#3130 = VERTEX_POINT('',#3131);
#3131 = CARTESIAN_POINT('',(9.6,-19.5,-2.6));
#3132 = CIRCLE('',#3133,1.1);
#3133 = AXIS2_PLACEMENT_3D('',#3134,#3135,#3136);
#3134 = CARTESIAN_POINT('',(8.5,-19.5,-2.6));
#3135 = DIRECTION('',(0.,0.,1.));
#3136 = DIRECTION('',(1.,0.,-0.));
#3137 = FACE_BOUND('',#3138,.T.);
#3138 = EDGE_LOOP('',(#3139,#3140,#3141,#3142,#3143,#3144,#3150,#3151,
    #3152,#3153,#3154,#3155));
#3139 = ORIENTED_EDGE('',*,*,#2497,.F.);
#3140 = ORIENTED_EDGE('',*,*,#2441,.T.);
#3141 = ORIENTED_EDGE('',*,*,#2521,.T.);
#3142 = ORIENTED_EDGE('',*,*,#2538,.F.);
#3143 = ORIENTED_EDGE('',*,*,#2465,.F.);
#3144 = ORIENTED_EDGE('',*,*,#3145,.F.);
#3145 = EDGE_CURVE('',#2736,#2466,#3146,.T.);
#3146 = LINE('',#3147,#3148);
#3147 = CARTESIAN_POINT('',(-5.195,9.5,-2.6));
#3148 = VECTOR('',#3149,1.);
#3149 = DIRECTION('',(-1.,-0.,0.));
#3150 = ORIENTED_EDGE('',*,*,#2735,.T.);
#3151 = ORIENTED_EDGE('',*,*,#2784,.F.);
#3152 = ORIENTED_EDGE('',*,*,#2702,.F.);
#3153 = ORIENTED_EDGE('',*,*,#2687,.T.);
#3154 = ORIENTED_EDGE('',*,*,#2767,.T.);
#3155 = ORIENTED_EDGE('',*,*,#3156,.T.);
#3156 = EDGE_CURVE('',#2760,#2490,#3157,.T.);
#3157 = LINE('',#3158,#3159);
#3158 = CARTESIAN_POINT('',(-5.195,-6.5,-2.6));
#3159 = VECTOR('',#3160,1.);
#3160 = DIRECTION('',(-1.,-0.,0.));
#3161 = FACE_BOUND('',#3162,.T.);
#3162 = EDGE_LOOP('',(#3163));
#3163 = ORIENTED_EDGE('',*,*,#3164,.F.);
#3164 = EDGE_CURVE('',#3165,#3165,#3167,.T.);
#3165 = VERTEX_POINT('',#3166);
#3166 = CARTESIAN_POINT('',(-7.79,19.5,-2.6));
#3167 = CIRCLE('',#3168,1.1);
#3168 = AXIS2_PLACEMENT_3D('',#3169,#3170,#3171);
#3169 = CARTESIAN_POINT('',(-8.89,19.5,-2.6));
#3170 = DIRECTION('',(0.,0.,1.));
#3171 = DIRECTION('',(1.,0.,-0.));
#3172 = FACE_BOUND('',#3173,.T.);
#3173 = EDGE_LOOP('',(#3174));
#3174 = ORIENTED_EDGE('',*,*,#3175,.F.);
#3175 = EDGE_CURVE('',#3176,#3176,#3178,.T.);
#3176 = VERTEX_POINT('',#3177);
#3177 = CARTESIAN_POINT('',(9.99,19.5,-2.6));
#3178 = CIRCLE('',#3179,1.1);
#3179 = AXIS2_PLACEMENT_3D('',#3180,#3181,#3182);
#3180 = CARTESIAN_POINT('',(8.89,19.5,-2.6));
#3181 = DIRECTION('',(0.,0.,1.));
#3182 = DIRECTION('',(1.,0.,-0.));
#3183 = PLANE('',#3184);
#3184 = AXIS2_PLACEMENT_3D('',#3185,#3186,#3187);
#3185 = CARTESIAN_POINT('',(3.311298577717E-16,1.103766192572E-16,-2.6)
  );
#3186 = DIRECTION('',(0.,0.,1.));
#3187 = DIRECTION('',(1.,0.,-0.));
#3188 = ADVANCED_FACE('',(#3189),#3195,.F.);
#3189 = FACE_BOUND('',#3190,.F.);
#3190 = EDGE_LOOP('',(#3191,#3192,#3193,#3194));
#3191 = ORIENTED_EDGE('',*,*,#1962,.F.);
#3192 = ORIENTED_EDGE('',*,*,#1880,.F.);
#3193 = ORIENTED_EDGE('',*,*,#1921,.T.);
#3194 = ORIENTED_EDGE('',*,*,#1938,.T.);
#3195 = PLANE('',#3196);
#3196 = AXIS2_PLACEMENT_3D('',#3197,#3198,#3199);
#3197 = CARTESIAN_POINT('',(-12.335,17.5,-11.9));
#3198 = DIRECTION('',(0.,0.,1.));
#3199 = DIRECTION('',(1.,0.,-0.));
#3200 = ADVANCED_FACE('',(#3201),#3212,.F.);
#3201 = FACE_BOUND('',#3202,.F.);
#3202 = EDGE_LOOP('',(#3203,#3204,#3210,#3211));
#3203 = ORIENTED_EDGE('',*,*,#1987,.T.);
#3204 = ORIENTED_EDGE('',*,*,#3205,.T.);
#3205 = EDGE_CURVE('',#1980,#3165,#3206,.T.);
#3206 = LINE('',#3207,#3208);
#3207 = CARTESIAN_POINT('',(-7.79,19.5,-4.21));
#3208 = VECTOR('',#3209,1.);
#3209 = DIRECTION('',(0.,0.,1.));
#3210 = ORIENTED_EDGE('',*,*,#3164,.F.);
#3211 = ORIENTED_EDGE('',*,*,#3205,.F.);
#3212 = CYLINDRICAL_SURFACE('',#3213,1.1);
#3213 = AXIS2_PLACEMENT_3D('',#3214,#3215,#3216);
#3214 = CARTESIAN_POINT('',(-8.89,19.5,-4.21));
#3215 = DIRECTION('',(0.,0.,1.));
#3216 = DIRECTION('',(1.,0.,-0.));
#3217 = ADVANCED_FACE('',(#3218),#3224,.F.);
#3218 = FACE_BOUND('',#3219,.F.);
#3219 = EDGE_LOOP('',(#3220,#3221,#3222,#3223));
#3220 = ORIENTED_EDGE('',*,*,#2116,.F.);
#3221 = ORIENTED_EDGE('',*,*,#2147,.F.);
#3222 = ORIENTED_EDGE('',*,*,#2164,.T.);
#3223 = ORIENTED_EDGE('',*,*,#2065,.F.);
#3224 = PLANE('',#3225);
#3225 = AXIS2_PLACEMENT_3D('',#3226,#3227,#3228);
#3226 = CARTESIAN_POINT('',(11.25,17.5,-11.9));
#3227 = DIRECTION('',(0.,0.,1.));
#3228 = DIRECTION('',(1.,0.,-0.));
#3229 = ADVANCED_FACE('',(#3230),#3241,.F.);
#3230 = FACE_BOUND('',#3231,.F.);
#3231 = EDGE_LOOP('',(#3232,#3233,#3239,#3240));
#3232 = ORIENTED_EDGE('',*,*,#2097,.T.);
#3233 = ORIENTED_EDGE('',*,*,#3234,.T.);
#3234 = EDGE_CURVE('',#2090,#3176,#3235,.T.);
#3235 = LINE('',#3236,#3237);
#3236 = CARTESIAN_POINT('',(9.99,19.5,-4.21));
#3237 = VECTOR('',#3238,1.);
#3238 = DIRECTION('',(0.,0.,1.));
#3239 = ORIENTED_EDGE('',*,*,#3175,.F.);
#3240 = ORIENTED_EDGE('',*,*,#3234,.F.);
#3241 = CYLINDRICAL_SURFACE('',#3242,1.1);
#3242 = AXIS2_PLACEMENT_3D('',#3243,#3244,#3245);
#3243 = CARTESIAN_POINT('',(8.89,19.5,-4.21));
#3244 = DIRECTION('',(0.,0.,1.));
#3245 = DIRECTION('',(1.,0.,-0.));
#3246 = ADVANCED_FACE('',(#3247),#3254,.F.);
#3247 = FACE_BOUND('',#3248,.F.);
#3248 = EDGE_LOOP('',(#3249,#3250,#3251,#3252,#3253));
#3249 = ORIENTED_EDGE('',*,*,#2221,.F.);
#3250 = ORIENTED_EDGE('',*,*,#2252,.F.);
#3251 = ORIENTED_EDGE('',*,*,#2276,.T.);
#3252 = ORIENTED_EDGE('',*,*,#2309,.F.);
#3253 = ORIENTED_EDGE('',*,*,#2180,.F.);
#3254 = PLANE('',#3255);
#3255 = AXIS2_PLACEMENT_3D('',#3256,#3257,#3258);
#3256 = CARTESIAN_POINT('',(11.25,-17.5,-11.9));
#3257 = DIRECTION('',(0.,0.,1.));
#3258 = DIRECTION('',(1.,0.,-0.));
#3259 = ADVANCED_FACE('',(#3260),#3271,.F.);
#3260 = FACE_BOUND('',#3261,.F.);
#3261 = EDGE_LOOP('',(#3262,#3263,#3269,#3270));
#3262 = ORIENTED_EDGE('',*,*,#2407,.T.);
#3263 = ORIENTED_EDGE('',*,*,#3264,.T.);
#3264 = EDGE_CURVE('',#2400,#3119,#3265,.T.);
#3265 = LINE('',#3266,#3267);
#3266 = CARTESIAN_POINT('',(-7.4,-19.5,-4.21));
#3267 = VECTOR('',#3268,1.);
#3268 = DIRECTION('',(0.,0.,1.));
#3269 = ORIENTED_EDGE('',*,*,#3118,.F.);
#3270 = ORIENTED_EDGE('',*,*,#3264,.F.);
#3271 = CYLINDRICAL_SURFACE('',#3272,1.1);
#3272 = AXIS2_PLACEMENT_3D('',#3273,#3274,#3275);
#3273 = CARTESIAN_POINT('',(-8.5,-19.5,-4.21));
#3274 = DIRECTION('',(0.,0.,1.));
#3275 = DIRECTION('',(1.,0.,-0.));
#3276 = ADVANCED_FACE('',(#3277),#3288,.T.);
#3277 = FACE_BOUND('',#3278,.T.);
#3278 = EDGE_LOOP('',(#3279,#3285,#3286,#3287));
#3279 = ORIENTED_EDGE('',*,*,#3280,.F.);
#3280 = EDGE_CURVE('',#2482,#2752,#3281,.T.);
#3281 = LINE('',#3282,#3283);
#3282 = CARTESIAN_POINT('',(-10.39,-6.5,-3.));
#3283 = VECTOR('',#3284,1.);
#3284 = DIRECTION('',(1.,0.,-0.));
#3285 = ORIENTED_EDGE('',*,*,#2489,.T.);
#3286 = ORIENTED_EDGE('',*,*,#3156,.F.);
#3287 = ORIENTED_EDGE('',*,*,#2759,.F.);
#3288 = PLANE('',#3289);
#3289 = AXIS2_PLACEMENT_3D('',#3290,#3291,#3292);
#3290 = CARTESIAN_POINT('',(-10.39,-6.5,-3.));
#3291 = DIRECTION('',(-0.,1.,0.));
#3292 = DIRECTION('',(0.,0.,1.));
#3293 = ADVANCED_FACE('',(#3294,#3305),#3311,.T.);
#3294 = FACE_BOUND('',#3295,.T.);
#3295 = EDGE_LOOP('',(#3296,#3297,#3298,#3299));
#3296 = ORIENTED_EDGE('',*,*,#2481,.T.);
#3297 = ORIENTED_EDGE('',*,*,#3280,.T.);
#3298 = ORIENTED_EDGE('',*,*,#2751,.F.);
#3299 = ORIENTED_EDGE('',*,*,#3300,.F.);
#3300 = EDGE_CURVE('',#2474,#2744,#3301,.T.);
#3301 = LINE('',#3302,#3303);
#3302 = CARTESIAN_POINT('',(-10.39,9.5,-3.));
#3303 = VECTOR('',#3304,1.);
#3304 = DIRECTION('',(1.,0.,-0.));
#3305 = FACE_BOUND('',#3306,.T.);
#3306 = EDGE_LOOP('',(#3307,#3308,#3309,#3310));
#3307 = ORIENTED_EDGE('',*,*,#2955,.F.);
#3308 = ORIENTED_EDGE('',*,*,#3039,.T.);
#3309 = ORIENTED_EDGE('',*,*,#2823,.F.);
#3310 = ORIENTED_EDGE('',*,*,#2886,.F.);
#3311 = PLANE('',#3312);
#3312 = AXIS2_PLACEMENT_3D('',#3313,#3314,#3315);
#3313 = CARTESIAN_POINT('',(-10.39,-6.5,-3.));
#3314 = DIRECTION('',(0.,0.,1.));
#3315 = DIRECTION('',(1.,0.,-0.));
#3316 = ADVANCED_FACE('',(#3317),#3323,.F.);
#3317 = FACE_BOUND('',#3318,.F.);
#3318 = EDGE_LOOP('',(#3319,#3320,#3321,#3322));
#3319 = ORIENTED_EDGE('',*,*,#3300,.F.);
#3320 = ORIENTED_EDGE('',*,*,#2473,.T.);
#3321 = ORIENTED_EDGE('',*,*,#3145,.F.);
#3322 = ORIENTED_EDGE('',*,*,#2743,.F.);
#3323 = PLANE('',#3324);
#3324 = AXIS2_PLACEMENT_3D('',#3325,#3326,#3327);
#3325 = CARTESIAN_POINT('',(-10.39,9.5,-3.));
#3326 = DIRECTION('',(-0.,1.,0.));
#3327 = DIRECTION('',(0.,0.,1.));
#3328 = ADVANCED_FACE('',(#3329),#3371,.F.);
#3329 = FACE_BOUND('',#3330,.F.);
#3330 = EDGE_LOOP('',(#3331,#3332,#3333,#3341,#3349,#3357,#3365));
#3331 = ORIENTED_EDGE('',*,*,#2630,.T.);
#3332 = ORIENTED_EDGE('',*,*,#2562,.T.);
#3333 = ORIENTED_EDGE('',*,*,#3334,.F.);
#3334 = EDGE_CURVE('',#3335,#2563,#3337,.T.);
#3335 = VERTEX_POINT('',#3336);
#3336 = CARTESIAN_POINT('',(0.65,-12.1,-8.5));
#3337 = LINE('',#3338,#3339);
#3338 = CARTESIAN_POINT('',(0.65,-14.625,-8.5));
#3339 = VECTOR('',#3340,1.);
#3340 = DIRECTION('',(-0.,1.,0.));
#3341 = ORIENTED_EDGE('',*,*,#3342,.F.);
#3342 = EDGE_CURVE('',#3343,#3335,#3345,.T.);
#3343 = VERTEX_POINT('',#3344);
#3344 = CARTESIAN_POINT('',(2.05,-12.1,-8.5));
#3345 = LINE('',#3346,#3347);
#3346 = CARTESIAN_POINT('',(-1.025,-12.1,-8.5));
#3347 = VECTOR('',#3348,1.);
#3348 = DIRECTION('',(-1.,-0.,0.));
#3349 = ORIENTED_EDGE('',*,*,#3350,.F.);
#3350 = EDGE_CURVE('',#3351,#3343,#3353,.T.);
#3351 = VERTEX_POINT('',#3352);
#3352 = CARTESIAN_POINT('',(2.05,-13.9,-8.5));
#3353 = LINE('',#3354,#3355);
#3354 = CARTESIAN_POINT('',(2.05,-13.45,-8.5));
#3355 = VECTOR('',#3356,1.);
#3356 = DIRECTION('',(-0.,1.,0.));
#3357 = ORIENTED_EDGE('',*,*,#3358,.T.);
#3358 = EDGE_CURVE('',#3351,#3359,#3361,.T.);
#3359 = VERTEX_POINT('',#3360);
#3360 = CARTESIAN_POINT('',(0.65,-13.9,-8.5));
#3361 = LINE('',#3362,#3363);
#3362 = CARTESIAN_POINT('',(-1.025,-13.9,-8.5));
#3363 = VECTOR('',#3364,1.);
#3364 = DIRECTION('',(-1.,-0.,0.));
#3365 = ORIENTED_EDGE('',*,*,#3366,.F.);
#3366 = EDGE_CURVE('',#2623,#3359,#3367,.T.);
#3367 = LINE('',#3368,#3369);
#3368 = CARTESIAN_POINT('',(0.65,-14.625,-8.5));
#3369 = VECTOR('',#3370,1.);
#3370 = DIRECTION('',(-0.,1.,0.));
#3371 = PLANE('',#3372);
#3372 = AXIS2_PLACEMENT_3D('',#3373,#3374,#3375);
#3373 = CARTESIAN_POINT('',(0.,-13.,-8.5));
#3374 = DIRECTION('',(0.,0.,1.));
#3375 = DIRECTION('',(1.,0.,-0.));
#3376 = ADVANCED_FACE('',(#3377),#3395,.F.);
#3377 = FACE_BOUND('',#3378,.F.);
#3378 = EDGE_LOOP('',(#3379,#3387,#3388,#3389));
#3379 = ORIENTED_EDGE('',*,*,#3380,.F.);
#3380 = EDGE_CURVE('',#2614,#3381,#3383,.T.);
#3381 = VERTEX_POINT('',#3382);
#3382 = CARTESIAN_POINT('',(0.65,-13.9,-5.1));
#3383 = LINE('',#3384,#3385);
#3384 = CARTESIAN_POINT('',(0.65,-16.25,-5.1));
#3385 = VECTOR('',#3386,1.);
#3386 = DIRECTION('',(-0.,1.,0.));
#3387 = ORIENTED_EDGE('',*,*,#2622,.F.);
#3388 = ORIENTED_EDGE('',*,*,#3366,.T.);
#3389 = ORIENTED_EDGE('',*,*,#3390,.F.);
#3390 = EDGE_CURVE('',#3381,#3359,#3391,.T.);
#3391 = LINE('',#3392,#3393);
#3392 = CARTESIAN_POINT('',(0.65,-13.9,-8.51));
#3393 = VECTOR('',#3394,1.);
#3394 = DIRECTION('',(-0.,0.,-1.));
#3395 = PLANE('',#3396);
#3396 = AXIS2_PLACEMENT_3D('',#3397,#3398,#3399);
#3397 = CARTESIAN_POINT('',(0.65,-16.25,-8.51));
#3398 = DIRECTION('',(1.,0.,-0.));
#3399 = DIRECTION('',(0.,0.,1.));
#3400 = ADVANCED_FACE('',(#3401),#3474,.T.);
#3401 = FACE_BOUND('',#3402,.T.);
#3402 = EDGE_LOOP('',(#3403,#3404,#3405,#3413,#3421,#3429,#3437,#3443,
    #3444,#3452,#3460,#3468));
#3403 = ORIENTED_EDGE('',*,*,#3380,.F.);
#3404 = ORIENTED_EDGE('',*,*,#2613,.F.);
#3405 = ORIENTED_EDGE('',*,*,#3406,.T.);
#3406 = EDGE_CURVE('',#2606,#3407,#3409,.T.);
#3407 = VERTEX_POINT('',#3408);
#3408 = CARTESIAN_POINT('',(-0.65,-13.9,-5.1));
#3409 = LINE('',#3410,#3411);
#3410 = CARTESIAN_POINT('',(-0.65,-16.25,-5.1));
#3411 = VECTOR('',#3412,1.);
#3412 = DIRECTION('',(-0.,1.,0.));
#3413 = ORIENTED_EDGE('',*,*,#3414,.F.);
#3414 = EDGE_CURVE('',#3415,#3407,#3417,.T.);
#3415 = VERTEX_POINT('',#3416);
#3416 = CARTESIAN_POINT('',(-2.05,-13.9,-5.1));
#3417 = LINE('',#3418,#3419);
#3418 = CARTESIAN_POINT('',(-2.05,-13.9,-5.1));
#3419 = VECTOR('',#3420,1.);
#3420 = DIRECTION('',(1.,0.,-0.));
#3421 = ORIENTED_EDGE('',*,*,#3422,.T.);
#3422 = EDGE_CURVE('',#3415,#3423,#3425,.T.);
#3423 = VERTEX_POINT('',#3424);
#3424 = CARTESIAN_POINT('',(-2.05,-12.1,-5.1));
#3425 = LINE('',#3426,#3427);
#3426 = CARTESIAN_POINT('',(-2.05,-13.9,-5.1));
#3427 = VECTOR('',#3428,1.);
#3428 = DIRECTION('',(-0.,1.,0.));
#3429 = ORIENTED_EDGE('',*,*,#3430,.T.);
#3430 = EDGE_CURVE('',#3423,#3431,#3433,.T.);
#3431 = VERTEX_POINT('',#3432);
#3432 = CARTESIAN_POINT('',(-0.65,-12.1,-5.1));
#3433 = LINE('',#3434,#3435);
#3434 = CARTESIAN_POINT('',(-2.05,-12.1,-5.1));
#3435 = VECTOR('',#3436,1.);
#3436 = DIRECTION('',(1.,0.,-0.));
#3437 = ORIENTED_EDGE('',*,*,#3438,.T.);
#3438 = EDGE_CURVE('',#3431,#2580,#3439,.T.);
#3439 = LINE('',#3440,#3441);
#3440 = CARTESIAN_POINT('',(-0.65,-16.25,-5.1));
#3441 = VECTOR('',#3442,1.);
#3442 = DIRECTION('',(-0.,1.,0.));
#3443 = ORIENTED_EDGE('',*,*,#2579,.F.);
#3444 = ORIENTED_EDGE('',*,*,#3445,.F.);
#3445 = EDGE_CURVE('',#3446,#2572,#3448,.T.);
#3446 = VERTEX_POINT('',#3447);
#3447 = CARTESIAN_POINT('',(0.65,-12.1,-5.1));
#3448 = LINE('',#3449,#3450);
#3449 = CARTESIAN_POINT('',(0.65,-16.25,-5.1));
#3450 = VECTOR('',#3451,1.);
#3451 = DIRECTION('',(-0.,1.,0.));
#3452 = ORIENTED_EDGE('',*,*,#3453,.T.);
#3453 = EDGE_CURVE('',#3446,#3454,#3456,.T.);
#3454 = VERTEX_POINT('',#3455);
#3455 = CARTESIAN_POINT('',(2.05,-12.1,-5.1));
#3456 = LINE('',#3457,#3458);
#3457 = CARTESIAN_POINT('',(-2.05,-12.1,-5.1));
#3458 = VECTOR('',#3459,1.);
#3459 = DIRECTION('',(1.,0.,-0.));
#3460 = ORIENTED_EDGE('',*,*,#3461,.F.);
#3461 = EDGE_CURVE('',#3462,#3454,#3464,.T.);
#3462 = VERTEX_POINT('',#3463);
#3463 = CARTESIAN_POINT('',(2.05,-13.9,-5.1));
#3464 = LINE('',#3465,#3466);
#3465 = CARTESIAN_POINT('',(2.05,-13.9,-5.1));
#3466 = VECTOR('',#3467,1.);
#3467 = DIRECTION('',(-0.,1.,0.));
#3468 = ORIENTED_EDGE('',*,*,#3469,.F.);
#3469 = EDGE_CURVE('',#3381,#3462,#3470,.T.);
#3470 = LINE('',#3471,#3472);
#3471 = CARTESIAN_POINT('',(-2.05,-13.9,-5.1));
#3472 = VECTOR('',#3473,1.);
#3473 = DIRECTION('',(1.,0.,-0.));
#3474 = PLANE('',#3475);
#3475 = AXIS2_PLACEMENT_3D('',#3476,#3477,#3478);
#3476 = CARTESIAN_POINT('',(0.,-13.,-5.1));
#3477 = DIRECTION('',(-0.,-0.,-1.));
#3478 = DIRECTION('',(-1.,0.,0.));
#3479 = ADVANCED_FACE('',(#3480),#3498,.T.);
#3480 = FACE_BOUND('',#3481,.T.);
#3481 = EDGE_LOOP('',(#3482,#3483,#3484,#3492));
#3482 = ORIENTED_EDGE('',*,*,#3406,.F.);
#3483 = ORIENTED_EDGE('',*,*,#2605,.F.);
#3484 = ORIENTED_EDGE('',*,*,#3485,.T.);
#3485 = EDGE_CURVE('',#2597,#3486,#3488,.T.);
#3486 = VERTEX_POINT('',#3487);
#3487 = CARTESIAN_POINT('',(-0.65,-13.9,-8.5));
#3488 = LINE('',#3489,#3490);
#3489 = CARTESIAN_POINT('',(-0.65,-14.625,-8.5));
#3490 = VECTOR('',#3491,1.);
#3491 = DIRECTION('',(-0.,1.,0.));
#3492 = ORIENTED_EDGE('',*,*,#3493,.F.);
#3493 = EDGE_CURVE('',#3407,#3486,#3494,.T.);
#3494 = LINE('',#3495,#3496);
#3495 = CARTESIAN_POINT('',(-0.65,-13.9,-8.51));
#3496 = VECTOR('',#3497,1.);
#3497 = DIRECTION('',(-0.,0.,-1.));
#3498 = PLANE('',#3499);
#3499 = AXIS2_PLACEMENT_3D('',#3500,#3501,#3502);
#3500 = CARTESIAN_POINT('',(-0.65,-16.25,-8.51));
#3501 = DIRECTION('',(1.,0.,-0.));
#3502 = DIRECTION('',(0.,0.,1.));
#3503 = ADVANCED_FACE('',(#3504),#3538,.F.);
#3504 = FACE_BOUND('',#3505,.F.);
#3505 = EDGE_LOOP('',(#3506,#3514,#3515,#3516,#3524,#3532));
#3506 = ORIENTED_EDGE('',*,*,#3507,.T.);
#3507 = EDGE_CURVE('',#3508,#2589,#3510,.T.);
#3508 = VERTEX_POINT('',#3509);
#3509 = CARTESIAN_POINT('',(-0.65,-12.1,-8.5));
#3510 = LINE('',#3511,#3512);
#3511 = CARTESIAN_POINT('',(-0.65,-14.625,-8.5));
#3512 = VECTOR('',#3513,1.);
#3513 = DIRECTION('',(-0.,1.,0.));
#3514 = ORIENTED_EDGE('',*,*,#2596,.T.);
#3515 = ORIENTED_EDGE('',*,*,#3485,.T.);
#3516 = ORIENTED_EDGE('',*,*,#3517,.T.);
#3517 = EDGE_CURVE('',#3486,#3518,#3520,.T.);
#3518 = VERTEX_POINT('',#3519);
#3519 = CARTESIAN_POINT('',(-2.05,-13.9,-8.5));
#3520 = LINE('',#3521,#3522);
#3521 = CARTESIAN_POINT('',(-1.025,-13.9,-8.5));
#3522 = VECTOR('',#3523,1.);
#3523 = DIRECTION('',(-1.,-0.,0.));
#3524 = ORIENTED_EDGE('',*,*,#3525,.T.);
#3525 = EDGE_CURVE('',#3518,#3526,#3528,.T.);
#3526 = VERTEX_POINT('',#3527);
#3527 = CARTESIAN_POINT('',(-2.05,-12.1,-8.5));
#3528 = LINE('',#3529,#3530);
#3529 = CARTESIAN_POINT('',(-2.05,-13.45,-8.5));
#3530 = VECTOR('',#3531,1.);
#3531 = DIRECTION('',(-0.,1.,0.));
#3532 = ORIENTED_EDGE('',*,*,#3533,.F.);
#3533 = EDGE_CURVE('',#3508,#3526,#3534,.T.);
#3534 = LINE('',#3535,#3536);
#3535 = CARTESIAN_POINT('',(-1.025,-12.1,-8.5));
#3536 = VECTOR('',#3537,1.);
#3537 = DIRECTION('',(-1.,-0.,0.));
#3538 = PLANE('',#3539);
#3539 = AXIS2_PLACEMENT_3D('',#3540,#3541,#3542);
#3540 = CARTESIAN_POINT('',(0.,-13.,-8.5));
#3541 = DIRECTION('',(0.,0.,1.));
#3542 = DIRECTION('',(1.,0.,-0.));
#3543 = ADVANCED_FACE('',(#3544),#3555,.T.);
#3544 = FACE_BOUND('',#3545,.T.);
#3545 = EDGE_LOOP('',(#3546,#3547,#3553,#3554));
#3546 = ORIENTED_EDGE('',*,*,#3438,.F.);
#3547 = ORIENTED_EDGE('',*,*,#3548,.T.);
#3548 = EDGE_CURVE('',#3431,#3508,#3549,.T.);
#3549 = LINE('',#3550,#3551);
#3550 = CARTESIAN_POINT('',(-0.65,-12.1,-8.51));
#3551 = VECTOR('',#3552,1.);
#3552 = DIRECTION('',(-0.,0.,-1.));
#3553 = ORIENTED_EDGE('',*,*,#3507,.T.);
#3554 = ORIENTED_EDGE('',*,*,#2588,.T.);
#3555 = PLANE('',#3556);
#3556 = AXIS2_PLACEMENT_3D('',#3557,#3558,#3559);
#3557 = CARTESIAN_POINT('',(-0.65,-16.25,-8.51));
#3558 = DIRECTION('',(1.,0.,-0.));
#3559 = DIRECTION('',(0.,0.,1.));
#3560 = ADVANCED_FACE('',(#3561),#3572,.F.);
#3561 = FACE_BOUND('',#3562,.F.);
#3562 = EDGE_LOOP('',(#3563,#3564,#3570,#3571));
#3563 = ORIENTED_EDGE('',*,*,#3445,.F.);
#3564 = ORIENTED_EDGE('',*,*,#3565,.T.);
#3565 = EDGE_CURVE('',#3446,#3335,#3566,.T.);
#3566 = LINE('',#3567,#3568);
#3567 = CARTESIAN_POINT('',(0.65,-12.1,-8.51));
#3568 = VECTOR('',#3569,1.);
#3569 = DIRECTION('',(-0.,0.,-1.));
#3570 = ORIENTED_EDGE('',*,*,#3334,.T.);
#3571 = ORIENTED_EDGE('',*,*,#2571,.T.);
#3572 = PLANE('',#3573);
#3573 = AXIS2_PLACEMENT_3D('',#3574,#3575,#3576);
#3574 = CARTESIAN_POINT('',(0.65,-16.25,-8.51));
#3575 = DIRECTION('',(1.,0.,-0.));
#3576 = DIRECTION('',(0.,0.,1.));
#3577 = ADVANCED_FACE('',(#3578),#3589,.F.);
#3578 = FACE_BOUND('',#3579,.F.);
#3579 = EDGE_LOOP('',(#3580,#3581,#3587,#3588));
#3580 = ORIENTED_EDGE('',*,*,#2653,.T.);
#3581 = ORIENTED_EDGE('',*,*,#3582,.T.);
#3582 = EDGE_CURVE('',#2646,#3130,#3583,.T.);
#3583 = LINE('',#3584,#3585);
#3584 = CARTESIAN_POINT('',(9.6,-19.5,-4.21));
#3585 = VECTOR('',#3586,1.);
#3586 = DIRECTION('',(0.,0.,1.));
#3587 = ORIENTED_EDGE('',*,*,#3129,.F.);
#3588 = ORIENTED_EDGE('',*,*,#3582,.F.);
#3589 = CYLINDRICAL_SURFACE('',#3590,1.1);
#3590 = AXIS2_PLACEMENT_3D('',#3591,#3592,#3593);
#3591 = CARTESIAN_POINT('',(8.5,-19.5,-4.21));
#3592 = DIRECTION('',(0.,0.,1.));
#3593 = DIRECTION('',(1.,0.,-0.));
#3594 = ADVANCED_FACE('',(#3595),#3601,.F.);
#3595 = FACE_BOUND('',#3596,.F.);
#3596 = EDGE_LOOP('',(#3597,#3598,#3599,#3600));
#3597 = ORIENTED_EDGE('',*,*,#2798,.F.);
#3598 = ORIENTED_EDGE('',*,*,#2860,.T.);
#3599 = ORIENTED_EDGE('',*,*,#2901,.T.);
#3600 = ORIENTED_EDGE('',*,*,#2972,.F.);
#3601 = PLANE('',#3602);
#3602 = AXIS2_PLACEMENT_3D('',#3603,#3604,#3605);
#3603 = CARTESIAN_POINT('',(6.4,-1.5,-5.4));
#3604 = DIRECTION('',(0.,0.,1.));
#3605 = DIRECTION('',(1.,0.,-0.));
#3606 = ADVANCED_FACE('',(#3607),#3613,.F.);
#3607 = FACE_BOUND('',#3608,.F.);
#3608 = EDGE_LOOP('',(#3609,#3610,#3611,#3612));
#3609 = ORIENTED_EDGE('',*,*,#3013,.F.);
#3610 = ORIENTED_EDGE('',*,*,#2989,.T.);
#3611 = ORIENTED_EDGE('',*,*,#2932,.T.);
#3612 = ORIENTED_EDGE('',*,*,#3054,.F.);
#3613 = PLANE('',#3614);
#3614 = AXIS2_PLACEMENT_3D('',#3615,#3616,#3617);
#3615 = CARTESIAN_POINT('',(-7.29,-1.5,-5.4));
#3616 = DIRECTION('',(0.,0.,1.));
#3617 = DIRECTION('',(1.,0.,-0.));
#3618 = ADVANCED_FACE('',(#3619,#3622),#3720,.F.);
#3619 = FACE_BOUND('',#3620,.F.);
#3620 = EDGE_LOOP('',(#3621));
#3621 = ORIENTED_EDGE('',*,*,#3079,.T.);
#3622 = FACE_BOUND('',#3623,.F.);
#3623 = EDGE_LOOP('',(#3624,#3634,#3642,#3650,#3658,#3666,#3674,#3682,
    #3690,#3698,#3706,#3714));
#3624 = ORIENTED_EDGE('',*,*,#3625,.T.);
#3625 = EDGE_CURVE('',#3626,#3628,#3630,.T.);
#3626 = VERTEX_POINT('',#3627);
#3627 = CARTESIAN_POINT('',(-0.65,14.35,-8.5));
#3628 = VERTEX_POINT('',#3629);
#3629 = CARTESIAN_POINT('',(-2.05,14.35,-8.5));
#3630 = LINE('',#3631,#3632);
#3631 = CARTESIAN_POINT('',(-1.025,14.35,-8.5));
#3632 = VECTOR('',#3633,1.);
#3633 = DIRECTION('',(-1.,-0.,0.));
#3634 = ORIENTED_EDGE('',*,*,#3635,.T.);
#3635 = EDGE_CURVE('',#3628,#3636,#3638,.T.);
#3636 = VERTEX_POINT('',#3637);
#3637 = CARTESIAN_POINT('',(-2.05,15.65,-8.5));
#3638 = LINE('',#3639,#3640);
#3639 = CARTESIAN_POINT('',(-2.05,14.675,-8.5));
#3640 = VECTOR('',#3641,1.);
#3641 = DIRECTION('',(-0.,1.,0.));
#3642 = ORIENTED_EDGE('',*,*,#3643,.F.);
#3643 = EDGE_CURVE('',#3644,#3636,#3646,.T.);
#3644 = VERTEX_POINT('',#3645);
#3645 = CARTESIAN_POINT('',(-0.65,15.65,-8.5));
#3646 = LINE('',#3647,#3648);
#3647 = CARTESIAN_POINT('',(-1.025,15.65,-8.5));
#3648 = VECTOR('',#3649,1.);
#3649 = DIRECTION('',(-1.,-0.,0.));
#3650 = ORIENTED_EDGE('',*,*,#3651,.T.);
#3651 = EDGE_CURVE('',#3644,#3652,#3654,.T.);
#3652 = VERTEX_POINT('',#3653);
#3653 = CARTESIAN_POINT('',(-0.65,17.05,-8.5));
#3654 = LINE('',#3655,#3656);
#3655 = CARTESIAN_POINT('',(-0.65,13.975,-8.5));
#3656 = VECTOR('',#3657,1.);
#3657 = DIRECTION('',(-0.,1.,0.));
#3658 = ORIENTED_EDGE('',*,*,#3659,.F.);
#3659 = EDGE_CURVE('',#3660,#3652,#3662,.T.);
#3660 = VERTEX_POINT('',#3661);
#3661 = CARTESIAN_POINT('',(0.65,17.05,-8.5));
#3662 = LINE('',#3663,#3664);
#3663 = CARTESIAN_POINT('',(-0.325,17.05,-8.5));
#3664 = VECTOR('',#3665,1.);
#3665 = DIRECTION('',(-1.,-0.,0.));
#3666 = ORIENTED_EDGE('',*,*,#3667,.F.);
#3667 = EDGE_CURVE('',#3668,#3660,#3670,.T.);
#3668 = VERTEX_POINT('',#3669);
#3669 = CARTESIAN_POINT('',(0.65,15.65,-8.5));
#3670 = LINE('',#3671,#3672);
#3671 = CARTESIAN_POINT('',(0.65,13.975,-8.5));
#3672 = VECTOR('',#3673,1.);
#3673 = DIRECTION('',(-0.,1.,0.));
#3674 = ORIENTED_EDGE('',*,*,#3675,.F.);
#3675 = EDGE_CURVE('',#3676,#3668,#3678,.T.);
#3676 = VERTEX_POINT('',#3677);
#3677 = CARTESIAN_POINT('',(2.05,15.65,-8.5));
#3678 = LINE('',#3679,#3680);
#3679 = CARTESIAN_POINT('',(-1.025,15.65,-8.5));
#3680 = VECTOR('',#3681,1.);
#3681 = DIRECTION('',(-1.,-0.,0.));
#3682 = ORIENTED_EDGE('',*,*,#3683,.F.);
#3683 = EDGE_CURVE('',#3684,#3676,#3686,.T.);
#3684 = VERTEX_POINT('',#3685);
#3685 = CARTESIAN_POINT('',(2.05,14.35,-8.5));
#3686 = LINE('',#3687,#3688);
#3687 = CARTESIAN_POINT('',(2.05,14.675,-8.5));
#3688 = VECTOR('',#3689,1.);
#3689 = DIRECTION('',(-0.,1.,0.));
#3690 = ORIENTED_EDGE('',*,*,#3691,.T.);
#3691 = EDGE_CURVE('',#3684,#3692,#3694,.T.);
#3692 = VERTEX_POINT('',#3693);
#3693 = CARTESIAN_POINT('',(0.65,14.35,-8.5));
#3694 = LINE('',#3695,#3696);
#3695 = CARTESIAN_POINT('',(-1.025,14.35,-8.5));
#3696 = VECTOR('',#3697,1.);
#3697 = DIRECTION('',(-1.,-0.,0.));
#3698 = ORIENTED_EDGE('',*,*,#3699,.F.);
#3699 = EDGE_CURVE('',#3700,#3692,#3702,.T.);
#3700 = VERTEX_POINT('',#3701);
#3701 = CARTESIAN_POINT('',(0.65,12.95,-8.5));
#3702 = LINE('',#3703,#3704);
#3703 = CARTESIAN_POINT('',(0.65,13.975,-8.5));
#3704 = VECTOR('',#3705,1.);
#3705 = DIRECTION('',(-0.,1.,0.));
#3706 = ORIENTED_EDGE('',*,*,#3707,.T.);
#3707 = EDGE_CURVE('',#3700,#3708,#3710,.T.);
#3708 = VERTEX_POINT('',#3709);
#3709 = CARTESIAN_POINT('',(-0.65,12.95,-8.5));
#3710 = LINE('',#3711,#3712);
#3711 = CARTESIAN_POINT('',(-0.325,12.95,-8.5));
#3712 = VECTOR('',#3713,1.);
#3713 = DIRECTION('',(-1.,-0.,0.));
#3714 = ORIENTED_EDGE('',*,*,#3715,.T.);
#3715 = EDGE_CURVE('',#3708,#3626,#3716,.T.);
#3716 = LINE('',#3717,#3718);
#3717 = CARTESIAN_POINT('',(-0.65,13.975,-8.5));
#3718 = VECTOR('',#3719,1.);
#3719 = DIRECTION('',(-0.,1.,0.));
#3720 = PLANE('',#3721);
#3721 = AXIS2_PLACEMENT_3D('',#3722,#3723,#3724);
#3722 = CARTESIAN_POINT('',(0.,15.,-8.5));
#3723 = DIRECTION('',(0.,0.,1.));
#3724 = DIRECTION('',(1.,0.,-0.));
#3725 = ADVANCED_FACE('',(#3726),#3737,.T.);
#3726 = FACE_BOUND('',#3727,.T.);
#3727 = EDGE_LOOP('',(#3728,#3729,#3730,#3731));
#3728 = ORIENTED_EDGE('',*,*,#3358,.T.);
#3729 = ORIENTED_EDGE('',*,*,#3390,.F.);
#3730 = ORIENTED_EDGE('',*,*,#3469,.T.);
#3731 = ORIENTED_EDGE('',*,*,#3732,.F.);
#3732 = EDGE_CURVE('',#3351,#3462,#3733,.T.);
#3733 = LINE('',#3734,#3735);
#3734 = CARTESIAN_POINT('',(2.05,-13.9,-8.51));
#3735 = VECTOR('',#3736,1.);
#3736 = DIRECTION('',(0.,0.,1.));
#3737 = PLANE('',#3738);
#3738 = AXIS2_PLACEMENT_3D('',#3739,#3740,#3741);
#3739 = CARTESIAN_POINT('',(-2.05,-13.9,-8.51));
#3740 = DIRECTION('',(-0.,1.,0.));
#3741 = DIRECTION('',(0.,0.,1.));
#3742 = ADVANCED_FACE('',(#3743),#3754,.F.);
#3743 = FACE_BOUND('',#3744,.F.);
#3744 = EDGE_LOOP('',(#3745,#3746,#3747,#3753));
#3745 = ORIENTED_EDGE('',*,*,#3732,.F.);
#3746 = ORIENTED_EDGE('',*,*,#3350,.T.);
#3747 = ORIENTED_EDGE('',*,*,#3748,.T.);
#3748 = EDGE_CURVE('',#3343,#3454,#3749,.T.);
#3749 = LINE('',#3750,#3751);
#3750 = CARTESIAN_POINT('',(2.05,-12.1,-8.51));
#3751 = VECTOR('',#3752,1.);
#3752 = DIRECTION('',(0.,0.,1.));
#3753 = ORIENTED_EDGE('',*,*,#3461,.F.);
#3754 = PLANE('',#3755);
#3755 = AXIS2_PLACEMENT_3D('',#3756,#3757,#3758);
#3756 = CARTESIAN_POINT('',(2.05,-13.9,-8.51));
#3757 = DIRECTION('',(1.,0.,-0.));
#3758 = DIRECTION('',(0.,0.,1.));
#3759 = ADVANCED_FACE('',(#3760),#3766,.F.);
#3760 = FACE_BOUND('',#3761,.F.);
#3761 = EDGE_LOOP('',(#3762,#3763,#3764,#3765));
#3762 = ORIENTED_EDGE('',*,*,#3342,.T.);
#3763 = ORIENTED_EDGE('',*,*,#3565,.F.);
#3764 = ORIENTED_EDGE('',*,*,#3453,.T.);
#3765 = ORIENTED_EDGE('',*,*,#3748,.F.);
#3766 = PLANE('',#3767);
#3767 = AXIS2_PLACEMENT_3D('',#3768,#3769,#3770);
#3768 = CARTESIAN_POINT('',(-2.05,-12.1,-8.51));
#3769 = DIRECTION('',(-0.,1.,0.));
#3770 = DIRECTION('',(0.,0.,1.));
#3771 = ADVANCED_FACE('',(#3772),#3783,.T.);
#3772 = FACE_BOUND('',#3773,.T.);
#3773 = EDGE_LOOP('',(#3774,#3775,#3781,#3782));
#3774 = ORIENTED_EDGE('',*,*,#3517,.T.);
#3775 = ORIENTED_EDGE('',*,*,#3776,.T.);
#3776 = EDGE_CURVE('',#3518,#3415,#3777,.T.);
#3777 = LINE('',#3778,#3779);
#3778 = CARTESIAN_POINT('',(-2.05,-13.9,-8.51));
#3779 = VECTOR('',#3780,1.);
#3780 = DIRECTION('',(0.,0.,1.));
#3781 = ORIENTED_EDGE('',*,*,#3414,.T.);
#3782 = ORIENTED_EDGE('',*,*,#3493,.T.);
#3783 = PLANE('',#3784);
#3784 = AXIS2_PLACEMENT_3D('',#3785,#3786,#3787);
#3785 = CARTESIAN_POINT('',(-2.05,-13.9,-8.51));
#3786 = DIRECTION('',(-0.,1.,0.));
#3787 = DIRECTION('',(0.,0.,1.));
#3788 = ADVANCED_FACE('',(#3789),#3800,.T.);
#3789 = FACE_BOUND('',#3790,.T.);
#3790 = EDGE_LOOP('',(#3791,#3792,#3793,#3799));
#3791 = ORIENTED_EDGE('',*,*,#3776,.F.);
#3792 = ORIENTED_EDGE('',*,*,#3525,.T.);
#3793 = ORIENTED_EDGE('',*,*,#3794,.T.);
#3794 = EDGE_CURVE('',#3526,#3423,#3795,.T.);
#3795 = LINE('',#3796,#3797);
#3796 = CARTESIAN_POINT('',(-2.05,-12.1,-8.51));
#3797 = VECTOR('',#3798,1.);
#3798 = DIRECTION('',(0.,0.,1.));
#3799 = ORIENTED_EDGE('',*,*,#3422,.F.);
#3800 = PLANE('',#3801);
#3801 = AXIS2_PLACEMENT_3D('',#3802,#3803,#3804);
#3802 = CARTESIAN_POINT('',(-2.05,-13.9,-8.51));
#3803 = DIRECTION('',(1.,0.,-0.));
#3804 = DIRECTION('',(0.,0.,1.));
#3805 = ADVANCED_FACE('',(#3806),#3812,.F.);
#3806 = FACE_BOUND('',#3807,.F.);
#3807 = EDGE_LOOP('',(#3808,#3809,#3810,#3811));
#3808 = ORIENTED_EDGE('',*,*,#3533,.T.);
#3809 = ORIENTED_EDGE('',*,*,#3794,.T.);
#3810 = ORIENTED_EDGE('',*,*,#3430,.T.);
#3811 = ORIENTED_EDGE('',*,*,#3548,.T.);
#3812 = PLANE('',#3813);
#3813 = AXIS2_PLACEMENT_3D('',#3814,#3815,#3816);
#3814 = CARTESIAN_POINT('',(-2.05,-12.1,-8.51));
#3815 = DIRECTION('',(-0.,1.,0.));
#3816 = DIRECTION('',(0.,0.,1.));
#3817 = ADVANCED_FACE('',(#3818),#3843,.T.);
#3818 = FACE_BOUND('',#3819,.T.);
#3819 = EDGE_LOOP('',(#3820,#3821,#3829,#3837));
#3820 = ORIENTED_EDGE('',*,*,#3625,.T.);
#3821 = ORIENTED_EDGE('',*,*,#3822,.T.);
#3822 = EDGE_CURVE('',#3628,#3823,#3825,.T.);
#3823 = VERTEX_POINT('',#3824);
#3824 = CARTESIAN_POINT('',(-2.05,14.35,-5.1));
#3825 = LINE('',#3826,#3827);
#3826 = CARTESIAN_POINT('',(-2.05,14.35,-8.51));
#3827 = VECTOR('',#3828,1.);
#3828 = DIRECTION('',(0.,0.,1.));
#3829 = ORIENTED_EDGE('',*,*,#3830,.T.);
#3830 = EDGE_CURVE('',#3823,#3831,#3833,.T.);
#3831 = VERTEX_POINT('',#3832);
#3832 = CARTESIAN_POINT('',(-0.65,14.35,-5.1));
#3833 = LINE('',#3834,#3835);
#3834 = CARTESIAN_POINT('',(-2.05,14.35,-5.1));
#3835 = VECTOR('',#3836,1.);
#3836 = DIRECTION('',(1.,0.,-0.));
#3837 = ORIENTED_EDGE('',*,*,#3838,.T.);
#3838 = EDGE_CURVE('',#3831,#3626,#3839,.T.);
#3839 = LINE('',#3840,#3841);
#3840 = CARTESIAN_POINT('',(-0.65,14.35,-8.51));
#3841 = VECTOR('',#3842,1.);
#3842 = DIRECTION('',(-0.,0.,-1.));
#3843 = PLANE('',#3844);
#3844 = AXIS2_PLACEMENT_3D('',#3845,#3846,#3847);
#3845 = CARTESIAN_POINT('',(-2.05,14.35,-8.51));
#3846 = DIRECTION('',(-0.,1.,0.));
#3847 = DIRECTION('',(0.,0.,1.));
#3848 = ADVANCED_FACE('',(#3849),#3867,.T.);
#3849 = FACE_BOUND('',#3850,.T.);
#3850 = EDGE_LOOP('',(#3851,#3859,#3860,#3861));
#3851 = ORIENTED_EDGE('',*,*,#3852,.F.);
#3852 = EDGE_CURVE('',#3708,#3853,#3855,.T.);
#3853 = VERTEX_POINT('',#3854);
#3854 = CARTESIAN_POINT('',(-0.65,12.95,-5.1));
#3855 = LINE('',#3856,#3857);
#3856 = CARTESIAN_POINT('',(-0.65,12.95,-8.51));
#3857 = VECTOR('',#3858,1.);
#3858 = DIRECTION('',(0.,0.,1.));
#3859 = ORIENTED_EDGE('',*,*,#3715,.T.);
#3860 = ORIENTED_EDGE('',*,*,#3838,.F.);
#3861 = ORIENTED_EDGE('',*,*,#3862,.F.);
#3862 = EDGE_CURVE('',#3853,#3831,#3863,.T.);
#3863 = LINE('',#3864,#3865);
#3864 = CARTESIAN_POINT('',(-0.65,12.95,-5.1));
#3865 = VECTOR('',#3866,1.);
#3866 = DIRECTION('',(-0.,1.,0.));
#3867 = PLANE('',#3868);
#3868 = AXIS2_PLACEMENT_3D('',#3869,#3870,#3871);
#3869 = CARTESIAN_POINT('',(-0.65,12.95,-8.51));
#3870 = DIRECTION('',(1.,0.,-0.));
#3871 = DIRECTION('',(0.,0.,1.));
#3872 = ADVANCED_FACE('',(#3873),#3891,.T.);
#3873 = FACE_BOUND('',#3874,.T.);
#3874 = EDGE_LOOP('',(#3875,#3883,#3884,#3885));
#3875 = ORIENTED_EDGE('',*,*,#3876,.F.);
#3876 = EDGE_CURVE('',#3700,#3877,#3879,.T.);
#3877 = VERTEX_POINT('',#3878);
#3878 = CARTESIAN_POINT('',(0.65,12.95,-5.1));
#3879 = LINE('',#3880,#3881);
#3880 = CARTESIAN_POINT('',(0.65,12.95,-8.51));
#3881 = VECTOR('',#3882,1.);
#3882 = DIRECTION('',(0.,0.,1.));
#3883 = ORIENTED_EDGE('',*,*,#3707,.T.);
#3884 = ORIENTED_EDGE('',*,*,#3852,.T.);
#3885 = ORIENTED_EDGE('',*,*,#3886,.T.);
#3886 = EDGE_CURVE('',#3853,#3877,#3887,.T.);
#3887 = LINE('',#3888,#3889);
#3888 = CARTESIAN_POINT('',(-0.65,12.95,-5.1));
#3889 = VECTOR('',#3890,1.);
#3890 = DIRECTION('',(1.,0.,-0.));
#3891 = PLANE('',#3892);
#3892 = AXIS2_PLACEMENT_3D('',#3893,#3894,#3895);
#3893 = CARTESIAN_POINT('',(-0.65,12.95,-8.51));
#3894 = DIRECTION('',(-0.,1.,0.));
#3895 = DIRECTION('',(0.,0.,1.));
#3896 = ADVANCED_FACE('',(#3897),#3915,.F.);
#3897 = FACE_BOUND('',#3898,.F.);
#3898 = EDGE_LOOP('',(#3899,#3900,#3901,#3909));
#3899 = ORIENTED_EDGE('',*,*,#3876,.F.);
#3900 = ORIENTED_EDGE('',*,*,#3699,.T.);
#3901 = ORIENTED_EDGE('',*,*,#3902,.F.);
#3902 = EDGE_CURVE('',#3903,#3692,#3905,.T.);
#3903 = VERTEX_POINT('',#3904);
#3904 = CARTESIAN_POINT('',(0.65,14.35,-5.1));
#3905 = LINE('',#3906,#3907);
#3906 = CARTESIAN_POINT('',(0.65,14.35,-8.51));
#3907 = VECTOR('',#3908,1.);
#3908 = DIRECTION('',(-0.,0.,-1.));
#3909 = ORIENTED_EDGE('',*,*,#3910,.F.);
#3910 = EDGE_CURVE('',#3877,#3903,#3911,.T.);
#3911 = LINE('',#3912,#3913);
#3912 = CARTESIAN_POINT('',(0.65,12.95,-5.1));
#3913 = VECTOR('',#3914,1.);
#3914 = DIRECTION('',(-0.,1.,0.));
#3915 = PLANE('',#3916);
#3916 = AXIS2_PLACEMENT_3D('',#3917,#3918,#3919);
#3917 = CARTESIAN_POINT('',(0.65,12.95,-8.51));
#3918 = DIRECTION('',(1.,0.,-0.));
#3919 = DIRECTION('',(0.,0.,1.));
#3920 = ADVANCED_FACE('',(#3921),#3939,.T.);
#3921 = FACE_BOUND('',#3922,.T.);
#3922 = EDGE_LOOP('',(#3923,#3924,#3925,#3933));
#3923 = ORIENTED_EDGE('',*,*,#3691,.T.);
#3924 = ORIENTED_EDGE('',*,*,#3902,.F.);
#3925 = ORIENTED_EDGE('',*,*,#3926,.T.);
#3926 = EDGE_CURVE('',#3903,#3927,#3929,.T.);
#3927 = VERTEX_POINT('',#3928);
#3928 = CARTESIAN_POINT('',(2.05,14.35,-5.1));
#3929 = LINE('',#3930,#3931);
#3930 = CARTESIAN_POINT('',(-2.05,14.35,-5.1));
#3931 = VECTOR('',#3932,1.);
#3932 = DIRECTION('',(1.,0.,-0.));
#3933 = ORIENTED_EDGE('',*,*,#3934,.F.);
#3934 = EDGE_CURVE('',#3684,#3927,#3935,.T.);
#3935 = LINE('',#3936,#3937);
#3936 = CARTESIAN_POINT('',(2.05,14.35,-8.51));
#3937 = VECTOR('',#3938,1.);
#3938 = DIRECTION('',(0.,0.,1.));
#3939 = PLANE('',#3940);
#3940 = AXIS2_PLACEMENT_3D('',#3941,#3942,#3943);
#3941 = CARTESIAN_POINT('',(-2.05,14.35,-8.51));
#3942 = DIRECTION('',(-0.,1.,0.));
#3943 = DIRECTION('',(0.,0.,1.));
#3944 = ADVANCED_FACE('',(#3945),#3963,.F.);
#3945 = FACE_BOUND('',#3946,.F.);
#3946 = EDGE_LOOP('',(#3947,#3948,#3949,#3957));
#3947 = ORIENTED_EDGE('',*,*,#3934,.F.);
#3948 = ORIENTED_EDGE('',*,*,#3683,.T.);
#3949 = ORIENTED_EDGE('',*,*,#3950,.T.);
#3950 = EDGE_CURVE('',#3676,#3951,#3953,.T.);
#3951 = VERTEX_POINT('',#3952);
#3952 = CARTESIAN_POINT('',(2.05,15.65,-5.1));
#3953 = LINE('',#3954,#3955);
#3954 = CARTESIAN_POINT('',(2.05,15.65,-8.51));
#3955 = VECTOR('',#3956,1.);
#3956 = DIRECTION('',(0.,0.,1.));
#3957 = ORIENTED_EDGE('',*,*,#3958,.F.);
#3958 = EDGE_CURVE('',#3927,#3951,#3959,.T.);
#3959 = LINE('',#3960,#3961);
#3960 = CARTESIAN_POINT('',(2.05,14.35,-5.1));
#3961 = VECTOR('',#3962,1.);
#3962 = DIRECTION('',(-0.,1.,0.));
#3963 = PLANE('',#3964);
#3964 = AXIS2_PLACEMENT_3D('',#3965,#3966,#3967);
#3965 = CARTESIAN_POINT('',(2.05,14.35,-8.51));
#3966 = DIRECTION('',(1.,0.,-0.));
#3967 = DIRECTION('',(0.,0.,1.));
#3968 = ADVANCED_FACE('',(#3969),#3987,.F.);
#3969 = FACE_BOUND('',#3970,.F.);
#3970 = EDGE_LOOP('',(#3971,#3972,#3980,#3986));
#3971 = ORIENTED_EDGE('',*,*,#3675,.T.);
#3972 = ORIENTED_EDGE('',*,*,#3973,.F.);
#3973 = EDGE_CURVE('',#3974,#3668,#3976,.T.);
#3974 = VERTEX_POINT('',#3975);
#3975 = CARTESIAN_POINT('',(0.65,15.65,-5.1));
#3976 = LINE('',#3977,#3978);
#3977 = CARTESIAN_POINT('',(0.65,15.65,-8.51));
#3978 = VECTOR('',#3979,1.);
#3979 = DIRECTION('',(-0.,0.,-1.));
#3980 = ORIENTED_EDGE('',*,*,#3981,.T.);
#3981 = EDGE_CURVE('',#3974,#3951,#3982,.T.);
#3982 = LINE('',#3983,#3984);
#3983 = CARTESIAN_POINT('',(-2.05,15.65,-5.1));
#3984 = VECTOR('',#3985,1.);
#3985 = DIRECTION('',(1.,0.,-0.));
#3986 = ORIENTED_EDGE('',*,*,#3950,.F.);
#3987 = PLANE('',#3988);
#3988 = AXIS2_PLACEMENT_3D('',#3989,#3990,#3991);
#3989 = CARTESIAN_POINT('',(-2.05,15.65,-8.51));
#3990 = DIRECTION('',(-0.,1.,0.));
#3991 = DIRECTION('',(0.,0.,1.));
#3992 = ADVANCED_FACE('',(#3993),#4011,.F.);
#3993 = FACE_BOUND('',#3994,.F.);
#3994 = EDGE_LOOP('',(#3995,#3996,#3997,#4005));
#3995 = ORIENTED_EDGE('',*,*,#3973,.T.);
#3996 = ORIENTED_EDGE('',*,*,#3667,.T.);
#3997 = ORIENTED_EDGE('',*,*,#3998,.T.);
#3998 = EDGE_CURVE('',#3660,#3999,#4001,.T.);
#3999 = VERTEX_POINT('',#4000);
#4000 = CARTESIAN_POINT('',(0.65,17.05,-5.1));
#4001 = LINE('',#4002,#4003);
#4002 = CARTESIAN_POINT('',(0.65,17.05,-8.51));
#4003 = VECTOR('',#4004,1.);
#4004 = DIRECTION('',(0.,0.,1.));
#4005 = ORIENTED_EDGE('',*,*,#4006,.F.);
#4006 = EDGE_CURVE('',#3974,#3999,#4007,.T.);
#4007 = LINE('',#4008,#4009);
#4008 = CARTESIAN_POINT('',(0.65,12.95,-5.1));
#4009 = VECTOR('',#4010,1.);
#4010 = DIRECTION('',(-0.,1.,0.));
#4011 = PLANE('',#4012);
#4012 = AXIS2_PLACEMENT_3D('',#4013,#4014,#4015);
#4013 = CARTESIAN_POINT('',(0.65,12.95,-8.51));
#4014 = DIRECTION('',(1.,0.,-0.));
#4015 = DIRECTION('',(0.,0.,1.));
#4016 = ADVANCED_FACE('',(#4017),#4035,.F.);
#4017 = FACE_BOUND('',#4018,.F.);
#4018 = EDGE_LOOP('',(#4019,#4020,#4021,#4029));
#4019 = ORIENTED_EDGE('',*,*,#3998,.F.);
#4020 = ORIENTED_EDGE('',*,*,#3659,.T.);
#4021 = ORIENTED_EDGE('',*,*,#4022,.T.);
#4022 = EDGE_CURVE('',#3652,#4023,#4025,.T.);
#4023 = VERTEX_POINT('',#4024);
#4024 = CARTESIAN_POINT('',(-0.65,17.05,-5.1));
#4025 = LINE('',#4026,#4027);
#4026 = CARTESIAN_POINT('',(-0.65,17.05,-8.51));
#4027 = VECTOR('',#4028,1.);
#4028 = DIRECTION('',(0.,0.,1.));
#4029 = ORIENTED_EDGE('',*,*,#4030,.T.);
#4030 = EDGE_CURVE('',#4023,#3999,#4031,.T.);
#4031 = LINE('',#4032,#4033);
#4032 = CARTESIAN_POINT('',(-0.65,17.05,-5.1));
#4033 = VECTOR('',#4034,1.);
#4034 = DIRECTION('',(1.,0.,-0.));
#4035 = PLANE('',#4036);
#4036 = AXIS2_PLACEMENT_3D('',#4037,#4038,#4039);
#4037 = CARTESIAN_POINT('',(-0.65,17.05,-8.51));
#4038 = DIRECTION('',(-0.,1.,0.));
#4039 = DIRECTION('',(0.,0.,1.));
#4040 = ADVANCED_FACE('',(#4041),#4059,.T.);
#4041 = FACE_BOUND('',#4042,.T.);
#4042 = EDGE_LOOP('',(#4043,#4051,#4052,#4053));
#4043 = ORIENTED_EDGE('',*,*,#4044,.T.);
#4044 = EDGE_CURVE('',#4045,#3644,#4047,.T.);
#4045 = VERTEX_POINT('',#4046);
#4046 = CARTESIAN_POINT('',(-0.65,15.65,-5.1));
#4047 = LINE('',#4048,#4049);
#4048 = CARTESIAN_POINT('',(-0.65,15.65,-8.51));
#4049 = VECTOR('',#4050,1.);
#4050 = DIRECTION('',(-0.,0.,-1.));
#4051 = ORIENTED_EDGE('',*,*,#3651,.T.);
#4052 = ORIENTED_EDGE('',*,*,#4022,.T.);
#4053 = ORIENTED_EDGE('',*,*,#4054,.F.);
#4054 = EDGE_CURVE('',#4045,#4023,#4055,.T.);
#4055 = LINE('',#4056,#4057);
#4056 = CARTESIAN_POINT('',(-0.65,12.95,-5.1));
#4057 = VECTOR('',#4058,1.);
#4058 = DIRECTION('',(-0.,1.,0.));
#4059 = PLANE('',#4060);
#4060 = AXIS2_PLACEMENT_3D('',#4061,#4062,#4063);
#4061 = CARTESIAN_POINT('',(-0.65,12.95,-8.51));
#4062 = DIRECTION('',(1.,0.,-0.));
#4063 = DIRECTION('',(0.,0.,1.));
#4064 = ADVANCED_FACE('',(#4065),#4083,.F.);
#4065 = FACE_BOUND('',#4066,.F.);
#4066 = EDGE_LOOP('',(#4067,#4068,#4076,#4082));
#4067 = ORIENTED_EDGE('',*,*,#3643,.T.);
#4068 = ORIENTED_EDGE('',*,*,#4069,.T.);
#4069 = EDGE_CURVE('',#3636,#4070,#4072,.T.);
#4070 = VERTEX_POINT('',#4071);
#4071 = CARTESIAN_POINT('',(-2.05,15.65,-5.1));
#4072 = LINE('',#4073,#4074);
#4073 = CARTESIAN_POINT('',(-2.05,15.65,-8.51));
#4074 = VECTOR('',#4075,1.);
#4075 = DIRECTION('',(0.,0.,1.));
#4076 = ORIENTED_EDGE('',*,*,#4077,.T.);
#4077 = EDGE_CURVE('',#4070,#4045,#4078,.T.);
#4078 = LINE('',#4079,#4080);
#4079 = CARTESIAN_POINT('',(-2.05,15.65,-5.1));
#4080 = VECTOR('',#4081,1.);
#4081 = DIRECTION('',(1.,0.,-0.));
#4082 = ORIENTED_EDGE('',*,*,#4044,.T.);
#4083 = PLANE('',#4084);
#4084 = AXIS2_PLACEMENT_3D('',#4085,#4086,#4087);
#4085 = CARTESIAN_POINT('',(-2.05,15.65,-8.51));
#4086 = DIRECTION('',(-0.,1.,0.));
#4087 = DIRECTION('',(0.,0.,1.));
#4088 = ADVANCED_FACE('',(#4089),#4100,.T.);
#4089 = FACE_BOUND('',#4090,.T.);
#4090 = EDGE_LOOP('',(#4091,#4092,#4093,#4094));
#4091 = ORIENTED_EDGE('',*,*,#3822,.F.);
#4092 = ORIENTED_EDGE('',*,*,#3635,.T.);
#4093 = ORIENTED_EDGE('',*,*,#4069,.T.);
#4094 = ORIENTED_EDGE('',*,*,#4095,.F.);
#4095 = EDGE_CURVE('',#3823,#4070,#4096,.T.);
#4096 = LINE('',#4097,#4098);
#4097 = CARTESIAN_POINT('',(-2.05,14.35,-5.1));
#4098 = VECTOR('',#4099,1.);
#4099 = DIRECTION('',(-0.,1.,0.));
#4100 = PLANE('',#4101);
#4101 = AXIS2_PLACEMENT_3D('',#4102,#4103,#4104);
#4102 = CARTESIAN_POINT('',(-2.05,14.35,-8.51));
#4103 = DIRECTION('',(1.,0.,-0.));
#4104 = DIRECTION('',(0.,0.,1.));
#4105 = ADVANCED_FACE('',(#4106),#4120,.T.);
#4106 = FACE_BOUND('',#4107,.T.);
#4107 = EDGE_LOOP('',(#4108,#4109,#4110,#4111,#4112,#4113,#4114,#4115,
    #4116,#4117,#4118,#4119));
#4108 = ORIENTED_EDGE('',*,*,#4077,.T.);
#4109 = ORIENTED_EDGE('',*,*,#4054,.T.);
#4110 = ORIENTED_EDGE('',*,*,#4030,.T.);
#4111 = ORIENTED_EDGE('',*,*,#4006,.F.);
#4112 = ORIENTED_EDGE('',*,*,#3981,.T.);
#4113 = ORIENTED_EDGE('',*,*,#3958,.F.);
#4114 = ORIENTED_EDGE('',*,*,#3926,.F.);
#4115 = ORIENTED_EDGE('',*,*,#3910,.F.);
#4116 = ORIENTED_EDGE('',*,*,#3886,.F.);
#4117 = ORIENTED_EDGE('',*,*,#3862,.T.);
#4118 = ORIENTED_EDGE('',*,*,#3830,.F.);
#4119 = ORIENTED_EDGE('',*,*,#4095,.T.);
#4120 = PLANE('',#4121);
#4121 = AXIS2_PLACEMENT_3D('',#4122,#4123,#4124);
#4122 = CARTESIAN_POINT('',(2.707861035671E-17,15.,-5.1));
#4123 = DIRECTION('',(-0.,-0.,-1.));
#4124 = DIRECTION('',(-1.,0.,0.));
#4125 = ( GEOMETRIC_REPRESENTATION_CONTEXT(3) 
GLOBAL_UNCERTAINTY_ASSIGNED_CONTEXT((#4129)) 
GLOBAL_UNIT_ASSIGNED_CONTEXT((#4126,#4127,#4128)) REPRESENTATION_CONTEXT
('Context #1','3D Context with UNIT and UNCERTAINTY') );
#4126 = ( LENGTH_UNIT() NAMED_UNIT(*) SI_UNIT(.MILLI.,.METRE.) );
#4127 = ( NAMED_UNIT(*) PLANE_ANGLE_UNIT() SI_UNIT($,.RADIAN.) );
#4128 = ( NAMED_UNIT(*) SI_UNIT($,.STERADIAN.) SOLID_ANGLE_UNIT() );
#4129 = UNCERTAINTY_MEASURE_WITH_UNIT(LENGTH_MEASURE(1.E-07),#4126,
  'distance_accuracy_value','confusion accuracy');
#4130 = PRODUCT_RELATED_PRODUCT_CATEGORY('part',$,(#7));
ENDSEC;
END-ISO-10303-21;
