ISO-10303-21;
HEADER;
FILE_DESCRIPTION(('FreeCAD Model'),'2;1');
FILE_NAME('Open CASCADE Shape Model','2026-10-07T18:01:02',('FreeCAD'),(
    'FreeCAD'),'Open CASCADE STEP processor 7.8','FreeCAD','Unknown');
FILE_SCHEMA(('AUTOMOTIVE_DESIGN { 1 0 10303 214 1 1 1 1 }'));
ENDSEC;
DATA;
#1 = APPLICATION_PROTOCOL_DEFINITION('international standard',
  'automotive_design',2000,#2);
#2 = APPLICATION_CONTEXT(
  'core data for automotive mechanical design processes');
#3 = SHAPE_DEFINITION_REPRESENTATION(#4,#10);
#4 = PRODUCT_DEFINITION_SHAPE('','',#5);
#5 = PRODUCT_DEFINITION('design','',#6,#9);
#6 = PRODUCT_DEFINITION_FORMATION('','',#7);
#7 = PRODUCT('Open CASCADE STEP translator 7.8 4',
  'Open CASCADE STEP translator 7.8 4','',(#8));
#8 = PRODUCT_CONTEXT('',#2,'mechanical');
#9 = PRODUCT_DEFINITION_CONTEXT('part definition',#2,'design');
#10 = ADVANCED_BREP_SHAPE_REPRESENTATION('',(#11,#15),#4760);
#11 = AXIS2_PLACEMENT_3D('',#12,#13,#14);
#12 = CARTESIAN_POINT('',(0.,0.,0.));
#13 = DIRECTION('',(0.,0.,1.));
#14 = DIRECTION('',(1.,0.,-0.));
#15 = MANIFOLD_SOLID_BREP('',#16);
#16 = CLOSED_SHELL('',(#17,#57,#184,#215,#246,#286,#353,#482,#532,#554,
    #601,#648,#682,#722,#746,#805,#829,#888,#905,#937,#993,#1017,#1076,
    #1101,#1125,#1245,#1297,#1344,#1371,#1393,#1405,#1755,#1772,#1789,
    #1806,#1828,#1840,#1857,#1915,#1946,#1963,#1980,#2027,#2081,#2112,
    #2215,#2282,#2332,#2363,#2397,#2421,#2452,#2493,#2533,#2572,#2582,
    #2621,#2631,#2659,#2737,#2754,#2771,#2826,#2837,#2876,#2886,#2965,
    #2989,#3061,#3092,#3116,#3135,#3193,#3210,#3234,#3274,#3298,#3315,
    #3405,#3417,#3434,#3456,#3469,#3485,#3513,#3530,#3555,#3586,#3633,
    #3680,#3711,#3742,#3768,#3788,#3808,#3820,#3840,#3860,#3882,#3899,
    #3940,#3964,#3996,#4015,#4046,#4102,#4126,#4150,#4174,#4216,#4240,
    #4259,#4276,#4293,#4310,#4332,#4349,#4361,#4386,#4411,#4436,#4461,
    #4478,#4490,#4507,#4524,#4538,#4547,#4556,#4565,#4574,#4607,#4632,
    #4641,#4671,#4693,#4726,#4751));
#17 = ADVANCED_FACE('',(#18),#52,.T.);
#18 = FACE_BOUND('',#19,.T.);
#19 = EDGE_LOOP('',(#20,#30,#38,#46));
#20 = ORIENTED_EDGE('',*,*,#21,.F.);
#21 = EDGE_CURVE('',#22,#24,#26,.T.);
#22 = VERTEX_POINT('',#23);
#23 = CARTESIAN_POINT('',(7.,-25.75,-13.5));
#24 = VERTEX_POINT('',#25);
#25 = CARTESIAN_POINT('',(7.,-25.75,-12.5));
#26 = LINE('',#27,#28);
#27 = CARTESIAN_POINT('',(7.,-25.75,-13.5));
#28 = VECTOR('',#29,1.);
#29 = DIRECTION('',(0.,0.,1.));
#30 = ORIENTED_EDGE('',*,*,#31,.T.);
#31 = EDGE_CURVE('',#22,#32,#34,.T.);
#32 = VERTEX_POINT('',#33);
#33 = CARTESIAN_POINT('',(7.,-24.85,-13.5));
#34 = LINE('',#35,#36);
#35 = CARTESIAN_POINT('',(7.,-25.75,-13.5));
#36 = VECTOR('',#37,1.);
#37 = DIRECTION('',(-0.,1.,0.));
#38 = ORIENTED_EDGE('',*,*,#39,.F.);
#39 = EDGE_CURVE('',#40,#32,#42,.T.);
#40 = VERTEX_POINT('',#41);
#41 = CARTESIAN_POINT('',(7.,-24.85,-12.5));
#42 = LINE('',#43,#44);
#43 = CARTESIAN_POINT('',(7.,-24.85,-15.65));
#44 = VECTOR('',#45,1.);
#45 = DIRECTION('',(-0.,0.,-1.));
#46 = ORIENTED_EDGE('',*,*,#47,.T.);
#47 = EDGE_CURVE('',#40,#24,#48,.T.);
#48 = LINE('',#49,#50);
#49 = CARTESIAN_POINT('',(7.,-12.56731060606,-12.5));
#50 = VECTOR('',#51,1.);
#51 = DIRECTION('',(0.,-1.,0.));
#52 = PLANE('',#53);
#53 = AXIS2_PLACEMENT_3D('',#54,#55,#56);
#54 = CARTESIAN_POINT('',(7.,-25.13462121212,-11.5028030303));
#55 = DIRECTION('',(1.,0.,0.));
#56 = DIRECTION('',(-0.,0.,1.));
#57 = ADVANCED_FACE('',(#58),#179,.F.);
#58 = FACE_BOUND('',#59,.F.);
#59 = EDGE_LOOP('',(#60,#70,#78,#86,#94,#102,#110,#118,#126,#134,#142,
    #148,#149,#157,#165,#173));
#60 = ORIENTED_EDGE('',*,*,#61,.F.);
#61 = EDGE_CURVE('',#62,#64,#66,.T.);
#62 = VERTEX_POINT('',#63);
#63 = CARTESIAN_POINT('',(-9.875,-24.85,-17.8));
#64 = VERTEX_POINT('',#65);
#65 = CARTESIAN_POINT('',(9.875,-24.85,-17.8));
#66 = LINE('',#67,#68);
#67 = CARTESIAN_POINT('',(-9.875,-24.85,-17.8));
#68 = VECTOR('',#69,1.);
#69 = DIRECTION('',(1.,0.,0.));
#70 = ORIENTED_EDGE('',*,*,#71,.T.);
#71 = EDGE_CURVE('',#62,#72,#74,.T.);
#72 = VERTEX_POINT('',#73);
#73 = CARTESIAN_POINT('',(-9.875,-24.85,-15.75));
#74 = LINE('',#75,#76);
#75 = CARTESIAN_POINT('',(-9.875,-24.85,-17.8));
#76 = VECTOR('',#77,1.);
#77 = DIRECTION('',(0.,0.,1.));
#78 = ORIENTED_EDGE('',*,*,#79,.T.);
#79 = EDGE_CURVE('',#72,#80,#82,.T.);
#80 = VERTEX_POINT('',#81);
#81 = CARTESIAN_POINT('',(-7.525,-24.85,-15.75));
#82 = LINE('',#83,#84);
#83 = CARTESIAN_POINT('',(-12.875,-24.85,-15.75));
#84 = VECTOR('',#85,1.);
#85 = DIRECTION('',(1.,0.,0.));
#86 = ORIENTED_EDGE('',*,*,#87,.F.);
#87 = EDGE_CURVE('',#88,#80,#90,.T.);
#88 = VERTEX_POINT('',#89);
#89 = CARTESIAN_POINT('',(-7.525,-24.85,-12.5));
#90 = LINE('',#91,#92);
#91 = CARTESIAN_POINT('',(-7.525,-24.85,-16.775));
#92 = VECTOR('',#93,1.);
#93 = DIRECTION('',(-0.,0.,-1.));
#94 = ORIENTED_EDGE('',*,*,#95,.T.);
#95 = EDGE_CURVE('',#88,#96,#98,.T.);
#96 = VERTEX_POINT('',#97);
#97 = CARTESIAN_POINT('',(-7.2,-24.85,-12.5));
#98 = LINE('',#99,#100);
#99 = CARTESIAN_POINT('',(-9.875,-24.85,-12.5));
#100 = VECTOR('',#101,1.);
#101 = DIRECTION('',(1.,0.,0.));
#102 = ORIENTED_EDGE('',*,*,#103,.T.);
#103 = EDGE_CURVE('',#96,#104,#106,.T.);
#104 = VERTEX_POINT('',#105);
#105 = CARTESIAN_POINT('',(-7.2,-24.85,-13.5));
#106 = LINE('',#107,#108);
#107 = CARTESIAN_POINT('',(-7.2,-24.85,-15.65));
#108 = VECTOR('',#109,1.);
#109 = DIRECTION('',(-0.,0.,-1.));
#110 = ORIENTED_EDGE('',*,*,#111,.T.);
#111 = EDGE_CURVE('',#104,#112,#114,.T.);
#112 = VERTEX_POINT('',#113);
#113 = CARTESIAN_POINT('',(-4.2,-24.85,-13.5));
#114 = LINE('',#115,#116);
#115 = CARTESIAN_POINT('',(-8.5375,-24.85,-13.5));
#116 = VECTOR('',#117,1.);
#117 = DIRECTION('',(1.,0.,0.));
#118 = ORIENTED_EDGE('',*,*,#119,.F.);
#119 = EDGE_CURVE('',#120,#112,#122,.T.);
#120 = VERTEX_POINT('',#121);
#121 = CARTESIAN_POINT('',(-4.2,-24.85,-12.5));
#122 = LINE('',#123,#124);
#123 = CARTESIAN_POINT('',(-4.2,-24.85,-15.65));
#124 = VECTOR('',#125,1.);
#125 = DIRECTION('',(-0.,0.,-1.));
#126 = ORIENTED_EDGE('',*,*,#127,.T.);
#127 = EDGE_CURVE('',#120,#128,#130,.T.);
#128 = VERTEX_POINT('',#129);
#129 = CARTESIAN_POINT('',(4.5,-24.85,-12.5));
#130 = LINE('',#131,#132);
#131 = CARTESIAN_POINT('',(-9.875,-24.85,-12.5));
#132 = VECTOR('',#133,1.);
#133 = DIRECTION('',(1.,0.,0.));
#134 = ORIENTED_EDGE('',*,*,#135,.T.);
#135 = EDGE_CURVE('',#128,#136,#138,.T.);
#136 = VERTEX_POINT('',#137);
#137 = CARTESIAN_POINT('',(4.5,-24.85,-13.5));
#138 = LINE('',#139,#140);
#139 = CARTESIAN_POINT('',(4.5,-24.85,-15.65));
#140 = VECTOR('',#141,1.);
#141 = DIRECTION('',(-0.,0.,-1.));
#142 = ORIENTED_EDGE('',*,*,#143,.T.);
#143 = EDGE_CURVE('',#136,#32,#144,.T.);
#144 = LINE('',#145,#146);
#145 = CARTESIAN_POINT('',(-2.6875,-24.85,-13.5));
#146 = VECTOR('',#147,1.);
#147 = DIRECTION('',(1.,0.,0.));
#148 = ORIENTED_EDGE('',*,*,#39,.F.);
#149 = ORIENTED_EDGE('',*,*,#150,.T.);
#150 = EDGE_CURVE('',#40,#151,#153,.T.);
#151 = VERTEX_POINT('',#152);
#152 = CARTESIAN_POINT('',(7.525,-24.85,-12.5));
#153 = LINE('',#154,#155);
#154 = CARTESIAN_POINT('',(-9.875,-24.85,-12.5));
#155 = VECTOR('',#156,1.);
#156 = DIRECTION('',(1.,0.,0.));
#157 = ORIENTED_EDGE('',*,*,#158,.T.);
#158 = EDGE_CURVE('',#151,#159,#161,.T.);
#159 = VERTEX_POINT('',#160);
#160 = CARTESIAN_POINT('',(7.525,-24.85,-15.75));
#161 = LINE('',#162,#163);
#162 = CARTESIAN_POINT('',(7.525,-24.85,-16.775));
#163 = VECTOR('',#164,1.);
#164 = DIRECTION('',(-0.,0.,-1.));
#165 = ORIENTED_EDGE('',*,*,#166,.T.);
#166 = EDGE_CURVE('',#159,#167,#169,.T.);
#167 = VERTEX_POINT('',#168);
#168 = CARTESIAN_POINT('',(9.875,-24.85,-15.75));
#169 = LINE('',#170,#171);
#170 = CARTESIAN_POINT('',(-1.175,-24.85,-15.75));
#171 = VECTOR('',#172,1.);
#172 = DIRECTION('',(1.,0.,0.));
#173 = ORIENTED_EDGE('',*,*,#174,.F.);
#174 = EDGE_CURVE('',#64,#167,#175,.T.);
#175 = LINE('',#176,#177);
#176 = CARTESIAN_POINT('',(9.875,-24.85,-17.8));
#177 = VECTOR('',#178,1.);
#178 = DIRECTION('',(0.,0.,1.));
#179 = PLANE('',#180);
#180 = AXIS2_PLACEMENT_3D('',#181,#182,#183);
#181 = CARTESIAN_POINT('',(-9.875,-24.85,-17.8));
#182 = DIRECTION('',(0.,1.,0.));
#183 = DIRECTION('',(1.,0.,0.));
#184 = ADVANCED_FACE('',(#185),#210,.T.);
#185 = FACE_BOUND('',#186,.T.);
#186 = EDGE_LOOP('',(#187,#195,#196,#204));
#187 = ORIENTED_EDGE('',*,*,#188,.T.);
#188 = EDGE_CURVE('',#189,#128,#191,.T.);
#189 = VERTEX_POINT('',#190);
#190 = CARTESIAN_POINT('',(4.5,-25.75,-12.5));
#191 = LINE('',#192,#193);
#192 = CARTESIAN_POINT('',(4.5,-112.567310606,-12.5));
#193 = VECTOR('',#194,1.);
#194 = DIRECTION('',(0.,1.,0.));
#195 = ORIENTED_EDGE('',*,*,#135,.T.);
#196 = ORIENTED_EDGE('',*,*,#197,.F.);
#197 = EDGE_CURVE('',#198,#136,#200,.T.);
#198 = VERTEX_POINT('',#199);
#199 = CARTESIAN_POINT('',(4.5,-25.75,-13.5));
#200 = LINE('',#201,#202);
#201 = CARTESIAN_POINT('',(4.5,-25.75,-13.5));
#202 = VECTOR('',#203,1.);
#203 = DIRECTION('',(-0.,1.,0.));
#204 = ORIENTED_EDGE('',*,*,#205,.T.);
#205 = EDGE_CURVE('',#198,#189,#206,.T.);
#206 = LINE('',#207,#208);
#207 = CARTESIAN_POINT('',(4.5,-25.75,-13.5));
#208 = VECTOR('',#209,1.);
#209 = DIRECTION('',(0.,0.,1.));
#210 = PLANE('',#211);
#211 = AXIS2_PLACEMENT_3D('',#212,#213,#214);
#212 = CARTESIAN_POINT('',(4.5,-25.13462121212,-11.5028030303));
#213 = DIRECTION('',(-1.,-0.,-0.));
#214 = DIRECTION('',(0.,0.,-1.));
#215 = ADVANCED_FACE('',(#216),#241,.T.);
#216 = FACE_BOUND('',#217,.T.);
#217 = EDGE_LOOP('',(#218,#219,#227,#235));
#218 = ORIENTED_EDGE('',*,*,#158,.T.);
#219 = ORIENTED_EDGE('',*,*,#220,.T.);
#220 = EDGE_CURVE('',#159,#221,#223,.T.);
#221 = VERTEX_POINT('',#222);
#222 = CARTESIAN_POINT('',(7.525,-23.57972457091,-15.75));
#223 = LINE('',#224,#225);
#224 = CARTESIAN_POINT('',(7.525,-25.85,-15.75));
#225 = VECTOR('',#226,1.);
#226 = DIRECTION('',(-0.,1.,0.));
#227 = ORIENTED_EDGE('',*,*,#228,.F.);
#228 = EDGE_CURVE('',#229,#221,#231,.T.);
#229 = VERTEX_POINT('',#230);
#230 = CARTESIAN_POINT('',(7.525,-23.57972457091,-12.5));
#231 = LINE('',#232,#233);
#232 = CARTESIAN_POINT('',(7.525,-23.57972457091,-16.8));
#233 = VECTOR('',#234,1.);
#234 = DIRECTION('',(-0.,-0.,-1.));
#235 = ORIENTED_EDGE('',*,*,#236,.F.);
#236 = EDGE_CURVE('',#151,#229,#237,.T.);
#237 = LINE('',#238,#239);
#238 = CARTESIAN_POINT('',(7.525,-12.925,-12.5));
#239 = VECTOR('',#240,1.);
#240 = DIRECTION('',(-0.,1.,0.));
#241 = PLANE('',#242);
#242 = AXIS2_PLACEMENT_3D('',#243,#244,#245);
#243 = CARTESIAN_POINT('',(7.525,-25.85,-15.75));
#244 = DIRECTION('',(1.,0.,-0.));
#245 = DIRECTION('',(0.,0.,1.));
#246 = ADVANCED_FACE('',(#247),#281,.T.);
#247 = FACE_BOUND('',#248,.T.);
#248 = EDGE_LOOP('',(#249,#259,#267,#275));
#249 = ORIENTED_EDGE('',*,*,#250,.F.);
#250 = EDGE_CURVE('',#251,#253,#255,.T.);
#251 = VERTEX_POINT('',#252);
#252 = CARTESIAN_POINT('',(6.525,-23.65,-12.5));
#253 = VERTEX_POINT('',#254);
#254 = CARTESIAN_POINT('',(-6.525,-23.65,-12.5));
#255 = LINE('',#256,#257);
#256 = CARTESIAN_POINT('',(-3.2625,-23.65,-12.5));
#257 = VECTOR('',#258,1.);
#258 = DIRECTION('',(-1.,0.,0.));
#259 = ORIENTED_EDGE('',*,*,#260,.F.);
#260 = EDGE_CURVE('',#261,#251,#263,.T.);
#261 = VERTEX_POINT('',#262);
#262 = CARTESIAN_POINT('',(6.525,-23.65,-16.8));
#263 = LINE('',#264,#265);
#264 = CARTESIAN_POINT('',(6.525,-23.65,-18.8));
#265 = VECTOR('',#266,1.);
#266 = DIRECTION('',(0.,0.,1.));
#267 = ORIENTED_EDGE('',*,*,#268,.F.);
#268 = EDGE_CURVE('',#269,#261,#271,.T.);
#269 = VERTEX_POINT('',#270);
#270 = CARTESIAN_POINT('',(-6.525,-23.65,-16.8));
#271 = LINE('',#272,#273);
#272 = CARTESIAN_POINT('',(-3.2625,-23.65,-16.8));
#273 = VECTOR('',#274,1.);
#274 = DIRECTION('',(1.,0.,0.));
#275 = ORIENTED_EDGE('',*,*,#276,.T.);
#276 = EDGE_CURVE('',#269,#253,#277,.T.);
#277 = LINE('',#278,#279);
#278 = CARTESIAN_POINT('',(-6.525,-23.65,-18.8));
#279 = VECTOR('',#280,1.);
#280 = DIRECTION('',(0.,0.,1.));
#281 = PLANE('',#282);
#282 = AXIS2_PLACEMENT_3D('',#283,#284,#285);
#283 = CARTESIAN_POINT('',(2.908881287227E-16,-23.65,-14.53479257641));
#284 = DIRECTION('',(0.,1.,0.));
#285 = DIRECTION('',(0.,-0.,1.));
#286 = ADVANCED_FACE('',(#287),#348,.F.);
#287 = FACE_BOUND('',#288,.T.);
#288 = EDGE_LOOP('',(#289,#290,#299,#307,#316,#324,#333,#341));
#289 = ORIENTED_EDGE('',*,*,#276,.F.);
#290 = ORIENTED_EDGE('',*,*,#291,.T.);
#291 = EDGE_CURVE('',#269,#292,#294,.T.);
#292 = VERTEX_POINT('',#293);
#293 = CARTESIAN_POINT('',(-13.675,-16.5,-16.8));
#294 = CIRCLE('',#295,7.15);
#295 = AXIS2_PLACEMENT_3D('',#296,#297,#298);
#296 = CARTESIAN_POINT('',(-6.525,-16.5,-16.8));
#297 = DIRECTION('',(-0.,0.,-1.));
#298 = DIRECTION('',(-1.,9.937660640001E-16,0.));
#299 = ORIENTED_EDGE('',*,*,#300,.T.);
#300 = EDGE_CURVE('',#292,#301,#303,.T.);
#301 = VERTEX_POINT('',#302);
#302 = CARTESIAN_POINT('',(-13.675,-16.5,-12.5));
#303 = LINE('',#304,#305);
#304 = CARTESIAN_POINT('',(-13.675,-16.5,-18.8));
#305 = VECTOR('',#306,1.);
#306 = DIRECTION('',(0.,0.,1.));
#307 = ORIENTED_EDGE('',*,*,#308,.F.);
#308 = EDGE_CURVE('',#309,#301,#311,.T.);
#309 = VERTEX_POINT('',#310);
#310 = CARTESIAN_POINT('',(-13.60472457091,-17.5,-12.5));
#311 = CIRCLE('',#312,7.15);
#312 = AXIS2_PLACEMENT_3D('',#313,#314,#315);
#313 = CARTESIAN_POINT('',(-6.525,-16.5,-12.5));
#314 = DIRECTION('',(-0.,0.,-1.));
#315 = DIRECTION('',(-1.,9.937660640001E-16,0.));
#316 = ORIENTED_EDGE('',*,*,#317,.T.);
#317 = EDGE_CURVE('',#309,#318,#320,.T.);
#318 = VERTEX_POINT('',#319);
#319 = CARTESIAN_POINT('',(-13.60472457091,-17.5,-15.75));
#320 = LINE('',#321,#322);
#321 = CARTESIAN_POINT('',(-13.60472457091,-17.5,-16.8));
#322 = VECTOR('',#323,1.);
#323 = DIRECTION('',(-0.,-0.,-1.));
#324 = ORIENTED_EDGE('',*,*,#325,.F.);
#325 = EDGE_CURVE('',#326,#318,#328,.T.);
#326 = VERTEX_POINT('',#327);
#327 = CARTESIAN_POINT('',(-7.525,-23.57972457091,-15.75));
#328 = CIRCLE('',#329,7.15);
#329 = AXIS2_PLACEMENT_3D('',#330,#331,#332);
#330 = CARTESIAN_POINT('',(-6.525,-16.5,-15.75));
#331 = DIRECTION('',(-0.,0.,-1.));
#332 = DIRECTION('',(-1.,9.937660640001E-16,0.));
#333 = ORIENTED_EDGE('',*,*,#334,.F.);
#334 = EDGE_CURVE('',#335,#326,#337,.T.);
#335 = VERTEX_POINT('',#336);
#336 = CARTESIAN_POINT('',(-7.525,-23.57972457091,-12.5));
#337 = LINE('',#338,#339);
#338 = CARTESIAN_POINT('',(-7.525,-23.57972457091,-16.8));
#339 = VECTOR('',#340,1.);
#340 = DIRECTION('',(-0.,-0.,-1.));
#341 = ORIENTED_EDGE('',*,*,#342,.F.);
#342 = EDGE_CURVE('',#253,#335,#343,.T.);
#343 = CIRCLE('',#344,7.15);
#344 = AXIS2_PLACEMENT_3D('',#345,#346,#347);
#345 = CARTESIAN_POINT('',(-6.525,-16.5,-12.5));
#346 = DIRECTION('',(-0.,0.,-1.));
#347 = DIRECTION('',(-1.,9.937660640001E-16,0.));
#348 = CYLINDRICAL_SURFACE('',#349,7.15);
#349 = AXIS2_PLACEMENT_3D('',#350,#351,#352);
#350 = CARTESIAN_POINT('',(-6.525,-16.5,-18.8));
#351 = DIRECTION('',(-0.,-0.,-1.));
#352 = DIRECTION('',(-1.,9.937660640001E-16,0.));
#353 = ADVANCED_FACE('',(#354,#407),#477,.T.);
#354 = FACE_BOUND('',#355,.T.);
#355 = EDGE_LOOP('',(#356,#365,#373,#382,#390,#399,#405,#406));
#356 = ORIENTED_EDGE('',*,*,#357,.F.);
#357 = EDGE_CURVE('',#358,#261,#360,.T.);
#358 = VERTEX_POINT('',#359);
#359 = CARTESIAN_POINT('',(13.675,-16.5,-16.8));
#360 = CIRCLE('',#361,7.15);
#361 = AXIS2_PLACEMENT_3D('',#362,#363,#364);
#362 = CARTESIAN_POINT('',(6.525,-16.5,-16.8));
#363 = DIRECTION('',(-0.,0.,-1.));
#364 = DIRECTION('',(-7.453245480001E-16,-1.,0.));
#365 = ORIENTED_EDGE('',*,*,#366,.T.);
#366 = EDGE_CURVE('',#358,#367,#369,.T.);
#367 = VERTEX_POINT('',#368);
#368 = CARTESIAN_POINT('',(13.675,16.5,-16.8));
#369 = LINE('',#370,#371);
#370 = CARTESIAN_POINT('',(13.675,-8.25,-16.8));
#371 = VECTOR('',#372,1.);
#372 = DIRECTION('',(0.,1.,-0.));
#373 = ORIENTED_EDGE('',*,*,#374,.F.);
#374 = EDGE_CURVE('',#375,#367,#377,.T.);
#375 = VERTEX_POINT('',#376);
#376 = CARTESIAN_POINT('',(6.525,23.65,-16.8));
#377 = CIRCLE('',#378,7.15);
#378 = AXIS2_PLACEMENT_3D('',#379,#380,#381);
#379 = CARTESIAN_POINT('',(6.525,16.5,-16.8));
#380 = DIRECTION('',(0.,-0.,-1.));
#381 = DIRECTION('',(1.,-9.937660640001E-16,0.));
#382 = ORIENTED_EDGE('',*,*,#383,.T.);
#383 = EDGE_CURVE('',#375,#384,#386,.T.);
#384 = VERTEX_POINT('',#385);
#385 = CARTESIAN_POINT('',(-6.525,23.65,-16.8));
#386 = LINE('',#387,#388);
#387 = CARTESIAN_POINT('',(3.2625,23.65,-16.8));
#388 = VECTOR('',#389,1.);
#389 = DIRECTION('',(-1.,0.,0.));
#390 = ORIENTED_EDGE('',*,*,#391,.F.);
#391 = EDGE_CURVE('',#392,#384,#394,.T.);
#392 = VERTEX_POINT('',#393);
#393 = CARTESIAN_POINT('',(-13.675,16.5,-16.8));
#394 = CIRCLE('',#395,7.15);
#395 = AXIS2_PLACEMENT_3D('',#396,#397,#398);
#396 = CARTESIAN_POINT('',(-6.525,16.5,-16.8));
#397 = DIRECTION('',(0.,-0.,-1.));
#398 = DIRECTION('',(7.453245480001E-16,1.,-0.));
#399 = ORIENTED_EDGE('',*,*,#400,.T.);
#400 = EDGE_CURVE('',#392,#292,#401,.T.);
#401 = LINE('',#402,#403);
#402 = CARTESIAN_POINT('',(-13.675,8.25,-16.8));
#403 = VECTOR('',#404,1.);
#404 = DIRECTION('',(0.,-1.,0.));
#405 = ORIENTED_EDGE('',*,*,#291,.F.);
#406 = ORIENTED_EDGE('',*,*,#268,.T.);
#407 = FACE_BOUND('',#408,.T.);
#408 = EDGE_LOOP('',(#409,#420,#428,#437,#445,#454,#462,#471));
#409 = ORIENTED_EDGE('',*,*,#410,.T.);
#410 = EDGE_CURVE('',#411,#413,#415,.T.);
#411 = VERTEX_POINT('',#412);
#412 = CARTESIAN_POINT('',(12.675,-16.5,-16.8));
#413 = VERTEX_POINT('',#414);
#414 = CARTESIAN_POINT('',(6.525,-22.65,-16.8));
#415 = CIRCLE('',#416,6.15);
#416 = AXIS2_PLACEMENT_3D('',#417,#418,#419);
#417 = CARTESIAN_POINT('',(6.525,-16.5,-16.8));
#418 = DIRECTION('',(-0.,0.,-1.));
#419 = DIRECTION('',(-1.010934786651E-15,-1.,0.));
#420 = ORIENTED_EDGE('',*,*,#421,.T.);
#421 = EDGE_CURVE('',#413,#422,#424,.T.);
#422 = VERTEX_POINT('',#423);
#423 = CARTESIAN_POINT('',(-6.525,-22.65,-16.8));
#424 = LINE('',#425,#426);
#425 = CARTESIAN_POINT('',(-3.2625,-22.65,-16.8));
#426 = VECTOR('',#427,1.);
#427 = DIRECTION('',(-1.,0.,0.));
#428 = ORIENTED_EDGE('',*,*,#429,.T.);
#429 = EDGE_CURVE('',#422,#430,#432,.T.);
#430 = VERTEX_POINT('',#431);
#431 = CARTESIAN_POINT('',(-12.675,-16.5,-16.8));
#432 = CIRCLE('',#433,6.15);
#433 = AXIS2_PLACEMENT_3D('',#434,#435,#436);
#434 = CARTESIAN_POINT('',(-6.525,-16.5,-16.8));
#435 = DIRECTION('',(-0.,0.,-1.));
#436 = DIRECTION('',(-1.,1.155354041886E-15,0.));
#437 = ORIENTED_EDGE('',*,*,#438,.T.);
#438 = EDGE_CURVE('',#430,#439,#441,.T.);
#439 = VERTEX_POINT('',#440);
#440 = CARTESIAN_POINT('',(-12.675,16.5,-16.8));
#441 = LINE('',#442,#443);
#442 = CARTESIAN_POINT('',(-12.675,8.25,-16.8));
#443 = VECTOR('',#444,1.);
#444 = DIRECTION('',(-0.,1.,0.));
#445 = ORIENTED_EDGE('',*,*,#446,.T.);
#446 = EDGE_CURVE('',#439,#447,#449,.T.);
#447 = VERTEX_POINT('',#448);
#448 = CARTESIAN_POINT('',(-6.525,22.65,-16.8));
#449 = CIRCLE('',#450,6.15);
#450 = AXIS2_PLACEMENT_3D('',#451,#452,#453);
#451 = CARTESIAN_POINT('',(-6.525,16.5,-16.8));
#452 = DIRECTION('',(0.,-0.,-1.));
#453 = DIRECTION('',(1.010934786651E-15,1.,-0.));
#454 = ORIENTED_EDGE('',*,*,#455,.T.);
#455 = EDGE_CURVE('',#447,#456,#458,.T.);
#456 = VERTEX_POINT('',#457);
#457 = CARTESIAN_POINT('',(6.525,22.65,-16.8));
#458 = LINE('',#459,#460);
#459 = CARTESIAN_POINT('',(3.2625,22.65,-16.8));
#460 = VECTOR('',#461,1.);
#461 = DIRECTION('',(1.,0.,-0.));
#462 = ORIENTED_EDGE('',*,*,#463,.T.);
#463 = EDGE_CURVE('',#456,#464,#466,.T.);
#464 = VERTEX_POINT('',#465);
#465 = CARTESIAN_POINT('',(12.675,16.5,-16.8));
#466 = CIRCLE('',#467,6.15);
#467 = AXIS2_PLACEMENT_3D('',#468,#469,#470);
#468 = CARTESIAN_POINT('',(6.525,16.5,-16.8));
#469 = DIRECTION('',(0.,-0.,-1.));
#470 = DIRECTION('',(1.,-1.155354041886E-15,0.));
#471 = ORIENTED_EDGE('',*,*,#472,.T.);
#472 = EDGE_CURVE('',#464,#411,#473,.T.);
#473 = LINE('',#474,#475);
#474 = CARTESIAN_POINT('',(12.675,-8.25,-16.8));
#475 = VECTOR('',#476,1.);
#476 = DIRECTION('',(0.,-1.,0.));
#477 = PLANE('',#478);
#478 = AXIS2_PLACEMENT_3D('',#479,#480,#481);
#479 = CARTESIAN_POINT('',(3.497415298167E-16,-3.10881359837E-16,-16.8)
  );
#480 = DIRECTION('',(0.,0.,1.));
#481 = DIRECTION('',(1.,0.,-0.));
#482 = ADVANCED_FACE('',(#483),#527,.F.);
#483 = FACE_BOUND('',#484,.T.);
#484 = EDGE_LOOP('',(#485,#493,#494,#495,#502,#503,#512,#520));
#485 = ORIENTED_EDGE('',*,*,#486,.F.);
#486 = EDGE_CURVE('',#358,#487,#489,.T.);
#487 = VERTEX_POINT('',#488);
#488 = CARTESIAN_POINT('',(13.675,-16.5,-12.5));
#489 = LINE('',#490,#491);
#490 = CARTESIAN_POINT('',(13.675,-16.5,-18.8));
#491 = VECTOR('',#492,1.);
#492 = DIRECTION('',(0.,0.,1.));
#493 = ORIENTED_EDGE('',*,*,#357,.T.);
#494 = ORIENTED_EDGE('',*,*,#260,.T.);
#495 = ORIENTED_EDGE('',*,*,#496,.F.);
#496 = EDGE_CURVE('',#229,#251,#497,.T.);
#497 = CIRCLE('',#498,7.15);
#498 = AXIS2_PLACEMENT_3D('',#499,#500,#501);
#499 = CARTESIAN_POINT('',(6.525,-16.5,-12.5));
#500 = DIRECTION('',(-0.,0.,-1.));
#501 = DIRECTION('',(-7.453245480001E-16,-1.,0.));
#502 = ORIENTED_EDGE('',*,*,#228,.T.);
#503 = ORIENTED_EDGE('',*,*,#504,.F.);
#504 = EDGE_CURVE('',#505,#221,#507,.T.);
#505 = VERTEX_POINT('',#506);
#506 = CARTESIAN_POINT('',(13.604724570914,-17.5,-15.75));
#507 = CIRCLE('',#508,7.15);
#508 = AXIS2_PLACEMENT_3D('',#509,#510,#511);
#509 = CARTESIAN_POINT('',(6.525,-16.5,-15.75));
#510 = DIRECTION('',(-0.,0.,-1.));
#511 = DIRECTION('',(-7.453245480001E-16,-1.,0.));
#512 = ORIENTED_EDGE('',*,*,#513,.F.);
#513 = EDGE_CURVE('',#514,#505,#516,.T.);
#514 = VERTEX_POINT('',#515);
#515 = CARTESIAN_POINT('',(13.604724570914,-17.5,-12.5));
#516 = LINE('',#517,#518);
#517 = CARTESIAN_POINT('',(13.604724570914,-17.5,-16.8));
#518 = VECTOR('',#519,1.);
#519 = DIRECTION('',(-0.,-0.,-1.));
#520 = ORIENTED_EDGE('',*,*,#521,.F.);
#521 = EDGE_CURVE('',#487,#514,#522,.T.);
#522 = CIRCLE('',#523,7.15);
#523 = AXIS2_PLACEMENT_3D('',#524,#525,#526);
#524 = CARTESIAN_POINT('',(6.525,-16.5,-12.5));
#525 = DIRECTION('',(-0.,0.,-1.));
#526 = DIRECTION('',(-7.453245480001E-16,-1.,0.));
#527 = CYLINDRICAL_SURFACE('',#528,7.15);
#528 = AXIS2_PLACEMENT_3D('',#529,#530,#531);
#529 = CARTESIAN_POINT('',(6.525,-16.5,-18.8));
#530 = DIRECTION('',(-0.,-0.,-1.));
#531 = DIRECTION('',(-7.453245480001E-16,-1.,0.));
#532 = ADVANCED_FACE('',(#533),#549,.F.);
#533 = FACE_BOUND('',#534,.F.);
#534 = EDGE_LOOP('',(#535,#536,#542,#543));
#535 = ORIENTED_EDGE('',*,*,#87,.T.);
#536 = ORIENTED_EDGE('',*,*,#537,.T.);
#537 = EDGE_CURVE('',#80,#326,#538,.T.);
#538 = LINE('',#539,#540);
#539 = CARTESIAN_POINT('',(-7.525,-25.85,-15.75));
#540 = VECTOR('',#541,1.);
#541 = DIRECTION('',(-0.,1.,0.));
#542 = ORIENTED_EDGE('',*,*,#334,.F.);
#543 = ORIENTED_EDGE('',*,*,#544,.F.);
#544 = EDGE_CURVE('',#88,#335,#545,.T.);
#545 = LINE('',#546,#547);
#546 = CARTESIAN_POINT('',(-7.525,-12.925,-12.5));
#547 = VECTOR('',#548,1.);
#548 = DIRECTION('',(-0.,1.,0.));
#549 = PLANE('',#550);
#550 = AXIS2_PLACEMENT_3D('',#551,#552,#553);
#551 = CARTESIAN_POINT('',(-7.525,-25.85,-15.75));
#552 = DIRECTION('',(1.,0.,-0.));
#553 = DIRECTION('',(0.,0.,1.));
#554 = ADVANCED_FACE('',(#555),#596,.T.);
#555 = FACE_BOUND('',#556,.T.);
#556 = EDGE_LOOP('',(#557,#567,#575,#581,#582,#590));
#557 = ORIENTED_EDGE('',*,*,#558,.F.);
#558 = EDGE_CURVE('',#559,#561,#563,.T.);
#559 = VERTEX_POINT('',#560);
#560 = CARTESIAN_POINT('',(-7.2,-27.45,-15.3));
#561 = VERTEX_POINT('',#562);
#562 = CARTESIAN_POINT('',(-7.2,-25.05,-15.3));
#563 = LINE('',#564,#565);
#564 = CARTESIAN_POINT('',(-7.2,-27.45,-15.3));
#565 = VECTOR('',#566,1.);
#566 = DIRECTION('',(-0.,1.,0.));
#567 = ORIENTED_EDGE('',*,*,#568,.T.);
#568 = EDGE_CURVE('',#559,#569,#571,.T.);
#569 = VERTEX_POINT('',#570);
#570 = CARTESIAN_POINT('',(-7.2,-27.45,-12.5));
#571 = LINE('',#572,#573);
#572 = CARTESIAN_POINT('',(-7.2,-27.45,-15.3));
#573 = VECTOR('',#574,1.);
#574 = DIRECTION('',(0.,0.,1.));
#575 = ORIENTED_EDGE('',*,*,#576,.T.);
#576 = EDGE_CURVE('',#569,#96,#577,.T.);
#577 = LINE('',#578,#579);
#578 = CARTESIAN_POINT('',(-7.2,-113.0105555555,-12.5));
#579 = VECTOR('',#580,1.);
#580 = DIRECTION('',(0.,1.,0.));
#581 = ORIENTED_EDGE('',*,*,#103,.T.);
#582 = ORIENTED_EDGE('',*,*,#583,.F.);
#583 = EDGE_CURVE('',#584,#104,#586,.T.);
#584 = VERTEX_POINT('',#585);
#585 = CARTESIAN_POINT('',(-7.2,-25.05,-13.5));
#586 = LINE('',#587,#588);
#587 = CARTESIAN_POINT('',(-7.2,-26.25,-13.5));
#588 = VECTOR('',#589,1.);
#589 = DIRECTION('',(-0.,1.,0.));
#590 = ORIENTED_EDGE('',*,*,#591,.F.);
#591 = EDGE_CURVE('',#561,#584,#592,.T.);
#592 = LINE('',#593,#594);
#593 = CARTESIAN_POINT('',(-7.2,-25.05,-15.3));
#594 = VECTOR('',#595,1.);
#595 = DIRECTION('',(0.,0.,1.));
#596 = PLANE('',#597);
#597 = AXIS2_PLACEMENT_3D('',#598,#599,#600);
#598 = CARTESIAN_POINT('',(-7.2,-26.02111111111,-12.20191919191));
#599 = DIRECTION('',(-1.,-0.,-0.));
#600 = DIRECTION('',(0.,0.,-1.));
#601 = ADVANCED_FACE('',(#602),#643,.T.);
#602 = FACE_BOUND('',#603,.T.);
#603 = EDGE_LOOP('',(#604,#614,#622,#630,#636,#637));
#604 = ORIENTED_EDGE('',*,*,#605,.F.);
#605 = EDGE_CURVE('',#606,#608,#610,.T.);
#606 = VERTEX_POINT('',#607);
#607 = CARTESIAN_POINT('',(-4.2,-27.45,-15.3));
#608 = VERTEX_POINT('',#609);
#609 = CARTESIAN_POINT('',(-4.2,-27.45,-12.5));
#610 = LINE('',#611,#612);
#611 = CARTESIAN_POINT('',(-4.2,-27.45,-15.3));
#612 = VECTOR('',#613,1.);
#613 = DIRECTION('',(0.,0.,1.));
#614 = ORIENTED_EDGE('',*,*,#615,.T.);
#615 = EDGE_CURVE('',#606,#616,#618,.T.);
#616 = VERTEX_POINT('',#617);
#617 = CARTESIAN_POINT('',(-4.2,-25.05,-15.3));
#618 = LINE('',#619,#620);
#619 = CARTESIAN_POINT('',(-4.2,-27.45,-15.3));
#620 = VECTOR('',#621,1.);
#621 = DIRECTION('',(-0.,1.,0.));
#622 = ORIENTED_EDGE('',*,*,#623,.T.);
#623 = EDGE_CURVE('',#616,#624,#626,.T.);
#624 = VERTEX_POINT('',#625);
#625 = CARTESIAN_POINT('',(-4.2,-25.05,-13.5));
#626 = LINE('',#627,#628);
#627 = CARTESIAN_POINT('',(-4.2,-25.05,-15.3));
#628 = VECTOR('',#629,1.);
#629 = DIRECTION('',(0.,0.,1.));
#630 = ORIENTED_EDGE('',*,*,#631,.T.);
#631 = EDGE_CURVE('',#624,#112,#632,.T.);
#632 = LINE('',#633,#634);
#633 = CARTESIAN_POINT('',(-4.2,-26.25,-13.5));
#634 = VECTOR('',#635,1.);
#635 = DIRECTION('',(-0.,1.,0.));
#636 = ORIENTED_EDGE('',*,*,#119,.F.);
#637 = ORIENTED_EDGE('',*,*,#638,.T.);
#638 = EDGE_CURVE('',#120,#608,#639,.T.);
#639 = LINE('',#640,#641);
#640 = CARTESIAN_POINT('',(-4.2,-13.01055555555,-12.5));
#641 = VECTOR('',#642,1.);
#642 = DIRECTION('',(0.,-1.,0.));
#643 = PLANE('',#644);
#644 = AXIS2_PLACEMENT_3D('',#645,#646,#647);
#645 = CARTESIAN_POINT('',(-4.2,-26.02111111111,-12.20191919191));
#646 = DIRECTION('',(1.,0.,0.));
#647 = DIRECTION('',(-0.,0.,1.));
#648 = ADVANCED_FACE('',(#649),#677,.T.);
#649 = FACE_BOUND('',#650,.T.);
#650 = EDGE_LOOP('',(#651,#659,#667,#674,#675,#676));
#651 = ORIENTED_EDGE('',*,*,#652,.F.);
#652 = EDGE_CURVE('',#653,#318,#655,.T.);
#653 = VERTEX_POINT('',#654);
#654 = CARTESIAN_POINT('',(-14.875,-17.5,-15.75));
#655 = LINE('',#656,#657);
#656 = CARTESIAN_POINT('',(-15.875,-17.5,-15.75));
#657 = VECTOR('',#658,1.);
#658 = DIRECTION('',(1.,0.,-0.));
#659 = ORIENTED_EDGE('',*,*,#660,.T.);
#660 = EDGE_CURVE('',#653,#661,#663,.T.);
#661 = VERTEX_POINT('',#662);
#662 = CARTESIAN_POINT('',(-14.875,-19.85,-15.75));
#663 = LINE('',#664,#665);
#664 = CARTESIAN_POINT('',(-14.875,-3.,-15.75));
#665 = VECTOR('',#666,1.);
#666 = DIRECTION('',(0.,-1.,0.));
#667 = ORIENTED_EDGE('',*,*,#668,.F.);
#668 = EDGE_CURVE('',#72,#661,#669,.T.);
#669 = CIRCLE('',#670,5.);
#670 = AXIS2_PLACEMENT_3D('',#671,#672,#673);
#671 = CARTESIAN_POINT('',(-9.875,-19.85,-15.75));
#672 = DIRECTION('',(-0.,0.,-1.));
#673 = DIRECTION('',(-1.,0.,0.));
#674 = ORIENTED_EDGE('',*,*,#79,.T.);
#675 = ORIENTED_EDGE('',*,*,#537,.T.);
#676 = ORIENTED_EDGE('',*,*,#325,.T.);
#677 = PLANE('',#678);
#678 = AXIS2_PLACEMENT_3D('',#679,#680,#681);
#679 = CARTESIAN_POINT('',(-15.875,-25.85,-15.75));
#680 = DIRECTION('',(0.,0.,1.));
#681 = DIRECTION('',(1.,0.,-0.));
#682 = ADVANCED_FACE('',(#683),#717,.T.);
#683 = FACE_BOUND('',#684,.T.);
#684 = EDGE_LOOP('',(#685,#695,#703,#709,#710,#711));
#685 = ORIENTED_EDGE('',*,*,#686,.F.);
#686 = EDGE_CURVE('',#687,#689,#691,.T.);
#687 = VERTEX_POINT('',#688);
#688 = CARTESIAN_POINT('',(-16.2,-17.5,-13.5));
#689 = VERTEX_POINT('',#690);
#690 = CARTESIAN_POINT('',(-16.2,-17.5,-12.5));
#691 = LINE('',#692,#693);
#692 = CARTESIAN_POINT('',(-16.2,-17.5,-13.5));
#693 = VECTOR('',#694,1.);
#694 = DIRECTION('',(0.,0.,1.));
#695 = ORIENTED_EDGE('',*,*,#696,.T.);
#696 = EDGE_CURVE('',#687,#697,#699,.T.);
#697 = VERTEX_POINT('',#698);
#698 = CARTESIAN_POINT('',(-14.875,-17.5,-13.5));
#699 = LINE('',#700,#701);
#700 = CARTESIAN_POINT('',(-16.2,-17.5,-13.5));
#701 = VECTOR('',#702,1.);
#702 = DIRECTION('',(1.,0.,-0.));
#703 = ORIENTED_EDGE('',*,*,#704,.F.);
#704 = EDGE_CURVE('',#653,#697,#705,.T.);
#705 = LINE('',#706,#707);
#706 = CARTESIAN_POINT('',(-14.875,-17.5,-16.775));
#707 = VECTOR('',#708,1.);
#708 = DIRECTION('',(0.,0.,1.));
#709 = ORIENTED_EDGE('',*,*,#652,.T.);
#710 = ORIENTED_EDGE('',*,*,#317,.F.);
#711 = ORIENTED_EDGE('',*,*,#712,.T.);
#712 = EDGE_CURVE('',#309,#689,#713,.T.);
#713 = LINE('',#714,#715);
#714 = CARTESIAN_POINT('',(-7.9375,-17.5,-12.5));
#715 = VECTOR('',#716,1.);
#716 = DIRECTION('',(-1.,-0.,0.));
#717 = PLANE('',#718);
#718 = AXIS2_PLACEMENT_3D('',#719,#720,#721);
#719 = CARTESIAN_POINT('',(-15.06480875505,-17.5,-12.5374464696));
#720 = DIRECTION('',(-0.,-1.,-0.));
#721 = DIRECTION('',(0.,0.,-1.));
#722 = ADVANCED_FACE('',(#723),#741,.T.);
#723 = FACE_BOUND('',#724,.T.);
#724 = EDGE_LOOP('',(#725,#726,#727,#735));
#725 = ORIENTED_EDGE('',*,*,#300,.F.);
#726 = ORIENTED_EDGE('',*,*,#400,.F.);
#727 = ORIENTED_EDGE('',*,*,#728,.T.);
#728 = EDGE_CURVE('',#392,#729,#731,.T.);
#729 = VERTEX_POINT('',#730);
#730 = CARTESIAN_POINT('',(-13.675,16.5,-12.5));
#731 = LINE('',#732,#733);
#732 = CARTESIAN_POINT('',(-13.675,16.5,-18.8));
#733 = VECTOR('',#734,1.);
#734 = DIRECTION('',(0.,0.,1.));
#735 = ORIENTED_EDGE('',*,*,#736,.F.);
#736 = EDGE_CURVE('',#301,#729,#737,.T.);
#737 = LINE('',#738,#739);
#738 = CARTESIAN_POINT('',(-13.675,8.25,-12.5));
#739 = VECTOR('',#740,1.);
#740 = DIRECTION('',(-0.,1.,0.));
#741 = PLANE('',#742);
#742 = AXIS2_PLACEMENT_3D('',#743,#744,#745);
#743 = CARTESIAN_POINT('',(-13.675,16.5,-18.8));
#744 = DIRECTION('',(1.,0.,-0.));
#745 = DIRECTION('',(0.,-1.,0.));
#746 = ADVANCED_FACE('',(#747),#800,.F.);
#747 = FACE_BOUND('',#748,.T.);
#748 = EDGE_LOOP('',(#749,#750,#751,#759,#768,#776,#785,#793));
#749 = ORIENTED_EDGE('',*,*,#728,.F.);
#750 = ORIENTED_EDGE('',*,*,#391,.T.);
#751 = ORIENTED_EDGE('',*,*,#752,.T.);
#752 = EDGE_CURVE('',#384,#753,#755,.T.);
#753 = VERTEX_POINT('',#754);
#754 = CARTESIAN_POINT('',(-6.525,23.65,-12.5));
#755 = LINE('',#756,#757);
#756 = CARTESIAN_POINT('',(-6.525,23.65,-18.8));
#757 = VECTOR('',#758,1.);
#758 = DIRECTION('',(0.,0.,1.));
#759 = ORIENTED_EDGE('',*,*,#760,.F.);
#760 = EDGE_CURVE('',#761,#753,#763,.T.);
#761 = VERTEX_POINT('',#762);
#762 = CARTESIAN_POINT('',(-7.525,23.579724570914,-12.5));
#763 = CIRCLE('',#764,7.15);
#764 = AXIS2_PLACEMENT_3D('',#765,#766,#767);
#765 = CARTESIAN_POINT('',(-6.525,16.5,-12.5));
#766 = DIRECTION('',(0.,-0.,-1.));
#767 = DIRECTION('',(7.453245480001E-16,1.,-0.));
#768 = ORIENTED_EDGE('',*,*,#769,.T.);
#769 = EDGE_CURVE('',#761,#770,#772,.T.);
#770 = VERTEX_POINT('',#771);
#771 = CARTESIAN_POINT('',(-7.525,23.579724570914,-15.75));
#772 = LINE('',#773,#774);
#773 = CARTESIAN_POINT('',(-7.525,23.579724570914,-16.8));
#774 = VECTOR('',#775,1.);
#775 = DIRECTION('',(-0.,-0.,-1.));
#776 = ORIENTED_EDGE('',*,*,#777,.F.);
#777 = EDGE_CURVE('',#778,#770,#780,.T.);
#778 = VERTEX_POINT('',#779);
#779 = CARTESIAN_POINT('',(-13.60472457091,17.5,-15.75));
#780 = CIRCLE('',#781,7.15);
#781 = AXIS2_PLACEMENT_3D('',#782,#783,#784);
#782 = CARTESIAN_POINT('',(-6.525,16.5,-15.75));
#783 = DIRECTION('',(0.,-0.,-1.));
#784 = DIRECTION('',(7.453245480001E-16,1.,-0.));
#785 = ORIENTED_EDGE('',*,*,#786,.F.);
#786 = EDGE_CURVE('',#787,#778,#789,.T.);
#787 = VERTEX_POINT('',#788);
#788 = CARTESIAN_POINT('',(-13.60472457091,17.5,-12.5));
#789 = LINE('',#790,#791);
#790 = CARTESIAN_POINT('',(-13.60472457091,17.5,-16.8));
#791 = VECTOR('',#792,1.);
#792 = DIRECTION('',(-0.,-0.,-1.));
#793 = ORIENTED_EDGE('',*,*,#794,.F.);
#794 = EDGE_CURVE('',#729,#787,#795,.T.);
#795 = CIRCLE('',#796,7.15);
#796 = AXIS2_PLACEMENT_3D('',#797,#798,#799);
#797 = CARTESIAN_POINT('',(-6.525,16.5,-12.5));
#798 = DIRECTION('',(0.,-0.,-1.));
#799 = DIRECTION('',(7.453245480001E-16,1.,-0.));
#800 = CYLINDRICAL_SURFACE('',#801,7.15);
#801 = AXIS2_PLACEMENT_3D('',#802,#803,#804);
#802 = CARTESIAN_POINT('',(-6.525,16.5,-18.8));
#803 = DIRECTION('',(-0.,-0.,-1.));
#804 = DIRECTION('',(7.453245480001E-16,1.,-0.));
#805 = ADVANCED_FACE('',(#806),#824,.T.);
#806 = FACE_BOUND('',#807,.T.);
#807 = EDGE_LOOP('',(#808,#816,#817,#818));
#808 = ORIENTED_EDGE('',*,*,#809,.F.);
#809 = EDGE_CURVE('',#753,#810,#812,.T.);
#810 = VERTEX_POINT('',#811);
#811 = CARTESIAN_POINT('',(6.525,23.65,-12.5));
#812 = LINE('',#813,#814);
#813 = CARTESIAN_POINT('',(3.2625,23.65,-12.5));
#814 = VECTOR('',#815,1.);
#815 = DIRECTION('',(1.,0.,-0.));
#816 = ORIENTED_EDGE('',*,*,#752,.F.);
#817 = ORIENTED_EDGE('',*,*,#383,.F.);
#818 = ORIENTED_EDGE('',*,*,#819,.T.);
#819 = EDGE_CURVE('',#375,#810,#820,.T.);
#820 = LINE('',#821,#822);
#821 = CARTESIAN_POINT('',(6.525,23.65,-18.8));
#822 = VECTOR('',#823,1.);
#823 = DIRECTION('',(0.,0.,1.));
#824 = PLANE('',#825);
#825 = AXIS2_PLACEMENT_3D('',#826,#827,#828);
#826 = CARTESIAN_POINT('',(-2.424067739356E-16,23.65,-14.53479257641));
#827 = DIRECTION('',(-0.,-1.,-0.));
#828 = DIRECTION('',(0.,0.,-1.));
#829 = ADVANCED_FACE('',(#830),#883,.F.);
#830 = FACE_BOUND('',#831,.T.);
#831 = EDGE_LOOP('',(#832,#833,#834,#842,#851,#859,#868,#876));
#832 = ORIENTED_EDGE('',*,*,#819,.F.);
#833 = ORIENTED_EDGE('',*,*,#374,.T.);
#834 = ORIENTED_EDGE('',*,*,#835,.T.);
#835 = EDGE_CURVE('',#367,#836,#838,.T.);
#836 = VERTEX_POINT('',#837);
#837 = CARTESIAN_POINT('',(13.675,16.5,-12.5));
#838 = LINE('',#839,#840);
#839 = CARTESIAN_POINT('',(13.675,16.5,-18.8));
#840 = VECTOR('',#841,1.);
#841 = DIRECTION('',(0.,0.,1.));
#842 = ORIENTED_EDGE('',*,*,#843,.F.);
#843 = EDGE_CURVE('',#844,#836,#846,.T.);
#844 = VERTEX_POINT('',#845);
#845 = CARTESIAN_POINT('',(13.604724570914,17.5,-12.5));
#846 = CIRCLE('',#847,7.15);
#847 = AXIS2_PLACEMENT_3D('',#848,#849,#850);
#848 = CARTESIAN_POINT('',(6.525,16.5,-12.5));
#849 = DIRECTION('',(0.,-0.,-1.));
#850 = DIRECTION('',(1.,-9.937660640001E-16,0.));
#851 = ORIENTED_EDGE('',*,*,#852,.T.);
#852 = EDGE_CURVE('',#844,#853,#855,.T.);
#853 = VERTEX_POINT('',#854);
#854 = CARTESIAN_POINT('',(13.604724570914,17.5,-15.75));
#855 = LINE('',#856,#857);
#856 = CARTESIAN_POINT('',(13.604724570914,17.5,-16.8));
#857 = VECTOR('',#858,1.);
#858 = DIRECTION('',(-0.,-0.,-1.));
#859 = ORIENTED_EDGE('',*,*,#860,.F.);
#860 = EDGE_CURVE('',#861,#853,#863,.T.);
#861 = VERTEX_POINT('',#862);
#862 = CARTESIAN_POINT('',(7.525,23.579724570914,-15.75));
#863 = CIRCLE('',#864,7.15);
#864 = AXIS2_PLACEMENT_3D('',#865,#866,#867);
#865 = CARTESIAN_POINT('',(6.525,16.5,-15.75));
#866 = DIRECTION('',(0.,-0.,-1.));
#867 = DIRECTION('',(1.,-9.937660640001E-16,0.));
#868 = ORIENTED_EDGE('',*,*,#869,.F.);
#869 = EDGE_CURVE('',#870,#861,#872,.T.);
#870 = VERTEX_POINT('',#871);
#871 = CARTESIAN_POINT('',(7.525,23.579724570914,-12.5));
#872 = LINE('',#873,#874);
#873 = CARTESIAN_POINT('',(7.525,23.579724570914,-16.8));
#874 = VECTOR('',#875,1.);
#875 = DIRECTION('',(-0.,-0.,-1.));
#876 = ORIENTED_EDGE('',*,*,#877,.F.);
#877 = EDGE_CURVE('',#810,#870,#878,.T.);
#878 = CIRCLE('',#879,7.15);
#879 = AXIS2_PLACEMENT_3D('',#880,#881,#882);
#880 = CARTESIAN_POINT('',(6.525,16.5,-12.5));
#881 = DIRECTION('',(0.,-0.,-1.));
#882 = DIRECTION('',(1.,-9.937660640001E-16,0.));
#883 = CYLINDRICAL_SURFACE('',#884,7.15);
#884 = AXIS2_PLACEMENT_3D('',#885,#886,#887);
#885 = CARTESIAN_POINT('',(6.525,16.5,-18.8));
#886 = DIRECTION('',(-0.,-0.,-1.));
#887 = DIRECTION('',(1.,-9.937660640001E-16,0.));
#888 = ADVANCED_FACE('',(#889),#900,.T.);
#889 = FACE_BOUND('',#890,.T.);
#890 = EDGE_LOOP('',(#891,#892,#893,#894));
#891 = ORIENTED_EDGE('',*,*,#835,.F.);
#892 = ORIENTED_EDGE('',*,*,#366,.F.);
#893 = ORIENTED_EDGE('',*,*,#486,.T.);
#894 = ORIENTED_EDGE('',*,*,#895,.F.);
#895 = EDGE_CURVE('',#836,#487,#896,.T.);
#896 = LINE('',#897,#898);
#897 = CARTESIAN_POINT('',(13.675,-8.25,-12.5));
#898 = VECTOR('',#899,1.);
#899 = DIRECTION('',(0.,-1.,0.));
#900 = PLANE('',#901);
#901 = AXIS2_PLACEMENT_3D('',#902,#903,#904);
#902 = CARTESIAN_POINT('',(13.675,-16.5,-18.8));
#903 = DIRECTION('',(-1.,0.,0.));
#904 = DIRECTION('',(0.,1.,0.));
#905 = ADVANCED_FACE('',(#906),#932,.F.);
#906 = FACE_BOUND('',#907,.T.);
#907 = EDGE_LOOP('',(#908,#919,#925,#926));
#908 = ORIENTED_EDGE('',*,*,#909,.T.);
#909 = EDGE_CURVE('',#910,#912,#914,.T.);
#910 = VERTEX_POINT('',#911);
#911 = CARTESIAN_POINT('',(12.675,-16.5,-17.8));
#912 = VERTEX_POINT('',#913);
#913 = CARTESIAN_POINT('',(6.525,-22.65,-17.8));
#914 = CIRCLE('',#915,6.15);
#915 = AXIS2_PLACEMENT_3D('',#916,#917,#918);
#916 = CARTESIAN_POINT('',(6.525,-16.5,-17.8));
#917 = DIRECTION('',(-0.,0.,-1.));
#918 = DIRECTION('',(-1.010934786651E-15,-1.,0.));
#919 = ORIENTED_EDGE('',*,*,#920,.T.);
#920 = EDGE_CURVE('',#912,#413,#921,.T.);
#921 = LINE('',#922,#923);
#922 = CARTESIAN_POINT('',(6.525,-22.65,-18.8));
#923 = VECTOR('',#924,1.);
#924 = DIRECTION('',(0.,0.,1.));
#925 = ORIENTED_EDGE('',*,*,#410,.F.);
#926 = ORIENTED_EDGE('',*,*,#927,.F.);
#927 = EDGE_CURVE('',#910,#411,#928,.T.);
#928 = LINE('',#929,#930);
#929 = CARTESIAN_POINT('',(12.675,-16.5,-18.8));
#930 = VECTOR('',#931,1.);
#931 = DIRECTION('',(0.,0.,1.));
#932 = CYLINDRICAL_SURFACE('',#933,6.15);
#933 = AXIS2_PLACEMENT_3D('',#934,#935,#936);
#934 = CARTESIAN_POINT('',(6.525,-16.5,-18.8));
#935 = DIRECTION('',(-0.,-0.,-1.));
#936 = DIRECTION('',(-1.010934786651E-15,-1.,0.));
#937 = ADVANCED_FACE('',(#938),#988,.T.);
#938 = FACE_BOUND('',#939,.T.);
#939 = EDGE_LOOP('',(#940,#948,#956,#964,#972,#980,#986,#987));
#940 = ORIENTED_EDGE('',*,*,#941,.F.);
#941 = EDGE_CURVE('',#942,#464,#944,.T.);
#942 = VERTEX_POINT('',#943);
#943 = CARTESIAN_POINT('',(12.675,16.5,-17.8));
#944 = LINE('',#945,#946);
#945 = CARTESIAN_POINT('',(12.675,16.5,-18.8));
#946 = VECTOR('',#947,1.);
#947 = DIRECTION('',(0.,0.,1.));
#948 = ORIENTED_EDGE('',*,*,#949,.T.);
#949 = EDGE_CURVE('',#942,#950,#952,.T.);
#950 = VERTEX_POINT('',#951);
#951 = CARTESIAN_POINT('',(12.675,5.40512454964,-17.8));
#952 = LINE('',#953,#954);
#953 = CARTESIAN_POINT('',(12.675,-8.25,-17.8));
#954 = VECTOR('',#955,1.);
#955 = DIRECTION('',(0.,-1.,0.));
#956 = ORIENTED_EDGE('',*,*,#957,.T.);
#957 = EDGE_CURVE('',#950,#958,#960,.T.);
#958 = VERTEX_POINT('',#959);
#959 = CARTESIAN_POINT('',(12.675,5.40512454964,-17.79));
#960 = LINE('',#961,#962);
#961 = CARTESIAN_POINT('',(12.675,5.40512454964,-25.5));
#962 = VECTOR('',#963,1.);
#963 = DIRECTION('',(0.,0.,1.));
#964 = ORIENTED_EDGE('',*,*,#965,.F.);
#965 = EDGE_CURVE('',#966,#958,#968,.T.);
#966 = VERTEX_POINT('',#967);
#967 = CARTESIAN_POINT('',(12.675,2.59487545036,-17.79));
#968 = LINE('',#969,#970);
#969 = CARTESIAN_POINT('',(12.675,-6.25,-17.79));
#970 = VECTOR('',#971,1.);
#971 = DIRECTION('',(0.,1.,-0.));
#972 = ORIENTED_EDGE('',*,*,#973,.F.);
#973 = EDGE_CURVE('',#974,#966,#976,.T.);
#974 = VERTEX_POINT('',#975);
#975 = CARTESIAN_POINT('',(12.675,2.59487545036,-17.8));
#976 = LINE('',#977,#978);
#977 = CARTESIAN_POINT('',(12.675,2.59487545036,-25.5));
#978 = VECTOR('',#979,1.);
#979 = DIRECTION('',(0.,0.,1.));
#980 = ORIENTED_EDGE('',*,*,#981,.T.);
#981 = EDGE_CURVE('',#974,#910,#982,.T.);
#982 = LINE('',#983,#984);
#983 = CARTESIAN_POINT('',(12.675,-8.25,-17.8));
#984 = VECTOR('',#985,1.);
#985 = DIRECTION('',(0.,-1.,0.));
#986 = ORIENTED_EDGE('',*,*,#927,.T.);
#987 = ORIENTED_EDGE('',*,*,#472,.F.);
#988 = PLANE('',#989);
#989 = AXIS2_PLACEMENT_3D('',#990,#991,#992);
#990 = CARTESIAN_POINT('',(12.675,-16.5,-18.8));
#991 = DIRECTION('',(-1.,0.,0.));
#992 = DIRECTION('',(0.,1.,0.));
#993 = ADVANCED_FACE('',(#994),#1012,.T.);
#994 = FACE_BOUND('',#995,.T.);
#995 = EDGE_LOOP('',(#996,#1004,#1010,#1011));
#996 = ORIENTED_EDGE('',*,*,#997,.T.);
#997 = EDGE_CURVE('',#912,#998,#1000,.T.);
#998 = VERTEX_POINT('',#999);
#999 = CARTESIAN_POINT('',(-6.525,-22.65,-17.8));
#1000 = LINE('',#1001,#1002);
#1001 = CARTESIAN_POINT('',(-3.2625,-22.65,-17.8));
#1002 = VECTOR('',#1003,1.);
#1003 = DIRECTION('',(-1.,0.,0.));
#1004 = ORIENTED_EDGE('',*,*,#1005,.T.);
#1005 = EDGE_CURVE('',#998,#422,#1006,.T.);
#1006 = LINE('',#1007,#1008);
#1007 = CARTESIAN_POINT('',(-6.525,-22.65,-18.8));
#1008 = VECTOR('',#1009,1.);
#1009 = DIRECTION('',(0.,0.,1.));
#1010 = ORIENTED_EDGE('',*,*,#421,.F.);
#1011 = ORIENTED_EDGE('',*,*,#920,.F.);
#1012 = PLANE('',#1013);
#1013 = AXIS2_PLACEMENT_3D('',#1014,#1015,#1016);
#1014 = CARTESIAN_POINT('',(-6.525,-22.65,-18.8));
#1015 = DIRECTION('',(0.,1.,0.));
#1016 = DIRECTION('',(1.,0.,0.));
#1017 = ADVANCED_FACE('',(#1018),#1071,.F.);
#1018 = FACE_BOUND('',#1019,.T.);
#1019 = EDGE_LOOP('',(#1020,#1028,#1037,#1045,#1054,#1062,#1069,#1070));
#1020 = ORIENTED_EDGE('',*,*,#1021,.F.);
#1021 = EDGE_CURVE('',#1022,#456,#1024,.T.);
#1022 = VERTEX_POINT('',#1023);
#1023 = CARTESIAN_POINT('',(6.525,22.65,-17.8));
#1024 = LINE('',#1025,#1026);
#1025 = CARTESIAN_POINT('',(6.525,22.65,-18.8));
#1026 = VECTOR('',#1027,1.);
#1027 = DIRECTION('',(0.,0.,1.));
#1028 = ORIENTED_EDGE('',*,*,#1029,.T.);
#1029 = EDGE_CURVE('',#1022,#1030,#1032,.T.);
#1030 = VERTEX_POINT('',#1031);
#1031 = CARTESIAN_POINT('',(11.713057955187,19.802507328323,-17.8));
#1032 = CIRCLE('',#1033,6.15);
#1033 = AXIS2_PLACEMENT_3D('',#1034,#1035,#1036);
#1034 = CARTESIAN_POINT('',(6.525,16.5,-17.8));
#1035 = DIRECTION('',(0.,-0.,-1.));
#1036 = DIRECTION('',(1.,-1.155354041886E-15,0.));
#1037 = ORIENTED_EDGE('',*,*,#1038,.F.);
#1038 = EDGE_CURVE('',#1039,#1030,#1041,.T.);
#1039 = VERTEX_POINT('',#1040);
#1040 = CARTESIAN_POINT('',(11.713057955187,19.802507328323,-17.79));
#1041 = LINE('',#1042,#1043);
#1042 = CARTESIAN_POINT('',(11.713057955187,19.802507328323,-18.8));
#1043 = VECTOR('',#1044,1.);
#1044 = DIRECTION('',(-0.,-0.,-1.));
#1045 = ORIENTED_EDGE('',*,*,#1046,.T.);
#1046 = EDGE_CURVE('',#1039,#1047,#1049,.T.);
#1047 = VERTEX_POINT('',#1048);
#1048 = CARTESIAN_POINT('',(12.191923120631,18.889243048511,-17.79));
#1049 = CIRCLE('',#1050,6.15);
#1050 = AXIS2_PLACEMENT_3D('',#1051,#1052,#1053);
#1051 = CARTESIAN_POINT('',(6.525,16.5,-17.79));
#1052 = DIRECTION('',(0.,-0.,-1.));
#1053 = DIRECTION('',(1.,-1.155354041886E-15,0.));
#1054 = ORIENTED_EDGE('',*,*,#1055,.T.);
#1055 = EDGE_CURVE('',#1047,#1056,#1058,.T.);
#1056 = VERTEX_POINT('',#1057);
#1057 = CARTESIAN_POINT('',(12.191923120631,18.889243048511,-17.8));
#1058 = LINE('',#1059,#1060);
#1059 = CARTESIAN_POINT('',(12.191923120631,18.889243048511,-18.8));
#1060 = VECTOR('',#1061,1.);
#1061 = DIRECTION('',(-0.,-0.,-1.));
#1062 = ORIENTED_EDGE('',*,*,#1063,.T.);
#1063 = EDGE_CURVE('',#1056,#942,#1064,.T.);
#1064 = CIRCLE('',#1065,6.15);
#1065 = AXIS2_PLACEMENT_3D('',#1066,#1067,#1068);
#1066 = CARTESIAN_POINT('',(6.525,16.5,-17.8));
#1067 = DIRECTION('',(0.,-0.,-1.));
#1068 = DIRECTION('',(1.,-1.155354041886E-15,0.));
#1069 = ORIENTED_EDGE('',*,*,#941,.T.);
#1070 = ORIENTED_EDGE('',*,*,#463,.F.);
#1071 = CYLINDRICAL_SURFACE('',#1072,6.15);
#1072 = AXIS2_PLACEMENT_3D('',#1073,#1074,#1075);
#1073 = CARTESIAN_POINT('',(6.525,16.5,-18.8));
#1074 = DIRECTION('',(-0.,-0.,-1.));
#1075 = DIRECTION('',(1.,-1.155354041886E-15,0.));
#1076 = ADVANCED_FACE('',(#1077),#1096,.F.);
#1077 = FACE_BOUND('',#1078,.T.);
#1078 = EDGE_LOOP('',(#1079,#1088,#1094,#1095));
#1079 = ORIENTED_EDGE('',*,*,#1080,.T.);
#1080 = EDGE_CURVE('',#998,#1081,#1083,.T.);
#1081 = VERTEX_POINT('',#1082);
#1082 = CARTESIAN_POINT('',(-12.675,-16.5,-17.8));
#1083 = CIRCLE('',#1084,6.15);
#1084 = AXIS2_PLACEMENT_3D('',#1085,#1086,#1087);
#1085 = CARTESIAN_POINT('',(-6.525,-16.5,-17.8));
#1086 = DIRECTION('',(-0.,0.,-1.));
#1087 = DIRECTION('',(-1.,1.155354041886E-15,0.));
#1088 = ORIENTED_EDGE('',*,*,#1089,.T.);
#1089 = EDGE_CURVE('',#1081,#430,#1090,.T.);
#1090 = LINE('',#1091,#1092);
#1091 = CARTESIAN_POINT('',(-12.675,-16.5,-18.8));
#1092 = VECTOR('',#1093,1.);
#1093 = DIRECTION('',(0.,0.,1.));
#1094 = ORIENTED_EDGE('',*,*,#429,.F.);
#1095 = ORIENTED_EDGE('',*,*,#1005,.F.);
#1096 = CYLINDRICAL_SURFACE('',#1097,6.15);
#1097 = AXIS2_PLACEMENT_3D('',#1098,#1099,#1100);
#1098 = CARTESIAN_POINT('',(-6.525,-16.5,-18.8));
#1099 = DIRECTION('',(-0.,-0.,-1.));
#1100 = DIRECTION('',(-1.,1.155354041886E-15,0.));
#1101 = ADVANCED_FACE('',(#1102),#1120,.T.);
#1102 = FACE_BOUND('',#1103,.T.);
#1103 = EDGE_LOOP('',(#1104,#1112,#1113,#1114));
#1104 = ORIENTED_EDGE('',*,*,#1105,.T.);
#1105 = EDGE_CURVE('',#1106,#1022,#1108,.T.);
#1106 = VERTEX_POINT('',#1107);
#1107 = CARTESIAN_POINT('',(-6.525,22.65,-17.8));
#1108 = LINE('',#1109,#1110);
#1109 = CARTESIAN_POINT('',(3.2625,22.65,-17.8));
#1110 = VECTOR('',#1111,1.);
#1111 = DIRECTION('',(1.,0.,-0.));
#1112 = ORIENTED_EDGE('',*,*,#1021,.T.);
#1113 = ORIENTED_EDGE('',*,*,#455,.F.);
#1114 = ORIENTED_EDGE('',*,*,#1115,.F.);
#1115 = EDGE_CURVE('',#1106,#447,#1116,.T.);
#1116 = LINE('',#1117,#1118);
#1117 = CARTESIAN_POINT('',(-6.525,22.65,-18.8));
#1118 = VECTOR('',#1119,1.);
#1119 = DIRECTION('',(0.,0.,1.));
#1120 = PLANE('',#1121);
#1121 = AXIS2_PLACEMENT_3D('',#1122,#1123,#1124);
#1122 = CARTESIAN_POINT('',(6.525,22.65,-18.8));
#1123 = DIRECTION('',(0.,-1.,0.));
#1124 = DIRECTION('',(-1.,0.,0.));
#1125 = ADVANCED_FACE('',(#1126),#1240,.T.);
#1126 = FACE_BOUND('',#1127,.T.);
#1127 = EDGE_LOOP('',(#1128,#1129,#1137,#1145,#1153,#1161,#1169,#1177,
    #1185,#1193,#1201,#1209,#1217,#1225,#1233,#1239));
#1128 = ORIENTED_EDGE('',*,*,#1089,.F.);
#1129 = ORIENTED_EDGE('',*,*,#1130,.T.);
#1130 = EDGE_CURVE('',#1081,#1131,#1133,.T.);
#1131 = VERTEX_POINT('',#1132);
#1132 = CARTESIAN_POINT('',(-12.675,2.59487545036,-17.8));
#1133 = LINE('',#1134,#1135);
#1134 = CARTESIAN_POINT('',(-12.675,8.25,-17.8));
#1135 = VECTOR('',#1136,1.);
#1136 = DIRECTION('',(-0.,1.,0.));
#1137 = ORIENTED_EDGE('',*,*,#1138,.T.);
#1138 = EDGE_CURVE('',#1131,#1139,#1141,.T.);
#1139 = VERTEX_POINT('',#1140);
#1140 = CARTESIAN_POINT('',(-12.675,2.59487545036,-17.79));
#1141 = LINE('',#1142,#1143);
#1142 = CARTESIAN_POINT('',(-12.675,2.59487545036,-25.5));
#1143 = VECTOR('',#1144,1.);
#1144 = DIRECTION('',(0.,0.,1.));
#1145 = ORIENTED_EDGE('',*,*,#1146,.F.);
#1146 = EDGE_CURVE('',#1147,#1139,#1149,.T.);
#1147 = VERTEX_POINT('',#1148);
#1148 = CARTESIAN_POINT('',(-12.675,5.40512454964,-17.79));
#1149 = LINE('',#1150,#1151);
#1150 = CARTESIAN_POINT('',(-12.675,10.25,-17.79));
#1151 = VECTOR('',#1152,1.);
#1152 = DIRECTION('',(0.,-1.,0.));
#1153 = ORIENTED_EDGE('',*,*,#1154,.F.);
#1154 = EDGE_CURVE('',#1155,#1147,#1157,.T.);
#1155 = VERTEX_POINT('',#1156);
#1156 = CARTESIAN_POINT('',(-12.675,5.40512454964,-17.8));
#1157 = LINE('',#1158,#1159);
#1158 = CARTESIAN_POINT('',(-12.675,5.40512454964,-25.5));
#1159 = VECTOR('',#1160,1.);
#1160 = DIRECTION('',(0.,0.,1.));
#1161 = ORIENTED_EDGE('',*,*,#1162,.T.);
#1162 = EDGE_CURVE('',#1155,#1163,#1165,.T.);
#1163 = VERTEX_POINT('',#1164);
#1164 = CARTESIAN_POINT('',(-12.675,5.689738013717,-17.8));
#1165 = LINE('',#1166,#1167);
#1166 = CARTESIAN_POINT('',(-12.675,8.25,-17.8));
#1167 = VECTOR('',#1168,1.);
#1168 = DIRECTION('',(-0.,1.,0.));
#1169 = ORIENTED_EDGE('',*,*,#1170,.T.);
#1170 = EDGE_CURVE('',#1163,#1171,#1173,.T.);
#1171 = VERTEX_POINT('',#1172);
#1172 = CARTESIAN_POINT('',(-12.675,5.689738013717,-17.4));
#1173 = LINE('',#1174,#1175);
#1174 = CARTESIAN_POINT('',(-12.675,5.689738013717,-17.4));
#1175 = VECTOR('',#1176,1.);
#1176 = DIRECTION('',(0.,0.,1.));
#1177 = ORIENTED_EDGE('',*,*,#1178,.F.);
#1178 = EDGE_CURVE('',#1179,#1171,#1181,.T.);
#1179 = VERTEX_POINT('',#1180);
#1180 = CARTESIAN_POINT('',(-12.675,8.580572583108,-17.4));
#1181 = LINE('',#1182,#1183);
#1182 = CARTESIAN_POINT('',(-12.675,13.075,-17.4));
#1183 = VECTOR('',#1184,1.);
#1184 = DIRECTION('',(0.,-1.,0.));
#1185 = ORIENTED_EDGE('',*,*,#1186,.F.);
#1186 = EDGE_CURVE('',#1187,#1179,#1189,.T.);
#1187 = VERTEX_POINT('',#1188);
#1188 = CARTESIAN_POINT('',(-12.675,8.580572583108,-17.8));
#1189 = LINE('',#1190,#1191);
#1190 = CARTESIAN_POINT('',(-12.675,8.580572583108,-40.));
#1191 = VECTOR('',#1192,1.);
#1192 = DIRECTION('',(0.,0.,1.));
#1193 = ORIENTED_EDGE('',*,*,#1194,.T.);
#1194 = EDGE_CURVE('',#1187,#1195,#1197,.T.);
#1195 = VERTEX_POINT('',#1196);
#1196 = CARTESIAN_POINT('',(-12.675,10.719427416892,-17.8));
#1197 = LINE('',#1198,#1199);
#1198 = CARTESIAN_POINT('',(-12.675,8.25,-17.8));
#1199 = VECTOR('',#1200,1.);
#1200 = DIRECTION('',(-0.,1.,0.));
#1201 = ORIENTED_EDGE('',*,*,#1202,.T.);
#1202 = EDGE_CURVE('',#1195,#1203,#1205,.T.);
#1203 = VERTEX_POINT('',#1204);
#1204 = CARTESIAN_POINT('',(-12.675,10.719427416892,-17.4));
#1205 = LINE('',#1206,#1207);
#1206 = CARTESIAN_POINT('',(-12.675,10.719427416892,-40.));
#1207 = VECTOR('',#1208,1.);
#1208 = DIRECTION('',(0.,0.,1.));
#1209 = ORIENTED_EDGE('',*,*,#1210,.F.);
#1210 = EDGE_CURVE('',#1211,#1203,#1213,.T.);
#1211 = VERTEX_POINT('',#1212);
#1212 = CARTESIAN_POINT('',(-12.675,13.610261986283,-17.4));
#1213 = LINE('',#1214,#1215);
#1214 = CARTESIAN_POINT('',(-12.675,13.075,-17.4));
#1215 = VECTOR('',#1216,1.);
#1216 = DIRECTION('',(0.,-1.,0.));
#1217 = ORIENTED_EDGE('',*,*,#1218,.F.);
#1218 = EDGE_CURVE('',#1219,#1211,#1221,.T.);
#1219 = VERTEX_POINT('',#1220);
#1220 = CARTESIAN_POINT('',(-12.675,13.610261986283,-17.8));
#1221 = LINE('',#1222,#1223);
#1222 = CARTESIAN_POINT('',(-12.675,13.610261986283,-17.4));
#1223 = VECTOR('',#1224,1.);
#1224 = DIRECTION('',(0.,0.,1.));
#1225 = ORIENTED_EDGE('',*,*,#1226,.T.);
#1226 = EDGE_CURVE('',#1219,#1227,#1229,.T.);
#1227 = VERTEX_POINT('',#1228);
#1228 = CARTESIAN_POINT('',(-12.675,16.5,-17.8));
#1229 = LINE('',#1230,#1231);
#1230 = CARTESIAN_POINT('',(-12.675,8.25,-17.8));
#1231 = VECTOR('',#1232,1.);
#1232 = DIRECTION('',(-0.,1.,0.));
#1233 = ORIENTED_EDGE('',*,*,#1234,.T.);
#1234 = EDGE_CURVE('',#1227,#439,#1235,.T.);
#1235 = LINE('',#1236,#1237);
#1236 = CARTESIAN_POINT('',(-12.675,16.5,-18.8));
#1237 = VECTOR('',#1238,1.);
#1238 = DIRECTION('',(0.,0.,1.));
#1239 = ORIENTED_EDGE('',*,*,#438,.F.);
#1240 = PLANE('',#1241);
#1241 = AXIS2_PLACEMENT_3D('',#1242,#1243,#1244);
#1242 = CARTESIAN_POINT('',(-12.675,16.5,-18.8));
#1243 = DIRECTION('',(1.,0.,-0.));
#1244 = DIRECTION('',(0.,-1.,0.));
#1245 = ADVANCED_FACE('',(#1246),#1292,.F.);
#1246 = FACE_BOUND('',#1247,.T.);
#1247 = EDGE_LOOP('',(#1248,#1249,#1258,#1266,#1275,#1283,#1290,#1291));
#1248 = ORIENTED_EDGE('',*,*,#1234,.F.);
#1249 = ORIENTED_EDGE('',*,*,#1250,.T.);
#1250 = EDGE_CURVE('',#1227,#1251,#1253,.T.);
#1251 = VERTEX_POINT('',#1252);
#1252 = CARTESIAN_POINT('',(-12.19192312063,18.889243048511,-17.8));
#1253 = CIRCLE('',#1254,6.15);
#1254 = AXIS2_PLACEMENT_3D('',#1255,#1256,#1257);
#1255 = CARTESIAN_POINT('',(-6.525,16.5,-17.8));
#1256 = DIRECTION('',(0.,-0.,-1.));
#1257 = DIRECTION('',(1.010934786651E-15,1.,-0.));
#1258 = ORIENTED_EDGE('',*,*,#1259,.F.);
#1259 = EDGE_CURVE('',#1260,#1251,#1262,.T.);
#1260 = VERTEX_POINT('',#1261);
#1261 = CARTESIAN_POINT('',(-12.19192312063,18.889243048511,-17.79));
#1262 = LINE('',#1263,#1264);
#1263 = CARTESIAN_POINT('',(-12.19192312063,18.889243048511,-18.8));
#1264 = VECTOR('',#1265,1.);
#1265 = DIRECTION('',(-0.,-0.,-1.));
#1266 = ORIENTED_EDGE('',*,*,#1267,.T.);
#1267 = EDGE_CURVE('',#1260,#1268,#1270,.T.);
#1268 = VERTEX_POINT('',#1269);
#1269 = CARTESIAN_POINT('',(-11.71305795518,19.802507328323,-17.79));
#1270 = CIRCLE('',#1271,6.15);
#1271 = AXIS2_PLACEMENT_3D('',#1272,#1273,#1274);
#1272 = CARTESIAN_POINT('',(-6.525,16.5,-17.79));
#1273 = DIRECTION('',(0.,-0.,-1.));
#1274 = DIRECTION('',(1.010934786651E-15,1.,-0.));
#1275 = ORIENTED_EDGE('',*,*,#1276,.T.);
#1276 = EDGE_CURVE('',#1268,#1277,#1279,.T.);
#1277 = VERTEX_POINT('',#1278);
#1278 = CARTESIAN_POINT('',(-11.71305795518,19.802507328323,-17.8));
#1279 = LINE('',#1280,#1281);
#1280 = CARTESIAN_POINT('',(-11.71305795518,19.802507328323,-18.8));
#1281 = VECTOR('',#1282,1.);
#1282 = DIRECTION('',(-0.,-0.,-1.));
#1283 = ORIENTED_EDGE('',*,*,#1284,.T.);
#1284 = EDGE_CURVE('',#1277,#1106,#1285,.T.);
#1285 = CIRCLE('',#1286,6.15);
#1286 = AXIS2_PLACEMENT_3D('',#1287,#1288,#1289);
#1287 = CARTESIAN_POINT('',(-6.525,16.5,-17.8));
#1288 = DIRECTION('',(0.,-0.,-1.));
#1289 = DIRECTION('',(1.010934786651E-15,1.,-0.));
#1290 = ORIENTED_EDGE('',*,*,#1115,.T.);
#1291 = ORIENTED_EDGE('',*,*,#446,.F.);
#1292 = CYLINDRICAL_SURFACE('',#1293,6.15);
#1293 = AXIS2_PLACEMENT_3D('',#1294,#1295,#1296);
#1294 = CARTESIAN_POINT('',(-6.525,16.5,-18.8));
#1295 = DIRECTION('',(-0.,-0.,-1.));
#1296 = DIRECTION('',(1.010934786651E-15,1.,-0.));
#1297 = ADVANCED_FACE('',(#1298),#1339,.T.);
#1298 = FACE_BOUND('',#1299,.T.);
#1299 = EDGE_LOOP('',(#1300,#1310,#1316,#1317,#1325,#1333));
#1300 = ORIENTED_EDGE('',*,*,#1301,.T.);
#1301 = EDGE_CURVE('',#1302,#1304,#1306,.T.);
#1302 = VERTEX_POINT('',#1303);
#1303 = CARTESIAN_POINT('',(16.2,-17.5,-13.5));
#1304 = VERTEX_POINT('',#1305);
#1305 = CARTESIAN_POINT('',(16.2,-17.5,-12.5));
#1306 = LINE('',#1307,#1308);
#1307 = CARTESIAN_POINT('',(16.2,-17.5,-13.5));
#1308 = VECTOR('',#1309,1.);
#1309 = DIRECTION('',(0.,0.,1.));
#1310 = ORIENTED_EDGE('',*,*,#1311,.T.);
#1311 = EDGE_CURVE('',#1304,#514,#1312,.T.);
#1312 = LINE('',#1313,#1314);
#1313 = CARTESIAN_POINT('',(-92.46759562247,-17.5,-12.5));
#1314 = VECTOR('',#1315,1.);
#1315 = DIRECTION('',(-1.,0.,0.));
#1316 = ORIENTED_EDGE('',*,*,#513,.T.);
#1317 = ORIENTED_EDGE('',*,*,#1318,.T.);
#1318 = EDGE_CURVE('',#505,#1319,#1321,.T.);
#1319 = VERTEX_POINT('',#1320);
#1320 = CARTESIAN_POINT('',(14.875,-17.5,-15.75));
#1321 = LINE('',#1322,#1323);
#1322 = CARTESIAN_POINT('',(7.525,-17.5,-15.75));
#1323 = VECTOR('',#1324,1.);
#1324 = DIRECTION('',(1.,0.,-0.));
#1325 = ORIENTED_EDGE('',*,*,#1326,.F.);
#1326 = EDGE_CURVE('',#1327,#1319,#1329,.T.);
#1327 = VERTEX_POINT('',#1328);
#1328 = CARTESIAN_POINT('',(14.875,-17.5,-13.5));
#1329 = LINE('',#1330,#1331);
#1330 = CARTESIAN_POINT('',(14.875,-17.5,-16.775));
#1331 = VECTOR('',#1332,1.);
#1332 = DIRECTION('',(0.,0.,-1.));
#1333 = ORIENTED_EDGE('',*,*,#1334,.T.);
#1334 = EDGE_CURVE('',#1327,#1302,#1335,.T.);
#1335 = LINE('',#1336,#1337);
#1336 = CARTESIAN_POINT('',(13.875,-17.5,-13.5));
#1337 = VECTOR('',#1338,1.);
#1338 = DIRECTION('',(1.,0.,-0.));
#1339 = PLANE('',#1340);
#1340 = AXIS2_PLACEMENT_3D('',#1341,#1342,#1343);
#1341 = CARTESIAN_POINT('',(15.064808755058,-17.5,-12.5374464696));
#1342 = DIRECTION('',(-0.,-1.,-0.));
#1343 = DIRECTION('',(0.,0.,-1.));
#1344 = ADVANCED_FACE('',(#1345),#1366,.T.);
#1345 = FACE_BOUND('',#1346,.T.);
#1346 = EDGE_LOOP('',(#1347,#1348,#1349,#1358,#1364,#1365));
#1347 = ORIENTED_EDGE('',*,*,#220,.F.);
#1348 = ORIENTED_EDGE('',*,*,#166,.T.);
#1349 = ORIENTED_EDGE('',*,*,#1350,.F.);
#1350 = EDGE_CURVE('',#1351,#167,#1353,.T.);
#1351 = VERTEX_POINT('',#1352);
#1352 = CARTESIAN_POINT('',(14.875,-19.85,-15.75));
#1353 = CIRCLE('',#1354,5.);
#1354 = AXIS2_PLACEMENT_3D('',#1355,#1356,#1357);
#1355 = CARTESIAN_POINT('',(9.875,-19.85,-15.75));
#1356 = DIRECTION('',(-0.,-0.,-1.));
#1357 = DIRECTION('',(0.,-1.,0.));
#1358 = ORIENTED_EDGE('',*,*,#1359,.T.);
#1359 = EDGE_CURVE('',#1351,#1319,#1360,.T.);
#1360 = LINE('',#1361,#1362);
#1361 = CARTESIAN_POINT('',(14.875,-22.85,-15.75));
#1362 = VECTOR('',#1363,1.);
#1363 = DIRECTION('',(0.,1.,-0.));
#1364 = ORIENTED_EDGE('',*,*,#1318,.F.);
#1365 = ORIENTED_EDGE('',*,*,#504,.T.);
#1366 = PLANE('',#1367);
#1367 = AXIS2_PLACEMENT_3D('',#1368,#1369,#1370);
#1368 = CARTESIAN_POINT('',(7.525,-25.85,-15.75));
#1369 = DIRECTION('',(0.,0.,1.));
#1370 = DIRECTION('',(1.,0.,-0.));
#1371 = ADVANCED_FACE('',(#1372),#1388,.F.);
#1372 = FACE_BOUND('',#1373,.F.);
#1373 = EDGE_LOOP('',(#1374,#1375,#1381,#1382));
#1374 = ORIENTED_EDGE('',*,*,#21,.F.);
#1375 = ORIENTED_EDGE('',*,*,#1376,.F.);
#1376 = EDGE_CURVE('',#198,#22,#1377,.T.);
#1377 = LINE('',#1378,#1379);
#1378 = CARTESIAN_POINT('',(4.5,-25.75,-13.5));
#1379 = VECTOR('',#1380,1.);
#1380 = DIRECTION('',(1.,0.,-0.));
#1381 = ORIENTED_EDGE('',*,*,#205,.T.);
#1382 = ORIENTED_EDGE('',*,*,#1383,.T.);
#1383 = EDGE_CURVE('',#189,#24,#1384,.T.);
#1384 = LINE('',#1385,#1386);
#1385 = CARTESIAN_POINT('',(-97.75,-25.75,-12.5));
#1386 = VECTOR('',#1387,1.);
#1387 = DIRECTION('',(1.,0.,-0.));
#1388 = PLANE('',#1389);
#1389 = AXIS2_PLACEMENT_3D('',#1390,#1391,#1392);
#1390 = CARTESIAN_POINT('',(4.5,-25.75,-13.5));
#1391 = DIRECTION('',(-0.,1.,0.));
#1392 = DIRECTION('',(0.,0.,1.));
#1393 = ADVANCED_FACE('',(#1394),#1400,.T.);
#1394 = FACE_BOUND('',#1395,.T.);
#1395 = EDGE_LOOP('',(#1396,#1397,#1398,#1399));
#1396 = ORIENTED_EDGE('',*,*,#197,.T.);
#1397 = ORIENTED_EDGE('',*,*,#143,.T.);
#1398 = ORIENTED_EDGE('',*,*,#31,.F.);
#1399 = ORIENTED_EDGE('',*,*,#1376,.F.);
#1400 = PLANE('',#1401);
#1401 = AXIS2_PLACEMENT_3D('',#1402,#1403,#1404);
#1402 = CARTESIAN_POINT('',(5.75,-25.3,-13.5));
#1403 = DIRECTION('',(-0.,-0.,-1.));
#1404 = DIRECTION('',(-1.,0.,0.));
#1405 = ADVANCED_FACE('',(#1406),#1750,.T.);
#1406 = FACE_BOUND('',#1407,.T.);
#1407 = EDGE_LOOP('',(#1408,#1417,#1425,#1434,#1443,#1452,#1459,#1460,
    #1461,#1462,#1463,#1464,#1473,#1482,#1491,#1500,#1509,#1516,#1517,
    #1518,#1527,#1536,#1545,#1554,#1563,#1570,#1571,#1572,#1573,#1582,
    #1591,#1600,#1609,#1618,#1625,#1626,#1627,#1636,#1644,#1653,#1661,
    #1670,#1678,#1686,#1694,#1702,#1710,#1718,#1726,#1734,#1742,#1749));
#1408 = ORIENTED_EDGE('',*,*,#1409,.F.);
#1409 = EDGE_CURVE('',#1410,#62,#1412,.T.);
#1410 = VERTEX_POINT('',#1411);
#1411 = CARTESIAN_POINT('',(-14.875,-19.85,-17.8));
#1412 = CIRCLE('',#1413,5.);
#1413 = AXIS2_PLACEMENT_3D('',#1414,#1415,#1416);
#1414 = CARTESIAN_POINT('',(-9.875,-19.85,-17.8));
#1415 = DIRECTION('',(0.,0.,1.));
#1416 = DIRECTION('',(-1.,0.,0.));
#1417 = ORIENTED_EDGE('',*,*,#1418,.F.);
#1418 = EDGE_CURVE('',#1419,#1410,#1421,.T.);
#1419 = VERTEX_POINT('',#1420);
#1420 = CARTESIAN_POINT('',(-14.875,3.305106383871,-17.8));
#1421 = LINE('',#1422,#1423);
#1422 = CARTESIAN_POINT('',(-14.875,19.85,-17.8));
#1423 = VECTOR('',#1424,1.);
#1424 = DIRECTION('',(0.,-1.,0.));
#1425 = ORIENTED_EDGE('',*,*,#1426,.T.);
#1426 = EDGE_CURVE('',#1419,#1427,#1429,.T.);
#1427 = VERTEX_POINT('',#1428);
#1428 = CARTESIAN_POINT('',(-14.61358233626,3.498218196217,-17.8));
#1429 = CIRCLE('',#1430,7.77);
#1430 = AXIS2_PLACEMENT_3D('',#1431,#1432,#1433);
#1431 = CARTESIAN_POINT('',(-19.36,9.65,-17.8));
#1432 = DIRECTION('',(0.,0.,1.));
#1433 = DIRECTION('',(1.,0.,-0.));
#1434 = ORIENTED_EDGE('',*,*,#1435,.T.);
#1435 = EDGE_CURVE('',#1427,#1436,#1438,.T.);
#1436 = VERTEX_POINT('',#1437);
#1437 = CARTESIAN_POINT('',(-13.775,2.61458489975,-17.8));
#1438 = CIRCLE('',#1439,1.5);
#1439 = AXIS2_PLACEMENT_3D('',#1440,#1441,#1442);
#1440 = CARTESIAN_POINT('',(-13.2,4.,-17.8));
#1441 = DIRECTION('',(0.,0.,1.));
#1442 = DIRECTION('',(1.,0.,-0.));
#1443 = ORIENTED_EDGE('',*,*,#1444,.T.);
#1444 = EDGE_CURVE('',#1436,#1445,#1447,.T.);
#1445 = VERTEX_POINT('',#1446);
#1446 = CARTESIAN_POINT('',(-13.675,2.577194672487,-17.8));
#1447 = CIRCLE('',#1448,1.5);
#1448 = AXIS2_PLACEMENT_3D('',#1449,#1450,#1451);
#1449 = CARTESIAN_POINT('',(-13.2,4.,-17.8));
#1450 = DIRECTION('',(0.,0.,1.));
#1451 = DIRECTION('',(1.,0.,-0.));
#1452 = ORIENTED_EDGE('',*,*,#1453,.T.);
#1453 = EDGE_CURVE('',#1445,#1131,#1454,.T.);
#1454 = CIRCLE('',#1455,1.5);
#1455 = AXIS2_PLACEMENT_3D('',#1456,#1457,#1458);
#1456 = CARTESIAN_POINT('',(-13.2,4.,-17.8));
#1457 = DIRECTION('',(0.,0.,1.));
#1458 = DIRECTION('',(1.,0.,-0.));
#1459 = ORIENTED_EDGE('',*,*,#1130,.F.);
#1460 = ORIENTED_EDGE('',*,*,#1080,.F.);
#1461 = ORIENTED_EDGE('',*,*,#997,.F.);
#1462 = ORIENTED_EDGE('',*,*,#909,.F.);
#1463 = ORIENTED_EDGE('',*,*,#981,.F.);
#1464 = ORIENTED_EDGE('',*,*,#1465,.T.);
#1465 = EDGE_CURVE('',#974,#1466,#1468,.T.);
#1466 = VERTEX_POINT('',#1467);
#1467 = CARTESIAN_POINT('',(13.675,2.577194672487,-17.8));
#1468 = CIRCLE('',#1469,1.5);
#1469 = AXIS2_PLACEMENT_3D('',#1470,#1471,#1472);
#1470 = CARTESIAN_POINT('',(13.2,4.,-17.8));
#1471 = DIRECTION('',(0.,0.,1.));
#1472 = DIRECTION('',(1.,0.,-0.));
#1473 = ORIENTED_EDGE('',*,*,#1474,.T.);
#1474 = EDGE_CURVE('',#1466,#1475,#1477,.T.);
#1475 = VERTEX_POINT('',#1476);
#1476 = CARTESIAN_POINT('',(13.775,2.61458489975,-17.8));
#1477 = CIRCLE('',#1478,1.5);
#1478 = AXIS2_PLACEMENT_3D('',#1479,#1480,#1481);
#1479 = CARTESIAN_POINT('',(13.2,4.,-17.8));
#1480 = DIRECTION('',(0.,0.,1.));
#1481 = DIRECTION('',(1.,0.,-0.));
#1482 = ORIENTED_EDGE('',*,*,#1483,.T.);
#1483 = EDGE_CURVE('',#1475,#1484,#1486,.T.);
#1484 = VERTEX_POINT('',#1485);
#1485 = CARTESIAN_POINT('',(14.7,4.,-17.8));
#1486 = CIRCLE('',#1487,1.5);
#1487 = AXIS2_PLACEMENT_3D('',#1488,#1489,#1490);
#1488 = CARTESIAN_POINT('',(13.2,4.,-17.8));
#1489 = DIRECTION('',(0.,0.,1.));
#1490 = DIRECTION('',(1.,0.,-0.));
#1491 = ORIENTED_EDGE('',*,*,#1492,.T.);
#1492 = EDGE_CURVE('',#1484,#1493,#1495,.T.);
#1493 = VERTEX_POINT('',#1494);
#1494 = CARTESIAN_POINT('',(13.775,5.38541510025,-17.8));
#1495 = CIRCLE('',#1496,1.5);
#1496 = AXIS2_PLACEMENT_3D('',#1497,#1498,#1499);
#1497 = CARTESIAN_POINT('',(13.2,4.,-17.8));
#1498 = DIRECTION('',(0.,0.,1.));
#1499 = DIRECTION('',(1.,0.,-0.));
#1500 = ORIENTED_EDGE('',*,*,#1501,.T.);
#1501 = EDGE_CURVE('',#1493,#1502,#1504,.T.);
#1502 = VERTEX_POINT('',#1503);
#1503 = CARTESIAN_POINT('',(13.675,5.422805327513,-17.8));
#1504 = CIRCLE('',#1505,1.5);
#1505 = AXIS2_PLACEMENT_3D('',#1506,#1507,#1508);
#1506 = CARTESIAN_POINT('',(13.2,4.,-17.8));
#1507 = DIRECTION('',(0.,0.,1.));
#1508 = DIRECTION('',(1.,0.,-0.));
#1509 = ORIENTED_EDGE('',*,*,#1510,.T.);
#1510 = EDGE_CURVE('',#1502,#950,#1511,.T.);
#1511 = CIRCLE('',#1512,1.5);
#1512 = AXIS2_PLACEMENT_3D('',#1513,#1514,#1515);
#1513 = CARTESIAN_POINT('',(13.2,4.,-17.8));
#1514 = DIRECTION('',(0.,0.,1.));
#1515 = DIRECTION('',(1.,0.,-0.));
#1516 = ORIENTED_EDGE('',*,*,#949,.F.);
#1517 = ORIENTED_EDGE('',*,*,#1063,.F.);
#1518 = ORIENTED_EDGE('',*,*,#1519,.T.);
#1519 = EDGE_CURVE('',#1056,#1520,#1522,.T.);
#1520 = VERTEX_POINT('',#1521);
#1521 = CARTESIAN_POINT('',(13.386192495435,18.511600740848,-17.8));
#1522 = CIRCLE('',#1523,1.5);
#1523 = AXIS2_PLACEMENT_3D('',#1524,#1525,#1526);
#1524 = CARTESIAN_POINT('',(13.2,20.,-17.8));
#1525 = DIRECTION('',(0.,0.,1.));
#1526 = DIRECTION('',(1.,0.,-0.));
#1527 = ORIENTED_EDGE('',*,*,#1528,.T.);
#1528 = EDGE_CURVE('',#1520,#1529,#1531,.T.);
#1529 = VERTEX_POINT('',#1530);
#1530 = CARTESIAN_POINT('',(13.485738309616,18.52746693809,-17.8));
#1531 = CIRCLE('',#1532,1.5);
#1532 = AXIS2_PLACEMENT_3D('',#1533,#1534,#1535);
#1533 = CARTESIAN_POINT('',(13.2,20.,-17.8));
#1534 = DIRECTION('',(0.,0.,1.));
#1535 = DIRECTION('',(1.,0.,-0.));
#1536 = ORIENTED_EDGE('',*,*,#1537,.T.);
#1537 = EDGE_CURVE('',#1529,#1538,#1540,.T.);
#1538 = VERTEX_POINT('',#1539);
#1539 = CARTESIAN_POINT('',(14.7,20.,-17.8));
#1540 = CIRCLE('',#1541,1.5);
#1541 = AXIS2_PLACEMENT_3D('',#1542,#1543,#1544);
#1542 = CARTESIAN_POINT('',(13.2,20.,-17.8));
#1543 = DIRECTION('',(0.,0.,1.));
#1544 = DIRECTION('',(1.,0.,-0.));
#1545 = ORIENTED_EDGE('',*,*,#1546,.T.);
#1546 = EDGE_CURVE('',#1538,#1547,#1549,.T.);
#1547 = VERTEX_POINT('',#1548);
#1548 = CARTESIAN_POINT('',(12.151280746596,21.072468147564,-17.8));
#1549 = CIRCLE('',#1550,1.5);
#1550 = AXIS2_PLACEMENT_3D('',#1551,#1552,#1553);
#1551 = CARTESIAN_POINT('',(13.2,20.,-17.8));
#1552 = DIRECTION('',(0.,0.,1.));
#1553 = DIRECTION('',(1.,0.,-0.));
#1554 = ORIENTED_EDGE('',*,*,#1555,.T.);
#1555 = EDGE_CURVE('',#1547,#1556,#1558,.T.);
#1556 = VERTEX_POINT('',#1557);
#1557 = CARTESIAN_POINT('',(12.081617965677,20.999610736888,-17.8));
#1558 = CIRCLE('',#1559,1.5);
#1559 = AXIS2_PLACEMENT_3D('',#1560,#1561,#1562);
#1560 = CARTESIAN_POINT('',(13.2,20.,-17.8));
#1561 = DIRECTION('',(0.,0.,1.));
#1562 = DIRECTION('',(1.,0.,-0.));
#1563 = ORIENTED_EDGE('',*,*,#1564,.T.);
#1564 = EDGE_CURVE('',#1556,#1030,#1565,.T.);
#1565 = CIRCLE('',#1566,1.5);
#1566 = AXIS2_PLACEMENT_3D('',#1567,#1568,#1569);
#1567 = CARTESIAN_POINT('',(13.2,20.,-17.8));
#1568 = DIRECTION('',(0.,0.,1.));
#1569 = DIRECTION('',(1.,0.,-0.));
#1570 = ORIENTED_EDGE('',*,*,#1029,.F.);
#1571 = ORIENTED_EDGE('',*,*,#1105,.F.);
#1572 = ORIENTED_EDGE('',*,*,#1284,.F.);
#1573 = ORIENTED_EDGE('',*,*,#1574,.T.);
#1574 = EDGE_CURVE('',#1277,#1575,#1577,.T.);
#1575 = VERTEX_POINT('',#1576);
#1576 = CARTESIAN_POINT('',(-11.7,20.,-17.8));
#1577 = CIRCLE('',#1578,1.5);
#1578 = AXIS2_PLACEMENT_3D('',#1579,#1580,#1581);
#1579 = CARTESIAN_POINT('',(-13.2,20.,-17.8));
#1580 = DIRECTION('',(0.,0.,1.));
#1581 = DIRECTION('',(1.,0.,-0.));
#1582 = ORIENTED_EDGE('',*,*,#1583,.T.);
#1583 = EDGE_CURVE('',#1575,#1584,#1586,.T.);
#1584 = VERTEX_POINT('',#1585);
#1585 = CARTESIAN_POINT('',(-12.08161796567,20.999610736888,-17.8));
#1586 = CIRCLE('',#1587,1.5);
#1587 = AXIS2_PLACEMENT_3D('',#1588,#1589,#1590);
#1588 = CARTESIAN_POINT('',(-13.2,20.,-17.8));
#1589 = DIRECTION('',(0.,0.,1.));
#1590 = DIRECTION('',(1.,0.,-0.));
#1591 = ORIENTED_EDGE('',*,*,#1592,.T.);
#1592 = EDGE_CURVE('',#1584,#1593,#1595,.T.);
#1593 = VERTEX_POINT('',#1594);
#1594 = CARTESIAN_POINT('',(-12.15128074659,21.072468147564,-17.8));
#1595 = CIRCLE('',#1596,1.5);
#1596 = AXIS2_PLACEMENT_3D('',#1597,#1598,#1599);
#1597 = CARTESIAN_POINT('',(-13.2,20.,-17.8));
#1598 = DIRECTION('',(0.,0.,1.));
#1599 = DIRECTION('',(1.,0.,-0.));
#1600 = ORIENTED_EDGE('',*,*,#1601,.T.);
#1601 = EDGE_CURVE('',#1593,#1602,#1604,.T.);
#1602 = VERTEX_POINT('',#1603);
#1603 = CARTESIAN_POINT('',(-13.48573830961,18.52746693809,-17.8));
#1604 = CIRCLE('',#1605,1.5);
#1605 = AXIS2_PLACEMENT_3D('',#1606,#1607,#1608);
#1606 = CARTESIAN_POINT('',(-13.2,20.,-17.8));
#1607 = DIRECTION('',(0.,0.,1.));
#1608 = DIRECTION('',(1.,0.,-0.));
#1609 = ORIENTED_EDGE('',*,*,#1610,.T.);
#1610 = EDGE_CURVE('',#1602,#1611,#1613,.T.);
#1611 = VERTEX_POINT('',#1612);
#1612 = CARTESIAN_POINT('',(-13.38619249543,18.511600740848,-17.8));
#1613 = CIRCLE('',#1614,1.5);
#1614 = AXIS2_PLACEMENT_3D('',#1615,#1616,#1617);
#1615 = CARTESIAN_POINT('',(-13.2,20.,-17.8));
#1616 = DIRECTION('',(0.,0.,1.));
#1617 = DIRECTION('',(1.,0.,-0.));
#1618 = ORIENTED_EDGE('',*,*,#1619,.T.);
#1619 = EDGE_CURVE('',#1611,#1251,#1620,.T.);
#1620 = CIRCLE('',#1621,1.5);
#1621 = AXIS2_PLACEMENT_3D('',#1622,#1623,#1624);
#1622 = CARTESIAN_POINT('',(-13.2,20.,-17.8));
#1623 = DIRECTION('',(0.,0.,1.));
#1624 = DIRECTION('',(1.,0.,-0.));
#1625 = ORIENTED_EDGE('',*,*,#1250,.F.);
#1626 = ORIENTED_EDGE('',*,*,#1226,.F.);
#1627 = ORIENTED_EDGE('',*,*,#1628,.T.);
#1628 = EDGE_CURVE('',#1219,#1629,#1631,.T.);
#1629 = VERTEX_POINT('',#1630);
#1630 = CARTESIAN_POINT('',(-14.875,15.994893616129,-17.8));
#1631 = CIRCLE('',#1632,7.77);
#1632 = AXIS2_PLACEMENT_3D('',#1633,#1634,#1635);
#1633 = CARTESIAN_POINT('',(-19.36,9.65,-17.8));
#1634 = DIRECTION('',(0.,0.,1.));
#1635 = DIRECTION('',(1.,0.,-0.));
#1636 = ORIENTED_EDGE('',*,*,#1637,.F.);
#1637 = EDGE_CURVE('',#1638,#1629,#1640,.T.);
#1638 = VERTEX_POINT('',#1639);
#1639 = CARTESIAN_POINT('',(-14.875,19.85,-17.8));
#1640 = LINE('',#1641,#1642);
#1641 = CARTESIAN_POINT('',(-14.875,19.85,-17.8));
#1642 = VECTOR('',#1643,1.);
#1643 = DIRECTION('',(0.,-1.,0.));
#1644 = ORIENTED_EDGE('',*,*,#1645,.F.);
#1645 = EDGE_CURVE('',#1646,#1638,#1648,.T.);
#1646 = VERTEX_POINT('',#1647);
#1647 = CARTESIAN_POINT('',(-9.875,24.85,-17.8));
#1648 = CIRCLE('',#1649,5.);
#1649 = AXIS2_PLACEMENT_3D('',#1650,#1651,#1652);
#1650 = CARTESIAN_POINT('',(-9.875,19.85,-17.8));
#1651 = DIRECTION('',(0.,-0.,1.));
#1652 = DIRECTION('',(0.,1.,0.));
#1653 = ORIENTED_EDGE('',*,*,#1654,.F.);
#1654 = EDGE_CURVE('',#1655,#1646,#1657,.T.);
#1655 = VERTEX_POINT('',#1656);
#1656 = CARTESIAN_POINT('',(9.875,24.85,-17.8));
#1657 = LINE('',#1658,#1659);
#1658 = CARTESIAN_POINT('',(9.875,24.85,-17.8));
#1659 = VECTOR('',#1660,1.);
#1660 = DIRECTION('',(-1.,0.,0.));
#1661 = ORIENTED_EDGE('',*,*,#1662,.F.);
#1662 = EDGE_CURVE('',#1663,#1655,#1665,.T.);
#1663 = VERTEX_POINT('',#1664);
#1664 = CARTESIAN_POINT('',(14.875,19.85,-17.8));
#1665 = CIRCLE('',#1666,5.);
#1666 = AXIS2_PLACEMENT_3D('',#1667,#1668,#1669);
#1667 = CARTESIAN_POINT('',(9.875,19.85,-17.8));
#1668 = DIRECTION('',(0.,0.,1.));
#1669 = DIRECTION('',(1.,0.,-0.));
#1670 = ORIENTED_EDGE('',*,*,#1671,.F.);
#1671 = EDGE_CURVE('',#1672,#1663,#1674,.T.);
#1672 = VERTEX_POINT('',#1673);
#1673 = CARTESIAN_POINT('',(14.875,16.2,-17.8));
#1674 = LINE('',#1675,#1676);
#1675 = CARTESIAN_POINT('',(14.875,-19.85,-17.8));
#1676 = VECTOR('',#1677,1.);
#1677 = DIRECTION('',(0.,1.,0.));
#1678 = ORIENTED_EDGE('',*,*,#1679,.T.);
#1679 = EDGE_CURVE('',#1672,#1680,#1682,.T.);
#1680 = VERTEX_POINT('',#1681);
#1681 = CARTESIAN_POINT('',(13.875,16.2,-17.8));
#1682 = LINE('',#1683,#1684);
#1683 = CARTESIAN_POINT('',(6.9375,16.2,-17.8));
#1684 = VECTOR('',#1685,1.);
#1685 = DIRECTION('',(-1.,-0.,0.));
#1686 = ORIENTED_EDGE('',*,*,#1687,.F.);
#1687 = EDGE_CURVE('',#1688,#1680,#1690,.T.);
#1688 = VERTEX_POINT('',#1689);
#1689 = CARTESIAN_POINT('',(13.875,15.2,-17.8));
#1690 = LINE('',#1691,#1692);
#1691 = CARTESIAN_POINT('',(13.875,7.6,-17.8));
#1692 = VECTOR('',#1693,1.);
#1693 = DIRECTION('',(-0.,1.,0.));
#1694 = ORIENTED_EDGE('',*,*,#1695,.F.);
#1695 = EDGE_CURVE('',#1696,#1688,#1698,.T.);
#1696 = VERTEX_POINT('',#1697);
#1697 = CARTESIAN_POINT('',(14.875,15.2,-17.8));
#1698 = LINE('',#1699,#1700);
#1699 = CARTESIAN_POINT('',(6.9375,15.2,-17.8));
#1700 = VECTOR('',#1701,1.);
#1701 = DIRECTION('',(-1.,-0.,0.));
#1702 = ORIENTED_EDGE('',*,*,#1703,.F.);
#1703 = EDGE_CURVE('',#1704,#1696,#1706,.T.);
#1704 = VERTEX_POINT('',#1705);
#1705 = CARTESIAN_POINT('',(14.875,-15.2,-17.8));
#1706 = LINE('',#1707,#1708);
#1707 = CARTESIAN_POINT('',(14.875,-19.85,-17.8));
#1708 = VECTOR('',#1709,1.);
#1709 = DIRECTION('',(0.,1.,0.));
#1710 = ORIENTED_EDGE('',*,*,#1711,.T.);
#1711 = EDGE_CURVE('',#1704,#1712,#1714,.T.);
#1712 = VERTEX_POINT('',#1713);
#1713 = CARTESIAN_POINT('',(13.875,-15.2,-17.8));
#1714 = LINE('',#1715,#1716);
#1715 = CARTESIAN_POINT('',(6.9375,-15.2,-17.8));
#1716 = VECTOR('',#1717,1.);
#1717 = DIRECTION('',(-1.,-0.,0.));
#1718 = ORIENTED_EDGE('',*,*,#1719,.F.);
#1719 = EDGE_CURVE('',#1720,#1712,#1722,.T.);
#1720 = VERTEX_POINT('',#1721);
#1721 = CARTESIAN_POINT('',(13.875,-16.2,-17.8));
#1722 = LINE('',#1723,#1724);
#1723 = CARTESIAN_POINT('',(13.875,-8.1,-17.8));
#1724 = VECTOR('',#1725,1.);
#1725 = DIRECTION('',(-0.,1.,0.));
#1726 = ORIENTED_EDGE('',*,*,#1727,.F.);
#1727 = EDGE_CURVE('',#1728,#1720,#1730,.T.);
#1728 = VERTEX_POINT('',#1729);
#1729 = CARTESIAN_POINT('',(14.875,-16.2,-17.8));
#1730 = LINE('',#1731,#1732);
#1731 = CARTESIAN_POINT('',(6.9375,-16.2,-17.8));
#1732 = VECTOR('',#1733,1.);
#1733 = DIRECTION('',(-1.,-0.,0.));
#1734 = ORIENTED_EDGE('',*,*,#1735,.F.);
#1735 = EDGE_CURVE('',#1736,#1728,#1738,.T.);
#1736 = VERTEX_POINT('',#1737);
#1737 = CARTESIAN_POINT('',(14.875,-19.85,-17.8));
#1738 = LINE('',#1739,#1740);
#1739 = CARTESIAN_POINT('',(14.875,-19.85,-17.8));
#1740 = VECTOR('',#1741,1.);
#1741 = DIRECTION('',(0.,1.,0.));
#1742 = ORIENTED_EDGE('',*,*,#1743,.F.);
#1743 = EDGE_CURVE('',#64,#1736,#1744,.T.);
#1744 = CIRCLE('',#1745,5.);
#1745 = AXIS2_PLACEMENT_3D('',#1746,#1747,#1748);
#1746 = CARTESIAN_POINT('',(9.875,-19.85,-17.8));
#1747 = DIRECTION('',(0.,0.,1.));
#1748 = DIRECTION('',(0.,-1.,0.));
#1749 = ORIENTED_EDGE('',*,*,#61,.F.);
#1750 = PLANE('',#1751);
#1751 = AXIS2_PLACEMENT_3D('',#1752,#1753,#1754);
#1752 = CARTESIAN_POINT('',(0.360487256995,0.,-17.8));
#1753 = DIRECTION('',(-0.,-0.,-1.));
#1754 = DIRECTION('',(-1.,0.,0.));
#1755 = ADVANCED_FACE('',(#1756),#1767,.T.);
#1756 = FACE_BOUND('',#1757,.F.);
#1757 = EDGE_LOOP('',(#1758,#1759,#1760,#1761));
#1758 = ORIENTED_EDGE('',*,*,#1743,.F.);
#1759 = ORIENTED_EDGE('',*,*,#174,.T.);
#1760 = ORIENTED_EDGE('',*,*,#1350,.F.);
#1761 = ORIENTED_EDGE('',*,*,#1762,.F.);
#1762 = EDGE_CURVE('',#1736,#1351,#1763,.T.);
#1763 = LINE('',#1764,#1765);
#1764 = CARTESIAN_POINT('',(14.875,-19.85,-17.8));
#1765 = VECTOR('',#1766,1.);
#1766 = DIRECTION('',(0.,0.,1.));
#1767 = CYLINDRICAL_SURFACE('',#1768,5.);
#1768 = AXIS2_PLACEMENT_3D('',#1769,#1770,#1771);
#1769 = CARTESIAN_POINT('',(9.875,-19.85,-17.8));
#1770 = DIRECTION('',(-0.,-0.,-1.));
#1771 = DIRECTION('',(0.,-1.,0.));
#1772 = ADVANCED_FACE('',(#1773),#1784,.F.);
#1773 = FACE_BOUND('',#1774,.T.);
#1774 = EDGE_LOOP('',(#1775,#1776,#1777,#1778));
#1775 = ORIENTED_EDGE('',*,*,#583,.T.);
#1776 = ORIENTED_EDGE('',*,*,#111,.T.);
#1777 = ORIENTED_EDGE('',*,*,#631,.F.);
#1778 = ORIENTED_EDGE('',*,*,#1779,.F.);
#1779 = EDGE_CURVE('',#584,#624,#1780,.T.);
#1780 = LINE('',#1781,#1782);
#1781 = CARTESIAN_POINT('',(-7.2,-25.05,-13.5));
#1782 = VECTOR('',#1783,1.);
#1783 = DIRECTION('',(1.,0.,-0.));
#1784 = PLANE('',#1785);
#1785 = AXIS2_PLACEMENT_3D('',#1786,#1787,#1788);
#1786 = CARTESIAN_POINT('',(-7.2,-26.25,-13.5));
#1787 = DIRECTION('',(0.,0.,1.));
#1788 = DIRECTION('',(1.,0.,-0.));
#1789 = ADVANCED_FACE('',(#1790),#1801,.T.);
#1790 = FACE_BOUND('',#1791,.F.);
#1791 = EDGE_LOOP('',(#1792,#1793,#1799,#1800));
#1792 = ORIENTED_EDGE('',*,*,#1409,.F.);
#1793 = ORIENTED_EDGE('',*,*,#1794,.T.);
#1794 = EDGE_CURVE('',#1410,#661,#1795,.T.);
#1795 = LINE('',#1796,#1797);
#1796 = CARTESIAN_POINT('',(-14.875,-19.85,-17.8));
#1797 = VECTOR('',#1798,1.);
#1798 = DIRECTION('',(0.,0.,1.));
#1799 = ORIENTED_EDGE('',*,*,#668,.F.);
#1800 = ORIENTED_EDGE('',*,*,#71,.F.);
#1801 = CYLINDRICAL_SURFACE('',#1802,5.);
#1802 = AXIS2_PLACEMENT_3D('',#1803,#1804,#1805);
#1803 = CARTESIAN_POINT('',(-9.875,-19.85,-17.8));
#1804 = DIRECTION('',(-0.,-0.,-1.));
#1805 = DIRECTION('',(-1.,0.,0.));
#1806 = ADVANCED_FACE('',(#1807),#1823,.F.);
#1807 = FACE_BOUND('',#1808,.F.);
#1808 = EDGE_LOOP('',(#1809,#1810,#1816,#1817));
#1809 = ORIENTED_EDGE('',*,*,#558,.F.);
#1810 = ORIENTED_EDGE('',*,*,#1811,.T.);
#1811 = EDGE_CURVE('',#559,#606,#1812,.T.);
#1812 = LINE('',#1813,#1814);
#1813 = CARTESIAN_POINT('',(-7.2,-27.45,-15.3));
#1814 = VECTOR('',#1815,1.);
#1815 = DIRECTION('',(1.,0.,-0.));
#1816 = ORIENTED_EDGE('',*,*,#615,.T.);
#1817 = ORIENTED_EDGE('',*,*,#1818,.F.);
#1818 = EDGE_CURVE('',#561,#616,#1819,.T.);
#1819 = LINE('',#1820,#1821);
#1820 = CARTESIAN_POINT('',(-7.2,-25.05,-15.3));
#1821 = VECTOR('',#1822,1.);
#1822 = DIRECTION('',(1.,0.,-0.));
#1823 = PLANE('',#1824);
#1824 = AXIS2_PLACEMENT_3D('',#1825,#1826,#1827);
#1825 = CARTESIAN_POINT('',(-7.2,-27.45,-15.3));
#1826 = DIRECTION('',(0.,0.,1.));
#1827 = DIRECTION('',(1.,0.,-0.));
#1828 = ADVANCED_FACE('',(#1829),#1835,.T.);
#1829 = FACE_BOUND('',#1830,.T.);
#1830 = EDGE_LOOP('',(#1831,#1832,#1833,#1834));
#1831 = ORIENTED_EDGE('',*,*,#623,.F.);
#1832 = ORIENTED_EDGE('',*,*,#1818,.F.);
#1833 = ORIENTED_EDGE('',*,*,#591,.T.);
#1834 = ORIENTED_EDGE('',*,*,#1779,.T.);
#1835 = PLANE('',#1836);
#1836 = AXIS2_PLACEMENT_3D('',#1837,#1838,#1839);
#1837 = CARTESIAN_POINT('',(-7.2,-25.05,-15.3));
#1838 = DIRECTION('',(-0.,1.,0.));
#1839 = DIRECTION('',(0.,0.,1.));
#1840 = ADVANCED_FACE('',(#1841),#1852,.T.);
#1841 = FACE_BOUND('',#1842,.T.);
#1842 = EDGE_LOOP('',(#1843,#1844,#1850,#1851));
#1843 = ORIENTED_EDGE('',*,*,#605,.T.);
#1844 = ORIENTED_EDGE('',*,*,#1845,.T.);
#1845 = EDGE_CURVE('',#608,#569,#1846,.T.);
#1846 = LINE('',#1847,#1848);
#1847 = CARTESIAN_POINT('',(-102.85,-27.45,-12.5));
#1848 = VECTOR('',#1849,1.);
#1849 = DIRECTION('',(-1.,0.,0.));
#1850 = ORIENTED_EDGE('',*,*,#568,.F.);
#1851 = ORIENTED_EDGE('',*,*,#1811,.T.);
#1852 = PLANE('',#1853);
#1853 = AXIS2_PLACEMENT_3D('',#1854,#1855,#1856);
#1854 = CARTESIAN_POINT('',(-5.7,-27.45,-12.15));
#1855 = DIRECTION('',(-0.,-1.,-0.));
#1856 = DIRECTION('',(0.,0.,-1.));
#1857 = ADVANCED_FACE('',(#1858),#1910,.F.);
#1858 = FACE_BOUND('',#1859,.F.);
#1859 = EDGE_LOOP('',(#1860,#1861,#1869,#1877,#1885,#1893,#1901,#1907,
    #1908,#1909));
#1860 = ORIENTED_EDGE('',*,*,#1418,.F.);
#1861 = ORIENTED_EDGE('',*,*,#1862,.T.);
#1862 = EDGE_CURVE('',#1419,#1863,#1865,.T.);
#1863 = VERTEX_POINT('',#1864);
#1864 = CARTESIAN_POINT('',(-14.875,3.305106383871,-13.5));
#1865 = LINE('',#1866,#1867);
#1866 = CARTESIAN_POINT('',(-14.875,3.305106383871,-17.4));
#1867 = VECTOR('',#1868,1.);
#1868 = DIRECTION('',(0.,0.,1.));
#1869 = ORIENTED_EDGE('',*,*,#1870,.T.);
#1870 = EDGE_CURVE('',#1863,#1871,#1873,.T.);
#1871 = VERTEX_POINT('',#1872);
#1872 = CARTESIAN_POINT('',(-14.875,-10.,-13.5));
#1873 = LINE('',#1874,#1875);
#1874 = CARTESIAN_POINT('',(-14.875,4.925,-13.5));
#1875 = VECTOR('',#1876,1.);
#1876 = DIRECTION('',(0.,-1.,0.));
#1877 = ORIENTED_EDGE('',*,*,#1878,.T.);
#1878 = EDGE_CURVE('',#1871,#1879,#1881,.T.);
#1879 = VERTEX_POINT('',#1880);
#1880 = CARTESIAN_POINT('',(-14.875,-10.,-12.5));
#1881 = LINE('',#1882,#1883);
#1882 = CARTESIAN_POINT('',(-14.875,-10.,-15.65));
#1883 = VECTOR('',#1884,1.);
#1884 = DIRECTION('',(0.,0.,1.));
#1885 = ORIENTED_EDGE('',*,*,#1886,.T.);
#1886 = EDGE_CURVE('',#1879,#1887,#1889,.T.);
#1887 = VERTEX_POINT('',#1888);
#1888 = CARTESIAN_POINT('',(-14.875,-16.2,-12.5));
#1889 = LINE('',#1890,#1891);
#1890 = CARTESIAN_POINT('',(-14.875,19.85,-12.5));
#1891 = VECTOR('',#1892,1.);
#1892 = DIRECTION('',(0.,-1.,0.));
#1893 = ORIENTED_EDGE('',*,*,#1894,.F.);
#1894 = EDGE_CURVE('',#1895,#1887,#1897,.T.);
#1895 = VERTEX_POINT('',#1896);
#1896 = CARTESIAN_POINT('',(-14.875,-16.2,-13.5));
#1897 = LINE('',#1898,#1899);
#1898 = CARTESIAN_POINT('',(-14.875,-16.2,-15.65));
#1899 = VECTOR('',#1900,1.);
#1900 = DIRECTION('',(0.,0.,1.));
#1901 = ORIENTED_EDGE('',*,*,#1902,.T.);
#1902 = EDGE_CURVE('',#1895,#697,#1903,.T.);
#1903 = LINE('',#1904,#1905);
#1904 = CARTESIAN_POINT('',(-14.875,1.175,-13.5));
#1905 = VECTOR('',#1906,1.);
#1906 = DIRECTION('',(0.,-1.,0.));
#1907 = ORIENTED_EDGE('',*,*,#704,.F.);
#1908 = ORIENTED_EDGE('',*,*,#660,.T.);
#1909 = ORIENTED_EDGE('',*,*,#1794,.F.);
#1910 = PLANE('',#1911);
#1911 = AXIS2_PLACEMENT_3D('',#1912,#1913,#1914);
#1912 = CARTESIAN_POINT('',(-14.875,19.85,-17.8));
#1913 = DIRECTION('',(1.,0.,-0.));
#1914 = DIRECTION('',(0.,-1.,0.));
#1915 = ADVANCED_FACE('',(#1916),#1941,.T.);
#1916 = FACE_BOUND('',#1917,.T.);
#1917 = EDGE_LOOP('',(#1918,#1926,#1934,#1940));
#1918 = ORIENTED_EDGE('',*,*,#1919,.T.);
#1919 = EDGE_CURVE('',#689,#1920,#1922,.T.);
#1920 = VERTEX_POINT('',#1921);
#1921 = CARTESIAN_POINT('',(-16.2,-16.2,-12.5));
#1922 = LINE('',#1923,#1924);
#1923 = CARTESIAN_POINT('',(-16.2,-108.425,-12.5));
#1924 = VECTOR('',#1925,1.);
#1925 = DIRECTION('',(0.,1.,0.));
#1926 = ORIENTED_EDGE('',*,*,#1927,.F.);
#1927 = EDGE_CURVE('',#1928,#1920,#1930,.T.);
#1928 = VERTEX_POINT('',#1929);
#1929 = CARTESIAN_POINT('',(-16.2,-16.2,-13.5));
#1930 = LINE('',#1931,#1932);
#1931 = CARTESIAN_POINT('',(-16.2,-16.2,-12.51));
#1932 = VECTOR('',#1933,1.);
#1933 = DIRECTION('',(0.,0.,1.));
#1934 = ORIENTED_EDGE('',*,*,#1935,.F.);
#1935 = EDGE_CURVE('',#687,#1928,#1936,.T.);
#1936 = LINE('',#1937,#1938);
#1937 = CARTESIAN_POINT('',(-16.2,-17.5,-13.5));
#1938 = VECTOR('',#1939,1.);
#1939 = DIRECTION('',(-0.,1.,0.));
#1940 = ORIENTED_EDGE('',*,*,#686,.T.);
#1941 = PLANE('',#1942);
#1942 = AXIS2_PLACEMENT_3D('',#1943,#1944,#1945);
#1943 = CARTESIAN_POINT('',(-16.2,-16.85,-11.25));
#1944 = DIRECTION('',(-1.,-0.,-0.));
#1945 = DIRECTION('',(0.,0.,-1.));
#1946 = ADVANCED_FACE('',(#1947),#1958,.F.);
#1947 = FACE_BOUND('',#1948,.F.);
#1948 = EDGE_LOOP('',(#1949,#1955,#1956,#1957));
#1949 = ORIENTED_EDGE('',*,*,#1950,.F.);
#1950 = EDGE_CURVE('',#1928,#1895,#1951,.T.);
#1951 = LINE('',#1952,#1953);
#1952 = CARTESIAN_POINT('',(-16.2,-16.2,-13.5));
#1953 = VECTOR('',#1954,1.);
#1954 = DIRECTION('',(1.,0.,-0.));
#1955 = ORIENTED_EDGE('',*,*,#1935,.F.);
#1956 = ORIENTED_EDGE('',*,*,#696,.T.);
#1957 = ORIENTED_EDGE('',*,*,#1902,.F.);
#1958 = PLANE('',#1959);
#1959 = AXIS2_PLACEMENT_3D('',#1960,#1961,#1962);
#1960 = CARTESIAN_POINT('',(-16.2,-17.5,-13.5));
#1961 = DIRECTION('',(0.,0.,1.));
#1962 = DIRECTION('',(1.,0.,-0.));
#1963 = ADVANCED_FACE('',(#1964),#1975,.T.);
#1964 = FACE_BOUND('',#1965,.T.);
#1965 = EDGE_LOOP('',(#1966,#1972,#1973,#1974));
#1966 = ORIENTED_EDGE('',*,*,#1967,.T.);
#1967 = EDGE_CURVE('',#1920,#1887,#1968,.T.);
#1968 = LINE('',#1969,#1970);
#1969 = CARTESIAN_POINT('',(-107.7407463369,-16.2,-12.5));
#1970 = VECTOR('',#1971,1.);
#1971 = DIRECTION('',(1.,0.,0.));
#1972 = ORIENTED_EDGE('',*,*,#1894,.F.);
#1973 = ORIENTED_EDGE('',*,*,#1950,.F.);
#1974 = ORIENTED_EDGE('',*,*,#1927,.T.);
#1975 = PLANE('',#1976);
#1976 = AXIS2_PLACEMENT_3D('',#1977,#1978,#1979);
#1977 = CARTESIAN_POINT('',(-15.48149267399,-16.2,-11.54747252747));
#1978 = DIRECTION('',(0.,1.,0.));
#1979 = DIRECTION('',(0.,-0.,1.));
#1980 = ADVANCED_FACE('',(#1981),#2022,.T.);
#1981 = FACE_BOUND('',#1982,.T.);
#1982 = EDGE_LOOP('',(#1983,#1991,#1992,#2000,#2008,#2016));
#1983 = ORIENTED_EDGE('',*,*,#1984,.T.);
#1984 = EDGE_CURVE('',#1985,#787,#1987,.T.);
#1985 = VERTEX_POINT('',#1986);
#1986 = CARTESIAN_POINT('',(-16.2,17.5,-12.5));
#1987 = LINE('',#1988,#1989);
#1988 = CARTESIAN_POINT('',(-107.5324043775,17.5,-12.5));
#1989 = VECTOR('',#1990,1.);
#1990 = DIRECTION('',(1.,0.,0.));
#1991 = ORIENTED_EDGE('',*,*,#786,.T.);
#1992 = ORIENTED_EDGE('',*,*,#1993,.F.);
#1993 = EDGE_CURVE('',#1994,#778,#1996,.T.);
#1994 = VERTEX_POINT('',#1995);
#1995 = CARTESIAN_POINT('',(-14.875,17.5,-15.75));
#1996 = LINE('',#1997,#1998);
#1997 = CARTESIAN_POINT('',(-15.875,17.5,-15.75));
#1998 = VECTOR('',#1999,1.);
#1999 = DIRECTION('',(1.,0.,-0.));
#2000 = ORIENTED_EDGE('',*,*,#2001,.T.);
#2001 = EDGE_CURVE('',#1994,#2002,#2004,.T.);
#2002 = VERTEX_POINT('',#2003);
#2003 = CARTESIAN_POINT('',(-14.875,17.5,-13.5));
#2004 = LINE('',#2005,#2006);
#2005 = CARTESIAN_POINT('',(-14.875,17.5,-16.775));
#2006 = VECTOR('',#2007,1.);
#2007 = DIRECTION('',(0.,0.,1.));
#2008 = ORIENTED_EDGE('',*,*,#2009,.F.);
#2009 = EDGE_CURVE('',#2010,#2002,#2012,.T.);
#2010 = VERTEX_POINT('',#2011);
#2011 = CARTESIAN_POINT('',(-16.2,17.5,-13.5));
#2012 = LINE('',#2013,#2014);
#2013 = CARTESIAN_POINT('',(-16.2,17.5,-13.5));
#2014 = VECTOR('',#2015,1.);
#2015 = DIRECTION('',(1.,0.,-0.));
#2016 = ORIENTED_EDGE('',*,*,#2017,.T.);
#2017 = EDGE_CURVE('',#2010,#1985,#2018,.T.);
#2018 = LINE('',#2019,#2020);
#2019 = CARTESIAN_POINT('',(-16.2,17.5,-12.51));
#2020 = VECTOR('',#2021,1.);
#2021 = DIRECTION('',(0.,0.,1.));
#2022 = PLANE('',#2023);
#2023 = AXIS2_PLACEMENT_3D('',#2024,#2025,#2026);
#2024 = CARTESIAN_POINT('',(-15.06480875505,17.5,-12.5374464696));
#2025 = DIRECTION('',(0.,1.,0.));
#2026 = DIRECTION('',(0.,-0.,1.));
#2027 = ADVANCED_FACE('',(#2028),#2076,.F.);
#2028 = FACE_BOUND('',#2029,.F.);
#2029 = EDGE_LOOP('',(#2030,#2031,#2039,#2045,#2046,#2054,#2062,#2070));
#2030 = ORIENTED_EDGE('',*,*,#1637,.F.);
#2031 = ORIENTED_EDGE('',*,*,#2032,.T.);
#2032 = EDGE_CURVE('',#1638,#2033,#2035,.T.);
#2033 = VERTEX_POINT('',#2034);
#2034 = CARTESIAN_POINT('',(-14.875,19.85,-15.75));
#2035 = LINE('',#2036,#2037);
#2036 = CARTESIAN_POINT('',(-14.875,19.85,-17.8));
#2037 = VECTOR('',#2038,1.);
#2038 = DIRECTION('',(0.,0.,1.));
#2039 = ORIENTED_EDGE('',*,*,#2040,.T.);
#2040 = EDGE_CURVE('',#2033,#1994,#2041,.T.);
#2041 = LINE('',#2042,#2043);
#2042 = CARTESIAN_POINT('',(-14.875,18.675,-15.75));
#2043 = VECTOR('',#2044,1.);
#2044 = DIRECTION('',(0.,-1.,0.));
#2045 = ORIENTED_EDGE('',*,*,#2001,.T.);
#2046 = ORIENTED_EDGE('',*,*,#2047,.T.);
#2047 = EDGE_CURVE('',#2002,#2048,#2050,.T.);
#2048 = VERTEX_POINT('',#2049);
#2049 = CARTESIAN_POINT('',(-14.875,16.2,-13.5));
#2050 = LINE('',#2051,#2052);
#2051 = CARTESIAN_POINT('',(-14.875,18.025,-13.5));
#2052 = VECTOR('',#2053,1.);
#2053 = DIRECTION('',(0.,-1.,0.));
#2054 = ORIENTED_EDGE('',*,*,#2055,.T.);
#2055 = EDGE_CURVE('',#2048,#2056,#2058,.T.);
#2056 = VERTEX_POINT('',#2057);
#2057 = CARTESIAN_POINT('',(-14.875,16.2,-12.5));
#2058 = LINE('',#2059,#2060);
#2059 = CARTESIAN_POINT('',(-14.875,16.2,-15.65));
#2060 = VECTOR('',#2061,1.);
#2061 = DIRECTION('',(0.,0.,1.));
#2062 = ORIENTED_EDGE('',*,*,#2063,.T.);
#2063 = EDGE_CURVE('',#2056,#2064,#2066,.T.);
#2064 = VERTEX_POINT('',#2065);
#2065 = CARTESIAN_POINT('',(-14.875,15.994893616129,-12.5));
#2066 = LINE('',#2067,#2068);
#2067 = CARTESIAN_POINT('',(-14.875,19.85,-12.5));
#2068 = VECTOR('',#2069,1.);
#2069 = DIRECTION('',(0.,-1.,0.));
#2070 = ORIENTED_EDGE('',*,*,#2071,.F.);
#2071 = EDGE_CURVE('',#1629,#2064,#2072,.T.);
#2072 = LINE('',#2073,#2074);
#2073 = CARTESIAN_POINT('',(-14.875,15.994893616129,-17.4));
#2074 = VECTOR('',#2075,1.);
#2075 = DIRECTION('',(0.,0.,1.));
#2076 = PLANE('',#2077);
#2077 = AXIS2_PLACEMENT_3D('',#2078,#2079,#2080);
#2078 = CARTESIAN_POINT('',(-14.875,19.85,-17.8));
#2079 = DIRECTION('',(1.,0.,-0.));
#2080 = DIRECTION('',(0.,-1.,0.));
#2081 = ADVANCED_FACE('',(#2082),#2107,.T.);
#2082 = FACE_BOUND('',#2083,.T.);
#2083 = EDGE_LOOP('',(#2084,#2092,#2100,#2106));
#2084 = ORIENTED_EDGE('',*,*,#2085,.T.);
#2085 = EDGE_CURVE('',#2056,#2086,#2088,.T.);
#2086 = VERTEX_POINT('',#2087);
#2087 = CARTESIAN_POINT('',(-15.18023924129,16.2,-12.5));
#2088 = LINE('',#2089,#2090);
#2089 = CARTESIAN_POINT('',(-7.740746336996,16.2,-12.5));
#2090 = VECTOR('',#2091,1.);
#2091 = DIRECTION('',(-1.,0.,0.));
#2092 = ORIENTED_EDGE('',*,*,#2093,.F.);
#2093 = EDGE_CURVE('',#2094,#2086,#2096,.T.);
#2094 = VERTEX_POINT('',#2095);
#2095 = CARTESIAN_POINT('',(-15.18023924129,16.2,-13.5));
#2096 = LINE('',#2097,#2098);
#2097 = CARTESIAN_POINT('',(-15.18023924129,16.2,-17.4));
#2098 = VECTOR('',#2099,1.);
#2099 = DIRECTION('',(0.,0.,1.));
#2100 = ORIENTED_EDGE('',*,*,#2101,.T.);
#2101 = EDGE_CURVE('',#2094,#2048,#2102,.T.);
#2102 = LINE('',#2103,#2104);
#2103 = CARTESIAN_POINT('',(-16.2,16.2,-13.5));
#2104 = VECTOR('',#2105,1.);
#2105 = DIRECTION('',(1.,0.,-0.));
#2106 = ORIENTED_EDGE('',*,*,#2055,.T.);
#2107 = PLANE('',#2108);
#2108 = AXIS2_PLACEMENT_3D('',#2109,#2110,#2111);
#2109 = CARTESIAN_POINT('',(-15.48149267399,16.2,-11.54747252747));
#2110 = DIRECTION('',(-0.,-1.,-0.));
#2111 = DIRECTION('',(0.,0.,-1.));
#2112 = ADVANCED_FACE('',(#2113),#2210,.T.);
#2113 = FACE_BOUND('',#2114,.T.);
#2114 = EDGE_LOOP('',(#2115,#2116,#2125,#2133,#2142,#2151,#2159,#2168,
    #2176,#2183,#2184,#2191,#2192,#2193,#2194,#2203));
#2115 = ORIENTED_EDGE('',*,*,#1170,.F.);
#2116 = ORIENTED_EDGE('',*,*,#2117,.F.);
#2117 = EDGE_CURVE('',#2118,#1163,#2120,.T.);
#2118 = VERTEX_POINT('',#2119);
#2119 = CARTESIAN_POINT('',(-12.82194649592,5.451576917719,-17.8));
#2120 = CIRCLE('',#2121,7.77);
#2121 = AXIS2_PLACEMENT_3D('',#2122,#2123,#2124);
#2122 = CARTESIAN_POINT('',(-19.36,9.65,-17.8));
#2123 = DIRECTION('',(0.,0.,1.));
#2124 = DIRECTION('',(1.,0.,-0.));
#2125 = ORIENTED_EDGE('',*,*,#2126,.F.);
#2126 = EDGE_CURVE('',#2127,#2118,#2129,.T.);
#2127 = VERTEX_POINT('',#2128);
#2128 = CARTESIAN_POINT('',(-12.82194649592,5.451576917719,-21.33));
#2129 = LINE('',#2130,#2131);
#2130 = CARTESIAN_POINT('',(-12.82194649592,5.451576917719,-25.5));
#2131 = VECTOR('',#2132,1.);
#2132 = DIRECTION('',(0.,0.,1.));
#2133 = ORIENTED_EDGE('',*,*,#2134,.T.);
#2134 = EDGE_CURVE('',#2127,#2135,#2137,.T.);
#2135 = VERTEX_POINT('',#2136);
#2136 = CARTESIAN_POINT('',(-11.59,9.65,-21.33));
#2137 = CIRCLE('',#2138,7.77);
#2138 = AXIS2_PLACEMENT_3D('',#2139,#2140,#2141);
#2139 = CARTESIAN_POINT('',(-19.36,9.65,-21.33));
#2140 = DIRECTION('',(0.,0.,1.));
#2141 = DIRECTION('',(1.,0.,-0.));
#2142 = ORIENTED_EDGE('',*,*,#2143,.T.);
#2143 = EDGE_CURVE('',#2135,#2144,#2146,.T.);
#2144 = VERTEX_POINT('',#2145);
#2145 = CARTESIAN_POINT('',(-22.97044848607,16.530229773007,-21.33));
#2146 = CIRCLE('',#2147,7.77);
#2147 = AXIS2_PLACEMENT_3D('',#2148,#2149,#2150);
#2148 = CARTESIAN_POINT('',(-19.36,9.65,-21.33));
#2149 = DIRECTION('',(0.,0.,1.));
#2150 = DIRECTION('',(1.,0.,-0.));
#2151 = ORIENTED_EDGE('',*,*,#2152,.T.);
#2152 = EDGE_CURVE('',#2144,#2153,#2155,.T.);
#2153 = VERTEX_POINT('',#2154);
#2154 = CARTESIAN_POINT('',(-22.97044848607,16.530229773007,-12.5));
#2155 = LINE('',#2156,#2157);
#2156 = CARTESIAN_POINT('',(-22.97044848607,16.530229773007,-17.4));
#2157 = VECTOR('',#2158,1.);
#2158 = DIRECTION('',(0.,0.,1.));
#2159 = ORIENTED_EDGE('',*,*,#2160,.F.);
#2160 = EDGE_CURVE('',#2161,#2153,#2163,.T.);
#2161 = VERTEX_POINT('',#2162);
#2162 = CARTESIAN_POINT('',(-16.2,16.748401228446,-12.5));
#2163 = CIRCLE('',#2164,7.77);
#2164 = AXIS2_PLACEMENT_3D('',#2165,#2166,#2167);
#2165 = CARTESIAN_POINT('',(-19.36,9.65,-12.5));
#2166 = DIRECTION('',(0.,0.,1.));
#2167 = DIRECTION('',(1.,0.,-0.));
#2168 = ORIENTED_EDGE('',*,*,#2169,.F.);
#2169 = EDGE_CURVE('',#2170,#2161,#2172,.T.);
#2170 = VERTEX_POINT('',#2171);
#2171 = CARTESIAN_POINT('',(-16.2,16.748401228446,-13.5));
#2172 = LINE('',#2173,#2174);
#2173 = CARTESIAN_POINT('',(-16.2,16.748401228446,-17.4));
#2174 = VECTOR('',#2175,1.);
#2175 = DIRECTION('',(0.,0.,1.));
#2176 = ORIENTED_EDGE('',*,*,#2177,.F.);
#2177 = EDGE_CURVE('',#2094,#2170,#2178,.T.);
#2178 = CIRCLE('',#2179,7.77);
#2179 = AXIS2_PLACEMENT_3D('',#2180,#2181,#2182);
#2180 = CARTESIAN_POINT('',(-19.36,9.65,-13.5));
#2181 = DIRECTION('',(0.,0.,1.));
#2182 = DIRECTION('',(1.,0.,-0.));
#2183 = ORIENTED_EDGE('',*,*,#2093,.T.);
#2184 = ORIENTED_EDGE('',*,*,#2185,.F.);
#2185 = EDGE_CURVE('',#2064,#2086,#2186,.T.);
#2186 = CIRCLE('',#2187,7.77);
#2187 = AXIS2_PLACEMENT_3D('',#2188,#2189,#2190);
#2188 = CARTESIAN_POINT('',(-19.36,9.65,-12.5));
#2189 = DIRECTION('',(0.,0.,1.));
#2190 = DIRECTION('',(1.,0.,-0.));
#2191 = ORIENTED_EDGE('',*,*,#2071,.F.);
#2192 = ORIENTED_EDGE('',*,*,#1628,.F.);
#2193 = ORIENTED_EDGE('',*,*,#1218,.T.);
#2194 = ORIENTED_EDGE('',*,*,#2195,.F.);
#2195 = EDGE_CURVE('',#2196,#1211,#2198,.T.);
#2196 = VERTEX_POINT('',#2197);
#2197 = CARTESIAN_POINT('',(-11.59,9.65,-17.4));
#2198 = CIRCLE('',#2199,7.77);
#2199 = AXIS2_PLACEMENT_3D('',#2200,#2201,#2202);
#2200 = CARTESIAN_POINT('',(-19.36,9.65,-17.4));
#2201 = DIRECTION('',(0.,0.,1.));
#2202 = DIRECTION('',(1.,0.,-0.));
#2203 = ORIENTED_EDGE('',*,*,#2204,.F.);
#2204 = EDGE_CURVE('',#1171,#2196,#2205,.T.);
#2205 = CIRCLE('',#2206,7.77);
#2206 = AXIS2_PLACEMENT_3D('',#2207,#2208,#2209);
#2207 = CARTESIAN_POINT('',(-19.36,9.65,-17.4));
#2208 = DIRECTION('',(0.,0.,1.));
#2209 = DIRECTION('',(1.,0.,-0.));
#2210 = CYLINDRICAL_SURFACE('',#2211,7.77);
#2211 = AXIS2_PLACEMENT_3D('',#2212,#2213,#2214);
#2212 = CARTESIAN_POINT('',(-19.36,9.65,-17.4));
#2213 = DIRECTION('',(0.,0.,1.));
#2214 = DIRECTION('',(1.,0.,-0.));
#2215 = ADVANCED_FACE('',(#2216),#2277,.T.);
#2216 = FACE_BOUND('',#2217,.T.);
#2217 = EDGE_LOOP('',(#2218,#2227,#2228,#2237,#2245,#2254,#2262,#2271));
#2218 = ORIENTED_EDGE('',*,*,#2219,.F.);
#2219 = EDGE_CURVE('',#2153,#2220,#2222,.T.);
#2220 = VERTEX_POINT('',#2221);
#2221 = CARTESIAN_POINT('',(-27.0273535711,8.391195322643,-12.5));
#2222 = CIRCLE('',#2223,28.3);
#2223 = AXIS2_PLACEMENT_3D('',#2224,#2225,#2226);
#2224 = CARTESIAN_POINT('',(0.,0.,-12.5));
#2225 = DIRECTION('',(0.,0.,1.));
#2226 = DIRECTION('',(1.,0.,-0.));
#2227 = ORIENTED_EDGE('',*,*,#2152,.F.);
#2228 = ORIENTED_EDGE('',*,*,#2229,.T.);
#2229 = EDGE_CURVE('',#2144,#2230,#2232,.T.);
#2230 = VERTEX_POINT('',#2231);
#2231 = CARTESIAN_POINT('',(-24.70323410487,13.807252614467,-21.33));
#2232 = CIRCLE('',#2233,28.3);
#2233 = AXIS2_PLACEMENT_3D('',#2234,#2235,#2236);
#2234 = CARTESIAN_POINT('',(0.,0.,-21.33));
#2235 = DIRECTION('',(0.,0.,1.));
#2236 = DIRECTION('',(1.,0.,-0.));
#2237 = ORIENTED_EDGE('',*,*,#2238,.T.);
#2238 = EDGE_CURVE('',#2230,#2239,#2241,.T.);
#2239 = VERTEX_POINT('',#2240);
#2240 = CARTESIAN_POINT('',(-24.70323410487,13.807252614467,-17.4));
#2241 = LINE('',#2242,#2243);
#2242 = CARTESIAN_POINT('',(-24.70323410487,13.807252614467,-40.));
#2243 = VECTOR('',#2244,1.);
#2244 = DIRECTION('',(0.,0.,1.));
#2245 = ORIENTED_EDGE('',*,*,#2246,.T.);
#2246 = EDGE_CURVE('',#2239,#2247,#2249,.T.);
#2247 = VERTEX_POINT('',#2248);
#2248 = CARTESIAN_POINT('',(-25.8961389922,11.414025814604,-17.4));
#2249 = CIRCLE('',#2250,28.3);
#2250 = AXIS2_PLACEMENT_3D('',#2251,#2252,#2253);
#2251 = CARTESIAN_POINT('',(0.,0.,-17.4));
#2252 = DIRECTION('',(0.,0.,1.));
#2253 = DIRECTION('',(1.,0.,-0.));
#2254 = ORIENTED_EDGE('',*,*,#2255,.F.);
#2255 = EDGE_CURVE('',#2256,#2247,#2258,.T.);
#2256 = VERTEX_POINT('',#2257);
#2257 = CARTESIAN_POINT('',(-25.8961389922,11.414025814604,-21.33));
#2258 = LINE('',#2259,#2260);
#2259 = CARTESIAN_POINT('',(-25.8961389922,11.414025814604,-40.));
#2260 = VECTOR('',#2261,1.);
#2261 = DIRECTION('',(0.,0.,1.));
#2262 = ORIENTED_EDGE('',*,*,#2263,.T.);
#2263 = EDGE_CURVE('',#2256,#2264,#2266,.T.);
#2264 = VERTEX_POINT('',#2265);
#2265 = CARTESIAN_POINT('',(-27.0273535711,8.391195322643,-21.33));
#2266 = CIRCLE('',#2267,28.3);
#2267 = AXIS2_PLACEMENT_3D('',#2268,#2269,#2270);
#2268 = CARTESIAN_POINT('',(0.,0.,-21.33));
#2269 = DIRECTION('',(0.,0.,1.));
#2270 = DIRECTION('',(1.,0.,-0.));
#2271 = ORIENTED_EDGE('',*,*,#2272,.T.);
#2272 = EDGE_CURVE('',#2264,#2220,#2273,.T.);
#2273 = LINE('',#2274,#2275);
#2274 = CARTESIAN_POINT('',(-27.0273535711,8.391195322643,-17.4));
#2275 = VECTOR('',#2276,1.);
#2276 = DIRECTION('',(0.,0.,1.));
#2277 = CYLINDRICAL_SURFACE('',#2278,28.3);
#2278 = AXIS2_PLACEMENT_3D('',#2279,#2280,#2281);
#2279 = CARTESIAN_POINT('',(0.,0.,-60.));
#2280 = DIRECTION('',(0.,0.,1.));
#2281 = DIRECTION('',(1.,0.,-0.));
#2282 = ADVANCED_FACE('',(#2283),#2327,.T.);
#2283 = FACE_BOUND('',#2284,.T.);
#2284 = EDGE_LOOP('',(#2285,#2295,#2302,#2303,#2312,#2318,#2319,#2320));
#2285 = ORIENTED_EDGE('',*,*,#2286,.T.);
#2286 = EDGE_CURVE('',#2287,#2289,#2291,.T.);
#2287 = VERTEX_POINT('',#2288);
#2288 = CARTESIAN_POINT('',(-16.2,2.551598771554,-13.5));
#2289 = VERTEX_POINT('',#2290);
#2290 = CARTESIAN_POINT('',(-16.2,2.551598771554,-12.5));
#2291 = LINE('',#2292,#2293);
#2292 = CARTESIAN_POINT('',(-16.2,2.551598771554,-17.4));
#2293 = VECTOR('',#2294,1.);
#2294 = DIRECTION('',(0.,0.,1.));
#2295 = ORIENTED_EDGE('',*,*,#2296,.F.);
#2296 = EDGE_CURVE('',#2220,#2289,#2297,.T.);
#2297 = CIRCLE('',#2298,7.77);
#2298 = AXIS2_PLACEMENT_3D('',#2299,#2300,#2301);
#2299 = CARTESIAN_POINT('',(-19.36,9.65,-12.5));
#2300 = DIRECTION('',(0.,0.,1.));
#2301 = DIRECTION('',(1.,0.,-0.));
#2302 = ORIENTED_EDGE('',*,*,#2272,.F.);
#2303 = ORIENTED_EDGE('',*,*,#2304,.T.);
#2304 = EDGE_CURVE('',#2264,#2305,#2307,.T.);
#2305 = VERTEX_POINT('',#2306);
#2306 = CARTESIAN_POINT('',(-14.61358233626,3.498218196217,-21.33));
#2307 = CIRCLE('',#2308,7.77);
#2308 = AXIS2_PLACEMENT_3D('',#2309,#2310,#2311);
#2309 = CARTESIAN_POINT('',(-19.36,9.65,-21.33));
#2310 = DIRECTION('',(0.,0.,1.));
#2311 = DIRECTION('',(1.,0.,-0.));
#2312 = ORIENTED_EDGE('',*,*,#2313,.T.);
#2313 = EDGE_CURVE('',#2305,#1427,#2314,.T.);
#2314 = LINE('',#2315,#2316);
#2315 = CARTESIAN_POINT('',(-14.61358233626,3.498218196217,-25.5));
#2316 = VECTOR('',#2317,1.);
#2317 = DIRECTION('',(0.,0.,1.));
#2318 = ORIENTED_EDGE('',*,*,#1426,.F.);
#2319 = ORIENTED_EDGE('',*,*,#1862,.T.);
#2320 = ORIENTED_EDGE('',*,*,#2321,.F.);
#2321 = EDGE_CURVE('',#2287,#1863,#2322,.T.);
#2322 = CIRCLE('',#2323,7.77);
#2323 = AXIS2_PLACEMENT_3D('',#2324,#2325,#2326);
#2324 = CARTESIAN_POINT('',(-19.36,9.65,-13.5));
#2325 = DIRECTION('',(0.,0.,1.));
#2326 = DIRECTION('',(1.,0.,-0.));
#2327 = CYLINDRICAL_SURFACE('',#2328,7.77);
#2328 = AXIS2_PLACEMENT_3D('',#2329,#2330,#2331);
#2329 = CARTESIAN_POINT('',(-19.36,9.65,-17.4));
#2330 = DIRECTION('',(0.,0.,1.));
#2331 = DIRECTION('',(1.,0.,-0.));
#2332 = ADVANCED_FACE('',(#2333),#2358,.T.);
#2333 = FACE_BOUND('',#2334,.T.);
#2334 = EDGE_LOOP('',(#2335,#2343,#2351,#2357));
#2335 = ORIENTED_EDGE('',*,*,#2336,.T.);
#2336 = EDGE_CURVE('',#1879,#2337,#2339,.T.);
#2337 = VERTEX_POINT('',#2338);
#2338 = CARTESIAN_POINT('',(-16.2,-10.,-12.5));
#2339 = LINE('',#2340,#2341);
#2340 = CARTESIAN_POINT('',(-7.696002747253,-10.,-12.5));
#2341 = VECTOR('',#2342,1.);
#2342 = DIRECTION('',(-1.,0.,0.));
#2343 = ORIENTED_EDGE('',*,*,#2344,.F.);
#2344 = EDGE_CURVE('',#2345,#2337,#2347,.T.);
#2345 = VERTEX_POINT('',#2346);
#2346 = CARTESIAN_POINT('',(-16.2,-10.,-13.5));
#2347 = LINE('',#2348,#2349);
#2348 = CARTESIAN_POINT('',(-16.2,-10.,-12.51));
#2349 = VECTOR('',#2350,1.);
#2350 = DIRECTION('',(0.,0.,1.));
#2351 = ORIENTED_EDGE('',*,*,#2352,.T.);
#2352 = EDGE_CURVE('',#2345,#1871,#2353,.T.);
#2353 = LINE('',#2354,#2355);
#2354 = CARTESIAN_POINT('',(-16.2,-10.,-13.5));
#2355 = VECTOR('',#2356,1.);
#2356 = DIRECTION('',(1.,0.,-0.));
#2357 = ORIENTED_EDGE('',*,*,#1878,.T.);
#2358 = PLANE('',#2359);
#2359 = AXIS2_PLACEMENT_3D('',#2360,#2361,#2362);
#2360 = CARTESIAN_POINT('',(-15.3920054945,-10.,-11.45798534798));
#2361 = DIRECTION('',(-0.,-1.,-0.));
#2362 = DIRECTION('',(0.,0.,-1.));
#2363 = ADVANCED_FACE('',(#2364),#2392,.T.);
#2364 = FACE_BOUND('',#2365,.T.);
#2365 = EDGE_LOOP('',(#2366,#2367,#2368,#2369,#2377,#2385));
#2366 = ORIENTED_EDGE('',*,*,#2040,.T.);
#2367 = ORIENTED_EDGE('',*,*,#1993,.T.);
#2368 = ORIENTED_EDGE('',*,*,#777,.T.);
#2369 = ORIENTED_EDGE('',*,*,#2370,.T.);
#2370 = EDGE_CURVE('',#770,#2371,#2373,.T.);
#2371 = VERTEX_POINT('',#2372);
#2372 = CARTESIAN_POINT('',(-7.525,24.85,-15.75));
#2373 = LINE('',#2374,#2375);
#2374 = CARTESIAN_POINT('',(-7.525,17.5,-15.75));
#2375 = VECTOR('',#2376,1.);
#2376 = DIRECTION('',(-0.,1.,0.));
#2377 = ORIENTED_EDGE('',*,*,#2378,.T.);
#2378 = EDGE_CURVE('',#2371,#2379,#2381,.T.);
#2379 = VERTEX_POINT('',#2380);
#2380 = CARTESIAN_POINT('',(-9.875,24.85,-15.75));
#2381 = LINE('',#2382,#2383);
#2382 = CARTESIAN_POINT('',(-3.,24.85,-15.75));
#2383 = VECTOR('',#2384,1.);
#2384 = DIRECTION('',(-1.,0.,0.));
#2385 = ORIENTED_EDGE('',*,*,#2386,.F.);
#2386 = EDGE_CURVE('',#2033,#2379,#2387,.T.);
#2387 = CIRCLE('',#2388,5.);
#2388 = AXIS2_PLACEMENT_3D('',#2389,#2390,#2391);
#2389 = CARTESIAN_POINT('',(-9.875,19.85,-15.75));
#2390 = DIRECTION('',(-0.,0.,-1.));
#2391 = DIRECTION('',(0.,1.,0.));
#2392 = PLANE('',#2393);
#2393 = AXIS2_PLACEMENT_3D('',#2394,#2395,#2396);
#2394 = CARTESIAN_POINT('',(-15.875,17.5,-15.75));
#2395 = DIRECTION('',(0.,0.,1.));
#2396 = DIRECTION('',(1.,0.,-0.));
#2397 = ADVANCED_FACE('',(#2398),#2416,.F.);
#2398 = FACE_BOUND('',#2399,.F.);
#2399 = EDGE_LOOP('',(#2400,#2401,#2402,#2410));
#2400 = ORIENTED_EDGE('',*,*,#769,.T.);
#2401 = ORIENTED_EDGE('',*,*,#2370,.T.);
#2402 = ORIENTED_EDGE('',*,*,#2403,.T.);
#2403 = EDGE_CURVE('',#2371,#2404,#2406,.T.);
#2404 = VERTEX_POINT('',#2405);
#2405 = CARTESIAN_POINT('',(-7.525,24.85,-12.5));
#2406 = LINE('',#2407,#2408);
#2407 = CARTESIAN_POINT('',(-7.525,24.85,-16.775));
#2408 = VECTOR('',#2409,1.);
#2409 = DIRECTION('',(0.,0.,1.));
#2410 = ORIENTED_EDGE('',*,*,#2411,.F.);
#2411 = EDGE_CURVE('',#761,#2404,#2412,.T.);
#2412 = LINE('',#2413,#2414);
#2413 = CARTESIAN_POINT('',(-7.525,8.75,-12.5));
#2414 = VECTOR('',#2415,1.);
#2415 = DIRECTION('',(-0.,1.,0.));
#2416 = PLANE('',#2417);
#2417 = AXIS2_PLACEMENT_3D('',#2418,#2419,#2420);
#2418 = CARTESIAN_POINT('',(-7.525,17.5,-15.75));
#2419 = DIRECTION('',(1.,0.,-0.));
#2420 = DIRECTION('',(0.,0.,1.));
#2421 = ADVANCED_FACE('',(#2422),#2447,.T.);
#2422 = FACE_BOUND('',#2423,.T.);
#2423 = EDGE_LOOP('',(#2424,#2425,#2433,#2441));
#2424 = ORIENTED_EDGE('',*,*,#869,.T.);
#2425 = ORIENTED_EDGE('',*,*,#2426,.T.);
#2426 = EDGE_CURVE('',#861,#2427,#2429,.T.);
#2427 = VERTEX_POINT('',#2428);
#2428 = CARTESIAN_POINT('',(7.525,24.85,-15.75));
#2429 = LINE('',#2430,#2431);
#2430 = CARTESIAN_POINT('',(7.525,17.5,-15.75));
#2431 = VECTOR('',#2432,1.);
#2432 = DIRECTION('',(-0.,1.,0.));
#2433 = ORIENTED_EDGE('',*,*,#2434,.T.);
#2434 = EDGE_CURVE('',#2427,#2435,#2437,.T.);
#2435 = VERTEX_POINT('',#2436);
#2436 = CARTESIAN_POINT('',(7.525,24.85,-12.5));
#2437 = LINE('',#2438,#2439);
#2438 = CARTESIAN_POINT('',(7.525,24.85,-16.775));
#2439 = VECTOR('',#2440,1.);
#2440 = DIRECTION('',(0.,0.,1.));
#2441 = ORIENTED_EDGE('',*,*,#2442,.F.);
#2442 = EDGE_CURVE('',#870,#2435,#2443,.T.);
#2443 = LINE('',#2444,#2445);
#2444 = CARTESIAN_POINT('',(7.525,8.75,-12.5));
#2445 = VECTOR('',#2446,1.);
#2446 = DIRECTION('',(-0.,1.,0.));
#2447 = PLANE('',#2448);
#2448 = AXIS2_PLACEMENT_3D('',#2449,#2450,#2451);
#2449 = CARTESIAN_POINT('',(7.525,17.5,-15.75));
#2450 = DIRECTION('',(1.,0.,-0.));
#2451 = DIRECTION('',(0.,0.,1.));
#2452 = ADVANCED_FACE('',(#2453),#2488,.T.);
#2453 = FACE_BOUND('',#2454,.T.);
#2454 = EDGE_LOOP('',(#2455,#2456,#2457,#2465,#2473,#2482));
#2455 = ORIENTED_EDGE('',*,*,#2426,.F.);
#2456 = ORIENTED_EDGE('',*,*,#860,.T.);
#2457 = ORIENTED_EDGE('',*,*,#2458,.T.);
#2458 = EDGE_CURVE('',#853,#2459,#2461,.T.);
#2459 = VERTEX_POINT('',#2460);
#2460 = CARTESIAN_POINT('',(14.875,17.5,-15.75));
#2461 = LINE('',#2462,#2463);
#2462 = CARTESIAN_POINT('',(7.525,17.5,-15.75));
#2463 = VECTOR('',#2464,1.);
#2464 = DIRECTION('',(1.,0.,-0.));
#2465 = ORIENTED_EDGE('',*,*,#2466,.T.);
#2466 = EDGE_CURVE('',#2459,#2467,#2469,.T.);
#2467 = VERTEX_POINT('',#2468);
#2468 = CARTESIAN_POINT('',(14.875,19.85,-15.75));
#2469 = LINE('',#2470,#2471);
#2470 = CARTESIAN_POINT('',(14.875,-1.175,-15.75));
#2471 = VECTOR('',#2472,1.);
#2472 = DIRECTION('',(0.,1.,-0.));
#2473 = ORIENTED_EDGE('',*,*,#2474,.F.);
#2474 = EDGE_CURVE('',#2475,#2467,#2477,.T.);
#2475 = VERTEX_POINT('',#2476);
#2476 = CARTESIAN_POINT('',(9.875,24.85,-15.75));
#2477 = CIRCLE('',#2478,5.);
#2478 = AXIS2_PLACEMENT_3D('',#2479,#2480,#2481);
#2479 = CARTESIAN_POINT('',(9.875,19.85,-15.75));
#2480 = DIRECTION('',(0.,-0.,-1.));
#2481 = DIRECTION('',(1.,0.,-0.));
#2482 = ORIENTED_EDGE('',*,*,#2483,.T.);
#2483 = EDGE_CURVE('',#2475,#2427,#2484,.T.);
#2484 = LINE('',#2485,#2486);
#2485 = CARTESIAN_POINT('',(8.7,24.85,-15.75));
#2486 = VECTOR('',#2487,1.);
#2487 = DIRECTION('',(-1.,0.,0.));
#2488 = PLANE('',#2489);
#2489 = AXIS2_PLACEMENT_3D('',#2490,#2491,#2492);
#2490 = CARTESIAN_POINT('',(7.525,17.5,-15.75));
#2491 = DIRECTION('',(0.,0.,1.));
#2492 = DIRECTION('',(1.,0.,-0.));
#2493 = ADVANCED_FACE('',(#2494),#2528,.T.);
#2494 = FACE_BOUND('',#2495,.T.);
#2495 = EDGE_LOOP('',(#2496,#2506,#2514,#2520,#2521,#2522));
#2496 = ORIENTED_EDGE('',*,*,#2497,.F.);
#2497 = EDGE_CURVE('',#2498,#2500,#2502,.T.);
#2498 = VERTEX_POINT('',#2499);
#2499 = CARTESIAN_POINT('',(16.2,17.5,-13.5));
#2500 = VERTEX_POINT('',#2501);
#2501 = CARTESIAN_POINT('',(16.2,17.5,-12.5));
#2502 = LINE('',#2503,#2504);
#2503 = CARTESIAN_POINT('',(16.2,17.5,-12.51));
#2504 = VECTOR('',#2505,1.);
#2505 = DIRECTION('',(0.,0.,1.));
#2506 = ORIENTED_EDGE('',*,*,#2507,.F.);
#2507 = EDGE_CURVE('',#2508,#2498,#2510,.T.);
#2508 = VERTEX_POINT('',#2509);
#2509 = CARTESIAN_POINT('',(14.875,17.5,-13.5));
#2510 = LINE('',#2511,#2512);
#2511 = CARTESIAN_POINT('',(13.875,17.5,-13.5));
#2512 = VECTOR('',#2513,1.);
#2513 = DIRECTION('',(1.,0.,-0.));
#2514 = ORIENTED_EDGE('',*,*,#2515,.T.);
#2515 = EDGE_CURVE('',#2508,#2459,#2516,.T.);
#2516 = LINE('',#2517,#2518);
#2517 = CARTESIAN_POINT('',(14.875,17.5,-16.775));
#2518 = VECTOR('',#2519,1.);
#2519 = DIRECTION('',(0.,0.,-1.));
#2520 = ORIENTED_EDGE('',*,*,#2458,.F.);
#2521 = ORIENTED_EDGE('',*,*,#852,.F.);
#2522 = ORIENTED_EDGE('',*,*,#2523,.F.);
#2523 = EDGE_CURVE('',#2500,#844,#2524,.T.);
#2524 = LINE('',#2525,#2526);
#2525 = CARTESIAN_POINT('',(3.7625,17.5,-12.5));
#2526 = VECTOR('',#2527,1.);
#2527 = DIRECTION('',(-1.,-0.,0.));
#2528 = PLANE('',#2529);
#2529 = AXIS2_PLACEMENT_3D('',#2530,#2531,#2532);
#2530 = CARTESIAN_POINT('',(15.064808755058,17.5,-12.5374464696));
#2531 = DIRECTION('',(0.,1.,0.));
#2532 = DIRECTION('',(0.,-0.,1.));
#2533 = ADVANCED_FACE('',(#2534),#2567,.T.);
#2534 = FACE_BOUND('',#2535,.T.);
#2535 = EDGE_LOOP('',(#2536,#2537,#2545,#2552,#2553,#2554,#2555,#2556,
    #2557,#2564,#2565,#2566));
#2536 = ORIENTED_EDGE('',*,*,#1492,.F.);
#2537 = ORIENTED_EDGE('',*,*,#2538,.F.);
#2538 = EDGE_CURVE('',#2539,#1484,#2541,.T.);
#2539 = VERTEX_POINT('',#2540);
#2540 = CARTESIAN_POINT('',(14.7,4.,-25.5));
#2541 = LINE('',#2542,#2543);
#2542 = CARTESIAN_POINT('',(14.7,4.,-25.5));
#2543 = VECTOR('',#2544,1.);
#2544 = DIRECTION('',(0.,0.,1.));
#2545 = ORIENTED_EDGE('',*,*,#2546,.T.);
#2546 = EDGE_CURVE('',#2539,#2539,#2547,.T.);
#2547 = CIRCLE('',#2548,1.5);
#2548 = AXIS2_PLACEMENT_3D('',#2549,#2550,#2551);
#2549 = CARTESIAN_POINT('',(13.2,4.,-25.5));
#2550 = DIRECTION('',(0.,0.,1.));
#2551 = DIRECTION('',(1.,0.,-0.));
#2552 = ORIENTED_EDGE('',*,*,#2538,.T.);
#2553 = ORIENTED_EDGE('',*,*,#1483,.F.);
#2554 = ORIENTED_EDGE('',*,*,#1474,.F.);
#2555 = ORIENTED_EDGE('',*,*,#1465,.F.);
#2556 = ORIENTED_EDGE('',*,*,#973,.T.);
#2557 = ORIENTED_EDGE('',*,*,#2558,.F.);
#2558 = EDGE_CURVE('',#958,#966,#2559,.T.);
#2559 = CIRCLE('',#2560,1.5);
#2560 = AXIS2_PLACEMENT_3D('',#2561,#2562,#2563);
#2561 = CARTESIAN_POINT('',(13.2,4.,-17.79));
#2562 = DIRECTION('',(0.,0.,1.));
#2563 = DIRECTION('',(1.,0.,-0.));
#2564 = ORIENTED_EDGE('',*,*,#957,.F.);
#2565 = ORIENTED_EDGE('',*,*,#1510,.F.);
#2566 = ORIENTED_EDGE('',*,*,#1501,.F.);
#2567 = CYLINDRICAL_SURFACE('',#2568,1.5);
#2568 = AXIS2_PLACEMENT_3D('',#2569,#2570,#2571);
#2569 = CARTESIAN_POINT('',(13.2,4.,-25.5));
#2570 = DIRECTION('',(0.,0.,1.));
#2571 = DIRECTION('',(1.,0.,-0.));
#2572 = ADVANCED_FACE('',(#2573),#2577,.T.);
#2573 = FACE_BOUND('',#2574,.T.);
#2574 = EDGE_LOOP('',(#2575,#2576));
#2575 = ORIENTED_EDGE('',*,*,#965,.T.);
#2576 = ORIENTED_EDGE('',*,*,#2558,.T.);
#2577 = PLANE('',#2578);
#2578 = AXIS2_PLACEMENT_3D('',#2579,#2580,#2581);
#2579 = CARTESIAN_POINT('',(13.2,4.,-17.79));
#2580 = DIRECTION('',(0.,0.,1.));
#2581 = DIRECTION('',(1.,0.,-0.));
#2582 = ADVANCED_FACE('',(#2583),#2616,.T.);
#2583 = FACE_BOUND('',#2584,.T.);
#2584 = EDGE_LOOP('',(#2585,#2586,#2594,#2601,#2602,#2603,#2604,#2605,
    #2606,#2613,#2614,#2615));
#2585 = ORIENTED_EDGE('',*,*,#1546,.F.);
#2586 = ORIENTED_EDGE('',*,*,#2587,.F.);
#2587 = EDGE_CURVE('',#2588,#1538,#2590,.T.);
#2588 = VERTEX_POINT('',#2589);
#2589 = CARTESIAN_POINT('',(14.7,20.,-25.5));
#2590 = LINE('',#2591,#2592);
#2591 = CARTESIAN_POINT('',(14.7,20.,-25.5));
#2592 = VECTOR('',#2593,1.);
#2593 = DIRECTION('',(0.,0.,1.));
#2594 = ORIENTED_EDGE('',*,*,#2595,.T.);
#2595 = EDGE_CURVE('',#2588,#2588,#2596,.T.);
#2596 = CIRCLE('',#2597,1.5);
#2597 = AXIS2_PLACEMENT_3D('',#2598,#2599,#2600);
#2598 = CARTESIAN_POINT('',(13.2,20.,-25.5));
#2599 = DIRECTION('',(0.,0.,1.));
#2600 = DIRECTION('',(1.,0.,-0.));
#2601 = ORIENTED_EDGE('',*,*,#2587,.T.);
#2602 = ORIENTED_EDGE('',*,*,#1537,.F.);
#2603 = ORIENTED_EDGE('',*,*,#1528,.F.);
#2604 = ORIENTED_EDGE('',*,*,#1519,.F.);
#2605 = ORIENTED_EDGE('',*,*,#1055,.F.);
#2606 = ORIENTED_EDGE('',*,*,#2607,.F.);
#2607 = EDGE_CURVE('',#1039,#1047,#2608,.T.);
#2608 = CIRCLE('',#2609,1.5);
#2609 = AXIS2_PLACEMENT_3D('',#2610,#2611,#2612);
#2610 = CARTESIAN_POINT('',(13.2,20.,-17.79));
#2611 = DIRECTION('',(0.,0.,1.));
#2612 = DIRECTION('',(1.,0.,-0.));
#2613 = ORIENTED_EDGE('',*,*,#1038,.T.);
#2614 = ORIENTED_EDGE('',*,*,#1564,.F.);
#2615 = ORIENTED_EDGE('',*,*,#1555,.F.);
#2616 = CYLINDRICAL_SURFACE('',#2617,1.5);
#2617 = AXIS2_PLACEMENT_3D('',#2618,#2619,#2620);
#2618 = CARTESIAN_POINT('',(13.2,20.,-25.5));
#2619 = DIRECTION('',(0.,0.,1.));
#2620 = DIRECTION('',(1.,0.,-0.));
#2621 = ADVANCED_FACE('',(#2622),#2626,.T.);
#2622 = FACE_BOUND('',#2623,.T.);
#2623 = EDGE_LOOP('',(#2624,#2625));
#2624 = ORIENTED_EDGE('',*,*,#1046,.F.);
#2625 = ORIENTED_EDGE('',*,*,#2607,.T.);
#2626 = PLANE('',#2627);
#2627 = AXIS2_PLACEMENT_3D('',#2628,#2629,#2630);
#2628 = CARTESIAN_POINT('',(13.2,20.,-17.79));
#2629 = DIRECTION('',(0.,0.,1.));
#2630 = DIRECTION('',(1.,0.,-0.));
#2631 = ADVANCED_FACE('',(#2632),#2654,.T.);
#2632 = FACE_BOUND('',#2633,.T.);
#2633 = EDGE_LOOP('',(#2634,#2635,#2636,#2637,#2638,#2647));
#2634 = ORIENTED_EDGE('',*,*,#1178,.T.);
#2635 = ORIENTED_EDGE('',*,*,#2204,.T.);
#2636 = ORIENTED_EDGE('',*,*,#2195,.T.);
#2637 = ORIENTED_EDGE('',*,*,#1210,.T.);
#2638 = ORIENTED_EDGE('',*,*,#2639,.F.);
#2639 = EDGE_CURVE('',#2640,#1203,#2642,.T.);
#2640 = VERTEX_POINT('',#2641);
#2641 = CARTESIAN_POINT('',(-12.59,9.65,-17.4));
#2642 = CIRCLE('',#2643,6.77);
#2643 = AXIS2_PLACEMENT_3D('',#2644,#2645,#2646);
#2644 = CARTESIAN_POINT('',(-19.36,9.65,-17.4));
#2645 = DIRECTION('',(0.,0.,1.));
#2646 = DIRECTION('',(1.,0.,-0.));
#2647 = ORIENTED_EDGE('',*,*,#2648,.F.);
#2648 = EDGE_CURVE('',#1179,#2640,#2649,.T.);
#2649 = CIRCLE('',#2650,6.77);
#2650 = AXIS2_PLACEMENT_3D('',#2651,#2652,#2653);
#2651 = CARTESIAN_POINT('',(-19.36,9.65,-17.4));
#2652 = DIRECTION('',(0.,0.,1.));
#2653 = DIRECTION('',(1.,0.,-0.));
#2654 = PLANE('',#2655);
#2655 = AXIS2_PLACEMENT_3D('',#2656,#2657,#2658);
#2656 = CARTESIAN_POINT('',(-19.36,9.65,-17.4));
#2657 = DIRECTION('',(0.,0.,1.));
#2658 = DIRECTION('',(1.,0.,-0.));
#2659 = ADVANCED_FACE('',(#2660),#2732,.F.);
#2660 = FACE_BOUND('',#2661,.F.);
#2661 = EDGE_LOOP('',(#2662,#2671,#2672,#2681,#2689,#2696,#2697,#2698,
    #2699,#2700,#2709,#2717,#2724,#2725));
#2662 = ORIENTED_EDGE('',*,*,#2663,.T.);
#2663 = EDGE_CURVE('',#2664,#2230,#2666,.T.);
#2664 = VERTEX_POINT('',#2665);
#2665 = CARTESIAN_POINT('',(-12.59,9.65,-21.33));
#2666 = CIRCLE('',#2667,6.77);
#2667 = AXIS2_PLACEMENT_3D('',#2668,#2669,#2670);
#2668 = CARTESIAN_POINT('',(-19.36,9.65,-21.33));
#2669 = DIRECTION('',(0.,0.,1.));
#2670 = DIRECTION('',(1.,0.,-0.));
#2671 = ORIENTED_EDGE('',*,*,#2238,.T.);
#2672 = ORIENTED_EDGE('',*,*,#2673,.F.);
#2673 = EDGE_CURVE('',#2674,#2239,#2676,.T.);
#2674 = VERTEX_POINT('',#2675);
#2675 = CARTESIAN_POINT('',(-14.875,14.721259705438,-17.4));
#2676 = CIRCLE('',#2677,6.77);
#2677 = AXIS2_PLACEMENT_3D('',#2678,#2679,#2680);
#2678 = CARTESIAN_POINT('',(-19.36,9.65,-17.4));
#2679 = DIRECTION('',(0.,0.,1.));
#2680 = DIRECTION('',(1.,0.,-0.));
#2681 = ORIENTED_EDGE('',*,*,#2682,.F.);
#2682 = EDGE_CURVE('',#2683,#2674,#2685,.T.);
#2683 = VERTEX_POINT('',#2684);
#2684 = CARTESIAN_POINT('',(-14.875,14.721259705438,-17.8));
#2685 = LINE('',#2686,#2687);
#2686 = CARTESIAN_POINT('',(-14.875,14.721259705438,-40.));
#2687 = VECTOR('',#2688,1.);
#2688 = DIRECTION('',(0.,0.,1.));
#2689 = ORIENTED_EDGE('',*,*,#2690,.F.);
#2690 = EDGE_CURVE('',#1195,#2683,#2691,.T.);
#2691 = CIRCLE('',#2692,6.77);
#2692 = AXIS2_PLACEMENT_3D('',#2693,#2694,#2695);
#2693 = CARTESIAN_POINT('',(-19.36,9.65,-17.8));
#2694 = DIRECTION('',(0.,0.,1.));
#2695 = DIRECTION('',(1.,0.,-0.));
#2696 = ORIENTED_EDGE('',*,*,#1202,.T.);
#2697 = ORIENTED_EDGE('',*,*,#2639,.F.);
#2698 = ORIENTED_EDGE('',*,*,#2648,.F.);
#2699 = ORIENTED_EDGE('',*,*,#1186,.F.);
#2700 = ORIENTED_EDGE('',*,*,#2701,.F.);
#2701 = EDGE_CURVE('',#2702,#1187,#2704,.T.);
#2702 = VERTEX_POINT('',#2703);
#2703 = CARTESIAN_POINT('',(-14.875,4.578740294562,-17.8));
#2704 = CIRCLE('',#2705,6.77);
#2705 = AXIS2_PLACEMENT_3D('',#2706,#2707,#2708);
#2706 = CARTESIAN_POINT('',(-19.36,9.65,-17.8));
#2707 = DIRECTION('',(0.,0.,1.));
#2708 = DIRECTION('',(1.,0.,-0.));
#2709 = ORIENTED_EDGE('',*,*,#2710,.T.);
#2710 = EDGE_CURVE('',#2702,#2711,#2713,.T.);
#2711 = VERTEX_POINT('',#2712);
#2712 = CARTESIAN_POINT('',(-14.875,4.578740294562,-17.4));
#2713 = LINE('',#2714,#2715);
#2714 = CARTESIAN_POINT('',(-14.875,4.578740294562,-40.));
#2715 = VECTOR('',#2716,1.);
#2716 = DIRECTION('',(0.,0.,1.));
#2717 = ORIENTED_EDGE('',*,*,#2718,.F.);
#2718 = EDGE_CURVE('',#2247,#2711,#2719,.T.);
#2719 = CIRCLE('',#2720,6.77);
#2720 = AXIS2_PLACEMENT_3D('',#2721,#2722,#2723);
#2721 = CARTESIAN_POINT('',(-19.36,9.65,-17.4));
#2722 = DIRECTION('',(0.,0.,1.));
#2723 = DIRECTION('',(1.,0.,-0.));
#2724 = ORIENTED_EDGE('',*,*,#2255,.F.);
#2725 = ORIENTED_EDGE('',*,*,#2726,.T.);
#2726 = EDGE_CURVE('',#2256,#2664,#2727,.T.);
#2727 = CIRCLE('',#2728,6.77);
#2728 = AXIS2_PLACEMENT_3D('',#2729,#2730,#2731);
#2729 = CARTESIAN_POINT('',(-19.36,9.65,-21.33));
#2730 = DIRECTION('',(0.,0.,1.));
#2731 = DIRECTION('',(1.,0.,-0.));
#2732 = CYLINDRICAL_SURFACE('',#2733,6.77);
#2733 = AXIS2_PLACEMENT_3D('',#2734,#2735,#2736);
#2734 = CARTESIAN_POINT('',(-19.36,9.65,-40.));
#2735 = DIRECTION('',(0.,0.,1.));
#2736 = DIRECTION('',(1.,0.,-0.));
#2737 = ADVANCED_FACE('',(#2738),#2749,.T.);
#2738 = FACE_BOUND('',#2739,.T.);
#2739 = EDGE_LOOP('',(#2740,#2741,#2747,#2748));
#2740 = ORIENTED_EDGE('',*,*,#2701,.F.);
#2741 = ORIENTED_EDGE('',*,*,#2742,.F.);
#2742 = EDGE_CURVE('',#2683,#2702,#2743,.T.);
#2743 = LINE('',#2744,#2745);
#2744 = CARTESIAN_POINT('',(-14.875,19.85,-17.8));
#2745 = VECTOR('',#2746,1.);
#2746 = DIRECTION('',(0.,-1.,0.));
#2747 = ORIENTED_EDGE('',*,*,#2690,.F.);
#2748 = ORIENTED_EDGE('',*,*,#1194,.F.);
#2749 = PLANE('',#2750);
#2750 = AXIS2_PLACEMENT_3D('',#2751,#2752,#2753);
#2751 = CARTESIAN_POINT('',(0.360487256995,0.,-17.8));
#2752 = DIRECTION('',(-0.,-0.,-1.));
#2753 = DIRECTION('',(-1.,0.,0.));
#2754 = ADVANCED_FACE('',(#2755),#2766,.T.);
#2755 = FACE_BOUND('',#2756,.T.);
#2756 = EDGE_LOOP('',(#2757,#2758,#2759));
#2757 = ORIENTED_EDGE('',*,*,#2117,.T.);
#2758 = ORIENTED_EDGE('',*,*,#1162,.F.);
#2759 = ORIENTED_EDGE('',*,*,#2760,.T.);
#2760 = EDGE_CURVE('',#1155,#2118,#2761,.T.);
#2761 = CIRCLE('',#2762,1.5);
#2762 = AXIS2_PLACEMENT_3D('',#2763,#2764,#2765);
#2763 = CARTESIAN_POINT('',(-13.2,4.,-17.8));
#2764 = DIRECTION('',(0.,0.,1.));
#2765 = DIRECTION('',(1.,0.,-0.));
#2766 = PLANE('',#2767);
#2767 = AXIS2_PLACEMENT_3D('',#2768,#2769,#2770);
#2768 = CARTESIAN_POINT('',(0.360487256995,0.,-17.8));
#2769 = DIRECTION('',(-0.,-0.,-1.));
#2770 = DIRECTION('',(-1.,0.,0.));
#2771 = ADVANCED_FACE('',(#2772),#2821,.T.);
#2772 = FACE_BOUND('',#2773,.T.);
#2773 = EDGE_LOOP('',(#2774,#2783,#2791,#2798,#2799,#2806,#2807,#2808,
    #2809,#2810,#2811,#2818,#2819,#2820));
#2774 = ORIENTED_EDGE('',*,*,#2775,.F.);
#2775 = EDGE_CURVE('',#2776,#1147,#2778,.T.);
#2776 = VERTEX_POINT('',#2777);
#2777 = CARTESIAN_POINT('',(-11.7,4.,-17.79));
#2778 = CIRCLE('',#2779,1.5);
#2779 = AXIS2_PLACEMENT_3D('',#2780,#2781,#2782);
#2780 = CARTESIAN_POINT('',(-13.2,4.,-17.79));
#2781 = DIRECTION('',(0.,0.,1.));
#2782 = DIRECTION('',(1.,0.,-0.));
#2783 = ORIENTED_EDGE('',*,*,#2784,.F.);
#2784 = EDGE_CURVE('',#2785,#2776,#2787,.T.);
#2785 = VERTEX_POINT('',#2786);
#2786 = CARTESIAN_POINT('',(-11.7,4.,-25.5));
#2787 = LINE('',#2788,#2789);
#2788 = CARTESIAN_POINT('',(-11.7,4.,-25.5));
#2789 = VECTOR('',#2790,1.);
#2790 = DIRECTION('',(0.,0.,1.));
#2791 = ORIENTED_EDGE('',*,*,#2792,.T.);
#2792 = EDGE_CURVE('',#2785,#2785,#2793,.T.);
#2793 = CIRCLE('',#2794,1.5);
#2794 = AXIS2_PLACEMENT_3D('',#2795,#2796,#2797);
#2795 = CARTESIAN_POINT('',(-13.2,4.,-25.5));
#2796 = DIRECTION('',(0.,0.,1.));
#2797 = DIRECTION('',(1.,0.,-0.));
#2798 = ORIENTED_EDGE('',*,*,#2784,.T.);
#2799 = ORIENTED_EDGE('',*,*,#2800,.F.);
#2800 = EDGE_CURVE('',#1139,#2776,#2801,.T.);
#2801 = CIRCLE('',#2802,1.5);
#2802 = AXIS2_PLACEMENT_3D('',#2803,#2804,#2805);
#2803 = CARTESIAN_POINT('',(-13.2,4.,-17.79));
#2804 = DIRECTION('',(0.,0.,1.));
#2805 = DIRECTION('',(1.,0.,-0.));
#2806 = ORIENTED_EDGE('',*,*,#1138,.F.);
#2807 = ORIENTED_EDGE('',*,*,#1453,.F.);
#2808 = ORIENTED_EDGE('',*,*,#1444,.F.);
#2809 = ORIENTED_EDGE('',*,*,#1435,.F.);
#2810 = ORIENTED_EDGE('',*,*,#2313,.F.);
#2811 = ORIENTED_EDGE('',*,*,#2812,.F.);
#2812 = EDGE_CURVE('',#2127,#2305,#2813,.T.);
#2813 = CIRCLE('',#2814,1.5);
#2814 = AXIS2_PLACEMENT_3D('',#2815,#2816,#2817);
#2815 = CARTESIAN_POINT('',(-13.2,4.,-21.33));
#2816 = DIRECTION('',(0.,0.,1.));
#2817 = DIRECTION('',(1.,0.,-0.));
#2818 = ORIENTED_EDGE('',*,*,#2126,.T.);
#2819 = ORIENTED_EDGE('',*,*,#2760,.F.);
#2820 = ORIENTED_EDGE('',*,*,#1154,.T.);
#2821 = CYLINDRICAL_SURFACE('',#2822,1.5);
#2822 = AXIS2_PLACEMENT_3D('',#2823,#2824,#2825);
#2823 = CARTESIAN_POINT('',(-13.2,4.,-25.5));
#2824 = DIRECTION('',(0.,0.,1.));
#2825 = DIRECTION('',(1.,0.,-0.));
#2826 = ADVANCED_FACE('',(#2827),#2832,.T.);
#2827 = FACE_BOUND('',#2828,.T.);
#2828 = EDGE_LOOP('',(#2829,#2830,#2831));
#2829 = ORIENTED_EDGE('',*,*,#2800,.T.);
#2830 = ORIENTED_EDGE('',*,*,#2775,.T.);
#2831 = ORIENTED_EDGE('',*,*,#1146,.T.);
#2832 = PLANE('',#2833);
#2833 = AXIS2_PLACEMENT_3D('',#2834,#2835,#2836);
#2834 = CARTESIAN_POINT('',(-13.2,4.,-17.79));
#2835 = DIRECTION('',(0.,0.,1.));
#2836 = DIRECTION('',(1.,0.,-0.));
#2837 = ADVANCED_FACE('',(#2838),#2871,.T.);
#2838 = FACE_BOUND('',#2839,.T.);
#2839 = EDGE_LOOP('',(#2840,#2841,#2848,#2849,#2850,#2851,#2852,#2853,
    #2854,#2862,#2869,#2870));
#2840 = ORIENTED_EDGE('',*,*,#1276,.F.);
#2841 = ORIENTED_EDGE('',*,*,#2842,.F.);
#2842 = EDGE_CURVE('',#1260,#1268,#2843,.T.);
#2843 = CIRCLE('',#2844,1.5);
#2844 = AXIS2_PLACEMENT_3D('',#2845,#2846,#2847);
#2845 = CARTESIAN_POINT('',(-13.2,20.,-17.79));
#2846 = DIRECTION('',(0.,0.,1.));
#2847 = DIRECTION('',(1.,0.,-0.));
#2848 = ORIENTED_EDGE('',*,*,#1259,.T.);
#2849 = ORIENTED_EDGE('',*,*,#1619,.F.);
#2850 = ORIENTED_EDGE('',*,*,#1610,.F.);
#2851 = ORIENTED_EDGE('',*,*,#1601,.F.);
#2852 = ORIENTED_EDGE('',*,*,#1592,.F.);
#2853 = ORIENTED_EDGE('',*,*,#1583,.F.);
#2854 = ORIENTED_EDGE('',*,*,#2855,.F.);
#2855 = EDGE_CURVE('',#2856,#1575,#2858,.T.);
#2856 = VERTEX_POINT('',#2857);
#2857 = CARTESIAN_POINT('',(-11.7,20.,-25.5));
#2858 = LINE('',#2859,#2860);
#2859 = CARTESIAN_POINT('',(-11.7,20.,-25.5));
#2860 = VECTOR('',#2861,1.);
#2861 = DIRECTION('',(0.,0.,1.));
#2862 = ORIENTED_EDGE('',*,*,#2863,.T.);
#2863 = EDGE_CURVE('',#2856,#2856,#2864,.T.);
#2864 = CIRCLE('',#2865,1.5);
#2865 = AXIS2_PLACEMENT_3D('',#2866,#2867,#2868);
#2866 = CARTESIAN_POINT('',(-13.2,20.,-25.5));
#2867 = DIRECTION('',(0.,0.,1.));
#2868 = DIRECTION('',(1.,0.,-0.));
#2869 = ORIENTED_EDGE('',*,*,#2855,.T.);
#2870 = ORIENTED_EDGE('',*,*,#1574,.F.);
#2871 = CYLINDRICAL_SURFACE('',#2872,1.5);
#2872 = AXIS2_PLACEMENT_3D('',#2873,#2874,#2875);
#2873 = CARTESIAN_POINT('',(-13.2,20.,-25.5));
#2874 = DIRECTION('',(0.,0.,1.));
#2875 = DIRECTION('',(1.,0.,-0.));
#2876 = ADVANCED_FACE('',(#2877),#2881,.T.);
#2877 = FACE_BOUND('',#2878,.T.);
#2878 = EDGE_LOOP('',(#2879,#2880));
#2879 = ORIENTED_EDGE('',*,*,#2842,.T.);
#2880 = ORIENTED_EDGE('',*,*,#1267,.F.);
#2881 = PLANE('',#2882);
#2882 = AXIS2_PLACEMENT_3D('',#2883,#2884,#2885);
#2883 = CARTESIAN_POINT('',(-13.2,20.,-17.79));
#2884 = DIRECTION('',(0.,0.,1.));
#2885 = DIRECTION('',(1.,0.,-0.));
#2886 = ADVANCED_FACE('',(#2887),#2960,.T.);
#2887 = FACE_BOUND('',#2888,.T.);
#2888 = EDGE_LOOP('',(#2889,#2899,#2907,#2915,#2923,#2931,#2939,#2947,
    #2953,#2954));
#2889 = ORIENTED_EDGE('',*,*,#2890,.T.);
#2890 = EDGE_CURVE('',#2891,#2893,#2895,.T.);
#2891 = VERTEX_POINT('',#2892);
#2892 = CARTESIAN_POINT('',(14.875,-15.2,-12.5));
#2893 = VERTEX_POINT('',#2894);
#2894 = CARTESIAN_POINT('',(20.995,-15.2,-12.5));
#2895 = LINE('',#2896,#2897);
#2896 = CARTESIAN_POINT('',(9.142077966579,-15.2,-12.5));
#2897 = VECTOR('',#2898,1.);
#2898 = DIRECTION('',(1.,0.,0.));
#2899 = ORIENTED_EDGE('',*,*,#2900,.F.);
#2900 = EDGE_CURVE('',#2901,#2893,#2903,.T.);
#2901 = VERTEX_POINT('',#2902);
#2902 = CARTESIAN_POINT('',(20.995,-15.2,-26.22));
#2903 = LINE('',#2904,#2905);
#2904 = CARTESIAN_POINT('',(20.995,-15.2,-26.22));
#2905 = VECTOR('',#2906,1.);
#2906 = DIRECTION('',(0.,0.,1.));
#2907 = ORIENTED_EDGE('',*,*,#2908,.F.);
#2908 = EDGE_CURVE('',#2909,#2901,#2911,.T.);
#2909 = VERTEX_POINT('',#2910);
#2910 = CARTESIAN_POINT('',(19.495,-15.2,-26.22));
#2911 = LINE('',#2912,#2913);
#2912 = CARTESIAN_POINT('',(15.3,-15.2,-26.22));
#2913 = VECTOR('',#2914,1.);
#2914 = DIRECTION('',(1.,0.,-0.));
#2915 = ORIENTED_EDGE('',*,*,#2916,.T.);
#2916 = EDGE_CURVE('',#2909,#2917,#2919,.T.);
#2917 = VERTEX_POINT('',#2918);
#2918 = CARTESIAN_POINT('',(19.495,-15.2,-25.02));
#2919 = LINE('',#2920,#2921);
#2920 = CARTESIAN_POINT('',(19.495,-15.2,-25.894344068));
#2921 = VECTOR('',#2922,1.);
#2922 = DIRECTION('',(0.,-0.,1.));
#2923 = ORIENTED_EDGE('',*,*,#2924,.F.);
#2924 = EDGE_CURVE('',#2925,#2917,#2927,.T.);
#2925 = VERTEX_POINT('',#2926);
#2926 = CARTESIAN_POINT('',(15.3,-15.2,-25.02));
#2927 = LINE('',#2928,#2929);
#2928 = CARTESIAN_POINT('',(14.5875,-15.2,-25.02));
#2929 = VECTOR('',#2930,1.);
#2930 = DIRECTION('',(1.,0.,-0.));
#2931 = ORIENTED_EDGE('',*,*,#2932,.F.);
#2932 = EDGE_CURVE('',#2933,#2925,#2935,.T.);
#2933 = VERTEX_POINT('',#2934);
#2934 = CARTESIAN_POINT('',(15.3,-15.2,-25.3));
#2935 = LINE('',#2936,#2937);
#2936 = CARTESIAN_POINT('',(15.3,-15.2,-25.434344068));
#2937 = VECTOR('',#2938,1.);
#2938 = DIRECTION('',(0.,-0.,1.));
#2939 = ORIENTED_EDGE('',*,*,#2940,.F.);
#2940 = EDGE_CURVE('',#2941,#2933,#2943,.T.);
#2941 = VERTEX_POINT('',#2942);
#2942 = CARTESIAN_POINT('',(13.875,-15.2,-25.3));
#2943 = LINE('',#2944,#2945);
#2944 = CARTESIAN_POINT('',(13.875,-15.2,-25.3));
#2945 = VECTOR('',#2946,1.);
#2946 = DIRECTION('',(1.,0.,-0.));
#2947 = ORIENTED_EDGE('',*,*,#2948,.T.);
#2948 = EDGE_CURVE('',#2941,#1712,#2949,.T.);
#2949 = LINE('',#2950,#2951);
#2950 = CARTESIAN_POINT('',(13.875,-15.2,-25.3));
#2951 = VECTOR('',#2952,1.);
#2952 = DIRECTION('',(0.,0.,1.));
#2953 = ORIENTED_EDGE('',*,*,#1711,.F.);
#2954 = ORIENTED_EDGE('',*,*,#2955,.F.);
#2955 = EDGE_CURVE('',#2891,#1704,#2956,.T.);
#2956 = LINE('',#2957,#2958);
#2957 = CARTESIAN_POINT('',(14.875,-15.2,-21.55));
#2958 = VECTOR('',#2959,1.);
#2959 = DIRECTION('',(0.,0.,-1.));
#2960 = PLANE('',#2961);
#2961 = AXIS2_PLACEMENT_3D('',#2962,#2963,#2964);
#2962 = CARTESIAN_POINT('',(18.405399632211,-15.2,-14.98541850561));
#2963 = DIRECTION('',(0.,1.,0.));
#2964 = DIRECTION('',(0.,-0.,1.));
#2965 = ADVANCED_FACE('',(#2966),#2984,.F.);
#2966 = FACE_BOUND('',#2967,.F.);
#2967 = EDGE_LOOP('',(#2968,#2969,#2970,#2978));
#2968 = ORIENTED_EDGE('',*,*,#1703,.F.);
#2969 = ORIENTED_EDGE('',*,*,#2955,.F.);
#2970 = ORIENTED_EDGE('',*,*,#2971,.T.);
#2971 = EDGE_CURVE('',#2891,#2972,#2974,.T.);
#2972 = VERTEX_POINT('',#2973);
#2973 = CARTESIAN_POINT('',(14.875,15.2,-12.5));
#2974 = LINE('',#2975,#2976);
#2975 = CARTESIAN_POINT('',(14.875,-19.85,-12.5));
#2976 = VECTOR('',#2977,1.);
#2977 = DIRECTION('',(0.,1.,0.));
#2978 = ORIENTED_EDGE('',*,*,#2979,.T.);
#2979 = EDGE_CURVE('',#2972,#1696,#2980,.T.);
#2980 = LINE('',#2981,#2982);
#2981 = CARTESIAN_POINT('',(14.875,15.2,-21.55));
#2982 = VECTOR('',#2983,1.);
#2983 = DIRECTION('',(0.,0.,-1.));
#2984 = PLANE('',#2985);
#2985 = AXIS2_PLACEMENT_3D('',#2986,#2987,#2988);
#2986 = CARTESIAN_POINT('',(14.875,-19.85,-17.8));
#2987 = DIRECTION('',(-1.,0.,0.));
#2988 = DIRECTION('',(0.,1.,0.));
#2989 = ADVANCED_FACE('',(#2990),#3056,.T.);
#2990 = FACE_BOUND('',#2991,.T.);
#2991 = EDGE_LOOP('',(#2992,#3002,#3008,#3009,#3010,#3018,#3026,#3034,
    #3042,#3050));
#2992 = ORIENTED_EDGE('',*,*,#2993,.T.);
#2993 = EDGE_CURVE('',#2994,#2996,#2998,.T.);
#2994 = VERTEX_POINT('',#2995);
#2995 = CARTESIAN_POINT('',(20.995,15.2,-26.22));
#2996 = VERTEX_POINT('',#2997);
#2997 = CARTESIAN_POINT('',(20.995,15.2,-12.5));
#2998 = LINE('',#2999,#3000);
#2999 = CARTESIAN_POINT('',(20.995,15.2,-24.92));
#3000 = VECTOR('',#3001,1.);
#3001 = DIRECTION('',(0.,0.,1.));
#3002 = ORIENTED_EDGE('',*,*,#3003,.T.);
#3003 = EDGE_CURVE('',#2996,#2972,#3004,.T.);
#3004 = LINE('',#3005,#3006);
#3005 = CARTESIAN_POINT('',(-90.88665528419,15.2,-12.5));
#3006 = VECTOR('',#3007,1.);
#3007 = DIRECTION('',(-1.,0.,0.));
#3008 = ORIENTED_EDGE('',*,*,#2979,.T.);
#3009 = ORIENTED_EDGE('',*,*,#1695,.T.);
#3010 = ORIENTED_EDGE('',*,*,#3011,.F.);
#3011 = EDGE_CURVE('',#3012,#1688,#3014,.T.);
#3012 = VERTEX_POINT('',#3013);
#3013 = CARTESIAN_POINT('',(13.875,15.2,-25.3));
#3014 = LINE('',#3015,#3016);
#3015 = CARTESIAN_POINT('',(13.875,15.2,-25.3));
#3016 = VECTOR('',#3017,1.);
#3017 = DIRECTION('',(0.,0.,1.));
#3018 = ORIENTED_EDGE('',*,*,#3019,.T.);
#3019 = EDGE_CURVE('',#3012,#3020,#3022,.T.);
#3020 = VERTEX_POINT('',#3021);
#3021 = CARTESIAN_POINT('',(15.225,15.2,-25.3));
#3022 = LINE('',#3023,#3024);
#3023 = CARTESIAN_POINT('',(13.875,15.2,-25.3));
#3024 = VECTOR('',#3025,1.);
#3025 = DIRECTION('',(1.,0.,-0.));
#3026 = ORIENTED_EDGE('',*,*,#3027,.T.);
#3027 = EDGE_CURVE('',#3020,#3028,#3030,.T.);
#3028 = VERTEX_POINT('',#3029);
#3029 = CARTESIAN_POINT('',(15.225,15.2,-13.06));
#3030 = LINE('',#3031,#3032);
#3031 = CARTESIAN_POINT('',(15.225,15.2,-25.02));
#3032 = VECTOR('',#3033,1.);
#3033 = DIRECTION('',(0.,0.,1.));
#3034 = ORIENTED_EDGE('',*,*,#3035,.T.);
#3035 = EDGE_CURVE('',#3028,#3036,#3038,.T.);
#3036 = VERTEX_POINT('',#3037);
#3037 = CARTESIAN_POINT('',(20.195,15.2,-13.06));
#3038 = LINE('',#3039,#3040);
#3039 = CARTESIAN_POINT('',(15.225,15.2,-13.06));
#3040 = VECTOR('',#3041,1.);
#3041 = DIRECTION('',(1.,0.,-0.));
#3042 = ORIENTED_EDGE('',*,*,#3043,.F.);
#3043 = EDGE_CURVE('',#3044,#3036,#3046,.T.);
#3044 = VERTEX_POINT('',#3045);
#3045 = CARTESIAN_POINT('',(20.195,15.2,-26.22));
#3046 = LINE('',#3047,#3048);
#3047 = CARTESIAN_POINT('',(20.195,15.2,-21.05994925395));
#3048 = VECTOR('',#3049,1.);
#3049 = DIRECTION('',(0.,-0.,1.));
#3050 = ORIENTED_EDGE('',*,*,#3051,.T.);
#3051 = EDGE_CURVE('',#3044,#2994,#3052,.T.);
#3052 = LINE('',#3053,#3054);
#3053 = CARTESIAN_POINT('',(15.3,15.2,-26.22));
#3054 = VECTOR('',#3055,1.);
#3055 = DIRECTION('',(1.,0.,-0.));
#3056 = PLANE('',#3057);
#3057 = AXIS2_PLACEMENT_3D('',#3058,#3059,#3060);
#3058 = CARTESIAN_POINT('',(18.226689431606,15.2,-15.39994349963));
#3059 = DIRECTION('',(-0.,-1.,-0.));
#3060 = DIRECTION('',(0.,0.,-1.));
#3061 = ADVANCED_FACE('',(#3062),#3087,.T.);
#3062 = FACE_BOUND('',#3063,.T.);
#3063 = EDGE_LOOP('',(#3064,#3065,#3073,#3081));
#3064 = ORIENTED_EDGE('',*,*,#1301,.F.);
#3065 = ORIENTED_EDGE('',*,*,#3066,.T.);
#3066 = EDGE_CURVE('',#1302,#3067,#3069,.T.);
#3067 = VERTEX_POINT('',#3068);
#3068 = CARTESIAN_POINT('',(16.2,-16.2,-13.5));
#3069 = LINE('',#3070,#3071);
#3070 = CARTESIAN_POINT('',(16.2,-17.5,-13.5));
#3071 = VECTOR('',#3072,1.);
#3072 = DIRECTION('',(-0.,1.,0.));
#3073 = ORIENTED_EDGE('',*,*,#3074,.T.);
#3074 = EDGE_CURVE('',#3067,#3075,#3077,.T.);
#3075 = VERTEX_POINT('',#3076);
#3076 = CARTESIAN_POINT('',(16.2,-16.2,-12.5));
#3077 = LINE('',#3078,#3079);
#3078 = CARTESIAN_POINT('',(16.2,-16.2,-12.51));
#3079 = VECTOR('',#3080,1.);
#3080 = DIRECTION('',(0.,0.,1.));
#3081 = ORIENTED_EDGE('',*,*,#3082,.T.);
#3082 = EDGE_CURVE('',#3075,#1304,#3083,.T.);
#3083 = LINE('',#3084,#3085);
#3084 = CARTESIAN_POINT('',(16.2,-108.425,-12.5));
#3085 = VECTOR('',#3086,1.);
#3086 = DIRECTION('',(0.,-1.,0.));
#3087 = PLANE('',#3088);
#3088 = AXIS2_PLACEMENT_3D('',#3089,#3090,#3091);
#3089 = CARTESIAN_POINT('',(16.2,-16.85,-11.25));
#3090 = DIRECTION('',(1.,0.,0.));
#3091 = DIRECTION('',(-0.,0.,1.));
#3092 = ADVANCED_FACE('',(#3093),#3111,.F.);
#3093 = FACE_BOUND('',#3094,.F.);
#3094 = EDGE_LOOP('',(#3095,#3103,#3104,#3105));
#3095 = ORIENTED_EDGE('',*,*,#3096,.F.);
#3096 = EDGE_CURVE('',#1327,#3097,#3099,.T.);
#3097 = VERTEX_POINT('',#3098);
#3098 = CARTESIAN_POINT('',(14.875,-16.2,-13.5));
#3099 = LINE('',#3100,#3101);
#3100 = CARTESIAN_POINT('',(14.875,-18.675,-13.5));
#3101 = VECTOR('',#3102,1.);
#3102 = DIRECTION('',(0.,1.,-0.));
#3103 = ORIENTED_EDGE('',*,*,#1334,.T.);
#3104 = ORIENTED_EDGE('',*,*,#3066,.T.);
#3105 = ORIENTED_EDGE('',*,*,#3106,.F.);
#3106 = EDGE_CURVE('',#3097,#3067,#3107,.T.);
#3107 = LINE('',#3108,#3109);
#3108 = CARTESIAN_POINT('',(13.875,-16.2,-13.5));
#3109 = VECTOR('',#3110,1.);
#3110 = DIRECTION('',(1.,0.,-0.));
#3111 = PLANE('',#3112);
#3112 = AXIS2_PLACEMENT_3D('',#3113,#3114,#3115);
#3113 = CARTESIAN_POINT('',(13.875,-17.5,-13.5));
#3114 = DIRECTION('',(0.,0.,1.));
#3115 = DIRECTION('',(1.,0.,-0.));
#3116 = ADVANCED_FACE('',(#3117),#3130,.F.);
#3117 = FACE_BOUND('',#3118,.F.);
#3118 = EDGE_LOOP('',(#3119,#3120,#3121,#3122,#3123,#3124));
#3119 = ORIENTED_EDGE('',*,*,#1735,.F.);
#3120 = ORIENTED_EDGE('',*,*,#1762,.T.);
#3121 = ORIENTED_EDGE('',*,*,#1359,.T.);
#3122 = ORIENTED_EDGE('',*,*,#1326,.F.);
#3123 = ORIENTED_EDGE('',*,*,#3096,.T.);
#3124 = ORIENTED_EDGE('',*,*,#3125,.T.);
#3125 = EDGE_CURVE('',#3097,#1728,#3126,.T.);
#3126 = LINE('',#3127,#3128);
#3127 = CARTESIAN_POINT('',(14.875,-16.2,-21.55));
#3128 = VECTOR('',#3129,1.);
#3129 = DIRECTION('',(0.,0.,-1.));
#3130 = PLANE('',#3131);
#3131 = AXIS2_PLACEMENT_3D('',#3132,#3133,#3134);
#3132 = CARTESIAN_POINT('',(14.875,-19.85,-17.8));
#3133 = DIRECTION('',(-1.,0.,0.));
#3134 = DIRECTION('',(0.,1.,0.));
#3135 = ADVANCED_FACE('',(#3136),#3188,.T.);
#3136 = FACE_BOUND('',#3137,.T.);
#3137 = EDGE_LOOP('',(#3138,#3148,#3156,#3162,#3163,#3164,#3165,#3166,
    #3174,#3182));
#3138 = ORIENTED_EDGE('',*,*,#3139,.T.);
#3139 = EDGE_CURVE('',#3140,#3142,#3144,.T.);
#3140 = VERTEX_POINT('',#3141);
#3141 = CARTESIAN_POINT('',(15.3,-16.2,-26.22));
#3142 = VERTEX_POINT('',#3143);
#3143 = CARTESIAN_POINT('',(20.995,-16.2,-26.22));
#3144 = LINE('',#3145,#3146);
#3145 = CARTESIAN_POINT('',(15.3,-16.2,-26.22));
#3146 = VECTOR('',#3147,1.);
#3147 = DIRECTION('',(1.,0.,-0.));
#3148 = ORIENTED_EDGE('',*,*,#3149,.T.);
#3149 = EDGE_CURVE('',#3142,#3150,#3152,.T.);
#3150 = VERTEX_POINT('',#3151);
#3151 = CARTESIAN_POINT('',(20.995,-16.2,-12.5));
#3152 = LINE('',#3153,#3154);
#3153 = CARTESIAN_POINT('',(20.995,-16.2,-24.92));
#3154 = VECTOR('',#3155,1.);
#3155 = DIRECTION('',(0.,0.,1.));
#3156 = ORIENTED_EDGE('',*,*,#3157,.T.);
#3157 = EDGE_CURVE('',#3150,#3075,#3158,.T.);
#3158 = LINE('',#3159,#3160);
#3159 = CARTESIAN_POINT('',(-91.09561985898,-16.2,-12.5));
#3160 = VECTOR('',#3161,1.);
#3161 = DIRECTION('',(-1.,0.,0.));
#3162 = ORIENTED_EDGE('',*,*,#3074,.F.);
#3163 = ORIENTED_EDGE('',*,*,#3106,.F.);
#3164 = ORIENTED_EDGE('',*,*,#3125,.T.);
#3165 = ORIENTED_EDGE('',*,*,#1727,.T.);
#3166 = ORIENTED_EDGE('',*,*,#3167,.F.);
#3167 = EDGE_CURVE('',#3168,#1720,#3170,.T.);
#3168 = VERTEX_POINT('',#3169);
#3169 = CARTESIAN_POINT('',(13.875,-16.2,-25.3));
#3170 = LINE('',#3171,#3172);
#3171 = CARTESIAN_POINT('',(13.875,-16.2,-25.3));
#3172 = VECTOR('',#3173,1.);
#3173 = DIRECTION('',(0.,0.,1.));
#3174 = ORIENTED_EDGE('',*,*,#3175,.T.);
#3175 = EDGE_CURVE('',#3168,#3176,#3178,.T.);
#3176 = VERTEX_POINT('',#3177);
#3177 = CARTESIAN_POINT('',(15.3,-16.2,-25.3));
#3178 = LINE('',#3179,#3180);
#3179 = CARTESIAN_POINT('',(13.875,-16.2,-25.3));
#3180 = VECTOR('',#3181,1.);
#3181 = DIRECTION('',(1.,0.,-0.));
#3182 = ORIENTED_EDGE('',*,*,#3183,.F.);
#3183 = EDGE_CURVE('',#3140,#3176,#3184,.T.);
#3184 = LINE('',#3185,#3186);
#3185 = CARTESIAN_POINT('',(15.3,-16.2,-26.22));
#3186 = VECTOR('',#3187,1.);
#3187 = DIRECTION('',(0.,0.,1.));
#3188 = PLANE('',#3189);
#3189 = AXIS2_PLACEMENT_3D('',#3190,#3191,#3192);
#3190 = CARTESIAN_POINT('',(17.808760282021,-16.2,-17.40709361535));
#3191 = DIRECTION('',(-0.,-1.,-0.));
#3192 = DIRECTION('',(0.,0.,-1.));
#3193 = ADVANCED_FACE('',(#3194),#3205,.F.);
#3194 = FACE_BOUND('',#3195,.F.);
#3195 = EDGE_LOOP('',(#3196,#3197,#3203,#3204));
#3196 = ORIENTED_EDGE('',*,*,#3167,.F.);
#3197 = ORIENTED_EDGE('',*,*,#3198,.T.);
#3198 = EDGE_CURVE('',#3168,#2941,#3199,.T.);
#3199 = LINE('',#3200,#3201);
#3200 = CARTESIAN_POINT('',(13.875,-16.2,-25.3));
#3201 = VECTOR('',#3202,1.);
#3202 = DIRECTION('',(-0.,1.,0.));
#3203 = ORIENTED_EDGE('',*,*,#2948,.T.);
#3204 = ORIENTED_EDGE('',*,*,#1719,.F.);
#3205 = PLANE('',#3206);
#3206 = AXIS2_PLACEMENT_3D('',#3207,#3208,#3209);
#3207 = CARTESIAN_POINT('',(13.875,-16.2,-25.3));
#3208 = DIRECTION('',(1.,0.,-0.));
#3209 = DIRECTION('',(0.,0.,1.));
#3210 = ADVANCED_FACE('',(#3211),#3229,.F.);
#3211 = FACE_BOUND('',#3212,.F.);
#3212 = EDGE_LOOP('',(#3213,#3214,#3222,#3228));
#3213 = ORIENTED_EDGE('',*,*,#3011,.F.);
#3214 = ORIENTED_EDGE('',*,*,#3215,.T.);
#3215 = EDGE_CURVE('',#3012,#3216,#3218,.T.);
#3216 = VERTEX_POINT('',#3217);
#3217 = CARTESIAN_POINT('',(13.875,16.2,-25.3));
#3218 = LINE('',#3219,#3220);
#3219 = CARTESIAN_POINT('',(13.875,15.2,-25.3));
#3220 = VECTOR('',#3221,1.);
#3221 = DIRECTION('',(-0.,1.,0.));
#3222 = ORIENTED_EDGE('',*,*,#3223,.T.);
#3223 = EDGE_CURVE('',#3216,#1680,#3224,.T.);
#3224 = LINE('',#3225,#3226);
#3225 = CARTESIAN_POINT('',(13.875,16.2,-25.3));
#3226 = VECTOR('',#3227,1.);
#3227 = DIRECTION('',(0.,0.,1.));
#3228 = ORIENTED_EDGE('',*,*,#1687,.F.);
#3229 = PLANE('',#3230);
#3230 = AXIS2_PLACEMENT_3D('',#3231,#3232,#3233);
#3231 = CARTESIAN_POINT('',(13.875,15.2,-25.3));
#3232 = DIRECTION('',(1.,0.,-0.));
#3233 = DIRECTION('',(0.,0.,1.));
#3234 = ADVANCED_FACE('',(#3235),#3269,.T.);
#3235 = FACE_BOUND('',#3236,.T.);
#3236 = EDGE_LOOP('',(#3237,#3247,#3253,#3254,#3255,#3263));
#3237 = ORIENTED_EDGE('',*,*,#3238,.T.);
#3238 = EDGE_CURVE('',#3239,#3241,#3243,.T.);
#3239 = VERTEX_POINT('',#3240);
#3240 = CARTESIAN_POINT('',(14.975,16.2,-13.5));
#3241 = VERTEX_POINT('',#3242);
#3242 = CARTESIAN_POINT('',(14.975,16.2,-25.3));
#3243 = LINE('',#3244,#3245);
#3244 = CARTESIAN_POINT('',(14.975,16.2,-25.76));
#3245 = VECTOR('',#3246,1.);
#3246 = DIRECTION('',(-0.,0.,-1.));
#3247 = ORIENTED_EDGE('',*,*,#3248,.F.);
#3248 = EDGE_CURVE('',#3216,#3241,#3249,.T.);
#3249 = LINE('',#3250,#3251);
#3250 = CARTESIAN_POINT('',(13.875,16.2,-25.3));
#3251 = VECTOR('',#3252,1.);
#3252 = DIRECTION('',(1.,0.,-0.));
#3253 = ORIENTED_EDGE('',*,*,#3223,.T.);
#3254 = ORIENTED_EDGE('',*,*,#1679,.F.);
#3255 = ORIENTED_EDGE('',*,*,#3256,.F.);
#3256 = EDGE_CURVE('',#3257,#1672,#3259,.T.);
#3257 = VERTEX_POINT('',#3258);
#3258 = CARTESIAN_POINT('',(14.875,16.2,-13.5));
#3259 = LINE('',#3260,#3261);
#3260 = CARTESIAN_POINT('',(14.875,16.2,-21.55));
#3261 = VECTOR('',#3262,1.);
#3262 = DIRECTION('',(0.,0.,-1.));
#3263 = ORIENTED_EDGE('',*,*,#3264,.T.);
#3264 = EDGE_CURVE('',#3257,#3239,#3265,.T.);
#3265 = LINE('',#3266,#3267);
#3266 = CARTESIAN_POINT('',(13.875,16.2,-13.5));
#3267 = VECTOR('',#3268,1.);
#3268 = DIRECTION('',(1.,0.,-0.));
#3269 = PLANE('',#3270);
#3270 = AXIS2_PLACEMENT_3D('',#3271,#3272,#3273);
#3271 = CARTESIAN_POINT('',(13.875,16.2,-25.3));
#3272 = DIRECTION('',(-0.,1.,0.));
#3273 = DIRECTION('',(0.,0.,1.));
#3274 = ADVANCED_FACE('',(#3275),#3293,.F.);
#3275 = FACE_BOUND('',#3276,.F.);
#3276 = EDGE_LOOP('',(#3277,#3278,#3279,#3285,#3286,#3287));
#3277 = ORIENTED_EDGE('',*,*,#1671,.F.);
#3278 = ORIENTED_EDGE('',*,*,#3256,.F.);
#3279 = ORIENTED_EDGE('',*,*,#3280,.T.);
#3280 = EDGE_CURVE('',#3257,#2508,#3281,.T.);
#3281 = LINE('',#3282,#3283);
#3282 = CARTESIAN_POINT('',(14.875,-1.825,-13.5));
#3283 = VECTOR('',#3284,1.);
#3284 = DIRECTION('',(0.,1.,-0.));
#3285 = ORIENTED_EDGE('',*,*,#2515,.T.);
#3286 = ORIENTED_EDGE('',*,*,#2466,.T.);
#3287 = ORIENTED_EDGE('',*,*,#3288,.F.);
#3288 = EDGE_CURVE('',#1663,#2467,#3289,.T.);
#3289 = LINE('',#3290,#3291);
#3290 = CARTESIAN_POINT('',(14.875,19.85,-17.8));
#3291 = VECTOR('',#3292,1.);
#3292 = DIRECTION('',(0.,0.,1.));
#3293 = PLANE('',#3294);
#3294 = AXIS2_PLACEMENT_3D('',#3295,#3296,#3297);
#3295 = CARTESIAN_POINT('',(14.875,-19.85,-17.8));
#3296 = DIRECTION('',(-1.,0.,0.));
#3297 = DIRECTION('',(0.,1.,0.));
#3298 = ADVANCED_FACE('',(#3299),#3310,.T.);
#3299 = FACE_BOUND('',#3300,.F.);
#3300 = EDGE_LOOP('',(#3301,#3302,#3303,#3304));
#3301 = ORIENTED_EDGE('',*,*,#1662,.F.);
#3302 = ORIENTED_EDGE('',*,*,#3288,.T.);
#3303 = ORIENTED_EDGE('',*,*,#2474,.F.);
#3304 = ORIENTED_EDGE('',*,*,#3305,.F.);
#3305 = EDGE_CURVE('',#1655,#2475,#3306,.T.);
#3306 = LINE('',#3307,#3308);
#3307 = CARTESIAN_POINT('',(9.875,24.85,-17.8));
#3308 = VECTOR('',#3309,1.);
#3309 = DIRECTION('',(0.,0.,1.));
#3310 = CYLINDRICAL_SURFACE('',#3311,5.);
#3311 = AXIS2_PLACEMENT_3D('',#3312,#3313,#3314);
#3312 = CARTESIAN_POINT('',(9.875,19.85,-17.8));
#3313 = DIRECTION('',(-0.,-0.,-1.));
#3314 = DIRECTION('',(1.,0.,-0.));
#3315 = ADVANCED_FACE('',(#3316),#3400,.F.);
#3316 = FACE_BOUND('',#3317,.F.);
#3317 = EDGE_LOOP('',(#3318,#3319,#3320,#3321,#3322,#3330,#3338,#3346,
    #3354,#3362,#3370,#3378,#3386,#3392,#3393,#3394));
#3318 = ORIENTED_EDGE('',*,*,#1654,.F.);
#3319 = ORIENTED_EDGE('',*,*,#3305,.T.);
#3320 = ORIENTED_EDGE('',*,*,#2483,.T.);
#3321 = ORIENTED_EDGE('',*,*,#2434,.T.);
#3322 = ORIENTED_EDGE('',*,*,#3323,.T.);
#3323 = EDGE_CURVE('',#2435,#3324,#3326,.T.);
#3324 = VERTEX_POINT('',#3325);
#3325 = CARTESIAN_POINT('',(7.2,24.85,-12.5));
#3326 = LINE('',#3327,#3328);
#3327 = CARTESIAN_POINT('',(9.875,24.85,-12.5));
#3328 = VECTOR('',#3329,1.);
#3329 = DIRECTION('',(-1.,0.,0.));
#3330 = ORIENTED_EDGE('',*,*,#3331,.F.);
#3331 = EDGE_CURVE('',#3332,#3324,#3334,.T.);
#3332 = VERTEX_POINT('',#3333);
#3333 = CARTESIAN_POINT('',(7.2,24.85,-13.5));
#3334 = LINE('',#3335,#3336);
#3335 = CARTESIAN_POINT('',(7.2,24.85,-15.65));
#3336 = VECTOR('',#3337,1.);
#3337 = DIRECTION('',(0.,0.,1.));
#3338 = ORIENTED_EDGE('',*,*,#3339,.T.);
#3339 = EDGE_CURVE('',#3332,#3340,#3342,.T.);
#3340 = VERTEX_POINT('',#3341);
#3341 = CARTESIAN_POINT('',(4.2,24.85,-13.5));
#3342 = LINE('',#3343,#3344);
#3343 = CARTESIAN_POINT('',(7.0375,24.85,-13.5));
#3344 = VECTOR('',#3345,1.);
#3345 = DIRECTION('',(-1.,0.,0.));
#3346 = ORIENTED_EDGE('',*,*,#3347,.T.);
#3347 = EDGE_CURVE('',#3340,#3348,#3350,.T.);
#3348 = VERTEX_POINT('',#3349);
#3349 = CARTESIAN_POINT('',(4.2,24.85,-12.5));
#3350 = LINE('',#3351,#3352);
#3351 = CARTESIAN_POINT('',(4.2,24.85,-15.65));
#3352 = VECTOR('',#3353,1.);
#3353 = DIRECTION('',(0.,0.,1.));
#3354 = ORIENTED_EDGE('',*,*,#3355,.T.);
#3355 = EDGE_CURVE('',#3348,#3356,#3358,.T.);
#3356 = VERTEX_POINT('',#3357);
#3357 = CARTESIAN_POINT('',(-4.5,24.85,-12.5));
#3358 = LINE('',#3359,#3360);
#3359 = CARTESIAN_POINT('',(9.875,24.85,-12.5));
#3360 = VECTOR('',#3361,1.);
#3361 = DIRECTION('',(-1.,0.,0.));
#3362 = ORIENTED_EDGE('',*,*,#3363,.F.);
#3363 = EDGE_CURVE('',#3364,#3356,#3366,.T.);
#3364 = VERTEX_POINT('',#3365);
#3365 = CARTESIAN_POINT('',(-4.5,24.85,-13.5));
#3366 = LINE('',#3367,#3368);
#3367 = CARTESIAN_POINT('',(-4.5,24.85,-15.65));
#3368 = VECTOR('',#3369,1.);
#3369 = DIRECTION('',(0.,0.,1.));
#3370 = ORIENTED_EDGE('',*,*,#3371,.T.);
#3371 = EDGE_CURVE('',#3364,#3372,#3374,.T.);
#3372 = VERTEX_POINT('',#3373);
#3373 = CARTESIAN_POINT('',(-7.,24.85,-13.5));
#3374 = LINE('',#3375,#3376);
#3375 = CARTESIAN_POINT('',(1.4375,24.85,-13.5));
#3376 = VECTOR('',#3377,1.);
#3377 = DIRECTION('',(-1.,0.,0.));
#3378 = ORIENTED_EDGE('',*,*,#3379,.T.);
#3379 = EDGE_CURVE('',#3372,#3380,#3382,.T.);
#3380 = VERTEX_POINT('',#3381);
#3381 = CARTESIAN_POINT('',(-7.,24.85,-12.5));
#3382 = LINE('',#3383,#3384);
#3383 = CARTESIAN_POINT('',(-7.,24.85,-15.65));
#3384 = VECTOR('',#3385,1.);
#3385 = DIRECTION('',(0.,0.,1.));
#3386 = ORIENTED_EDGE('',*,*,#3387,.T.);
#3387 = EDGE_CURVE('',#3380,#2404,#3388,.T.);
#3388 = LINE('',#3389,#3390);
#3389 = CARTESIAN_POINT('',(9.875,24.85,-12.5));
#3390 = VECTOR('',#3391,1.);
#3391 = DIRECTION('',(-1.,0.,0.));
#3392 = ORIENTED_EDGE('',*,*,#2403,.F.);
#3393 = ORIENTED_EDGE('',*,*,#2378,.T.);
#3394 = ORIENTED_EDGE('',*,*,#3395,.F.);
#3395 = EDGE_CURVE('',#1646,#2379,#3396,.T.);
#3396 = LINE('',#3397,#3398);
#3397 = CARTESIAN_POINT('',(-9.875,24.85,-17.8));
#3398 = VECTOR('',#3399,1.);
#3399 = DIRECTION('',(0.,0.,1.));
#3400 = PLANE('',#3401);
#3401 = AXIS2_PLACEMENT_3D('',#3402,#3403,#3404);
#3402 = CARTESIAN_POINT('',(9.875,24.85,-17.8));
#3403 = DIRECTION('',(0.,-1.,0.));
#3404 = DIRECTION('',(-1.,0.,0.));
#3405 = ADVANCED_FACE('',(#3406),#3412,.T.);
#3406 = FACE_BOUND('',#3407,.F.);
#3407 = EDGE_LOOP('',(#3408,#3409,#3410,#3411));
#3408 = ORIENTED_EDGE('',*,*,#1645,.F.);
#3409 = ORIENTED_EDGE('',*,*,#3395,.T.);
#3410 = ORIENTED_EDGE('',*,*,#2386,.F.);
#3411 = ORIENTED_EDGE('',*,*,#2032,.F.);
#3412 = CYLINDRICAL_SURFACE('',#3413,5.);
#3413 = AXIS2_PLACEMENT_3D('',#3414,#3415,#3416);
#3414 = CARTESIAN_POINT('',(-9.875,19.85,-17.8));
#3415 = DIRECTION('',(-0.,0.,-1.));
#3416 = DIRECTION('',(0.,1.,0.));
#3417 = ADVANCED_FACE('',(#3418),#3429,.F.);
#3418 = FACE_BOUND('',#3419,.F.);
#3419 = EDGE_LOOP('',(#3420,#3421,#3427,#3428));
#3420 = ORIENTED_EDGE('',*,*,#2321,.F.);
#3421 = ORIENTED_EDGE('',*,*,#3422,.F.);
#3422 = EDGE_CURVE('',#2345,#2287,#3423,.T.);
#3423 = LINE('',#3424,#3425);
#3424 = CARTESIAN_POINT('',(-16.2,-10.,-13.5));
#3425 = VECTOR('',#3426,1.);
#3426 = DIRECTION('',(-0.,1.,0.));
#3427 = ORIENTED_EDGE('',*,*,#2352,.T.);
#3428 = ORIENTED_EDGE('',*,*,#1870,.F.);
#3429 = PLANE('',#3430);
#3430 = AXIS2_PLACEMENT_3D('',#3431,#3432,#3433);
#3431 = CARTESIAN_POINT('',(-16.2,-10.,-13.5));
#3432 = DIRECTION('',(0.,0.,1.));
#3433 = DIRECTION('',(1.,0.,-0.));
#3434 = ADVANCED_FACE('',(#3435),#3451,.T.);
#3435 = FACE_BOUND('',#3436,.T.);
#3436 = EDGE_LOOP('',(#3437,#3443,#3444,#3450));
#3437 = ORIENTED_EDGE('',*,*,#3438,.T.);
#3438 = EDGE_CURVE('',#2161,#1985,#3439,.T.);
#3439 = LINE('',#3440,#3441);
#3440 = CARTESIAN_POINT('',(-16.2,-91.575,-12.5));
#3441 = VECTOR('',#3442,1.);
#3442 = DIRECTION('',(0.,1.,0.));
#3443 = ORIENTED_EDGE('',*,*,#2017,.F.);
#3444 = ORIENTED_EDGE('',*,*,#3445,.F.);
#3445 = EDGE_CURVE('',#2170,#2010,#3446,.T.);
#3446 = LINE('',#3447,#3448);
#3447 = CARTESIAN_POINT('',(-16.2,16.2,-13.5));
#3448 = VECTOR('',#3449,1.);
#3449 = DIRECTION('',(-0.,1.,0.));
#3450 = ORIENTED_EDGE('',*,*,#2169,.T.);
#3451 = PLANE('',#3452);
#3452 = AXIS2_PLACEMENT_3D('',#3453,#3454,#3455);
#3453 = CARTESIAN_POINT('',(-16.2,16.85,-11.25));
#3454 = DIRECTION('',(-1.,-0.,-0.));
#3455 = DIRECTION('',(0.,0.,-1.));
#3456 = ADVANCED_FACE('',(#3457),#3464,.F.);
#3457 = FACE_BOUND('',#3458,.F.);
#3458 = EDGE_LOOP('',(#3459,#3460,#3461,#3462,#3463));
#3459 = ORIENTED_EDGE('',*,*,#2009,.F.);
#3460 = ORIENTED_EDGE('',*,*,#3445,.F.);
#3461 = ORIENTED_EDGE('',*,*,#2177,.F.);
#3462 = ORIENTED_EDGE('',*,*,#2101,.T.);
#3463 = ORIENTED_EDGE('',*,*,#2047,.F.);
#3464 = PLANE('',#3465);
#3465 = AXIS2_PLACEMENT_3D('',#3466,#3467,#3468);
#3466 = CARTESIAN_POINT('',(-16.2,16.2,-13.5));
#3467 = DIRECTION('',(0.,0.,1.));
#3468 = DIRECTION('',(1.,0.,-0.));
#3469 = ADVANCED_FACE('',(#3470),#3480,.F.);
#3470 = FACE_BOUND('',#3471,.F.);
#3471 = EDGE_LOOP('',(#3472,#3473,#3474,#3475,#3476,#3477,#3478,#3479));
#3472 = ORIENTED_EDGE('',*,*,#2263,.T.);
#3473 = ORIENTED_EDGE('',*,*,#2304,.T.);
#3474 = ORIENTED_EDGE('',*,*,#2812,.F.);
#3475 = ORIENTED_EDGE('',*,*,#2134,.T.);
#3476 = ORIENTED_EDGE('',*,*,#2143,.T.);
#3477 = ORIENTED_EDGE('',*,*,#2229,.T.);
#3478 = ORIENTED_EDGE('',*,*,#2663,.F.);
#3479 = ORIENTED_EDGE('',*,*,#2726,.F.);
#3480 = PLANE('',#3481);
#3481 = AXIS2_PLACEMENT_3D('',#3482,#3483,#3484);
#3482 = CARTESIAN_POINT('',(-19.36,9.65,-21.33));
#3483 = DIRECTION('',(0.,0.,1.));
#3484 = DIRECTION('',(1.,0.,-0.));
#3485 = ADVANCED_FACE('',(#3486,#3497),#3508,.T.);
#3486 = FACE_BOUND('',#3487,.T.);
#3487 = EDGE_LOOP('',(#3488,#3489,#3495,#3496));
#3488 = ORIENTED_EDGE('',*,*,#2673,.F.);
#3489 = ORIENTED_EDGE('',*,*,#3490,.F.);
#3490 = EDGE_CURVE('',#2711,#2674,#3491,.T.);
#3491 = LINE('',#3492,#3493);
#3492 = CARTESIAN_POINT('',(-14.875,14.75,-17.4));
#3493 = VECTOR('',#3494,1.);
#3494 = DIRECTION('',(-0.,1.,0.));
#3495 = ORIENTED_EDGE('',*,*,#2718,.F.);
#3496 = ORIENTED_EDGE('',*,*,#2246,.F.);
#3497 = FACE_BOUND('',#3498,.T.);
#3498 = EDGE_LOOP('',(#3499));
#3499 = ORIENTED_EDGE('',*,*,#3500,.T.);
#3500 = EDGE_CURVE('',#3501,#3501,#3503,.T.);
#3501 = VERTEX_POINT('',#3502);
#3502 = CARTESIAN_POINT('',(-19.3625,9.6,-17.4));
#3503 = CIRCLE('',#3504,0.8);
#3504 = AXIS2_PLACEMENT_3D('',#3505,#3506,#3507);
#3505 = CARTESIAN_POINT('',(-20.1625,9.6,-17.4));
#3506 = DIRECTION('',(0.,0.,1.));
#3507 = DIRECTION('',(1.,0.,-0.));
#3508 = PLANE('',#3509);
#3509 = AXIS2_PLACEMENT_3D('',#3510,#3511,#3512);
#3510 = CARTESIAN_POINT('',(-19.16058231766,9.65,-17.4));
#3511 = DIRECTION('',(-0.,-0.,-1.));
#3512 = DIRECTION('',(-1.,0.,0.));
#3513 = ADVANCED_FACE('',(#3514),#3525,.T.);
#3514 = FACE_BOUND('',#3515,.T.);
#3515 = EDGE_LOOP('',(#3516,#3517,#3518,#3524));
#3516 = ORIENTED_EDGE('',*,*,#3422,.F.);
#3517 = ORIENTED_EDGE('',*,*,#2344,.T.);
#3518 = ORIENTED_EDGE('',*,*,#3519,.T.);
#3519 = EDGE_CURVE('',#2337,#2289,#3520,.T.);
#3520 = LINE('',#3521,#3522);
#3521 = CARTESIAN_POINT('',(-16.2,-101.625,-12.5));
#3522 = VECTOR('',#3523,1.);
#3523 = DIRECTION('',(0.,1.,0.));
#3524 = ORIENTED_EDGE('',*,*,#2286,.F.);
#3525 = PLANE('',#3526);
#3526 = AXIS2_PLACEMENT_3D('',#3527,#3528,#3529);
#3527 = CARTESIAN_POINT('',(-16.2,-3.25,-11.25));
#3528 = DIRECTION('',(-1.,-0.,-0.));
#3529 = DIRECTION('',(0.,0.,-1.));
#3530 = ADVANCED_FACE('',(#3531),#3550,.F.);
#3531 = FACE_BOUND('',#3532,.F.);
#3532 = EDGE_LOOP('',(#3533,#3542,#3548,#3549));
#3533 = ORIENTED_EDGE('',*,*,#3534,.F.);
#3534 = EDGE_CURVE('',#3535,#3535,#3537,.T.);
#3535 = VERTEX_POINT('',#3536);
#3536 = CARTESIAN_POINT('',(-19.3625,9.6,-12.5));
#3537 = CIRCLE('',#3538,0.8);
#3538 = AXIS2_PLACEMENT_3D('',#3539,#3540,#3541);
#3539 = CARTESIAN_POINT('',(-20.1625,9.6,-12.5));
#3540 = DIRECTION('',(0.,0.,1.));
#3541 = DIRECTION('',(1.,0.,-0.));
#3542 = ORIENTED_EDGE('',*,*,#3543,.F.);
#3543 = EDGE_CURVE('',#3501,#3535,#3544,.T.);
#3544 = LINE('',#3545,#3546);
#3545 = CARTESIAN_POINT('',(-19.3625,9.6,-17.5));
#3546 = VECTOR('',#3547,1.);
#3547 = DIRECTION('',(0.,0.,1.));
#3548 = ORIENTED_EDGE('',*,*,#3500,.T.);
#3549 = ORIENTED_EDGE('',*,*,#3543,.T.);
#3550 = CYLINDRICAL_SURFACE('',#3551,0.8);
#3551 = AXIS2_PLACEMENT_3D('',#3552,#3553,#3554);
#3552 = CARTESIAN_POINT('',(-20.1625,9.6,-17.5));
#3553 = DIRECTION('',(0.,0.,1.));
#3554 = DIRECTION('',(1.,0.,-0.));
#3555 = ADVANCED_FACE('',(#3556),#3581,.T.);
#3556 = FACE_BOUND('',#3557,.T.);
#3557 = EDGE_LOOP('',(#3558,#3566,#3574,#3580));
#3558 = ORIENTED_EDGE('',*,*,#3559,.T.);
#3559 = EDGE_CURVE('',#3380,#3560,#3562,.T.);
#3560 = VERTEX_POINT('',#3561);
#3561 = CARTESIAN_POINT('',(-7.,25.75,-12.5));
#3562 = LINE('',#3563,#3564);
#3563 = CARTESIAN_POINT('',(-7.,12.567310606061,-12.5));
#3564 = VECTOR('',#3565,1.);
#3565 = DIRECTION('',(0.,1.,0.));
#3566 = ORIENTED_EDGE('',*,*,#3567,.F.);
#3567 = EDGE_CURVE('',#3568,#3560,#3570,.T.);
#3568 = VERTEX_POINT('',#3569);
#3569 = CARTESIAN_POINT('',(-7.,25.75,-13.5));
#3570 = LINE('',#3571,#3572);
#3571 = CARTESIAN_POINT('',(-7.,25.75,-13.5));
#3572 = VECTOR('',#3573,1.);
#3573 = DIRECTION('',(0.,0.,1.));
#3574 = ORIENTED_EDGE('',*,*,#3575,.F.);
#3575 = EDGE_CURVE('',#3372,#3568,#3576,.T.);
#3576 = LINE('',#3577,#3578);
#3577 = CARTESIAN_POINT('',(-7.,24.95,-13.5));
#3578 = VECTOR('',#3579,1.);
#3579 = DIRECTION('',(-0.,1.,0.));
#3580 = ORIENTED_EDGE('',*,*,#3379,.T.);
#3581 = PLANE('',#3582);
#3582 = AXIS2_PLACEMENT_3D('',#3583,#3584,#3585);
#3583 = CARTESIAN_POINT('',(-7.,25.134621212121,-11.5028030303));
#3584 = DIRECTION('',(-1.,-0.,-0.));
#3585 = DIRECTION('',(0.,0.,-1.));
#3586 = ADVANCED_FACE('',(#3587),#3628,.T.);
#3587 = FACE_BOUND('',#3588,.T.);
#3588 = EDGE_LOOP('',(#3589,#3597,#3598,#3606,#3614,#3622));
#3589 = ORIENTED_EDGE('',*,*,#3590,.T.);
#3590 = EDGE_CURVE('',#3591,#3324,#3593,.T.);
#3591 = VERTEX_POINT('',#3592);
#3592 = CARTESIAN_POINT('',(7.2,27.45,-12.5));
#3593 = LINE('',#3594,#3595);
#3594 = CARTESIAN_POINT('',(7.2,-86.98944444444,-12.5));
#3595 = VECTOR('',#3596,1.);
#3596 = DIRECTION('',(0.,-1.,0.));
#3597 = ORIENTED_EDGE('',*,*,#3331,.F.);
#3598 = ORIENTED_EDGE('',*,*,#3599,.T.);
#3599 = EDGE_CURVE('',#3332,#3600,#3602,.T.);
#3600 = VERTEX_POINT('',#3601);
#3601 = CARTESIAN_POINT('',(7.2,25.05,-13.5));
#3602 = LINE('',#3603,#3604);
#3603 = CARTESIAN_POINT('',(7.2,23.85,-13.5));
#3604 = VECTOR('',#3605,1.);
#3605 = DIRECTION('',(-0.,1.,0.));
#3606 = ORIENTED_EDGE('',*,*,#3607,.F.);
#3607 = EDGE_CURVE('',#3608,#3600,#3610,.T.);
#3608 = VERTEX_POINT('',#3609);
#3609 = CARTESIAN_POINT('',(7.2,25.05,-15.3));
#3610 = LINE('',#3611,#3612);
#3611 = CARTESIAN_POINT('',(7.2,25.05,-15.3));
#3612 = VECTOR('',#3613,1.);
#3613 = DIRECTION('',(0.,0.,1.));
#3614 = ORIENTED_EDGE('',*,*,#3615,.T.);
#3615 = EDGE_CURVE('',#3608,#3616,#3618,.T.);
#3616 = VERTEX_POINT('',#3617);
#3617 = CARTESIAN_POINT('',(7.2,27.45,-15.3));
#3618 = LINE('',#3619,#3620);
#3619 = CARTESIAN_POINT('',(7.2,25.05,-15.3));
#3620 = VECTOR('',#3621,1.);
#3621 = DIRECTION('',(-0.,1.,0.));
#3622 = ORIENTED_EDGE('',*,*,#3623,.T.);
#3623 = EDGE_CURVE('',#3616,#3591,#3624,.T.);
#3624 = LINE('',#3625,#3626);
#3625 = CARTESIAN_POINT('',(7.2,27.45,-15.3));
#3626 = VECTOR('',#3627,1.);
#3627 = DIRECTION('',(0.,0.,1.));
#3628 = PLANE('',#3629);
#3629 = AXIS2_PLACEMENT_3D('',#3630,#3631,#3632);
#3630 = CARTESIAN_POINT('',(7.2,26.021111111111,-12.20191919191));
#3631 = DIRECTION('',(1.,0.,0.));
#3632 = DIRECTION('',(-0.,0.,1.));
#3633 = ADVANCED_FACE('',(#3634),#3675,.T.);
#3634 = FACE_BOUND('',#3635,.T.);
#3635 = EDGE_LOOP('',(#3636,#3644,#3652,#3660,#3668,#3674));
#3636 = ORIENTED_EDGE('',*,*,#3637,.T.);
#3637 = EDGE_CURVE('',#3348,#3638,#3640,.T.);
#3638 = VERTEX_POINT('',#3639);
#3639 = CARTESIAN_POINT('',(4.2,27.45,-12.5));
#3640 = LINE('',#3641,#3642);
#3641 = CARTESIAN_POINT('',(4.2,13.010555555556,-12.5));
#3642 = VECTOR('',#3643,1.);
#3643 = DIRECTION('',(0.,1.,0.));
#3644 = ORIENTED_EDGE('',*,*,#3645,.F.);
#3645 = EDGE_CURVE('',#3646,#3638,#3648,.T.);
#3646 = VERTEX_POINT('',#3647);
#3647 = CARTESIAN_POINT('',(4.2,27.45,-15.3));
#3648 = LINE('',#3649,#3650);
#3649 = CARTESIAN_POINT('',(4.2,27.45,-15.3));
#3650 = VECTOR('',#3651,1.);
#3651 = DIRECTION('',(0.,0.,1.));
#3652 = ORIENTED_EDGE('',*,*,#3653,.F.);
#3653 = EDGE_CURVE('',#3654,#3646,#3656,.T.);
#3654 = VERTEX_POINT('',#3655);
#3655 = CARTESIAN_POINT('',(4.2,25.05,-15.3));
#3656 = LINE('',#3657,#3658);
#3657 = CARTESIAN_POINT('',(4.2,25.05,-15.3));
#3658 = VECTOR('',#3659,1.);
#3659 = DIRECTION('',(-0.,1.,0.));
#3660 = ORIENTED_EDGE('',*,*,#3661,.T.);
#3661 = EDGE_CURVE('',#3654,#3662,#3664,.T.);
#3662 = VERTEX_POINT('',#3663);
#3663 = CARTESIAN_POINT('',(4.2,25.05,-13.5));
#3664 = LINE('',#3665,#3666);
#3665 = CARTESIAN_POINT('',(4.2,25.05,-15.3));
#3666 = VECTOR('',#3667,1.);
#3667 = DIRECTION('',(0.,0.,1.));
#3668 = ORIENTED_EDGE('',*,*,#3669,.F.);
#3669 = EDGE_CURVE('',#3340,#3662,#3670,.T.);
#3670 = LINE('',#3671,#3672);
#3671 = CARTESIAN_POINT('',(4.2,23.85,-13.5));
#3672 = VECTOR('',#3673,1.);
#3673 = DIRECTION('',(-0.,1.,0.));
#3674 = ORIENTED_EDGE('',*,*,#3347,.T.);
#3675 = PLANE('',#3676);
#3676 = AXIS2_PLACEMENT_3D('',#3677,#3678,#3679);
#3677 = CARTESIAN_POINT('',(4.2,26.021111111111,-12.20191919191));
#3678 = DIRECTION('',(-1.,-0.,-0.));
#3679 = DIRECTION('',(0.,0.,-1.));
#3680 = ADVANCED_FACE('',(#3681),#3706,.T.);
#3681 = FACE_BOUND('',#3682,.T.);
#3682 = EDGE_LOOP('',(#3683,#3691,#3692,#3700));
#3683 = ORIENTED_EDGE('',*,*,#3684,.T.);
#3684 = EDGE_CURVE('',#3685,#3356,#3687,.T.);
#3685 = VERTEX_POINT('',#3686);
#3686 = CARTESIAN_POINT('',(-4.5,25.75,-12.5));
#3687 = LINE('',#3688,#3689);
#3688 = CARTESIAN_POINT('',(-4.5,-87.43268939393,-12.5));
#3689 = VECTOR('',#3690,1.);
#3690 = DIRECTION('',(0.,-1.,0.));
#3691 = ORIENTED_EDGE('',*,*,#3363,.F.);
#3692 = ORIENTED_EDGE('',*,*,#3693,.T.);
#3693 = EDGE_CURVE('',#3364,#3694,#3696,.T.);
#3694 = VERTEX_POINT('',#3695);
#3695 = CARTESIAN_POINT('',(-4.5,25.75,-13.5));
#3696 = LINE('',#3697,#3698);
#3697 = CARTESIAN_POINT('',(-4.5,23.65,-13.5));
#3698 = VECTOR('',#3699,1.);
#3699 = DIRECTION('',(-0.,1.,0.));
#3700 = ORIENTED_EDGE('',*,*,#3701,.T.);
#3701 = EDGE_CURVE('',#3694,#3685,#3702,.T.);
#3702 = LINE('',#3703,#3704);
#3703 = CARTESIAN_POINT('',(-4.5,25.75,-13.5));
#3704 = VECTOR('',#3705,1.);
#3705 = DIRECTION('',(0.,0.,1.));
#3706 = PLANE('',#3707);
#3707 = AXIS2_PLACEMENT_3D('',#3708,#3709,#3710);
#3708 = CARTESIAN_POINT('',(-4.5,25.134621212121,-11.5028030303));
#3709 = DIRECTION('',(1.,0.,0.));
#3710 = DIRECTION('',(-0.,0.,1.));
#3711 = ADVANCED_FACE('',(#3712),#3737,.T.);
#3712 = FACE_BOUND('',#3713,.T.);
#3713 = EDGE_LOOP('',(#3714,#3722,#3730,#3736));
#3714 = ORIENTED_EDGE('',*,*,#3715,.T.);
#3715 = EDGE_CURVE('',#2500,#3716,#3718,.T.);
#3716 = VERTEX_POINT('',#3717);
#3717 = CARTESIAN_POINT('',(16.2,16.7,-12.5));
#3718 = LINE('',#3719,#3720);
#3719 = CARTESIAN_POINT('',(16.2,-91.54827586206,-12.5));
#3720 = VECTOR('',#3721,1.);
#3721 = DIRECTION('',(0.,-1.,0.));
#3722 = ORIENTED_EDGE('',*,*,#3723,.F.);
#3723 = EDGE_CURVE('',#3724,#3716,#3726,.T.);
#3724 = VERTEX_POINT('',#3725);
#3725 = CARTESIAN_POINT('',(16.2,16.7,-13.5));
#3726 = LINE('',#3727,#3728);
#3727 = CARTESIAN_POINT('',(16.2,16.7,-19.86));
#3728 = VECTOR('',#3729,1.);
#3729 = DIRECTION('',(0.,0.,1.));
#3730 = ORIENTED_EDGE('',*,*,#3731,.T.);
#3731 = EDGE_CURVE('',#3724,#2498,#3732,.T.);
#3732 = LINE('',#3733,#3734);
#3733 = CARTESIAN_POINT('',(16.2,16.2,-13.5));
#3734 = VECTOR('',#3735,1.);
#3735 = DIRECTION('',(-0.,1.,0.));
#3736 = ORIENTED_EDGE('',*,*,#2497,.T.);
#3737 = PLANE('',#3738);
#3738 = AXIS2_PLACEMENT_3D('',#3739,#3740,#3741);
#3739 = CARTESIAN_POINT('',(16.2,16.903448275862,-11.19655172413));
#3740 = DIRECTION('',(1.,0.,0.));
#3741 = DIRECTION('',(-0.,0.,1.));
#3742 = ADVANCED_FACE('',(#3743),#3763,.F.);
#3743 = FACE_BOUND('',#3744,.F.);
#3744 = EDGE_LOOP('',(#3745,#3746,#3747,#3755,#3761,#3762));
#3745 = ORIENTED_EDGE('',*,*,#3280,.F.);
#3746 = ORIENTED_EDGE('',*,*,#3264,.T.);
#3747 = ORIENTED_EDGE('',*,*,#3748,.T.);
#3748 = EDGE_CURVE('',#3239,#3749,#3751,.T.);
#3749 = VERTEX_POINT('',#3750);
#3750 = CARTESIAN_POINT('',(14.975,16.7,-13.5));
#3751 = LINE('',#3752,#3753);
#3752 = CARTESIAN_POINT('',(14.975,16.195,-13.5));
#3753 = VECTOR('',#3754,1.);
#3754 = DIRECTION('',(-0.,1.,0.));
#3755 = ORIENTED_EDGE('',*,*,#3756,.F.);
#3756 = EDGE_CURVE('',#3724,#3749,#3757,.T.);
#3757 = LINE('',#3758,#3759);
#3758 = CARTESIAN_POINT('',(14.425,16.7,-13.5));
#3759 = VECTOR('',#3760,1.);
#3760 = DIRECTION('',(-1.,-0.,0.));
#3761 = ORIENTED_EDGE('',*,*,#3731,.T.);
#3762 = ORIENTED_EDGE('',*,*,#2507,.F.);
#3763 = PLANE('',#3764);
#3764 = AXIS2_PLACEMENT_3D('',#3765,#3766,#3767);
#3765 = CARTESIAN_POINT('',(13.875,16.2,-13.5));
#3766 = DIRECTION('',(0.,0.,1.));
#3767 = DIRECTION('',(1.,0.,-0.));
#3768 = ADVANCED_FACE('',(#3769,#3772),#3783,.F.);
#3769 = FACE_BOUND('',#3770,.F.);
#3770 = EDGE_LOOP('',(#3771));
#3771 = ORIENTED_EDGE('',*,*,#2546,.T.);
#3772 = FACE_BOUND('',#3773,.F.);
#3773 = EDGE_LOOP('',(#3774));
#3774 = ORIENTED_EDGE('',*,*,#3775,.F.);
#3775 = EDGE_CURVE('',#3776,#3776,#3778,.T.);
#3776 = VERTEX_POINT('',#3777);
#3777 = CARTESIAN_POINT('',(14.2,4.,-25.5));
#3778 = CIRCLE('',#3779,1.);
#3779 = AXIS2_PLACEMENT_3D('',#3780,#3781,#3782);
#3780 = CARTESIAN_POINT('',(13.2,4.,-25.5));
#3781 = DIRECTION('',(0.,0.,1.));
#3782 = DIRECTION('',(1.,0.,-0.));
#3783 = PLANE('',#3784);
#3784 = AXIS2_PLACEMENT_3D('',#3785,#3786,#3787);
#3785 = CARTESIAN_POINT('',(13.2,4.,-25.5));
#3786 = DIRECTION('',(0.,0.,1.));
#3787 = DIRECTION('',(1.,0.,-0.));
#3788 = ADVANCED_FACE('',(#3789,#3792),#3803,.F.);
#3789 = FACE_BOUND('',#3790,.F.);
#3790 = EDGE_LOOP('',(#3791));
#3791 = ORIENTED_EDGE('',*,*,#2595,.T.);
#3792 = FACE_BOUND('',#3793,.F.);
#3793 = EDGE_LOOP('',(#3794));
#3794 = ORIENTED_EDGE('',*,*,#3795,.F.);
#3795 = EDGE_CURVE('',#3796,#3796,#3798,.T.);
#3796 = VERTEX_POINT('',#3797);
#3797 = CARTESIAN_POINT('',(14.2,20.,-25.5));
#3798 = CIRCLE('',#3799,1.);
#3799 = AXIS2_PLACEMENT_3D('',#3800,#3801,#3802);
#3800 = CARTESIAN_POINT('',(13.2,20.,-25.5));
#3801 = DIRECTION('',(0.,0.,1.));
#3802 = DIRECTION('',(1.,0.,-0.));
#3803 = PLANE('',#3804);
#3804 = AXIS2_PLACEMENT_3D('',#3805,#3806,#3807);
#3805 = CARTESIAN_POINT('',(13.2,20.,-25.5));
#3806 = DIRECTION('',(0.,0.,1.));
#3807 = DIRECTION('',(1.,0.,-0.));
#3808 = ADVANCED_FACE('',(#3809),#3815,.F.);
#3809 = FACE_BOUND('',#3810,.F.);
#3810 = EDGE_LOOP('',(#3811,#3812,#3813,#3814));
#3811 = ORIENTED_EDGE('',*,*,#2742,.F.);
#3812 = ORIENTED_EDGE('',*,*,#2682,.T.);
#3813 = ORIENTED_EDGE('',*,*,#3490,.F.);
#3814 = ORIENTED_EDGE('',*,*,#2710,.F.);
#3815 = PLANE('',#3816);
#3816 = AXIS2_PLACEMENT_3D('',#3817,#3818,#3819);
#3817 = CARTESIAN_POINT('',(-14.875,19.85,-17.8));
#3818 = DIRECTION('',(1.,0.,-0.));
#3819 = DIRECTION('',(0.,-1.,0.));
#3820 = ADVANCED_FACE('',(#3821,#3824),#3835,.F.);
#3821 = FACE_BOUND('',#3822,.F.);
#3822 = EDGE_LOOP('',(#3823));
#3823 = ORIENTED_EDGE('',*,*,#2792,.T.);
#3824 = FACE_BOUND('',#3825,.F.);
#3825 = EDGE_LOOP('',(#3826));
#3826 = ORIENTED_EDGE('',*,*,#3827,.F.);
#3827 = EDGE_CURVE('',#3828,#3828,#3830,.T.);
#3828 = VERTEX_POINT('',#3829);
#3829 = CARTESIAN_POINT('',(-12.2,4.,-25.5));
#3830 = CIRCLE('',#3831,1.);
#3831 = AXIS2_PLACEMENT_3D('',#3832,#3833,#3834);
#3832 = CARTESIAN_POINT('',(-13.2,4.,-25.5));
#3833 = DIRECTION('',(0.,0.,1.));
#3834 = DIRECTION('',(1.,0.,-0.));
#3835 = PLANE('',#3836);
#3836 = AXIS2_PLACEMENT_3D('',#3837,#3838,#3839);
#3837 = CARTESIAN_POINT('',(-13.2,4.,-25.5));
#3838 = DIRECTION('',(0.,0.,1.));
#3839 = DIRECTION('',(1.,0.,-0.));
#3840 = ADVANCED_FACE('',(#3841,#3844),#3855,.F.);
#3841 = FACE_BOUND('',#3842,.F.);
#3842 = EDGE_LOOP('',(#3843));
#3843 = ORIENTED_EDGE('',*,*,#2863,.T.);
#3844 = FACE_BOUND('',#3845,.F.);
#3845 = EDGE_LOOP('',(#3846));
#3846 = ORIENTED_EDGE('',*,*,#3847,.F.);
#3847 = EDGE_CURVE('',#3848,#3848,#3850,.T.);
#3848 = VERTEX_POINT('',#3849);
#3849 = CARTESIAN_POINT('',(-12.2,20.,-25.5));
#3850 = CIRCLE('',#3851,1.);
#3851 = AXIS2_PLACEMENT_3D('',#3852,#3853,#3854);
#3852 = CARTESIAN_POINT('',(-13.2,20.,-25.5));
#3853 = DIRECTION('',(0.,0.,1.));
#3854 = DIRECTION('',(1.,0.,-0.));
#3855 = PLANE('',#3856);
#3856 = AXIS2_PLACEMENT_3D('',#3857,#3858,#3859);
#3857 = CARTESIAN_POINT('',(-13.2,20.,-25.5));
#3858 = DIRECTION('',(0.,0.,1.));
#3859 = DIRECTION('',(1.,0.,-0.));
#3860 = ADVANCED_FACE('',(#3861),#3877,.T.);
#3861 = FACE_BOUND('',#3862,.T.);
#3862 = EDGE_LOOP('',(#3863,#3864,#3870,#3871));
#3863 = ORIENTED_EDGE('',*,*,#3149,.F.);
#3864 = ORIENTED_EDGE('',*,*,#3865,.T.);
#3865 = EDGE_CURVE('',#3142,#2901,#3866,.T.);
#3866 = LINE('',#3867,#3868);
#3867 = CARTESIAN_POINT('',(20.995,-16.2,-26.22));
#3868 = VECTOR('',#3869,1.);
#3869 = DIRECTION('',(-0.,1.,0.));
#3870 = ORIENTED_EDGE('',*,*,#2900,.T.);
#3871 = ORIENTED_EDGE('',*,*,#3872,.T.);
#3872 = EDGE_CURVE('',#2893,#3150,#3873,.T.);
#3873 = LINE('',#3874,#3875);
#3874 = CARTESIAN_POINT('',(20.995,-107.85,-12.5));
#3875 = VECTOR('',#3876,1.);
#3876 = DIRECTION('',(0.,-1.,0.));
#3877 = PLANE('',#3878);
#3878 = AXIS2_PLACEMENT_3D('',#3879,#3880,#3881);
#3879 = CARTESIAN_POINT('',(20.995,-15.7,-17.61));
#3880 = DIRECTION('',(1.,0.,0.));
#3881 = DIRECTION('',(-0.,0.,1.));
#3882 = ADVANCED_FACE('',(#3883),#3894,.F.);
#3883 = FACE_BOUND('',#3884,.F.);
#3884 = EDGE_LOOP('',(#3885,#3886,#3887,#3888));
#3885 = ORIENTED_EDGE('',*,*,#2940,.F.);
#3886 = ORIENTED_EDGE('',*,*,#3198,.F.);
#3887 = ORIENTED_EDGE('',*,*,#3175,.T.);
#3888 = ORIENTED_EDGE('',*,*,#3889,.F.);
#3889 = EDGE_CURVE('',#2933,#3176,#3890,.T.);
#3890 = LINE('',#3891,#3892);
#3891 = CARTESIAN_POINT('',(15.3,-15.56794783659,-25.3));
#3892 = VECTOR('',#3893,1.);
#3893 = DIRECTION('',(0.,-1.,0.));
#3894 = PLANE('',#3895);
#3895 = AXIS2_PLACEMENT_3D('',#3896,#3897,#3898);
#3896 = CARTESIAN_POINT('',(13.875,-16.2,-25.3));
#3897 = DIRECTION('',(0.,0.,1.));
#3898 = DIRECTION('',(1.,0.,-0.));
#3899 = ADVANCED_FACE('',(#3900),#3935,.T.);
#3900 = FACE_BOUND('',#3901,.T.);
#3901 = EDGE_LOOP('',(#3902,#3903,#3911,#3919,#3927,#3933,#3934));
#3902 = ORIENTED_EDGE('',*,*,#2932,.T.);
#3903 = ORIENTED_EDGE('',*,*,#3904,.T.);
#3904 = EDGE_CURVE('',#2925,#3905,#3907,.T.);
#3905 = VERTEX_POINT('',#3906);
#3906 = CARTESIAN_POINT('',(15.3,-14.6,-25.02));
#3907 = LINE('',#3908,#3909);
#3908 = CARTESIAN_POINT('',(15.3,-15.21,-25.02));
#3909 = VECTOR('',#3910,1.);
#3910 = DIRECTION('',(0.,1.,0.));
#3911 = ORIENTED_EDGE('',*,*,#3912,.T.);
#3912 = EDGE_CURVE('',#3905,#3913,#3915,.T.);
#3913 = VERTEX_POINT('',#3914);
#3914 = CARTESIAN_POINT('',(15.3,-14.6,-25.82));
#3915 = LINE('',#3916,#3917);
#3916 = CARTESIAN_POINT('',(15.3,-14.6,-25.02));
#3917 = VECTOR('',#3918,1.);
#3918 = DIRECTION('',(0.,0.,-1.));
#3919 = ORIENTED_EDGE('',*,*,#3920,.T.);
#3920 = EDGE_CURVE('',#3913,#3921,#3923,.T.);
#3921 = VERTEX_POINT('',#3922);
#3922 = CARTESIAN_POINT('',(15.3,-15.,-26.22));
#3923 = LINE('',#3924,#3925);
#3924 = CARTESIAN_POINT('',(15.3,-14.6,-25.82));
#3925 = VECTOR('',#3926,1.);
#3926 = DIRECTION('',(0.,-0.707106781187,-0.707106781187));
#3927 = ORIENTED_EDGE('',*,*,#3928,.T.);
#3928 = EDGE_CURVE('',#3921,#3140,#3929,.T.);
#3929 = LINE('',#3930,#3931);
#3930 = CARTESIAN_POINT('',(15.3,-15.,-26.22));
#3931 = VECTOR('',#3932,1.);
#3932 = DIRECTION('',(0.,-1.,0.));
#3933 = ORIENTED_EDGE('',*,*,#3183,.T.);
#3934 = ORIENTED_EDGE('',*,*,#3889,.F.);
#3935 = PLANE('',#3936);
#3936 = AXIS2_PLACEMENT_3D('',#3937,#3938,#3939);
#3937 = CARTESIAN_POINT('',(15.3,-15.38892755533,-25.63980626174));
#3938 = DIRECTION('',(-1.,-0.,-3.605761454534E-16));
#3939 = DIRECTION('',(3.605761454534E-16,0.,-1.));
#3940 = ADVANCED_FACE('',(#3941),#3959,.T.);
#3941 = FACE_BOUND('',#3942,.T.);
#3942 = EDGE_LOOP('',(#3943,#3944,#3945,#3953));
#3943 = ORIENTED_EDGE('',*,*,#3904,.F.);
#3944 = ORIENTED_EDGE('',*,*,#2924,.T.);
#3945 = ORIENTED_EDGE('',*,*,#3946,.T.);
#3946 = EDGE_CURVE('',#2917,#3947,#3949,.T.);
#3947 = VERTEX_POINT('',#3948);
#3948 = CARTESIAN_POINT('',(19.495,-14.6,-25.02));
#3949 = LINE('',#3950,#3951);
#3950 = CARTESIAN_POINT('',(19.495,-15.21,-25.02));
#3951 = VECTOR('',#3952,1.);
#3952 = DIRECTION('',(0.,1.,0.));
#3953 = ORIENTED_EDGE('',*,*,#3954,.F.);
#3954 = EDGE_CURVE('',#3905,#3947,#3955,.T.);
#3955 = LINE('',#3956,#3957);
#3956 = CARTESIAN_POINT('',(15.3,-14.6,-25.02));
#3957 = VECTOR('',#3958,1.);
#3958 = DIRECTION('',(1.,0.,0.));
#3959 = PLANE('',#3960);
#3960 = AXIS2_PLACEMENT_3D('',#3961,#3962,#3963);
#3961 = CARTESIAN_POINT('',(15.3,-15.21,-25.02));
#3962 = DIRECTION('',(0.,0.,1.));
#3963 = DIRECTION('',(0.,1.,0.));
#3964 = ADVANCED_FACE('',(#3965),#3991,.F.);
#3965 = FACE_BOUND('',#3966,.F.);
#3966 = EDGE_LOOP('',(#3967,#3968,#3969,#3977,#3985));
#3967 = ORIENTED_EDGE('',*,*,#2916,.T.);
#3968 = ORIENTED_EDGE('',*,*,#3946,.T.);
#3969 = ORIENTED_EDGE('',*,*,#3970,.T.);
#3970 = EDGE_CURVE('',#3947,#3971,#3973,.T.);
#3971 = VERTEX_POINT('',#3972);
#3972 = CARTESIAN_POINT('',(19.495,-14.6,-25.82));
#3973 = LINE('',#3974,#3975);
#3974 = CARTESIAN_POINT('',(19.495,-14.6,-25.02));
#3975 = VECTOR('',#3976,1.);
#3976 = DIRECTION('',(0.,0.,-1.));
#3977 = ORIENTED_EDGE('',*,*,#3978,.T.);
#3978 = EDGE_CURVE('',#3971,#3979,#3981,.T.);
#3979 = VERTEX_POINT('',#3980);
#3980 = CARTESIAN_POINT('',(19.495,-15.,-26.22));
#3981 = LINE('',#3982,#3983);
#3982 = CARTESIAN_POINT('',(19.495,-14.6,-25.82));
#3983 = VECTOR('',#3984,1.);
#3984 = DIRECTION('',(0.,-0.707106781187,-0.707106781187));
#3985 = ORIENTED_EDGE('',*,*,#3986,.T.);
#3986 = EDGE_CURVE('',#3979,#2909,#3987,.T.);
#3987 = LINE('',#3988,#3989);
#3988 = CARTESIAN_POINT('',(19.495,-15.,-26.22));
#3989 = VECTOR('',#3990,1.);
#3990 = DIRECTION('',(0.,-1.,0.));
#3991 = PLANE('',#3992);
#3992 = AXIS2_PLACEMENT_3D('',#3993,#3994,#3995);
#3993 = CARTESIAN_POINT('',(19.495,-14.93589567318,-25.56868813601));
#3994 = DIRECTION('',(-1.,-0.,-0.));
#3995 = DIRECTION('',(0.,0.,-1.));
#3996 = ADVANCED_FACE('',(#3997),#4010,.T.);
#3997 = FACE_BOUND('',#3998,.T.);
#3998 = EDGE_LOOP('',(#3999,#4000,#4006,#4007,#4008,#4009));
#3999 = ORIENTED_EDGE('',*,*,#3928,.F.);
#4000 = ORIENTED_EDGE('',*,*,#4001,.T.);
#4001 = EDGE_CURVE('',#3921,#3979,#4002,.T.);
#4002 = LINE('',#4003,#4004);
#4003 = CARTESIAN_POINT('',(15.3,-15.,-26.22));
#4004 = VECTOR('',#4005,1.);
#4005 = DIRECTION('',(1.,0.,0.));
#4006 = ORIENTED_EDGE('',*,*,#3986,.T.);
#4007 = ORIENTED_EDGE('',*,*,#2908,.T.);
#4008 = ORIENTED_EDGE('',*,*,#3865,.F.);
#4009 = ORIENTED_EDGE('',*,*,#3139,.F.);
#4010 = PLANE('',#4011);
#4011 = AXIS2_PLACEMENT_3D('',#4012,#4013,#4014);
#4012 = CARTESIAN_POINT('',(18.125745105149,-15.62175489485,-26.22));
#4013 = DIRECTION('',(-0.,-0.,-1.));
#4014 = DIRECTION('',(-1.,0.,0.));
#4015 = ADVANCED_FACE('',(#4016),#4041,.T.);
#4016 = FACE_BOUND('',#4017,.T.);
#4017 = EDGE_LOOP('',(#4018,#4019,#4027,#4035));
#4018 = ORIENTED_EDGE('',*,*,#2993,.F.);
#4019 = ORIENTED_EDGE('',*,*,#4020,.T.);
#4020 = EDGE_CURVE('',#2994,#4021,#4023,.T.);
#4021 = VERTEX_POINT('',#4022);
#4022 = CARTESIAN_POINT('',(20.995,16.7,-26.22));
#4023 = LINE('',#4024,#4025);
#4024 = CARTESIAN_POINT('',(20.995,15.2,-26.22));
#4025 = VECTOR('',#4026,1.);
#4026 = DIRECTION('',(-0.,1.,0.));
#4027 = ORIENTED_EDGE('',*,*,#4028,.T.);
#4028 = EDGE_CURVE('',#4021,#4029,#4031,.T.);
#4029 = VERTEX_POINT('',#4030);
#4030 = CARTESIAN_POINT('',(20.995,16.7,-12.5));
#4031 = LINE('',#4032,#4033);
#4032 = CARTESIAN_POINT('',(20.995,16.7,-26.22));
#4033 = VECTOR('',#4034,1.);
#4034 = DIRECTION('',(0.,0.,1.));
#4035 = ORIENTED_EDGE('',*,*,#4036,.T.);
#4036 = EDGE_CURVE('',#4029,#2996,#4037,.T.);
#4037 = LINE('',#4038,#4039);
#4038 = CARTESIAN_POINT('',(20.995,-92.04676816239,-12.5));
#4039 = VECTOR('',#4040,1.);
#4040 = DIRECTION('',(0.,-1.,0.));
#4041 = PLANE('',#4042);
#4042 = AXIS2_PLACEMENT_3D('',#4043,#4044,#4045);
#4043 = CARTESIAN_POINT('',(20.995,15.906463675214,-17.65353632478));
#4044 = DIRECTION('',(1.,0.,0.));
#4045 = DIRECTION('',(-0.,0.,1.));
#4046 = ADVANCED_FACE('',(#4047),#4097,.T.);
#4047 = FACE_BOUND('',#4048,.T.);
#4048 = EDGE_LOOP('',(#4049,#4057,#4058,#4059,#4067,#4075,#4083,#4091));
#4049 = ORIENTED_EDGE('',*,*,#4050,.T.);
#4050 = EDGE_CURVE('',#4051,#4021,#4053,.T.);
#4051 = VERTEX_POINT('',#4052);
#4052 = CARTESIAN_POINT('',(14.975,16.7,-26.22));
#4053 = LINE('',#4054,#4055);
#4054 = CARTESIAN_POINT('',(14.975,16.7,-26.22));
#4055 = VECTOR('',#4056,1.);
#4056 = DIRECTION('',(1.,0.,-0.));
#4057 = ORIENTED_EDGE('',*,*,#4020,.F.);
#4058 = ORIENTED_EDGE('',*,*,#3051,.F.);
#4059 = ORIENTED_EDGE('',*,*,#4060,.F.);
#4060 = EDGE_CURVE('',#4061,#3044,#4063,.T.);
#4061 = VERTEX_POINT('',#4062);
#4062 = CARTESIAN_POINT('',(20.195,15.9,-26.22));
#4063 = LINE('',#4064,#4065);
#4064 = CARTESIAN_POINT('',(20.195,15.580696476064,-26.22));
#4065 = VECTOR('',#4066,1.);
#4066 = DIRECTION('',(0.,-1.,0.));
#4067 = ORIENTED_EDGE('',*,*,#4068,.F.);
#4068 = EDGE_CURVE('',#4069,#4061,#4071,.T.);
#4069 = VERTEX_POINT('',#4070);
#4070 = CARTESIAN_POINT('',(15.3,15.9,-26.22));
#4071 = LINE('',#4072,#4073);
#4072 = CARTESIAN_POINT('',(16.615696476064,15.9,-26.22));
#4073 = VECTOR('',#4074,1.);
#4074 = DIRECTION('',(1.,0.,-0.));
#4075 = ORIENTED_EDGE('',*,*,#4076,.T.);
#4076 = EDGE_CURVE('',#4069,#4077,#4079,.T.);
#4077 = VERTEX_POINT('',#4078);
#4078 = CARTESIAN_POINT('',(15.3,16.19,-26.22));
#4079 = LINE('',#4080,#4081);
#4080 = CARTESIAN_POINT('',(15.3,15.2,-26.22));
#4081 = VECTOR('',#4082,1.);
#4082 = DIRECTION('',(-0.,1.,0.));
#4083 = ORIENTED_EDGE('',*,*,#4084,.F.);
#4084 = EDGE_CURVE('',#4085,#4077,#4087,.T.);
#4085 = VERTEX_POINT('',#4086);
#4086 = CARTESIAN_POINT('',(14.975,16.19,-26.22));
#4087 = LINE('',#4088,#4089);
#4088 = CARTESIAN_POINT('',(14.975,16.19,-26.22));
#4089 = VECTOR('',#4090,1.);
#4090 = DIRECTION('',(1.,0.,-0.));
#4091 = ORIENTED_EDGE('',*,*,#4092,.T.);
#4092 = EDGE_CURVE('',#4085,#4051,#4093,.T.);
#4093 = LINE('',#4094,#4095);
#4094 = CARTESIAN_POINT('',(14.975,16.19,-26.22));
#4095 = VECTOR('',#4096,1.);
#4096 = DIRECTION('',(-0.,1.,0.));
#4097 = PLANE('',#4098);
#4098 = AXIS2_PLACEMENT_3D('',#4099,#4100,#4101);
#4099 = CARTESIAN_POINT('',(18.006392952128,15.971392952128,-26.22));
#4100 = DIRECTION('',(-0.,-0.,-1.));
#4101 = DIRECTION('',(-1.,0.,0.));
#4102 = ADVANCED_FACE('',(#4103),#4121,.F.);
#4103 = FACE_BOUND('',#4104,.F.);
#4104 = EDGE_LOOP('',(#4105,#4113,#4114,#4115));
#4105 = ORIENTED_EDGE('',*,*,#4106,.F.);
#4106 = EDGE_CURVE('',#3036,#4107,#4109,.T.);
#4107 = VERTEX_POINT('',#4108);
#4108 = CARTESIAN_POINT('',(20.195,15.9,-13.06));
#4109 = LINE('',#4110,#4111);
#4110 = CARTESIAN_POINT('',(20.195,15.19,-13.06));
#4111 = VECTOR('',#4112,1.);
#4112 = DIRECTION('',(-0.,1.,0.));
#4113 = ORIENTED_EDGE('',*,*,#3043,.F.);
#4114 = ORIENTED_EDGE('',*,*,#4060,.F.);
#4115 = ORIENTED_EDGE('',*,*,#4116,.T.);
#4116 = EDGE_CURVE('',#4061,#4107,#4117,.T.);
#4117 = LINE('',#4118,#4119);
#4118 = CARTESIAN_POINT('',(20.195,15.9,-27.22));
#4119 = VECTOR('',#4120,1.);
#4120 = DIRECTION('',(0.,0.,1.));
#4121 = PLANE('',#4122);
#4122 = AXIS2_PLACEMENT_3D('',#4123,#4124,#4125);
#4123 = CARTESIAN_POINT('',(20.195,15.19,-27.22));
#4124 = DIRECTION('',(1.,0.,-0.));
#4125 = DIRECTION('',(0.,0.,1.));
#4126 = ADVANCED_FACE('',(#4127),#4145,.F.);
#4127 = FACE_BOUND('',#4128,.F.);
#4128 = EDGE_LOOP('',(#4129,#4137,#4138,#4139));
#4129 = ORIENTED_EDGE('',*,*,#4130,.F.);
#4130 = EDGE_CURVE('',#3028,#4131,#4133,.T.);
#4131 = VERTEX_POINT('',#4132);
#4132 = CARTESIAN_POINT('',(15.225,15.9,-13.06));
#4133 = LINE('',#4134,#4135);
#4134 = CARTESIAN_POINT('',(15.225,15.19,-13.06));
#4135 = VECTOR('',#4136,1.);
#4136 = DIRECTION('',(-0.,1.,0.));
#4137 = ORIENTED_EDGE('',*,*,#3035,.T.);
#4138 = ORIENTED_EDGE('',*,*,#4106,.T.);
#4139 = ORIENTED_EDGE('',*,*,#4140,.F.);
#4140 = EDGE_CURVE('',#4131,#4107,#4141,.T.);
#4141 = LINE('',#4142,#4143);
#4142 = CARTESIAN_POINT('',(15.225,15.9,-13.06));
#4143 = VECTOR('',#4144,1.);
#4144 = DIRECTION('',(1.,0.,-0.));
#4145 = PLANE('',#4146);
#4146 = AXIS2_PLACEMENT_3D('',#4147,#4148,#4149);
#4147 = CARTESIAN_POINT('',(15.225,15.19,-13.06));
#4148 = DIRECTION('',(0.,0.,1.));
#4149 = DIRECTION('',(1.,0.,-0.));
#4150 = ADVANCED_FACE('',(#4151),#4169,.T.);
#4151 = FACE_BOUND('',#4152,.T.);
#4152 = EDGE_LOOP('',(#4153,#4154,#4162,#4168));
#4153 = ORIENTED_EDGE('',*,*,#3027,.F.);
#4154 = ORIENTED_EDGE('',*,*,#4155,.T.);
#4155 = EDGE_CURVE('',#3020,#4156,#4158,.T.);
#4156 = VERTEX_POINT('',#4157);
#4157 = CARTESIAN_POINT('',(15.225,15.9,-25.3));
#4158 = LINE('',#4159,#4160);
#4159 = CARTESIAN_POINT('',(15.225,15.195,-25.3));
#4160 = VECTOR('',#4161,1.);
#4161 = DIRECTION('',(-0.,1.,0.));
#4162 = ORIENTED_EDGE('',*,*,#4163,.T.);
#4163 = EDGE_CURVE('',#4156,#4131,#4164,.T.);
#4164 = LINE('',#4165,#4166);
#4165 = CARTESIAN_POINT('',(15.225,15.9,-27.22));
#4166 = VECTOR('',#4167,1.);
#4167 = DIRECTION('',(0.,0.,1.));
#4168 = ORIENTED_EDGE('',*,*,#4130,.F.);
#4169 = PLANE('',#4170);
#4170 = AXIS2_PLACEMENT_3D('',#4171,#4172,#4173);
#4171 = CARTESIAN_POINT('',(15.225,15.19,-27.22));
#4172 = DIRECTION('',(1.,0.,-0.));
#4173 = DIRECTION('',(0.,0.,1.));
#4174 = ADVANCED_FACE('',(#4175),#4211,.F.);
#4175 = FACE_BOUND('',#4176,.F.);
#4176 = EDGE_LOOP('',(#4177,#4178,#4179,#4180,#4181,#4189,#4197,#4205));
#4177 = ORIENTED_EDGE('',*,*,#3248,.F.);
#4178 = ORIENTED_EDGE('',*,*,#3215,.F.);
#4179 = ORIENTED_EDGE('',*,*,#3019,.T.);
#4180 = ORIENTED_EDGE('',*,*,#4155,.T.);
#4181 = ORIENTED_EDGE('',*,*,#4182,.F.);
#4182 = EDGE_CURVE('',#4183,#4156,#4185,.T.);
#4183 = VERTEX_POINT('',#4184);
#4184 = CARTESIAN_POINT('',(15.3,15.9,-25.3));
#4185 = LINE('',#4186,#4187);
#4186 = CARTESIAN_POINT('',(14.55,15.9,-25.3));
#4187 = VECTOR('',#4188,1.);
#4188 = DIRECTION('',(-1.,-0.,0.));
#4189 = ORIENTED_EDGE('',*,*,#4190,.T.);
#4190 = EDGE_CURVE('',#4183,#4191,#4193,.T.);
#4191 = VERTEX_POINT('',#4192);
#4192 = CARTESIAN_POINT('',(15.3,16.19,-25.3));
#4193 = LINE('',#4194,#4195);
#4194 = CARTESIAN_POINT('',(15.3,15.2,-25.3));
#4195 = VECTOR('',#4196,1.);
#4196 = DIRECTION('',(-0.,1.,0.));
#4197 = ORIENTED_EDGE('',*,*,#4198,.T.);
#4198 = EDGE_CURVE('',#4191,#4199,#4201,.T.);
#4199 = VERTEX_POINT('',#4200);
#4200 = CARTESIAN_POINT('',(14.975,16.19,-25.3));
#4201 = LINE('',#4202,#4203);
#4202 = CARTESIAN_POINT('',(14.425,16.19,-25.3));
#4203 = VECTOR('',#4204,1.);
#4204 = DIRECTION('',(-1.,-0.,0.));
#4205 = ORIENTED_EDGE('',*,*,#4206,.T.);
#4206 = EDGE_CURVE('',#4199,#3241,#4207,.T.);
#4207 = LINE('',#4208,#4209);
#4208 = CARTESIAN_POINT('',(14.975,15.695,-25.3));
#4209 = VECTOR('',#4210,1.);
#4210 = DIRECTION('',(-0.,1.,0.));
#4211 = PLANE('',#4212);
#4212 = AXIS2_PLACEMENT_3D('',#4213,#4214,#4215);
#4213 = CARTESIAN_POINT('',(13.875,15.2,-25.3));
#4214 = DIRECTION('',(0.,0.,1.));
#4215 = DIRECTION('',(1.,0.,-0.));
#4216 = ADVANCED_FACE('',(#4217),#4235,.T.);
#4217 = FACE_BOUND('',#4218,.T.);
#4218 = EDGE_LOOP('',(#4219,#4220,#4221,#4227,#4228,#4229));
#4219 = ORIENTED_EDGE('',*,*,#4028,.F.);
#4220 = ORIENTED_EDGE('',*,*,#4050,.F.);
#4221 = ORIENTED_EDGE('',*,*,#4222,.T.);
#4222 = EDGE_CURVE('',#4051,#3749,#4223,.T.);
#4223 = LINE('',#4224,#4225);
#4224 = CARTESIAN_POINT('',(14.975,16.7,-26.22));
#4225 = VECTOR('',#4226,1.);
#4226 = DIRECTION('',(0.,0.,1.));
#4227 = ORIENTED_EDGE('',*,*,#3756,.F.);
#4228 = ORIENTED_EDGE('',*,*,#3723,.T.);
#4229 = ORIENTED_EDGE('',*,*,#4230,.T.);
#4230 = EDGE_CURVE('',#3716,#4029,#4231,.T.);
#4231 = LINE('',#4232,#4233);
#4232 = CARTESIAN_POINT('',(-92.5125,16.7,-12.5));
#4233 = VECTOR('',#4234,1.);
#4234 = DIRECTION('',(1.,0.,-0.));
#4235 = PLANE('',#4236);
#4236 = AXIS2_PLACEMENT_3D('',#4237,#4238,#4239);
#4237 = CARTESIAN_POINT('',(14.975,16.7,-26.22));
#4238 = DIRECTION('',(-0.,1.,0.));
#4239 = DIRECTION('',(0.,0.,1.));
#4240 = ADVANCED_FACE('',(#4241),#4254,.F.);
#4241 = FACE_BOUND('',#4242,.F.);
#4242 = EDGE_LOOP('',(#4243,#4249,#4250,#4251,#4252,#4253));
#4243 = ORIENTED_EDGE('',*,*,#4244,.F.);
#4244 = EDGE_CURVE('',#4085,#4199,#4245,.T.);
#4245 = LINE('',#4246,#4247);
#4246 = CARTESIAN_POINT('',(14.975,16.19,-26.22));
#4247 = VECTOR('',#4248,1.);
#4248 = DIRECTION('',(0.,0.,1.));
#4249 = ORIENTED_EDGE('',*,*,#4092,.T.);
#4250 = ORIENTED_EDGE('',*,*,#4222,.T.);
#4251 = ORIENTED_EDGE('',*,*,#3748,.F.);
#4252 = ORIENTED_EDGE('',*,*,#3238,.T.);
#4253 = ORIENTED_EDGE('',*,*,#4206,.F.);
#4254 = PLANE('',#4255);
#4255 = AXIS2_PLACEMENT_3D('',#4256,#4257,#4258);
#4256 = CARTESIAN_POINT('',(14.975,16.19,-26.22));
#4257 = DIRECTION('',(1.,0.,-0.));
#4258 = DIRECTION('',(0.,0.,1.));
#4259 = ADVANCED_FACE('',(#4260),#4271,.T.);
#4260 = FACE_BOUND('',#4261,.T.);
#4261 = EDGE_LOOP('',(#4262,#4263,#4269,#4270));
#4262 = ORIENTED_EDGE('',*,*,#3575,.T.);
#4263 = ORIENTED_EDGE('',*,*,#4264,.T.);
#4264 = EDGE_CURVE('',#3568,#3694,#4265,.T.);
#4265 = LINE('',#4266,#4267);
#4266 = CARTESIAN_POINT('',(-7.,25.75,-13.5));
#4267 = VECTOR('',#4268,1.);
#4268 = DIRECTION('',(1.,0.,-0.));
#4269 = ORIENTED_EDGE('',*,*,#3693,.F.);
#4270 = ORIENTED_EDGE('',*,*,#3371,.T.);
#4271 = PLANE('',#4272);
#4272 = AXIS2_PLACEMENT_3D('',#4273,#4274,#4275);
#4273 = CARTESIAN_POINT('',(-5.75,25.3,-13.5));
#4274 = DIRECTION('',(-0.,-0.,-1.));
#4275 = DIRECTION('',(-1.,0.,0.));
#4276 = ADVANCED_FACE('',(#4277),#4288,.F.);
#4277 = FACE_BOUND('',#4278,.T.);
#4278 = EDGE_LOOP('',(#4279,#4285,#4286,#4287));
#4279 = ORIENTED_EDGE('',*,*,#4280,.T.);
#4280 = EDGE_CURVE('',#3662,#3600,#4281,.T.);
#4281 = LINE('',#4282,#4283);
#4282 = CARTESIAN_POINT('',(4.2,25.05,-13.5));
#4283 = VECTOR('',#4284,1.);
#4284 = DIRECTION('',(1.,0.,-0.));
#4285 = ORIENTED_EDGE('',*,*,#3599,.F.);
#4286 = ORIENTED_EDGE('',*,*,#3339,.T.);
#4287 = ORIENTED_EDGE('',*,*,#3669,.T.);
#4288 = PLANE('',#4289);
#4289 = AXIS2_PLACEMENT_3D('',#4290,#4291,#4292);
#4290 = CARTESIAN_POINT('',(4.2,23.85,-13.5));
#4291 = DIRECTION('',(0.,0.,1.));
#4292 = DIRECTION('',(1.,0.,-0.));
#4293 = ADVANCED_FACE('',(#4294),#4305,.T.);
#4294 = FACE_BOUND('',#4295,.T.);
#4295 = EDGE_LOOP('',(#4296,#4297,#4298,#4299));
#4296 = ORIENTED_EDGE('',*,*,#3701,.F.);
#4297 = ORIENTED_EDGE('',*,*,#4264,.F.);
#4298 = ORIENTED_EDGE('',*,*,#3567,.T.);
#4299 = ORIENTED_EDGE('',*,*,#4300,.T.);
#4300 = EDGE_CURVE('',#3560,#3685,#4301,.T.);
#4301 = LINE('',#4302,#4303);
#4302 = CARTESIAN_POINT('',(-103.5,25.75,-12.5));
#4303 = VECTOR('',#4304,1.);
#4304 = DIRECTION('',(1.,0.,-0.));
#4305 = PLANE('',#4306);
#4306 = AXIS2_PLACEMENT_3D('',#4307,#4308,#4309);
#4307 = CARTESIAN_POINT('',(-7.,25.75,-13.5));
#4308 = DIRECTION('',(-0.,1.,0.));
#4309 = DIRECTION('',(0.,0.,1.));
#4310 = ADVANCED_FACE('',(#4311),#4327,.T.);
#4311 = FACE_BOUND('',#4312,.T.);
#4312 = EDGE_LOOP('',(#4313,#4314,#4320,#4321));
#4313 = ORIENTED_EDGE('',*,*,#3623,.F.);
#4314 = ORIENTED_EDGE('',*,*,#4315,.F.);
#4315 = EDGE_CURVE('',#3646,#3616,#4316,.T.);
#4316 = LINE('',#4317,#4318);
#4317 = CARTESIAN_POINT('',(4.2,27.45,-15.3));
#4318 = VECTOR('',#4319,1.);
#4319 = DIRECTION('',(1.,0.,-0.));
#4320 = ORIENTED_EDGE('',*,*,#3645,.T.);
#4321 = ORIENTED_EDGE('',*,*,#4322,.T.);
#4322 = EDGE_CURVE('',#3638,#3591,#4323,.T.);
#4323 = LINE('',#4324,#4325);
#4324 = CARTESIAN_POINT('',(-97.15,27.45,-12.5));
#4325 = VECTOR('',#4326,1.);
#4326 = DIRECTION('',(1.,0.,0.));
#4327 = PLANE('',#4328);
#4328 = AXIS2_PLACEMENT_3D('',#4329,#4330,#4331);
#4329 = CARTESIAN_POINT('',(5.7,27.45,-12.15));
#4330 = DIRECTION('',(0.,1.,0.));
#4331 = DIRECTION('',(0.,-0.,1.));
#4332 = ADVANCED_FACE('',(#4333),#4344,.F.);
#4333 = FACE_BOUND('',#4334,.F.);
#4334 = EDGE_LOOP('',(#4335,#4336,#4342,#4343));
#4335 = ORIENTED_EDGE('',*,*,#3653,.F.);
#4336 = ORIENTED_EDGE('',*,*,#4337,.T.);
#4337 = EDGE_CURVE('',#3654,#3608,#4338,.T.);
#4338 = LINE('',#4339,#4340);
#4339 = CARTESIAN_POINT('',(4.2,25.05,-15.3));
#4340 = VECTOR('',#4341,1.);
#4341 = DIRECTION('',(1.,0.,-0.));
#4342 = ORIENTED_EDGE('',*,*,#3615,.T.);
#4343 = ORIENTED_EDGE('',*,*,#4315,.F.);
#4344 = PLANE('',#4345);
#4345 = AXIS2_PLACEMENT_3D('',#4346,#4347,#4348);
#4346 = CARTESIAN_POINT('',(4.2,25.05,-15.3));
#4347 = DIRECTION('',(0.,0.,1.));
#4348 = DIRECTION('',(1.,0.,-0.));
#4349 = ADVANCED_FACE('',(#4350),#4356,.F.);
#4350 = FACE_BOUND('',#4351,.F.);
#4351 = EDGE_LOOP('',(#4352,#4353,#4354,#4355));
#4352 = ORIENTED_EDGE('',*,*,#3607,.F.);
#4353 = ORIENTED_EDGE('',*,*,#4337,.F.);
#4354 = ORIENTED_EDGE('',*,*,#3661,.T.);
#4355 = ORIENTED_EDGE('',*,*,#4280,.T.);
#4356 = PLANE('',#4357);
#4357 = AXIS2_PLACEMENT_3D('',#4358,#4359,#4360);
#4358 = CARTESIAN_POINT('',(4.2,25.05,-15.3));
#4359 = DIRECTION('',(-0.,1.,0.));
#4360 = DIRECTION('',(0.,0.,1.));
#4361 = ADVANCED_FACE('',(#4362),#4381,.T.);
#4362 = FACE_BOUND('',#4363,.T.);
#4363 = EDGE_LOOP('',(#4364,#4365,#4373,#4380));
#4364 = ORIENTED_EDGE('',*,*,#3775,.F.);
#4365 = ORIENTED_EDGE('',*,*,#4366,.F.);
#4366 = EDGE_CURVE('',#4367,#3776,#4369,.T.);
#4367 = VERTEX_POINT('',#4368);
#4368 = CARTESIAN_POINT('',(14.2,4.,-27.));
#4369 = LINE('',#4370,#4371);
#4370 = CARTESIAN_POINT('',(14.2,4.,-27.));
#4371 = VECTOR('',#4372,1.);
#4372 = DIRECTION('',(0.,0.,1.));
#4373 = ORIENTED_EDGE('',*,*,#4374,.T.);
#4374 = EDGE_CURVE('',#4367,#4367,#4375,.T.);
#4375 = CIRCLE('',#4376,1.);
#4376 = AXIS2_PLACEMENT_3D('',#4377,#4378,#4379);
#4377 = CARTESIAN_POINT('',(13.2,4.,-27.));
#4378 = DIRECTION('',(0.,0.,1.));
#4379 = DIRECTION('',(1.,0.,-0.));
#4380 = ORIENTED_EDGE('',*,*,#4366,.T.);
#4381 = CYLINDRICAL_SURFACE('',#4382,1.);
#4382 = AXIS2_PLACEMENT_3D('',#4383,#4384,#4385);
#4383 = CARTESIAN_POINT('',(13.2,4.,-27.));
#4384 = DIRECTION('',(0.,0.,1.));
#4385 = DIRECTION('',(1.,0.,-0.));
#4386 = ADVANCED_FACE('',(#4387),#4406,.T.);
#4387 = FACE_BOUND('',#4388,.T.);
#4388 = EDGE_LOOP('',(#4389,#4390,#4398,#4405));
#4389 = ORIENTED_EDGE('',*,*,#3795,.F.);
#4390 = ORIENTED_EDGE('',*,*,#4391,.F.);
#4391 = EDGE_CURVE('',#4392,#3796,#4394,.T.);
#4392 = VERTEX_POINT('',#4393);
#4393 = CARTESIAN_POINT('',(14.2,20.,-27.));
#4394 = LINE('',#4395,#4396);
#4395 = CARTESIAN_POINT('',(14.2,20.,-27.));
#4396 = VECTOR('',#4397,1.);
#4397 = DIRECTION('',(0.,0.,1.));
#4398 = ORIENTED_EDGE('',*,*,#4399,.T.);
#4399 = EDGE_CURVE('',#4392,#4392,#4400,.T.);
#4400 = CIRCLE('',#4401,1.);
#4401 = AXIS2_PLACEMENT_3D('',#4402,#4403,#4404);
#4402 = CARTESIAN_POINT('',(13.2,20.,-27.));
#4403 = DIRECTION('',(0.,0.,1.));
#4404 = DIRECTION('',(1.,0.,-0.));
#4405 = ORIENTED_EDGE('',*,*,#4391,.T.);
#4406 = CYLINDRICAL_SURFACE('',#4407,1.);
#4407 = AXIS2_PLACEMENT_3D('',#4408,#4409,#4410);
#4408 = CARTESIAN_POINT('',(13.2,20.,-27.));
#4409 = DIRECTION('',(0.,0.,1.));
#4410 = DIRECTION('',(1.,0.,-0.));
#4411 = ADVANCED_FACE('',(#4412),#4431,.T.);
#4412 = FACE_BOUND('',#4413,.T.);
#4413 = EDGE_LOOP('',(#4414,#4415,#4423,#4430));
#4414 = ORIENTED_EDGE('',*,*,#3827,.F.);
#4415 = ORIENTED_EDGE('',*,*,#4416,.F.);
#4416 = EDGE_CURVE('',#4417,#3828,#4419,.T.);
#4417 = VERTEX_POINT('',#4418);
#4418 = CARTESIAN_POINT('',(-12.2,4.,-27.));
#4419 = LINE('',#4420,#4421);
#4420 = CARTESIAN_POINT('',(-12.2,4.,-27.));
#4421 = VECTOR('',#4422,1.);
#4422 = DIRECTION('',(0.,0.,1.));
#4423 = ORIENTED_EDGE('',*,*,#4424,.T.);
#4424 = EDGE_CURVE('',#4417,#4417,#4425,.T.);
#4425 = CIRCLE('',#4426,1.);
#4426 = AXIS2_PLACEMENT_3D('',#4427,#4428,#4429);
#4427 = CARTESIAN_POINT('',(-13.2,4.,-27.));
#4428 = DIRECTION('',(0.,0.,1.));
#4429 = DIRECTION('',(1.,0.,-0.));
#4430 = ORIENTED_EDGE('',*,*,#4416,.T.);
#4431 = CYLINDRICAL_SURFACE('',#4432,1.);
#4432 = AXIS2_PLACEMENT_3D('',#4433,#4434,#4435);
#4433 = CARTESIAN_POINT('',(-13.2,4.,-27.));
#4434 = DIRECTION('',(0.,0.,1.));
#4435 = DIRECTION('',(1.,0.,-0.));
#4436 = ADVANCED_FACE('',(#4437),#4456,.T.);
#4437 = FACE_BOUND('',#4438,.T.);
#4438 = EDGE_LOOP('',(#4439,#4440,#4448,#4455));
#4439 = ORIENTED_EDGE('',*,*,#3847,.F.);
#4440 = ORIENTED_EDGE('',*,*,#4441,.F.);
#4441 = EDGE_CURVE('',#4442,#3848,#4444,.T.);
#4442 = VERTEX_POINT('',#4443);
#4443 = CARTESIAN_POINT('',(-12.2,20.,-27.));
#4444 = LINE('',#4445,#4446);
#4445 = CARTESIAN_POINT('',(-12.2,20.,-27.));
#4446 = VECTOR('',#4447,1.);
#4447 = DIRECTION('',(0.,0.,1.));
#4448 = ORIENTED_EDGE('',*,*,#4449,.T.);
#4449 = EDGE_CURVE('',#4442,#4442,#4450,.T.);
#4450 = CIRCLE('',#4451,1.);
#4451 = AXIS2_PLACEMENT_3D('',#4452,#4453,#4454);
#4452 = CARTESIAN_POINT('',(-13.2,20.,-27.));
#4453 = DIRECTION('',(0.,0.,1.));
#4454 = DIRECTION('',(1.,0.,-0.));
#4455 = ORIENTED_EDGE('',*,*,#4441,.T.);
#4456 = CYLINDRICAL_SURFACE('',#4457,1.);
#4457 = AXIS2_PLACEMENT_3D('',#4458,#4459,#4460);
#4458 = CARTESIAN_POINT('',(-13.2,20.,-27.));
#4459 = DIRECTION('',(0.,0.,1.));
#4460 = DIRECTION('',(1.,0.,-0.));
#4461 = ADVANCED_FACE('',(#4462),#4473,.T.);
#4462 = FACE_BOUND('',#4463,.T.);
#4463 = EDGE_LOOP('',(#4464,#4465,#4466,#4472));
#4464 = ORIENTED_EDGE('',*,*,#3954,.T.);
#4465 = ORIENTED_EDGE('',*,*,#3970,.T.);
#4466 = ORIENTED_EDGE('',*,*,#4467,.F.);
#4467 = EDGE_CURVE('',#3913,#3971,#4468,.T.);
#4468 = LINE('',#4469,#4470);
#4469 = CARTESIAN_POINT('',(15.3,-14.6,-25.82));
#4470 = VECTOR('',#4471,1.);
#4471 = DIRECTION('',(1.,0.,0.));
#4472 = ORIENTED_EDGE('',*,*,#3912,.F.);
#4473 = PLANE('',#4474);
#4474 = AXIS2_PLACEMENT_3D('',#4475,#4476,#4477);
#4475 = CARTESIAN_POINT('',(15.3,-14.6,-25.02));
#4476 = DIRECTION('',(-0.,1.,0.));
#4477 = DIRECTION('',(0.,0.,-1.));
#4478 = ADVANCED_FACE('',(#4479),#4485,.T.);
#4479 = FACE_BOUND('',#4480,.T.);
#4480 = EDGE_LOOP('',(#4481,#4482,#4483,#4484));
#4481 = ORIENTED_EDGE('',*,*,#4467,.T.);
#4482 = ORIENTED_EDGE('',*,*,#3978,.T.);
#4483 = ORIENTED_EDGE('',*,*,#4001,.F.);
#4484 = ORIENTED_EDGE('',*,*,#3920,.F.);
#4485 = PLANE('',#4486);
#4486 = AXIS2_PLACEMENT_3D('',#4487,#4488,#4489);
#4487 = CARTESIAN_POINT('',(15.3,-14.6,-25.82));
#4488 = DIRECTION('',(0.,0.707106781187,-0.707106781187));
#4489 = DIRECTION('',(0.,-0.707106781187,-0.707106781187));
#4490 = ADVANCED_FACE('',(#4491),#4502,.F.);
#4491 = FACE_BOUND('',#4492,.F.);
#4492 = EDGE_LOOP('',(#4493,#4494,#4495,#4496));
#4493 = ORIENTED_EDGE('',*,*,#4084,.F.);
#4494 = ORIENTED_EDGE('',*,*,#4244,.T.);
#4495 = ORIENTED_EDGE('',*,*,#4198,.F.);
#4496 = ORIENTED_EDGE('',*,*,#4497,.F.);
#4497 = EDGE_CURVE('',#4077,#4191,#4498,.T.);
#4498 = LINE('',#4499,#4500);
#4499 = CARTESIAN_POINT('',(15.3,16.19,-26.22));
#4500 = VECTOR('',#4501,1.);
#4501 = DIRECTION('',(0.,0.,1.));
#4502 = PLANE('',#4503);
#4503 = AXIS2_PLACEMENT_3D('',#4504,#4505,#4506);
#4504 = CARTESIAN_POINT('',(14.975,16.19,-26.22));
#4505 = DIRECTION('',(-0.,1.,0.));
#4506 = DIRECTION('',(0.,0.,1.));
#4507 = ADVANCED_FACE('',(#4508),#4519,.F.);
#4508 = FACE_BOUND('',#4509,.F.);
#4509 = EDGE_LOOP('',(#4510,#4516,#4517,#4518));
#4510 = ORIENTED_EDGE('',*,*,#4511,.F.);
#4511 = EDGE_CURVE('',#4069,#4183,#4512,.T.);
#4512 = LINE('',#4513,#4514);
#4513 = CARTESIAN_POINT('',(15.3,15.9,-26.72));
#4514 = VECTOR('',#4515,1.);
#4515 = DIRECTION('',(0.,0.,1.));
#4516 = ORIENTED_EDGE('',*,*,#4076,.T.);
#4517 = ORIENTED_EDGE('',*,*,#4497,.T.);
#4518 = ORIENTED_EDGE('',*,*,#4190,.F.);
#4519 = PLANE('',#4520);
#4520 = AXIS2_PLACEMENT_3D('',#4521,#4522,#4523);
#4521 = CARTESIAN_POINT('',(15.3,15.2,-26.22));
#4522 = DIRECTION('',(1.,0.,-0.));
#4523 = DIRECTION('',(0.,0.,1.));
#4524 = ADVANCED_FACE('',(#4525),#4533,.F.);
#4525 = FACE_BOUND('',#4526,.F.);
#4526 = EDGE_LOOP('',(#4527,#4528,#4529,#4530,#4531,#4532));
#4527 = ORIENTED_EDGE('',*,*,#4116,.F.);
#4528 = ORIENTED_EDGE('',*,*,#4068,.F.);
#4529 = ORIENTED_EDGE('',*,*,#4511,.T.);
#4530 = ORIENTED_EDGE('',*,*,#4182,.T.);
#4531 = ORIENTED_EDGE('',*,*,#4163,.T.);
#4532 = ORIENTED_EDGE('',*,*,#4140,.T.);
#4533 = PLANE('',#4534);
#4534 = AXIS2_PLACEMENT_3D('',#4535,#4536,#4537);
#4535 = CARTESIAN_POINT('',(15.225,15.9,-27.22));
#4536 = DIRECTION('',(-0.,1.,0.));
#4537 = DIRECTION('',(0.,0.,1.));
#4538 = ADVANCED_FACE('',(#4539),#4542,.F.);
#4539 = FACE_BOUND('',#4540,.T.);
#4540 = EDGE_LOOP('',(#4541));
#4541 = ORIENTED_EDGE('',*,*,#4374,.F.);
#4542 = PLANE('',#4543);
#4543 = AXIS2_PLACEMENT_3D('',#4544,#4545,#4546);
#4544 = CARTESIAN_POINT('',(13.2,4.,-27.));
#4545 = DIRECTION('',(0.,0.,1.));
#4546 = DIRECTION('',(1.,0.,-0.));
#4547 = ADVANCED_FACE('',(#4548),#4551,.F.);
#4548 = FACE_BOUND('',#4549,.T.);
#4549 = EDGE_LOOP('',(#4550));
#4550 = ORIENTED_EDGE('',*,*,#4399,.F.);
#4551 = PLANE('',#4552);
#4552 = AXIS2_PLACEMENT_3D('',#4553,#4554,#4555);
#4553 = CARTESIAN_POINT('',(13.2,20.,-27.));
#4554 = DIRECTION('',(0.,0.,1.));
#4555 = DIRECTION('',(1.,0.,-0.));
#4556 = ADVANCED_FACE('',(#4557),#4560,.F.);
#4557 = FACE_BOUND('',#4558,.T.);
#4558 = EDGE_LOOP('',(#4559));
#4559 = ORIENTED_EDGE('',*,*,#4424,.F.);
#4560 = PLANE('',#4561);
#4561 = AXIS2_PLACEMENT_3D('',#4562,#4563,#4564);
#4562 = CARTESIAN_POINT('',(-13.2,4.,-27.));
#4563 = DIRECTION('',(0.,0.,1.));
#4564 = DIRECTION('',(1.,0.,-0.));
#4565 = ADVANCED_FACE('',(#4566),#4569,.F.);
#4566 = FACE_BOUND('',#4567,.T.);
#4567 = EDGE_LOOP('',(#4568));
#4568 = ORIENTED_EDGE('',*,*,#4449,.F.);
#4569 = PLANE('',#4570);
#4570 = AXIS2_PLACEMENT_3D('',#4571,#4572,#4573);
#4571 = CARTESIAN_POINT('',(-13.2,20.,-27.));
#4572 = DIRECTION('',(0.,0.,1.));
#4573 = DIRECTION('',(1.,0.,-0.));
#4574 = ADVANCED_FACE('',(#4575,#4591),#4602,.T.);
#4575 = FACE_BOUND('',#4576,.T.);
#4576 = EDGE_LOOP('',(#4577,#4578,#4579,#4580,#4581,#4582,#4583,#4584,
    #4585,#4586,#4587,#4588,#4589,#4590));
#4577 = ORIENTED_EDGE('',*,*,#188,.F.);
#4578 = ORIENTED_EDGE('',*,*,#1383,.T.);
#4579 = ORIENTED_EDGE('',*,*,#47,.F.);
#4580 = ORIENTED_EDGE('',*,*,#150,.T.);
#4581 = ORIENTED_EDGE('',*,*,#236,.T.);
#4582 = ORIENTED_EDGE('',*,*,#496,.T.);
#4583 = ORIENTED_EDGE('',*,*,#250,.T.);
#4584 = ORIENTED_EDGE('',*,*,#342,.T.);
#4585 = ORIENTED_EDGE('',*,*,#544,.F.);
#4586 = ORIENTED_EDGE('',*,*,#95,.T.);
#4587 = ORIENTED_EDGE('',*,*,#576,.F.);
#4588 = ORIENTED_EDGE('',*,*,#1845,.F.);
#4589 = ORIENTED_EDGE('',*,*,#638,.F.);
#4590 = ORIENTED_EDGE('',*,*,#127,.T.);
#4591 = FACE_BOUND('',#4592,.T.);
#4592 = EDGE_LOOP('',(#4593));
#4593 = ORIENTED_EDGE('',*,*,#4594,.F.);
#4594 = EDGE_CURVE('',#4595,#4595,#4597,.T.);
#4595 = VERTEX_POINT('',#4596);
#4596 = CARTESIAN_POINT('',(-5.,-26.25,-12.5));
#4597 = CIRCLE('',#4598,0.7);
#4598 = AXIS2_PLACEMENT_3D('',#4599,#4600,#4601);
#4599 = CARTESIAN_POINT('',(-5.7,-26.25,-12.5));
#4600 = DIRECTION('',(0.,0.,1.));
#4601 = DIRECTION('',(1.,0.,-0.));
#4602 = PLANE('',#4603);
#4603 = AXIS2_PLACEMENT_3D('',#4604,#4605,#4606);
#4604 = CARTESIAN_POINT('',(-0.486544407477,-24.79675725879,-12.5));
#4605 = DIRECTION('',(0.,6.058627330364E-16,1.));
#4606 = DIRECTION('',(0.,1.,-6.058627330364E-16));
#4607 = ADVANCED_FACE('',(#4608),#4627,.F.);
#4608 = FACE_BOUND('',#4609,.F.);
#4609 = EDGE_LOOP('',(#4610,#4611,#4619,#4626));
#4610 = ORIENTED_EDGE('',*,*,#4594,.F.);
#4611 = ORIENTED_EDGE('',*,*,#4612,.F.);
#4612 = EDGE_CURVE('',#4613,#4595,#4615,.T.);
#4613 = VERTEX_POINT('',#4614);
#4614 = CARTESIAN_POINT('',(-5.,-26.25,-14.8));
#4615 = LINE('',#4616,#4617);
#4616 = CARTESIAN_POINT('',(-5.,-26.25,-14.8));
#4617 = VECTOR('',#4618,1.);
#4618 = DIRECTION('',(0.,0.,1.));
#4619 = ORIENTED_EDGE('',*,*,#4620,.T.);
#4620 = EDGE_CURVE('',#4613,#4613,#4621,.T.);
#4621 = CIRCLE('',#4622,0.7);
#4622 = AXIS2_PLACEMENT_3D('',#4623,#4624,#4625);
#4623 = CARTESIAN_POINT('',(-5.7,-26.25,-14.8));
#4624 = DIRECTION('',(0.,0.,1.));
#4625 = DIRECTION('',(1.,0.,-0.));
#4626 = ORIENTED_EDGE('',*,*,#4612,.T.);
#4627 = CYLINDRICAL_SURFACE('',#4628,0.7);
#4628 = AXIS2_PLACEMENT_3D('',#4629,#4630,#4631);
#4629 = CARTESIAN_POINT('',(-5.7,-26.25,-14.8));
#4630 = DIRECTION('',(0.,0.,1.));
#4631 = DIRECTION('',(1.,0.,-0.));
#4632 = ADVANCED_FACE('',(#4633),#4636,.T.);
#4633 = FACE_BOUND('',#4634,.F.);
#4634 = EDGE_LOOP('',(#4635));
#4635 = ORIENTED_EDGE('',*,*,#4620,.F.);
#4636 = PLANE('',#4637);
#4637 = AXIS2_PLACEMENT_3D('',#4638,#4639,#4640);
#4638 = CARTESIAN_POINT('',(-5.7,-26.25,-14.8));
#4639 = DIRECTION('',(0.,0.,1.));
#4640 = DIRECTION('',(1.,0.,-0.));
#4641 = ADVANCED_FACE('',(#4642,#4658,#4661),#4666,.T.);
#4642 = FACE_BOUND('',#4643,.T.);
#4643 = EDGE_LOOP('',(#4644,#4645,#4646,#4647,#4648,#4649,#4650,#4651,
    #4652,#4653,#4654,#4655,#4656,#4657));
#4644 = ORIENTED_EDGE('',*,*,#1967,.F.);
#4645 = ORIENTED_EDGE('',*,*,#1919,.F.);
#4646 = ORIENTED_EDGE('',*,*,#712,.F.);
#4647 = ORIENTED_EDGE('',*,*,#308,.T.);
#4648 = ORIENTED_EDGE('',*,*,#736,.T.);
#4649 = ORIENTED_EDGE('',*,*,#794,.T.);
#4650 = ORIENTED_EDGE('',*,*,#1984,.F.);
#4651 = ORIENTED_EDGE('',*,*,#3438,.F.);
#4652 = ORIENTED_EDGE('',*,*,#2160,.T.);
#4653 = ORIENTED_EDGE('',*,*,#2219,.T.);
#4654 = ORIENTED_EDGE('',*,*,#2296,.T.);
#4655 = ORIENTED_EDGE('',*,*,#3519,.F.);
#4656 = ORIENTED_EDGE('',*,*,#2336,.F.);
#4657 = ORIENTED_EDGE('',*,*,#1886,.T.);
#4658 = FACE_BOUND('',#4659,.T.);
#4659 = EDGE_LOOP('',(#4660));
#4660 = ORIENTED_EDGE('',*,*,#3534,.F.);
#4661 = FACE_BOUND('',#4662,.T.);
#4662 = EDGE_LOOP('',(#4663,#4664,#4665));
#4663 = ORIENTED_EDGE('',*,*,#2085,.F.);
#4664 = ORIENTED_EDGE('',*,*,#2063,.T.);
#4665 = ORIENTED_EDGE('',*,*,#2185,.T.);
#4666 = PLANE('',#4667);
#4667 = AXIS2_PLACEMENT_3D('',#4668,#4669,#4670);
#4668 = CARTESIAN_POINT('',(-17.14043363627,1.247548883501,-12.5));
#4669 = DIRECTION('',(2.731938392444E-16,0.,1.));
#4670 = DIRECTION('',(1.,0.,-2.731938392444E-16));
#4671 = ADVANCED_FACE('',(#4672),#4688,.T.);
#4672 = FACE_BOUND('',#4673,.T.);
#4673 = EDGE_LOOP('',(#4674,#4675,#4676,#4677,#4678,#4679,#4680,#4681,
    #4682,#4683,#4684,#4685,#4686,#4687));
#4674 = ORIENTED_EDGE('',*,*,#1311,.F.);
#4675 = ORIENTED_EDGE('',*,*,#3082,.F.);
#4676 = ORIENTED_EDGE('',*,*,#3157,.F.);
#4677 = ORIENTED_EDGE('',*,*,#3872,.F.);
#4678 = ORIENTED_EDGE('',*,*,#2890,.F.);
#4679 = ORIENTED_EDGE('',*,*,#2971,.T.);
#4680 = ORIENTED_EDGE('',*,*,#3003,.F.);
#4681 = ORIENTED_EDGE('',*,*,#4036,.F.);
#4682 = ORIENTED_EDGE('',*,*,#4230,.F.);
#4683 = ORIENTED_EDGE('',*,*,#3715,.F.);
#4684 = ORIENTED_EDGE('',*,*,#2523,.T.);
#4685 = ORIENTED_EDGE('',*,*,#843,.T.);
#4686 = ORIENTED_EDGE('',*,*,#895,.T.);
#4687 = ORIENTED_EDGE('',*,*,#521,.T.);
#4688 = PLANE('',#4689);
#4689 = AXIS2_PLACEMENT_3D('',#4690,#4691,#4692);
#4690 = CARTESIAN_POINT('',(15.38331639843,2.470963058421E-02,-12.5));
#4691 = DIRECTION('',(-4.034470922847E-16,0.,1.));
#4692 = DIRECTION('',(1.,0.,4.034470922847E-16));
#4693 = ADVANCED_FACE('',(#4694,#4710),#4721,.T.);
#4694 = FACE_BOUND('',#4695,.T.);
#4695 = EDGE_LOOP('',(#4696,#4697,#4698,#4699,#4700,#4701,#4702,#4703,
    #4704,#4705,#4706,#4707,#4708,#4709));
#4696 = ORIENTED_EDGE('',*,*,#3559,.F.);
#4697 = ORIENTED_EDGE('',*,*,#3387,.T.);
#4698 = ORIENTED_EDGE('',*,*,#2411,.F.);
#4699 = ORIENTED_EDGE('',*,*,#760,.T.);
#4700 = ORIENTED_EDGE('',*,*,#809,.T.);
#4701 = ORIENTED_EDGE('',*,*,#877,.T.);
#4702 = ORIENTED_EDGE('',*,*,#2442,.T.);
#4703 = ORIENTED_EDGE('',*,*,#3323,.T.);
#4704 = ORIENTED_EDGE('',*,*,#3590,.F.);
#4705 = ORIENTED_EDGE('',*,*,#4322,.F.);
#4706 = ORIENTED_EDGE('',*,*,#3637,.F.);
#4707 = ORIENTED_EDGE('',*,*,#3355,.T.);
#4708 = ORIENTED_EDGE('',*,*,#3684,.F.);
#4709 = ORIENTED_EDGE('',*,*,#4300,.F.);
#4710 = FACE_BOUND('',#4711,.T.);
#4711 = EDGE_LOOP('',(#4712));
#4712 = ORIENTED_EDGE('',*,*,#4713,.F.);
#4713 = EDGE_CURVE('',#4714,#4714,#4716,.T.);
#4714 = VERTEX_POINT('',#4715);
#4715 = CARTESIAN_POINT('',(6.4,26.25,-12.5));
#4716 = CIRCLE('',#4717,0.7);
#4717 = AXIS2_PLACEMENT_3D('',#4718,#4719,#4720);
#4718 = CARTESIAN_POINT('',(5.7,26.25,-12.5));
#4719 = DIRECTION('',(0.,0.,1.));
#4720 = DIRECTION('',(1.,0.,-0.));
#4721 = PLANE('',#4722);
#4722 = AXIS2_PLACEMENT_3D('',#4723,#4724,#4725);
#4723 = CARTESIAN_POINT('',(0.486544407477,24.796757258799,-12.5));
#4724 = DIRECTION('',(0.,-6.058627330364E-16,1.));
#4725 = DIRECTION('',(0.,1.,6.058627330364E-16));
#4726 = ADVANCED_FACE('',(#4727),#4746,.F.);
#4727 = FACE_BOUND('',#4728,.F.);
#4728 = EDGE_LOOP('',(#4729,#4730,#4738,#4745));
#4729 = ORIENTED_EDGE('',*,*,#4713,.F.);
#4730 = ORIENTED_EDGE('',*,*,#4731,.F.);
#4731 = EDGE_CURVE('',#4732,#4714,#4734,.T.);
#4732 = VERTEX_POINT('',#4733);
#4733 = CARTESIAN_POINT('',(6.4,26.25,-14.8));
#4734 = LINE('',#4735,#4736);
#4735 = CARTESIAN_POINT('',(6.4,26.25,-14.8));
#4736 = VECTOR('',#4737,1.);
#4737 = DIRECTION('',(0.,0.,1.));
#4738 = ORIENTED_EDGE('',*,*,#4739,.T.);
#4739 = EDGE_CURVE('',#4732,#4732,#4740,.T.);
#4740 = CIRCLE('',#4741,0.7);
#4741 = AXIS2_PLACEMENT_3D('',#4742,#4743,#4744);
#4742 = CARTESIAN_POINT('',(5.7,26.25,-14.8));
#4743 = DIRECTION('',(0.,0.,1.));
#4744 = DIRECTION('',(1.,0.,-0.));
#4745 = ORIENTED_EDGE('',*,*,#4731,.T.);
#4746 = CYLINDRICAL_SURFACE('',#4747,0.7);
#4747 = AXIS2_PLACEMENT_3D('',#4748,#4749,#4750);
#4748 = CARTESIAN_POINT('',(5.7,26.25,-14.8));
#4749 = DIRECTION('',(0.,0.,1.));
#4750 = DIRECTION('',(1.,0.,-0.));
#4751 = ADVANCED_FACE('',(#4752),#4755,.T.);
#4752 = FACE_BOUND('',#4753,.F.);
#4753 = EDGE_LOOP('',(#4754));
#4754 = ORIENTED_EDGE('',*,*,#4739,.F.);
#4755 = PLANE('',#4756);
#4756 = AXIS2_PLACEMENT_3D('',#4757,#4758,#4759);
#4757 = CARTESIAN_POINT('',(5.7,26.25,-14.8));
#4758 = DIRECTION('',(0.,0.,1.));
#4759 = DIRECTION('',(1.,0.,-0.));
#4760 = ( GEOMETRIC_REPRESENTATION_CONTEXT(3) 
GLOBAL_UNCERTAINTY_ASSIGNED_CONTEXT((#4764)) 
GLOBAL_UNIT_ASSIGNED_CONTEXT((#4761,#4762,#4763)) REPRESENTATION_CONTEXT
('Context #1','3D Context with UNIT and UNCERTAINTY') );
#4761 = ( LENGTH_UNIT() NAMED_UNIT(*) SI_UNIT(.MILLI.,.METRE.) );
#4762 = ( NAMED_UNIT(*) PLANE_ANGLE_UNIT() SI_UNIT($,.RADIAN.) );
#4763 = ( NAMED_UNIT(*) SI_UNIT($,.STERADIAN.) SOLID_ANGLE_UNIT() );
#4764 = UNCERTAINTY_MEASURE_WITH_UNIT(LENGTH_MEASURE(2.E-07),#4761,
  'distance_accuracy_value','confusion accuracy');
#4765 = PRODUCT_RELATED_PRODUCT_CATEGORY('part',$,(#7));
ENDSEC;
END-ISO-10303-21;
