ISO-10303-21;
HEADER;
FILE_DESCRIPTION(('FreeCAD Model'),'2;1');
FILE_NAME('Open CASCADE Shape Model','2026-10-08T09:43:33',('FreeCAD'),(
    'FreeCAD'),'Open CASCADE STEP processor 7.8','FreeCAD','Unknown');
FILE_SCHEMA(('AUTOMOTIVE_DESIGN { 1 0 10303 214 1 1 1 1 }'));
ENDSEC;
DATA;
#1 = APPLICATION_PROTOCOL_DEFINITION('international standard',
  'automotive_design',2000,#2);
#2 = APPLICATION_CONTEXT(
  'core data for automotive mechanical design processes');
#3 = SHAPE_DEFINITION_REPRESENTATION(#4,#10);
#4 = PRODUCT_DEFINITION_SHAPE('','',#5);
#5 = PRODUCT_DEFINITION('design','',#6,#9);
#6 = PRODUCT_DEFINITION_FORMATION('','',#7);
#7 = PRODUCT('Open CASCADE STEP translator 7.8 3',
  'Open CASCADE STEP translator 7.8 3','',(#8));
#8 = PRODUCT_CONTEXT('',#2,'mechanical');
#9 = PRODUCT_DEFINITION_CONTEXT('part definition',#2,'design');
#10 = ADVANCED_BREP_SHAPE_REPRESENTATION('',(#11,#15),#5492);
#11 = AXIS2_PLACEMENT_3D('',#12,#13,#14);
#12 = CARTESIAN_POINT('',(0.,0.,0.));
#13 = DIRECTION('',(0.,0.,1.));
#14 = DIRECTION('',(1.,0.,-0.));
#15 = MANIFOLD_SOLID_BREP('',#16);
#16 = CLOSED_SHELL('',(#17,#45,#70,#79,#103,#131,#156,#165,#189,#229,
    #260,#291,#313,#359,#399,#430,#461,#483,#529,#569,#600,#631,#653,
    #699,#739,#770,#801,#823,#869,#1005,#1038,#1925,#1949,#1973,#2004,
    #2031,#2062,#2086,#2103,#2127,#2151,#2168,#2193,#2256,#2310,#2335,
    #2359,#2384,#2415,#2471,#2516,#2570,#2601,#2626,#2671,#2695,#2713,
    #2744,#2768,#2792,#2809,#2834,#2865,#2889,#2913,#2930,#2961,#2985,
    #3009,#3056,#3112,#3137,#3239,#3277,#3301,#3332,#3372,#3397,#3460,
    #3491,#3531,#3571,#3588,#3610,#3627,#3644,#3656,#3673,#3690,#3714,
    #3754,#3792,#3816,#3833,#3866,#3883,#3895,#3935,#3959,#3997,#4028,
    #4045,#4069,#4086,#4103,#4115,#4155,#4186,#4226,#4238,#4255,#4267,
    #4291,#4315,#4327,#4358,#4382,#4394,#4425,#4449,#4466,#4490,#4514,
    #4538,#4562,#4579,#4596,#4613,#4630,#4647,#4672,#4703,#4743,#4783,
    #4800,#4822,#4839,#4856,#4868,#4880,#4892,#4904,#4916,#4928,#4940,
    #4954,#4966,#4981,#4993,#5005,#5059,#5090,#5121,#5143,#5162,#5179,
    #5196,#5208,#5225,#5242,#5254,#5266,#5283,#5295,#5315,#5340,#5357,
    #5374,#5386,#5398));
#17 = ADVANCED_FACE('',(#18,#29),#40,.F.);
#18 = FACE_BOUND('',#19,.F.);
#19 = EDGE_LOOP('',(#20));
#20 = ORIENTED_EDGE('',*,*,#21,.T.);
#21 = EDGE_CURVE('',#22,#22,#24,.T.);
#22 = VERTEX_POINT('',#23);
#23 = CARTESIAN_POINT('',(6.3,26.25,-14.2));
#24 = CIRCLE('',#25,0.6);
#25 = AXIS2_PLACEMENT_3D('',#26,#27,#28);
#26 = CARTESIAN_POINT('',(5.7,26.25,-14.2));
#27 = DIRECTION('',(0.,0.,1.));
#28 = DIRECTION('',(1.,0.,-0.));
#29 = FACE_BOUND('',#30,.F.);
#30 = EDGE_LOOP('',(#31));
#31 = ORIENTED_EDGE('',*,*,#32,.T.);
#32 = EDGE_CURVE('',#33,#33,#35,.T.);
#33 = VERTEX_POINT('',#34);
#34 = CARTESIAN_POINT('',(5.11,26.25,-14.2));
#35 = CIRCLE('',#36,0.59);
#36 = AXIS2_PLACEMENT_3D('',#37,#38,#39);
#37 = CARTESIAN_POINT('',(5.7,26.25,-14.2));
#38 = DIRECTION('',(0.,0.,-1.));
#39 = DIRECTION('',(-1.,0.,-0.));
#40 = PLANE('',#41);
#41 = AXIS2_PLACEMENT_3D('',#42,#43,#44);
#42 = CARTESIAN_POINT('',(5.7,26.25,-14.2));
#43 = DIRECTION('',(0.,0.,1.));
#44 = DIRECTION('',(1.,0.,-0.));
#45 = ADVANCED_FACE('',(#46),#65,.T.);
#46 = FACE_BOUND('',#47,.T.);
#47 = EDGE_LOOP('',(#48,#56,#63,#64));
#48 = ORIENTED_EDGE('',*,*,#49,.T.);
#49 = EDGE_CURVE('',#33,#50,#52,.T.);
#50 = VERTEX_POINT('',#51);
#51 = CARTESIAN_POINT('',(5.4,26.25,-14.49));
#52 = LINE('',#53,#54);
#53 = CARTESIAN_POINT('',(5.1,26.25,-14.19));
#54 = VECTOR('',#55,1.);
#55 = DIRECTION('',(0.707106781187,1.731912112471E-16,-0.707106781187));
#56 = ORIENTED_EDGE('',*,*,#57,.F.);
#57 = EDGE_CURVE('',#50,#50,#58,.T.);
#58 = CIRCLE('',#59,0.3);
#59 = AXIS2_PLACEMENT_3D('',#60,#61,#62);
#60 = CARTESIAN_POINT('',(5.7,26.25,-14.49));
#61 = DIRECTION('',(0.,0.,-1.));
#62 = DIRECTION('',(-1.,0.,-0.));
#63 = ORIENTED_EDGE('',*,*,#49,.F.);
#64 = ORIENTED_EDGE('',*,*,#32,.T.);
#65 = CONICAL_SURFACE('',#66,0.6,0.785398163397);
#66 = AXIS2_PLACEMENT_3D('',#67,#68,#69);
#67 = CARTESIAN_POINT('',(5.7,26.25,-14.19));
#68 = DIRECTION('',(-0.,-0.,1.));
#69 = DIRECTION('',(-1.,0.,-0.));
#70 = ADVANCED_FACE('',(#71),#74,.T.);
#71 = FACE_BOUND('',#72,.T.);
#72 = EDGE_LOOP('',(#73));
#73 = ORIENTED_EDGE('',*,*,#57,.T.);
#74 = PLANE('',#75);
#75 = AXIS2_PLACEMENT_3D('',#76,#77,#78);
#76 = CARTESIAN_POINT('',(5.7,26.25,-14.49));
#77 = DIRECTION('',(0.,0.,-1.));
#78 = DIRECTION('',(-1.,0.,-0.));
#79 = ADVANCED_FACE('',(#80),#98,.T.);
#80 = FACE_BOUND('',#81,.T.);
#81 = EDGE_LOOP('',(#82,#83,#90,#97));
#82 = ORIENTED_EDGE('',*,*,#21,.T.);
#83 = ORIENTED_EDGE('',*,*,#84,.T.);
#84 = EDGE_CURVE('',#22,#85,#87,.T.);
#85 = VERTEX_POINT('',#86);
#86 = CARTESIAN_POINT('',(6.3,26.25,-12.5));
#87 = B_SPLINE_CURVE_WITH_KNOTS('',1,(#88,#89),.UNSPECIFIED.,.F.,.F.,(2,
    2),(0.,1.7),.PIECEWISE_BEZIER_KNOTS.);
#88 = CARTESIAN_POINT('',(6.3,26.25,-14.2));
#89 = CARTESIAN_POINT('',(6.3,26.25,-12.5));
#90 = ORIENTED_EDGE('',*,*,#91,.F.);
#91 = EDGE_CURVE('',#85,#85,#92,.T.);
#92 = CIRCLE('',#93,0.6);
#93 = AXIS2_PLACEMENT_3D('',#94,#95,#96);
#94 = CARTESIAN_POINT('',(5.7,26.25,-12.5));
#95 = DIRECTION('',(0.,0.,1.));
#96 = DIRECTION('',(1.,0.,-0.));
#97 = ORIENTED_EDGE('',*,*,#84,.F.);
#98 = CYLINDRICAL_SURFACE('',#99,0.6);
#99 = AXIS2_PLACEMENT_3D('',#100,#101,#102);
#100 = CARTESIAN_POINT('',(5.7,26.25,-14.2));
#101 = DIRECTION('',(0.,0.,1.));
#102 = DIRECTION('',(1.,0.,-0.));
#103 = ADVANCED_FACE('',(#104,#115),#126,.F.);
#104 = FACE_BOUND('',#105,.F.);
#105 = EDGE_LOOP('',(#106));
#106 = ORIENTED_EDGE('',*,*,#107,.T.);
#107 = EDGE_CURVE('',#108,#108,#110,.T.);
#108 = VERTEX_POINT('',#109);
#109 = CARTESIAN_POINT('',(-5.1,-26.25,-14.2));
#110 = CIRCLE('',#111,0.6);
#111 = AXIS2_PLACEMENT_3D('',#112,#113,#114);
#112 = CARTESIAN_POINT('',(-5.7,-26.25,-14.2));
#113 = DIRECTION('',(0.,0.,1.));
#114 = DIRECTION('',(1.,0.,-0.));
#115 = FACE_BOUND('',#116,.F.);
#116 = EDGE_LOOP('',(#117));
#117 = ORIENTED_EDGE('',*,*,#118,.T.);
#118 = EDGE_CURVE('',#119,#119,#121,.T.);
#119 = VERTEX_POINT('',#120);
#120 = CARTESIAN_POINT('',(-6.29,-26.25,-14.2));
#121 = CIRCLE('',#122,0.59);
#122 = AXIS2_PLACEMENT_3D('',#123,#124,#125);
#123 = CARTESIAN_POINT('',(-5.7,-26.25,-14.2));
#124 = DIRECTION('',(0.,0.,-1.));
#125 = DIRECTION('',(-1.,0.,-0.));
#126 = PLANE('',#127);
#127 = AXIS2_PLACEMENT_3D('',#128,#129,#130);
#128 = CARTESIAN_POINT('',(-5.7,-26.25,-14.2));
#129 = DIRECTION('',(0.,0.,1.));
#130 = DIRECTION('',(1.,0.,-0.));
#131 = ADVANCED_FACE('',(#132),#151,.T.);
#132 = FACE_BOUND('',#133,.T.);
#133 = EDGE_LOOP('',(#134,#142,#149,#150));
#134 = ORIENTED_EDGE('',*,*,#135,.T.);
#135 = EDGE_CURVE('',#119,#136,#138,.T.);
#136 = VERTEX_POINT('',#137);
#137 = CARTESIAN_POINT('',(-6.,-26.25,-14.49));
#138 = LINE('',#139,#140);
#139 = CARTESIAN_POINT('',(-6.3,-26.25,-14.19));
#140 = VECTOR('',#141,1.);
#141 = DIRECTION('',(0.707106781187,1.731912112471E-16,-0.707106781187)
  );
#142 = ORIENTED_EDGE('',*,*,#143,.F.);
#143 = EDGE_CURVE('',#136,#136,#144,.T.);
#144 = CIRCLE('',#145,0.3);
#145 = AXIS2_PLACEMENT_3D('',#146,#147,#148);
#146 = CARTESIAN_POINT('',(-5.7,-26.25,-14.49));
#147 = DIRECTION('',(0.,0.,-1.));
#148 = DIRECTION('',(-1.,0.,-0.));
#149 = ORIENTED_EDGE('',*,*,#135,.F.);
#150 = ORIENTED_EDGE('',*,*,#118,.T.);
#151 = CONICAL_SURFACE('',#152,0.6,0.785398163397);
#152 = AXIS2_PLACEMENT_3D('',#153,#154,#155);
#153 = CARTESIAN_POINT('',(-5.7,-26.25,-14.19));
#154 = DIRECTION('',(-0.,-0.,1.));
#155 = DIRECTION('',(-1.,0.,-0.));
#156 = ADVANCED_FACE('',(#157),#160,.T.);
#157 = FACE_BOUND('',#158,.T.);
#158 = EDGE_LOOP('',(#159));
#159 = ORIENTED_EDGE('',*,*,#143,.T.);
#160 = PLANE('',#161);
#161 = AXIS2_PLACEMENT_3D('',#162,#163,#164);
#162 = CARTESIAN_POINT('',(-5.7,-26.25,-14.49));
#163 = DIRECTION('',(0.,0.,-1.));
#164 = DIRECTION('',(-1.,0.,-0.));
#165 = ADVANCED_FACE('',(#166),#184,.T.);
#166 = FACE_BOUND('',#167,.T.);
#167 = EDGE_LOOP('',(#168,#169,#176,#183));
#168 = ORIENTED_EDGE('',*,*,#107,.T.);
#169 = ORIENTED_EDGE('',*,*,#170,.T.);
#170 = EDGE_CURVE('',#108,#171,#173,.T.);
#171 = VERTEX_POINT('',#172);
#172 = CARTESIAN_POINT('',(-5.1,-26.25,-12.5));
#173 = B_SPLINE_CURVE_WITH_KNOTS('',1,(#174,#175),.UNSPECIFIED.,.F.,.F.,
  (2,2),(0.,1.7),.PIECEWISE_BEZIER_KNOTS.);
#174 = CARTESIAN_POINT('',(-5.1,-26.25,-14.2));
#175 = CARTESIAN_POINT('',(-5.1,-26.25,-12.5));
#176 = ORIENTED_EDGE('',*,*,#177,.F.);
#177 = EDGE_CURVE('',#171,#171,#178,.T.);
#178 = CIRCLE('',#179,0.6);
#179 = AXIS2_PLACEMENT_3D('',#180,#181,#182);
#180 = CARTESIAN_POINT('',(-5.7,-26.25,-12.5));
#181 = DIRECTION('',(0.,0.,1.));
#182 = DIRECTION('',(1.,0.,-0.));
#183 = ORIENTED_EDGE('',*,*,#170,.F.);
#184 = CYLINDRICAL_SURFACE('',#185,0.6);
#185 = AXIS2_PLACEMENT_3D('',#186,#187,#188);
#186 = CARTESIAN_POINT('',(-5.7,-26.25,-14.2));
#187 = DIRECTION('',(0.,0.,1.));
#188 = DIRECTION('',(1.,0.,-0.));
#189 = ADVANCED_FACE('',(#190),#224,.T.);
#190 = FACE_BOUND('',#191,.T.);
#191 = EDGE_LOOP('',(#192,#202,#210,#218));
#192 = ORIENTED_EDGE('',*,*,#193,.F.);
#193 = EDGE_CURVE('',#194,#196,#198,.T.);
#194 = VERTEX_POINT('',#195);
#195 = CARTESIAN_POINT('',(-16.1,16.1,-7.82));
#196 = VERTEX_POINT('',#197);
#197 = CARTESIAN_POINT('',(-16.1,16.1,-7.8));
#198 = LINE('',#199,#200);
#199 = CARTESIAN_POINT('',(-16.1,16.1,-7.82));
#200 = VECTOR('',#201,1.);
#201 = DIRECTION('',(0.,0.,1.));
#202 = ORIENTED_EDGE('',*,*,#203,.F.);
#203 = EDGE_CURVE('',#204,#194,#206,.T.);
#204 = VERTEX_POINT('',#205);
#205 = CARTESIAN_POINT('',(-25.3,16.1,-7.82));
#206 = LINE('',#207,#208);
#207 = CARTESIAN_POINT('',(-25.3,16.1,-7.82));
#208 = VECTOR('',#209,1.);
#209 = DIRECTION('',(1.,0.,-0.));
#210 = ORIENTED_EDGE('',*,*,#211,.T.);
#211 = EDGE_CURVE('',#204,#212,#214,.T.);
#212 = VERTEX_POINT('',#213);
#213 = CARTESIAN_POINT('',(-25.3,16.1,-7.8));
#214 = LINE('',#215,#216);
#215 = CARTESIAN_POINT('',(-25.3,16.1,-7.82));
#216 = VECTOR('',#217,1.);
#217 = DIRECTION('',(0.,0.,1.));
#218 = ORIENTED_EDGE('',*,*,#219,.T.);
#219 = EDGE_CURVE('',#212,#196,#220,.T.);
#220 = LINE('',#221,#222);
#221 = CARTESIAN_POINT('',(-112.65,16.1,-7.8));
#222 = VECTOR('',#223,1.);
#223 = DIRECTION('',(1.,0.,-0.));
#224 = PLANE('',#225);
#225 = AXIS2_PLACEMENT_3D('',#226,#227,#228);
#226 = CARTESIAN_POINT('',(-25.3,16.1,-7.82));
#227 = DIRECTION('',(-0.,1.,0.));
#228 = DIRECTION('',(0.,0.,1.));
#229 = ADVANCED_FACE('',(#230),#255,.F.);
#230 = FACE_BOUND('',#231,.F.);
#231 = EDGE_LOOP('',(#232,#233,#241,#249));
#232 = ORIENTED_EDGE('',*,*,#193,.F.);
#233 = ORIENTED_EDGE('',*,*,#234,.T.);
#234 = EDGE_CURVE('',#194,#235,#237,.T.);
#235 = VERTEX_POINT('',#236);
#236 = CARTESIAN_POINT('',(-16.1,22.9,-7.82));
#237 = LINE('',#238,#239);
#238 = CARTESIAN_POINT('',(-16.1,16.1,-7.82));
#239 = VECTOR('',#240,1.);
#240 = DIRECTION('',(-0.,1.,0.));
#241 = ORIENTED_EDGE('',*,*,#242,.T.);
#242 = EDGE_CURVE('',#235,#243,#245,.T.);
#243 = VERTEX_POINT('',#244);
#244 = CARTESIAN_POINT('',(-16.1,22.9,-7.8));
#245 = LINE('',#246,#247);
#246 = CARTESIAN_POINT('',(-16.1,22.9,-7.82));
#247 = VECTOR('',#248,1.);
#248 = DIRECTION('',(0.,0.,1.));
#249 = ORIENTED_EDGE('',*,*,#250,.T.);
#250 = EDGE_CURVE('',#243,#196,#251,.T.);
#251 = LINE('',#252,#253);
#252 = CARTESIAN_POINT('',(-16.1,-91.95,-7.8));
#253 = VECTOR('',#254,1.);
#254 = DIRECTION('',(0.,-1.,0.));
#255 = PLANE('',#256);
#256 = AXIS2_PLACEMENT_3D('',#257,#258,#259);
#257 = CARTESIAN_POINT('',(-16.1,16.1,-7.82));
#258 = DIRECTION('',(1.,0.,-0.));
#259 = DIRECTION('',(0.,0.,1.));
#260 = ADVANCED_FACE('',(#261),#286,.F.);
#261 = FACE_BOUND('',#262,.F.);
#262 = EDGE_LOOP('',(#263,#264,#272,#280));
#263 = ORIENTED_EDGE('',*,*,#242,.F.);
#264 = ORIENTED_EDGE('',*,*,#265,.F.);
#265 = EDGE_CURVE('',#266,#235,#268,.T.);
#266 = VERTEX_POINT('',#267);
#267 = CARTESIAN_POINT('',(-25.3,22.9,-7.82));
#268 = LINE('',#269,#270);
#269 = CARTESIAN_POINT('',(-25.3,22.9,-7.82));
#270 = VECTOR('',#271,1.);
#271 = DIRECTION('',(1.,0.,-0.));
#272 = ORIENTED_EDGE('',*,*,#273,.T.);
#273 = EDGE_CURVE('',#266,#274,#276,.T.);
#274 = VERTEX_POINT('',#275);
#275 = CARTESIAN_POINT('',(-25.3,22.9,-7.8));
#276 = LINE('',#277,#278);
#277 = CARTESIAN_POINT('',(-25.3,22.9,-7.82));
#278 = VECTOR('',#279,1.);
#279 = DIRECTION('',(0.,0.,1.));
#280 = ORIENTED_EDGE('',*,*,#281,.T.);
#281 = EDGE_CURVE('',#274,#243,#282,.T.);
#282 = LINE('',#283,#284);
#283 = CARTESIAN_POINT('',(-112.65,22.9,-7.8));
#284 = VECTOR('',#285,1.);
#285 = DIRECTION('',(1.,0.,-0.));
#286 = PLANE('',#287);
#287 = AXIS2_PLACEMENT_3D('',#288,#289,#290);
#288 = CARTESIAN_POINT('',(-25.3,22.9,-7.82));
#289 = DIRECTION('',(-0.,1.,0.));
#290 = DIRECTION('',(0.,0.,1.));
#291 = ADVANCED_FACE('',(#292),#308,.T.);
#292 = FACE_BOUND('',#293,.T.);
#293 = EDGE_LOOP('',(#294,#295,#301,#302));
#294 = ORIENTED_EDGE('',*,*,#211,.F.);
#295 = ORIENTED_EDGE('',*,*,#296,.T.);
#296 = EDGE_CURVE('',#204,#266,#297,.T.);
#297 = LINE('',#298,#299);
#298 = CARTESIAN_POINT('',(-25.3,16.1,-7.82));
#299 = VECTOR('',#300,1.);
#300 = DIRECTION('',(-0.,1.,0.));
#301 = ORIENTED_EDGE('',*,*,#273,.T.);
#302 = ORIENTED_EDGE('',*,*,#303,.T.);
#303 = EDGE_CURVE('',#274,#212,#304,.T.);
#304 = LINE('',#305,#306);
#305 = CARTESIAN_POINT('',(-25.3,-91.95,-7.8));
#306 = VECTOR('',#307,1.);
#307 = DIRECTION('',(0.,-1.,0.));
#308 = PLANE('',#309);
#309 = AXIS2_PLACEMENT_3D('',#310,#311,#312);
#310 = CARTESIAN_POINT('',(-25.3,16.1,-7.82));
#311 = DIRECTION('',(1.,0.,-0.));
#312 = DIRECTION('',(0.,0.,1.));
#313 = ADVANCED_FACE('',(#314,#320),#354,.T.);
#314 = FACE_BOUND('',#315,.T.);
#315 = EDGE_LOOP('',(#316,#317,#318,#319));
#316 = ORIENTED_EDGE('',*,*,#296,.F.);
#317 = ORIENTED_EDGE('',*,*,#203,.T.);
#318 = ORIENTED_EDGE('',*,*,#234,.T.);
#319 = ORIENTED_EDGE('',*,*,#265,.F.);
#320 = FACE_BOUND('',#321,.T.);
#321 = EDGE_LOOP('',(#322,#332,#340,#348));
#322 = ORIENTED_EDGE('',*,*,#323,.F.);
#323 = EDGE_CURVE('',#324,#326,#328,.T.);
#324 = VERTEX_POINT('',#325);
#325 = CARTESIAN_POINT('',(-19.5,16.2,-7.82));
#326 = VERTEX_POINT('',#327);
#327 = CARTESIAN_POINT('',(-17.9,16.2,-7.82));
#328 = LINE('',#329,#330);
#329 = CARTESIAN_POINT('',(-22.4,16.2,-7.82));
#330 = VECTOR('',#331,1.);
#331 = DIRECTION('',(1.,0.,-0.));
#332 = ORIENTED_EDGE('',*,*,#333,.F.);
#333 = EDGE_CURVE('',#334,#324,#336,.T.);
#334 = VERTEX_POINT('',#335);
#335 = CARTESIAN_POINT('',(-19.5,18.8,-7.82));
#336 = LINE('',#337,#338);
#337 = CARTESIAN_POINT('',(-19.5,16.15,-7.82));
#338 = VECTOR('',#339,1.);
#339 = DIRECTION('',(0.,-1.,0.));
#340 = ORIENTED_EDGE('',*,*,#341,.T.);
#341 = EDGE_CURVE('',#334,#342,#344,.T.);
#342 = VERTEX_POINT('',#343);
#343 = CARTESIAN_POINT('',(-17.9,18.8,-7.82));
#344 = LINE('',#345,#346);
#345 = CARTESIAN_POINT('',(-22.4,18.8,-7.82));
#346 = VECTOR('',#347,1.);
#347 = DIRECTION('',(1.,0.,-0.));
#348 = ORIENTED_EDGE('',*,*,#349,.T.);
#349 = EDGE_CURVE('',#342,#326,#350,.T.);
#350 = LINE('',#351,#352);
#351 = CARTESIAN_POINT('',(-17.9,16.15,-7.82));
#352 = VECTOR('',#353,1.);
#353 = DIRECTION('',(0.,-1.,0.));
#354 = PLANE('',#355);
#355 = AXIS2_PLACEMENT_3D('',#356,#357,#358);
#356 = CARTESIAN_POINT('',(-25.3,16.1,-7.82));
#357 = DIRECTION('',(0.,0.,1.));
#358 = DIRECTION('',(1.,0.,-0.));
#359 = ADVANCED_FACE('',(#360),#394,.T.);
#360 = FACE_BOUND('',#361,.T.);
#361 = EDGE_LOOP('',(#362,#372,#380,#388));
#362 = ORIENTED_EDGE('',*,*,#363,.F.);
#363 = EDGE_CURVE('',#364,#366,#368,.T.);
#364 = VERTEX_POINT('',#365);
#365 = CARTESIAN_POINT('',(25.3,16.1,-7.82));
#366 = VERTEX_POINT('',#367);
#367 = CARTESIAN_POINT('',(25.3,16.1,-7.8));
#368 = LINE('',#369,#370);
#369 = CARTESIAN_POINT('',(25.3,16.1,-7.82));
#370 = VECTOR('',#371,1.);
#371 = DIRECTION('',(0.,0.,1.));
#372 = ORIENTED_EDGE('',*,*,#373,.F.);
#373 = EDGE_CURVE('',#374,#364,#376,.T.);
#374 = VERTEX_POINT('',#375);
#375 = CARTESIAN_POINT('',(16.1,16.1,-7.82));
#376 = LINE('',#377,#378);
#377 = CARTESIAN_POINT('',(16.1,16.1,-7.82));
#378 = VECTOR('',#379,1.);
#379 = DIRECTION('',(1.,0.,-0.));
#380 = ORIENTED_EDGE('',*,*,#381,.T.);
#381 = EDGE_CURVE('',#374,#382,#384,.T.);
#382 = VERTEX_POINT('',#383);
#383 = CARTESIAN_POINT('',(16.1,16.1,-7.8));
#384 = LINE('',#385,#386);
#385 = CARTESIAN_POINT('',(16.1,16.1,-7.82));
#386 = VECTOR('',#387,1.);
#387 = DIRECTION('',(0.,0.,1.));
#388 = ORIENTED_EDGE('',*,*,#389,.T.);
#389 = EDGE_CURVE('',#382,#366,#390,.T.);
#390 = LINE('',#391,#392);
#391 = CARTESIAN_POINT('',(-91.95,16.1,-7.8));
#392 = VECTOR('',#393,1.);
#393 = DIRECTION('',(1.,0.,-0.));
#394 = PLANE('',#395);
#395 = AXIS2_PLACEMENT_3D('',#396,#397,#398);
#396 = CARTESIAN_POINT('',(16.1,16.1,-7.82));
#397 = DIRECTION('',(-0.,1.,0.));
#398 = DIRECTION('',(0.,0.,1.));
#399 = ADVANCED_FACE('',(#400),#425,.F.);
#400 = FACE_BOUND('',#401,.F.);
#401 = EDGE_LOOP('',(#402,#403,#411,#419));
#402 = ORIENTED_EDGE('',*,*,#363,.F.);
#403 = ORIENTED_EDGE('',*,*,#404,.T.);
#404 = EDGE_CURVE('',#364,#405,#407,.T.);
#405 = VERTEX_POINT('',#406);
#406 = CARTESIAN_POINT('',(25.3,22.9,-7.82));
#407 = LINE('',#408,#409);
#408 = CARTESIAN_POINT('',(25.3,16.1,-7.82));
#409 = VECTOR('',#410,1.);
#410 = DIRECTION('',(-0.,1.,0.));
#411 = ORIENTED_EDGE('',*,*,#412,.T.);
#412 = EDGE_CURVE('',#405,#413,#415,.T.);
#413 = VERTEX_POINT('',#414);
#414 = CARTESIAN_POINT('',(25.3,22.9,-7.8));
#415 = LINE('',#416,#417);
#416 = CARTESIAN_POINT('',(25.3,22.9,-7.82));
#417 = VECTOR('',#418,1.);
#418 = DIRECTION('',(0.,0.,1.));
#419 = ORIENTED_EDGE('',*,*,#420,.T.);
#420 = EDGE_CURVE('',#413,#366,#421,.T.);
#421 = LINE('',#422,#423);
#422 = CARTESIAN_POINT('',(25.3,-91.95,-7.8));
#423 = VECTOR('',#424,1.);
#424 = DIRECTION('',(0.,-1.,0.));
#425 = PLANE('',#426);
#426 = AXIS2_PLACEMENT_3D('',#427,#428,#429);
#427 = CARTESIAN_POINT('',(25.3,16.1,-7.82));
#428 = DIRECTION('',(1.,0.,-0.));
#429 = DIRECTION('',(0.,0.,1.));
#430 = ADVANCED_FACE('',(#431),#456,.F.);
#431 = FACE_BOUND('',#432,.F.);
#432 = EDGE_LOOP('',(#433,#434,#442,#450));
#433 = ORIENTED_EDGE('',*,*,#412,.F.);
#434 = ORIENTED_EDGE('',*,*,#435,.F.);
#435 = EDGE_CURVE('',#436,#405,#438,.T.);
#436 = VERTEX_POINT('',#437);
#437 = CARTESIAN_POINT('',(16.1,22.9,-7.82));
#438 = LINE('',#439,#440);
#439 = CARTESIAN_POINT('',(16.1,22.9,-7.82));
#440 = VECTOR('',#441,1.);
#441 = DIRECTION('',(1.,0.,-0.));
#442 = ORIENTED_EDGE('',*,*,#443,.T.);
#443 = EDGE_CURVE('',#436,#444,#446,.T.);
#444 = VERTEX_POINT('',#445);
#445 = CARTESIAN_POINT('',(16.1,22.9,-7.8));
#446 = LINE('',#447,#448);
#447 = CARTESIAN_POINT('',(16.1,22.9,-7.82));
#448 = VECTOR('',#449,1.);
#449 = DIRECTION('',(0.,0.,1.));
#450 = ORIENTED_EDGE('',*,*,#451,.T.);
#451 = EDGE_CURVE('',#444,#413,#452,.T.);
#452 = LINE('',#453,#454);
#453 = CARTESIAN_POINT('',(-91.95,22.9,-7.8));
#454 = VECTOR('',#455,1.);
#455 = DIRECTION('',(1.,0.,-0.));
#456 = PLANE('',#457);
#457 = AXIS2_PLACEMENT_3D('',#458,#459,#460);
#458 = CARTESIAN_POINT('',(16.1,22.9,-7.82));
#459 = DIRECTION('',(-0.,1.,0.));
#460 = DIRECTION('',(0.,0.,1.));
#461 = ADVANCED_FACE('',(#462),#478,.T.);
#462 = FACE_BOUND('',#463,.T.);
#463 = EDGE_LOOP('',(#464,#465,#471,#472));
#464 = ORIENTED_EDGE('',*,*,#381,.F.);
#465 = ORIENTED_EDGE('',*,*,#466,.T.);
#466 = EDGE_CURVE('',#374,#436,#467,.T.);
#467 = LINE('',#468,#469);
#468 = CARTESIAN_POINT('',(16.1,16.1,-7.82));
#469 = VECTOR('',#470,1.);
#470 = DIRECTION('',(-0.,1.,0.));
#471 = ORIENTED_EDGE('',*,*,#443,.T.);
#472 = ORIENTED_EDGE('',*,*,#473,.T.);
#473 = EDGE_CURVE('',#444,#382,#474,.T.);
#474 = LINE('',#475,#476);
#475 = CARTESIAN_POINT('',(16.1,-91.95,-7.8));
#476 = VECTOR('',#477,1.);
#477 = DIRECTION('',(0.,-1.,0.));
#478 = PLANE('',#479);
#479 = AXIS2_PLACEMENT_3D('',#480,#481,#482);
#480 = CARTESIAN_POINT('',(16.1,16.1,-7.82));
#481 = DIRECTION('',(1.,0.,-0.));
#482 = DIRECTION('',(0.,0.,1.));
#483 = ADVANCED_FACE('',(#484,#490),#524,.T.);
#484 = FACE_BOUND('',#485,.T.);
#485 = EDGE_LOOP('',(#486,#487,#488,#489));
#486 = ORIENTED_EDGE('',*,*,#466,.F.);
#487 = ORIENTED_EDGE('',*,*,#373,.T.);
#488 = ORIENTED_EDGE('',*,*,#404,.T.);
#489 = ORIENTED_EDGE('',*,*,#435,.F.);
#490 = FACE_BOUND('',#491,.T.);
#491 = EDGE_LOOP('',(#492,#502,#510,#518));
#492 = ORIENTED_EDGE('',*,*,#493,.T.);
#493 = EDGE_CURVE('',#494,#496,#498,.T.);
#494 = VERTEX_POINT('',#495);
#495 = CARTESIAN_POINT('',(17.9,18.8,-7.82));
#496 = VERTEX_POINT('',#497);
#497 = CARTESIAN_POINT('',(19.5,18.8,-7.82));
#498 = LINE('',#499,#500);
#499 = CARTESIAN_POINT('',(17.,18.8,-7.82));
#500 = VECTOR('',#501,1.);
#501 = DIRECTION('',(1.,0.,-0.));
#502 = ORIENTED_EDGE('',*,*,#503,.T.);
#503 = EDGE_CURVE('',#496,#504,#506,.T.);
#504 = VERTEX_POINT('',#505);
#505 = CARTESIAN_POINT('',(19.5,16.2,-7.82));
#506 = LINE('',#507,#508);
#507 = CARTESIAN_POINT('',(19.5,16.15,-7.82));
#508 = VECTOR('',#509,1.);
#509 = DIRECTION('',(0.,-1.,0.));
#510 = ORIENTED_EDGE('',*,*,#511,.F.);
#511 = EDGE_CURVE('',#512,#504,#514,.T.);
#512 = VERTEX_POINT('',#513);
#513 = CARTESIAN_POINT('',(17.9,16.2,-7.82));
#514 = LINE('',#515,#516);
#515 = CARTESIAN_POINT('',(17.355346809086,16.2,-7.82));
#516 = VECTOR('',#517,1.);
#517 = DIRECTION('',(1.,0.,0.));
#518 = ORIENTED_EDGE('',*,*,#519,.F.);
#519 = EDGE_CURVE('',#494,#512,#520,.T.);
#520 = LINE('',#521,#522);
#521 = CARTESIAN_POINT('',(17.9,16.15,-7.82));
#522 = VECTOR('',#523,1.);
#523 = DIRECTION('',(0.,-1.,0.));
#524 = PLANE('',#525);
#525 = AXIS2_PLACEMENT_3D('',#526,#527,#528);
#526 = CARTESIAN_POINT('',(16.1,16.1,-7.82));
#527 = DIRECTION('',(0.,0.,1.));
#528 = DIRECTION('',(1.,0.,-0.));
#529 = ADVANCED_FACE('',(#530),#564,.T.);
#530 = FACE_BOUND('',#531,.T.);
#531 = EDGE_LOOP('',(#532,#542,#550,#558));
#532 = ORIENTED_EDGE('',*,*,#533,.F.);
#533 = EDGE_CURVE('',#534,#536,#538,.T.);
#534 = VERTEX_POINT('',#535);
#535 = CARTESIAN_POINT('',(25.3,-22.9,-7.82));
#536 = VERTEX_POINT('',#537);
#537 = CARTESIAN_POINT('',(25.3,-22.9,-7.8));
#538 = LINE('',#539,#540);
#539 = CARTESIAN_POINT('',(25.3,-22.9,-7.82));
#540 = VECTOR('',#541,1.);
#541 = DIRECTION('',(0.,0.,1.));
#542 = ORIENTED_EDGE('',*,*,#543,.F.);
#543 = EDGE_CURVE('',#544,#534,#546,.T.);
#544 = VERTEX_POINT('',#545);
#545 = CARTESIAN_POINT('',(16.1,-22.9,-7.82));
#546 = LINE('',#547,#548);
#547 = CARTESIAN_POINT('',(16.1,-22.9,-7.82));
#548 = VECTOR('',#549,1.);
#549 = DIRECTION('',(1.,0.,-0.));
#550 = ORIENTED_EDGE('',*,*,#551,.T.);
#551 = EDGE_CURVE('',#544,#552,#554,.T.);
#552 = VERTEX_POINT('',#553);
#553 = CARTESIAN_POINT('',(16.1,-22.9,-7.8));
#554 = LINE('',#555,#556);
#555 = CARTESIAN_POINT('',(16.1,-22.9,-7.82));
#556 = VECTOR('',#557,1.);
#557 = DIRECTION('',(0.,0.,1.));
#558 = ORIENTED_EDGE('',*,*,#559,.T.);
#559 = EDGE_CURVE('',#552,#536,#560,.T.);
#560 = LINE('',#561,#562);
#561 = CARTESIAN_POINT('',(-91.95,-22.9,-7.8));
#562 = VECTOR('',#563,1.);
#563 = DIRECTION('',(1.,0.,-0.));
#564 = PLANE('',#565);
#565 = AXIS2_PLACEMENT_3D('',#566,#567,#568);
#566 = CARTESIAN_POINT('',(16.1,-22.9,-7.82));
#567 = DIRECTION('',(-0.,1.,0.));
#568 = DIRECTION('',(0.,0.,1.));
#569 = ADVANCED_FACE('',(#570),#595,.F.);
#570 = FACE_BOUND('',#571,.F.);
#571 = EDGE_LOOP('',(#572,#573,#581,#589));
#572 = ORIENTED_EDGE('',*,*,#533,.F.);
#573 = ORIENTED_EDGE('',*,*,#574,.T.);
#574 = EDGE_CURVE('',#534,#575,#577,.T.);
#575 = VERTEX_POINT('',#576);
#576 = CARTESIAN_POINT('',(25.3,-16.1,-7.82));
#577 = LINE('',#578,#579);
#578 = CARTESIAN_POINT('',(25.3,-22.9,-7.82));
#579 = VECTOR('',#580,1.);
#580 = DIRECTION('',(-0.,1.,0.));
#581 = ORIENTED_EDGE('',*,*,#582,.T.);
#582 = EDGE_CURVE('',#575,#583,#585,.T.);
#583 = VERTEX_POINT('',#584);
#584 = CARTESIAN_POINT('',(25.3,-16.1,-7.8));
#585 = LINE('',#586,#587);
#586 = CARTESIAN_POINT('',(25.3,-16.1,-7.82));
#587 = VECTOR('',#588,1.);
#588 = DIRECTION('',(0.,0.,1.));
#589 = ORIENTED_EDGE('',*,*,#590,.T.);
#590 = EDGE_CURVE('',#583,#536,#591,.T.);
#591 = LINE('',#592,#593);
#592 = CARTESIAN_POINT('',(25.3,-111.45,-7.8));
#593 = VECTOR('',#594,1.);
#594 = DIRECTION('',(0.,-1.,0.));
#595 = PLANE('',#596);
#596 = AXIS2_PLACEMENT_3D('',#597,#598,#599);
#597 = CARTESIAN_POINT('',(25.3,-22.9,-7.82));
#598 = DIRECTION('',(1.,0.,-0.));
#599 = DIRECTION('',(0.,0.,1.));
#600 = ADVANCED_FACE('',(#601),#626,.F.);
#601 = FACE_BOUND('',#602,.F.);
#602 = EDGE_LOOP('',(#603,#604,#612,#620));
#603 = ORIENTED_EDGE('',*,*,#582,.F.);
#604 = ORIENTED_EDGE('',*,*,#605,.F.);
#605 = EDGE_CURVE('',#606,#575,#608,.T.);
#606 = VERTEX_POINT('',#607);
#607 = CARTESIAN_POINT('',(16.1,-16.1,-7.82));
#608 = LINE('',#609,#610);
#609 = CARTESIAN_POINT('',(16.1,-16.1,-7.82));
#610 = VECTOR('',#611,1.);
#611 = DIRECTION('',(1.,0.,-0.));
#612 = ORIENTED_EDGE('',*,*,#613,.T.);
#613 = EDGE_CURVE('',#606,#614,#616,.T.);
#614 = VERTEX_POINT('',#615);
#615 = CARTESIAN_POINT('',(16.1,-16.1,-7.8));
#616 = LINE('',#617,#618);
#617 = CARTESIAN_POINT('',(16.1,-16.1,-7.82));
#618 = VECTOR('',#619,1.);
#619 = DIRECTION('',(0.,0.,1.));
#620 = ORIENTED_EDGE('',*,*,#621,.T.);
#621 = EDGE_CURVE('',#614,#583,#622,.T.);
#622 = LINE('',#623,#624);
#623 = CARTESIAN_POINT('',(-91.95,-16.1,-7.8));
#624 = VECTOR('',#625,1.);
#625 = DIRECTION('',(1.,0.,-0.));
#626 = PLANE('',#627);
#627 = AXIS2_PLACEMENT_3D('',#628,#629,#630);
#628 = CARTESIAN_POINT('',(16.1,-16.1,-7.82));
#629 = DIRECTION('',(-0.,1.,0.));
#630 = DIRECTION('',(0.,0.,1.));
#631 = ADVANCED_FACE('',(#632),#648,.T.);
#632 = FACE_BOUND('',#633,.T.);
#633 = EDGE_LOOP('',(#634,#635,#641,#642));
#634 = ORIENTED_EDGE('',*,*,#551,.F.);
#635 = ORIENTED_EDGE('',*,*,#636,.T.);
#636 = EDGE_CURVE('',#544,#606,#637,.T.);
#637 = LINE('',#638,#639);
#638 = CARTESIAN_POINT('',(16.1,-22.9,-7.82));
#639 = VECTOR('',#640,1.);
#640 = DIRECTION('',(-0.,1.,0.));
#641 = ORIENTED_EDGE('',*,*,#613,.T.);
#642 = ORIENTED_EDGE('',*,*,#643,.T.);
#643 = EDGE_CURVE('',#614,#552,#644,.T.);
#644 = LINE('',#645,#646);
#645 = CARTESIAN_POINT('',(16.1,-111.45,-7.8));
#646 = VECTOR('',#647,1.);
#647 = DIRECTION('',(0.,-1.,0.));
#648 = PLANE('',#649);
#649 = AXIS2_PLACEMENT_3D('',#650,#651,#652);
#650 = CARTESIAN_POINT('',(16.1,-22.9,-7.82));
#651 = DIRECTION('',(1.,0.,-0.));
#652 = DIRECTION('',(0.,0.,1.));
#653 = ADVANCED_FACE('',(#654,#660),#694,.T.);
#654 = FACE_BOUND('',#655,.T.);
#655 = EDGE_LOOP('',(#656,#657,#658,#659));
#656 = ORIENTED_EDGE('',*,*,#636,.F.);
#657 = ORIENTED_EDGE('',*,*,#543,.T.);
#658 = ORIENTED_EDGE('',*,*,#574,.T.);
#659 = ORIENTED_EDGE('',*,*,#605,.F.);
#660 = FACE_BOUND('',#661,.T.);
#661 = EDGE_LOOP('',(#662,#672,#680,#688));
#662 = ORIENTED_EDGE('',*,*,#663,.F.);
#663 = EDGE_CURVE('',#664,#666,#668,.T.);
#664 = VERTEX_POINT('',#665);
#665 = CARTESIAN_POINT('',(19.5,-16.2,-7.82));
#666 = VERTEX_POINT('',#667);
#667 = CARTESIAN_POINT('',(17.9,-16.2,-7.82));
#668 = LINE('',#669,#670);
#669 = CARTESIAN_POINT('',(16.954380141011,-16.2,-7.82));
#670 = VECTOR('',#671,1.);
#671 = DIRECTION('',(-1.,0.,0.));
#672 = ORIENTED_EDGE('',*,*,#673,.T.);
#673 = EDGE_CURVE('',#664,#674,#676,.T.);
#674 = VERTEX_POINT('',#675);
#675 = CARTESIAN_POINT('',(19.5,-18.8,-7.82));
#676 = LINE('',#677,#678);
#677 = CARTESIAN_POINT('',(19.5,-20.85,-7.82));
#678 = VECTOR('',#679,1.);
#679 = DIRECTION('',(0.,-1.,0.));
#680 = ORIENTED_EDGE('',*,*,#681,.F.);
#681 = EDGE_CURVE('',#682,#674,#684,.T.);
#682 = VERTEX_POINT('',#683);
#683 = CARTESIAN_POINT('',(17.9,-18.8,-7.82));
#684 = LINE('',#685,#686);
#685 = CARTESIAN_POINT('',(17.,-18.8,-7.82));
#686 = VECTOR('',#687,1.);
#687 = DIRECTION('',(1.,0.,-0.));
#688 = ORIENTED_EDGE('',*,*,#689,.F.);
#689 = EDGE_CURVE('',#666,#682,#690,.T.);
#690 = LINE('',#691,#692);
#691 = CARTESIAN_POINT('',(17.9,-20.85,-7.82));
#692 = VECTOR('',#693,1.);
#693 = DIRECTION('',(0.,-1.,0.));
#694 = PLANE('',#695);
#695 = AXIS2_PLACEMENT_3D('',#696,#697,#698);
#696 = CARTESIAN_POINT('',(16.1,-22.9,-7.82));
#697 = DIRECTION('',(0.,0.,1.));
#698 = DIRECTION('',(1.,0.,-0.));
#699 = ADVANCED_FACE('',(#700),#734,.T.);
#700 = FACE_BOUND('',#701,.T.);
#701 = EDGE_LOOP('',(#702,#712,#720,#728));
#702 = ORIENTED_EDGE('',*,*,#703,.F.);
#703 = EDGE_CURVE('',#704,#706,#708,.T.);
#704 = VERTEX_POINT('',#705);
#705 = CARTESIAN_POINT('',(-16.1,-22.9,-7.82));
#706 = VERTEX_POINT('',#707);
#707 = CARTESIAN_POINT('',(-16.1,-22.9,-7.8));
#708 = LINE('',#709,#710);
#709 = CARTESIAN_POINT('',(-16.1,-22.9,-7.82));
#710 = VECTOR('',#711,1.);
#711 = DIRECTION('',(0.,0.,1.));
#712 = ORIENTED_EDGE('',*,*,#713,.F.);
#713 = EDGE_CURVE('',#714,#704,#716,.T.);
#714 = VERTEX_POINT('',#715);
#715 = CARTESIAN_POINT('',(-25.3,-22.9,-7.82));
#716 = LINE('',#717,#718);
#717 = CARTESIAN_POINT('',(-25.3,-22.9,-7.82));
#718 = VECTOR('',#719,1.);
#719 = DIRECTION('',(1.,0.,-0.));
#720 = ORIENTED_EDGE('',*,*,#721,.T.);
#721 = EDGE_CURVE('',#714,#722,#724,.T.);
#722 = VERTEX_POINT('',#723);
#723 = CARTESIAN_POINT('',(-25.3,-22.9,-7.8));
#724 = LINE('',#725,#726);
#725 = CARTESIAN_POINT('',(-25.3,-22.9,-7.82));
#726 = VECTOR('',#727,1.);
#727 = DIRECTION('',(0.,0.,1.));
#728 = ORIENTED_EDGE('',*,*,#729,.T.);
#729 = EDGE_CURVE('',#722,#706,#730,.T.);
#730 = LINE('',#731,#732);
#731 = CARTESIAN_POINT('',(-112.65,-22.9,-7.8));
#732 = VECTOR('',#733,1.);
#733 = DIRECTION('',(1.,0.,-0.));
#734 = PLANE('',#735);
#735 = AXIS2_PLACEMENT_3D('',#736,#737,#738);
#736 = CARTESIAN_POINT('',(-25.3,-22.9,-7.82));
#737 = DIRECTION('',(-0.,1.,0.));
#738 = DIRECTION('',(0.,0.,1.));
#739 = ADVANCED_FACE('',(#740),#765,.F.);
#740 = FACE_BOUND('',#741,.F.);
#741 = EDGE_LOOP('',(#742,#743,#751,#759));
#742 = ORIENTED_EDGE('',*,*,#703,.F.);
#743 = ORIENTED_EDGE('',*,*,#744,.T.);
#744 = EDGE_CURVE('',#704,#745,#747,.T.);
#745 = VERTEX_POINT('',#746);
#746 = CARTESIAN_POINT('',(-16.1,-16.1,-7.82));
#747 = LINE('',#748,#749);
#748 = CARTESIAN_POINT('',(-16.1,-22.9,-7.82));
#749 = VECTOR('',#750,1.);
#750 = DIRECTION('',(-0.,1.,0.));
#751 = ORIENTED_EDGE('',*,*,#752,.T.);
#752 = EDGE_CURVE('',#745,#753,#755,.T.);
#753 = VERTEX_POINT('',#754);
#754 = CARTESIAN_POINT('',(-16.1,-16.1,-7.8));
#755 = LINE('',#756,#757);
#756 = CARTESIAN_POINT('',(-16.1,-16.1,-7.82));
#757 = VECTOR('',#758,1.);
#758 = DIRECTION('',(0.,0.,1.));
#759 = ORIENTED_EDGE('',*,*,#760,.T.);
#760 = EDGE_CURVE('',#753,#706,#761,.T.);
#761 = LINE('',#762,#763);
#762 = CARTESIAN_POINT('',(-16.1,-111.45,-7.8));
#763 = VECTOR('',#764,1.);
#764 = DIRECTION('',(0.,-1.,0.));
#765 = PLANE('',#766);
#766 = AXIS2_PLACEMENT_3D('',#767,#768,#769);
#767 = CARTESIAN_POINT('',(-16.1,-22.9,-7.82));
#768 = DIRECTION('',(1.,0.,-0.));
#769 = DIRECTION('',(0.,0.,1.));
#770 = ADVANCED_FACE('',(#771),#796,.F.);
#771 = FACE_BOUND('',#772,.F.);
#772 = EDGE_LOOP('',(#773,#774,#782,#790));
#773 = ORIENTED_EDGE('',*,*,#752,.F.);
#774 = ORIENTED_EDGE('',*,*,#775,.F.);
#775 = EDGE_CURVE('',#776,#745,#778,.T.);
#776 = VERTEX_POINT('',#777);
#777 = CARTESIAN_POINT('',(-25.3,-16.1,-7.82));
#778 = LINE('',#779,#780);
#779 = CARTESIAN_POINT('',(-25.3,-16.1,-7.82));
#780 = VECTOR('',#781,1.);
#781 = DIRECTION('',(1.,0.,-0.));
#782 = ORIENTED_EDGE('',*,*,#783,.T.);
#783 = EDGE_CURVE('',#776,#784,#786,.T.);
#784 = VERTEX_POINT('',#785);
#785 = CARTESIAN_POINT('',(-25.3,-16.1,-7.8));
#786 = LINE('',#787,#788);
#787 = CARTESIAN_POINT('',(-25.3,-16.1,-7.82));
#788 = VECTOR('',#789,1.);
#789 = DIRECTION('',(0.,0.,1.));
#790 = ORIENTED_EDGE('',*,*,#791,.T.);
#791 = EDGE_CURVE('',#784,#753,#792,.T.);
#792 = LINE('',#793,#794);
#793 = CARTESIAN_POINT('',(-112.65,-16.1,-7.8));
#794 = VECTOR('',#795,1.);
#795 = DIRECTION('',(1.,0.,-0.));
#796 = PLANE('',#797);
#797 = AXIS2_PLACEMENT_3D('',#798,#799,#800);
#798 = CARTESIAN_POINT('',(-25.3,-16.1,-7.82));
#799 = DIRECTION('',(-0.,1.,0.));
#800 = DIRECTION('',(0.,0.,1.));
#801 = ADVANCED_FACE('',(#802),#818,.T.);
#802 = FACE_BOUND('',#803,.T.);
#803 = EDGE_LOOP('',(#804,#805,#811,#812));
#804 = ORIENTED_EDGE('',*,*,#721,.F.);
#805 = ORIENTED_EDGE('',*,*,#806,.T.);
#806 = EDGE_CURVE('',#714,#776,#807,.T.);
#807 = LINE('',#808,#809);
#808 = CARTESIAN_POINT('',(-25.3,-22.9,-7.82));
#809 = VECTOR('',#810,1.);
#810 = DIRECTION('',(-0.,1.,0.));
#811 = ORIENTED_EDGE('',*,*,#783,.T.);
#812 = ORIENTED_EDGE('',*,*,#813,.T.);
#813 = EDGE_CURVE('',#784,#722,#814,.T.);
#814 = LINE('',#815,#816);
#815 = CARTESIAN_POINT('',(-25.3,-111.45,-7.8));
#816 = VECTOR('',#817,1.);
#817 = DIRECTION('',(0.,-1.,0.));
#818 = PLANE('',#819);
#819 = AXIS2_PLACEMENT_3D('',#820,#821,#822);
#820 = CARTESIAN_POINT('',(-25.3,-22.9,-7.82));
#821 = DIRECTION('',(1.,0.,-0.));
#822 = DIRECTION('',(0.,0.,1.));
#823 = ADVANCED_FACE('',(#824,#830),#864,.T.);
#824 = FACE_BOUND('',#825,.T.);
#825 = EDGE_LOOP('',(#826,#827,#828,#829));
#826 = ORIENTED_EDGE('',*,*,#806,.F.);
#827 = ORIENTED_EDGE('',*,*,#713,.T.);
#828 = ORIENTED_EDGE('',*,*,#744,.T.);
#829 = ORIENTED_EDGE('',*,*,#775,.F.);
#830 = FACE_BOUND('',#831,.T.);
#831 = EDGE_LOOP('',(#832,#842,#850,#858));
#832 = ORIENTED_EDGE('',*,*,#833,.F.);
#833 = EDGE_CURVE('',#834,#836,#838,.T.);
#834 = VERTEX_POINT('',#835);
#835 = CARTESIAN_POINT('',(-19.5,-18.8,-7.82));
#836 = VERTEX_POINT('',#837);
#837 = CARTESIAN_POINT('',(-17.9,-18.8,-7.82));
#838 = LINE('',#839,#840);
#839 = CARTESIAN_POINT('',(-22.4,-18.8,-7.82));
#840 = VECTOR('',#841,1.);
#841 = DIRECTION('',(1.,0.,-0.));
#842 = ORIENTED_EDGE('',*,*,#843,.F.);
#843 = EDGE_CURVE('',#844,#834,#846,.T.);
#844 = VERTEX_POINT('',#845);
#845 = CARTESIAN_POINT('',(-19.5,-16.2,-7.82));
#846 = LINE('',#847,#848);
#847 = CARTESIAN_POINT('',(-19.5,-20.85,-7.82));
#848 = VECTOR('',#849,1.);
#849 = DIRECTION('',(0.,-1.,0.));
#850 = ORIENTED_EDGE('',*,*,#851,.T.);
#851 = EDGE_CURVE('',#844,#852,#854,.T.);
#852 = VERTEX_POINT('',#853);
#853 = CARTESIAN_POINT('',(-17.9,-16.2,-7.82));
#854 = LINE('',#855,#856);
#855 = CARTESIAN_POINT('',(-22.4,-16.2,-7.82));
#856 = VECTOR('',#857,1.);
#857 = DIRECTION('',(1.,0.,-0.));
#858 = ORIENTED_EDGE('',*,*,#859,.T.);
#859 = EDGE_CURVE('',#852,#836,#860,.T.);
#860 = LINE('',#861,#862);
#861 = CARTESIAN_POINT('',(-17.9,-20.85,-7.82));
#862 = VECTOR('',#863,1.);
#863 = DIRECTION('',(0.,-1.,0.));
#864 = PLANE('',#865);
#865 = AXIS2_PLACEMENT_3D('',#866,#867,#868);
#866 = CARTESIAN_POINT('',(-25.3,-22.9,-7.82));
#867 = DIRECTION('',(0.,0.,1.));
#868 = DIRECTION('',(1.,0.,-0.));
#869 = ADVANCED_FACE('',(#870),#1000,.T.);
#870 = FACE_BOUND('',#871,.T.);
#871 = EDGE_LOOP('',(#872,#882,#890,#898,#906,#914,#922,#930,#938,#946,
    #954,#962,#970,#978,#986,#994));
#872 = ORIENTED_EDGE('',*,*,#873,.F.);
#873 = EDGE_CURVE('',#874,#876,#878,.T.);
#874 = VERTEX_POINT('',#875);
#875 = CARTESIAN_POINT('',(9.875,-24.95,-7.8));
#876 = VERTEX_POINT('',#877);
#877 = CARTESIAN_POINT('',(-9.875,-24.95,-7.8));
#878 = LINE('',#879,#880);
#879 = CARTESIAN_POINT('',(-4.9375,-24.95,-7.8));
#880 = VECTOR('',#881,1.);
#881 = DIRECTION('',(-1.,0.,0.));
#882 = ORIENTED_EDGE('',*,*,#883,.F.);
#883 = EDGE_CURVE('',#884,#874,#886,.T.);
#884 = VERTEX_POINT('',#885);
#885 = CARTESIAN_POINT('',(9.875,-24.95,-9.));
#886 = LINE('',#887,#888);
#887 = CARTESIAN_POINT('',(9.875,-24.95,-10.));
#888 = VECTOR('',#889,1.);
#889 = DIRECTION('',(0.,0.,1.));
#890 = ORIENTED_EDGE('',*,*,#891,.T.);
#891 = EDGE_CURVE('',#884,#892,#894,.T.);
#892 = VERTEX_POINT('',#893);
#893 = CARTESIAN_POINT('',(7.,-24.95,-9.));
#894 = LINE('',#895,#896);
#895 = CARTESIAN_POINT('',(-4.9375,-24.95,-9.));
#896 = VECTOR('',#897,1.);
#897 = DIRECTION('',(-1.,0.,0.));
#898 = ORIENTED_EDGE('',*,*,#899,.F.);
#899 = EDGE_CURVE('',#900,#892,#902,.T.);
#900 = VERTEX_POINT('',#901);
#901 = CARTESIAN_POINT('',(7.,-24.95,-12.5));
#902 = LINE('',#903,#904);
#903 = CARTESIAN_POINT('',(7.,-24.95,-12.00140151515));
#904 = VECTOR('',#905,1.);
#905 = DIRECTION('',(0.,0.,1.));
#906 = ORIENTED_EDGE('',*,*,#907,.F.);
#907 = EDGE_CURVE('',#908,#900,#910,.T.);
#908 = VERTEX_POINT('',#909);
#909 = CARTESIAN_POINT('',(4.5,-24.95,-12.5));
#910 = LINE('',#911,#912);
#911 = CARTESIAN_POINT('',(-9.875,-24.95,-12.5));
#912 = VECTOR('',#913,1.);
#913 = DIRECTION('',(1.,0.,0.));
#914 = ORIENTED_EDGE('',*,*,#915,.T.);
#915 = EDGE_CURVE('',#908,#916,#918,.T.);
#916 = VERTEX_POINT('',#917);
#917 = CARTESIAN_POINT('',(4.5,-24.95,-9.));
#918 = LINE('',#919,#920);
#919 = CARTESIAN_POINT('',(4.5,-24.95,-13.5));
#920 = VECTOR('',#921,1.);
#921 = DIRECTION('',(0.,0.,1.));
#922 = ORIENTED_EDGE('',*,*,#923,.T.);
#923 = EDGE_CURVE('',#916,#924,#926,.T.);
#924 = VERTEX_POINT('',#925);
#925 = CARTESIAN_POINT('',(-4.5,-24.95,-9.));
#926 = LINE('',#927,#928);
#927 = CARTESIAN_POINT('',(-4.9375,-24.95,-9.));
#928 = VECTOR('',#929,1.);
#929 = DIRECTION('',(-1.,0.,0.));
#930 = ORIENTED_EDGE('',*,*,#931,.F.);
#931 = EDGE_CURVE('',#932,#924,#934,.T.);
#932 = VERTEX_POINT('',#933);
#933 = CARTESIAN_POINT('',(-4.5,-24.95,-12.49));
#934 = LINE('',#935,#936);
#935 = CARTESIAN_POINT('',(-4.5,-24.95,-13.5));
#936 = VECTOR('',#937,1.);
#937 = DIRECTION('',(0.,0.,1.));
#938 = ORIENTED_EDGE('',*,*,#939,.F.);
#939 = EDGE_CURVE('',#940,#932,#942,.T.);
#940 = VERTEX_POINT('',#941);
#941 = CARTESIAN_POINT('',(-4.2,-24.95,-12.49));
#942 = LINE('',#943,#944);
#943 = CARTESIAN_POINT('',(-7.789166666667,-24.95,-12.49));
#944 = VECTOR('',#945,1.);
#945 = DIRECTION('',(-1.,0.,0.));
#946 = ORIENTED_EDGE('',*,*,#947,.F.);
#947 = EDGE_CURVE('',#948,#940,#950,.T.);
#948 = VERTEX_POINT('',#949);
#949 = CARTESIAN_POINT('',(-4.2,-24.95,-12.5));
#950 = LINE('',#951,#952);
#951 = CARTESIAN_POINT('',(-4.2,-24.95,-12.35095959596));
#952 = VECTOR('',#953,1.);
#953 = DIRECTION('',(0.,0.,1.));
#954 = ORIENTED_EDGE('',*,*,#955,.F.);
#955 = EDGE_CURVE('',#956,#948,#958,.T.);
#956 = VERTEX_POINT('',#957);
#957 = CARTESIAN_POINT('',(-7.2,-24.95,-12.5));
#958 = LINE('',#959,#960);
#959 = CARTESIAN_POINT('',(-9.875,-24.95,-12.5));
#960 = VECTOR('',#961,1.);
#961 = DIRECTION('',(1.,0.,0.));
#962 = ORIENTED_EDGE('',*,*,#963,.F.);
#963 = EDGE_CURVE('',#964,#956,#966,.T.);
#964 = VERTEX_POINT('',#965);
#965 = CARTESIAN_POINT('',(-7.2,-24.95,-12.49));
#966 = LINE('',#967,#968);
#967 = CARTESIAN_POINT('',(-7.2,-24.95,-12.35095959596));
#968 = VECTOR('',#969,1.);
#969 = DIRECTION('',(0.,0.,-1.));
#970 = ORIENTED_EDGE('',*,*,#971,.F.);
#971 = EDGE_CURVE('',#972,#964,#974,.T.);
#972 = VERTEX_POINT('',#973);
#973 = CARTESIAN_POINT('',(-7.,-24.95,-12.49));
#974 = LINE('',#975,#976);
#975 = CARTESIAN_POINT('',(-7.789166666667,-24.95,-12.49));
#976 = VECTOR('',#977,1.);
#977 = DIRECTION('',(-1.,0.,0.));
#978 = ORIENTED_EDGE('',*,*,#979,.T.);
#979 = EDGE_CURVE('',#972,#980,#982,.T.);
#980 = VERTEX_POINT('',#981);
#981 = CARTESIAN_POINT('',(-7.,-24.95,-9.));
#982 = LINE('',#983,#984);
#983 = CARTESIAN_POINT('',(-7.,-24.95,-13.5));
#984 = VECTOR('',#985,1.);
#985 = DIRECTION('',(0.,0.,1.));
#986 = ORIENTED_EDGE('',*,*,#987,.T.);
#987 = EDGE_CURVE('',#980,#988,#990,.T.);
#988 = VERTEX_POINT('',#989);
#989 = CARTESIAN_POINT('',(-9.875,-24.95,-9.));
#990 = LINE('',#991,#992);
#991 = CARTESIAN_POINT('',(-4.9375,-24.95,-9.));
#992 = VECTOR('',#993,1.);
#993 = DIRECTION('',(-1.,0.,0.));
#994 = ORIENTED_EDGE('',*,*,#995,.T.);
#995 = EDGE_CURVE('',#988,#876,#996,.T.);
#996 = LINE('',#997,#998);
#997 = CARTESIAN_POINT('',(-9.875,-24.95,-10.));
#998 = VECTOR('',#999,1.);
#999 = DIRECTION('',(0.,0.,1.));
#1000 = PLANE('',#1001);
#1001 = AXIS2_PLACEMENT_3D('',#1002,#1003,#1004);
#1002 = CARTESIAN_POINT('',(-9.569722514928E-02,-24.95,-9.355756937127)
  );
#1003 = DIRECTION('',(0.,1.,0.));
#1004 = DIRECTION('',(0.,-0.,1.));
#1005 = ADVANCED_FACE('',(#1006),#1033,.F.);
#1006 = FACE_BOUND('',#1007,.T.);
#1007 = EDGE_LOOP('',(#1008,#1017,#1025,#1032));
#1008 = ORIENTED_EDGE('',*,*,#1009,.T.);
#1009 = EDGE_CURVE('',#988,#1010,#1012,.T.);
#1010 = VERTEX_POINT('',#1011);
#1011 = CARTESIAN_POINT('',(-14.975,-19.85,-9.));
#1012 = CIRCLE('',#1013,5.1);
#1013 = AXIS2_PLACEMENT_3D('',#1014,#1015,#1016);
#1014 = CARTESIAN_POINT('',(-9.875,-19.85,-9.));
#1015 = DIRECTION('',(-0.,0.,-1.));
#1016 = DIRECTION('',(-1.,6.96610525255E-16,0.));
#1017 = ORIENTED_EDGE('',*,*,#1018,.T.);
#1018 = EDGE_CURVE('',#1010,#1019,#1021,.T.);
#1019 = VERTEX_POINT('',#1020);
#1020 = CARTESIAN_POINT('',(-14.975,-19.85,-7.8));
#1021 = LINE('',#1022,#1023);
#1022 = CARTESIAN_POINT('',(-14.975,-19.85,-10.));
#1023 = VECTOR('',#1024,1.);
#1024 = DIRECTION('',(0.,0.,1.));
#1025 = ORIENTED_EDGE('',*,*,#1026,.F.);
#1026 = EDGE_CURVE('',#876,#1019,#1027,.T.);
#1027 = CIRCLE('',#1028,5.1);
#1028 = AXIS2_PLACEMENT_3D('',#1029,#1030,#1031);
#1029 = CARTESIAN_POINT('',(-9.875,-19.85,-7.8));
#1030 = DIRECTION('',(-0.,0.,-1.));
#1031 = DIRECTION('',(-1.,6.96610525255E-16,0.));
#1032 = ORIENTED_EDGE('',*,*,#995,.F.);
#1033 = CYLINDRICAL_SURFACE('',#1034,5.1);
#1034 = AXIS2_PLACEMENT_3D('',#1035,#1036,#1037);
#1035 = CARTESIAN_POINT('',(-9.875,-19.85,-10.));
#1036 = DIRECTION('',(-0.,-0.,-1.));
#1037 = DIRECTION('',(-1.,6.96610525255E-16,0.));
#1038 = ADVANCED_FACE('',(#1039,#1109,#1143,#1154,#1188,#1222,#1256,
    #1290,#1773,#1807,#1841,#1852,#1886),#1920,.T.);
#1039 = FACE_BOUND('',#1040,.T.);
#1040 = EDGE_LOOP('',(#1041,#1051,#1060,#1068,#1077,#1085,#1094,#1102));
#1041 = ORIENTED_EDGE('',*,*,#1042,.F.);
#1042 = EDGE_CURVE('',#1043,#1045,#1047,.T.);
#1043 = VERTEX_POINT('',#1044);
#1044 = CARTESIAN_POINT('',(-32.5,-35.5,-9.));
#1045 = VERTEX_POINT('',#1046);
#1046 = CARTESIAN_POINT('',(32.5,-35.5,-9.));
#1047 = LINE('',#1048,#1049);
#1048 = CARTESIAN_POINT('',(-32.5,-35.5,-9.));
#1049 = VECTOR('',#1050,1.);
#1050 = DIRECTION('',(1.,0.,0.));
#1051 = ORIENTED_EDGE('',*,*,#1052,.F.);
#1052 = EDGE_CURVE('',#1053,#1043,#1055,.T.);
#1053 = VERTEX_POINT('',#1054);
#1054 = CARTESIAN_POINT('',(-35.5,-32.5,-9.));
#1055 = CIRCLE('',#1056,3.);
#1056 = AXIS2_PLACEMENT_3D('',#1057,#1058,#1059);
#1057 = CARTESIAN_POINT('',(-32.5,-32.5,-9.));
#1058 = DIRECTION('',(0.,0.,1.));
#1059 = DIRECTION('',(-1.,4.736951571734E-15,0.));
#1060 = ORIENTED_EDGE('',*,*,#1061,.F.);
#1061 = EDGE_CURVE('',#1062,#1053,#1064,.T.);
#1062 = VERTEX_POINT('',#1063);
#1063 = CARTESIAN_POINT('',(-35.5,32.5,-9.));
#1064 = LINE('',#1065,#1066);
#1065 = CARTESIAN_POINT('',(-35.5,32.5,-9.));
#1066 = VECTOR('',#1067,1.);
#1067 = DIRECTION('',(0.,-1.,0.));
#1068 = ORIENTED_EDGE('',*,*,#1069,.F.);
#1069 = EDGE_CURVE('',#1070,#1062,#1072,.T.);
#1070 = VERTEX_POINT('',#1071);
#1071 = CARTESIAN_POINT('',(-32.5,35.5,-9.));
#1072 = CIRCLE('',#1073,3.);
#1073 = AXIS2_PLACEMENT_3D('',#1074,#1075,#1076);
#1074 = CARTESIAN_POINT('',(-32.5,32.5,-9.));
#1075 = DIRECTION('',(0.,0.,1.));
#1076 = DIRECTION('',(4.736951571734E-15,1.,-0.));
#1077 = ORIENTED_EDGE('',*,*,#1078,.F.);
#1078 = EDGE_CURVE('',#1079,#1070,#1081,.T.);
#1079 = VERTEX_POINT('',#1080);
#1080 = CARTESIAN_POINT('',(32.5,35.5,-9.));
#1081 = LINE('',#1082,#1083);
#1082 = CARTESIAN_POINT('',(32.5,35.5,-9.));
#1083 = VECTOR('',#1084,1.);
#1084 = DIRECTION('',(-1.,0.,0.));
#1085 = ORIENTED_EDGE('',*,*,#1086,.F.);
#1086 = EDGE_CURVE('',#1087,#1079,#1089,.T.);
#1087 = VERTEX_POINT('',#1088);
#1088 = CARTESIAN_POINT('',(35.5,32.5,-9.));
#1089 = CIRCLE('',#1090,3.);
#1090 = AXIS2_PLACEMENT_3D('',#1091,#1092,#1093);
#1091 = CARTESIAN_POINT('',(32.5,32.5,-9.));
#1092 = DIRECTION('',(0.,0.,1.));
#1093 = DIRECTION('',(1.,-4.736951571734E-15,0.));
#1094 = ORIENTED_EDGE('',*,*,#1095,.F.);
#1095 = EDGE_CURVE('',#1096,#1087,#1098,.T.);
#1096 = VERTEX_POINT('',#1097);
#1097 = CARTESIAN_POINT('',(35.5,-32.5,-9.));
#1098 = LINE('',#1099,#1100);
#1099 = CARTESIAN_POINT('',(35.5,-32.5,-9.));
#1100 = VECTOR('',#1101,1.);
#1101 = DIRECTION('',(0.,1.,0.));
#1102 = ORIENTED_EDGE('',*,*,#1103,.F.);
#1103 = EDGE_CURVE('',#1045,#1096,#1104,.T.);
#1104 = CIRCLE('',#1105,3.);
#1105 = AXIS2_PLACEMENT_3D('',#1106,#1107,#1108);
#1106 = CARTESIAN_POINT('',(32.5,-32.5,-9.));
#1107 = DIRECTION('',(0.,0.,1.));
#1108 = DIRECTION('',(-4.736951571734E-15,-1.,0.));
#1109 = FACE_BOUND('',#1110,.T.);
#1110 = EDGE_LOOP('',(#1111,#1121,#1129,#1137));
#1111 = ORIENTED_EDGE('',*,*,#1112,.F.);
#1112 = EDGE_CURVE('',#1113,#1115,#1117,.T.);
#1113 = VERTEX_POINT('',#1114);
#1114 = CARTESIAN_POINT('',(27.3,-27.8,-9.));
#1115 = VERTEX_POINT('',#1116);
#1116 = CARTESIAN_POINT('',(21.5,-27.8,-9.));
#1117 = LINE('',#1118,#1119);
#1118 = CARTESIAN_POINT('',(10.75,-27.8,-9.));
#1119 = VECTOR('',#1120,1.);
#1120 = DIRECTION('',(-1.,-0.,0.));
#1121 = ORIENTED_EDGE('',*,*,#1122,.T.);
#1122 = EDGE_CURVE('',#1113,#1123,#1125,.T.);
#1123 = VERTEX_POINT('',#1124);
#1124 = CARTESIAN_POINT('',(27.3,-24.,-9.));
#1125 = LINE('',#1126,#1127);
#1126 = CARTESIAN_POINT('',(27.3,-13.9,-9.));
#1127 = VECTOR('',#1128,1.);
#1128 = DIRECTION('',(-0.,1.,0.));
#1129 = ORIENTED_EDGE('',*,*,#1130,.T.);
#1130 = EDGE_CURVE('',#1123,#1131,#1133,.T.);
#1131 = VERTEX_POINT('',#1132);
#1132 = CARTESIAN_POINT('',(21.5,-24.,-9.));
#1133 = LINE('',#1134,#1135);
#1134 = CARTESIAN_POINT('',(10.75,-24.,-9.));
#1135 = VECTOR('',#1136,1.);
#1136 = DIRECTION('',(-1.,-0.,0.));
#1137 = ORIENTED_EDGE('',*,*,#1138,.F.);
#1138 = EDGE_CURVE('',#1115,#1131,#1139,.T.);
#1139 = LINE('',#1140,#1141);
#1140 = CARTESIAN_POINT('',(21.5,-13.9,-9.));
#1141 = VECTOR('',#1142,1.);
#1142 = DIRECTION('',(-0.,1.,0.));
#1143 = FACE_BOUND('',#1144,.T.);
#1144 = EDGE_LOOP('',(#1145));
#1145 = ORIENTED_EDGE('',*,*,#1146,.T.);
#1146 = EDGE_CURVE('',#1147,#1147,#1149,.T.);
#1147 = VERTEX_POINT('',#1148);
#1148 = CARTESIAN_POINT('',(1.25,-27.,-9.));
#1149 = CIRCLE('',#1150,1.25);
#1150 = AXIS2_PLACEMENT_3D('',#1151,#1152,#1153);
#1151 = CARTESIAN_POINT('',(0.,-27.,-9.));
#1152 = DIRECTION('',(0.,0.,1.));
#1153 = DIRECTION('',(1.,0.,-0.));
#1154 = FACE_BOUND('',#1155,.T.);
#1155 = EDGE_LOOP('',(#1156,#1166,#1174,#1182));
#1156 = ORIENTED_EDGE('',*,*,#1157,.T.);
#1157 = EDGE_CURVE('',#1158,#1160,#1162,.T.);
#1158 = VERTEX_POINT('',#1159);
#1159 = CARTESIAN_POINT('',(-16.2,-16.2,-9.));
#1160 = VERTEX_POINT('',#1161);
#1161 = CARTESIAN_POINT('',(-16.2,-17.5,-9.));
#1162 = LINE('',#1163,#1164);
#1163 = CARTESIAN_POINT('',(-16.2,-8.75,-9.));
#1164 = VECTOR('',#1165,1.);
#1165 = DIRECTION('',(0.,-1.,0.));
#1166 = ORIENTED_EDGE('',*,*,#1167,.T.);
#1167 = EDGE_CURVE('',#1160,#1168,#1170,.T.);
#1168 = VERTEX_POINT('',#1169);
#1169 = CARTESIAN_POINT('',(-15.325,-17.5,-9.));
#1170 = LINE('',#1171,#1172);
#1171 = CARTESIAN_POINT('',(-8.1,-17.5,-9.));
#1172 = VECTOR('',#1173,1.);
#1173 = DIRECTION('',(1.,0.,-0.));
#1174 = ORIENTED_EDGE('',*,*,#1175,.F.);
#1175 = EDGE_CURVE('',#1176,#1168,#1178,.T.);
#1176 = VERTEX_POINT('',#1177);
#1177 = CARTESIAN_POINT('',(-15.325,-16.2,-9.));
#1178 = LINE('',#1179,#1180);
#1179 = CARTESIAN_POINT('',(-15.325,-8.75,-9.));
#1180 = VECTOR('',#1181,1.);
#1181 = DIRECTION('',(0.,-1.,0.));
#1182 = ORIENTED_EDGE('',*,*,#1183,.F.);
#1183 = EDGE_CURVE('',#1158,#1176,#1184,.T.);
#1184 = LINE('',#1185,#1186);
#1185 = CARTESIAN_POINT('',(-8.1,-16.2,-9.));
#1186 = VECTOR('',#1187,1.);
#1187 = DIRECTION('',(1.,0.,-0.));
#1188 = FACE_BOUND('',#1189,.T.);
#1189 = EDGE_LOOP('',(#1190,#1200,#1208,#1216));
#1190 = ORIENTED_EDGE('',*,*,#1191,.F.);
#1191 = EDGE_CURVE('',#1192,#1194,#1196,.T.);
#1192 = VERTEX_POINT('',#1193);
#1193 = CARTESIAN_POINT('',(-21.5,-27.8,-9.));
#1194 = VERTEX_POINT('',#1195);
#1195 = CARTESIAN_POINT('',(-27.3,-27.8,-9.));
#1196 = LINE('',#1197,#1198);
#1197 = CARTESIAN_POINT('',(-13.65,-27.8,-9.));
#1198 = VECTOR('',#1199,1.);
#1199 = DIRECTION('',(-1.,-0.,0.));
#1200 = ORIENTED_EDGE('',*,*,#1201,.T.);
#1201 = EDGE_CURVE('',#1192,#1202,#1204,.T.);
#1202 = VERTEX_POINT('',#1203);
#1203 = CARTESIAN_POINT('',(-21.5,-24.,-9.));
#1204 = LINE('',#1205,#1206);
#1205 = CARTESIAN_POINT('',(-21.5,-13.9,-9.));
#1206 = VECTOR('',#1207,1.);
#1207 = DIRECTION('',(-0.,1.,0.));
#1208 = ORIENTED_EDGE('',*,*,#1209,.T.);
#1209 = EDGE_CURVE('',#1202,#1210,#1212,.T.);
#1210 = VERTEX_POINT('',#1211);
#1211 = CARTESIAN_POINT('',(-27.3,-24.,-9.));
#1212 = LINE('',#1213,#1214);
#1213 = CARTESIAN_POINT('',(-13.65,-24.,-9.));
#1214 = VECTOR('',#1215,1.);
#1215 = DIRECTION('',(-1.,-0.,0.));
#1216 = ORIENTED_EDGE('',*,*,#1217,.F.);
#1217 = EDGE_CURVE('',#1194,#1210,#1218,.T.);
#1218 = LINE('',#1219,#1220);
#1219 = CARTESIAN_POINT('',(-27.3,-13.9,-9.));
#1220 = VECTOR('',#1221,1.);
#1221 = DIRECTION('',(-0.,1.,0.));
#1222 = FACE_BOUND('',#1223,.T.);
#1223 = EDGE_LOOP('',(#1224,#1234,#1242,#1250));
#1224 = ORIENTED_EDGE('',*,*,#1225,.F.);
#1225 = EDGE_CURVE('',#1226,#1228,#1230,.T.);
#1226 = VERTEX_POINT('',#1227);
#1227 = CARTESIAN_POINT('',(-17.9,-18.8,-9.));
#1228 = VERTEX_POINT('',#1229);
#1229 = CARTESIAN_POINT('',(-19.5,-18.8,-9.));
#1230 = LINE('',#1231,#1232);
#1231 = CARTESIAN_POINT('',(-9.75,-18.8,-9.));
#1232 = VECTOR('',#1233,1.);
#1233 = DIRECTION('',(-1.,-0.,0.));
#1234 = ORIENTED_EDGE('',*,*,#1235,.T.);
#1235 = EDGE_CURVE('',#1226,#1236,#1238,.T.);
#1236 = VERTEX_POINT('',#1237);
#1237 = CARTESIAN_POINT('',(-17.9,-16.2,-9.));
#1238 = LINE('',#1239,#1240);
#1239 = CARTESIAN_POINT('',(-17.9,-9.4,-9.));
#1240 = VECTOR('',#1241,1.);
#1241 = DIRECTION('',(-0.,1.,0.));
#1242 = ORIENTED_EDGE('',*,*,#1243,.T.);
#1243 = EDGE_CURVE('',#1236,#1244,#1246,.T.);
#1244 = VERTEX_POINT('',#1245);
#1245 = CARTESIAN_POINT('',(-19.5,-16.2,-9.));
#1246 = LINE('',#1247,#1248);
#1247 = CARTESIAN_POINT('',(-9.75,-16.2,-9.));
#1248 = VECTOR('',#1249,1.);
#1249 = DIRECTION('',(-1.,-0.,0.));
#1250 = ORIENTED_EDGE('',*,*,#1251,.F.);
#1251 = EDGE_CURVE('',#1228,#1244,#1252,.T.);
#1252 = LINE('',#1253,#1254);
#1253 = CARTESIAN_POINT('',(-19.5,-9.4,-9.));
#1254 = VECTOR('',#1255,1.);
#1255 = DIRECTION('',(-0.,1.,0.));
#1256 = FACE_BOUND('',#1257,.T.);
#1257 = EDGE_LOOP('',(#1258,#1268,#1276,#1284));
#1258 = ORIENTED_EDGE('',*,*,#1259,.F.);
#1259 = EDGE_CURVE('',#1260,#1262,#1264,.T.);
#1260 = VERTEX_POINT('',#1261);
#1261 = CARTESIAN_POINT('',(28.2,-4.5,-9.));
#1262 = VERTEX_POINT('',#1263);
#1263 = CARTESIAN_POINT('',(28.2,4.5,-9.));
#1264 = LINE('',#1265,#1266);
#1265 = CARTESIAN_POINT('',(28.2,-2.25,-9.));
#1266 = VECTOR('',#1267,1.);
#1267 = DIRECTION('',(-0.,1.,0.));
#1268 = ORIENTED_EDGE('',*,*,#1269,.F.);
#1269 = EDGE_CURVE('',#1270,#1260,#1272,.T.);
#1270 = VERTEX_POINT('',#1271);
#1271 = CARTESIAN_POINT('',(31.8,-4.5,-9.));
#1272 = LINE('',#1273,#1274);
#1273 = CARTESIAN_POINT('',(14.1,-4.5,-9.));
#1274 = VECTOR('',#1275,1.);
#1275 = DIRECTION('',(-1.,-0.,0.));
#1276 = ORIENTED_EDGE('',*,*,#1277,.T.);
#1277 = EDGE_CURVE('',#1270,#1278,#1280,.T.);
#1278 = VERTEX_POINT('',#1279);
#1279 = CARTESIAN_POINT('',(31.8,4.5,-9.));
#1280 = LINE('',#1281,#1282);
#1281 = CARTESIAN_POINT('',(31.8,-2.25,-9.));
#1282 = VECTOR('',#1283,1.);
#1283 = DIRECTION('',(-0.,1.,0.));
#1284 = ORIENTED_EDGE('',*,*,#1285,.T.);
#1285 = EDGE_CURVE('',#1278,#1262,#1286,.T.);
#1286 = LINE('',#1287,#1288);
#1287 = CARTESIAN_POINT('',(14.1,4.5,-9.));
#1288 = VECTOR('',#1289,1.);
#1289 = DIRECTION('',(-1.,-0.,0.));
#1290 = FACE_BOUND('',#1291,.T.);
#1291 = EDGE_LOOP('',(#1292,#1302,#1310,#1318,#1326,#1334,#1342,#1350,
    #1358,#1366,#1374,#1382,#1390,#1398,#1406,#1414,#1422,#1430,#1438,
    #1447,#1455,#1463,#1471,#1479,#1487,#1495,#1503,#1511,#1519,#1527,
    #1535,#1543,#1551,#1560,#1568,#1576,#1584,#1592,#1598,#1599,#1600,
    #1608,#1616,#1624,#1632,#1640,#1648,#1654,#1655,#1663,#1671,#1677,
    #1678,#1687,#1695,#1703,#1711,#1719,#1727,#1735,#1743,#1751,#1759,
    #1767));
#1292 = ORIENTED_EDGE('',*,*,#1293,.F.);
#1293 = EDGE_CURVE('',#1294,#1296,#1298,.T.);
#1294 = VERTEX_POINT('',#1295);
#1295 = CARTESIAN_POINT('',(24.6625,-15.2,-9.));
#1296 = VERTEX_POINT('',#1297);
#1297 = CARTESIAN_POINT('',(20.995,-15.2,-9.));
#1298 = LINE('',#1299,#1300);
#1299 = CARTESIAN_POINT('',(7.2375,-15.2,-9.));
#1300 = VECTOR('',#1301,1.);
#1301 = DIRECTION('',(-1.,-0.,0.));
#1302 = ORIENTED_EDGE('',*,*,#1303,.T.);
#1303 = EDGE_CURVE('',#1294,#1304,#1306,.T.);
#1304 = VERTEX_POINT('',#1305);
#1305 = CARTESIAN_POINT('',(24.6625,-11.2,-9.));
#1306 = LINE('',#1307,#1308);
#1307 = CARTESIAN_POINT('',(24.6625,-7.6,-9.));
#1308 = VECTOR('',#1309,1.);
#1309 = DIRECTION('',(-0.,1.,0.));
#1310 = ORIENTED_EDGE('',*,*,#1311,.F.);
#1311 = EDGE_CURVE('',#1312,#1304,#1314,.T.);
#1312 = VERTEX_POINT('',#1313);
#1313 = CARTESIAN_POINT('',(24.9625,-11.2,-9.));
#1314 = LINE('',#1315,#1316);
#1315 = CARTESIAN_POINT('',(10.1475,-11.2,-9.));
#1316 = VECTOR('',#1317,1.);
#1317 = DIRECTION('',(-1.,-0.,0.));
#1318 = ORIENTED_EDGE('',*,*,#1319,.T.);
#1319 = EDGE_CURVE('',#1312,#1320,#1322,.T.);
#1320 = VERTEX_POINT('',#1321);
#1321 = CARTESIAN_POINT('',(24.9625,11.2,-9.));
#1322 = LINE('',#1323,#1324);
#1323 = CARTESIAN_POINT('',(24.9625,-5.6,-9.));
#1324 = VECTOR('',#1325,1.);
#1325 = DIRECTION('',(-0.,1.,0.));
#1326 = ORIENTED_EDGE('',*,*,#1327,.T.);
#1327 = EDGE_CURVE('',#1320,#1328,#1330,.T.);
#1328 = VERTEX_POINT('',#1329);
#1329 = CARTESIAN_POINT('',(24.6625,11.2,-9.));
#1330 = LINE('',#1331,#1332);
#1331 = CARTESIAN_POINT('',(10.1475,11.2,-9.));
#1332 = VECTOR('',#1333,1.);
#1333 = DIRECTION('',(-1.,-0.,0.));
#1334 = ORIENTED_EDGE('',*,*,#1335,.T.);
#1335 = EDGE_CURVE('',#1328,#1336,#1338,.T.);
#1336 = VERTEX_POINT('',#1337);
#1337 = CARTESIAN_POINT('',(24.6625,15.2,-9.));
#1338 = LINE('',#1339,#1340);
#1339 = CARTESIAN_POINT('',(24.6625,-7.6,-9.));
#1340 = VECTOR('',#1341,1.);
#1341 = DIRECTION('',(-0.,1.,0.));
#1342 = ORIENTED_EDGE('',*,*,#1343,.T.);
#1343 = EDGE_CURVE('',#1336,#1344,#1346,.T.);
#1344 = VERTEX_POINT('',#1345);
#1345 = CARTESIAN_POINT('',(20.995,15.2,-9.));
#1346 = LINE('',#1347,#1348);
#1347 = CARTESIAN_POINT('',(7.2375,15.2,-9.));
#1348 = VECTOR('',#1349,1.);
#1349 = DIRECTION('',(-1.,-0.,0.));
#1350 = ORIENTED_EDGE('',*,*,#1351,.T.);
#1351 = EDGE_CURVE('',#1344,#1352,#1354,.T.);
#1352 = VERTEX_POINT('',#1353);
#1353 = CARTESIAN_POINT('',(20.995,16.2,-9.));
#1354 = LINE('',#1355,#1356);
#1355 = CARTESIAN_POINT('',(20.995,7.6,-9.));
#1356 = VECTOR('',#1357,1.);
#1357 = DIRECTION('',(-0.,1.,0.));
#1358 = ORIENTED_EDGE('',*,*,#1359,.T.);
#1359 = EDGE_CURVE('',#1352,#1360,#1362,.T.);
#1360 = VERTEX_POINT('',#1361);
#1361 = CARTESIAN_POINT('',(19.5,16.2,-9.));
#1362 = LINE('',#1363,#1364);
#1363 = CARTESIAN_POINT('',(7.4875,16.2,-9.));
#1364 = VECTOR('',#1365,1.);
#1365 = DIRECTION('',(-1.,-0.,0.));
#1366 = ORIENTED_EDGE('',*,*,#1367,.T.);
#1367 = EDGE_CURVE('',#1360,#1368,#1370,.T.);
#1368 = VERTEX_POINT('',#1369);
#1369 = CARTESIAN_POINT('',(19.5,18.8,-9.));
#1370 = LINE('',#1371,#1372);
#1371 = CARTESIAN_POINT('',(19.5,8.1,-9.));
#1372 = VECTOR('',#1373,1.);
#1373 = DIRECTION('',(-0.,1.,0.));
#1374 = ORIENTED_EDGE('',*,*,#1375,.T.);
#1375 = EDGE_CURVE('',#1368,#1376,#1378,.T.);
#1376 = VERTEX_POINT('',#1377);
#1377 = CARTESIAN_POINT('',(17.9,18.8,-9.));
#1378 = LINE('',#1379,#1380);
#1379 = CARTESIAN_POINT('',(8.95,18.8,-9.));
#1380 = VECTOR('',#1381,1.);
#1381 = DIRECTION('',(-1.,-0.,0.));
#1382 = ORIENTED_EDGE('',*,*,#1383,.F.);
#1383 = EDGE_CURVE('',#1384,#1376,#1386,.T.);
#1384 = VERTEX_POINT('',#1385);
#1385 = CARTESIAN_POINT('',(17.9,16.2,-9.));
#1386 = LINE('',#1387,#1388);
#1387 = CARTESIAN_POINT('',(17.9,8.1,-9.));
#1388 = VECTOR('',#1389,1.);
#1389 = DIRECTION('',(-0.,1.,0.));
#1390 = ORIENTED_EDGE('',*,*,#1391,.T.);
#1391 = EDGE_CURVE('',#1384,#1392,#1394,.T.);
#1392 = VERTEX_POINT('',#1393);
#1393 = CARTESIAN_POINT('',(16.2,16.2,-9.));
#1394 = LINE('',#1395,#1396);
#1395 = CARTESIAN_POINT('',(7.4875,16.2,-9.));
#1396 = VECTOR('',#1397,1.);
#1397 = DIRECTION('',(-1.,-0.,0.));
#1398 = ORIENTED_EDGE('',*,*,#1399,.F.);
#1399 = EDGE_CURVE('',#1400,#1392,#1402,.T.);
#1400 = VERTEX_POINT('',#1401);
#1401 = CARTESIAN_POINT('',(16.2,17.5,-9.));
#1402 = LINE('',#1403,#1404);
#1403 = CARTESIAN_POINT('',(16.2,8.1,-9.));
#1404 = VECTOR('',#1405,1.);
#1405 = DIRECTION('',(0.,-1.,0.));
#1406 = ORIENTED_EDGE('',*,*,#1407,.F.);
#1407 = EDGE_CURVE('',#1408,#1400,#1410,.T.);
#1408 = VERTEX_POINT('',#1409);
#1409 = CARTESIAN_POINT('',(15.325,17.5,-9.));
#1410 = LINE('',#1411,#1412);
#1411 = CARTESIAN_POINT('',(7.6625,17.5,-9.));
#1412 = VECTOR('',#1413,1.);
#1413 = DIRECTION('',(1.,0.,-0.));
#1414 = ORIENTED_EDGE('',*,*,#1415,.T.);
#1415 = EDGE_CURVE('',#1408,#1416,#1418,.T.);
#1416 = VERTEX_POINT('',#1417);
#1417 = CARTESIAN_POINT('',(15.325,16.2,-9.));
#1418 = LINE('',#1419,#1420);
#1419 = CARTESIAN_POINT('',(15.325,8.1,-9.));
#1420 = VECTOR('',#1421,1.);
#1421 = DIRECTION('',(0.,-1.,0.));
#1422 = ORIENTED_EDGE('',*,*,#1423,.T.);
#1423 = EDGE_CURVE('',#1416,#1424,#1426,.T.);
#1424 = VERTEX_POINT('',#1425);
#1425 = CARTESIAN_POINT('',(14.975,16.2,-9.));
#1426 = LINE('',#1427,#1428);
#1427 = CARTESIAN_POINT('',(7.4875,16.2,-9.));
#1428 = VECTOR('',#1429,1.);
#1429 = DIRECTION('',(-1.,-0.,0.));
#1430 = ORIENTED_EDGE('',*,*,#1431,.F.);
#1431 = EDGE_CURVE('',#1432,#1424,#1434,.T.);
#1432 = VERTEX_POINT('',#1433);
#1433 = CARTESIAN_POINT('',(14.975,19.85,-9.));
#1434 = LINE('',#1435,#1436);
#1435 = CARTESIAN_POINT('',(14.975,-9.925,-9.));
#1436 = VECTOR('',#1437,1.);
#1437 = DIRECTION('',(0.,-1.,0.));
#1438 = ORIENTED_EDGE('',*,*,#1439,.F.);
#1439 = EDGE_CURVE('',#1440,#1432,#1442,.T.);
#1440 = VERTEX_POINT('',#1441);
#1441 = CARTESIAN_POINT('',(9.875,24.95,-9.));
#1442 = CIRCLE('',#1443,5.1);
#1443 = AXIS2_PLACEMENT_3D('',#1444,#1445,#1446);
#1444 = CARTESIAN_POINT('',(9.875,19.85,-9.));
#1445 = DIRECTION('',(0.,-0.,-1.));
#1446 = DIRECTION('',(1.,-6.96610525255E-16,0.));
#1447 = ORIENTED_EDGE('',*,*,#1448,.F.);
#1448 = EDGE_CURVE('',#1449,#1440,#1451,.T.);
#1449 = VERTEX_POINT('',#1450);
#1450 = CARTESIAN_POINT('',(7.,24.95,-9.));
#1451 = LINE('',#1452,#1453);
#1452 = CARTESIAN_POINT('',(4.9375,24.95,-9.));
#1453 = VECTOR('',#1454,1.);
#1454 = DIRECTION('',(1.,0.,-0.));
#1455 = ORIENTED_EDGE('',*,*,#1456,.F.);
#1456 = EDGE_CURVE('',#1457,#1449,#1459,.T.);
#1457 = VERTEX_POINT('',#1458);
#1458 = CARTESIAN_POINT('',(7.,25.05,-9.));
#1459 = LINE('',#1460,#1461);
#1460 = CARTESIAN_POINT('',(7.,12.475,-9.));
#1461 = VECTOR('',#1462,1.);
#1462 = DIRECTION('',(0.,-1.,0.));
#1463 = ORIENTED_EDGE('',*,*,#1464,.F.);
#1464 = EDGE_CURVE('',#1465,#1457,#1467,.T.);
#1465 = VERTEX_POINT('',#1466);
#1466 = CARTESIAN_POINT('',(7.2,25.05,-9.));
#1467 = LINE('',#1468,#1469);
#1468 = CARTESIAN_POINT('',(2.1,25.05,-9.));
#1469 = VECTOR('',#1470,1.);
#1470 = DIRECTION('',(-1.,-0.,0.));
#1471 = ORIENTED_EDGE('',*,*,#1472,.T.);
#1472 = EDGE_CURVE('',#1465,#1473,#1475,.T.);
#1473 = VERTEX_POINT('',#1474);
#1474 = CARTESIAN_POINT('',(7.2,27.45,-9.));
#1475 = LINE('',#1476,#1477);
#1476 = CARTESIAN_POINT('',(7.2,12.525,-9.));
#1477 = VECTOR('',#1478,1.);
#1478 = DIRECTION('',(-0.,1.,0.));
#1479 = ORIENTED_EDGE('',*,*,#1480,.T.);
#1480 = EDGE_CURVE('',#1473,#1481,#1483,.T.);
#1481 = VERTEX_POINT('',#1482);
#1482 = CARTESIAN_POINT('',(4.2,27.45,-9.));
#1483 = LINE('',#1484,#1485);
#1484 = CARTESIAN_POINT('',(2.1,27.45,-9.));
#1485 = VECTOR('',#1486,1.);
#1486 = DIRECTION('',(-1.,-0.,0.));
#1487 = ORIENTED_EDGE('',*,*,#1488,.F.);
#1488 = EDGE_CURVE('',#1489,#1481,#1491,.T.);
#1489 = VERTEX_POINT('',#1490);
#1490 = CARTESIAN_POINT('',(4.2,25.05,-9.));
#1491 = LINE('',#1492,#1493);
#1492 = CARTESIAN_POINT('',(4.2,12.525,-9.));
#1493 = VECTOR('',#1494,1.);
#1494 = DIRECTION('',(-0.,1.,0.));
#1495 = ORIENTED_EDGE('',*,*,#1496,.F.);
#1496 = EDGE_CURVE('',#1497,#1489,#1499,.T.);
#1497 = VERTEX_POINT('',#1498);
#1498 = CARTESIAN_POINT('',(4.5,25.05,-9.));
#1499 = LINE('',#1500,#1501);
#1500 = CARTESIAN_POINT('',(2.1,25.05,-9.));
#1501 = VECTOR('',#1502,1.);
#1502 = DIRECTION('',(-1.,-0.,0.));
#1503 = ORIENTED_EDGE('',*,*,#1504,.T.);
#1504 = EDGE_CURVE('',#1497,#1505,#1507,.T.);
#1505 = VERTEX_POINT('',#1506);
#1506 = CARTESIAN_POINT('',(4.5,24.95,-9.));
#1507 = LINE('',#1508,#1509);
#1508 = CARTESIAN_POINT('',(4.5,12.475,-9.));
#1509 = VECTOR('',#1510,1.);
#1510 = DIRECTION('',(0.,-1.,0.));
#1511 = ORIENTED_EDGE('',*,*,#1512,.F.);
#1512 = EDGE_CURVE('',#1513,#1505,#1515,.T.);
#1513 = VERTEX_POINT('',#1514);
#1514 = CARTESIAN_POINT('',(-4.5,24.95,-9.));
#1515 = LINE('',#1516,#1517);
#1516 = CARTESIAN_POINT('',(4.9375,24.95,-9.));
#1517 = VECTOR('',#1518,1.);
#1518 = DIRECTION('',(1.,0.,-0.));
#1519 = ORIENTED_EDGE('',*,*,#1520,.F.);
#1520 = EDGE_CURVE('',#1521,#1513,#1523,.T.);
#1521 = VERTEX_POINT('',#1522);
#1522 = CARTESIAN_POINT('',(-4.5,25.75,-9.));
#1523 = LINE('',#1524,#1525);
#1524 = CARTESIAN_POINT('',(-4.5,12.475,-9.));
#1525 = VECTOR('',#1526,1.);
#1526 = DIRECTION('',(0.,-1.,0.));
#1527 = ORIENTED_EDGE('',*,*,#1528,.F.);
#1528 = EDGE_CURVE('',#1529,#1521,#1531,.T.);
#1529 = VERTEX_POINT('',#1530);
#1530 = CARTESIAN_POINT('',(-7.,25.75,-9.));
#1531 = LINE('',#1532,#1533);
#1532 = CARTESIAN_POINT('',(-3.5,25.75,-9.));
#1533 = VECTOR('',#1534,1.);
#1534 = DIRECTION('',(1.,0.,-0.));
#1535 = ORIENTED_EDGE('',*,*,#1536,.T.);
#1536 = EDGE_CURVE('',#1529,#1537,#1539,.T.);
#1537 = VERTEX_POINT('',#1538);
#1538 = CARTESIAN_POINT('',(-7.,24.95,-9.));
#1539 = LINE('',#1540,#1541);
#1540 = CARTESIAN_POINT('',(-7.,12.475,-9.));
#1541 = VECTOR('',#1542,1.);
#1542 = DIRECTION('',(0.,-1.,0.));
#1543 = ORIENTED_EDGE('',*,*,#1544,.F.);
#1544 = EDGE_CURVE('',#1545,#1537,#1547,.T.);
#1545 = VERTEX_POINT('',#1546);
#1546 = CARTESIAN_POINT('',(-9.875,24.95,-9.));
#1547 = LINE('',#1548,#1549);
#1548 = CARTESIAN_POINT('',(4.9375,24.95,-9.));
#1549 = VECTOR('',#1550,1.);
#1550 = DIRECTION('',(1.,0.,-0.));
#1551 = ORIENTED_EDGE('',*,*,#1552,.F.);
#1552 = EDGE_CURVE('',#1553,#1545,#1555,.T.);
#1553 = VERTEX_POINT('',#1554);
#1554 = CARTESIAN_POINT('',(-14.975,19.85,-9.));
#1555 = CIRCLE('',#1556,5.1);
#1556 = AXIS2_PLACEMENT_3D('',#1557,#1558,#1559);
#1557 = CARTESIAN_POINT('',(-9.875,19.85,-9.));
#1558 = DIRECTION('',(0.,-0.,-1.));
#1559 = DIRECTION('',(6.96610525255E-16,1.,-0.));
#1560 = ORIENTED_EDGE('',*,*,#1561,.F.);
#1561 = EDGE_CURVE('',#1562,#1553,#1564,.T.);
#1562 = VERTEX_POINT('',#1563);
#1563 = CARTESIAN_POINT('',(-14.975,3.5,-9.));
#1564 = LINE('',#1565,#1566);
#1565 = CARTESIAN_POINT('',(-14.975,9.925,-9.));
#1566 = VECTOR('',#1567,1.);
#1567 = DIRECTION('',(-0.,1.,0.));
#1568 = ORIENTED_EDGE('',*,*,#1569,.F.);
#1569 = EDGE_CURVE('',#1570,#1562,#1572,.T.);
#1570 = VERTEX_POINT('',#1571);
#1571 = CARTESIAN_POINT('',(-16.2,3.5,-9.));
#1572 = LINE('',#1573,#1574);
#1573 = CARTESIAN_POINT('',(-8.1,3.5,-9.));
#1574 = VECTOR('',#1575,1.);
#1575 = DIRECTION('',(1.,0.,-0.));
#1576 = ORIENTED_EDGE('',*,*,#1577,.T.);
#1577 = EDGE_CURVE('',#1570,#1578,#1580,.T.);
#1578 = VERTEX_POINT('',#1579);
#1579 = CARTESIAN_POINT('',(-16.2,-10.,-9.));
#1580 = LINE('',#1581,#1582);
#1581 = CARTESIAN_POINT('',(-16.2,-5.,-9.));
#1582 = VECTOR('',#1583,1.);
#1583 = DIRECTION('',(0.,-1.,0.));
#1584 = ORIENTED_EDGE('',*,*,#1585,.T.);
#1585 = EDGE_CURVE('',#1578,#1586,#1588,.T.);
#1586 = VERTEX_POINT('',#1587);
#1587 = CARTESIAN_POINT('',(-14.975,-10.,-9.));
#1588 = LINE('',#1589,#1590);
#1589 = CARTESIAN_POINT('',(-8.1,-10.,-9.));
#1590 = VECTOR('',#1591,1.);
#1591 = DIRECTION('',(1.,0.,-0.));
#1592 = ORIENTED_EDGE('',*,*,#1593,.F.);
#1593 = EDGE_CURVE('',#1010,#1586,#1594,.T.);
#1594 = LINE('',#1595,#1596);
#1595 = CARTESIAN_POINT('',(-14.975,9.925,-9.));
#1596 = VECTOR('',#1597,1.);
#1597 = DIRECTION('',(-0.,1.,0.));
#1598 = ORIENTED_EDGE('',*,*,#1009,.F.);
#1599 = ORIENTED_EDGE('',*,*,#987,.F.);
#1600 = ORIENTED_EDGE('',*,*,#1601,.T.);
#1601 = EDGE_CURVE('',#980,#1602,#1604,.T.);
#1602 = VERTEX_POINT('',#1603);
#1603 = CARTESIAN_POINT('',(-7.,-25.05,-9.));
#1604 = LINE('',#1605,#1606);
#1605 = CARTESIAN_POINT('',(-7.,-12.875,-9.));
#1606 = VECTOR('',#1607,1.);
#1607 = DIRECTION('',(0.,-1.,0.));
#1608 = ORIENTED_EDGE('',*,*,#1609,.T.);
#1609 = EDGE_CURVE('',#1602,#1610,#1612,.T.);
#1610 = VERTEX_POINT('',#1611);
#1611 = CARTESIAN_POINT('',(-7.2,-25.05,-9.));
#1612 = LINE('',#1613,#1614);
#1613 = CARTESIAN_POINT('',(-3.6,-25.05,-9.));
#1614 = VECTOR('',#1615,1.);
#1615 = DIRECTION('',(-1.,-0.,0.));
#1616 = ORIENTED_EDGE('',*,*,#1617,.F.);
#1617 = EDGE_CURVE('',#1618,#1610,#1620,.T.);
#1618 = VERTEX_POINT('',#1619);
#1619 = CARTESIAN_POINT('',(-7.2,-27.45,-9.));
#1620 = LINE('',#1621,#1622);
#1621 = CARTESIAN_POINT('',(-7.2,-13.725,-9.));
#1622 = VECTOR('',#1623,1.);
#1623 = DIRECTION('',(-0.,1.,0.));
#1624 = ORIENTED_EDGE('',*,*,#1625,.F.);
#1625 = EDGE_CURVE('',#1626,#1618,#1628,.T.);
#1626 = VERTEX_POINT('',#1627);
#1627 = CARTESIAN_POINT('',(-4.2,-27.45,-9.));
#1628 = LINE('',#1629,#1630);
#1629 = CARTESIAN_POINT('',(-3.6,-27.45,-9.));
#1630 = VECTOR('',#1631,1.);
#1631 = DIRECTION('',(-1.,-0.,0.));
#1632 = ORIENTED_EDGE('',*,*,#1633,.T.);
#1633 = EDGE_CURVE('',#1626,#1634,#1636,.T.);
#1634 = VERTEX_POINT('',#1635);
#1635 = CARTESIAN_POINT('',(-4.2,-25.05,-9.));
#1636 = LINE('',#1637,#1638);
#1637 = CARTESIAN_POINT('',(-4.2,-13.725,-9.));
#1638 = VECTOR('',#1639,1.);
#1639 = DIRECTION('',(-0.,1.,0.));
#1640 = ORIENTED_EDGE('',*,*,#1641,.T.);
#1641 = EDGE_CURVE('',#1634,#1642,#1644,.T.);
#1642 = VERTEX_POINT('',#1643);
#1643 = CARTESIAN_POINT('',(-4.5,-25.05,-9.));
#1644 = LINE('',#1645,#1646);
#1645 = CARTESIAN_POINT('',(-3.6,-25.05,-9.));
#1646 = VECTOR('',#1647,1.);
#1647 = DIRECTION('',(-1.,-0.,0.));
#1648 = ORIENTED_EDGE('',*,*,#1649,.F.);
#1649 = EDGE_CURVE('',#924,#1642,#1650,.T.);
#1650 = LINE('',#1651,#1652);
#1651 = CARTESIAN_POINT('',(-4.5,-12.875,-9.));
#1652 = VECTOR('',#1653,1.);
#1653 = DIRECTION('',(0.,-1.,0.));
#1654 = ORIENTED_EDGE('',*,*,#923,.F.);
#1655 = ORIENTED_EDGE('',*,*,#1656,.T.);
#1656 = EDGE_CURVE('',#916,#1657,#1659,.T.);
#1657 = VERTEX_POINT('',#1658);
#1658 = CARTESIAN_POINT('',(4.5,-25.75,-9.));
#1659 = LINE('',#1660,#1661);
#1660 = CARTESIAN_POINT('',(4.5,-12.875,-9.));
#1661 = VECTOR('',#1662,1.);
#1662 = DIRECTION('',(0.,-1.,0.));
#1663 = ORIENTED_EDGE('',*,*,#1664,.T.);
#1664 = EDGE_CURVE('',#1657,#1665,#1667,.T.);
#1665 = VERTEX_POINT('',#1666);
#1666 = CARTESIAN_POINT('',(7.,-25.75,-9.));
#1667 = LINE('',#1668,#1669);
#1668 = CARTESIAN_POINT('',(2.25,-25.75,-9.));
#1669 = VECTOR('',#1670,1.);
#1670 = DIRECTION('',(1.,0.,-0.));
#1671 = ORIENTED_EDGE('',*,*,#1672,.F.);
#1672 = EDGE_CURVE('',#892,#1665,#1673,.T.);
#1673 = LINE('',#1674,#1675);
#1674 = CARTESIAN_POINT('',(7.,-12.875,-9.));
#1675 = VECTOR('',#1676,1.);
#1676 = DIRECTION('',(0.,-1.,0.));
#1677 = ORIENTED_EDGE('',*,*,#891,.F.);
#1678 = ORIENTED_EDGE('',*,*,#1679,.F.);
#1679 = EDGE_CURVE('',#1680,#884,#1682,.T.);
#1680 = VERTEX_POINT('',#1681);
#1681 = CARTESIAN_POINT('',(14.975,-19.85,-9.));
#1682 = CIRCLE('',#1683,5.1);
#1683 = AXIS2_PLACEMENT_3D('',#1684,#1685,#1686);
#1684 = CARTESIAN_POINT('',(9.875,-19.85,-9.));
#1685 = DIRECTION('',(-0.,0.,-1.));
#1686 = DIRECTION('',(-6.96610525255E-16,-1.,0.));
#1687 = ORIENTED_EDGE('',*,*,#1688,.F.);
#1688 = EDGE_CURVE('',#1689,#1680,#1691,.T.);
#1689 = VERTEX_POINT('',#1690);
#1690 = CARTESIAN_POINT('',(14.975,-16.2,-9.));
#1691 = LINE('',#1692,#1693);
#1692 = CARTESIAN_POINT('',(14.975,-9.925,-9.));
#1693 = VECTOR('',#1694,1.);
#1694 = DIRECTION('',(0.,-1.,0.));
#1695 = ORIENTED_EDGE('',*,*,#1696,.F.);
#1696 = EDGE_CURVE('',#1697,#1689,#1699,.T.);
#1697 = VERTEX_POINT('',#1698);
#1698 = CARTESIAN_POINT('',(15.325,-16.2,-9.));
#1699 = LINE('',#1700,#1701);
#1700 = CARTESIAN_POINT('',(7.4875,-16.2,-9.));
#1701 = VECTOR('',#1702,1.);
#1702 = DIRECTION('',(-1.,-0.,0.));
#1703 = ORIENTED_EDGE('',*,*,#1704,.T.);
#1704 = EDGE_CURVE('',#1697,#1705,#1707,.T.);
#1705 = VERTEX_POINT('',#1706);
#1706 = CARTESIAN_POINT('',(15.325,-17.5,-9.));
#1707 = LINE('',#1708,#1709);
#1708 = CARTESIAN_POINT('',(15.325,-8.75,-9.));
#1709 = VECTOR('',#1710,1.);
#1710 = DIRECTION('',(0.,-1.,0.));
#1711 = ORIENTED_EDGE('',*,*,#1712,.T.);
#1712 = EDGE_CURVE('',#1705,#1713,#1715,.T.);
#1713 = VERTEX_POINT('',#1714);
#1714 = CARTESIAN_POINT('',(16.2,-17.5,-9.));
#1715 = LINE('',#1716,#1717);
#1716 = CARTESIAN_POINT('',(7.6625,-17.5,-9.));
#1717 = VECTOR('',#1718,1.);
#1718 = DIRECTION('',(1.,0.,-0.));
#1719 = ORIENTED_EDGE('',*,*,#1720,.F.);
#1720 = EDGE_CURVE('',#1721,#1713,#1723,.T.);
#1721 = VERTEX_POINT('',#1722);
#1722 = CARTESIAN_POINT('',(16.2,-16.2,-9.));
#1723 = LINE('',#1724,#1725);
#1724 = CARTESIAN_POINT('',(16.2,-8.75,-9.));
#1725 = VECTOR('',#1726,1.);
#1726 = DIRECTION('',(0.,-1.,0.));
#1727 = ORIENTED_EDGE('',*,*,#1728,.F.);
#1728 = EDGE_CURVE('',#1729,#1721,#1731,.T.);
#1729 = VERTEX_POINT('',#1730);
#1730 = CARTESIAN_POINT('',(17.9,-16.2,-9.));
#1731 = LINE('',#1732,#1733);
#1732 = CARTESIAN_POINT('',(7.4875,-16.2,-9.));
#1733 = VECTOR('',#1734,1.);
#1734 = DIRECTION('',(-1.,-0.,0.));
#1735 = ORIENTED_EDGE('',*,*,#1736,.F.);
#1736 = EDGE_CURVE('',#1737,#1729,#1739,.T.);
#1737 = VERTEX_POINT('',#1738);
#1738 = CARTESIAN_POINT('',(17.9,-18.8,-9.));
#1739 = LINE('',#1740,#1741);
#1740 = CARTESIAN_POINT('',(17.9,-9.4,-9.));
#1741 = VECTOR('',#1742,1.);
#1742 = DIRECTION('',(-0.,1.,0.));
#1743 = ORIENTED_EDGE('',*,*,#1744,.F.);
#1744 = EDGE_CURVE('',#1745,#1737,#1747,.T.);
#1745 = VERTEX_POINT('',#1746);
#1746 = CARTESIAN_POINT('',(19.5,-18.8,-9.));
#1747 = LINE('',#1748,#1749);
#1748 = CARTESIAN_POINT('',(8.95,-18.8,-9.));
#1749 = VECTOR('',#1750,1.);
#1750 = DIRECTION('',(-1.,-0.,0.));
#1751 = ORIENTED_EDGE('',*,*,#1752,.T.);
#1752 = EDGE_CURVE('',#1745,#1753,#1755,.T.);
#1753 = VERTEX_POINT('',#1754);
#1754 = CARTESIAN_POINT('',(19.5,-16.2,-9.));
#1755 = LINE('',#1756,#1757);
#1756 = CARTESIAN_POINT('',(19.5,-9.4,-9.));
#1757 = VECTOR('',#1758,1.);
#1758 = DIRECTION('',(-0.,1.,0.));
#1759 = ORIENTED_EDGE('',*,*,#1760,.F.);
#1760 = EDGE_CURVE('',#1761,#1753,#1763,.T.);
#1761 = VERTEX_POINT('',#1762);
#1762 = CARTESIAN_POINT('',(20.995,-16.2,-9.));
#1763 = LINE('',#1764,#1765);
#1764 = CARTESIAN_POINT('',(7.4875,-16.2,-9.));
#1765 = VECTOR('',#1766,1.);
#1766 = DIRECTION('',(-1.,-0.,0.));
#1767 = ORIENTED_EDGE('',*,*,#1768,.T.);
#1768 = EDGE_CURVE('',#1761,#1296,#1769,.T.);
#1769 = LINE('',#1770,#1771);
#1770 = CARTESIAN_POINT('',(20.995,-8.1,-9.));
#1771 = VECTOR('',#1772,1.);
#1772 = DIRECTION('',(-0.,1.,0.));
#1773 = FACE_BOUND('',#1774,.T.);
#1774 = EDGE_LOOP('',(#1775,#1785,#1793,#1801));
#1775 = ORIENTED_EDGE('',*,*,#1776,.F.);
#1776 = EDGE_CURVE('',#1777,#1779,#1781,.T.);
#1777 = VERTEX_POINT('',#1778);
#1778 = CARTESIAN_POINT('',(-21.5125,2.25,-9.));
#1779 = VERTEX_POINT('',#1780);
#1780 = CARTESIAN_POINT('',(-24.5125,2.25,-9.));
#1781 = LINE('',#1782,#1783);
#1782 = CARTESIAN_POINT('',(-12.25625,2.25,-9.));
#1783 = VECTOR('',#1784,1.);
#1784 = DIRECTION('',(-1.,-0.,0.));
#1785 = ORIENTED_EDGE('',*,*,#1786,.T.);
#1786 = EDGE_CURVE('',#1777,#1787,#1789,.T.);
#1787 = VERTEX_POINT('',#1788);
#1788 = CARTESIAN_POINT('',(-21.5125,5.26,-9.));
#1789 = LINE('',#1790,#1791);
#1790 = CARTESIAN_POINT('',(-21.5125,1.125,-9.));
#1791 = VECTOR('',#1792,1.);
#1792 = DIRECTION('',(-0.,1.,0.));
#1793 = ORIENTED_EDGE('',*,*,#1794,.T.);
#1794 = EDGE_CURVE('',#1787,#1795,#1797,.T.);
#1795 = VERTEX_POINT('',#1796);
#1796 = CARTESIAN_POINT('',(-24.5125,5.26,-9.));
#1797 = LINE('',#1798,#1799);
#1798 = CARTESIAN_POINT('',(-12.25625,5.26,-9.));
#1799 = VECTOR('',#1800,1.);
#1800 = DIRECTION('',(-1.,-0.,0.));
#1801 = ORIENTED_EDGE('',*,*,#1802,.F.);
#1802 = EDGE_CURVE('',#1779,#1795,#1803,.T.);
#1803 = LINE('',#1804,#1805);
#1804 = CARTESIAN_POINT('',(-24.5125,1.125,-9.));
#1805 = VECTOR('',#1806,1.);
#1806 = DIRECTION('',(-0.,1.,0.));
#1807 = FACE_BOUND('',#1808,.T.);
#1808 = EDGE_LOOP('',(#1809,#1819,#1827,#1835));
#1809 = ORIENTED_EDGE('',*,*,#1810,.T.);
#1810 = EDGE_CURVE('',#1811,#1813,#1815,.T.);
#1811 = VERTEX_POINT('',#1812);
#1812 = CARTESIAN_POINT('',(-28.2,-4.5,-9.));
#1813 = VERTEX_POINT('',#1814);
#1814 = CARTESIAN_POINT('',(-28.2,4.5,-9.));
#1815 = LINE('',#1816,#1817);
#1816 = CARTESIAN_POINT('',(-28.2,-2.25,-9.));
#1817 = VECTOR('',#1818,1.);
#1818 = DIRECTION('',(-0.,1.,0.));
#1819 = ORIENTED_EDGE('',*,*,#1820,.T.);
#1820 = EDGE_CURVE('',#1813,#1821,#1823,.T.);
#1821 = VERTEX_POINT('',#1822);
#1822 = CARTESIAN_POINT('',(-31.8,4.5,-9.));
#1823 = LINE('',#1824,#1825);
#1824 = CARTESIAN_POINT('',(-15.9,4.5,-9.));
#1825 = VECTOR('',#1826,1.);
#1826 = DIRECTION('',(-1.,-0.,0.));
#1827 = ORIENTED_EDGE('',*,*,#1828,.F.);
#1828 = EDGE_CURVE('',#1829,#1821,#1831,.T.);
#1829 = VERTEX_POINT('',#1830);
#1830 = CARTESIAN_POINT('',(-31.8,-4.5,-9.));
#1831 = LINE('',#1832,#1833);
#1832 = CARTESIAN_POINT('',(-31.8,-2.25,-9.));
#1833 = VECTOR('',#1834,1.);
#1834 = DIRECTION('',(-0.,1.,0.));
#1835 = ORIENTED_EDGE('',*,*,#1836,.F.);
#1836 = EDGE_CURVE('',#1811,#1829,#1837,.T.);
#1837 = LINE('',#1838,#1839);
#1838 = CARTESIAN_POINT('',(-15.9,-4.5,-9.));
#1839 = VECTOR('',#1840,1.);
#1840 = DIRECTION('',(-1.,-0.,0.));
#1841 = FACE_BOUND('',#1842,.T.);
#1842 = EDGE_LOOP('',(#1843));
#1843 = ORIENTED_EDGE('',*,*,#1844,.T.);
#1844 = EDGE_CURVE('',#1845,#1845,#1847,.T.);
#1845 = VERTEX_POINT('',#1846);
#1846 = CARTESIAN_POINT('',(-18.3625,9.6,-9.));
#1847 = CIRCLE('',#1848,1.8);
#1848 = AXIS2_PLACEMENT_3D('',#1849,#1850,#1851);
#1849 = CARTESIAN_POINT('',(-20.1625,9.6,-9.));
#1850 = DIRECTION('',(0.,0.,1.));
#1851 = DIRECTION('',(1.,0.,-0.));
#1852 = FACE_BOUND('',#1853,.T.);
#1853 = EDGE_LOOP('',(#1854,#1864,#1872,#1880));
#1854 = ORIENTED_EDGE('',*,*,#1855,.T.);
#1855 = EDGE_CURVE('',#1856,#1858,#1860,.T.);
#1856 = VERTEX_POINT('',#1857);
#1857 = CARTESIAN_POINT('',(-16.2,17.5,-9.));
#1858 = VERTEX_POINT('',#1859);
#1859 = CARTESIAN_POINT('',(-16.2,16.2,-9.));
#1860 = LINE('',#1861,#1862);
#1861 = CARTESIAN_POINT('',(-16.2,8.1,-9.));
#1862 = VECTOR('',#1863,1.);
#1863 = DIRECTION('',(0.,-1.,0.));
#1864 = ORIENTED_EDGE('',*,*,#1865,.T.);
#1865 = EDGE_CURVE('',#1858,#1866,#1868,.T.);
#1866 = VERTEX_POINT('',#1867);
#1867 = CARTESIAN_POINT('',(-15.325,16.2,-9.));
#1868 = LINE('',#1869,#1870);
#1869 = CARTESIAN_POINT('',(-8.1,16.2,-9.));
#1870 = VECTOR('',#1871,1.);
#1871 = DIRECTION('',(1.,0.,-0.));
#1872 = ORIENTED_EDGE('',*,*,#1873,.F.);
#1873 = EDGE_CURVE('',#1874,#1866,#1876,.T.);
#1874 = VERTEX_POINT('',#1875);
#1875 = CARTESIAN_POINT('',(-15.325,17.5,-9.));
#1876 = LINE('',#1877,#1878);
#1877 = CARTESIAN_POINT('',(-15.325,8.1,-9.));
#1878 = VECTOR('',#1879,1.);
#1879 = DIRECTION('',(0.,-1.,0.));
#1880 = ORIENTED_EDGE('',*,*,#1881,.F.);
#1881 = EDGE_CURVE('',#1856,#1874,#1882,.T.);
#1882 = LINE('',#1883,#1884);
#1883 = CARTESIAN_POINT('',(-8.1,17.5,-9.));
#1884 = VECTOR('',#1885,1.);
#1885 = DIRECTION('',(1.,0.,-0.));
#1886 = FACE_BOUND('',#1887,.T.);
#1887 = EDGE_LOOP('',(#1888,#1898,#1906,#1914));
#1888 = ORIENTED_EDGE('',*,*,#1889,.F.);
#1889 = EDGE_CURVE('',#1890,#1892,#1894,.T.);
#1890 = VERTEX_POINT('',#1891);
#1891 = CARTESIAN_POINT('',(-17.9,16.2,-9.));
#1892 = VERTEX_POINT('',#1893);
#1893 = CARTESIAN_POINT('',(-19.5,16.2,-9.));
#1894 = LINE('',#1895,#1896);
#1895 = CARTESIAN_POINT('',(-9.75,16.2,-9.));
#1896 = VECTOR('',#1897,1.);
#1897 = DIRECTION('',(-1.,-0.,0.));
#1898 = ORIENTED_EDGE('',*,*,#1899,.T.);
#1899 = EDGE_CURVE('',#1890,#1900,#1902,.T.);
#1900 = VERTEX_POINT('',#1901);
#1901 = CARTESIAN_POINT('',(-17.9,18.8,-9.));
#1902 = LINE('',#1903,#1904);
#1903 = CARTESIAN_POINT('',(-17.9,8.1,-9.));
#1904 = VECTOR('',#1905,1.);
#1905 = DIRECTION('',(-0.,1.,0.));
#1906 = ORIENTED_EDGE('',*,*,#1907,.T.);
#1907 = EDGE_CURVE('',#1900,#1908,#1910,.T.);
#1908 = VERTEX_POINT('',#1909);
#1909 = CARTESIAN_POINT('',(-19.5,18.8,-9.));
#1910 = LINE('',#1911,#1912);
#1911 = CARTESIAN_POINT('',(-9.75,18.8,-9.));
#1912 = VECTOR('',#1913,1.);
#1913 = DIRECTION('',(-1.,-0.,0.));
#1914 = ORIENTED_EDGE('',*,*,#1915,.F.);
#1915 = EDGE_CURVE('',#1892,#1908,#1916,.T.);
#1916 = LINE('',#1917,#1918);
#1917 = CARTESIAN_POINT('',(-19.5,8.1,-9.));
#1918 = VECTOR('',#1919,1.);
#1919 = DIRECTION('',(-0.,1.,0.));
#1920 = PLANE('',#1921);
#1921 = AXIS2_PLACEMENT_3D('',#1922,#1923,#1924);
#1922 = CARTESIAN_POINT('',(-4.207639510416E-16,-3.825126827651E-17,-9.)
  );
#1923 = DIRECTION('',(-0.,-0.,-1.));
#1924 = DIRECTION('',(-1.,0.,0.));
#1925 = ADVANCED_FACE('',(#1926),#1944,.F.);
#1926 = FACE_BOUND('',#1927,.F.);
#1927 = EDGE_LOOP('',(#1928,#1936,#1942,#1943));
#1928 = ORIENTED_EDGE('',*,*,#1929,.F.);
#1929 = EDGE_CURVE('',#1930,#1602,#1932,.T.);
#1930 = VERTEX_POINT('',#1931);
#1931 = CARTESIAN_POINT('',(-7.,-25.05,-12.49));
#1932 = LINE('',#1933,#1934);
#1933 = CARTESIAN_POINT('',(-7.,-25.05,-13.005));
#1934 = VECTOR('',#1935,1.);
#1935 = DIRECTION('',(0.,0.,1.));
#1936 = ORIENTED_EDGE('',*,*,#1937,.T.);
#1937 = EDGE_CURVE('',#1930,#972,#1938,.T.);
#1938 = LINE('',#1939,#1940);
#1939 = CARTESIAN_POINT('',(-7.,-25.75,-12.49));
#1940 = VECTOR('',#1941,1.);
#1941 = DIRECTION('',(-0.,1.,0.));
#1942 = ORIENTED_EDGE('',*,*,#979,.T.);
#1943 = ORIENTED_EDGE('',*,*,#1601,.T.);
#1944 = PLANE('',#1945);
#1945 = AXIS2_PLACEMENT_3D('',#1946,#1947,#1948);
#1946 = CARTESIAN_POINT('',(-7.,-25.75,-13.5));
#1947 = DIRECTION('',(1.,0.,-0.));
#1948 = DIRECTION('',(0.,0.,1.));
#1949 = ADVANCED_FACE('',(#1950),#1968,.T.);
#1950 = FACE_BOUND('',#1951,.T.);
#1951 = EDGE_LOOP('',(#1952,#1960,#1966,#1967));
#1952 = ORIENTED_EDGE('',*,*,#1953,.F.);
#1953 = EDGE_CURVE('',#1954,#964,#1956,.T.);
#1954 = VERTEX_POINT('',#1955);
#1955 = CARTESIAN_POINT('',(-7.2,-25.05,-12.49));
#1956 = LINE('',#1957,#1958);
#1957 = CARTESIAN_POINT('',(-7.2,-26.25,-12.49));
#1958 = VECTOR('',#1959,1.);
#1959 = DIRECTION('',(-0.,1.,0.));
#1960 = ORIENTED_EDGE('',*,*,#1961,.T.);
#1961 = EDGE_CURVE('',#1954,#1930,#1962,.T.);
#1962 = LINE('',#1963,#1964);
#1963 = CARTESIAN_POINT('',(-7.2,-25.05,-12.49));
#1964 = VECTOR('',#1965,1.);
#1965 = DIRECTION('',(1.,0.,-0.));
#1966 = ORIENTED_EDGE('',*,*,#1937,.T.);
#1967 = ORIENTED_EDGE('',*,*,#971,.T.);
#1968 = PLANE('',#1969);
#1969 = AXIS2_PLACEMENT_3D('',#1970,#1971,#1972);
#1970 = CARTESIAN_POINT('',(-5.703333333333,-24.34777777777,-12.49));
#1971 = DIRECTION('',(0.,0.,1.));
#1972 = DIRECTION('',(1.,0.,-0.));
#1973 = ADVANCED_FACE('',(#1974),#1999,.T.);
#1974 = FACE_BOUND('',#1975,.T.);
#1975 = EDGE_LOOP('',(#1976,#1984,#1990,#1991,#1997,#1998));
#1976 = ORIENTED_EDGE('',*,*,#1977,.F.);
#1977 = EDGE_CURVE('',#1978,#956,#1980,.T.);
#1978 = VERTEX_POINT('',#1979);
#1979 = CARTESIAN_POINT('',(-7.2,-27.45,-12.5));
#1980 = LINE('',#1981,#1982);
#1981 = CARTESIAN_POINT('',(-7.2,-113.0105555555,-12.5));
#1982 = VECTOR('',#1983,1.);
#1983 = DIRECTION('',(0.,1.,0.));
#1984 = ORIENTED_EDGE('',*,*,#1985,.T.);
#1985 = EDGE_CURVE('',#1978,#1618,#1986,.T.);
#1986 = LINE('',#1987,#1988);
#1987 = CARTESIAN_POINT('',(-7.2,-27.45,-15.3));
#1988 = VECTOR('',#1989,1.);
#1989 = DIRECTION('',(0.,0.,1.));
#1990 = ORIENTED_EDGE('',*,*,#1617,.T.);
#1991 = ORIENTED_EDGE('',*,*,#1992,.F.);
#1992 = EDGE_CURVE('',#1954,#1610,#1993,.T.);
#1993 = LINE('',#1994,#1995);
#1994 = CARTESIAN_POINT('',(-7.2,-25.05,-12.51));
#1995 = VECTOR('',#1996,1.);
#1996 = DIRECTION('',(0.,0.,1.));
#1997 = ORIENTED_EDGE('',*,*,#1953,.T.);
#1998 = ORIENTED_EDGE('',*,*,#963,.T.);
#1999 = PLANE('',#2000);
#2000 = AXIS2_PLACEMENT_3D('',#2001,#2002,#2003);
#2001 = CARTESIAN_POINT('',(-7.2,-26.02111111111,-12.20191919191));
#2002 = DIRECTION('',(-1.,-0.,-0.));
#2003 = DIRECTION('',(0.,0.,-1.));
#2004 = ADVANCED_FACE('',(#2005,#2023),#2026,.F.);
#2005 = FACE_BOUND('',#2006,.F.);
#2006 = EDGE_LOOP('',(#2007,#2008,#2009,#2017));
#2007 = ORIENTED_EDGE('',*,*,#955,.F.);
#2008 = ORIENTED_EDGE('',*,*,#1977,.F.);
#2009 = ORIENTED_EDGE('',*,*,#2010,.F.);
#2010 = EDGE_CURVE('',#2011,#1978,#2013,.T.);
#2011 = VERTEX_POINT('',#2012);
#2012 = CARTESIAN_POINT('',(-4.2,-27.45,-12.5));
#2013 = LINE('',#2014,#2015);
#2014 = CARTESIAN_POINT('',(-102.85,-27.45,-12.5));
#2015 = VECTOR('',#2016,1.);
#2016 = DIRECTION('',(-1.,0.,0.));
#2017 = ORIENTED_EDGE('',*,*,#2018,.F.);
#2018 = EDGE_CURVE('',#948,#2011,#2019,.T.);
#2019 = LINE('',#2020,#2021);
#2020 = CARTESIAN_POINT('',(-4.2,-113.0105555555,-12.5));
#2021 = VECTOR('',#2022,1.);
#2022 = DIRECTION('',(0.,-1.,0.));
#2023 = FACE_BOUND('',#2024,.F.);
#2024 = EDGE_LOOP('',(#2025));
#2025 = ORIENTED_EDGE('',*,*,#177,.F.);
#2026 = PLANE('',#2027);
#2027 = AXIS2_PLACEMENT_3D('',#2028,#2029,#2030);
#2028 = CARTESIAN_POINT('',(-200.,-200.,-12.5));
#2029 = DIRECTION('',(0.,0.,1.));
#2030 = DIRECTION('',(1.,0.,-0.));
#2031 = ADVANCED_FACE('',(#2032),#2057,.T.);
#2032 = FACE_BOUND('',#2033,.T.);
#2033 = EDGE_LOOP('',(#2034,#2040,#2041,#2042,#2050,#2056));
#2034 = ORIENTED_EDGE('',*,*,#2035,.F.);
#2035 = EDGE_CURVE('',#2011,#1626,#2036,.T.);
#2036 = LINE('',#2037,#2038);
#2037 = CARTESIAN_POINT('',(-4.2,-27.45,-15.3));
#2038 = VECTOR('',#2039,1.);
#2039 = DIRECTION('',(0.,0.,1.));
#2040 = ORIENTED_EDGE('',*,*,#2018,.F.);
#2041 = ORIENTED_EDGE('',*,*,#947,.T.);
#2042 = ORIENTED_EDGE('',*,*,#2043,.F.);
#2043 = EDGE_CURVE('',#2044,#940,#2046,.T.);
#2044 = VERTEX_POINT('',#2045);
#2045 = CARTESIAN_POINT('',(-4.2,-25.05,-12.49));
#2046 = LINE('',#2047,#2048);
#2047 = CARTESIAN_POINT('',(-4.2,-26.25,-12.49));
#2048 = VECTOR('',#2049,1.);
#2049 = DIRECTION('',(-0.,1.,0.));
#2050 = ORIENTED_EDGE('',*,*,#2051,.T.);
#2051 = EDGE_CURVE('',#2044,#1634,#2052,.T.);
#2052 = LINE('',#2053,#2054);
#2053 = CARTESIAN_POINT('',(-4.2,-25.05,-12.51));
#2054 = VECTOR('',#2055,1.);
#2055 = DIRECTION('',(0.,0.,1.));
#2056 = ORIENTED_EDGE('',*,*,#1633,.F.);
#2057 = PLANE('',#2058);
#2058 = AXIS2_PLACEMENT_3D('',#2059,#2060,#2061);
#2059 = CARTESIAN_POINT('',(-4.2,-26.02111111111,-12.20191919191));
#2060 = DIRECTION('',(1.,0.,0.));
#2061 = DIRECTION('',(-0.,0.,1.));
#2062 = ADVANCED_FACE('',(#2063),#2081,.T.);
#2063 = FACE_BOUND('',#2064,.T.);
#2064 = EDGE_LOOP('',(#2065,#2066,#2074,#2080));
#2065 = ORIENTED_EDGE('',*,*,#939,.T.);
#2066 = ORIENTED_EDGE('',*,*,#2067,.F.);
#2067 = EDGE_CURVE('',#2068,#932,#2070,.T.);
#2068 = VERTEX_POINT('',#2069);
#2069 = CARTESIAN_POINT('',(-4.5,-25.05,-12.49));
#2070 = LINE('',#2071,#2072);
#2071 = CARTESIAN_POINT('',(-4.5,-25.75,-12.49));
#2072 = VECTOR('',#2073,1.);
#2073 = DIRECTION('',(-0.,1.,0.));
#2074 = ORIENTED_EDGE('',*,*,#2075,.T.);
#2075 = EDGE_CURVE('',#2068,#2044,#2076,.T.);
#2076 = LINE('',#2077,#2078);
#2077 = CARTESIAN_POINT('',(-7.2,-25.05,-12.49));
#2078 = VECTOR('',#2079,1.);
#2079 = DIRECTION('',(1.,0.,-0.));
#2080 = ORIENTED_EDGE('',*,*,#2043,.T.);
#2081 = PLANE('',#2082);
#2082 = AXIS2_PLACEMENT_3D('',#2083,#2084,#2085);
#2083 = CARTESIAN_POINT('',(-5.703333333333,-24.34777777777,-12.49));
#2084 = DIRECTION('',(0.,0.,1.));
#2085 = DIRECTION('',(1.,0.,-0.));
#2086 = ADVANCED_FACE('',(#2087),#2098,.T.);
#2087 = FACE_BOUND('',#2088,.T.);
#2088 = EDGE_LOOP('',(#2089,#2095,#2096,#2097));
#2089 = ORIENTED_EDGE('',*,*,#2090,.F.);
#2090 = EDGE_CURVE('',#2068,#1642,#2091,.T.);
#2091 = LINE('',#2092,#2093);
#2092 = CARTESIAN_POINT('',(-4.5,-25.05,-13.005));
#2093 = VECTOR('',#2094,1.);
#2094 = DIRECTION('',(0.,0.,1.));
#2095 = ORIENTED_EDGE('',*,*,#2067,.T.);
#2096 = ORIENTED_EDGE('',*,*,#931,.T.);
#2097 = ORIENTED_EDGE('',*,*,#1649,.T.);
#2098 = PLANE('',#2099);
#2099 = AXIS2_PLACEMENT_3D('',#2100,#2101,#2102);
#2100 = CARTESIAN_POINT('',(-4.5,-25.75,-13.5));
#2101 = DIRECTION('',(1.,0.,-0.));
#2102 = DIRECTION('',(0.,0.,1.));
#2103 = ADVANCED_FACE('',(#2104),#2122,.T.);
#2104 = FACE_BOUND('',#2105,.T.);
#2105 = EDGE_LOOP('',(#2106,#2107,#2108,#2116));
#2106 = ORIENTED_EDGE('',*,*,#1656,.F.);
#2107 = ORIENTED_EDGE('',*,*,#915,.F.);
#2108 = ORIENTED_EDGE('',*,*,#2109,.F.);
#2109 = EDGE_CURVE('',#2110,#908,#2112,.T.);
#2110 = VERTEX_POINT('',#2111);
#2111 = CARTESIAN_POINT('',(4.5,-25.75,-12.5));
#2112 = LINE('',#2113,#2114);
#2113 = CARTESIAN_POINT('',(4.5,-112.567310606,-12.5));
#2114 = VECTOR('',#2115,1.);
#2115 = DIRECTION('',(0.,1.,0.));
#2116 = ORIENTED_EDGE('',*,*,#2117,.T.);
#2117 = EDGE_CURVE('',#2110,#1657,#2118,.T.);
#2118 = LINE('',#2119,#2120);
#2119 = CARTESIAN_POINT('',(4.5,-25.75,-13.5));
#2120 = VECTOR('',#2121,1.);
#2121 = DIRECTION('',(0.,0.,1.));
#2122 = PLANE('',#2123);
#2123 = AXIS2_PLACEMENT_3D('',#2124,#2125,#2126);
#2124 = CARTESIAN_POINT('',(4.5,-25.13462121212,-11.5028030303));
#2125 = DIRECTION('',(-1.,-0.,-0.));
#2126 = DIRECTION('',(0.,0.,-1.));
#2127 = ADVANCED_FACE('',(#2128),#2146,.F.);
#2128 = FACE_BOUND('',#2129,.F.);
#2129 = EDGE_LOOP('',(#2130,#2138,#2139,#2140));
#2130 = ORIENTED_EDGE('',*,*,#2131,.F.);
#2131 = EDGE_CURVE('',#900,#2132,#2134,.T.);
#2132 = VERTEX_POINT('',#2133);
#2133 = CARTESIAN_POINT('',(7.,-25.75,-12.5));
#2134 = LINE('',#2135,#2136);
#2135 = CARTESIAN_POINT('',(7.,-112.567310606,-12.5));
#2136 = VECTOR('',#2137,1.);
#2137 = DIRECTION('',(0.,-1.,0.));
#2138 = ORIENTED_EDGE('',*,*,#907,.F.);
#2139 = ORIENTED_EDGE('',*,*,#2109,.F.);
#2140 = ORIENTED_EDGE('',*,*,#2141,.T.);
#2141 = EDGE_CURVE('',#2110,#2132,#2142,.T.);
#2142 = LINE('',#2143,#2144);
#2143 = CARTESIAN_POINT('',(-97.75,-25.75,-12.5));
#2144 = VECTOR('',#2145,1.);
#2145 = DIRECTION('',(1.,0.,-0.));
#2146 = PLANE('',#2147);
#2147 = AXIS2_PLACEMENT_3D('',#2148,#2149,#2150);
#2148 = CARTESIAN_POINT('',(-200.,-200.,-12.5));
#2149 = DIRECTION('',(0.,0.,1.));
#2150 = DIRECTION('',(1.,0.,-0.));
#2151 = ADVANCED_FACE('',(#2152),#2163,.T.);
#2152 = FACE_BOUND('',#2153,.T.);
#2153 = EDGE_LOOP('',(#2154,#2160,#2161,#2162));
#2154 = ORIENTED_EDGE('',*,*,#2155,.F.);
#2155 = EDGE_CURVE('',#2132,#1665,#2156,.T.);
#2156 = LINE('',#2157,#2158);
#2157 = CARTESIAN_POINT('',(7.,-25.75,-13.5));
#2158 = VECTOR('',#2159,1.);
#2159 = DIRECTION('',(0.,0.,1.));
#2160 = ORIENTED_EDGE('',*,*,#2131,.F.);
#2161 = ORIENTED_EDGE('',*,*,#899,.T.);
#2162 = ORIENTED_EDGE('',*,*,#1672,.T.);
#2163 = PLANE('',#2164);
#2164 = AXIS2_PLACEMENT_3D('',#2165,#2166,#2167);
#2165 = CARTESIAN_POINT('',(7.,-25.13462121212,-11.5028030303));
#2166 = DIRECTION('',(1.,0.,0.));
#2167 = DIRECTION('',(-0.,0.,1.));
#2168 = ADVANCED_FACE('',(#2169),#2188,.F.);
#2169 = FACE_BOUND('',#2170,.T.);
#2170 = EDGE_LOOP('',(#2171,#2172,#2173,#2182));
#2171 = ORIENTED_EDGE('',*,*,#1679,.T.);
#2172 = ORIENTED_EDGE('',*,*,#883,.T.);
#2173 = ORIENTED_EDGE('',*,*,#2174,.F.);
#2174 = EDGE_CURVE('',#2175,#874,#2177,.T.);
#2175 = VERTEX_POINT('',#2176);
#2176 = CARTESIAN_POINT('',(14.975,-19.85,-7.8));
#2177 = CIRCLE('',#2178,5.1);
#2178 = AXIS2_PLACEMENT_3D('',#2179,#2180,#2181);
#2179 = CARTESIAN_POINT('',(9.875,-19.85,-7.8));
#2180 = DIRECTION('',(-0.,0.,-1.));
#2181 = DIRECTION('',(-6.96610525255E-16,-1.,0.));
#2182 = ORIENTED_EDGE('',*,*,#2183,.F.);
#2183 = EDGE_CURVE('',#1680,#2175,#2184,.T.);
#2184 = LINE('',#2185,#2186);
#2185 = CARTESIAN_POINT('',(14.975,-19.85,-10.));
#2186 = VECTOR('',#2187,1.);
#2187 = DIRECTION('',(0.,0.,1.));
#2188 = CYLINDRICAL_SURFACE('',#2189,5.1);
#2189 = AXIS2_PLACEMENT_3D('',#2190,#2191,#2192);
#2190 = CARTESIAN_POINT('',(9.875,-19.85,-10.));
#2191 = DIRECTION('',(-0.,-0.,-1.));
#2192 = DIRECTION('',(-6.96610525255E-16,-1.,0.));
#2193 = ADVANCED_FACE('',(#2194),#2251,.T.);
#2194 = FACE_BOUND('',#2195,.T.);
#2195 = EDGE_LOOP('',(#2196,#2206,#2214,#2222,#2228,#2229,#2237,#2245));
#2196 = ORIENTED_EDGE('',*,*,#2197,.F.);
#2197 = EDGE_CURVE('',#2198,#2200,#2202,.T.);
#2198 = VERTEX_POINT('',#2199);
#2199 = CARTESIAN_POINT('',(-25.4,-4.5,-7.8));
#2200 = VERTEX_POINT('',#2201);
#2201 = CARTESIAN_POINT('',(-35.5,-4.5,-7.8));
#2202 = LINE('',#2203,#2204);
#2203 = CARTESIAN_POINT('',(-18.25,-4.5,-7.8));
#2204 = VECTOR('',#2205,1.);
#2205 = DIRECTION('',(-1.,-0.,0.));
#2206 = ORIENTED_EDGE('',*,*,#2207,.F.);
#2207 = EDGE_CURVE('',#2208,#2198,#2210,.T.);
#2208 = VERTEX_POINT('',#2209);
#2209 = CARTESIAN_POINT('',(-25.4,-4.5,-8.3));
#2210 = LINE('',#2211,#2212);
#2211 = CARTESIAN_POINT('',(-25.4,-4.5,-8.3));
#2212 = VECTOR('',#2213,1.);
#2213 = DIRECTION('',(0.,0.,1.));
#2214 = ORIENTED_EDGE('',*,*,#2215,.F.);
#2215 = EDGE_CURVE('',#2216,#2208,#2218,.T.);
#2216 = VERTEX_POINT('',#2217);
#2217 = CARTESIAN_POINT('',(-28.2,-4.5,-8.3));
#2218 = LINE('',#2219,#2220);
#2219 = CARTESIAN_POINT('',(-36.5,-4.5,-8.3));
#2220 = VECTOR('',#2221,1.);
#2221 = DIRECTION('',(1.,0.,-0.));
#2222 = ORIENTED_EDGE('',*,*,#2223,.F.);
#2223 = EDGE_CURVE('',#1811,#2216,#2224,.T.);
#2224 = LINE('',#2225,#2226);
#2225 = CARTESIAN_POINT('',(-28.2,-4.5,-10.));
#2226 = VECTOR('',#2227,1.);
#2227 = DIRECTION('',(0.,0.,1.));
#2228 = ORIENTED_EDGE('',*,*,#1836,.T.);
#2229 = ORIENTED_EDGE('',*,*,#2230,.T.);
#2230 = EDGE_CURVE('',#1829,#2231,#2233,.T.);
#2231 = VERTEX_POINT('',#2232);
#2232 = CARTESIAN_POINT('',(-31.8,-4.5,-8.3));
#2233 = LINE('',#2234,#2235);
#2234 = CARTESIAN_POINT('',(-31.8,-4.5,-10.));
#2235 = VECTOR('',#2236,1.);
#2236 = DIRECTION('',(0.,0.,1.));
#2237 = ORIENTED_EDGE('',*,*,#2238,.F.);
#2238 = EDGE_CURVE('',#2239,#2231,#2241,.T.);
#2239 = VERTEX_POINT('',#2240);
#2240 = CARTESIAN_POINT('',(-35.5,-4.5,-8.3));
#2241 = LINE('',#2242,#2243);
#2242 = CARTESIAN_POINT('',(-36.5,-4.5,-8.3));
#2243 = VECTOR('',#2244,1.);
#2244 = DIRECTION('',(1.,0.,-0.));
#2245 = ORIENTED_EDGE('',*,*,#2246,.T.);
#2246 = EDGE_CURVE('',#2239,#2200,#2247,.T.);
#2247 = LINE('',#2248,#2249);
#2248 = CARTESIAN_POINT('',(-35.5,-4.5,-8.65));
#2249 = VECTOR('',#2250,1.);
#2250 = DIRECTION('',(0.,0.,1.));
#2251 = PLANE('',#2252);
#2252 = AXIS2_PLACEMENT_3D('',#2253,#2254,#2255);
#2253 = CARTESIAN_POINT('',(-29.41490683229,-4.5,-7.261801242236));
#2254 = DIRECTION('',(0.,1.,0.));
#2255 = DIRECTION('',(0.,-0.,1.));
#2256 = ADVANCED_FACE('',(#2257),#2305,.F.);
#2257 = FACE_BOUND('',#2258,.F.);
#2258 = EDGE_LOOP('',(#2259,#2260,#2268,#2276,#2284,#2290,#2291,#2299));
#2259 = ORIENTED_EDGE('',*,*,#1061,.F.);
#2260 = ORIENTED_EDGE('',*,*,#2261,.T.);
#2261 = EDGE_CURVE('',#1062,#2262,#2264,.T.);
#2262 = VERTEX_POINT('',#2263);
#2263 = CARTESIAN_POINT('',(-35.5,32.5,-7.8));
#2264 = LINE('',#2265,#2266);
#2265 = CARTESIAN_POINT('',(-35.5,32.5,-9.));
#2266 = VECTOR('',#2267,1.);
#2267 = DIRECTION('',(0.,0.,1.));
#2268 = ORIENTED_EDGE('',*,*,#2269,.T.);
#2269 = EDGE_CURVE('',#2262,#2270,#2272,.T.);
#2270 = VERTEX_POINT('',#2271);
#2271 = CARTESIAN_POINT('',(-35.5,4.5,-7.8));
#2272 = LINE('',#2273,#2274);
#2273 = CARTESIAN_POINT('',(-35.5,32.5,-7.8));
#2274 = VECTOR('',#2275,1.);
#2275 = DIRECTION('',(0.,-1.,0.));
#2276 = ORIENTED_EDGE('',*,*,#2277,.F.);
#2277 = EDGE_CURVE('',#2278,#2270,#2280,.T.);
#2278 = VERTEX_POINT('',#2279);
#2279 = CARTESIAN_POINT('',(-35.5,4.5,-8.3));
#2280 = LINE('',#2281,#2282);
#2281 = CARTESIAN_POINT('',(-35.5,4.5,-8.65));
#2282 = VECTOR('',#2283,1.);
#2283 = DIRECTION('',(0.,0.,1.));
#2284 = ORIENTED_EDGE('',*,*,#2285,.T.);
#2285 = EDGE_CURVE('',#2278,#2239,#2286,.T.);
#2286 = LINE('',#2287,#2288);
#2287 = CARTESIAN_POINT('',(-35.5,14.,-8.3));
#2288 = VECTOR('',#2289,1.);
#2289 = DIRECTION('',(0.,-1.,0.));
#2290 = ORIENTED_EDGE('',*,*,#2246,.T.);
#2291 = ORIENTED_EDGE('',*,*,#2292,.T.);
#2292 = EDGE_CURVE('',#2200,#2293,#2295,.T.);
#2293 = VERTEX_POINT('',#2294);
#2294 = CARTESIAN_POINT('',(-35.5,-32.5,-7.8));
#2295 = LINE('',#2296,#2297);
#2296 = CARTESIAN_POINT('',(-35.5,32.5,-7.8));
#2297 = VECTOR('',#2298,1.);
#2298 = DIRECTION('',(0.,-1.,0.));
#2299 = ORIENTED_EDGE('',*,*,#2300,.F.);
#2300 = EDGE_CURVE('',#1053,#2293,#2301,.T.);
#2301 = LINE('',#2302,#2303);
#2302 = CARTESIAN_POINT('',(-35.5,-32.5,-9.));
#2303 = VECTOR('',#2304,1.);
#2304 = DIRECTION('',(0.,0.,1.));
#2305 = PLANE('',#2306);
#2306 = AXIS2_PLACEMENT_3D('',#2307,#2308,#2309);
#2307 = CARTESIAN_POINT('',(-35.5,32.5,-9.));
#2308 = DIRECTION('',(1.,0.,-0.));
#2309 = DIRECTION('',(0.,-1.,0.));
#2310 = ADVANCED_FACE('',(#2311),#2330,.T.);
#2311 = FACE_BOUND('',#2312,.F.);
#2312 = EDGE_LOOP('',(#2313,#2314,#2323,#2329));
#2313 = ORIENTED_EDGE('',*,*,#2300,.T.);
#2314 = ORIENTED_EDGE('',*,*,#2315,.T.);
#2315 = EDGE_CURVE('',#2293,#2316,#2318,.T.);
#2316 = VERTEX_POINT('',#2317);
#2317 = CARTESIAN_POINT('',(-32.5,-35.5,-7.8));
#2318 = CIRCLE('',#2319,3.);
#2319 = AXIS2_PLACEMENT_3D('',#2320,#2321,#2322);
#2320 = CARTESIAN_POINT('',(-32.5,-32.5,-7.8));
#2321 = DIRECTION('',(0.,0.,1.));
#2322 = DIRECTION('',(-1.,4.736951571734E-15,0.));
#2323 = ORIENTED_EDGE('',*,*,#2324,.F.);
#2324 = EDGE_CURVE('',#1043,#2316,#2325,.T.);
#2325 = LINE('',#2326,#2327);
#2326 = CARTESIAN_POINT('',(-32.5,-35.5,-9.));
#2327 = VECTOR('',#2328,1.);
#2328 = DIRECTION('',(0.,0.,1.));
#2329 = ORIENTED_EDGE('',*,*,#1052,.F.);
#2330 = CYLINDRICAL_SURFACE('',#2331,3.);
#2331 = AXIS2_PLACEMENT_3D('',#2332,#2333,#2334);
#2332 = CARTESIAN_POINT('',(-32.5,-32.5,-9.));
#2333 = DIRECTION('',(-0.,-0.,-1.));
#2334 = DIRECTION('',(-1.,4.736951571734E-15,0.));
#2335 = ADVANCED_FACE('',(#2336),#2354,.F.);
#2336 = FACE_BOUND('',#2337,.F.);
#2337 = EDGE_LOOP('',(#2338,#2339,#2347,#2353));
#2338 = ORIENTED_EDGE('',*,*,#2324,.T.);
#2339 = ORIENTED_EDGE('',*,*,#2340,.T.);
#2340 = EDGE_CURVE('',#2316,#2341,#2343,.T.);
#2341 = VERTEX_POINT('',#2342);
#2342 = CARTESIAN_POINT('',(32.5,-35.5,-7.8));
#2343 = LINE('',#2344,#2345);
#2344 = CARTESIAN_POINT('',(-32.5,-35.5,-7.8));
#2345 = VECTOR('',#2346,1.);
#2346 = DIRECTION('',(1.,0.,0.));
#2347 = ORIENTED_EDGE('',*,*,#2348,.F.);
#2348 = EDGE_CURVE('',#1045,#2341,#2349,.T.);
#2349 = LINE('',#2350,#2351);
#2350 = CARTESIAN_POINT('',(32.5,-35.5,-9.));
#2351 = VECTOR('',#2352,1.);
#2352 = DIRECTION('',(0.,0.,1.));
#2353 = ORIENTED_EDGE('',*,*,#1042,.F.);
#2354 = PLANE('',#2355);
#2355 = AXIS2_PLACEMENT_3D('',#2356,#2357,#2358);
#2356 = CARTESIAN_POINT('',(-32.5,-35.5,-9.));
#2357 = DIRECTION('',(0.,1.,0.));
#2358 = DIRECTION('',(1.,0.,0.));
#2359 = ADVANCED_FACE('',(#2360),#2379,.T.);
#2360 = FACE_BOUND('',#2361,.F.);
#2361 = EDGE_LOOP('',(#2362,#2363,#2372,#2378));
#2362 = ORIENTED_EDGE('',*,*,#2348,.T.);
#2363 = ORIENTED_EDGE('',*,*,#2364,.T.);
#2364 = EDGE_CURVE('',#2341,#2365,#2367,.T.);
#2365 = VERTEX_POINT('',#2366);
#2366 = CARTESIAN_POINT('',(35.5,-32.5,-7.8));
#2367 = CIRCLE('',#2368,3.);
#2368 = AXIS2_PLACEMENT_3D('',#2369,#2370,#2371);
#2369 = CARTESIAN_POINT('',(32.5,-32.5,-7.8));
#2370 = DIRECTION('',(0.,0.,1.));
#2371 = DIRECTION('',(-4.736951571734E-15,-1.,0.));
#2372 = ORIENTED_EDGE('',*,*,#2373,.F.);
#2373 = EDGE_CURVE('',#1096,#2365,#2374,.T.);
#2374 = LINE('',#2375,#2376);
#2375 = CARTESIAN_POINT('',(35.5,-32.5,-9.));
#2376 = VECTOR('',#2377,1.);
#2377 = DIRECTION('',(0.,0.,1.));
#2378 = ORIENTED_EDGE('',*,*,#1103,.F.);
#2379 = CYLINDRICAL_SURFACE('',#2380,3.);
#2380 = AXIS2_PLACEMENT_3D('',#2381,#2382,#2383);
#2381 = CARTESIAN_POINT('',(32.5,-32.5,-9.));
#2382 = DIRECTION('',(-0.,-0.,-1.));
#2383 = DIRECTION('',(-4.736951571734E-15,-1.,0.));
#2384 = ADVANCED_FACE('',(#2385),#2410,.F.);
#2385 = FACE_BOUND('',#2386,.F.);
#2386 = EDGE_LOOP('',(#2387,#2388,#2396,#2404));
#2387 = ORIENTED_EDGE('',*,*,#2207,.F.);
#2388 = ORIENTED_EDGE('',*,*,#2389,.T.);
#2389 = EDGE_CURVE('',#2208,#2390,#2392,.T.);
#2390 = VERTEX_POINT('',#2391);
#2391 = CARTESIAN_POINT('',(-25.4,4.5,-8.3));
#2392 = LINE('',#2393,#2394);
#2393 = CARTESIAN_POINT('',(-25.4,-4.5,-8.3));
#2394 = VECTOR('',#2395,1.);
#2395 = DIRECTION('',(-0.,1.,0.));
#2396 = ORIENTED_EDGE('',*,*,#2397,.T.);
#2397 = EDGE_CURVE('',#2390,#2398,#2400,.T.);
#2398 = VERTEX_POINT('',#2399);
#2399 = CARTESIAN_POINT('',(-25.4,4.5,-7.8));
#2400 = LINE('',#2401,#2402);
#2401 = CARTESIAN_POINT('',(-25.4,4.5,-8.3));
#2402 = VECTOR('',#2403,1.);
#2403 = DIRECTION('',(0.,0.,1.));
#2404 = ORIENTED_EDGE('',*,*,#2405,.F.);
#2405 = EDGE_CURVE('',#2198,#2398,#2406,.T.);
#2406 = LINE('',#2407,#2408);
#2407 = CARTESIAN_POINT('',(-25.4,-2.25,-7.8));
#2408 = VECTOR('',#2409,1.);
#2409 = DIRECTION('',(-0.,1.,0.));
#2410 = PLANE('',#2411);
#2411 = AXIS2_PLACEMENT_3D('',#2412,#2413,#2414);
#2412 = CARTESIAN_POINT('',(-25.4,-4.5,-8.3));
#2413 = DIRECTION('',(1.,0.,-0.));
#2414 = DIRECTION('',(0.,0.,1.));
#2415 = ADVANCED_FACE('',(#2416),#2466,.F.);
#2416 = FACE_BOUND('',#2417,.F.);
#2417 = EDGE_LOOP('',(#2418,#2419,#2420,#2428,#2436,#2444,#2452,#2460));
#2418 = ORIENTED_EDGE('',*,*,#1095,.F.);
#2419 = ORIENTED_EDGE('',*,*,#2373,.T.);
#2420 = ORIENTED_EDGE('',*,*,#2421,.T.);
#2421 = EDGE_CURVE('',#2365,#2422,#2424,.T.);
#2422 = VERTEX_POINT('',#2423);
#2423 = CARTESIAN_POINT('',(35.5,-4.5,-7.8));
#2424 = LINE('',#2425,#2426);
#2425 = CARTESIAN_POINT('',(35.5,-32.5,-7.8));
#2426 = VECTOR('',#2427,1.);
#2427 = DIRECTION('',(0.,1.,0.));
#2428 = ORIENTED_EDGE('',*,*,#2429,.T.);
#2429 = EDGE_CURVE('',#2422,#2430,#2432,.T.);
#2430 = VERTEX_POINT('',#2431);
#2431 = CARTESIAN_POINT('',(35.5,-4.5,-8.3));
#2432 = LINE('',#2433,#2434);
#2433 = CARTESIAN_POINT('',(35.5,-4.5,-8.65));
#2434 = VECTOR('',#2435,1.);
#2435 = DIRECTION('',(0.,0.,-1.));
#2436 = ORIENTED_EDGE('',*,*,#2437,.T.);
#2437 = EDGE_CURVE('',#2430,#2438,#2440,.T.);
#2438 = VERTEX_POINT('',#2439);
#2439 = CARTESIAN_POINT('',(35.5,4.5,-8.3));
#2440 = LINE('',#2441,#2442);
#2441 = CARTESIAN_POINT('',(35.5,-18.5,-8.3));
#2442 = VECTOR('',#2443,1.);
#2443 = DIRECTION('',(0.,1.,-0.));
#2444 = ORIENTED_EDGE('',*,*,#2445,.F.);
#2445 = EDGE_CURVE('',#2446,#2438,#2448,.T.);
#2446 = VERTEX_POINT('',#2447);
#2447 = CARTESIAN_POINT('',(35.5,4.5,-7.8));
#2448 = LINE('',#2449,#2450);
#2449 = CARTESIAN_POINT('',(35.5,4.5,-8.65));
#2450 = VECTOR('',#2451,1.);
#2451 = DIRECTION('',(0.,0.,-1.));
#2452 = ORIENTED_EDGE('',*,*,#2453,.T.);
#2453 = EDGE_CURVE('',#2446,#2454,#2456,.T.);
#2454 = VERTEX_POINT('',#2455);
#2455 = CARTESIAN_POINT('',(35.5,32.5,-7.8));
#2456 = LINE('',#2457,#2458);
#2457 = CARTESIAN_POINT('',(35.5,-32.5,-7.8));
#2458 = VECTOR('',#2459,1.);
#2459 = DIRECTION('',(0.,1.,0.));
#2460 = ORIENTED_EDGE('',*,*,#2461,.F.);
#2461 = EDGE_CURVE('',#1087,#2454,#2462,.T.);
#2462 = LINE('',#2463,#2464);
#2463 = CARTESIAN_POINT('',(35.5,32.5,-9.));
#2464 = VECTOR('',#2465,1.);
#2465 = DIRECTION('',(0.,0.,1.));
#2466 = PLANE('',#2467);
#2467 = AXIS2_PLACEMENT_3D('',#2468,#2469,#2470);
#2468 = CARTESIAN_POINT('',(35.5,-32.5,-9.));
#2469 = DIRECTION('',(-1.,0.,0.));
#2470 = DIRECTION('',(0.,1.,0.));
#2471 = ADVANCED_FACE('',(#2472),#2511,.T.);
#2472 = FACE_BOUND('',#2473,.T.);
#2473 = EDGE_LOOP('',(#2474,#2480,#2481,#2489,#2495,#2496,#2504,#2510));
#2474 = ORIENTED_EDGE('',*,*,#2475,.T.);
#2475 = EDGE_CURVE('',#2398,#2270,#2476,.T.);
#2476 = LINE('',#2477,#2478);
#2477 = CARTESIAN_POINT('',(-18.25,4.5,-7.8));
#2478 = VECTOR('',#2479,1.);
#2479 = DIRECTION('',(-1.,-0.,0.));
#2480 = ORIENTED_EDGE('',*,*,#2277,.F.);
#2481 = ORIENTED_EDGE('',*,*,#2482,.T.);
#2482 = EDGE_CURVE('',#2278,#2483,#2485,.T.);
#2483 = VERTEX_POINT('',#2484);
#2484 = CARTESIAN_POINT('',(-31.8,4.5,-8.3));
#2485 = LINE('',#2486,#2487);
#2486 = CARTESIAN_POINT('',(-36.5,4.5,-8.3));
#2487 = VECTOR('',#2488,1.);
#2488 = DIRECTION('',(1.,0.,-0.));
#2489 = ORIENTED_EDGE('',*,*,#2490,.F.);
#2490 = EDGE_CURVE('',#1821,#2483,#2491,.T.);
#2491 = LINE('',#2492,#2493);
#2492 = CARTESIAN_POINT('',(-31.8,4.5,-10.));
#2493 = VECTOR('',#2494,1.);
#2494 = DIRECTION('',(0.,0.,1.));
#2495 = ORIENTED_EDGE('',*,*,#1820,.F.);
#2496 = ORIENTED_EDGE('',*,*,#2497,.T.);
#2497 = EDGE_CURVE('',#1813,#2498,#2500,.T.);
#2498 = VERTEX_POINT('',#2499);
#2499 = CARTESIAN_POINT('',(-28.2,4.5,-8.3));
#2500 = LINE('',#2501,#2502);
#2501 = CARTESIAN_POINT('',(-28.2,4.5,-10.));
#2502 = VECTOR('',#2503,1.);
#2503 = DIRECTION('',(0.,0.,1.));
#2504 = ORIENTED_EDGE('',*,*,#2505,.T.);
#2505 = EDGE_CURVE('',#2498,#2390,#2506,.T.);
#2506 = LINE('',#2507,#2508);
#2507 = CARTESIAN_POINT('',(-36.5,4.5,-8.3));
#2508 = VECTOR('',#2509,1.);
#2509 = DIRECTION('',(1.,0.,-0.));
#2510 = ORIENTED_EDGE('',*,*,#2397,.T.);
#2511 = PLANE('',#2512);
#2512 = AXIS2_PLACEMENT_3D('',#2513,#2514,#2515);
#2513 = CARTESIAN_POINT('',(-29.41490683229,4.5,-7.261801242236));
#2514 = DIRECTION('',(-0.,-1.,-0.));
#2515 = DIRECTION('',(0.,0.,-1.));
#2516 = ADVANCED_FACE('',(#2517),#2565,.T.);
#2517 = FACE_BOUND('',#2518,.T.);
#2518 = EDGE_LOOP('',(#2519,#2527,#2528,#2536,#2542,#2543,#2551,#2559));
#2519 = ORIENTED_EDGE('',*,*,#2520,.F.);
#2520 = EDGE_CURVE('',#2422,#2521,#2523,.T.);
#2521 = VERTEX_POINT('',#2522);
#2522 = CARTESIAN_POINT('',(25.4,-4.5,-7.8));
#2523 = LINE('',#2524,#2525);
#2524 = CARTESIAN_POINT('',(12.7,-4.5,-7.8));
#2525 = VECTOR('',#2526,1.);
#2526 = DIRECTION('',(-1.,-0.,0.));
#2527 = ORIENTED_EDGE('',*,*,#2429,.T.);
#2528 = ORIENTED_EDGE('',*,*,#2529,.F.);
#2529 = EDGE_CURVE('',#2530,#2430,#2532,.T.);
#2530 = VERTEX_POINT('',#2531);
#2531 = CARTESIAN_POINT('',(31.8,-4.5,-8.3));
#2532 = LINE('',#2533,#2534);
#2533 = CARTESIAN_POINT('',(25.4,-4.5,-8.3));
#2534 = VECTOR('',#2535,1.);
#2535 = DIRECTION('',(1.,0.,-0.));
#2536 = ORIENTED_EDGE('',*,*,#2537,.F.);
#2537 = EDGE_CURVE('',#1270,#2530,#2538,.T.);
#2538 = LINE('',#2539,#2540);
#2539 = CARTESIAN_POINT('',(31.8,-4.5,-10.));
#2540 = VECTOR('',#2541,1.);
#2541 = DIRECTION('',(0.,0.,1.));
#2542 = ORIENTED_EDGE('',*,*,#1269,.T.);
#2543 = ORIENTED_EDGE('',*,*,#2544,.T.);
#2544 = EDGE_CURVE('',#1260,#2545,#2547,.T.);
#2545 = VERTEX_POINT('',#2546);
#2546 = CARTESIAN_POINT('',(28.2,-4.5,-8.3));
#2547 = LINE('',#2548,#2549);
#2548 = CARTESIAN_POINT('',(28.2,-4.5,-10.));
#2549 = VECTOR('',#2550,1.);
#2550 = DIRECTION('',(0.,0.,1.));
#2551 = ORIENTED_EDGE('',*,*,#2552,.F.);
#2552 = EDGE_CURVE('',#2553,#2545,#2555,.T.);
#2553 = VERTEX_POINT('',#2554);
#2554 = CARTESIAN_POINT('',(25.4,-4.5,-8.3));
#2555 = LINE('',#2556,#2557);
#2556 = CARTESIAN_POINT('',(25.4,-4.5,-8.3));
#2557 = VECTOR('',#2558,1.);
#2558 = DIRECTION('',(1.,0.,-0.));
#2559 = ORIENTED_EDGE('',*,*,#2560,.T.);
#2560 = EDGE_CURVE('',#2553,#2521,#2561,.T.);
#2561 = LINE('',#2562,#2563);
#2562 = CARTESIAN_POINT('',(25.4,-4.5,-8.3));
#2563 = VECTOR('',#2564,1.);
#2564 = DIRECTION('',(0.,0.,1.));
#2565 = PLANE('',#2566);
#2566 = AXIS2_PLACEMENT_3D('',#2567,#2568,#2569);
#2567 = CARTESIAN_POINT('',(29.414906832298,-4.5,-7.261801242236));
#2568 = DIRECTION('',(0.,1.,0.));
#2569 = DIRECTION('',(0.,-0.,1.));
#2570 = ADVANCED_FACE('',(#2571),#2596,.T.);
#2571 = FACE_BOUND('',#2572,.T.);
#2572 = EDGE_LOOP('',(#2573,#2574,#2582,#2590));
#2573 = ORIENTED_EDGE('',*,*,#2560,.F.);
#2574 = ORIENTED_EDGE('',*,*,#2575,.T.);
#2575 = EDGE_CURVE('',#2553,#2576,#2578,.T.);
#2576 = VERTEX_POINT('',#2577);
#2577 = CARTESIAN_POINT('',(25.4,4.5,-8.3));
#2578 = LINE('',#2579,#2580);
#2579 = CARTESIAN_POINT('',(25.4,-4.5,-8.3));
#2580 = VECTOR('',#2581,1.);
#2581 = DIRECTION('',(-0.,1.,0.));
#2582 = ORIENTED_EDGE('',*,*,#2583,.T.);
#2583 = EDGE_CURVE('',#2576,#2584,#2586,.T.);
#2584 = VERTEX_POINT('',#2585);
#2585 = CARTESIAN_POINT('',(25.4,4.5,-7.8));
#2586 = LINE('',#2587,#2588);
#2587 = CARTESIAN_POINT('',(25.4,4.5,-8.3));
#2588 = VECTOR('',#2589,1.);
#2589 = DIRECTION('',(0.,0.,1.));
#2590 = ORIENTED_EDGE('',*,*,#2591,.F.);
#2591 = EDGE_CURVE('',#2521,#2584,#2592,.T.);
#2592 = LINE('',#2593,#2594);
#2593 = CARTESIAN_POINT('',(25.4,-2.25,-7.8));
#2594 = VECTOR('',#2595,1.);
#2595 = DIRECTION('',(-0.,1.,0.));
#2596 = PLANE('',#2597);
#2597 = AXIS2_PLACEMENT_3D('',#2598,#2599,#2600);
#2598 = CARTESIAN_POINT('',(25.4,-4.5,-8.3));
#2599 = DIRECTION('',(1.,0.,-0.));
#2600 = DIRECTION('',(0.,0.,1.));
#2601 = ADVANCED_FACE('',(#2602),#2621,.T.);
#2602 = FACE_BOUND('',#2603,.F.);
#2603 = EDGE_LOOP('',(#2604,#2612,#2619,#2620));
#2604 = ORIENTED_EDGE('',*,*,#2605,.T.);
#2605 = EDGE_CURVE('',#1070,#2606,#2608,.T.);
#2606 = VERTEX_POINT('',#2607);
#2607 = CARTESIAN_POINT('',(-32.5,35.5,-7.8));
#2608 = LINE('',#2609,#2610);
#2609 = CARTESIAN_POINT('',(-32.5,35.5,-9.));
#2610 = VECTOR('',#2611,1.);
#2611 = DIRECTION('',(0.,0.,1.));
#2612 = ORIENTED_EDGE('',*,*,#2613,.T.);
#2613 = EDGE_CURVE('',#2606,#2262,#2614,.T.);
#2614 = CIRCLE('',#2615,3.);
#2615 = AXIS2_PLACEMENT_3D('',#2616,#2617,#2618);
#2616 = CARTESIAN_POINT('',(-32.5,32.5,-7.8));
#2617 = DIRECTION('',(0.,0.,1.));
#2618 = DIRECTION('',(4.736951571734E-15,1.,-0.));
#2619 = ORIENTED_EDGE('',*,*,#2261,.F.);
#2620 = ORIENTED_EDGE('',*,*,#1069,.F.);
#2621 = CYLINDRICAL_SURFACE('',#2622,3.);
#2622 = AXIS2_PLACEMENT_3D('',#2623,#2624,#2625);
#2623 = CARTESIAN_POINT('',(-32.5,32.5,-9.));
#2624 = DIRECTION('',(-0.,-0.,-1.));
#2625 = DIRECTION('',(4.736951571734E-15,1.,-0.));
#2626 = ADVANCED_FACE('',(#2627),#2666,.T.);
#2627 = FACE_BOUND('',#2628,.T.);
#2628 = EDGE_LOOP('',(#2629,#2635,#2636,#2644,#2650,#2651,#2659,#2665));
#2629 = ORIENTED_EDGE('',*,*,#2630,.T.);
#2630 = EDGE_CURVE('',#2446,#2584,#2631,.T.);
#2631 = LINE('',#2632,#2633);
#2632 = CARTESIAN_POINT('',(12.7,4.5,-7.8));
#2633 = VECTOR('',#2634,1.);
#2634 = DIRECTION('',(-1.,-0.,0.));
#2635 = ORIENTED_EDGE('',*,*,#2583,.F.);
#2636 = ORIENTED_EDGE('',*,*,#2637,.T.);
#2637 = EDGE_CURVE('',#2576,#2638,#2640,.T.);
#2638 = VERTEX_POINT('',#2639);
#2639 = CARTESIAN_POINT('',(28.2,4.5,-8.3));
#2640 = LINE('',#2641,#2642);
#2641 = CARTESIAN_POINT('',(25.4,4.5,-8.3));
#2642 = VECTOR('',#2643,1.);
#2643 = DIRECTION('',(1.,0.,-0.));
#2644 = ORIENTED_EDGE('',*,*,#2645,.F.);
#2645 = EDGE_CURVE('',#1262,#2638,#2646,.T.);
#2646 = LINE('',#2647,#2648);
#2647 = CARTESIAN_POINT('',(28.2,4.5,-10.));
#2648 = VECTOR('',#2649,1.);
#2649 = DIRECTION('',(0.,0.,1.));
#2650 = ORIENTED_EDGE('',*,*,#1285,.F.);
#2651 = ORIENTED_EDGE('',*,*,#2652,.T.);
#2652 = EDGE_CURVE('',#1278,#2653,#2655,.T.);
#2653 = VERTEX_POINT('',#2654);
#2654 = CARTESIAN_POINT('',(31.8,4.5,-8.3));
#2655 = LINE('',#2656,#2657);
#2656 = CARTESIAN_POINT('',(31.8,4.5,-10.));
#2657 = VECTOR('',#2658,1.);
#2658 = DIRECTION('',(0.,0.,1.));
#2659 = ORIENTED_EDGE('',*,*,#2660,.T.);
#2660 = EDGE_CURVE('',#2653,#2438,#2661,.T.);
#2661 = LINE('',#2662,#2663);
#2662 = CARTESIAN_POINT('',(25.4,4.5,-8.3));
#2663 = VECTOR('',#2664,1.);
#2664 = DIRECTION('',(1.,0.,-0.));
#2665 = ORIENTED_EDGE('',*,*,#2445,.F.);
#2666 = PLANE('',#2667);
#2667 = AXIS2_PLACEMENT_3D('',#2668,#2669,#2670);
#2668 = CARTESIAN_POINT('',(29.414906832298,4.5,-7.261801242236));
#2669 = DIRECTION('',(-0.,-1.,-0.));
#2670 = DIRECTION('',(0.,0.,-1.));
#2671 = ADVANCED_FACE('',(#2672),#2690,.F.);
#2672 = FACE_BOUND('',#2673,.F.);
#2673 = EDGE_LOOP('',(#2674,#2682,#2688,#2689));
#2674 = ORIENTED_EDGE('',*,*,#2675,.T.);
#2675 = EDGE_CURVE('',#1079,#2676,#2678,.T.);
#2676 = VERTEX_POINT('',#2677);
#2677 = CARTESIAN_POINT('',(32.5,35.5,-7.8));
#2678 = LINE('',#2679,#2680);
#2679 = CARTESIAN_POINT('',(32.5,35.5,-9.));
#2680 = VECTOR('',#2681,1.);
#2681 = DIRECTION('',(0.,0.,1.));
#2682 = ORIENTED_EDGE('',*,*,#2683,.T.);
#2683 = EDGE_CURVE('',#2676,#2606,#2684,.T.);
#2684 = LINE('',#2685,#2686);
#2685 = CARTESIAN_POINT('',(32.5,35.5,-7.8));
#2686 = VECTOR('',#2687,1.);
#2687 = DIRECTION('',(-1.,0.,0.));
#2688 = ORIENTED_EDGE('',*,*,#2605,.F.);
#2689 = ORIENTED_EDGE('',*,*,#1078,.F.);
#2690 = PLANE('',#2691);
#2691 = AXIS2_PLACEMENT_3D('',#2692,#2693,#2694);
#2692 = CARTESIAN_POINT('',(32.5,35.5,-9.));
#2693 = DIRECTION('',(0.,-1.,0.));
#2694 = DIRECTION('',(-1.,0.,0.));
#2695 = ADVANCED_FACE('',(#2696),#2708,.T.);
#2696 = FACE_BOUND('',#2697,.F.);
#2697 = EDGE_LOOP('',(#2698,#2699,#2706,#2707));
#2698 = ORIENTED_EDGE('',*,*,#2461,.T.);
#2699 = ORIENTED_EDGE('',*,*,#2700,.T.);
#2700 = EDGE_CURVE('',#2454,#2676,#2701,.T.);
#2701 = CIRCLE('',#2702,3.);
#2702 = AXIS2_PLACEMENT_3D('',#2703,#2704,#2705);
#2703 = CARTESIAN_POINT('',(32.5,32.5,-7.8));
#2704 = DIRECTION('',(0.,0.,1.));
#2705 = DIRECTION('',(1.,-4.736951571734E-15,0.));
#2706 = ORIENTED_EDGE('',*,*,#2675,.F.);
#2707 = ORIENTED_EDGE('',*,*,#1086,.F.);
#2708 = CYLINDRICAL_SURFACE('',#2709,3.);
#2709 = AXIS2_PLACEMENT_3D('',#2710,#2711,#2712);
#2710 = CARTESIAN_POINT('',(32.5,32.5,-9.));
#2711 = DIRECTION('',(-0.,-0.,-1.));
#2712 = DIRECTION('',(1.,-4.736951571734E-15,0.));
#2713 = ADVANCED_FACE('',(#2714),#2739,.T.);
#2714 = FACE_BOUND('',#2715,.T.);
#2715 = EDGE_LOOP('',(#2716,#2724,#2725,#2733));
#2716 = ORIENTED_EDGE('',*,*,#2717,.F.);
#2717 = EDGE_CURVE('',#1194,#2718,#2720,.T.);
#2718 = VERTEX_POINT('',#2719);
#2719 = CARTESIAN_POINT('',(-27.3,-27.8,-7.8));
#2720 = LINE('',#2721,#2722);
#2721 = CARTESIAN_POINT('',(-27.3,-27.8,-10.));
#2722 = VECTOR('',#2723,1.);
#2723 = DIRECTION('',(0.,0.,1.));
#2724 = ORIENTED_EDGE('',*,*,#1217,.T.);
#2725 = ORIENTED_EDGE('',*,*,#2726,.T.);
#2726 = EDGE_CURVE('',#1210,#2727,#2729,.T.);
#2727 = VERTEX_POINT('',#2728);
#2728 = CARTESIAN_POINT('',(-27.3,-24.,-7.8));
#2729 = LINE('',#2730,#2731);
#2730 = CARTESIAN_POINT('',(-27.3,-24.,-10.));
#2731 = VECTOR('',#2732,1.);
#2732 = DIRECTION('',(0.,0.,1.));
#2733 = ORIENTED_EDGE('',*,*,#2734,.F.);
#2734 = EDGE_CURVE('',#2718,#2727,#2735,.T.);
#2735 = LINE('',#2736,#2737);
#2736 = CARTESIAN_POINT('',(-27.3,-13.9,-7.8));
#2737 = VECTOR('',#2738,1.);
#2738 = DIRECTION('',(-0.,1.,0.));
#2739 = PLANE('',#2740);
#2740 = AXIS2_PLACEMENT_3D('',#2741,#2742,#2743);
#2741 = CARTESIAN_POINT('',(-27.3,-27.8,-10.));
#2742 = DIRECTION('',(1.,0.,-0.));
#2743 = DIRECTION('',(0.,0.,1.));
#2744 = ADVANCED_FACE('',(#2745),#2763,.T.);
#2745 = FACE_BOUND('',#2746,.T.);
#2746 = EDGE_LOOP('',(#2747,#2755,#2756,#2757));
#2747 = ORIENTED_EDGE('',*,*,#2748,.F.);
#2748 = EDGE_CURVE('',#1192,#2749,#2751,.T.);
#2749 = VERTEX_POINT('',#2750);
#2750 = CARTESIAN_POINT('',(-21.5,-27.8,-7.8));
#2751 = LINE('',#2752,#2753);
#2752 = CARTESIAN_POINT('',(-21.5,-27.8,-10.));
#2753 = VECTOR('',#2754,1.);
#2754 = DIRECTION('',(0.,0.,1.));
#2755 = ORIENTED_EDGE('',*,*,#1191,.T.);
#2756 = ORIENTED_EDGE('',*,*,#2717,.T.);
#2757 = ORIENTED_EDGE('',*,*,#2758,.F.);
#2758 = EDGE_CURVE('',#2749,#2718,#2759,.T.);
#2759 = LINE('',#2760,#2761);
#2760 = CARTESIAN_POINT('',(-13.65,-27.8,-7.8));
#2761 = VECTOR('',#2762,1.);
#2762 = DIRECTION('',(-1.,-0.,0.));
#2763 = PLANE('',#2764);
#2764 = AXIS2_PLACEMENT_3D('',#2765,#2766,#2767);
#2765 = CARTESIAN_POINT('',(-27.3,-27.8,-10.));
#2766 = DIRECTION('',(-0.,1.,0.));
#2767 = DIRECTION('',(0.,0.,1.));
#2768 = ADVANCED_FACE('',(#2769),#2787,.F.);
#2769 = FACE_BOUND('',#2770,.F.);
#2770 = EDGE_LOOP('',(#2771,#2779,#2780,#2781));
#2771 = ORIENTED_EDGE('',*,*,#2772,.F.);
#2772 = EDGE_CURVE('',#1202,#2773,#2775,.T.);
#2773 = VERTEX_POINT('',#2774);
#2774 = CARTESIAN_POINT('',(-21.5,-24.,-7.8));
#2775 = LINE('',#2776,#2777);
#2776 = CARTESIAN_POINT('',(-21.5,-24.,-10.));
#2777 = VECTOR('',#2778,1.);
#2778 = DIRECTION('',(0.,0.,1.));
#2779 = ORIENTED_EDGE('',*,*,#1209,.T.);
#2780 = ORIENTED_EDGE('',*,*,#2726,.T.);
#2781 = ORIENTED_EDGE('',*,*,#2782,.F.);
#2782 = EDGE_CURVE('',#2773,#2727,#2783,.T.);
#2783 = LINE('',#2784,#2785);
#2784 = CARTESIAN_POINT('',(-13.65,-24.,-7.8));
#2785 = VECTOR('',#2786,1.);
#2786 = DIRECTION('',(-1.,-0.,0.));
#2787 = PLANE('',#2788);
#2788 = AXIS2_PLACEMENT_3D('',#2789,#2790,#2791);
#2789 = CARTESIAN_POINT('',(-27.3,-24.,-10.));
#2790 = DIRECTION('',(-0.,1.,0.));
#2791 = DIRECTION('',(0.,0.,1.));
#2792 = ADVANCED_FACE('',(#2793),#2804,.F.);
#2793 = FACE_BOUND('',#2794,.F.);
#2794 = EDGE_LOOP('',(#2795,#2796,#2797,#2798));
#2795 = ORIENTED_EDGE('',*,*,#2748,.F.);
#2796 = ORIENTED_EDGE('',*,*,#1201,.T.);
#2797 = ORIENTED_EDGE('',*,*,#2772,.T.);
#2798 = ORIENTED_EDGE('',*,*,#2799,.F.);
#2799 = EDGE_CURVE('',#2749,#2773,#2800,.T.);
#2800 = LINE('',#2801,#2802);
#2801 = CARTESIAN_POINT('',(-21.5,-13.9,-7.8));
#2802 = VECTOR('',#2803,1.);
#2803 = DIRECTION('',(-0.,1.,0.));
#2804 = PLANE('',#2805);
#2805 = AXIS2_PLACEMENT_3D('',#2806,#2807,#2808);
#2806 = CARTESIAN_POINT('',(-21.5,-27.8,-10.));
#2807 = DIRECTION('',(1.,0.,-0.));
#2808 = DIRECTION('',(0.,0.,1.));
#2809 = ADVANCED_FACE('',(#2810),#2829,.F.);
#2810 = FACE_BOUND('',#2811,.F.);
#2811 = EDGE_LOOP('',(#2812,#2821,#2827,#2828));
#2812 = ORIENTED_EDGE('',*,*,#2813,.F.);
#2813 = EDGE_CURVE('',#2814,#2814,#2816,.T.);
#2814 = VERTEX_POINT('',#2815);
#2815 = CARTESIAN_POINT('',(1.25,-27.,-7.8));
#2816 = CIRCLE('',#2817,1.25);
#2817 = AXIS2_PLACEMENT_3D('',#2818,#2819,#2820);
#2818 = CARTESIAN_POINT('',(0.,-27.,-7.8));
#2819 = DIRECTION('',(0.,0.,1.));
#2820 = DIRECTION('',(1.,0.,-0.));
#2821 = ORIENTED_EDGE('',*,*,#2822,.F.);
#2822 = EDGE_CURVE('',#1147,#2814,#2823,.T.);
#2823 = LINE('',#2824,#2825);
#2824 = CARTESIAN_POINT('',(1.25,-27.,-9.5));
#2825 = VECTOR('',#2826,1.);
#2826 = DIRECTION('',(0.,0.,1.));
#2827 = ORIENTED_EDGE('',*,*,#1146,.T.);
#2828 = ORIENTED_EDGE('',*,*,#2822,.T.);
#2829 = CYLINDRICAL_SURFACE('',#2830,1.25);
#2830 = AXIS2_PLACEMENT_3D('',#2831,#2832,#2833);
#2831 = CARTESIAN_POINT('',(0.,-27.,-9.5));
#2832 = DIRECTION('',(0.,0.,1.));
#2833 = DIRECTION('',(1.,0.,-0.));
#2834 = ADVANCED_FACE('',(#2835),#2860,.T.);
#2835 = FACE_BOUND('',#2836,.T.);
#2836 = EDGE_LOOP('',(#2837,#2845,#2846,#2854));
#2837 = ORIENTED_EDGE('',*,*,#2838,.F.);
#2838 = EDGE_CURVE('',#1115,#2839,#2841,.T.);
#2839 = VERTEX_POINT('',#2840);
#2840 = CARTESIAN_POINT('',(21.5,-27.8,-7.8));
#2841 = LINE('',#2842,#2843);
#2842 = CARTESIAN_POINT('',(21.5,-27.8,-10.));
#2843 = VECTOR('',#2844,1.);
#2844 = DIRECTION('',(0.,0.,1.));
#2845 = ORIENTED_EDGE('',*,*,#1138,.T.);
#2846 = ORIENTED_EDGE('',*,*,#2847,.T.);
#2847 = EDGE_CURVE('',#1131,#2848,#2850,.T.);
#2848 = VERTEX_POINT('',#2849);
#2849 = CARTESIAN_POINT('',(21.5,-24.,-7.8));
#2850 = LINE('',#2851,#2852);
#2851 = CARTESIAN_POINT('',(21.5,-24.,-10.));
#2852 = VECTOR('',#2853,1.);
#2853 = DIRECTION('',(0.,0.,1.));
#2854 = ORIENTED_EDGE('',*,*,#2855,.F.);
#2855 = EDGE_CURVE('',#2839,#2848,#2856,.T.);
#2856 = LINE('',#2857,#2858);
#2857 = CARTESIAN_POINT('',(21.5,-13.9,-7.8));
#2858 = VECTOR('',#2859,1.);
#2859 = DIRECTION('',(-0.,1.,0.));
#2860 = PLANE('',#2861);
#2861 = AXIS2_PLACEMENT_3D('',#2862,#2863,#2864);
#2862 = CARTESIAN_POINT('',(21.5,-27.8,-10.));
#2863 = DIRECTION('',(1.,0.,-0.));
#2864 = DIRECTION('',(0.,0.,1.));
#2865 = ADVANCED_FACE('',(#2866),#2884,.T.);
#2866 = FACE_BOUND('',#2867,.T.);
#2867 = EDGE_LOOP('',(#2868,#2876,#2877,#2878));
#2868 = ORIENTED_EDGE('',*,*,#2869,.F.);
#2869 = EDGE_CURVE('',#1113,#2870,#2872,.T.);
#2870 = VERTEX_POINT('',#2871);
#2871 = CARTESIAN_POINT('',(27.3,-27.8,-7.8));
#2872 = LINE('',#2873,#2874);
#2873 = CARTESIAN_POINT('',(27.3,-27.8,-10.));
#2874 = VECTOR('',#2875,1.);
#2875 = DIRECTION('',(0.,0.,1.));
#2876 = ORIENTED_EDGE('',*,*,#1112,.T.);
#2877 = ORIENTED_EDGE('',*,*,#2838,.T.);
#2878 = ORIENTED_EDGE('',*,*,#2879,.F.);
#2879 = EDGE_CURVE('',#2870,#2839,#2880,.T.);
#2880 = LINE('',#2881,#2882);
#2881 = CARTESIAN_POINT('',(10.75,-27.8,-7.8));
#2882 = VECTOR('',#2883,1.);
#2883 = DIRECTION('',(-1.,-0.,0.));
#2884 = PLANE('',#2885);
#2885 = AXIS2_PLACEMENT_3D('',#2886,#2887,#2888);
#2886 = CARTESIAN_POINT('',(21.5,-27.8,-10.));
#2887 = DIRECTION('',(-0.,1.,0.));
#2888 = DIRECTION('',(0.,0.,1.));
#2889 = ADVANCED_FACE('',(#2890),#2908,.F.);
#2890 = FACE_BOUND('',#2891,.F.);
#2891 = EDGE_LOOP('',(#2892,#2900,#2901,#2902));
#2892 = ORIENTED_EDGE('',*,*,#2893,.F.);
#2893 = EDGE_CURVE('',#1123,#2894,#2896,.T.);
#2894 = VERTEX_POINT('',#2895);
#2895 = CARTESIAN_POINT('',(27.3,-24.,-7.8));
#2896 = LINE('',#2897,#2898);
#2897 = CARTESIAN_POINT('',(27.3,-24.,-10.));
#2898 = VECTOR('',#2899,1.);
#2899 = DIRECTION('',(0.,0.,1.));
#2900 = ORIENTED_EDGE('',*,*,#1130,.T.);
#2901 = ORIENTED_EDGE('',*,*,#2847,.T.);
#2902 = ORIENTED_EDGE('',*,*,#2903,.F.);
#2903 = EDGE_CURVE('',#2894,#2848,#2904,.T.);
#2904 = LINE('',#2905,#2906);
#2905 = CARTESIAN_POINT('',(10.75,-24.,-7.8));
#2906 = VECTOR('',#2907,1.);
#2907 = DIRECTION('',(-1.,-0.,0.));
#2908 = PLANE('',#2909);
#2909 = AXIS2_PLACEMENT_3D('',#2910,#2911,#2912);
#2910 = CARTESIAN_POINT('',(21.5,-24.,-10.));
#2911 = DIRECTION('',(-0.,1.,0.));
#2912 = DIRECTION('',(0.,0.,1.));
#2913 = ADVANCED_FACE('',(#2914),#2925,.F.);
#2914 = FACE_BOUND('',#2915,.F.);
#2915 = EDGE_LOOP('',(#2916,#2917,#2918,#2919));
#2916 = ORIENTED_EDGE('',*,*,#2869,.F.);
#2917 = ORIENTED_EDGE('',*,*,#1122,.T.);
#2918 = ORIENTED_EDGE('',*,*,#2893,.T.);
#2919 = ORIENTED_EDGE('',*,*,#2920,.F.);
#2920 = EDGE_CURVE('',#2870,#2894,#2921,.T.);
#2921 = LINE('',#2922,#2923);
#2922 = CARTESIAN_POINT('',(27.3,-13.9,-7.8));
#2923 = VECTOR('',#2924,1.);
#2924 = DIRECTION('',(-0.,1.,0.));
#2925 = PLANE('',#2926);
#2926 = AXIS2_PLACEMENT_3D('',#2927,#2928,#2929);
#2927 = CARTESIAN_POINT('',(27.3,-27.8,-10.));
#2928 = DIRECTION('',(1.,0.,-0.));
#2929 = DIRECTION('',(0.,0.,1.));
#2930 = ADVANCED_FACE('',(#2931),#2956,.F.);
#2931 = FACE_BOUND('',#2932,.F.);
#2932 = EDGE_LOOP('',(#2933,#2941,#2942,#2950));
#2933 = ORIENTED_EDGE('',*,*,#2934,.F.);
#2934 = EDGE_CURVE('',#1777,#2935,#2937,.T.);
#2935 = VERTEX_POINT('',#2936);
#2936 = CARTESIAN_POINT('',(-21.5125,2.25,-7.8));
#2937 = LINE('',#2938,#2939);
#2938 = CARTESIAN_POINT('',(-21.5125,2.25,-10.));
#2939 = VECTOR('',#2940,1.);
#2940 = DIRECTION('',(0.,0.,1.));
#2941 = ORIENTED_EDGE('',*,*,#1786,.T.);
#2942 = ORIENTED_EDGE('',*,*,#2943,.T.);
#2943 = EDGE_CURVE('',#1787,#2944,#2946,.T.);
#2944 = VERTEX_POINT('',#2945);
#2945 = CARTESIAN_POINT('',(-21.5125,5.26,-7.8));
#2946 = LINE('',#2947,#2948);
#2947 = CARTESIAN_POINT('',(-21.5125,5.26,-10.));
#2948 = VECTOR('',#2949,1.);
#2949 = DIRECTION('',(0.,0.,1.));
#2950 = ORIENTED_EDGE('',*,*,#2951,.T.);
#2951 = EDGE_CURVE('',#2944,#2935,#2952,.T.);
#2952 = LINE('',#2953,#2954);
#2953 = CARTESIAN_POINT('',(-21.5125,-98.875,-7.8));
#2954 = VECTOR('',#2955,1.);
#2955 = DIRECTION('',(0.,-1.,0.));
#2956 = PLANE('',#2957);
#2957 = AXIS2_PLACEMENT_3D('',#2958,#2959,#2960);
#2958 = CARTESIAN_POINT('',(-21.5125,2.25,-10.));
#2959 = DIRECTION('',(1.,0.,-0.));
#2960 = DIRECTION('',(0.,0.,1.));
#2961 = ADVANCED_FACE('',(#2962),#2980,.F.);
#2962 = FACE_BOUND('',#2963,.F.);
#2963 = EDGE_LOOP('',(#2964,#2965,#2966,#2974));
#2964 = ORIENTED_EDGE('',*,*,#2943,.F.);
#2965 = ORIENTED_EDGE('',*,*,#1794,.T.);
#2966 = ORIENTED_EDGE('',*,*,#2967,.T.);
#2967 = EDGE_CURVE('',#1795,#2968,#2970,.T.);
#2968 = VERTEX_POINT('',#2969);
#2969 = CARTESIAN_POINT('',(-24.5125,5.26,-7.8));
#2970 = LINE('',#2971,#2972);
#2971 = CARTESIAN_POINT('',(-24.5125,5.26,-10.));
#2972 = VECTOR('',#2973,1.);
#2973 = DIRECTION('',(0.,0.,1.));
#2974 = ORIENTED_EDGE('',*,*,#2975,.F.);
#2975 = EDGE_CURVE('',#2944,#2968,#2976,.T.);
#2976 = LINE('',#2977,#2978);
#2977 = CARTESIAN_POINT('',(-12.25625,5.26,-7.8));
#2978 = VECTOR('',#2979,1.);
#2979 = DIRECTION('',(-1.,-0.,0.));
#2980 = PLANE('',#2981);
#2981 = AXIS2_PLACEMENT_3D('',#2982,#2983,#2984);
#2982 = CARTESIAN_POINT('',(-24.5125,5.26,-10.));
#2983 = DIRECTION('',(-0.,1.,0.));
#2984 = DIRECTION('',(0.,0.,1.));
#2985 = ADVANCED_FACE('',(#2986),#3004,.T.);
#2986 = FACE_BOUND('',#2987,.T.);
#2987 = EDGE_LOOP('',(#2988,#2996,#2997,#2998));
#2988 = ORIENTED_EDGE('',*,*,#2989,.F.);
#2989 = EDGE_CURVE('',#1779,#2990,#2992,.T.);
#2990 = VERTEX_POINT('',#2991);
#2991 = CARTESIAN_POINT('',(-24.5125,2.25,-7.8));
#2992 = LINE('',#2993,#2994);
#2993 = CARTESIAN_POINT('',(-24.5125,2.25,-10.));
#2994 = VECTOR('',#2995,1.);
#2995 = DIRECTION('',(0.,0.,1.));
#2996 = ORIENTED_EDGE('',*,*,#1802,.T.);
#2997 = ORIENTED_EDGE('',*,*,#2967,.T.);
#2998 = ORIENTED_EDGE('',*,*,#2999,.F.);
#2999 = EDGE_CURVE('',#2990,#2968,#3000,.T.);
#3000 = LINE('',#3001,#3002);
#3001 = CARTESIAN_POINT('',(-24.5125,1.125,-7.8));
#3002 = VECTOR('',#3003,1.);
#3003 = DIRECTION('',(-0.,1.,0.));
#3004 = PLANE('',#3005);
#3005 = AXIS2_PLACEMENT_3D('',#3006,#3007,#3008);
#3006 = CARTESIAN_POINT('',(-24.5125,7.441751888437,-5.594305636258));
#3007 = DIRECTION('',(1.,0.,0.));
#3008 = DIRECTION('',(-0.,0.,1.));
#3009 = ADVANCED_FACE('',(#3010),#3051,.T.);
#3010 = FACE_BOUND('',#3011,.T.);
#3011 = EDGE_LOOP('',(#3012,#3020,#3021,#3022,#3030,#3038,#3044,#3045));
#3012 = ORIENTED_EDGE('',*,*,#3013,.F.);
#3013 = EDGE_CURVE('',#1019,#3014,#3016,.T.);
#3014 = VERTEX_POINT('',#3015);
#3015 = CARTESIAN_POINT('',(-14.975,19.85,-7.8));
#3016 = LINE('',#3017,#3018);
#3017 = CARTESIAN_POINT('',(-14.975,9.925,-7.8));
#3018 = VECTOR('',#3019,1.);
#3019 = DIRECTION('',(-0.,1.,0.));
#3020 = ORIENTED_EDGE('',*,*,#1018,.F.);
#3021 = ORIENTED_EDGE('',*,*,#1593,.T.);
#3022 = ORIENTED_EDGE('',*,*,#3023,.F.);
#3023 = EDGE_CURVE('',#3024,#1586,#3026,.T.);
#3024 = VERTEX_POINT('',#3025);
#3025 = CARTESIAN_POINT('',(-14.975,-10.,-12.5));
#3026 = LINE('',#3027,#3028);
#3027 = CARTESIAN_POINT('',(-14.975,-10.,-11.97899267399));
#3028 = VECTOR('',#3029,1.);
#3029 = DIRECTION('',(0.,-0.,1.));
#3030 = ORIENTED_EDGE('',*,*,#3031,.F.);
#3031 = EDGE_CURVE('',#3032,#3024,#3034,.T.);
#3032 = VERTEX_POINT('',#3033);
#3033 = CARTESIAN_POINT('',(-14.975,3.5,-12.5));
#3034 = LINE('',#3035,#3036);
#3035 = CARTESIAN_POINT('',(-14.975,19.85,-12.5));
#3036 = VECTOR('',#3037,1.);
#3037 = DIRECTION('',(0.,-1.,0.));
#3038 = ORIENTED_EDGE('',*,*,#3039,.T.);
#3039 = EDGE_CURVE('',#3032,#1562,#3040,.T.);
#3040 = LINE('',#3041,#3042);
#3041 = CARTESIAN_POINT('',(-14.975,3.5,-12.51));
#3042 = VECTOR('',#3043,1.);
#3043 = DIRECTION('',(0.,0.,1.));
#3044 = ORIENTED_EDGE('',*,*,#1561,.T.);
#3045 = ORIENTED_EDGE('',*,*,#3046,.T.);
#3046 = EDGE_CURVE('',#1553,#3014,#3047,.T.);
#3047 = LINE('',#3048,#3049);
#3048 = CARTESIAN_POINT('',(-14.975,19.85,-10.));
#3049 = VECTOR('',#3050,1.);
#3050 = DIRECTION('',(0.,0.,1.));
#3051 = PLANE('',#3052);
#3052 = AXIS2_PLACEMENT_3D('',#3053,#3054,#3055);
#3053 = CARTESIAN_POINT('',(-14.975,0.312416555407,-6.828170894526));
#3054 = DIRECTION('',(1.,0.,0.));
#3055 = DIRECTION('',(-0.,0.,1.));
#3056 = ADVANCED_FACE('',(#3057),#3107,.T.);
#3057 = FACE_BOUND('',#3058,.T.);
#3058 = EDGE_LOOP('',(#3059,#3067,#3075,#3083,#3091,#3099,#3105,#3106));
#3059 = ORIENTED_EDGE('',*,*,#3060,.F.);
#3060 = EDGE_CURVE('',#3061,#2175,#3063,.T.);
#3061 = VERTEX_POINT('',#3062);
#3062 = CARTESIAN_POINT('',(14.975,-15.2,-7.8));
#3063 = LINE('',#3064,#3065);
#3064 = CARTESIAN_POINT('',(14.975,-9.925,-7.8));
#3065 = VECTOR('',#3066,1.);
#3066 = DIRECTION('',(0.,-1.,0.));
#3067 = ORIENTED_EDGE('',*,*,#3068,.F.);
#3068 = EDGE_CURVE('',#3069,#3061,#3071,.T.);
#3069 = VERTEX_POINT('',#3070);
#3070 = CARTESIAN_POINT('',(14.975,-15.2,-12.5));
#3071 = LINE('',#3072,#3073);
#3072 = CARTESIAN_POINT('',(14.975,-15.2,-13.70529402929));
#3073 = VECTOR('',#3074,1.);
#3074 = DIRECTION('',(0.,-0.,1.));
#3075 = ORIENTED_EDGE('',*,*,#3076,.F.);
#3076 = EDGE_CURVE('',#3077,#3069,#3079,.T.);
#3077 = VERTEX_POINT('',#3078);
#3078 = CARTESIAN_POINT('',(14.975,-17.5,-12.5));
#3079 = LINE('',#3080,#3081);
#3080 = CARTESIAN_POINT('',(14.975,-19.85,-12.5));
#3081 = VECTOR('',#3082,1.);
#3082 = DIRECTION('',(0.,1.,0.));
#3083 = ORIENTED_EDGE('',*,*,#3084,.F.);
#3084 = EDGE_CURVE('',#3085,#3077,#3087,.T.);
#3085 = VERTEX_POINT('',#3086);
#3086 = CARTESIAN_POINT('',(14.975,-17.5,-12.49));
#3087 = LINE('',#3088,#3089);
#3088 = CARTESIAN_POINT('',(14.975,-17.5,-14.125));
#3089 = VECTOR('',#3090,1.);
#3090 = DIRECTION('',(0.,0.,-1.));
#3091 = ORIENTED_EDGE('',*,*,#3092,.F.);
#3092 = EDGE_CURVE('',#3093,#3085,#3095,.T.);
#3093 = VERTEX_POINT('',#3094);
#3094 = CARTESIAN_POINT('',(14.975,-16.2,-12.49));
#3095 = LINE('',#3096,#3097);
#3096 = CARTESIAN_POINT('',(14.975,-18.12333333333,-12.49));
#3097 = VECTOR('',#3098,1.);
#3098 = DIRECTION('',(0.,-1.,0.));
#3099 = ORIENTED_EDGE('',*,*,#3100,.T.);
#3100 = EDGE_CURVE('',#3093,#1689,#3101,.T.);
#3101 = LINE('',#3102,#3103);
#3102 = CARTESIAN_POINT('',(14.975,-16.2,-24.92));
#3103 = VECTOR('',#3104,1.);
#3104 = DIRECTION('',(0.,0.,1.));
#3105 = ORIENTED_EDGE('',*,*,#1688,.T.);
#3106 = ORIENTED_EDGE('',*,*,#2183,.T.);
#3107 = PLANE('',#3108);
#3108 = AXIS2_PLACEMENT_3D('',#3109,#3110,#3111);
#3109 = CARTESIAN_POINT('',(14.975,8.698940998496E-04,-6.166406959153));
#3110 = DIRECTION('',(-1.,-0.,-0.));
#3111 = DIRECTION('',(0.,0.,-1.));
#3112 = ADVANCED_FACE('',(#3113),#3132,.F.);
#3113 = FACE_BOUND('',#3114,.T.);
#3114 = EDGE_LOOP('',(#3115,#3116,#3124,#3131));
#3115 = ORIENTED_EDGE('',*,*,#1552,.T.);
#3116 = ORIENTED_EDGE('',*,*,#3117,.T.);
#3117 = EDGE_CURVE('',#1545,#3118,#3120,.T.);
#3118 = VERTEX_POINT('',#3119);
#3119 = CARTESIAN_POINT('',(-9.875,24.95,-7.8));
#3120 = LINE('',#3121,#3122);
#3121 = CARTESIAN_POINT('',(-9.875,24.95,-10.));
#3122 = VECTOR('',#3123,1.);
#3123 = DIRECTION('',(0.,0.,1.));
#3124 = ORIENTED_EDGE('',*,*,#3125,.F.);
#3125 = EDGE_CURVE('',#3014,#3118,#3126,.T.);
#3126 = CIRCLE('',#3127,5.1);
#3127 = AXIS2_PLACEMENT_3D('',#3128,#3129,#3130);
#3128 = CARTESIAN_POINT('',(-9.875,19.85,-7.8));
#3129 = DIRECTION('',(0.,-0.,-1.));
#3130 = DIRECTION('',(6.96610525255E-16,1.,-0.));
#3131 = ORIENTED_EDGE('',*,*,#3046,.F.);
#3132 = CYLINDRICAL_SURFACE('',#3133,5.1);
#3133 = AXIS2_PLACEMENT_3D('',#3134,#3135,#3136);
#3134 = CARTESIAN_POINT('',(-9.875,19.85,-10.));
#3135 = DIRECTION('',(-0.,-0.,-1.));
#3136 = DIRECTION('',(6.96610525255E-16,1.,-0.));
#3137 = ADVANCED_FACE('',(#3138),#3234,.T.);
#3138 = FACE_BOUND('',#3139,.T.);
#3139 = EDGE_LOOP('',(#3140,#3148,#3149,#3150,#3158,#3166,#3172,#3173,
    #3181,#3189,#3197,#3205,#3213,#3221,#3227,#3228));
#3140 = ORIENTED_EDGE('',*,*,#3141,.F.);
#3141 = EDGE_CURVE('',#3118,#3142,#3144,.T.);
#3142 = VERTEX_POINT('',#3143);
#3143 = CARTESIAN_POINT('',(9.875,24.95,-7.8));
#3144 = LINE('',#3145,#3146);
#3145 = CARTESIAN_POINT('',(4.9375,24.95,-7.8));
#3146 = VECTOR('',#3147,1.);
#3147 = DIRECTION('',(1.,0.,-0.));
#3148 = ORIENTED_EDGE('',*,*,#3117,.F.);
#3149 = ORIENTED_EDGE('',*,*,#1544,.T.);
#3150 = ORIENTED_EDGE('',*,*,#3151,.F.);
#3151 = EDGE_CURVE('',#3152,#1537,#3154,.T.);
#3152 = VERTEX_POINT('',#3153);
#3153 = CARTESIAN_POINT('',(-7.,24.95,-12.5));
#3154 = LINE('',#3155,#3156);
#3155 = CARTESIAN_POINT('',(-7.,24.95,-12.00140151515));
#3156 = VECTOR('',#3157,1.);
#3157 = DIRECTION('',(-0.,0.,1.));
#3158 = ORIENTED_EDGE('',*,*,#3159,.F.);
#3159 = EDGE_CURVE('',#3160,#3152,#3162,.T.);
#3160 = VERTEX_POINT('',#3161);
#3161 = CARTESIAN_POINT('',(-4.5,24.95,-12.5));
#3162 = LINE('',#3163,#3164);
#3163 = CARTESIAN_POINT('',(9.875,24.95,-12.5));
#3164 = VECTOR('',#3165,1.);
#3165 = DIRECTION('',(-1.,0.,0.));
#3166 = ORIENTED_EDGE('',*,*,#3167,.T.);
#3167 = EDGE_CURVE('',#3160,#1513,#3168,.T.);
#3168 = LINE('',#3169,#3170);
#3169 = CARTESIAN_POINT('',(-4.5,24.95,-13.5));
#3170 = VECTOR('',#3171,1.);
#3171 = DIRECTION('',(0.,0.,1.));
#3172 = ORIENTED_EDGE('',*,*,#1512,.T.);
#3173 = ORIENTED_EDGE('',*,*,#3174,.F.);
#3174 = EDGE_CURVE('',#3175,#1505,#3177,.T.);
#3175 = VERTEX_POINT('',#3176);
#3176 = CARTESIAN_POINT('',(4.5,24.95,-12.49));
#3177 = LINE('',#3178,#3179);
#3178 = CARTESIAN_POINT('',(4.5,24.95,-13.5));
#3179 = VECTOR('',#3180,1.);
#3180 = DIRECTION('',(0.,0.,1.));
#3181 = ORIENTED_EDGE('',*,*,#3182,.F.);
#3182 = EDGE_CURVE('',#3183,#3175,#3185,.T.);
#3183 = VERTEX_POINT('',#3184);
#3184 = CARTESIAN_POINT('',(4.2,24.95,-12.49));
#3185 = LINE('',#3186,#3187);
#3186 = CARTESIAN_POINT('',(7.789166666667,24.95,-12.49));
#3187 = VECTOR('',#3188,1.);
#3188 = DIRECTION('',(1.,0.,-0.));
#3189 = ORIENTED_EDGE('',*,*,#3190,.F.);
#3190 = EDGE_CURVE('',#3191,#3183,#3193,.T.);
#3191 = VERTEX_POINT('',#3192);
#3192 = CARTESIAN_POINT('',(4.2,24.95,-12.5));
#3193 = LINE('',#3194,#3195);
#3194 = CARTESIAN_POINT('',(4.2,24.95,-12.35095959596));
#3195 = VECTOR('',#3196,1.);
#3196 = DIRECTION('',(-0.,0.,1.));
#3197 = ORIENTED_EDGE('',*,*,#3198,.F.);
#3198 = EDGE_CURVE('',#3199,#3191,#3201,.T.);
#3199 = VERTEX_POINT('',#3200);
#3200 = CARTESIAN_POINT('',(7.2,24.95,-12.5));
#3201 = LINE('',#3202,#3203);
#3202 = CARTESIAN_POINT('',(9.875,24.95,-12.5));
#3203 = VECTOR('',#3204,1.);
#3204 = DIRECTION('',(-1.,0.,0.));
#3205 = ORIENTED_EDGE('',*,*,#3206,.F.);
#3206 = EDGE_CURVE('',#3207,#3199,#3209,.T.);
#3207 = VERTEX_POINT('',#3208);
#3208 = CARTESIAN_POINT('',(7.2,24.95,-12.49));
#3209 = LINE('',#3210,#3211);
#3210 = CARTESIAN_POINT('',(7.2,24.95,-12.35095959596));
#3211 = VECTOR('',#3212,1.);
#3212 = DIRECTION('',(0.,0.,-1.));
#3213 = ORIENTED_EDGE('',*,*,#3214,.F.);
#3214 = EDGE_CURVE('',#3215,#3207,#3217,.T.);
#3215 = VERTEX_POINT('',#3216);
#3216 = CARTESIAN_POINT('',(7.,24.95,-12.49));
#3217 = LINE('',#3218,#3219);
#3218 = CARTESIAN_POINT('',(7.789166666667,24.95,-12.49));
#3219 = VECTOR('',#3220,1.);
#3220 = DIRECTION('',(1.,0.,-0.));
#3221 = ORIENTED_EDGE('',*,*,#3222,.T.);
#3222 = EDGE_CURVE('',#3215,#1449,#3223,.T.);
#3223 = LINE('',#3224,#3225);
#3224 = CARTESIAN_POINT('',(7.,24.95,-13.5));
#3225 = VECTOR('',#3226,1.);
#3226 = DIRECTION('',(0.,0.,1.));
#3227 = ORIENTED_EDGE('',*,*,#1448,.T.);
#3228 = ORIENTED_EDGE('',*,*,#3229,.T.);
#3229 = EDGE_CURVE('',#1440,#3142,#3230,.T.);
#3230 = LINE('',#3231,#3232);
#3231 = CARTESIAN_POINT('',(9.875,24.95,-10.));
#3232 = VECTOR('',#3233,1.);
#3233 = DIRECTION('',(0.,0.,1.));
#3234 = PLANE('',#3235);
#3235 = AXIS2_PLACEMENT_3D('',#3236,#3237,#3238);
#3236 = CARTESIAN_POINT('',(9.569722514928E-02,24.95,-9.355756937127));
#3237 = DIRECTION('',(-0.,-1.,-0.));
#3238 = DIRECTION('',(0.,0.,-1.));
#3239 = ADVANCED_FACE('',(#3240),#3272,.T.);
#3240 = FACE_BOUND('',#3241,.T.);
#3241 = EDGE_LOOP('',(#3242,#3243,#3251,#3257,#3258,#3266));
#3242 = ORIENTED_EDGE('',*,*,#3068,.T.);
#3243 = ORIENTED_EDGE('',*,*,#3244,.T.);
#3244 = EDGE_CURVE('',#3061,#3245,#3247,.T.);
#3245 = VERTEX_POINT('',#3246);
#3246 = CARTESIAN_POINT('',(24.6625,-15.2,-7.8));
#3247 = LINE('',#3248,#3249);
#3248 = CARTESIAN_POINT('',(-90.79730018389,-15.2,-7.8));
#3249 = VECTOR('',#3250,1.);
#3250 = DIRECTION('',(1.,0.,0.));
#3251 = ORIENTED_EDGE('',*,*,#3252,.F.);
#3252 = EDGE_CURVE('',#1294,#3245,#3253,.T.);
#3253 = LINE('',#3254,#3255);
#3254 = CARTESIAN_POINT('',(24.6625,-15.2,-10.));
#3255 = VECTOR('',#3256,1.);
#3256 = DIRECTION('',(0.,0.,1.));
#3257 = ORIENTED_EDGE('',*,*,#1293,.T.);
#3258 = ORIENTED_EDGE('',*,*,#3259,.F.);
#3259 = EDGE_CURVE('',#3260,#1296,#3262,.T.);
#3260 = VERTEX_POINT('',#3261);
#3261 = CARTESIAN_POINT('',(20.995,-15.2,-12.5));
#3262 = LINE('',#3263,#3264);
#3263 = CARTESIAN_POINT('',(20.995,-15.2,-26.22));
#3264 = VECTOR('',#3265,1.);
#3265 = DIRECTION('',(0.,0.,1.));
#3266 = ORIENTED_EDGE('',*,*,#3267,.F.);
#3267 = EDGE_CURVE('',#3069,#3260,#3268,.T.);
#3268 = LINE('',#3269,#3270);
#3269 = CARTESIAN_POINT('',(-90.79730018389,-15.2,-12.5));
#3270 = VECTOR('',#3271,1.);
#3271 = DIRECTION('',(1.,0.,0.));
#3272 = PLANE('',#3273);
#3273 = AXIS2_PLACEMENT_3D('',#3274,#3275,#3276);
#3274 = CARTESIAN_POINT('',(18.405399632211,-15.2,-14.98541850561));
#3275 = DIRECTION('',(0.,1.,0.));
#3276 = DIRECTION('',(0.,-0.,1.));
#3277 = ADVANCED_FACE('',(#3278),#3296,.F.);
#3278 = FACE_BOUND('',#3279,.F.);
#3279 = EDGE_LOOP('',(#3280,#3281,#3282,#3290));
#3280 = ORIENTED_EDGE('',*,*,#3252,.F.);
#3281 = ORIENTED_EDGE('',*,*,#1303,.T.);
#3282 = ORIENTED_EDGE('',*,*,#3283,.T.);
#3283 = EDGE_CURVE('',#1304,#3284,#3286,.T.);
#3284 = VERTEX_POINT('',#3285);
#3285 = CARTESIAN_POINT('',(24.6625,-11.2,-7.8));
#3286 = LINE('',#3287,#3288);
#3287 = CARTESIAN_POINT('',(24.6625,-11.2,-17.155));
#3288 = VECTOR('',#3289,1.);
#3289 = DIRECTION('',(0.,0.,1.));
#3290 = ORIENTED_EDGE('',*,*,#3291,.F.);
#3291 = EDGE_CURVE('',#3245,#3284,#3292,.T.);
#3292 = LINE('',#3293,#3294);
#3293 = CARTESIAN_POINT('',(24.6625,-7.6,-7.8));
#3294 = VECTOR('',#3295,1.);
#3295 = DIRECTION('',(-0.,1.,0.));
#3296 = PLANE('',#3297);
#3297 = AXIS2_PLACEMENT_3D('',#3298,#3299,#3300);
#3298 = CARTESIAN_POINT('',(24.6625,-15.2,-10.));
#3299 = DIRECTION('',(1.,0.,-0.));
#3300 = DIRECTION('',(0.,0.,1.));
#3301 = ADVANCED_FACE('',(#3302),#3327,.F.);
#3302 = FACE_BOUND('',#3303,.F.);
#3303 = EDGE_LOOP('',(#3304,#3312,#3313,#3321));
#3304 = ORIENTED_EDGE('',*,*,#3305,.F.);
#3305 = EDGE_CURVE('',#1328,#3306,#3308,.T.);
#3306 = VERTEX_POINT('',#3307);
#3307 = CARTESIAN_POINT('',(24.6625,11.2,-7.8));
#3308 = LINE('',#3309,#3310);
#3309 = CARTESIAN_POINT('',(24.6625,11.2,-17.155));
#3310 = VECTOR('',#3311,1.);
#3311 = DIRECTION('',(0.,0.,1.));
#3312 = ORIENTED_EDGE('',*,*,#1335,.T.);
#3313 = ORIENTED_EDGE('',*,*,#3314,.T.);
#3314 = EDGE_CURVE('',#1336,#3315,#3317,.T.);
#3315 = VERTEX_POINT('',#3316);
#3316 = CARTESIAN_POINT('',(24.6625,15.2,-7.8));
#3317 = LINE('',#3318,#3319);
#3318 = CARTESIAN_POINT('',(24.6625,15.2,-10.));
#3319 = VECTOR('',#3320,1.);
#3320 = DIRECTION('',(0.,0.,1.));
#3321 = ORIENTED_EDGE('',*,*,#3322,.F.);
#3322 = EDGE_CURVE('',#3306,#3315,#3323,.T.);
#3323 = LINE('',#3324,#3325);
#3324 = CARTESIAN_POINT('',(24.6625,-7.6,-7.8));
#3325 = VECTOR('',#3326,1.);
#3326 = DIRECTION('',(-0.,1.,0.));
#3327 = PLANE('',#3328);
#3328 = AXIS2_PLACEMENT_3D('',#3329,#3330,#3331);
#3329 = CARTESIAN_POINT('',(24.6625,-15.2,-10.));
#3330 = DIRECTION('',(1.,0.,-0.));
#3331 = DIRECTION('',(0.,0.,1.));
#3332 = ADVANCED_FACE('',(#3333),#3367,.T.);
#3333 = FACE_BOUND('',#3334,.T.);
#3334 = EDGE_LOOP('',(#3335,#3336,#3337,#3345,#3353,#3361));
#3335 = ORIENTED_EDGE('',*,*,#1343,.F.);
#3336 = ORIENTED_EDGE('',*,*,#3314,.T.);
#3337 = ORIENTED_EDGE('',*,*,#3338,.T.);
#3338 = EDGE_CURVE('',#3315,#3339,#3341,.T.);
#3339 = VERTEX_POINT('',#3340);
#3340 = CARTESIAN_POINT('',(14.975,15.2,-7.8));
#3341 = LINE('',#3342,#3343);
#3342 = CARTESIAN_POINT('',(7.2375,15.2,-7.8));
#3343 = VECTOR('',#3344,1.);
#3344 = DIRECTION('',(-1.,-0.,0.));
#3345 = ORIENTED_EDGE('',*,*,#3346,.T.);
#3346 = EDGE_CURVE('',#3339,#3347,#3349,.T.);
#3347 = VERTEX_POINT('',#3348);
#3348 = CARTESIAN_POINT('',(14.975,15.2,-12.5));
#3349 = LINE('',#3350,#3351);
#3350 = CARTESIAN_POINT('',(14.975,15.2,-13.69994925395));
#3351 = VECTOR('',#3352,1.);
#3352 = DIRECTION('',(0.,0.,-1.));
#3353 = ORIENTED_EDGE('',*,*,#3354,.F.);
#3354 = EDGE_CURVE('',#3355,#3347,#3357,.T.);
#3355 = VERTEX_POINT('',#3356);
#3356 = CARTESIAN_POINT('',(20.995,15.2,-12.5));
#3357 = LINE('',#3358,#3359);
#3358 = CARTESIAN_POINT('',(-90.88665528419,15.2,-12.5));
#3359 = VECTOR('',#3360,1.);
#3360 = DIRECTION('',(-1.,0.,0.));
#3361 = ORIENTED_EDGE('',*,*,#3362,.T.);
#3362 = EDGE_CURVE('',#3355,#1344,#3363,.T.);
#3363 = LINE('',#3364,#3365);
#3364 = CARTESIAN_POINT('',(20.995,15.2,-24.92));
#3365 = VECTOR('',#3366,1.);
#3366 = DIRECTION('',(0.,0.,1.));
#3367 = PLANE('',#3368);
#3368 = AXIS2_PLACEMENT_3D('',#3369,#3370,#3371);
#3369 = CARTESIAN_POINT('',(18.226689431606,15.2,-15.39994349963));
#3370 = DIRECTION('',(-0.,-1.,-0.));
#3371 = DIRECTION('',(0.,0.,-1.));
#3372 = ADVANCED_FACE('',(#3373),#3392,.F.);
#3373 = FACE_BOUND('',#3374,.T.);
#3374 = EDGE_LOOP('',(#3375,#3376,#3384,#3391));
#3375 = ORIENTED_EDGE('',*,*,#1439,.T.);
#3376 = ORIENTED_EDGE('',*,*,#3377,.T.);
#3377 = EDGE_CURVE('',#1432,#3378,#3380,.T.);
#3378 = VERTEX_POINT('',#3379);
#3379 = CARTESIAN_POINT('',(14.975,19.85,-7.8));
#3380 = LINE('',#3381,#3382);
#3381 = CARTESIAN_POINT('',(14.975,19.85,-10.));
#3382 = VECTOR('',#3383,1.);
#3383 = DIRECTION('',(0.,0.,1.));
#3384 = ORIENTED_EDGE('',*,*,#3385,.F.);
#3385 = EDGE_CURVE('',#3142,#3378,#3386,.T.);
#3386 = CIRCLE('',#3387,5.1);
#3387 = AXIS2_PLACEMENT_3D('',#3388,#3389,#3390);
#3388 = CARTESIAN_POINT('',(9.875,19.85,-7.8));
#3389 = DIRECTION('',(0.,-0.,-1.));
#3390 = DIRECTION('',(1.,-6.96610525255E-16,0.));
#3391 = ORIENTED_EDGE('',*,*,#3229,.F.);
#3392 = CYLINDRICAL_SURFACE('',#3393,5.1);
#3393 = AXIS2_PLACEMENT_3D('',#3394,#3395,#3396);
#3394 = CARTESIAN_POINT('',(9.875,19.85,-10.));
#3395 = DIRECTION('',(-0.,-0.,-1.));
#3396 = DIRECTION('',(1.,-6.96610525255E-16,0.));
#3397 = ADVANCED_FACE('',(#3398),#3455,.T.);
#3398 = FACE_BOUND('',#3399,.T.);
#3399 = EDGE_LOOP('',(#3400,#3401,#3407,#3408,#3409,#3417,#3425,#3433,
    #3441,#3449));
#3400 = ORIENTED_EDGE('',*,*,#3346,.F.);
#3401 = ORIENTED_EDGE('',*,*,#3402,.T.);
#3402 = EDGE_CURVE('',#3339,#3378,#3403,.T.);
#3403 = LINE('',#3404,#3405);
#3404 = CARTESIAN_POINT('',(14.975,-99.99956505295,-7.8));
#3405 = VECTOR('',#3406,1.);
#3406 = DIRECTION('',(0.,1.,0.));
#3407 = ORIENTED_EDGE('',*,*,#3377,.F.);
#3408 = ORIENTED_EDGE('',*,*,#1431,.T.);
#3409 = ORIENTED_EDGE('',*,*,#3410,.F.);
#3410 = EDGE_CURVE('',#3411,#1424,#3413,.T.);
#3411 = VERTEX_POINT('',#3412);
#3412 = CARTESIAN_POINT('',(14.975,16.2,-12.26));
#3413 = LINE('',#3414,#3415);
#3414 = CARTESIAN_POINT('',(14.975,16.2,-24.92));
#3415 = VECTOR('',#3416,1.);
#3416 = DIRECTION('',(0.,0.,1.));
#3417 = ORIENTED_EDGE('',*,*,#3418,.T.);
#3418 = EDGE_CURVE('',#3411,#3419,#3421,.T.);
#3419 = VERTEX_POINT('',#3420);
#3420 = CARTESIAN_POINT('',(14.975,16.7,-12.26));
#3421 = LINE('',#3422,#3423);
#3422 = CARTESIAN_POINT('',(14.975,16.19,-12.26));
#3423 = VECTOR('',#3424,1.);
#3424 = DIRECTION('',(-0.,1.,0.));
#3425 = ORIENTED_EDGE('',*,*,#3426,.F.);
#3426 = EDGE_CURVE('',#3427,#3419,#3429,.T.);
#3427 = VERTEX_POINT('',#3428);
#3428 = CARTESIAN_POINT('',(14.975,16.7,-12.49));
#3429 = LINE('',#3430,#3431);
#3430 = CARTESIAN_POINT('',(14.975,16.7,-26.22));
#3431 = VECTOR('',#3432,1.);
#3432 = DIRECTION('',(0.,0.,1.));
#3433 = ORIENTED_EDGE('',*,*,#3434,.F.);
#3434 = EDGE_CURVE('',#3435,#3427,#3437,.T.);
#3435 = VERTEX_POINT('',#3436);
#3436 = CARTESIAN_POINT('',(14.975,17.5,-12.49));
#3437 = LINE('',#3438,#3439);
#3438 = CARTESIAN_POINT('',(14.975,-1.715,-12.49));
#3439 = VECTOR('',#3440,1.);
#3440 = DIRECTION('',(0.,-1.,0.));
#3441 = ORIENTED_EDGE('',*,*,#3442,.T.);
#3442 = EDGE_CURVE('',#3435,#3443,#3445,.T.);
#3443 = VERTEX_POINT('',#3444);
#3444 = CARTESIAN_POINT('',(14.975,17.5,-12.5));
#3445 = LINE('',#3446,#3447);
#3446 = CARTESIAN_POINT('',(14.975,17.5,-14.125));
#3447 = VECTOR('',#3448,1.);
#3448 = DIRECTION('',(0.,0.,-1.));
#3449 = ORIENTED_EDGE('',*,*,#3450,.F.);
#3450 = EDGE_CURVE('',#3347,#3443,#3451,.T.);
#3451 = LINE('',#3452,#3453);
#3452 = CARTESIAN_POINT('',(14.975,-19.85,-12.5));
#3453 = VECTOR('',#3454,1.);
#3454 = DIRECTION('',(0.,1.,0.));
#3455 = PLANE('',#3456);
#3456 = AXIS2_PLACEMENT_3D('',#3457,#3458,#3459);
#3457 = CARTESIAN_POINT('',(14.975,8.698940998496E-04,-6.166406959153));
#3458 = DIRECTION('',(-1.,-0.,-0.));
#3459 = DIRECTION('',(0.,0.,-1.));
#3460 = ADVANCED_FACE('',(#3461),#3486,.T.);
#3461 = FACE_BOUND('',#3462,.T.);
#3462 = EDGE_LOOP('',(#3463,#3464,#3472,#3480));
#3463 = ORIENTED_EDGE('',*,*,#1157,.F.);
#3464 = ORIENTED_EDGE('',*,*,#3465,.F.);
#3465 = EDGE_CURVE('',#3466,#1158,#3468,.T.);
#3466 = VERTEX_POINT('',#3467);
#3467 = CARTESIAN_POINT('',(-16.2,-16.2,-12.5));
#3468 = LINE('',#3469,#3470);
#3469 = CARTESIAN_POINT('',(-16.2,-16.2,-12.51));
#3470 = VECTOR('',#3471,1.);
#3471 = DIRECTION('',(0.,0.,1.));
#3472 = ORIENTED_EDGE('',*,*,#3473,.F.);
#3473 = EDGE_CURVE('',#3474,#3466,#3476,.T.);
#3474 = VERTEX_POINT('',#3475);
#3475 = CARTESIAN_POINT('',(-16.2,-17.5,-12.5));
#3476 = LINE('',#3477,#3478);
#3477 = CARTESIAN_POINT('',(-16.2,-108.425,-12.5));
#3478 = VECTOR('',#3479,1.);
#3479 = DIRECTION('',(0.,1.,0.));
#3480 = ORIENTED_EDGE('',*,*,#3481,.T.);
#3481 = EDGE_CURVE('',#3474,#1160,#3482,.T.);
#3482 = LINE('',#3483,#3484);
#3483 = CARTESIAN_POINT('',(-16.2,-17.5,-13.5));
#3484 = VECTOR('',#3485,1.);
#3485 = DIRECTION('',(0.,0.,1.));
#3486 = PLANE('',#3487);
#3487 = AXIS2_PLACEMENT_3D('',#3488,#3489,#3490);
#3488 = CARTESIAN_POINT('',(-16.2,-16.85,-11.25));
#3489 = DIRECTION('',(-1.,-0.,-0.));
#3490 = DIRECTION('',(0.,0.,-1.));
#3491 = ADVANCED_FACE('',(#3492),#3526,.T.);
#3492 = FACE_BOUND('',#3493,.T.);
#3493 = EDGE_LOOP('',(#3494,#3502,#3510,#3518,#3524,#3525));
#3494 = ORIENTED_EDGE('',*,*,#3495,.F.);
#3495 = EDGE_CURVE('',#3496,#1176,#3498,.T.);
#3496 = VERTEX_POINT('',#3497);
#3497 = CARTESIAN_POINT('',(-15.325,-16.2,-12.49));
#3498 = LINE('',#3499,#3500);
#3499 = CARTESIAN_POINT('',(-15.325,-16.2,-12.51));
#3500 = VECTOR('',#3501,1.);
#3501 = DIRECTION('',(0.,0.,1.));
#3502 = ORIENTED_EDGE('',*,*,#3503,.T.);
#3503 = EDGE_CURVE('',#3496,#3504,#3506,.T.);
#3504 = VERTEX_POINT('',#3505);
#3505 = CARTESIAN_POINT('',(-14.975,-16.2,-12.49));
#3506 = LINE('',#3507,#3508);
#3507 = CARTESIAN_POINT('',(-16.2,-16.2,-12.49));
#3508 = VECTOR('',#3509,1.);
#3509 = DIRECTION('',(1.,0.,-0.));
#3510 = ORIENTED_EDGE('',*,*,#3511,.T.);
#3511 = EDGE_CURVE('',#3504,#3512,#3514,.T.);
#3512 = VERTEX_POINT('',#3513);
#3513 = CARTESIAN_POINT('',(-14.975,-16.2,-12.5));
#3514 = LINE('',#3515,#3516);
#3515 = CARTESIAN_POINT('',(-14.975,-16.2,-12.02373626373));
#3516 = VECTOR('',#3517,1.);
#3517 = DIRECTION('',(-0.,0.,-1.));
#3518 = ORIENTED_EDGE('',*,*,#3519,.F.);
#3519 = EDGE_CURVE('',#3466,#3512,#3520,.T.);
#3520 = LINE('',#3521,#3522);
#3521 = CARTESIAN_POINT('',(-107.7407463369,-16.2,-12.5));
#3522 = VECTOR('',#3523,1.);
#3523 = DIRECTION('',(1.,0.,0.));
#3524 = ORIENTED_EDGE('',*,*,#3465,.T.);
#3525 = ORIENTED_EDGE('',*,*,#1183,.T.);
#3526 = PLANE('',#3527);
#3527 = AXIS2_PLACEMENT_3D('',#3528,#3529,#3530);
#3528 = CARTESIAN_POINT('',(-15.48149267399,-16.2,-11.54747252747));
#3529 = DIRECTION('',(0.,1.,0.));
#3530 = DIRECTION('',(0.,-0.,1.));
#3531 = ADVANCED_FACE('',(#3532),#3566,.T.);
#3532 = FACE_BOUND('',#3533,.T.);
#3533 = EDGE_LOOP('',(#3534,#3535,#3543,#3551,#3559,#3565));
#3534 = ORIENTED_EDGE('',*,*,#3481,.F.);
#3535 = ORIENTED_EDGE('',*,*,#3536,.F.);
#3536 = EDGE_CURVE('',#3537,#3474,#3539,.T.);
#3537 = VERTEX_POINT('',#3538);
#3538 = CARTESIAN_POINT('',(-14.975,-17.5,-12.5));
#3539 = LINE('',#3540,#3541);
#3540 = CARTESIAN_POINT('',(-107.5324043775,-17.5,-12.5));
#3541 = VECTOR('',#3542,1.);
#3542 = DIRECTION('',(-1.,0.,0.));
#3543 = ORIENTED_EDGE('',*,*,#3544,.T.);
#3544 = EDGE_CURVE('',#3537,#3545,#3547,.T.);
#3545 = VERTEX_POINT('',#3546);
#3546 = CARTESIAN_POINT('',(-14.975,-17.5,-12.49));
#3547 = LINE('',#3548,#3549);
#3548 = CARTESIAN_POINT('',(-14.975,-17.5,-14.125));
#3549 = VECTOR('',#3550,1.);
#3550 = DIRECTION('',(0.,0.,1.));
#3551 = ORIENTED_EDGE('',*,*,#3552,.F.);
#3552 = EDGE_CURVE('',#3553,#3545,#3555,.T.);
#3553 = VERTEX_POINT('',#3554);
#3554 = CARTESIAN_POINT('',(-15.325,-17.5,-12.49));
#3555 = LINE('',#3556,#3557);
#3556 = CARTESIAN_POINT('',(-16.2,-17.5,-12.49));
#3557 = VECTOR('',#3558,1.);
#3558 = DIRECTION('',(1.,0.,-0.));
#3559 = ORIENTED_EDGE('',*,*,#3560,.T.);
#3560 = EDGE_CURVE('',#3553,#1168,#3561,.T.);
#3561 = LINE('',#3562,#3563);
#3562 = CARTESIAN_POINT('',(-15.325,-17.5,-12.51));
#3563 = VECTOR('',#3564,1.);
#3564 = DIRECTION('',(0.,0.,1.));
#3565 = ORIENTED_EDGE('',*,*,#1167,.F.);
#3566 = PLANE('',#3567);
#3567 = AXIS2_PLACEMENT_3D('',#3568,#3569,#3570);
#3568 = CARTESIAN_POINT('',(-15.06480875505,-17.5,-12.5374464696));
#3569 = DIRECTION('',(-0.,-1.,-0.));
#3570 = DIRECTION('',(0.,0.,-1.));
#3571 = ADVANCED_FACE('',(#3572),#3583,.T.);
#3572 = FACE_BOUND('',#3573,.T.);
#3573 = EDGE_LOOP('',(#3574,#3575,#3581,#3582));
#3574 = ORIENTED_EDGE('',*,*,#3560,.F.);
#3575 = ORIENTED_EDGE('',*,*,#3576,.F.);
#3576 = EDGE_CURVE('',#3496,#3553,#3577,.T.);
#3577 = LINE('',#3578,#3579);
#3578 = CARTESIAN_POINT('',(-15.325,-17.5,-12.49));
#3579 = VECTOR('',#3580,1.);
#3580 = DIRECTION('',(0.,-1.,0.));
#3581 = ORIENTED_EDGE('',*,*,#3495,.T.);
#3582 = ORIENTED_EDGE('',*,*,#1175,.T.);
#3583 = PLANE('',#3584);
#3584 = AXIS2_PLACEMENT_3D('',#3585,#3586,#3587);
#3585 = CARTESIAN_POINT('',(-15.325,-17.5,-12.51));
#3586 = DIRECTION('',(1.,0.,-0.));
#3587 = DIRECTION('',(0.,0.,1.));
#3588 = ADVANCED_FACE('',(#3589),#3605,.T.);
#3589 = FACE_BOUND('',#3590,.T.);
#3590 = EDGE_LOOP('',(#3591,#3597,#3598,#3604));
#3591 = ORIENTED_EDGE('',*,*,#3592,.F.);
#3592 = EDGE_CURVE('',#1226,#836,#3593,.T.);
#3593 = LINE('',#3594,#3595);
#3594 = CARTESIAN_POINT('',(-17.9,-18.8,-10.));
#3595 = VECTOR('',#3596,1.);
#3596 = DIRECTION('',(0.,0.,1.));
#3597 = ORIENTED_EDGE('',*,*,#1225,.T.);
#3598 = ORIENTED_EDGE('',*,*,#3599,.T.);
#3599 = EDGE_CURVE('',#1228,#834,#3600,.T.);
#3600 = LINE('',#3601,#3602);
#3601 = CARTESIAN_POINT('',(-19.5,-18.8,-10.));
#3602 = VECTOR('',#3603,1.);
#3603 = DIRECTION('',(0.,0.,1.));
#3604 = ORIENTED_EDGE('',*,*,#833,.T.);
#3605 = PLANE('',#3606);
#3606 = AXIS2_PLACEMENT_3D('',#3607,#3608,#3609);
#3607 = CARTESIAN_POINT('',(-19.5,-18.8,-10.));
#3608 = DIRECTION('',(-0.,1.,0.));
#3609 = DIRECTION('',(0.,0.,1.));
#3610 = ADVANCED_FACE('',(#3611),#3622,.F.);
#3611 = FACE_BOUND('',#3612,.F.);
#3612 = EDGE_LOOP('',(#3613,#3614,#3615,#3621));
#3613 = ORIENTED_EDGE('',*,*,#3592,.F.);
#3614 = ORIENTED_EDGE('',*,*,#1235,.T.);
#3615 = ORIENTED_EDGE('',*,*,#3616,.T.);
#3616 = EDGE_CURVE('',#1236,#852,#3617,.T.);
#3617 = LINE('',#3618,#3619);
#3618 = CARTESIAN_POINT('',(-17.9,-16.2,-10.));
#3619 = VECTOR('',#3620,1.);
#3620 = DIRECTION('',(0.,0.,1.));
#3621 = ORIENTED_EDGE('',*,*,#859,.T.);
#3622 = PLANE('',#3623);
#3623 = AXIS2_PLACEMENT_3D('',#3624,#3625,#3626);
#3624 = CARTESIAN_POINT('',(-17.9,-18.8,-10.));
#3625 = DIRECTION('',(1.,0.,-0.));
#3626 = DIRECTION('',(0.,0.,1.));
#3627 = ADVANCED_FACE('',(#3628),#3639,.T.);
#3628 = FACE_BOUND('',#3629,.T.);
#3629 = EDGE_LOOP('',(#3630,#3631,#3632,#3638));
#3630 = ORIENTED_EDGE('',*,*,#3599,.F.);
#3631 = ORIENTED_EDGE('',*,*,#1251,.T.);
#3632 = ORIENTED_EDGE('',*,*,#3633,.T.);
#3633 = EDGE_CURVE('',#1244,#844,#3634,.T.);
#3634 = LINE('',#3635,#3636);
#3635 = CARTESIAN_POINT('',(-19.5,-16.2,-10.));
#3636 = VECTOR('',#3637,1.);
#3637 = DIRECTION('',(0.,0.,1.));
#3638 = ORIENTED_EDGE('',*,*,#843,.T.);
#3639 = PLANE('',#3640);
#3640 = AXIS2_PLACEMENT_3D('',#3641,#3642,#3643);
#3641 = CARTESIAN_POINT('',(-19.5,-18.8,-10.));
#3642 = DIRECTION('',(1.,0.,-0.));
#3643 = DIRECTION('',(0.,0.,1.));
#3644 = ADVANCED_FACE('',(#3645),#3651,.F.);
#3645 = FACE_BOUND('',#3646,.F.);
#3646 = EDGE_LOOP('',(#3647,#3648,#3649,#3650));
#3647 = ORIENTED_EDGE('',*,*,#3616,.F.);
#3648 = ORIENTED_EDGE('',*,*,#1243,.T.);
#3649 = ORIENTED_EDGE('',*,*,#3633,.T.);
#3650 = ORIENTED_EDGE('',*,*,#851,.T.);
#3651 = PLANE('',#3652);
#3652 = AXIS2_PLACEMENT_3D('',#3653,#3654,#3655);
#3653 = CARTESIAN_POINT('',(-19.5,-16.2,-10.));
#3654 = DIRECTION('',(-0.,1.,0.));
#3655 = DIRECTION('',(0.,0.,1.));
#3656 = ADVANCED_FACE('',(#3657),#3668,.T.);
#3657 = FACE_BOUND('',#3658,.T.);
#3658 = EDGE_LOOP('',(#3659,#3660,#3661,#3662));
#3659 = ORIENTED_EDGE('',*,*,#2544,.F.);
#3660 = ORIENTED_EDGE('',*,*,#1259,.T.);
#3661 = ORIENTED_EDGE('',*,*,#2645,.T.);
#3662 = ORIENTED_EDGE('',*,*,#3663,.T.);
#3663 = EDGE_CURVE('',#2638,#2545,#3664,.T.);
#3664 = LINE('',#3665,#3666);
#3665 = CARTESIAN_POINT('',(28.2,-4.5,-8.3));
#3666 = VECTOR('',#3667,1.);
#3667 = DIRECTION('',(0.,-1.,0.));
#3668 = PLANE('',#3669);
#3669 = AXIS2_PLACEMENT_3D('',#3670,#3671,#3672);
#3670 = CARTESIAN_POINT('',(28.2,-4.5,-10.));
#3671 = DIRECTION('',(1.,0.,-0.));
#3672 = DIRECTION('',(0.,0.,1.));
#3673 = ADVANCED_FACE('',(#3674),#3685,.F.);
#3674 = FACE_BOUND('',#3675,.F.);
#3675 = EDGE_LOOP('',(#3676,#3677,#3678,#3679));
#3676 = ORIENTED_EDGE('',*,*,#2537,.F.);
#3677 = ORIENTED_EDGE('',*,*,#1277,.T.);
#3678 = ORIENTED_EDGE('',*,*,#2652,.T.);
#3679 = ORIENTED_EDGE('',*,*,#3680,.T.);
#3680 = EDGE_CURVE('',#2653,#2530,#3681,.T.);
#3681 = LINE('',#3682,#3683);
#3682 = CARTESIAN_POINT('',(31.8,-4.5,-8.3));
#3683 = VECTOR('',#3684,1.);
#3684 = DIRECTION('',(0.,-1.,0.));
#3685 = PLANE('',#3686);
#3686 = AXIS2_PLACEMENT_3D('',#3687,#3688,#3689);
#3687 = CARTESIAN_POINT('',(31.8,-4.5,-10.));
#3688 = DIRECTION('',(1.,0.,-0.));
#3689 = DIRECTION('',(0.,0.,1.));
#3690 = ADVANCED_FACE('',(#3691),#3709,.T.);
#3691 = FACE_BOUND('',#3692,.T.);
#3692 = EDGE_LOOP('',(#3693,#3701,#3707,#3708));
#3693 = ORIENTED_EDGE('',*,*,#3694,.F.);
#3694 = EDGE_CURVE('',#3695,#1761,#3697,.T.);
#3695 = VERTEX_POINT('',#3696);
#3696 = CARTESIAN_POINT('',(20.995,-16.2,-12.5));
#3697 = LINE('',#3698,#3699);
#3698 = CARTESIAN_POINT('',(20.995,-16.2,-24.92));
#3699 = VECTOR('',#3700,1.);
#3700 = DIRECTION('',(0.,0.,1.));
#3701 = ORIENTED_EDGE('',*,*,#3702,.F.);
#3702 = EDGE_CURVE('',#3260,#3695,#3703,.T.);
#3703 = LINE('',#3704,#3705);
#3704 = CARTESIAN_POINT('',(20.995,-107.85,-12.5));
#3705 = VECTOR('',#3706,1.);
#3706 = DIRECTION('',(0.,-1.,0.));
#3707 = ORIENTED_EDGE('',*,*,#3259,.T.);
#3708 = ORIENTED_EDGE('',*,*,#1768,.F.);
#3709 = PLANE('',#3710);
#3710 = AXIS2_PLACEMENT_3D('',#3711,#3712,#3713);
#3711 = CARTESIAN_POINT('',(20.995,-15.7,-17.61));
#3712 = DIRECTION('',(1.,0.,0.));
#3713 = DIRECTION('',(-0.,0.,1.));
#3714 = ADVANCED_FACE('',(#3715),#3749,.T.);
#3715 = FACE_BOUND('',#3716,.T.);
#3716 = EDGE_LOOP('',(#3717,#3725,#3733,#3741,#3747,#3748));
#3717 = ORIENTED_EDGE('',*,*,#3718,.T.);
#3718 = EDGE_CURVE('',#3284,#3719,#3721,.T.);
#3719 = VERTEX_POINT('',#3720);
#3720 = CARTESIAN_POINT('',(20.295,-11.2,-7.8));
#3721 = LINE('',#3722,#3723);
#3722 = CARTESIAN_POINT('',(-88.93652367801,-11.2,-7.8));
#3723 = VECTOR('',#3724,1.);
#3724 = DIRECTION('',(-1.,0.,0.));
#3725 = ORIENTED_EDGE('',*,*,#3726,.F.);
#3726 = EDGE_CURVE('',#3727,#3719,#3729,.T.);
#3727 = VERTEX_POINT('',#3728);
#3728 = CARTESIAN_POINT('',(20.295,-11.2,-24.31));
#3729 = LINE('',#3730,#3731);
#3730 = CARTESIAN_POINT('',(20.295,-11.2,-24.31));
#3731 = VECTOR('',#3732,1.);
#3732 = DIRECTION('',(0.,0.,1.));
#3733 = ORIENTED_EDGE('',*,*,#3734,.T.);
#3734 = EDGE_CURVE('',#3727,#3735,#3737,.T.);
#3735 = VERTEX_POINT('',#3736);
#3736 = CARTESIAN_POINT('',(24.9625,-11.2,-24.31));
#3737 = LINE('',#3738,#3739);
#3738 = CARTESIAN_POINT('',(20.295,-11.2,-24.31));
#3739 = VECTOR('',#3740,1.);
#3740 = DIRECTION('',(1.,0.,-0.));
#3741 = ORIENTED_EDGE('',*,*,#3742,.T.);
#3742 = EDGE_CURVE('',#3735,#1312,#3743,.T.);
#3743 = LINE('',#3744,#3745);
#3744 = CARTESIAN_POINT('',(24.9625,-11.2,-24.31));
#3745 = VECTOR('',#3746,1.);
#3746 = DIRECTION('',(0.,0.,1.));
#3747 = ORIENTED_EDGE('',*,*,#1311,.T.);
#3748 = ORIENTED_EDGE('',*,*,#3283,.T.);
#3749 = PLANE('',#3750);
#3750 = AXIS2_PLACEMENT_3D('',#3751,#3752,#3753);
#3751 = CARTESIAN_POINT('',(22.12695264397,-11.2,-13.4578961427));
#3752 = DIRECTION('',(-0.,-1.,-0.));
#3753 = DIRECTION('',(0.,0.,-1.));
#3754 = ADVANCED_FACE('',(#3755),#3787,.T.);
#3755 = FACE_BOUND('',#3756,.T.);
#3756 = EDGE_LOOP('',(#3757,#3765,#3766,#3767,#3773,#3774,#3780,#3781));
#3757 = ORIENTED_EDGE('',*,*,#3758,.F.);
#3758 = EDGE_CURVE('',#3695,#3759,#3761,.T.);
#3759 = VERTEX_POINT('',#3760);
#3760 = CARTESIAN_POINT('',(16.2,-16.2,-12.5));
#3761 = LINE('',#3762,#3763);
#3762 = CARTESIAN_POINT('',(-91.09561985898,-16.2,-12.5));
#3763 = VECTOR('',#3764,1.);
#3764 = DIRECTION('',(-1.,0.,0.));
#3765 = ORIENTED_EDGE('',*,*,#3694,.T.);
#3766 = ORIENTED_EDGE('',*,*,#1760,.T.);
#3767 = ORIENTED_EDGE('',*,*,#3768,.T.);
#3768 = EDGE_CURVE('',#1753,#664,#3769,.T.);
#3769 = LINE('',#3770,#3771);
#3770 = CARTESIAN_POINT('',(19.5,-16.2,-10.));
#3771 = VECTOR('',#3772,1.);
#3772 = DIRECTION('',(0.,0.,1.));
#3773 = ORIENTED_EDGE('',*,*,#663,.T.);
#3774 = ORIENTED_EDGE('',*,*,#3775,.F.);
#3775 = EDGE_CURVE('',#1729,#666,#3776,.T.);
#3776 = LINE('',#3777,#3778);
#3777 = CARTESIAN_POINT('',(17.9,-16.2,-10.));
#3778 = VECTOR('',#3779,1.);
#3779 = DIRECTION('',(0.,0.,1.));
#3780 = ORIENTED_EDGE('',*,*,#1728,.T.);
#3781 = ORIENTED_EDGE('',*,*,#3782,.F.);
#3782 = EDGE_CURVE('',#3759,#1721,#3783,.T.);
#3783 = LINE('',#3784,#3785);
#3784 = CARTESIAN_POINT('',(16.2,-16.2,-12.51));
#3785 = VECTOR('',#3786,1.);
#3786 = DIRECTION('',(0.,0.,1.));
#3787 = PLANE('',#3788);
#3788 = AXIS2_PLACEMENT_3D('',#3789,#3790,#3791);
#3789 = CARTESIAN_POINT('',(17.808760282021,-16.2,-17.40709361535));
#3790 = DIRECTION('',(-0.,-1.,-0.));
#3791 = DIRECTION('',(0.,0.,-1.));
#3792 = ADVANCED_FACE('',(#3793),#3811,.T.);
#3793 = FACE_BOUND('',#3794,.T.);
#3794 = EDGE_LOOP('',(#3795,#3796,#3797,#3805));
#3795 = ORIENTED_EDGE('',*,*,#1319,.F.);
#3796 = ORIENTED_EDGE('',*,*,#3742,.F.);
#3797 = ORIENTED_EDGE('',*,*,#3798,.T.);
#3798 = EDGE_CURVE('',#3735,#3799,#3801,.T.);
#3799 = VERTEX_POINT('',#3800);
#3800 = CARTESIAN_POINT('',(24.9625,11.2,-24.31));
#3801 = LINE('',#3802,#3803);
#3802 = CARTESIAN_POINT('',(24.9625,-11.2,-24.31));
#3803 = VECTOR('',#3804,1.);
#3804 = DIRECTION('',(-0.,1.,0.));
#3805 = ORIENTED_EDGE('',*,*,#3806,.T.);
#3806 = EDGE_CURVE('',#3799,#1320,#3807,.T.);
#3807 = LINE('',#3808,#3809);
#3808 = CARTESIAN_POINT('',(24.9625,11.2,-24.31));
#3809 = VECTOR('',#3810,1.);
#3810 = DIRECTION('',(0.,0.,1.));
#3811 = PLANE('',#3812);
#3812 = AXIS2_PLACEMENT_3D('',#3813,#3814,#3815);
#3813 = CARTESIAN_POINT('',(24.9625,-11.2,-24.31));
#3814 = DIRECTION('',(1.,0.,-0.));
#3815 = DIRECTION('',(0.,0.,1.));
#3816 = ADVANCED_FACE('',(#3817),#3828,.F.);
#3817 = FACE_BOUND('',#3818,.F.);
#3818 = EDGE_LOOP('',(#3819,#3825,#3826,#3827));
#3819 = ORIENTED_EDGE('',*,*,#3820,.F.);
#3820 = EDGE_CURVE('',#1745,#674,#3821,.T.);
#3821 = LINE('',#3822,#3823);
#3822 = CARTESIAN_POINT('',(19.5,-18.8,-10.));
#3823 = VECTOR('',#3824,1.);
#3824 = DIRECTION('',(0.,0.,1.));
#3825 = ORIENTED_EDGE('',*,*,#1752,.T.);
#3826 = ORIENTED_EDGE('',*,*,#3768,.T.);
#3827 = ORIENTED_EDGE('',*,*,#673,.T.);
#3828 = PLANE('',#3829);
#3829 = AXIS2_PLACEMENT_3D('',#3830,#3831,#3832);
#3830 = CARTESIAN_POINT('',(19.5,-18.8,-10.));
#3831 = DIRECTION('',(1.,0.,-0.));
#3832 = DIRECTION('',(0.,0.,1.));
#3833 = ADVANCED_FACE('',(#3834),#3861,.T.);
#3834 = FACE_BOUND('',#3835,.T.);
#3835 = EDGE_LOOP('',(#3836,#3846,#3852,#3853,#3854,#3855));
#3836 = ORIENTED_EDGE('',*,*,#3837,.T.);
#3837 = EDGE_CURVE('',#3838,#3840,#3842,.T.);
#3838 = VERTEX_POINT('',#3839);
#3839 = CARTESIAN_POINT('',(20.295,11.2,-24.31));
#3840 = VERTEX_POINT('',#3841);
#3841 = CARTESIAN_POINT('',(20.295,11.2,-7.8));
#3842 = LINE('',#3843,#3844);
#3843 = CARTESIAN_POINT('',(20.295,11.2,-24.31));
#3844 = VECTOR('',#3845,1.);
#3845 = DIRECTION('',(0.,0.,1.));
#3846 = ORIENTED_EDGE('',*,*,#3847,.T.);
#3847 = EDGE_CURVE('',#3840,#3306,#3848,.T.);
#3848 = LINE('',#3849,#3850);
#3849 = CARTESIAN_POINT('',(-88.93652367801,11.2,-7.8));
#3850 = VECTOR('',#3851,1.);
#3851 = DIRECTION('',(1.,0.,0.));
#3852 = ORIENTED_EDGE('',*,*,#3305,.F.);
#3853 = ORIENTED_EDGE('',*,*,#1327,.F.);
#3854 = ORIENTED_EDGE('',*,*,#3806,.F.);
#3855 = ORIENTED_EDGE('',*,*,#3856,.F.);
#3856 = EDGE_CURVE('',#3838,#3799,#3857,.T.);
#3857 = LINE('',#3858,#3859);
#3858 = CARTESIAN_POINT('',(20.295,11.2,-24.31));
#3859 = VECTOR('',#3860,1.);
#3860 = DIRECTION('',(1.,0.,-0.));
#3861 = PLANE('',#3862);
#3862 = AXIS2_PLACEMENT_3D('',#3863,#3864,#3865);
#3863 = CARTESIAN_POINT('',(22.12695264397,11.2,-13.4578961427));
#3864 = DIRECTION('',(0.,1.,0.));
#3865 = DIRECTION('',(0.,-0.,1.));
#3866 = ADVANCED_FACE('',(#3867),#3878,.T.);
#3867 = FACE_BOUND('',#3868,.T.);
#3868 = EDGE_LOOP('',(#3869,#3870,#3871,#3877));
#3869 = ORIENTED_EDGE('',*,*,#3820,.F.);
#3870 = ORIENTED_EDGE('',*,*,#1744,.T.);
#3871 = ORIENTED_EDGE('',*,*,#3872,.T.);
#3872 = EDGE_CURVE('',#1737,#682,#3873,.T.);
#3873 = LINE('',#3874,#3875);
#3874 = CARTESIAN_POINT('',(17.9,-18.8,-10.));
#3875 = VECTOR('',#3876,1.);
#3876 = DIRECTION('',(0.,0.,1.));
#3877 = ORIENTED_EDGE('',*,*,#681,.T.);
#3878 = PLANE('',#3879);
#3879 = AXIS2_PLACEMENT_3D('',#3880,#3881,#3882);
#3880 = CARTESIAN_POINT('',(17.9,-18.8,-10.));
#3881 = DIRECTION('',(-0.,1.,0.));
#3882 = DIRECTION('',(0.,0.,1.));
#3883 = ADVANCED_FACE('',(#3884),#3890,.T.);
#3884 = FACE_BOUND('',#3885,.T.);
#3885 = EDGE_LOOP('',(#3886,#3887,#3888,#3889));
#3886 = ORIENTED_EDGE('',*,*,#3872,.F.);
#3887 = ORIENTED_EDGE('',*,*,#1736,.T.);
#3888 = ORIENTED_EDGE('',*,*,#3775,.T.);
#3889 = ORIENTED_EDGE('',*,*,#689,.T.);
#3890 = PLANE('',#3891);
#3891 = AXIS2_PLACEMENT_3D('',#3892,#3893,#3894);
#3892 = CARTESIAN_POINT('',(17.9,-18.8,-10.));
#3893 = DIRECTION('',(1.,0.,-0.));
#3894 = DIRECTION('',(0.,0.,1.));
#3895 = ADVANCED_FACE('',(#3896),#3930,.T.);
#3896 = FACE_BOUND('',#3897,.T.);
#3897 = EDGE_LOOP('',(#3898,#3899,#3907,#3915,#3923,#3929));
#3898 = ORIENTED_EDGE('',*,*,#3362,.F.);
#3899 = ORIENTED_EDGE('',*,*,#3900,.F.);
#3900 = EDGE_CURVE('',#3901,#3355,#3903,.T.);
#3901 = VERTEX_POINT('',#3902);
#3902 = CARTESIAN_POINT('',(20.995,16.7,-12.5));
#3903 = LINE('',#3904,#3905);
#3904 = CARTESIAN_POINT('',(20.995,-92.04676816239,-12.5));
#3905 = VECTOR('',#3906,1.);
#3906 = DIRECTION('',(0.,-1.,0.));
#3907 = ORIENTED_EDGE('',*,*,#3908,.T.);
#3908 = EDGE_CURVE('',#3901,#3909,#3911,.T.);
#3909 = VERTEX_POINT('',#3910);
#3910 = CARTESIAN_POINT('',(20.995,16.7,-12.26));
#3911 = LINE('',#3912,#3913);
#3912 = CARTESIAN_POINT('',(20.995,16.7,-26.22));
#3913 = VECTOR('',#3914,1.);
#3914 = DIRECTION('',(0.,0.,1.));
#3915 = ORIENTED_EDGE('',*,*,#3916,.F.);
#3916 = EDGE_CURVE('',#3917,#3909,#3919,.T.);
#3917 = VERTEX_POINT('',#3918);
#3918 = CARTESIAN_POINT('',(20.995,16.2,-12.26));
#3919 = LINE('',#3920,#3921);
#3920 = CARTESIAN_POINT('',(20.995,16.19,-12.26));
#3921 = VECTOR('',#3922,1.);
#3922 = DIRECTION('',(-0.,1.,0.));
#3923 = ORIENTED_EDGE('',*,*,#3924,.T.);
#3924 = EDGE_CURVE('',#3917,#1352,#3925,.T.);
#3925 = LINE('',#3926,#3927);
#3926 = CARTESIAN_POINT('',(20.995,16.2,-24.92));
#3927 = VECTOR('',#3928,1.);
#3928 = DIRECTION('',(0.,0.,1.));
#3929 = ORIENTED_EDGE('',*,*,#1351,.F.);
#3930 = PLANE('',#3931);
#3931 = AXIS2_PLACEMENT_3D('',#3932,#3933,#3934);
#3932 = CARTESIAN_POINT('',(20.995,15.906463675214,-17.65353632478));
#3933 = DIRECTION('',(1.,0.,0.));
#3934 = DIRECTION('',(-0.,0.,1.));
#3935 = ADVANCED_FACE('',(#3936),#3954,.T.);
#3936 = FACE_BOUND('',#3937,.T.);
#3937 = EDGE_LOOP('',(#3938,#3946,#3952,#3953));
#3938 = ORIENTED_EDGE('',*,*,#3939,.F.);
#3939 = EDGE_CURVE('',#3940,#1713,#3942,.T.);
#3940 = VERTEX_POINT('',#3941);
#3941 = CARTESIAN_POINT('',(16.2,-17.5,-12.5));
#3942 = LINE('',#3943,#3944);
#3943 = CARTESIAN_POINT('',(16.2,-17.5,-13.5));
#3944 = VECTOR('',#3945,1.);
#3945 = DIRECTION('',(0.,0.,1.));
#3946 = ORIENTED_EDGE('',*,*,#3947,.F.);
#3947 = EDGE_CURVE('',#3759,#3940,#3948,.T.);
#3948 = LINE('',#3949,#3950);
#3949 = CARTESIAN_POINT('',(16.2,-108.425,-12.5));
#3950 = VECTOR('',#3951,1.);
#3951 = DIRECTION('',(0.,-1.,0.));
#3952 = ORIENTED_EDGE('',*,*,#3782,.T.);
#3953 = ORIENTED_EDGE('',*,*,#1720,.T.);
#3954 = PLANE('',#3955);
#3955 = AXIS2_PLACEMENT_3D('',#3956,#3957,#3958);
#3956 = CARTESIAN_POINT('',(16.2,-16.85,-11.25));
#3957 = DIRECTION('',(1.,0.,0.));
#3958 = DIRECTION('',(-0.,0.,1.));
#3959 = ADVANCED_FACE('',(#3960),#3992,.T.);
#3960 = FACE_BOUND('',#3961,.T.);
#3961 = EDGE_LOOP('',(#3962,#3963,#3971,#3977,#3978,#3984,#3985,#3991));
#3962 = ORIENTED_EDGE('',*,*,#3924,.F.);
#3963 = ORIENTED_EDGE('',*,*,#3964,.F.);
#3964 = EDGE_CURVE('',#3965,#3917,#3967,.T.);
#3965 = VERTEX_POINT('',#3966);
#3966 = CARTESIAN_POINT('',(16.2,16.2,-12.26));
#3967 = LINE('',#3968,#3969);
#3968 = CARTESIAN_POINT('',(14.975,16.2,-12.26));
#3969 = VECTOR('',#3970,1.);
#3970 = DIRECTION('',(1.,0.,-0.));
#3971 = ORIENTED_EDGE('',*,*,#3972,.T.);
#3972 = EDGE_CURVE('',#3965,#1392,#3973,.T.);
#3973 = LINE('',#3974,#3975);
#3974 = CARTESIAN_POINT('',(16.2,16.2,-12.51));
#3975 = VECTOR('',#3976,1.);
#3976 = DIRECTION('',(0.,0.,1.));
#3977 = ORIENTED_EDGE('',*,*,#1391,.F.);
#3978 = ORIENTED_EDGE('',*,*,#3979,.T.);
#3979 = EDGE_CURVE('',#1384,#512,#3980,.T.);
#3980 = LINE('',#3981,#3982);
#3981 = CARTESIAN_POINT('',(17.9,16.2,-10.));
#3982 = VECTOR('',#3983,1.);
#3983 = DIRECTION('',(0.,0.,1.));
#3984 = ORIENTED_EDGE('',*,*,#511,.T.);
#3985 = ORIENTED_EDGE('',*,*,#3986,.F.);
#3986 = EDGE_CURVE('',#1360,#504,#3987,.T.);
#3987 = LINE('',#3988,#3989);
#3988 = CARTESIAN_POINT('',(19.5,16.2,-10.));
#3989 = VECTOR('',#3990,1.);
#3990 = DIRECTION('',(0.,0.,1.));
#3991 = ORIENTED_EDGE('',*,*,#1359,.F.);
#3992 = PLANE('',#3993);
#3993 = AXIS2_PLACEMENT_3D('',#3994,#3995,#3996);
#3994 = CARTESIAN_POINT('',(18.610693618172,16.2,-10.24062736614));
#3995 = DIRECTION('',(0.,1.,0.));
#3996 = DIRECTION('',(0.,-0.,1.));
#3997 = ADVANCED_FACE('',(#3998),#4023,.T.);
#3998 = FACE_BOUND('',#3999,.T.);
#3999 = EDGE_LOOP('',(#4000,#4001,#4009,#4015,#4016,#4022));
#4000 = ORIENTED_EDGE('',*,*,#1712,.F.);
#4001 = ORIENTED_EDGE('',*,*,#4002,.F.);
#4002 = EDGE_CURVE('',#4003,#1705,#4005,.T.);
#4003 = VERTEX_POINT('',#4004);
#4004 = CARTESIAN_POINT('',(15.325,-17.5,-12.49));
#4005 = LINE('',#4006,#4007);
#4006 = CARTESIAN_POINT('',(15.325,-17.5,-12.51));
#4007 = VECTOR('',#4008,1.);
#4008 = DIRECTION('',(0.,0.,1.));
#4009 = ORIENTED_EDGE('',*,*,#4010,.F.);
#4010 = EDGE_CURVE('',#3085,#4003,#4011,.T.);
#4011 = LINE('',#4012,#4013);
#4012 = CARTESIAN_POINT('',(13.875,-17.5,-12.49));
#4013 = VECTOR('',#4014,1.);
#4014 = DIRECTION('',(1.,0.,-0.));
#4015 = ORIENTED_EDGE('',*,*,#3084,.T.);
#4016 = ORIENTED_EDGE('',*,*,#4017,.F.);
#4017 = EDGE_CURVE('',#3940,#3077,#4018,.T.);
#4018 = LINE('',#4019,#4020);
#4019 = CARTESIAN_POINT('',(-92.46759562247,-17.5,-12.5));
#4020 = VECTOR('',#4021,1.);
#4021 = DIRECTION('',(-1.,0.,0.));
#4022 = ORIENTED_EDGE('',*,*,#3939,.T.);
#4023 = PLANE('',#4024);
#4024 = AXIS2_PLACEMENT_3D('',#4025,#4026,#4027);
#4025 = CARTESIAN_POINT('',(15.064808755058,-17.5,-12.5374464696));
#4026 = DIRECTION('',(-0.,-1.,-0.));
#4027 = DIRECTION('',(0.,0.,-1.));
#4028 = ADVANCED_FACE('',(#4029),#4040,.F.);
#4029 = FACE_BOUND('',#4030,.F.);
#4030 = EDGE_LOOP('',(#4031,#4032,#4033,#4039));
#4031 = ORIENTED_EDGE('',*,*,#3986,.F.);
#4032 = ORIENTED_EDGE('',*,*,#1367,.T.);
#4033 = ORIENTED_EDGE('',*,*,#4034,.T.);
#4034 = EDGE_CURVE('',#1368,#496,#4035,.T.);
#4035 = LINE('',#4036,#4037);
#4036 = CARTESIAN_POINT('',(19.5,18.8,-10.));
#4037 = VECTOR('',#4038,1.);
#4038 = DIRECTION('',(0.,0.,1.));
#4039 = ORIENTED_EDGE('',*,*,#503,.T.);
#4040 = PLANE('',#4041);
#4041 = AXIS2_PLACEMENT_3D('',#4042,#4043,#4044);
#4042 = CARTESIAN_POINT('',(19.5,16.2,-10.));
#4043 = DIRECTION('',(1.,0.,-0.));
#4044 = DIRECTION('',(0.,0.,1.));
#4045 = ADVANCED_FACE('',(#4046),#4064,.F.);
#4046 = FACE_BOUND('',#4047,.F.);
#4047 = EDGE_LOOP('',(#4048,#4049,#4057,#4063));
#4048 = ORIENTED_EDGE('',*,*,#4002,.F.);
#4049 = ORIENTED_EDGE('',*,*,#4050,.F.);
#4050 = EDGE_CURVE('',#4051,#4003,#4053,.T.);
#4051 = VERTEX_POINT('',#4052);
#4052 = CARTESIAN_POINT('',(15.325,-16.2,-12.49));
#4053 = LINE('',#4054,#4055);
#4054 = CARTESIAN_POINT('',(15.325,-17.5,-12.49));
#4055 = VECTOR('',#4056,1.);
#4056 = DIRECTION('',(0.,-1.,0.));
#4057 = ORIENTED_EDGE('',*,*,#4058,.T.);
#4058 = EDGE_CURVE('',#4051,#1697,#4059,.T.);
#4059 = LINE('',#4060,#4061);
#4060 = CARTESIAN_POINT('',(15.325,-16.2,-12.51));
#4061 = VECTOR('',#4062,1.);
#4062 = DIRECTION('',(0.,0.,1.));
#4063 = ORIENTED_EDGE('',*,*,#1704,.T.);
#4064 = PLANE('',#4065);
#4065 = AXIS2_PLACEMENT_3D('',#4066,#4067,#4068);
#4066 = CARTESIAN_POINT('',(15.325,-17.5,-12.51));
#4067 = DIRECTION('',(1.,0.,-0.));
#4068 = DIRECTION('',(0.,0.,1.));
#4069 = ADVANCED_FACE('',(#4070),#4081,.F.);
#4070 = FACE_BOUND('',#4071,.F.);
#4071 = EDGE_LOOP('',(#4072,#4073,#4074,#4080));
#4072 = ORIENTED_EDGE('',*,*,#4034,.F.);
#4073 = ORIENTED_EDGE('',*,*,#1375,.T.);
#4074 = ORIENTED_EDGE('',*,*,#4075,.T.);
#4075 = EDGE_CURVE('',#1376,#494,#4076,.T.);
#4076 = LINE('',#4077,#4078);
#4077 = CARTESIAN_POINT('',(17.9,18.8,-10.));
#4078 = VECTOR('',#4079,1.);
#4079 = DIRECTION('',(0.,0.,1.));
#4080 = ORIENTED_EDGE('',*,*,#493,.T.);
#4081 = PLANE('',#4082);
#4082 = AXIS2_PLACEMENT_3D('',#4083,#4084,#4085);
#4083 = CARTESIAN_POINT('',(17.9,18.8,-10.));
#4084 = DIRECTION('',(-0.,1.,0.));
#4085 = DIRECTION('',(0.,0.,1.));
#4086 = ADVANCED_FACE('',(#4087),#4098,.F.);
#4087 = FACE_BOUND('',#4088,.F.);
#4088 = EDGE_LOOP('',(#4089,#4095,#4096,#4097));
#4089 = ORIENTED_EDGE('',*,*,#4090,.F.);
#4090 = EDGE_CURVE('',#3093,#4051,#4091,.T.);
#4091 = LINE('',#4092,#4093);
#4092 = CARTESIAN_POINT('',(13.875,-16.2,-12.49));
#4093 = VECTOR('',#4094,1.);
#4094 = DIRECTION('',(1.,0.,-0.));
#4095 = ORIENTED_EDGE('',*,*,#3100,.T.);
#4096 = ORIENTED_EDGE('',*,*,#1696,.F.);
#4097 = ORIENTED_EDGE('',*,*,#4058,.F.);
#4098 = PLANE('',#4099);
#4099 = AXIS2_PLACEMENT_3D('',#4100,#4101,#4102);
#4100 = CARTESIAN_POINT('',(14.975,-16.2,-24.92));
#4101 = DIRECTION('',(-0.,1.,0.));
#4102 = DIRECTION('',(0.,0.,1.));
#4103 = ADVANCED_FACE('',(#4104),#4110,.T.);
#4104 = FACE_BOUND('',#4105,.T.);
#4105 = EDGE_LOOP('',(#4106,#4107,#4108,#4109));
#4106 = ORIENTED_EDGE('',*,*,#3979,.F.);
#4107 = ORIENTED_EDGE('',*,*,#1383,.T.);
#4108 = ORIENTED_EDGE('',*,*,#4075,.T.);
#4109 = ORIENTED_EDGE('',*,*,#519,.T.);
#4110 = PLANE('',#4111);
#4111 = AXIS2_PLACEMENT_3D('',#4112,#4113,#4114);
#4112 = CARTESIAN_POINT('',(17.9,16.2,-10.));
#4113 = DIRECTION('',(1.,0.,-0.));
#4114 = DIRECTION('',(0.,0.,1.));
#4115 = ADVANCED_FACE('',(#4116),#4150,.T.);
#4116 = FACE_BOUND('',#4117,.T.);
#4117 = EDGE_LOOP('',(#4118,#4119,#4127,#4135,#4143,#4149));
#4118 = ORIENTED_EDGE('',*,*,#3972,.F.);
#4119 = ORIENTED_EDGE('',*,*,#4120,.F.);
#4120 = EDGE_CURVE('',#4121,#3965,#4123,.T.);
#4121 = VERTEX_POINT('',#4122);
#4122 = CARTESIAN_POINT('',(16.2,16.7,-12.26));
#4123 = LINE('',#4124,#4125);
#4124 = CARTESIAN_POINT('',(16.2,16.195,-12.26));
#4125 = VECTOR('',#4126,1.);
#4126 = DIRECTION('',(0.,-1.,0.));
#4127 = ORIENTED_EDGE('',*,*,#4128,.F.);
#4128 = EDGE_CURVE('',#4129,#4121,#4131,.T.);
#4129 = VERTEX_POINT('',#4130);
#4130 = CARTESIAN_POINT('',(16.2,16.7,-12.5));
#4131 = LINE('',#4132,#4133);
#4132 = CARTESIAN_POINT('',(16.2,16.7,-19.86));
#4133 = VECTOR('',#4134,1.);
#4134 = DIRECTION('',(0.,0.,1.));
#4135 = ORIENTED_EDGE('',*,*,#4136,.F.);
#4136 = EDGE_CURVE('',#4137,#4129,#4139,.T.);
#4137 = VERTEX_POINT('',#4138);
#4138 = CARTESIAN_POINT('',(16.2,17.5,-12.5));
#4139 = LINE('',#4140,#4141);
#4140 = CARTESIAN_POINT('',(16.2,-91.54827586206,-12.5));
#4141 = VECTOR('',#4142,1.);
#4142 = DIRECTION('',(0.,-1.,0.));
#4143 = ORIENTED_EDGE('',*,*,#4144,.T.);
#4144 = EDGE_CURVE('',#4137,#1400,#4145,.T.);
#4145 = LINE('',#4146,#4147);
#4146 = CARTESIAN_POINT('',(16.2,17.5,-12.51));
#4147 = VECTOR('',#4148,1.);
#4148 = DIRECTION('',(0.,0.,1.));
#4149 = ORIENTED_EDGE('',*,*,#1399,.T.);
#4150 = PLANE('',#4151);
#4151 = AXIS2_PLACEMENT_3D('',#4152,#4153,#4154);
#4152 = CARTESIAN_POINT('',(16.2,16.903448275862,-11.19655172413));
#4153 = DIRECTION('',(1.,0.,0.));
#4154 = DIRECTION('',(-0.,0.,1.));
#4155 = ADVANCED_FACE('',(#4156),#4181,.T.);
#4156 = FACE_BOUND('',#4157,.T.);
#4157 = EDGE_LOOP('',(#4158,#4159,#4165,#4166,#4174,#4180));
#4158 = ORIENTED_EDGE('',*,*,#4144,.F.);
#4159 = ORIENTED_EDGE('',*,*,#4160,.F.);
#4160 = EDGE_CURVE('',#3443,#4137,#4161,.T.);
#4161 = LINE('',#4162,#4163);
#4162 = CARTESIAN_POINT('',(-92.46759562247,17.5,-12.5));
#4163 = VECTOR('',#4164,1.);
#4164 = DIRECTION('',(1.,0.,0.));
#4165 = ORIENTED_EDGE('',*,*,#3442,.F.);
#4166 = ORIENTED_EDGE('',*,*,#4167,.T.);
#4167 = EDGE_CURVE('',#3435,#4168,#4170,.T.);
#4168 = VERTEX_POINT('',#4169);
#4169 = CARTESIAN_POINT('',(15.325,17.5,-12.49));
#4170 = LINE('',#4171,#4172);
#4171 = CARTESIAN_POINT('',(13.875,17.5,-12.49));
#4172 = VECTOR('',#4173,1.);
#4173 = DIRECTION('',(1.,0.,-0.));
#4174 = ORIENTED_EDGE('',*,*,#4175,.T.);
#4175 = EDGE_CURVE('',#4168,#1408,#4176,.T.);
#4176 = LINE('',#4177,#4178);
#4177 = CARTESIAN_POINT('',(15.325,17.5,-12.51));
#4178 = VECTOR('',#4179,1.);
#4179 = DIRECTION('',(0.,0.,1.));
#4180 = ORIENTED_EDGE('',*,*,#1407,.T.);
#4181 = PLANE('',#4182);
#4182 = AXIS2_PLACEMENT_3D('',#4183,#4184,#4185);
#4183 = CARTESIAN_POINT('',(15.064808755058,17.5,-12.5374464696));
#4184 = DIRECTION('',(0.,1.,0.));
#4185 = DIRECTION('',(0.,-0.,1.));
#4186 = ADVANCED_FACE('',(#4187),#4221,.F.);
#4187 = FACE_BOUND('',#4188,.F.);
#4188 = EDGE_LOOP('',(#4189,#4197,#4205,#4213,#4219,#4220));
#4189 = ORIENTED_EDGE('',*,*,#4190,.F.);
#4190 = EDGE_CURVE('',#4191,#1416,#4193,.T.);
#4191 = VERTEX_POINT('',#4192);
#4192 = CARTESIAN_POINT('',(15.325,16.2,-12.26));
#4193 = LINE('',#4194,#4195);
#4194 = CARTESIAN_POINT('',(15.325,16.2,-12.51));
#4195 = VECTOR('',#4196,1.);
#4196 = DIRECTION('',(0.,0.,1.));
#4197 = ORIENTED_EDGE('',*,*,#4198,.F.);
#4198 = EDGE_CURVE('',#4199,#4191,#4201,.T.);
#4199 = VERTEX_POINT('',#4200);
#4200 = CARTESIAN_POINT('',(15.325,16.7,-12.26));
#4201 = LINE('',#4202,#4203);
#4202 = CARTESIAN_POINT('',(15.325,16.195,-12.26));
#4203 = VECTOR('',#4204,1.);
#4204 = DIRECTION('',(0.,-1.,0.));
#4205 = ORIENTED_EDGE('',*,*,#4206,.F.);
#4206 = EDGE_CURVE('',#4207,#4199,#4209,.T.);
#4207 = VERTEX_POINT('',#4208);
#4208 = CARTESIAN_POINT('',(15.325,16.7,-12.49));
#4209 = LINE('',#4210,#4211);
#4210 = CARTESIAN_POINT('',(15.325,16.7,-19.365));
#4211 = VECTOR('',#4212,1.);
#4212 = DIRECTION('',(0.,0.,1.));
#4213 = ORIENTED_EDGE('',*,*,#4214,.F.);
#4214 = EDGE_CURVE('',#4168,#4207,#4215,.T.);
#4215 = LINE('',#4216,#4217);
#4216 = CARTESIAN_POINT('',(15.325,16.2,-12.49));
#4217 = VECTOR('',#4218,1.);
#4218 = DIRECTION('',(0.,-1.,0.));
#4219 = ORIENTED_EDGE('',*,*,#4175,.T.);
#4220 = ORIENTED_EDGE('',*,*,#1415,.T.);
#4221 = PLANE('',#4222);
#4222 = AXIS2_PLACEMENT_3D('',#4223,#4224,#4225);
#4223 = CARTESIAN_POINT('',(15.325,16.2,-12.51));
#4224 = DIRECTION('',(1.,0.,-0.));
#4225 = DIRECTION('',(0.,0.,1.));
#4226 = ADVANCED_FACE('',(#4227),#4233,.F.);
#4227 = FACE_BOUND('',#4228,.F.);
#4228 = EDGE_LOOP('',(#4229,#4230,#4231,#4232));
#4229 = ORIENTED_EDGE('',*,*,#2155,.F.);
#4230 = ORIENTED_EDGE('',*,*,#2141,.F.);
#4231 = ORIENTED_EDGE('',*,*,#2117,.T.);
#4232 = ORIENTED_EDGE('',*,*,#1664,.T.);
#4233 = PLANE('',#4234);
#4234 = AXIS2_PLACEMENT_3D('',#4235,#4236,#4237);
#4235 = CARTESIAN_POINT('',(4.5,-25.75,-13.5));
#4236 = DIRECTION('',(-0.,1.,0.));
#4237 = DIRECTION('',(0.,0.,1.));
#4238 = ADVANCED_FACE('',(#4239),#4250,.T.);
#4239 = FACE_BOUND('',#4240,.T.);
#4240 = EDGE_LOOP('',(#4241,#4247,#4248,#4249));
#4241 = ORIENTED_EDGE('',*,*,#4242,.F.);
#4242 = EDGE_CURVE('',#3411,#4191,#4243,.T.);
#4243 = LINE('',#4244,#4245);
#4244 = CARTESIAN_POINT('',(14.975,16.2,-12.26));
#4245 = VECTOR('',#4246,1.);
#4246 = DIRECTION('',(1.,0.,-0.));
#4247 = ORIENTED_EDGE('',*,*,#3410,.T.);
#4248 = ORIENTED_EDGE('',*,*,#1423,.F.);
#4249 = ORIENTED_EDGE('',*,*,#4190,.F.);
#4250 = PLANE('',#4251);
#4251 = AXIS2_PLACEMENT_3D('',#4252,#4253,#4254);
#4252 = CARTESIAN_POINT('',(14.975,16.2,-24.92));
#4253 = DIRECTION('',(-0.,1.,0.));
#4254 = DIRECTION('',(0.,0.,1.));
#4255 = ADVANCED_FACE('',(#4256),#4262,.T.);
#4256 = FACE_BOUND('',#4257,.T.);
#4257 = EDGE_LOOP('',(#4258,#4259,#4260,#4261));
#4258 = ORIENTED_EDGE('',*,*,#2075,.F.);
#4259 = ORIENTED_EDGE('',*,*,#2090,.T.);
#4260 = ORIENTED_EDGE('',*,*,#1641,.F.);
#4261 = ORIENTED_EDGE('',*,*,#2051,.F.);
#4262 = PLANE('',#4263);
#4263 = AXIS2_PLACEMENT_3D('',#4264,#4265,#4266);
#4264 = CARTESIAN_POINT('',(-7.2,-25.05,-12.51));
#4265 = DIRECTION('',(-0.,1.,0.));
#4266 = DIRECTION('',(0.,0.,1.));
#4267 = ADVANCED_FACE('',(#4268),#4286,.T.);
#4268 = FACE_BOUND('',#4269,.T.);
#4269 = EDGE_LOOP('',(#4270,#4271,#4279,#4285));
#4270 = ORIENTED_EDGE('',*,*,#3222,.F.);
#4271 = ORIENTED_EDGE('',*,*,#4272,.T.);
#4272 = EDGE_CURVE('',#3215,#4273,#4275,.T.);
#4273 = VERTEX_POINT('',#4274);
#4274 = CARTESIAN_POINT('',(7.,25.05,-12.49));
#4275 = LINE('',#4276,#4277);
#4276 = CARTESIAN_POINT('',(7.,23.65,-12.49));
#4277 = VECTOR('',#4278,1.);
#4278 = DIRECTION('',(-0.,1.,0.));
#4279 = ORIENTED_EDGE('',*,*,#4280,.T.);
#4280 = EDGE_CURVE('',#4273,#1457,#4281,.T.);
#4281 = LINE('',#4282,#4283);
#4282 = CARTESIAN_POINT('',(7.,25.05,-13.005));
#4283 = VECTOR('',#4284,1.);
#4284 = DIRECTION('',(0.,0.,1.));
#4285 = ORIENTED_EDGE('',*,*,#1456,.T.);
#4286 = PLANE('',#4287);
#4287 = AXIS2_PLACEMENT_3D('',#4288,#4289,#4290);
#4288 = CARTESIAN_POINT('',(7.,24.95,-13.5));
#4289 = DIRECTION('',(1.,0.,-0.));
#4290 = DIRECTION('',(0.,0.,1.));
#4291 = ADVANCED_FACE('',(#4292),#4310,.F.);
#4292 = FACE_BOUND('',#4293,.F.);
#4293 = EDGE_LOOP('',(#4294,#4302,#4303,#4304));
#4294 = ORIENTED_EDGE('',*,*,#4295,.F.);
#4295 = EDGE_CURVE('',#4273,#4296,#4298,.T.);
#4296 = VERTEX_POINT('',#4297);
#4297 = CARTESIAN_POINT('',(7.2,25.05,-12.49));
#4298 = LINE('',#4299,#4300);
#4299 = CARTESIAN_POINT('',(4.2,25.05,-12.49));
#4300 = VECTOR('',#4301,1.);
#4301 = DIRECTION('',(1.,0.,-0.));
#4302 = ORIENTED_EDGE('',*,*,#4280,.T.);
#4303 = ORIENTED_EDGE('',*,*,#1464,.F.);
#4304 = ORIENTED_EDGE('',*,*,#4305,.F.);
#4305 = EDGE_CURVE('',#4296,#1465,#4306,.T.);
#4306 = LINE('',#4307,#4308);
#4307 = CARTESIAN_POINT('',(7.2,25.05,-12.51));
#4308 = VECTOR('',#4309,1.);
#4309 = DIRECTION('',(0.,0.,1.));
#4310 = PLANE('',#4311);
#4311 = AXIS2_PLACEMENT_3D('',#4312,#4313,#4314);
#4312 = CARTESIAN_POINT('',(4.2,25.05,-12.51));
#4313 = DIRECTION('',(-0.,1.,0.));
#4314 = DIRECTION('',(0.,0.,1.));
#4315 = ADVANCED_FACE('',(#4316),#4322,.T.);
#4316 = FACE_BOUND('',#4317,.T.);
#4317 = EDGE_LOOP('',(#4318,#4319,#4320,#4321));
#4318 = ORIENTED_EDGE('',*,*,#2035,.T.);
#4319 = ORIENTED_EDGE('',*,*,#1625,.T.);
#4320 = ORIENTED_EDGE('',*,*,#1985,.F.);
#4321 = ORIENTED_EDGE('',*,*,#2010,.F.);
#4322 = PLANE('',#4323);
#4323 = AXIS2_PLACEMENT_3D('',#4324,#4325,#4326);
#4324 = CARTESIAN_POINT('',(-5.7,-27.45,-12.15));
#4325 = DIRECTION('',(-0.,-1.,-0.));
#4326 = DIRECTION('',(0.,0.,-1.));
#4327 = ADVANCED_FACE('',(#4328),#4353,.T.);
#4328 = FACE_BOUND('',#4329,.T.);
#4329 = EDGE_LOOP('',(#4330,#4331,#4337,#4338,#4346,#4352));
#4330 = ORIENTED_EDGE('',*,*,#4305,.F.);
#4331 = ORIENTED_EDGE('',*,*,#4332,.F.);
#4332 = EDGE_CURVE('',#3207,#4296,#4333,.T.);
#4333 = LINE('',#4334,#4335);
#4334 = CARTESIAN_POINT('',(7.2,23.85,-12.49));
#4335 = VECTOR('',#4336,1.);
#4336 = DIRECTION('',(-0.,1.,0.));
#4337 = ORIENTED_EDGE('',*,*,#3206,.T.);
#4338 = ORIENTED_EDGE('',*,*,#4339,.F.);
#4339 = EDGE_CURVE('',#4340,#3199,#4342,.T.);
#4340 = VERTEX_POINT('',#4341);
#4341 = CARTESIAN_POINT('',(7.2,27.45,-12.5));
#4342 = LINE('',#4343,#4344);
#4343 = CARTESIAN_POINT('',(7.2,-86.98944444444,-12.5));
#4344 = VECTOR('',#4345,1.);
#4345 = DIRECTION('',(0.,-1.,0.));
#4346 = ORIENTED_EDGE('',*,*,#4347,.T.);
#4347 = EDGE_CURVE('',#4340,#1473,#4348,.T.);
#4348 = LINE('',#4349,#4350);
#4349 = CARTESIAN_POINT('',(7.2,27.45,-15.3));
#4350 = VECTOR('',#4351,1.);
#4351 = DIRECTION('',(0.,0.,1.));
#4352 = ORIENTED_EDGE('',*,*,#1472,.F.);
#4353 = PLANE('',#4354);
#4354 = AXIS2_PLACEMENT_3D('',#4355,#4356,#4357);
#4355 = CARTESIAN_POINT('',(7.2,26.021111111111,-12.20191919191));
#4356 = DIRECTION('',(1.,0.,0.));
#4357 = DIRECTION('',(-0.,0.,1.));
#4358 = ADVANCED_FACE('',(#4359),#4377,.T.);
#4359 = FACE_BOUND('',#4360,.T.);
#4360 = EDGE_LOOP('',(#4361,#4362,#4370,#4376));
#4361 = ORIENTED_EDGE('',*,*,#4347,.F.);
#4362 = ORIENTED_EDGE('',*,*,#4363,.F.);
#4363 = EDGE_CURVE('',#4364,#4340,#4366,.T.);
#4364 = VERTEX_POINT('',#4365);
#4365 = CARTESIAN_POINT('',(4.2,27.45,-12.5));
#4366 = LINE('',#4367,#4368);
#4367 = CARTESIAN_POINT('',(-97.15,27.45,-12.5));
#4368 = VECTOR('',#4369,1.);
#4369 = DIRECTION('',(1.,0.,0.));
#4370 = ORIENTED_EDGE('',*,*,#4371,.T.);
#4371 = EDGE_CURVE('',#4364,#1481,#4372,.T.);
#4372 = LINE('',#4373,#4374);
#4373 = CARTESIAN_POINT('',(4.2,27.45,-15.3));
#4374 = VECTOR('',#4375,1.);
#4375 = DIRECTION('',(0.,0.,1.));
#4376 = ORIENTED_EDGE('',*,*,#1480,.F.);
#4377 = PLANE('',#4378);
#4378 = AXIS2_PLACEMENT_3D('',#4379,#4380,#4381);
#4379 = CARTESIAN_POINT('',(5.7,27.45,-12.15));
#4380 = DIRECTION('',(0.,1.,0.));
#4381 = DIRECTION('',(0.,-0.,1.));
#4382 = ADVANCED_FACE('',(#4383),#4389,.T.);
#4383 = FACE_BOUND('',#4384,.T.);
#4384 = EDGE_LOOP('',(#4385,#4386,#4387,#4388));
#4385 = ORIENTED_EDGE('',*,*,#1961,.F.);
#4386 = ORIENTED_EDGE('',*,*,#1992,.T.);
#4387 = ORIENTED_EDGE('',*,*,#1609,.F.);
#4388 = ORIENTED_EDGE('',*,*,#1929,.F.);
#4389 = PLANE('',#4390);
#4390 = AXIS2_PLACEMENT_3D('',#4391,#4392,#4393);
#4391 = CARTESIAN_POINT('',(-7.2,-25.05,-12.51));
#4392 = DIRECTION('',(-0.,1.,0.));
#4393 = DIRECTION('',(0.,0.,1.));
#4394 = ADVANCED_FACE('',(#4395),#4420,.T.);
#4395 = FACE_BOUND('',#4396,.T.);
#4396 = EDGE_LOOP('',(#4397,#4398,#4406,#4412,#4413,#4414));
#4397 = ORIENTED_EDGE('',*,*,#3190,.T.);
#4398 = ORIENTED_EDGE('',*,*,#4399,.T.);
#4399 = EDGE_CURVE('',#3183,#4400,#4402,.T.);
#4400 = VERTEX_POINT('',#4401);
#4401 = CARTESIAN_POINT('',(4.2,25.05,-12.49));
#4402 = LINE('',#4403,#4404);
#4403 = CARTESIAN_POINT('',(4.2,23.85,-12.49));
#4404 = VECTOR('',#4405,1.);
#4405 = DIRECTION('',(-0.,1.,0.));
#4406 = ORIENTED_EDGE('',*,*,#4407,.T.);
#4407 = EDGE_CURVE('',#4400,#1489,#4408,.T.);
#4408 = LINE('',#4409,#4410);
#4409 = CARTESIAN_POINT('',(4.2,25.05,-12.51));
#4410 = VECTOR('',#4411,1.);
#4411 = DIRECTION('',(0.,0.,1.));
#4412 = ORIENTED_EDGE('',*,*,#1488,.T.);
#4413 = ORIENTED_EDGE('',*,*,#4371,.F.);
#4414 = ORIENTED_EDGE('',*,*,#4415,.F.);
#4415 = EDGE_CURVE('',#3191,#4364,#4416,.T.);
#4416 = LINE('',#4417,#4418);
#4417 = CARTESIAN_POINT('',(4.2,-86.98944444444,-12.5));
#4418 = VECTOR('',#4419,1.);
#4419 = DIRECTION('',(0.,1.,0.));
#4420 = PLANE('',#4421);
#4421 = AXIS2_PLACEMENT_3D('',#4422,#4423,#4424);
#4422 = CARTESIAN_POINT('',(4.2,26.021111111111,-12.20191919191));
#4423 = DIRECTION('',(-1.,-0.,-0.));
#4424 = DIRECTION('',(0.,0.,-1.));
#4425 = ADVANCED_FACE('',(#4426),#4444,.F.);
#4426 = FACE_BOUND('',#4427,.F.);
#4427 = EDGE_LOOP('',(#4428,#4436,#4437,#4438));
#4428 = ORIENTED_EDGE('',*,*,#4429,.F.);
#4429 = EDGE_CURVE('',#4400,#4430,#4432,.T.);
#4430 = VERTEX_POINT('',#4431);
#4431 = CARTESIAN_POINT('',(4.5,25.05,-12.49));
#4432 = LINE('',#4433,#4434);
#4433 = CARTESIAN_POINT('',(4.2,25.05,-12.49));
#4434 = VECTOR('',#4435,1.);
#4435 = DIRECTION('',(1.,0.,-0.));
#4436 = ORIENTED_EDGE('',*,*,#4407,.T.);
#4437 = ORIENTED_EDGE('',*,*,#1496,.F.);
#4438 = ORIENTED_EDGE('',*,*,#4439,.F.);
#4439 = EDGE_CURVE('',#4430,#1497,#4440,.T.);
#4440 = LINE('',#4441,#4442);
#4441 = CARTESIAN_POINT('',(4.5,25.05,-13.005));
#4442 = VECTOR('',#4443,1.);
#4443 = DIRECTION('',(0.,0.,1.));
#4444 = PLANE('',#4445);
#4445 = AXIS2_PLACEMENT_3D('',#4446,#4447,#4448);
#4446 = CARTESIAN_POINT('',(4.2,25.05,-12.51));
#4447 = DIRECTION('',(-0.,1.,0.));
#4448 = DIRECTION('',(0.,0.,1.));
#4449 = ADVANCED_FACE('',(#4450),#4461,.F.);
#4450 = FACE_BOUND('',#4451,.F.);
#4451 = EDGE_LOOP('',(#4452,#4453,#4459,#4460));
#4452 = ORIENTED_EDGE('',*,*,#3174,.F.);
#4453 = ORIENTED_EDGE('',*,*,#4454,.T.);
#4454 = EDGE_CURVE('',#3175,#4430,#4455,.T.);
#4455 = LINE('',#4456,#4457);
#4456 = CARTESIAN_POINT('',(4.5,23.65,-12.49));
#4457 = VECTOR('',#4458,1.);
#4458 = DIRECTION('',(-0.,1.,0.));
#4459 = ORIENTED_EDGE('',*,*,#4439,.T.);
#4460 = ORIENTED_EDGE('',*,*,#1504,.T.);
#4461 = PLANE('',#4462);
#4462 = AXIS2_PLACEMENT_3D('',#4463,#4464,#4465);
#4463 = CARTESIAN_POINT('',(4.5,24.95,-13.5));
#4464 = DIRECTION('',(1.,0.,-0.));
#4465 = DIRECTION('',(0.,0.,1.));
#4466 = ADVANCED_FACE('',(#4467),#4485,.T.);
#4467 = FACE_BOUND('',#4468,.T.);
#4468 = EDGE_LOOP('',(#4469,#4470,#4478,#4484));
#4469 = ORIENTED_EDGE('',*,*,#3167,.F.);
#4470 = ORIENTED_EDGE('',*,*,#4471,.F.);
#4471 = EDGE_CURVE('',#4472,#3160,#4474,.T.);
#4472 = VERTEX_POINT('',#4473);
#4473 = CARTESIAN_POINT('',(-4.5,25.75,-12.5));
#4474 = LINE('',#4475,#4476);
#4475 = CARTESIAN_POINT('',(-4.5,-87.43268939393,-12.5));
#4476 = VECTOR('',#4477,1.);
#4477 = DIRECTION('',(0.,-1.,0.));
#4478 = ORIENTED_EDGE('',*,*,#4479,.T.);
#4479 = EDGE_CURVE('',#4472,#1521,#4480,.T.);
#4480 = LINE('',#4481,#4482);
#4481 = CARTESIAN_POINT('',(-4.5,25.75,-13.5));
#4482 = VECTOR('',#4483,1.);
#4483 = DIRECTION('',(0.,0.,1.));
#4484 = ORIENTED_EDGE('',*,*,#1520,.T.);
#4485 = PLANE('',#4486);
#4486 = AXIS2_PLACEMENT_3D('',#4487,#4488,#4489);
#4487 = CARTESIAN_POINT('',(-4.5,25.134621212121,-11.5028030303));
#4488 = DIRECTION('',(1.,0.,0.));
#4489 = DIRECTION('',(-0.,0.,1.));
#4490 = ADVANCED_FACE('',(#4491),#4509,.T.);
#4491 = FACE_BOUND('',#4492,.T.);
#4492 = EDGE_LOOP('',(#4493,#4501,#4502,#4503));
#4493 = ORIENTED_EDGE('',*,*,#4494,.F.);
#4494 = EDGE_CURVE('',#3024,#4495,#4497,.T.);
#4495 = VERTEX_POINT('',#4496);
#4496 = CARTESIAN_POINT('',(-16.2,-10.,-12.5));
#4497 = LINE('',#4498,#4499);
#4498 = CARTESIAN_POINT('',(-107.6960027472,-10.,-12.5));
#4499 = VECTOR('',#4500,1.);
#4500 = DIRECTION('',(-1.,0.,0.));
#4501 = ORIENTED_EDGE('',*,*,#3023,.T.);
#4502 = ORIENTED_EDGE('',*,*,#1585,.F.);
#4503 = ORIENTED_EDGE('',*,*,#4504,.F.);
#4504 = EDGE_CURVE('',#4495,#1578,#4505,.T.);
#4505 = LINE('',#4506,#4507);
#4506 = CARTESIAN_POINT('',(-16.2,-10.,-12.51));
#4507 = VECTOR('',#4508,1.);
#4508 = DIRECTION('',(0.,0.,1.));
#4509 = PLANE('',#4510);
#4510 = AXIS2_PLACEMENT_3D('',#4511,#4512,#4513);
#4511 = CARTESIAN_POINT('',(-15.3920054945,-10.,-11.45798534798));
#4512 = DIRECTION('',(-0.,-1.,-0.));
#4513 = DIRECTION('',(0.,0.,-1.));
#4514 = ADVANCED_FACE('',(#4515),#4533,.T.);
#4515 = FACE_BOUND('',#4516,.T.);
#4516 = EDGE_LOOP('',(#4517,#4518,#4526,#4532));
#4517 = ORIENTED_EDGE('',*,*,#4479,.F.);
#4518 = ORIENTED_EDGE('',*,*,#4519,.F.);
#4519 = EDGE_CURVE('',#4520,#4472,#4522,.T.);
#4520 = VERTEX_POINT('',#4521);
#4521 = CARTESIAN_POINT('',(-7.,25.75,-12.5));
#4522 = LINE('',#4523,#4524);
#4523 = CARTESIAN_POINT('',(-103.5,25.75,-12.5));
#4524 = VECTOR('',#4525,1.);
#4525 = DIRECTION('',(1.,0.,-0.));
#4526 = ORIENTED_EDGE('',*,*,#4527,.T.);
#4527 = EDGE_CURVE('',#4520,#1529,#4528,.T.);
#4528 = LINE('',#4529,#4530);
#4529 = CARTESIAN_POINT('',(-7.,25.75,-13.5));
#4530 = VECTOR('',#4531,1.);
#4531 = DIRECTION('',(0.,0.,1.));
#4532 = ORIENTED_EDGE('',*,*,#1528,.T.);
#4533 = PLANE('',#4534);
#4534 = AXIS2_PLACEMENT_3D('',#4535,#4536,#4537);
#4535 = CARTESIAN_POINT('',(-7.,25.75,-13.5));
#4536 = DIRECTION('',(-0.,1.,0.));
#4537 = DIRECTION('',(0.,0.,1.));
#4538 = ADVANCED_FACE('',(#4539),#4557,.T.);
#4539 = FACE_BOUND('',#4540,.T.);
#4540 = EDGE_LOOP('',(#4541,#4549,#4550,#4551));
#4541 = ORIENTED_EDGE('',*,*,#4542,.F.);
#4542 = EDGE_CURVE('',#4495,#4543,#4545,.T.);
#4543 = VERTEX_POINT('',#4544);
#4544 = CARTESIAN_POINT('',(-16.2,3.5,-12.5));
#4545 = LINE('',#4546,#4547);
#4546 = CARTESIAN_POINT('',(-16.2,3.2,-12.5));
#4547 = VECTOR('',#4548,1.);
#4548 = DIRECTION('',(0.,1.,0.));
#4549 = ORIENTED_EDGE('',*,*,#4504,.T.);
#4550 = ORIENTED_EDGE('',*,*,#1577,.F.);
#4551 = ORIENTED_EDGE('',*,*,#4552,.F.);
#4552 = EDGE_CURVE('',#4543,#1570,#4553,.T.);
#4553 = LINE('',#4554,#4555);
#4554 = CARTESIAN_POINT('',(-16.2,3.5,-13.5));
#4555 = VECTOR('',#4556,1.);
#4556 = DIRECTION('',(0.,0.,1.));
#4557 = PLANE('',#4558);
#4558 = AXIS2_PLACEMENT_3D('',#4559,#4560,#4561);
#4559 = CARTESIAN_POINT('',(-16.2,-3.25,-11.25));
#4560 = DIRECTION('',(-1.,-0.,-0.));
#4561 = DIRECTION('',(0.,0.,-1.));
#4562 = ADVANCED_FACE('',(#4563),#4574,.T.);
#4563 = FACE_BOUND('',#4564,.T.);
#4564 = EDGE_LOOP('',(#4565,#4571,#4572,#4573));
#4565 = ORIENTED_EDGE('',*,*,#4566,.F.);
#4566 = EDGE_CURVE('',#3152,#4520,#4567,.T.);
#4567 = LINE('',#4568,#4569);
#4568 = CARTESIAN_POINT('',(-7.,-87.43268939393,-12.5));
#4569 = VECTOR('',#4570,1.);
#4570 = DIRECTION('',(0.,1.,0.));
#4571 = ORIENTED_EDGE('',*,*,#3151,.T.);
#4572 = ORIENTED_EDGE('',*,*,#1536,.F.);
#4573 = ORIENTED_EDGE('',*,*,#4527,.F.);
#4574 = PLANE('',#4575);
#4575 = AXIS2_PLACEMENT_3D('',#4576,#4577,#4578);
#4576 = CARTESIAN_POINT('',(-7.,25.134621212121,-11.5028030303));
#4577 = DIRECTION('',(-1.,-0.,-0.));
#4578 = DIRECTION('',(0.,0.,-1.));
#4579 = ADVANCED_FACE('',(#4580),#4591,.T.);
#4580 = FACE_BOUND('',#4581,.T.);
#4581 = EDGE_LOOP('',(#4582,#4583,#4589,#4590));
#4582 = ORIENTED_EDGE('',*,*,#3039,.F.);
#4583 = ORIENTED_EDGE('',*,*,#4584,.F.);
#4584 = EDGE_CURVE('',#4543,#3032,#4585,.T.);
#4585 = LINE('',#4586,#4587);
#4586 = CARTESIAN_POINT('',(-17.37600274725,3.5,-12.5));
#4587 = VECTOR('',#4588,1.);
#4588 = DIRECTION('',(1.,0.,0.));
#4589 = ORIENTED_EDGE('',*,*,#4552,.T.);
#4590 = ORIENTED_EDGE('',*,*,#1569,.T.);
#4591 = PLANE('',#4592);
#4592 = AXIS2_PLACEMENT_3D('',#4593,#4594,#4595);
#4593 = CARTESIAN_POINT('',(-15.3920054945,3.5,-11.45798534798));
#4594 = DIRECTION('',(0.,1.,0.));
#4595 = DIRECTION('',(0.,-0.,1.));
#4596 = ADVANCED_FACE('',(#4597),#4608,.T.);
#4597 = FACE_BOUND('',#4598,.T.);
#4598 = EDGE_LOOP('',(#4599,#4600,#4601,#4602));
#4599 = ORIENTED_EDGE('',*,*,#2934,.F.);
#4600 = ORIENTED_EDGE('',*,*,#1776,.T.);
#4601 = ORIENTED_EDGE('',*,*,#2989,.T.);
#4602 = ORIENTED_EDGE('',*,*,#4603,.T.);
#4603 = EDGE_CURVE('',#2990,#2935,#4604,.T.);
#4604 = LINE('',#4605,#4606);
#4605 = CARTESIAN_POINT('',(-112.25625,2.25,-7.8));
#4606 = VECTOR('',#4607,1.);
#4607 = DIRECTION('',(1.,0.,-0.));
#4608 = PLANE('',#4609);
#4609 = AXIS2_PLACEMENT_3D('',#4610,#4611,#4612);
#4610 = CARTESIAN_POINT('',(-24.5125,2.25,-10.));
#4611 = DIRECTION('',(-0.,1.,0.));
#4612 = DIRECTION('',(0.,0.,1.));
#4613 = ADVANCED_FACE('',(#4614),#4625,.F.);
#4614 = FACE_BOUND('',#4615,.F.);
#4615 = EDGE_LOOP('',(#4616,#4617,#4618,#4619));
#4616 = ORIENTED_EDGE('',*,*,#2223,.F.);
#4617 = ORIENTED_EDGE('',*,*,#1810,.T.);
#4618 = ORIENTED_EDGE('',*,*,#2497,.T.);
#4619 = ORIENTED_EDGE('',*,*,#4620,.T.);
#4620 = EDGE_CURVE('',#2498,#2216,#4621,.T.);
#4621 = LINE('',#4622,#4623);
#4622 = CARTESIAN_POINT('',(-28.2,-4.5,-8.3));
#4623 = VECTOR('',#4624,1.);
#4624 = DIRECTION('',(0.,-1.,0.));
#4625 = PLANE('',#4626);
#4626 = AXIS2_PLACEMENT_3D('',#4627,#4628,#4629);
#4627 = CARTESIAN_POINT('',(-28.2,-4.5,-10.));
#4628 = DIRECTION('',(1.,0.,-0.));
#4629 = DIRECTION('',(0.,0.,1.));
#4630 = ADVANCED_FACE('',(#4631),#4642,.T.);
#4631 = FACE_BOUND('',#4632,.T.);
#4632 = EDGE_LOOP('',(#4633,#4634,#4635,#4636));
#4633 = ORIENTED_EDGE('',*,*,#2230,.F.);
#4634 = ORIENTED_EDGE('',*,*,#1828,.T.);
#4635 = ORIENTED_EDGE('',*,*,#2490,.T.);
#4636 = ORIENTED_EDGE('',*,*,#4637,.T.);
#4637 = EDGE_CURVE('',#2483,#2231,#4638,.T.);
#4638 = LINE('',#4639,#4640);
#4639 = CARTESIAN_POINT('',(-31.8,-4.5,-8.3));
#4640 = VECTOR('',#4641,1.);
#4641 = DIRECTION('',(0.,-1.,0.));
#4642 = PLANE('',#4643);
#4643 = AXIS2_PLACEMENT_3D('',#4644,#4645,#4646);
#4644 = CARTESIAN_POINT('',(-31.8,-4.5,-10.));
#4645 = DIRECTION('',(1.,0.,-0.));
#4646 = DIRECTION('',(0.,0.,1.));
#4647 = ADVANCED_FACE('',(#4648),#4667,.T.);
#4648 = FACE_BOUND('',#4649,.T.);
#4649 = EDGE_LOOP('',(#4650,#4658,#4665,#4666));
#4650 = ORIENTED_EDGE('',*,*,#4651,.F.);
#4651 = EDGE_CURVE('',#4652,#1845,#4654,.T.);
#4652 = VERTEX_POINT('',#4653);
#4653 = CARTESIAN_POINT('',(-18.3625,9.6,-12.5));
#4654 = LINE('',#4655,#4656);
#4655 = CARTESIAN_POINT('',(-18.3625,9.6,-17.4));
#4656 = VECTOR('',#4657,1.);
#4657 = DIRECTION('',(0.,0.,1.));
#4658 = ORIENTED_EDGE('',*,*,#4659,.T.);
#4659 = EDGE_CURVE('',#4652,#4652,#4660,.T.);
#4660 = CIRCLE('',#4661,1.8);
#4661 = AXIS2_PLACEMENT_3D('',#4662,#4663,#4664);
#4662 = CARTESIAN_POINT('',(-20.1625,9.6,-12.5));
#4663 = DIRECTION('',(0.,0.,1.));
#4664 = DIRECTION('',(1.,0.,-0.));
#4665 = ORIENTED_EDGE('',*,*,#4651,.T.);
#4666 = ORIENTED_EDGE('',*,*,#1844,.F.);
#4667 = CYLINDRICAL_SURFACE('',#4668,1.8);
#4668 = AXIS2_PLACEMENT_3D('',#4669,#4670,#4671);
#4669 = CARTESIAN_POINT('',(-20.1625,9.6,-17.4));
#4670 = DIRECTION('',(0.,0.,1.));
#4671 = DIRECTION('',(1.,0.,-0.));
#4672 = ADVANCED_FACE('',(#4673),#4698,.T.);
#4673 = FACE_BOUND('',#4674,.T.);
#4674 = EDGE_LOOP('',(#4675,#4676,#4684,#4692));
#4675 = ORIENTED_EDGE('',*,*,#1855,.F.);
#4676 = ORIENTED_EDGE('',*,*,#4677,.F.);
#4677 = EDGE_CURVE('',#4678,#1856,#4680,.T.);
#4678 = VERTEX_POINT('',#4679);
#4679 = CARTESIAN_POINT('',(-16.2,17.5,-12.5));
#4680 = LINE('',#4681,#4682);
#4681 = CARTESIAN_POINT('',(-16.2,17.5,-12.51));
#4682 = VECTOR('',#4683,1.);
#4683 = DIRECTION('',(0.,0.,1.));
#4684 = ORIENTED_EDGE('',*,*,#4685,.F.);
#4685 = EDGE_CURVE('',#4686,#4678,#4688,.T.);
#4686 = VERTEX_POINT('',#4687);
#4687 = CARTESIAN_POINT('',(-16.2,16.2,-12.5));
#4688 = LINE('',#4689,#4690);
#4689 = CARTESIAN_POINT('',(-16.2,-91.575,-12.5));
#4690 = VECTOR('',#4691,1.);
#4691 = DIRECTION('',(0.,1.,0.));
#4692 = ORIENTED_EDGE('',*,*,#4693,.T.);
#4693 = EDGE_CURVE('',#4686,#1858,#4694,.T.);
#4694 = LINE('',#4695,#4696);
#4695 = CARTESIAN_POINT('',(-16.2,16.2,-13.5));
#4696 = VECTOR('',#4697,1.);
#4697 = DIRECTION('',(0.,0.,1.));
#4698 = PLANE('',#4699);
#4699 = AXIS2_PLACEMENT_3D('',#4700,#4701,#4702);
#4700 = CARTESIAN_POINT('',(-16.2,16.85,-11.25));
#4701 = DIRECTION('',(-1.,-0.,-0.));
#4702 = DIRECTION('',(0.,0.,-1.));
#4703 = ADVANCED_FACE('',(#4704),#4738,.T.);
#4704 = FACE_BOUND('',#4705,.T.);
#4705 = EDGE_LOOP('',(#4706,#4714,#4722,#4730,#4736,#4737));
#4706 = ORIENTED_EDGE('',*,*,#4707,.F.);
#4707 = EDGE_CURVE('',#4708,#1874,#4710,.T.);
#4708 = VERTEX_POINT('',#4709);
#4709 = CARTESIAN_POINT('',(-15.325,17.5,-12.49));
#4710 = LINE('',#4711,#4712);
#4711 = CARTESIAN_POINT('',(-15.325,17.5,-12.51));
#4712 = VECTOR('',#4713,1.);
#4713 = DIRECTION('',(0.,0.,1.));
#4714 = ORIENTED_EDGE('',*,*,#4715,.T.);
#4715 = EDGE_CURVE('',#4708,#4716,#4718,.T.);
#4716 = VERTEX_POINT('',#4717);
#4717 = CARTESIAN_POINT('',(-14.975,17.5,-12.49));
#4718 = LINE('',#4719,#4720);
#4719 = CARTESIAN_POINT('',(-16.2,17.5,-12.49));
#4720 = VECTOR('',#4721,1.);
#4721 = DIRECTION('',(1.,0.,-0.));
#4722 = ORIENTED_EDGE('',*,*,#4723,.F.);
#4723 = EDGE_CURVE('',#4724,#4716,#4726,.T.);
#4724 = VERTEX_POINT('',#4725);
#4725 = CARTESIAN_POINT('',(-14.975,17.5,-12.5));
#4726 = LINE('',#4727,#4728);
#4727 = CARTESIAN_POINT('',(-14.975,17.5,-14.125));
#4728 = VECTOR('',#4729,1.);
#4729 = DIRECTION('',(0.,0.,1.));
#4730 = ORIENTED_EDGE('',*,*,#4731,.F.);
#4731 = EDGE_CURVE('',#4678,#4724,#4732,.T.);
#4732 = LINE('',#4733,#4734);
#4733 = CARTESIAN_POINT('',(-107.5324043775,17.5,-12.5));
#4734 = VECTOR('',#4735,1.);
#4735 = DIRECTION('',(1.,0.,0.));
#4736 = ORIENTED_EDGE('',*,*,#4677,.T.);
#4737 = ORIENTED_EDGE('',*,*,#1881,.T.);
#4738 = PLANE('',#4739);
#4739 = AXIS2_PLACEMENT_3D('',#4740,#4741,#4742);
#4740 = CARTESIAN_POINT('',(-15.06480875505,17.5,-12.5374464696));
#4741 = DIRECTION('',(0.,1.,0.));
#4742 = DIRECTION('',(0.,-0.,1.));
#4743 = ADVANCED_FACE('',(#4744),#4778,.T.);
#4744 = FACE_BOUND('',#4745,.T.);
#4745 = EDGE_LOOP('',(#4746,#4756,#4762,#4763,#4764,#4772));
#4746 = ORIENTED_EDGE('',*,*,#4747,.F.);
#4747 = EDGE_CURVE('',#4748,#4750,#4752,.T.);
#4748 = VERTEX_POINT('',#4749);
#4749 = CARTESIAN_POINT('',(-15.325,16.2,-12.49));
#4750 = VERTEX_POINT('',#4751);
#4751 = CARTESIAN_POINT('',(-14.975,16.2,-12.49));
#4752 = LINE('',#4753,#4754);
#4753 = CARTESIAN_POINT('',(-16.2,16.2,-12.49));
#4754 = VECTOR('',#4755,1.);
#4755 = DIRECTION('',(1.,0.,-0.));
#4756 = ORIENTED_EDGE('',*,*,#4757,.T.);
#4757 = EDGE_CURVE('',#4748,#1866,#4758,.T.);
#4758 = LINE('',#4759,#4760);
#4759 = CARTESIAN_POINT('',(-15.325,16.2,-12.51));
#4760 = VECTOR('',#4761,1.);
#4761 = DIRECTION('',(0.,0.,1.));
#4762 = ORIENTED_EDGE('',*,*,#1865,.F.);
#4763 = ORIENTED_EDGE('',*,*,#4693,.F.);
#4764 = ORIENTED_EDGE('',*,*,#4765,.F.);
#4765 = EDGE_CURVE('',#4766,#4686,#4768,.T.);
#4766 = VERTEX_POINT('',#4767);
#4767 = CARTESIAN_POINT('',(-14.975,16.2,-12.5));
#4768 = LINE('',#4769,#4770);
#4769 = CARTESIAN_POINT('',(-17.42074633699,16.2,-12.5));
#4770 = VECTOR('',#4771,1.);
#4771 = DIRECTION('',(-1.,0.,0.));
#4772 = ORIENTED_EDGE('',*,*,#4773,.T.);
#4773 = EDGE_CURVE('',#4766,#4750,#4774,.T.);
#4774 = LINE('',#4775,#4776);
#4775 = CARTESIAN_POINT('',(-14.975,16.2,-12.02373626373));
#4776 = VECTOR('',#4777,1.);
#4777 = DIRECTION('',(0.,-0.,1.));
#4778 = PLANE('',#4779);
#4779 = AXIS2_PLACEMENT_3D('',#4780,#4781,#4782);
#4780 = CARTESIAN_POINT('',(-15.48149267399,16.2,-11.54747252747));
#4781 = DIRECTION('',(-0.,-1.,-0.));
#4782 = DIRECTION('',(0.,0.,-1.));
#4783 = ADVANCED_FACE('',(#4784),#4795,.T.);
#4784 = FACE_BOUND('',#4785,.T.);
#4785 = EDGE_LOOP('',(#4786,#4787,#4793,#4794));
#4786 = ORIENTED_EDGE('',*,*,#4757,.F.);
#4787 = ORIENTED_EDGE('',*,*,#4788,.F.);
#4788 = EDGE_CURVE('',#4708,#4748,#4789,.T.);
#4789 = LINE('',#4790,#4791);
#4790 = CARTESIAN_POINT('',(-15.325,16.2,-12.49));
#4791 = VECTOR('',#4792,1.);
#4792 = DIRECTION('',(0.,-1.,0.));
#4793 = ORIENTED_EDGE('',*,*,#4707,.T.);
#4794 = ORIENTED_EDGE('',*,*,#1873,.T.);
#4795 = PLANE('',#4796);
#4796 = AXIS2_PLACEMENT_3D('',#4797,#4798,#4799);
#4797 = CARTESIAN_POINT('',(-15.325,16.2,-12.51));
#4798 = DIRECTION('',(1.,0.,-0.));
#4799 = DIRECTION('',(0.,0.,1.));
#4800 = ADVANCED_FACE('',(#4801),#4817,.T.);
#4801 = FACE_BOUND('',#4802,.T.);
#4802 = EDGE_LOOP('',(#4803,#4809,#4810,#4816));
#4803 = ORIENTED_EDGE('',*,*,#4804,.F.);
#4804 = EDGE_CURVE('',#1890,#326,#4805,.T.);
#4805 = LINE('',#4806,#4807);
#4806 = CARTESIAN_POINT('',(-17.9,16.2,-10.));
#4807 = VECTOR('',#4808,1.);
#4808 = DIRECTION('',(0.,0.,1.));
#4809 = ORIENTED_EDGE('',*,*,#1889,.T.);
#4810 = ORIENTED_EDGE('',*,*,#4811,.T.);
#4811 = EDGE_CURVE('',#1892,#324,#4812,.T.);
#4812 = LINE('',#4813,#4814);
#4813 = CARTESIAN_POINT('',(-19.5,16.2,-10.));
#4814 = VECTOR('',#4815,1.);
#4815 = DIRECTION('',(0.,0.,1.));
#4816 = ORIENTED_EDGE('',*,*,#323,.T.);
#4817 = PLANE('',#4818);
#4818 = AXIS2_PLACEMENT_3D('',#4819,#4820,#4821);
#4819 = CARTESIAN_POINT('',(-19.5,16.2,-10.));
#4820 = DIRECTION('',(-0.,1.,0.));
#4821 = DIRECTION('',(0.,0.,1.));
#4822 = ADVANCED_FACE('',(#4823),#4834,.F.);
#4823 = FACE_BOUND('',#4824,.F.);
#4824 = EDGE_LOOP('',(#4825,#4826,#4827,#4833));
#4825 = ORIENTED_EDGE('',*,*,#4804,.F.);
#4826 = ORIENTED_EDGE('',*,*,#1899,.T.);
#4827 = ORIENTED_EDGE('',*,*,#4828,.T.);
#4828 = EDGE_CURVE('',#1900,#342,#4829,.T.);
#4829 = LINE('',#4830,#4831);
#4830 = CARTESIAN_POINT('',(-17.9,18.8,-10.));
#4831 = VECTOR('',#4832,1.);
#4832 = DIRECTION('',(0.,0.,1.));
#4833 = ORIENTED_EDGE('',*,*,#349,.T.);
#4834 = PLANE('',#4835);
#4835 = AXIS2_PLACEMENT_3D('',#4836,#4837,#4838);
#4836 = CARTESIAN_POINT('',(-17.9,16.2,-10.));
#4837 = DIRECTION('',(1.,0.,-0.));
#4838 = DIRECTION('',(0.,0.,1.));
#4839 = ADVANCED_FACE('',(#4840),#4851,.T.);
#4840 = FACE_BOUND('',#4841,.T.);
#4841 = EDGE_LOOP('',(#4842,#4843,#4844,#4850));
#4842 = ORIENTED_EDGE('',*,*,#4811,.F.);
#4843 = ORIENTED_EDGE('',*,*,#1915,.T.);
#4844 = ORIENTED_EDGE('',*,*,#4845,.T.);
#4845 = EDGE_CURVE('',#1908,#334,#4846,.T.);
#4846 = LINE('',#4847,#4848);
#4847 = CARTESIAN_POINT('',(-19.5,18.8,-10.));
#4848 = VECTOR('',#4849,1.);
#4849 = DIRECTION('',(0.,0.,1.));
#4850 = ORIENTED_EDGE('',*,*,#333,.T.);
#4851 = PLANE('',#4852);
#4852 = AXIS2_PLACEMENT_3D('',#4853,#4854,#4855);
#4853 = CARTESIAN_POINT('',(-19.5,16.2,-10.));
#4854 = DIRECTION('',(1.,0.,-0.));
#4855 = DIRECTION('',(0.,0.,1.));
#4856 = ADVANCED_FACE('',(#4857),#4863,.F.);
#4857 = FACE_BOUND('',#4858,.F.);
#4858 = EDGE_LOOP('',(#4859,#4860,#4861,#4862));
#4859 = ORIENTED_EDGE('',*,*,#4828,.F.);
#4860 = ORIENTED_EDGE('',*,*,#1907,.T.);
#4861 = ORIENTED_EDGE('',*,*,#4845,.T.);
#4862 = ORIENTED_EDGE('',*,*,#341,.T.);
#4863 = PLANE('',#4864);
#4864 = AXIS2_PLACEMENT_3D('',#4865,#4866,#4867);
#4865 = CARTESIAN_POINT('',(-19.5,18.8,-10.));
#4866 = DIRECTION('',(-0.,1.,0.));
#4867 = DIRECTION('',(0.,0.,1.));
#4868 = ADVANCED_FACE('',(#4869),#4875,.T.);
#4869 = FACE_BOUND('',#4870,.T.);
#4870 = EDGE_LOOP('',(#4871,#4872,#4873,#4874));
#4871 = ORIENTED_EDGE('',*,*,#2482,.F.);
#4872 = ORIENTED_EDGE('',*,*,#2285,.T.);
#4873 = ORIENTED_EDGE('',*,*,#2238,.T.);
#4874 = ORIENTED_EDGE('',*,*,#4637,.F.);
#4875 = PLANE('',#4876);
#4876 = AXIS2_PLACEMENT_3D('',#4877,#4878,#4879);
#4877 = CARTESIAN_POINT('',(-36.5,-4.5,-8.3));
#4878 = DIRECTION('',(0.,0.,1.));
#4879 = DIRECTION('',(1.,0.,-0.));
#4880 = ADVANCED_FACE('',(#4881),#4887,.T.);
#4881 = FACE_BOUND('',#4882,.T.);
#4882 = EDGE_LOOP('',(#4883,#4884,#4885,#4886));
#4883 = ORIENTED_EDGE('',*,*,#2505,.F.);
#4884 = ORIENTED_EDGE('',*,*,#4620,.T.);
#4885 = ORIENTED_EDGE('',*,*,#2215,.T.);
#4886 = ORIENTED_EDGE('',*,*,#2389,.T.);
#4887 = PLANE('',#4888);
#4888 = AXIS2_PLACEMENT_3D('',#4889,#4890,#4891);
#4889 = CARTESIAN_POINT('',(-36.5,-4.5,-8.3));
#4890 = DIRECTION('',(0.,0.,1.));
#4891 = DIRECTION('',(1.,0.,-0.));
#4892 = ADVANCED_FACE('',(#4893),#4899,.T.);
#4893 = FACE_BOUND('',#4894,.T.);
#4894 = EDGE_LOOP('',(#4895,#4896,#4897,#4898));
#4895 = ORIENTED_EDGE('',*,*,#2660,.F.);
#4896 = ORIENTED_EDGE('',*,*,#3680,.T.);
#4897 = ORIENTED_EDGE('',*,*,#2529,.T.);
#4898 = ORIENTED_EDGE('',*,*,#2437,.T.);
#4899 = PLANE('',#4900);
#4900 = AXIS2_PLACEMENT_3D('',#4901,#4902,#4903);
#4901 = CARTESIAN_POINT('',(25.4,-4.5,-8.3));
#4902 = DIRECTION('',(0.,0.,1.));
#4903 = DIRECTION('',(1.,0.,-0.));
#4904 = ADVANCED_FACE('',(#4905),#4911,.T.);
#4905 = FACE_BOUND('',#4906,.T.);
#4906 = EDGE_LOOP('',(#4907,#4908,#4909,#4910));
#4907 = ORIENTED_EDGE('',*,*,#2637,.F.);
#4908 = ORIENTED_EDGE('',*,*,#2575,.F.);
#4909 = ORIENTED_EDGE('',*,*,#2552,.T.);
#4910 = ORIENTED_EDGE('',*,*,#3663,.F.);
#4911 = PLANE('',#4912);
#4912 = AXIS2_PLACEMENT_3D('',#4913,#4914,#4915);
#4913 = CARTESIAN_POINT('',(25.4,-4.5,-8.3));
#4914 = DIRECTION('',(0.,0.,1.));
#4915 = DIRECTION('',(1.,0.,-0.));
#4916 = ADVANCED_FACE('',(#4917),#4923,.F.);
#4917 = FACE_BOUND('',#4918,.F.);
#4918 = EDGE_LOOP('',(#4919,#4920,#4921,#4922));
#4919 = ORIENTED_EDGE('',*,*,#4494,.F.);
#4920 = ORIENTED_EDGE('',*,*,#3031,.F.);
#4921 = ORIENTED_EDGE('',*,*,#4584,.F.);
#4922 = ORIENTED_EDGE('',*,*,#4542,.F.);
#4923 = PLANE('',#4924);
#4924 = AXIS2_PLACEMENT_3D('',#4925,#4926,#4927);
#4925 = CARTESIAN_POINT('',(-200.,-200.,-12.5));
#4926 = DIRECTION('',(0.,0.,1.));
#4927 = DIRECTION('',(1.,0.,-0.));
#4928 = ADVANCED_FACE('',(#4929),#4935,.T.);
#4929 = FACE_BOUND('',#4930,.T.);
#4930 = EDGE_LOOP('',(#4931,#4932,#4933,#4934));
#4931 = ORIENTED_EDGE('',*,*,#3092,.T.);
#4932 = ORIENTED_EDGE('',*,*,#4010,.T.);
#4933 = ORIENTED_EDGE('',*,*,#4050,.F.);
#4934 = ORIENTED_EDGE('',*,*,#4090,.F.);
#4935 = PLANE('',#4936);
#4936 = AXIS2_PLACEMENT_3D('',#4937,#4938,#4939);
#4937 = CARTESIAN_POINT('',(14.553333333333,-16.39666666666,-12.49));
#4938 = DIRECTION('',(0.,0.,1.));
#4939 = DIRECTION('',(1.,0.,-0.));
#4940 = ADVANCED_FACE('',(#4941),#4949,.F.);
#4941 = FACE_BOUND('',#4942,.F.);
#4942 = EDGE_LOOP('',(#4943,#4944,#4945,#4946,#4947,#4948));
#4943 = ORIENTED_EDGE('',*,*,#3076,.F.);
#4944 = ORIENTED_EDGE('',*,*,#4017,.F.);
#4945 = ORIENTED_EDGE('',*,*,#3947,.F.);
#4946 = ORIENTED_EDGE('',*,*,#3758,.F.);
#4947 = ORIENTED_EDGE('',*,*,#3702,.F.);
#4948 = ORIENTED_EDGE('',*,*,#3267,.F.);
#4949 = PLANE('',#4950);
#4950 = AXIS2_PLACEMENT_3D('',#4951,#4952,#4953);
#4951 = CARTESIAN_POINT('',(-200.,-200.,-12.5));
#4952 = DIRECTION('',(0.,0.,1.));
#4953 = DIRECTION('',(1.,0.,-0.));
#4954 = ADVANCED_FACE('',(#4955),#4961,.T.);
#4955 = FACE_BOUND('',#4956,.T.);
#4956 = EDGE_LOOP('',(#4957,#4958,#4959,#4960));
#4957 = ORIENTED_EDGE('',*,*,#4272,.F.);
#4958 = ORIENTED_EDGE('',*,*,#3214,.T.);
#4959 = ORIENTED_EDGE('',*,*,#4332,.T.);
#4960 = ORIENTED_EDGE('',*,*,#4295,.F.);
#4961 = PLANE('',#4962);
#4962 = AXIS2_PLACEMENT_3D('',#4963,#4964,#4965);
#4963 = CARTESIAN_POINT('',(5.703333333333,24.347777777778,-12.49));
#4964 = DIRECTION('',(0.,0.,1.));
#4965 = DIRECTION('',(1.,0.,-0.));
#4966 = ADVANCED_FACE('',(#4967,#4973),#4976,.F.);
#4967 = FACE_BOUND('',#4968,.F.);
#4968 = EDGE_LOOP('',(#4969,#4970,#4971,#4972));
#4969 = ORIENTED_EDGE('',*,*,#3198,.F.);
#4970 = ORIENTED_EDGE('',*,*,#4339,.F.);
#4971 = ORIENTED_EDGE('',*,*,#4363,.F.);
#4972 = ORIENTED_EDGE('',*,*,#4415,.F.);
#4973 = FACE_BOUND('',#4974,.F.);
#4974 = EDGE_LOOP('',(#4975));
#4975 = ORIENTED_EDGE('',*,*,#91,.F.);
#4976 = PLANE('',#4977);
#4977 = AXIS2_PLACEMENT_3D('',#4978,#4979,#4980);
#4978 = CARTESIAN_POINT('',(-200.,-200.,-12.5));
#4979 = DIRECTION('',(0.,0.,1.));
#4980 = DIRECTION('',(1.,0.,-0.));
#4981 = ADVANCED_FACE('',(#4982),#4988,.T.);
#4982 = FACE_BOUND('',#4983,.T.);
#4983 = EDGE_LOOP('',(#4984,#4985,#4986,#4987));
#4984 = ORIENTED_EDGE('',*,*,#3182,.T.);
#4985 = ORIENTED_EDGE('',*,*,#4454,.T.);
#4986 = ORIENTED_EDGE('',*,*,#4429,.F.);
#4987 = ORIENTED_EDGE('',*,*,#4399,.F.);
#4988 = PLANE('',#4989);
#4989 = AXIS2_PLACEMENT_3D('',#4990,#4991,#4992);
#4990 = CARTESIAN_POINT('',(5.703333333333,24.347777777778,-12.49));
#4991 = DIRECTION('',(0.,0.,1.));
#4992 = DIRECTION('',(1.,0.,-0.));
#4993 = ADVANCED_FACE('',(#4994),#5000,.F.);
#4994 = FACE_BOUND('',#4995,.F.);
#4995 = EDGE_LOOP('',(#4996,#4997,#4998,#4999));
#4996 = ORIENTED_EDGE('',*,*,#4566,.F.);
#4997 = ORIENTED_EDGE('',*,*,#3159,.F.);
#4998 = ORIENTED_EDGE('',*,*,#4471,.F.);
#4999 = ORIENTED_EDGE('',*,*,#4519,.F.);
#5000 = PLANE('',#5001);
#5001 = AXIS2_PLACEMENT_3D('',#5002,#5003,#5004);
#5002 = CARTESIAN_POINT('',(-200.,-200.,-12.5));
#5003 = DIRECTION('',(0.,0.,1.));
#5004 = DIRECTION('',(1.,0.,-0.));
#5005 = ADVANCED_FACE('',(#5006),#5054,.F.);
#5006 = FACE_BOUND('',#5007,.F.);
#5007 = EDGE_LOOP('',(#5008,#5009,#5015,#5016,#5024,#5032,#5040,#5048));
#5008 = ORIENTED_EDGE('',*,*,#3726,.F.);
#5009 = ORIENTED_EDGE('',*,*,#5010,.T.);
#5010 = EDGE_CURVE('',#3727,#3838,#5011,.T.);
#5011 = LINE('',#5012,#5013);
#5012 = CARTESIAN_POINT('',(20.295,-11.2,-24.31));
#5013 = VECTOR('',#5014,1.);
#5014 = DIRECTION('',(-0.,1.,0.));
#5015 = ORIENTED_EDGE('',*,*,#3837,.T.);
#5016 = ORIENTED_EDGE('',*,*,#5017,.T.);
#5017 = EDGE_CURVE('',#3840,#5018,#5020,.T.);
#5018 = VERTEX_POINT('',#5019);
#5019 = CARTESIAN_POINT('',(20.295,10.4,-7.8));
#5020 = LINE('',#5021,#5022);
#5021 = CARTESIAN_POINT('',(20.295,-105.6,-7.8));
#5022 = VECTOR('',#5023,1.);
#5023 = DIRECTION('',(0.,-1.,0.));
#5024 = ORIENTED_EDGE('',*,*,#5025,.T.);
#5025 = EDGE_CURVE('',#5018,#5026,#5028,.T.);
#5026 = VERTEX_POINT('',#5027);
#5027 = CARTESIAN_POINT('',(20.295,10.4,-23.51));
#5028 = LINE('',#5029,#5030);
#5029 = CARTESIAN_POINT('',(20.295,10.4,-24.265));
#5030 = VECTOR('',#5031,1.);
#5031 = DIRECTION('',(-0.,0.,-1.));
#5032 = ORIENTED_EDGE('',*,*,#5033,.F.);
#5033 = EDGE_CURVE('',#5034,#5026,#5036,.T.);
#5034 = VERTEX_POINT('',#5035);
#5035 = CARTESIAN_POINT('',(20.295,-10.4,-23.51));
#5036 = LINE('',#5037,#5038);
#5037 = CARTESIAN_POINT('',(20.295,-12.8,-23.51));
#5038 = VECTOR('',#5039,1.);
#5039 = DIRECTION('',(-0.,1.,0.));
#5040 = ORIENTED_EDGE('',*,*,#5041,.F.);
#5041 = EDGE_CURVE('',#5042,#5034,#5044,.T.);
#5042 = VERTEX_POINT('',#5043);
#5043 = CARTESIAN_POINT('',(20.295,-10.4,-7.8));
#5044 = LINE('',#5045,#5046);
#5045 = CARTESIAN_POINT('',(20.295,-10.4,-24.265));
#5046 = VECTOR('',#5047,1.);
#5047 = DIRECTION('',(-0.,0.,-1.));
#5048 = ORIENTED_EDGE('',*,*,#5049,.T.);
#5049 = EDGE_CURVE('',#5042,#3719,#5050,.T.);
#5050 = LINE('',#5051,#5052);
#5051 = CARTESIAN_POINT('',(20.295,-105.6,-7.8));
#5052 = VECTOR('',#5053,1.);
#5053 = DIRECTION('',(0.,-1.,0.));
#5054 = PLANE('',#5055);
#5055 = AXIS2_PLACEMENT_3D('',#5056,#5057,#5058);
#5056 = CARTESIAN_POINT('',(20.295,-11.2,-24.31));
#5057 = DIRECTION('',(1.,0.,-0.));
#5058 = DIRECTION('',(0.,0.,1.));
#5059 = ADVANCED_FACE('',(#5060),#5085,.T.);
#5060 = FACE_BOUND('',#5061,.T.);
#5061 = EDGE_LOOP('',(#5062,#5070,#5078,#5084));
#5062 = ORIENTED_EDGE('',*,*,#5063,.T.);
#5063 = EDGE_CURVE('',#5042,#5064,#5066,.T.);
#5064 = VERTEX_POINT('',#5065);
#5065 = CARTESIAN_POINT('',(24.1625,-10.4,-7.8));
#5066 = LINE('',#5067,#5068);
#5067 = CARTESIAN_POINT('',(-89.07506791934,-10.4,-7.8));
#5068 = VECTOR('',#5069,1.);
#5069 = DIRECTION('',(1.,0.,0.));
#5070 = ORIENTED_EDGE('',*,*,#5071,.F.);
#5071 = EDGE_CURVE('',#5072,#5064,#5074,.T.);
#5072 = VERTEX_POINT('',#5073);
#5073 = CARTESIAN_POINT('',(24.1625,-10.4,-23.51));
#5074 = LINE('',#5075,#5076);
#5075 = CARTESIAN_POINT('',(24.1625,-10.4,-5.));
#5076 = VECTOR('',#5077,1.);
#5077 = DIRECTION('',(0.,0.,1.));
#5078 = ORIENTED_EDGE('',*,*,#5079,.F.);
#5079 = EDGE_CURVE('',#5034,#5072,#5080,.T.);
#5080 = LINE('',#5081,#5082);
#5081 = CARTESIAN_POINT('',(20.285,-10.4,-23.51));
#5082 = VECTOR('',#5083,1.);
#5083 = DIRECTION('',(1.,0.,-0.));
#5084 = ORIENTED_EDGE('',*,*,#5041,.F.);
#5085 = PLANE('',#5086);
#5086 = AXIS2_PLACEMENT_3D('',#5087,#5088,#5089);
#5087 = CARTESIAN_POINT('',(21.849864161303,-10.4,-12.61763583869));
#5088 = DIRECTION('',(0.,1.,0.));
#5089 = DIRECTION('',(0.,-0.,1.));
#5090 = ADVANCED_FACE('',(#5091),#5116,.T.);
#5091 = FACE_BOUND('',#5092,.T.);
#5092 = EDGE_LOOP('',(#5093,#5101,#5102,#5110));
#5093 = ORIENTED_EDGE('',*,*,#5094,.F.);
#5094 = EDGE_CURVE('',#5072,#5095,#5097,.T.);
#5095 = VERTEX_POINT('',#5096);
#5096 = CARTESIAN_POINT('',(24.1625,10.4,-23.51));
#5097 = LINE('',#5098,#5099);
#5098 = CARTESIAN_POINT('',(24.1625,-10.4,-23.51));
#5099 = VECTOR('',#5100,1.);
#5100 = DIRECTION('',(-0.,1.,0.));
#5101 = ORIENTED_EDGE('',*,*,#5071,.T.);
#5102 = ORIENTED_EDGE('',*,*,#5103,.T.);
#5103 = EDGE_CURVE('',#5064,#5104,#5106,.T.);
#5104 = VERTEX_POINT('',#5105);
#5105 = CARTESIAN_POINT('',(24.1625,10.4,-7.8));
#5106 = LINE('',#5107,#5108);
#5107 = CARTESIAN_POINT('',(24.1625,-100.,-7.8));
#5108 = VECTOR('',#5109,1.);
#5109 = DIRECTION('',(0.,1.,0.));
#5110 = ORIENTED_EDGE('',*,*,#5111,.F.);
#5111 = EDGE_CURVE('',#5095,#5104,#5112,.T.);
#5112 = LINE('',#5113,#5114);
#5113 = CARTESIAN_POINT('',(24.1625,10.4,-5.));
#5114 = VECTOR('',#5115,1.);
#5115 = DIRECTION('',(0.,0.,1.));
#5116 = PLANE('',#5117);
#5117 = AXIS2_PLACEMENT_3D('',#5118,#5119,#5120);
#5118 = CARTESIAN_POINT('',(24.1625,3.434590954642E-17,-13.505));
#5119 = DIRECTION('',(-1.,-0.,-0.));
#5120 = DIRECTION('',(0.,0.,-1.));
#5121 = ADVANCED_FACE('',(#5122),#5138,.T.);
#5122 = FACE_BOUND('',#5123,.T.);
#5123 = EDGE_LOOP('',(#5124,#5125,#5131,#5132));
#5124 = ORIENTED_EDGE('',*,*,#5111,.T.);
#5125 = ORIENTED_EDGE('',*,*,#5126,.T.);
#5126 = EDGE_CURVE('',#5104,#5018,#5127,.T.);
#5127 = LINE('',#5128,#5129);
#5128 = CARTESIAN_POINT('',(-89.07506791934,10.4,-7.8));
#5129 = VECTOR('',#5130,1.);
#5130 = DIRECTION('',(-1.,0.,0.));
#5131 = ORIENTED_EDGE('',*,*,#5025,.T.);
#5132 = ORIENTED_EDGE('',*,*,#5133,.T.);
#5133 = EDGE_CURVE('',#5026,#5095,#5134,.T.);
#5134 = LINE('',#5135,#5136);
#5135 = CARTESIAN_POINT('',(20.285,10.4,-23.51));
#5136 = VECTOR('',#5137,1.);
#5137 = DIRECTION('',(1.,0.,-0.));
#5138 = PLANE('',#5139);
#5139 = AXIS2_PLACEMENT_3D('',#5140,#5141,#5142);
#5140 = CARTESIAN_POINT('',(21.849864161303,10.4,-12.61763583869));
#5141 = DIRECTION('',(-0.,-1.,-0.));
#5142 = DIRECTION('',(0.,0.,-1.));
#5143 = ADVANCED_FACE('',(#5144),#5157,.F.);
#5144 = FACE_BOUND('',#5145,.F.);
#5145 = EDGE_LOOP('',(#5146,#5147,#5148,#5149,#5150,#5156));
#5146 = ORIENTED_EDGE('',*,*,#4160,.F.);
#5147 = ORIENTED_EDGE('',*,*,#3450,.F.);
#5148 = ORIENTED_EDGE('',*,*,#3354,.F.);
#5149 = ORIENTED_EDGE('',*,*,#3900,.F.);
#5150 = ORIENTED_EDGE('',*,*,#5151,.F.);
#5151 = EDGE_CURVE('',#4129,#3901,#5152,.T.);
#5152 = LINE('',#5153,#5154);
#5153 = CARTESIAN_POINT('',(-92.5125,16.7,-12.5));
#5154 = VECTOR('',#5155,1.);
#5155 = DIRECTION('',(1.,0.,-0.));
#5156 = ORIENTED_EDGE('',*,*,#4136,.F.);
#5157 = PLANE('',#5158);
#5158 = AXIS2_PLACEMENT_3D('',#5159,#5160,#5161);
#5159 = CARTESIAN_POINT('',(-200.,-200.,-12.5));
#5160 = DIRECTION('',(0.,0.,1.));
#5161 = DIRECTION('',(1.,0.,-0.));
#5162 = ADVANCED_FACE('',(#5163),#5174,.T.);
#5163 = FACE_BOUND('',#5164,.T.);
#5164 = EDGE_LOOP('',(#5165,#5166,#5172,#5173));
#5165 = ORIENTED_EDGE('',*,*,#3434,.T.);
#5166 = ORIENTED_EDGE('',*,*,#5167,.F.);
#5167 = EDGE_CURVE('',#4207,#3427,#5168,.T.);
#5168 = LINE('',#5169,#5170);
#5169 = CARTESIAN_POINT('',(14.425,16.7,-12.49));
#5170 = VECTOR('',#5171,1.);
#5171 = DIRECTION('',(-1.,-0.,0.));
#5172 = ORIENTED_EDGE('',*,*,#4214,.F.);
#5173 = ORIENTED_EDGE('',*,*,#4167,.F.);
#5174 = PLANE('',#5175);
#5175 = AXIS2_PLACEMENT_3D('',#5176,#5177,#5178);
#5176 = CARTESIAN_POINT('',(14.53,16.42,-12.49));
#5177 = DIRECTION('',(0.,0.,1.));
#5178 = DIRECTION('',(1.,0.,-0.));
#5179 = ADVANCED_FACE('',(#5180),#5191,.T.);
#5180 = FACE_BOUND('',#5181,.T.);
#5181 = EDGE_LOOP('',(#5182,#5183,#5184,#5190));
#5182 = ORIENTED_EDGE('',*,*,#5167,.T.);
#5183 = ORIENTED_EDGE('',*,*,#3426,.T.);
#5184 = ORIENTED_EDGE('',*,*,#5185,.T.);
#5185 = EDGE_CURVE('',#3419,#4199,#5186,.T.);
#5186 = LINE('',#5187,#5188);
#5187 = CARTESIAN_POINT('',(14.975,16.7,-12.26));
#5188 = VECTOR('',#5189,1.);
#5189 = DIRECTION('',(1.,0.,-0.));
#5190 = ORIENTED_EDGE('',*,*,#4206,.F.);
#5191 = PLANE('',#5192);
#5192 = AXIS2_PLACEMENT_3D('',#5193,#5194,#5195);
#5193 = CARTESIAN_POINT('',(14.975,16.7,-26.22));
#5194 = DIRECTION('',(-0.,1.,0.));
#5195 = DIRECTION('',(0.,0.,1.));
#5196 = ADVANCED_FACE('',(#5197),#5203,.T.);
#5197 = FACE_BOUND('',#5198,.T.);
#5198 = EDGE_LOOP('',(#5199,#5200,#5201,#5202));
#5199 = ORIENTED_EDGE('',*,*,#3418,.F.);
#5200 = ORIENTED_EDGE('',*,*,#4242,.T.);
#5201 = ORIENTED_EDGE('',*,*,#4198,.F.);
#5202 = ORIENTED_EDGE('',*,*,#5185,.F.);
#5203 = PLANE('',#5204);
#5204 = AXIS2_PLACEMENT_3D('',#5205,#5206,#5207);
#5205 = CARTESIAN_POINT('',(14.975,16.19,-12.26));
#5206 = DIRECTION('',(0.,0.,1.));
#5207 = DIRECTION('',(1.,0.,-0.));
#5208 = ADVANCED_FACE('',(#5209),#5220,.F.);
#5209 = FACE_BOUND('',#5210,.F.);
#5210 = EDGE_LOOP('',(#5211,#5212,#5218,#5219));
#5211 = ORIENTED_EDGE('',*,*,#3536,.F.);
#5212 = ORIENTED_EDGE('',*,*,#5213,.F.);
#5213 = EDGE_CURVE('',#3512,#3537,#5214,.T.);
#5214 = LINE('',#5215,#5216);
#5215 = CARTESIAN_POINT('',(-14.975,19.85,-12.5));
#5216 = VECTOR('',#5217,1.);
#5217 = DIRECTION('',(0.,-1.,0.));
#5218 = ORIENTED_EDGE('',*,*,#3519,.F.);
#5219 = ORIENTED_EDGE('',*,*,#3473,.F.);
#5220 = PLANE('',#5221);
#5221 = AXIS2_PLACEMENT_3D('',#5222,#5223,#5224);
#5222 = CARTESIAN_POINT('',(-200.,-200.,-12.5));
#5223 = DIRECTION('',(0.,0.,1.));
#5224 = DIRECTION('',(1.,0.,-0.));
#5225 = ADVANCED_FACE('',(#5226),#5237,.T.);
#5226 = FACE_BOUND('',#5227,.T.);
#5227 = EDGE_LOOP('',(#5228,#5229,#5230,#5236));
#5228 = ORIENTED_EDGE('',*,*,#5213,.F.);
#5229 = ORIENTED_EDGE('',*,*,#3511,.F.);
#5230 = ORIENTED_EDGE('',*,*,#5231,.F.);
#5231 = EDGE_CURVE('',#3545,#3504,#5232,.T.);
#5232 = LINE('',#5233,#5234);
#5233 = CARTESIAN_POINT('',(-14.975,1.175,-12.49));
#5234 = VECTOR('',#5235,1.);
#5235 = DIRECTION('',(-0.,1.,0.));
#5236 = ORIENTED_EDGE('',*,*,#3544,.F.);
#5237 = PLANE('',#5238);
#5238 = AXIS2_PLACEMENT_3D('',#5239,#5240,#5241);
#5239 = CARTESIAN_POINT('',(-14.975,19.85,-12.5));
#5240 = DIRECTION('',(1.,0.,-0.));
#5241 = DIRECTION('',(0.,-1.,0.));
#5242 = ADVANCED_FACE('',(#5243),#5249,.T.);
#5243 = FACE_BOUND('',#5244,.T.);
#5244 = EDGE_LOOP('',(#5245,#5246,#5247,#5248));
#5245 = ORIENTED_EDGE('',*,*,#3503,.F.);
#5246 = ORIENTED_EDGE('',*,*,#3576,.T.);
#5247 = ORIENTED_EDGE('',*,*,#3552,.T.);
#5248 = ORIENTED_EDGE('',*,*,#5231,.T.);
#5249 = PLANE('',#5250);
#5250 = AXIS2_PLACEMENT_3D('',#5251,#5252,#5253);
#5251 = CARTESIAN_POINT('',(-16.2,-17.5,-12.49));
#5252 = DIRECTION('',(0.,0.,1.));
#5253 = DIRECTION('',(1.,0.,-0.));
#5254 = ADVANCED_FACE('',(#5255),#5261,.F.);
#5255 = FACE_BOUND('',#5256,.F.);
#5256 = EDGE_LOOP('',(#5257,#5258,#5259,#5260));
#5257 = ORIENTED_EDGE('',*,*,#5010,.F.);
#5258 = ORIENTED_EDGE('',*,*,#3734,.T.);
#5259 = ORIENTED_EDGE('',*,*,#3798,.T.);
#5260 = ORIENTED_EDGE('',*,*,#3856,.F.);
#5261 = PLANE('',#5262);
#5262 = AXIS2_PLACEMENT_3D('',#5263,#5264,#5265);
#5263 = CARTESIAN_POINT('',(20.295,-11.2,-24.31));
#5264 = DIRECTION('',(0.,0.,1.));
#5265 = DIRECTION('',(1.,0.,-0.));
#5266 = ADVANCED_FACE('',(#5267),#5278,.T.);
#5267 = FACE_BOUND('',#5268,.T.);
#5268 = EDGE_LOOP('',(#5269,#5270,#5271,#5277));
#5269 = ORIENTED_EDGE('',*,*,#3964,.T.);
#5270 = ORIENTED_EDGE('',*,*,#3916,.T.);
#5271 = ORIENTED_EDGE('',*,*,#5272,.F.);
#5272 = EDGE_CURVE('',#4121,#3909,#5273,.T.);
#5273 = LINE('',#5274,#5275);
#5274 = CARTESIAN_POINT('',(14.975,16.7,-12.26));
#5275 = VECTOR('',#5276,1.);
#5276 = DIRECTION('',(1.,0.,-0.));
#5277 = ORIENTED_EDGE('',*,*,#4120,.T.);
#5278 = PLANE('',#5279);
#5279 = AXIS2_PLACEMENT_3D('',#5280,#5281,#5282);
#5280 = CARTESIAN_POINT('',(14.975,16.19,-12.26));
#5281 = DIRECTION('',(0.,0.,1.));
#5282 = DIRECTION('',(1.,0.,-0.));
#5283 = ADVANCED_FACE('',(#5284),#5290,.T.);
#5284 = FACE_BOUND('',#5285,.T.);
#5285 = EDGE_LOOP('',(#5286,#5287,#5288,#5289));
#5286 = ORIENTED_EDGE('',*,*,#3908,.F.);
#5287 = ORIENTED_EDGE('',*,*,#5151,.F.);
#5288 = ORIENTED_EDGE('',*,*,#4128,.T.);
#5289 = ORIENTED_EDGE('',*,*,#5272,.T.);
#5290 = PLANE('',#5291);
#5291 = AXIS2_PLACEMENT_3D('',#5292,#5293,#5294);
#5292 = CARTESIAN_POINT('',(14.975,16.7,-26.22));
#5293 = DIRECTION('',(-0.,1.,0.));
#5294 = DIRECTION('',(0.,0.,1.));
#5295 = ADVANCED_FACE('',(#5296,#5299),#5310,.F.);
#5296 = FACE_BOUND('',#5297,.F.);
#5297 = EDGE_LOOP('',(#5298));
#5298 = ORIENTED_EDGE('',*,*,#4659,.T.);
#5299 = FACE_BOUND('',#5300,.F.);
#5300 = EDGE_LOOP('',(#5301));
#5301 = ORIENTED_EDGE('',*,*,#5302,.F.);
#5302 = EDGE_CURVE('',#5303,#5303,#5305,.T.);
#5303 = VERTEX_POINT('',#5304);
#5304 = CARTESIAN_POINT('',(-19.3625,9.6,-12.5));
#5305 = CIRCLE('',#5306,0.8);
#5306 = AXIS2_PLACEMENT_3D('',#5307,#5308,#5309);
#5307 = CARTESIAN_POINT('',(-20.1625,9.6,-12.5));
#5308 = DIRECTION('',(0.,0.,1.));
#5309 = DIRECTION('',(1.,0.,-0.));
#5310 = PLANE('',#5311);
#5311 = AXIS2_PLACEMENT_3D('',#5312,#5313,#5314);
#5312 = CARTESIAN_POINT('',(-200.,-200.,-12.5));
#5313 = DIRECTION('',(0.,0.,1.));
#5314 = DIRECTION('',(1.,0.,-0.));
#5315 = ADVANCED_FACE('',(#5316),#5335,.F.);
#5316 = FACE_BOUND('',#5317,.F.);
#5317 = EDGE_LOOP('',(#5318,#5326,#5333,#5334));
#5318 = ORIENTED_EDGE('',*,*,#5319,.T.);
#5319 = EDGE_CURVE('',#5303,#5320,#5322,.T.);
#5320 = VERTEX_POINT('',#5321);
#5321 = CARTESIAN_POINT('',(-19.3625,9.6,-7.8));
#5322 = LINE('',#5323,#5324);
#5323 = CARTESIAN_POINT('',(-19.3625,9.6,-17.5));
#5324 = VECTOR('',#5325,1.);
#5325 = DIRECTION('',(0.,0.,1.));
#5326 = ORIENTED_EDGE('',*,*,#5327,.F.);
#5327 = EDGE_CURVE('',#5320,#5320,#5328,.T.);
#5328 = CIRCLE('',#5329,0.8);
#5329 = AXIS2_PLACEMENT_3D('',#5330,#5331,#5332);
#5330 = CARTESIAN_POINT('',(-20.1625,9.6,-7.8));
#5331 = DIRECTION('',(0.,0.,1.));
#5332 = DIRECTION('',(1.,0.,-0.));
#5333 = ORIENTED_EDGE('',*,*,#5319,.F.);
#5334 = ORIENTED_EDGE('',*,*,#5302,.T.);
#5335 = CYLINDRICAL_SURFACE('',#5336,0.8);
#5336 = AXIS2_PLACEMENT_3D('',#5337,#5338,#5339);
#5337 = CARTESIAN_POINT('',(-20.1625,9.6,-17.5));
#5338 = DIRECTION('',(0.,0.,1.));
#5339 = DIRECTION('',(1.,0.,-0.));
#5340 = ADVANCED_FACE('',(#5341),#5352,.F.);
#5341 = FACE_BOUND('',#5342,.F.);
#5342 = EDGE_LOOP('',(#5343,#5349,#5350,#5351));
#5343 = ORIENTED_EDGE('',*,*,#5344,.F.);
#5344 = EDGE_CURVE('',#4724,#4766,#5345,.T.);
#5345 = LINE('',#5346,#5347);
#5346 = CARTESIAN_POINT('',(-14.975,19.85,-12.5));
#5347 = VECTOR('',#5348,1.);
#5348 = DIRECTION('',(0.,-1.,0.));
#5349 = ORIENTED_EDGE('',*,*,#4731,.F.);
#5350 = ORIENTED_EDGE('',*,*,#4685,.F.);
#5351 = ORIENTED_EDGE('',*,*,#4765,.F.);
#5352 = PLANE('',#5353);
#5353 = AXIS2_PLACEMENT_3D('',#5354,#5355,#5356);
#5354 = CARTESIAN_POINT('',(-200.,-200.,-12.5));
#5355 = DIRECTION('',(0.,0.,1.));
#5356 = DIRECTION('',(1.,0.,-0.));
#5357 = ADVANCED_FACE('',(#5358),#5369,.T.);
#5358 = FACE_BOUND('',#5359,.T.);
#5359 = EDGE_LOOP('',(#5360,#5361,#5367,#5368));
#5360 = ORIENTED_EDGE('',*,*,#4723,.T.);
#5361 = ORIENTED_EDGE('',*,*,#5362,.F.);
#5362 = EDGE_CURVE('',#4750,#4716,#5363,.T.);
#5363 = LINE('',#5364,#5365);
#5364 = CARTESIAN_POINT('',(-14.975,18.025,-12.49));
#5365 = VECTOR('',#5366,1.);
#5366 = DIRECTION('',(-0.,1.,0.));
#5367 = ORIENTED_EDGE('',*,*,#4773,.F.);
#5368 = ORIENTED_EDGE('',*,*,#5344,.F.);
#5369 = PLANE('',#5370);
#5370 = AXIS2_PLACEMENT_3D('',#5371,#5372,#5373);
#5371 = CARTESIAN_POINT('',(-14.975,19.85,-12.5));
#5372 = DIRECTION('',(1.,0.,-0.));
#5373 = DIRECTION('',(0.,-1.,0.));
#5374 = ADVANCED_FACE('',(#5375),#5381,.T.);
#5375 = FACE_BOUND('',#5376,.T.);
#5376 = EDGE_LOOP('',(#5377,#5378,#5379,#5380));
#5377 = ORIENTED_EDGE('',*,*,#4715,.F.);
#5378 = ORIENTED_EDGE('',*,*,#4788,.T.);
#5379 = ORIENTED_EDGE('',*,*,#4747,.T.);
#5380 = ORIENTED_EDGE('',*,*,#5362,.T.);
#5381 = PLANE('',#5382);
#5382 = AXIS2_PLACEMENT_3D('',#5383,#5384,#5385);
#5383 = CARTESIAN_POINT('',(-16.2,16.2,-12.49));
#5384 = DIRECTION('',(0.,0.,1.));
#5385 = DIRECTION('',(1.,0.,-0.));
#5386 = ADVANCED_FACE('',(#5387),#5393,.T.);
#5387 = FACE_BOUND('',#5388,.T.);
#5388 = EDGE_LOOP('',(#5389,#5390,#5391,#5392));
#5389 = ORIENTED_EDGE('',*,*,#5133,.F.);
#5390 = ORIENTED_EDGE('',*,*,#5033,.F.);
#5391 = ORIENTED_EDGE('',*,*,#5079,.T.);
#5392 = ORIENTED_EDGE('',*,*,#5094,.T.);
#5393 = PLANE('',#5394);
#5394 = AXIS2_PLACEMENT_3D('',#5395,#5396,#5397);
#5395 = CARTESIAN_POINT('',(20.285,-10.4,-23.51));
#5396 = DIRECTION('',(0.,0.,1.));
#5397 = DIRECTION('',(1.,0.,-0.));
#5398 = ADVANCED_FACE('',(#5399,#5417,#5439,#5445,#5451,#5457,#5463,
    #5469,#5475,#5481,#5484),#5487,.T.);
#5399 = FACE_BOUND('',#5400,.T.);
#5400 = EDGE_LOOP('',(#5401,#5402,#5403,#5404,#5405,#5406,#5407,#5408,
    #5409,#5410,#5411,#5412,#5413,#5414,#5415,#5416));
#5401 = ORIENTED_EDGE('',*,*,#2197,.T.);
#5402 = ORIENTED_EDGE('',*,*,#2292,.T.);
#5403 = ORIENTED_EDGE('',*,*,#2315,.T.);
#5404 = ORIENTED_EDGE('',*,*,#2340,.T.);
#5405 = ORIENTED_EDGE('',*,*,#2364,.T.);
#5406 = ORIENTED_EDGE('',*,*,#2421,.T.);
#5407 = ORIENTED_EDGE('',*,*,#2520,.T.);
#5408 = ORIENTED_EDGE('',*,*,#2591,.T.);
#5409 = ORIENTED_EDGE('',*,*,#2630,.F.);
#5410 = ORIENTED_EDGE('',*,*,#2453,.T.);
#5411 = ORIENTED_EDGE('',*,*,#2700,.T.);
#5412 = ORIENTED_EDGE('',*,*,#2683,.T.);
#5413 = ORIENTED_EDGE('',*,*,#2613,.T.);
#5414 = ORIENTED_EDGE('',*,*,#2269,.T.);
#5415 = ORIENTED_EDGE('',*,*,#2475,.F.);
#5416 = ORIENTED_EDGE('',*,*,#2405,.F.);
#5417 = FACE_BOUND('',#5418,.T.);
#5418 = EDGE_LOOP('',(#5419,#5420,#5421,#5422,#5423,#5424,#5425,#5426,
    #5427,#5428,#5429,#5430,#5431,#5432,#5433,#5434,#5435,#5436,#5437,
    #5438));
#5419 = ORIENTED_EDGE('',*,*,#873,.T.);
#5420 = ORIENTED_EDGE('',*,*,#1026,.T.);
#5421 = ORIENTED_EDGE('',*,*,#3013,.T.);
#5422 = ORIENTED_EDGE('',*,*,#3125,.T.);
#5423 = ORIENTED_EDGE('',*,*,#3141,.T.);
#5424 = ORIENTED_EDGE('',*,*,#3385,.T.);
#5425 = ORIENTED_EDGE('',*,*,#3402,.F.);
#5426 = ORIENTED_EDGE('',*,*,#3338,.F.);
#5427 = ORIENTED_EDGE('',*,*,#3322,.F.);
#5428 = ORIENTED_EDGE('',*,*,#3847,.F.);
#5429 = ORIENTED_EDGE('',*,*,#5017,.T.);
#5430 = ORIENTED_EDGE('',*,*,#5126,.F.);
#5431 = ORIENTED_EDGE('',*,*,#5103,.F.);
#5432 = ORIENTED_EDGE('',*,*,#5063,.F.);
#5433 = ORIENTED_EDGE('',*,*,#5049,.T.);
#5434 = ORIENTED_EDGE('',*,*,#3718,.F.);
#5435 = ORIENTED_EDGE('',*,*,#3291,.F.);
#5436 = ORIENTED_EDGE('',*,*,#3244,.F.);
#5437 = ORIENTED_EDGE('',*,*,#3060,.T.);
#5438 = ORIENTED_EDGE('',*,*,#2174,.T.);
#5439 = FACE_BOUND('',#5440,.T.);
#5440 = EDGE_LOOP('',(#5441,#5442,#5443,#5444));
#5441 = ORIENTED_EDGE('',*,*,#729,.F.);
#5442 = ORIENTED_EDGE('',*,*,#813,.F.);
#5443 = ORIENTED_EDGE('',*,*,#791,.T.);
#5444 = ORIENTED_EDGE('',*,*,#760,.T.);
#5445 = FACE_BOUND('',#5446,.T.);
#5446 = EDGE_LOOP('',(#5447,#5448,#5449,#5450));
#5447 = ORIENTED_EDGE('',*,*,#219,.F.);
#5448 = ORIENTED_EDGE('',*,*,#303,.F.);
#5449 = ORIENTED_EDGE('',*,*,#281,.T.);
#5450 = ORIENTED_EDGE('',*,*,#250,.T.);
#5451 = FACE_BOUND('',#5452,.T.);
#5452 = EDGE_LOOP('',(#5453,#5454,#5455,#5456));
#5453 = ORIENTED_EDGE('',*,*,#559,.F.);
#5454 = ORIENTED_EDGE('',*,*,#643,.F.);
#5455 = ORIENTED_EDGE('',*,*,#621,.T.);
#5456 = ORIENTED_EDGE('',*,*,#590,.T.);
#5457 = FACE_BOUND('',#5458,.T.);
#5458 = EDGE_LOOP('',(#5459,#5460,#5461,#5462));
#5459 = ORIENTED_EDGE('',*,*,#389,.F.);
#5460 = ORIENTED_EDGE('',*,*,#473,.F.);
#5461 = ORIENTED_EDGE('',*,*,#451,.T.);
#5462 = ORIENTED_EDGE('',*,*,#420,.T.);
#5463 = FACE_BOUND('',#5464,.T.);
#5464 = EDGE_LOOP('',(#5465,#5466,#5467,#5468));
#5465 = ORIENTED_EDGE('',*,*,#2734,.T.);
#5466 = ORIENTED_EDGE('',*,*,#2782,.F.);
#5467 = ORIENTED_EDGE('',*,*,#2799,.F.);
#5468 = ORIENTED_EDGE('',*,*,#2758,.T.);
#5469 = FACE_BOUND('',#5470,.T.);
#5470 = EDGE_LOOP('',(#5471,#5472,#5473,#5474));
#5471 = ORIENTED_EDGE('',*,*,#2855,.T.);
#5472 = ORIENTED_EDGE('',*,*,#2903,.F.);
#5473 = ORIENTED_EDGE('',*,*,#2920,.F.);
#5474 = ORIENTED_EDGE('',*,*,#2879,.T.);
#5475 = FACE_BOUND('',#5476,.T.);
#5476 = EDGE_LOOP('',(#5477,#5478,#5479,#5480));
#5477 = ORIENTED_EDGE('',*,*,#2951,.T.);
#5478 = ORIENTED_EDGE('',*,*,#4603,.F.);
#5479 = ORIENTED_EDGE('',*,*,#2999,.T.);
#5480 = ORIENTED_EDGE('',*,*,#2975,.F.);
#5481 = FACE_BOUND('',#5482,.T.);
#5482 = EDGE_LOOP('',(#5483));
#5483 = ORIENTED_EDGE('',*,*,#2813,.F.);
#5484 = FACE_BOUND('',#5485,.T.);
#5485 = EDGE_LOOP('',(#5486));
#5486 = ORIENTED_EDGE('',*,*,#5327,.F.);
#5487 = PLANE('',#5488);
#5488 = AXIS2_PLACEMENT_3D('',#5489,#5490,#5491);
#5489 = CARTESIAN_POINT('',(-1.893088155931E-16,-6.681487609167E-17,-7.8
    ));
#5490 = DIRECTION('',(0.,0.,1.));
#5491 = DIRECTION('',(1.,0.,-0.));
#5492 = ( GEOMETRIC_REPRESENTATION_CONTEXT(3) 
GLOBAL_UNCERTAINTY_ASSIGNED_CONTEXT((#5496)) 
GLOBAL_UNIT_ASSIGNED_CONTEXT((#5493,#5494,#5495)) REPRESENTATION_CONTEXT
('Context #1','3D Context with UNIT and UNCERTAINTY') );
#5493 = ( LENGTH_UNIT() NAMED_UNIT(*) SI_UNIT(.MILLI.,.METRE.) );
#5494 = ( NAMED_UNIT(*) PLANE_ANGLE_UNIT() SI_UNIT($,.RADIAN.) );
#5495 = ( NAMED_UNIT(*) SI_UNIT($,.STERADIAN.) SOLID_ANGLE_UNIT() );
#5496 = UNCERTAINTY_MEASURE_WITH_UNIT(LENGTH_MEASURE(2.E-07),#5493,
  'distance_accuracy_value','confusion accuracy');
#5497 = PRODUCT_RELATED_PRODUCT_CATEGORY('part',$,(#7));
ENDSEC;
END-ISO-10303-21;
