ISO-10303-21;
HEADER;
FILE_DESCRIPTION(('FreeCAD Model'),'2;1');
FILE_NAME('Open CASCADE Shape Model','2026-10-04T11:21:38',('FreeCAD'),(
    'FreeCAD'),'Open CASCADE STEP processor 7.8','FreeCAD','Unknown');
FILE_SCHEMA(('AUTOMOTIVE_DESIGN { 1 0 10303 214 1 1 1 1 }'));
ENDSEC;
DATA;
#1 = APPLICATION_PROTOCOL_DEFINITION('international standard',
  'automotive_design',2000,#2);
#2 = APPLICATION_CONTEXT(
  'core data for automotive mechanical design processes');
#3 = SHAPE_DEFINITION_REPRESENTATION(#4,#10);
#4 = PRODUCT_DEFINITION_SHAPE('','',#5);
#5 = PRODUCT_DEFINITION('design','',#6,#9);
#6 = PRODUCT_DEFINITION_FORMATION('','',#7);
#7 = PRODUCT('Open CASCADE STEP translator 7.8 2',
  'Open CASCADE STEP translator 7.8 2','',(#8));
#8 = PRODUCT_CONTEXT('',#2,'mechanical');
#9 = PRODUCT_DEFINITION_CONTEXT('part definition',#2,'design');
#10 = ADVANCED_BREP_SHAPE_REPRESENTATION('',(#11,#15),#5496);
#11 = AXIS2_PLACEMENT_3D('',#12,#13,#14);
#12 = CARTESIAN_POINT('',(0.,0.,0.));
#13 = DIRECTION('',(0.,0.,1.));
#14 = DIRECTION('',(1.,0.,-0.));
#15 = MANIFOLD_SOLID_BREP('',#16);
#16 = CLOSED_SHELL('',(#17,#661,#856,#1036,#1079,#1250,#1274,#1312,#1397
    ,#1476,#1553,#1643,#1722,#1812,#1884,#1955,#2046,#2081,#2098,#2108,
    #2241,#2266,#2291,#2315,#2339,#2364,#2389,#2406,#2439,#2603,#2647,
    #2810,#2931,#2948,#2975,#2986,#3003,#3124,#3143,#3323,#3354,#3378,
    #3402,#3419,#3450,#3474,#3498,#3515,#3562,#3586,#3626,#3643,#3662,
    #3689,#3700,#3712,#3729,#3739,#3771,#3795,#3820,#3844,#3869,#3893,
    #3918,#3935,#4082,#4125,#4181,#4244,#4371,#4403,#4436,#4460,#4491,
    #4509,#4534,#4576,#4588,#4605,#4638,#4657,#4694,#4777,#4826,#4907,
    #4932,#4957,#4982,#5066,#5100,#5117,#5141,#5165,#5182,#5205,#5232,
    #5244,#5253,#5311,#5370,#5407,#5416,#5425,#5434,#5453,#5470,#5484));
#17 = ADVANCED_FACE('',(#18,#70,#135,#199,#262,#326,#390,#458,#516,#581)
  ,#656,.T.);
#18 = FACE_BOUND('',#19,.T.);
#19 = EDGE_LOOP('',(#20,#29,#36,#43,#53,#60));
#20 = ORIENTED_EDGE('',*,*,#21,.F.);
#21 = EDGE_CURVE('',#22,#24,#26,.T.);
#22 = VERTEX_POINT('',#23);
#23 = CARTESIAN_POINT('',(-36.226375,-40.222625,-2.99));
#24 = VERTEX_POINT('',#25);
#25 = CARTESIAN_POINT('',(-26.8850991574,-29.39860696016,0.963979192634)
  );
#26 = B_SPLINE_CURVE_WITH_KNOTS('',1,(#27,#28),.UNSPECIFIED.,.F.,.F.,(2,
    2),(0.,1.),.PIECEWISE_BEZIER_KNOTS.);
#27 = CARTESIAN_POINT('',(-36.25,-40.25,-3.));
#28 = CARTESIAN_POINT('',(-26.8,-29.3,1.));
#29 = ORIENTED_EDGE('',*,*,#30,.F.);
#30 = EDGE_CURVE('',#31,#22,#33,.T.);
#31 = VERTEX_POINT('',#32);
#32 = CARTESIAN_POINT('',(36.226375,-40.222625,-2.99));
#33 = B_SPLINE_CURVE_WITH_KNOTS('',1,(#34,#35),.UNSPECIFIED.,.F.,.F.,(2,
    2),(0.,1.),.PIECEWISE_BEZIER_KNOTS.);
#34 = CARTESIAN_POINT('',(36.226375,-40.222625,-2.99));
#35 = CARTESIAN_POINT('',(-36.226375,-40.222625,-2.99));
#36 = ORIENTED_EDGE('',*,*,#37,.T.);
#37 = EDGE_CURVE('',#31,#38,#40,.T.);
#38 = VERTEX_POINT('',#39);
#39 = CARTESIAN_POINT('',(26.885099157401,-29.39860696016,0.963979192634
    ));
#40 = B_SPLINE_CURVE_WITH_KNOTS('',1,(#41,#42),.UNSPECIFIED.,.F.,.F.,(2,
    2),(0.,1.),.PIECEWISE_BEZIER_KNOTS.);
#41 = CARTESIAN_POINT('',(36.25,-40.25,-3.));
#42 = CARTESIAN_POINT('',(26.8,-29.3,1.));
#43 = ORIENTED_EDGE('',*,*,#44,.T.);
#44 = EDGE_CURVE('',#38,#45,#47,.T.);
#45 = VERTEX_POINT('',#46);
#46 = CARTESIAN_POINT('',(26.8,-29.4,0.963470319635));
#47 = B_SPLINE_CURVE_WITH_KNOTS('',3,(#48,#49,#50,#51,#52),
  .UNSPECIFIED.,.F.,.F.,(4,1,4),(0.,0.621853934289,1.),.UNSPECIFIED.);
#48 = CARTESIAN_POINT('',(26.885099157401,-29.39860696016,0.963979192634
    ));
#49 = CARTESIAN_POINT('',(26.867523476399,-29.3991825284,0.963768939395)
  );
#50 = CARTESIAN_POINT('',(26.839398270435,-29.39982046771,0.963535902205
    ));
#51 = CARTESIAN_POINT('',(26.810785348497,-29.4,0.963470319635));
#52 = CARTESIAN_POINT('',(26.8,-29.4,0.963470319635));
#53 = ORIENTED_EDGE('',*,*,#54,.T.);
#54 = EDGE_CURVE('',#45,#55,#57,.T.);
#55 = VERTEX_POINT('',#56);
#56 = CARTESIAN_POINT('',(-26.8,-29.4,0.963470319635));
#57 = B_SPLINE_CURVE_WITH_KNOTS('',1,(#58,#59),.UNSPECIFIED.,.F.,.F.,(2,
    2),(0.,1.),.PIECEWISE_BEZIER_KNOTS.);
#58 = CARTESIAN_POINT('',(26.8,-29.4,0.963470319635));
#59 = CARTESIAN_POINT('',(-26.8,-29.4,0.963470319635));
#60 = ORIENTED_EDGE('',*,*,#61,.T.);
#61 = EDGE_CURVE('',#55,#24,#62,.T.);
#62 = B_SPLINE_CURVE_WITH_KNOTS('',3,(#63,#64,#65,#66,#67,#68,#69),
  .UNSPECIFIED.,.F.,.F.,(4,1,1,1,4),(0.,0.243085883659,0.520416689952,
    0.8260536646,1.),.UNSPECIFIED.);
#63 = CARTESIAN_POINT('',(-26.8,-29.4,0.963470319635));
#64 = CARTESIAN_POINT('',(-26.80695597589,-29.4,0.963470319635));
#65 = CARTESIAN_POINT('',(-26.82181633534,-29.39994023918,0.96349215007)
  );
#66 = CARTESIAN_POINT('',(-26.8452970602,-29.39964485553,0.963600052773)
  );
#67 = CARTESIAN_POINT('',(-26.86670270978,-29.39917129574,0.963773042652
    ));
#68 = CARTESIAN_POINT('',(-26.88020820008,-29.39876712919,0.963920683401
    ));
#69 = CARTESIAN_POINT('',(-26.8850991574,-29.39860696016,0.963979192634)
  );
#70 = FACE_BOUND('',#71,.T.);
#71 = EDGE_LOOP('',(#72,#116));
#72 = ORIENTED_EDGE('',*,*,#73,.T.);
#73 = EDGE_CURVE('',#74,#76,#78,.T.);
#74 = VERTEX_POINT('',#75);
#75 = CARTESIAN_POINT('',(-1.1,-37.5,-1.995433789954));
#76 = VERTEX_POINT('',#77);
#77 = CARTESIAN_POINT('',(-1.86341195063,-37.07501277164,-1.840187313843
    ));
#78 = B_SPLINE_CURVE_WITH_KNOTS('',8,(#79,#80,#81,#82,#83,#84,#85,#86,
    #87,#88,#89,#90,#91,#92,#93,#94,#95,#96,#97,#98,#99,#100,#101,#102,
    #103,#104,#105,#106,#107,#108,#109,#110,#111,#112,#113,#114,#115),
  .UNSPECIFIED.,.F.,.F.,(9,7,7,7,7,9),(0.,0.180165987041,0.537665773282,
    0.668213396622,0.781506614683,1.),.UNSPECIFIED.);
#79 = CARTESIAN_POINT('',(-1.1,-37.5,-1.995433789954));
#80 = CARTESIAN_POINT('',(-1.1,-37.54847557854,-2.013141763852));
#81 = CARTESIAN_POINT('',(-1.105371169829,-37.59700326805,
    -2.030868773717));
#82 = CARTESIAN_POINT('',(-1.116133576098,-37.64472925103,
    -2.048302922754));
#83 = CARTESIAN_POINT('',(-1.1321014845,-37.69085387454,-2.065152100289)
  );
#84 = CARTESIAN_POINT('',(-1.152936079053,-37.73466632925,
    -2.081156649957));
#85 = CARTESIAN_POINT('',(-1.178189618273,-37.77556574745,
    -2.096097076697));
#86 = CARTESIAN_POINT('',(-1.20734102826,-37.81306871962,-2.109796792557
    ));
#87 = CARTESIAN_POINT('',(-1.304276129984,-37.9137419477,-2.146572400989
    ));
#88 = CARTESIAN_POINT('',(-1.38175202747,-37.96574952416,-2.165570602436
    ));
#89 = CARTESIAN_POINT('',(-1.468238749847,-38.00050802671,
    -2.178267772314));
#90 = CARTESIAN_POINT('',(-1.559656697439,-38.01691434455,
    -2.184260947784));
#91 = CARTESIAN_POINT('',(-1.652117369436,-38.01461458289,
    -2.183420852199));
#92 = CARTESIAN_POINT('',(-1.741828049537,-37.99391547553,-2.17585953444
    ));
#93 = CARTESIAN_POINT('',(-1.825114003731,-37.95565590512,
    -2.161883435663));
#94 = CARTESIAN_POINT('',(-1.924932245169,-37.88147822989,
    -2.134786567997));
#95 = CARTESIAN_POINT('',(-1.950255286084,-37.85950865553,
    -2.126761152706));
#96 = CARTESIAN_POINT('',(-1.974008190146,-37.83550030903,
    -2.117990980471));
#97 = CARTESIAN_POINT('',(-1.995996541523,-37.8095639664,-2.108516517409
    ));
#98 = CARTESIAN_POINT('',(-2.016027516551,-37.78183654233,
    -2.098387778022));
#99 = CARTESIAN_POINT('',(-2.033915323831,-37.75248455674,
    -2.087665591504));
#100 = CARTESIAN_POINT('',(-2.049488909239,-37.72170666212,
    -2.076422524979));
#101 = CARTESIAN_POINT('',(-2.073981802516,-37.66198944729,
    -2.054608017277));
#102 = CARTESIAN_POINT('',(-2.083509864759,-37.63334171653,
    -2.044143092797));
#103 = CARTESIAN_POINT('',(-2.091087789219,-37.60394798721,
    -2.033405657431));
#104 = CARTESIAN_POINT('',(-2.096635079061,-37.57398035967,
    -2.022458578877));
#105 = CARTESIAN_POINT('',(-2.100092257768,-37.54362405704,
    -2.011369518554));
#106 = CARTESIAN_POINT('',(-2.101424062927,-37.51307439543,
    -2.000209824818));
#107 = CARTESIAN_POINT('',(-2.100622640016,-37.48253375417,
    -1.989053426182));
#108 = CARTESIAN_POINT('',(-2.092094939089,-37.3937243972,
    -1.956611651945));
#109 = CARTESIAN_POINT('',(-2.078625770928,-37.33600026191,
    -1.935525209832));
#110 = CARTESIAN_POINT('',(-2.057452115883,-37.28056234001,
    -1.915273914159));
#111 = CARTESIAN_POINT('',(-2.029164347671,-37.22874839178,
    -1.896346444487));
#112 = CARTESIAN_POINT('',(-1.994611487565,-37.18162100586,
    -1.879130961047));
#113 = CARTESIAN_POINT('',(-1.954777291008,-37.13996502649,
    -1.863914164929));
#114 = CARTESIAN_POINT('',(-1.910698931526,-37.10432178388,
    -1.850893802332));
#115 = CARTESIAN_POINT('',(-1.86341195063,-37.07501277164,
    -1.840187313843));
#116 = ORIENTED_EDGE('',*,*,#117,.T.);
#117 = EDGE_CURVE('',#76,#74,#118,.T.);
#118 = B_SPLINE_CURVE_WITH_KNOTS('',8,(#119,#120,#121,#122,#123,#124,
    #125,#126,#127,#128,#129,#130,#131,#132,#133,#134),.UNSPECIFIED.,.F.
  ,.F.,(9,7,9),(0.,0.670305093958,1.),.UNSPECIFIED.);
#119 = CARTESIAN_POINT('',(-1.86341195063,-37.07501277164,
    -1.840187313843));
#120 = CARTESIAN_POINT('',(-1.787995499874,-37.02826879187,
    -1.823111887444));
#121 = CARTESIAN_POINT('',(-1.704454471195,-36.99765997856,
    -1.811930585778));
#122 = CARTESIAN_POINT('',(-1.616372436452,-36.98407473498,
    -1.806967939721));
#123 = CARTESIAN_POINT('',(-1.527100514989,-36.98786777416,
    -1.80835352481));
#124 = CARTESIAN_POINT('',(-1.439985963322,-37.00900382512,
    -1.816074456666));
#125 = CARTESIAN_POINT('',(-1.35841389498,-37.04696310823,
    -1.829940861457));
#126 = CARTESIAN_POINT('',(-1.285942052722,-37.1006547985,
    -1.849554264294));
#127 = CARTESIAN_POINT('',(-1.196735366047,-37.20110303603,
    -1.886247684397));
#128 = CARTESIAN_POINT('',(-1.170419495291,-37.23748812775,-1.8995390421
    ));
#129 = CARTESIAN_POINT('',(-1.147668420024,-37.27681822791,
    -1.913906201978));
#130 = CARTESIAN_POINT('',(-1.128917808907,-37.31868126208,
    -1.929198634551));
#131 = CARTESIAN_POINT('',(-1.114547243769,-37.36256854206,
    -1.945230517648));
#132 = CARTESIAN_POINT('',(-1.104850759032,-37.40787865088,
    -1.961782155573));
#133 = CARTESIAN_POINT('',(-1.1,-37.45393256303,-1.978605502479));
#134 = CARTESIAN_POINT('',(-1.1,-37.5,-1.995433789954));
#135 = FACE_BOUND('',#136,.T.);
#136 = EDGE_LOOP('',(#137,#158));
#137 = ORIENTED_EDGE('',*,*,#138,.T.);
#138 = EDGE_CURVE('',#139,#141,#143,.T.);
#139 = VERTEX_POINT('',#140);
#140 = CARTESIAN_POINT('',(-1.1,-35.9,-1.41095890411));
#141 = VERTEX_POINT('',#142);
#142 = CARTESIAN_POINT('',(-1.795992498562,-36.35998580468,
    -1.578990248285));
#143 = B_SPLINE_CURVE_WITH_KNOTS('',7,(#144,#145,#146,#147,#148,#149,
    #150,#151,#152,#153,#154,#155,#156,#157),.UNSPECIFIED.,.F.,.F.,(8,6,
    8),(0.,0.3716940966,1.),.UNSPECIFIED.);
#144 = CARTESIAN_POINT('',(-1.1,-35.9,-1.41095890411));
#145 = CARTESIAN_POINT('',(-1.1,-35.95502059789,-1.431057752655));
#146 = CARTESIAN_POINT('',(-1.107063616767,-36.01011613006,
    -1.451183974452));
#147 = CARTESIAN_POINT('',(-1.121225376806,-36.06392341778,
    -1.470839604669));
#148 = CARTESIAN_POINT('',(-1.14209973473,-36.11519328528,
    -1.489568323393));
#149 = CARTESIAN_POINT('',(-1.169029757555,-36.1628868429,
    -1.506990627546));
#150 = CARTESIAN_POINT('',(-1.201200287761,-36.20621214501,
    -1.522817221923));
#151 = CARTESIAN_POINT('',(-1.299440474298,-36.30949352111,
    -1.560545578488));
#152 = CARTESIAN_POINT('',(-1.373549749942,-36.36024934853,
    -1.579086520013));
#153 = CARTESIAN_POINT('',(-1.456125425673,-36.39462123235,
    -1.591642459308));
#154 = CARTESIAN_POINT('',(-1.543210570416,-36.41169609546,
    -1.597879852224));
#155 = CARTESIAN_POINT('',(-1.631156363839,-36.41130802203,
    -1.597738090242));
#156 = CARTESIAN_POINT('',(-1.716552246866,-36.39383400881,
    -1.591354889065));
#157 = CARTESIAN_POINT('',(-1.795992498562,-36.35998580468,
    -1.578990248285));
#158 = ORIENTED_EDGE('',*,*,#159,.T.);
#159 = EDGE_CURVE('',#141,#139,#160,.T.);
#160 = B_SPLINE_CURVE_WITH_KNOTS('',7,(#161,#162,#163,#164,#165,#166,
    #167,#168,#169,#170,#171,#172,#173,#174,#175,#176,#177,#178,#179,
    #180,#181,#182,#183,#184,#185,#186,#187,#188,#189,#190,#191,#192,
    #193,#194,#195,#196,#197,#198),.UNSPECIFIED.,.F.,.F.,(8,6,6,6,6,6,8)
  ,(0.,0.186403249693,0.289892306391,0.400343365924,0.65306381839,
    0.838813128465,1.),.UNSPECIFIED.);
#161 = CARTESIAN_POINT('',(-1.795992498562,-36.35998580468,
    -1.578990248285));
#162 = CARTESIAN_POINT('',(-1.847112891887,-36.33820423335,-1.5710335099
    ));
#163 = CARTESIAN_POINT('',(-1.895725361874,-36.30965980253,
    -1.560606320562));
#164 = CARTESIAN_POINT('',(-1.940870813546,-36.27458699787,
    -1.547794337123));
#165 = CARTESIAN_POINT('',(-1.981532907699,-36.23335405957,
    -1.532732076557));
#166 = CARTESIAN_POINT('',(-2.016647976542,-36.18655440205,
    -1.515636311253));
#167 = CARTESIAN_POINT('',(-2.045202119517,-36.13507720208,
    -1.496831854642));
#168 = CARTESIAN_POINT('',(-2.078192905954,-36.04966614286,
    -1.465631467713));
#169 = CARTESIAN_POINT('',(-2.087706897923,-36.01811633581,
    -1.454106424042));
#170 = CARTESIAN_POINT('',(-2.094821178174,-35.985728664,-1.442275311051
    ));
#171 = CARTESIAN_POINT('',(-2.099430330625,-35.95275203975,
    -1.430229055619));
#172 = CARTESIAN_POINT('',(-2.101467195898,-35.91945647844,
    -1.418066293495));
#173 = CARTESIAN_POINT('',(-2.100910267038,-35.88612621891,
    -1.405890856224));
#174 = CARTESIAN_POINT('',(-2.094462067212,-35.81775452912,
    -1.380914896483));
#175 = CARTESIAN_POINT('',(-2.088213384711,-35.78273797542,
    -1.368123461343));
#176 = CARTESIAN_POINT('',(-2.079081049063,-35.74835974347,
    -1.355565203096));
#177 = CARTESIAN_POINT('',(-2.067166921217,-35.71495049258,
    -1.343360910532));
#178 = CARTESIAN_POINT('',(-2.052625891344,-35.68280855282,
    -1.331619562675));
#179 = CARTESIAN_POINT('',(-2.035653058445,-35.65219349708,
    -1.320435980669));
#180 = CARTESIAN_POINT('',(-1.972580690478,-35.55725429206,
    -1.285754992537));
#181 = CARTESIAN_POINT('',(-1.917179029047,-35.50038891678,
    -1.264982252705));
#182 = CARTESIAN_POINT('',(-1.852830444933,-35.45502166749,
    -1.248409741549));
#183 = CARTESIAN_POINT('',(-1.782445360034,-35.42225766133,
    -1.236441154824));
#184 = CARTESIAN_POINT('',(-1.708611182373,-35.40246841332,
    -1.22921220578));
#185 = CARTESIAN_POINT('',(-1.633624755506,-35.39563015721,
    -1.226714212683));
#186 = CARTESIAN_POINT('',(-1.505147148071,-35.40605189039,-1.2305212385
    ));
#187 = CARTESIAN_POINT('',(-1.451260431809,-35.41740327175,
    -1.234667861826));
#188 = CARTESIAN_POINT('',(-1.398767976511,-35.43563267392,
    -1.241327004174));
#189 = CARTESIAN_POINT('',(-1.348567358847,-35.46063202918,
    -1.250459188743));
#190 = CARTESIAN_POINT('',(-1.301630468334,-35.49218651923,
    -1.261985943098));
#191 = CARTESIAN_POINT('',(-1.258984121141,-35.52990382268,
    -1.275763953494));
#192 = CARTESIAN_POINT('',(-1.189235268225,-35.61063960541,
    -1.305256476864));
#193 = CARTESIAN_POINT('',(-1.160811087142,-35.65231139025,
    -1.320479046668));
#194 = CARTESIAN_POINT('',(-1.137084766187,-35.697662016,-1.3370454853)
  );
#195 = CARTESIAN_POINT('',(-1.118714566545,-35.74603616268,
    -1.354716406462));
#196 = CARTESIAN_POINT('',(-1.106241410232,-35.79658338487,
    -1.373181145161));
#197 = CARTESIAN_POINT('',(-1.1,-35.84828061504,-1.3920659781));
#198 = CARTESIAN_POINT('',(-1.1,-35.9,-1.41095890411));
#199 = FACE_BOUND('',#200,.T.);
#200 = EDGE_LOOP('',(#201,#245));
#201 = ORIENTED_EDGE('',*,*,#202,.T.);
#202 = EDGE_CURVE('',#203,#205,#207,.T.);
#203 = VERTEX_POINT('',#204);
#204 = CARTESIAN_POINT('',(0.5,-37.5,-1.995433789954));
#205 = VERTEX_POINT('',#206);
#206 = CARTESIAN_POINT('',(-0.268671125645,-37.07831786112,
    -1.841394652466));
#207 = B_SPLINE_CURVE_WITH_KNOTS('',8,(#208,#209,#210,#211,#212,#213,
    #214,#215,#216,#217,#218,#219,#220,#221,#222,#223,#224,#225,#226,
    #227,#228,#229,#230,#231,#232,#233,#234,#235,#236,#237,#238,#239,
    #240,#241,#242,#243,#244),.UNSPECIFIED.,.F.,.F.,(9,7,7,7,7,9),(0.,
    0.166825449713,0.524277023932,0.655220922477,0.769347717135,1.),
  .UNSPECIFIED.);
#208 = CARTESIAN_POINT('',(0.5,-37.5,-1.995433789954));
#209 = CARTESIAN_POINT('',(0.5,-37.5447762398,-2.011790407234));
#210 = CARTESIAN_POINT('',(0.495417339499,-37.58955168363,
    -2.028146733749));
#211 = CARTESIAN_POINT('',(0.486252378482,-37.63366100742,
    -2.044259728741));
#212 = CARTESIAN_POINT('',(0.472651130674,-37.6764815141,-2.05990192296)
  );
#213 = CARTESIAN_POINT('',(0.454869011456,-37.71745568437,
    -2.074869656393));
#214 = CARTESIAN_POINT('',(0.433240333063,-37.75610471403,
    -2.088988023391));
#215 = CARTESIAN_POINT('',(0.408153547046,-37.79203303766,
    -2.102112525175));
#216 = CARTESIAN_POINT('',(0.319777592833,-37.89539791056,
    -2.139871382854));
#217 = CARTESIAN_POINT('',(0.245697314653,-37.95180324598,
    -2.160476071592));
#218 = CARTESIAN_POINT('',(0.161636026516,-37.99159538067,
    -2.175012011204));
#219 = CARTESIAN_POINT('',(7.158274679253E-02,-38.01343800422,
    -2.18299105177));
#220 = CARTESIAN_POINT('',(-2.062302821064E-02,-38.01675356535,
    -2.184202215654));
#221 = CARTESIAN_POINT('',(-0.111200005687,-38.00162606531,
    -2.178676188242));
#222 = CARTESIAN_POINT('',(-0.196458853873,-37.96867465069,
    -2.166639141807));
#223 = CARTESIAN_POINT('',(-0.3005060047,-37.90100314084,-2.141918955559
    ));
#224 = CARTESIAN_POINT('',(-0.327157620226,-37.8806497143,-2.1344839139)
  );
#225 = CARTESIAN_POINT('',(-0.352366982137,-37.85816358157,
    -2.126269801489));
#226 = CARTESIAN_POINT('',(-0.375933516636,-37.83364348847,
    -2.117312689853));
#227 = CARTESIAN_POINT('',(-0.397656687224,-37.80721417853,
    -2.107658147412));
#228 = CARTESIAN_POINT('',(-0.417341142239,-37.77903014444,
    -2.097362609844));
#229 = CARTESIAN_POINT('',(-0.434804146254,-37.74927859302,
    -2.086494463207));
#230 = CARTESIAN_POINT('',(-0.463029574859,-37.69107843367,
    -2.065234131022));
#231 = CARTESIAN_POINT('',(-0.474366022819,-37.6629502279,
    -2.054958987362));
#232 = CARTESIAN_POINT('',(-0.483785493709,-37.63394799616,
    -2.044364564808));
#233 = CARTESIAN_POINT('',(-0.491195698989,-37.60424022592,
    -2.033512411298));
#234 = CARTESIAN_POINT('',(-0.496524674148,-37.57401006581,
    -2.022469430433));
#235 = CARTESIAN_POINT('',(-0.49972424576,-37.54345248871,
    -2.011306845191));
#236 = CARTESIAN_POINT('',(-0.500773498536,-37.51277145495,
    -2.000099161626));
#237 = CARTESIAN_POINT('',(-0.497476794301,-37.42034529002,
    -1.966336179005));
#238 = CARTESIAN_POINT('',(-0.486527077304,-37.35882165231,
    -1.943861790801));
#239 = CARTESIAN_POINT('',(-0.466894631677,-37.29939926641,
    -1.922154983165));
#240 = CARTESIAN_POINT('',(-0.439199462263,-37.24367025482,
    -1.90179735336));
#241 = CARTESIAN_POINT('',(-0.404387083695,-37.19290242317,
    -1.883252026731));
#242 = CARTESIAN_POINT('',(-0.363572434872,-37.14803233443,
    -1.866861126733));
#243 = CARTESIAN_POINT('',(-0.317938956518,-37.10970843321,
    -1.852861528115));
#244 = CARTESIAN_POINT('',(-0.268671125645,-37.07831786112,
    -1.841394652466));
#245 = ORIENTED_EDGE('',*,*,#246,.T.);
#246 = EDGE_CURVE('',#205,#203,#247,.T.);
#247 = B_SPLINE_CURVE_WITH_KNOTS('',7,(#248,#249,#250,#251,#252,#253,
    #254,#255,#256,#257,#258,#259,#260,#261),.UNSPECIFIED.,.F.,.F.,(8,6,
    8),(0.,0.645075643257,1.),.UNSPECIFIED.);
#248 = CARTESIAN_POINT('',(-0.268671125645,-37.07831786112,
    -1.841394652466));
#249 = CARTESIAN_POINT('',(-0.186243942343,-37.02580009459,
    -1.822210080216));
#250 = CARTESIAN_POINT('',(-9.342730901631E-02,-36.99309144784,
    -1.810261716109));
#251 = CARTESIAN_POINT('',(4.7319386666E-03,-36.98157480821,
    -1.806054724462));
#252 = CARTESIAN_POINT('',(0.103482250488,-36.9918026315,-1.809790915618
    ));
#253 = CARTESIAN_POINT('',(0.197984512998,-37.02361985004,
    -1.821413643853));
#254 = CARTESIAN_POINT('',(0.283062492062,-37.07602036211,-1.84055538342
    ));
#255 = CARTESIAN_POINT('',(0.392086090204,-37.18494385316,
    -1.880344786543));
#256 = CARTESIAN_POINT('',(0.426284673451,-37.22897967785,
    -1.896430932549));
#257 = CARTESIAN_POINT('',(0.454988252042,-37.27779332668,-1.91426240244
    ));
#258 = CARTESIAN_POINT('',(0.477285917715,-37.33053648359,
    -1.933529309074));
#259 = CARTESIAN_POINT('',(0.492437369969,-37.3860830732,-1.953820300715
    ));
#260 = CARTESIAN_POINT('',(0.5,-37.44306907565,-1.974637105263));
#261 = CARTESIAN_POINT('',(0.5,-37.5,-1.995433789954));
#262 = FACE_BOUND('',#263,.T.);
#263 = EDGE_LOOP('',(#264,#315));
#264 = ORIENTED_EDGE('',*,*,#265,.T.);
#265 = EDGE_CURVE('',#266,#268,#270,.T.);
#266 = VERTEX_POINT('',#267);
#267 = CARTESIAN_POINT('',(2.1,-37.5,-1.995433789954));
#268 = VERTEX_POINT('',#269);
#269 = CARTESIAN_POINT('',(1.861481822914,-37.07382250612,
    -1.839752513653));
#270 = B_SPLINE_CURVE_WITH_KNOTS('',8,(#271,#272,#273,#274,#275,#276,
    #277,#278,#279,#280,#281,#282,#283,#284,#285,#286,#287,#288,#289,
    #290,#291,#292,#293,#294,#295,#296,#297,#298,#299,#300,#301,#302,
    #303,#304,#305,#306,#307,#308,#309,#310,#311,#312,#313,#314),
  .UNSPECIFIED.,.F.,.F.,(9,7,7,7,7,7,9),(0.,0.121362954084,
    0.283867012757,0.455786139881,0.59228414966,0.680123885345,1.),
  .UNSPECIFIED.);
#271 = CARTESIAN_POINT('',(2.1,-37.5,-1.995433789954));
#272 = CARTESIAN_POINT('',(2.1,-37.54170318269,-2.010667829295));
#273 = CARTESIAN_POINT('',(2.096024782803,-37.58336758553,
    -2.025887702478));
#274 = CARTESIAN_POINT('',(2.088087339188,-37.62446123188,
    -2.040899080141));
#275 = CARTESIAN_POINT('',(2.07630732731,-37.66448706074,-2.055520387485
    ));
#276 = CARTESIAN_POINT('',(2.060884857679,-37.70299800119,
    -2.069588310937));
#277 = CARTESIAN_POINT('',(2.042078393438,-37.73960580494,
    -2.082961024639));
#278 = CARTESIAN_POINT('',(2.020186765936,-37.77398363684,
    -2.095519136748));
#279 = CARTESIAN_POINT('',(1.962527190482,-37.84854787244,
    -2.122757213679));
#280 = CARTESIAN_POINT('',(1.924567408241,-37.88675723599,
    -2.136714972051));
#281 = CARTESIAN_POINT('',(1.882396122962,-37.9198963076,-2.148820568989
    ));
#282 = CARTESIAN_POINT('',(1.836794615243,-37.94753814793,
    -2.158918044907));
#283 = CARTESIAN_POINT('',(1.788545940971,-37.96939162789,
    -2.166901051286));
#284 = CARTESIAN_POINT('',(1.73841176511,-37.98527204441,-2.17270211668)
  );
#285 = CARTESIAN_POINT('',(1.687125370477,-37.99507380851,
    -2.176282669776));
#286 = CARTESIAN_POINT('',(1.580679525982,-38.00262931466,
    -2.179042672023));
#287 = CARTESIAN_POINT('',(1.525505400826,-37.9996494273,-2.177954128697
    ));
#288 = CARTESIAN_POINT('',(1.470721190375,-37.9897606794,-2.174341800695
    ));
#289 = CARTESIAN_POINT('',(1.417199493934,-37.97297880503,
    -2.168211435628));
#290 = CARTESIAN_POINT('',(1.365859771095,-37.94941205553,
    -2.159602577362));
#291 = CARTESIAN_POINT('',(1.3176635308,-37.91929766717,-2.148601887553)
  );
#292 = CARTESIAN_POINT('',(1.273587724159,-37.88304287792,
    -2.135358128921));
#293 = CARTESIAN_POINT('',(1.203602613767,-37.80810462328,
    -2.107983424031));
#294 = CARTESIAN_POINT('',(1.175812464747,-37.77145102946,
    -2.094593983366));
#295 = CARTESIAN_POINT('',(1.151716272673,-37.73165721575,
    -2.080057430411));
#296 = CARTESIAN_POINT('',(1.131781951336,-37.68916884623,
    -2.064536564834));
#297 = CARTESIAN_POINT('',(1.116411450595,-37.64453444309,
    -2.048231760033));
#298 = CARTESIAN_POINT('',(1.105910164807,-37.59839877555,
    -2.031378548149));
#299 = CARTESIAN_POINT('',(1.100449248723,-37.55148493977,
    -2.014241073891));
#300 = CARTESIAN_POINT('',(1.099745150119,-37.47437110887,
    -1.986071637944));
#301 = CARTESIAN_POINT('',(1.101553489166,-37.44416401123,
    -1.975037081729));
#302 = CARTESIAN_POINT('',(1.105446054196,-37.41414570732,
    -1.964071491262));
#303 = CARTESIAN_POINT('',(1.111394125338,-37.38451066271,
    -1.953245904186));
#304 = CARTESIAN_POINT('',(1.119343546514,-37.35544343761,
    -1.942627739768));
#305 = CARTESIAN_POINT('',(1.129218205308,-37.32711618679,
    -1.932279885588));
#306 = CARTESIAN_POINT('',(1.140923512842,-37.29968615936,
    -1.922259784244));
#307 = CARTESIAN_POINT('',(1.203243192505,-37.17718091328,
    -1.877509009418));
#308 = CARTESIAN_POINT('',(1.274687211976,-37.0953595591,-1.847619930265
    ));
#309 = CARTESIAN_POINT('',(1.36339920596,-37.03341994601,-1.824993587587
    ));
#310 = CARTESIAN_POINT('',(1.463107711128,-36.99412802867,
    -1.810640375771));
#311 = CARTESIAN_POINT('',(1.568204739909,-36.97869740749,
    -1.805003619175));
#312 = CARTESIAN_POINT('',(1.673158221383,-36.98730383111,
    -1.808147518214));
#313 = CARTESIAN_POINT('',(1.772803446306,-37.01941375882,
    -1.819877172174));
#314 = CARTESIAN_POINT('',(1.861481822914,-37.07382250612,
    -1.839752513653));
#315 = ORIENTED_EDGE('',*,*,#316,.T.);
#316 = EDGE_CURVE('',#268,#266,#317,.T.);
#317 = B_SPLINE_CURVE_WITH_KNOTS('',7,(#318,#319,#320,#321,#322,#323,
    #324,#325),.UNSPECIFIED.,.F.,.F.,(8,8),(0.,1.),
  .PIECEWISE_BEZIER_KNOTS.);
#318 = CARTESIAN_POINT('',(1.861481822914,-37.07382250612,
    -1.839752513653));
#319 = CARTESIAN_POINT('',(1.921420420683,-37.1105979202,-1.853186454868
    ));
#320 = CARTESIAN_POINT('',(1.976225234119,-37.15776019218,
    -1.870414682078));
#321 = CARTESIAN_POINT('',(2.023583600357,-37.21462577788,-1.89118749877
    ));
#322 = CARTESIAN_POINT('',(2.061215615949,-37.27981048067,
    -1.914999262346));
#323 = CARTESIAN_POINT('',(2.087120126039,-37.35117677114,
    -1.941069140145));
#324 = CARTESIAN_POINT('',(2.1,-37.42570298843,-1.96829332911));
#325 = CARTESIAN_POINT('',(2.1,-37.5,-1.995433789954));
#326 = FACE_BOUND('',#327,.T.);
#327 = EDGE_LOOP('',(#328,#349));
#328 = ORIENTED_EDGE('',*,*,#329,.T.);
#329 = EDGE_CURVE('',#330,#332,#334,.T.);
#330 = VERTEX_POINT('',#331);
#331 = CARTESIAN_POINT('',(0.5,-35.9,-1.41095890411));
#332 = VERTEX_POINT('',#333);
#333 = CARTESIAN_POINT('',(-0.166806063211,-36.37135521348,
    -1.583143456979));
#334 = B_SPLINE_CURVE_WITH_KNOTS('',7,(#335,#336,#337,#338,#339,#340,
    #341,#342,#343,#344,#345,#346,#347,#348),.UNSPECIFIED.,.F.,.F.,(8,6,
    8),(0.,0.352345969242,1.),.UNSPECIFIED.);
#335 = CARTESIAN_POINT('',(0.5,-35.9,-1.41095890411));
#336 = CARTESIAN_POINT('',(0.5,-35.95056153888,-1.429428872652));
#337 = CARTESIAN_POINT('',(0.494034905913,-36.00112003639,-1.44789773019
    ));
#338 = CARTESIAN_POINT('',(0.482106082404,-36.0506303589,-1.465983692751
    ));
#339 = CARTESIAN_POINT('',(0.464505626148,-36.09813634193,
    -1.483337476507));
#340 = CARTESIAN_POINT('',(0.441716155317,-36.14283091646,
    -1.499664261722));
#341 = CARTESIAN_POINT('',(0.414334386015,-36.18407829895,
    -1.514731798706));
#342 = CARTESIAN_POINT('',(0.325456143927,-36.28999676956,
    -1.553423477466));
#343 = CARTESIAN_POINT('',(0.254656027078,-36.34526070156,
    -1.573611215184));
#344 = CARTESIAN_POINT('',(0.174391521892,-36.38469738246,
    -1.588017308663));
#345 = CARTESIAN_POINT('',(8.856332327971E-02,-36.40715175015,
    -1.596219817406));
#346 = CARTESIAN_POINT('',(8.057687369583E-04,-36.4122414057,
    -1.598079052311));
#347 = CARTESIAN_POINT('',(-8.546031657362E-02,-36.40014234337,
    -1.593659303515));
#348 = CARTESIAN_POINT('',(-0.166806063211,-36.37135521348,
    -1.583143456979));
#349 = ORIENTED_EDGE('',*,*,#350,.T.);
#350 = EDGE_CURVE('',#332,#330,#351,.T.);
#351 = B_SPLINE_CURVE_WITH_KNOTS('',7,(#352,#353,#354,#355,#356,#357,
    #358,#359,#360,#361,#362,#363,#364,#365,#366,#367,#368,#369,#370,
    #371,#372,#373,#374,#375,#376,#377,#378,#379,#380,#381,#382,#383,
    #384,#385,#386,#387,#388,#389),.UNSPECIFIED.,.F.,.F.,(8,6,6,6,6,6,8)
  ,(0.,0.187580282481,0.288483939984,0.392686588846,0.631467025177,
    0.828451344535,1.),.UNSPECIFIED.);
#352 = CARTESIAN_POINT('',(-0.166806063211,-36.37135521348,
    -1.583143456979));
#353 = CARTESIAN_POINT('',(-0.220253749021,-36.35244081982,
    -1.576234089435));
#354 = CARTESIAN_POINT('',(-0.271530095521,-36.32633878186,
    -1.566699098399));
#355 = CARTESIAN_POINT('',(-0.319606949291,-36.29323534863,
    -1.554606520048));
#356 = CARTESIAN_POINT('',(-0.363374820555,-36.25346210406,
    -1.540077480935));
#357 = CARTESIAN_POINT('',(-0.401678314544,-36.20758488499,
    -1.52331867945));
#358 = CARTESIAN_POINT('',(-0.433383367436,-36.15649975376,
    -1.504657444297));
#359 = CARTESIAN_POINT('',(-0.470636189164,-36.07189274165,
    -1.473750773206));
#360 = CARTESIAN_POINT('',(-0.48149996571,-36.04116553189,
    -1.462526221696));
#361 = CARTESIAN_POINT('',(-0.490056572508,-36.00951264662,
    -1.450963523881));
#362 = CARTESIAN_POINT('',(-0.496193699148,-35.97717019409,
    -1.439148929351));
#363 = CARTESIAN_POINT('',(-0.499834788277,-35.94439585402,
    -1.427176567681));
#364 = CARTESIAN_POINT('',(-0.500946153548,-35.9114626957,
    -1.415146190212));
#365 = CARTESIAN_POINT('',(-0.498096202135,-35.84477060087,
    -1.390783781142));
#366 = CARTESIAN_POINT('',(-0.493967423939,-35.81101056593,
    -1.378451348288));
#367 = CARTESIAN_POINT('',(-0.487173632187,-35.77768471529,
    -1.366277521569));
#368 = CARTESIAN_POINT('',(-0.477786442557,-35.74508680781,
    -1.354369610161));
#369 = CARTESIAN_POINT('',(-0.465923475686,-35.71348661636,
    -1.34282616123));
#370 = CARTESIAN_POINT('',(-0.451738615638,-35.68312400691,
    -1.331734797047));
#371 = CARTESIAN_POINT('',(-0.398000433242,-35.58793055225,
    -1.296960932331));
#372 = CARTESIAN_POINT('',(-0.349383489238,-35.52929949492,
    -1.275543194493));
#373 = CARTESIAN_POINT('',(-0.291668989259,-35.48054900254,
    -1.25773479545));
#374 = CARTESIAN_POINT('',(-0.227370747751,-35.44290485957,
    -1.243983510348));
#375 = CARTESIAN_POINT('',(-0.158790217387,-35.41689997309,
    -1.234484008437));
#376 = CARTESIAN_POINT('',(-8.799150727398E-02,-35.40268059609,
    -1.229289715467));
#377 = CARTESIAN_POINT('',(4.186755947419E-02,-35.39830594385,
    -1.227691668989));
#378 = CARTESIAN_POINT('',(0.100766109993,-35.40437575172,
    -1.229908950402));
#379 = CARTESIAN_POINT('',(0.158812145488,-35.41849239522,
    -1.235065715152));
#380 = CARTESIAN_POINT('',(0.214904947238,-35.44060897866,
    -1.243144832388));
#381 = CARTESIAN_POINT('',(0.267838686942,-35.4705548493,-1.254083963217
    ));
#382 = CARTESIAN_POINT('',(0.316319058676,-35.50793842052,-1.26774006229
    ));
#383 = CARTESIAN_POINT('',(0.396263562894,-35.59042857965,
    -1.297873453755));
#384 = CARTESIAN_POINT('',(0.429138844547,-35.63393769989,
    -1.313767196308));
#385 = CARTESIAN_POINT('',(0.456729283602,-35.68199809494,
    -1.331323505002));
#386 = CARTESIAN_POINT('',(0.478163903022,-35.73381106255,
    -1.350250616457));
#387 = CARTESIAN_POINT('',(0.49273012468,-35.78830706462,-1.370157831826
    ));
#388 = CARTESIAN_POINT('',(0.5,-35.84418180987,-1.390568697671));
#389 = CARTESIAN_POINT('',(0.5,-35.9,-1.41095890411));
#390 = FACE_BOUND('',#391,.T.);
#391 = EDGE_LOOP('',(#392,#405));
#392 = ORIENTED_EDGE('',*,*,#393,.T.);
#393 = EDGE_CURVE('',#394,#396,#398,.T.);
#394 = VERTEX_POINT('',#395);
#395 = CARTESIAN_POINT('',(2.1,-35.9,-1.41095890411));
#396 = VERTEX_POINT('',#397);
#397 = CARTESIAN_POINT('',(2.06256728677,-36.08981966497,-1.480299420994
    ));
#398 = B_SPLINE_CURVE_WITH_KNOTS('',5,(#399,#400,#401,#402,#403,#404),
  .UNSPECIFIED.,.F.,.F.,(6,6),(0.,1.),.PIECEWISE_BEZIER_KNOTS.);
#399 = CARTESIAN_POINT('',(2.1,-35.9,-1.41095890411));
#400 = CARTESIAN_POINT('',(2.1,-35.93920420514,-1.42528007494));
#401 = CARTESIAN_POINT('',(2.096157519892,-35.97836134193,
    -1.439584051847));
#402 = CARTESIAN_POINT('',(2.088491442876,-36.01686619334,
    -1.453649750993));
#403 = CARTESIAN_POINT('',(2.077197327718,-36.05416804611,
    -1.467275998582));
#404 = CARTESIAN_POINT('',(2.06256728677,-36.08981966497,-1.480299420994
    ));
#405 = ORIENTED_EDGE('',*,*,#406,.T.);
#406 = EDGE_CURVE('',#396,#394,#407,.T.);
#407 = B_SPLINE_CURVE_WITH_KNOTS('',7,(#408,#409,#410,#411,#412,#413,
    #414,#415,#416,#417,#418,#419,#420,#421,#422,#423,#424,#425,#426,
    #427,#428,#429,#430,#431,#432,#433,#434,#435,#436,#437,#438,#439,
    #440,#441,#442,#443,#444,#445,#446,#447,#448,#449,#450,#451,#452,
    #453,#454,#455,#456,#457),.UNSPECIFIED.,.F.,.F.,(8,6,6,6,6,6,6,6,8),
  (0.,6.870907964051E-02,0.294208860545,0.38530006507,0.465898324926,
    0.542653779286,0.720568568362,0.91284765763,1.),.UNSPECIFIED.);
#408 = CARTESIAN_POINT('',(2.06256728677,-36.08981966497,-1.480299420994
    ));
#409 = CARTESIAN_POINT('',(2.051264518402,-36.11736312785,
    -1.490360959948));
#410 = CARTESIAN_POINT('',(2.038102473942,-36.14398919002,
    -1.500087375352));
#411 = CARTESIAN_POINT('',(2.023185634227,-36.16953854781,
    -1.509420474089));
#412 = CARTESIAN_POINT('',(2.006633214899,-36.19387561691,
    -1.518310727638));
#413 = CARTESIAN_POINT('',(1.988573868675,-36.21688649037,
    -1.526716526165));
#414 = CARTESIAN_POINT('',(1.969140387618,-36.23847689672,
    -1.534603432594));
#415 = CARTESIAN_POINT('',(1.880606860456,-36.32451524157,
    -1.566032964957));
#416 = CARTESIAN_POINT('',(1.799537119262,-36.37416793873,
    -1.584170936525));
#417 = CARTESIAN_POINT('',(1.709732243364,-36.40526732653,
    -1.595531443483));
#418 = CARTESIAN_POINT('',(1.615577031102,-36.41672071296,
    -1.599715328937));
#419 = CARTESIAN_POINT('',(1.521382077123,-36.40817658003,
    -1.596594184488));
#420 = CARTESIAN_POINT('',(1.43144221141,-36.37995982974,-1.586286695796
    ));
#421 = CARTESIAN_POINT('',(1.317513990668,-36.31428642154,
    -1.562296409697));
#422 = CARTESIAN_POINT('',(1.286198185096,-36.29237895792,
    -1.554293683261));
#423 = CARTESIAN_POINT('',(1.256664546066,-36.26755683432,-1.54522624085
    ));
#424 = CARTESIAN_POINT('',(1.229242653397,-36.23995848707,
    -1.535144652813));
#425 = CARTESIAN_POINT('',(1.204266873938,-36.2097779017,-1.524119781445
    ));
#426 = CARTESIAN_POINT('',(1.182059449414,-36.17727599177,
    -1.512246937635));
#427 = CARTESIAN_POINT('',(1.14595417992,-36.11227525152,-1.488502374987
    ));
#428 = CARTESIAN_POINT('',(1.131391245817,-36.08020289803,
    -1.476786446772));
#429 = CARTESIAN_POINT('',(1.119417082289,-36.04681303436,
    -1.464589236296));
#430 = CARTESIAN_POINT('',(1.110200449778,-36.01238809449,
    -1.452013915797));
#431 = CARTESIAN_POINT('',(1.103865025421,-35.97724424221,
    -1.439175978891));
#432 = CARTESIAN_POINT('',(1.100477931041,-35.94172342721,
    -1.426200338709));
#433 = CARTESIAN_POINT('',(1.099619554062,-35.87234185376,
    -1.400855471695));
#434 = CARTESIAN_POINT('',(1.101873780635,-35.83847269179,
    -1.388483175086));
#435 = CARTESIAN_POINT('',(1.106802333809,-35.80488818658,
    -1.376214862678));
#436 = CARTESIAN_POINT('',(1.114350450286,-35.77188384269,
    -1.364158481351));
#437 = CARTESIAN_POINT('',(1.124416461208,-35.73973402809,-1.35241425684
    ));
#438 = CARTESIAN_POINT('',(1.136861042848,-35.70868556413,
    -1.341072352195));
#439 = CARTESIAN_POINT('',(1.185486909778,-35.61002901415,
    -1.305033429829));
#440 = CARTESIAN_POINT('',(1.231298164853,-35.54824558135,
    -1.282464139308));
#441 = CARTESIAN_POINT('',(1.286911755597,-35.49602576089,
    -1.263388405806));
#442 = CARTESIAN_POINT('',(1.349808697218,-35.45476232026,
    -1.248315002838));
#443 = CARTESIAN_POINT('',(1.417656105793,-35.42512157446,
    -1.237487333138));
#444 = CARTESIAN_POINT('',(1.488343569606,-35.40735882299,
    -1.230998656803));
#445 = CARTESIAN_POINT('',(1.637365410187,-35.39538770081,
    -1.226625644132));
#446 = CARTESIAN_POINT('',(1.715781267733,-35.40320267159,
    -1.229480427978));
#447 = CARTESIAN_POINT('',(1.792835425072,-35.42517138833,
    -1.237505529986));
#448 = CARTESIAN_POINT('',(1.865888550791,-35.46132240196,
    -1.250711379713));
#449 = CARTESIAN_POINT('',(1.931945334022,-35.51119267503,
    -1.268928831064));
#450 = CARTESIAN_POINT('',(1.987616997215,-35.57337701394,
    -1.291644571304));
#451 = CARTESIAN_POINT('',(2.049319160965,-35.67743333589,-1.32965601311
    ));
#452 = CARTESIAN_POINT('',(2.065837599555,-35.71180334691,
    -1.342211268279));
#453 = CARTESIAN_POINT('',(2.079354995335,-35.74778490483,
    -1.355355216378));
#454 = CARTESIAN_POINT('',(2.089647126278,-35.78501836696,
    -1.368956481082));
#455 = CARTESIAN_POINT('',(2.096554991216,-35.82309600736,
    -1.382866121414));
#456 = CARTESIAN_POINT('',(2.1,-35.86157557327,-1.396922583846));
#457 = CARTESIAN_POINT('',(2.1,-35.9,-1.41095890411));
#458 = FACE_BOUND('',#459,.T.);
#459 = EDGE_LOOP('',(#460,#490));
#460 = ORIENTED_EDGE('',*,*,#461,.T.);
#461 = EDGE_CURVE('',#462,#464,#466,.T.);
#462 = VERTEX_POINT('',#463);
#463 = CARTESIAN_POINT('',(-1.1,-34.3,-0.826484018265));
#464 = VERTEX_POINT('',#465);
#465 = CARTESIAN_POINT('',(-2.083818006863,-34.17382497776,
    -0.780392685943));
#466 = B_SPLINE_CURVE_WITH_KNOTS('',8,(#467,#468,#469,#470,#471,#472,
    #473,#474,#475,#476,#477,#478,#479,#480,#481,#482,#483,#484,#485,
    #486,#487,#488,#489),.UNSPECIFIED.,.F.,.F.,(9,7,7,9),(0.,
    0.21352250396,0.659361540755,1.),.UNSPECIFIED.);
#467 = CARTESIAN_POINT('',(-1.1,-34.3,-0.826484018265));
#468 = CARTESIAN_POINT('',(-1.1,-34.34738964537,-0.843795304246));
#469 = CARTESIAN_POINT('',(-1.105133200368,-34.39483945943,
    -0.861128569657));
#470 = CARTESIAN_POINT('',(-1.115422368221,-34.44151934755,
    -0.878180583582));
#471 = CARTESIAN_POINT('',(-1.130682439119,-34.48665821786,
    -0.894669668624));
#472 = CARTESIAN_POINT('',(-1.150577560578,-34.52957924919,
    -0.910348584181));
#473 = CARTESIAN_POINT('',(-1.174668869818,-34.56971999561,
    -0.925011870542));
#474 = CARTESIAN_POINT('',(-1.202453005777,-34.60663732734,
    -0.938497653823));
#475 = CARTESIAN_POINT('',(-1.297991215917,-34.70965327238,
    -0.976129049274));
#476 = CARTESIAN_POINT('',(-1.376186674805,-34.7636321364,
    -0.995847355764));
#477 = CARTESIAN_POINT('',(-1.463614218383,-34.79974499942,
    -1.009039269194));
#478 = CARTESIAN_POINT('',(-1.556056227631,-34.8170335753,
    -1.015354730705));
#479 = CARTESIAN_POINT('',(-1.649573683897,-34.8152272602,
    -1.014694889571));
#480 = CARTESIAN_POINT('',(-1.740365269736,-34.79466507893,
    -1.007183590478));
#481 = CARTESIAN_POINT('',(-1.824794741104,-34.75610691213,
    -0.993098415392));
#482 = CARTESIAN_POINT('',(-1.955658808586,-34.65847925342,
    -0.957435343716));
#483 = CARTESIAN_POINT('',(-2.006494809613,-34.60629412886,
    -0.938372284517));
#484 = CARTESIAN_POINT('',(-2.049277477054,-34.54498540431,
    -0.915976403403));
#485 = CARTESIAN_POINT('',(-2.081850227722,-34.47596307019,
    -0.890762765369));
#486 = CARTESIAN_POINT('',(-2.102357564496,-34.40132974072,
    -0.863499448666));
#487 = CARTESIAN_POINT('',(-2.10947102361,-34.32384511407,-0.83519456222
    ));
#488 = CARTESIAN_POINT('',(-2.102874720971,-34.24689793051,
    -0.807086002014));
#489 = CARTESIAN_POINT('',(-2.083818006863,-34.17382497776,
    -0.780392685943));
#490 = ORIENTED_EDGE('',*,*,#491,.T.);
#491 = EDGE_CURVE('',#464,#462,#492,.T.);
#492 = B_SPLINE_CURVE_WITH_KNOTS('',8,(#493,#494,#495,#496,#497,#498,
    #499,#500,#501,#502,#503,#504,#505,#506,#507,#508,#509,#510,#511,
    #512,#513,#514,#515),.UNSPECIFIED.,.F.,.F.,(9,7,7,9),(0.,
    0.190831207339,0.669530108799,1.),.UNSPECIFIED.);
#493 = CARTESIAN_POINT('',(-2.083818006863,-34.17382497776,
    -0.780392685943));
#494 = CARTESIAN_POINT('',(-2.074681658501,-34.13879165836,
    -0.767595126343));
#495 = CARTESIAN_POINT('',(-2.062673430202,-34.10461903289,
    -0.755111975488));
#496 = CARTESIAN_POINT('',(-2.047913093818,-34.07164218007,
    -0.743065636558));
#497 = CARTESIAN_POINT('',(-2.030574497624,-34.04015205384,
    -0.731562394098));
#498 = CARTESIAN_POINT('',(-2.010866898615,-34.01039283762,
    -0.720691447533));
#499 = CARTESIAN_POINT('',(-1.989019972245,-33.98256226911,
    -0.710525029813));
#500 = CARTESIAN_POINT('',(-1.965272499628,-33.95681493562,
    -0.701119611186));
#501 = CARTESIAN_POINT('',(-1.876129504956,-33.87420255215,
    -0.670941571563));
#502 = CARTESIAN_POINT('',(-1.802143798364,-33.82916843434,
    -0.654490752273));
#503 = CARTESIAN_POINT('',(-1.721366922363,-33.79945731391,
    -0.643637374944));
#504 = CARTESIAN_POINT('',(-1.63699254323,-33.78555071309,
    -0.638557338115));
#505 = CARTESIAN_POINT('',(-1.551937172482,-33.78752995738,
    -0.639280349729));
#506 = CARTESIAN_POINT('',(-1.468995663721,-33.80515609699,
    -0.645719122189));
#507 = CARTESIAN_POINT('',(-1.390885371814,-33.83798633438,
    -0.657711902972));
#508 = CARTESIAN_POINT('',(-1.272059286803,-33.91805837487,
    -0.686961963425));
#509 = CARTESIAN_POINT('',(-1.227258838896,-33.95768600249,
    -0.701437809129));
#510 = CARTESIAN_POINT('',(-1.18736673612,-34.00388580441,
    -0.718314449102));
#511 = CARTESIAN_POINT('',(-1.153603966028,-34.0560420434,
    -0.737366956494));
#512 = CARTESIAN_POINT('',(-1.127157510385,-34.11322680987,
    -0.758256368903));
#513 = CARTESIAN_POINT('',(-1.109061369328,-34.17412708599,
    -0.780503045114));
#514 = CARTESIAN_POINT('',(-1.1,-34.23703656751,-0.803483677632));
#515 = CARTESIAN_POINT('',(-1.1,-34.3,-0.826484018265));
#516 = FACE_BOUND('',#517,.T.);
#517 = EDGE_LOOP('',(#518,#555));
#518 = ORIENTED_EDGE('',*,*,#519,.T.);
#519 = EDGE_CURVE('',#520,#522,#524,.T.);
#520 = VERTEX_POINT('',#521);
#521 = CARTESIAN_POINT('',(0.5,-34.3,-0.826484018265));
#522 = VERTEX_POINT('',#523);
#523 = CARTESIAN_POINT('',(-0.471299445934,-34.13303643432,
    -0.765492761398));
#524 = B_SPLINE_CURVE_WITH_KNOTS('',8,(#525,#526,#527,#528,#529,#530,
    #531,#532,#533,#534,#535,#536,#537,#538,#539,#540,#541,#542,#543,
    #544,#545,#546,#547,#548,#549,#550,#551,#552,#553,#554),
  .UNSPECIFIED.,.F.,.F.,(9,7,7,7,9),(0.,0.195362684148,0.639221713558,
    0.789294896963,1.),.UNSPECIFIED.);
#525 = CARTESIAN_POINT('',(0.5,-34.3,-0.826484018265));
#526 = CARTESIAN_POINT('',(0.5,-34.3444442081,-0.842719345428));
#527 = CARTESIAN_POINT('',(0.495485055695,-34.38888442458,
    -0.858953214462));
#528 = CARTESIAN_POINT('',(0.48645664667,-34.43264452137,-0.874938637944
    ));
#529 = CARTESIAN_POINT('',(0.473072138391,-34.47509918789,
    -0.890447191925));
#530 = CARTESIAN_POINT('',(0.455601759671,-34.51569785722,
    -0.905277756064));
#531 = CARTESIAN_POINT('',(0.43439272104,-34.55397781456,-0.919261302124
    ));
#532 = CARTESIAN_POINT('',(0.409840474025,-34.58956648819,
    -0.932261730847));
#533 = CARTESIAN_POINT('',(0.319948332882,-34.69625390948,
    -0.971234304834));
#534 = CARTESIAN_POINT('',(0.24263513157,-34.75472339087,-0.992593019496
    ));
#535 = CARTESIAN_POINT('',(0.154919602422,-34.79506798896,
    -1.007330772225));
#536 = CARTESIAN_POINT('',(6.118578460761E-02,-34.81606750393,
    -1.015001827922));
#537 = CARTESIAN_POINT('',(-3.441904206008E-02,-34.81722825932,
    -1.015425848156));
#538 = CARTESIAN_POINT('',(-0.127837001604,-34.79872211152,
    -1.008665611515));
#539 = CARTESIAN_POINT('',(-0.215135774781,-34.76119503655,
    -0.99495709098));
#540 = CARTESIAN_POINT('',(-0.318080564829,-34.68710698874,
    -0.967892963924));
#541 = CARTESIAN_POINT('',(-0.34287530935,-34.66637019126,
    -0.960317878088));
#542 = CARTESIAN_POINT('',(-0.366275573636,-34.64368461912,
    -0.952030911095));
#543 = CARTESIAN_POINT('',(-0.388098935322,-34.61913769877,
    -0.943063999554));
#544 = CARTESIAN_POINT('',(-0.408160879178,-34.59284157127,
    -0.93345810823));
#545 = CARTESIAN_POINT('',(-0.426280065921,-34.56493722218,
    -0.923264738697));
#546 = CARTESIAN_POINT('',(-0.442285954272,-34.53559779782,
    -0.912547140759));
#547 = CARTESIAN_POINT('',(-0.475323913869,-34.46211499593,
    -0.885704108104));
#548 = CARTESIAN_POINT('',(-0.490181082393,-34.41672804312,
    -0.869124399313));
#549 = CARTESIAN_POINT('',(-0.500134866826,-34.36950835435,
    -0.851875197938));
#550 = CARTESIAN_POINT('',(-0.504868167784,-34.32119152475,
    -0.834225214523));
#551 = CARTESIAN_POINT('',(-0.504229381675,-34.27257684891,
    -0.816466428826));
#552 = CARTESIAN_POINT('',(-0.498245715165,-34.22448823933,
    -0.798899813457));
#553 = CARTESIAN_POINT('',(-0.487132633965,-34.17772985421,
    -0.781819124827));
#554 = CARTESIAN_POINT('',(-0.471299445934,-34.13303643432,
    -0.765492761398));
#555 = ORIENTED_EDGE('',*,*,#556,.T.);
#556 = EDGE_CURVE('',#522,#520,#557,.T.);
#557 = B_SPLINE_CURVE_WITH_KNOTS('',8,(#558,#559,#560,#561,#562,#563,
    #564,#565,#566,#567,#568,#569,#570,#571,#572,#573,#574,#575,#576,
    #577,#578,#579,#580),.UNSPECIFIED.,.F.,.F.,(9,7,7,9),(0.,
    0.167963035748,0.736630311601,1.),.UNSPECIFIED.);
#558 = CARTESIAN_POINT('',(-0.471299445934,-34.13303643432,
    -0.765492761398));
#559 = CARTESIAN_POINT('',(-0.461029229754,-34.10404599455,
    -0.754902646412));
#560 = CARTESIAN_POINT('',(-0.448765649013,-34.07590355523,
    -0.744622303283));
#561 = CARTESIAN_POINT('',(-0.434608834754,-34.04879319035,
    -0.734718973646));
#562 = CARTESIAN_POINT('',(-0.418680397224,-34.02287327908,
    -0.725250512909));
#563 = CARTESIAN_POINT('',(-0.401115305253,-33.99827693845,
    -0.716265548296));
#564 = CARTESIAN_POINT('',(-0.382055395648,-33.97511341043,
    -0.707803985547));
#565 = CARTESIAN_POINT('',(-0.361644512603,-33.9534704035,
    -0.699897864292));
#566 = CARTESIAN_POINT('',(-0.266829697545,-33.86552451417,
    -0.667771512026));
#567 = CARTESIAN_POINT('',(-0.180196082498,-33.81624036356,
    -0.649768169337));
#568 = CARTESIAN_POINT('',(-8.518088410566E-02,-33.78720178145,
    -0.639160468111));
#569 = CARTESIAN_POINT('',(1.3756554255E-02,-33.77914018011,
    -0.636215590909));
#570 = CARTESIAN_POINT('',(0.112266223993,-33.79233410301,
    -0.641035288774));
#571 = CARTESIAN_POINT('',(0.205970683698,-33.82646144249,
    -0.653501896801));
#572 = CARTESIAN_POINT('',(0.290245746195,-33.88067049315,
    -0.673304289738));
#573 = CARTESIAN_POINT('',(0.392208270553,-33.98641630299,
    -0.711932896071));
#574 = CARTESIAN_POINT('',(0.42129576834,-34.02370315609,-0.725553664327
    ));
#575 = CARTESIAN_POINT('',(0.446601430421,-34.06447200174,
    -0.740446393332));
#576 = CARTESIAN_POINT('',(0.467562272431,-34.10826808081,-0.75644496103
    ));
#577 = CARTESIAN_POINT('',(0.483679889303,-34.15449875046,
    -0.773332876882));
#578 = CARTESIAN_POINT('',(0.494565929596,-34.2024365915,-0.79084441699)
  );
#579 = CARTESIAN_POINT('',(0.5,-34.25124124815,-0.808672602065));
#580 = CARTESIAN_POINT('',(0.5,-34.3,-0.826484018265));
#581 = FACE_BOUND('',#582,.T.);
#582 = EDGE_LOOP('',(#583,#648));
#583 = ORIENTED_EDGE('',*,*,#584,.T.);
#584 = EDGE_CURVE('',#585,#587,#589,.T.);
#585 = VERTEX_POINT('',#586);
#586 = CARTESIAN_POINT('',(2.1,-34.3,-0.826484018265));
#587 = VERTEX_POINT('',#588);
#588 = CARTESIAN_POINT('',(2.090742238166,-34.20422915015,
    -0.791499232933));
#589 = B_SPLINE_CURVE_WITH_KNOTS('',8,(#590,#591,#592,#593,#594,#595,
    #596,#597,#598,#599,#600,#601,#602,#603,#604,#605,#606,#607,#608,
    #609,#610,#611,#612,#613,#614,#615,#616,#617,#618,#619,#620,#621,
    #622,#623,#624,#625,#626,#627,#628,#629,#630,#631,#632,#633,#634,
    #635,#636,#637,#638,#639,#640,#641,#642,#643,#644,#645,#646,#647),
  .UNSPECIFIED.,.F.,.F.,(9,7,7,7,7,7,7,7,9),(0.,0.103273913385,
    0.35223283491,0.437971025515,0.512739689986,0.586009423284,
    0.754512971432,0.927746854423,1.),.UNSPECIFIED.);
#590 = CARTESIAN_POINT('',(2.1,-34.3,-0.826484018265));
#591 = CARTESIAN_POINT('',(2.1,-34.3413468339,-0.84158788453));
#592 = CARTESIAN_POINT('',(2.09609242596,-34.38264219048,-0.856672946295
    ));
#593 = CARTESIAN_POINT('',(2.08829437135,-34.42334869139,-0.871542900967
    ));
#594 = CARTESIAN_POINT('',(2.076735933558,-34.46297082065,-0.88601673814
    ));
#595 = CARTESIAN_POINT('',(2.06162913519,-34.50107041478,-0.899934398094
    ));
#596 = CARTESIAN_POINT('',(2.04324202252,-34.53727481055,-0.91315974815)
  );
#597 = CARTESIAN_POINT('',(2.021877941113,-34.57127765043,
    -0.925580876872));
#598 = CARTESIAN_POINT('',(1.939960724761,-34.67890017903,
    -0.964895042569));
#599 = CARTESIAN_POINT('',(1.866818654327,-34.74050552281,-0.98739927774
    ));
#600 = CARTESIAN_POINT('',(1.782620602718,-34.7850234194,-1.003661523069
    ));
#601 = CARTESIAN_POINT('',(1.69151037071,-34.81105346929,-1.013170217095
    ));
#602 = CARTESIAN_POINT('',(1.597443912574,-34.81789710518,-1.01567017541
    ));
#603 = CARTESIAN_POINT('',(1.504324528962,-34.80548709472,
    -1.011136838255));
#604 = CARTESIAN_POINT('',(1.41595952544,-34.77421002107,-0.999711423222
    ));
#605 = CARTESIAN_POINT('',(1.309110963436,-34.70794714022,
    -0.975505804648));
#606 = CARTESIAN_POINT('',(1.282827887411,-34.68885761347,
    -0.968532461544));
#607 = CARTESIAN_POINT('',(1.257816334455,-34.66770907059,
    -0.960806966427));
#608 = CARTESIAN_POINT('',(1.234266391824,-34.64457717571,
    -0.952356959167));
#609 = CARTESIAN_POINT('',(1.212372084419,-34.6195623146,-0.943219110357
    ));
#610 = CARTESIAN_POINT('',(1.192326356265,-34.59279417071,
    -0.933440792955));
#611 = CARTESIAN_POINT('',(1.174313607047,-34.56443564025,
    -0.923081512423));
#612 = CARTESIAN_POINT('',(1.144709214468,-34.50874275302,
    -0.902737078729));
#613 = CARTESIAN_POINT('',(1.132589212529,-34.48173853402,
    -0.892872523846));
#614 = CARTESIAN_POINT('',(1.122253378445,-34.45381027314,
    -0.882670419413));
#615 = CARTESIAN_POINT('',(1.113800243447,-34.4251135985,-0.872187615892
    ));
#616 = CARTESIAN_POINT('',(1.10730936514,-34.39582028419,-0.861486861808
    ));
#617 = CARTESIAN_POINT('',(1.102837423226,-34.3661156121,-0.850635840036
    ));
#618 = CARTESIAN_POINT('',(1.100414315219,-34.33619573371,
    -0.839706204095));
#619 = CARTESIAN_POINT('',(1.099671708223,-34.27693436859,
    -0.818058216837));
#620 = CARTESIAN_POINT('',(1.10127082301,-34.24758562085,-0.807337213099
    ));
#621 = CARTESIAN_POINT('',(1.10483725991,-34.21841106343,-0.796679840524
    ));
#622 = CARTESIAN_POINT('',(1.110343239491,-34.18959504086,
    -0.786153439586));
#623 = CARTESIAN_POINT('',(1.117736242307,-34.16131158725,
    -0.775821584385));
#624 = CARTESIAN_POINT('',(1.126942711688,-34.1337220459,-0.765743213116
    ));
#625 = CARTESIAN_POINT('',(1.137871756539,-34.106972689,-0.75597175854)
  );
#626 = CARTESIAN_POINT('',(1.179274295104,-34.02190345287,
    -0.724896238494));
#627 = CARTESIAN_POINT('',(1.216658195239,-33.96780080207,
    -0.705132713085));
#628 = CARTESIAN_POINT('',(1.261333303951,-33.92030092812,
    -0.687781160959));
#629 = CARTESIAN_POINT('',(1.31185132436,-33.88031846701,-0.673175695712
    ));
#630 = CARTESIAN_POINT('',(1.36679253443,-33.84838679894,-0.661511159433
    ));
#631 = CARTESIAN_POINT('',(1.424852650003,-33.82477538346,
    -0.652885984828));
#632 = CARTESIAN_POINT('',(1.48484757559,-33.80960429857,-0.647344036008
    ));
#633 = CARTESIAN_POINT('',(1.608274276316,-33.7961220896,-0.642419028165
    ));
#634 = CARTESIAN_POINT('',(1.671685233041,-33.79830390138,
    -0.643216037036));
#635 = CARTESIAN_POINT('',(1.734795721582,-33.80955682551,
    -0.647326694253));
#636 = CARTESIAN_POINT('',(1.796375265914,-33.82993726481,
    -0.654771603586));
#637 = CARTESIAN_POINT('',(1.85506468286,-33.85939293991,-0.665531667548
    ));
#638 = CARTESIAN_POINT('',(1.909348525766,-33.89765826699,
    -0.679509869223));
#639 = CARTESIAN_POINT('',(1.957600209635,-33.94412917911,
    -0.696485544883));
#640 = CARTESIAN_POINT('',(2.015215710518,-34.0200311633,-0.724212297096
    ));
#641 = CARTESIAN_POINT('',(2.030843987267,-34.04359348777,
    -0.732819538915));
#642 = CARTESIAN_POINT('',(2.045024784508,-34.06828587106,
    -0.741839587603));
#643 = CARTESIAN_POINT('',(2.0576460104,-34.09399771789,-0.751232043067)
  );
#644 = CARTESIAN_POINT('',(2.068605816533,-34.1206009039,-0.760950101883
    ));
#645 = CARTESIAN_POINT('',(2.077816900517,-34.14795048196,
    -0.770940815331));
#646 = CARTESIAN_POINT('',(2.085210808581,-34.17588538857,
    -0.781145347423));
#647 = CARTESIAN_POINT('',(2.090742238166,-34.20422915015,
    -0.791499232933));
#648 = ORIENTED_EDGE('',*,*,#649,.T.);
#649 = EDGE_CURVE('',#587,#585,#650,.T.);
#650 = B_SPLINE_CURVE_WITH_KNOTS('',4,(#651,#652,#653,#654,#655),
  .UNSPECIFIED.,.F.,.F.,(5,5),(0.,1.),.PIECEWISE_BEZIER_KNOTS.);
#651 = CARTESIAN_POINT('',(2.090742238166,-34.20422915015,
    -0.791499232933));
#652 = CARTESIAN_POINT('',(2.09535164953,-34.22784837096,-0.800127258798
    ));
#653 = CARTESIAN_POINT('',(2.098452769892,-34.25180147998,
    -0.808877252962));
#654 = CARTESIAN_POINT('',(2.1,-34.27591262137,-0.817684975843));
#655 = CARTESIAN_POINT('',(2.1,-34.3,-0.826484018265));
#656 = B_SPLINE_SURFACE_WITH_KNOTS('',1,1,(
    (#657,#658)
    ,(#659,#660
    )),.UNSPECIFIED.,.F.,.F.,.F.,(2,2),(2,2),(0.,72.5),(0.,1.),
  .PIECEWISE_BEZIER_KNOTS.);
#657 = CARTESIAN_POINT('',(-36.25,-40.25,-3.));
#658 = CARTESIAN_POINT('',(-26.8,-29.3,1.));
#659 = CARTESIAN_POINT('',(36.25,-40.25,-3.));
#660 = CARTESIAN_POINT('',(26.8,-29.3,1.));
#661 = ADVANCED_FACE('',(#662,#724),#837,.T.);
#662 = FACE_BOUND('',#663,.T.);
#663 = EDGE_LOOP('',(#664,#673,#698,#699));
#664 = ORIENTED_EDGE('',*,*,#665,.F.);
#665 = EDGE_CURVE('',#666,#668,#670,.T.);
#666 = VERTEX_POINT('',#667);
#667 = CARTESIAN_POINT('',(-40.222625,-36.226375,-2.99));
#668 = VERTEX_POINT('',#669);
#669 = CARTESIAN_POINT('',(-29.39860696016,-26.8850991574,0.963979192634
    ));
#670 = B_SPLINE_CURVE_WITH_KNOTS('',1,(#671,#672),.UNSPECIFIED.,.F.,.F.,
  (2,2),(0.,1.),.PIECEWISE_BEZIER_KNOTS.);
#671 = CARTESIAN_POINT('',(-40.25,-36.25,-3.));
#672 = CARTESIAN_POINT('',(-29.3,-26.8,1.));
#673 = ORIENTED_EDGE('',*,*,#674,.F.);
#674 = EDGE_CURVE('',#22,#666,#675,.T.);
#675 = B_SPLINE_CURVE_WITH_KNOTS('',6,(#676,#677,#678,#679,#680,#681,
    #682,#683,#684,#685,#686,#687,#688,#689,#690,#691,#692,#693,#694,
    #695,#696,#697),.UNSPECIFIED.,.F.,.F.,(7,5,5,5,7),(0.,0.251999878479
    ,0.500999938871,0.749999999319,1.),.UNSPECIFIED.);
#676 = CARTESIAN_POINT('',(-36.226375,-40.222625,-2.99));
#677 = CARTESIAN_POINT('',(-36.49001725449,-40.222625,-2.99));
#678 = CARTESIAN_POINT('',(-36.75367451536,-40.20175322176,-2.99));
#679 = CARTESIAN_POINT('',(-37.01524815957,-40.16000542257,-2.99));
#680 = CARTESIAN_POINT('',(-37.27269232036,-40.09766639388,-2.99));
#681 = CARTESIAN_POINT('',(-37.52400949722,-40.01526217836,-2.99));
#682 = CARTESIAN_POINT('',(-38.00762482354,-39.81315982786,-2.99));
#683 = CARTESIAN_POINT('',(-38.24014031235,-39.69390622589,-2.99));
#684 = CARTESIAN_POINT('',(-38.46294263938,-39.55662177333,-2.99));
#685 = CARTESIAN_POINT('',(-38.67431490394,-39.40231797235,-2.99));
#686 = CARTESIAN_POINT('',(-38.87267123931,-39.23220143039,-2.99));
#687 = CARTESIAN_POINT('',(-39.24050016823,-38.86321511383,-2.99));
#688 = CARTESIAN_POINT('',(-39.40999271694,-38.66432532125,-2.99));
#689 = CARTESIAN_POINT('',(-39.56363171208,-38.45246934083,-2.99));
#690 = CARTESIAN_POINT('',(-39.70021553434,-38.22923682218,-2.99));
#691 = CARTESIAN_POINT('',(-39.8187380801,-37.99634783512,-2.99));
#692 = CARTESIAN_POINT('',(-40.01851943541,-37.51403298033,-2.99));
#693 = CARTESIAN_POINT('',(-40.09963765516,-37.26451798108,-2.99));
#694 = CARTESIAN_POINT('',(-40.160995512,-37.00901967901,-2.99));
#695 = CARTESIAN_POINT('',(-40.20208318585,-36.74948938837,-2.99));
#696 = CARTESIAN_POINT('',(-40.222625,-36.48792498258,-2.99));
#697 = CARTESIAN_POINT('',(-40.222625,-36.226375,-2.99));
#698 = ORIENTED_EDGE('',*,*,#21,.T.);
#699 = ORIENTED_EDGE('',*,*,#700,.T.);
#700 = EDGE_CURVE('',#24,#668,#701,.T.);
#701 = B_SPLINE_CURVE_WITH_KNOTS('',6,(#702,#703,#704,#705,#706,#707,
    #708,#709,#710,#711,#712,#713,#714,#715,#716,#717,#718,#719,#720,
    #721,#722,#723),.UNSPECIFIED.,.F.,.F.,(7,5,5,5,7),(0.,0.133773806522
    ,0.499999962393,0.8658614361,1.),.UNSPECIFIED.);
#702 = CARTESIAN_POINT('',(-26.8850991574,-29.39860696016,0.963979192634
    ));
#703 = CARTESIAN_POINT('',(-26.97210104054,-29.39575782327,
    0.965019973233));
#704 = CARTESIAN_POINT('',(-27.05903569472,-29.38941170014,
    0.965942458637));
#705 = CARTESIAN_POINT('',(-27.14571754971,-29.37956769121,
    0.966766134141));
#706 = CARTESIAN_POINT('',(-27.23196433575,-29.36623873421,
    0.967504763559));
#707 = CARTESIAN_POINT('',(-27.31759657315,-29.34945093325,
    0.968168357363));
#708 = CARTESIAN_POINT('',(-27.63470081286,-29.27392028833,0.97039892633
    ));
#709 = CARTESIAN_POINT('',(-27.86107558068,-29.19295307494,
    0.971532351311));
#710 = CARTESIAN_POINT('',(-28.07784017122,-29.08713933017,
    0.972327510087));
#711 = CARTESIAN_POINT('',(-28.28164181716,-28.95799722999,
    0.972835358236));
#712 = CARTESIAN_POINT('',(-28.46940533362,-28.80754993538,
    0.973089919387));
#713 = CARTESIAN_POINT('',(-28.80738164338,-28.46957361195,
    0.973089919294));
#714 = CARTESIAN_POINT('',(-28.9576975439,-28.28201575646,0.972835866337
    ));
#715 = CARTESIAN_POINT('',(-29.08675341672,-28.07844904957,
    0.972329022728));
#716 = CARTESIAN_POINT('',(-29.19253143656,-27.86193900045,
    0.971535521412));
#717 = CARTESIAN_POINT('',(-29.27351687597,-27.63582786822,
    0.970404564542));
#718 = CARTESIAN_POINT('',(-29.3492218043,-27.31876396922,0.968177399196
    ));
#719 = CARTESIAN_POINT('',(-29.36609320571,-27.23290497381,
    0.967512815166));
#720 = CARTESIAN_POINT('',(-29.37948708982,-27.14642659734,
    0.966772869322));
#721 = CARTESIAN_POINT('',(-29.38937706663,-27.05950977467,
    0.965947488746));
#722 = CARTESIAN_POINT('',(-29.39575005471,-26.97233826293,
    0.965022811062));
#723 = CARTESIAN_POINT('',(-29.39860696016,-26.8850991574,0.963979192634
    ));
#724 = FACE_BOUND('',#725,.T.);
#725 = EDGE_LOOP('',(#726,#795,#812));
#726 = ORIENTED_EDGE('',*,*,#727,.T.);
#727 = EDGE_CURVE('',#728,#730,#732,.T.);
#728 = VERTEX_POINT('',#729);
#729 = CARTESIAN_POINT('',(-35.60882200915,-38.84280331477,-2.5));
#730 = VERTEX_POINT('',#731);
#731 = CARTESIAN_POINT('',(-39.61869092118,-36.79385596079,
    -2.814849305299));
#732 = B_SPLINE_CURVE_WITH_KNOTS('',6,(#733,#734,#735,#736,#737,#738,
    #739,#740,#741,#742,#743,#744,#745,#746,#747,#748,#749,#750,#751,
    #752,#753,#754,#755,#756,#757,#758,#759,#760,#761,#762,#763,#764,
    #765,#766,#767,#768,#769,#770,#771,#772,#773,#774,#775,#776,#777,
    #778,#779,#780,#781,#782,#783,#784,#785,#786,#787,#788,#789,#790,
    #791,#792,#793,#794),.UNSPECIFIED.,.F.,.F.,(7,5,5,5,5,5,5,5,5,5,5,5,
    7),(0.,5.712547326062E-02,0.186582756581,0.28987842987,
    0.355569949132,0.432221209579,0.485999448096,0.523857637891,
    0.617268522567,0.742663597326,0.794128017546,0.867810940266,1.),
  .UNSPECIFIED.);
#733 = CARTESIAN_POINT('',(-35.60882067469,-38.84280165809,-2.4999994));
#734 = CARTESIAN_POINT('',(-35.6450449092,-38.88777256553,
    -2.516286563559));
#735 = CARTESIAN_POINT('',(-35.68270595701,-38.93175408073,
    -2.532320237622));
#736 = CARTESIAN_POINT('',(-35.72177626467,-38.97468759014,
    -2.548077534073));
#737 = CARTESIAN_POINT('',(-35.7622234771,-39.01651423962,
    -2.563538106859));
#738 = CARTESIAN_POINT('',(-35.80401043759,-39.05717493451,
    -2.578684151994));
#739 = CARTESIAN_POINT('',(-35.9447334987,-39.18597853406,
    -2.627076885524));
#740 = CARTESIAN_POINT('',(-36.0490475285,-39.26906485497,
    -2.658964210756));
#741 = CARTESIAN_POINT('',(-36.15952601332,-39.34516357632,
    -2.68897593182));
#742 = CARTESIAN_POINT('',(-36.27554753932,-39.41362403689,
    -2.717020065837));
#743 = CARTESIAN_POINT('',(-36.39637766591,-39.47387960207,
    -2.74307588567));
#744 = CARTESIAN_POINT('',(-36.62073634508,-39.56664657118,
    -2.786396282815));
#745 = CARTESIAN_POINT('',(-36.7228367493,-39.60230821658,
    -2.804374998327));
#746 = CARTESIAN_POINT('',(-36.82704386821,-39.63223383924,
    -2.821121661542));
#747 = CARTESIAN_POINT('',(-36.93291625391,-39.65625082966,
    -2.83667243024));
#748 = CARTESIAN_POINT('',(-37.03999890315,-39.67424003589,
    -2.851074718018));
#749 = CARTESIAN_POINT('',(-37.2164021797,-39.69369821633,-2.87283683209
    ));
#750 = CARTESIAN_POINT('',(-37.28527975864,-39.69879729779,
    -2.880851800819));
#751 = CARTESIAN_POINT('',(-37.35434216725,-39.70141440145,
    -2.888435133213));
#752 = CARTESIAN_POINT('',(-37.42347169194,-39.70154065076,
    -2.89559989651));
#753 = CARTESIAN_POINT('',(-37.49255123176,-39.69917524358,-2.9023590984
    ));
#754 = CARTESIAN_POINT('',(-37.64187457773,-39.68866653861,
    -2.916154454806));
#755 = CARTESIAN_POINT('',(-37.72205878483,-39.67962480605,
    -2.923048452781));
#756 = CARTESIAN_POINT('',(-37.80183211269,-39.66721191569,
    -2.929428139401));
#757 = CARTESIAN_POINT('',(-37.88101342659,-39.65145268377,
    -2.935312420694));
#758 = CARTESIAN_POINT('',(-37.9594252641,-39.6323850815,-2.940718650256
    ));
#759 = CARTESIAN_POINT('',(-38.09124549554,-39.59439720615,
    -2.949131306482));
#760 = CARTESIAN_POINT('',(-38.14513306844,-39.57713069664,
    -2.952372403785));
#761 = CARTESIAN_POINT('',(-38.19849671323,-39.55827823538,
    -2.955391312008));
#762 = CARTESIAN_POINT('',(-38.25127788397,-39.53786016763,
    -2.958192921889));
#763 = CARTESIAN_POINT('',(-38.30341932931,-39.51589965511,
    -2.960781624063));
#764 = CARTESIAN_POINT('',(-38.39108129287,-39.4758956206,
    -2.964836532513));
#765 = CARTESIAN_POINT('',(-38.4269527618,-39.4586170244,-2.966408170718
    ));
#766 = CARTESIAN_POINT('',(-38.46245999744,-39.44059593247,
    -2.967877577247));
#767 = CARTESIAN_POINT('',(-38.49758387465,-39.42184202467,
    -2.969245975935));
#768 = CARTESIAN_POINT('',(-38.53230564495,-39.40236561565,
    -2.97051446088));
#769 = CARTESIAN_POINT('',(-38.65124156935,-39.33236610069,
    -2.974569695737));
#770 = CARTESIAN_POINT('',(-38.73331680743,-39.27822226813,
    -2.976852998819));
#771 = CARTESIAN_POINT('',(-38.81255593793,-39.21991110731,
    -2.978548363762));
#772 = CARTESIAN_POINT('',(-38.8886985529,-39.15761914515,
    -2.979665406782));
#773 = CARTESIAN_POINT('',(-38.96150110305,-39.09155365894,
    -2.980208868713));
#774 = CARTESIAN_POINT('',(-39.12368055037,-38.92849473137,
    -2.980137923825));
#775 = CARTESIAN_POINT('',(-39.21019953192,-38.82865438502,
    -2.979063315945));
#776 = CARTESIAN_POINT('',(-39.28974630349,-38.72297252593,
    -2.97695448307));
#777 = CARTESIAN_POINT('',(-39.36183864851,-38.61205560757,
    -2.973795088354));
#778 = CARTESIAN_POINT('',(-39.42606431433,-38.49656229184,
    -2.969553001952));
#779 = CARTESIAN_POINT('',(-39.50507704971,-38.32821284003,
    -2.961975626309));
#780 = CARTESIAN_POINT('',(-39.52668716811,-38.27857285814,
    -2.959580278521));
#781 = CARTESIAN_POINT('',(-39.54689218677,-38.22832972904,
    -2.956991218634));
#782 = CARTESIAN_POINT('',(-39.56567117712,-38.17753331726,
    -2.954204715108));
#783 = CARTESIAN_POINT('',(-39.58300555036,-38.12623459631,
    -2.951216612957));
#784 = CARTESIAN_POINT('',(-39.62160556257,-38.00039536068,
    -2.943449002765));
#785 = CARTESIAN_POINT('',(-39.64133776565,-37.92538182414,
    -2.938453105931));
#786 = CARTESIAN_POINT('',(-39.65802767987,-37.84959829096,
    -2.933021065823));
#787 = CARTESIAN_POINT('',(-39.67163838665,-37.77320134033,
    -2.927137900656));
#788 = CARTESIAN_POINT('',(-39.68214403587,-37.69635087871,
    -2.920787224285));
#789 = CARTESIAN_POINT('',(-39.70278017876,-37.4808176689,
    -2.901687325604));
#790 = CARTESIAN_POINT('',(-39.70599043752,-37.34148274467,
    -2.887861040751));
#791 = CARTESIAN_POINT('',(-39.69907438141,-37.20215932199,
    -2.872371871677));
#792 = CARTESIAN_POINT('',(-39.68207732497,-37.06380836028,
    -2.855109418819));
#793 = CARTESIAN_POINT('',(-39.65517266914,-36.92739142063,
    -2.835960469982));
#794 = CARTESIAN_POINT('',(-39.61869092118,-36.79385596079,
    -2.814849305299));
#795 = ORIENTED_EDGE('',*,*,#796,.T.);
#796 = EDGE_CURVE('',#730,#797,#799,.T.);
#797 = VERTEX_POINT('',#798);
#798 = CARTESIAN_POINT('',(-38.84280331477,-35.60882200915,-2.5));
#799 = B_SPLINE_CURVE_WITH_KNOTS('',6,(#800,#801,#802,#803,#804,#805,
    #806,#807,#808,#809,#810,#811),.UNSPECIFIED.,.F.,.F.,(7,5,7),(0.,
    0.19749209722,1.),.UNSPECIFIED.);
#800 = CARTESIAN_POINT('',(-39.61869092118,-36.79385596079,
    -2.814849305299));
#801 = CARTESIAN_POINT('',(-39.60601604993,-36.74746167173,
    -2.807514643196));
#802 = CARTESIAN_POINT('',(-39.59218496648,-36.70141452062,
    -2.799943061681));
#803 = CARTESIAN_POINT('',(-39.57721135848,-36.65575385927,
    -2.792131196423));
#804 = CARTESIAN_POINT('',(-39.56111096751,-36.61051821244,
    -2.784076316811));
#805 = CARTESIAN_POINT('',(-39.54390158911,-36.56574527776,
    -2.775776325949));
#806 = CARTESIAN_POINT('',(-39.45124716585,-36.34156743692,
    -2.732500846014));
#807 = CARTESIAN_POINT('',(-39.3588804094,-36.16984674828,
    -2.693688085828));
#808 = CARTESIAN_POINT('',(-39.24987384141,-36.0089425541,
    -2.650728633307));
#809 = CARTESIAN_POINT('',(-39.1261259827,-35.8608791383,-2.603730451785
    ));
#810 = CARTESIAN_POINT('',(-38.98970794211,-35.72715423693,
    -2.553204612257));
#811 = CARTESIAN_POINT('',(-38.84280165809,-35.60882067469,-2.4999994));
#812 = ORIENTED_EDGE('',*,*,#813,.F.);
#813 = EDGE_CURVE('',#728,#797,#814,.T.);
#814 = B_SPLINE_CURVE_WITH_KNOTS('',6,(#815,#816,#817,#818,#819,#820,
    #821,#822,#823,#824,#825,#826,#827,#828,#829,#830,#831,#832,#833,
    #834,#835,#836),.UNSPECIFIED.,.F.,.F.,(7,5,5,5,7),(0.,0.250394972653
    ,0.5,0.749605027348,1.),.UNSPECIFIED.);
#815 = CARTESIAN_POINT('',(-35.1,-38.88112192393,-2.5));
#816 = CARTESIAN_POINT('',(-35.34730157073,-38.87909479113,-2.5));
#817 = CARTESIAN_POINT('',(-35.59445843566,-38.85781712481,-2.5));
#818 = CARTESIAN_POINT('',(-35.83956852722,-38.8173008626,-2.5));
#819 = CARTESIAN_POINT('',(-36.08077783744,-38.75781476792,-2.5));
#820 = CARTESIAN_POINT('',(-36.31627670697,-38.67984340441,-2.5));
#821 = CARTESIAN_POINT('',(-36.77162933164,-38.48871127537,-2.5));
#822 = CARTESIAN_POINT('',(-36.99155396128,-38.37565228628,-2.5));
#823 = CARTESIAN_POINT('',(-37.20234806808,-38.24567519379,-2.5));
#824 = CARTESIAN_POINT('',(-37.40241309332,-38.09972251262,-2.5));
#825 = CARTESIAN_POINT('',(-37.59027180188,-37.93891740425,-2.5));
#826 = CARTESIAN_POINT('',(-37.93891740425,-37.59027180188,-2.5));
#827 = CARTESIAN_POINT('',(-38.09972251262,-37.40241309332,-2.5));
#828 = CARTESIAN_POINT('',(-38.24567519379,-37.20234806808,-2.5));
#829 = CARTESIAN_POINT('',(-38.37565228629,-36.99155396128,-2.5));
#830 = CARTESIAN_POINT('',(-38.48871127537,-36.77162933164,-2.5));
#831 = CARTESIAN_POINT('',(-38.67984340441,-36.31627670697,-2.5));
#832 = CARTESIAN_POINT('',(-38.75781476792,-36.08077783744,-2.5));
#833 = CARTESIAN_POINT('',(-38.8173008626,-35.83956852722,-2.5));
#834 = CARTESIAN_POINT('',(-38.85781712481,-35.59445843566,-2.5));
#835 = CARTESIAN_POINT('',(-38.87909479113,-35.34730157073,-2.5));
#836 = CARTESIAN_POINT('',(-38.88112192393,-35.1,-2.5));
#837 = B_SPLINE_SURFACE_WITH_KNOTS('',8,1,(
    (#838,#839)
    ,(#840,#841)
    ,(#842,#843)
    ,(#844,#845)
    ,(#846,#847)
    ,(#848,#849)
    ,(#850,#851)
    ,(#852,#853)
    ,(#854,#855
    )),.UNSPECIFIED.,.F.,.F.,.F.,(9,9),(2,2),(0.,1.570796326795),(0.,1.)
  ,.PIECEWISE_BEZIER_KNOTS.);
#838 = CARTESIAN_POINT('',(-40.25,-36.25,-3.));
#839 = CARTESIAN_POINT('',(-29.3,-26.8,1.));
#840 = CARTESIAN_POINT('',(-40.25,-37.03539816339,-3.));
#841 = CARTESIAN_POINT('',(-29.3,-27.29087385212,1.));
#842 = CARTESIAN_POINT('',(-40.07375684415,-37.82079657401,-3.));
#843 = CARTESIAN_POINT('',(-29.18984802759,-27.78174785876,1.));
#844 = CARTESIAN_POINT('',(-39.72127226348,-38.56005293734,-3.));
#845 = CARTESIAN_POINT('',(-28.96954516467,-28.24378308583,1.));
#846 = CARTESIAN_POINT('',(-39.20703502311,-39.20703502312,-3.));
#847 = CARTESIAN_POINT('',(-28.64814688945,-28.64814688945,1.));
#848 = CARTESIAN_POINT('',(-38.56005293734,-39.72127226348,-3.));
#849 = CARTESIAN_POINT('',(-28.24378308583,-28.96954516467,1.));
#850 = CARTESIAN_POINT('',(-37.82079657401,-40.07375684415,-3.));
#851 = CARTESIAN_POINT('',(-27.78174785876,-29.18984802759,1.));
#852 = CARTESIAN_POINT('',(-37.03539816339,-40.25,-3.));
#853 = CARTESIAN_POINT('',(-27.29087385212,-29.3,1.));
#854 = CARTESIAN_POINT('',(-36.25,-40.25,-3.));
#855 = CARTESIAN_POINT('',(-26.8,-29.3,1.));
#856 = ADVANCED_FACE('',(#857,#927),#1031,.T.);
#857 = FACE_BOUND('',#858,.T.);
#858 = EDGE_LOOP('',(#859,#869,#878,#886,#895,#903,#912,#920));
#859 = ORIENTED_EDGE('',*,*,#860,.T.);
#860 = EDGE_CURVE('',#861,#863,#865,.T.);
#861 = VERTEX_POINT('',#862);
#862 = CARTESIAN_POINT('',(-36.25,-40.25,-2.99));
#863 = VERTEX_POINT('',#864);
#864 = CARTESIAN_POINT('',(36.25,-40.25,-2.99));
#865 = LINE('',#866,#867);
#866 = CARTESIAN_POINT('',(-36.25,-40.25,-2.99));
#867 = VECTOR('',#868,1.);
#868 = DIRECTION('',(1.,0.,0.));
#869 = ORIENTED_EDGE('',*,*,#870,.T.);
#870 = EDGE_CURVE('',#863,#871,#873,.T.);
#871 = VERTEX_POINT('',#872);
#872 = CARTESIAN_POINT('',(40.25,-36.25,-2.99));
#873 = CIRCLE('',#874,4.);
#874 = AXIS2_PLACEMENT_3D('',#875,#876,#877);
#875 = CARTESIAN_POINT('',(36.25,-36.25,-2.99));
#876 = DIRECTION('',(0.,0.,1.));
#877 = DIRECTION('',(0.,-1.,0.));
#878 = ORIENTED_EDGE('',*,*,#879,.T.);
#879 = EDGE_CURVE('',#871,#880,#882,.T.);
#880 = VERTEX_POINT('',#881);
#881 = CARTESIAN_POINT('',(40.25,36.25,-2.99));
#882 = LINE('',#883,#884);
#883 = CARTESIAN_POINT('',(40.25,-36.25,-2.99));
#884 = VECTOR('',#885,1.);
#885 = DIRECTION('',(0.,1.,0.));
#886 = ORIENTED_EDGE('',*,*,#887,.T.);
#887 = EDGE_CURVE('',#880,#888,#890,.T.);
#888 = VERTEX_POINT('',#889);
#889 = CARTESIAN_POINT('',(36.25,40.25,-2.99));
#890 = CIRCLE('',#891,4.);
#891 = AXIS2_PLACEMENT_3D('',#892,#893,#894);
#892 = CARTESIAN_POINT('',(36.25,36.25,-2.99));
#893 = DIRECTION('',(0.,0.,1.));
#894 = DIRECTION('',(1.,0.,-0.));
#895 = ORIENTED_EDGE('',*,*,#896,.T.);
#896 = EDGE_CURVE('',#888,#897,#899,.T.);
#897 = VERTEX_POINT('',#898);
#898 = CARTESIAN_POINT('',(-36.25,40.25,-2.99));
#899 = LINE('',#900,#901);
#900 = CARTESIAN_POINT('',(36.25,40.25,-2.99));
#901 = VECTOR('',#902,1.);
#902 = DIRECTION('',(-1.,0.,0.));
#903 = ORIENTED_EDGE('',*,*,#904,.T.);
#904 = EDGE_CURVE('',#897,#905,#907,.T.);
#905 = VERTEX_POINT('',#906);
#906 = CARTESIAN_POINT('',(-40.25,36.25,-2.99));
#907 = CIRCLE('',#908,4.);
#908 = AXIS2_PLACEMENT_3D('',#909,#910,#911);
#909 = CARTESIAN_POINT('',(-36.25,36.25,-2.99));
#910 = DIRECTION('',(0.,-0.,1.));
#911 = DIRECTION('',(0.,1.,0.));
#912 = ORIENTED_EDGE('',*,*,#913,.T.);
#913 = EDGE_CURVE('',#905,#914,#916,.T.);
#914 = VERTEX_POINT('',#915);
#915 = CARTESIAN_POINT('',(-40.25,-36.25,-2.99));
#916 = LINE('',#917,#918);
#917 = CARTESIAN_POINT('',(-40.25,36.25,-2.99));
#918 = VECTOR('',#919,1.);
#919 = DIRECTION('',(0.,-1.,0.));
#920 = ORIENTED_EDGE('',*,*,#921,.T.);
#921 = EDGE_CURVE('',#914,#861,#922,.T.);
#922 = CIRCLE('',#923,4.);
#923 = AXIS2_PLACEMENT_3D('',#924,#925,#926);
#924 = CARTESIAN_POINT('',(-36.25,-36.25,-2.99));
#925 = DIRECTION('',(0.,0.,1.));
#926 = DIRECTION('',(-1.,0.,0.));
#927 = FACE_BOUND('',#928,.T.);
#928 = EDGE_LOOP('',(#929,#956,#957,#958,#965,#992,#999,#1026));
#929 = ORIENTED_EDGE('',*,*,#930,.T.);
#930 = EDGE_CURVE('',#931,#31,#933,.T.);
#931 = VERTEX_POINT('',#932);
#932 = CARTESIAN_POINT('',(40.222625,-36.226375,-2.99));
#933 = B_SPLINE_CURVE_WITH_KNOTS('',6,(#934,#935,#936,#937,#938,#939,
    #940,#941,#942,#943,#944,#945,#946,#947,#948,#949,#950,#951,#952,
    #953,#954,#955),.UNSPECIFIED.,.F.,.F.,(7,5,5,5,7),(0.,0.251999878479
    ,0.500999938871,0.749999999319,1.),.UNSPECIFIED.);
#934 = CARTESIAN_POINT('',(40.222625,-36.226375,-2.99));
#935 = CARTESIAN_POINT('',(40.222625,-36.49001725449,-2.99));
#936 = CARTESIAN_POINT('',(40.201753221763,-36.75367451536,-2.99));
#937 = CARTESIAN_POINT('',(40.160005422571,-37.01524815957,-2.99));
#938 = CARTESIAN_POINT('',(40.097666393884,-37.27269232036,-2.99));
#939 = CARTESIAN_POINT('',(40.015262178361,-37.52400949722,-2.99));
#940 = CARTESIAN_POINT('',(39.813159827863,-38.00762482354,-2.99));
#941 = CARTESIAN_POINT('',(39.693906225896,-38.24014031235,-2.99));
#942 = CARTESIAN_POINT('',(39.556621773331,-38.46294263938,-2.99));
#943 = CARTESIAN_POINT('',(39.402317972352,-38.67431490394,-2.99));
#944 = CARTESIAN_POINT('',(39.232201430397,-38.87267123931,-2.99));
#945 = CARTESIAN_POINT('',(38.863215113835,-39.24050016823,-2.99));
#946 = CARTESIAN_POINT('',(38.664325321253,-39.40999271694,-2.99));
#947 = CARTESIAN_POINT('',(38.452469340838,-39.56363171208,-2.99));
#948 = CARTESIAN_POINT('',(38.229236822185,-39.70021553434,-2.99));
#949 = CARTESIAN_POINT('',(37.996347835127,-39.8187380801,-2.99));
#950 = CARTESIAN_POINT('',(37.514032980336,-40.01851943541,-2.99));
#951 = CARTESIAN_POINT('',(37.264517981082,-40.09963765516,-2.99));
#952 = CARTESIAN_POINT('',(37.009019679015,-40.160995512,-2.99));
#953 = CARTESIAN_POINT('',(36.749489388374,-40.20208318585,-2.99));
#954 = CARTESIAN_POINT('',(36.487924982588,-40.222625,-2.99));
#955 = CARTESIAN_POINT('',(36.226375,-40.222625,-2.99));
#956 = ORIENTED_EDGE('',*,*,#30,.T.);
#957 = ORIENTED_EDGE('',*,*,#674,.T.);
#958 = ORIENTED_EDGE('',*,*,#959,.T.);
#959 = EDGE_CURVE('',#666,#960,#962,.T.);
#960 = VERTEX_POINT('',#961);
#961 = CARTESIAN_POINT('',(-40.222625,36.226375,-2.99));
#962 = B_SPLINE_CURVE_WITH_KNOTS('',1,(#963,#964),.UNSPECIFIED.,.F.,.F.,
  (2,2),(0.,1.),.PIECEWISE_BEZIER_KNOTS.);
#963 = CARTESIAN_POINT('',(-40.222625,-36.226375,-2.99));
#964 = CARTESIAN_POINT('',(-40.222625,36.226375,-2.99));
#965 = ORIENTED_EDGE('',*,*,#966,.T.);
#966 = EDGE_CURVE('',#960,#967,#969,.T.);
#967 = VERTEX_POINT('',#968);
#968 = CARTESIAN_POINT('',(-36.226375,40.222625,-2.99));
#969 = B_SPLINE_CURVE_WITH_KNOTS('',6,(#970,#971,#972,#973,#974,#975,
    #976,#977,#978,#979,#980,#981,#982,#983,#984,#985,#986,#987,#988,
    #989,#990,#991),.UNSPECIFIED.,.F.,.F.,(7,5,5,5,7),(0.,0.251999878479
    ,0.50099993887,0.749999999319,1.),.UNSPECIFIED.);
#970 = CARTESIAN_POINT('',(-40.222625,36.226375,-2.99));
#971 = CARTESIAN_POINT('',(-40.222625,36.490017254491,-2.99));
#972 = CARTESIAN_POINT('',(-40.20175322176,36.753674515369,-2.99));
#973 = CARTESIAN_POINT('',(-40.16000542257,37.01524815957,-2.99));
#974 = CARTESIAN_POINT('',(-40.09766639388,37.272692320361,-2.99));
#975 = CARTESIAN_POINT('',(-40.01526217836,37.524009497223,-2.99));
#976 = CARTESIAN_POINT('',(-39.81315982786,38.007624823542,-2.99));
#977 = CARTESIAN_POINT('',(-39.69390622589,38.240140312353,-2.99));
#978 = CARTESIAN_POINT('',(-39.55662177333,38.462942639387,-2.99));
#979 = CARTESIAN_POINT('',(-39.40231797235,38.674314903943,-2.99));
#980 = CARTESIAN_POINT('',(-39.23220143039,38.872671239316,-2.99));
#981 = CARTESIAN_POINT('',(-38.86321511383,39.240500168231,-2.99));
#982 = CARTESIAN_POINT('',(-38.66432532125,39.409992716947,-2.99));
#983 = CARTESIAN_POINT('',(-38.45246934083,39.56363171209,-2.99));
#984 = CARTESIAN_POINT('',(-38.22923682218,39.700215534348,-2.99));
#985 = CARTESIAN_POINT('',(-37.99634783512,39.818738080104,-2.99));
#986 = CARTESIAN_POINT('',(-37.51403298033,40.018519435413,-2.99));
#987 = CARTESIAN_POINT('',(-37.26451798108,40.099637655159,-2.99));
#988 = CARTESIAN_POINT('',(-37.00901967901,40.160995512009,-2.99));
#989 = CARTESIAN_POINT('',(-36.74948938837,40.20208318585,-2.99));
#990 = CARTESIAN_POINT('',(-36.48792498258,40.222625,-2.99));
#991 = CARTESIAN_POINT('',(-36.226375,40.222625,-2.99));
#992 = ORIENTED_EDGE('',*,*,#993,.T.);
#993 = EDGE_CURVE('',#967,#994,#996,.T.);
#994 = VERTEX_POINT('',#995);
#995 = CARTESIAN_POINT('',(36.226375,40.222625,-2.99));
#996 = B_SPLINE_CURVE_WITH_KNOTS('',1,(#997,#998),.UNSPECIFIED.,.F.,.F.,
  (2,2),(0.,1.),.PIECEWISE_BEZIER_KNOTS.);
#997 = CARTESIAN_POINT('',(-36.226375,40.222625,-2.99));
#998 = CARTESIAN_POINT('',(36.226375,40.222625,-2.99));
#999 = ORIENTED_EDGE('',*,*,#1000,.T.);
#1000 = EDGE_CURVE('',#994,#1001,#1003,.T.);
#1001 = VERTEX_POINT('',#1002);
#1002 = CARTESIAN_POINT('',(40.222625,36.226375,-2.99));
#1003 = B_SPLINE_CURVE_WITH_KNOTS('',6,(#1004,#1005,#1006,#1007,#1008,
    #1009,#1010,#1011,#1012,#1013,#1014,#1015,#1016,#1017,#1018,#1019,
    #1020,#1021,#1022,#1023,#1024,#1025),.UNSPECIFIED.,.F.,.F.,(7,5,5,5,
    7),(0.,0.251999878479,0.500999938871,0.749999999319,1.),
  .UNSPECIFIED.);
#1004 = CARTESIAN_POINT('',(36.226375,40.222625,-2.99));
#1005 = CARTESIAN_POINT('',(36.490017254491,40.222625,-2.99));
#1006 = CARTESIAN_POINT('',(36.753674515369,40.201753221763,-2.99));
#1007 = CARTESIAN_POINT('',(37.01524815957,40.160005422571,-2.99));
#1008 = CARTESIAN_POINT('',(37.272692320361,40.097666393884,-2.99));
#1009 = CARTESIAN_POINT('',(37.524009497223,40.015262178361,-2.99));
#1010 = CARTESIAN_POINT('',(38.007624823542,39.813159827863,-2.99));
#1011 = CARTESIAN_POINT('',(38.240140312354,39.693906225896,-2.99));
#1012 = CARTESIAN_POINT('',(38.462942639386,39.55662177333,-2.99));
#1013 = CARTESIAN_POINT('',(38.674314903944,39.402317972353,-2.99));
#1014 = CARTESIAN_POINT('',(38.872671239316,39.232201430397,-2.99));
#1015 = CARTESIAN_POINT('',(39.24050016823,38.863215113835,-2.99));
#1016 = CARTESIAN_POINT('',(39.409992716947,38.664325321253,-2.99));
#1017 = CARTESIAN_POINT('',(39.563631712089,38.452469340838,-2.99));
#1018 = CARTESIAN_POINT('',(39.700215534348,38.229236822185,-2.99));
#1019 = CARTESIAN_POINT('',(39.818738080104,37.996347835127,-2.99));
#1020 = CARTESIAN_POINT('',(40.018519435413,37.514032980336,-2.99));
#1021 = CARTESIAN_POINT('',(40.09963765516,37.264517981082,-2.99));
#1022 = CARTESIAN_POINT('',(40.160995512009,37.009019679015,-2.99));
#1023 = CARTESIAN_POINT('',(40.202083185851,36.749489388374,-2.99));
#1024 = CARTESIAN_POINT('',(40.222625,36.487924982588,-2.99));
#1025 = CARTESIAN_POINT('',(40.222625,36.226375,-2.99));
#1026 = ORIENTED_EDGE('',*,*,#1027,.T.);
#1027 = EDGE_CURVE('',#1001,#931,#1028,.T.);
#1028 = B_SPLINE_CURVE_WITH_KNOTS('',1,(#1029,#1030),.UNSPECIFIED.,.F.,
  .F.,(2,2),(0.,1.),.PIECEWISE_BEZIER_KNOTS.);
#1029 = CARTESIAN_POINT('',(40.222625,36.226375,-2.99));
#1030 = CARTESIAN_POINT('',(40.222625,-36.226375,-2.99));
#1031 = PLANE('',#1032);
#1032 = AXIS2_PLACEMENT_3D('',#1033,#1034,#1035);
#1033 = CARTESIAN_POINT('',(3.159506059636E-16,2.708148051117E-16,-2.99)
  );
#1034 = DIRECTION('',(0.,0.,1.));
#1035 = DIRECTION('',(1.,0.,-0.));
#1036 = ADVANCED_FACE('',(#1037),#1074,.T.);
#1037 = FACE_BOUND('',#1038,.F.);
#1038 = EDGE_LOOP('',(#1039,#1049,#1057,#1066,#1072,#1073));
#1039 = ORIENTED_EDGE('',*,*,#1040,.T.);
#1040 = EDGE_CURVE('',#668,#1041,#1043,.T.);
#1041 = VERTEX_POINT('',#1042);
#1042 = CARTESIAN_POINT('',(-29.4,-26.8,0.963470319635));
#1043 = B_SPLINE_CURVE_WITH_KNOTS('',3,(#1044,#1045,#1046,#1047,#1048),
  .UNSPECIFIED.,.F.,.F.,(4,1,4),(0.,0.621853934289,1.),.UNSPECIFIED.);
#1044 = CARTESIAN_POINT('',(-29.39860696016,-26.8850991574,
    0.963979192634));
#1045 = CARTESIAN_POINT('',(-29.3991825284,-26.86752347639,
    0.963768939395));
#1046 = CARTESIAN_POINT('',(-29.39982046771,-26.83939827043,
    0.963535902205));
#1047 = CARTESIAN_POINT('',(-29.4,-26.81078534849,0.963470319635));
#1048 = CARTESIAN_POINT('',(-29.4,-26.8,0.963470319635));
#1049 = ORIENTED_EDGE('',*,*,#1050,.T.);
#1050 = EDGE_CURVE('',#1041,#1051,#1053,.T.);
#1051 = VERTEX_POINT('',#1052);
#1052 = CARTESIAN_POINT('',(-29.4,-26.8,1.));
#1053 = LINE('',#1054,#1055);
#1054 = CARTESIAN_POINT('',(-29.4,-26.8,-5.5));
#1055 = VECTOR('',#1056,1.);
#1056 = DIRECTION('',(0.,0.,1.));
#1057 = ORIENTED_EDGE('',*,*,#1058,.T.);
#1058 = EDGE_CURVE('',#1051,#1059,#1061,.T.);
#1059 = VERTEX_POINT('',#1060);
#1060 = CARTESIAN_POINT('',(-26.8,-29.4,1.));
#1061 = CIRCLE('',#1062,2.6);
#1062 = AXIS2_PLACEMENT_3D('',#1063,#1064,#1065);
#1063 = CARTESIAN_POINT('',(-26.8,-26.8,1.));
#1064 = DIRECTION('',(0.,0.,1.));
#1065 = DIRECTION('',(-1.,-2.732856676E-15,0.));
#1066 = ORIENTED_EDGE('',*,*,#1067,.F.);
#1067 = EDGE_CURVE('',#55,#1059,#1068,.T.);
#1068 = LINE('',#1069,#1070);
#1069 = CARTESIAN_POINT('',(-26.8,-29.4,-5.5));
#1070 = VECTOR('',#1071,1.);
#1071 = DIRECTION('',(0.,0.,1.));
#1072 = ORIENTED_EDGE('',*,*,#61,.T.);
#1073 = ORIENTED_EDGE('',*,*,#700,.T.);
#1074 = CYLINDRICAL_SURFACE('',#1075,2.6);
#1075 = AXIS2_PLACEMENT_3D('',#1076,#1077,#1078);
#1076 = CARTESIAN_POINT('',(-26.8,-26.8,-5.5));
#1077 = DIRECTION('',(-0.,-0.,-1.));
#1078 = DIRECTION('',(-1.,-2.732856676E-15,0.));
#1079 = ADVANCED_FACE('',(#1080,#1116),#1231,.T.);
#1080 = FACE_BOUND('',#1081,.T.);
#1081 = EDGE_LOOP('',(#1082,#1083,#1084,#1091));
#1082 = ORIENTED_EDGE('',*,*,#37,.F.);
#1083 = ORIENTED_EDGE('',*,*,#930,.F.);
#1084 = ORIENTED_EDGE('',*,*,#1085,.T.);
#1085 = EDGE_CURVE('',#931,#1086,#1088,.T.);
#1086 = VERTEX_POINT('',#1087);
#1087 = CARTESIAN_POINT('',(29.398606960163,-26.8850991574,
    0.963979192634));
#1088 = B_SPLINE_CURVE_WITH_KNOTS('',1,(#1089,#1090),.UNSPECIFIED.,.F.,
  .F.,(2,2),(0.,1.),.PIECEWISE_BEZIER_KNOTS.);
#1089 = CARTESIAN_POINT('',(40.25,-36.25,-3.));
#1090 = CARTESIAN_POINT('',(29.3,-26.8,1.));
#1091 = ORIENTED_EDGE('',*,*,#1092,.T.);
#1092 = EDGE_CURVE('',#1086,#38,#1093,.T.);
#1093 = B_SPLINE_CURVE_WITH_KNOTS('',6,(#1094,#1095,#1096,#1097,#1098,
    #1099,#1100,#1101,#1102,#1103,#1104,#1105,#1106,#1107,#1108,#1109,
    #1110,#1111,#1112,#1113,#1114,#1115),.UNSPECIFIED.,.F.,.F.,(7,5,5,5,
    7),(0.,0.133773806522,0.499999962393,0.865861436113,1.),
  .UNSPECIFIED.);
#1094 = CARTESIAN_POINT('',(29.398606960163,-26.8850991574,
    0.963979192634));
#1095 = CARTESIAN_POINT('',(29.395757823275,-26.97210104054,
    0.965019973233));
#1096 = CARTESIAN_POINT('',(29.389411700143,-27.05903569472,
    0.965942458637));
#1097 = CARTESIAN_POINT('',(29.379567691218,-27.14571754971,
    0.966766134141));
#1098 = CARTESIAN_POINT('',(29.366238734218,-27.23196433575,
    0.967504763559));
#1099 = CARTESIAN_POINT('',(29.349450933258,-27.31759657315,
    0.968168357363));
#1100 = CARTESIAN_POINT('',(29.273920288332,-27.63470081286,
    0.97039892633));
#1101 = CARTESIAN_POINT('',(29.192953074947,-27.86107558068,
    0.971532351311));
#1102 = CARTESIAN_POINT('',(29.087139330176,-28.07784017122,
    0.972327510087));
#1103 = CARTESIAN_POINT('',(28.957997229994,-28.28164181716,
    0.972835358236));
#1104 = CARTESIAN_POINT('',(28.807549935383,-28.46940533362,
    0.973089919387));
#1105 = CARTESIAN_POINT('',(28.469573611951,-28.80738164338,
    0.973089919294));
#1106 = CARTESIAN_POINT('',(28.282015756455,-28.95769754392,
    0.972835866337));
#1107 = CARTESIAN_POINT('',(28.078449049552,-29.08675341673,
    0.972329022728));
#1108 = CARTESIAN_POINT('',(27.86193900042,-29.19253143658,
    0.971535521411));
#1109 = CARTESIAN_POINT('',(27.635827868183,-29.27351687598,
    0.970404564542));
#1110 = CARTESIAN_POINT('',(27.31876396918,-29.34922180431,
    0.968177399196));
#1111 = CARTESIAN_POINT('',(27.232904973784,-29.36609320572,
    0.967512815165));
#1112 = CARTESIAN_POINT('',(27.146426597318,-29.37948708982,
    0.966772869322));
#1113 = CARTESIAN_POINT('',(27.059509774661,-29.38937706664,
    0.965947488746));
#1114 = CARTESIAN_POINT('',(26.972338262927,-29.39575005471,
    0.965022811062));
#1115 = CARTESIAN_POINT('',(26.885099157401,-29.39860696016,
    0.963979192634));
#1116 = FACE_BOUND('',#1117,.T.);
#1117 = EDGE_LOOP('',(#1118,#1167,#1184,#1211));
#1118 = ORIENTED_EDGE('',*,*,#1119,.T.);
#1119 = EDGE_CURVE('',#1120,#1122,#1124,.T.);
#1120 = VERTEX_POINT('',#1121);
#1121 = CARTESIAN_POINT('',(39.7,-37.4,-2.892920205456));
#1122 = VERTEX_POINT('',#1123);
#1123 = CARTESIAN_POINT('',(36.793855960793,-39.61869092118,
    -2.814849305299));
#1124 = B_SPLINE_CURVE_WITH_KNOTS('',6,(#1125,#1126,#1127,#1128,#1129,
    #1130,#1131,#1132,#1133,#1134,#1135,#1136,#1137,#1138,#1139,#1140,
    #1141,#1142,#1143,#1144,#1145,#1146,#1147,#1148,#1149,#1150,#1151,
    #1152,#1153,#1154,#1155,#1156,#1157,#1158,#1159,#1160,#1161,#1162,
    #1163,#1164,#1165,#1166),.UNSPECIFIED.,.F.,.F.,(7,5,5,5,5,5,5,5,7),(
    0.,0.128278991968,0.215847497717,0.277261332459,0.428796751625,
    0.61594120737,0.692748697057,0.802715938557,1.),.UNSPECIFIED.);
#1125 = CARTESIAN_POINT('',(39.7,-37.4,-2.892920205456));
#1126 = CARTESIAN_POINT('',(39.7,-37.49036014106,-2.902277705941));
#1127 = CARTESIAN_POINT('',(39.695739987743,-37.58074759651,
    -2.910928464241));
#1128 = CARTESIAN_POINT('',(39.687215306842,-37.67089873746,
    -2.918901792948));
#1129 = CARTESIAN_POINT('',(39.674444460072,-37.76055416619,
    -2.926226314267));
#1130 = CARTESIAN_POINT('',(39.657467587212,-37.84945933125,
    -2.932928694231));
#1131 = CARTESIAN_POINT('',(39.621925758789,-37.99737325785,
    -2.943199001267));
#1132 = CARTESIAN_POINT('',(39.605574559856,-38.05691597976,
    -2.94708665073));
#1133 = CARTESIAN_POINT('',(39.587310586187,-38.11591426151,
    -2.950702874575));
#1134 = CARTESIAN_POINT('',(39.567157174323,-38.1742907807,
    -2.95405453592));
#1135 = CARTESIAN_POINT('',(39.545141757242,-38.23196993922,
    -2.95714781172));
#1136 = CARTESIAN_POINT('',(39.504572183718,-38.32878871724,
    -2.96198021823));
#1137 = CARTESIAN_POINT('',(39.486948140065,-38.36832028262,
    -2.963847851672));
#1138 = CARTESIAN_POINT('',(39.46843458065,-38.4074471094,
    -2.965592979685));
#1139 = CARTESIAN_POINT('',(39.449043255231,-38.44614425641,
    -2.967217309006));
#1140 = CARTESIAN_POINT('',(39.428786816079,-38.48438729136,
    -2.968722366515));
#1141 = CARTESIAN_POINT('',(39.355595938716,-38.61533544818,
    -2.973532176575));
#1142 = CARTESIAN_POINT('',(39.298328006415,-38.70560891722,
    -2.976236905637));
#1143 = CARTESIAN_POINT('',(39.236079332248,-38.79261218873,
    -2.978243874453));
#1144 = CARTESIAN_POINT('',(39.169084736329,-38.87600719605,
    -2.979566526745));
#1145 = CARTESIAN_POINT('',(39.097608255286,-38.95547916298,
    -2.980211502992));
#1146 = CARTESIAN_POINT('',(38.92849473135,-39.12368055039,
    -2.980137923825));
#1147 = CARTESIAN_POINT('',(38.828654384991,-39.21019953195,
    -2.979063315944));
#1148 = CARTESIAN_POINT('',(38.722972525884,-39.28974630352,
    -2.976954483069));
#1149 = CARTESIAN_POINT('',(38.612055607508,-39.36183864855,
    -2.973795088352));
#1150 = CARTESIAN_POINT('',(38.496562291764,-39.42606431437,
    -2.969553001949));
#1151 = CARTESIAN_POINT('',(38.328212839943,-39.50507704975,
    -2.961975626304));
#1152 = CARTESIAN_POINT('',(38.278572858047,-39.52668716815,
    -2.959580278516));
#1153 = CARTESIAN_POINT('',(38.228329728944,-39.54689218681,
    -2.956991218629));
#1154 = CARTESIAN_POINT('',(38.177533317167,-39.56567117715,
    -2.954204715103));
#1155 = CARTESIAN_POINT('',(38.126234596211,-39.5830055504,
    -2.951216612952));
#1156 = CARTESIAN_POINT('',(38.000395360577,-39.6216055626,
    -2.943449002758));
#1157 = CARTESIAN_POINT('',(37.92538182404,-39.64133776568,
    -2.938453105924));
#1158 = CARTESIAN_POINT('',(37.849598290855,-39.65802767989,
    -2.933021065815));
#1159 = CARTESIAN_POINT('',(37.773201340224,-39.67163838667,
    -2.927137900647));
#1160 = CARTESIAN_POINT('',(37.696350878606,-39.68214403588,
    -2.920787224276));
#1161 = CARTESIAN_POINT('',(37.480817668809,-39.70278017877,
    -2.901687325594));
#1162 = CARTESIAN_POINT('',(37.341482744596,-39.70599043752,
    -2.887861040743));
#1163 = CARTESIAN_POINT('',(37.202159321936,-39.6990743814,
    -2.87237187167));
#1164 = CARTESIAN_POINT('',(37.063808360251,-39.68207732496,
    -2.855109418813));
#1165 = CARTESIAN_POINT('',(36.927391420612,-39.65517266914,
    -2.835960469979));
#1166 = CARTESIAN_POINT('',(36.793855960793,-39.61869092118,
    -2.814849305299));
#1167 = ORIENTED_EDGE('',*,*,#1168,.T.);
#1168 = EDGE_CURVE('',#1122,#1169,#1171,.T.);
#1169 = VERTEX_POINT('',#1170);
#1170 = CARTESIAN_POINT('',(35.608822009158,-38.84280331477,-2.5));
#1171 = B_SPLINE_CURVE_WITH_KNOTS('',6,(#1172,#1173,#1174,#1175,#1176,
    #1177,#1178,#1179,#1180,#1181,#1182,#1183),.UNSPECIFIED.,.F.,.F.,(7,
    5,7),(0.,0.19749209722,1.),.UNSPECIFIED.);
#1172 = CARTESIAN_POINT('',(36.793855960793,-39.61869092118,
    -2.814849305299));
#1173 = CARTESIAN_POINT('',(36.747461671734,-39.60601604993,
    -2.807514643196));
#1174 = CARTESIAN_POINT('',(36.701414520621,-39.59218496648,
    -2.799943061681));
#1175 = CARTESIAN_POINT('',(36.655753859277,-39.57721135848,
    -2.792131196423));
#1176 = CARTESIAN_POINT('',(36.610518212441,-39.56111096751,
    -2.784076316811));
#1177 = CARTESIAN_POINT('',(36.565745277767,-39.54390158911,
    -2.775776325949));
#1178 = CARTESIAN_POINT('',(36.341567436921,-39.45124716585,
    -2.732500846014));
#1179 = CARTESIAN_POINT('',(36.169846748282,-39.3588804094,
    -2.693688085828));
#1180 = CARTESIAN_POINT('',(36.008942554106,-39.24987384141,
    -2.650728633307));
#1181 = CARTESIAN_POINT('',(35.860879138308,-39.1261259827,
    -2.603730451785));
#1182 = CARTESIAN_POINT('',(35.727154236931,-38.98970794211,
    -2.553204612257));
#1183 = CARTESIAN_POINT('',(35.608820674698,-38.84280165809,-2.4999994)
  );
#1184 = ORIENTED_EDGE('',*,*,#1185,.F.);
#1185 = EDGE_CURVE('',#1186,#1169,#1188,.T.);
#1186 = VERTEX_POINT('',#1187);
#1187 = CARTESIAN_POINT('',(38.842803314774,-35.60882200915,-2.5));
#1188 = B_SPLINE_CURVE_WITH_KNOTS('',6,(#1189,#1190,#1191,#1192,#1193,
    #1194,#1195,#1196,#1197,#1198,#1199,#1200,#1201,#1202,#1203,#1204,
    #1205,#1206,#1207,#1208,#1209,#1210),.UNSPECIFIED.,.F.,.F.,(7,5,5,5,
    7),(0.,0.250394972653,0.5,0.749605027348,1.),.UNSPECIFIED.);
#1189 = CARTESIAN_POINT('',(38.881121923932,-35.1,-2.5));
#1190 = CARTESIAN_POINT('',(38.879094791135,-35.34730157073,-2.5));
#1191 = CARTESIAN_POINT('',(38.857817124816,-35.59445843566,-2.5));
#1192 = CARTESIAN_POINT('',(38.817300862609,-35.83956852722,-2.5));
#1193 = CARTESIAN_POINT('',(38.757814767928,-36.08077783744,-2.5));
#1194 = CARTESIAN_POINT('',(38.679843404413,-36.31627670697,-2.5));
#1195 = CARTESIAN_POINT('',(38.48871127537,-36.77162933164,-2.5));
#1196 = CARTESIAN_POINT('',(38.37565228629,-36.99155396128,-2.5));
#1197 = CARTESIAN_POINT('',(38.245675193794,-37.20234806808,-2.5));
#1198 = CARTESIAN_POINT('',(38.099722512626,-37.40241309332,-2.5));
#1199 = CARTESIAN_POINT('',(37.938917404254,-37.59027180188,-2.5));
#1200 = CARTESIAN_POINT('',(37.590271801888,-37.93891740425,-2.5));
#1201 = CARTESIAN_POINT('',(37.402413093329,-38.09972251262,-2.5));
#1202 = CARTESIAN_POINT('',(37.202348068083,-38.24567519379,-2.5));
#1203 = CARTESIAN_POINT('',(36.99155396128,-38.37565228629,-2.5));
#1204 = CARTESIAN_POINT('',(36.771629331645,-38.48871127537,-2.5));
#1205 = CARTESIAN_POINT('',(36.316276706978,-38.67984340441,-2.5));
#1206 = CARTESIAN_POINT('',(36.080777837442,-38.75781476792,-2.5));
#1207 = CARTESIAN_POINT('',(35.839568527224,-38.8173008626,-2.5));
#1208 = CARTESIAN_POINT('',(35.594458435667,-38.85781712481,-2.5));
#1209 = CARTESIAN_POINT('',(35.347301570736,-38.87909479113,-2.5));
#1210 = CARTESIAN_POINT('',(35.1,-38.88112192393,-2.5));
#1211 = ORIENTED_EDGE('',*,*,#1212,.T.);
#1212 = EDGE_CURVE('',#1186,#1120,#1213,.T.);
#1213 = B_SPLINE_CURVE_WITH_KNOTS('',6,(#1214,#1215,#1216,#1217,#1218,
    #1219,#1220,#1221,#1222,#1223,#1224,#1225,#1226,#1227,#1228,#1229,
    #1230),.UNSPECIFIED.,.F.,.F.,(7,5,5,7),(0.,0.173131699334,
    0.565481349518,1.),.UNSPECIFIED.);
#1214 = CARTESIAN_POINT('',(38.842801658098,-35.60882067469,-2.4999994)
  );
#1215 = CARTESIAN_POINT('',(38.887772565536,-35.6450449092,
    -2.51628656356));
#1216 = CARTESIAN_POINT('',(38.931754080745,-35.68270595701,
    -2.532320237625));
#1217 = CARTESIAN_POINT('',(38.974687590155,-35.72177626468,
    -2.548077534077));
#1218 = CARTESIAN_POINT('',(39.016514239643,-35.76222347711,
    -2.563538106864));
#1219 = CARTESIAN_POINT('',(39.057174934531,-35.80401043761,-2.578684152
    ));
#1220 = CARTESIAN_POINT('',(39.185978534083,-35.94473349872,
    -2.627076885531));
#1221 = CARTESIAN_POINT('',(39.269064854994,-36.04904752852,
    -2.658964210762));
#1222 = CARTESIAN_POINT('',(39.345163576339,-36.15952601334,
    -2.688975931825));
#1223 = CARTESIAN_POINT('',(39.413624036906,-36.27554753934,
    -2.717020065842));
#1224 = CARTESIAN_POINT('',(39.473879602087,-36.39637766593,
    -2.743075885674));
#1225 = CARTESIAN_POINT('',(39.582619200116,-36.65936645195,
    -2.793855194489));
#1226 = CARTESIAN_POINT('',(39.629152767488,-36.80244649726,
    -2.818138943571));
#1227 = CARTESIAN_POINT('',(39.664460919172,-36.94926393629,
    -2.840057628547));
#1228 = CARTESIAN_POINT('',(39.688147706292,-37.09861779131,
    -2.859735607883));
#1229 = CARTESIAN_POINT('',(39.7,-37.24927874828,-2.877311839096));
#1230 = CARTESIAN_POINT('',(39.7,-37.4,-2.892920205456));
#1231 = B_SPLINE_SURFACE_WITH_KNOTS('',8,1,(
    (#1232,#1233)
    ,(#1234,#1235)
    ,(#1236,#1237)
    ,(#1238,#1239)
    ,(#1240,#1241)
    ,(#1242,#1243)
    ,(#1244,#1245)
    ,(#1246,#1247)
    ,(#1248,#1249
    )),.UNSPECIFIED.,.F.,.F.,.F.,(9,9),(2,2),(0.,1.570796326795),(0.,1.)
  ,.PIECEWISE_BEZIER_KNOTS.);
#1232 = CARTESIAN_POINT('',(36.25,-40.25,-3.));
#1233 = CARTESIAN_POINT('',(26.8,-29.3,1.));
#1234 = CARTESIAN_POINT('',(37.035398163397,-40.25,-3.));
#1235 = CARTESIAN_POINT('',(27.290873852123,-29.3,1.));
#1236 = CARTESIAN_POINT('',(37.820796574017,-40.07375684415,-3.));
#1237 = CARTESIAN_POINT('',(27.781747858761,-29.18984802759,1.));
#1238 = CARTESIAN_POINT('',(38.56005293734,-39.72127226348,-3.));
#1239 = CARTESIAN_POINT('',(28.243783085838,-28.96954516467,1.));
#1240 = CARTESIAN_POINT('',(39.20703502312,-39.20703502311,-3.));
#1241 = CARTESIAN_POINT('',(28.64814688945,-28.64814688945,1.));
#1242 = CARTESIAN_POINT('',(39.721272263485,-38.56005293734,-3.));
#1243 = CARTESIAN_POINT('',(28.969545164678,-28.24378308583,1.));
#1244 = CARTESIAN_POINT('',(40.073756844155,-37.82079657401,-3.));
#1245 = CARTESIAN_POINT('',(29.189848027597,-27.78174785876,1.));
#1246 = CARTESIAN_POINT('',(40.25,-37.03539816339,-3.));
#1247 = CARTESIAN_POINT('',(29.3,-27.29087385212,1.));
#1248 = CARTESIAN_POINT('',(40.25,-36.25,-3.));
#1249 = CARTESIAN_POINT('',(29.3,-26.8,1.));
#1250 = ADVANCED_FACE('',(#1251),#1269,.F.);
#1251 = FACE_BOUND('',#1252,.F.);
#1252 = EDGE_LOOP('',(#1253,#1254,#1255,#1263));
#1253 = ORIENTED_EDGE('',*,*,#54,.T.);
#1254 = ORIENTED_EDGE('',*,*,#1067,.T.);
#1255 = ORIENTED_EDGE('',*,*,#1256,.T.);
#1256 = EDGE_CURVE('',#1059,#1257,#1259,.T.);
#1257 = VERTEX_POINT('',#1258);
#1258 = CARTESIAN_POINT('',(26.8,-29.4,1.));
#1259 = LINE('',#1260,#1261);
#1260 = CARTESIAN_POINT('',(-26.8,-29.4,1.));
#1261 = VECTOR('',#1262,1.);
#1262 = DIRECTION('',(1.,0.,0.));
#1263 = ORIENTED_EDGE('',*,*,#1264,.F.);
#1264 = EDGE_CURVE('',#45,#1257,#1265,.T.);
#1265 = LINE('',#1266,#1267);
#1266 = CARTESIAN_POINT('',(26.8,-29.4,-5.5));
#1267 = VECTOR('',#1268,1.);
#1268 = DIRECTION('',(0.,0.,1.));
#1269 = PLANE('',#1270);
#1270 = AXIS2_PLACEMENT_3D('',#1271,#1272,#1273);
#1271 = CARTESIAN_POINT('',(-26.8,-29.4,-5.5));
#1272 = DIRECTION('',(0.,1.,0.));
#1273 = DIRECTION('',(1.,0.,0.));
#1274 = ADVANCED_FACE('',(#1275),#1307,.T.);
#1275 = FACE_BOUND('',#1276,.F.);
#1276 = EDGE_LOOP('',(#1277,#1278,#1279,#1288,#1296,#1306));
#1277 = ORIENTED_EDGE('',*,*,#44,.T.);
#1278 = ORIENTED_EDGE('',*,*,#1264,.T.);
#1279 = ORIENTED_EDGE('',*,*,#1280,.T.);
#1280 = EDGE_CURVE('',#1257,#1281,#1283,.T.);
#1281 = VERTEX_POINT('',#1282);
#1282 = CARTESIAN_POINT('',(29.4,-26.8,1.));
#1283 = CIRCLE('',#1284,2.6);
#1284 = AXIS2_PLACEMENT_3D('',#1285,#1286,#1287);
#1285 = CARTESIAN_POINT('',(26.8,-26.8,1.));
#1286 = DIRECTION('',(0.,0.,1.));
#1287 = DIRECTION('',(2.732856676E-15,-1.,0.));
#1288 = ORIENTED_EDGE('',*,*,#1289,.F.);
#1289 = EDGE_CURVE('',#1290,#1281,#1292,.T.);
#1290 = VERTEX_POINT('',#1291);
#1291 = CARTESIAN_POINT('',(29.4,-26.8,0.963470319635));
#1292 = LINE('',#1293,#1294);
#1293 = CARTESIAN_POINT('',(29.4,-26.8,-5.5));
#1294 = VECTOR('',#1295,1.);
#1295 = DIRECTION('',(0.,0.,1.));
#1296 = ORIENTED_EDGE('',*,*,#1297,.T.);
#1297 = EDGE_CURVE('',#1290,#1086,#1298,.T.);
#1298 = B_SPLINE_CURVE_WITH_KNOTS('',3,(#1299,#1300,#1301,#1302,#1303,
    #1304,#1305),.UNSPECIFIED.,.F.,.F.,(4,1,1,1,4),(0.,0.243085883659,
    0.52041668996,0.826053664616,1.),.UNSPECIFIED.);
#1299 = CARTESIAN_POINT('',(29.4,-26.8,0.963470319635));
#1300 = CARTESIAN_POINT('',(29.4,-26.80695597589,0.963470319635));
#1301 = CARTESIAN_POINT('',(29.399940239184,-26.82181633534,
    0.96349215007));
#1302 = CARTESIAN_POINT('',(29.399644855535,-26.8452970602,
    0.963600052773));
#1303 = CARTESIAN_POINT('',(29.399171295741,-26.86670270978,
    0.963773042652));
#1304 = CARTESIAN_POINT('',(29.39876712919,-26.88020820008,
    0.963920683401));
#1305 = CARTESIAN_POINT('',(29.398606960163,-26.8850991574,
    0.963979192634));
#1306 = ORIENTED_EDGE('',*,*,#1092,.T.);
#1307 = CYLINDRICAL_SURFACE('',#1308,2.6);
#1308 = AXIS2_PLACEMENT_3D('',#1309,#1310,#1311);
#1309 = CARTESIAN_POINT('',(26.8,-26.8,-5.5));
#1310 = DIRECTION('',(-0.,-0.,-1.));
#1311 = DIRECTION('',(2.732856676E-15,-1.,0.));
#1312 = ADVANCED_FACE('',(#1313),#1392,.F.);
#1313 = FACE_BOUND('',#1314,.F.);
#1314 = EDGE_LOOP('',(#1315,#1316,#1324,#1343,#1390,#1391));
#1315 = ORIENTED_EDGE('',*,*,#117,.T.);
#1316 = ORIENTED_EDGE('',*,*,#1317,.F.);
#1317 = EDGE_CURVE('',#1318,#74,#1320,.T.);
#1318 = VERTEX_POINT('',#1319);
#1319 = CARTESIAN_POINT('',(-1.1,-37.5,-3.995433789954));
#1320 = LINE('',#1321,#1322);
#1321 = CARTESIAN_POINT('',(-1.1,-37.5,-5.1));
#1322 = VECTOR('',#1323,1.);
#1323 = DIRECTION('',(0.,0.,1.));
#1324 = ORIENTED_EDGE('',*,*,#1325,.F.);
#1325 = EDGE_CURVE('',#1326,#1318,#1328,.T.);
#1326 = VERTEX_POINT('',#1327);
#1327 = CARTESIAN_POINT('',(-1.826845700572,-37.05442057034,
    -3.832665048528));
#1328 = B_SPLINE_CURVE_WITH_KNOTS('',7,(#1329,#1330,#1331,#1332,#1333,
    #1334,#1335,#1336,#1337,#1338,#1339,#1340,#1341,#1342),
  .UNSPECIFIED.,.F.,.F.,(8,6,8),(0.,0.656693263513,1.),.UNSPECIFIED.);
#1329 = CARTESIAN_POINT('',(-1.826845700572,-37.05442057034,
    -3.832665048528));
#1330 = CARTESIAN_POINT('',(-1.742359903184,-37.01140862091,
    -3.816952920881));
#1331 = CARTESIAN_POINT('',(-1.649848643314,-36.98784403426,
    -3.808344852699));
#1332 = CARTESIAN_POINT('',(-1.553958117883,-36.98459920168,
    -3.807159525729));
#1333 = CARTESIAN_POINT('',(-1.459053758752,-37.00189665442,
    -3.813478229928));
#1334 = CARTESIAN_POINT('',(-1.369587499717,-37.03933133416,
    -3.827152998781));
#1335 = CARTESIAN_POINT('',(-1.290333764796,-37.09567746417,
    -3.847736059972));
#1336 = CARTESIAN_POINT('',(-1.192478699442,-37.2059129721,
    -3.88800473867));
#1337 = CARTESIAN_POINT('',(-1.163009744893,-37.24811119141,
    -3.903419613301));
#1338 = CARTESIAN_POINT('',(-1.138416899245,-37.29414677792,
    -3.92023626591));
#1339 = CARTESIAN_POINT('',(-1.119382898327,-37.34332514024,
    -3.938200964472));
#1340 = CARTESIAN_POINT('',(-1.106463653196,-37.39475383269,
    -3.956987701441));
#1341 = CARTESIAN_POINT('',(-1.1,-37.44736788729,-3.976207447413));
#1342 = CARTESIAN_POINT('',(-1.1,-37.5,-3.995433789954));
#1343 = ORIENTED_EDGE('',*,*,#1344,.F.);
#1344 = EDGE_CURVE('',#1318,#1326,#1345,.T.);
#1345 = B_SPLINE_CURVE_WITH_KNOTS('',8,(#1346,#1347,#1348,#1349,#1350,
    #1351,#1352,#1353,#1354,#1355,#1356,#1357,#1358,#1359,#1360,#1361,
    #1362,#1363,#1364,#1365,#1366,#1367,#1368,#1369,#1370,#1371,#1372,
    #1373,#1374,#1375,#1376,#1377,#1378,#1379,#1380,#1381,#1382,#1383,
    #1384,#1385,#1386,#1387,#1388,#1389),.UNSPECIFIED.,.F.,.F.,(9,7,7,7,
    7,7,9),(0.,0.178648533331,0.526608476666,0.653046999535,
    0.763661039864,0.862047839348,1.),.UNSPECIFIED.);
#1346 = CARTESIAN_POINT('',(-1.1,-37.5,-3.995433789954));
#1347 = CARTESIAN_POINT('',(-1.1,-37.54905838911,-4.013354662689));
#1348 = CARTESIAN_POINT('',(-1.105501099262,-37.59817024186,
    -4.031295065521));
#1349 = CARTESIAN_POINT('',(-1.116524127794,-37.64645021187,
    -4.048931584245));
#1350 = CARTESIAN_POINT('',(-1.132873838131,-37.69307008195,
    -4.065961673775));
#1351 = CARTESIAN_POINT('',(-1.154195097586,-37.73729552862,
    -4.082117088082));
#1352 = CARTESIAN_POINT('',(-1.180019885484,-37.77850826745,
    -4.097171969846));
#1353 = CARTESIAN_POINT('',(-1.209805095394,-37.81621357949,
    -4.110945599817));
#1354 = CARTESIAN_POINT('',(-1.307540324748,-37.91590490245,
    -4.147362521444));
#1355 = CARTESIAN_POINT('',(-1.384825884832,-37.96695344855,
    -4.166010392166));
#1356 = CARTESIAN_POINT('',(-1.470881534309,-38.00094656377,
    -4.178427968502));
#1357 = CARTESIAN_POINT('',(-1.56171451544,-38.016821791,-4.184227138268
    ));
#1358 = CARTESIAN_POINT('',(-1.653514868766,-38.01424273299,
    -4.18328501662));
#1359 = CARTESIAN_POINT('',(-1.742566185544,-37.99351438228,
    -4.17571301636));
#1360 = CARTESIAN_POINT('',(-1.825263096088,-37.95546153109,
    -4.161812431448));
#1361 = CARTESIAN_POINT('',(-1.924341738419,-37.88194718956,
    -4.134957877467));
#1362 = CARTESIAN_POINT('',(-1.949404226933,-37.86027398561,
    -4.127040725339));
#1363 = CARTESIAN_POINT('',(-1.972936186717,-37.83660675039,
    -4.118395159961));
#1364 = CARTESIAN_POINT('',(-1.99474987309,-37.81105205294,
    -4.109060110665));
#1365 = CARTESIAN_POINT('',(-2.014658980914,-37.78374134184,
    -4.099083595194));
#1366 = CARTESIAN_POINT('',(-2.032483748249,-37.754834242,
    -4.088523924021));
#1367 = CARTESIAN_POINT('',(-2.048058171884,-37.72452099313,
    -4.077450591101));
#1368 = CARTESIAN_POINT('',(-2.072770801942,-37.66546908619,
    -4.055879118244));
#1369 = CARTESIAN_POINT('',(-2.082471878733,-37.63700520922,
    -4.04548135497));
#1370 = CARTESIAN_POINT('',(-2.090244246971,-37.60778529256,
    -4.034807412809));
#1371 = CARTESIAN_POINT('',(-2.096006780466,-37.57797832716,
    -4.023919023622));
#1372 = CARTESIAN_POINT('',(-2.099698766702,-37.5477665024,
    -4.012882740603));
#1373 = CARTESIAN_POINT('',(-2.101283128561,-37.5173423071,
    -4.001768879308));
#1374 = CARTESIAN_POINT('',(-2.100749646053,-37.48690563066,
    -3.99065045869));
#1375 = CARTESIAN_POINT('',(-2.095777591668,-37.42975934433,
    -3.969775102955));
#1376 = CARTESIAN_POINT('',(-2.091776793092,-37.40300465321,
    -3.960001699805));
#1377 = CARTESIAN_POINT('',(-2.08612883159,-37.3765400474,
    -3.950334263891));
#1378 = CARTESIAN_POINT('',(-2.078864738566,-37.35050298931,
    -3.940823009794));
#1379 = CARTESIAN_POINT('',(-2.070031544511,-37.32502372273,
    -3.931515515155));
#1380 = CARTESIAN_POINT('',(-2.059690295959,-37.30022384849,
    -3.922456200363));
#1381 = CARTESIAN_POINT('',(-2.047914072433,-37.27621490008,
    -3.913685808249));
#1382 = CARTESIAN_POINT('',(-2.016378600221,-37.22068225183,
    -3.893399909346));
#1383 = CARTESIAN_POINT('',(-1.995311732097,-37.19001629924,
    -3.882197734884));
#1384 = CARTESIAN_POINT('',(-1.971809906167,-37.16136891632,
    -3.871732937471));
#1385 = CARTESIAN_POINT('',(-1.946125817555,-37.1349563811,
    -3.862084522778));
#1386 = CARTESIAN_POINT('',(-1.918524630879,-37.11094651392,
    -3.853313795041));
#1387 = CARTESIAN_POINT('',(-1.889272498102,-37.08946482548,
    -3.845466602917));
#1388 = CARTESIAN_POINT('',(-1.858629312765,-37.07060169383,
    -3.838575961217));
#1389 = CARTESIAN_POINT('',(-1.826845700572,-37.05442057034,
    -3.832665048528));
#1390 = ORIENTED_EDGE('',*,*,#1317,.T.);
#1391 = ORIENTED_EDGE('',*,*,#73,.T.);
#1392 = CYLINDRICAL_SURFACE('',#1393,0.5);
#1393 = AXIS2_PLACEMENT_3D('',#1394,#1395,#1396);
#1394 = CARTESIAN_POINT('',(-1.6,-37.5,-5.1));
#1395 = DIRECTION('',(0.,0.,1.));
#1396 = DIRECTION('',(1.,0.,-0.));
#1397 = ADVANCED_FACE('',(#1398),#1471,.F.);
#1398 = FACE_BOUND('',#1399,.F.);
#1399 = EDGE_LOOP('',(#1400,#1401,#1409,#1452,#1469,#1470));
#1400 = ORIENTED_EDGE('',*,*,#159,.T.);
#1401 = ORIENTED_EDGE('',*,*,#1402,.F.);
#1402 = EDGE_CURVE('',#1403,#139,#1405,.T.);
#1403 = VERTEX_POINT('',#1404);
#1404 = CARTESIAN_POINT('',(-1.1,-35.9,-3.41095890411));
#1405 = LINE('',#1406,#1407);
#1406 = CARTESIAN_POINT('',(-1.1,-35.9,-5.1));
#1407 = VECTOR('',#1408,1.);
#1408 = DIRECTION('',(0.,0.,1.));
#1409 = ORIENTED_EDGE('',*,*,#1410,.F.);
#1410 = EDGE_CURVE('',#1411,#1403,#1413,.T.);
#1411 = VERTEX_POINT('',#1412);
#1412 = CARTESIAN_POINT('',(-1.805294842869,-36.355910109,
    -3.577501409682));
#1413 = B_SPLINE_CURVE_WITH_KNOTS('',7,(#1414,#1415,#1416,#1417,#1418,
    #1419,#1420,#1421,#1422,#1423,#1424,#1425,#1426,#1427,#1428,#1429,
    #1430,#1431,#1432,#1433,#1434,#1435,#1436,#1437,#1438,#1439,#1440,
    #1441,#1442,#1443,#1444,#1445,#1446,#1447,#1448,#1449,#1450,#1451),
  .UNSPECIFIED.,.F.,.F.,(8,6,6,6,6,6,8),(0.,0.133620097747,
    0.285101621496,0.395911824265,0.657217640891,0.837935325853,1.),
  .UNSPECIFIED.);
#1414 = CARTESIAN_POINT('',(-1.805294842869,-36.355910109,
    -3.577501409682));
#1415 = CARTESIAN_POINT('',(-1.841479450019,-36.3396162978,
    -3.571549332532));
#1416 = CARTESIAN_POINT('',(-1.876319525657,-36.31989801433,
    -3.564346306606));
#1417 = CARTESIAN_POINT('',(-1.909467025426,-36.29684608813,
    -3.555925511648));
#1418 = CARTESIAN_POINT('',(-1.94055883643,-36.27058731047,
    -3.546333264102));
#1419 = CARTESIAN_POINT('',(-1.969220001869,-36.2412999044,
    -3.535634668276));
#1420 = CARTESIAN_POINT('',(-1.995077206056,-36.20922809362,
    -3.523918938311));
#1421 = CARTESIAN_POINT('',(-2.043522925454,-36.13554740058,
    -3.497003616653));
#1422 = CARTESIAN_POINT('',(-2.065225279825,-36.09321714456,
    -3.481540509429));
#1423 = CARTESIAN_POINT('',(-2.082350359504,-36.04821089501,
    -3.465099870326));
#1424 = CARTESIAN_POINT('',(-2.094436716715,-36.00116433207,
    -3.447913911259));
#1425 = CARTESIAN_POINT('',(-2.101145659664,-35.9528451982,
    -3.430263086102));
#1426 = CARTESIAN_POINT('',(-2.102319515357,-35.90412499897,
    -3.41246575305));
#1427 = CARTESIAN_POINT('',(-2.09493230545,-35.82065779986,
    -3.381975452006));
#1428 = CARTESIAN_POINT('',(-2.08889894471,-35.78565645715,
    -3.369189573389));
#1429 = CARTESIAN_POINT('',(-2.079985944357,-35.75127133737,
    -3.356628799042));
#1430 = CARTESIAN_POINT('',(-2.068291858985,-35.71783277245,
    -3.344413798158));
#1431 = CARTESIAN_POINT('',(-2.053968417575,-35.68563959482,
    -3.33265373327));
#1432 = CARTESIAN_POINT('',(-2.037207994992,-35.65495254231,
    -3.321443851075));
#1433 = CARTESIAN_POINT('',(-1.973480895925,-35.55768446312,
    -3.285912132649));
#1434 = CARTESIAN_POINT('',(-1.916469297154,-35.49905718716,
    -3.264495776133));
#1435 = CARTESIAN_POINT('',(-1.849979861818,-35.45262819604,
    -3.24753541408));
#1436 = CARTESIAN_POINT('',(-1.777189658731,-35.41958479056,
    -3.235464763678));
#1437 = CARTESIAN_POINT('',(-1.700905622213,-35.40030619409,
    -3.228422354007));
#1438 = CARTESIAN_POINT('',(-1.623614222037,-35.39473999054,
    -3.226389037641));
#1439 = CARTESIAN_POINT('',(-1.494996705219,-35.40829873188,
    -3.231342002515));
#1440 = CARTESIAN_POINT('',(-1.443051841828,-35.42033434176,
    -3.235738572332));
#1441 = CARTESIAN_POINT('',(-1.392520745599,-35.43880109775,
    -3.24248441927));
#1442 = CARTESIAN_POINT('',(-1.344220993437,-35.46359318303,
    -3.251540888781));
#1443 = CARTESIAN_POINT('',(-1.299037828258,-35.49450713985,
    -3.262833658394));
#1444 = CARTESIAN_POINT('',(-1.257904984641,-35.53117916312,
    -3.276229831279));
#1445 = CARTESIAN_POINT('',(-1.189311317232,-35.61052813561,
    -3.305215757303));
#1446 = CARTESIAN_POINT('',(-1.16086398774,-35.65221030129,
    -3.320442119195));
#1447 = CARTESIAN_POINT('',(-1.13711753963,-35.69757574393,
    -3.337013970386));
#1448 = CARTESIAN_POINT('',(-1.118731257321,-35.74596854274,
    -3.354691705113));
#1449 = CARTESIAN_POINT('',(-1.106246975187,-35.79653727984,
    -3.373164303141));
#1450 = CARTESIAN_POINT('',(-1.1,-35.84825756356,-3.392057557466));
#1451 = CARTESIAN_POINT('',(-1.1,-35.9,-3.41095890411));
#1452 = ORIENTED_EDGE('',*,*,#1453,.F.);
#1453 = EDGE_CURVE('',#1403,#1411,#1454,.T.);
#1454 = B_SPLINE_CURVE_WITH_KNOTS('',7,(#1455,#1456,#1457,#1458,#1459,
    #1460,#1461,#1462,#1463,#1464,#1465,#1466,#1467,#1468),
  .UNSPECIFIED.,.F.,.F.,(8,6,8),(0.,0.370252860988,1.),.UNSPECIFIED.);
#1455 = CARTESIAN_POINT('',(-1.1,-35.9,-3.41095890411));
#1456 = CARTESIAN_POINT('',(-1.1,-35.95538731874,-3.43119171461));
#1457 = CARTESIAN_POINT('',(-1.107158106012,-36.0108509647,
    -3.451452407197));
#1458 = CARTESIAN_POINT('',(-1.121509617763,-36.06499877471,
    -3.471232429118));
#1459 = CARTESIAN_POINT('',(-1.142657685275,-36.11655811174,
    -3.490066890134));
#1460 = CARTESIAN_POINT('',(-1.16992878308,-36.16447300673,
    -3.507570048122));
#1461 = CARTESIAN_POINT('',(-1.202489257115,-36.2079406649,
    -3.523448644713));
#1462 = CARTESIAN_POINT('',(-1.302241861561,-36.31177962382,
    -3.561380684502));
#1463 = CARTESIAN_POINT('',(-1.377681466346,-36.36261488619,
    -3.579950643357));
#1464 = CARTESIAN_POINT('',(-1.461670531772,-36.3965924864,
    -3.592362552113));
#1465 = CARTESIAN_POINT('',(-1.550110899458,-36.41279610333,
    -3.598281681584));
#1466 = CARTESIAN_POINT('',(-1.639222287505,-36.41107818802,
    -3.59765413261));
#1467 = CARTESIAN_POINT('',(-1.725466351646,-36.39185661959,
    -3.590632555103));
#1468 = CARTESIAN_POINT('',(-1.805294842869,-36.355910109,
    -3.577501409682));
#1469 = ORIENTED_EDGE('',*,*,#1402,.T.);
#1470 = ORIENTED_EDGE('',*,*,#138,.T.);
#1471 = CYLINDRICAL_SURFACE('',#1472,0.5);
#1472 = AXIS2_PLACEMENT_3D('',#1473,#1474,#1475);
#1473 = CARTESIAN_POINT('',(-1.6,-35.9,-5.1));
#1474 = DIRECTION('',(0.,0.,1.));
#1475 = DIRECTION('',(1.,0.,-0.));
#1476 = ADVANCED_FACE('',(#1477),#1548,.F.);
#1477 = FACE_BOUND('',#1478,.F.);
#1478 = EDGE_LOOP('',(#1479,#1480,#1488,#1505,#1546,#1547));
#1479 = ORIENTED_EDGE('',*,*,#246,.T.);
#1480 = ORIENTED_EDGE('',*,*,#1481,.F.);
#1481 = EDGE_CURVE('',#1482,#203,#1484,.T.);
#1482 = VERTEX_POINT('',#1483);
#1483 = CARTESIAN_POINT('',(0.5,-37.5,-3.995433789954));
#1484 = LINE('',#1485,#1486);
#1485 = CARTESIAN_POINT('',(0.5,-37.5,-5.1));
#1486 = VECTOR('',#1487,1.);
#1487 = DIRECTION('',(0.,0.,1.));
#1488 = ORIENTED_EDGE('',*,*,#1489,.F.);
#1489 = EDGE_CURVE('',#1490,#1482,#1492,.T.);
#1490 = VERTEX_POINT('',#1491);
#1491 = CARTESIAN_POINT('',(-1.16929348426E-08,-37.,-3.812785388128));
#1492 = B_SPLINE_CURVE_WITH_KNOTS('',6,(#1493,#1494,#1495,#1496,#1497,
    #1498,#1499,#1500,#1501,#1502,#1503,#1504),.UNSPECIFIED.,.F.,.F.,(7,
    5,7),(0.,0.520114470657,1.),.UNSPECIFIED.);
#1493 = CARTESIAN_POINT('',(-1.169293482479E-08,-37.,-3.812785388128));
#1494 = CARTESIAN_POINT('',(6.547707463247E-02,-36.99999999846,
    -3.812785387568));
#1495 = CARTESIAN_POINT('',(0.130923381771,-37.01028927208,
    -3.816544026331));
#1496 = CARTESIAN_POINT('',(0.194692122385,-37.03085030767,
    -3.824054906913));
#1497 = CARTESIAN_POINT('',(0.255036677538,-37.06152684618,
    -3.835260948379));
#1498 = CARTESIAN_POINT('',(0.309987632919,-37.10181449889,
    -3.849977899138));
#1499 = CARTESIAN_POINT('',(0.401558387869,-37.19552623591,
    -3.884210497136));
#1500 = CARTESIAN_POINT('',(0.439301179041,-37.24772818436,
    -3.90327970205));
#1501 = CARTESIAN_POINT('',(0.469181649336,-37.30613503282,
    -3.924615537105));
#1502 = CARTESIAN_POINT('',(0.489741651392,-37.36916957195,
    -3.947641852769));
#1503 = CARTESIAN_POINT('',(0.5,-37.4346217217,-3.971551313866));
#1504 = CARTESIAN_POINT('',(0.5,-37.5,-3.995433789954));
#1505 = ORIENTED_EDGE('',*,*,#1506,.F.);
#1506 = EDGE_CURVE('',#1482,#1490,#1507,.T.);
#1507 = B_SPLINE_CURVE_WITH_KNOTS('',7,(#1508,#1509,#1510,#1511,#1512,
    #1513,#1514,#1515,#1516,#1517,#1518,#1519,#1520,#1521,#1522,#1523,
    #1524,#1525,#1526,#1527,#1528,#1529,#1530,#1531,#1532,#1533,#1534,
    #1535,#1536,#1537,#1538,#1539,#1540,#1541,#1542,#1543,#1544,#1545),
  .UNSPECIFIED.,.F.,.F.,(8,6,6,6,6,6,8),(0.,0.145285606258,
    0.343863755659,0.52179950809,0.674778991183,0.775162760053,1.),
  .UNSPECIFIED.);
#1508 = CARTESIAN_POINT('',(0.5,-37.5,-3.995433789954));
#1509 = CARTESIAN_POINT('',(0.5,-37.55086114347,-4.014013203095));
#1510 = CARTESIAN_POINT('',(0.493963996745,-37.60172113776,
    -4.032592196443));
#1511 = CARTESIAN_POINT('',(0.481892591906,-37.65153506877,
    -4.050789066218));
#1512 = CARTESIAN_POINT('',(0.464070502358,-37.69934091087,
    -4.068252387535));
#1513 = CARTESIAN_POINT('',(0.44097305131,-37.74431801134,
    -4.084682378572));
#1514 = CARTESIAN_POINT('',(0.413194722107,-37.7858107693,
    -4.099839550432));
#1515 = CARTESIAN_POINT('',(0.337942050429,-37.8745821819,-4.13226746371
    ));
#1516 = CARTESIAN_POINT('',(0.286971594539,-37.91841059584,
    -4.148277843232));
#1517 = CARTESIAN_POINT('',(0.230075106428,-37.95364627059,
    -4.161149322592));
#1518 = CARTESIAN_POINT('',(0.168932453362,-37.9796042243,
    -4.170631680112));
#1519 = CARTESIAN_POINT('',(0.105169639586,-37.99593958614,
    -4.176598935579));
#1520 = CARTESIAN_POINT('',(4.031078940059E-02,-38.00253622977,
    -4.179008668409));
#1521 = CARTESIAN_POINT('',(-8.194956960991E-02,-37.9966190367,
    -4.176847136694));
#1522 = CARTESIAN_POINT('',(-0.139388091048,-37.98602225721,
    -4.172976167017));
#1523 = CARTESIAN_POINT('',(-0.195413461406,-37.96765856499,
    -4.166267968948));
#1524 = CARTESIAN_POINT('',(-0.248910416107,-37.94166506213,
    -4.156772625438));
#1525 = CARTESIAN_POINT('',(-0.298699132654,-37.90834184414,
    -4.144599760417));
#1526 = CARTESIAN_POINT('',(-0.343571144946,-37.86822218798,
    -4.12994417826));
#1527 = CARTESIAN_POINT('',(-0.415752110704,-37.78254626151,
    -4.098647036171));
#1528 = CARTESIAN_POINT('',(-0.44465600115,-37.73852468393,
    -4.082566094588));
#1529 = CARTESIAN_POINT('',(-0.468312816731,-37.69068206031,
    -4.0650893371));
#1530 = CARTESIAN_POINT('',(-0.486033076844,-37.63980185429,
    -4.046502960472));
#1531 = CARTESIAN_POINT('',(-0.497283191607,-37.58686804311,
    -4.027166408444));
#1532 = CARTESIAN_POINT('',(-0.501774761334,-37.53302863473,
    -4.007499044651));
#1533 = CARTESIAN_POINT('',(-0.498139954282,-37.44439555888,
    -3.975121665344));
#1534 = CARTESIAN_POINT('',(-0.493820136334,-37.40940313852,
    -3.962339046037));
#1535 = CARTESIAN_POINT('',(-0.486636884595,-37.37487649575,
    -3.949726573793));
#1536 = CARTESIAN_POINT('',(-0.476667972027,-37.34113778291,
    -3.937401929833));
#1537 = CARTESIAN_POINT('',(-0.464042114322,-37.30848325146,
    -3.925473333868));
#1538 = CARTESIAN_POINT('',(-0.448928395352,-37.27717653531,
    -3.914037090528));
#1539 = CARTESIAN_POINT('',(-0.392547522242,-37.18084306347,
    -3.878846781179));
#1540 = CARTESIAN_POINT('',(-0.342122445011,-37.12219342499,
    -3.857422255704));
#1541 = CARTESIAN_POINT('',(-0.282421528554,-37.07381427109,
    -3.839749505421));
#1542 = CARTESIAN_POINT('',(-0.216044756614,-37.03699885822,
    -3.826300952777));
#1543 = CARTESIAN_POINT('',(-0.145404331257,-37.01233561114,
    -3.81729154745));
#1544 = CARTESIAN_POINT('',(-7.271040500117E-02,-37.0000000017,
    -3.812785388749));
#1545 = CARTESIAN_POINT('',(-1.16929348426E-08,-37.,-3.812785388128));
#1546 = ORIENTED_EDGE('',*,*,#1481,.T.);
#1547 = ORIENTED_EDGE('',*,*,#202,.T.);
#1548 = CYLINDRICAL_SURFACE('',#1549,0.5);
#1549 = AXIS2_PLACEMENT_3D('',#1550,#1551,#1552);
#1550 = CARTESIAN_POINT('',(0.,-37.5,-5.1));
#1551 = DIRECTION('',(0.,0.,1.));
#1552 = DIRECTION('',(1.,0.,-0.));
#1553 = ADVANCED_FACE('',(#1554),#1638,.F.);
#1554 = FACE_BOUND('',#1555,.F.);
#1555 = EDGE_LOOP('',(#1556,#1557,#1565,#1575,#1636,#1637));
#1556 = ORIENTED_EDGE('',*,*,#316,.T.);
#1557 = ORIENTED_EDGE('',*,*,#1558,.F.);
#1558 = EDGE_CURVE('',#1559,#266,#1561,.T.);
#1559 = VERTEX_POINT('',#1560);
#1560 = CARTESIAN_POINT('',(2.1,-37.5,-3.995433789954));
#1561 = LINE('',#1562,#1563);
#1562 = CARTESIAN_POINT('',(2.1,-37.5,-5.1));
#1563 = VECTOR('',#1564,1.);
#1564 = DIRECTION('',(0.,0.,1.));
#1565 = ORIENTED_EDGE('',*,*,#1566,.F.);
#1566 = EDGE_CURVE('',#1567,#1559,#1569,.T.);
#1567 = VERTEX_POINT('',#1568);
#1568 = CARTESIAN_POINT('',(2.099885605327,-37.48930506722,
    -3.991526965196));
#1569 = B_SPLINE_CURVE_WITH_KNOTS('',3,(#1570,#1571,#1572,#1573,#1574),
  .UNSPECIFIED.,.F.,.F.,(4,1,4),(0.,0.823806045823,1.),.UNSPECIFIED.);
#1570 = CARTESIAN_POINT('',(2.099885605327,-37.48930506722,
    -3.991526965196));
#1571 = CARTESIAN_POINT('',(2.099948430506,-37.49224154222,
    -3.992599650126));
#1572 = CARTESIAN_POINT('',(2.099993283392,-37.49580703918,
    -3.993902114769));
#1573 = CARTESIAN_POINT('',(2.1,-37.49937188425,-3.995204341281));
#1574 = CARTESIAN_POINT('',(2.1,-37.5,-3.995433789954));
#1575 = ORIENTED_EDGE('',*,*,#1576,.F.);
#1576 = EDGE_CURVE('',#1559,#1567,#1577,.T.);
#1577 = B_SPLINE_CURVE_WITH_KNOTS('',8,(#1578,#1579,#1580,#1581,#1582,
    #1583,#1584,#1585,#1586,#1587,#1588,#1589,#1590,#1591,#1592,#1593,
    #1594,#1595,#1596,#1597,#1598,#1599,#1600,#1601,#1602,#1603,#1604,
    #1605,#1606,#1607,#1608,#1609,#1610,#1611,#1612,#1613,#1614,#1615,
    #1616,#1617,#1618,#1619,#1620,#1621,#1622,#1623,#1624,#1625,#1626,
    #1627,#1628,#1629,#1630,#1631,#1632,#1633,#1634,#1635),
  .UNSPECIFIED.,.F.,.F.,(9,7,7,7,7,7,7,7,9),(0.,0.101270509371,
    0.232011674836,0.423809134017,0.500798498788,0.57489382886,
    0.657165082012,0.873258792194,1.),.UNSPECIFIED.);
#1578 = CARTESIAN_POINT('',(2.1,-37.5,-3.995433789954));
#1579 = CARTESIAN_POINT('',(2.1,-37.54120430456,-4.010485590707));
#1580 = CARTESIAN_POINT('',(2.096119322774,-37.58237066059,
    -4.025523528985));
#1581 = CARTESIAN_POINT('',(2.088370522062,-37.62298617739,
    -4.040360247448));
#1582 = CARTESIAN_POINT('',(2.076867711541,-37.66257102923,
    -4.054820467299));
#1583 = CARTESIAN_POINT('',(2.061801997957,-37.70069273957,
    -4.068746206239));
#1584 = CARTESIAN_POINT('',(2.043420708212,-37.73697463278,
    -4.081999865857));
#1585 = CARTESIAN_POINT('',(2.022010410408,-37.7710984534,
    -4.094465188459));
#1586 = CARTESIAN_POINT('',(1.966735959495,-37.84372963202,
    -4.120997125856));
#1587 = CARTESIAN_POINT('',(1.93105647546,-37.88062835746,
    -4.134476112316));
#1588 = CARTESIAN_POINT('',(1.89148395668,-37.9129736484,-4.146291743708
    ));
#1589 = CARTESIAN_POINT('',(1.848693485701,-37.94038273133,
    -4.156304194096));
#1590 = CARTESIAN_POINT('',(1.803363515643,-37.96258830421,
    -4.164415818892));
#1591 = CARTESIAN_POINT('',(1.756155820871,-37.9794145434,
    -4.170562390285));
#1592 = CARTESIAN_POINT('',(1.707708430349,-37.99075455376,
    -4.174704859822));
#1593 = CARTESIAN_POINT('',(1.586660357381,-38.00505010589,
    -4.179926979324));
#1594 = CARTESIAN_POINT('',(1.513386132105,-38.0016119885,-4.17867104603
    ));
#1595 = CARTESIAN_POINT('',(1.440748997799,-37.98607545651,
    -4.172995600554));
#1596 = CARTESIAN_POINT('',(1.370780294722,-37.9584475996,
    -4.162903232732));
#1597 = CARTESIAN_POINT('',(1.30568035092,-37.91905820625,
    -4.148514413244));
#1598 = CARTESIAN_POINT('',(1.247735495155,-37.86868229989,
    -4.130112255668));
#1599 = CARTESIAN_POINT('',(1.19925827367,-37.80873082097,
    -4.108212172046));
#1600 = CARTESIAN_POINT('',(1.147245887001,-37.71439629827,
    -4.073752072431));
#1601 = CARTESIAN_POINT('',(1.134185833799,-37.68620246099,
    -4.063452953789));
#1602 = CARTESIAN_POINT('',(1.123089681038,-37.65699160285,
    -4.052782320679));
#1603 = CARTESIAN_POINT('',(1.114065518269,-37.62694018504,
    -4.041804633807));
#1604 = CARTESIAN_POINT('',(1.107199669799,-37.59624174022,
    -4.030590590038));
#1605 = CARTESIAN_POINT('',(1.102552739578,-37.56510379703,
    -4.019215998915));
#1606 = CARTESIAN_POINT('',(1.100155656079,-37.53374480453,
    -4.007760659189));
#1607 = CARTESIAN_POINT('',(1.099861414502,-37.47221589814,
    -3.985284346356));
#1608 = CARTESIAN_POINT('',(1.101798460248,-37.44203829814,
    -3.974260565532));
#1609 = CARTESIAN_POINT('',(1.105815785531,-37.41205967721,
    -3.963309471128));
#1610 = CARTESIAN_POINT('',(1.111883553103,-37.38247381371,
    -3.95250184976));
#1611 = CARTESIAN_POINT('',(1.119946663098,-37.35346439782,
    -3.941904802857));
#1612 = CARTESIAN_POINT('',(1.129928258765,-37.32520258541,
    -3.93158085312));
#1613 = CARTESIAN_POINT('',(1.141733232208,-37.29784455204,
    -3.921587050975));
#1614 = CARTESIAN_POINT('',(1.170261903687,-37.24230980197,
    -3.901300384284));
#1615 = CARTESIAN_POINT('',(1.187386562853,-37.21437218044,
    -3.891094860436));
#1616 = CARTESIAN_POINT('',(1.206479314388,-37.18790108127,
    -3.881425052521));
#1617 = CARTESIAN_POINT('',(1.227377210245,-37.16305097188,
    -3.87234738699));
#1618 = CARTESIAN_POINT('',(1.249908826681,-37.13994830507,
    -3.86390805665));
#1619 = CARTESIAN_POINT('',(1.273900382788,-37.11869453116,
    -3.856144120974));
#1620 = CARTESIAN_POINT('',(1.299179898452,-37.09936970507,
    -3.849084823771));
#1621 = CARTESIAN_POINT('',(1.394920312542,-37.03650977945,
    -3.826122293866));
#1622 = CARTESIAN_POINT('',(1.4718435503,-37.00481935579,-3.814545883397
    ));
#1623 = CARTESIAN_POINT('',(1.553509996333,-36.98783237612,
    -3.808340594019));
#1624 = CARTESIAN_POINT('',(1.637188174708,-36.98605918376,
    -3.807692852518));
#1625 = CARTESIAN_POINT('',(1.720124767874,-36.99969022491,
    -3.812672228278));
#1626 = CARTESIAN_POINT('',(1.799439357014,-37.02857111568,
    -3.823222325365));
#1627 = CARTESIAN_POINT('',(1.872084461075,-37.07206360878,
    -3.839109994075));
#1628 = CARTESIAN_POINT('',(1.971760938852,-37.16198130874,
    -3.871956642464));
#1629 = CARTESIAN_POINT('',(2.005217326882,-37.19974347587,
    -3.885751041415));
#1630 = CARTESIAN_POINT('',(2.034557519582,-37.24164640758,
    -3.901058048432));
#1631 = CARTESIAN_POINT('',(2.059104306018,-37.28715470129,
    -3.917682082666));
#1632 = CARTESIAN_POINT('',(2.078264271895,-37.33557830084,
    -3.935371068802));
#1633 = CARTESIAN_POINT('',(2.091577496061,-37.38607360969,
    -3.953816843722));
#1634 = CARTESIAN_POINT('',(2.098780774239,-37.43766480274,
    -3.97266294164));
#1635 = CARTESIAN_POINT('',(2.099885605327,-37.48930506722,
    -3.991526965196));
#1636 = ORIENTED_EDGE('',*,*,#1558,.T.);
#1637 = ORIENTED_EDGE('',*,*,#265,.T.);
#1638 = CYLINDRICAL_SURFACE('',#1639,0.5);
#1639 = AXIS2_PLACEMENT_3D('',#1640,#1641,#1642);
#1640 = CARTESIAN_POINT('',(1.6,-37.5,-5.1));
#1641 = DIRECTION('',(0.,0.,1.));
#1642 = DIRECTION('',(1.,0.,-0.));
#1643 = ADVANCED_FACE('',(#1644),#1717,.F.);
#1644 = FACE_BOUND('',#1645,.F.);
#1645 = EDGE_LOOP('',(#1646,#1647,#1655,#1698,#1715,#1716));
#1646 = ORIENTED_EDGE('',*,*,#350,.T.);
#1647 = ORIENTED_EDGE('',*,*,#1648,.F.);
#1648 = EDGE_CURVE('',#1649,#330,#1651,.T.);
#1649 = VERTEX_POINT('',#1650);
#1650 = CARTESIAN_POINT('',(0.5,-35.9,-3.41095890411));
#1651 = LINE('',#1652,#1653);
#1652 = CARTESIAN_POINT('',(0.5,-35.9,-5.1));
#1653 = VECTOR('',#1654,1.);
#1654 = DIRECTION('',(0.,0.,1.));
#1655 = ORIENTED_EDGE('',*,*,#1656,.F.);
#1656 = EDGE_CURVE('',#1657,#1649,#1659,.T.);
#1657 = VERTEX_POINT('',#1658);
#1658 = CARTESIAN_POINT('',(-0.178504590683,-36.36705043743,
    -3.581570936048));
#1659 = B_SPLINE_CURVE_WITH_KNOTS('',7,(#1660,#1661,#1662,#1663,#1664,
    #1665,#1666,#1667,#1668,#1669,#1670,#1671,#1672,#1673,#1674,#1675,
    #1676,#1677,#1678,#1679,#1680,#1681,#1682,#1683,#1684,#1685,#1686,
    #1687,#1688,#1689,#1690,#1691,#1692,#1693,#1694,#1695,#1696,#1697),
  .UNSPECIFIED.,.F.,.F.,(8,6,6,6,6,6,8),(0.,0.183599048773,
    0.284123555466,0.390726835021,0.640097671062,0.827078670302,1.),
  .UNSPECIFIED.);
#1660 = CARTESIAN_POINT('',(-0.178504590683,-36.36705043743,
    -3.581570936048));
#1661 = CARTESIAN_POINT('',(-0.230099430806,-36.34733112003,
    -3.574367532432));
#1662 = CARTESIAN_POINT('',(-0.279485132517,-36.32083518037,
    -3.564688650366));
#1663 = CARTESIAN_POINT('',(-0.325703619908,-36.2877523762,
    -3.552603607746));
#1664 = CARTESIAN_POINT('',(-0.36773525064,-36.24840557059,
    -3.538230345423));
#1665 = CARTESIAN_POINT('',(-0.404506904845,-36.2033404018,
    -3.521768183307));
#1666 = CARTESIAN_POINT('',(-0.434986017312,-36.15339701691,
    -3.503524024445));
#1667 = CARTESIAN_POINT('',(-0.471158623993,-36.07039854448,
    -3.473204947756));
#1668 = CARTESIAN_POINT('',(-0.481826196193,-36.03992907702,
    -3.462074548685));
#1669 = CARTESIAN_POINT('',(-0.490227073248,-36.00855892027,
    -3.450615130695));
#1670 = CARTESIAN_POINT('',(-0.496252954741,-35.97651812941,
    -3.438910732205));
#1671 = CARTESIAN_POINT('',(-0.499830123623,-35.94405734377,
    -3.427052910967));
#1672 = CARTESIAN_POINT('',(-0.500926133687,-35.91144176919,
    -3.415138545823));
#1673 = CARTESIAN_POINT('',(-0.498104037685,-35.84448346343,
    -3.390678890753));
#1674 = CARTESIAN_POINT('',(-0.493878275122,-35.81014624981,
    -3.37813561637));
#1675 = CARTESIAN_POINT('',(-0.486895625882,-35.77626191849,
    -3.365757778447));
#1676 = CARTESIAN_POINT('',(-0.477232227211,-35.74313931617,
    -3.353658197689));
#1677 = CARTESIAN_POINT('',(-0.465013275539,-35.71106140191,
    -3.341940238142));
#1678 = CARTESIAN_POINT('',(-0.450402364954,-35.68027891193,
    -3.330695492945));
#1679 = CARTESIAN_POINT('',(-0.394264572097,-35.58252298679,
    -3.294985565952));
#1680 = CARTESIAN_POINT('',(-0.342945968978,-35.52237924206,
    -3.273015248244));
#1681 = CARTESIAN_POINT('',(-0.282009274304,-35.47302632574,
    -3.254986785659));
#1682 = CARTESIAN_POINT('',(-0.214266071979,-35.43576014415,
    -3.241373568642));
#1683 = CARTESIAN_POINT('',(-0.142262759134,-35.41111342597,
    -3.232370201269));
#1684 = CARTESIAN_POINT('',(-6.827658807527E-02,-35.39919966648,
    -3.228018143006));
#1685 = CARTESIAN_POINT('',(6.104349387006E-02,-35.4006555363,
    -3.228549967602));
#1686 = CARTESIAN_POINT('',(0.116368142735,-35.40844483084,
    -3.231395371998));
#1687 = CARTESIAN_POINT('',(0.170717284085,-35.42338574456,
    -3.236853240023));
#1688 = CARTESIAN_POINT('',(0.223156792605,-35.44542250064,
    -3.244903196582));
#1689 = CARTESIAN_POINT('',(0.272665987085,-35.47439404254,
    -3.255486408237));
#1690 = CARTESIAN_POINT('',(0.318153963564,-35.50995689539,
    -3.26847740471));
#1691 = CARTESIAN_POINT('',(0.395869919243,-35.5899082125,
    -3.297683365298));
#1692 = CARTESIAN_POINT('',(0.428863530833,-35.63345868682,
    -3.313592214366));
#1693 = CARTESIAN_POINT('',(0.456558088495,-35.68158483315,
    -3.331172541793));
#1694 = CARTESIAN_POINT('',(0.478076609552,-35.73348491521,
    -3.350131475877));
#1695 = CARTESIAN_POINT('',(0.492701089869,-35.78808405885,
    -3.37007636853));
#1696 = CARTESIAN_POINT('',(0.5,-35.84407045936,-3.390528021686));
#1697 = CARTESIAN_POINT('',(0.5,-35.9,-3.41095890411));
#1698 = ORIENTED_EDGE('',*,*,#1699,.F.);
#1699 = EDGE_CURVE('',#1649,#1657,#1700,.T.);
#1700 = B_SPLINE_CURVE_WITH_KNOTS('',7,(#1701,#1702,#1703,#1704,#1705,
    #1706,#1707,#1708,#1709,#1710,#1711,#1712,#1713,#1714),
  .UNSPECIFIED.,.F.,.F.,(8,6,8),(0.,0.353218333838,1.),.UNSPECIFIED.);
#1701 = CARTESIAN_POINT('',(0.5,-35.9,-3.41095890411));
#1702 = CARTESIAN_POINT('',(0.5,-35.9513666907,-3.42972299204));
#1703 = CARTESIAN_POINT('',(0.493843405635,-36.0027304535,
    -3.448486010413));
#1704 = CARTESIAN_POINT('',(0.481531616239,-36.0529943451,
    -3.466847249353));
#1705 = CARTESIAN_POINT('',(0.463376260016,-36.10115780998,
    -3.484441209127));
#1706 = CARTESIAN_POINT('',(0.439889610363,-36.14638041054,
    -3.500960880564));
#1707 = CARTESIAN_POINT('',(0.411702087769,-36.18800457019,
    -3.516166053038));
#1708 = CARTESIAN_POINT('',(0.320553816609,-36.29426394476,
    -3.554982262927));
#1709 = CARTESIAN_POINT('',(0.248221708094,-36.34920364898,
    -3.575051561274));
#1710 = CARTESIAN_POINT('',(0.16642527733,-36.38784992214,
    -3.589168921333));
#1711 = CARTESIAN_POINT('',(7.918148100525E-02,-36.40905461814,
    -3.596914929004));
#1712 = CARTESIAN_POINT('',(-9.75473540059E-03,-36.41245370341,
    -3.598156603987));
#1713 = CARTESIAN_POINT('',(-9.684055583371E-02,-36.39826206672,
    -3.592972444466));
#1714 = CARTESIAN_POINT('',(-0.178504590683,-36.36705043743,
    -3.581570936048));
#1715 = ORIENTED_EDGE('',*,*,#1648,.T.);
#1716 = ORIENTED_EDGE('',*,*,#329,.T.);
#1717 = CYLINDRICAL_SURFACE('',#1718,0.5);
#1718 = AXIS2_PLACEMENT_3D('',#1719,#1720,#1721);
#1719 = CARTESIAN_POINT('',(0.,-35.9,-5.1));
#1720 = DIRECTION('',(0.,0.,1.));
#1721 = DIRECTION('',(1.,0.,-0.));
#1722 = ADVANCED_FACE('',(#1723),#1807,.F.);
#1723 = FACE_BOUND('',#1724,.F.);
#1724 = EDGE_LOOP('',(#1725,#1726,#1734,#1797,#1805,#1806));
#1725 = ORIENTED_EDGE('',*,*,#406,.T.);
#1726 = ORIENTED_EDGE('',*,*,#1727,.F.);
#1727 = EDGE_CURVE('',#1728,#394,#1730,.T.);
#1728 = VERTEX_POINT('',#1729);
#1729 = CARTESIAN_POINT('',(2.1,-35.9,-3.41095890411));
#1730 = LINE('',#1731,#1732);
#1731 = CARTESIAN_POINT('',(2.1,-35.9,-5.1));
#1732 = VECTOR('',#1733,1.);
#1733 = DIRECTION('',(0.,0.,1.));
#1734 = ORIENTED_EDGE('',*,*,#1735,.F.);
#1735 = EDGE_CURVE('',#1736,#1728,#1738,.T.);
#1736 = VERTEX_POINT('',#1737);
#1737 = CARTESIAN_POINT('',(2.096543724859,-35.95868840859,
    -3.43239759218));
#1738 = B_SPLINE_CURVE_WITH_KNOTS('',8,(#1739,#1740,#1741,#1742,#1743,
    #1744,#1745,#1746,#1747,#1748,#1749,#1750,#1751,#1752,#1753,#1754,
    #1755,#1756,#1757,#1758,#1759,#1760,#1761,#1762,#1763,#1764,#1765,
    #1766,#1767,#1768,#1769,#1770,#1771,#1772,#1773,#1774,#1775,#1776,
    #1777,#1778,#1779,#1780,#1781,#1782,#1783,#1784,#1785,#1786,#1787,
    #1788,#1789,#1790,#1791,#1792,#1793,#1794,#1795,#1796),
  .UNSPECIFIED.,.F.,.F.,(9,7,7,7,7,7,7,7,9),(0.,8.754426787871E-02,
    0.215336622759,0.414168314231,0.48890052527,0.565543950241,
    0.644145210842,0.869889106116,1.),.UNSPECIFIED.);
#1739 = CARTESIAN_POINT('',(2.096543724859,-35.95868840859,
    -3.43239759218));
#1740 = CARTESIAN_POINT('',(2.09241906614,-35.99358581769,-3.44514550418
    ));
#1741 = CARTESIAN_POINT('',(2.085502308973,-36.02805978199,
    -3.45773873315));
#1742 = CARTESIAN_POINT('',(2.075856166781,-36.06180220499,
    -3.47006473242));
#1743 = CARTESIAN_POINT('',(2.063591867986,-36.09453309766,
    -3.482021222893));
#1744 = CARTESIAN_POINT('',(2.048855907521,-36.12600472714,
    -3.493517708546));
#1745 = CARTESIAN_POINT('',(2.031819024148,-36.15600334259,
    -3.504476106885));
#1746 = CARTESIAN_POINT('',(2.012667403583,-36.18434847825,
    -3.51483049434));
#1747 = CARTESIAN_POINT('',(1.960837376762,-36.24963345883,
    -3.538678889073));
#1748 = CARTESIAN_POINT('',(1.925990881595,-36.28452980859,
    -3.551426414099));
#1749 = CARTESIAN_POINT('',(1.887641700681,-36.31514313621,
    -3.562609364828));
#1750 = CARTESIAN_POINT('',(1.846396094294,-36.34115783067,
    -3.57211244956));
#1751 = CARTESIAN_POINT('',(1.80285576337,-36.36235531938,
    -3.579855824434));
#1752 = CARTESIAN_POINT('',(1.75760256816,-36.37859226019,
    -3.585787127013));
#1753 = CARTESIAN_POINT('',(1.711193706379,-36.38978002234,
    -3.589873980765));
#1754 = CARTESIAN_POINT('',(1.590999203801,-36.40533376321,
    -3.595555712588));
#1755 = CARTESIAN_POINT('',(1.516397027923,-36.40244213337,
    -3.594499409453));
#1756 = CARTESIAN_POINT('',(1.442339940846,-36.38703290112,
    -3.588870466164));
#1757 = CARTESIAN_POINT('',(1.370924821855,-36.35906904094,
    -3.578655357423));
#1758 = CARTESIAN_POINT('',(1.304468933742,-36.31883674591,
    -3.563958628646));
#1759 = CARTESIAN_POINT('',(1.245411815555,-36.26709455059,
    -3.545057370079));
#1760 = CARTESIAN_POINT('',(1.196268016143,-36.20529991926,
    -3.522483988773));
#1761 = CARTESIAN_POINT('',(1.145140485867,-36.1097135014,
    -3.487566575854));
#1762 = CARTESIAN_POINT('',(1.132874761702,-36.0825322137,
    -3.477637338341));
#1763 = CARTESIAN_POINT('',(1.122423056201,-36.05442187946,
    -3.467368723094));
#1764 = CARTESIAN_POINT('',(1.113882616472,-36.02554047693,
    -3.456818439062));
#1765 = CARTESIAN_POINT('',(1.107331618269,-35.99606140383,
    -3.446049827884));
#1766 = CARTESIAN_POINT('',(1.102825567131,-35.9661708537,
    -3.435130905463));
#1767 = CARTESIAN_POINT('',(1.100393699513,-35.9360651922,
    -3.424133403544));
#1768 = CARTESIAN_POINT('',(1.099667904709,-35.87506126106,
    -3.401848862488));
#1769 = CARTESIAN_POINT('',(1.101481319109,-35.84415418523,
    -3.390558606478));
#1770 = CARTESIAN_POINT('',(1.105476492916,-35.81344765414,
    -3.379341608821));
#1771 = CARTESIAN_POINT('',(1.111620977086,-35.78315305424,
    -3.368275088308));
#1772 = CARTESIAN_POINT('',(1.119853385394,-35.75346977947,
    -3.357431882912));
#1773 = CARTESIAN_POINT('',(1.130087772094,-35.72458240061,
    -3.346879415748));
#1774 = CARTESIAN_POINT('',(1.142218009574,-35.69665783457,
    -3.33667866103));
#1775 = CARTESIAN_POINT('',(1.170381500392,-35.64234220268,
    -3.316837334314));
#1776 = CARTESIAN_POINT('',(1.186508659399,-35.61600456982,
    -3.307216281216));
#1777 = CARTESIAN_POINT('',(1.204376165798,-35.5909825637,
    -3.298075822359));
#1778 = CARTESIAN_POINT('',(1.223844128377,-35.56740364796,
    -3.289462519806));
#1779 = CARTESIAN_POINT('',(1.244766703921,-35.54537199977,
    -3.281414429142));
#1780 = CARTESIAN_POINT('',(1.2669970163,-35.52497115042,-3.27396206408)
  );
#1781 = CARTESIAN_POINT('',(1.290390532682,-35.50626706807,
    -3.267129522586));
#1782 = CARTESIAN_POINT('',(1.384931028717,-35.44061558421,
    -3.243147245374));
#1783 = CARTESIAN_POINT('',(1.463301470311,-35.4064760393,-3.23067617874
    ));
#1784 = CARTESIAN_POINT('',(1.546843869751,-35.38775609236,
    -3.22383784196));
#1785 = CARTESIAN_POINT('',(1.632671316161,-35.38498574201,
    -3.222825841834));
#1786 = CARTESIAN_POINT('',(1.717878891426,-35.39838748186,
    -3.227721454561));
#1787 = CARTESIAN_POINT('',(1.799413317769,-35.4278508463,
    -3.238484327416));
#1788 = CARTESIAN_POINT('',(1.874013397731,-35.4727812389,
    -3.254897256221));
#1789 = CARTESIAN_POINT('',(1.975221623486,-35.56573488623,
    -3.28885292648));
#1790 = CARTESIAN_POINT('',(2.008751432724,-35.60436439843,
    -3.30296416381));
#1791 = CARTESIAN_POINT('',(2.038036789192,-35.64724787649,
    -3.318629361278));
#1792 = CARTESIAN_POINT('',(2.062354755534,-35.69382400117,
    -3.33564347075));
#1793 = CARTESIAN_POINT('',(2.081072835989,-35.74335839836,
    -3.353738227714));
#1794 = CARTESIAN_POINT('',(2.093707930402,-35.79494505788,
    -3.372582669546));
#1795 = CARTESIAN_POINT('',(2.1,-35.84753283718,-3.391792817237));
#1796 = CARTESIAN_POINT('',(2.1,-35.9,-3.41095890411));
#1797 = ORIENTED_EDGE('',*,*,#1798,.F.);
#1798 = EDGE_CURVE('',#1728,#1736,#1799,.T.);
#1799 = B_SPLINE_CURVE_WITH_KNOTS('',4,(#1800,#1801,#1802,#1803,#1804),
  .UNSPECIFIED.,.F.,.F.,(5,5),(0.,1.),.PIECEWISE_BEZIER_KNOTS.);
#1800 = CARTESIAN_POINT('',(2.1,-35.9,-3.41095890411));
#1801 = CARTESIAN_POINT('',(2.1,-35.91472336443,-3.416337302077));
#1802 = CARTESIAN_POINT('',(2.099421914089,-35.92943927196,
    -3.421712976061));
#1803 = CARTESIAN_POINT('',(2.098267138527,-35.94410716056,
    -3.42707110888));
#1804 = CARTESIAN_POINT('',(2.096543724859,-35.95868840859,
    -3.43239759218));
#1805 = ORIENTED_EDGE('',*,*,#1727,.T.);
#1806 = ORIENTED_EDGE('',*,*,#393,.T.);
#1807 = CYLINDRICAL_SURFACE('',#1808,0.5);
#1808 = AXIS2_PLACEMENT_3D('',#1809,#1810,#1811);
#1809 = CARTESIAN_POINT('',(1.6,-35.9,-5.1));
#1810 = DIRECTION('',(0.,0.,1.));
#1811 = DIRECTION('',(1.,0.,-0.));
#1812 = ADVANCED_FACE('',(#1813),#1879,.F.);
#1813 = FACE_BOUND('',#1814,.F.);
#1814 = EDGE_LOOP('',(#1815,#1816,#1824,#1852,#1877,#1878));
#1815 = ORIENTED_EDGE('',*,*,#491,.T.);
#1816 = ORIENTED_EDGE('',*,*,#1817,.F.);
#1817 = EDGE_CURVE('',#1818,#462,#1820,.T.);
#1818 = VERTEX_POINT('',#1819);
#1819 = CARTESIAN_POINT('',(-1.1,-34.3,-2.826484018265));
#1820 = LINE('',#1821,#1822);
#1821 = CARTESIAN_POINT('',(-1.1,-34.3,-5.1));
#1822 = VECTOR('',#1823,1.);
#1823 = DIRECTION('',(0.,0.,1.));
#1824 = ORIENTED_EDGE('',*,*,#1825,.F.);
#1825 = EDGE_CURVE('',#1826,#1818,#1828,.T.);
#1826 = VERTEX_POINT('',#1827);
#1827 = CARTESIAN_POINT('',(-2.099452821685,-34.27661455771,
    -2.817941390946));
#1828 = B_SPLINE_CURVE_WITH_KNOTS('',8,(#1829,#1830,#1831,#1832,#1833,
    #1834,#1835,#1836,#1837,#1838,#1839,#1840,#1841,#1842,#1843,#1844,
    #1845,#1846,#1847,#1848,#1849,#1850,#1851),.UNSPECIFIED.,.F.,.F.,(9,
    7,7,9),(0.,0.241833859496,0.697628934171,1.),.UNSPECIFIED.);
#1829 = CARTESIAN_POINT('',(-2.099452821685,-34.27661455771,
    -2.817941390946));
#1830 = CARTESIAN_POINT('',(-2.097151493755,-34.22746411984,
    -2.799986893093));
#1831 = CARTESIAN_POINT('',(-2.089319706247,-34.17851490998,
    -2.782105903191));
#1832 = CARTESIAN_POINT('',(-2.075978724217,-34.13070751353,
    -2.764642014077));
#1833 = CARTESIAN_POINT('',(-2.057395005038,-34.08489731807,
    -2.747907696099));
#1834 = CARTESIAN_POINT('',(-2.034004885511,-34.04181439309,
    -2.732169641314));
#1835 = CARTESIAN_POINT('',(-2.006352898876,-34.0020427971,
    -2.717641204422));
#1836 = CARTESIAN_POINT('',(-1.975043721714,-33.96601931185,
    -2.704481940403));
#1837 = CARTESIAN_POINT('',(-1.875993212915,-33.87380063723,
    -2.670794753328));
#1838 = CARTESIAN_POINT('',(-1.800642719004,-33.82806347326,
    -2.65408711352));
#1839 = CARTESIAN_POINT('',(-1.718295935831,-33.79819308954,
    -2.643175557825));
#1840 = CARTESIAN_POINT('',(-1.632302720201,-33.78468684991,
    -2.63824177166));
#1841 = CARTESIAN_POINT('',(-1.54572421458,-33.78762556245,
    -2.639315273955));
#1842 = CARTESIAN_POINT('',(-1.461501516881,-33.80674730697,
    -2.646300386108));
#1843 = CARTESIAN_POINT('',(-1.382503714996,-33.8415694637,
    -2.659020808658));
#1844 = CARTESIAN_POINT('',(-1.265056993648,-33.9243703209,
    -2.689267697133));
#1845 = CARTESIAN_POINT('',(-1.22192435697,-33.96396438669,
    -2.70373128281));
#1846 = CARTESIAN_POINT('',(-1.183608232941,-34.0097742049,
    -2.72046546298));
#1847 = CARTESIAN_POINT('',(-1.151249111937,-34.06119761476,
    -2.739250270233));
#1848 = CARTESIAN_POINT('',(-1.125948257779,-34.11734196993,
    -2.759759623722));
#1849 = CARTESIAN_POINT('',(-1.108657236448,-34.17696207122,
    -2.781538656157));
#1850 = CARTESIAN_POINT('',(-1.1,-34.23845665774,-2.804002432053));
#1851 = CARTESIAN_POINT('',(-1.1,-34.3,-2.826484018265));
#1852 = ORIENTED_EDGE('',*,*,#1853,.F.);
#1853 = EDGE_CURVE('',#1818,#1826,#1854,.T.);
#1854 = B_SPLINE_CURVE_WITH_KNOTS('',6,(#1855,#1856,#1857,#1858,#1859,
    #1860,#1861,#1862,#1863,#1864,#1865,#1866,#1867,#1868,#1869,#1870,
    #1871,#1872,#1873,#1874,#1875,#1876),.UNSPECIFIED.,.F.,.F.,(7,5,5,5,
    7),(0.,0.230080044692,0.514422576308,0.790051035154,1.),
  .UNSPECIFIED.);
#1855 = CARTESIAN_POINT('',(-1.1,-34.3,-2.826484018265));
#1856 = CARTESIAN_POINT('',(-1.1,-34.36409053799,-2.84989608694));
#1857 = CARTESIAN_POINT('',(-1.109858217367,-34.42829670506,
    -2.873350394542));
#1858 = CARTESIAN_POINT('',(-1.129641211946,-34.49019180362,
    -2.89596047621));
#1859 = CARTESIAN_POINT('',(-1.158387836291,-34.54764254933,
    -2.916947049987));
#1860 = CARTESIAN_POINT('',(-1.194683662953,-34.59916152962,
    -2.935766768813));
#1861 = CARTESIAN_POINT('',(-1.28918955065,-34.69895924524,
    -2.97222255534));
#1862 = CARTESIAN_POINT('',(-1.350585050718,-34.74364629622,
    -2.988546592228));
#1863 = CARTESIAN_POINT('',(-1.418434435092,-34.77631057028,
    -3.000478747136));
#1864 = CARTESIAN_POINT('',(-1.490009935836,-34.79639443781,
    -3.007815319748));
#1865 = CARTESIAN_POINT('',(-1.562960029808,-34.80384329199,
    -3.010536362373));
#1866 = CARTESIAN_POINT('',(-1.705030129737,-34.7938451615,
    -3.006884077262));
#1867 = CARTESIAN_POINT('',(-1.774126104542,-34.77715925613,
    -3.000788769365));
#1868 = CARTESIAN_POINT('',(-1.840383354428,-34.74885125922,
    -2.990447948575));
#1869 = CARTESIAN_POINT('',(-1.901665931639,-34.7092493002,
    -2.975981479526));
#1870 = CARTESIAN_POINT('',(-1.955569202244,-34.65915968509,
    -2.95768390323));
#1871 = CARTESIAN_POINT('',(-2.033493657721,-34.55540345545,
    -2.919782084184));
#1872 = CARTESIAN_POINT('',(-2.061581410282,-34.50542472716,
    -2.901525014488));
#1873 = CARTESIAN_POINT('',(-2.082975368107,-34.45117042871,
    -2.881706092683));
#1874 = CARTESIAN_POINT('',(-2.096720414143,-34.39383740489,
    -2.860762522338));
#1875 = CARTESIAN_POINT('',(-2.102188689382,-34.33504564591,
    -2.839286080699));
#1876 = CARTESIAN_POINT('',(-2.099452821685,-34.27661455771,
    -2.817941390946));
#1877 = ORIENTED_EDGE('',*,*,#1817,.T.);
#1878 = ORIENTED_EDGE('',*,*,#461,.T.);
#1879 = CYLINDRICAL_SURFACE('',#1880,0.5);
#1880 = AXIS2_PLACEMENT_3D('',#1881,#1882,#1883);
#1881 = CARTESIAN_POINT('',(-1.6,-34.3,-5.1));
#1882 = DIRECTION('',(0.,0.,1.));
#1883 = DIRECTION('',(1.,0.,-0.));
#1884 = ADVANCED_FACE('',(#1885),#1950,.F.);
#1885 = FACE_BOUND('',#1886,.F.);
#1886 = EDGE_LOOP('',(#1887,#1888,#1896,#1923,#1948,#1949));
#1887 = ORIENTED_EDGE('',*,*,#556,.T.);
#1888 = ORIENTED_EDGE('',*,*,#1889,.F.);
#1889 = EDGE_CURVE('',#1890,#520,#1892,.T.);
#1890 = VERTEX_POINT('',#1891);
#1891 = CARTESIAN_POINT('',(0.5,-34.3,-2.826484018265));
#1892 = LINE('',#1893,#1894);
#1893 = CARTESIAN_POINT('',(0.5,-34.3,-5.1));
#1894 = VECTOR('',#1895,1.);
#1895 = DIRECTION('',(0.,0.,1.));
#1896 = ORIENTED_EDGE('',*,*,#1897,.F.);
#1897 = EDGE_CURVE('',#1898,#1890,#1900,.T.);
#1898 = VERTEX_POINT('',#1899);
#1899 = CARTESIAN_POINT('',(-0.499824726062,-34.2867620539,
    -2.82164823887));
#1900 = B_SPLINE_CURVE_WITH_KNOTS('',6,(#1901,#1902,#1903,#1904,#1905,
    #1906,#1907,#1908,#1909,#1910,#1911,#1912,#1913,#1914,#1915,#1916,
    #1917,#1918,#1919,#1920,#1921,#1922),.UNSPECIFIED.,.F.,.F.,(7,5,5,5,
    7),(0.,0.227319759308,0.518558697212,0.764798093513,1.),
  .UNSPECIFIED.);
#1901 = CARTESIAN_POINT('',(-0.499824726062,-34.2867620539,
    -2.82164823887));
#1902 = CARTESIAN_POINT('',(-0.49818297184,-34.22477438991,
    -2.799004343348));
#1903 = CARTESIAN_POINT('',(-0.487315547707,-34.16301061613,
    -2.776442234203));
#1904 = CARTESIAN_POINT('',(-0.467269327077,-34.1036722044,
    -2.754766102065));
#1905 = CARTESIAN_POINT('',(-0.438988615605,-34.04864806548,
    -2.734665959993));
#1906 = CARTESIAN_POINT('',(-0.403785818684,-33.99923338558,
    -2.716614935375));
#1907 = CARTESIAN_POINT('',(-0.310956061654,-33.90118026909,
    -2.680796445333));
#1908 = CARTESIAN_POINT('',(-0.249780805973,-33.85663953056,
    -2.664525855913));
#1909 = CARTESIAN_POINT('',(-0.182287923815,-33.82407308421,
    -2.652629437157));
#1910 = CARTESIAN_POINT('',(-0.111127903707,-33.80394076839,
    -2.645275166536));
#1911 = CARTESIAN_POINT('',(-3.851578085997E-02,-33.79629132673,
    -2.642480849948));
#1912 = CARTESIAN_POINT('',(9.434098518871E-02,-33.80520587918,
    -2.645737307465));
#1913 = CARTESIAN_POINT('',(0.15470405733,-33.81820752402,
    -2.650486766768));
#1914 = CARTESIAN_POINT('',(0.213275889823,-33.84009356242,
    -2.658481666639));
#1915 = CARTESIAN_POINT('',(0.268649807781,-33.87075857202,
    -2.66968349663));
#1916 = CARTESIAN_POINT('',(0.319197351423,-33.90983911949,
    -2.683959495707));
#1917 = CARTESIAN_POINT('',(0.405352628858,-34.00093262449,
    -2.717235661916));
#1918 = CARTESIAN_POINT('',(0.441566209233,-34.05232748893,
    -2.736010041619));
#1919 = CARTESIAN_POINT('',(0.470304235676,-34.10969689363,
    -2.756966901785));
#1920 = CARTESIAN_POINT('',(0.490117393991,-34.17157732473,
    -2.779571625475));
#1921 = CARTESIAN_POINT('',(0.5,-34.23583012689,-2.803042968727));
#1922 = CARTESIAN_POINT('',(0.5,-34.3,-2.826484018265));
#1923 = ORIENTED_EDGE('',*,*,#1924,.F.);
#1924 = EDGE_CURVE('',#1890,#1898,#1925,.T.);
#1925 = B_SPLINE_CURVE_WITH_KNOTS('',6,(#1926,#1927,#1928,#1929,#1930,
    #1931,#1932,#1933,#1934,#1935,#1936,#1937,#1938,#1939,#1940,#1941,
    #1942,#1943,#1944,#1945,#1946,#1947),.UNSPECIFIED.,.F.,.F.,(7,5,5,5,
    7),(0.,0.214644984618,0.506531643857,0.782201112179,1.),
  .UNSPECIFIED.);
#1926 = CARTESIAN_POINT('',(0.5,-34.3,-2.826484018265));
#1927 = CARTESIAN_POINT('',(0.5,-34.35942707416,-2.848192538508));
#1928 = CARTESIAN_POINT('',(0.49152420895,-34.41884664294,
    -2.869898317056));
#1929 = CARTESIAN_POINT('',(0.474576841482,-34.476349008,-2.890903747217
    ));
#1930 = CARTESIAN_POINT('',(0.449898072304,-34.53026524472,
    -2.910599176155));
#1931 = CARTESIAN_POINT('',(0.41855589733,-34.57939236872,
    -2.928545157524));
#1932 = CARTESIAN_POINT('',(0.331683085631,-34.68209249411,
    -2.966061185065));
#1933 = CARTESIAN_POINT('',(0.271494647543,-34.73091752617,
    -2.983896813213));
#1934 = CARTESIAN_POINT('',(0.203950063279,-34.76759235842,
    -2.997294012209));
#1935 = CARTESIAN_POINT('',(0.131902709,-34.79138038676,-3.005983702928)
  );
#1936 = CARTESIAN_POINT('',(5.783185801855E-02,-34.80209920532,
    -3.009899253086));
#1937 = CARTESIAN_POINT('',(-8.56171891458E-02,-34.79752311997,
    -3.008227623735));
#1938 = CARTESIAN_POINT('',(-0.154938694695,-34.78364318318,
    -3.003157327192));
#1939 = CARTESIAN_POINT('',(-0.221939333195,-34.7581554551,
    -2.993846741589));
#1940 = CARTESIAN_POINT('',(-0.284494963252,-34.72127523174,
    -2.98037451388));
#1941 = CARTESIAN_POINT('',(-0.340178576379,-34.67370076033,
    -2.962995711538));
#1942 = CARTESIAN_POINT('',(-0.42337692762,-34.57222478466,
    -2.925926861976));
#1943 = CARTESIAN_POINT('',(-0.454364395265,-34.52173198284,
    -2.907482002867));
#1944 = CARTESIAN_POINT('',(-0.478368997455,-34.46642266162,
    -2.88727768461));
#1945 = CARTESIAN_POINT('',(-0.494295013501,-34.40759778523,
    -2.865789145291));
#1946 = CARTESIAN_POINT('',(-0.501421258526,-34.34704228132,
    -2.843668413268));
#1947 = CARTESIAN_POINT('',(-0.499824726062,-34.2867620539,
    -2.82164823887));
#1948 = ORIENTED_EDGE('',*,*,#1889,.T.);
#1949 = ORIENTED_EDGE('',*,*,#519,.T.);
#1950 = CYLINDRICAL_SURFACE('',#1951,0.5);
#1951 = AXIS2_PLACEMENT_3D('',#1952,#1953,#1954);
#1952 = CARTESIAN_POINT('',(0.,-34.3,-5.1));
#1953 = DIRECTION('',(0.,0.,1.));
#1954 = DIRECTION('',(1.,0.,-0.));
#1955 = ADVANCED_FACE('',(#1956),#2041,.F.);
#1956 = FACE_BOUND('',#1957,.F.);
#1957 = EDGE_LOOP('',(#1958,#1959,#1967,#1978,#2039,#2040));
#1958 = ORIENTED_EDGE('',*,*,#649,.T.);
#1959 = ORIENTED_EDGE('',*,*,#1960,.F.);
#1960 = EDGE_CURVE('',#1961,#585,#1963,.T.);
#1961 = VERTEX_POINT('',#1962);
#1962 = CARTESIAN_POINT('',(2.1,-34.3,-2.826484018265));
#1963 = LINE('',#1964,#1965);
#1964 = CARTESIAN_POINT('',(2.1,-34.3,-5.1));
#1965 = VECTOR('',#1966,1.);
#1966 = DIRECTION('',(0.,0.,1.));
#1967 = ORIENTED_EDGE('',*,*,#1968,.F.);
#1968 = EDGE_CURVE('',#1969,#1961,#1971,.T.);
#1969 = VERTEX_POINT('',#1970);
#1970 = CARTESIAN_POINT('',(2.099452821685,-34.27661455771,
    -2.817941390946));
#1971 = B_SPLINE_CURVE_WITH_KNOTS('',3,(#1972,#1973,#1974,#1975,#1976,
    #1977),.UNSPECIFIED.,.F.,.F.,(4,1,1,4),(0.,0.380038608016,
    0.754787770996,1.),.UNSPECIFIED.);
#1972 = CARTESIAN_POINT('',(2.099452821685,-34.27661455771,
    -2.817941390946));
#1973 = CARTESIAN_POINT('',(2.099591453135,-34.27957536845,
    -2.819022965647));
#1974 = CARTESIAN_POINT('',(2.09981449163,-34.28545819288,
    -2.821171942606));
#1975 = CARTESIAN_POINT('',(2.099972282105,-34.29325494519,
    -2.824020071303));
#1976 = CARTESIAN_POINT('',(2.1,-34.29808822733,-2.825785653821));
#1977 = CARTESIAN_POINT('',(2.1,-34.3,-2.826484018265));
#1978 = ORIENTED_EDGE('',*,*,#1979,.F.);
#1979 = EDGE_CURVE('',#1961,#1969,#1980,.T.);
#1980 = B_SPLINE_CURVE_WITH_KNOTS('',8,(#1981,#1982,#1983,#1984,#1985,
    #1986,#1987,#1988,#1989,#1990,#1991,#1992,#1993,#1994,#1995,#1996,
    #1997,#1998,#1999,#2000,#2001,#2002,#2003,#2004,#2005,#2006,#2007,
    #2008,#2009,#2010,#2011,#2012,#2013,#2014,#2015,#2016,#2017,#2018,
    #2019,#2020,#2021,#2022,#2023,#2024,#2025,#2026,#2027,#2028,#2029,
    #2030,#2031,#2032,#2033,#2034,#2035,#2036,#2037,#2038),
  .UNSPECIFIED.,.F.,.F.,(9,7,7,7,7,7,7,7,9),(0.,9.939046069513E-02,
    0.244385145952,0.386406450944,0.500840647252,0.574628576988,
    0.656075975803,0.880207107044,1.),.UNSPECIFIED.);
#1981 = CARTESIAN_POINT('',(2.1,-34.3,-2.826484018265));
#1982 = CARTESIAN_POINT('',(2.1,-34.34066469247,-2.841338700447));
#1983 = CARTESIAN_POINT('',(2.096220299287,-34.3812795913,
    -2.856175193171));
#1984 = CARTESIAN_POINT('',(2.088677146315,-34.42133373851,
    -2.870806845121));
#1985 = CARTESIAN_POINT('',(2.077492427741,-34.46035501916,
    -2.885061194215));
#1986 = CARTESIAN_POINT('',(2.062865224329,-34.49792459527,
    -2.898785240283));
#1987 = CARTESIAN_POINT('',(2.045047992942,-34.53368462924,
    -2.911848266389));
#1988 = CARTESIAN_POINT('',(2.024327374599,-34.56733929655,
    -2.924142208788));
#1989 = CARTESIAN_POINT('',(1.966992790195,-34.6443250344,
    -2.952264852752));
#1990 = CARTESIAN_POINT('',(1.927450643592,-34.68500766659,
    -2.967126088253));
#1991 = CARTESIAN_POINT('',(1.88327748087,-34.72003642713,
    -2.979921982514));
#1992 = CARTESIAN_POINT('',(1.835396649408,-34.74896113403,
    -2.990488085491));
#1993 = CARTESIAN_POINT('',(1.784712094617,-34.771494774,-2.998719552149
    ));
#1994 = CARTESIAN_POINT('',(1.732082038303,-34.7874691283,
    -3.004554932713));
#1995 = CARTESIAN_POINT('',(1.678314792692,-34.79679323109,
    -3.00796099766));
#1996 = CARTESIAN_POINT('',(1.571168622496,-34.80198233258,
    -3.009856559848));
#1997 = CARTESIAN_POINT('',(1.51785280244,-34.79811700613,-3.00844456845
    ));
#1998 = CARTESIAN_POINT('',(1.464971106139,-34.78778846925,
    -3.004671586942));
#1999 = CARTESIAN_POINT('',(1.41329160057,-34.77099938872,-2.99853858949
    ));
#2000 = CARTESIAN_POINT('',(1.36363785384,-34.74782034899,
    -2.990071360362));
#2001 = CARTESIAN_POINT('',(1.316888224844,-34.71842892999,
    -2.979334768948));
#2002 = CARTESIAN_POINT('',(1.273955152257,-34.68315282395,
    -2.966448520165));
#2003 = CARTESIAN_POINT('',(1.204956021144,-34.60977451684,
    -2.939643659122));
#2004 = CARTESIAN_POINT('',(1.177222829122,-34.57354091412,
    -2.926407639863));
#2005 = CARTESIAN_POINT('',(1.153063614604,-34.53413269204,-2.9120119423
    ));
#2006 = CARTESIAN_POINT('',(1.132965784011,-34.49196958961,
    -2.896609895751));
#2007 = CARTESIAN_POINT('',(1.117358421887,-34.44758527699,
    -2.880396448218));
#2008 = CARTESIAN_POINT('',(1.106575852159,-34.40162406139,
    -2.863606963066));
#2009 = CARTESIAN_POINT('',(1.100811741096,-34.35482359746,
    -2.846510903182));
#2010 = CARTESIAN_POINT('',(1.099581427159,-34.27778086206,
    -2.818367438196));
#2011 = CARTESIAN_POINT('',(1.101184567909,-34.24755001079,
    -2.807324204856));
#2012 = CARTESIAN_POINT('',(1.104875001749,-34.21750144056,
    -2.796347558196));
#2013 = CARTESIAN_POINT('',(1.110622460616,-34.18783656775,
    -2.785511074981));
#2014 = CARTESIAN_POINT('',(1.118368876618,-34.15874513037,
    -2.774884065892));
#2015 = CARTESIAN_POINT('',(1.128032687797,-34.13040248547,-2.7645305883
    ));
#2016 = CARTESIAN_POINT('',(1.139513143898,-34.10296690659,
    -2.754508459029));
#2017 = CARTESIAN_POINT('',(1.167244367138,-34.04744747047,
    -2.734227386474));
#2018 = CARTESIAN_POINT('',(1.183868770312,-34.01958777579,
    -2.724050329059));
#2019 = CARTESIAN_POINT('',(1.202417292753,-33.99317723985,
    -2.714402644697));
#2020 = CARTESIAN_POINT('',(1.222724138474,-33.9683622446,
    -2.705337806248));
#2021 = CARTESIAN_POINT('',(1.244617185503,-33.94525941631,
    -2.69689841692));
#2022 = CARTESIAN_POINT('',(1.26792466657,-33.92395950602,
    -2.689117627771));
#2023 = CARTESIAN_POINT('',(1.292479589392,-33.90453184534,
    -2.682020765423));
#2024 = CARTESIAN_POINT('',(1.388685713084,-33.83886518958,
    -2.658032945966));
#2025 = CARTESIAN_POINT('',(1.467266310935,-33.80542843821,
    -2.645818607566));
#2026 = CARTESIAN_POINT('',(1.550806967927,-33.78741440253,
    -2.639238137912));
#2027 = CARTESIAN_POINT('',(1.636525449756,-33.78528097941,
    -2.638458805265));
#2028 = CARTESIAN_POINT('',(1.721562775719,-33.79927328695,
    -2.643570150486));
#2029 = CARTESIAN_POINT('',(1.80293847265,-33.82930546857,-2.65454081044
    ));
#2030 = CARTESIAN_POINT('',(1.877389291506,-33.87488242627,
    -2.671189927407));
#2031 = CARTESIAN_POINT('',(1.975577533499,-33.96663457753,
    -2.704706694991));
#2032 = CARTESIAN_POINT('',(2.006757000076,-34.00262483283,
    -2.717853820212));
#2033 = CARTESIAN_POINT('',(2.034289689869,-34.0423397038,
    -2.732361535637));
#2034 = CARTESIAN_POINT('',(2.057575949558,-34.08534401218,
    -2.74807087203));
#2035 = CARTESIAN_POINT('',(2.076076129197,-34.13105696657,
    -2.764769668155));
#2036 = CARTESIAN_POINT('',(2.089357869107,-34.17875341683,
    -2.78219302898));
#2037 = CARTESIAN_POINT('',(2.097157109339,-34.22758405425,
    -2.800030704749));
#2038 = CARTESIAN_POINT('',(2.099452821685,-34.27661455771,
    -2.817941390946));
#2039 = ORIENTED_EDGE('',*,*,#1960,.T.);
#2040 = ORIENTED_EDGE('',*,*,#584,.T.);
#2041 = CYLINDRICAL_SURFACE('',#2042,0.5);
#2042 = AXIS2_PLACEMENT_3D('',#2043,#2044,#2045);
#2043 = CARTESIAN_POINT('',(1.6,-34.3,-5.1));
#2044 = DIRECTION('',(0.,0.,1.));
#2045 = DIRECTION('',(1.,0.,-0.));
#2046 = ADVANCED_FACE('',(#2047),#2076,.T.);
#2047 = FACE_BOUND('',#2048,.T.);
#2048 = EDGE_LOOP('',(#2049,#2056,#2057,#2058,#2059,#2066));
#2049 = ORIENTED_EDGE('',*,*,#2050,.F.);
#2050 = EDGE_CURVE('',#960,#2051,#2053,.T.);
#2051 = VERTEX_POINT('',#2052);
#2052 = CARTESIAN_POINT('',(-29.39860696016,26.885099157401,
    0.963979192634));
#2053 = B_SPLINE_CURVE_WITH_KNOTS('',1,(#2054,#2055),.UNSPECIFIED.,.F.,
  .F.,(2,2),(0.,1.),.PIECEWISE_BEZIER_KNOTS.);
#2054 = CARTESIAN_POINT('',(-40.25,36.25,-3.));
#2055 = CARTESIAN_POINT('',(-29.3,26.8,1.));
#2056 = ORIENTED_EDGE('',*,*,#959,.F.);
#2057 = ORIENTED_EDGE('',*,*,#665,.T.);
#2058 = ORIENTED_EDGE('',*,*,#1040,.T.);
#2059 = ORIENTED_EDGE('',*,*,#2060,.T.);
#2060 = EDGE_CURVE('',#1041,#2061,#2063,.T.);
#2061 = VERTEX_POINT('',#2062);
#2062 = CARTESIAN_POINT('',(-29.4,26.8,0.963470319635));
#2063 = B_SPLINE_CURVE_WITH_KNOTS('',1,(#2064,#2065),.UNSPECIFIED.,.F.,
  .F.,(2,2),(0.,1.),.PIECEWISE_BEZIER_KNOTS.);
#2064 = CARTESIAN_POINT('',(-29.4,-26.8,0.963470319635));
#2065 = CARTESIAN_POINT('',(-29.4,26.8,0.963470319635));
#2066 = ORIENTED_EDGE('',*,*,#2067,.T.);
#2067 = EDGE_CURVE('',#2061,#2051,#2068,.T.);
#2068 = B_SPLINE_CURVE_WITH_KNOTS('',3,(#2069,#2070,#2071,#2072,#2073,
    #2074,#2075),.UNSPECIFIED.,.F.,.F.,(4,1,1,1,4),(0.,0.243085883659,
    0.52041668996,0.826053664616,1.),.UNSPECIFIED.);
#2069 = CARTESIAN_POINT('',(-29.4,26.8,0.963470319635));
#2070 = CARTESIAN_POINT('',(-29.4,26.806955975898,0.963470319635));
#2071 = CARTESIAN_POINT('',(-29.39994023918,26.821816335341,
    0.96349215007));
#2072 = CARTESIAN_POINT('',(-29.39964485553,26.845297060206,
    0.963600052773));
#2073 = CARTESIAN_POINT('',(-29.39917129574,26.866702709782,
    0.963773042652));
#2074 = CARTESIAN_POINT('',(-29.39876712919,26.880208200085,
    0.963920683401));
#2075 = CARTESIAN_POINT('',(-29.39860696016,26.885099157401,
    0.963979192634));
#2076 = B_SPLINE_SURFACE_WITH_KNOTS('',1,1,(
    (#2077,#2078)
    ,(#2079,#2080
    )),.UNSPECIFIED.,.F.,.F.,.F.,(2,2),(2,2),(0.,72.5),(0.,1.),
  .PIECEWISE_BEZIER_KNOTS.);
#2077 = CARTESIAN_POINT('',(-40.25,36.25,-3.));
#2078 = CARTESIAN_POINT('',(-29.3,26.8,1.));
#2079 = CARTESIAN_POINT('',(-40.25,-36.25,-3.));
#2080 = CARTESIAN_POINT('',(-29.3,-26.8,1.));
#2081 = ADVANCED_FACE('',(#2082),#2093,.T.);
#2082 = FACE_BOUND('',#2083,.T.);
#2083 = EDGE_LOOP('',(#2084,#2091,#2092));
#2084 = ORIENTED_EDGE('',*,*,#2085,.F.);
#2085 = EDGE_CURVE('',#797,#728,#2086,.T.);
#2086 = CIRCLE('',#2087,2.3);
#2087 = AXIS2_PLACEMENT_3D('',#2088,#2089,#2090);
#2088 = CARTESIAN_POINT('',(-37.4,-37.4,-2.5));
#2089 = DIRECTION('',(0.,0.,1.));
#2090 = DIRECTION('',(1.,0.,-0.));
#2091 = ORIENTED_EDGE('',*,*,#796,.F.);
#2092 = ORIENTED_EDGE('',*,*,#727,.F.);
#2093 = CYLINDRICAL_SURFACE('',#2094,2.3);
#2094 = AXIS2_PLACEMENT_3D('',#2095,#2096,#2097);
#2095 = CARTESIAN_POINT('',(-37.4,-37.4,-9.));
#2096 = DIRECTION('',(0.,0.,1.));
#2097 = DIRECTION('',(1.,0.,-0.));
#2098 = ADVANCED_FACE('',(#2099),#2103,.T.);
#2099 = FACE_BOUND('',#2100,.T.);
#2100 = EDGE_LOOP('',(#2101,#2102));
#2101 = ORIENTED_EDGE('',*,*,#813,.T.);
#2102 = ORIENTED_EDGE('',*,*,#2085,.T.);
#2103 = PLANE('',#2104);
#2104 = AXIS2_PLACEMENT_3D('',#2105,#2106,#2107);
#2105 = CARTESIAN_POINT('',(-37.4,-37.4,-2.5));
#2106 = DIRECTION('',(0.,0.,1.));
#2107 = DIRECTION('',(1.,0.,-0.));
#2108 = ADVANCED_FACE('',(#2109,#2134,#2168,#2202),#2236,.T.);
#2109 = FACE_BOUND('',#2110,.T.);
#2110 = EDGE_LOOP('',(#2111,#2112,#2120,#2128));
#2111 = ORIENTED_EDGE('',*,*,#860,.F.);
#2112 = ORIENTED_EDGE('',*,*,#2113,.F.);
#2113 = EDGE_CURVE('',#2114,#861,#2116,.T.);
#2114 = VERTEX_POINT('',#2115);
#2115 = CARTESIAN_POINT('',(-36.25,-40.25,-9.));
#2116 = LINE('',#2117,#2118);
#2117 = CARTESIAN_POINT('',(-36.25,-40.25,-9.));
#2118 = VECTOR('',#2119,1.);
#2119 = DIRECTION('',(0.,0.,1.));
#2120 = ORIENTED_EDGE('',*,*,#2121,.T.);
#2121 = EDGE_CURVE('',#2114,#2122,#2124,.T.);
#2122 = VERTEX_POINT('',#2123);
#2123 = CARTESIAN_POINT('',(36.25,-40.25,-9.));
#2124 = LINE('',#2125,#2126);
#2125 = CARTESIAN_POINT('',(-36.25,-40.25,-9.));
#2126 = VECTOR('',#2127,1.);
#2127 = DIRECTION('',(1.,0.,0.));
#2128 = ORIENTED_EDGE('',*,*,#2129,.T.);
#2129 = EDGE_CURVE('',#2122,#863,#2130,.T.);
#2130 = LINE('',#2131,#2132);
#2131 = CARTESIAN_POINT('',(36.25,-40.25,-9.));
#2132 = VECTOR('',#2133,1.);
#2133 = DIRECTION('',(0.,0.,1.));
#2134 = FACE_BOUND('',#2135,.T.);
#2135 = EDGE_LOOP('',(#2136,#2146,#2154,#2162));
#2136 = ORIENTED_EDGE('',*,*,#2137,.T.);
#2137 = EDGE_CURVE('',#2138,#2140,#2142,.T.);
#2138 = VERTEX_POINT('',#2139);
#2139 = CARTESIAN_POINT('',(-3.4,-40.25,-6.1));
#2140 = VERTEX_POINT('',#2141);
#2141 = CARTESIAN_POINT('',(-4.6,-40.25,-6.1));
#2142 = LINE('',#2143,#2144);
#2143 = CARTESIAN_POINT('',(-2.3,-40.25,-6.1));
#2144 = VECTOR('',#2145,1.);
#2145 = DIRECTION('',(-1.,0.,0.));
#2146 = ORIENTED_EDGE('',*,*,#2147,.T.);
#2147 = EDGE_CURVE('',#2140,#2148,#2150,.T.);
#2148 = VERTEX_POINT('',#2149);
#2149 = CARTESIAN_POINT('',(-4.6,-40.25,-5.1));
#2150 = LINE('',#2151,#2152);
#2151 = CARTESIAN_POINT('',(-4.6,-40.25,-6.0475));
#2152 = VECTOR('',#2153,1.);
#2153 = DIRECTION('',(0.,-0.,1.));
#2154 = ORIENTED_EDGE('',*,*,#2155,.F.);
#2155 = EDGE_CURVE('',#2156,#2148,#2158,.T.);
#2156 = VERTEX_POINT('',#2157);
#2157 = CARTESIAN_POINT('',(-3.4,-40.25,-5.1));
#2158 = LINE('',#2159,#2160);
#2159 = CARTESIAN_POINT('',(-2.3,-40.25,-5.1));
#2160 = VECTOR('',#2161,1.);
#2161 = DIRECTION('',(-1.,0.,0.));
#2162 = ORIENTED_EDGE('',*,*,#2163,.F.);
#2163 = EDGE_CURVE('',#2138,#2156,#2164,.T.);
#2164 = LINE('',#2165,#2166);
#2165 = CARTESIAN_POINT('',(-3.4,-40.25,-6.0475));
#2166 = VECTOR('',#2167,1.);
#2167 = DIRECTION('',(0.,-0.,1.));
#2168 = FACE_BOUND('',#2169,.T.);
#2169 = EDGE_LOOP('',(#2170,#2180,#2188,#2196));
#2170 = ORIENTED_EDGE('',*,*,#2171,.T.);
#2171 = EDGE_CURVE('',#2172,#2174,#2176,.T.);
#2172 = VERTEX_POINT('',#2173);
#2173 = CARTESIAN_POINT('',(0.6,-40.25,-6.1));
#2174 = VERTEX_POINT('',#2175);
#2175 = CARTESIAN_POINT('',(-0.6,-40.25,-6.1));
#2176 = LINE('',#2177,#2178);
#2177 = CARTESIAN_POINT('',(-0.3,-40.25,-6.1));
#2178 = VECTOR('',#2179,1.);
#2179 = DIRECTION('',(-1.,0.,0.));
#2180 = ORIENTED_EDGE('',*,*,#2181,.T.);
#2181 = EDGE_CURVE('',#2174,#2182,#2184,.T.);
#2182 = VERTEX_POINT('',#2183);
#2183 = CARTESIAN_POINT('',(-0.6,-40.25,-5.1));
#2184 = LINE('',#2185,#2186);
#2185 = CARTESIAN_POINT('',(-0.6,-40.25,-6.0475));
#2186 = VECTOR('',#2187,1.);
#2187 = DIRECTION('',(0.,-0.,1.));
#2188 = ORIENTED_EDGE('',*,*,#2189,.F.);
#2189 = EDGE_CURVE('',#2190,#2182,#2192,.T.);
#2190 = VERTEX_POINT('',#2191);
#2191 = CARTESIAN_POINT('',(0.6,-40.25,-5.1));
#2192 = LINE('',#2193,#2194);
#2193 = CARTESIAN_POINT('',(-0.3,-40.25,-5.1));
#2194 = VECTOR('',#2195,1.);
#2195 = DIRECTION('',(-1.,0.,0.));
#2196 = ORIENTED_EDGE('',*,*,#2197,.F.);
#2197 = EDGE_CURVE('',#2172,#2190,#2198,.T.);
#2198 = LINE('',#2199,#2200);
#2199 = CARTESIAN_POINT('',(0.6,-40.25,-6.0475));
#2200 = VECTOR('',#2201,1.);
#2201 = DIRECTION('',(0.,-0.,1.));
#2202 = FACE_BOUND('',#2203,.T.);
#2203 = EDGE_LOOP('',(#2204,#2214,#2222,#2230));
#2204 = ORIENTED_EDGE('',*,*,#2205,.T.);
#2205 = EDGE_CURVE('',#2206,#2208,#2210,.T.);
#2206 = VERTEX_POINT('',#2207);
#2207 = CARTESIAN_POINT('',(4.6,-40.25,-6.1));
#2208 = VERTEX_POINT('',#2209);
#2209 = CARTESIAN_POINT('',(3.4,-40.25,-6.1));
#2210 = LINE('',#2211,#2212);
#2211 = CARTESIAN_POINT('',(1.7,-40.25,-6.1));
#2212 = VECTOR('',#2213,1.);
#2213 = DIRECTION('',(-1.,0.,0.));
#2214 = ORIENTED_EDGE('',*,*,#2215,.T.);
#2215 = EDGE_CURVE('',#2208,#2216,#2218,.T.);
#2216 = VERTEX_POINT('',#2217);
#2217 = CARTESIAN_POINT('',(3.4,-40.25,-5.1));
#2218 = LINE('',#2219,#2220);
#2219 = CARTESIAN_POINT('',(3.4,-40.25,-6.0475));
#2220 = VECTOR('',#2221,1.);
#2221 = DIRECTION('',(0.,-0.,1.));
#2222 = ORIENTED_EDGE('',*,*,#2223,.F.);
#2223 = EDGE_CURVE('',#2224,#2216,#2226,.T.);
#2224 = VERTEX_POINT('',#2225);
#2225 = CARTESIAN_POINT('',(4.6,-40.25,-5.1));
#2226 = LINE('',#2227,#2228);
#2227 = CARTESIAN_POINT('',(1.7,-40.25,-5.1));
#2228 = VECTOR('',#2229,1.);
#2229 = DIRECTION('',(-1.,0.,0.));
#2230 = ORIENTED_EDGE('',*,*,#2231,.F.);
#2231 = EDGE_CURVE('',#2206,#2224,#2232,.T.);
#2232 = LINE('',#2233,#2234);
#2233 = CARTESIAN_POINT('',(4.6,-40.25,-6.0475));
#2234 = VECTOR('',#2235,1.);
#2235 = DIRECTION('',(0.,-0.,1.));
#2236 = PLANE('',#2237);
#2237 = AXIS2_PLACEMENT_3D('',#2238,#2239,#2240);
#2238 = CARTESIAN_POINT('',(0.,-40.25,-5.995));
#2239 = DIRECTION('',(-0.,-1.,-0.));
#2240 = DIRECTION('',(0.,0.,-1.));
#2241 = ADVANCED_FACE('',(#2242),#2261,.T.);
#2242 = FACE_BOUND('',#2243,.T.);
#2243 = EDGE_LOOP('',(#2244,#2252,#2259,#2260));
#2244 = ORIENTED_EDGE('',*,*,#2245,.F.);
#2245 = EDGE_CURVE('',#2246,#914,#2248,.T.);
#2246 = VERTEX_POINT('',#2247);
#2247 = CARTESIAN_POINT('',(-40.25,-36.25,-9.));
#2248 = LINE('',#2249,#2250);
#2249 = CARTESIAN_POINT('',(-40.25,-36.25,-9.));
#2250 = VECTOR('',#2251,1.);
#2251 = DIRECTION('',(0.,0.,1.));
#2252 = ORIENTED_EDGE('',*,*,#2253,.T.);
#2253 = EDGE_CURVE('',#2246,#2114,#2254,.T.);
#2254 = CIRCLE('',#2255,4.);
#2255 = AXIS2_PLACEMENT_3D('',#2256,#2257,#2258);
#2256 = CARTESIAN_POINT('',(-36.25,-36.25,-9.));
#2257 = DIRECTION('',(0.,0.,1.));
#2258 = DIRECTION('',(-1.,0.,0.));
#2259 = ORIENTED_EDGE('',*,*,#2113,.T.);
#2260 = ORIENTED_EDGE('',*,*,#921,.F.);
#2261 = CYLINDRICAL_SURFACE('',#2262,4.);
#2262 = AXIS2_PLACEMENT_3D('',#2263,#2264,#2265);
#2263 = CARTESIAN_POINT('',(-36.25,-36.25,-9.));
#2264 = DIRECTION('',(-0.,-0.,-1.));
#2265 = DIRECTION('',(-1.,0.,0.));
#2266 = ADVANCED_FACE('',(#2267),#2286,.T.);
#2267 = FACE_BOUND('',#2268,.T.);
#2268 = EDGE_LOOP('',(#2269,#2270,#2279,#2285));
#2269 = ORIENTED_EDGE('',*,*,#2129,.F.);
#2270 = ORIENTED_EDGE('',*,*,#2271,.T.);
#2271 = EDGE_CURVE('',#2122,#2272,#2274,.T.);
#2272 = VERTEX_POINT('',#2273);
#2273 = CARTESIAN_POINT('',(40.25,-36.25,-9.));
#2274 = CIRCLE('',#2275,4.);
#2275 = AXIS2_PLACEMENT_3D('',#2276,#2277,#2278);
#2276 = CARTESIAN_POINT('',(36.25,-36.25,-9.));
#2277 = DIRECTION('',(0.,0.,1.));
#2278 = DIRECTION('',(0.,-1.,0.));
#2279 = ORIENTED_EDGE('',*,*,#2280,.T.);
#2280 = EDGE_CURVE('',#2272,#871,#2281,.T.);
#2281 = LINE('',#2282,#2283);
#2282 = CARTESIAN_POINT('',(40.25,-36.25,-9.));
#2283 = VECTOR('',#2284,1.);
#2284 = DIRECTION('',(0.,0.,1.));
#2285 = ORIENTED_EDGE('',*,*,#870,.F.);
#2286 = CYLINDRICAL_SURFACE('',#2287,4.);
#2287 = AXIS2_PLACEMENT_3D('',#2288,#2289,#2290);
#2288 = CARTESIAN_POINT('',(36.25,-36.25,-9.));
#2289 = DIRECTION('',(-0.,-0.,-1.));
#2290 = DIRECTION('',(0.,-1.,0.));
#2291 = ADVANCED_FACE('',(#2292),#2310,.T.);
#2292 = FACE_BOUND('',#2293,.T.);
#2293 = EDGE_LOOP('',(#2294,#2295,#2303,#2309));
#2294 = ORIENTED_EDGE('',*,*,#913,.F.);
#2295 = ORIENTED_EDGE('',*,*,#2296,.F.);
#2296 = EDGE_CURVE('',#2297,#905,#2299,.T.);
#2297 = VERTEX_POINT('',#2298);
#2298 = CARTESIAN_POINT('',(-40.25,36.25,-9.));
#2299 = LINE('',#2300,#2301);
#2300 = CARTESIAN_POINT('',(-40.25,36.25,-9.));
#2301 = VECTOR('',#2302,1.);
#2302 = DIRECTION('',(0.,0.,1.));
#2303 = ORIENTED_EDGE('',*,*,#2304,.T.);
#2304 = EDGE_CURVE('',#2297,#2246,#2305,.T.);
#2305 = LINE('',#2306,#2307);
#2306 = CARTESIAN_POINT('',(-40.25,36.25,-9.));
#2307 = VECTOR('',#2308,1.);
#2308 = DIRECTION('',(0.,-1.,0.));
#2309 = ORIENTED_EDGE('',*,*,#2245,.T.);
#2310 = PLANE('',#2311);
#2311 = AXIS2_PLACEMENT_3D('',#2312,#2313,#2314);
#2312 = CARTESIAN_POINT('',(-40.25,0.,-5.995));
#2313 = DIRECTION('',(-1.,-0.,-0.));
#2314 = DIRECTION('',(0.,0.,-1.));
#2315 = ADVANCED_FACE('',(#2316),#2334,.T.);
#2316 = FACE_BOUND('',#2317,.T.);
#2317 = EDGE_LOOP('',(#2318,#2319,#2320,#2328));
#2318 = ORIENTED_EDGE('',*,*,#879,.F.);
#2319 = ORIENTED_EDGE('',*,*,#2280,.F.);
#2320 = ORIENTED_EDGE('',*,*,#2321,.T.);
#2321 = EDGE_CURVE('',#2272,#2322,#2324,.T.);
#2322 = VERTEX_POINT('',#2323);
#2323 = CARTESIAN_POINT('',(40.25,36.25,-9.));
#2324 = LINE('',#2325,#2326);
#2325 = CARTESIAN_POINT('',(40.25,-36.25,-9.));
#2326 = VECTOR('',#2327,1.);
#2327 = DIRECTION('',(0.,1.,0.));
#2328 = ORIENTED_EDGE('',*,*,#2329,.T.);
#2329 = EDGE_CURVE('',#2322,#880,#2330,.T.);
#2330 = LINE('',#2331,#2332);
#2331 = CARTESIAN_POINT('',(40.25,36.25,-9.));
#2332 = VECTOR('',#2333,1.);
#2333 = DIRECTION('',(0.,0.,1.));
#2334 = PLANE('',#2335);
#2335 = AXIS2_PLACEMENT_3D('',#2336,#2337,#2338);
#2336 = CARTESIAN_POINT('',(40.25,0.,-5.995));
#2337 = DIRECTION('',(1.,0.,0.));
#2338 = DIRECTION('',(-0.,0.,1.));
#2339 = ADVANCED_FACE('',(#2340),#2359,.T.);
#2340 = FACE_BOUND('',#2341,.T.);
#2341 = EDGE_LOOP('',(#2342,#2350,#2357,#2358));
#2342 = ORIENTED_EDGE('',*,*,#2343,.F.);
#2343 = EDGE_CURVE('',#2344,#897,#2346,.T.);
#2344 = VERTEX_POINT('',#2345);
#2345 = CARTESIAN_POINT('',(-36.25,40.25,-9.));
#2346 = LINE('',#2347,#2348);
#2347 = CARTESIAN_POINT('',(-36.25,40.25,-9.));
#2348 = VECTOR('',#2349,1.);
#2349 = DIRECTION('',(0.,0.,1.));
#2350 = ORIENTED_EDGE('',*,*,#2351,.T.);
#2351 = EDGE_CURVE('',#2344,#2297,#2352,.T.);
#2352 = CIRCLE('',#2353,4.);
#2353 = AXIS2_PLACEMENT_3D('',#2354,#2355,#2356);
#2354 = CARTESIAN_POINT('',(-36.25,36.25,-9.));
#2355 = DIRECTION('',(0.,-0.,1.));
#2356 = DIRECTION('',(0.,1.,0.));
#2357 = ORIENTED_EDGE('',*,*,#2296,.T.);
#2358 = ORIENTED_EDGE('',*,*,#904,.F.);
#2359 = CYLINDRICAL_SURFACE('',#2360,4.);
#2360 = AXIS2_PLACEMENT_3D('',#2361,#2362,#2363);
#2361 = CARTESIAN_POINT('',(-36.25,36.25,-9.));
#2362 = DIRECTION('',(-0.,0.,-1.));
#2363 = DIRECTION('',(0.,1.,0.));
#2364 = ADVANCED_FACE('',(#2365),#2384,.T.);
#2365 = FACE_BOUND('',#2366,.T.);
#2366 = EDGE_LOOP('',(#2367,#2368,#2377,#2383));
#2367 = ORIENTED_EDGE('',*,*,#2329,.F.);
#2368 = ORIENTED_EDGE('',*,*,#2369,.T.);
#2369 = EDGE_CURVE('',#2322,#2370,#2372,.T.);
#2370 = VERTEX_POINT('',#2371);
#2371 = CARTESIAN_POINT('',(36.25,40.25,-9.));
#2372 = CIRCLE('',#2373,4.);
#2373 = AXIS2_PLACEMENT_3D('',#2374,#2375,#2376);
#2374 = CARTESIAN_POINT('',(36.25,36.25,-9.));
#2375 = DIRECTION('',(0.,0.,1.));
#2376 = DIRECTION('',(1.,0.,-0.));
#2377 = ORIENTED_EDGE('',*,*,#2378,.T.);
#2378 = EDGE_CURVE('',#2370,#888,#2379,.T.);
#2379 = LINE('',#2380,#2381);
#2380 = CARTESIAN_POINT('',(36.25,40.25,-9.));
#2381 = VECTOR('',#2382,1.);
#2382 = DIRECTION('',(0.,0.,1.));
#2383 = ORIENTED_EDGE('',*,*,#887,.F.);
#2384 = CYLINDRICAL_SURFACE('',#2385,4.);
#2385 = AXIS2_PLACEMENT_3D('',#2386,#2387,#2388);
#2386 = CARTESIAN_POINT('',(36.25,36.25,-9.));
#2387 = DIRECTION('',(-0.,-0.,-1.));
#2388 = DIRECTION('',(1.,0.,-0.));
#2389 = ADVANCED_FACE('',(#2390),#2401,.T.);
#2390 = FACE_BOUND('',#2391,.T.);
#2391 = EDGE_LOOP('',(#2392,#2393,#2394,#2400));
#2392 = ORIENTED_EDGE('',*,*,#896,.F.);
#2393 = ORIENTED_EDGE('',*,*,#2378,.F.);
#2394 = ORIENTED_EDGE('',*,*,#2395,.T.);
#2395 = EDGE_CURVE('',#2370,#2344,#2396,.T.);
#2396 = LINE('',#2397,#2398);
#2397 = CARTESIAN_POINT('',(36.25,40.25,-9.));
#2398 = VECTOR('',#2399,1.);
#2399 = DIRECTION('',(-1.,0.,0.));
#2400 = ORIENTED_EDGE('',*,*,#2343,.T.);
#2401 = PLANE('',#2402);
#2402 = AXIS2_PLACEMENT_3D('',#2403,#2404,#2405);
#2403 = CARTESIAN_POINT('',(0.,40.25,-5.995));
#2404 = DIRECTION('',(0.,1.,0.));
#2405 = DIRECTION('',(0.,-0.,1.));
#2406 = ADVANCED_FACE('',(#2407),#2434,.T.);
#2407 = FACE_BOUND('',#2408,.T.);
#2408 = EDGE_LOOP('',(#2409,#2410,#2411,#2418,#2428,#2433));
#2409 = ORIENTED_EDGE('',*,*,#1085,.F.);
#2410 = ORIENTED_EDGE('',*,*,#1027,.F.);
#2411 = ORIENTED_EDGE('',*,*,#2412,.T.);
#2412 = EDGE_CURVE('',#1001,#2413,#2415,.T.);
#2413 = VERTEX_POINT('',#2414);
#2414 = CARTESIAN_POINT('',(29.398606960163,26.885099157401,
    0.963979192634));
#2415 = B_SPLINE_CURVE_WITH_KNOTS('',1,(#2416,#2417),.UNSPECIFIED.,.F.,
  .F.,(2,2),(0.,1.),.PIECEWISE_BEZIER_KNOTS.);
#2416 = CARTESIAN_POINT('',(40.25,36.25,-3.));
#2417 = CARTESIAN_POINT('',(29.3,26.8,1.));
#2418 = ORIENTED_EDGE('',*,*,#2419,.T.);
#2419 = EDGE_CURVE('',#2413,#2420,#2422,.T.);
#2420 = VERTEX_POINT('',#2421);
#2421 = CARTESIAN_POINT('',(29.4,26.8,0.963470319635));
#2422 = B_SPLINE_CURVE_WITH_KNOTS('',3,(#2423,#2424,#2425,#2426,#2427),
  .UNSPECIFIED.,.F.,.F.,(4,1,4),(0.,0.621853934289,1.),.UNSPECIFIED.);
#2423 = CARTESIAN_POINT('',(29.398606960163,26.885099157401,
    0.963979192634));
#2424 = CARTESIAN_POINT('',(29.399182528407,26.867523476399,
    0.963768939395));
#2425 = CARTESIAN_POINT('',(29.399820467714,26.839398270435,
    0.963535902205));
#2426 = CARTESIAN_POINT('',(29.4,26.810785348497,0.963470319635));
#2427 = CARTESIAN_POINT('',(29.4,26.8,0.963470319635));
#2428 = ORIENTED_EDGE('',*,*,#2429,.T.);
#2429 = EDGE_CURVE('',#2420,#1290,#2430,.T.);
#2430 = B_SPLINE_CURVE_WITH_KNOTS('',1,(#2431,#2432),.UNSPECIFIED.,.F.,
  .F.,(2,2),(0.,1.),.PIECEWISE_BEZIER_KNOTS.);
#2431 = CARTESIAN_POINT('',(29.4,26.8,0.963470319635));
#2432 = CARTESIAN_POINT('',(29.4,-26.8,0.963470319635));
#2433 = ORIENTED_EDGE('',*,*,#1297,.T.);
#2434 = B_SPLINE_SURFACE_WITH_KNOTS('',1,1,(
    (#2435,#2436)
    ,(#2437,#2438
    )),.UNSPECIFIED.,.F.,.F.,.F.,(2,2),(2,2),(0.,72.5),(0.,1.),
  .PIECEWISE_BEZIER_KNOTS.);
#2435 = CARTESIAN_POINT('',(40.25,-36.25,-3.));
#2436 = CARTESIAN_POINT('',(29.3,-26.8,1.));
#2437 = CARTESIAN_POINT('',(40.25,36.25,-3.));
#2438 = CARTESIAN_POINT('',(29.3,26.8,1.));
#2439 = ADVANCED_FACE('',(#2440,#2476),#2584,.T.);
#2440 = FACE_BOUND('',#2441,.T.);
#2441 = EDGE_LOOP('',(#2442,#2443,#2444,#2451));
#2442 = ORIENTED_EDGE('',*,*,#2412,.F.);
#2443 = ORIENTED_EDGE('',*,*,#1000,.F.);
#2444 = ORIENTED_EDGE('',*,*,#2445,.T.);
#2445 = EDGE_CURVE('',#994,#2446,#2448,.T.);
#2446 = VERTEX_POINT('',#2447);
#2447 = CARTESIAN_POINT('',(26.885099157401,29.398606960163,
    0.963979192634));
#2448 = B_SPLINE_CURVE_WITH_KNOTS('',1,(#2449,#2450),.UNSPECIFIED.,.F.,
  .F.,(2,2),(0.,1.),.PIECEWISE_BEZIER_KNOTS.);
#2449 = CARTESIAN_POINT('',(36.25,40.25,-3.));
#2450 = CARTESIAN_POINT('',(26.8,29.3,1.));
#2451 = ORIENTED_EDGE('',*,*,#2452,.T.);
#2452 = EDGE_CURVE('',#2446,#2413,#2453,.T.);
#2453 = B_SPLINE_CURVE_WITH_KNOTS('',6,(#2454,#2455,#2456,#2457,#2458,
    #2459,#2460,#2461,#2462,#2463,#2464,#2465,#2466,#2467,#2468,#2469,
    #2470,#2471,#2472,#2473,#2474,#2475),.UNSPECIFIED.,.F.,.F.,(7,5,5,5,
    7),(0.,0.133773806522,0.499999962394,0.8658614361,1.),
  .UNSPECIFIED.);
#2454 = CARTESIAN_POINT('',(26.885099157401,29.398606960163,
    0.963979192634));
#2455 = CARTESIAN_POINT('',(26.97210104054,29.395757823275,
    0.965019973233));
#2456 = CARTESIAN_POINT('',(27.059035694726,29.389411700143,
    0.965942458637));
#2457 = CARTESIAN_POINT('',(27.145717549718,29.379567691218,
    0.966766134141));
#2458 = CARTESIAN_POINT('',(27.231964335754,29.366238734218,
    0.967504763559));
#2459 = CARTESIAN_POINT('',(27.317596573159,29.349450933258,
    0.968168357363));
#2460 = CARTESIAN_POINT('',(27.634700812864,29.273920288332,
    0.97039892633));
#2461 = CARTESIAN_POINT('',(27.86107558069,29.192953074947,
    0.971532351311));
#2462 = CARTESIAN_POINT('',(28.077840171223,29.087139330176,
    0.972327510087));
#2463 = CARTESIAN_POINT('',(28.281641817161,28.957997229994,
    0.972835358236));
#2464 = CARTESIAN_POINT('',(28.469405333627,28.807549935383,
    0.973089919387));
#2465 = CARTESIAN_POINT('',(28.80738164338,28.469573611958,
    0.973089919294));
#2466 = CARTESIAN_POINT('',(28.957697543909,28.282015756469,
    0.972835866337));
#2467 = CARTESIAN_POINT('',(29.086753416723,28.078449049574,
    0.972329022728));
#2468 = CARTESIAN_POINT('',(29.192531436569,27.861939000451,
    0.971535521412));
#2469 = CARTESIAN_POINT('',(29.27351687597,27.635827868223,
    0.970404564542));
#2470 = CARTESIAN_POINT('',(29.349221804304,27.318763969222,
    0.968177399196));
#2471 = CARTESIAN_POINT('',(29.366093205716,27.232904973818,
    0.967512815166));
#2472 = CARTESIAN_POINT('',(29.379487089823,27.146426597344,
    0.966772869322));
#2473 = CARTESIAN_POINT('',(29.389377066639,27.059509774678,
    0.965947488746));
#2474 = CARTESIAN_POINT('',(29.395750054719,26.972338262936,
    0.965022811062));
#2475 = CARTESIAN_POINT('',(29.398606960163,26.885099157401,
    0.963979192634));
#2476 = FACE_BOUND('',#2477,.T.);
#2477 = EDGE_LOOP('',(#2478,#2491,#2508,#2535));
#2478 = ORIENTED_EDGE('',*,*,#2479,.T.);
#2479 = EDGE_CURVE('',#2480,#2482,#2484,.T.);
#2480 = VERTEX_POINT('',#2481);
#2481 = CARTESIAN_POINT('',(39.7,37.4,-2.892920205456));
#2482 = VERTEX_POINT('',#2483);
#2483 = CARTESIAN_POINT('',(39.618690921182,36.793855960793,
    -2.814849305299));
#2484 = B_SPLINE_CURVE_WITH_KNOTS('',5,(#2485,#2486,#2487,#2488,#2489,
    #2490),.UNSPECIFIED.,.F.,.F.,(6,6),(0.,1.),
  .PIECEWISE_BEZIER_KNOTS.);
#2485 = CARTESIAN_POINT('',(39.7,37.4,-2.892920205456));
#2486 = CARTESIAN_POINT('',(39.7,37.277134858054,-2.880196557486));
#2487 = CARTESIAN_POINT('',(39.69179562741,37.154318989032,
    -2.866111382415));
#2488 = CARTESIAN_POINT('',(39.675400741236,37.032323076408,
    -2.850580788551));
#2489 = CARTESIAN_POINT('',(39.650945202045,36.91191747009,
    -2.833514130122));
#2490 = CARTESIAN_POINT('',(39.618690921182,36.793855960793,
    -2.814849305299));
#2491 = ORIENTED_EDGE('',*,*,#2492,.T.);
#2492 = EDGE_CURVE('',#2482,#2493,#2495,.T.);
#2493 = VERTEX_POINT('',#2494);
#2494 = CARTESIAN_POINT('',(38.842803314774,35.608822009158,-2.5));
#2495 = B_SPLINE_CURVE_WITH_KNOTS('',6,(#2496,#2497,#2498,#2499,#2500,
    #2501,#2502,#2503,#2504,#2505,#2506,#2507),.UNSPECIFIED.,.F.,.F.,(7,
    5,7),(0.,0.19749209722,1.),.UNSPECIFIED.);
#2496 = CARTESIAN_POINT('',(39.618690921182,36.793855960793,
    -2.814849305299));
#2497 = CARTESIAN_POINT('',(39.606016049933,36.747461671734,
    -2.807514643196));
#2498 = CARTESIAN_POINT('',(39.592184966485,36.701414520621,
    -2.799943061681));
#2499 = CARTESIAN_POINT('',(39.577211358484,36.655753859277,
    -2.792131196423));
#2500 = CARTESIAN_POINT('',(39.561110967519,36.610518212441,
    -2.784076316811));
#2501 = CARTESIAN_POINT('',(39.543901589119,36.565745277767,
    -2.775776325949));
#2502 = CARTESIAN_POINT('',(39.451247165856,36.341567436921,
    -2.732500846014));
#2503 = CARTESIAN_POINT('',(39.358880409403,36.169846748282,
    -2.693688085828));
#2504 = CARTESIAN_POINT('',(39.249873841419,36.008942554106,
    -2.650728633307));
#2505 = CARTESIAN_POINT('',(39.1261259827,35.860879138308,
    -2.603730451785));
#2506 = CARTESIAN_POINT('',(38.989707942112,35.727154236931,
    -2.553204612257));
#2507 = CARTESIAN_POINT('',(38.842801658098,35.608820674698,-2.4999994)
  );
#2508 = ORIENTED_EDGE('',*,*,#2509,.F.);
#2509 = EDGE_CURVE('',#2510,#2493,#2512,.T.);
#2510 = VERTEX_POINT('',#2511);
#2511 = CARTESIAN_POINT('',(35.608822009158,38.842803314774,-2.5));
#2512 = B_SPLINE_CURVE_WITH_KNOTS('',6,(#2513,#2514,#2515,#2516,#2517,
    #2518,#2519,#2520,#2521,#2522,#2523,#2524,#2525,#2526,#2527,#2528,
    #2529,#2530,#2531,#2532,#2533,#2534),.UNSPECIFIED.,.F.,.F.,(7,5,5,5,
    7),(0.,0.250394972652,0.5,0.749605027348,1.),.UNSPECIFIED.);
#2513 = CARTESIAN_POINT('',(35.1,38.881121923932,-2.5));
#2514 = CARTESIAN_POINT('',(35.347301570736,38.879094791135,-2.5));
#2515 = CARTESIAN_POINT('',(35.594458435667,38.857817124816,-2.5));
#2516 = CARTESIAN_POINT('',(35.839568527224,38.817300862609,-2.5));
#2517 = CARTESIAN_POINT('',(36.080777837442,38.757814767929,-2.5));
#2518 = CARTESIAN_POINT('',(36.316276706978,38.679843404413,-2.5));
#2519 = CARTESIAN_POINT('',(36.771629331645,38.48871127537,-2.5));
#2520 = CARTESIAN_POINT('',(36.991553961279,38.37565228629,-2.5));
#2521 = CARTESIAN_POINT('',(37.202348068083,38.245675193794,-2.5));
#2522 = CARTESIAN_POINT('',(37.402413093328,38.099722512626,-2.5));
#2523 = CARTESIAN_POINT('',(37.590271801888,37.938917404254,-2.5));
#2524 = CARTESIAN_POINT('',(37.938917404254,37.590271801888,-2.5));
#2525 = CARTESIAN_POINT('',(38.099722512627,37.402413093328,-2.5));
#2526 = CARTESIAN_POINT('',(38.245675193793,37.202348068084,-2.5));
#2527 = CARTESIAN_POINT('',(38.37565228629,36.991553961279,-2.5));
#2528 = CARTESIAN_POINT('',(38.48871127537,36.771629331646,-2.5));
#2529 = CARTESIAN_POINT('',(38.679843404412,36.316276706978,-2.5));
#2530 = CARTESIAN_POINT('',(38.757814767929,36.080777837442,-2.5));
#2531 = CARTESIAN_POINT('',(38.817300862608,35.839568527224,-2.5));
#2532 = CARTESIAN_POINT('',(38.857817124816,35.594458435667,-2.5));
#2533 = CARTESIAN_POINT('',(38.879094791135,35.347301570736,-2.5));
#2534 = CARTESIAN_POINT('',(38.881121923932,35.1,-2.5));
#2535 = ORIENTED_EDGE('',*,*,#2536,.T.);
#2536 = EDGE_CURVE('',#2510,#2480,#2537,.T.);
#2537 = B_SPLINE_CURVE_WITH_KNOTS('',5,(#2538,#2539,#2540,#2541,#2542,
    #2543,#2544,#2545,#2546,#2547,#2548,#2549,#2550,#2551,#2552,#2553,
    #2554,#2555,#2556,#2557,#2558,#2559,#2560,#2561,#2562,#2563,#2564,
    #2565,#2566,#2567,#2568,#2569,#2570,#2571,#2572,#2573,#2574,#2575,
    #2576,#2577,#2578,#2579,#2580,#2581,#2582,#2583),.UNSPECIFIED.,.F.,
  .F.,(6,4,4,4,4,4,4,4,4,4,4,6),(0.,6.328930378713E-02,0.206715009761,
    0.321156271664,0.39393589661,0.478857817273,0.538438720159,
    0.683871091143,0.7944286422,0.840024068464,0.905041528952,1.),
  .UNSPECIFIED.);
#2538 = CARTESIAN_POINT('',(35.608820674698,38.842801658098,-2.4999994)
  );
#2539 = CARTESIAN_POINT('',(35.6522897561,38.89676674702,-2.51954399627)
  );
#2540 = CARTESIAN_POINT('',(35.697914057464,38.949247747597,
    -2.538708358298));
#2541 = CARTESIAN_POINT('',(35.745638471878,39.000127432692,
    -2.557446709848));
#2542 = CARTESIAN_POINT('',(35.795393487554,39.049287853503,
    -2.575720900881));
#2543 = CARTESIAN_POINT('',(35.964261160879,39.203852172965,
    -2.633792181117));
#2544 = CARTESIAN_POINT('',(36.091440712317,39.301671195985,
    -2.671550225575));
#2545 = CARTESIAN_POINT('',(36.227611314324,39.388655956665,
    -2.706401638064));
#2546 = CARTESIAN_POINT('',(36.371419989317,39.463560197351,
    -2.738256921384));
#2547 = CARTESIAN_POINT('',(36.64065040432,39.574880560279,
    -2.790241397958));
#2548 = CARTESIAN_POINT('',(36.763929921791,39.616022044735,
    -2.811441798511));
#2549 = CARTESIAN_POINT('',(36.890157814645,39.648445633762,
    -2.830801524572));
#2550 = CARTESIAN_POINT('',(37.018433132468,39.671861221477,
    -2.848414241575));
#2551 = CARTESIAN_POINT('',(37.230117064323,39.695211038007,
    -2.87452877846));
#2552 = CARTESIAN_POINT('',(37.31286110581,39.700590427694,
    -2.884013311998));
#2553 = CARTESIAN_POINT('',(37.395823228693,39.702238375212,
    -2.892856954428));
#2554 = CARTESIAN_POINT('',(37.478768618439,39.700145201876,
    -2.901085780676));
#2555 = CARTESIAN_POINT('',(37.657956633613,39.687534755909,
    -2.917640208364));
#2556 = CARTESIAN_POINT('',(37.754109860451,39.675669831129,
    -2.925752574989));
#2557 = CARTESIAN_POINT('',(37.849554364935,39.658754000268,
    -2.933103703812));
#2558 = CARTESIAN_POINT('',(37.943931549916,39.636850050782,
    -2.939729854457));
#2559 = CARTESIAN_POINT('',(38.102115827648,39.591264600356,
    -2.949825041928));
#2560 = CARTESIAN_POINT('',(38.166641688843,39.570063744792,
    -2.953646084714));
#2561 = CARTESIAN_POINT('',(38.230351737622,39.546492725986,
    -2.957136539301));
#2562 = CARTESIAN_POINT('',(38.293130176687,39.520595050928,
    -2.960305687064));
#2563 = CARTESIAN_POINT('',(38.505555242081,39.423656090159,
    -2.970131661267));
#2564 = CARTESIAN_POINT('',(38.650031932632,39.341334137296,
    -2.975234047279));
#2565 = CARTESIAN_POINT('',(38.786659898799,39.246216402492,
    -2.978581106978));
#2566 = CARTESIAN_POINT('',(38.913981758638,39.139330695224,
    -2.980229655901));
#2567 = CARTESIAN_POINT('',(39.119495018939,38.932702960458,
    -2.980139754773));
#2568 = CARTESIAN_POINT('',(39.202149220614,38.837391667908,
    -2.979118739094));
#2569 = CARTESIAN_POINT('',(39.278148713064,38.736562614553,
    -2.977115201814));
#2570 = CARTESIAN_POINT('',(39.347020544845,38.630837754491,
    -2.974109600799));
#2571 = CARTESIAN_POINT('',(39.433681633265,38.47556262426,
    -2.968394860753));
#2572 = CARTESIAN_POINT('',(39.457707897042,38.429507093581,
    -2.966549229139));
#2573 = CARTESIAN_POINT('',(39.480428986351,38.382783015748,
    -2.964523923453));
#2574 = CARTESIAN_POINT('',(39.501820520826,38.335439798521,
    -2.962315702928));
#2575 = CARTESIAN_POINT('',(39.550437600161,38.219208386516,
    -2.95650572206));
#2576 = CARTESIAN_POINT('',(39.576266931081,38.149732880504,
    -2.952711049662));
#2577 = CARTESIAN_POINT('',(39.599285821831,38.079249731335,
    -2.948525764868));
#2578 = CARTESIAN_POINT('',(39.619443574975,38.007911983544,
    -2.943936804007));
#2579 = CARTESIAN_POINT('',(39.661907554127,37.830671483686,
    -2.931615176202));
#2580 = CARTESIAN_POINT('',(39.68092866247,37.723978705945,
    -2.923407922129));
#2581 = CARTESIAN_POINT('',(39.693645966278,37.616293601049,
    -2.914260740197));
#2582 = CARTESIAN_POINT('',(39.7,37.50812643143,-2.904117544489));
#2583 = CARTESIAN_POINT('',(39.7,37.4,-2.892920205456));
#2584 = B_SPLINE_SURFACE_WITH_KNOTS('',8,1,(
    (#2585,#2586)
    ,(#2587,#2588)
    ,(#2589,#2590)
    ,(#2591,#2592)
    ,(#2593,#2594)
    ,(#2595,#2596)
    ,(#2597,#2598)
    ,(#2599,#2600)
    ,(#2601,#2602
    )),.UNSPECIFIED.,.F.,.F.,.F.,(9,9),(2,2),(0.,1.570796326795),(0.,1.)
  ,.PIECEWISE_BEZIER_KNOTS.);
#2585 = CARTESIAN_POINT('',(40.25,36.25,-3.));
#2586 = CARTESIAN_POINT('',(29.3,26.8,1.));
#2587 = CARTESIAN_POINT('',(40.25,37.035398163397,-3.));
#2588 = CARTESIAN_POINT('',(29.3,27.290873852123,1.));
#2589 = CARTESIAN_POINT('',(40.073756844155,37.820796574017,-3.));
#2590 = CARTESIAN_POINT('',(29.189848027597,27.781747858761,1.));
#2591 = CARTESIAN_POINT('',(39.721272263486,38.56005293734,-3.));
#2592 = CARTESIAN_POINT('',(28.969545164679,28.243783085838,1.));
#2593 = CARTESIAN_POINT('',(39.207035023119,39.20703502312,-3.));
#2594 = CARTESIAN_POINT('',(28.64814688945,28.64814688945,1.));
#2595 = CARTESIAN_POINT('',(38.560052937341,39.721272263485,-3.));
#2596 = CARTESIAN_POINT('',(28.243783085838,28.969545164678,1.));
#2597 = CARTESIAN_POINT('',(37.820796574017,40.073756844155,-3.));
#2598 = CARTESIAN_POINT('',(27.78174785876,29.189848027597,1.));
#2599 = CARTESIAN_POINT('',(37.035398163398,40.25,-3.));
#2600 = CARTESIAN_POINT('',(27.290873852123,29.3,1.));
#2601 = CARTESIAN_POINT('',(36.25,40.25,-3.));
#2602 = CARTESIAN_POINT('',(26.8,29.3,1.));
#2603 = ADVANCED_FACE('',(#2604),#2642,.T.);
#2604 = FACE_BOUND('',#2605,.T.);
#2605 = EDGE_LOOP('',(#2606,#2607,#2608,#2615,#2625,#2632));
#2606 = ORIENTED_EDGE('',*,*,#2445,.F.);
#2607 = ORIENTED_EDGE('',*,*,#993,.F.);
#2608 = ORIENTED_EDGE('',*,*,#2609,.T.);
#2609 = EDGE_CURVE('',#967,#2610,#2612,.T.);
#2610 = VERTEX_POINT('',#2611);
#2611 = CARTESIAN_POINT('',(-26.8850991574,29.398606960163,
    0.963979192634));
#2612 = B_SPLINE_CURVE_WITH_KNOTS('',1,(#2613,#2614),.UNSPECIFIED.,.F.,
  .F.,(2,2),(0.,1.),.PIECEWISE_BEZIER_KNOTS.);
#2613 = CARTESIAN_POINT('',(-36.25,40.25,-3.));
#2614 = CARTESIAN_POINT('',(-26.8,29.3,1.));
#2615 = ORIENTED_EDGE('',*,*,#2616,.T.);
#2616 = EDGE_CURVE('',#2610,#2617,#2619,.T.);
#2617 = VERTEX_POINT('',#2618);
#2618 = CARTESIAN_POINT('',(-26.8,29.4,0.963470319635));
#2619 = B_SPLINE_CURVE_WITH_KNOTS('',3,(#2620,#2621,#2622,#2623,#2624),
  .UNSPECIFIED.,.F.,.F.,(4,1,4),(0.,0.621853934289,1.),.UNSPECIFIED.);
#2620 = CARTESIAN_POINT('',(-26.8850991574,29.398606960163,
    0.963979192634));
#2621 = CARTESIAN_POINT('',(-26.86752347639,29.399182528407,
    0.963768939395));
#2622 = CARTESIAN_POINT('',(-26.83939827043,29.399820467714,
    0.963535902205));
#2623 = CARTESIAN_POINT('',(-26.81078534849,29.4,0.963470319635));
#2624 = CARTESIAN_POINT('',(-26.8,29.4,0.963470319635));
#2625 = ORIENTED_EDGE('',*,*,#2626,.T.);
#2626 = EDGE_CURVE('',#2617,#2627,#2629,.T.);
#2627 = VERTEX_POINT('',#2628);
#2628 = CARTESIAN_POINT('',(26.8,29.4,0.963470319635));
#2629 = B_SPLINE_CURVE_WITH_KNOTS('',1,(#2630,#2631),.UNSPECIFIED.,.F.,
  .F.,(2,2),(0.,1.),.PIECEWISE_BEZIER_KNOTS.);
#2630 = CARTESIAN_POINT('',(-26.8,29.4,0.963470319635));
#2631 = CARTESIAN_POINT('',(26.8,29.4,0.963470319635));
#2632 = ORIENTED_EDGE('',*,*,#2633,.T.);
#2633 = EDGE_CURVE('',#2627,#2446,#2634,.T.);
#2634 = B_SPLINE_CURVE_WITH_KNOTS('',3,(#2635,#2636,#2637,#2638,#2639,
    #2640,#2641),.UNSPECIFIED.,.F.,.F.,(4,1,1,1,4),(0.,0.243085883659,
    0.520416689952,0.8260536646,1.),.UNSPECIFIED.);
#2635 = CARTESIAN_POINT('',(26.8,29.4,0.963470319635));
#2636 = CARTESIAN_POINT('',(26.806955975898,29.4,0.963470319635));
#2637 = CARTESIAN_POINT('',(26.821816335341,29.399940239184,
    0.96349215007));
#2638 = CARTESIAN_POINT('',(26.845297060206,29.399644855535,
    0.963600052773));
#2639 = CARTESIAN_POINT('',(26.866702709781,29.399171295741,
    0.963773042652));
#2640 = CARTESIAN_POINT('',(26.880208200085,29.39876712919,
    0.963920683401));
#2641 = CARTESIAN_POINT('',(26.885099157401,29.398606960163,
    0.963979192634));
#2642 = B_SPLINE_SURFACE_WITH_KNOTS('',1,1,(
    (#2643,#2644)
    ,(#2645,#2646
    )),.UNSPECIFIED.,.F.,.F.,.F.,(2,2),(2,2),(0.,72.5),(0.,1.),
  .PIECEWISE_BEZIER_KNOTS.);
#2643 = CARTESIAN_POINT('',(36.25,40.25,-3.));
#2644 = CARTESIAN_POINT('',(26.8,29.3,1.));
#2645 = CARTESIAN_POINT('',(-36.25,40.25,-3.));
#2646 = CARTESIAN_POINT('',(-26.8,29.3,1.));
#2647 = ADVANCED_FACE('',(#2648,#2678),#2791,.T.);
#2648 = FACE_BOUND('',#2649,.T.);
#2649 = EDGE_LOOP('',(#2650,#2651,#2652,#2653));
#2650 = ORIENTED_EDGE('',*,*,#2609,.F.);
#2651 = ORIENTED_EDGE('',*,*,#966,.F.);
#2652 = ORIENTED_EDGE('',*,*,#2050,.T.);
#2653 = ORIENTED_EDGE('',*,*,#2654,.T.);
#2654 = EDGE_CURVE('',#2051,#2610,#2655,.T.);
#2655 = B_SPLINE_CURVE_WITH_KNOTS('',6,(#2656,#2657,#2658,#2659,#2660,
    #2661,#2662,#2663,#2664,#2665,#2666,#2667,#2668,#2669,#2670,#2671,
    #2672,#2673,#2674,#2675,#2676,#2677),.UNSPECIFIED.,.F.,.F.,(7,5,5,5,
    7),(0.,0.133773806522,0.499999962393,0.865861436113,1.),
  .UNSPECIFIED.);
#2656 = CARTESIAN_POINT('',(-29.39860696016,26.885099157401,
    0.963979192634));
#2657 = CARTESIAN_POINT('',(-29.39575782327,26.97210104054,
    0.965019973233));
#2658 = CARTESIAN_POINT('',(-29.38941170014,27.059035694726,
    0.965942458637));
#2659 = CARTESIAN_POINT('',(-29.37956769121,27.145717549718,
    0.966766134141));
#2660 = CARTESIAN_POINT('',(-29.36623873421,27.231964335754,
    0.967504763559));
#2661 = CARTESIAN_POINT('',(-29.34945093325,27.317596573159,
    0.968168357363));
#2662 = CARTESIAN_POINT('',(-29.27392028833,27.634700812864,
    0.97039892633));
#2663 = CARTESIAN_POINT('',(-29.19295307494,27.86107558069,
    0.971532351311));
#2664 = CARTESIAN_POINT('',(-29.08713933017,28.077840171223,
    0.972327510087));
#2665 = CARTESIAN_POINT('',(-28.95799722999,28.281641817161,
    0.972835358236));
#2666 = CARTESIAN_POINT('',(-28.80754993538,28.469405333627,
    0.973089919387));
#2667 = CARTESIAN_POINT('',(-28.46957361195,28.807381643386,
    0.973089919294));
#2668 = CARTESIAN_POINT('',(-28.28201575645,28.95769754392,
    0.972835866337));
#2669 = CARTESIAN_POINT('',(-28.07844904955,29.086753416737,
    0.972329022728));
#2670 = CARTESIAN_POINT('',(-27.86193900042,29.192531436584,
    0.971535521411));
#2671 = CARTESIAN_POINT('',(-27.63582786818,29.273516875984,
    0.970404564542));
#2672 = CARTESIAN_POINT('',(-27.31876396918,29.349221804312,
    0.968177399196));
#2673 = CARTESIAN_POINT('',(-27.23290497378,29.366093205721,
    0.967512815165));
#2674 = CARTESIAN_POINT('',(-27.14642659731,29.379487089826,
    0.966772869322));
#2675 = CARTESIAN_POINT('',(-27.05950977466,29.38937706664,
    0.965947488746));
#2676 = CARTESIAN_POINT('',(-26.97233826292,29.395750054719,
    0.965022811062));
#2677 = CARTESIAN_POINT('',(-26.8850991574,29.398606960163,
    0.963979192634));
#2678 = FACE_BOUND('',#2679,.T.);
#2679 = EDGE_LOOP('',(#2680,#2749,#2766));
#2680 = ORIENTED_EDGE('',*,*,#2681,.T.);
#2681 = EDGE_CURVE('',#2682,#2684,#2686,.T.);
#2682 = VERTEX_POINT('',#2683);
#2683 = CARTESIAN_POINT('',(-38.84280331477,35.608822009158,-2.5));
#2684 = VERTEX_POINT('',#2685);
#2685 = CARTESIAN_POINT('',(-36.79385596079,39.618690921182,
    -2.814849305299));
#2686 = B_SPLINE_CURVE_WITH_KNOTS('',6,(#2687,#2688,#2689,#2690,#2691,
    #2692,#2693,#2694,#2695,#2696,#2697,#2698,#2699,#2700,#2701,#2702,
    #2703,#2704,#2705,#2706,#2707,#2708,#2709,#2710,#2711,#2712,#2713,
    #2714,#2715,#2716,#2717,#2718,#2719,#2720,#2721,#2722,#2723,#2724,
    #2725,#2726,#2727,#2728,#2729,#2730,#2731,#2732,#2733,#2734,#2735,
    #2736,#2737,#2738,#2739,#2740,#2741,#2742,#2743,#2744,#2745,#2746,
    #2747,#2748),.UNSPECIFIED.,.F.,.F.,(7,5,5,5,5,5,5,5,5,5,5,5,7),(0.,
    5.712547326529E-02,0.186582756584,0.289878429873,0.355569949135,
    0.432221209581,0.485999448098,0.523857637892,0.617268522571,
    0.742663597342,0.794128017563,0.867810940284,1.),.UNSPECIFIED.);
#2687 = CARTESIAN_POINT('',(-38.84280165809,35.608820674698,-2.4999994)
  );
#2688 = CARTESIAN_POINT('',(-38.88777256553,35.645044909203,
    -2.51628656356));
#2689 = CARTESIAN_POINT('',(-38.93175408074,35.682705957016,
    -2.532320237625));
#2690 = CARTESIAN_POINT('',(-38.97468759015,35.721776264681,
    -2.548077534077));
#2691 = CARTESIAN_POINT('',(-39.01651423964,35.762223477116,
    -2.563538106864));
#2692 = CARTESIAN_POINT('',(-39.05717493453,35.804010437616,-2.578684152
    ));
#2693 = CARTESIAN_POINT('',(-39.18597853408,35.944733498725,
    -2.627076885531));
#2694 = CARTESIAN_POINT('',(-39.26906485499,36.049047528526,
    -2.658964210762));
#2695 = CARTESIAN_POINT('',(-39.34516357633,36.159526013342,
    -2.688975931825));
#2696 = CARTESIAN_POINT('',(-39.4136240369,36.275547539343,
    -2.717020065842));
#2697 = CARTESIAN_POINT('',(-39.47387960208,36.396377665939,
    -2.743075885674));
#2698 = CARTESIAN_POINT('',(-39.56664657119,36.620736345107,
    -2.786396282819));
#2699 = CARTESIAN_POINT('',(-39.60230821658,36.72283674932,
    -2.80437499833));
#2700 = CARTESIAN_POINT('',(-39.63223383925,36.827043868236,
    -2.821121661544));
#2701 = CARTESIAN_POINT('',(-39.65625082967,36.932916253937,
    -2.836672430242));
#2702 = CARTESIAN_POINT('',(-39.67424003589,37.039998903176,
    -2.85107471802));
#2703 = CARTESIAN_POINT('',(-39.69369821633,37.21640217972,
    -2.872836832091));
#2704 = CARTESIAN_POINT('',(-39.69879729779,37.285279758663,
    -2.88085180082));
#2705 = CARTESIAN_POINT('',(-39.70141440145,37.354342167266,
    -2.888435133214));
#2706 = CARTESIAN_POINT('',(-39.70154065076,37.423471691956,
    -2.895599896512));
#2707 = CARTESIAN_POINT('',(-39.69917524358,37.492551231774,
    -2.902359098401));
#2708 = CARTESIAN_POINT('',(-39.68866653861,37.641874577751,
    -2.916154454807));
#2709 = CARTESIAN_POINT('',(-39.67962480605,37.722058784851,
    -2.923048452782));
#2710 = CARTESIAN_POINT('',(-39.66721191569,37.801832112706,
    -2.929428139402));
#2711 = CARTESIAN_POINT('',(-39.65145268377,37.881013426608,
    -2.935312420695));
#2712 = CARTESIAN_POINT('',(-39.6323850815,37.959425264115,
    -2.940718650257));
#2713 = CARTESIAN_POINT('',(-39.59439720614,38.091245495558,
    -2.949131306482));
#2714 = CARTESIAN_POINT('',(-39.57713069664,38.145133068456,
    -2.952372403786));
#2715 = CARTESIAN_POINT('',(-39.55827823538,38.198496713244,
    -2.955391312008));
#2716 = CARTESIAN_POINT('',(-39.53786016762,38.251277883988,
    -2.958192921889));
#2717 = CARTESIAN_POINT('',(-39.51589965511,38.303419329324,
    -2.960781624064));
#2718 = CARTESIAN_POINT('',(-39.4758956206,38.391081292884,
    -2.964836532513));
#2719 = CARTESIAN_POINT('',(-39.45861702439,38.426952761817,
    -2.966408170718));
#2720 = CARTESIAN_POINT('',(-39.44059593247,38.462459997455,
    -2.967877577248));
#2721 = CARTESIAN_POINT('',(-39.42184202466,38.497583874663,
    -2.969245975935));
#2722 = CARTESIAN_POINT('',(-39.40236561565,38.532305644964,
    -2.97051446088));
#2723 = CARTESIAN_POINT('',(-39.33236610069,38.651241569366,
    -2.974569695738));
#2724 = CARTESIAN_POINT('',(-39.27822226812,38.733316807449,
    -2.976852998819));
#2725 = CARTESIAN_POINT('',(-39.2199111073,38.812555937945,
    -2.978548363763));
#2726 = CARTESIAN_POINT('',(-39.15761914514,38.888698552914,
    -2.979665406782));
#2727 = CARTESIAN_POINT('',(-39.09155365892,38.961501103068,
    -2.980208868713));
#2728 = CARTESIAN_POINT('',(-38.92849473135,39.123680550396,
    -2.980137923825));
#2729 = CARTESIAN_POINT('',(-38.82865438499,39.210199531951,
    -2.979063315944));
#2730 = CARTESIAN_POINT('',(-38.72297252588,39.289746303527,
    -2.976954483069));
#2731 = CARTESIAN_POINT('',(-38.6120556075,39.361838648558,
    -2.973795088352));
#2732 = CARTESIAN_POINT('',(-38.49656229176,39.426064314379,
    -2.969553001949));
#2733 = CARTESIAN_POINT('',(-38.32821283994,39.505077049757,
    -2.961975626304));
#2734 = CARTESIAN_POINT('',(-38.27857285804,39.526687168151,
    -2.959580278516));
#2735 = CARTESIAN_POINT('',(-38.22832972894,39.546892186813,
    -2.956991218629));
#2736 = CARTESIAN_POINT('',(-38.17753331716,39.565671177155,
    -2.954204715103));
#2737 = CARTESIAN_POINT('',(-38.12623459621,39.583005550402,
    -2.951216612952));
#2738 = CARTESIAN_POINT('',(-38.00039536057,39.621605562605,
    -2.943449002758));
#2739 = CARTESIAN_POINT('',(-37.92538182404,39.641337765684,
    -2.938453105924));
#2740 = CARTESIAN_POINT('',(-37.84959829085,39.658027679891,
    -2.933021065815));
#2741 = CARTESIAN_POINT('',(-37.77320134022,39.671638386676,
    -2.927137900647));
#2742 = CARTESIAN_POINT('',(-37.6963508786,39.682144035887,
    -2.920787224276));
#2743 = CARTESIAN_POINT('',(-37.4808176688,39.70278017877,
    -2.901687325594));
#2744 = CARTESIAN_POINT('',(-37.34148274459,39.705990437522,
    -2.887861040743));
#2745 = CARTESIAN_POINT('',(-37.20215932193,39.699074381405,
    -2.87237187167));
#2746 = CARTESIAN_POINT('',(-37.06380836025,39.682077324969,
    -2.855109418813));
#2747 = CARTESIAN_POINT('',(-36.92739142061,39.655172669143,
    -2.835960469979));
#2748 = CARTESIAN_POINT('',(-36.79385596079,39.618690921182,
    -2.814849305299));
#2749 = ORIENTED_EDGE('',*,*,#2750,.T.);
#2750 = EDGE_CURVE('',#2684,#2751,#2753,.T.);
#2751 = VERTEX_POINT('',#2752);
#2752 = CARTESIAN_POINT('',(-35.60882200915,38.842803314774,-2.5));
#2753 = B_SPLINE_CURVE_WITH_KNOTS('',6,(#2754,#2755,#2756,#2757,#2758,
    #2759,#2760,#2761,#2762,#2763,#2764,#2765),.UNSPECIFIED.,.F.,.F.,(7,
    5,7),(0.,0.19749209722,1.),.UNSPECIFIED.);
#2754 = CARTESIAN_POINT('',(-36.79385596079,39.618690921182,
    -2.814849305299));
#2755 = CARTESIAN_POINT('',(-36.74746167173,39.606016049933,
    -2.807514643196));
#2756 = CARTESIAN_POINT('',(-36.70141452062,39.592184966485,
    -2.799943061681));
#2757 = CARTESIAN_POINT('',(-36.65575385927,39.577211358484,
    -2.792131196423));
#2758 = CARTESIAN_POINT('',(-36.61051821244,39.561110967519,
    -2.784076316811));
#2759 = CARTESIAN_POINT('',(-36.56574527776,39.543901589119,
    -2.775776325949));
#2760 = CARTESIAN_POINT('',(-36.34156743692,39.451247165856,
    -2.732500846014));
#2761 = CARTESIAN_POINT('',(-36.16984674828,39.358880409403,
    -2.693688085828));
#2762 = CARTESIAN_POINT('',(-36.0089425541,39.249873841419,
    -2.650728633307));
#2763 = CARTESIAN_POINT('',(-35.8608791383,39.1261259827,-2.603730451785
    ));
#2764 = CARTESIAN_POINT('',(-35.72715423693,38.989707942112,
    -2.553204612257));
#2765 = CARTESIAN_POINT('',(-35.60882067469,38.842801658098,-2.4999994)
  );
#2766 = ORIENTED_EDGE('',*,*,#2767,.F.);
#2767 = EDGE_CURVE('',#2682,#2751,#2768,.T.);
#2768 = B_SPLINE_CURVE_WITH_KNOTS('',6,(#2769,#2770,#2771,#2772,#2773,
    #2774,#2775,#2776,#2777,#2778,#2779,#2780,#2781,#2782,#2783,#2784,
    #2785,#2786,#2787,#2788,#2789,#2790),.UNSPECIFIED.,.F.,.F.,(7,5,5,5,
    7),(0.,0.250394972652,0.5,0.749605027348,1.),.UNSPECIFIED.);
#2769 = CARTESIAN_POINT('',(-38.88112192393,35.1,-2.5));
#2770 = CARTESIAN_POINT('',(-38.87909479113,35.347301570736,-2.5));
#2771 = CARTESIAN_POINT('',(-38.85781712481,35.594458435667,-2.5));
#2772 = CARTESIAN_POINT('',(-38.8173008626,35.839568527224,-2.5));
#2773 = CARTESIAN_POINT('',(-38.75781476792,36.080777837442,-2.5));
#2774 = CARTESIAN_POINT('',(-38.67984340441,36.316276706978,-2.5));
#2775 = CARTESIAN_POINT('',(-38.48871127537,36.771629331645,-2.5));
#2776 = CARTESIAN_POINT('',(-38.37565228629,36.991553961279,-2.5));
#2777 = CARTESIAN_POINT('',(-38.24567519379,37.202348068083,-2.5));
#2778 = CARTESIAN_POINT('',(-38.09972251262,37.402413093328,-2.5));
#2779 = CARTESIAN_POINT('',(-37.93891740425,37.590271801888,-2.5));
#2780 = CARTESIAN_POINT('',(-37.59027180188,37.938917404254,-2.5));
#2781 = CARTESIAN_POINT('',(-37.40241309332,38.099722512626,-2.5));
#2782 = CARTESIAN_POINT('',(-37.20234806808,38.245675193793,-2.5));
#2783 = CARTESIAN_POINT('',(-36.99155396128,38.37565228629,-2.5));
#2784 = CARTESIAN_POINT('',(-36.77162933164,38.48871127537,-2.5));
#2785 = CARTESIAN_POINT('',(-36.31627670697,38.679843404412,-2.5));
#2786 = CARTESIAN_POINT('',(-36.08077783744,38.757814767929,-2.5));
#2787 = CARTESIAN_POINT('',(-35.83956852722,38.817300862608,-2.5));
#2788 = CARTESIAN_POINT('',(-35.59445843566,38.857817124816,-2.5));
#2789 = CARTESIAN_POINT('',(-35.34730157073,38.879094791135,-2.5));
#2790 = CARTESIAN_POINT('',(-35.1,38.881121923932,-2.5));
#2791 = B_SPLINE_SURFACE_WITH_KNOTS('',8,1,(
    (#2792,#2793)
    ,(#2794,#2795)
    ,(#2796,#2797)
    ,(#2798,#2799)
    ,(#2800,#2801)
    ,(#2802,#2803)
    ,(#2804,#2805)
    ,(#2806,#2807)
    ,(#2808,#2809
    )),.UNSPECIFIED.,.F.,.F.,.F.,(9,9),(2,2),(0.,1.570796326795),(0.,1.)
  ,.PIECEWISE_BEZIER_KNOTS.);
#2792 = CARTESIAN_POINT('',(-36.25,40.25,-3.));
#2793 = CARTESIAN_POINT('',(-26.8,29.3,1.));
#2794 = CARTESIAN_POINT('',(-37.03539816339,40.25,-3.));
#2795 = CARTESIAN_POINT('',(-27.29087385212,29.3,1.));
#2796 = CARTESIAN_POINT('',(-37.82079657401,40.073756844155,-3.));
#2797 = CARTESIAN_POINT('',(-27.78174785876,29.189848027597,1.));
#2798 = CARTESIAN_POINT('',(-38.56005293734,39.721272263486,-3.));
#2799 = CARTESIAN_POINT('',(-28.24378308583,28.969545164679,1.));
#2800 = CARTESIAN_POINT('',(-39.20703502312,39.207035023119,-3.));
#2801 = CARTESIAN_POINT('',(-28.64814688945,28.64814688945,1.));
#2802 = CARTESIAN_POINT('',(-39.72127226348,38.560052937341,-3.));
#2803 = CARTESIAN_POINT('',(-28.96954516467,28.243783085838,1.));
#2804 = CARTESIAN_POINT('',(-40.07375684415,37.820796574017,-3.));
#2805 = CARTESIAN_POINT('',(-29.18984802759,27.78174785876,1.));
#2806 = CARTESIAN_POINT('',(-40.25,37.035398163398,-3.));
#2807 = CARTESIAN_POINT('',(-29.3,27.290873852123,1.));
#2808 = CARTESIAN_POINT('',(-40.25,36.25,-3.));
#2809 = CARTESIAN_POINT('',(-29.3,26.8,1.));
#2810 = ADVANCED_FACE('',(#2811,#2856),#2926,.T.);
#2811 = FACE_BOUND('',#2812,.T.);
#2812 = EDGE_LOOP('',(#2813,#2814,#2815,#2823,#2832,#2840,#2849,#2855));
#2813 = ORIENTED_EDGE('',*,*,#1256,.T.);
#2814 = ORIENTED_EDGE('',*,*,#1280,.T.);
#2815 = ORIENTED_EDGE('',*,*,#2816,.T.);
#2816 = EDGE_CURVE('',#1281,#2817,#2819,.T.);
#2817 = VERTEX_POINT('',#2818);
#2818 = CARTESIAN_POINT('',(29.4,26.8,1.));
#2819 = LINE('',#2820,#2821);
#2820 = CARTESIAN_POINT('',(29.4,-26.8,1.));
#2821 = VECTOR('',#2822,1.);
#2822 = DIRECTION('',(0.,1.,0.));
#2823 = ORIENTED_EDGE('',*,*,#2824,.T.);
#2824 = EDGE_CURVE('',#2817,#2825,#2827,.T.);
#2825 = VERTEX_POINT('',#2826);
#2826 = CARTESIAN_POINT('',(26.8,29.4,1.));
#2827 = CIRCLE('',#2828,2.6);
#2828 = AXIS2_PLACEMENT_3D('',#2829,#2830,#2831);
#2829 = CARTESIAN_POINT('',(26.8,26.8,1.));
#2830 = DIRECTION('',(0.,0.,1.));
#2831 = DIRECTION('',(1.,2.732856676E-15,-0.));
#2832 = ORIENTED_EDGE('',*,*,#2833,.T.);
#2833 = EDGE_CURVE('',#2825,#2834,#2836,.T.);
#2834 = VERTEX_POINT('',#2835);
#2835 = CARTESIAN_POINT('',(-26.8,29.4,1.));
#2836 = LINE('',#2837,#2838);
#2837 = CARTESIAN_POINT('',(26.8,29.4,1.));
#2838 = VECTOR('',#2839,1.);
#2839 = DIRECTION('',(-1.,0.,0.));
#2840 = ORIENTED_EDGE('',*,*,#2841,.T.);
#2841 = EDGE_CURVE('',#2834,#2842,#2844,.T.);
#2842 = VERTEX_POINT('',#2843);
#2843 = CARTESIAN_POINT('',(-29.4,26.8,1.));
#2844 = CIRCLE('',#2845,2.6);
#2845 = AXIS2_PLACEMENT_3D('',#2846,#2847,#2848);
#2846 = CARTESIAN_POINT('',(-26.8,26.8,1.));
#2847 = DIRECTION('',(0.,0.,1.));
#2848 = DIRECTION('',(-2.732856676E-15,1.,0.));
#2849 = ORIENTED_EDGE('',*,*,#2850,.T.);
#2850 = EDGE_CURVE('',#2842,#1051,#2851,.T.);
#2851 = LINE('',#2852,#2853);
#2852 = CARTESIAN_POINT('',(-29.4,26.8,1.));
#2853 = VECTOR('',#2854,1.);
#2854 = DIRECTION('',(0.,-1.,0.));
#2855 = ORIENTED_EDGE('',*,*,#1058,.T.);
#2856 = FACE_BOUND('',#2857,.T.);
#2857 = EDGE_LOOP('',(#2858,#2869,#2877,#2886,#2894,#2903,#2911,#2920));
#2858 = ORIENTED_EDGE('',*,*,#2859,.T.);
#2859 = EDGE_CURVE('',#2860,#2862,#2864,.T.);
#2860 = VERTEX_POINT('',#2861);
#2861 = CARTESIAN_POINT('',(27.8,-26.8,1.));
#2862 = VERTEX_POINT('',#2863);
#2863 = CARTESIAN_POINT('',(26.8,-27.8,1.));
#2864 = CIRCLE('',#2865,1.);
#2865 = AXIS2_PLACEMENT_3D('',#2866,#2867,#2868);
#2866 = CARTESIAN_POINT('',(26.8,-26.8,1.));
#2867 = DIRECTION('',(0.,-0.,-1.));
#2868 = DIRECTION('',(3.5527136788E-15,-1.,0.));
#2869 = ORIENTED_EDGE('',*,*,#2870,.T.);
#2870 = EDGE_CURVE('',#2862,#2871,#2873,.T.);
#2871 = VERTEX_POINT('',#2872);
#2872 = CARTESIAN_POINT('',(-26.8,-27.8,1.));
#2873 = LINE('',#2874,#2875);
#2874 = CARTESIAN_POINT('',(-13.4,-27.8,1.));
#2875 = VECTOR('',#2876,1.);
#2876 = DIRECTION('',(-1.,0.,0.));
#2877 = ORIENTED_EDGE('',*,*,#2878,.T.);
#2878 = EDGE_CURVE('',#2871,#2879,#2881,.T.);
#2879 = VERTEX_POINT('',#2880);
#2880 = CARTESIAN_POINT('',(-27.8,-26.8,1.));
#2881 = CIRCLE('',#2882,1.);
#2882 = AXIS2_PLACEMENT_3D('',#2883,#2884,#2885);
#2883 = CARTESIAN_POINT('',(-26.8,-26.8,1.));
#2884 = DIRECTION('',(-0.,0.,-1.));
#2885 = DIRECTION('',(-1.,-3.5527136788E-15,0.));
#2886 = ORIENTED_EDGE('',*,*,#2887,.T.);
#2887 = EDGE_CURVE('',#2879,#2888,#2890,.T.);
#2888 = VERTEX_POINT('',#2889);
#2889 = CARTESIAN_POINT('',(-27.8,26.8,1.));
#2890 = LINE('',#2891,#2892);
#2891 = CARTESIAN_POINT('',(-27.8,13.4,1.));
#2892 = VECTOR('',#2893,1.);
#2893 = DIRECTION('',(-0.,1.,0.));
#2894 = ORIENTED_EDGE('',*,*,#2895,.T.);
#2895 = EDGE_CURVE('',#2888,#2896,#2898,.T.);
#2896 = VERTEX_POINT('',#2897);
#2897 = CARTESIAN_POINT('',(-26.8,27.8,1.));
#2898 = CIRCLE('',#2899,1.);
#2899 = AXIS2_PLACEMENT_3D('',#2900,#2901,#2902);
#2900 = CARTESIAN_POINT('',(-26.8,26.8,1.));
#2901 = DIRECTION('',(-0.,0.,-1.));
#2902 = DIRECTION('',(-3.5527136788E-15,1.,0.));
#2903 = ORIENTED_EDGE('',*,*,#2904,.T.);
#2904 = EDGE_CURVE('',#2896,#2905,#2907,.T.);
#2905 = VERTEX_POINT('',#2906);
#2906 = CARTESIAN_POINT('',(26.8,27.8,1.));
#2907 = LINE('',#2908,#2909);
#2908 = CARTESIAN_POINT('',(13.4,27.8,1.));
#2909 = VECTOR('',#2910,1.);
#2910 = DIRECTION('',(1.,0.,-0.));
#2911 = ORIENTED_EDGE('',*,*,#2912,.T.);
#2912 = EDGE_CURVE('',#2905,#2913,#2915,.T.);
#2913 = VERTEX_POINT('',#2914);
#2914 = CARTESIAN_POINT('',(27.8,26.8,1.));
#2915 = CIRCLE('',#2916,1.);
#2916 = AXIS2_PLACEMENT_3D('',#2917,#2918,#2919);
#2917 = CARTESIAN_POINT('',(26.8,26.8,1.));
#2918 = DIRECTION('',(0.,-0.,-1.));
#2919 = DIRECTION('',(1.,3.5527136788E-15,-0.));
#2920 = ORIENTED_EDGE('',*,*,#2921,.T.);
#2921 = EDGE_CURVE('',#2913,#2860,#2922,.T.);
#2922 = LINE('',#2923,#2924);
#2923 = CARTESIAN_POINT('',(27.8,-13.4,1.));
#2924 = VECTOR('',#2925,1.);
#2925 = DIRECTION('',(0.,-1.,0.));
#2926 = PLANE('',#2927);
#2927 = AXIS2_PLACEMENT_3D('',#2928,#2929,#2930);
#2928 = CARTESIAN_POINT('',(-2.003262461111E-16,7.85895273205E-16,1.));
#2929 = DIRECTION('',(0.,0.,1.));
#2930 = DIRECTION('',(1.,0.,-0.));
#2931 = ADVANCED_FACE('',(#2932),#2943,.F.);
#2932 = FACE_BOUND('',#2933,.F.);
#2933 = EDGE_LOOP('',(#2934,#2935,#2941,#2942));
#2934 = ORIENTED_EDGE('',*,*,#2060,.T.);
#2935 = ORIENTED_EDGE('',*,*,#2936,.T.);
#2936 = EDGE_CURVE('',#2061,#2842,#2937,.T.);
#2937 = LINE('',#2938,#2939);
#2938 = CARTESIAN_POINT('',(-29.4,26.8,-5.5));
#2939 = VECTOR('',#2940,1.);
#2940 = DIRECTION('',(0.,0.,1.));
#2941 = ORIENTED_EDGE('',*,*,#2850,.T.);
#2942 = ORIENTED_EDGE('',*,*,#1050,.F.);
#2943 = PLANE('',#2944);
#2944 = AXIS2_PLACEMENT_3D('',#2945,#2946,#2947);
#2945 = CARTESIAN_POINT('',(-29.4,26.8,-5.5));
#2946 = DIRECTION('',(1.,0.,-0.));
#2947 = DIRECTION('',(0.,-1.,0.));
#2948 = ADVANCED_FACE('',(#2949),#2970,.T.);
#2949 = FACE_BOUND('',#2950,.T.);
#2950 = EDGE_LOOP('',(#2951,#2952,#2961,#2968,#2969));
#2951 = ORIENTED_EDGE('',*,*,#1212,.F.);
#2952 = ORIENTED_EDGE('',*,*,#2953,.F.);
#2953 = EDGE_CURVE('',#2954,#1186,#2956,.T.);
#2954 = VERTEX_POINT('',#2955);
#2955 = CARTESIAN_POINT('',(39.7,-37.4,-2.5));
#2956 = CIRCLE('',#2957,2.3);
#2957 = AXIS2_PLACEMENT_3D('',#2958,#2959,#2960);
#2958 = CARTESIAN_POINT('',(37.4,-37.4,-2.5));
#2959 = DIRECTION('',(0.,0.,1.));
#2960 = DIRECTION('',(1.,0.,-0.));
#2961 = ORIENTED_EDGE('',*,*,#2962,.F.);
#2962 = EDGE_CURVE('',#1169,#2954,#2963,.T.);
#2963 = CIRCLE('',#2964,2.3);
#2964 = AXIS2_PLACEMENT_3D('',#2965,#2966,#2967);
#2965 = CARTESIAN_POINT('',(37.4,-37.4,-2.5));
#2966 = DIRECTION('',(0.,0.,1.));
#2967 = DIRECTION('',(1.,0.,-0.));
#2968 = ORIENTED_EDGE('',*,*,#1168,.F.);
#2969 = ORIENTED_EDGE('',*,*,#1119,.F.);
#2970 = CYLINDRICAL_SURFACE('',#2971,2.3);
#2971 = AXIS2_PLACEMENT_3D('',#2972,#2973,#2974);
#2972 = CARTESIAN_POINT('',(37.4,-37.4,-9.));
#2973 = DIRECTION('',(0.,0.,1.));
#2974 = DIRECTION('',(1.,0.,-0.));
#2975 = ADVANCED_FACE('',(#2976),#2981,.T.);
#2976 = FACE_BOUND('',#2977,.T.);
#2977 = EDGE_LOOP('',(#2978,#2979,#2980));
#2978 = ORIENTED_EDGE('',*,*,#2962,.T.);
#2979 = ORIENTED_EDGE('',*,*,#2953,.T.);
#2980 = ORIENTED_EDGE('',*,*,#1185,.T.);
#2981 = PLANE('',#2982);
#2982 = AXIS2_PLACEMENT_3D('',#2983,#2984,#2985);
#2983 = CARTESIAN_POINT('',(37.4,-37.4,-2.5));
#2984 = DIRECTION('',(0.,0.,1.));
#2985 = DIRECTION('',(1.,0.,-0.));
#2986 = ADVANCED_FACE('',(#2987),#2998,.F.);
#2987 = FACE_BOUND('',#2988,.F.);
#2988 = EDGE_LOOP('',(#2989,#2990,#2991,#2992));
#2989 = ORIENTED_EDGE('',*,*,#2429,.T.);
#2990 = ORIENTED_EDGE('',*,*,#1289,.T.);
#2991 = ORIENTED_EDGE('',*,*,#2816,.T.);
#2992 = ORIENTED_EDGE('',*,*,#2993,.F.);
#2993 = EDGE_CURVE('',#2420,#2817,#2994,.T.);
#2994 = LINE('',#2995,#2996);
#2995 = CARTESIAN_POINT('',(29.4,26.8,-5.5));
#2996 = VECTOR('',#2997,1.);
#2997 = DIRECTION('',(0.,0.,1.));
#2998 = PLANE('',#2999);
#2999 = AXIS2_PLACEMENT_3D('',#3000,#3001,#3002);
#3000 = CARTESIAN_POINT('',(29.4,-26.8,-5.5));
#3001 = DIRECTION('',(-1.,0.,0.));
#3002 = DIRECTION('',(0.,1.,0.));
#3003 = ADVANCED_FACE('',(#3004,#3083,#3087,#3091,#3095,#3099,#3103,
    #3107,#3111,#3115),#3119,.F.);
#3004 = FACE_BOUND('',#3005,.F.);
#3005 = EDGE_LOOP('',(#3006,#3015,#3022,#3029,#3036,#3043,#3050,#3057,
    #3067,#3074));
#3006 = ORIENTED_EDGE('',*,*,#3007,.F.);
#3007 = EDGE_CURVE('',#3008,#3010,#3012,.T.);
#3008 = VERTEX_POINT('',#3009);
#3009 = CARTESIAN_POINT('',(-34.86917808219,-38.65,-4.415525114155));
#3010 = VERTEX_POINT('',#3011);
#3011 = CARTESIAN_POINT('',(-26.8850991574,-29.39860696016,
    -1.036020807366));
#3012 = B_SPLINE_CURVE_WITH_KNOTS('',1,(#3013,#3014),.UNSPECIFIED.,.F.,
  .F.,(2,2),(0.,1.),.PIECEWISE_BEZIER_KNOTS.);
#3013 = CARTESIAN_POINT('',(-36.25,-40.25,-5.));
#3014 = CARTESIAN_POINT('',(-26.8,-29.3,-1.));
#3015 = ORIENTED_EDGE('',*,*,#3016,.F.);
#3016 = EDGE_CURVE('',#3017,#3008,#3019,.T.);
#3017 = VERTEX_POINT('',#3018);
#3018 = CARTESIAN_POINT('',(-9.89,-38.65,-4.415525114155));
#3019 = B_SPLINE_CURVE_WITH_KNOTS('',1,(#3020,#3021),.UNSPECIFIED.,.F.,
  .F.,(2,2),(0.,1.),.PIECEWISE_BEZIER_KNOTS.);
#3020 = CARTESIAN_POINT('',(34.869178082192,-38.65,-4.415525114155));
#3021 = CARTESIAN_POINT('',(-34.86917808219,-38.65,-4.415525114155));
#3022 = ORIENTED_EDGE('',*,*,#3023,.T.);
#3023 = EDGE_CURVE('',#3017,#3024,#3026,.T.);
#3024 = VERTEX_POINT('',#3025);
#3025 = CARTESIAN_POINT('',(-9.89,-38.64,-4.411872146119));
#3026 = B_SPLINE_CURVE_WITH_KNOTS('',1,(#3027,#3028),.UNSPECIFIED.,.F.,
  .F.,(2,2),(0.,1.),.PIECEWISE_BEZIER_KNOTS.);
#3027 = CARTESIAN_POINT('',(-9.89,-38.65000657,-4.415527514155));
#3028 = CARTESIAN_POINT('',(-9.89,-38.64,-4.411872146119));
#3029 = ORIENTED_EDGE('',*,*,#3030,.F.);
#3030 = EDGE_CURVE('',#3031,#3024,#3033,.T.);
#3031 = VERTEX_POINT('',#3032);
#3032 = CARTESIAN_POINT('',(4.05,-38.64,-4.411872146119));
#3033 = B_SPLINE_CURVE_WITH_KNOTS('',1,(#3034,#3035),.UNSPECIFIED.,.F.,
  .F.,(2,2),(0.,1.),.PIECEWISE_BEZIER_KNOTS.);
#3034 = CARTESIAN_POINT('',(4.05,-38.64,-4.411872146119));
#3035 = CARTESIAN_POINT('',(-9.89,-38.64,-4.411872146119));
#3036 = ORIENTED_EDGE('',*,*,#3037,.F.);
#3037 = EDGE_CURVE('',#3038,#3031,#3040,.T.);
#3038 = VERTEX_POINT('',#3039);
#3039 = CARTESIAN_POINT('',(4.05,-38.65,-4.415525114155));
#3040 = B_SPLINE_CURVE_WITH_KNOTS('',1,(#3041,#3042),.UNSPECIFIED.,.F.,
  .F.,(2,2),(0.,1.),.PIECEWISE_BEZIER_KNOTS.);
#3041 = CARTESIAN_POINT('',(4.05,-38.65000657,-4.415527514155));
#3042 = CARTESIAN_POINT('',(4.05,-38.64,-4.411872146119));
#3043 = ORIENTED_EDGE('',*,*,#3044,.F.);
#3044 = EDGE_CURVE('',#3045,#3038,#3047,.T.);
#3045 = VERTEX_POINT('',#3046);
#3046 = CARTESIAN_POINT('',(34.869178082192,-38.65,-4.415525114155));
#3047 = B_SPLINE_CURVE_WITH_KNOTS('',1,(#3048,#3049),.UNSPECIFIED.,.F.,
  .F.,(2,2),(0.,1.),.PIECEWISE_BEZIER_KNOTS.);
#3048 = CARTESIAN_POINT('',(34.869178082192,-38.65,-4.415525114155));
#3049 = CARTESIAN_POINT('',(-34.86917808219,-38.65,-4.415525114155));
#3050 = ORIENTED_EDGE('',*,*,#3051,.T.);
#3051 = EDGE_CURVE('',#3045,#3052,#3054,.T.);
#3052 = VERTEX_POINT('',#3053);
#3053 = CARTESIAN_POINT('',(26.885099157401,-29.39860696016,
    -1.036020807366));
#3054 = B_SPLINE_CURVE_WITH_KNOTS('',1,(#3055,#3056),.UNSPECIFIED.,.F.,
  .F.,(2,2),(0.,1.),.PIECEWISE_BEZIER_KNOTS.);
#3055 = CARTESIAN_POINT('',(36.25,-40.25,-5.));
#3056 = CARTESIAN_POINT('',(26.8,-29.3,-1.));
#3057 = ORIENTED_EDGE('',*,*,#3058,.T.);
#3058 = EDGE_CURVE('',#3052,#3059,#3061,.T.);
#3059 = VERTEX_POINT('',#3060);
#3060 = CARTESIAN_POINT('',(26.8,-29.4,-1.036529680365));
#3061 = B_SPLINE_CURVE_WITH_KNOTS('',3,(#3062,#3063,#3064,#3065,#3066),
  .UNSPECIFIED.,.F.,.F.,(4,1,4),(0.,0.621853934289,1.),.UNSPECIFIED.);
#3062 = CARTESIAN_POINT('',(26.885099157401,-29.39860696016,
    -1.036020807366));
#3063 = CARTESIAN_POINT('',(26.867523476399,-29.3991825284,
    -1.036231060605));
#3064 = CARTESIAN_POINT('',(26.839398270435,-29.39982046771,
    -1.036464097795));
#3065 = CARTESIAN_POINT('',(26.810785348497,-29.4,-1.036529680365));
#3066 = CARTESIAN_POINT('',(26.8,-29.4,-1.036529680365));
#3067 = ORIENTED_EDGE('',*,*,#3068,.T.);
#3068 = EDGE_CURVE('',#3059,#3069,#3071,.T.);
#3069 = VERTEX_POINT('',#3070);
#3070 = CARTESIAN_POINT('',(-26.8,-29.4,-1.036529680365));
#3071 = B_SPLINE_CURVE_WITH_KNOTS('',1,(#3072,#3073),.UNSPECIFIED.,.F.,
  .F.,(2,2),(0.,1.),.PIECEWISE_BEZIER_KNOTS.);
#3072 = CARTESIAN_POINT('',(26.8,-29.4,-1.036529680365));
#3073 = CARTESIAN_POINT('',(-26.8,-29.4,-1.036529680365));
#3074 = ORIENTED_EDGE('',*,*,#3075,.T.);
#3075 = EDGE_CURVE('',#3069,#3010,#3076,.T.);
#3076 = B_SPLINE_CURVE_WITH_KNOTS('',3,(#3077,#3078,#3079,#3080,#3081,
    #3082),.UNSPECIFIED.,.F.,.F.,(4,1,1,4),(0.,0.180513915826,
    0.80362406036,1.),.UNSPECIFIED.);
#3077 = CARTESIAN_POINT('',(-26.8,-29.4,-1.036529680365));
#3078 = CARTESIAN_POINT('',(-26.80515733987,-29.4,-1.036529680365));
#3079 = CARTESIAN_POINT('',(-26.82813722791,-29.39993152159,
    -1.036504665423));
#3080 = CARTESIAN_POINT('',(-26.85650800837,-29.39946968563,
    -1.036335958224));
#3081 = CARTESIAN_POINT('',(-26.87956859174,-29.39878807507,
    -1.036086968065));
#3082 = CARTESIAN_POINT('',(-26.8850991574,-29.39860696016,
    -1.036020807366));
#3083 = FACE_BOUND('',#3084,.F.);
#3084 = EDGE_LOOP('',(#3085,#3086));
#3085 = ORIENTED_EDGE('',*,*,#1344,.T.);
#3086 = ORIENTED_EDGE('',*,*,#1325,.T.);
#3087 = FACE_BOUND('',#3088,.F.);
#3088 = EDGE_LOOP('',(#3089,#3090));
#3089 = ORIENTED_EDGE('',*,*,#1506,.T.);
#3090 = ORIENTED_EDGE('',*,*,#1489,.T.);
#3091 = FACE_BOUND('',#3092,.F.);
#3092 = EDGE_LOOP('',(#3093,#3094));
#3093 = ORIENTED_EDGE('',*,*,#1453,.T.);
#3094 = ORIENTED_EDGE('',*,*,#1410,.T.);
#3095 = FACE_BOUND('',#3096,.F.);
#3096 = EDGE_LOOP('',(#3097,#3098));
#3097 = ORIENTED_EDGE('',*,*,#1699,.T.);
#3098 = ORIENTED_EDGE('',*,*,#1656,.T.);
#3099 = FACE_BOUND('',#3100,.F.);
#3100 = EDGE_LOOP('',(#3101,#3102));
#3101 = ORIENTED_EDGE('',*,*,#1576,.T.);
#3102 = ORIENTED_EDGE('',*,*,#1566,.T.);
#3103 = FACE_BOUND('',#3104,.F.);
#3104 = EDGE_LOOP('',(#3105,#3106));
#3105 = ORIENTED_EDGE('',*,*,#1853,.T.);
#3106 = ORIENTED_EDGE('',*,*,#1825,.T.);
#3107 = FACE_BOUND('',#3108,.F.);
#3108 = EDGE_LOOP('',(#3109,#3110));
#3109 = ORIENTED_EDGE('',*,*,#1798,.T.);
#3110 = ORIENTED_EDGE('',*,*,#1735,.T.);
#3111 = FACE_BOUND('',#3112,.F.);
#3112 = EDGE_LOOP('',(#3113,#3114));
#3113 = ORIENTED_EDGE('',*,*,#1924,.T.);
#3114 = ORIENTED_EDGE('',*,*,#1897,.T.);
#3115 = FACE_BOUND('',#3116,.F.);
#3116 = EDGE_LOOP('',(#3117,#3118));
#3117 = ORIENTED_EDGE('',*,*,#1979,.T.);
#3118 = ORIENTED_EDGE('',*,*,#1968,.T.);
#3119 = B_SPLINE_SURFACE_WITH_KNOTS('',1,1,(
    (#3120,#3121)
    ,(#3122,#3123
    )),.UNSPECIFIED.,.F.,.F.,.F.,(2,2),(2,2),(0.,72.5),(0.,1.),
  .PIECEWISE_BEZIER_KNOTS.);
#3120 = CARTESIAN_POINT('',(-36.25,-40.25,-5.));
#3121 = CARTESIAN_POINT('',(-26.8,-29.3,-1.));
#3122 = CARTESIAN_POINT('',(36.25,-40.25,-5.));
#3123 = CARTESIAN_POINT('',(26.8,-29.3,-1.));
#3124 = ADVANCED_FACE('',(#3125),#3138,.T.);
#3125 = FACE_BOUND('',#3126,.F.);
#3126 = EDGE_LOOP('',(#3127,#3128,#3134,#3135,#3136,#3137));
#3127 = ORIENTED_EDGE('',*,*,#2616,.T.);
#3128 = ORIENTED_EDGE('',*,*,#3129,.T.);
#3129 = EDGE_CURVE('',#2617,#2834,#3130,.T.);
#3130 = LINE('',#3131,#3132);
#3131 = CARTESIAN_POINT('',(-26.8,29.4,-5.5));
#3132 = VECTOR('',#3133,1.);
#3133 = DIRECTION('',(0.,0.,1.));
#3134 = ORIENTED_EDGE('',*,*,#2841,.T.);
#3135 = ORIENTED_EDGE('',*,*,#2936,.F.);
#3136 = ORIENTED_EDGE('',*,*,#2067,.T.);
#3137 = ORIENTED_EDGE('',*,*,#2654,.T.);
#3138 = CYLINDRICAL_SURFACE('',#3139,2.6);
#3139 = AXIS2_PLACEMENT_3D('',#3140,#3141,#3142);
#3140 = CARTESIAN_POINT('',(-26.8,26.8,-5.5));
#3141 = DIRECTION('',(-0.,-0.,-1.));
#3142 = DIRECTION('',(-2.732856676E-15,1.,0.));
#3143 = ADVANCED_FACE('',(#3144,#3154,#3165,#3285,#3296,#3307),#3318,.T.
  );
#3144 = FACE_BOUND('',#3145,.T.);
#3145 = EDGE_LOOP('',(#3146,#3147,#3148,#3149,#3150,#3151,#3152,#3153));
#3146 = ORIENTED_EDGE('',*,*,#2121,.F.);
#3147 = ORIENTED_EDGE('',*,*,#2253,.F.);
#3148 = ORIENTED_EDGE('',*,*,#2304,.F.);
#3149 = ORIENTED_EDGE('',*,*,#2351,.F.);
#3150 = ORIENTED_EDGE('',*,*,#2395,.F.);
#3151 = ORIENTED_EDGE('',*,*,#2369,.F.);
#3152 = ORIENTED_EDGE('',*,*,#2321,.F.);
#3153 = ORIENTED_EDGE('',*,*,#2271,.F.);
#3154 = FACE_BOUND('',#3155,.T.);
#3155 = EDGE_LOOP('',(#3156));
#3156 = ORIENTED_EDGE('',*,*,#3157,.T.);
#3157 = EDGE_CURVE('',#3158,#3158,#3160,.T.);
#3158 = VERTEX_POINT('',#3159);
#3159 = CARTESIAN_POINT('',(38.7,-37.4,-9.));
#3160 = CIRCLE('',#3161,1.3);
#3161 = AXIS2_PLACEMENT_3D('',#3162,#3163,#3164);
#3162 = CARTESIAN_POINT('',(37.4,-37.4,-9.));
#3163 = DIRECTION('',(0.,0.,1.));
#3164 = DIRECTION('',(1.,0.,-0.));
#3165 = FACE_BOUND('',#3166,.T.);
#3166 = EDGE_LOOP('',(#3167,#3177,#3186,#3194,#3203,#3212,#3220,#3229,
    #3238,#3246,#3254,#3262,#3270,#3278));
#3167 = ORIENTED_EDGE('',*,*,#3168,.F.);
#3168 = EDGE_CURVE('',#3169,#3171,#3173,.T.);
#3169 = VERTEX_POINT('',#3170);
#3170 = CARTESIAN_POINT('',(38.65,35.469326542369,-9.));
#3171 = VERTEX_POINT('',#3172);
#3172 = CARTESIAN_POINT('',(38.65,-35.46932654236,-9.));
#3173 = LINE('',#3174,#3175);
#3174 = CARTESIAN_POINT('',(38.65,-18.125,-9.));
#3175 = VECTOR('',#3176,1.);
#3176 = DIRECTION('',(0.,-1.,0.));
#3177 = ORIENTED_EDGE('',*,*,#3178,.F.);
#3178 = EDGE_CURVE('',#3179,#3169,#3181,.T.);
#3179 = VERTEX_POINT('',#3180);
#3180 = CARTESIAN_POINT('',(35.469326542369,38.65,-9.));
#3181 = CIRCLE('',#3182,2.3);
#3182 = AXIS2_PLACEMENT_3D('',#3183,#3184,#3185);
#3183 = CARTESIAN_POINT('',(37.4,37.4,-9.));
#3184 = DIRECTION('',(0.,0.,1.));
#3185 = DIRECTION('',(1.,0.,-0.));
#3186 = ORIENTED_EDGE('',*,*,#3187,.F.);
#3187 = EDGE_CURVE('',#3188,#3179,#3190,.T.);
#3188 = VERTEX_POINT('',#3189);
#3189 = CARTESIAN_POINT('',(-35.46932654236,38.65,-9.));
#3190 = LINE('',#3191,#3192);
#3191 = CARTESIAN_POINT('',(18.125,38.65,-9.));
#3192 = VECTOR('',#3193,1.);
#3193 = DIRECTION('',(1.,0.,-0.));
#3194 = ORIENTED_EDGE('',*,*,#3195,.F.);
#3195 = EDGE_CURVE('',#3196,#3188,#3198,.T.);
#3196 = VERTEX_POINT('',#3197);
#3197 = CARTESIAN_POINT('',(-35.1,37.4,-9.));
#3198 = CIRCLE('',#3199,2.3);
#3199 = AXIS2_PLACEMENT_3D('',#3200,#3201,#3202);
#3200 = CARTESIAN_POINT('',(-37.4,37.4,-9.));
#3201 = DIRECTION('',(0.,0.,1.));
#3202 = DIRECTION('',(1.,0.,-0.));
#3203 = ORIENTED_EDGE('',*,*,#3204,.F.);
#3204 = EDGE_CURVE('',#3205,#3196,#3207,.T.);
#3205 = VERTEX_POINT('',#3206);
#3206 = CARTESIAN_POINT('',(-38.65,35.469326542369,-9.));
#3207 = CIRCLE('',#3208,2.3);
#3208 = AXIS2_PLACEMENT_3D('',#3209,#3210,#3211);
#3209 = CARTESIAN_POINT('',(-37.4,37.4,-9.));
#3210 = DIRECTION('',(0.,0.,1.));
#3211 = DIRECTION('',(1.,0.,-0.));
#3212 = ORIENTED_EDGE('',*,*,#3213,.F.);
#3213 = EDGE_CURVE('',#3214,#3205,#3216,.T.);
#3214 = VERTEX_POINT('',#3215);
#3215 = CARTESIAN_POINT('',(-38.65,-35.46932654236,-9.));
#3216 = LINE('',#3217,#3218);
#3217 = CARTESIAN_POINT('',(-38.65,18.125,-9.));
#3218 = VECTOR('',#3219,1.);
#3219 = DIRECTION('',(-0.,1.,0.));
#3220 = ORIENTED_EDGE('',*,*,#3221,.F.);
#3221 = EDGE_CURVE('',#3222,#3214,#3224,.T.);
#3222 = VERTEX_POINT('',#3223);
#3223 = CARTESIAN_POINT('',(-35.1,-37.4,-9.));
#3224 = CIRCLE('',#3225,2.3);
#3225 = AXIS2_PLACEMENT_3D('',#3226,#3227,#3228);
#3226 = CARTESIAN_POINT('',(-37.4,-37.4,-9.));
#3227 = DIRECTION('',(0.,0.,1.));
#3228 = DIRECTION('',(1.,0.,-0.));
#3229 = ORIENTED_EDGE('',*,*,#3230,.F.);
#3230 = EDGE_CURVE('',#3231,#3222,#3233,.T.);
#3231 = VERTEX_POINT('',#3232);
#3232 = CARTESIAN_POINT('',(-35.46932654236,-38.65,-9.));
#3233 = CIRCLE('',#3234,2.3);
#3234 = AXIS2_PLACEMENT_3D('',#3235,#3236,#3237);
#3235 = CARTESIAN_POINT('',(-37.4,-37.4,-9.));
#3236 = DIRECTION('',(0.,0.,1.));
#3237 = DIRECTION('',(1.,0.,-0.));
#3238 = ORIENTED_EDGE('',*,*,#3239,.F.);
#3239 = EDGE_CURVE('',#3240,#3231,#3242,.T.);
#3240 = VERTEX_POINT('',#3241);
#3241 = CARTESIAN_POINT('',(-9.89,-38.65,-9.));
#3242 = LINE('',#3243,#3244);
#3243 = CARTESIAN_POINT('',(-18.125,-38.65,-9.));
#3244 = VECTOR('',#3245,1.);
#3245 = DIRECTION('',(-1.,0.,0.));
#3246 = ORIENTED_EDGE('',*,*,#3247,.T.);
#3247 = EDGE_CURVE('',#3240,#3248,#3250,.T.);
#3248 = VERTEX_POINT('',#3249);
#3249 = CARTESIAN_POINT('',(-9.89,-39.65,-9.));
#3250 = LINE('',#3251,#3252);
#3251 = CARTESIAN_POINT('',(-9.89,-19.825,-9.));
#3252 = VECTOR('',#3253,1.);
#3253 = DIRECTION('',(0.,-1.,0.));
#3254 = ORIENTED_EDGE('',*,*,#3255,.T.);
#3255 = EDGE_CURVE('',#3248,#3256,#3258,.T.);
#3256 = VERTEX_POINT('',#3257);
#3257 = CARTESIAN_POINT('',(4.05,-39.65,-9.));
#3258 = LINE('',#3259,#3260);
#3259 = CARTESIAN_POINT('',(-4.945,-39.65,-9.));
#3260 = VECTOR('',#3261,1.);
#3261 = DIRECTION('',(1.,0.,-0.));
#3262 = ORIENTED_EDGE('',*,*,#3263,.F.);
#3263 = EDGE_CURVE('',#3264,#3256,#3266,.T.);
#3264 = VERTEX_POINT('',#3265);
#3265 = CARTESIAN_POINT('',(4.05,-38.65,-9.));
#3266 = LINE('',#3267,#3268);
#3267 = CARTESIAN_POINT('',(4.05,-19.825,-9.));
#3268 = VECTOR('',#3269,1.);
#3269 = DIRECTION('',(0.,-1.,0.));
#3270 = ORIENTED_EDGE('',*,*,#3271,.F.);
#3271 = EDGE_CURVE('',#3272,#3264,#3274,.T.);
#3272 = VERTEX_POINT('',#3273);
#3273 = CARTESIAN_POINT('',(35.469326542369,-38.65,-9.));
#3274 = LINE('',#3275,#3276);
#3275 = CARTESIAN_POINT('',(-18.125,-38.65,-9.));
#3276 = VECTOR('',#3277,1.);
#3277 = DIRECTION('',(-1.,0.,0.));
#3278 = ORIENTED_EDGE('',*,*,#3279,.F.);
#3279 = EDGE_CURVE('',#3171,#3272,#3280,.T.);
#3280 = CIRCLE('',#3281,2.3);
#3281 = AXIS2_PLACEMENT_3D('',#3282,#3283,#3284);
#3282 = CARTESIAN_POINT('',(37.4,-37.4,-9.));
#3283 = DIRECTION('',(0.,0.,1.));
#3284 = DIRECTION('',(1.,0.,-0.));
#3285 = FACE_BOUND('',#3286,.T.);
#3286 = EDGE_LOOP('',(#3287));
#3287 = ORIENTED_EDGE('',*,*,#3288,.T.);
#3288 = EDGE_CURVE('',#3289,#3289,#3291,.T.);
#3289 = VERTEX_POINT('',#3290);
#3290 = CARTESIAN_POINT('',(-36.1,-37.4,-9.));
#3291 = CIRCLE('',#3292,1.3);
#3292 = AXIS2_PLACEMENT_3D('',#3293,#3294,#3295);
#3293 = CARTESIAN_POINT('',(-37.4,-37.4,-9.));
#3294 = DIRECTION('',(0.,0.,1.));
#3295 = DIRECTION('',(1.,0.,-0.));
#3296 = FACE_BOUND('',#3297,.T.);
#3297 = EDGE_LOOP('',(#3298));
#3298 = ORIENTED_EDGE('',*,*,#3299,.T.);
#3299 = EDGE_CURVE('',#3300,#3300,#3302,.T.);
#3300 = VERTEX_POINT('',#3301);
#3301 = CARTESIAN_POINT('',(38.7,37.4,-9.));
#3302 = CIRCLE('',#3303,1.3);
#3303 = AXIS2_PLACEMENT_3D('',#3304,#3305,#3306);
#3304 = CARTESIAN_POINT('',(37.4,37.4,-9.));
#3305 = DIRECTION('',(0.,0.,1.));
#3306 = DIRECTION('',(1.,0.,-0.));
#3307 = FACE_BOUND('',#3308,.T.);
#3308 = EDGE_LOOP('',(#3309));
#3309 = ORIENTED_EDGE('',*,*,#3310,.T.);
#3310 = EDGE_CURVE('',#3311,#3311,#3313,.T.);
#3311 = VERTEX_POINT('',#3312);
#3312 = CARTESIAN_POINT('',(-36.1,37.4,-9.));
#3313 = CIRCLE('',#3314,1.3);
#3314 = AXIS2_PLACEMENT_3D('',#3315,#3316,#3317);
#3315 = CARTESIAN_POINT('',(-37.4,37.4,-9.));
#3316 = DIRECTION('',(0.,0.,1.));
#3317 = DIRECTION('',(1.,0.,-0.));
#3318 = PLANE('',#3319);
#3319 = AXIS2_PLACEMENT_3D('',#3320,#3321,#3322);
#3320 = CARTESIAN_POINT('',(-2.708148051117E-16,3.159506059636E-16,-9.)
  );
#3321 = DIRECTION('',(-0.,-0.,-1.));
#3322 = DIRECTION('',(-1.,0.,0.));
#3323 = ADVANCED_FACE('',(#3324),#3349,.T.);
#3324 = FACE_BOUND('',#3325,.T.);
#3325 = EDGE_LOOP('',(#3326,#3334,#3335,#3343));
#3326 = ORIENTED_EDGE('',*,*,#3327,.F.);
#3327 = EDGE_CURVE('',#2140,#3328,#3330,.T.);
#3328 = VERTEX_POINT('',#3329);
#3329 = CARTESIAN_POINT('',(-4.6,-39.65,-6.1));
#3330 = LINE('',#3331,#3332);
#3331 = CARTESIAN_POINT('',(-4.6,-41.25,-6.1));
#3332 = VECTOR('',#3333,1.);
#3333 = DIRECTION('',(-0.,1.,0.));
#3334 = ORIENTED_EDGE('',*,*,#2137,.F.);
#3335 = ORIENTED_EDGE('',*,*,#3336,.T.);
#3336 = EDGE_CURVE('',#2138,#3337,#3339,.T.);
#3337 = VERTEX_POINT('',#3338);
#3338 = CARTESIAN_POINT('',(-3.4,-39.65,-6.1));
#3339 = LINE('',#3340,#3341);
#3340 = CARTESIAN_POINT('',(-3.4,-41.25,-6.1));
#3341 = VECTOR('',#3342,1.);
#3342 = DIRECTION('',(-0.,1.,0.));
#3343 = ORIENTED_EDGE('',*,*,#3344,.F.);
#3344 = EDGE_CURVE('',#3328,#3337,#3345,.T.);
#3345 = LINE('',#3346,#3347);
#3346 = CARTESIAN_POINT('',(-7.245,-39.65,-6.1));
#3347 = VECTOR('',#3348,1.);
#3348 = DIRECTION('',(1.,0.,-0.));
#3349 = PLANE('',#3350);
#3350 = AXIS2_PLACEMENT_3D('',#3351,#3352,#3353);
#3351 = CARTESIAN_POINT('',(-4.6,-41.25,-6.1));
#3352 = DIRECTION('',(0.,0.,1.));
#3353 = DIRECTION('',(1.,0.,-0.));
#3354 = ADVANCED_FACE('',(#3355),#3373,.F.);
#3355 = FACE_BOUND('',#3356,.F.);
#3356 = EDGE_LOOP('',(#3357,#3365,#3366,#3367));
#3357 = ORIENTED_EDGE('',*,*,#3358,.F.);
#3358 = EDGE_CURVE('',#2156,#3359,#3361,.T.);
#3359 = VERTEX_POINT('',#3360);
#3360 = CARTESIAN_POINT('',(-3.4,-39.65,-5.1));
#3361 = LINE('',#3362,#3363);
#3362 = CARTESIAN_POINT('',(-3.4,-41.25,-5.1));
#3363 = VECTOR('',#3364,1.);
#3364 = DIRECTION('',(-0.,1.,0.));
#3365 = ORIENTED_EDGE('',*,*,#2163,.F.);
#3366 = ORIENTED_EDGE('',*,*,#3336,.T.);
#3367 = ORIENTED_EDGE('',*,*,#3368,.F.);
#3368 = EDGE_CURVE('',#3359,#3337,#3369,.T.);
#3369 = LINE('',#3370,#3371);
#3370 = CARTESIAN_POINT('',(-3.4,-39.65,-7.6));
#3371 = VECTOR('',#3372,1.);
#3372 = DIRECTION('',(-0.,0.,-1.));
#3373 = PLANE('',#3374);
#3374 = AXIS2_PLACEMENT_3D('',#3375,#3376,#3377);
#3375 = CARTESIAN_POINT('',(-3.4,-41.25,-6.1));
#3376 = DIRECTION('',(1.,0.,-0.));
#3377 = DIRECTION('',(0.,0.,1.));
#3378 = ADVANCED_FACE('',(#3379),#3397,.F.);
#3379 = FACE_BOUND('',#3380,.F.);
#3380 = EDGE_LOOP('',(#3381,#3389,#3390,#3391));
#3381 = ORIENTED_EDGE('',*,*,#3382,.F.);
#3382 = EDGE_CURVE('',#2148,#3383,#3385,.T.);
#3383 = VERTEX_POINT('',#3384);
#3384 = CARTESIAN_POINT('',(-4.6,-39.65,-5.1));
#3385 = LINE('',#3386,#3387);
#3386 = CARTESIAN_POINT('',(-4.6,-41.25,-5.1));
#3387 = VECTOR('',#3388,1.);
#3388 = DIRECTION('',(-0.,1.,0.));
#3389 = ORIENTED_EDGE('',*,*,#2155,.F.);
#3390 = ORIENTED_EDGE('',*,*,#3358,.T.);
#3391 = ORIENTED_EDGE('',*,*,#3392,.F.);
#3392 = EDGE_CURVE('',#3383,#3359,#3393,.T.);
#3393 = LINE('',#3394,#3395);
#3394 = CARTESIAN_POINT('',(-7.245,-39.65,-5.1));
#3395 = VECTOR('',#3396,1.);
#3396 = DIRECTION('',(1.,0.,-0.));
#3397 = PLANE('',#3398);
#3398 = AXIS2_PLACEMENT_3D('',#3399,#3400,#3401);
#3399 = CARTESIAN_POINT('',(-4.6,-41.25,-5.1));
#3400 = DIRECTION('',(0.,0.,1.));
#3401 = DIRECTION('',(1.,0.,-0.));
#3402 = ADVANCED_FACE('',(#3403),#3414,.T.);
#3403 = FACE_BOUND('',#3404,.T.);
#3404 = EDGE_LOOP('',(#3405,#3406,#3407,#3408));
#3405 = ORIENTED_EDGE('',*,*,#3382,.F.);
#3406 = ORIENTED_EDGE('',*,*,#2147,.F.);
#3407 = ORIENTED_EDGE('',*,*,#3327,.T.);
#3408 = ORIENTED_EDGE('',*,*,#3409,.F.);
#3409 = EDGE_CURVE('',#3383,#3328,#3410,.T.);
#3410 = LINE('',#3411,#3412);
#3411 = CARTESIAN_POINT('',(-4.6,-39.65,-7.6));
#3412 = VECTOR('',#3413,1.);
#3413 = DIRECTION('',(-0.,0.,-1.));
#3414 = PLANE('',#3415);
#3415 = AXIS2_PLACEMENT_3D('',#3416,#3417,#3418);
#3416 = CARTESIAN_POINT('',(-4.6,-41.25,-6.1));
#3417 = DIRECTION('',(1.,0.,-0.));
#3418 = DIRECTION('',(0.,0.,1.));
#3419 = ADVANCED_FACE('',(#3420),#3445,.T.);
#3420 = FACE_BOUND('',#3421,.T.);
#3421 = EDGE_LOOP('',(#3422,#3430,#3431,#3439));
#3422 = ORIENTED_EDGE('',*,*,#3423,.F.);
#3423 = EDGE_CURVE('',#2174,#3424,#3426,.T.);
#3424 = VERTEX_POINT('',#3425);
#3425 = CARTESIAN_POINT('',(-0.6,-39.65,-6.1));
#3426 = LINE('',#3427,#3428);
#3427 = CARTESIAN_POINT('',(-0.6,-41.25,-6.1));
#3428 = VECTOR('',#3429,1.);
#3429 = DIRECTION('',(-0.,1.,0.));
#3430 = ORIENTED_EDGE('',*,*,#2171,.F.);
#3431 = ORIENTED_EDGE('',*,*,#3432,.T.);
#3432 = EDGE_CURVE('',#2172,#3433,#3435,.T.);
#3433 = VERTEX_POINT('',#3434);
#3434 = CARTESIAN_POINT('',(0.6,-39.65,-6.1));
#3435 = LINE('',#3436,#3437);
#3436 = CARTESIAN_POINT('',(0.6,-41.25,-6.1));
#3437 = VECTOR('',#3438,1.);
#3438 = DIRECTION('',(-0.,1.,0.));
#3439 = ORIENTED_EDGE('',*,*,#3440,.F.);
#3440 = EDGE_CURVE('',#3424,#3433,#3441,.T.);
#3441 = LINE('',#3442,#3443);
#3442 = CARTESIAN_POINT('',(-5.245,-39.65,-6.1));
#3443 = VECTOR('',#3444,1.);
#3444 = DIRECTION('',(1.,0.,-0.));
#3445 = PLANE('',#3446);
#3446 = AXIS2_PLACEMENT_3D('',#3447,#3448,#3449);
#3447 = CARTESIAN_POINT('',(-0.6,-41.25,-6.1));
#3448 = DIRECTION('',(0.,0.,1.));
#3449 = DIRECTION('',(1.,0.,-0.));
#3450 = ADVANCED_FACE('',(#3451),#3469,.F.);
#3451 = FACE_BOUND('',#3452,.F.);
#3452 = EDGE_LOOP('',(#3453,#3461,#3462,#3463));
#3453 = ORIENTED_EDGE('',*,*,#3454,.F.);
#3454 = EDGE_CURVE('',#2190,#3455,#3457,.T.);
#3455 = VERTEX_POINT('',#3456);
#3456 = CARTESIAN_POINT('',(0.6,-39.65,-5.1));
#3457 = LINE('',#3458,#3459);
#3458 = CARTESIAN_POINT('',(0.6,-41.25,-5.1));
#3459 = VECTOR('',#3460,1.);
#3460 = DIRECTION('',(-0.,1.,0.));
#3461 = ORIENTED_EDGE('',*,*,#2197,.F.);
#3462 = ORIENTED_EDGE('',*,*,#3432,.T.);
#3463 = ORIENTED_EDGE('',*,*,#3464,.F.);
#3464 = EDGE_CURVE('',#3455,#3433,#3465,.T.);
#3465 = LINE('',#3466,#3467);
#3466 = CARTESIAN_POINT('',(0.6,-39.65,-7.6));
#3467 = VECTOR('',#3468,1.);
#3468 = DIRECTION('',(-0.,0.,-1.));
#3469 = PLANE('',#3470);
#3470 = AXIS2_PLACEMENT_3D('',#3471,#3472,#3473);
#3471 = CARTESIAN_POINT('',(0.6,-41.25,-6.1));
#3472 = DIRECTION('',(1.,0.,-0.));
#3473 = DIRECTION('',(0.,0.,1.));
#3474 = ADVANCED_FACE('',(#3475),#3493,.F.);
#3475 = FACE_BOUND('',#3476,.F.);
#3476 = EDGE_LOOP('',(#3477,#3485,#3486,#3487));
#3477 = ORIENTED_EDGE('',*,*,#3478,.F.);
#3478 = EDGE_CURVE('',#2182,#3479,#3481,.T.);
#3479 = VERTEX_POINT('',#3480);
#3480 = CARTESIAN_POINT('',(-0.6,-39.65,-5.1));
#3481 = LINE('',#3482,#3483);
#3482 = CARTESIAN_POINT('',(-0.6,-41.25,-5.1));
#3483 = VECTOR('',#3484,1.);
#3484 = DIRECTION('',(-0.,1.,0.));
#3485 = ORIENTED_EDGE('',*,*,#2189,.F.);
#3486 = ORIENTED_EDGE('',*,*,#3454,.T.);
#3487 = ORIENTED_EDGE('',*,*,#3488,.F.);
#3488 = EDGE_CURVE('',#3479,#3455,#3489,.T.);
#3489 = LINE('',#3490,#3491);
#3490 = CARTESIAN_POINT('',(-5.245,-39.65,-5.1));
#3491 = VECTOR('',#3492,1.);
#3492 = DIRECTION('',(1.,0.,-0.));
#3493 = PLANE('',#3494);
#3494 = AXIS2_PLACEMENT_3D('',#3495,#3496,#3497);
#3495 = CARTESIAN_POINT('',(-0.6,-41.25,-5.1));
#3496 = DIRECTION('',(0.,0.,1.));
#3497 = DIRECTION('',(1.,0.,-0.));
#3498 = ADVANCED_FACE('',(#3499),#3510,.T.);
#3499 = FACE_BOUND('',#3500,.T.);
#3500 = EDGE_LOOP('',(#3501,#3502,#3503,#3504));
#3501 = ORIENTED_EDGE('',*,*,#3478,.F.);
#3502 = ORIENTED_EDGE('',*,*,#2181,.F.);
#3503 = ORIENTED_EDGE('',*,*,#3423,.T.);
#3504 = ORIENTED_EDGE('',*,*,#3505,.F.);
#3505 = EDGE_CURVE('',#3479,#3424,#3506,.T.);
#3506 = LINE('',#3507,#3508);
#3507 = CARTESIAN_POINT('',(-0.6,-39.65,-7.6));
#3508 = VECTOR('',#3509,1.);
#3509 = DIRECTION('',(-0.,0.,-1.));
#3510 = PLANE('',#3511);
#3511 = AXIS2_PLACEMENT_3D('',#3512,#3513,#3514);
#3512 = CARTESIAN_POINT('',(-0.6,-41.25,-6.1));
#3513 = DIRECTION('',(1.,0.,-0.));
#3514 = DIRECTION('',(0.,0.,1.));
#3515 = ADVANCED_FACE('',(#3516),#3557,.T.);
#3516 = FACE_BOUND('',#3517,.T.);
#3517 = EDGE_LOOP('',(#3518,#3526,#3527,#3535,#3543,#3551));
#3518 = ORIENTED_EDGE('',*,*,#3519,.F.);
#3519 = EDGE_CURVE('',#2208,#3520,#3522,.T.);
#3520 = VERTEX_POINT('',#3521);
#3521 = CARTESIAN_POINT('',(3.4,-39.65,-6.1));
#3522 = LINE('',#3523,#3524);
#3523 = CARTESIAN_POINT('',(3.4,-41.25,-6.1));
#3524 = VECTOR('',#3525,1.);
#3525 = DIRECTION('',(-0.,1.,0.));
#3526 = ORIENTED_EDGE('',*,*,#2205,.F.);
#3527 = ORIENTED_EDGE('',*,*,#3528,.T.);
#3528 = EDGE_CURVE('',#2206,#3529,#3531,.T.);
#3529 = VERTEX_POINT('',#3530);
#3530 = CARTESIAN_POINT('',(4.6,-38.65,-6.1));
#3531 = LINE('',#3532,#3533);
#3532 = CARTESIAN_POINT('',(4.6,-41.25,-6.1));
#3533 = VECTOR('',#3534,1.);
#3534 = DIRECTION('',(-0.,1.,0.));
#3535 = ORIENTED_EDGE('',*,*,#3536,.F.);
#3536 = EDGE_CURVE('',#3537,#3529,#3539,.T.);
#3537 = VERTEX_POINT('',#3538);
#3538 = CARTESIAN_POINT('',(4.05,-38.65,-6.1));
#3539 = LINE('',#3540,#3541);
#3540 = CARTESIAN_POINT('',(-16.425,-38.65,-6.1));
#3541 = VECTOR('',#3542,1.);
#3542 = DIRECTION('',(1.,0.,0.));
#3543 = ORIENTED_EDGE('',*,*,#3544,.T.);
#3544 = EDGE_CURVE('',#3537,#3545,#3547,.T.);
#3545 = VERTEX_POINT('',#3546);
#3546 = CARTESIAN_POINT('',(4.05,-39.65,-6.1));
#3547 = LINE('',#3548,#3549);
#3548 = CARTESIAN_POINT('',(4.05,-40.45,-6.1));
#3549 = VECTOR('',#3550,1.);
#3550 = DIRECTION('',(0.,-1.,0.));
#3551 = ORIENTED_EDGE('',*,*,#3552,.F.);
#3552 = EDGE_CURVE('',#3520,#3545,#3553,.T.);
#3553 = LINE('',#3554,#3555);
#3554 = CARTESIAN_POINT('',(-3.245,-39.65,-6.1));
#3555 = VECTOR('',#3556,1.);
#3556 = DIRECTION('',(1.,0.,-0.));
#3557 = PLANE('',#3558);
#3558 = AXIS2_PLACEMENT_3D('',#3559,#3560,#3561);
#3559 = CARTESIAN_POINT('',(3.4,-41.25,-6.1));
#3560 = DIRECTION('',(0.,0.,1.));
#3561 = DIRECTION('',(1.,0.,-0.));
#3562 = ADVANCED_FACE('',(#3563),#3581,.F.);
#3563 = FACE_BOUND('',#3564,.F.);
#3564 = EDGE_LOOP('',(#3565,#3573,#3574,#3575));
#3565 = ORIENTED_EDGE('',*,*,#3566,.F.);
#3566 = EDGE_CURVE('',#2224,#3567,#3569,.T.);
#3567 = VERTEX_POINT('',#3568);
#3568 = CARTESIAN_POINT('',(4.6,-38.65,-5.1));
#3569 = LINE('',#3570,#3571);
#3570 = CARTESIAN_POINT('',(4.6,-41.25,-5.1));
#3571 = VECTOR('',#3572,1.);
#3572 = DIRECTION('',(-0.,1.,0.));
#3573 = ORIENTED_EDGE('',*,*,#2231,.F.);
#3574 = ORIENTED_EDGE('',*,*,#3528,.T.);
#3575 = ORIENTED_EDGE('',*,*,#3576,.F.);
#3576 = EDGE_CURVE('',#3567,#3529,#3577,.T.);
#3577 = LINE('',#3578,#3579);
#3578 = CARTESIAN_POINT('',(4.6,-38.65,-8.05));
#3579 = VECTOR('',#3580,1.);
#3580 = DIRECTION('',(-0.,0.,-1.));
#3581 = PLANE('',#3582);
#3582 = AXIS2_PLACEMENT_3D('',#3583,#3584,#3585);
#3583 = CARTESIAN_POINT('',(4.6,-41.25,-6.1));
#3584 = DIRECTION('',(1.,0.,-0.));
#3585 = DIRECTION('',(0.,0.,1.));
#3586 = ADVANCED_FACE('',(#3587),#3621,.F.);
#3587 = FACE_BOUND('',#3588,.F.);
#3588 = EDGE_LOOP('',(#3589,#3597,#3598,#3599,#3607,#3615));
#3589 = ORIENTED_EDGE('',*,*,#3590,.F.);
#3590 = EDGE_CURVE('',#2216,#3591,#3593,.T.);
#3591 = VERTEX_POINT('',#3592);
#3592 = CARTESIAN_POINT('',(3.4,-39.65,-5.1));
#3593 = LINE('',#3594,#3595);
#3594 = CARTESIAN_POINT('',(3.4,-41.25,-5.1));
#3595 = VECTOR('',#3596,1.);
#3596 = DIRECTION('',(-0.,1.,0.));
#3597 = ORIENTED_EDGE('',*,*,#2223,.F.);
#3598 = ORIENTED_EDGE('',*,*,#3566,.T.);
#3599 = ORIENTED_EDGE('',*,*,#3600,.F.);
#3600 = EDGE_CURVE('',#3601,#3567,#3603,.T.);
#3601 = VERTEX_POINT('',#3602);
#3602 = CARTESIAN_POINT('',(4.05,-38.65,-5.1));
#3603 = LINE('',#3604,#3605);
#3604 = CARTESIAN_POINT('',(-16.425,-38.65,-5.1));
#3605 = VECTOR('',#3606,1.);
#3606 = DIRECTION('',(1.,0.,0.));
#3607 = ORIENTED_EDGE('',*,*,#3608,.T.);
#3608 = EDGE_CURVE('',#3601,#3609,#3611,.T.);
#3609 = VERTEX_POINT('',#3610);
#3610 = CARTESIAN_POINT('',(4.05,-39.65,-5.1));
#3611 = LINE('',#3612,#3613);
#3612 = CARTESIAN_POINT('',(4.05,-40.45,-5.1));
#3613 = VECTOR('',#3614,1.);
#3614 = DIRECTION('',(0.,-1.,0.));
#3615 = ORIENTED_EDGE('',*,*,#3616,.F.);
#3616 = EDGE_CURVE('',#3591,#3609,#3617,.T.);
#3617 = LINE('',#3618,#3619);
#3618 = CARTESIAN_POINT('',(-3.245,-39.65,-5.1));
#3619 = VECTOR('',#3620,1.);
#3620 = DIRECTION('',(1.,0.,-0.));
#3621 = PLANE('',#3622);
#3622 = AXIS2_PLACEMENT_3D('',#3623,#3624,#3625);
#3623 = CARTESIAN_POINT('',(3.4,-41.25,-5.1));
#3624 = DIRECTION('',(0.,0.,1.));
#3625 = DIRECTION('',(1.,0.,-0.));
#3626 = ADVANCED_FACE('',(#3627),#3638,.T.);
#3627 = FACE_BOUND('',#3628,.T.);
#3628 = EDGE_LOOP('',(#3629,#3630,#3631,#3632));
#3629 = ORIENTED_EDGE('',*,*,#3590,.F.);
#3630 = ORIENTED_EDGE('',*,*,#2215,.F.);
#3631 = ORIENTED_EDGE('',*,*,#3519,.T.);
#3632 = ORIENTED_EDGE('',*,*,#3633,.F.);
#3633 = EDGE_CURVE('',#3591,#3520,#3634,.T.);
#3634 = LINE('',#3635,#3636);
#3635 = CARTESIAN_POINT('',(3.4,-39.65,-7.6));
#3636 = VECTOR('',#3637,1.);
#3637 = DIRECTION('',(-0.,0.,-1.));
#3638 = PLANE('',#3639);
#3639 = AXIS2_PLACEMENT_3D('',#3640,#3641,#3642);
#3640 = CARTESIAN_POINT('',(3.4,-41.25,-6.1));
#3641 = DIRECTION('',(1.,0.,-0.));
#3642 = DIRECTION('',(0.,0.,1.));
#3643 = ADVANCED_FACE('',(#3644),#3657,.T.);
#3644 = FACE_BOUND('',#3645,.F.);
#3645 = EDGE_LOOP('',(#3646,#3647,#3648,#3649,#3655,#3656));
#3646 = ORIENTED_EDGE('',*,*,#2419,.T.);
#3647 = ORIENTED_EDGE('',*,*,#2993,.T.);
#3648 = ORIENTED_EDGE('',*,*,#2824,.T.);
#3649 = ORIENTED_EDGE('',*,*,#3650,.F.);
#3650 = EDGE_CURVE('',#2627,#2825,#3651,.T.);
#3651 = LINE('',#3652,#3653);
#3652 = CARTESIAN_POINT('',(26.8,29.4,-5.5));
#3653 = VECTOR('',#3654,1.);
#3654 = DIRECTION('',(0.,0.,1.));
#3655 = ORIENTED_EDGE('',*,*,#2633,.T.);
#3656 = ORIENTED_EDGE('',*,*,#2452,.T.);
#3657 = CYLINDRICAL_SURFACE('',#3658,2.6);
#3658 = AXIS2_PLACEMENT_3D('',#3659,#3660,#3661);
#3659 = CARTESIAN_POINT('',(26.8,26.8,-5.5));
#3660 = DIRECTION('',(-0.,-0.,-1.));
#3661 = DIRECTION('',(1.,2.732856676E-15,-0.));
#3662 = ADVANCED_FACE('',(#3663),#3684,.T.);
#3663 = FACE_BOUND('',#3664,.T.);
#3664 = EDGE_LOOP('',(#3665,#3666,#3675,#3682,#3683));
#3665 = ORIENTED_EDGE('',*,*,#2536,.F.);
#3666 = ORIENTED_EDGE('',*,*,#3667,.F.);
#3667 = EDGE_CURVE('',#3668,#2510,#3670,.T.);
#3668 = VERTEX_POINT('',#3669);
#3669 = CARTESIAN_POINT('',(39.7,37.4,-2.5));
#3670 = CIRCLE('',#3671,2.3);
#3671 = AXIS2_PLACEMENT_3D('',#3672,#3673,#3674);
#3672 = CARTESIAN_POINT('',(37.4,37.4,-2.5));
#3673 = DIRECTION('',(0.,0.,1.));
#3674 = DIRECTION('',(1.,0.,-0.));
#3675 = ORIENTED_EDGE('',*,*,#3676,.F.);
#3676 = EDGE_CURVE('',#2493,#3668,#3677,.T.);
#3677 = CIRCLE('',#3678,2.3);
#3678 = AXIS2_PLACEMENT_3D('',#3679,#3680,#3681);
#3679 = CARTESIAN_POINT('',(37.4,37.4,-2.5));
#3680 = DIRECTION('',(0.,0.,1.));
#3681 = DIRECTION('',(1.,0.,-0.));
#3682 = ORIENTED_EDGE('',*,*,#2492,.F.);
#3683 = ORIENTED_EDGE('',*,*,#2479,.F.);
#3684 = CYLINDRICAL_SURFACE('',#3685,2.3);
#3685 = AXIS2_PLACEMENT_3D('',#3686,#3687,#3688);
#3686 = CARTESIAN_POINT('',(37.4,37.4,-9.));
#3687 = DIRECTION('',(0.,0.,1.));
#3688 = DIRECTION('',(1.,0.,-0.));
#3689 = ADVANCED_FACE('',(#3690),#3695,.T.);
#3690 = FACE_BOUND('',#3691,.T.);
#3691 = EDGE_LOOP('',(#3692,#3693,#3694));
#3692 = ORIENTED_EDGE('',*,*,#3676,.T.);
#3693 = ORIENTED_EDGE('',*,*,#3667,.T.);
#3694 = ORIENTED_EDGE('',*,*,#2509,.T.);
#3695 = PLANE('',#3696);
#3696 = AXIS2_PLACEMENT_3D('',#3697,#3698,#3699);
#3697 = CARTESIAN_POINT('',(37.4,37.4,-2.5));
#3698 = DIRECTION('',(0.,0.,1.));
#3699 = DIRECTION('',(1.,0.,-0.));
#3700 = ADVANCED_FACE('',(#3701),#3707,.F.);
#3701 = FACE_BOUND('',#3702,.F.);
#3702 = EDGE_LOOP('',(#3703,#3704,#3705,#3706));
#3703 = ORIENTED_EDGE('',*,*,#2626,.T.);
#3704 = ORIENTED_EDGE('',*,*,#3650,.T.);
#3705 = ORIENTED_EDGE('',*,*,#2833,.T.);
#3706 = ORIENTED_EDGE('',*,*,#3129,.F.);
#3707 = PLANE('',#3708);
#3708 = AXIS2_PLACEMENT_3D('',#3709,#3710,#3711);
#3709 = CARTESIAN_POINT('',(26.8,29.4,-5.5));
#3710 = DIRECTION('',(0.,-1.,0.));
#3711 = DIRECTION('',(-1.,0.,0.));
#3712 = ADVANCED_FACE('',(#3713),#3724,.T.);
#3713 = FACE_BOUND('',#3714,.T.);
#3714 = EDGE_LOOP('',(#3715,#3722,#3723));
#3715 = ORIENTED_EDGE('',*,*,#3716,.F.);
#3716 = EDGE_CURVE('',#2751,#2682,#3717,.T.);
#3717 = CIRCLE('',#3718,2.3);
#3718 = AXIS2_PLACEMENT_3D('',#3719,#3720,#3721);
#3719 = CARTESIAN_POINT('',(-37.4,37.4,-2.5));
#3720 = DIRECTION('',(0.,0.,1.));
#3721 = DIRECTION('',(1.,0.,-0.));
#3722 = ORIENTED_EDGE('',*,*,#2750,.F.);
#3723 = ORIENTED_EDGE('',*,*,#2681,.F.);
#3724 = CYLINDRICAL_SURFACE('',#3725,2.3);
#3725 = AXIS2_PLACEMENT_3D('',#3726,#3727,#3728);
#3726 = CARTESIAN_POINT('',(-37.4,37.4,-9.));
#3727 = DIRECTION('',(0.,0.,1.));
#3728 = DIRECTION('',(1.,0.,-0.));
#3729 = ADVANCED_FACE('',(#3730),#3734,.T.);
#3730 = FACE_BOUND('',#3731,.T.);
#3731 = EDGE_LOOP('',(#3732,#3733));
#3732 = ORIENTED_EDGE('',*,*,#2767,.T.);
#3733 = ORIENTED_EDGE('',*,*,#3716,.T.);
#3734 = PLANE('',#3735);
#3735 = AXIS2_PLACEMENT_3D('',#3736,#3737,#3738);
#3736 = CARTESIAN_POINT('',(-37.4,37.4,-2.5));
#3737 = DIRECTION('',(0.,0.,1.));
#3738 = DIRECTION('',(1.,0.,-0.));
#3739 = ADVANCED_FACE('',(#3740),#3766,.F.);
#3740 = FACE_BOUND('',#3741,.T.);
#3741 = EDGE_LOOP('',(#3742,#3753,#3759,#3760));
#3742 = ORIENTED_EDGE('',*,*,#3743,.T.);
#3743 = EDGE_CURVE('',#3744,#3746,#3748,.T.);
#3744 = VERTEX_POINT('',#3745);
#3745 = CARTESIAN_POINT('',(27.8,-26.8,-5.5));
#3746 = VERTEX_POINT('',#3747);
#3747 = CARTESIAN_POINT('',(26.8,-27.8,-5.5));
#3748 = CIRCLE('',#3749,1.);
#3749 = AXIS2_PLACEMENT_3D('',#3750,#3751,#3752);
#3750 = CARTESIAN_POINT('',(26.8,-26.8,-5.5));
#3751 = DIRECTION('',(0.,-0.,-1.));
#3752 = DIRECTION('',(3.5527136788E-15,-1.,0.));
#3753 = ORIENTED_EDGE('',*,*,#3754,.T.);
#3754 = EDGE_CURVE('',#3746,#2862,#3755,.T.);
#3755 = LINE('',#3756,#3757);
#3756 = CARTESIAN_POINT('',(26.8,-27.8,-10.));
#3757 = VECTOR('',#3758,1.);
#3758 = DIRECTION('',(0.,0.,1.));
#3759 = ORIENTED_EDGE('',*,*,#2859,.F.);
#3760 = ORIENTED_EDGE('',*,*,#3761,.F.);
#3761 = EDGE_CURVE('',#3744,#2860,#3762,.T.);
#3762 = LINE('',#3763,#3764);
#3763 = CARTESIAN_POINT('',(27.8,-26.8,-10.));
#3764 = VECTOR('',#3765,1.);
#3765 = DIRECTION('',(0.,0.,1.));
#3766 = CYLINDRICAL_SURFACE('',#3767,1.);
#3767 = AXIS2_PLACEMENT_3D('',#3768,#3769,#3770);
#3768 = CARTESIAN_POINT('',(26.8,-26.8,-10.));
#3769 = DIRECTION('',(-0.,-0.,-1.));
#3770 = DIRECTION('',(3.5527136788E-15,-1.,0.));
#3771 = ADVANCED_FACE('',(#3772),#3790,.T.);
#3772 = FACE_BOUND('',#3773,.T.);
#3773 = EDGE_LOOP('',(#3774,#3782,#3783,#3784));
#3774 = ORIENTED_EDGE('',*,*,#3775,.T.);
#3775 = EDGE_CURVE('',#3776,#3744,#3778,.T.);
#3776 = VERTEX_POINT('',#3777);
#3777 = CARTESIAN_POINT('',(27.8,26.8,-5.5));
#3778 = LINE('',#3779,#3780);
#3779 = CARTESIAN_POINT('',(27.8,-13.4,-5.5));
#3780 = VECTOR('',#3781,1.);
#3781 = DIRECTION('',(0.,-1.,0.));
#3782 = ORIENTED_EDGE('',*,*,#3761,.T.);
#3783 = ORIENTED_EDGE('',*,*,#2921,.F.);
#3784 = ORIENTED_EDGE('',*,*,#3785,.F.);
#3785 = EDGE_CURVE('',#3776,#2913,#3786,.T.);
#3786 = LINE('',#3787,#3788);
#3787 = CARTESIAN_POINT('',(27.8,26.8,-10.));
#3788 = VECTOR('',#3789,1.);
#3789 = DIRECTION('',(0.,0.,1.));
#3790 = PLANE('',#3791);
#3791 = AXIS2_PLACEMENT_3D('',#3792,#3793,#3794);
#3792 = CARTESIAN_POINT('',(27.8,-26.8,-10.));
#3793 = DIRECTION('',(-1.,0.,0.));
#3794 = DIRECTION('',(0.,1.,0.));
#3795 = ADVANCED_FACE('',(#3796),#3815,.F.);
#3796 = FACE_BOUND('',#3797,.T.);
#3797 = EDGE_LOOP('',(#3798,#3807,#3808,#3809));
#3798 = ORIENTED_EDGE('',*,*,#3799,.T.);
#3799 = EDGE_CURVE('',#3800,#3776,#3802,.T.);
#3800 = VERTEX_POINT('',#3801);
#3801 = CARTESIAN_POINT('',(26.8,27.8,-5.5));
#3802 = CIRCLE('',#3803,1.);
#3803 = AXIS2_PLACEMENT_3D('',#3804,#3805,#3806);
#3804 = CARTESIAN_POINT('',(26.8,26.8,-5.5));
#3805 = DIRECTION('',(0.,-0.,-1.));
#3806 = DIRECTION('',(1.,3.5527136788E-15,-0.));
#3807 = ORIENTED_EDGE('',*,*,#3785,.T.);
#3808 = ORIENTED_EDGE('',*,*,#2912,.F.);
#3809 = ORIENTED_EDGE('',*,*,#3810,.F.);
#3810 = EDGE_CURVE('',#3800,#2905,#3811,.T.);
#3811 = LINE('',#3812,#3813);
#3812 = CARTESIAN_POINT('',(26.8,27.8,-10.));
#3813 = VECTOR('',#3814,1.);
#3814 = DIRECTION('',(0.,0.,1.));
#3815 = CYLINDRICAL_SURFACE('',#3816,1.);
#3816 = AXIS2_PLACEMENT_3D('',#3817,#3818,#3819);
#3817 = CARTESIAN_POINT('',(26.8,26.8,-10.));
#3818 = DIRECTION('',(-0.,-0.,-1.));
#3819 = DIRECTION('',(1.,3.5527136788E-15,-0.));
#3820 = ADVANCED_FACE('',(#3821),#3839,.T.);
#3821 = FACE_BOUND('',#3822,.T.);
#3822 = EDGE_LOOP('',(#3823,#3831,#3832,#3833));
#3823 = ORIENTED_EDGE('',*,*,#3824,.T.);
#3824 = EDGE_CURVE('',#3825,#3800,#3827,.T.);
#3825 = VERTEX_POINT('',#3826);
#3826 = CARTESIAN_POINT('',(-26.8,27.8,-5.5));
#3827 = LINE('',#3828,#3829);
#3828 = CARTESIAN_POINT('',(13.4,27.8,-5.5));
#3829 = VECTOR('',#3830,1.);
#3830 = DIRECTION('',(1.,0.,-0.));
#3831 = ORIENTED_EDGE('',*,*,#3810,.T.);
#3832 = ORIENTED_EDGE('',*,*,#2904,.F.);
#3833 = ORIENTED_EDGE('',*,*,#3834,.F.);
#3834 = EDGE_CURVE('',#3825,#2896,#3835,.T.);
#3835 = LINE('',#3836,#3837);
#3836 = CARTESIAN_POINT('',(-26.8,27.8,-10.));
#3837 = VECTOR('',#3838,1.);
#3838 = DIRECTION('',(0.,0.,1.));
#3839 = PLANE('',#3840);
#3840 = AXIS2_PLACEMENT_3D('',#3841,#3842,#3843);
#3841 = CARTESIAN_POINT('',(26.8,27.8,-10.));
#3842 = DIRECTION('',(0.,-1.,0.));
#3843 = DIRECTION('',(-1.,0.,0.));
#3844 = ADVANCED_FACE('',(#3845),#3864,.F.);
#3845 = FACE_BOUND('',#3846,.T.);
#3846 = EDGE_LOOP('',(#3847,#3856,#3857,#3858));
#3847 = ORIENTED_EDGE('',*,*,#3848,.T.);
#3848 = EDGE_CURVE('',#3849,#3825,#3851,.T.);
#3849 = VERTEX_POINT('',#3850);
#3850 = CARTESIAN_POINT('',(-27.8,26.8,-5.5));
#3851 = CIRCLE('',#3852,1.);
#3852 = AXIS2_PLACEMENT_3D('',#3853,#3854,#3855);
#3853 = CARTESIAN_POINT('',(-26.8,26.8,-5.5));
#3854 = DIRECTION('',(-0.,0.,-1.));
#3855 = DIRECTION('',(-3.5527136788E-15,1.,0.));
#3856 = ORIENTED_EDGE('',*,*,#3834,.T.);
#3857 = ORIENTED_EDGE('',*,*,#2895,.F.);
#3858 = ORIENTED_EDGE('',*,*,#3859,.F.);
#3859 = EDGE_CURVE('',#3849,#2888,#3860,.T.);
#3860 = LINE('',#3861,#3862);
#3861 = CARTESIAN_POINT('',(-27.8,26.8,-10.));
#3862 = VECTOR('',#3863,1.);
#3863 = DIRECTION('',(0.,0.,1.));
#3864 = CYLINDRICAL_SURFACE('',#3865,1.);
#3865 = AXIS2_PLACEMENT_3D('',#3866,#3867,#3868);
#3866 = CARTESIAN_POINT('',(-26.8,26.8,-10.));
#3867 = DIRECTION('',(-0.,-0.,-1.));
#3868 = DIRECTION('',(-3.5527136788E-15,1.,0.));
#3869 = ADVANCED_FACE('',(#3870),#3888,.T.);
#3870 = FACE_BOUND('',#3871,.T.);
#3871 = EDGE_LOOP('',(#3872,#3880,#3881,#3882));
#3872 = ORIENTED_EDGE('',*,*,#3873,.T.);
#3873 = EDGE_CURVE('',#3874,#3849,#3876,.T.);
#3874 = VERTEX_POINT('',#3875);
#3875 = CARTESIAN_POINT('',(-27.8,-26.8,-5.5));
#3876 = LINE('',#3877,#3878);
#3877 = CARTESIAN_POINT('',(-27.8,13.4,-5.5));
#3878 = VECTOR('',#3879,1.);
#3879 = DIRECTION('',(-0.,1.,0.));
#3880 = ORIENTED_EDGE('',*,*,#3859,.T.);
#3881 = ORIENTED_EDGE('',*,*,#2887,.F.);
#3882 = ORIENTED_EDGE('',*,*,#3883,.F.);
#3883 = EDGE_CURVE('',#3874,#2879,#3884,.T.);
#3884 = LINE('',#3885,#3886);
#3885 = CARTESIAN_POINT('',(-27.8,-26.8,-10.));
#3886 = VECTOR('',#3887,1.);
#3887 = DIRECTION('',(0.,0.,1.));
#3888 = PLANE('',#3889);
#3889 = AXIS2_PLACEMENT_3D('',#3890,#3891,#3892);
#3890 = CARTESIAN_POINT('',(-27.8,26.8,-10.));
#3891 = DIRECTION('',(1.,0.,-0.));
#3892 = DIRECTION('',(0.,-1.,0.));
#3893 = ADVANCED_FACE('',(#3894),#3913,.F.);
#3894 = FACE_BOUND('',#3895,.T.);
#3895 = EDGE_LOOP('',(#3896,#3905,#3906,#3907));
#3896 = ORIENTED_EDGE('',*,*,#3897,.T.);
#3897 = EDGE_CURVE('',#3898,#3874,#3900,.T.);
#3898 = VERTEX_POINT('',#3899);
#3899 = CARTESIAN_POINT('',(-26.8,-27.8,-5.5));
#3900 = CIRCLE('',#3901,1.);
#3901 = AXIS2_PLACEMENT_3D('',#3902,#3903,#3904);
#3902 = CARTESIAN_POINT('',(-26.8,-26.8,-5.5));
#3903 = DIRECTION('',(-0.,0.,-1.));
#3904 = DIRECTION('',(-1.,-3.5527136788E-15,0.));
#3905 = ORIENTED_EDGE('',*,*,#3883,.T.);
#3906 = ORIENTED_EDGE('',*,*,#2878,.F.);
#3907 = ORIENTED_EDGE('',*,*,#3908,.F.);
#3908 = EDGE_CURVE('',#3898,#2871,#3909,.T.);
#3909 = LINE('',#3910,#3911);
#3910 = CARTESIAN_POINT('',(-26.8,-27.8,-10.));
#3911 = VECTOR('',#3912,1.);
#3912 = DIRECTION('',(0.,0.,1.));
#3913 = CYLINDRICAL_SURFACE('',#3914,1.);
#3914 = AXIS2_PLACEMENT_3D('',#3915,#3916,#3917);
#3915 = CARTESIAN_POINT('',(-26.8,-26.8,-10.));
#3916 = DIRECTION('',(-0.,-0.,-1.));
#3917 = DIRECTION('',(-1.,-3.5527136788E-15,0.));
#3918 = ADVANCED_FACE('',(#3919),#3930,.T.);
#3919 = FACE_BOUND('',#3920,.T.);
#3920 = EDGE_LOOP('',(#3921,#3927,#3928,#3929));
#3921 = ORIENTED_EDGE('',*,*,#3922,.T.);
#3922 = EDGE_CURVE('',#3746,#3898,#3923,.T.);
#3923 = LINE('',#3924,#3925);
#3924 = CARTESIAN_POINT('',(-13.4,-27.8,-5.5));
#3925 = VECTOR('',#3926,1.);
#3926 = DIRECTION('',(-1.,0.,0.));
#3927 = ORIENTED_EDGE('',*,*,#3908,.T.);
#3928 = ORIENTED_EDGE('',*,*,#2870,.F.);
#3929 = ORIENTED_EDGE('',*,*,#3754,.F.);
#3930 = PLANE('',#3931);
#3931 = AXIS2_PLACEMENT_3D('',#3932,#3933,#3934);
#3932 = CARTESIAN_POINT('',(-26.8,-27.8,-10.));
#3933 = DIRECTION('',(0.,1.,0.));
#3934 = DIRECTION('',(1.,0.,0.));
#3935 = ADVANCED_FACE('',(#3936),#4063,.F.);
#3936 = FACE_BOUND('',#3937,.F.);
#3937 = EDGE_LOOP('',(#3938,#3947,#3960,#4007,#4026,#4037,#4038));
#3938 = ORIENTED_EDGE('',*,*,#3939,.F.);
#3939 = EDGE_CURVE('',#3940,#3942,#3944,.T.);
#3940 = VERTEX_POINT('',#3941);
#3941 = CARTESIAN_POINT('',(-38.65,-34.86917808219,-4.415525114155));
#3942 = VERTEX_POINT('',#3943);
#3943 = CARTESIAN_POINT('',(-29.39860696016,-26.8850991574,
    -1.036020807366));
#3944 = B_SPLINE_CURVE_WITH_KNOTS('',1,(#3945,#3946),.UNSPECIFIED.,.F.,
  .F.,(2,2),(0.,1.),.PIECEWISE_BEZIER_KNOTS.);
#3945 = CARTESIAN_POINT('',(-40.25,-36.25,-5.));
#3946 = CARTESIAN_POINT('',(-29.3,-26.8,-1.));
#3947 = ORIENTED_EDGE('',*,*,#3948,.F.);
#3948 = EDGE_CURVE('',#3949,#3940,#3951,.T.);
#3949 = VERTEX_POINT('',#3950);
#3950 = CARTESIAN_POINT('',(-38.65,-35.46932654236,-4.43093987255));
#3951 = B_SPLINE_CURVE_WITH_KNOTS('',7,(#3952,#3953,#3954,#3955,#3956,
    #3957,#3958,#3959),.UNSPECIFIED.,.F.,.F.,(8,8),(0.,1.),
  .PIECEWISE_BEZIER_KNOTS.);
#3952 = CARTESIAN_POINT('',(-38.65,-36.25,-4.487667593629));
#3953 = CARTESIAN_POINT('',(-38.65,-36.05232548648,-4.4690000522));
#3954 = CARTESIAN_POINT('',(-38.65,-35.85467438419,-4.45265389898));
#3955 = CARTESIAN_POINT('',(-38.65,-35.65706584367,-4.438829772237));
#3956 = CARTESIAN_POINT('',(-38.65,-35.45956478661,-4.427782998171));
#3957 = CARTESIAN_POINT('',(-38.65,-35.26228913954,-4.419865392032));
#3958 = CARTESIAN_POINT('',(-38.65,-35.0654089875,-4.415525114155));
#3959 = CARTESIAN_POINT('',(-38.65,-34.86917808219,-4.415525114155));
#3960 = ORIENTED_EDGE('',*,*,#3961,.T.);
#3961 = EDGE_CURVE('',#3949,#3962,#3964,.T.);
#3962 = VERTEX_POINT('',#3963);
#3963 = CARTESIAN_POINT('',(-35.1,-37.4,-4.026960102816));
#3964 = B_SPLINE_CURVE_WITH_KNOTS('',5,(#3965,#3966,#3967,#3968,#3969,
    #3970,#3971,#3972,#3973,#3974,#3975,#3976,#3977,#3978,#3979,#3980,
    #3981,#3982,#3983,#3984,#3985,#3986,#3987,#3988,#3989,#3990,#3991,
    #3992,#3993,#3994,#3995,#3996,#3997,#3998,#3999,#4000,#4001,#4002,
    #4003,#4004,#4005,#4006),.UNSPECIFIED.,.F.,.F.,(6,4,4,4,4,4,4,4,4,4,
    6),(0.,9.076749279194E-02,0.236985054313,0.390454547613,
    0.463416885854,0.533722937269,0.576325654667,0.669580132576,
    0.795746782126,0.85955754708,1.),.UNSPECIFIED.);
#3965 = CARTESIAN_POINT('',(-39.03221855024,-35.77954864181,
    -4.569444643869));
#3966 = CARTESIAN_POINT('',(-38.96248177624,-35.70930546199,
    -4.543532176929));
#3967 = CARTESIAN_POINT('',(-38.88924702378,-35.6430965337,
    -4.516679317767));
#3968 = CARTESIAN_POINT('',(-38.81285216605,-35.58113999281,
    -4.488984577889));
#3969 = CARTESIAN_POINT('',(-38.73363135715,-35.52358852301,
    -4.460578381045));
#3970 = CARTESIAN_POINT('',(-38.52023452376,-35.38512828216,
    -4.384951507144));
#3971 = CARTESIAN_POINT('',(-38.38206041079,-35.31143492022,
    -4.336841212294));
#3972 = CARTESIAN_POINT('',(-38.23865905677,-35.24992905986,
    -4.28790464668));
#3973 = CARTESIAN_POINT('',(-38.09118596462,-35.20085525244,
    -4.238905575356));
#3974 = CARTESIAN_POINT('',(-37.78271858215,-35.12624993536,
    -4.139922355102));
#3975 = CARTESIAN_POINT('',(-37.62144165035,-35.10201248667,
    -4.090017940685));
#3976 = CARTESIAN_POINT('',(-37.45804322264,-35.09200722182,
    -4.041782236021));
#3977 = CARTESIAN_POINT('',(-37.29381863276,-35.09655696708,
    -3.996184205186));
#3978 = CARTESIAN_POINT('',(-37.05250203226,-35.12505475101,
    -3.934179600157));
#3979 = CARTESIAN_POINT('',(-36.9748990174,-35.1375741959,
    -3.915008951691));
#3980 = CARTESIAN_POINT('',(-36.89761759448,-35.15345126902,
    -3.896749011469));
#3981 = CARTESIAN_POINT('',(-36.82084089791,-35.17269829047,
    -3.879501528343));
#3982 = CARTESIAN_POINT('',(-36.6714654721,-35.21709244943,
    -3.84781145917));
#3983 = CARTESIAN_POINT('',(-36.59881623723,-35.24199932735,
    -3.833289583442));
#3984 = CARTESIAN_POINT('',(-36.52700039023,-35.27001960205,
    -3.819883369592));
#3985 = CARTESIAN_POINT('',(-36.45621075818,-35.3011274092,
    -3.80767401258));
#3986 = CARTESIAN_POINT('',(-36.34449829679,-35.35595478042,
    -3.790100600249));
#3987 = CARTESIAN_POINT('',(-36.30279790587,-35.37775560942,
    -3.783934888205));
#3988 = CARTESIAN_POINT('',(-36.26159354432,-35.40065762871,
    -3.77824990631));
#3989 = CARTESIAN_POINT('',(-36.22093066101,-35.42464455771,
    -3.77305939358));
#3990 = CARTESIAN_POINT('',(-36.09313227032,-35.50453198187,
    -3.758121761027));
#3991 = CARTESIAN_POINT('',(-36.00821887235,-35.56447125643,
    -3.750293622887));
#3992 = CARTESIAN_POINT('',(-35.92660469226,-35.62929253589,
    -3.745015329189));
#3993 = CARTESIAN_POINT('',(-35.84874826545,-35.69868870294,
    -3.7423561167));
#3994 = CARTESIAN_POINT('',(-35.67535827737,-35.87177997957,
    -3.742262225499));
#3995 = CARTESIAN_POINT('',(-35.58326563927,-35.97895487313,
    -3.74700276864));
#3996 = CARTESIAN_POINT('',(-35.49980646632,-36.09275487839,
    -3.756540462984));
#3997 = CARTESIAN_POINT('',(-35.4256462277,-36.21200587237,
    -3.770642681146));
#3998 = CARTESIAN_POINT('',(-35.32856946084,-36.39793275969,
    -3.798161582867));
#3999 = CARTESIAN_POINT('',(-35.29843867918,-36.4614689804,
    -3.808473096893));
#4000 = CARTESIAN_POINT('',(-35.27083178075,-36.52593857763,
    -3.819803404167));
#4001 = CARTESIAN_POINT('',(-35.24577570804,-36.59119425875,
    -3.832094533964));
#4002 = CARTESIAN_POINT('',(-35.17377997978,-36.80214268653,
    -3.874312950806));
#4003 = CARTESIAN_POINT('',(-35.13669933227,-36.95031321929,
    -3.907691983808));
#4004 = CARTESIAN_POINT('',(-35.11216562508,-37.10014531526,
    -3.944756976245));
#4005 = CARTESIAN_POINT('',(-35.1,-37.25038664606,-3.984752629724));
#4006 = CARTESIAN_POINT('',(-35.1,-37.4,-4.026960102816));
#4007 = ORIENTED_EDGE('',*,*,#4008,.T.);
#4008 = EDGE_CURVE('',#3962,#4009,#4011,.T.);
#4009 = VERTEX_POINT('',#4010);
#4010 = CARTESIAN_POINT('',(-35.46932654236,-38.65,-4.43093987255));
#4011 = B_SPLINE_CURVE_WITH_KNOTS('',5,(#4012,#4013,#4014,#4015,#4016,
    #4017,#4018,#4019,#4020,#4021,#4022,#4023,#4024,#4025),
  .UNSPECIFIED.,.F.,.F.,(6,4,4,6),(0.,0.302748277064,0.736434615288,1.),
  .UNSPECIFIED.);
#4012 = CARTESIAN_POINT('',(-35.1,-37.4,-4.026960102816));
#4013 = CARTESIAN_POINT('',(-35.1,-37.50961698915,-4.057884188124));
#4014 = CARTESIAN_POINT('',(-35.10653037397,-37.61889317106,
    -4.089994437365));
#4015 = CARTESIAN_POINT('',(-35.11950988924,-37.72742240623,
    -4.123008309311));
#4016 = CARTESIAN_POINT('',(-35.13884980154,-37.83482504855,
    -4.156642337827));
#4017 = CARTESIAN_POINT('',(-35.20116438168,-38.0924492844,
    -4.239311406923));
#4018 = CARTESIAN_POINT('',(-35.25074051651,-38.24108642673,
    -4.288711531712));
#4019 = CARTESIAN_POINT('',(-35.31294806396,-38.38557732553,
    -4.338041774413));
#4020 = CARTESIAN_POINT('',(-35.38753666448,-38.52473702169,
    -4.38651966406));
#4021 = CARTESIAN_POINT('',(-35.52660944794,-38.7377805669,
    -4.462066470989));
#4022 = CARTESIAN_POINT('',(-35.58357761863,-38.81585351654,
    -4.490072792256));
#4023 = CARTESIAN_POINT('',(-35.64483229281,-38.89116561761,
    -4.517382860708));
#4024 = CARTESIAN_POINT('',(-35.71022588301,-38.96339556165,
    -4.543871717071));
#4025 = CARTESIAN_POINT('',(-35.77954864181,-39.03221855024,
    -4.569444643869));
#4026 = ORIENTED_EDGE('',*,*,#4027,.T.);
#4027 = EDGE_CURVE('',#4009,#3008,#4028,.T.);
#4028 = B_SPLINE_CURVE_WITH_KNOTS('',7,(#4029,#4030,#4031,#4032,#4033,
    #4034,#4035,#4036),.UNSPECIFIED.,.F.,.F.,(8,8),(0.,1.),
  .PIECEWISE_BEZIER_KNOTS.);
#4029 = CARTESIAN_POINT('',(-36.25,-38.65,-4.487667593629));
#4030 = CARTESIAN_POINT('',(-36.05232548648,-38.65,-4.4690000522));
#4031 = CARTESIAN_POINT('',(-35.85467438419,-38.65,-4.45265389898));
#4032 = CARTESIAN_POINT('',(-35.65706584367,-38.65,-4.438829772237));
#4033 = CARTESIAN_POINT('',(-35.45956478661,-38.65,-4.427782998171));
#4034 = CARTESIAN_POINT('',(-35.26228913954,-38.65,-4.419865392032));
#4035 = CARTESIAN_POINT('',(-35.0654089875,-38.65,-4.415525114155));
#4036 = CARTESIAN_POINT('',(-34.86917808219,-38.65,-4.415525114155));
#4037 = ORIENTED_EDGE('',*,*,#3007,.T.);
#4038 = ORIENTED_EDGE('',*,*,#4039,.T.);
#4039 = EDGE_CURVE('',#3010,#3942,#4040,.T.);
#4040 = B_SPLINE_CURVE_WITH_KNOTS('',6,(#4041,#4042,#4043,#4044,#4045,
    #4046,#4047,#4048,#4049,#4050,#4051,#4052,#4053,#4054,#4055,#4056,
    #4057,#4058,#4059,#4060,#4061,#4062),.UNSPECIFIED.,.F.,.F.,(7,5,5,5,
    7),(0.,0.133773806522,0.499999962393,0.8658614361,1.),
  .UNSPECIFIED.);
#4041 = CARTESIAN_POINT('',(-26.8850991574,-29.39860696016,
    -1.036020807366));
#4042 = CARTESIAN_POINT('',(-26.97210104054,-29.39575782327,
    -1.034980026767));
#4043 = CARTESIAN_POINT('',(-27.05903569472,-29.38941170014,
    -1.034057541363));
#4044 = CARTESIAN_POINT('',(-27.14571754971,-29.37956769121,
    -1.033233865859));
#4045 = CARTESIAN_POINT('',(-27.23196433575,-29.36623873421,
    -1.032495236441));
#4046 = CARTESIAN_POINT('',(-27.31759657315,-29.34945093325,
    -1.031831642637));
#4047 = CARTESIAN_POINT('',(-27.63470081286,-29.27392028833,
    -1.02960107367));
#4048 = CARTESIAN_POINT('',(-27.86107558068,-29.19295307494,
    -1.028467648689));
#4049 = CARTESIAN_POINT('',(-28.07784017122,-29.08713933017,
    -1.027672489913));
#4050 = CARTESIAN_POINT('',(-28.28164181716,-28.95799722999,
    -1.027164641764));
#4051 = CARTESIAN_POINT('',(-28.46940533362,-28.80754993538,
    -1.026910080613));
#4052 = CARTESIAN_POINT('',(-28.80738164338,-28.46957361195,
    -1.026910080706));
#4053 = CARTESIAN_POINT('',(-28.9576975439,-28.28201575646,
    -1.027164133663));
#4054 = CARTESIAN_POINT('',(-29.08675341672,-28.07844904957,
    -1.027670977272));
#4055 = CARTESIAN_POINT('',(-29.19253143656,-27.86193900045,
    -1.028464478588));
#4056 = CARTESIAN_POINT('',(-29.27351687597,-27.63582786822,
    -1.029595435458));
#4057 = CARTESIAN_POINT('',(-29.3492218043,-27.31876396922,
    -1.031822600804));
#4058 = CARTESIAN_POINT('',(-29.36609320571,-27.23290497381,
    -1.032487184834));
#4059 = CARTESIAN_POINT('',(-29.37948708982,-27.14642659734,
    -1.033227130678));
#4060 = CARTESIAN_POINT('',(-29.38937706663,-27.05950977467,
    -1.034052511254));
#4061 = CARTESIAN_POINT('',(-29.39575005471,-26.97233826293,
    -1.034977188938));
#4062 = CARTESIAN_POINT('',(-29.39860696016,-26.8850991574,
    -1.036020807366));
#4063 = B_SPLINE_SURFACE_WITH_KNOTS('',8,1,(
    (#4064,#4065)
    ,(#4066,#4067)
    ,(#4068,#4069)
    ,(#4070,#4071)
    ,(#4072,#4073)
    ,(#4074,#4075)
    ,(#4076,#4077)
    ,(#4078,#4079)
    ,(#4080,#4081
    )),.UNSPECIFIED.,.F.,.F.,.F.,(9,9),(2,2),(0.,1.570796326795),(0.,1.)
  ,.PIECEWISE_BEZIER_KNOTS.);
#4064 = CARTESIAN_POINT('',(-40.25,-36.25,-5.));
#4065 = CARTESIAN_POINT('',(-29.3,-26.8,-1.));
#4066 = CARTESIAN_POINT('',(-40.25,-37.03539816339,-5.));
#4067 = CARTESIAN_POINT('',(-29.3,-27.29087385212,-1.));
#4068 = CARTESIAN_POINT('',(-40.07375684415,-37.82079657401,-5.));
#4069 = CARTESIAN_POINT('',(-29.18984802759,-27.78174785876,-1.));
#4070 = CARTESIAN_POINT('',(-39.72127226348,-38.56005293734,-5.));
#4071 = CARTESIAN_POINT('',(-28.96954516467,-28.24378308583,-1.));
#4072 = CARTESIAN_POINT('',(-39.20703502311,-39.20703502312,-5.));
#4073 = CARTESIAN_POINT('',(-28.64814688945,-28.64814688945,-1.));
#4074 = CARTESIAN_POINT('',(-38.56005293734,-39.72127226348,-5.));
#4075 = CARTESIAN_POINT('',(-28.24378308583,-28.96954516467,-1.));
#4076 = CARTESIAN_POINT('',(-37.82079657401,-40.07375684415,-5.));
#4077 = CARTESIAN_POINT('',(-27.78174785876,-29.18984802759,-1.));
#4078 = CARTESIAN_POINT('',(-37.03539816339,-40.25,-5.));
#4079 = CARTESIAN_POINT('',(-27.29087385212,-29.3,-1.));
#4080 = CARTESIAN_POINT('',(-36.25,-40.25,-5.));
#4081 = CARTESIAN_POINT('',(-26.8,-29.3,-1.));
#4082 = ADVANCED_FACE('',(#4083),#4120,.T.);
#4083 = FACE_BOUND('',#4084,.F.);
#4084 = EDGE_LOOP('',(#4085,#4096,#4104,#4112,#4113,#4114));
#4085 = ORIENTED_EDGE('',*,*,#4086,.F.);
#4086 = EDGE_CURVE('',#4087,#4089,#4091,.T.);
#4087 = VERTEX_POINT('',#4088);
#4088 = CARTESIAN_POINT('',(-29.4,-26.8,-5.5));
#4089 = VERTEX_POINT('',#4090);
#4090 = CARTESIAN_POINT('',(-26.8,-29.4,-5.5));
#4091 = CIRCLE('',#4092,2.6);
#4092 = AXIS2_PLACEMENT_3D('',#4093,#4094,#4095);
#4093 = CARTESIAN_POINT('',(-26.8,-26.8,-5.5));
#4094 = DIRECTION('',(0.,0.,1.));
#4095 = DIRECTION('',(-1.,-2.732856676E-15,0.));
#4096 = ORIENTED_EDGE('',*,*,#4097,.T.);
#4097 = EDGE_CURVE('',#4087,#4098,#4100,.T.);
#4098 = VERTEX_POINT('',#4099);
#4099 = CARTESIAN_POINT('',(-29.4,-26.8,-1.036529680365));
#4100 = LINE('',#4101,#4102);
#4101 = CARTESIAN_POINT('',(-29.4,-26.8,-5.5));
#4102 = VECTOR('',#4103,1.);
#4103 = DIRECTION('',(0.,0.,1.));
#4104 = ORIENTED_EDGE('',*,*,#4105,.F.);
#4105 = EDGE_CURVE('',#3942,#4098,#4106,.T.);
#4106 = B_SPLINE_CURVE_WITH_KNOTS('',3,(#4107,#4108,#4109,#4110,#4111),
  .UNSPECIFIED.,.F.,.F.,(4,1,4),(0.,0.621853934289,1.),.UNSPECIFIED.);
#4107 = CARTESIAN_POINT('',(-29.39860696016,-26.8850991574,
    -1.036020807366));
#4108 = CARTESIAN_POINT('',(-29.3991825284,-26.86752347639,
    -1.036231060605));
#4109 = CARTESIAN_POINT('',(-29.39982046771,-26.83939827043,
    -1.036464097795));
#4110 = CARTESIAN_POINT('',(-29.4,-26.81078534849,-1.036529680365));
#4111 = CARTESIAN_POINT('',(-29.4,-26.8,-1.036529680365));
#4112 = ORIENTED_EDGE('',*,*,#4039,.F.);
#4113 = ORIENTED_EDGE('',*,*,#3075,.F.);
#4114 = ORIENTED_EDGE('',*,*,#4115,.F.);
#4115 = EDGE_CURVE('',#4089,#3069,#4116,.T.);
#4116 = LINE('',#4117,#4118);
#4117 = CARTESIAN_POINT('',(-26.8,-29.4,-5.5));
#4118 = VECTOR('',#4119,1.);
#4119 = DIRECTION('',(0.,0.,1.));
#4120 = CYLINDRICAL_SURFACE('',#4121,2.6);
#4121 = AXIS2_PLACEMENT_3D('',#4122,#4123,#4124);
#4122 = CARTESIAN_POINT('',(-26.8,-26.8,-5.5));
#4123 = DIRECTION('',(-0.,-0.,-1.));
#4124 = DIRECTION('',(-1.,-2.732856676E-15,0.));
#4125 = ADVANCED_FACE('',(#4126),#4176,.F.);
#4126 = FACE_BOUND('',#4127,.F.);
#4127 = EDGE_LOOP('',(#4128,#4136,#4137,#4138,#4146,#4154,#4162,#4170));
#4128 = ORIENTED_EDGE('',*,*,#4129,.F.);
#4129 = EDGE_CURVE('',#4089,#4130,#4132,.T.);
#4130 = VERTEX_POINT('',#4131);
#4131 = CARTESIAN_POINT('',(-9.89,-29.4,-5.5));
#4132 = LINE('',#4133,#4134);
#4133 = CARTESIAN_POINT('',(-26.8,-29.4,-5.5));
#4134 = VECTOR('',#4135,1.);
#4135 = DIRECTION('',(1.,0.,0.));
#4136 = ORIENTED_EDGE('',*,*,#4115,.T.);
#4137 = ORIENTED_EDGE('',*,*,#3068,.F.);
#4138 = ORIENTED_EDGE('',*,*,#4139,.F.);
#4139 = EDGE_CURVE('',#4140,#3059,#4142,.T.);
#4140 = VERTEX_POINT('',#4141);
#4141 = CARTESIAN_POINT('',(26.8,-29.4,-5.5));
#4142 = LINE('',#4143,#4144);
#4143 = CARTESIAN_POINT('',(26.8,-29.4,-5.5));
#4144 = VECTOR('',#4145,1.);
#4145 = DIRECTION('',(0.,0.,1.));
#4146 = ORIENTED_EDGE('',*,*,#4147,.F.);
#4147 = EDGE_CURVE('',#4148,#4140,#4150,.T.);
#4148 = VERTEX_POINT('',#4149);
#4149 = CARTESIAN_POINT('',(4.05,-29.4,-5.5));
#4150 = LINE('',#4151,#4152);
#4151 = CARTESIAN_POINT('',(-26.8,-29.4,-5.5));
#4152 = VECTOR('',#4153,1.);
#4153 = DIRECTION('',(1.,0.,0.));
#4154 = ORIENTED_EDGE('',*,*,#4155,.F.);
#4155 = EDGE_CURVE('',#4156,#4148,#4158,.T.);
#4156 = VERTEX_POINT('',#4157);
#4157 = CARTESIAN_POINT('',(4.05,-29.4,-3.2));
#4158 = LINE('',#4159,#4160);
#4159 = CARTESIAN_POINT('',(4.05,-29.4,-5.55));
#4160 = VECTOR('',#4161,1.);
#4161 = DIRECTION('',(-0.,0.,-1.));
#4162 = ORIENTED_EDGE('',*,*,#4163,.F.);
#4163 = EDGE_CURVE('',#4164,#4156,#4166,.T.);
#4164 = VERTEX_POINT('',#4165);
#4165 = CARTESIAN_POINT('',(-9.89,-29.4,-3.2));
#4166 = LINE('',#4167,#4168);
#4167 = CARTESIAN_POINT('',(-18.345,-29.4,-3.2));
#4168 = VECTOR('',#4169,1.);
#4169 = DIRECTION('',(1.,0.,0.));
#4170 = ORIENTED_EDGE('',*,*,#4171,.T.);
#4171 = EDGE_CURVE('',#4164,#4130,#4172,.T.);
#4172 = LINE('',#4173,#4174);
#4173 = CARTESIAN_POINT('',(-9.89,-29.4,-5.55));
#4174 = VECTOR('',#4175,1.);
#4175 = DIRECTION('',(-0.,0.,-1.));
#4176 = PLANE('',#4177);
#4177 = AXIS2_PLACEMENT_3D('',#4178,#4179,#4180);
#4178 = CARTESIAN_POINT('',(-26.8,-29.4,-5.5));
#4179 = DIRECTION('',(0.,1.,0.));
#4180 = DIRECTION('',(1.,0.,0.));
#4181 = ADVANCED_FACE('',(#4182),#4239,.T.);
#4182 = FACE_BOUND('',#4183,.F.);
#4183 = EDGE_LOOP('',(#4184,#4193,#4194,#4195,#4222,#4233));
#4184 = ORIENTED_EDGE('',*,*,#4185,.F.);
#4185 = EDGE_CURVE('',#4140,#4186,#4188,.T.);
#4186 = VERTEX_POINT('',#4187);
#4187 = CARTESIAN_POINT('',(29.4,-26.8,-5.5));
#4188 = CIRCLE('',#4189,2.6);
#4189 = AXIS2_PLACEMENT_3D('',#4190,#4191,#4192);
#4190 = CARTESIAN_POINT('',(26.8,-26.8,-5.5));
#4191 = DIRECTION('',(0.,0.,1.));
#4192 = DIRECTION('',(2.732856676E-15,-1.,0.));
#4193 = ORIENTED_EDGE('',*,*,#4139,.T.);
#4194 = ORIENTED_EDGE('',*,*,#3058,.F.);
#4195 = ORIENTED_EDGE('',*,*,#4196,.F.);
#4196 = EDGE_CURVE('',#4197,#3052,#4199,.T.);
#4197 = VERTEX_POINT('',#4198);
#4198 = CARTESIAN_POINT('',(29.398606960163,-26.8850991574,
    -1.036020807366));
#4199 = B_SPLINE_CURVE_WITH_KNOTS('',6,(#4200,#4201,#4202,#4203,#4204,
    #4205,#4206,#4207,#4208,#4209,#4210,#4211,#4212,#4213,#4214,#4215,
    #4216,#4217,#4218,#4219,#4220,#4221),.UNSPECIFIED.,.F.,.F.,(7,5,5,5,
    7),(0.,0.133773806522,0.499999962393,0.865861436113,1.),
  .UNSPECIFIED.);
#4200 = CARTESIAN_POINT('',(29.398606960163,-26.8850991574,
    -1.036020807366));
#4201 = CARTESIAN_POINT('',(29.395757823275,-26.97210104054,
    -1.034980026767));
#4202 = CARTESIAN_POINT('',(29.389411700143,-27.05903569472,
    -1.034057541363));
#4203 = CARTESIAN_POINT('',(29.379567691218,-27.14571754971,
    -1.033233865859));
#4204 = CARTESIAN_POINT('',(29.366238734218,-27.23196433575,
    -1.032495236441));
#4205 = CARTESIAN_POINT('',(29.349450933258,-27.31759657315,
    -1.031831642637));
#4206 = CARTESIAN_POINT('',(29.273920288332,-27.63470081286,
    -1.02960107367));
#4207 = CARTESIAN_POINT('',(29.192953074947,-27.86107558068,
    -1.028467648689));
#4208 = CARTESIAN_POINT('',(29.087139330176,-28.07784017122,
    -1.027672489913));
#4209 = CARTESIAN_POINT('',(28.957997229994,-28.28164181716,
    -1.027164641764));
#4210 = CARTESIAN_POINT('',(28.807549935383,-28.46940533362,
    -1.026910080613));
#4211 = CARTESIAN_POINT('',(28.469573611951,-28.80738164338,
    -1.026910080706));
#4212 = CARTESIAN_POINT('',(28.282015756456,-28.95769754392,
    -1.027164133663));
#4213 = CARTESIAN_POINT('',(28.078449049551,-29.08675341673,
    -1.027670977272));
#4214 = CARTESIAN_POINT('',(27.86193900042,-29.19253143658,
    -1.028464478589));
#4215 = CARTESIAN_POINT('',(27.635827868183,-29.27351687598,
    -1.029595435458));
#4216 = CARTESIAN_POINT('',(27.31876396918,-29.34922180431,
    -1.031822600804));
#4217 = CARTESIAN_POINT('',(27.232904973784,-29.36609320572,
    -1.032487184835));
#4218 = CARTESIAN_POINT('',(27.146426597318,-29.37948708982,
    -1.033227130678));
#4219 = CARTESIAN_POINT('',(27.059509774661,-29.38937706664,
    -1.034052511254));
#4220 = CARTESIAN_POINT('',(26.972338262927,-29.39575005471,
    -1.034977188938));
#4221 = CARTESIAN_POINT('',(26.885099157401,-29.39860696016,
    -1.036020807366));
#4222 = ORIENTED_EDGE('',*,*,#4223,.F.);
#4223 = EDGE_CURVE('',#4224,#4197,#4226,.T.);
#4224 = VERTEX_POINT('',#4225);
#4225 = CARTESIAN_POINT('',(29.4,-26.8,-1.036529680365));
#4226 = B_SPLINE_CURVE_WITH_KNOTS('',3,(#4227,#4228,#4229,#4230,#4231,
    #4232),.UNSPECIFIED.,.F.,.F.,(4,1,1,4),(0.,0.180513915826,
    0.80362406036,1.),.UNSPECIFIED.);
#4227 = CARTESIAN_POINT('',(29.4,-26.8,-1.036529680365));
#4228 = CARTESIAN_POINT('',(29.4,-26.80515733987,-1.036529680365));
#4229 = CARTESIAN_POINT('',(29.399931521596,-26.82813722791,
    -1.036504665423));
#4230 = CARTESIAN_POINT('',(29.399469685637,-26.85650800837,
    -1.036335958224));
#4231 = CARTESIAN_POINT('',(29.398788075078,-26.87956859174,
    -1.036086968065));
#4232 = CARTESIAN_POINT('',(29.398606960163,-26.8850991574,
    -1.036020807366));
#4233 = ORIENTED_EDGE('',*,*,#4234,.F.);
#4234 = EDGE_CURVE('',#4186,#4224,#4235,.T.);
#4235 = LINE('',#4236,#4237);
#4236 = CARTESIAN_POINT('',(29.4,-26.8,-5.5));
#4237 = VECTOR('',#4238,1.);
#4238 = DIRECTION('',(0.,0.,1.));
#4239 = CYLINDRICAL_SURFACE('',#4240,2.6);
#4240 = AXIS2_PLACEMENT_3D('',#4241,#4242,#4243);
#4241 = CARTESIAN_POINT('',(26.8,-26.8,-5.5));
#4242 = DIRECTION('',(-0.,-0.,-1.));
#4243 = DIRECTION('',(2.732856676E-15,-1.,0.));
#4244 = ADVANCED_FACE('',(#4245),#4352,.F.);
#4245 = FACE_BOUND('',#4246,.F.);
#4246 = EDGE_LOOP('',(#4247,#4248,#4261,#4333,#4346,#4351));
#4247 = ORIENTED_EDGE('',*,*,#3051,.F.);
#4248 = ORIENTED_EDGE('',*,*,#4249,.F.);
#4249 = EDGE_CURVE('',#4250,#3045,#4252,.T.);
#4250 = VERTEX_POINT('',#4251);
#4251 = CARTESIAN_POINT('',(35.469326542369,-38.65,-4.43093987255));
#4252 = B_SPLINE_CURVE_WITH_KNOTS('',7,(#4253,#4254,#4255,#4256,#4257,
    #4258,#4259,#4260),.UNSPECIFIED.,.F.,.F.,(8,8),(0.,1.),
  .PIECEWISE_BEZIER_KNOTS.);
#4253 = CARTESIAN_POINT('',(36.25,-38.65,-4.487667593629));
#4254 = CARTESIAN_POINT('',(36.052325486483,-38.65,-4.4690000522));
#4255 = CARTESIAN_POINT('',(35.854674384195,-38.65,-4.45265389898));
#4256 = CARTESIAN_POINT('',(35.657065843678,-38.65,-4.438829772237));
#4257 = CARTESIAN_POINT('',(35.459564786619,-38.65,-4.427782998171));
#4258 = CARTESIAN_POINT('',(35.262289139542,-38.65,-4.419865392032));
#4259 = CARTESIAN_POINT('',(35.065408987509,-38.65,-4.415525114155));
#4260 = CARTESIAN_POINT('',(34.869178082192,-38.65,-4.415525114155));
#4261 = ORIENTED_EDGE('',*,*,#4262,.T.);
#4262 = EDGE_CURVE('',#4250,#4263,#4265,.T.);
#4263 = VERTEX_POINT('',#4264);
#4264 = CARTESIAN_POINT('',(38.65,-35.46932654236,-4.43093987255));
#4265 = B_SPLINE_CURVE_WITH_KNOTS('',6,(#4266,#4267,#4268,#4269,#4270,
    #4271,#4272,#4273,#4274,#4275,#4276,#4277,#4278,#4279,#4280,#4281,
    #4282,#4283,#4284,#4285,#4286,#4287,#4288,#4289,#4290,#4291,#4292,
    #4293,#4294,#4295,#4296,#4297,#4298,#4299,#4300,#4301,#4302,#4303,
    #4304,#4305,#4306,#4307,#4308,#4309,#4310,#4311,#4312,#4313,#4314,
    #4315,#4316,#4317,#4318,#4319,#4320,#4321,#4322,#4323,#4324,#4325,
    #4326,#4327,#4328,#4329,#4330,#4331,#4332),.UNSPECIFIED.,.F.,.F.,(7,
    5,5,5,5,5,5,5,5,5,5,5,5,7),(0.,6.774447844424E-02,0.176874213475,
    0.291416440574,0.345872010456,0.398345055979,0.499737744625,
    0.569962890309,0.601758537712,0.654228815914,0.708677640984,
    0.823136634281,0.933144574397,1.),.UNSPECIFIED.);
#4266 = CARTESIAN_POINT('',(35.779548641783,-39.03221855021,
    -4.569444643856));
#4267 = CARTESIAN_POINT('',(35.721012658557,-38.97410457184,
    -4.547850921392));
#4268 = CARTESIAN_POINT('',(35.665166176362,-38.91365860782,
    -4.525630270779));
#4269 = CARTESIAN_POINT('',(35.612118263125,-38.85104959476,
    -4.502831947771));
#4270 = CARTESIAN_POINT('',(35.561956169388,-38.78644522955,
    -4.479515845534));
#4271 = CARTESIAN_POINT('',(35.514749928246,-38.72000919298,
    -4.455750747589));
#4272 = CARTESIAN_POINT('',(35.399366394205,-38.54217849844,
    -4.392728352654));
#4273 = CARTESIAN_POINT('',(35.335999374052,-38.42811844813,
    -4.352877977136));
#4274 = CARTESIAN_POINT('',(35.28068198991,-38.31035973346,
    -4.31237292938));
#4275 = CARTESIAN_POINT('',(35.233571123942,-38.18950135907,
    -4.2715716228));
#4276 = CARTESIAN_POINT('',(35.194788586385,-38.06610238253,
    -4.230856576102));
#4277 = CARTESIAN_POINT('',(35.132617488856,-37.80904623049,
    -4.148370559234));
#4278 = CARTESIAN_POINT('',(35.110091636203,-37.67520062733,
    -4.106652745405));
#4279 = CARTESIAN_POINT('',(35.097009854233,-37.53974243623,
    -4.065900088275));
#4280 = CARTESIAN_POINT('',(35.093523803578,-37.40330169243,
    -4.02658289234));
#4281 = CARTESIAN_POINT('',(35.099776140855,-37.26655896668,
    -3.989180025506));
#4282 = CARTESIAN_POINT('',(35.123524294151,-37.06546179961,
    -3.937509521326));
#4283 = CARTESIAN_POINT('',(35.133401047644,-37.00076668882,
    -3.921399167798));
#4284 = CARTESIAN_POINT('',(35.145512732506,-36.93625830574,
    -3.905878981534));
#4285 = CARTESIAN_POINT('',(35.159866942887,-36.8720253621,
    -3.890999850384));
#4286 = CARTESIAN_POINT('',(35.17646639509,-36.80816215265,
    -3.876811726372));
#4287 = CARTESIAN_POINT('',(35.21346152757,-36.68368263114,-3.8504033354
    ));
#4288 = CARTESIAN_POINT('',(35.233697034776,-36.62303264868,
    -3.838130208651));
#4289 = CARTESIAN_POINT('',(35.256009464769,-36.56290831356,
    -3.826586476485));
#4290 = CARTESIAN_POINT('',(35.280388871174,-36.50340384605,
    -3.815813583892));
#4291 = CARTESIAN_POINT('',(35.306817395422,-36.4446172356,
    -3.805850243322));
#4292 = CARTESIAN_POINT('',(35.390240597445,-36.27463988623,
    -3.779111220569));
#4293 = CARTESIAN_POINT('',(35.452770699323,-36.16566857935,
    -3.764641056616));
#4294 = CARTESIAN_POINT('',(35.522645830748,-36.06050109595,
    -3.753580265851));
#4295 = CARTESIAN_POINT('',(35.599528035451,-35.95988052974,
    -3.746119032903));
#4296 = CARTESIAN_POINT('',(35.682945488192,-35.86451864896,
    -3.742364656406));
#4297 = CARTESIAN_POINT('',(35.834107696545,-35.71309557317,
    -3.742282660361));
#4298 = CARTESIAN_POINT('',(35.898795751164,-35.65395668102,
    -3.74402686129));
#4299 = CARTESIAN_POINT('',(35.966108234277,-35.5978500955,
    -3.747549232542));
#4300 = CARTESIAN_POINT('',(36.035818605073,-35.54495104361,
    -3.75282632661));
#4301 = CARTESIAN_POINT('',(36.107686026286,-35.49540273362,
    -3.759813201217));
#4302 = CARTESIAN_POINT('',(36.214860682607,-35.42845343796,
    -3.772354342306));
#4303 = CARTESIAN_POINT('',(36.248653814428,-35.40829791842,
    -3.776600352753));
#4304 = CARTESIAN_POINT('',(36.282815283331,-35.38886237151,
    -3.781177897559));
#4305 = CARTESIAN_POINT('',(36.317322306904,-35.37015560739,
    -3.786080419094));
#4306 = CARTESIAN_POINT('',(36.352152222377,-35.35218507129,
    -3.791300724957));
#4307 = CARTESIAN_POINT('',(36.445255664985,-35.30652622557,
    -3.805957219476));
#4308 = CARTESIAN_POINT('',(36.504047054959,-35.28011708365,
    -3.815927636746));
#4309 = CARTESIAN_POINT('',(36.563555538738,-35.25575707381,
    -3.826707279442));
#4310 = CARTESIAN_POINT('',(36.623683155376,-35.23346400672,
    -3.83825742219));
#4311 = CARTESIAN_POINT('',(36.684335717113,-35.21324778812,
    -3.850536611619));
#4312 = CARTESIAN_POINT('',(36.80881462684,-35.17629308041,
    -3.876955682287));
#4313 = CARTESIAN_POINT('',(36.872674526259,-35.15971443762,
    -3.891148290914));
#4314 = CARTESIAN_POINT('',(36.93690343447,-35.14538056396,
    -3.906031427441));
#4315 = CARTESIAN_POINT('',(37.001407115213,-35.13328871619,
    -3.921555149573));
#4316 = CARTESIAN_POINT('',(37.066096912431,-35.12343128225,
    -3.937668582416));
#4317 = CARTESIAN_POINT('',(37.267093689086,-35.09975112514,
    -3.989326156007));
#4318 = CARTESIAN_POINT('',(37.40373892025,-35.093533784,-4.026708639243
    ));
#4319 = CARTESIAN_POINT('',(37.54008097483,-35.09704073441,
    -4.066001613148));
#4320 = CARTESIAN_POINT('',(37.675440830484,-35.11012961408,
    -4.106727243854));
#4321 = CARTESIAN_POINT('',(37.809189814321,-35.13264910801,
    -4.148416244685));
#4322 = CARTESIAN_POINT('',(38.0671634706,-35.1950482071,-4.231197439412
    ));
#4323 = CARTESIAN_POINT('',(38.191540717179,-35.23421513989,
    -4.272244824976));
#4324 = CARTESIAN_POINT('',(38.31333188068,-35.28184429218,
    -4.313376654611));
#4325 = CARTESIAN_POINT('',(38.431963895439,-35.33781093305,
    -4.354201072524));
#4326 = CARTESIAN_POINT('',(38.546822324759,-35.40195373818,
    -4.394351274828));
#4327 = CARTESIAN_POINT('',(38.724358611533,-35.51784772439,
    -4.457306946979));
#4328 = CARTESIAN_POINT('',(38.789829202759,-35.56458823056,
    -4.480737352831));
#4329 = CARTESIAN_POINT('',(38.853509569078,-35.61420495742,
    -4.50372782721));
#4330 = CARTESIAN_POINT('',(38.915242266904,-35.66663015739,
    -4.526212479965));
#4331 = CARTESIAN_POINT('',(38.974866060348,-35.72177967674,
    -4.548133871759));
#4332 = CARTESIAN_POINT('',(39.032218550211,-35.77954864178,
    -4.569444643856));
#4333 = ORIENTED_EDGE('',*,*,#4334,.T.);
#4334 = EDGE_CURVE('',#4263,#4335,#4337,.T.);
#4335 = VERTEX_POINT('',#4336);
#4336 = CARTESIAN_POINT('',(38.65,-34.86917808219,-4.415525114155));
#4337 = B_SPLINE_CURVE_WITH_KNOTS('',7,(#4338,#4339,#4340,#4341,#4342,
    #4343,#4344,#4345),.UNSPECIFIED.,.F.,.F.,(8,8),(0.,1.),
  .PIECEWISE_BEZIER_KNOTS.);
#4338 = CARTESIAN_POINT('',(38.65,-36.25,-4.487667593629));
#4339 = CARTESIAN_POINT('',(38.65,-36.05232548648,-4.4690000522));
#4340 = CARTESIAN_POINT('',(38.65,-35.85467438419,-4.45265389898));
#4341 = CARTESIAN_POINT('',(38.65,-35.65706584367,-4.438829772237));
#4342 = CARTESIAN_POINT('',(38.65,-35.45956478661,-4.427782998171));
#4343 = CARTESIAN_POINT('',(38.65,-35.26228913954,-4.419865392032));
#4344 = CARTESIAN_POINT('',(38.65,-35.0654089875,-4.415525114155));
#4345 = CARTESIAN_POINT('',(38.65,-34.86917808219,-4.415525114155));
#4346 = ORIENTED_EDGE('',*,*,#4347,.T.);
#4347 = EDGE_CURVE('',#4335,#4197,#4348,.T.);
#4348 = B_SPLINE_CURVE_WITH_KNOTS('',1,(#4349,#4350),.UNSPECIFIED.,.F.,
  .F.,(2,2),(0.,1.),.PIECEWISE_BEZIER_KNOTS.);
#4349 = CARTESIAN_POINT('',(40.25,-36.25,-5.));
#4350 = CARTESIAN_POINT('',(29.3,-26.8,-1.));
#4351 = ORIENTED_EDGE('',*,*,#4196,.T.);
#4352 = B_SPLINE_SURFACE_WITH_KNOTS('',8,1,(
    (#4353,#4354)
    ,(#4355,#4356)
    ,(#4357,#4358)
    ,(#4359,#4360)
    ,(#4361,#4362)
    ,(#4363,#4364)
    ,(#4365,#4366)
    ,(#4367,#4368)
    ,(#4369,#4370
    )),.UNSPECIFIED.,.F.,.F.,.F.,(9,9),(2,2),(0.,1.570796326795),(0.,1.)
  ,.PIECEWISE_BEZIER_KNOTS.);
#4353 = CARTESIAN_POINT('',(36.25,-40.25,-5.));
#4354 = CARTESIAN_POINT('',(26.8,-29.3,-1.));
#4355 = CARTESIAN_POINT('',(37.035398163397,-40.25,-5.));
#4356 = CARTESIAN_POINT('',(27.290873852123,-29.3,-1.));
#4357 = CARTESIAN_POINT('',(37.820796574017,-40.07375684415,-5.));
#4358 = CARTESIAN_POINT('',(27.781747858761,-29.18984802759,-1.));
#4359 = CARTESIAN_POINT('',(38.56005293734,-39.72127226348,-5.));
#4360 = CARTESIAN_POINT('',(28.243783085838,-28.96954516467,-1.));
#4361 = CARTESIAN_POINT('',(39.20703502312,-39.20703502311,-5.));
#4362 = CARTESIAN_POINT('',(28.64814688945,-28.64814688945,-1.));
#4363 = CARTESIAN_POINT('',(39.721272263485,-38.56005293734,-5.));
#4364 = CARTESIAN_POINT('',(28.969545164678,-28.24378308583,-1.));
#4365 = CARTESIAN_POINT('',(40.073756844155,-37.82079657401,-5.));
#4366 = CARTESIAN_POINT('',(29.189848027597,-27.78174785876,-1.));
#4367 = CARTESIAN_POINT('',(40.25,-37.03539816339,-5.));
#4368 = CARTESIAN_POINT('',(29.3,-27.29087385212,-1.));
#4369 = CARTESIAN_POINT('',(40.25,-36.25,-5.));
#4370 = CARTESIAN_POINT('',(29.3,-26.8,-1.));
#4371 = ADVANCED_FACE('',(#4372),#4398,.T.);
#4372 = FACE_BOUND('',#4373,.T.);
#4373 = EDGE_LOOP('',(#4374,#4380,#4381,#4387,#4388,#4389,#4390,#4396,
    #4397));
#4374 = ORIENTED_EDGE('',*,*,#4375,.F.);
#4375 = EDGE_CURVE('',#3272,#4250,#4376,.T.);
#4376 = LINE('',#4377,#4378);
#4377 = CARTESIAN_POINT('',(35.469326542369,-38.65,-9.));
#4378 = VECTOR('',#4379,1.);
#4379 = DIRECTION('',(0.,0.,1.));
#4380 = ORIENTED_EDGE('',*,*,#3271,.T.);
#4381 = ORIENTED_EDGE('',*,*,#4382,.F.);
#4382 = EDGE_CURVE('',#3537,#3264,#4383,.T.);
#4383 = LINE('',#4384,#4385);
#4384 = CARTESIAN_POINT('',(4.05,-38.65,-9.55));
#4385 = VECTOR('',#4386,1.);
#4386 = DIRECTION('',(-0.,0.,-1.));
#4387 = ORIENTED_EDGE('',*,*,#3536,.T.);
#4388 = ORIENTED_EDGE('',*,*,#3576,.F.);
#4389 = ORIENTED_EDGE('',*,*,#3600,.F.);
#4390 = ORIENTED_EDGE('',*,*,#4391,.F.);
#4391 = EDGE_CURVE('',#3038,#3601,#4392,.T.);
#4392 = LINE('',#4393,#4394);
#4393 = CARTESIAN_POINT('',(4.05,-38.65,-9.55));
#4394 = VECTOR('',#4395,1.);
#4395 = DIRECTION('',(-0.,0.,-1.));
#4396 = ORIENTED_EDGE('',*,*,#3044,.F.);
#4397 = ORIENTED_EDGE('',*,*,#4249,.F.);
#4398 = PLANE('',#4399);
#4399 = AXIS2_PLACEMENT_3D('',#4400,#4401,#4402);
#4400 = CARTESIAN_POINT('',(-36.25,-38.65,-10.));
#4401 = DIRECTION('',(0.,1.,0.));
#4402 = DIRECTION('',(1.,0.,0.));
#4403 = ADVANCED_FACE('',(#4404),#4431,.F.);
#4404 = FACE_BOUND('',#4405,.F.);
#4405 = EDGE_LOOP('',(#4406,#4414,#4415,#4416,#4417,#4425));
#4406 = ORIENTED_EDGE('',*,*,#4407,.F.);
#4407 = EDGE_CURVE('',#3609,#4408,#4410,.T.);
#4408 = VERTEX_POINT('',#4409);
#4409 = CARTESIAN_POINT('',(4.05,-39.65,-3.2));
#4410 = LINE('',#4411,#4412);
#4411 = CARTESIAN_POINT('',(4.05,-39.65,-9.1));
#4412 = VECTOR('',#4413,1.);
#4413 = DIRECTION('',(0.,0.,1.));
#4414 = ORIENTED_EDGE('',*,*,#3608,.F.);
#4415 = ORIENTED_EDGE('',*,*,#4391,.F.);
#4416 = ORIENTED_EDGE('',*,*,#3037,.T.);
#4417 = ORIENTED_EDGE('',*,*,#4418,.T.);
#4418 = EDGE_CURVE('',#3031,#4419,#4421,.T.);
#4419 = VERTEX_POINT('',#4420);
#4420 = CARTESIAN_POINT('',(4.05,-38.64,-3.2));
#4421 = LINE('',#4422,#4423);
#4422 = CARTESIAN_POINT('',(4.05,-38.64,-9.1));
#4423 = VECTOR('',#4424,1.);
#4424 = DIRECTION('',(0.,0.,1.));
#4425 = ORIENTED_EDGE('',*,*,#4426,.F.);
#4426 = EDGE_CURVE('',#4408,#4419,#4427,.T.);
#4427 = LINE('',#4428,#4429);
#4428 = CARTESIAN_POINT('',(4.05,-39.65,-3.2));
#4429 = VECTOR('',#4430,1.);
#4430 = DIRECTION('',(-0.,1.,0.));
#4431 = PLANE('',#4432);
#4432 = AXIS2_PLACEMENT_3D('',#4433,#4434,#4435);
#4433 = CARTESIAN_POINT('',(4.05,-39.65,-9.1));
#4434 = DIRECTION('',(1.,0.,-0.));
#4435 = DIRECTION('',(0.,0.,1.));
#4436 = ADVANCED_FACE('',(#4437),#4455,.F.);
#4437 = FACE_BOUND('',#4438,.F.);
#4438 = EDGE_LOOP('',(#4439,#4440,#4448,#4454));
#4439 = ORIENTED_EDGE('',*,*,#3030,.T.);
#4440 = ORIENTED_EDGE('',*,*,#4441,.T.);
#4441 = EDGE_CURVE('',#3024,#4442,#4444,.T.);
#4442 = VERTEX_POINT('',#4443);
#4443 = CARTESIAN_POINT('',(-9.89,-38.64,-3.2));
#4444 = LINE('',#4445,#4446);
#4445 = CARTESIAN_POINT('',(-9.89,-38.64,-9.1));
#4446 = VECTOR('',#4447,1.);
#4447 = DIRECTION('',(0.,0.,1.));
#4448 = ORIENTED_EDGE('',*,*,#4449,.T.);
#4449 = EDGE_CURVE('',#4442,#4419,#4450,.T.);
#4450 = LINE('',#4451,#4452);
#4451 = CARTESIAN_POINT('',(-9.89,-38.64,-3.2));
#4452 = VECTOR('',#4453,1.);
#4453 = DIRECTION('',(1.,0.,-0.));
#4454 = ORIENTED_EDGE('',*,*,#4418,.F.);
#4455 = PLANE('',#4456);
#4456 = AXIS2_PLACEMENT_3D('',#4457,#4458,#4459);
#4457 = CARTESIAN_POINT('',(-9.89,-38.64,-9.1));
#4458 = DIRECTION('',(-0.,1.,0.));
#4459 = DIRECTION('',(0.,0.,1.));
#4460 = ADVANCED_FACE('',(#4461),#4486,.T.);
#4461 = FACE_BOUND('',#4462,.T.);
#4462 = EDGE_LOOP('',(#4463,#4471,#4472,#4478,#4479,#4480));
#4463 = ORIENTED_EDGE('',*,*,#4464,.F.);
#4464 = EDGE_CURVE('',#3248,#4465,#4467,.T.);
#4465 = VERTEX_POINT('',#4466);
#4466 = CARTESIAN_POINT('',(-9.89,-39.65,-3.2));
#4467 = LINE('',#4468,#4469);
#4468 = CARTESIAN_POINT('',(-9.89,-39.65,-9.1));
#4469 = VECTOR('',#4470,1.);
#4470 = DIRECTION('',(0.,0.,1.));
#4471 = ORIENTED_EDGE('',*,*,#3247,.F.);
#4472 = ORIENTED_EDGE('',*,*,#4473,.F.);
#4473 = EDGE_CURVE('',#3017,#3240,#4474,.T.);
#4474 = LINE('',#4475,#4476);
#4475 = CARTESIAN_POINT('',(-9.89,-38.65,-9.55));
#4476 = VECTOR('',#4477,1.);
#4477 = DIRECTION('',(-0.,0.,-1.));
#4478 = ORIENTED_EDGE('',*,*,#3023,.T.);
#4479 = ORIENTED_EDGE('',*,*,#4441,.T.);
#4480 = ORIENTED_EDGE('',*,*,#4481,.F.);
#4481 = EDGE_CURVE('',#4465,#4442,#4482,.T.);
#4482 = LINE('',#4483,#4484);
#4483 = CARTESIAN_POINT('',(-9.89,-39.65,-3.2));
#4484 = VECTOR('',#4485,1.);
#4485 = DIRECTION('',(-0.,1.,0.));
#4486 = PLANE('',#4487);
#4487 = AXIS2_PLACEMENT_3D('',#4488,#4489,#4490);
#4488 = CARTESIAN_POINT('',(-9.89,-39.65,-9.1));
#4489 = DIRECTION('',(1.,0.,-0.));
#4490 = DIRECTION('',(0.,0.,1.));
#4491 = ADVANCED_FACE('',(#4492),#4504,.T.);
#4492 = FACE_BOUND('',#4493,.T.);
#4493 = EDGE_LOOP('',(#4494,#4495,#4496,#4502,#4503));
#4494 = ORIENTED_EDGE('',*,*,#4473,.T.);
#4495 = ORIENTED_EDGE('',*,*,#3239,.T.);
#4496 = ORIENTED_EDGE('',*,*,#4497,.T.);
#4497 = EDGE_CURVE('',#3231,#4009,#4498,.T.);
#4498 = LINE('',#4499,#4500);
#4499 = CARTESIAN_POINT('',(-35.46932654236,-38.65,-9.));
#4500 = VECTOR('',#4501,1.);
#4501 = DIRECTION('',(0.,0.,1.));
#4502 = ORIENTED_EDGE('',*,*,#4027,.T.);
#4503 = ORIENTED_EDGE('',*,*,#3016,.F.);
#4504 = PLANE('',#4505);
#4505 = AXIS2_PLACEMENT_3D('',#4506,#4507,#4508);
#4506 = CARTESIAN_POINT('',(-36.25,-38.65,-10.));
#4507 = DIRECTION('',(0.,1.,0.));
#4508 = DIRECTION('',(1.,0.,0.));
#4509 = ADVANCED_FACE('',(#4510),#4529,.F.);
#4510 = FACE_BOUND('',#4511,.F.);
#4511 = EDGE_LOOP('',(#4512,#4520,#4527,#4528));
#4512 = ORIENTED_EDGE('',*,*,#4513,.T.);
#4513 = EDGE_CURVE('',#3158,#4514,#4516,.T.);
#4514 = VERTEX_POINT('',#4515);
#4515 = CARTESIAN_POINT('',(38.7,-37.4,-3.));
#4516 = LINE('',#4517,#4518);
#4517 = CARTESIAN_POINT('',(38.7,-37.4,-10.));
#4518 = VECTOR('',#4519,1.);
#4519 = DIRECTION('',(0.,0.,1.));
#4520 = ORIENTED_EDGE('',*,*,#4521,.F.);
#4521 = EDGE_CURVE('',#4514,#4514,#4522,.T.);
#4522 = CIRCLE('',#4523,1.3);
#4523 = AXIS2_PLACEMENT_3D('',#4524,#4525,#4526);
#4524 = CARTESIAN_POINT('',(37.4,-37.4,-3.));
#4525 = DIRECTION('',(0.,0.,1.));
#4526 = DIRECTION('',(1.,0.,-0.));
#4527 = ORIENTED_EDGE('',*,*,#4513,.F.);
#4528 = ORIENTED_EDGE('',*,*,#3157,.T.);
#4529 = CYLINDRICAL_SURFACE('',#4530,1.3);
#4530 = AXIS2_PLACEMENT_3D('',#4531,#4532,#4533);
#4531 = CARTESIAN_POINT('',(37.4,-37.4,-10.));
#4532 = DIRECTION('',(0.,0.,1.));
#4533 = DIRECTION('',(1.,0.,-0.));
#4534 = ADVANCED_FACE('',(#4535),#4571,.T.);
#4535 = FACE_BOUND('',#4536,.T.);
#4536 = EDGE_LOOP('',(#4537,#4545,#4546,#4552,#4553,#4560));
#4537 = ORIENTED_EDGE('',*,*,#4538,.F.);
#4538 = EDGE_CURVE('',#3169,#4539,#4541,.T.);
#4539 = VERTEX_POINT('',#4540);
#4540 = CARTESIAN_POINT('',(38.65,35.469326542369,-4.43093987255));
#4541 = LINE('',#4542,#4543);
#4542 = CARTESIAN_POINT('',(38.65,35.469326542369,-9.));
#4543 = VECTOR('',#4544,1.);
#4544 = DIRECTION('',(0.,0.,1.));
#4545 = ORIENTED_EDGE('',*,*,#3168,.T.);
#4546 = ORIENTED_EDGE('',*,*,#4547,.T.);
#4547 = EDGE_CURVE('',#3171,#4263,#4548,.T.);
#4548 = LINE('',#4549,#4550);
#4549 = CARTESIAN_POINT('',(38.65,-35.46932654236,-9.));
#4550 = VECTOR('',#4551,1.);
#4551 = DIRECTION('',(0.,0.,1.));
#4552 = ORIENTED_EDGE('',*,*,#4334,.T.);
#4553 = ORIENTED_EDGE('',*,*,#4554,.F.);
#4554 = EDGE_CURVE('',#4555,#4335,#4557,.T.);
#4555 = VERTEX_POINT('',#4556);
#4556 = CARTESIAN_POINT('',(38.65,34.869178082192,-4.415525114155));
#4557 = B_SPLINE_CURVE_WITH_KNOTS('',1,(#4558,#4559),.UNSPECIFIED.,.F.,
  .F.,(2,2),(0.,1.),.PIECEWISE_BEZIER_KNOTS.);
#4558 = CARTESIAN_POINT('',(38.65,34.869178082192,-4.415525114155));
#4559 = CARTESIAN_POINT('',(38.65,-34.86917808219,-4.415525114155));
#4560 = ORIENTED_EDGE('',*,*,#4561,.F.);
#4561 = EDGE_CURVE('',#4539,#4555,#4562,.T.);
#4562 = B_SPLINE_CURVE_WITH_KNOTS('',7,(#4563,#4564,#4565,#4566,#4567,
    #4568,#4569,#4570),.UNSPECIFIED.,.F.,.F.,(8,8),(0.,1.),
  .PIECEWISE_BEZIER_KNOTS.);
#4563 = CARTESIAN_POINT('',(38.65,36.25,-4.487667593629));
#4564 = CARTESIAN_POINT('',(38.65,36.052325486483,-4.4690000522));
#4565 = CARTESIAN_POINT('',(38.65,35.854674384195,-4.45265389898));
#4566 = CARTESIAN_POINT('',(38.65,35.657065843678,-4.438829772237));
#4567 = CARTESIAN_POINT('',(38.65,35.459564786619,-4.427782998171));
#4568 = CARTESIAN_POINT('',(38.65,35.262289139542,-4.419865392032));
#4569 = CARTESIAN_POINT('',(38.65,35.065408987509,-4.415525114155));
#4570 = CARTESIAN_POINT('',(38.65,34.869178082192,-4.415525114155));
#4571 = PLANE('',#4572);
#4572 = AXIS2_PLACEMENT_3D('',#4573,#4574,#4575);
#4573 = CARTESIAN_POINT('',(38.65,-36.25,-10.));
#4574 = DIRECTION('',(-1.,0.,0.));
#4575 = DIRECTION('',(0.,1.,0.));
#4576 = ADVANCED_FACE('',(#4577),#4583,.T.);
#4577 = FACE_BOUND('',#4578,.T.);
#4578 = EDGE_LOOP('',(#4579,#4580,#4581,#4582));
#4579 = ORIENTED_EDGE('',*,*,#4547,.F.);
#4580 = ORIENTED_EDGE('',*,*,#3279,.T.);
#4581 = ORIENTED_EDGE('',*,*,#4375,.T.);
#4582 = ORIENTED_EDGE('',*,*,#4262,.T.);
#4583 = CYLINDRICAL_SURFACE('',#4584,2.3);
#4584 = AXIS2_PLACEMENT_3D('',#4585,#4586,#4587);
#4585 = CARTESIAN_POINT('',(37.4,-37.4,-9.));
#4586 = DIRECTION('',(0.,0.,1.));
#4587 = DIRECTION('',(1.,0.,-0.));
#4588 = ADVANCED_FACE('',(#4589),#4600,.F.);
#4589 = FACE_BOUND('',#4590,.F.);
#4590 = EDGE_LOOP('',(#4591,#4597,#4598,#4599));
#4591 = ORIENTED_EDGE('',*,*,#4592,.F.);
#4592 = EDGE_CURVE('',#3256,#3545,#4593,.T.);
#4593 = LINE('',#4594,#4595);
#4594 = CARTESIAN_POINT('',(4.05,-39.65,-9.1));
#4595 = VECTOR('',#4596,1.);
#4596 = DIRECTION('',(0.,0.,1.));
#4597 = ORIENTED_EDGE('',*,*,#3263,.F.);
#4598 = ORIENTED_EDGE('',*,*,#4382,.F.);
#4599 = ORIENTED_EDGE('',*,*,#3544,.T.);
#4600 = PLANE('',#4601);
#4601 = AXIS2_PLACEMENT_3D('',#4602,#4603,#4604);
#4602 = CARTESIAN_POINT('',(4.05,-39.65,-9.1));
#4603 = DIRECTION('',(1.,0.,-0.));
#4604 = DIRECTION('',(0.,0.,1.));
#4605 = ADVANCED_FACE('',(#4606,#4621,#4627),#4633,.T.);
#4606 = FACE_BOUND('',#4607,.T.);
#4607 = EDGE_LOOP('',(#4608,#4609,#4610,#4611,#4617,#4618,#4619,#4620));
#4608 = ORIENTED_EDGE('',*,*,#4592,.F.);
#4609 = ORIENTED_EDGE('',*,*,#3255,.F.);
#4610 = ORIENTED_EDGE('',*,*,#4464,.T.);
#4611 = ORIENTED_EDGE('',*,*,#4612,.T.);
#4612 = EDGE_CURVE('',#4465,#4408,#4613,.T.);
#4613 = LINE('',#4614,#4615);
#4614 = CARTESIAN_POINT('',(-9.89,-39.65,-3.2));
#4615 = VECTOR('',#4616,1.);
#4616 = DIRECTION('',(1.,0.,-0.));
#4617 = ORIENTED_EDGE('',*,*,#4407,.F.);
#4618 = ORIENTED_EDGE('',*,*,#3616,.F.);
#4619 = ORIENTED_EDGE('',*,*,#3633,.T.);
#4620 = ORIENTED_EDGE('',*,*,#3552,.T.);
#4621 = FACE_BOUND('',#4622,.T.);
#4622 = EDGE_LOOP('',(#4623,#4624,#4625,#4626));
#4623 = ORIENTED_EDGE('',*,*,#3392,.F.);
#4624 = ORIENTED_EDGE('',*,*,#3409,.T.);
#4625 = ORIENTED_EDGE('',*,*,#3344,.T.);
#4626 = ORIENTED_EDGE('',*,*,#3368,.F.);
#4627 = FACE_BOUND('',#4628,.T.);
#4628 = EDGE_LOOP('',(#4629,#4630,#4631,#4632));
#4629 = ORIENTED_EDGE('',*,*,#3488,.F.);
#4630 = ORIENTED_EDGE('',*,*,#3505,.T.);
#4631 = ORIENTED_EDGE('',*,*,#3440,.T.);
#4632 = ORIENTED_EDGE('',*,*,#3464,.F.);
#4633 = PLANE('',#4634);
#4634 = AXIS2_PLACEMENT_3D('',#4635,#4636,#4637);
#4635 = CARTESIAN_POINT('',(-9.89,-39.65,-9.1));
#4636 = DIRECTION('',(-0.,1.,0.));
#4637 = DIRECTION('',(0.,0.,1.));
#4638 = ADVANCED_FACE('',(#4639),#4652,.T.);
#4639 = FACE_BOUND('',#4640,.T.);
#4640 = EDGE_LOOP('',(#4641,#4642,#4643,#4644,#4645,#4651));
#4641 = ORIENTED_EDGE('',*,*,#4008,.T.);
#4642 = ORIENTED_EDGE('',*,*,#4497,.F.);
#4643 = ORIENTED_EDGE('',*,*,#3230,.T.);
#4644 = ORIENTED_EDGE('',*,*,#3221,.T.);
#4645 = ORIENTED_EDGE('',*,*,#4646,.T.);
#4646 = EDGE_CURVE('',#3214,#3949,#4647,.T.);
#4647 = LINE('',#4648,#4649);
#4648 = CARTESIAN_POINT('',(-38.65,-35.46932654236,-9.));
#4649 = VECTOR('',#4650,1.);
#4650 = DIRECTION('',(0.,0.,1.));
#4651 = ORIENTED_EDGE('',*,*,#3961,.T.);
#4652 = CYLINDRICAL_SURFACE('',#4653,2.3);
#4653 = AXIS2_PLACEMENT_3D('',#4654,#4655,#4656);
#4654 = CARTESIAN_POINT('',(-37.4,-37.4,-9.));
#4655 = DIRECTION('',(0.,0.,1.));
#4656 = DIRECTION('',(1.,0.,-0.));
#4657 = ADVANCED_FACE('',(#4658),#4689,.T.);
#4658 = FACE_BOUND('',#4659,.T.);
#4659 = EDGE_LOOP('',(#4660,#4661,#4662,#4670,#4683,#4688));
#4660 = ORIENTED_EDGE('',*,*,#4646,.F.);
#4661 = ORIENTED_EDGE('',*,*,#3213,.T.);
#4662 = ORIENTED_EDGE('',*,*,#4663,.T.);
#4663 = EDGE_CURVE('',#3205,#4664,#4666,.T.);
#4664 = VERTEX_POINT('',#4665);
#4665 = CARTESIAN_POINT('',(-38.65,35.469326542369,-4.43093987255));
#4666 = LINE('',#4667,#4668);
#4667 = CARTESIAN_POINT('',(-38.65,35.469326542369,-9.));
#4668 = VECTOR('',#4669,1.);
#4669 = DIRECTION('',(0.,0.,1.));
#4670 = ORIENTED_EDGE('',*,*,#4671,.T.);
#4671 = EDGE_CURVE('',#4664,#4672,#4674,.T.);
#4672 = VERTEX_POINT('',#4673);
#4673 = CARTESIAN_POINT('',(-38.65,34.869178082192,-4.415525114155));
#4674 = B_SPLINE_CURVE_WITH_KNOTS('',7,(#4675,#4676,#4677,#4678,#4679,
    #4680,#4681,#4682),.UNSPECIFIED.,.F.,.F.,(8,8),(0.,1.),
  .PIECEWISE_BEZIER_KNOTS.);
#4675 = CARTESIAN_POINT('',(-38.65,36.25,-4.487667593629));
#4676 = CARTESIAN_POINT('',(-38.65,36.052325486483,-4.4690000522));
#4677 = CARTESIAN_POINT('',(-38.65,35.854674384195,-4.45265389898));
#4678 = CARTESIAN_POINT('',(-38.65,35.657065843679,-4.438829772237));
#4679 = CARTESIAN_POINT('',(-38.65,35.459564786618,-4.427782998171));
#4680 = CARTESIAN_POINT('',(-38.65,35.262289139542,-4.419865392032));
#4681 = CARTESIAN_POINT('',(-38.65,35.065408987509,-4.415525114155));
#4682 = CARTESIAN_POINT('',(-38.65,34.869178082192,-4.415525114155));
#4683 = ORIENTED_EDGE('',*,*,#4684,.F.);
#4684 = EDGE_CURVE('',#3940,#4672,#4685,.T.);
#4685 = B_SPLINE_CURVE_WITH_KNOTS('',1,(#4686,#4687),.UNSPECIFIED.,.F.,
  .F.,(2,2),(0.,1.),.PIECEWISE_BEZIER_KNOTS.);
#4686 = CARTESIAN_POINT('',(-38.65,-34.86917808219,-4.415525114155));
#4687 = CARTESIAN_POINT('',(-38.65,34.869178082192,-4.415525114155));
#4688 = ORIENTED_EDGE('',*,*,#3948,.F.);
#4689 = PLANE('',#4690);
#4690 = AXIS2_PLACEMENT_3D('',#4691,#4692,#4693);
#4691 = CARTESIAN_POINT('',(-38.65,36.25,-10.));
#4692 = DIRECTION('',(1.,0.,-0.));
#4693 = DIRECTION('',(0.,-1.,0.));
#4694 = ADVANCED_FACE('',(#4695),#4772,.T.);
#4695 = FACE_BOUND('',#4696,.T.);
#4696 = EDGE_LOOP('',(#4697,#4744,#4745,#4746,#4747,#4755));
#4697 = ORIENTED_EDGE('',*,*,#4698,.T.);
#4698 = EDGE_CURVE('',#4699,#4664,#4701,.T.);
#4699 = VERTEX_POINT('',#4700);
#4700 = CARTESIAN_POINT('',(-35.1,37.4,-4.026960102816));
#4701 = B_SPLINE_CURVE_WITH_KNOTS('',5,(#4702,#4703,#4704,#4705,#4706,
    #4707,#4708,#4709,#4710,#4711,#4712,#4713,#4714,#4715,#4716,#4717,
    #4718,#4719,#4720,#4721,#4722,#4723,#4724,#4725,#4726,#4727,#4728,
    #4729,#4730,#4731,#4732,#4733,#4734,#4735,#4736,#4737,#4738,#4739,
    #4740,#4741,#4742,#4743),.UNSPECIFIED.,.F.,.F.,(6,4,4,4,4,4,4,4,4,4,
    6),(0.,0.140568868107,0.204381197709,0.329709523601,0.423802663449,
    0.466404957379,0.536708737835,0.609663530053,0.763024636795,
    0.910421874535,1.),.UNSPECIFIED.);
#4702 = CARTESIAN_POINT('',(-35.1,37.4,-4.026960102816));
#4703 = CARTESIAN_POINT('',(-35.1,37.250251918766,-3.98471462176));
#4704 = CARTESIAN_POINT('',(-35.11218754667,37.099874722174,
    -3.944684944239));
#4705 = CARTESIAN_POINT('',(-35.13676564105,36.949908418241,
    -3.907591850787));
#4706 = CARTESIAN_POINT('',(-35.17391361767,36.801608950171,
    -3.87419273099));
#4707 = CARTESIAN_POINT('',(-35.24601959251,36.590544681795,
    -3.831970656983));
#4708 = CARTESIAN_POINT('',(-35.27109660578,36.525293341248,
    -3.819686736796));
#4709 = CARTESIAN_POINT('',(-35.29872443867,36.460828988999,
    -3.808364042617));
#4710 = CARTESIAN_POINT('',(-35.32887607659,36.397298956613,
    -3.798060523959));
#4711 = CARTESIAN_POINT('',(-35.42558423088,36.212216743359,
    -3.770688239826));
#4712 = CARTESIAN_POINT('',(-35.4992255015,36.09375123242,
    -3.756670226687));
#4713 = CARTESIAN_POINT('',(-35.58204345808,35.980659786403,
    -3.747154506444));
#4714 = CARTESIAN_POINT('',(-35.67338711223,35.874093520241,
    -3.742369841227));
#4715 = CARTESIAN_POINT('',(-35.84647865804,35.700703262548,
    -3.742275949888));
#4716 = CARTESIAN_POINT('',(-35.92495429772,35.630583390261,
    -3.744902316991));
#4717 = CARTESIAN_POINT('',(-36.00726217083,35.565116800747,
    -3.750196148092));
#4718 = CARTESIAN_POINT('',(-36.09293147356,35.504619529338,
    -3.758086683645));
#4719 = CARTESIAN_POINT('',(-36.22154106114,35.424280374548,
    -3.773136052951));
#4720 = CARTESIAN_POINT('',(-36.26221019107,35.40030669036,
    -3.778332502653));
#4721 = CARTESIAN_POINT('',(-36.30342037559,35.377418052664,
    -3.784023292465));
#4722 = CARTESIAN_POINT('',(-36.34512616952,35.355630716848,
    -3.790194672353));
#4723 = CARTESIAN_POINT('',(-36.45685030065,35.300840101985,
    -3.807782465777));
#4724 = CARTESIAN_POINT('',(-36.5276454321,35.269755574491,
    -3.82000022223));
#4725 = CARTESIAN_POINT('',(-36.59946564536,35.241758573131,
    -3.833414336654));
#4726 = CARTESIAN_POINT('',(-36.67211817539,35.216874873908,
    -3.847943593262));
#4727 = CARTESIAN_POINT('',(-36.82149286706,35.172529224654,
    -3.879646478063));
#4728 = CARTESIAN_POINT('',(-36.89826535585,35.153307044107,
    -3.89689919734));
#4729 = CARTESIAN_POINT('',(-36.97554151308,35.137454083817,
    -3.915163657541));
#4730 = CARTESIAN_POINT('',(-37.05313831946,35.124957980951,
    -3.934338133636));
#4731 = CARTESIAN_POINT('',(-37.29433445145,35.096541792416,
    -3.996327221945));
#4732 = CARTESIAN_POINT('',(-37.45844115464,35.092029779791,
    -4.041899347892));
#4733 = CARTESIAN_POINT('',(-37.62172079501,35.102051689028,
    -4.090103878404));
#4734 = CARTESIAN_POINT('',(-37.78288090142,35.126285464203,
    -4.139973974754));
#4735 = CARTESIAN_POINT('',(-38.09244928896,35.20116438311,
    -4.239311408426));
#4736 = CARTESIAN_POINT('',(-38.24108643128,35.250740518285,
    -4.288711533251));
#4737 = CARTESIAN_POINT('',(-38.38557733007,35.312948066092,
    -4.338041775972));
#4738 = CARTESIAN_POINT('',(-38.52473702617,35.387536666974,
    -4.386519665626));
#4739 = CARTESIAN_POINT('',(-38.7377805703,35.526609450422,
    -4.462066472208));
#4740 = CARTESIAN_POINT('',(-38.81585351898,35.583577620631,
    -4.490072793143));
#4741 = CARTESIAN_POINT('',(-38.89116561916,35.644832294224,
    -4.517382861278));
#4742 = CARTESIAN_POINT('',(-38.96339556237,35.71022588374,
    -4.543871717339));
#4743 = CARTESIAN_POINT('',(-39.03221855021,35.779548641783,
    -4.569444643856));
#4744 = ORIENTED_EDGE('',*,*,#4663,.F.);
#4745 = ORIENTED_EDGE('',*,*,#3204,.T.);
#4746 = ORIENTED_EDGE('',*,*,#3195,.T.);
#4747 = ORIENTED_EDGE('',*,*,#4748,.T.);
#4748 = EDGE_CURVE('',#3188,#4749,#4751,.T.);
#4749 = VERTEX_POINT('',#4750);
#4750 = CARTESIAN_POINT('',(-35.46932654236,38.65,-4.43093987255));
#4751 = LINE('',#4752,#4753);
#4752 = CARTESIAN_POINT('',(-35.46932654236,38.65,-9.));
#4753 = VECTOR('',#4754,1.);
#4754 = DIRECTION('',(0.,0.,1.));
#4755 = ORIENTED_EDGE('',*,*,#4756,.T.);
#4756 = EDGE_CURVE('',#4749,#4699,#4757,.T.);
#4757 = B_SPLINE_CURVE_WITH_KNOTS('',5,(#4758,#4759,#4760,#4761,#4762,
    #4763,#4764,#4765,#4766,#4767,#4768,#4769,#4770,#4771),
  .UNSPECIFIED.,.F.,.F.,(6,4,4,6),(0.,0.267064863766,0.69728026269,1.),
  .UNSPECIFIED.);
#4758 = CARTESIAN_POINT('',(-35.77954864178,39.032218550211,
    -4.569444643856));
#4759 = CARTESIAN_POINT('',(-35.70930546191,38.962481776166,
    -4.543532176899));
#4760 = CARTESIAN_POINT('',(-35.64309653358,38.889247023654,
    -4.516679317719));
#4761 = CARTESIAN_POINT('',(-35.58113999266,38.81285216587,
    -4.488984577822));
#4762 = CARTESIAN_POINT('',(-35.52358852284,38.733631356913,
    -4.460578380958));
#4763 = CARTESIAN_POINT('',(-35.38512828199,38.520234523459,
    -4.384951507036));
#4764 = CARTESIAN_POINT('',(-35.31143492008,38.382060410478,
    -4.336841212186));
#4765 = CARTESIAN_POINT('',(-35.24992905973,38.238659056456,
    -4.287904646573));
#4766 = CARTESIAN_POINT('',(-35.20085525235,38.091185964311,
    -4.238905575252));
#4767 = CARTESIAN_POINT('',(-35.13884251189,37.834784564416,
    -4.156629659938));
#4768 = CARTESIAN_POINT('',(-35.11950622021,37.727391725154,
    -4.122998976351));
#4769 = CARTESIAN_POINT('',(-35.10652914327,37.618872576559,
    -4.089988385796));
#4770 = CARTESIAN_POINT('',(-35.1,37.509606659621,-4.057881274055));
#4771 = CARTESIAN_POINT('',(-35.1,37.4,-4.026960102816));
#4772 = CYLINDRICAL_SURFACE('',#4773,2.3);
#4773 = AXIS2_PLACEMENT_3D('',#4774,#4775,#4776);
#4774 = CARTESIAN_POINT('',(-37.4,37.4,-9.));
#4775 = DIRECTION('',(0.,0.,1.));
#4776 = DIRECTION('',(1.,0.,-0.));
#4777 = ADVANCED_FACE('',(#4778),#4821,.T.);
#4778 = FACE_BOUND('',#4779,.T.);
#4779 = EDGE_LOOP('',(#4780,#4781,#4782,#4790,#4803,#4810));
#4780 = ORIENTED_EDGE('',*,*,#4748,.F.);
#4781 = ORIENTED_EDGE('',*,*,#3187,.T.);
#4782 = ORIENTED_EDGE('',*,*,#4783,.T.);
#4783 = EDGE_CURVE('',#3179,#4784,#4786,.T.);
#4784 = VERTEX_POINT('',#4785);
#4785 = CARTESIAN_POINT('',(35.469326542369,38.65,-4.43093987255));
#4786 = LINE('',#4787,#4788);
#4787 = CARTESIAN_POINT('',(35.469326542369,38.65,-9.));
#4788 = VECTOR('',#4789,1.);
#4789 = DIRECTION('',(0.,0.,1.));
#4790 = ORIENTED_EDGE('',*,*,#4791,.T.);
#4791 = EDGE_CURVE('',#4784,#4792,#4794,.T.);
#4792 = VERTEX_POINT('',#4793);
#4793 = CARTESIAN_POINT('',(34.869178082192,38.65,-4.415525114155));
#4794 = B_SPLINE_CURVE_WITH_KNOTS('',7,(#4795,#4796,#4797,#4798,#4799,
    #4800,#4801,#4802),.UNSPECIFIED.,.F.,.F.,(8,8),(0.,1.),
  .PIECEWISE_BEZIER_KNOTS.);
#4795 = CARTESIAN_POINT('',(36.25,38.65,-4.487667593629));
#4796 = CARTESIAN_POINT('',(36.052325486483,38.65,-4.4690000522));
#4797 = CARTESIAN_POINT('',(35.854674384195,38.65,-4.45265389898));
#4798 = CARTESIAN_POINT('',(35.657065843679,38.65,-4.438829772237));
#4799 = CARTESIAN_POINT('',(35.459564786618,38.65,-4.427782998171));
#4800 = CARTESIAN_POINT('',(35.262289139542,38.65,-4.419865392032));
#4801 = CARTESIAN_POINT('',(35.065408987509,38.65,-4.415525114155));
#4802 = CARTESIAN_POINT('',(34.869178082192,38.65,-4.415525114155));
#4803 = ORIENTED_EDGE('',*,*,#4804,.F.);
#4804 = EDGE_CURVE('',#4805,#4792,#4807,.T.);
#4805 = VERTEX_POINT('',#4806);
#4806 = CARTESIAN_POINT('',(-34.86917808219,38.65,-4.415525114155));
#4807 = B_SPLINE_CURVE_WITH_KNOTS('',1,(#4808,#4809),.UNSPECIFIED.,.F.,
  .F.,(2,2),(0.,1.),.PIECEWISE_BEZIER_KNOTS.);
#4808 = CARTESIAN_POINT('',(-34.86917808219,38.65,-4.415525114155));
#4809 = CARTESIAN_POINT('',(34.869178082192,38.65,-4.415525114155));
#4810 = ORIENTED_EDGE('',*,*,#4811,.F.);
#4811 = EDGE_CURVE('',#4749,#4805,#4812,.T.);
#4812 = B_SPLINE_CURVE_WITH_KNOTS('',7,(#4813,#4814,#4815,#4816,#4817,
    #4818,#4819,#4820),.UNSPECIFIED.,.F.,.F.,(8,8),(0.,1.),
  .PIECEWISE_BEZIER_KNOTS.);
#4813 = CARTESIAN_POINT('',(-36.25,38.65,-4.487667593629));
#4814 = CARTESIAN_POINT('',(-36.05232548648,38.65,-4.4690000522));
#4815 = CARTESIAN_POINT('',(-35.85467438419,38.65,-4.45265389898));
#4816 = CARTESIAN_POINT('',(-35.65706584367,38.65,-4.438829772237));
#4817 = CARTESIAN_POINT('',(-35.45956478661,38.65,-4.427782998171));
#4818 = CARTESIAN_POINT('',(-35.26228913954,38.65,-4.419865392032));
#4819 = CARTESIAN_POINT('',(-35.0654089875,38.65,-4.415525114155));
#4820 = CARTESIAN_POINT('',(-34.86917808219,38.65,-4.415525114155));
#4821 = PLANE('',#4822);
#4822 = AXIS2_PLACEMENT_3D('',#4823,#4824,#4825);
#4823 = CARTESIAN_POINT('',(36.25,38.65,-10.));
#4824 = DIRECTION('',(0.,-1.,0.));
#4825 = DIRECTION('',(-1.,0.,0.));
#4826 = ADVANCED_FACE('',(#4827),#4902,.T.);
#4827 = FACE_BOUND('',#4828,.T.);
#4828 = EDGE_LOOP('',(#4829,#4830,#4831,#4832));
#4829 = ORIENTED_EDGE('',*,*,#4783,.F.);
#4830 = ORIENTED_EDGE('',*,*,#3178,.T.);
#4831 = ORIENTED_EDGE('',*,*,#4538,.T.);
#4832 = ORIENTED_EDGE('',*,*,#4833,.T.);
#4833 = EDGE_CURVE('',#4539,#4784,#4834,.T.);
#4834 = B_SPLINE_CURVE_WITH_KNOTS('',6,(#4835,#4836,#4837,#4838,#4839,
    #4840,#4841,#4842,#4843,#4844,#4845,#4846,#4847,#4848,#4849,#4850,
    #4851,#4852,#4853,#4854,#4855,#4856,#4857,#4858,#4859,#4860,#4861,
    #4862,#4863,#4864,#4865,#4866,#4867,#4868,#4869,#4870,#4871,#4872,
    #4873,#4874,#4875,#4876,#4877,#4878,#4879,#4880,#4881,#4882,#4883,
    #4884,#4885,#4886,#4887,#4888,#4889,#4890,#4891,#4892,#4893,#4894,
    #4895,#4896,#4897,#4898,#4899,#4900,#4901),.UNSPECIFIED.,.F.,.F.,(7,
    5,5,5,5,5,5,5,5,5,5,5,5,7),(0.,6.774447839965E-02,0.176874213434,
    0.291416440547,0.345872010432,0.398345055956,0.499737744603,
    0.569962889976,0.601758537367,0.654228815539,0.708677640559,
    0.82313663362,0.933144573662,1.),.UNSPECIFIED.);
#4835 = CARTESIAN_POINT('',(39.032218550245,35.779548641818,
    -4.569444643869));
#4836 = CARTESIAN_POINT('',(38.974104571913,35.721012658628,
    -4.547850921419));
#4837 = CARTESIAN_POINT('',(38.913658607939,35.665166176466,
    -4.525630270821));
#4838 = CARTESIAN_POINT('',(38.851049594921,35.612118263258,
    -4.502831947828));
#4839 = CARTESIAN_POINT('',(38.786445229756,35.561956169547,
    -4.479515845608));
#4840 = CARTESIAN_POINT('',(38.720009193239,35.514749928426,
    -4.45575074768));
#4841 = CARTESIAN_POINT('',(38.542178498749,35.399366394381,
    -4.392728352762));
#4842 = CARTESIAN_POINT('',(38.428118448451,35.335999374207,
    -4.352877977244));
#4843 = CARTESIAN_POINT('',(38.310359733782,35.280681990045,
    -4.312372929487));
#4844 = CARTESIAN_POINT('',(38.18950135939,35.233571124056,
    -4.271571622905));
#4845 = CARTESIAN_POINT('',(38.066102382855,35.19478858648,
    -4.230856576206));
#4846 = CARTESIAN_POINT('',(37.809046230791,35.132617488909,
    -4.148370559328));
#4847 = CARTESIAN_POINT('',(37.675200627619,35.110091636235,
    -4.106652745491));
#4848 = CARTESIAN_POINT('',(37.539742436497,35.097009854247,
    -4.065900088353));
#4849 = CARTESIAN_POINT('',(37.403301692683,35.093523803576,
    -4.02658289241));
#4850 = CARTESIAN_POINT('',(37.266558966911,35.09977614084,
    -3.989180025568));
#4851 = CARTESIAN_POINT('',(37.06546179982,35.123524294121,
    -3.937509521377));
#4852 = CARTESIAN_POINT('',(37.000766689021,35.133401047609,
    -3.921399167846));
#4853 = CARTESIAN_POINT('',(36.936258305942,35.145512732466,
    -3.90587898158));
#4854 = CARTESIAN_POINT('',(36.872025362294,35.159866942842,
    -3.890999850427));
#4855 = CARTESIAN_POINT('',(36.808162152836,35.17646639504,
    -3.876811726413));
#4856 = CARTESIAN_POINT('',(36.683682631325,35.213461527512,
    -3.850403335436));
#4857 = CARTESIAN_POINT('',(36.623032648857,35.233697034714,
    -3.838130208685));
#4858 = CARTESIAN_POINT('',(36.562908313732,35.256009464703,
    -3.826586476517));
#4859 = CARTESIAN_POINT('',(36.503403846216,35.280388871103,
    -3.815813583921));
#4860 = CARTESIAN_POINT('',(36.444617235768,35.306817395348,
    -3.805850243349));
#4861 = CARTESIAN_POINT('',(36.27463988639,35.39024059736,-3.77911122059
    ));
#4862 = CARTESIAN_POINT('',(36.165668579505,35.45277069923,
    -3.764641056633));
#4863 = CARTESIAN_POINT('',(36.060501096099,35.522645830647,
    -3.753580265863));
#4864 = CARTESIAN_POINT('',(35.959880529877,35.599528035344,
    -3.746119032911));
#4865 = CARTESIAN_POINT('',(35.864518649093,35.682945488079,
    -3.74236465641));
#4866 = CARTESIAN_POINT('',(35.713095573559,35.834107696149,
    -3.742282660358));
#4867 = CARTESIAN_POINT('',(35.653956681654,35.898795750466,
    -3.744026861269));
#4868 = CARTESIAN_POINT('',(35.597850096351,35.966108233255,
    -3.747549232487));
#4869 = CARTESIAN_POINT('',(35.544951044643,36.035818603708,
    -3.752826326505));
#4870 = CARTESIAN_POINT('',(35.495402734814,36.107686024562,
    -3.759813201049));
#4871 = CARTESIAN_POINT('',(35.428453439246,36.21486068048,
    -3.772354342042));
#4872 = CARTESIAN_POINT('',(35.40829791967,36.24865381227,
    -3.776600352469));
#4873 = CARTESIAN_POINT('',(35.388862372729,36.282815281141,
    -3.781177897257));
#4874 = CARTESIAN_POINT('',(35.370155608576,36.317322304684,
    -3.786080418773));
#4875 = CARTESIAN_POINT('',(35.352185072446,36.352152220128,
    -3.791300724617));
#4876 = CARTESIAN_POINT('',(35.306526226642,36.445255662648,
    -3.805957219085));
#4877 = CARTESIAN_POINT('',(35.280117084669,36.504047052564,
    -3.815927636322));
#4878 = CARTESIAN_POINT('',(35.255757074768,36.563555536288,
    -3.826707278985));
#4879 = CARTESIAN_POINT('',(35.233464007621,36.623683152873,
    -3.838257421701));
#4880 = CARTESIAN_POINT('',(35.213247788966,36.684335714557,
    -3.850536611098));
#4881 = CARTESIAN_POINT('',(35.176293081131,36.808814624162,
    -3.876955681697));
#4882 = CARTESIAN_POINT('',(35.159714438272,36.87267452351,
    -3.891148290287));
#4883 = CARTESIAN_POINT('',(35.145380564543,36.936903431652,
    -3.906031426776));
#4884 = CARTESIAN_POINT('',(35.133288716705,37.001407112328,
    -3.921555148871));
#4885 = CARTESIAN_POINT('',(35.123431282687,37.066096909482,
    -3.937668581678));
#4886 = CARTESIAN_POINT('',(35.099751125347,37.267093685787,
    -3.989326155117));
#4887 = CARTESIAN_POINT('',(35.093533784019,37.403738916672,
    -4.026708638235));
#4888 = CARTESIAN_POINT('',(35.097040734204,37.540080970987,
    -4.066001612021));
#4889 = CARTESIAN_POINT('',(35.11012961362,37.675440826391,
    -4.106727242612));
#4890 = CARTESIAN_POINT('',(35.132649107256,37.809189809997,
    -4.148416243333));
#4891 = CARTESIAN_POINT('',(35.195048205737,38.067163466048,
    -4.231197437917));
#4892 = CARTESIAN_POINT('',(35.234215138237,38.191540712622,
    -4.272244823449));
#4893 = CARTESIAN_POINT('',(35.281844290239,38.313331876134,
    -4.313376653062));
#4894 = CARTESIAN_POINT('',(35.337810930804,38.431963890922,
    -4.354201070962));
#4895 = CARTESIAN_POINT('',(35.401953735634,38.546822320294,
    -4.394351273263));
#4896 = CARTESIAN_POINT('',(35.517847721852,38.724358607971,
    -4.457306945704));
#4897 = CARTESIAN_POINT('',(35.564588228407,38.789829199996,
    -4.480737351834));
#4898 = CARTESIAN_POINT('',(35.614204955728,38.853509567078,
    -4.503727826482));
#4899 = CARTESIAN_POINT('',(35.666630156215,38.915242265629,
    -4.526212479496));
#4900 = CARTESIAN_POINT('',(35.721779676145,38.974866059752,
    -4.548133871537));
#4901 = CARTESIAN_POINT('',(35.779548641818,39.032218550245,
    -4.569444643869));
#4902 = CYLINDRICAL_SURFACE('',#4903,2.3);
#4903 = AXIS2_PLACEMENT_3D('',#4904,#4905,#4906);
#4904 = CARTESIAN_POINT('',(37.4,37.4,-9.));
#4905 = DIRECTION('',(0.,0.,1.));
#4906 = DIRECTION('',(1.,0.,-0.));
#4907 = ADVANCED_FACE('',(#4908),#4927,.F.);
#4908 = FACE_BOUND('',#4909,.F.);
#4909 = EDGE_LOOP('',(#4910,#4918,#4925,#4926));
#4910 = ORIENTED_EDGE('',*,*,#4911,.T.);
#4911 = EDGE_CURVE('',#3289,#4912,#4914,.T.);
#4912 = VERTEX_POINT('',#4913);
#4913 = CARTESIAN_POINT('',(-36.1,-37.4,-3.));
#4914 = LINE('',#4915,#4916);
#4915 = CARTESIAN_POINT('',(-36.1,-37.4,-10.));
#4916 = VECTOR('',#4917,1.);
#4917 = DIRECTION('',(0.,0.,1.));
#4918 = ORIENTED_EDGE('',*,*,#4919,.F.);
#4919 = EDGE_CURVE('',#4912,#4912,#4920,.T.);
#4920 = CIRCLE('',#4921,1.3);
#4921 = AXIS2_PLACEMENT_3D('',#4922,#4923,#4924);
#4922 = CARTESIAN_POINT('',(-37.4,-37.4,-3.));
#4923 = DIRECTION('',(0.,0.,1.));
#4924 = DIRECTION('',(1.,0.,-0.));
#4925 = ORIENTED_EDGE('',*,*,#4911,.F.);
#4926 = ORIENTED_EDGE('',*,*,#3288,.T.);
#4927 = CYLINDRICAL_SURFACE('',#4928,1.3);
#4928 = AXIS2_PLACEMENT_3D('',#4929,#4930,#4931);
#4929 = CARTESIAN_POINT('',(-37.4,-37.4,-10.));
#4930 = DIRECTION('',(0.,0.,1.));
#4931 = DIRECTION('',(1.,0.,-0.));
#4932 = ADVANCED_FACE('',(#4933),#4952,.F.);
#4933 = FACE_BOUND('',#4934,.F.);
#4934 = EDGE_LOOP('',(#4935,#4943,#4950,#4951));
#4935 = ORIENTED_EDGE('',*,*,#4936,.T.);
#4936 = EDGE_CURVE('',#3300,#4937,#4939,.T.);
#4937 = VERTEX_POINT('',#4938);
#4938 = CARTESIAN_POINT('',(38.7,37.4,-3.));
#4939 = LINE('',#4940,#4941);
#4940 = CARTESIAN_POINT('',(38.7,37.4,-10.));
#4941 = VECTOR('',#4942,1.);
#4942 = DIRECTION('',(0.,0.,1.));
#4943 = ORIENTED_EDGE('',*,*,#4944,.F.);
#4944 = EDGE_CURVE('',#4937,#4937,#4945,.T.);
#4945 = CIRCLE('',#4946,1.3);
#4946 = AXIS2_PLACEMENT_3D('',#4947,#4948,#4949);
#4947 = CARTESIAN_POINT('',(37.4,37.4,-3.));
#4948 = DIRECTION('',(0.,0.,1.));
#4949 = DIRECTION('',(1.,0.,-0.));
#4950 = ORIENTED_EDGE('',*,*,#4936,.F.);
#4951 = ORIENTED_EDGE('',*,*,#3299,.T.);
#4952 = CYLINDRICAL_SURFACE('',#4953,1.3);
#4953 = AXIS2_PLACEMENT_3D('',#4954,#4955,#4956);
#4954 = CARTESIAN_POINT('',(37.4,37.4,-10.));
#4955 = DIRECTION('',(0.,0.,1.));
#4956 = DIRECTION('',(1.,0.,-0.));
#4957 = ADVANCED_FACE('',(#4958),#4977,.F.);
#4958 = FACE_BOUND('',#4959,.F.);
#4959 = EDGE_LOOP('',(#4960,#4968,#4975,#4976));
#4960 = ORIENTED_EDGE('',*,*,#4961,.T.);
#4961 = EDGE_CURVE('',#3311,#4962,#4964,.T.);
#4962 = VERTEX_POINT('',#4963);
#4963 = CARTESIAN_POINT('',(-36.1,37.4,-3.));
#4964 = LINE('',#4965,#4966);
#4965 = CARTESIAN_POINT('',(-36.1,37.4,-10.));
#4966 = VECTOR('',#4967,1.);
#4967 = DIRECTION('',(0.,0.,1.));
#4968 = ORIENTED_EDGE('',*,*,#4969,.F.);
#4969 = EDGE_CURVE('',#4962,#4962,#4970,.T.);
#4970 = CIRCLE('',#4971,1.3);
#4971 = AXIS2_PLACEMENT_3D('',#4972,#4973,#4974);
#4972 = CARTESIAN_POINT('',(-37.4,37.4,-3.));
#4973 = DIRECTION('',(0.,0.,1.));
#4974 = DIRECTION('',(1.,0.,-0.));
#4975 = ORIENTED_EDGE('',*,*,#4961,.F.);
#4976 = ORIENTED_EDGE('',*,*,#3310,.T.);
#4977 = CYLINDRICAL_SURFACE('',#4978,1.3);
#4978 = AXIS2_PLACEMENT_3D('',#4979,#4980,#4981);
#4979 = CARTESIAN_POINT('',(-37.4,37.4,-10.));
#4980 = DIRECTION('',(0.,0.,1.));
#4981 = DIRECTION('',(1.,0.,-0.));
#4982 = ADVANCED_FACE('',(#4983,#5051),#5061,.F.);
#4983 = FACE_BOUND('',#4984,.F.);
#4984 = EDGE_LOOP('',(#4985,#4986,#4987,#4995,#5003,#5009,#5010,#5011,
    #5019,#5028,#5036,#5045));
#4985 = ORIENTED_EDGE('',*,*,#4086,.T.);
#4986 = ORIENTED_EDGE('',*,*,#4129,.T.);
#4987 = ORIENTED_EDGE('',*,*,#4988,.T.);
#4988 = EDGE_CURVE('',#4130,#4989,#4991,.T.);
#4989 = VERTEX_POINT('',#4990);
#4990 = CARTESIAN_POINT('',(-9.89,-28.5,-5.5));
#4991 = LINE('',#4992,#4993);
#4992 = CARTESIAN_POINT('',(-9.89,-14.705,-5.5));
#4993 = VECTOR('',#4994,1.);
#4994 = DIRECTION('',(-0.,1.,0.));
#4995 = ORIENTED_EDGE('',*,*,#4996,.F.);
#4996 = EDGE_CURVE('',#4997,#4989,#4999,.T.);
#4997 = VERTEX_POINT('',#4998);
#4998 = CARTESIAN_POINT('',(4.05,-28.5,-5.5));
#4999 = LINE('',#5000,#5001);
#5000 = CARTESIAN_POINT('',(-4.945,-28.5,-5.5));
#5001 = VECTOR('',#5002,1.);
#5002 = DIRECTION('',(-1.,-0.,0.));
#5003 = ORIENTED_EDGE('',*,*,#5004,.F.);
#5004 = EDGE_CURVE('',#4148,#4997,#5005,.T.);
#5005 = LINE('',#5006,#5007);
#5006 = CARTESIAN_POINT('',(4.05,-14.705,-5.5));
#5007 = VECTOR('',#5008,1.);
#5008 = DIRECTION('',(-0.,1.,0.));
#5009 = ORIENTED_EDGE('',*,*,#4147,.T.);
#5010 = ORIENTED_EDGE('',*,*,#4185,.T.);
#5011 = ORIENTED_EDGE('',*,*,#5012,.T.);
#5012 = EDGE_CURVE('',#4186,#5013,#5015,.T.);
#5013 = VERTEX_POINT('',#5014);
#5014 = CARTESIAN_POINT('',(29.4,26.8,-5.5));
#5015 = LINE('',#5016,#5017);
#5016 = CARTESIAN_POINT('',(29.4,-26.8,-5.5));
#5017 = VECTOR('',#5018,1.);
#5018 = DIRECTION('',(0.,1.,0.));
#5019 = ORIENTED_EDGE('',*,*,#5020,.T.);
#5020 = EDGE_CURVE('',#5013,#5021,#5023,.T.);
#5021 = VERTEX_POINT('',#5022);
#5022 = CARTESIAN_POINT('',(26.8,29.4,-5.5));
#5023 = CIRCLE('',#5024,2.6);
#5024 = AXIS2_PLACEMENT_3D('',#5025,#5026,#5027);
#5025 = CARTESIAN_POINT('',(26.8,26.8,-5.5));
#5026 = DIRECTION('',(0.,0.,1.));
#5027 = DIRECTION('',(1.,2.732856676E-15,-0.));
#5028 = ORIENTED_EDGE('',*,*,#5029,.T.);
#5029 = EDGE_CURVE('',#5021,#5030,#5032,.T.);
#5030 = VERTEX_POINT('',#5031);
#5031 = CARTESIAN_POINT('',(-26.8,29.4,-5.5));
#5032 = LINE('',#5033,#5034);
#5033 = CARTESIAN_POINT('',(26.8,29.4,-5.5));
#5034 = VECTOR('',#5035,1.);
#5035 = DIRECTION('',(-1.,0.,0.));
#5036 = ORIENTED_EDGE('',*,*,#5037,.T.);
#5037 = EDGE_CURVE('',#5030,#5038,#5040,.T.);
#5038 = VERTEX_POINT('',#5039);
#5039 = CARTESIAN_POINT('',(-29.4,26.8,-5.5));
#5040 = CIRCLE('',#5041,2.6);
#5041 = AXIS2_PLACEMENT_3D('',#5042,#5043,#5044);
#5042 = CARTESIAN_POINT('',(-26.8,26.8,-5.5));
#5043 = DIRECTION('',(0.,0.,1.));
#5044 = DIRECTION('',(-2.732856676E-15,1.,0.));
#5045 = ORIENTED_EDGE('',*,*,#5046,.T.);
#5046 = EDGE_CURVE('',#5038,#4087,#5047,.T.);
#5047 = LINE('',#5048,#5049);
#5048 = CARTESIAN_POINT('',(-29.4,26.8,-5.5));
#5049 = VECTOR('',#5050,1.);
#5050 = DIRECTION('',(0.,-1.,0.));
#5051 = FACE_BOUND('',#5052,.F.);
#5052 = EDGE_LOOP('',(#5053,#5054,#5055,#5056,#5057,#5058,#5059,#5060));
#5053 = ORIENTED_EDGE('',*,*,#3743,.T.);
#5054 = ORIENTED_EDGE('',*,*,#3922,.T.);
#5055 = ORIENTED_EDGE('',*,*,#3897,.T.);
#5056 = ORIENTED_EDGE('',*,*,#3873,.T.);
#5057 = ORIENTED_EDGE('',*,*,#3848,.T.);
#5058 = ORIENTED_EDGE('',*,*,#3824,.T.);
#5059 = ORIENTED_EDGE('',*,*,#3799,.T.);
#5060 = ORIENTED_EDGE('',*,*,#3775,.T.);
#5061 = PLANE('',#5062);
#5062 = AXIS2_PLACEMENT_3D('',#5063,#5064,#5065);
#5063 = CARTESIAN_POINT('',(-2.003262461111E-16,7.85895273205E-16,-5.5)
  );
#5064 = DIRECTION('',(0.,0.,1.));
#5065 = DIRECTION('',(1.,0.,-0.));
#5066 = ADVANCED_FACE('',(#5067),#5095,.F.);
#5067 = FACE_BOUND('',#5068,.F.);
#5068 = EDGE_LOOP('',(#5069,#5076,#5077,#5078,#5079,#5086));
#5069 = ORIENTED_EDGE('',*,*,#5070,.F.);
#5070 = EDGE_CURVE('',#4672,#5071,#5073,.T.);
#5071 = VERTEX_POINT('',#5072);
#5072 = CARTESIAN_POINT('',(-29.39860696016,26.885099157401,
    -1.036020807366));
#5073 = B_SPLINE_CURVE_WITH_KNOTS('',1,(#5074,#5075),.UNSPECIFIED.,.F.,
  .F.,(2,2),(0.,1.),.PIECEWISE_BEZIER_KNOTS.);
#5074 = CARTESIAN_POINT('',(-40.25,36.25,-5.));
#5075 = CARTESIAN_POINT('',(-29.3,26.8,-1.));
#5076 = ORIENTED_EDGE('',*,*,#4684,.F.);
#5077 = ORIENTED_EDGE('',*,*,#3939,.T.);
#5078 = ORIENTED_EDGE('',*,*,#4105,.T.);
#5079 = ORIENTED_EDGE('',*,*,#5080,.T.);
#5080 = EDGE_CURVE('',#4098,#5081,#5083,.T.);
#5081 = VERTEX_POINT('',#5082);
#5082 = CARTESIAN_POINT('',(-29.4,26.8,-1.036529680365));
#5083 = B_SPLINE_CURVE_WITH_KNOTS('',1,(#5084,#5085),.UNSPECIFIED.,.F.,
  .F.,(2,2),(0.,1.),.PIECEWISE_BEZIER_KNOTS.);
#5084 = CARTESIAN_POINT('',(-29.4,-26.8,-1.036529680365));
#5085 = CARTESIAN_POINT('',(-29.4,26.8,-1.036529680365));
#5086 = ORIENTED_EDGE('',*,*,#5087,.T.);
#5087 = EDGE_CURVE('',#5081,#5071,#5088,.T.);
#5088 = B_SPLINE_CURVE_WITH_KNOTS('',3,(#5089,#5090,#5091,#5092,#5093,
    #5094),.UNSPECIFIED.,.F.,.F.,(4,1,1,4),(0.,0.180513915826,
    0.80362406036,1.),.UNSPECIFIED.);
#5089 = CARTESIAN_POINT('',(-29.4,26.8,-1.036529680365));
#5090 = CARTESIAN_POINT('',(-29.4,26.805157339871,-1.036529680365));
#5091 = CARTESIAN_POINT('',(-29.39993152159,26.828137227918,
    -1.036504665423));
#5092 = CARTESIAN_POINT('',(-29.39946968563,26.856508008371,
    -1.036335958224));
#5093 = CARTESIAN_POINT('',(-29.39878807507,26.879568591746,
    -1.036086968065));
#5094 = CARTESIAN_POINT('',(-29.39860696016,26.885099157401,
    -1.036020807366));
#5095 = B_SPLINE_SURFACE_WITH_KNOTS('',1,1,(
    (#5096,#5097)
    ,(#5098,#5099
    )),.UNSPECIFIED.,.F.,.F.,.F.,(2,2),(2,2),(0.,72.5),(0.,1.),
  .PIECEWISE_BEZIER_KNOTS.);
#5096 = CARTESIAN_POINT('',(-40.25,36.25,-5.));
#5097 = CARTESIAN_POINT('',(-29.3,26.8,-1.));
#5098 = CARTESIAN_POINT('',(-40.25,-36.25,-5.));
#5099 = CARTESIAN_POINT('',(-29.3,-26.8,-1.));
#5100 = ADVANCED_FACE('',(#5101),#5112,.F.);
#5101 = FACE_BOUND('',#5102,.F.);
#5102 = EDGE_LOOP('',(#5103,#5104,#5110,#5111));
#5103 = ORIENTED_EDGE('',*,*,#5046,.F.);
#5104 = ORIENTED_EDGE('',*,*,#5105,.T.);
#5105 = EDGE_CURVE('',#5038,#5081,#5106,.T.);
#5106 = LINE('',#5107,#5108);
#5107 = CARTESIAN_POINT('',(-29.4,26.8,-5.5));
#5108 = VECTOR('',#5109,1.);
#5109 = DIRECTION('',(0.,0.,1.));
#5110 = ORIENTED_EDGE('',*,*,#5080,.F.);
#5111 = ORIENTED_EDGE('',*,*,#4097,.F.);
#5112 = PLANE('',#5113);
#5113 = AXIS2_PLACEMENT_3D('',#5114,#5115,#5116);
#5114 = CARTESIAN_POINT('',(-29.4,26.8,-5.5));
#5115 = DIRECTION('',(1.,0.,-0.));
#5116 = DIRECTION('',(0.,-1.,0.));
#5117 = ADVANCED_FACE('',(#5118),#5136,.T.);
#5118 = FACE_BOUND('',#5119,.T.);
#5119 = EDGE_LOOP('',(#5120,#5128,#5129,#5130));
#5120 = ORIENTED_EDGE('',*,*,#5121,.F.);
#5121 = EDGE_CURVE('',#4164,#5122,#5124,.T.);
#5122 = VERTEX_POINT('',#5123);
#5123 = CARTESIAN_POINT('',(-9.89,-28.5,-3.2));
#5124 = LINE('',#5125,#5126);
#5125 = CARTESIAN_POINT('',(-9.89,-29.41,-3.2));
#5126 = VECTOR('',#5127,1.);
#5127 = DIRECTION('',(-0.,1.,0.));
#5128 = ORIENTED_EDGE('',*,*,#4171,.T.);
#5129 = ORIENTED_EDGE('',*,*,#4988,.T.);
#5130 = ORIENTED_EDGE('',*,*,#5131,.T.);
#5131 = EDGE_CURVE('',#4989,#5122,#5132,.T.);
#5132 = LINE('',#5133,#5134);
#5133 = CARTESIAN_POINT('',(-9.89,-28.5,-5.6));
#5134 = VECTOR('',#5135,1.);
#5135 = DIRECTION('',(0.,0.,1.));
#5136 = PLANE('',#5137);
#5137 = AXIS2_PLACEMENT_3D('',#5138,#5139,#5140);
#5138 = CARTESIAN_POINT('',(-9.89,-29.41,-5.6));
#5139 = DIRECTION('',(1.,0.,-0.));
#5140 = DIRECTION('',(0.,0.,1.));
#5141 = ADVANCED_FACE('',(#5142),#5160,.F.);
#5142 = FACE_BOUND('',#5143,.F.);
#5143 = EDGE_LOOP('',(#5144,#5145,#5146,#5154));
#5144 = ORIENTED_EDGE('',*,*,#5121,.F.);
#5145 = ORIENTED_EDGE('',*,*,#4163,.T.);
#5146 = ORIENTED_EDGE('',*,*,#5147,.T.);
#5147 = EDGE_CURVE('',#4156,#5148,#5150,.T.);
#5148 = VERTEX_POINT('',#5149);
#5149 = CARTESIAN_POINT('',(4.05,-28.5,-3.2));
#5150 = LINE('',#5151,#5152);
#5151 = CARTESIAN_POINT('',(4.05,-29.41,-3.2));
#5152 = VECTOR('',#5153,1.);
#5153 = DIRECTION('',(-0.,1.,0.));
#5154 = ORIENTED_EDGE('',*,*,#5155,.F.);
#5155 = EDGE_CURVE('',#5122,#5148,#5156,.T.);
#5156 = LINE('',#5157,#5158);
#5157 = CARTESIAN_POINT('',(-9.89,-28.5,-3.2));
#5158 = VECTOR('',#5159,1.);
#5159 = DIRECTION('',(1.,0.,-0.));
#5160 = PLANE('',#5161);
#5161 = AXIS2_PLACEMENT_3D('',#5162,#5163,#5164);
#5162 = CARTESIAN_POINT('',(-9.89,-29.41,-3.2));
#5163 = DIRECTION('',(0.,0.,1.));
#5164 = DIRECTION('',(1.,0.,-0.));
#5165 = ADVANCED_FACE('',(#5166),#5177,.F.);
#5166 = FACE_BOUND('',#5167,.F.);
#5167 = EDGE_LOOP('',(#5168,#5169,#5170,#5171));
#5168 = ORIENTED_EDGE('',*,*,#5147,.F.);
#5169 = ORIENTED_EDGE('',*,*,#4155,.T.);
#5170 = ORIENTED_EDGE('',*,*,#5004,.T.);
#5171 = ORIENTED_EDGE('',*,*,#5172,.T.);
#5172 = EDGE_CURVE('',#4997,#5148,#5173,.T.);
#5173 = LINE('',#5174,#5175);
#5174 = CARTESIAN_POINT('',(4.05,-28.5,-5.6));
#5175 = VECTOR('',#5176,1.);
#5176 = DIRECTION('',(0.,0.,1.));
#5177 = PLANE('',#5178);
#5178 = AXIS2_PLACEMENT_3D('',#5179,#5180,#5181);
#5179 = CARTESIAN_POINT('',(4.05,-29.41,-5.6));
#5180 = DIRECTION('',(1.,0.,-0.));
#5181 = DIRECTION('',(0.,0.,1.));
#5182 = ADVANCED_FACE('',(#5183),#5200,.F.);
#5183 = FACE_BOUND('',#5184,.F.);
#5184 = EDGE_LOOP('',(#5185,#5186,#5187,#5194));
#5185 = ORIENTED_EDGE('',*,*,#5012,.F.);
#5186 = ORIENTED_EDGE('',*,*,#4234,.T.);
#5187 = ORIENTED_EDGE('',*,*,#5188,.F.);
#5188 = EDGE_CURVE('',#5189,#4224,#5191,.T.);
#5189 = VERTEX_POINT('',#5190);
#5190 = CARTESIAN_POINT('',(29.4,26.8,-1.036529680365));
#5191 = B_SPLINE_CURVE_WITH_KNOTS('',1,(#5192,#5193),.UNSPECIFIED.,.F.,
  .F.,(2,2),(0.,1.),.PIECEWISE_BEZIER_KNOTS.);
#5192 = CARTESIAN_POINT('',(29.4,26.8,-1.036529680365));
#5193 = CARTESIAN_POINT('',(29.4,-26.8,-1.036529680365));
#5194 = ORIENTED_EDGE('',*,*,#5195,.F.);
#5195 = EDGE_CURVE('',#5013,#5189,#5196,.T.);
#5196 = LINE('',#5197,#5198);
#5197 = CARTESIAN_POINT('',(29.4,26.8,-5.5));
#5198 = VECTOR('',#5199,1.);
#5199 = DIRECTION('',(0.,0.,1.));
#5200 = PLANE('',#5201);
#5201 = AXIS2_PLACEMENT_3D('',#5202,#5203,#5204);
#5202 = CARTESIAN_POINT('',(29.4,-26.8,-5.5));
#5203 = DIRECTION('',(-1.,0.,0.));
#5204 = DIRECTION('',(0.,1.,0.));
#5205 = ADVANCED_FACE('',(#5206),#5227,.F.);
#5206 = FACE_BOUND('',#5207,.F.);
#5207 = EDGE_LOOP('',(#5208,#5209,#5210,#5217,#5225,#5226));
#5208 = ORIENTED_EDGE('',*,*,#4347,.F.);
#5209 = ORIENTED_EDGE('',*,*,#4554,.F.);
#5210 = ORIENTED_EDGE('',*,*,#5211,.T.);
#5211 = EDGE_CURVE('',#4555,#5212,#5214,.T.);
#5212 = VERTEX_POINT('',#5213);
#5213 = CARTESIAN_POINT('',(29.398606960163,26.885099157401,
    -1.036020807366));
#5214 = B_SPLINE_CURVE_WITH_KNOTS('',1,(#5215,#5216),.UNSPECIFIED.,.F.,
  .F.,(2,2),(0.,1.),.PIECEWISE_BEZIER_KNOTS.);
#5215 = CARTESIAN_POINT('',(40.25,36.25,-5.));
#5216 = CARTESIAN_POINT('',(29.3,26.8,-1.));
#5217 = ORIENTED_EDGE('',*,*,#5218,.T.);
#5218 = EDGE_CURVE('',#5212,#5189,#5219,.T.);
#5219 = B_SPLINE_CURVE_WITH_KNOTS('',3,(#5220,#5221,#5222,#5223,#5224),
  .UNSPECIFIED.,.F.,.F.,(4,1,4),(0.,0.621853934289,1.),.UNSPECIFIED.);
#5220 = CARTESIAN_POINT('',(29.398606960163,26.885099157401,
    -1.036020807366));
#5221 = CARTESIAN_POINT('',(29.399182528407,26.867523476399,
    -1.036231060605));
#5222 = CARTESIAN_POINT('',(29.399820467714,26.839398270435,
    -1.036464097795));
#5223 = CARTESIAN_POINT('',(29.4,26.810785348497,-1.036529680365));
#5224 = CARTESIAN_POINT('',(29.4,26.8,-1.036529680365));
#5225 = ORIENTED_EDGE('',*,*,#5188,.T.);
#5226 = ORIENTED_EDGE('',*,*,#4223,.T.);
#5227 = B_SPLINE_SURFACE_WITH_KNOTS('',1,1,(
    (#5228,#5229)
    ,(#5230,#5231
    )),.UNSPECIFIED.,.F.,.F.,.F.,(2,2),(2,2),(0.,72.5),(0.,1.),
  .PIECEWISE_BEZIER_KNOTS.);
#5228 = CARTESIAN_POINT('',(40.25,-36.25,-5.));
#5229 = CARTESIAN_POINT('',(29.3,-26.8,-1.));
#5230 = CARTESIAN_POINT('',(40.25,36.25,-5.));
#5231 = CARTESIAN_POINT('',(29.3,26.8,-1.));
#5232 = ADVANCED_FACE('',(#5233),#5239,.F.);
#5233 = FACE_BOUND('',#5234,.F.);
#5234 = EDGE_LOOP('',(#5235,#5236,#5237,#5238));
#5235 = ORIENTED_EDGE('',*,*,#4481,.F.);
#5236 = ORIENTED_EDGE('',*,*,#4612,.T.);
#5237 = ORIENTED_EDGE('',*,*,#4426,.T.);
#5238 = ORIENTED_EDGE('',*,*,#4449,.F.);
#5239 = PLANE('',#5240);
#5240 = AXIS2_PLACEMENT_3D('',#5241,#5242,#5243);
#5241 = CARTESIAN_POINT('',(-9.89,-39.65,-3.2));
#5242 = DIRECTION('',(0.,0.,1.));
#5243 = DIRECTION('',(1.,0.,-0.));
#5244 = ADVANCED_FACE('',(#5245),#5248,.F.);
#5245 = FACE_BOUND('',#5246,.F.);
#5246 = EDGE_LOOP('',(#5247));
#5247 = ORIENTED_EDGE('',*,*,#4521,.T.);
#5248 = PLANE('',#5249);
#5249 = AXIS2_PLACEMENT_3D('',#5250,#5251,#5252);
#5250 = CARTESIAN_POINT('',(37.4,-37.4,-3.));
#5251 = DIRECTION('',(0.,0.,1.));
#5252 = DIRECTION('',(1.,0.,-0.));
#5253 = ADVANCED_FACE('',(#5254),#5292,.F.);
#5254 = FACE_BOUND('',#5255,.F.);
#5255 = EDGE_LOOP('',(#5256,#5257,#5258,#5259,#5260,#5267));
#5256 = ORIENTED_EDGE('',*,*,#5211,.F.);
#5257 = ORIENTED_EDGE('',*,*,#4561,.F.);
#5258 = ORIENTED_EDGE('',*,*,#4833,.T.);
#5259 = ORIENTED_EDGE('',*,*,#4791,.T.);
#5260 = ORIENTED_EDGE('',*,*,#5261,.T.);
#5261 = EDGE_CURVE('',#4792,#5262,#5264,.T.);
#5262 = VERTEX_POINT('',#5263);
#5263 = CARTESIAN_POINT('',(26.885099157401,29.398606960163,
    -1.036020807366));
#5264 = B_SPLINE_CURVE_WITH_KNOTS('',1,(#5265,#5266),.UNSPECIFIED.,.F.,
  .F.,(2,2),(0.,1.),.PIECEWISE_BEZIER_KNOTS.);
#5265 = CARTESIAN_POINT('',(36.25,40.25,-5.));
#5266 = CARTESIAN_POINT('',(26.8,29.3,-1.));
#5267 = ORIENTED_EDGE('',*,*,#5268,.T.);
#5268 = EDGE_CURVE('',#5262,#5212,#5269,.T.);
#5269 = B_SPLINE_CURVE_WITH_KNOTS('',6,(#5270,#5271,#5272,#5273,#5274,
    #5275,#5276,#5277,#5278,#5279,#5280,#5281,#5282,#5283,#5284,#5285,
    #5286,#5287,#5288,#5289,#5290,#5291),.UNSPECIFIED.,.F.,.F.,(7,5,5,5,
    7),(0.,0.133773806522,0.499999962394,0.8658614361,1.),
  .UNSPECIFIED.);
#5270 = CARTESIAN_POINT('',(26.885099157401,29.398606960163,
    -1.036020807366));
#5271 = CARTESIAN_POINT('',(26.97210104054,29.395757823275,
    -1.034980026767));
#5272 = CARTESIAN_POINT('',(27.059035694726,29.389411700143,
    -1.034057541363));
#5273 = CARTESIAN_POINT('',(27.145717549718,29.379567691218,
    -1.033233865859));
#5274 = CARTESIAN_POINT('',(27.231964335754,29.366238734218,
    -1.032495236441));
#5275 = CARTESIAN_POINT('',(27.317596573159,29.349450933258,
    -1.031831642637));
#5276 = CARTESIAN_POINT('',(27.634700812864,29.273920288332,
    -1.02960107367));
#5277 = CARTESIAN_POINT('',(27.86107558069,29.192953074947,
    -1.028467648689));
#5278 = CARTESIAN_POINT('',(28.077840171223,29.087139330176,
    -1.027672489913));
#5279 = CARTESIAN_POINT('',(28.281641817162,28.957997229994,
    -1.027164641764));
#5280 = CARTESIAN_POINT('',(28.469405333627,28.807549935383,
    -1.026910080613));
#5281 = CARTESIAN_POINT('',(28.80738164338,28.469573611958,
    -1.026910080706));
#5282 = CARTESIAN_POINT('',(28.957697543909,28.282015756469,
    -1.027164133663));
#5283 = CARTESIAN_POINT('',(29.086753416723,28.078449049574,
    -1.027670977272));
#5284 = CARTESIAN_POINT('',(29.192531436569,27.861939000451,
    -1.028464478588));
#5285 = CARTESIAN_POINT('',(29.27351687597,27.635827868223,
    -1.029595435458));
#5286 = CARTESIAN_POINT('',(29.349221804304,27.318763969222,
    -1.031822600804));
#5287 = CARTESIAN_POINT('',(29.366093205716,27.232904973818,
    -1.032487184834));
#5288 = CARTESIAN_POINT('',(29.379487089823,27.146426597344,
    -1.033227130678));
#5289 = CARTESIAN_POINT('',(29.389377066639,27.059509774678,
    -1.034052511254));
#5290 = CARTESIAN_POINT('',(29.395750054719,26.972338262936,
    -1.034977188938));
#5291 = CARTESIAN_POINT('',(29.398606960163,26.885099157401,
    -1.036020807366));
#5292 = B_SPLINE_SURFACE_WITH_KNOTS('',8,1,(
    (#5293,#5294)
    ,(#5295,#5296)
    ,(#5297,#5298)
    ,(#5299,#5300)
    ,(#5301,#5302)
    ,(#5303,#5304)
    ,(#5305,#5306)
    ,(#5307,#5308)
    ,(#5309,#5310
    )),.UNSPECIFIED.,.F.,.F.,.F.,(9,9),(2,2),(0.,1.570796326795),(0.,1.)
  ,.PIECEWISE_BEZIER_KNOTS.);
#5293 = CARTESIAN_POINT('',(40.25,36.25,-5.));
#5294 = CARTESIAN_POINT('',(29.3,26.8,-1.));
#5295 = CARTESIAN_POINT('',(40.25,37.035398163397,-5.));
#5296 = CARTESIAN_POINT('',(29.3,27.290873852123,-1.));
#5297 = CARTESIAN_POINT('',(40.073756844155,37.820796574017,-5.));
#5298 = CARTESIAN_POINT('',(29.189848027597,27.781747858761,-1.));
#5299 = CARTESIAN_POINT('',(39.721272263486,38.56005293734,-5.));
#5300 = CARTESIAN_POINT('',(28.969545164679,28.243783085838,-1.));
#5301 = CARTESIAN_POINT('',(39.207035023119,39.20703502312,-5.));
#5302 = CARTESIAN_POINT('',(28.64814688945,28.64814688945,-1.));
#5303 = CARTESIAN_POINT('',(38.560052937341,39.721272263485,-5.));
#5304 = CARTESIAN_POINT('',(28.243783085838,28.969545164678,-1.));
#5305 = CARTESIAN_POINT('',(37.820796574017,40.073756844155,-5.));
#5306 = CARTESIAN_POINT('',(27.78174785876,29.189848027597,-1.));
#5307 = CARTESIAN_POINT('',(37.035398163398,40.25,-5.));
#5308 = CARTESIAN_POINT('',(27.290873852123,29.3,-1.));
#5309 = CARTESIAN_POINT('',(36.25,40.25,-5.));
#5310 = CARTESIAN_POINT('',(26.8,29.3,-1.));
#5311 = ADVANCED_FACE('',(#5312),#5351,.F.);
#5312 = FACE_BOUND('',#5313,.F.);
#5313 = EDGE_LOOP('',(#5314,#5321,#5322,#5323,#5324,#5325,#5326));
#5314 = ORIENTED_EDGE('',*,*,#5315,.F.);
#5315 = EDGE_CURVE('',#4805,#5316,#5318,.T.);
#5316 = VERTEX_POINT('',#5317);
#5317 = CARTESIAN_POINT('',(-26.8850991574,29.398606960163,
    -1.036020807366));
#5318 = B_SPLINE_CURVE_WITH_KNOTS('',1,(#5319,#5320),.UNSPECIFIED.,.F.,
  .F.,(2,2),(0.,1.),.PIECEWISE_BEZIER_KNOTS.);
#5319 = CARTESIAN_POINT('',(-36.25,40.25,-5.));
#5320 = CARTESIAN_POINT('',(-26.8,29.3,-1.));
#5321 = ORIENTED_EDGE('',*,*,#4811,.F.);
#5322 = ORIENTED_EDGE('',*,*,#4756,.T.);
#5323 = ORIENTED_EDGE('',*,*,#4698,.T.);
#5324 = ORIENTED_EDGE('',*,*,#4671,.T.);
#5325 = ORIENTED_EDGE('',*,*,#5070,.T.);
#5326 = ORIENTED_EDGE('',*,*,#5327,.T.);
#5327 = EDGE_CURVE('',#5071,#5316,#5328,.T.);
#5328 = B_SPLINE_CURVE_WITH_KNOTS('',6,(#5329,#5330,#5331,#5332,#5333,
    #5334,#5335,#5336,#5337,#5338,#5339,#5340,#5341,#5342,#5343,#5344,
    #5345,#5346,#5347,#5348,#5349,#5350),.UNSPECIFIED.,.F.,.F.,(7,5,5,5,
    7),(0.,0.133773806522,0.499999962393,0.865861436113,1.),
  .UNSPECIFIED.);
#5329 = CARTESIAN_POINT('',(-29.39860696016,26.885099157401,
    -1.036020807366));
#5330 = CARTESIAN_POINT('',(-29.39575782327,26.97210104054,
    -1.034980026767));
#5331 = CARTESIAN_POINT('',(-29.38941170014,27.059035694726,
    -1.034057541363));
#5332 = CARTESIAN_POINT('',(-29.37956769121,27.145717549718,
    -1.033233865859));
#5333 = CARTESIAN_POINT('',(-29.36623873421,27.231964335754,
    -1.032495236441));
#5334 = CARTESIAN_POINT('',(-29.34945093325,27.317596573159,
    -1.031831642637));
#5335 = CARTESIAN_POINT('',(-29.27392028833,27.634700812864,
    -1.02960107367));
#5336 = CARTESIAN_POINT('',(-29.19295307494,27.861075580689,
    -1.028467648689));
#5337 = CARTESIAN_POINT('',(-29.08713933017,28.077840171223,
    -1.027672489913));
#5338 = CARTESIAN_POINT('',(-28.95799722999,28.281641817161,
    -1.027164641764));
#5339 = CARTESIAN_POINT('',(-28.80754993538,28.469405333627,
    -1.026910080613));
#5340 = CARTESIAN_POINT('',(-28.46957361195,28.807381643386,
    -1.026910080706));
#5341 = CARTESIAN_POINT('',(-28.28201575645,28.95769754392,
    -1.027164133663));
#5342 = CARTESIAN_POINT('',(-28.07844904955,29.086753416737,
    -1.027670977272));
#5343 = CARTESIAN_POINT('',(-27.86193900042,29.192531436584,
    -1.028464478589));
#5344 = CARTESIAN_POINT('',(-27.63582786818,29.273516875984,
    -1.029595435458));
#5345 = CARTESIAN_POINT('',(-27.31876396918,29.349221804312,
    -1.031822600804));
#5346 = CARTESIAN_POINT('',(-27.23290497378,29.366093205721,
    -1.032487184835));
#5347 = CARTESIAN_POINT('',(-27.14642659731,29.379487089826,
    -1.033227130678));
#5348 = CARTESIAN_POINT('',(-27.05950977466,29.38937706664,
    -1.034052511254));
#5349 = CARTESIAN_POINT('',(-26.97233826292,29.395750054719,
    -1.034977188938));
#5350 = CARTESIAN_POINT('',(-26.8850991574,29.398606960163,
    -1.036020807366));
#5351 = B_SPLINE_SURFACE_WITH_KNOTS('',8,1,(
    (#5352,#5353)
    ,(#5354,#5355)
    ,(#5356,#5357)
    ,(#5358,#5359)
    ,(#5360,#5361)
    ,(#5362,#5363)
    ,(#5364,#5365)
    ,(#5366,#5367)
    ,(#5368,#5369
    )),.UNSPECIFIED.,.F.,.F.,.F.,(9,9),(2,2),(0.,1.570796326795),(0.,1.)
  ,.PIECEWISE_BEZIER_KNOTS.);
#5352 = CARTESIAN_POINT('',(-36.25,40.25,-5.));
#5353 = CARTESIAN_POINT('',(-26.8,29.3,-1.));
#5354 = CARTESIAN_POINT('',(-37.03539816339,40.25,-5.));
#5355 = CARTESIAN_POINT('',(-27.29087385212,29.3,-1.));
#5356 = CARTESIAN_POINT('',(-37.82079657401,40.073756844155,-5.));
#5357 = CARTESIAN_POINT('',(-27.78174785876,29.189848027597,-1.));
#5358 = CARTESIAN_POINT('',(-38.56005293734,39.721272263486,-5.));
#5359 = CARTESIAN_POINT('',(-28.24378308583,28.969545164679,-1.));
#5360 = CARTESIAN_POINT('',(-39.20703502312,39.207035023119,-5.));
#5361 = CARTESIAN_POINT('',(-28.64814688945,28.64814688945,-1.));
#5362 = CARTESIAN_POINT('',(-39.72127226348,38.560052937341,-5.));
#5363 = CARTESIAN_POINT('',(-28.96954516467,28.243783085838,-1.));
#5364 = CARTESIAN_POINT('',(-40.07375684415,37.820796574017,-5.));
#5365 = CARTESIAN_POINT('',(-29.18984802759,27.78174785876,-1.));
#5366 = CARTESIAN_POINT('',(-40.25,37.035398163398,-5.));
#5367 = CARTESIAN_POINT('',(-29.3,27.290873852123,-1.));
#5368 = CARTESIAN_POINT('',(-40.25,36.25,-5.));
#5369 = CARTESIAN_POINT('',(-29.3,26.8,-1.));
#5370 = ADVANCED_FACE('',(#5371),#5402,.F.);
#5371 = FACE_BOUND('',#5372,.F.);
#5372 = EDGE_LOOP('',(#5373,#5374,#5375,#5376,#5386,#5393));
#5373 = ORIENTED_EDGE('',*,*,#5261,.F.);
#5374 = ORIENTED_EDGE('',*,*,#4804,.F.);
#5375 = ORIENTED_EDGE('',*,*,#5315,.T.);
#5376 = ORIENTED_EDGE('',*,*,#5377,.T.);
#5377 = EDGE_CURVE('',#5316,#5378,#5380,.T.);
#5378 = VERTEX_POINT('',#5379);
#5379 = CARTESIAN_POINT('',(-26.8,29.4,-1.036529680365));
#5380 = B_SPLINE_CURVE_WITH_KNOTS('',3,(#5381,#5382,#5383,#5384,#5385),
  .UNSPECIFIED.,.F.,.F.,(4,1,4),(0.,0.621853934289,1.),.UNSPECIFIED.);
#5381 = CARTESIAN_POINT('',(-26.8850991574,29.398606960163,
    -1.036020807366));
#5382 = CARTESIAN_POINT('',(-26.86752347639,29.399182528407,
    -1.036231060605));
#5383 = CARTESIAN_POINT('',(-26.83939827043,29.399820467714,
    -1.036464097795));
#5384 = CARTESIAN_POINT('',(-26.81078534849,29.4,-1.036529680365));
#5385 = CARTESIAN_POINT('',(-26.8,29.4,-1.036529680365));
#5386 = ORIENTED_EDGE('',*,*,#5387,.T.);
#5387 = EDGE_CURVE('',#5378,#5388,#5390,.T.);
#5388 = VERTEX_POINT('',#5389);
#5389 = CARTESIAN_POINT('',(26.8,29.4,-1.036529680365));
#5390 = B_SPLINE_CURVE_WITH_KNOTS('',1,(#5391,#5392),.UNSPECIFIED.,.F.,
  .F.,(2,2),(0.,1.),.PIECEWISE_BEZIER_KNOTS.);
#5391 = CARTESIAN_POINT('',(-26.8,29.4,-1.036529680365));
#5392 = CARTESIAN_POINT('',(26.8,29.4,-1.036529680365));
#5393 = ORIENTED_EDGE('',*,*,#5394,.T.);
#5394 = EDGE_CURVE('',#5388,#5262,#5395,.T.);
#5395 = B_SPLINE_CURVE_WITH_KNOTS('',3,(#5396,#5397,#5398,#5399,#5400,
    #5401),.UNSPECIFIED.,.F.,.F.,(4,1,1,4),(0.,0.180513915826,
    0.80362406036,1.),.UNSPECIFIED.);
#5396 = CARTESIAN_POINT('',(26.8,29.4,-1.036529680365));
#5397 = CARTESIAN_POINT('',(26.805157339871,29.4,-1.036529680365));
#5398 = CARTESIAN_POINT('',(26.828137227918,29.399931521596,
    -1.036504665423));
#5399 = CARTESIAN_POINT('',(26.856508008371,29.399469685637,
    -1.036335958224));
#5400 = CARTESIAN_POINT('',(26.879568591746,29.398788075078,
    -1.036086968065));
#5401 = CARTESIAN_POINT('',(26.885099157401,29.398606960163,
    -1.036020807366));
#5402 = B_SPLINE_SURFACE_WITH_KNOTS('',1,1,(
    (#5403,#5404)
    ,(#5405,#5406
    )),.UNSPECIFIED.,.F.,.F.,.F.,(2,2),(2,2),(0.,72.5),(0.,1.),
  .PIECEWISE_BEZIER_KNOTS.);
#5403 = CARTESIAN_POINT('',(36.25,40.25,-5.));
#5404 = CARTESIAN_POINT('',(26.8,29.3,-1.));
#5405 = CARTESIAN_POINT('',(-36.25,40.25,-5.));
#5406 = CARTESIAN_POINT('',(-26.8,29.3,-1.));
#5407 = ADVANCED_FACE('',(#5408),#5411,.F.);
#5408 = FACE_BOUND('',#5409,.F.);
#5409 = EDGE_LOOP('',(#5410));
#5410 = ORIENTED_EDGE('',*,*,#4919,.T.);
#5411 = PLANE('',#5412);
#5412 = AXIS2_PLACEMENT_3D('',#5413,#5414,#5415);
#5413 = CARTESIAN_POINT('',(-37.4,-37.4,-3.));
#5414 = DIRECTION('',(0.,0.,1.));
#5415 = DIRECTION('',(1.,0.,-0.));
#5416 = ADVANCED_FACE('',(#5417),#5420,.F.);
#5417 = FACE_BOUND('',#5418,.F.);
#5418 = EDGE_LOOP('',(#5419));
#5419 = ORIENTED_EDGE('',*,*,#4944,.T.);
#5420 = PLANE('',#5421);
#5421 = AXIS2_PLACEMENT_3D('',#5422,#5423,#5424);
#5422 = CARTESIAN_POINT('',(37.4,37.4,-3.));
#5423 = DIRECTION('',(0.,0.,1.));
#5424 = DIRECTION('',(1.,0.,-0.));
#5425 = ADVANCED_FACE('',(#5426),#5429,.F.);
#5426 = FACE_BOUND('',#5427,.F.);
#5427 = EDGE_LOOP('',(#5428));
#5428 = ORIENTED_EDGE('',*,*,#4969,.T.);
#5429 = PLANE('',#5430);
#5430 = AXIS2_PLACEMENT_3D('',#5431,#5432,#5433);
#5431 = CARTESIAN_POINT('',(-37.4,37.4,-3.));
#5432 = DIRECTION('',(0.,0.,1.));
#5433 = DIRECTION('',(1.,0.,-0.));
#5434 = ADVANCED_FACE('',(#5435),#5448,.T.);
#5435 = FACE_BOUND('',#5436,.F.);
#5436 = EDGE_LOOP('',(#5437,#5438,#5444,#5445,#5446,#5447));
#5437 = ORIENTED_EDGE('',*,*,#5037,.F.);
#5438 = ORIENTED_EDGE('',*,*,#5439,.T.);
#5439 = EDGE_CURVE('',#5030,#5378,#5440,.T.);
#5440 = LINE('',#5441,#5442);
#5441 = CARTESIAN_POINT('',(-26.8,29.4,-5.5));
#5442 = VECTOR('',#5443,1.);
#5443 = DIRECTION('',(0.,0.,1.));
#5444 = ORIENTED_EDGE('',*,*,#5377,.F.);
#5445 = ORIENTED_EDGE('',*,*,#5327,.F.);
#5446 = ORIENTED_EDGE('',*,*,#5087,.F.);
#5447 = ORIENTED_EDGE('',*,*,#5105,.F.);
#5448 = CYLINDRICAL_SURFACE('',#5449,2.6);
#5449 = AXIS2_PLACEMENT_3D('',#5450,#5451,#5452);
#5450 = CARTESIAN_POINT('',(-26.8,26.8,-5.5));
#5451 = DIRECTION('',(-0.,-0.,-1.));
#5452 = DIRECTION('',(-2.732856676E-15,1.,0.));
#5453 = ADVANCED_FACE('',(#5454),#5465,.F.);
#5454 = FACE_BOUND('',#5455,.F.);
#5455 = EDGE_LOOP('',(#5456,#5457,#5463,#5464));
#5456 = ORIENTED_EDGE('',*,*,#5029,.F.);
#5457 = ORIENTED_EDGE('',*,*,#5458,.T.);
#5458 = EDGE_CURVE('',#5021,#5388,#5459,.T.);
#5459 = LINE('',#5460,#5461);
#5460 = CARTESIAN_POINT('',(26.8,29.4,-5.5));
#5461 = VECTOR('',#5462,1.);
#5462 = DIRECTION('',(0.,0.,1.));
#5463 = ORIENTED_EDGE('',*,*,#5387,.F.);
#5464 = ORIENTED_EDGE('',*,*,#5439,.F.);
#5465 = PLANE('',#5466);
#5466 = AXIS2_PLACEMENT_3D('',#5467,#5468,#5469);
#5467 = CARTESIAN_POINT('',(26.8,29.4,-5.5));
#5468 = DIRECTION('',(0.,-1.,0.));
#5469 = DIRECTION('',(-1.,0.,0.));
#5470 = ADVANCED_FACE('',(#5471),#5479,.T.);
#5471 = FACE_BOUND('',#5472,.F.);
#5472 = EDGE_LOOP('',(#5473,#5474,#5475,#5476,#5477,#5478));
#5473 = ORIENTED_EDGE('',*,*,#5020,.F.);
#5474 = ORIENTED_EDGE('',*,*,#5195,.T.);
#5475 = ORIENTED_EDGE('',*,*,#5218,.F.);
#5476 = ORIENTED_EDGE('',*,*,#5268,.F.);
#5477 = ORIENTED_EDGE('',*,*,#5394,.F.);
#5478 = ORIENTED_EDGE('',*,*,#5458,.F.);
#5479 = CYLINDRICAL_SURFACE('',#5480,2.6);
#5480 = AXIS2_PLACEMENT_3D('',#5481,#5482,#5483);
#5481 = CARTESIAN_POINT('',(26.8,26.8,-5.5));
#5482 = DIRECTION('',(-0.,-0.,-1.));
#5483 = DIRECTION('',(1.,2.732856676E-15,-0.));
#5484 = ADVANCED_FACE('',(#5485),#5491,.F.);
#5485 = FACE_BOUND('',#5486,.F.);
#5486 = EDGE_LOOP('',(#5487,#5488,#5489,#5490));
#5487 = ORIENTED_EDGE('',*,*,#5172,.F.);
#5488 = ORIENTED_EDGE('',*,*,#4996,.T.);
#5489 = ORIENTED_EDGE('',*,*,#5131,.T.);
#5490 = ORIENTED_EDGE('',*,*,#5155,.T.);
#5491 = PLANE('',#5492);
#5492 = AXIS2_PLACEMENT_3D('',#5493,#5494,#5495);
#5493 = CARTESIAN_POINT('',(-9.89,-28.5,-5.6));
#5494 = DIRECTION('',(-0.,1.,0.));
#5495 = DIRECTION('',(0.,0.,1.));
#5496 = ( GEOMETRIC_REPRESENTATION_CONTEXT(3) 
GLOBAL_UNCERTAINTY_ASSIGNED_CONTEXT((#5500)) 
GLOBAL_UNIT_ASSIGNED_CONTEXT((#5497,#5498,#5499)) REPRESENTATION_CONTEXT
('Context #1','3D Context with UNIT and UNCERTAINTY') );
#5497 = ( LENGTH_UNIT() NAMED_UNIT(*) SI_UNIT(.MILLI.,.METRE.) );
#5498 = ( NAMED_UNIT(*) PLANE_ANGLE_UNIT() SI_UNIT($,.RADIAN.) );
#5499 = ( NAMED_UNIT(*) SI_UNIT($,.STERADIAN.) SOLID_ANGLE_UNIT() );
#5500 = UNCERTAINTY_MEASURE_WITH_UNIT(LENGTH_MEASURE(2.E-06),#5497,
  'distance_accuracy_value','confusion accuracy');
#5501 = PRODUCT_RELATED_PRODUCT_CATEGORY('part',$,(#7));
ENDSEC;
END-ISO-10303-21;
